cve_ageb,alcaldia,POBTOT,POBFEM,POBMAS,PHOG_IND,P3YM_HLI,P3HLINHE,P3HLI_HE,P5_HLI,P_3YMAS,P_5YMAS,P_15YMAS,PSINDER,GRAPROES,tasa_phog_ind,tasa_p3ym_hli,tasa_p3hlinhe,tasa_p3hli_he,tasa_p5_hli,tasa_psinder
0900200010769,Azcapotzalco,5172,2758,2414,57,25,0,19,25,4937,4807,4103,1290,10.18,1.1,0.51,0.0,0.38,0.52,24.94
0900200010576,Azcapotzalco,3243,1682,1561,92,45,0,39,44,3082,2987,2545,932,10.43,2.84,1.46,0.0,1.27,1.47,28.74
090020001081A,Azcapotzalco,3260,1735,1525,58,27,0,25,27,2997,2935,2570,882,12.27,1.78,0.9,0.0,0.83,0.92,27.06
0900200010415,Azcapotzalco,4280,2315,1965,43,23,0,14,23,4026,3921,3416,998,11.42,1.0,0.57,0.0,0.35,0.59,23.32
0900200010881,Azcapotzalco,5625,2913,2712,105,34,0,31,32,5271,5094,4174,1556,9.35,1.87,0.65,0.0,0.59,0.63,27.66
0900200010877,Azcapotzalco,804,405,399,24,11,0,11,11,765,739,621,262,9.1,2.99,1.44,0.0,1.44,1.49,32.59
0900200010222,Azcapotzalco,6901,3615,3286,87,43,0,30,41,6559,6383,5328,2009,10.32,1.26,0.66,0.0,0.46,0.64,29.11
0900200010326,Azcapotzalco,7255,3824,3431,112,43,0,30,43,6935,6738,5691,1687,11.39,1.54,0.62,0.0,0.43,0.64,23.25
090020001035A,Azcapotzalco,4788,2482,2306,45,24,0,17,24,4544,4403,3673,971,10.69,0.94,0.53,0.0,0.37,0.55,20.28
0900200011004,Azcapotzalco,6765,3475,3290,110,49,0,46,49,6363,6167,5135,1646,10.77,1.63,0.77,0.0,0.72,0.79,24.33
0900200011127,Azcapotzalco,3085,1616,1469,20,9,0,4,9,2953,2878,2477,699,11.28,0.65,0.3,0.0,0.14,0.31,22.66
0900200010932,Azcapotzalco,380,195,185,0,,0,0,0,357,347,307,57,10.9,0.0,,0.0,0.0,0.0,15.0
0900200010114,Azcapotzalco,10265,5411,4854,244,100,0,67,100,9638,9319,7712,3217,9.85,2.38,1.04,0.0,0.7,1.07,31.34
0900200010928,Azcapotzalco,995,502,493,107,48,0,46,48,945,907,740,259,9.23,10.75,5.08,0.0,4.87,5.29,26.03
0900200010913,Azcapotzalco,3631,1918,1713,35,11,0,7,11,3481,3406,2947,760,10.57,0.96,0.32,0.0,0.2,0.32,20.93
0900200010097,Azcapotzalco,2260,1184,1076,36,14,0,6,14,2156,2095,1844,448,10.5,1.59,0.65,0.0,0.28,0.67,19.82
0900200010665,Azcapotzalco,7698,4024,3674,143,73,,57,72,7271,7065,5962,1873,10.09,1.86,1.0,,0.78,1.02,24.33
0900200010650,Azcapotzalco,6888,3504,3384,90,36,,29,36,6455,6275,5232,1485,9.72,1.31,0.56,,0.45,0.57,21.56
0900200010010,Azcapotzalco,3424,1824,1600,23,6,0,,6,3228,3174,2787,766,10.67,0.67,0.19,0.0,,0.19,22.37
0900200010824,Azcapotzalco,2737,1423,1314,37,16,0,15,16,2645,2587,2234,548,11.05,1.35,0.6,0.0,0.57,0.62,20.02
0900200011023,Azcapotzalco,5099,2645,2454,101,41,0,38,41,4835,4704,4017,1179,10.93,1.98,0.85,0.0,0.79,0.87,23.12
0900200011165,Azcapotzalco,401,196,205,23,13,0,12,13,388,378,290,123,8.38,5.74,3.35,0.0,3.09,3.44,30.67
0900200010701,Azcapotzalco,2518,1364,1154,14,22,0,14,21,2399,2349,2098,553,13.44,0.56,0.92,0.0,0.58,0.89,21.96
0900200010805,Azcapotzalco,2021,1079,942,26,18,0,14,18,1914,1884,1692,510,12.57,1.29,0.94,0.0,0.73,0.96,25.24
0900200010472,Azcapotzalco,6395,3436,2959,167,110,0,26,105,5984,5786,4990,1319,12.44,2.61,1.84,0.0,0.43,1.81,20.63
0900200010720,Azcapotzalco,3099,1709,1390,30,21,0,19,21,2918,2874,2599,783,13.46,0.97,0.72,0.0,0.65,0.73,25.27
0900200010754,Azcapotzalco,2543,1365,1178,36,16,0,11,16,2400,2330,2018,666,11.12,1.42,0.67,0.0,0.46,0.69,26.19
0900200011061,Azcapotzalco,1814,985,829,16,10,0,7,10,1707,1677,1499,363,11.33,0.88,0.59,0.0,0.41,0.6,20.01
0900200010839,Azcapotzalco,3160,1715,1445,62,30,0,25,30,2957,2895,2603,864,13.24,1.96,1.01,0.0,0.85,1.04,27.34
0900200010307,Azcapotzalco,6178,3233,2945,32,18,0,14,18,5837,5674,4698,1597,10.17,0.52,0.31,0.0,0.24,0.32,25.85
0900200010294,Azcapotzalco,5385,2850,2535,68,23,0,17,23,5036,4891,4164,1226,10.79,1.26,0.46,0.0,0.34,0.47,22.77
0900200011019,Azcapotzalco,1649,839,810,24,10,0,10,10,1540,1492,1270,374,10.86,1.46,0.65,0.0,0.65,0.67,22.68
0900200010449,Azcapotzalco,2959,1561,1398,12,3,0,3,3,2824,2744,2396,641,11.42,0.41,0.11,0.0,0.11,0.11,21.66
0900200010434,Azcapotzalco,3071,1655,1416,29,14,0,14,14,2766,2705,2426,660,12.14,0.94,0.51,0.0,0.51,0.52,21.49
0900200010631,Azcapotzalco,5242,2705,2537,74,27,0,16,27,4835,4699,4022,1210,10.98,1.41,0.56,0.0,0.33,0.57,23.08
090020001099A,Azcapotzalco,1259,633,626,37,18,0,13,18,1164,1124,940,411,10.57,2.94,1.55,0.0,1.12,1.6,32.64
0900200010133,Azcapotzalco,7028,3627,3401,96,37,0,28,37,6670,6493,5439,1858,9.92,1.37,0.55,0.0,0.42,0.57,26.44
0900200010909,Azcapotzalco,1855,1013,842,16,8,0,7,8,1757,1726,1525,333,12.24,0.86,0.46,0.0,0.4,0.46,17.95
0900200011038,Azcapotzalco,7376,3820,3556,186,63,0,56,63,7010,6780,5518,1915,10.02,2.52,0.9,0.0,0.8,0.93,25.96
0900200010788,Azcapotzalco,2651,1408,1243,19,15,0,15,15,2488,2431,2132,599,10.67,0.72,0.6,0.0,0.6,0.62,22.6
0900200010580,Azcapotzalco,4210,2209,2001,33,20,0,14,19,3961,3846,3248,969,10.42,0.78,0.5,0.0,0.35,0.49,23.02
0900200010792,Azcapotzalco,4901,2618,2283,71,36,,29,36,4565,4440,3845,1478,10.99,1.45,0.79,,0.64,0.81,30.16
0900200011042,Azcapotzalco,6282,3245,3037,68,26,0,18,25,5918,5709,4703,1780,9.56,1.08,0.44,0.0,0.3,0.44,28.33
0900200010612,Azcapotzalco,4351,2239,2112,95,43,0,31,43,4136,4004,3303,1296,9.37,2.18,1.04,0.0,0.75,1.07,29.79
0900200010608,Azcapotzalco,5002,2609,2393,151,68,,52,68,4727,4562,3688,1572,9.4,3.02,1.44,,1.1,1.49,31.43
0900200010627,Azcapotzalco,5097,2635,2462,191,89,,60,89,4837,4673,3843,1596,9.06,3.75,1.84,,1.24,1.9,31.31
0900200010595,Azcapotzalco,4637,2392,2245,139,48,0,28,48,4430,4254,3523,1296,9.64,3.0,1.08,0.0,0.63,1.13,27.95
0900200010237,Azcapotzalco,6355,3298,3057,130,64,0,53,63,5964,5792,4816,2045,10.02,2.05,1.07,0.0,0.89,1.09,32.18
0900200010345,Azcapotzalco,3821,2110,1711,73,27,0,7,27,3648,3534,3024,886,10.26,1.91,0.74,0.0,0.19,0.76,23.19
0900200010330,Azcapotzalco,2442,1276,1166,21,10,0,5,10,2329,2260,1900,584,9.82,0.86,0.43,0.0,0.21,0.44,23.91
0900200010218,Azcapotzalco,3970,2115,1855,40,16,0,9,16,3798,3684,3141,1071,10.57,1.01,0.42,0.0,0.24,0.43,26.98
0900200010203,Azcapotzalco,6107,3159,2948,128,46,0,24,46,5753,5582,4696,1832,9.85,2.1,0.8,0.0,0.42,0.82,30.0
0900200010966,Azcapotzalco,2133,1179,954,29,16,0,15,16,1961,1924,1743,468,13.12,1.36,0.82,0.0,0.76,0.83,21.94
0900200010256,Azcapotzalco,4438,2364,2074,50,32,,31,32,4182,4071,3411,1107,10.34,1.13,0.77,,0.74,0.79,24.94
0900200011095,Azcapotzalco,6809,3548,3261,111,47,0,40,46,6245,6029,4993,1652,11.23,1.63,0.75,0.0,0.64,0.76,24.26
0900200010275,Azcapotzalco,7839,4039,3800,177,53,0,36,52,7428,7190,5939,1968,9.68,2.26,0.71,0.0,0.48,0.72,25.11
0900200010190,Azcapotzalco,7548,3956,3592,139,70,0,43,70,7134,6950,5882,2005,10.28,1.84,0.98,0.0,0.6,1.01,26.56
090020001028A,Azcapotzalco,3257,1781,1476,46,31,0,12,31,3122,3063,2693,709,11.67,1.41,0.99,0.0,0.38,1.01,21.77
0900200011184,Azcapotzalco,1477,803,674,4,3,0,,3,1351,1320,1163,239,11.82,0.27,0.22,0.0,,0.23,16.18
0900200011057,Azcapotzalco,2835,1561,1274,43,35,,28,35,2656,2604,2359,752,13.45,1.52,1.32,,1.05,1.34,26.53
0900200010504,Azcapotzalco,4623,2431,2192,53,21,,12,20,4375,4286,3788,1262,12.01,1.15,0.48,,0.27,0.47,27.3
0900200010519,Azcapotzalco,2513,1377,1136,27,12,0,8,12,2330,2270,2017,621,11.57,1.07,0.52,0.0,0.34,0.53,24.71
0900200010716,Azcapotzalco,4245,2260,1985,80,34,0,26,34,3972,3875,3378,1214,11.45,1.88,0.86,0.0,0.65,0.88,28.6
0900200010364,Azcapotzalco,3744,2001,1743,47,19,0,4,19,3546,3457,2945,986,9.96,1.26,0.54,0.0,0.11,0.55,26.34
0900200010561,Azcapotzalco,3187,1672,1515,37,17,0,14,17,3020,2943,2484,842,10.59,1.16,0.56,0.0,0.46,0.58,26.42
0900200011150,Azcapotzalco,1633,860,773,39,18,0,17,18,1544,1508,1251,406,9.72,2.39,1.17,0.0,1.1,1.19,24.86
0900200010491,Azcapotzalco,6048,3273,2775,127,52,0,31,52,5797,5657,4866,1396,11.13,2.1,0.9,0.0,0.53,0.92,23.08
0900200010487,Azcapotzalco,3921,2103,1818,29,19,0,12,19,3708,3613,3107,1027,10.72,0.74,0.51,0.0,0.32,0.53,26.19
0900200010773,Azcapotzalco,2718,1455,1263,29,14,0,12,14,2593,2518,2165,537,10.06,1.07,0.54,0.0,0.46,0.56,19.76
0900200010684,Azcapotzalco,4562,2489,2073,72,55,0,48,55,4341,4239,3719,972,12.33,1.58,1.27,0.0,1.11,1.3,21.31
0900200011112,Azcapotzalco,4415,2344,2071,119,46,0,34,46,4226,4125,3560,1053,11.3,2.7,1.09,0.0,0.8,1.12,23.85
0900200011076,Azcapotzalco,0,0,0,0,0,0,0,0,0,0,0,0,0.0,,,,,,
0900200010542,Azcapotzalco,3013,1593,1420,75,33,0,29,33,2857,2786,2383,775,10.66,2.49,1.16,0.0,1.02,1.18,25.72
0900200011146,Azcapotzalco,1083,595,488,22,11,0,9,11,982,972,858,234,12.35,2.03,1.12,0.0,0.92,1.13,21.61
090020001117A,Azcapotzalco,1714,927,787,18,9,0,8,9,1595,1554,1366,270,12.23,1.05,0.56,0.0,0.5,0.58,15.75
090020001003A,Azcapotzalco,4638,2389,2249,52,24,0,15,24,4301,4204,3615,878,9.56,1.12,0.56,0.0,0.35,0.57,18.93
0900200010025,Azcapotzalco,5912,3093,2819,80,26,0,23,26,5606,5448,4687,1059,9.79,1.35,0.46,0.0,0.41,0.48,17.91
0900200010044,Azcapotzalco,5007,2691,2316,37,14,,10,14,4642,4522,3911,1053,10.24,0.74,0.3,,0.22,0.31,21.03
090020001010A,Azcapotzalco,3385,1839,1546,29,7,0,5,7,3100,3039,2649,746,10.83,0.86,0.23,0.0,0.16,0.23,22.04
0900200010186,Azcapotzalco,7474,3891,3583,122,56,0,45,56,7133,6916,5784,1808,10.93,1.63,0.79,0.0,0.63,0.81,24.19
0900200010260,Azcapotzalco,5150,2699,2451,67,19,0,11,19,4728,4611,3963,1178,10.64,1.3,0.4,0.0,0.23,0.41,22.87
0900200010699,Azcapotzalco,2648,1440,1208,32,22,0,14,22,2511,2457,2207,623,13.39,1.21,0.88,0.0,0.56,0.9,23.53
090020001067A,Azcapotzalco,6274,3327,2947,65,36,0,32,36,5803,5663,4885,1477,11.93,1.04,0.62,0.0,0.55,0.64,23.54
0900200010379,Azcapotzalco,5070,2693,2377,105,39,0,34,39,4705,4582,3919,1384,10.52,2.07,0.83,0.0,0.72,0.85,27.3
0900200010383,Azcapotzalco,4267,2241,2026,50,32,0,23,31,3881,3775,3225,1182,10.43,1.17,0.82,0.0,0.59,0.82,27.7
0900200010148,Azcapotzalco,2645,1366,1279,23,10,0,9,10,2373,2308,1989,658,12.63,0.87,0.42,0.0,0.38,0.43,24.88
0900200010896,Azcapotzalco,1768,962,806,19,13,0,11,13,1665,1641,1459,352,12.14,1.07,0.78,0.0,0.66,0.79,19.91
0900200010311,Azcapotzalco,3466,1862,1604,25,13,0,10,13,3258,3183,2750,901,10.68,0.72,0.4,0.0,0.31,0.41,26.0
0900200010468,Azcapotzalco,3316,1750,1566,48,20,0,15,20,3081,3010,2596,769,11.17,1.45,0.65,0.0,0.49,0.66,23.19
0900200010985,Azcapotzalco,2475,1334,1141,40,22,0,7,22,2298,2249,1992,536,11.38,1.62,0.96,0.0,0.3,0.98,21.66
0900200010843,Azcapotzalco,3796,2040,1756,37,27,0,21,27,3555,3483,3113,1043,12.55,0.97,0.76,0.0,0.59,0.78,27.48
0900200010970,Azcapotzalco,3027,1637,1390,30,12,0,11,12,2797,2735,2298,649,12.32,0.99,0.43,0.0,0.39,0.44,21.44
0900200010167,Azcapotzalco,3169,1613,1556,55,26,,19,26,3020,2924,2467,1079,10.2,1.74,0.86,,0.63,0.89,34.05
0900200011080,Azcapotzalco,3211,1696,1515,87,28,0,22,28,2925,2817,2245,503,12.47,2.71,0.96,0.0,0.75,0.99,15.66
0900200010171,Azcapotzalco,2466,1292,1174,20,12,0,10,12,2303,2246,1970,553,10.81,0.81,0.52,0.0,0.43,0.53,22.42
0900200011131,Azcapotzalco,2880,1582,1298,26,8,0,6,8,2672,2627,2321,596,12.0,0.9,0.3,0.0,0.22,0.3,20.69
0900200010129,Azcapotzalco,5005,2574,2431,117,47,0,44,46,4580,4441,3669,1116,10.9,2.34,1.03,0.0,0.96,1.04,22.3
090020001074A,Azcapotzalco,3144,1714,1430,80,42,0,40,42,3005,2942,2551,898,11.35,2.54,1.4,0.0,1.33,1.43,28.56
0900200010398,Azcapotzalco,4103,2143,1960,57,30,0,28,30,3864,3772,3256,1172,10.72,1.39,0.78,0.0,0.72,0.8,28.56
0900200010557,Azcapotzalco,4698,2451,2247,86,35,0,23,34,4480,4357,3729,1345,10.75,1.83,0.78,0.0,0.51,0.78,28.63
0900200010400,Azcapotzalco,4042,2150,1892,61,35,0,28,35,3806,3717,3207,1099,10.89,1.51,0.92,0.0,0.74,0.94,27.19
0900200010947,Azcapotzalco,5093,2651,2442,121,44,0,31,44,4777,4645,4047,1028,10.34,2.38,0.92,0.0,0.65,0.95,20.18
0900200010858,Azcapotzalco,4493,2379,2114,51,24,0,10,23,4242,4134,3584,1005,10.68,1.14,0.57,0.0,0.24,0.56,22.37
0900300010145,Coyoacán,2385,1301,1084,26,36,0,32,36,2109,2059,1785,625,13.8,1.09,1.71,0.0,1.52,1.75,26.21
0900300010431,Coyoacán,5145,2746,2399,53,64,0,56,64,4881,4749,3979,1491,10.8,1.03,1.31,0.0,1.15,1.35,28.98
0900300010287,Coyoacán,8323,4603,3720,209,188,6,171,181,7761,7558,6507,2380,12.04,2.51,2.42,0.08,2.2,2.39,28.6
0900300010427,Coyoacán,2145,1197,948,16,50,0,43,50,2031,2005,1815,698,13.02,0.75,2.46,0.0,2.12,2.49,32.54
0900300010681,Coyoacán,3507,1843,1664,14,9,0,5,9,3057,2989,2586,897,11.95,0.4,0.29,0.0,0.16,0.3,25.58
0900300010677,Coyoacán,7693,4058,3635,73,44,0,39,44,6731,6565,5655,2290,11.57,0.95,0.65,0.0,0.58,0.67,29.77
0900300010484,Coyoacán,1099,583,516,9,6,0,4,6,959,946,869,318,13.79,0.82,0.63,0.0,0.42,0.63,28.94
0900300010728,Coyoacán,4011,2127,1884,27,13,0,9,13,3556,3497,3130,1025,13.46,0.67,0.37,0.0,0.25,0.37,25.55
0900300011675,Coyoacán,3911,2104,1807,107,62,0,43,62,3658,3585,3182,1251,12.94,2.74,1.69,0.0,1.18,1.73,31.99
0900300010889,Coyoacán,2633,1427,1206,35,36,0,23,34,2564,2533,2330,685,14.3,1.33,1.4,0.0,0.9,1.34,26.02
090030001143A,Coyoacán,2893,1529,1364,15,19,0,13,19,2791,2751,2489,952,14.16,0.52,0.68,0.0,0.47,0.69,32.91
0900300011482,Coyoacán,4255,2260,1995,46,23,0,19,23,4027,3931,3414,1065,11.45,1.08,0.57,0.0,0.47,0.59,25.03
0900300011410,Coyoacán,3706,1962,1744,14,9,0,8,9,3520,3425,2912,1031,12.8,0.38,0.26,0.0,0.23,0.26,27.82
0900300011143,Coyoacán,626,341,285,4,4,0,4,4,543,537,488,119,13.42,0.64,0.74,0.0,0.74,0.74,19.01
0900300011139,Coyoacán,702,389,313,4,3,0,3,3,635,623,575,169,14.13,0.57,0.47,0.0,0.47,0.48,24.07
0900300010465,Coyoacán,1527,811,716,13,13,0,11,13,1323,1308,1225,387,13.74,0.85,0.98,0.0,0.83,0.99,25.34
090030001168A,Coyoacán,1848,1017,831,5,,0,,,1700,1674,1480,411,14.24,0.27,,0.0,,,22.24
0900300010836,Coyoacán,6285,3284,3001,125,55,0,43,54,5988,5798,4870,2179,10.17,1.99,0.92,0.0,0.72,0.93,34.67
0900300010022,Coyoacán,1655,908,747,26,28,0,22,28,1615,1596,1444,415,14.03,1.57,1.73,0.0,1.36,1.75,25.08
0900300011336,Coyoacán,3144,1660,1484,28,18,0,9,17,2982,2906,2539,758,10.78,0.89,0.6,0.0,0.3,0.58,24.11
0900300011389,Coyoacán,3630,1882,1748,93,36,0,34,36,3394,3258,2610,1265,8.92,2.56,1.06,0.0,1.0,1.1,34.85
090030001008A,Coyoacán,2262,1277,985,19,25,0,19,25,2192,2163,1969,569,13.91,0.84,1.14,0.0,0.87,1.16,25.15
0900300010041,Coyoacán,3756,2042,1714,38,49,0,41,49,3274,3225,2929,973,13.68,1.01,1.5,0.0,1.25,1.52,25.91
0900300010037,Coyoacán,1329,748,581,14,20,0,18,20,1283,1259,1142,337,14.07,1.05,1.56,0.0,1.4,1.59,25.36
0900300010215,Coyoacán,6275,3307,2968,53,42,0,34,42,5571,5420,4700,1709,14.06,0.84,0.75,0.0,0.61,0.77,27.24
090030001054A,Coyoacán,1339,717,622,11,17,0,15,17,1303,1287,1198,339,14.63,0.82,1.3,0.0,1.15,1.32,25.32
0900300010412,Coyoacán,3873,2096,1777,56,37,0,23,36,3479,3428,3177,817,14.29,1.45,1.06,0.0,0.66,1.05,21.09
0900300010408,Coyoacán,1692,920,772,26,18,0,16,18,1448,1432,1340,326,14.97,1.54,1.24,0.0,1.1,1.26,19.27
0900300010380,Coyoacán,2397,1289,1108,20,21,0,14,21,2185,2158,1994,494,14.82,0.83,0.96,0.0,0.64,0.97,20.61
0900300010361,Coyoacán,2082,1109,973,51,31,0,13,31,2003,1953,1747,510,12.8,2.45,1.55,0.0,0.65,1.59,24.5
0900300010376,Coyoacán,1448,787,661,26,11,0,7,11,1335,1313,1225,300,14.74,1.8,0.82,0.0,0.52,0.84,20.72
0900300010395,Coyoacán,2242,1230,1012,27,21,0,16,20,2081,2057,1915,482,14.82,1.2,1.01,0.0,0.77,0.97,21.5
0900300011105,Coyoacán,2667,1496,1171,9,81,0,60,80,2578,2540,2289,608,13.78,0.34,3.14,0.0,2.33,3.15,22.8
0900300011529,Coyoacán,5286,2862,2424,64,39,0,33,39,4894,4785,4161,1128,13.92,1.21,0.8,0.0,0.67,0.82,21.34
0900300011571,Coyoacán,1868,1016,852,32,13,,5,13,1771,1737,1533,469,12.29,1.71,0.73,,0.28,0.75,25.11
0900300011533,Coyoacán,0,0,0,0,0,0,0,0,0,0,0,0,0.0,,,,,,
0900300011548,Coyoacán,1598,846,752,36,16,0,11,16,1438,1416,1300,320,15.16,2.25,1.11,0.0,0.76,1.13,20.03
0900300011783,Coyoacán,2818,1517,1301,50,26,0,20,26,2643,2595,2318,652,13.74,1.77,0.98,0.0,0.76,1.0,23.14
0900300011798,Coyoacán,657,355,302,8,4,0,3,4,557,542,472,149,14.68,1.22,0.72,0.0,0.54,0.74,22.68
0900300011586,Coyoacán,437,234,203,4,,0,,,426,419,362,51,13.08,0.92,,0.0,,,11.67
0900300011567,Coyoacán,1748,956,792,39,19,0,13,19,1661,1626,1473,377,12.72,2.23,1.14,0.0,0.78,1.17,21.57
0900300011552,Coyoacán,1794,944,850,21,14,0,8,14,1715,1679,1501,382,13.21,1.17,0.82,0.0,0.47,0.83,21.29
0900300010554,Coyoacán,4849,2566,2283,190,110,0,100,109,4671,4549,3893,1386,11.29,3.92,2.35,0.0,2.14,2.4,28.58
090030001061A,Coyoacán,11031,5612,5419,570,271,0,234,269,10499,10145,8252,3666,9.57,5.17,2.58,0.0,2.23,2.65,33.23
0900300011158,Coyoacán,8917,4627,4290,229,109,0,95,107,8501,8218,6766,3104,10.19,2.57,1.28,0.0,1.12,1.3,34.81
0900300010272,Coyoacán,3468,1937,1531,23,49,,41,49,3062,3008,2757,944,14.18,0.66,1.6,,1.34,1.63,27.22
0900300010126,Coyoacán,1822,1015,807,33,56,0,44,56,1622,1587,1446,461,13.5,1.81,3.45,0.0,2.71,3.53,25.3
0900300010018,Coyoacán,1622,896,726,28,35,0,31,35,1423,1401,1275,356,14.26,1.73,2.46,0.0,2.18,2.5,21.95
0900300010268,Coyoacán,1442,796,646,13,18,0,15,18,1254,1235,1147,339,13.51,0.9,1.44,0.0,1.2,1.46,23.51
0900300011124,Coyoacán,6689,3534,3155,385,202,0,171,201,6323,6108,5059,2197,11.3,5.76,3.19,0.0,2.7,3.29,32.84
0900300011425,Coyoacán,6975,3642,3333,289,118,,100,118,6652,6444,5401,2578,10.73,4.14,1.77,,1.5,1.83,36.96
090030001022A,Coyoacán,8197,4190,4007,220,100,,80,98,7610,7339,6105,2575,10.23,2.68,1.31,,1.05,1.34,31.41
0900300010357,Coyoacán,4860,2494,2366,194,92,0,83,91,4539,4393,3563,1566,9.26,3.99,2.03,0.0,1.83,2.07,32.22
0900300011622,Coyoacán,2650,1408,1242,41,16,0,14,16,2515,2469,2213,600,12.85,1.55,0.64,0.0,0.56,0.65,22.64
0900300010982,Coyoacán,6450,3319,3131,173,83,0,62,83,6107,5959,4917,1753,10.24,2.68,1.36,0.0,1.02,1.39,27.18
0900300011444,Coyoacán,2632,1425,1207,24,16,0,14,16,2527,2477,2248,588,14.31,0.91,0.63,0.0,0.55,0.65,22.34
0900300011459,Coyoacán,2584,1352,1232,13,4,0,3,4,2352,2296,2027,547,12.86,0.5,0.17,0.0,0.13,0.17,21.17
090030001093A,Coyoacán,1313,691,622,12,13,0,9,13,1202,1183,1068,178,13.91,0.91,1.08,0.0,0.75,1.1,13.56
0900300010906,Coyoacán,3409,1902,1507,65,25,0,17,25,3283,3213,2858,693,13.31,1.91,0.76,0.0,0.52,0.78,20.33
0900300011340,Coyoacán,2647,1400,1247,31,19,0,12,19,2482,2432,2179,601,13.42,1.17,0.77,0.0,0.48,0.78,22.7
0900300011355,Coyoacán,2663,1417,1246,50,19,0,9,19,2526,2469,2218,622,13.36,1.88,0.75,0.0,0.36,0.77,23.36
0900300010713,Coyoacán,4664,2535,2129,41,33,0,27,32,4317,4245,3854,1163,13.38,0.88,0.76,0.0,0.63,0.75,24.94
0900300011285,Coyoacán,3808,2002,1806,24,13,0,5,13,3673,3587,3192,1018,11.55,0.63,0.35,0.0,0.14,0.36,26.73
090030001129A,Coyoacán,3664,1951,1713,50,28,0,19,28,3578,3497,3064,908,12.01,1.36,0.78,0.0,0.53,0.8,24.78
0900300011321,Coyoacán,3906,2032,1874,34,10,0,8,10,3675,3611,3224,948,11.41,0.87,0.27,0.0,0.22,0.28,24.27
0900300011779,Coyoacán,1953,1045,908,51,38,5,30,34,1742,1698,1417,441,12.78,2.61,2.18,0.29,1.72,2.0,22.58
0900300010662,Coyoacán,5604,2897,2707,106,41,0,35,41,5144,4996,4230,1727,9.92,1.89,0.8,0.0,0.68,0.82,30.82
0900300010658,Coyoacán,11535,5996,5539,292,139,0,120,139,10760,10418,8717,4256,9.96,2.53,1.29,0.0,1.12,1.33,36.9
0900300010785,Coyoacán,11211,5795,5416,1035,503,,448,502,10626,10282,8316,4487,9.34,9.23,4.73,,4.22,4.88,40.02
0900300011317,Coyoacán,2747,1460,1287,35,16,0,12,16,2599,2532,2237,720,11.43,1.27,0.62,0.0,0.46,0.63,26.21
0900300011764,Coyoacán,3169,1675,1494,33,14,0,13,14,2921,2849,2471,719,11.76,1.04,0.48,0.0,0.45,0.49,22.69
090030001015A,Coyoacán,5125,2859,2266,33,45,0,35,45,4616,4529,4017,1524,13.37,0.64,0.97,0.0,0.76,0.99,29.74
0900300011251,Coyoacán,2500,1351,1149,30,8,0,6,8,2377,2317,2043,525,11.17,1.2,0.34,0.0,0.25,0.35,21.0
0900300010605,Coyoacán,4041,2086,1955,476,230,7,199,225,3727,3564,2812,1561,8.62,11.78,6.17,0.19,5.34,6.31,38.63
0900300010516,Coyoacán,1365,720,645,7,8,0,8,8,1274,1244,1107,432,12.59,0.51,0.63,0.0,0.63,0.64,31.65
0900300010501,Coyoacán,3331,1807,1524,15,13,0,6,13,2973,2928,2603,860,13.54,0.45,0.44,0.0,0.2,0.44,25.82
0900300011618,Coyoacán,977,526,451,16,7,0,,7,910,903,821,229,14.43,1.64,0.77,0.0,,0.78,23.44
0900300011228,Coyoacán,2015,1063,952,244,77,0,72,76,1904,1841,1533,753,10.08,12.11,4.04,0.0,3.78,4.13,37.37
0900300010959,Coyoacán,4568,2419,2149,79,27,0,18,27,4251,4098,3352,1721,9.01,1.73,0.64,0.0,0.42,0.66,37.68
0900300011232,Coyoacán,3112,1653,1459,94,38,0,33,37,2897,2845,2490,994,12.74,3.02,1.31,0.0,1.14,1.3,31.94
0900300010179,Coyoacán,2085,1124,961,16,10,0,7,10,1938,1918,1752,507,13.95,0.77,0.52,0.0,0.36,0.52,24.32
0900300011590,Coyoacán,1898,1006,892,8,7,0,3,7,1777,1746,1556,394,12.56,0.42,0.39,0.0,0.17,0.4,20.76
0900300011406,Coyoacán,3078,1582,1496,24,8,0,,8,2888,2777,2336,911,9.53,0.78,0.28,0.0,,0.29,29.6
0900300011393,Coyoacán,2933,1502,1431,104,33,0,22,33,2746,2651,2181,814,9.92,3.55,1.2,0.0,0.8,1.24,27.75
0900300011181,Coyoacán,4373,2288,2085,75,37,0,16,37,4156,4075,3603,1233,12.46,1.72,0.89,0.0,0.38,0.91,28.2
090030001175A,Coyoacán,3564,1889,1675,29,10,0,5,10,3363,3296,2879,811,11.47,0.81,0.3,0.0,0.15,0.3,22.76
0900300011270,Coyoacán,4379,2305,2074,59,34,0,10,34,4161,4052,3619,1214,11.6,1.35,0.82,0.0,0.24,0.84,27.72
0900300011266,Coyoacán,2846,1503,1343,18,10,0,5,10,2695,2642,2299,740,10.93,0.63,0.37,0.0,0.19,0.38,26.0
0900300011247,Coyoacán,5243,2764,2479,82,44,,34,44,4986,4857,4261,1429,11.34,1.56,0.88,,0.68,0.91,27.26
0900300010588,Coyoacán,1840,974,866,32,21,0,20,21,1716,1677,1450,578,13.06,1.74,1.22,0.0,1.17,1.25,31.41
0900300010520,Coyoacán,2643,1393,1250,112,50,0,43,50,2482,2410,2086,811,11.61,4.24,2.01,0.0,1.73,2.07,30.68
0900300010535,Coyoacán,8789,4581,4208,482,227,0,205,224,8163,7862,6379,2878,9.31,5.48,2.78,0.0,2.51,2.85,32.75
0900300010323,Coyoacán,3135,1703,1432,36,26,0,21,26,2768,2717,2455,734,13.38,1.15,0.94,0.0,0.76,0.96,23.41
0900300010342,Coyoacán,3548,1890,1658,35,33,0,27,33,3330,3285,2943,965,13.74,0.99,0.99,0.0,0.81,1.0,27.2
0900300010200,Coyoacán,5729,3048,2681,55,43,0,36,42,5342,5209,4544,1735,13.44,0.96,0.8,0.0,0.67,0.81,30.28
0900300010978,Coyoacán,8305,4243,4062,323,153,0,141,152,7818,7578,6259,3171,9.9,3.89,1.96,0.0,1.8,2.01,38.18
0900300010643,Coyoacán,9265,4752,4513,306,127,0,98,126,8761,8471,7012,3685,9.58,3.3,1.45,0.0,1.12,1.49,39.77
0900300011637,Coyoacán,2923,1609,1314,45,22,0,5,22,2774,2720,2434,685,13.12,1.54,0.79,0.0,0.18,0.81,23.43
0900300011213,Coyoacán,5817,3078,2739,84,38,0,30,38,5616,5509,4837,1660,12.26,1.44,0.68,0.0,0.53,0.69,28.54
0900300011069,Coyoacán,1773,946,827,16,10,0,8,10,1673,1651,1479,386,14.67,0.9,0.6,0.0,0.48,0.61,21.77
0900300011694,Coyoacán,1634,885,749,37,15,0,12,15,1534,1498,1327,397,14.13,2.26,0.98,0.0,0.78,1.0,24.3
090030001136A,Coyoacán,2451,1310,1141,24,12,0,12,12,2296,2264,2016,537,13.44,0.98,0.52,0.0,0.52,0.53,21.91
0900300010893,Coyoacán,1922,1023,899,13,21,0,20,21,1827,1804,1651,537,14.41,0.68,1.15,0.0,1.09,1.16,27.94
0900300011730,Coyoacán,707,395,312,9,7,0,7,7,676,667,617,156,14.29,1.27,1.04,0.0,1.04,1.05,22.07
0900300011726,Coyoacán,2989,1621,1368,66,33,0,21,33,2868,2822,2496,859,13.29,2.21,1.15,0.0,0.73,1.17,28.74
0900300010997,Coyoacán,8897,4608,4289,251,110,0,103,110,8166,7913,6627,3116,10.2,2.82,1.35,0.0,1.26,1.39,35.02
0900300011020,Coyoacán,3205,1758,1447,52,28,0,25,28,2984,2922,2546,935,12.25,1.62,0.94,0.0,0.84,0.96,29.17
0900300011016,Coyoacán,6195,3157,3038,137,67,0,55,66,5858,5675,4673,2425,10.0,2.21,1.14,0.0,0.94,1.16,39.14
0900300010817,Coyoacán,9846,5081,4765,258,108,0,90,107,9291,9008,7483,3536,10.17,2.62,1.16,0.0,0.97,1.19,35.91
0900300010821,Coyoacán,5061,2674,2387,87,35,0,27,35,4790,4633,3823,1553,9.84,1.72,0.73,0.0,0.56,0.76,30.69
0900300010840,Coyoacán,6039,3158,2881,128,58,0,54,58,5707,5559,4708,1999,10.58,2.12,1.02,0.0,0.95,1.04,33.1
0900300010855,Coyoacán,2774,1496,1278,33,15,0,13,15,2583,2527,2228,732,11.92,1.19,0.58,0.0,0.5,0.59,26.39
0900300010802,Coyoacán,13380,6871,6509,1055,500,,427,493,12495,12002,9636,5036,9.17,7.88,4.0,,3.42,4.11,37.64
0900300010639,Coyoacán,12372,6427,5945,744,347,,283,344,11768,11303,9013,4740,9.14,6.01,2.95,,2.4,3.04,38.31
0900300011162,Coyoacán,15107,7763,7344,804,369,0,321,367,14076,13622,11052,5235,9.67,5.32,2.62,0.0,2.28,2.69,34.65
0900300010446,Coyoacán,5081,2729,2352,34,33,0,19,32,4459,4324,3651,1151,12.66,0.67,0.74,0.0,0.43,0.74,22.65
0900300010291,Coyoacán,4092,2243,1849,42,27,0,22,27,3606,3525,3103,1291,12.72,1.03,0.75,0.0,0.61,0.77,31.55
0900300010056,Coyoacán,4008,2159,1849,46,33,0,29,33,3545,3489,3109,1105,13.41,1.15,0.93,0.0,0.82,0.95,27.57
0900300010183,Coyoacán,3205,1720,1485,48,46,0,28,46,2787,2744,2470,894,13.63,1.5,1.65,0.0,1.0,1.68,27.89
0900300010624,Coyoacán,10248,5302,4946,551,230,,200,230,9600,9237,7440,3548,9.36,5.38,2.4,,2.08,2.49,34.62
0900300011302,Coyoacán,1990,1041,949,,,0,,,1900,1876,1676,475,11.72,,,0.0,,,23.87
0900300011374,Coyoacán,2521,1398,1123,31,9,0,6,9,2368,2328,2092,422,13.04,1.23,0.38,0.0,0.25,0.39,16.74
0900300011001,Coyoacán,7413,3829,3584,216,88,0,71,88,7080,6829,5596,2764,9.9,2.91,1.24,0.0,1.0,1.29,37.29
0900300010450,Coyoacán,6611,3536,3075,72,52,0,41,52,5850,5713,4918,1885,12.5,1.09,0.89,0.0,0.7,0.91,28.51
0900300010573,Coyoacán,12179,6303,5876,329,141,0,117,141,11593,11224,9286,4141,10.77,2.7,1.22,0.0,1.01,1.26,34.0
0900300010111,Coyoacán,1383,828,555,0,17,0,17,17,1304,1286,1138,362,12.79,0.0,1.3,0.0,1.3,1.32,26.17
0900300010234,Coyoacán,729,408,321,0,13,0,12,13,632,615,559,189,14.77,0.0,2.06,0.0,1.9,2.11,25.93
0900300010249,Coyoacán,783,413,370,12,8,0,7,8,731,714,663,188,14.25,1.53,1.09,0.0,0.96,1.12,24.01
0900300010107,Coyoacán,7058,3776,3282,101,58,0,42,58,6341,6221,5498,1849,12.71,1.43,0.91,0.0,0.66,0.93,26.2
0900300010060,Coyoacán,3852,2181,1671,27,26,0,18,25,3309,3213,2842,969,12.42,0.7,0.79,0.0,0.54,0.78,25.16
0900300010094,Coyoacán,3411,1845,1566,46,42,0,32,42,3160,3108,2867,904,13.66,1.35,1.33,0.0,1.01,1.35,26.5
0900300010075,Coyoacán,2965,1615,1350,32,23,,16,23,2440,2397,2156,723,13.52,1.08,0.94,,0.66,0.96,24.38
0900300010499,Coyoacán,2534,1359,1175,28,25,0,20,25,2277,2244,2034,590,13.99,1.1,1.1,0.0,0.88,1.11,23.28
0900300011092,Coyoacán,5351,2655,2696,67,36,0,21,36,5083,4985,4462,1225,13.98,1.25,0.71,0.0,0.41,0.72,22.89
0900300011514,Coyoacán,6177,3234,2943,114,35,0,25,35,5844,5702,4953,1594,11.19,1.85,0.6,0.0,0.43,0.61,25.81
090030001150A,Coyoacán,4931,2617,2314,75,32,0,25,32,4694,4599,4008,1303,12.66,1.52,0.68,0.0,0.53,0.7,26.42
0900300011497,Coyoacán,5598,2987,2611,46,24,0,15,23,5369,5236,4643,1391,11.49,0.82,0.45,0.0,0.28,0.44,24.85
0900300011463,Coyoacán,3205,1702,1503,49,18,0,13,18,2959,2887,2528,657,12.38,1.53,0.61,0.0,0.44,0.62,20.5
0900300011478,Coyoacán,4162,2223,1939,55,21,0,14,20,3980,3873,3422,1088,11.42,1.32,0.53,0.0,0.35,0.52,26.14
0900300011073,Coyoacán,1660,899,761,17,13,0,10,13,1625,1602,1446,494,13.2,1.02,0.8,0.0,0.62,0.81,29.76
0900300011707,Coyoacán,5027,2676,2351,64,32,0,26,32,4720,4625,4053,1302,13.77,1.27,0.68,0.0,0.55,0.69,25.9
0900300011745,Coyoacán,3261,1703,1558,24,11,0,9,11,2892,2824,2442,750,11.75,0.74,0.38,0.0,0.31,0.39,23.0
090030001086A,Coyoacán,2705,1478,1227,15,15,0,14,15,2419,2382,2138,665,12.77,0.55,0.62,0.0,0.58,0.63,24.58
0900300010696,Coyoacán,1949,1040,909,23,16,0,16,16,1838,1806,1671,466,14.06,1.18,0.87,0.0,0.87,0.89,23.91
0900300010709,Coyoacán,3311,1762,1549,56,35,,25,35,3018,2954,2606,886,12.31,1.69,1.16,,0.83,1.18,26.76
0900300011656,Coyoacán,3015,1614,1401,32,35,0,29,34,2817,2741,2363,1080,12.68,1.06,1.24,0.0,1.03,1.24,35.82
0900300010963,Coyoacán,6162,3113,3049,197,95,0,70,94,5827,5684,4746,2113,10.25,3.2,1.63,0.0,1.2,1.65,34.29
0900300010770,Coyoacán,280,141,139,3,4,0,4,4,273,270,250,79,14.1,1.07,1.47,0.0,1.47,1.48,28.21
090030001079A,Coyoacán,8078,4197,3881,678,290,0,258,290,7637,7355,5922,2887,9.14,8.39,3.8,0.0,3.38,3.94,35.74
0900300010304,Coyoacán,1606,903,703,16,11,0,7,11,1404,1377,1233,408,13.13,1.0,0.78,0.0,0.5,0.8,25.4
0900300010164,Coyoacán,2850,1571,1279,44,25,0,21,23,2608,2542,2287,665,13.72,1.54,0.96,0.0,0.81,0.9,23.33
0900300010319,Coyoacán,2718,1415,1303,52,27,0,23,27,2269,2227,1997,687,13.78,1.91,1.19,0.0,1.01,1.21,25.28
0900300010198,Coyoacán,1615,896,719,7,9,0,7,9,1523,1494,1360,501,13.19,0.43,0.59,0.0,0.46,0.6,31.02
0900300010130,Coyoacán,2645,1494,1151,49,59,0,53,59,2402,2362,2162,692,13.32,1.85,2.46,0.0,2.21,2.5,26.16
0900300011660,Coyoacán,3126,1578,1548,19,17,0,16,17,3012,2950,2559,1055,12.45,0.61,0.56,0.0,0.53,0.58,33.75
0900300011641,Coyoacán,1970,1060,910,20,10,0,4,10,1873,1847,1661,469,13.26,1.02,0.53,0.0,0.21,0.54,23.81
0900400010180,Cuajimalpa de Morelos,5609,3142,2467,233,189,,160,189,5258,5116,4207,1102,12.22,4.15,3.59,,3.04,3.69,19.65
0900400010195,Cuajimalpa de Morelos,10358,5871,4487,82,106,0,84,106,9562,9214,7631,2532,11.81,0.79,1.11,0.0,0.88,1.15,24.44
0900400010369,Cuajimalpa de Morelos,5681,3070,2611,16,49,0,40,48,4846,4683,4158,763,12.95,0.28,1.01,0.0,0.83,1.02,13.43
0900400010123,Cuajimalpa de Morelos,5350,2856,2494,56,48,,43,48,5131,4969,4066,1680,11.12,1.05,0.94,,0.84,0.97,31.4
0900400010212,Cuajimalpa de Morelos,4704,2440,2264,28,27,0,23,27,4459,4288,3472,1294,11.03,0.6,0.61,0.0,0.52,0.63,27.51
0900400010392,Cuajimalpa de Morelos,554,269,285,11,,0,,,517,491,393,242,9.0,1.99,,0.0,,,43.68
0900400010104,Cuajimalpa de Morelos,6314,3379,2935,48,41,0,39,41,6000,5806,4803,1606,11.69,0.76,0.68,0.0,0.65,0.71,25.44
0900400010138,Cuajimalpa de Morelos,6765,3404,3361,173,68,0,39,67,6357,6086,4907,2064,9.43,2.56,1.07,0.0,0.61,1.1,30.51
0900400010119,Cuajimalpa de Morelos,3341,1767,1574,104,51,0,39,51,3183,3100,2580,1080,11.52,3.11,1.6,0.0,1.23,1.65,32.33
0900400010049,Cuajimalpa de Morelos,4089,2290,1799,25,74,0,71,74,3867,3778,3161,1064,12.75,0.61,1.91,0.0,1.84,1.96,26.02
0900400010208,Cuajimalpa de Morelos,6461,3345,3116,112,63,0,57,63,6054,5808,4598,2228,9.73,1.73,1.04,0.0,0.94,1.08,34.48
0900400010053,Cuajimalpa de Morelos,6692,3520,3172,76,32,0,19,31,6142,5910,4851,2191,10.19,1.14,0.52,0.0,0.31,0.52,32.74
0900400010405,Cuajimalpa de Morelos,4411,2377,2034,107,81,0,72,80,3805,3666,2990,1200,9.59,2.43,2.13,0.0,1.89,2.18,27.2
090040001002A,Cuajimalpa de Morelos,4727,2473,2254,38,19,0,5,19,4455,4311,3559,1522,9.25,0.8,0.43,0.0,0.11,0.44,32.2
0900400010301,Cuajimalpa de Morelos,4216,2176,2040,66,44,0,33,44,3983,3830,3074,1202,10.95,1.57,1.1,0.0,0.83,1.15,28.51
0900400010299,Cuajimalpa de Morelos,8015,4128,3887,149,85,0,39,84,7522,7239,5850,2753,10.56,1.86,1.13,0.0,0.52,1.16,34.35
0900400010354,Cuajimalpa de Morelos,7010,3689,3321,114,80,0,61,78,6703,6486,5318,2100,11.09,1.63,1.19,0.0,0.91,1.2,29.96
090040001041A,Cuajimalpa de Morelos,2183,1192,991,15,17,0,11,17,2054,1977,1600,636,11.02,0.69,0.83,0.0,0.54,0.86,29.13
090040001027A,Cuajimalpa de Morelos,4915,2574,2341,49,26,0,17,25,4695,4534,3811,1870,10.59,1.0,0.55,0.0,0.36,0.55,38.05
090040001034A,Cuajimalpa de Morelos,3172,1636,1536,54,24,0,14,24,2970,2858,2338,1153,9.65,1.7,0.81,0.0,0.47,0.84,36.35
0900400010072,Cuajimalpa de Morelos,3412,1756,1656,81,46,0,41,46,3213,3093,2530,987,9.31,2.37,1.43,0.0,1.28,1.49,28.93
0900400010231,Cuajimalpa de Morelos,8958,4508,4450,271,105,0,97,105,8411,8033,6298,3215,8.77,3.03,1.25,0.0,1.15,1.31,35.89
0900400010320,Cuajimalpa de Morelos,2792,1348,1444,49,28,0,21,27,2520,2409,1878,1049,8.43,1.76,1.11,0.0,0.83,1.12,37.57
0900400010091,Cuajimalpa de Morelos,11430,5931,5499,273,138,0,76,137,10860,10461,8445,3621,10.19,2.39,1.27,0.0,0.7,1.31,31.68
0900400010176,Cuajimalpa de Morelos,8025,4503,3522,127,139,0,107,138,7025,6790,5718,1876,11.55,1.58,1.98,0.0,1.52,2.03,23.38
0900400010227,Cuajimalpa de Morelos,8879,4504,4375,242,89,0,80,89,8368,8014,6330,3939,8.67,2.73,1.06,0.0,0.96,1.11,44.36
0900400010373,Cuajimalpa de Morelos,8672,4468,4204,127,72,0,65,72,7180,6836,5342,2784,9.17,1.46,1.0,0.0,0.91,1.05,32.1
0900400010250,Cuajimalpa de Morelos,3756,1915,1841,147,45,0,36,45,3543,3381,2676,1283,9.74,3.91,1.27,0.0,1.02,1.33,34.16
0900400200246,Cuajimalpa de Morelos,9076,4677,4399,187,62,0,48,62,8578,8211,6593,2628,9.61,2.06,0.72,0.0,0.56,0.76,28.96
0900400200388,Cuajimalpa de Morelos,1143,561,582,31,11,0,10,11,1072,1031,811,498,8.7,2.71,1.03,0.0,0.93,1.07,43.57
0900400200316,Cuajimalpa de Morelos,12818,6538,6280,325,138,0,90,137,12022,11532,9017,4417,8.88,2.54,1.15,0.0,0.75,1.19,34.46
090050001014A,Gustavo A. Madero,4730,2418,2312,119,46,0,41,46,4478,4289,3404,1487,8.77,2.52,1.03,0.0,0.92,1.07,31.44
0900500012803,Gustavo A. Madero,4751,2477,2274,62,26,0,21,26,4559,4407,3794,1082,10.57,1.3,0.57,0.0,0.46,0.59,22.77
0900500012822,Gustavo A. Madero,3952,2081,1871,119,41,0,18,40,3733,3612,3032,1201,9.95,3.01,1.1,0.0,0.48,1.11,30.39
0900500012790,Gustavo A. Madero,4016,2091,1925,29,16,0,11,16,3852,3748,3196,1020,10.76,0.72,0.42,0.0,0.29,0.43,25.4
0900500011646,Gustavo A. Madero,27,12,15,,,0,0,,24,24,21,3,8.81,,,0.0,0.0,,11.11
0900500012856,Gustavo A. Madero,4976,2574,2402,104,41,0,21,41,4768,4621,3928,1409,11.41,2.09,0.86,0.0,0.44,0.89,28.32
0900500012593,Gustavo A. Madero,5206,2589,2617,510,213,,192,208,4901,4673,3639,1762,8.11,9.8,4.35,,3.92,4.45,33.85
0900500010135,Gustavo A. Madero,4752,2375,2377,184,88,0,74,87,4514,4338,3474,1295,8.99,3.87,1.95,0.0,1.64,2.01,27.25
0900500013271,Gustavo A. Madero,4511,2331,2180,68,28,0,17,27,4284,4139,3288,1381,8.79,1.51,0.65,0.0,0.4,0.65,30.61
0900500012964,Gustavo A. Madero,4488,2312,2176,231,108,0,93,108,4195,4000,3115,1377,8.0,5.15,2.57,0.0,2.22,2.7,30.68
0900500013322,Gustavo A. Madero,4353,2238,2115,412,161,,137,161,4077,3893,3030,1302,8.03,9.46,3.95,,3.36,4.14,29.91
0900500010012,Gustavo A. Madero,4312,2156,2156,223,80,0,69,80,4085,3938,3065,1067,8.37,5.17,1.96,0.0,1.69,2.03,24.74
0900500012610,Gustavo A. Madero,6925,3488,3437,277,101,0,93,99,6534,6230,4936,2126,8.57,4.0,1.55,0.0,1.42,1.59,30.7
0900500012625,Gustavo A. Madero,7046,3587,3459,262,104,,90,103,6646,6352,5014,1908,8.77,3.72,1.56,,1.35,1.62,27.08
0900500012752,Gustavo A. Madero,4079,2128,1951,149,49,,46,49,3837,3685,2977,1061,8.62,3.65,1.28,,1.2,1.33,26.01
0900500012771,Gustavo A. Madero,5028,2587,2441,405,146,,137,144,4640,4437,3467,1299,8.13,8.05,3.15,,2.95,3.25,25.84
0900500010205,Gustavo A. Madero,6504,3389,3115,234,110,0,89,110,6199,5960,4762,2216,8.85,3.6,1.77,0.0,1.44,1.85,34.07
0900500010224,Gustavo A. Madero,3090,1607,1483,38,17,0,14,17,2939,2861,2377,1035,9.93,1.23,0.58,0.0,0.48,0.59,33.5
0900500012841,Gustavo A. Madero,2688,1404,1284,202,85,0,73,81,2500,2393,1921,953,8.12,7.51,3.4,0.0,2.92,3.38,35.45
0900500012714,Gustavo A. Madero,2896,1530,1366,34,13,0,12,13,2749,2673,2285,859,10.49,1.17,0.47,0.0,0.44,0.49,29.66
0900500012362,Gustavo A. Madero,2384,1264,1120,29,17,0,7,17,2280,2236,1981,684,12.3,1.22,0.75,0.0,0.31,0.76,28.69
0900500012108,Gustavo A. Madero,3932,2059,1873,38,18,0,15,18,3788,3679,3157,1705,10.69,0.97,0.48,0.0,0.4,0.49,43.36
0900500012095,Gustavo A. Madero,4439,2328,2111,75,35,0,31,35,4258,4149,3476,1733,10.37,1.69,0.82,0.0,0.73,0.84,39.04
0900500012269,Gustavo A. Madero,2940,1581,1359,21,7,0,6,7,2810,2736,2367,982,10.75,0.71,0.25,0.0,0.21,0.26,33.4
0900500011985,Gustavo A. Madero,7008,3597,3411,76,26,0,20,26,6729,6538,5500,2380,9.55,1.08,0.39,0.0,0.3,0.4,33.96
0900500011203,Gustavo A. Madero,3397,1737,1660,123,47,0,38,45,3136,3028,2507,1309,9.3,3.62,1.5,0.0,1.21,1.49,38.53
0900500011580,Gustavo A. Madero,3081,1665,1416,15,13,0,13,13,2966,2912,2624,960,12.52,0.49,0.44,0.0,0.44,0.45,31.16
0900500011576,Gustavo A. Madero,4341,2381,1960,41,33,0,24,32,4185,4113,3678,1168,12.74,0.94,0.79,0.0,0.57,0.78,26.91
0900500010737,Gustavo A. Madero,3170,1717,1453,46,41,0,31,40,2994,2930,2624,898,13.5,1.45,1.37,0.0,1.04,1.37,28.33
0900500010629,Gustavo A. Madero,841,452,389,13,7,0,4,6,778,768,707,144,13.95,1.55,0.9,0.0,0.51,0.78,17.12
0900500010949,Gustavo A. Madero,1848,1025,823,23,22,0,9,22,1794,1774,1628,455,13.75,1.24,1.23,0.0,0.5,1.24,24.62
0900500010934,Gustavo A. Madero,2629,1422,1207,17,44,0,38,44,2467,2414,2110,850,12.5,0.65,1.78,0.0,1.54,1.82,32.33
090050001060A,Gustavo A. Madero,1676,890,786,23,8,0,7,8,1621,1586,1415,556,12.16,1.37,0.49,0.0,0.43,0.5,33.17
0900500010597,Gustavo A. Madero,4622,2426,2196,156,66,0,62,64,4417,4301,3613,1259,10.08,3.38,1.49,0.0,1.4,1.49,27.24
0900500013110,Gustavo A. Madero,950,485,465,35,12,0,11,12,881,851,714,268,10.53,3.68,1.36,0.0,1.25,1.41,28.21
0900500012875,Gustavo A. Madero,2254,1190,1064,41,32,0,21,32,2193,2152,1890,519,14.03,1.82,1.46,0.0,0.96,1.49,23.03
0900500012860,Gustavo A. Madero,5088,2662,2426,145,62,0,54,61,4896,4732,4051,1401,11.87,2.85,1.27,0.0,1.1,1.29,27.54
0900500010582,Gustavo A. Madero,3010,1584,1426,68,22,0,19,22,2892,2812,2422,907,11.36,2.26,0.76,0.0,0.66,0.78,30.13
0900500010900,Gustavo A. Madero,2055,1137,918,18,10,0,9,10,1975,1926,1708,423,12.46,0.88,0.51,0.0,0.46,0.52,20.58
0900500010915,Gustavo A. Madero,1939,1031,908,32,15,0,12,15,1890,1857,1662,462,12.78,1.65,0.79,0.0,0.63,0.81,23.83
0900500011152,Gustavo A. Madero,4370,2331,2039,210,100,8,85,95,4109,3966,3266,1365,9.4,4.81,2.43,0.19,2.07,2.4,31.24
0900500010811,Gustavo A. Madero,5441,2811,2630,315,166,3,137,166,5162,4974,4033,1778,9.06,5.79,3.22,0.06,2.65,3.34,32.68
090050001217A,Gustavo A. Madero,4749,2489,2260,160,95,,75,92,4592,4464,3848,1418,10.78,3.37,2.07,,1.63,2.06,29.86
0900500012076,Gustavo A. Madero,3343,1771,1572,69,40,0,31,40,3194,3110,2715,1161,10.56,2.06,1.25,0.0,0.97,1.29,34.73
0900500012201,Gustavo A. Madero,5068,2673,2395,129,59,0,53,59,4885,4743,4039,1367,10.38,2.55,1.21,0.0,1.08,1.24,26.97
0900500013229,Gustavo A. Madero,3503,1734,1769,394,174,0,159,173,3272,3113,2349,1412,7.4,11.25,5.32,0.0,4.86,5.56,40.31
0900500010332,Gustavo A. Madero,6347,3231,3116,130,62,0,52,59,6025,5787,4637,1858,8.44,2.05,1.03,0.0,0.86,1.02,29.27
0900500012004,Gustavo A. Madero,2926,1538,1388,35,21,0,8,20,2824,2766,2433,818,12.05,1.2,0.74,0.0,0.28,0.72,27.96
0900500011716,Gustavo A. Madero,3688,1921,1767,31,14,0,9,14,3539,3430,2835,1266,9.87,0.84,0.4,0.0,0.25,0.41,34.33
0900500011699,Gustavo A. Madero,3765,1940,1825,66,24,0,13,24,3599,3497,2924,1278,9.48,1.75,0.67,0.0,0.36,0.69,33.94
0900500011345,Gustavo A. Madero,6493,3430,3063,90,39,0,32,38,6094,5886,4836,1959,10.05,1.39,0.64,0.0,0.53,0.65,30.17
0900500011218,Gustavo A. Madero,4143,2166,1977,129,58,0,40,58,3811,3699,3091,1488,9.27,3.11,1.52,0.0,1.05,1.57,35.92
0900500011059,Gustavo A. Madero,4268,2196,2072,136,62,,46,62,4008,3882,3135,1545,9.06,3.19,1.55,,1.15,1.6,36.2
0900500011909,Gustavo A. Madero,6372,3362,3010,139,68,0,48,66,6057,5885,5058,2044,10.74,2.18,1.12,0.0,0.79,1.12,32.08
0900500011881,Gustavo A. Madero,2655,1364,1291,50,21,0,16,21,2502,2447,2105,644,10.38,1.88,0.84,0.0,0.64,0.86,24.26
0900500011896,Gustavo A. Madero,4727,2570,2157,49,24,0,11,24,4462,4372,3880,1490,12.31,1.04,0.54,0.0,0.25,0.55,31.52
0900500011631,Gustavo A. Madero,3638,1925,1713,32,13,0,9,13,3520,3427,2925,1066,10.5,0.88,0.37,0.0,0.26,0.38,29.3
0900500013144,Gustavo A. Madero,4293,2215,2078,131,58,0,54,57,4024,3879,3110,1843,8.86,3.05,1.44,0.0,1.34,1.47,42.93
0900500011523,Gustavo A. Madero,5734,2962,2772,58,25,0,24,25,5403,5226,4378,1644,10.25,1.01,0.46,0.0,0.44,0.48,28.67
0900500012930,Gustavo A. Madero,4606,2373,2233,69,34,0,27,34,4314,4186,3535,1497,10.29,1.5,0.79,0.0,0.63,0.81,32.5
0900500011330,Gustavo A. Madero,5158,2683,2475,130,55,0,51,55,4772,4627,3821,1730,9.84,2.52,1.15,0.0,1.07,1.19,33.54
0900500011326,Gustavo A. Madero,2673,1401,1272,40,13,0,9,13,2520,2441,2048,630,10.24,1.5,0.52,0.0,0.36,0.53,23.57
0900500011792,Gustavo A. Madero,2922,1609,1313,20,20,0,9,19,2836,2784,2474,927,12.62,0.68,0.71,0.0,0.32,0.68,31.72
0900500011415,Gustavo A. Madero,3885,2117,1768,53,31,0,19,31,3728,3651,3264,1055,12.63,1.36,0.83,0.0,0.51,0.85,27.16
0900500011453,Gustavo A. Madero,3207,1723,1484,230,68,0,62,68,3016,2926,2436,1264,10.01,7.17,2.25,0.0,2.06,2.32,39.41
0900500011449,Gustavo A. Madero,3121,1673,1448,63,31,0,30,31,3005,2931,2553,1156,11.27,2.02,1.03,0.0,1.0,1.06,37.04
0900500013163,Gustavo A. Madero,2148,1133,1015,50,23,0,23,21,1976,1906,1581,727,9.49,2.33,1.16,0.0,1.16,1.1,33.85
0900500011190,Gustavo A. Madero,5334,2847,2487,142,52,,39,52,4934,4769,3899,1770,9.59,2.66,1.05,,0.79,1.09,33.18
090050001263A,Gustavo A. Madero,2536,1389,1147,12,8,0,3,8,2425,2375,2091,710,11.04,0.47,0.33,0.0,0.12,0.34,28.0
0900500012894,Gustavo A. Madero,2276,1215,1061,8,7,0,4,7,2203,2157,1888,517,10.41,0.35,0.32,0.0,0.18,0.32,22.72
0900500012678,Gustavo A. Madero,2681,1417,1264,7,5,0,3,5,2594,2529,2173,692,10.97,0.26,0.19,0.0,0.12,0.2,25.81
0900500012697,Gustavo A. Madero,3076,1606,1470,51,20,0,9,20,2959,2894,2481,821,10.94,1.66,0.68,0.0,0.3,0.69,26.69
0900500010671,Gustavo A. Madero,5526,2916,2610,182,58,0,48,58,5241,5044,4104,1620,9.06,3.29,1.11,0.0,0.92,1.15,29.32
0900500011472,Gustavo A. Madero,3158,1656,1502,132,49,,45,49,3023,2934,2476,878,10.29,4.18,1.62,,1.49,1.67,27.8
0900500011468,Gustavo A. Madero,1270,664,606,58,18,0,18,18,1190,1133,865,462,8.25,4.57,1.51,0.0,1.51,1.59,36.38
090050001085A,Gustavo A. Madero,5397,2812,2585,95,38,0,34,38,5103,4934,4035,1773,9.51,1.76,0.74,0.0,0.67,0.77,32.85
0900500013089,Gustavo A. Madero,8202,4212,3990,225,93,,81,92,7736,7455,6105,2223,9.56,2.74,1.2,,1.05,1.23,27.1
0900500012945,Gustavo A. Madero,4849,2570,2279,86,35,0,26,35,4636,4441,3649,1724,10.12,1.77,0.75,0.0,0.56,0.79,35.55
0900500010421,Gustavo A. Madero,3836,1974,1862,56,28,0,23,28,3594,3510,3010,1386,10.38,1.46,0.78,0.0,0.64,0.8,36.13
0900500011913,Gustavo A. Madero,7254,3785,3469,168,92,0,56,90,6940,6750,5785,2374,10.1,2.32,1.33,0.0,0.81,1.33,32.73
0900500011167,Gustavo A. Madero,5891,3075,2816,487,234,6,207,232,5508,5277,4194,2051,8.28,8.27,4.25,0.11,3.76,4.4,34.82
0900500011294,Gustavo A. Madero,6830,3696,3134,100,53,0,46,53,6485,6256,5219,2004,9.73,1.46,0.82,0.0,0.71,0.85,29.34
0900500010794,Gustavo A. Madero,2533,1324,1209,52,19,0,14,19,2447,2367,1948,943,10.63,2.05,0.78,0.0,0.57,0.8,37.23
0900500012644,Gustavo A. Madero,2311,1241,1070,9,,0,0,,2213,2164,1879,540,11.07,0.39,,0.0,0.0,,23.37
0900500011044,Gustavo A. Madero,6423,3376,3047,195,85,0,78,84,6057,5865,4774,2430,9.49,3.04,1.4,0.0,1.29,1.43,37.83
0900500011148,Gustavo A. Madero,4825,2525,2300,127,45,0,39,44,4577,4433,3753,1680,9.93,2.63,0.98,0.0,0.85,0.99,34.82
0900500011627,Gustavo A. Madero,609,337,272,28,11,0,11,11,571,553,466,203,10.75,4.6,1.93,0.0,1.93,1.99,33.33
0900500011839,Gustavo A. Madero,4357,2291,2066,87,45,0,37,45,4193,4099,3531,1486,11.09,2.0,1.07,0.0,0.88,1.1,34.11
0900500013341,Gustavo A. Madero,2409,1280,1129,34,10,0,4,10,2253,2187,1855,631,10.59,1.41,0.44,0.0,0.18,0.46,26.19
090050001103A,Gustavo A. Madero,4312,2248,2064,138,57,0,50,56,4050,3937,3229,1598,9.57,3.2,1.41,0.0,1.23,1.42,37.06
0900500013159,Gustavo A. Madero,5624,2869,2755,94,44,0,39,44,5280,5072,4186,2041,9.13,1.67,0.83,0.0,0.74,0.87,36.29
0900500010864,Gustavo A. Madero,5753,3003,2750,134,69,,62,69,5447,5289,4378,2120,8.98,2.33,1.27,,1.14,1.3,36.85
0900500011311,Gustavo A. Madero,2332,1268,1064,15,11,0,7,11,2124,2073,1783,642,11.39,0.64,0.52,0.0,0.33,0.53,27.53
0900500013407,Gustavo A. Madero,7100,3759,3341,50,26,0,17,26,6539,6299,5211,1290,12.85,0.7,0.4,0.0,0.26,0.41,18.17
0900500011487,Gustavo A. Madero,2862,1513,1349,49,26,0,22,26,2741,2663,2286,857,10.24,1.71,0.95,0.0,0.8,0.98,29.94
0900500011650,Gustavo A. Madero,5998,3107,2891,69,29,0,20,29,5324,5102,4282,825,13.73,1.15,0.54,0.0,0.38,0.57,13.75
0900500011858,Gustavo A. Madero,2305,1202,1103,62,27,0,26,27,2221,2163,1880,689,10.89,2.69,1.22,0.0,1.17,1.25,29.89
0900500011538,Gustavo A. Madero,4683,2476,2207,106,54,0,47,53,4439,4287,3552,1373,9.41,2.26,1.22,0.0,1.06,1.24,29.32
0900500011970,Gustavo A. Madero,6393,3345,3048,49,14,0,10,14,6101,5941,4946,2483,9.38,0.77,0.23,0.0,0.16,0.24,38.84
0900500011701,Gustavo A. Madero,3574,1878,1696,20,9,0,9,9,3382,3253,2632,1193,8.95,0.56,0.27,0.0,0.27,0.28,33.38
0900500012023,Gustavo A. Madero,4033,2115,1918,62,26,0,11,26,3860,3760,3192,1144,11.0,1.54,0.67,0.0,0.28,0.69,28.37
0900500011843,Gustavo A. Madero,4581,2396,2185,145,67,0,36,64,4392,4281,3740,1442,11.44,3.17,1.53,0.0,0.82,1.49,31.48
0900500011877,Gustavo A. Madero,2711,1418,1293,77,37,0,18,37,2564,2490,2108,761,10.37,2.84,1.44,0.0,0.7,1.49,28.07
0900500011862,Gustavo A. Madero,4005,2125,1880,44,21,0,12,20,3826,3740,3280,1349,11.01,1.1,0.55,0.0,0.31,0.53,33.68
0900500012080,Gustavo A. Madero,2408,1271,1137,24,10,0,7,10,2282,2224,1891,721,10.34,1.0,0.44,0.0,0.31,0.45,29.94
0900500012220,Gustavo A. Madero,5981,3137,2844,79,37,0,35,37,5763,5598,4694,1909,10.2,1.32,0.64,0.0,0.61,0.66,31.92
090050001224A,Gustavo A. Madero,3859,2048,1811,42,18,0,11,18,3721,3627,3107,1302,10.59,1.09,0.48,0.0,0.3,0.5,33.74
090050001270A,Gustavo A. Madero,2678,1392,1286,19,11,0,8,10,2546,2476,2118,782,10.58,0.71,0.43,0.0,0.31,0.4,29.2
0900500012216,Gustavo A. Madero,3901,2091,1810,68,55,,47,55,3725,3630,3081,1225,10.26,1.74,1.48,,1.26,1.52,31.4
0900500012061,Gustavo A. Madero,2941,1565,1376,23,12,0,5,12,2813,2743,2378,990,10.67,0.78,0.43,0.0,0.18,0.44,33.66
0900500012057,Gustavo A. Madero,2770,1478,1292,47,24,0,20,24,2645,2566,2176,912,10.75,1.7,0.91,0.0,0.76,0.94,32.92
090050001128A,Gustavo A. Madero,7870,4164,3706,215,97,0,86,96,7438,7207,5956,2747,9.86,2.73,1.3,0.0,1.16,1.33,34.9
0900500010898,Gustavo A. Madero,1563,834,729,24,11,0,8,11,1493,1469,1323,375,12.5,1.54,0.74,0.0,0.54,0.75,23.99
090050001092A,Gustavo A. Madero,2788,1491,1297,74,49,0,34,49,2653,2599,2277,741,12.56,2.65,1.85,0.0,1.28,1.89,26.58
0900500010953,Gustavo A. Madero,1748,965,783,13,14,0,8,14,1688,1667,1512,601,13.58,0.74,0.83,0.0,0.47,0.84,34.38
0900500013337,Gustavo A. Madero,3143,1663,1480,28,13,0,12,13,2950,2857,2311,1032,11.02,0.89,0.44,0.0,0.41,0.46,32.83
0900500011951,Gustavo A. Madero,3179,1666,1513,40,19,0,12,19,3053,2947,2415,953,10.03,1.26,0.62,0.0,0.39,0.64,29.98
0900500012254,Gustavo A. Madero,3284,1746,1538,9,3,0,,3,3163,3097,2691,1156,10.9,0.27,0.09,0.0,,0.1,35.2
0900500010455,Gustavo A. Madero,4112,2233,1879,116,52,0,37,51,3852,3753,3201,961,10.11,2.82,1.35,0.0,0.96,1.36,23.37
0900500010440,Gustavo A. Madero,4552,2389,2163,75,36,0,21,35,4120,3999,3418,1312,9.89,1.65,0.87,0.0,0.51,0.88,28.82
0900500010402,Gustavo A. Madero,5642,2939,2703,111,58,0,57,57,5152,4993,4150,1217,10.08,1.97,1.13,0.0,1.11,1.14,21.57
0900500010436,Gustavo A. Madero,4353,2331,2022,58,34,0,25,33,4120,4004,3426,1421,10.35,1.33,0.83,0.0,0.61,0.82,32.64
0900500010243,Gustavo A. Madero,7579,3859,3720,262,93,,88,92,7143,6864,5534,2259,8.49,3.46,1.3,,1.23,1.34,29.81
0900500010188,Gustavo A. Madero,4675,2443,2232,149,72,0,62,72,4455,4311,3573,1430,9.58,3.19,1.62,0.0,1.39,1.67,30.59
0900500013214,Gustavo A. Madero,5370,2729,2641,574,202,,161,202,5026,4796,3734,1633,7.82,10.69,4.02,,3.2,4.21,30.41
0900500012748,Gustavo A. Madero,3613,1856,1757,82,27,0,22,27,3355,3223,2595,1107,8.85,2.27,0.8,0.0,0.66,0.84,30.64
0900500010099,Gustavo A. Madero,4627,2398,2229,181,74,0,63,74,4382,4206,3378,1329,9.1,3.91,1.69,0.0,1.44,1.76,28.72
0900500010296,Gustavo A. Madero,2801,1493,1308,43,18,0,13,18,2609,2561,2271,570,12.63,1.54,0.69,0.0,0.5,0.7,20.35
090050001181A,Gustavo A. Madero,3951,2181,1770,37,26,0,19,26,3816,3744,3340,1240,12.61,0.94,0.68,0.0,0.5,0.69,31.38
0900500013125,Gustavo A. Madero,3185,1635,1550,63,15,0,11,15,3022,2931,2506,787,11.25,1.98,0.5,0.0,0.36,0.51,24.71
0900500010506,Gustavo A. Madero,2357,1469,888,101,69,,66,69,2297,2252,2036,649,11.12,4.29,3.0,,2.87,3.06,27.54
0900500013017,Gustavo A. Madero,1856,927,929,173,63,0,55,63,1752,1670,1268,634,7.88,9.32,3.6,0.0,3.14,3.77,34.16
0900500010883,Gustavo A. Madero,808,442,366,22,17,0,14,17,774,759,659,309,12.34,2.72,2.2,0.0,1.81,2.24,38.24
0900500011237,Gustavo A. Madero,3415,1810,1605,97,63,0,58,63,3237,3165,2808,1049,11.63,2.84,1.95,0.0,1.79,1.99,30.72
0900500010173,Gustavo A. Madero,4629,2414,2215,108,42,0,33,42,4388,4235,3505,1539,9.84,2.33,0.96,0.0,0.75,0.99,33.25
0900500012663,Gustavo A. Madero,2872,1540,1332,17,8,0,4,8,2756,2693,2343,918,10.9,0.59,0.29,0.0,0.15,0.3,31.96
0900500010050,Gustavo A. Madero,10216,5337,4879,372,153,0,133,151,9655,9315,7573,3336,9.36,3.64,1.58,0.0,1.38,1.62,32.65
0900500010101,Gustavo A. Madero,5161,2674,2487,102,39,,30,39,4772,4606,3665,1452,8.72,1.98,0.82,,0.63,0.85,28.13
0900500012983,Gustavo A. Madero,3389,1713,1676,271,109,,99,109,3178,3009,2378,859,7.98,8.0,3.43,,3.12,3.62,25.35
0900500012837,Gustavo A. Madero,3522,1795,1727,236,94,0,83,93,3316,3165,2463,1071,8.18,6.7,2.83,0.0,2.5,2.94,30.41
090050001313A,Gustavo A. Madero,1750,869,881,16,9,0,8,9,1672,1642,1517,309,13.91,0.91,0.54,0.0,0.48,0.55,17.66
0900500010722,Gustavo A. Madero,3399,1846,1553,23,33,0,24,33,3261,3198,2859,995,13.54,0.68,1.01,0.0,0.74,1.03,29.27
0900500011824,Gustavo A. Madero,3179,1747,1432,31,19,0,16,19,3058,2996,2656,1035,12.43,0.98,0.62,0.0,0.52,0.63,32.56
090050001135A,Gustavo A. Madero,6431,3344,3087,150,57,0,52,57,6107,5899,4859,2064,9.28,2.33,0.93,0.0,0.85,0.97,32.09
0900500013252,Gustavo A. Madero,5938,3018,2920,210,89,0,76,89,5609,5400,4292,1721,8.55,3.54,1.59,0.0,1.35,1.65,28.98
0900500012606,Gustavo A. Madero,3128,1594,1534,69,32,0,26,32,2957,2838,2300,1210,8.56,2.21,1.08,0.0,0.88,1.13,38.68
0900500012733,Gustavo A. Madero,3794,1978,1816,80,26,0,21,26,3612,3469,2792,1147,9.53,2.11,0.72,0.0,0.58,0.75,30.23
0900500010262,Gustavo A. Madero,4360,2275,2085,84,45,0,35,44,4096,3922,3167,1336,8.96,1.93,1.1,0.0,0.85,1.12,30.64
0900500012396,Gustavo A. Madero,3762,2015,1747,6,6,0,4,6,3593,3519,3003,1267,10.7,0.16,0.17,0.0,0.11,0.17,33.68
0900500010756,Gustavo A. Madero,33,13,20,0,0,0,0,0,33,33,29,11,11.83,0.0,0.0,0.0,0.0,0.0,33.33
0900500011595,Gustavo A. Madero,3559,1939,1620,42,15,0,12,15,3360,3286,2934,1195,12.57,1.18,0.45,0.0,0.36,0.46,33.58
0900500011434,Gustavo A. Madero,1668,923,745,37,13,0,13,13,1608,1578,1377,600,11.53,2.22,0.81,0.0,0.81,0.82,35.97
0900500011684,Gustavo A. Madero,4710,2476,2234,62,35,0,22,35,4490,4347,3637,1483,9.62,1.32,0.78,0.0,0.49,0.81,31.49
090050001167A,Gustavo A. Madero,7534,4020,3514,93,39,0,26,38,7025,6822,5705,2320,9.99,1.23,0.56,0.0,0.37,0.56,30.79
0900500011928,Gustavo A. Madero,5,3,,0,0,0,0,0,5,5,,5,7.5,0.0,0.0,0.0,0.0,0.0,100.0
0900500011769,Gustavo A. Madero,5449,2848,2601,74,36,0,25,36,5155,5023,4328,1874,10.54,1.36,0.7,0.0,0.48,0.72,34.39
0900500012786,Gustavo A. Madero,2195,1118,1077,41,29,0,21,28,2119,2059,1710,752,11.96,1.87,1.37,0.0,0.99,1.36,34.26
0900500010351,Gustavo A. Madero,5142,2596,2546,520,245,8,222,242,4813,4606,3623,1494,8.14,10.11,5.09,0.17,4.61,5.25,29.05
0900500012574,Gustavo A. Madero,3487,1801,1686,185,75,,67,75,3250,3098,2452,1031,7.48,5.31,2.31,,2.06,2.42,29.57
0900500010633,Gustavo A. Madero,2630,1392,1238,14,15,0,11,15,2537,2476,2178,811,12.73,0.53,0.59,0.0,0.43,0.61,30.84
090050001231A,Gustavo A. Madero,3649,1972,1677,37,19,0,15,19,3509,3425,2983,1198,10.86,1.01,0.54,0.0,0.43,0.55,32.83
0900500012112,Gustavo A. Madero,406,232,174,16,5,0,4,5,379,363,269,169,9.77,3.94,1.32,0.0,1.06,1.38,41.63
0900500012466,Gustavo A. Madero,3272,1736,1536,15,11,0,6,11,3138,3051,2670,1052,11.17,0.46,0.35,0.0,0.19,0.36,32.15
0900500011542,Gustavo A. Madero,5636,2964,2672,126,47,0,41,46,5358,5177,4239,1854,9.32,2.24,0.88,0.0,0.77,0.89,32.9
0900500011222,Gustavo A. Madero,4389,2289,2100,118,53,0,44,53,4137,4002,3315,1418,9.32,2.69,1.28,0.0,1.06,1.32,32.31
0900500012381,Gustavo A. Madero,2877,1514,1363,53,15,0,14,15,2730,2666,2260,1073,10.45,1.84,0.55,0.0,0.51,0.56,37.3
0900500012305,Gustavo A. Madero,3891,1998,1893,104,39,0,34,39,3724,3611,2948,1423,9.82,2.67,1.05,0.0,0.91,1.08,36.57
0900500012288,Gustavo A. Madero,8122,4288,3834,198,96,0,75,95,7784,7564,6416,3282,10.09,2.44,1.23,0.0,0.96,1.26,40.41
0900500012273,Gustavo A. Madero,5414,2874,2540,120,44,0,23,44,5204,5060,4384,1595,10.41,2.22,0.85,0.0,0.44,0.87,29.46
0900500012199,Gustavo A. Madero,3630,1977,1653,44,19,0,9,19,3468,3392,2952,1141,10.89,1.21,0.55,0.0,0.26,0.56,31.43
0900500012184,Gustavo A. Madero,3002,1597,1405,29,14,0,5,14,2930,2866,2519,909,11.1,0.97,0.48,0.0,0.17,0.49,30.28
090050001174A,Gustavo A. Madero,4752,2515,2237,133,63,,35,63,4462,4316,3655,1453,9.83,2.8,1.41,,0.78,1.46,30.58
0900500013360,Gustavo A. Madero,3877,1962,1915,237,97,0,91,97,3648,3521,2867,1590,9.36,6.11,2.66,0.0,2.49,2.75,41.01
0900500013411,Gustavo A. Madero,5215,2595,2620,900,341,4,324,340,4840,4594,3480,2228,7.58,17.26,7.05,0.08,6.69,7.4,42.72
0900500012502,Gustavo A. Madero,9,0,9,0,0,0,0,0,9,9,9,4,4.11,0.0,0.0,0.0,0.0,0.0,44.44
0900500012979,Gustavo A. Madero,5021,2514,2507,211,88,,75,88,4712,4478,3438,1433,8.1,4.2,1.87,,1.59,1.97,28.54
0900500012485,Gustavo A. Madero,6886,3583,3303,85,31,0,25,31,6575,6355,5173,2426,10.0,1.23,0.47,0.0,0.38,0.49,35.23
0900500010830,Gustavo A. Madero,4677,2423,2254,184,72,0,49,72,4461,4342,3709,1300,9.96,3.93,1.61,0.0,1.1,1.66,27.8
0900500010826,Gustavo A. Madero,4211,2198,2013,89,46,0,35,46,3943,3827,3159,1559,9.41,2.11,1.17,0.0,0.89,1.2,37.02
0900500010370,Gustavo A. Madero,3074,1580,1494,36,18,0,14,18,2890,2804,2358,929,10.67,1.17,0.62,0.0,0.48,0.64,30.22
0900500011612,Gustavo A. Madero,2625,1456,1169,23,15,0,12,15,2515,2461,2184,821,12.24,0.88,0.6,0.0,0.48,0.61,31.28
0900500012377,Gustavo A. Madero,2991,1626,1365,20,11,0,6,11,2857,2804,2459,741,12.15,0.67,0.39,0.0,0.21,0.39,24.77
0900500012127,Gustavo A. Madero,6604,3393,3211,51,22,0,12,21,6232,5983,4829,2027,10.07,0.77,0.35,0.0,0.19,0.35,30.69
0900500012131,Gustavo A. Madero,3806,1962,1844,36,19,0,13,19,3594,3465,2796,1250,9.56,0.95,0.53,0.0,0.36,0.55,32.84
090050001295A,Gustavo A. Madero,4359,2274,2085,57,18,0,11,17,4145,4011,3257,1359,10.05,1.31,0.43,0.0,0.27,0.42,31.18
0900500011735,Gustavo A. Madero,4755,2484,2271,151,78,3,63,77,4528,4412,3726,1603,10.35,3.18,1.72,0.07,1.39,1.75,33.71
0900500011400,Gustavo A. Madero,4322,2247,2075,409,248,6,204,242,4100,3961,3216,1692,9.7,9.46,6.05,0.15,4.98,6.11,39.15
0900500011788,Gustavo A. Madero,3189,1735,1454,37,13,0,12,13,3063,3017,2667,1041,12.53,1.16,0.42,0.0,0.39,0.43,32.64
0900500013267,Gustavo A. Madero,3537,1635,1902,529,237,0,216,235,3301,3154,2501,1132,7.87,14.96,7.18,0.0,6.54,7.45,32.0
0900500011364,Gustavo A. Madero,4704,2424,2280,76,45,0,19,44,4501,4338,3542,1454,9.33,1.62,1.0,0.0,0.42,1.01,30.91
0900500011773,Gustavo A. Madero,4332,2323,2009,139,82,0,37,82,4106,3994,3419,1430,10.94,3.21,2.0,0.0,0.9,2.05,33.01
0900500010614,Gustavo A. Madero,789,382,407,5,,0,,,768,762,699,190,13.6,0.63,,0.0,,,24.08
0900500010258,Gustavo A. Madero,5381,2728,2653,173,79,0,50,79,5082,4898,3906,1959,8.47,3.22,1.55,0.0,0.98,1.61,36.41
0900500013248,Gustavo A. Madero,4954,2553,2401,212,78,,69,77,4666,4481,3491,1670,8.45,4.28,1.67,,1.48,1.72,33.71
0900500012659,Gustavo A. Madero,2312,1230,1082,10,5,0,,5,2186,2142,1885,611,11.12,0.43,0.23,0.0,,0.23,26.43
0900500012998,Gustavo A. Madero,4383,2223,2160,518,214,0,197,213,4061,3882,3021,1575,8.03,11.82,5.27,0.0,4.85,5.49,35.93
0900500010154,Gustavo A. Madero,12546,3,12543,0,66,0,66,66,12534,12534,12534,0,8.05,0.0,0.53,0.0,0.53,0.53,0.0
0900500012409,Gustavo A. Madero,3892,2056,1836,29,15,0,10,15,3716,3632,3177,961,11.95,0.75,0.4,0.0,0.27,0.41,24.69
0900500012447,Gustavo A. Madero,2808,1488,1320,20,11,0,10,11,2715,2654,2358,662,12.04,0.71,0.41,0.0,0.37,0.41,23.58
0900500012358,Gustavo A. Madero,1782,917,865,23,14,0,14,14,1690,1652,1437,575,10.7,1.29,0.83,0.0,0.83,0.85,32.27
0900500012470,Gustavo A. Madero,6109,3183,2926,57,21,0,19,21,5863,5717,4768,1973,10.22,0.93,0.36,0.0,0.32,0.37,32.3
0900500012343,Gustavo A. Madero,3465,1862,1603,12,16,0,11,16,3356,3269,2869,1009,11.19,0.35,0.48,0.0,0.33,0.49,29.12
0900500012428,Gustavo A. Madero,2595,1346,1249,18,6,0,,6,2505,2424,2097,809,10.55,0.69,0.24,0.0,,0.25,31.18
0900500011805,Gustavo A. Madero,567,300,267,5,,0,,,483,471,377,98,12.72,0.88,,0.0,,,17.28
0900500010807,Gustavo A. Madero,1182,623,559,204,92,0,77,92,1114,1066,844,415,7.59,17.26,8.26,0.0,6.91,8.63,35.11
0900500010760,Gustavo A. Madero,2429,1270,1159,184,74,0,72,73,2325,2257,1843,938,10.32,7.58,3.18,0.0,3.1,3.23,38.62
0900500010987,Gustavo A. Madero,2609,1360,1249,65,29,0,27,29,2498,2417,2027,1011,10.16,2.49,1.16,0.0,1.08,1.2,38.75
0900500011557,Gustavo A. Madero,3779,1989,1790,71,31,0,25,31,3609,3508,2965,1344,10.93,1.88,0.86,0.0,0.69,0.88,35.56
0900500011720,Gustavo A. Madero,3123,1623,1500,55,29,0,22,29,3017,2950,2579,981,11.3,1.76,0.96,0.0,0.73,0.98,31.41
0900500011398,Gustavo A. Madero,3165,1640,1525,76,34,0,24,34,3028,2944,2512,1273,10.14,2.4,1.12,0.0,0.79,1.15,40.22
0900500011114,Gustavo A. Madero,2017,1086,931,8,12,0,6,12,1969,1944,1770,714,13.82,0.4,0.61,0.0,0.3,0.62,35.4
0900500011256,Gustavo A. Madero,1179,628,551,65,23,0,18,23,1100,1053,901,448,10.79,5.51,2.09,0.0,1.64,2.18,38.0
0900500011260,Gustavo A. Madero,2431,1302,1129,28,20,,8,20,2332,2277,2044,876,12.47,1.15,0.86,,0.34,0.88,36.03
090050001110A,Gustavo A. Madero,3245,1793,1452,17,27,0,25,27,3152,3098,2803,984,13.49,0.52,0.86,0.0,0.79,0.87,30.32
0900500011097,Gustavo A. Madero,2473,1366,1107,35,19,,16,19,2403,2361,2105,729,13.1,1.42,0.79,,0.67,0.8,29.48
0900500010366,Gustavo A. Madero,10011,5246,4765,128,73,,47,72,9225,8891,7525,2265,12.15,1.28,0.79,,0.51,0.81,22.63
0900500013303,Gustavo A. Madero,1952,991,961,34,14,0,12,13,1865,1804,1506,467,10.05,1.74,0.75,0.0,0.64,0.72,23.92
0900500013290,Gustavo A. Madero,4641,2398,2243,98,46,,40,46,4383,4249,3523,1146,10.01,2.11,1.05,,0.91,1.08,24.69
0900500013375,Gustavo A. Madero,1242,690,552,16,9,0,8,9,1197,1163,1003,352,11.61,1.29,0.75,0.0,0.67,0.77,28.34
0900500010525,Gustavo A. Madero,1209,641,568,5,9,0,6,9,1169,1149,1028,350,13.58,0.41,0.77,0.0,0.51,0.78,28.95
090050001338A,Gustavo A. Madero,3045,1634,1411,29,37,0,22,37,2944,2883,2542,758,13.44,0.95,1.26,0.0,0.75,1.28,24.89
0900500010718,Gustavo A. Madero,0,0,0,0,0,0,0,0,0,0,0,0,0.0,,,,,,
0900500010563,Gustavo A. Madero,3660,1884,1776,113,52,0,28,52,3414,3306,2810,1114,10.23,3.09,1.52,0.0,0.82,1.57,30.44
0900500013356,Gustavo A. Madero,1294,733,561,26,6,0,5,6,1209,1175,942,273,13.05,2.01,0.5,0.0,0.41,0.51,21.1
0900500013182,Gustavo A. Madero,2437,1256,1181,73,37,0,31,35,2310,2254,1802,547,10.81,3.0,1.6,0.0,1.34,1.55,22.45
0900500013093,Gustavo A. Madero,11929,6099,5830,320,163,,139,163,11073,10672,8669,3578,9.54,2.68,1.47,,1.26,1.53,29.99
0900500010192,Gustavo A. Madero,5587,2877,2710,174,68,0,60,68,5325,5149,4237,1534,9.67,3.11,1.28,0.0,1.13,1.32,27.46
0900500012729,Gustavo A. Madero,4594,2343,2251,171,78,0,66,78,4359,4169,3402,1463,8.99,3.72,1.79,0.0,1.51,1.87,31.85
0900500010027,Gustavo A. Madero,5407,2762,2645,246,93,0,82,93,5140,4949,3940,1885,8.7,4.55,1.81,0.0,1.6,1.88,34.86
0900500013233,Gustavo A. Madero,5807,2970,2837,444,182,,147,181,5455,5223,4109,1803,8.42,7.65,3.34,,2.69,3.47,31.05
0900500013445,Gustavo A. Madero,3639,1847,1792,528,224,4,204,223,3414,3243,2482,1251,7.72,14.51,6.56,0.12,5.98,6.88,34.38
0900500013430,Gustavo A. Madero,3658,1841,1817,271,98,4,87,98,3435,3275,2496,1104,7.61,7.41,2.85,0.12,2.53,2.99,30.18
0900500013318,Gustavo A. Madero,4181,2118,2063,244,100,0,96,100,3909,3735,2870,1082,7.8,5.84,2.56,0.0,2.46,2.68,25.88
0900500010703,Gustavo A. Madero,7928,4171,3757,282,117,,106,117,7502,7264,5921,2994,9.01,3.56,1.56,,1.41,1.61,37.76
0900500012432,Gustavo A. Madero,2783,1480,1303,35,9,0,8,9,2704,2653,2343,746,12.16,1.26,0.33,0.0,0.3,0.34,26.81
0900500012451,Gustavo A. Madero,3389,1815,1574,16,13,0,4,13,3258,3199,2795,908,11.21,0.47,0.4,0.0,0.12,0.41,26.79
0900500011665,Gustavo A. Madero,4928,2606,2322,130,61,0,52,61,4610,4483,3827,1470,10.41,2.64,1.32,0.0,1.13,1.36,29.83
0900500013394,Gustavo A. Madero,2994,1621,1373,32,9,0,6,9,2851,2779,2341,890,10.98,1.07,0.32,0.0,0.21,0.32,29.73
0900500011307,Gustavo A. Madero,11124,5889,5235,470,187,,137,185,10115,9713,7832,2919,10.22,4.23,1.85,,1.35,1.9,26.24
0900500011171,Gustavo A. Madero,6380,3396,2984,174,70,0,52,70,5983,5797,4886,2006,9.95,2.73,1.17,0.0,0.87,1.21,31.44
0900500012339,Gustavo A. Madero,760,401,359,10,3,0,3,3,721,705,612,214,10.72,1.32,0.42,0.0,0.42,0.43,28.16
0900500012324,Gustavo A. Madero,3143,1674,1469,25,11,0,8,11,3032,2967,2535,971,11.16,0.8,0.36,0.0,0.26,0.37,30.89
0900500012150,Gustavo A. Madero,3178,1682,1496,42,14,0,13,14,3052,2965,2552,1046,10.98,1.32,0.46,0.0,0.43,0.47,32.91
0900500012146,Gustavo A. Madero,2907,1598,1309,48,18,0,14,18,2784,2727,2351,1009,10.85,1.65,0.65,0.0,0.5,0.66,34.71
0900500010775,Gustavo A. Madero,1967,1031,936,102,45,0,40,44,1883,1816,1500,708,10.18,5.19,2.39,0.0,2.12,2.42,35.99
0900500010972,Gustavo A. Madero,2752,1393,1359,133,78,0,72,78,2635,2539,2128,999,10.51,4.83,2.96,0.0,2.73,3.07,36.3
0900500010991,Gustavo A. Madero,5587,2840,2747,392,179,,147,179,5264,5083,4136,1827,8.79,7.02,3.4,,2.79,3.52,32.7
0900500012767,Gustavo A. Madero,5074,2637,2437,224,69,0,64,69,4755,4542,3556,1832,8.27,4.41,1.45,0.0,1.35,1.52,36.11
0900500010169,Gustavo A. Madero,7794,4025,3769,367,153,0,144,151,7335,7050,5649,2405,8.65,4.71,2.09,0.0,1.96,2.14,30.86
0900500011063,Gustavo A. Madero,2435,1321,1114,37,27,0,22,27,2357,2316,2065,564,12.91,1.52,1.15,0.0,0.93,1.17,23.16
0900500010879,Gustavo A. Madero,2030,1084,946,35,14,0,10,14,1942,1904,1677,430,12.32,1.72,0.72,0.0,0.51,0.74,21.18
0900500012536,Gustavo A. Madero,1826,935,891,114,39,0,39,39,1717,1638,1299,530,8.22,6.24,2.27,0.0,2.27,2.38,29.03
0900500012292,Gustavo A. Madero,4399,2291,2108,93,40,0,30,40,4208,4092,3476,1624,10.24,2.11,0.95,0.0,0.71,0.98,36.92
0900500011078,Gustavo A. Madero,0,0,0,0,0,0,0,0,0,0,0,0,0.0,,,,,,
0900500010493,Gustavo A. Madero,2873,1529,1344,31,14,0,11,14,2779,2730,2414,699,12.35,1.08,0.5,0.0,0.4,0.51,24.33
0900500010510,Gustavo A. Madero,860,462,398,3,4,0,4,4,832,812,729,176,13.06,0.35,0.48,0.0,0.48,0.49,20.47
0900500011082,Gustavo A. Madero,2836,1521,1315,38,21,0,16,21,2735,2671,2362,904,12.08,1.34,0.77,0.0,0.59,0.79,31.88
0900500011379,Gustavo A. Madero,5747,3032,2715,158,78,0,57,78,5478,5326,4501,2030,10.18,2.75,1.42,0.0,1.04,1.46,35.32
0900500011383,Gustavo A. Madero,4126,2159,1967,88,48,0,42,48,3954,3826,3261,1474,10.51,2.13,1.21,0.0,1.06,1.25,35.72
0900500011241,Gustavo A. Madero,99,46,53,,,0,,,93,92,81,17,10.5,,,0.0,,,17.17
0900500011504,Gustavo A. Madero,1136,593,543,43,34,7,18,31,996,972,837,242,11.6,3.79,3.41,0.7,1.81,3.19,21.3
0900500012907,Gustavo A. Madero,5242,2786,2456,75,32,0,24,32,4947,4813,4119,1468,11.19,1.43,0.65,0.0,0.49,0.66,28.0
0900500010309,Gustavo A. Madero,2255,1154,1101,32,14,0,6,14,2096,2050,1804,502,12.75,1.42,0.67,0.0,0.29,0.68,22.26
090050001039A,Gustavo A. Madero,5660,2950,2710,75,39,0,29,38,5422,5327,4755,1372,13.83,1.33,0.72,0.0,0.53,0.71,24.24
0900500010313,Gustavo A. Madero,3901,2030,1871,78,30,0,28,30,3617,3486,2847,1067,11.07,2.0,0.83,0.0,0.77,0.86,27.35
0900500010328,Gustavo A. Madero,1721,900,821,105,44,0,43,43,1630,1571,1297,514,10.03,6.1,2.7,0.0,2.64,2.74,29.87
0900500011608,Gustavo A. Madero,2453,1288,1165,38,21,0,17,21,2325,2277,2055,688,12.79,1.55,0.9,0.0,0.73,0.92,28.05
0900500011561,Gustavo A. Madero,3975,2160,1815,35,32,0,25,32,3705,3645,3268,1233,12.69,0.88,0.86,0.0,0.67,0.88,31.02
0900500011754,Gustavo A. Madero,4800,2572,2228,99,58,0,46,58,4488,4358,3731,1423,10.63,2.06,1.29,0.0,1.02,1.33,29.65
090050001142A,Gustavo A. Madero,2091,1138,953,18,19,0,15,19,2006,1972,1755,661,12.85,0.86,0.95,0.0,0.75,0.96,31.61
0900500012235,Gustavo A. Madero,4171,2190,1981,82,28,0,22,28,4029,3938,3352,1293,10.66,1.97,0.69,0.0,0.55,0.71,31.0
090050001306A,Gustavo A. Madero,2794,1465,1329,45,22,,13,22,2669,2576,2110,845,9.0,1.61,0.82,,0.49,0.85,30.24
0900500013074,Gustavo A. Madero,2067,1077,990,65,19,0,15,19,1964,1892,1582,561,10.11,3.14,0.97,0.0,0.76,1.0,27.14
0900500013055,Gustavo A. Madero,2848,1515,1333,48,20,0,17,20,2711,2641,2273,787,10.57,1.69,0.74,0.0,0.63,0.76,27.63
0900500012038,Gustavo A. Madero,3205,1675,1530,25,16,0,11,15,3046,2981,2624,1205,12.3,0.78,0.53,0.0,0.36,0.5,37.6
0900500012042,Gustavo A. Madero,4075,2164,1911,46,23,0,18,23,3879,3801,3261,1200,11.05,1.13,0.59,0.0,0.46,0.61,29.45
0900500012165,Gustavo A. Madero,1058,535,523,17,5,0,5,5,995,963,801,398,10.13,1.61,0.5,0.0,0.5,0.52,37.62
090050001199A,Gustavo A. Madero,4564,2463,2101,19,13,0,6,13,4411,4313,3746,1230,11.41,0.42,0.29,0.0,0.14,0.3,26.95
0900500012019,Gustavo A. Madero,4520,2327,2193,56,25,0,19,25,4342,4216,3582,1321,10.18,1.24,0.58,0.0,0.44,0.59,29.23
0900500011932,Gustavo A. Madero,4227,2188,2039,62,31,,23,31,4057,3936,3330,1417,9.94,1.47,0.76,,0.57,0.79,33.52
0900500011186,Gustavo A. Madero,6513,3399,3114,187,96,3,93,96,6184,5984,5000,2334,9.61,2.87,1.55,0.05,1.5,1.6,35.84
0900500011006,Gustavo A. Madero,4485,2306,2179,82,46,0,39,44,4283,4160,3516,1443,9.88,1.83,1.07,0.0,0.91,1.06,32.17
0900500010741,Gustavo A. Madero,2430,1344,1086,27,31,0,12,31,2333,2285,2048,822,13.67,1.11,1.33,0.0,0.51,1.36,33.83
0900500010968,Gustavo A. Madero,1499,806,693,10,14,0,12,14,1418,1398,1221,466,13.87,0.67,0.99,0.0,0.85,1.0,31.09
0900500010667,Gustavo A. Madero,5898,3072,2826,186,79,0,69,79,5614,5429,4354,1809,9.01,3.15,1.41,0.0,1.23,1.46,30.67
090050001288A,Gustavo A. Madero,1781,938,843,16,5,0,,5,1712,1678,1474,535,10.53,0.9,0.29,0.0,,0.3,30.04
0900500011133,Gustavo A. Madero,6124,3270,2854,376,233,14,186,229,5770,5589,4605,2296,9.73,6.14,4.04,0.24,3.22,4.1,37.49
0900500010559,Gustavo A. Madero,2910,1506,1404,51,29,0,25,29,2792,2707,2353,946,11.12,1.75,1.04,0.0,0.9,1.07,32.51
0900500010417,Gustavo A. Madero,4853,2539,2314,162,58,0,51,58,4610,4441,3590,1649,9.65,3.34,1.26,0.0,1.11,1.31,33.98
0900500010474,Gustavo A. Madero,5381,2804,2577,123,56,,42,54,4999,4866,4176,1491,10.35,2.29,1.12,,0.84,1.11,27.71
0900500010489,Gustavo A. Madero,3582,1869,1713,55,21,0,17,21,3458,3379,2860,751,12.48,1.54,0.61,0.0,0.49,0.62,20.97
0900500010281,Gustavo A. Madero,2726,1487,1239,31,12,0,3,12,2550,2509,2196,630,12.25,1.14,0.47,0.0,0.12,0.48,23.11
0900500010277,Gustavo A. Madero,3229,1724,1505,36,20,0,10,20,3065,2991,2672,816,12.14,1.11,0.65,0.0,0.33,0.67,25.27
090050001320A,Gustavo A. Madero,2093,1076,1017,20,9,0,4,9,1993,1914,1561,487,11.4,0.96,0.45,0.0,0.2,0.47,23.27
0900500013197,Gustavo A. Madero,5872,3098,2774,149,74,0,37,73,5586,5409,4556,1347,10.03,2.54,1.32,0.0,0.66,1.35,22.94
0900500013426,Gustavo A. Madero,2240,1115,1125,304,143,0,137,140,2107,2003,1579,916,7.8,13.57,6.79,0.0,6.5,6.99,40.89
0900500010084,Gustavo A. Madero,3358,1707,1651,182,75,0,66,74,3164,3037,2418,806,8.8,5.42,2.37,0.0,2.09,2.44,24.0
0900500013286,Gustavo A. Madero,2977,1535,1442,350,129,0,100,128,2784,2672,2108,1008,8.38,11.76,4.63,0.0,3.59,4.79,33.86
090050001078A,Gustavo A. Madero,2063,1082,981,37,23,0,19,23,2000,1933,1640,664,10.86,1.79,1.15,0.0,0.95,1.19,32.19
0900500012682,Gustavo A. Madero,5533,2916,2617,109,44,0,43,43,5245,5065,4143,1920,9.59,1.97,0.84,0.0,0.82,0.85,34.7
0900500010845,Gustavo A. Madero,8230,4358,3872,195,99,3,86,97,7677,7445,6111,3218,9.28,2.37,1.29,0.04,1.12,1.3,39.1
0900500013178,Gustavo A. Madero,2114,1107,1007,88,31,0,26,31,2000,1933,1614,597,10.15,4.16,1.55,0.0,1.3,1.6,28.24
0900500011025,Gustavo A. Madero,7672,4025,3647,185,81,0,70,80,7229,7015,5849,2370,9.59,2.41,1.12,0.0,0.97,1.14,30.89
0900500010385,Gustavo A. Madero,6268,3248,3020,142,68,,44,67,5850,5660,4719,2262,9.23,2.27,1.16,,0.75,1.18,36.09
0900500011275,Gustavo A. Madero,2734,1531,1203,46,30,0,30,30,2642,2596,2293,961,11.75,1.68,1.14,0.0,1.14,1.16,35.15
0900500011129,Gustavo A. Madero,1806,1006,800,26,23,0,19,23,1746,1714,1545,688,12.97,1.44,1.32,0.0,1.09,1.34,38.1
0900600010274,Iztacalco,5069,2654,2415,366,174,,156,173,4749,4613,3828,1895,10.02,7.22,3.66,,3.28,3.75,37.38
0900600010293,Iztacalco,4789,2539,2250,158,67,0,56,67,4423,4301,3609,1587,9.67,3.3,1.51,0.0,1.27,1.56,33.14
0900600011037,Iztacalco,2563,1321,1242,105,57,0,51,57,2450,2371,1937,697,9.63,4.1,2.33,0.0,2.08,2.4,27.19
0900600011018,Iztacalco,2322,1169,1153,38,18,0,15,18,2222,2143,1790,802,9.85,1.64,0.81,0.0,0.68,0.84,34.54
090060001058A,Iztacalco,4962,2566,2396,67,26,0,21,26,4624,4478,3685,1711,9.58,1.35,0.56,0.0,0.45,0.58,34.48
0900600010791,Iztacalco,1760,909,851,32,18,,17,18,1659,1602,1329,547,10.64,1.82,1.08,,1.02,1.12,31.08
0900600010594,Iztacalco,3097,1622,1475,67,57,0,16,56,2887,2794,2305,1086,9.45,2.16,1.97,0.0,0.55,2.0,35.07
0900600010645,Iztacalco,2347,1256,1091,90,34,0,22,34,2192,2134,1793,928,9.95,3.83,1.55,0.0,1.0,1.59,39.54
0900600010823,Iztacalco,3584,1870,1714,39,19,0,11,19,3447,3360,2942,926,10.91,1.09,0.55,0.0,0.32,0.57,25.84
0900600010842,Iztacalco,2166,1150,1016,7,3,0,,3,2081,2039,1768,464,10.98,0.32,0.14,0.0,,0.15,21.42
0900600010471,Iztacalco,3788,1971,1817,102,44,0,39,43,3581,3476,2973,1219,10.28,2.69,1.23,0.0,1.09,1.24,32.18
0900600010698,Iztacalco,3131,1604,1527,116,63,0,52,62,3013,2902,2427,1132,9.64,3.7,2.09,0.0,1.73,2.14,36.15
090060001115A,Iztacalco,2021,1025,996,39,16,0,14,16,1914,1835,1493,722,9.52,1.93,0.84,0.0,0.73,0.87,35.72
0900600010043,Iztacalco,4318,2270,2048,113,54,0,48,54,4108,3956,3271,1463,10.13,2.62,1.31,0.0,1.17,1.37,33.88
0900600011179,Iztacalco,6536,3336,3200,86,37,0,27,36,6179,5957,4837,1966,10.99,1.32,0.6,0.0,0.44,0.6,30.08
0900600011200,Iztacalco,3552,1874,1678,103,67,0,44,66,3291,3197,2748,921,11.5,2.9,2.04,0.0,1.34,2.06,25.93
0900600011183,Iztacalco,1524,832,692,52,16,0,14,16,1450,1410,1180,441,10.93,3.41,1.1,0.0,0.97,1.13,28.94
0900600010170,Iztacalco,2185,1160,1025,110,65,0,61,65,2057,2009,1651,744,10.33,5.03,3.16,0.0,2.97,3.24,34.05
090060001033A,Iztacalco,4337,2332,2005,62,25,0,19,25,4175,4063,3462,1647,10.79,1.43,0.6,0.0,0.46,0.62,37.98
0900600010344,Iztacalco,4024,2092,1932,51,20,0,15,20,3875,3766,3190,1587,10.12,1.27,0.52,0.0,0.39,0.53,39.44
0900600010325,Iztacalco,4592,2411,2181,53,32,0,25,32,4384,4282,3631,1693,10.6,1.15,0.73,0.0,0.57,0.75,36.87
0900600010310,Iztacalco,7115,3686,3429,74,36,0,34,36,6763,6552,5528,2644,10.19,1.04,0.53,0.0,0.5,0.55,37.16
0900600010556,Iztacalco,4487,2381,2106,33,19,0,16,19,4309,4179,3529,2015,10.32,0.74,0.44,0.0,0.37,0.45,44.91
0900600010999,Iztacalco,948,498,450,19,5,0,4,5,910,891,756,311,11.21,2.0,0.55,0.0,0.44,0.56,32.81
0900600010363,Iztacalco,5753,3051,2702,119,44,0,34,43,5256,5091,4238,1724,10.23,2.07,0.84,0.0,0.65,0.84,29.97
0900600010700,Iztacalco,3933,2052,1881,221,90,0,86,90,3746,3613,2968,1119,9.32,5.62,2.4,0.0,2.3,2.49,28.45
0900600010039,Iztacalco,5151,2723,2428,220,103,0,72,103,4926,4770,3918,1864,9.79,4.27,2.09,0.0,1.46,2.16,36.19
0900600010679,Iztacalco,2735,1440,1295,56,21,0,16,21,2566,2474,2067,818,10.06,2.05,0.82,0.0,0.62,0.85,29.91
0900600010607,Iztacalco,7219,3797,3422,93,49,0,43,48,6869,6672,5603,2349,10.21,1.29,0.71,0.0,0.63,0.72,32.54
0900600010664,Iztacalco,4299,2332,1967,52,24,0,20,24,4081,3981,3377,1131,11.19,1.21,0.59,0.0,0.49,0.6,26.31
0900600010626,Iztacalco,2048,1068,980,33,10,0,6,10,1933,1873,1554,628,9.72,1.61,0.52,0.0,0.31,0.53,30.66
0900600011164,Iztacalco,865,439,426,23,9,0,8,9,819,786,652,294,8.91,2.66,1.1,0.0,0.98,1.15,33.99
0900600011130,Iztacalco,3501,1805,1696,114,44,0,40,44,3348,3235,2672,1110,9.33,3.26,1.31,0.0,1.19,1.36,31.71
0900600011126,Iztacalco,4228,2170,2058,56,14,0,11,14,3987,3837,3199,1288,9.99,1.32,0.35,0.0,0.28,0.36,30.46
0900600010202,Iztacalco,5166,2743,2423,78,41,0,19,41,4887,4728,4009,1899,10.61,1.51,0.84,0.0,0.39,0.87,36.76
0900600010081,Iztacalco,4768,2541,2227,81,32,0,13,32,4571,4437,3635,1765,10.78,1.7,0.7,0.0,0.28,0.72,37.02
0900600010096,Iztacalco,5447,2865,2582,123,59,,37,58,5197,5011,4192,1901,10.68,2.26,1.14,,0.71,1.16,34.9
0900600010151,Iztacalco,280,114,166,0,5,0,5,5,280,280,220,41,11.04,0.0,1.79,0.0,1.79,1.79,14.64
0900600010486,Iztacalco,1838,950,888,46,18,0,12,18,1744,1693,1430,743,10.16,2.5,1.03,0.0,0.69,1.06,40.42
0900600010058,Iztacalco,3829,2040,1789,89,72,0,9,70,3688,3591,3083,1140,10.79,2.32,1.95,0.0,0.24,1.95,29.77
0900600010077,Iztacalco,4540,2363,2177,64,26,0,20,26,4340,4209,3544,1555,10.8,1.41,0.6,0.0,0.46,0.62,34.25
0900600010772,Iztacalco,2176,1151,1025,31,13,0,9,13,2023,1976,1715,512,12.25,1.42,0.64,0.0,0.44,0.66,23.53
0900600010768,Iztacalco,2188,1153,1035,61,26,0,25,26,2018,1946,1637,619,10.81,2.79,1.29,0.0,1.24,1.34,28.29
0900600010908,Iztacalco,1413,754,659,11,5,0,3,5,1292,1265,1102,305,12.28,0.78,0.39,0.0,0.23,0.4,21.59
0900600010787,Iztacalco,4987,2634,2353,92,35,0,29,35,4722,4598,3892,1478,10.0,1.84,0.74,0.0,0.61,0.76,29.64
0900600010715,Iztacalco,2486,1315,1171,28,13,0,13,13,2403,2347,1968,953,9.8,1.13,0.54,0.0,0.54,0.55,38.33
0900600010734,Iztacalco,3189,1675,1514,90,47,0,32,47,2965,2875,2374,1108,9.75,2.82,1.59,0.0,1.08,1.63,34.74
090060001072A,Iztacalco,3084,1567,1517,56,22,0,18,21,2921,2818,2337,1033,10.03,1.82,0.75,0.0,0.62,0.75,33.5
090060001026A,Iztacalco,3844,1996,1848,100,48,0,34,48,3638,3527,2985,1227,10.46,2.6,1.32,0.0,0.93,1.36,31.92
090060001019A,Iztacalco,2002,1049,953,38,20,0,18,20,1936,1888,1600,909,10.57,1.9,1.03,0.0,0.93,1.06,45.4
0900600010683,Iztacalco,4156,2113,2043,113,66,0,58,65,3916,3793,3213,1115,9.62,2.72,1.69,0.0,1.48,1.71,26.83
0900600010359,Iztacalco,6622,3546,3076,108,50,0,45,50,6211,6035,5153,2272,10.74,1.63,0.81,0.0,0.72,0.83,34.31
0900600010522,Iztacalco,3345,1811,1534,29,13,0,11,13,3208,3130,2667,993,10.72,0.87,0.41,0.0,0.34,0.42,29.69
0900600010838,Iztacalco,3010,1626,1384,39,23,0,11,23,2895,2834,2475,735,10.84,1.3,0.79,0.0,0.38,0.81,24.42
0900600010255,Iztacalco,6499,3361,3138,63,38,0,28,37,6104,5912,4907,2039,10.09,0.97,0.62,0.0,0.46,0.63,31.37
0900600010024,Iztacalco,4475,2383,2092,119,42,0,31,41,4290,4145,3428,1483,10.18,2.66,0.98,0.0,0.72,0.99,33.14
0900600010503,Iztacalco,4587,2449,2138,52,23,0,17,23,4401,4272,3576,1648,10.3,1.13,0.52,0.0,0.39,0.54,35.93
0900600010490,Iztacalco,3996,2123,1873,90,51,0,41,50,3817,3706,3095,944,10.07,2.25,1.34,0.0,1.07,1.35,23.62
090060001108A,Iztacalco,4180,2164,2016,90,51,0,39,51,3992,3861,3105,1325,8.76,2.15,1.28,0.0,0.98,1.32,31.7
0900600010946,Iztacalco,2536,1350,1186,11,4,0,,4,2418,2367,2062,581,11.47,0.43,0.17,0.0,,0.17,22.91
0900600010931,Iztacalco,3320,1713,1607,37,18,0,13,18,3062,3000,2589,758,10.62,1.11,0.59,0.0,0.42,0.6,22.83
0900600010927,Iztacalco,3045,1594,1451,27,20,0,16,20,2655,2589,2203,668,9.98,0.89,0.75,0.0,0.6,0.77,21.94
0900600011075,Iztacalco,3080,1627,1453,80,31,,21,30,2891,2788,2329,729,9.85,2.6,1.07,,0.73,1.08,23.67
0900600010804,Iztacalco,4723,2432,2291,88,39,0,28,39,4501,4339,3567,1634,9.14,1.86,0.87,0.0,0.62,0.9,34.6
0900600011060,Iztacalco,3497,1834,1663,65,20,0,7,20,3331,3219,2619,1310,9.58,1.86,0.6,0.0,0.21,0.62,37.46
0900600011056,Iztacalco,3696,1936,1760,242,74,,57,74,3369,3236,2606,1230,9.66,6.55,2.2,,1.69,2.29,33.28
0900600010575,Iztacalco,7049,3694,3355,147,67,0,50,67,6429,6223,5119,2413,10.02,2.09,1.04,0.0,0.78,1.08,34.23
0900600011041,Iztacalco,4441,2317,2124,98,45,0,39,45,4234,4098,3402,1742,9.54,2.21,1.06,0.0,0.92,1.1,39.23
0900600010289,Iztacalco,1100,607,493,8,3,0,,3,1047,1025,930,285,12.96,0.73,0.29,0.0,,0.29,25.91
0900600010414,Iztacalco,3002,1608,1394,82,35,,28,35,2840,2746,2255,956,9.52,2.73,1.23,,0.99,1.27,31.85
0900600010166,Iztacalco,2526,1293,1233,158,99,0,86,99,2325,2266,1910,912,9.92,6.25,4.26,0.0,3.7,4.37,36.1
0900600011094,Iztacalco,3703,1979,1724,55,33,0,24,33,3452,3371,2892,1144,11.5,1.49,0.96,0.0,0.7,0.98,30.89
0900600011107,Iztacalco,3934,2040,1894,98,47,0,40,47,3625,3520,2951,1273,10.33,2.49,1.3,0.0,1.1,1.34,32.36
0900600011111,Iztacalco,1508,839,669,7,3,0,0,3,1434,1405,1249,363,11.79,0.46,0.21,0.0,0.0,0.21,24.07
0900600010429,Iztacalco,2587,1366,1221,55,23,0,21,23,2419,2350,1998,899,10.45,2.13,0.95,0.0,0.87,0.98,34.75
0900600010753,Iztacalco,2225,1197,1028,44,16,0,9,16,2067,2014,1759,694,11.93,1.98,0.77,0.0,0.44,0.79,31.19
0900600010880,Iztacalco,1918,1042,876,24,22,0,18,22,1728,1702,1535,530,13.15,1.25,1.27,0.0,1.04,1.29,27.63
0900600010895,Iztacalco,2427,1307,1120,30,17,0,13,17,2282,2251,2044,564,13.34,1.24,0.74,0.0,0.57,0.76,23.24
0900600010452,Iztacalco,2085,1076,1009,31,11,0,10,11,1938,1897,1624,664,10.16,1.49,0.57,0.0,0.52,0.58,31.85
0900600010611,Iztacalco,5946,3089,2857,104,38,0,34,38,5605,5446,4607,1964,10.3,1.75,0.68,0.0,0.61,0.7,33.03
0900600010448,Iztacalco,2534,1324,1210,36,15,0,14,15,2335,2266,1940,802,10.04,1.42,0.64,0.0,0.6,0.66,31.65
0900600010240,Iztacalco,2634,1418,1216,44,23,0,19,23,2465,2400,2063,880,11.99,1.67,0.93,0.0,0.77,0.96,33.41
090060001065A,Iztacalco,2104,1102,1002,61,17,0,11,17,1945,1895,1610,608,9.95,2.9,0.87,0.0,0.57,0.9,28.9
0900600010630,Iztacalco,2591,1359,1232,45,26,0,24,26,2324,2263,1921,866,10.06,1.74,1.12,0.0,1.03,1.15,33.42
0900600010433,Iztacalco,2879,1515,1364,89,35,0,27,35,2602,2520,2129,888,10.25,3.09,1.35,0.0,1.04,1.39,30.84
0900600010467,Iztacalco,17,8,9,0,0,0,0,0,17,17,13,,9.69,0.0,0.0,0.0,0.0,0.0,
0900600010147,Iztacalco,0,0,0,0,0,0,0,0,0,0,0,0,0.0,,,,,,
0900600010185,Iztacalco,5795,3019,2776,104,46,0,32,46,5412,5207,4231,2101,10.55,1.79,0.85,0.0,0.59,0.88,36.26
0900600010132,Iztacalco,4817,2532,2285,131,63,,56,63,4503,4368,3668,1642,10.09,2.72,1.4,,1.24,1.44,34.09
0900600010397,Iztacalco,7109,3674,3435,161,71,0,65,71,6753,6553,5414,2229,9.94,2.26,1.05,0.0,0.96,1.08,31.35
0900600010382,Iztacalco,2678,1416,1262,59,29,0,19,28,2564,2498,2116,888,10.71,2.2,1.13,0.0,0.74,1.12,33.16
0900600011003,Iztacalco,2543,1323,1220,10,8,0,8,8,2460,2414,2070,814,10.59,0.39,0.33,0.0,0.33,0.33,32.01
0900600011022,Iztacalco,1996,1080,916,15,4,0,3,4,1905,1862,1615,761,10.76,0.75,0.21,0.0,0.16,0.21,38.13
090060001001A,Iztacalco,4152,2177,1975,214,67,0,45,66,3938,3806,3160,1443,9.75,5.15,1.7,0.0,1.14,1.73,34.75
0900600011198,Iztacalco,2006,1035,971,27,11,,7,11,1899,1847,1574,681,11.34,1.35,0.58,,0.37,0.6,33.95
0900600010236,Iztacalco,4171,2253,1918,92,46,0,41,46,3904,3826,3376,1343,12.19,2.21,1.18,0.0,1.05,1.2,32.2
0900600010984,Iztacalco,1837,1019,818,14,12,0,11,12,1704,1675,1479,479,13.19,0.76,0.7,0.0,0.65,0.72,26.08
0900600010876,Iztacalco,1830,1003,827,14,6,0,4,5,1714,1690,1513,524,13.03,0.77,0.35,0.0,0.23,0.3,28.63
0900600010749,Iztacalco,2656,1475,1181,27,22,0,18,22,2478,2439,2203,760,12.86,1.02,0.89,0.0,0.73,0.9,28.61
0900600010378,Iztacalco,1989,1028,961,95,34,0,24,34,1844,1790,1523,599,9.85,4.78,1.84,0.0,1.3,1.9,30.12
0900600010221,Iztacalco,6450,3033,3417,74,51,,31,48,5768,5653,5140,1831,12.46,1.15,0.88,,0.54,0.85,28.39
090060001097A,Iztacalco,1476,816,660,9,7,0,6,7,1301,1286,1157,303,13.59,0.61,0.54,0.0,0.46,0.54,20.53
0900600010965,Iztacalco,1709,934,775,18,10,0,6,10,1486,1455,1296,445,13.54,1.05,0.67,0.0,0.4,0.69,26.04
0900600010950,Iztacalco,2442,1338,1104,39,36,0,26,36,2264,2235,2036,596,13.52,1.6,1.59,0.0,1.15,1.61,24.41
0900600010537,Iztacalco,4427,2331,2096,89,41,0,25,41,4184,4088,3475,1428,10.18,2.01,0.98,0.0,0.6,1.0,32.26
0900600010541,Iztacalco,3630,1934,1696,87,32,0,24,31,3329,3214,2749,1367,10.32,2.4,0.96,0.0,0.72,0.96,37.66
0900600010109,Iztacalco,5194,2724,2470,54,22,0,15,22,4956,4805,4045,1906,10.31,1.04,0.44,0.0,0.3,0.46,36.7
0900600010128,Iztacalco,5216,2733,2483,61,31,0,29,31,4931,4797,4023,1674,11.01,1.17,0.63,0.0,0.59,0.65,32.09
0900600010217,Iztacalco,6783,3601,3182,95,51,0,35,50,6455,6280,5253,2337,10.85,1.4,0.79,0.0,0.54,0.8,34.45
0900600010518,Iztacalco,5257,2757,2500,30,20,0,15,18,4982,4844,4133,1789,10.51,0.57,0.4,0.0,0.3,0.37,34.03
090070001522A,Iztapalapa,2435,1266,1169,80,24,0,23,24,2315,2246,1863,778,10.91,3.29,1.04,0.0,0.99,1.07,31.95
0900700014857,Iztapalapa,4965,2519,2446,709,259,,240,258,4622,4417,3288,1781,7.84,14.28,5.6,,5.19,5.84,35.87
0900700011509,Iztapalapa,4692,2406,2286,118,70,,65,68,4450,4286,3405,2255,9.19,2.51,1.57,,1.46,1.59,48.06
0900700011443,Iztapalapa,1922,1016,906,6,7,0,6,7,1840,1810,1571,583,11.8,0.31,0.38,0.0,0.33,0.39,30.33
0900700011941,Iztapalapa,4541,2420,2121,42,33,0,24,33,4444,4364,3837,1273,13.9,0.92,0.74,0.0,0.54,0.76,28.03
0900700010017,Iztapalapa,5904,3079,2825,178,74,0,59,73,5529,5349,4277,2624,10.39,3.01,1.34,0.0,1.07,1.36,44.44
0900700012121,Iztapalapa,51,21,30,51,45,,44,44,47,44,31,50,3.97,100.0,95.74,,93.62,100.0,98.04
0900700010483,Iztapalapa,7744,4183,3561,142,64,0,45,64,7329,7141,6078,2617,10.89,1.83,0.87,0.0,0.61,0.9,33.79
0900700010642,Iztapalapa,2522,1369,1153,27,14,0,14,14,2443,2393,2151,709,12.75,1.07,0.57,0.0,0.57,0.59,28.11
0900700013810,Iztapalapa,5247,2740,2507,218,76,,64,76,4994,4828,3919,1488,9.09,4.15,1.52,,1.28,1.57,28.36
0900700015821,Iztapalapa,549,297,252,20,5,0,5,5,507,487,405,208,9.97,3.64,0.99,0.0,0.99,1.03,37.89
0900700015200,Iztapalapa,5248,2699,2549,193,92,0,86,91,4851,4593,3496,2764,7.96,3.68,1.9,0.0,1.77,1.98,52.67
0900700012460,Iztapalapa,3641,1816,1825,246,120,0,114,120,3222,3095,2500,2002,9.14,6.76,3.72,0.0,3.54,3.88,54.98
090070001006A,Iztapalapa,3207,1710,1497,86,33,0,28,33,3026,2929,2414,1148,9.03,2.68,1.09,0.0,0.93,1.13,35.8
090070001013A,Iztapalapa,3124,1669,1455,84,30,0,24,30,2935,2836,2309,1056,9.66,2.69,1.02,0.0,0.82,1.06,33.8
0900700010214,Iztapalapa,6432,3261,3171,147,64,0,57,63,5935,5724,4629,2895,9.44,2.29,1.08,0.0,0.96,1.1,45.01
0900700014560,Iztapalapa,933,502,431,52,18,0,16,18,891,860,666,556,8.33,5.57,2.02,0.0,1.8,2.09,59.59
0900700012475,Iztapalapa,0,0,0,0,0,0,0,0,0,0,0,0,0.0,,,,,,
0900700015836,Iztapalapa,551,293,258,8,3,0,3,3,508,492,401,202,9.64,1.45,0.59,0.0,0.59,0.61,36.66
0900700014575,Iztapalapa,509,289,220,15,5,0,5,5,482,463,383,287,8.66,2.95,1.04,0.0,1.04,1.08,56.39
0900700014537,Iztapalapa,820,429,391,8,6,0,6,6,748,715,593,314,9.46,0.98,0.8,0.0,0.8,0.84,38.29
0900700014522,Iztapalapa,759,396,363,20,6,0,5,5,681,659,539,265,9.79,2.64,0.88,0.0,0.73,0.76,34.91
0900700015183,Iztapalapa,3166,1634,1532,242,94,0,81,94,2912,2762,2097,1594,8.11,7.64,3.23,0.0,2.78,3.4,50.35
0900700010426,Iztapalapa,8045,4112,3933,250,119,0,91,117,7655,7378,5968,3310,9.78,3.11,1.55,0.0,1.19,1.59,41.14
0900700010553,Iztapalapa,5816,3015,2801,193,93,0,89,91,5429,5225,4310,2060,9.53,3.32,1.71,0.0,1.64,1.74,35.42
0900700010568,Iztapalapa,6023,3157,2866,224,88,0,72,87,5628,5467,4613,2070,10.77,3.72,1.56,0.0,1.28,1.59,34.37
090070001091A,Iztapalapa,1542,865,677,12,13,0,12,13,1462,1447,1297,423,13.32,0.78,0.89,0.0,0.82,0.9,27.43
0900700012511,Iztapalapa,932,495,437,16,7,0,6,7,837,827,736,259,13.31,1.72,0.84,0.0,0.72,0.85,27.79
0900700010816,Iztapalapa,1274,718,556,26,15,0,12,15,1197,1178,1063,307,13.31,2.04,1.25,0.0,1.0,1.27,24.1
0900700010820,Iztapalapa,1184,652,532,4,,0,,,1108,1089,987,325,13.36,0.34,,0.0,,,27.45
0900700012526,Iztapalapa,1130,593,537,12,10,0,9,10,998,971,851,273,13.07,1.06,1.0,0.0,0.9,1.03,24.16
0900700010676,Iztapalapa,2581,1395,1186,42,23,0,16,23,2502,2442,2131,883,11.71,1.63,0.92,0.0,0.64,0.94,34.21
0900700010943,Iztapalapa,3674,1969,1705,44,37,0,31,37,3535,3466,3066,1045,12.0,1.2,1.05,0.0,0.88,1.07,28.44
0900700015287,Iztapalapa,3531,1854,1677,99,52,0,43,51,3386,3300,2781,1170,10.93,2.8,1.54,0.0,1.27,1.55,33.14
0900700010888,Iztapalapa,4491,2359,2132,89,23,0,16,23,4264,4129,3381,2037,9.16,1.98,0.54,0.0,0.38,0.56,45.36
0900700015107,Iztapalapa,5309,2763,2546,108,40,0,29,40,4970,4799,3878,1734,10.1,2.03,0.8,0.0,0.58,0.83,32.66
0900700013702,Iztapalapa,2841,1500,1341,111,22,0,14,22,2705,2626,2171,918,9.51,3.91,0.81,0.0,0.52,0.84,32.31
0900700011142,Iztapalapa,3526,1866,1660,94,42,0,28,41,3372,3250,2636,1065,9.38,2.67,1.25,0.0,0.83,1.26,30.2
0900700011138,Iztapalapa,4851,2487,2364,162,89,0,85,86,4578,4400,3430,1964,8.93,3.34,1.94,0.0,1.86,1.95,40.49
0900700011335,Iztapalapa,0,0,0,0,0,0,0,0,0,0,0,0,0.0,,,,,,
0900700013717,Iztapalapa,2328,1237,1091,35,13,0,3,13,2214,2137,1735,902,9.24,1.5,0.59,0.0,0.14,0.61,38.75
0900700010638,Iztapalapa,4481,2337,2144,227,88,0,78,86,4248,4083,3302,1920,8.93,5.07,2.07,0.0,1.84,2.11,42.85
0900700010623,Iztapalapa,6728,3499,3229,356,143,0,130,140,6313,6078,4801,2834,9.04,5.29,2.27,0.0,2.06,2.3,42.12
0900700012386,Iztapalapa,4273,2319,1954,105,36,0,33,36,4014,3885,3210,1892,9.92,2.46,0.9,0.0,0.82,0.93,44.28
0900700012371,Iztapalapa,1933,1005,928,18,7,0,7,7,1815,1755,1453,866,8.97,0.93,0.39,0.0,0.39,0.4,44.8
0900700010318,Iztapalapa,4092,2330,1762,65,32,0,22,31,3844,3721,3086,1787,8.7,1.59,0.83,0.0,0.57,0.83,43.67
090070001369A,Iztapalapa,3123,1619,1504,44,19,0,12,19,2918,2817,2335,1020,9.74,1.41,0.65,0.0,0.41,0.67,32.66
0900700014503,Iztapalapa,4195,2189,2006,48,17,0,15,17,3969,3833,3203,1335,9.9,1.14,0.43,0.0,0.38,0.44,31.82
0900700010962,Iztapalapa,7828,4156,3672,347,169,0,152,167,7265,6984,5705,2345,9.3,4.43,2.33,0.0,2.09,2.39,29.96
0900700014912,Iztapalapa,7093,3713,3380,118,53,0,40,53,6797,6543,5379,2370,10.03,1.66,0.78,0.0,0.59,0.81,33.41
0900700013721,Iztapalapa,5139,2672,2467,83,29,0,15,29,4909,4758,4006,1943,9.85,1.62,0.59,0.0,0.31,0.61,37.81
0900700011015,Iztapalapa,6313,3239,3074,161,57,0,38,57,6032,5838,4886,2491,10.32,2.55,0.94,0.0,0.63,0.98,39.46
0900700015111,Iztapalapa,7923,4161,3762,68,37,0,31,37,7556,7339,5943,1974,11.61,0.86,0.49,0.0,0.41,0.5,24.91
090070001472A,Iztapalapa,5408,2825,2583,142,47,0,32,47,5108,4951,4074,2280,9.52,2.63,0.92,0.0,0.63,0.95,42.16
0900700014715,Iztapalapa,0,0,0,0,0,0,0,0,0,0,0,0,0.0,,,,,,
0900700010765,Iztapalapa,3654,1921,1733,57,24,,18,24,3458,3344,2727,1500,9.24,1.56,0.69,,0.52,0.72,41.05
0900700014683,Iztapalapa,2723,1418,1305,68,28,0,23,27,2592,2511,2015,1193,10.01,2.5,1.08,0.0,0.89,1.08,43.81
0900700010784,Iztapalapa,6933,3598,3335,120,60,0,51,57,6541,6275,5024,2622,9.51,1.73,0.92,0.0,0.78,0.91,37.82
0900700010835,Iztapalapa,7052,3683,3369,192,69,0,64,69,6566,6295,5059,2875,9.13,2.72,1.05,0.0,0.97,1.1,40.77
0900700013562,Iztapalapa,1799,937,862,31,15,0,13,15,1696,1633,1376,664,9.97,1.72,0.88,0.0,0.77,0.92,36.91
0900700010178,Iztapalapa,3009,1550,1459,37,15,0,14,15,2836,2751,2304,1327,10.24,1.23,0.53,0.0,0.49,0.55,44.1
0900700011104,Iztapalapa,6839,3498,3341,180,66,0,49,65,6429,6173,4867,3297,8.87,2.63,1.03,0.0,0.76,1.05,48.21
0900700010587,Iztapalapa,2708,1465,1243,43,23,0,17,23,2569,2470,2003,1016,9.88,1.59,0.9,0.0,0.66,0.93,37.52
0900700013596,Iztapalapa,5182,2668,2514,386,143,,106,142,4833,4663,3776,2150,9.63,7.45,2.96,,2.19,3.05,41.49
0900700015677,Iztapalapa,5999,3083,2916,366,121,0,101,121,5690,5492,4378,3162,9.56,6.1,2.13,0.0,1.78,2.2,52.71
0900700014664,Iztapalapa,3276,1689,1587,105,29,0,28,29,3099,2979,2417,1384,9.34,3.21,0.94,0.0,0.9,0.97,42.25
0900700010731,Iztapalapa,11611,5963,5648,757,340,,309,339,10500,10033,8010,4958,8.98,6.52,3.24,,2.94,3.38,42.7
0900700010591,Iztapalapa,4701,2526,2175,32,10,0,5,10,4451,4316,3579,1899,9.42,0.68,0.22,0.0,0.11,0.23,40.4
0900700015605,Iztapalapa,2955,1548,1407,61,32,3,24,30,2825,2724,2182,935,11.45,2.06,1.13,0.11,0.85,1.1,31.64
0900700012530,Iztapalapa,10357,5393,4964,278,130,,117,127,9660,9294,7486,3935,9.15,2.68,1.35,,1.21,1.37,37.99
0900700011087,Iztapalapa,5668,2905,2763,152,64,,55,62,5372,5135,4095,2963,9.09,2.68,1.19,,1.02,1.21,52.28
0900700015696,Iztapalapa,1565,816,749,155,64,0,62,62,1453,1396,1039,628,9.36,9.9,4.4,0.0,4.27,4.44,40.13
0900700015681,Iztapalapa,7285,3865,3420,196,79,0,66,79,6830,6566,5128,2471,10.14,2.69,1.16,0.0,0.97,1.2,33.92
090070001077A,Iztapalapa,4101,2166,1935,98,47,0,42,47,3844,3715,3028,1555,9.5,2.39,1.22,0.0,1.09,1.27,37.92
0900700010619,Iztapalapa,5712,2944,2768,200,103,,88,100,5376,5167,4126,2219,9.74,3.5,1.92,,1.64,1.94,38.85
0900700010604,Iztapalapa,3845,2022,1823,63,16,0,12,16,3668,3547,2866,1682,9.22,1.64,0.44,0.0,0.33,0.45,43.75
0900700014679,Iztapalapa,495,269,226,13,4,0,4,4,472,444,363,264,9.01,2.63,0.85,0.0,0.85,0.9,53.33
0900700015268,Iztapalapa,5364,2824,2540,274,89,0,79,89,5062,4824,3659,2571,8.75,5.11,1.76,0.0,1.56,1.84,47.93
0900700012441,Iztapalapa,4342,2275,2067,157,61,0,52,60,4118,3970,3206,2169,9.02,3.62,1.48,0.0,1.26,1.51,49.95
0900700015253,Iztapalapa,3923,2064,1859,124,45,0,42,45,3655,3516,2697,1691,9.66,3.16,1.23,0.0,1.15,1.28,43.1
0900700011049,Iztapalapa,4665,2467,2198,68,25,0,14,25,4439,4321,3648,1760,10.2,1.46,0.56,0.0,0.32,0.58,37.73
0900700010303,Iztapalapa,1103,575,528,12,4,0,4,4,1053,1021,872,327,10.74,1.09,0.38,0.0,0.38,0.39,29.65
0900700010290,Iztapalapa,1676,878,798,44,12,0,11,12,1606,1563,1324,436,11.12,2.63,0.75,0.0,0.68,0.77,26.01
090070001376A,Iztapalapa,1868,979,889,69,28,0,23,28,1772,1715,1406,538,9.86,3.69,1.58,0.0,1.3,1.63,28.8
0900700011000,Iztapalapa,4849,2500,2349,60,27,0,24,26,4610,4444,3603,1764,9.95,1.24,0.59,0.0,0.52,0.59,36.38
0900700013670,Iztapalapa,3979,2051,1928,71,33,0,27,33,3702,3577,3001,1127,10.49,1.78,0.89,0.0,0.73,0.92,28.32
0900700014791,Iztapalapa,2181,1143,1038,8,3,0,,3,2117,2064,1748,623,10.73,0.37,0.14,0.0,,0.15,28.56
0900700013666,Iztapalapa,1766,902,864,26,13,0,9,13,1662,1626,1412,447,12.01,1.47,0.78,0.0,0.54,0.8,25.31
0900700010977,Iztapalapa,6400,3330,3070,114,53,0,42,53,6025,5855,4934,2312,9.92,1.78,0.88,0.0,0.7,0.91,36.12
0900700010981,Iztapalapa,5691,2996,2695,134,62,,50,59,5377,5212,4321,1922,10.15,2.35,1.15,,0.93,1.13,33.77
0900700015094,Iztapalapa,1498,775,723,3,,0,,,1416,1367,1077,405,12.1,0.2,,0.0,,,27.04
0900700015770,Iztapalapa,1733,889,844,32,18,0,4,17,1627,1577,1320,490,9.9,1.85,1.11,0.0,0.25,1.08,28.27
0900700015751,Iztapalapa,2130,1064,1066,37,16,0,14,16,2006,1923,1575,686,9.62,1.74,0.8,0.0,0.7,0.83,32.21
0900700015766,Iztapalapa,2044,1053,991,61,23,0,19,23,1933,1855,1525,721,9.47,2.98,1.19,0.0,0.98,1.24,35.27
0900700015747,Iztapalapa,2030,1033,997,31,12,0,10,12,1943,1874,1570,682,9.69,1.53,0.62,0.0,0.51,0.64,33.6
0900700010479,Iztapalapa,5438,2811,2627,189,73,0,57,73,5008,4833,3884,2333,9.43,3.48,1.46,0.0,1.14,1.51,42.9
0900700013628,Iztapalapa,1205,638,567,27,8,0,4,8,1090,1058,893,388,11.64,2.24,0.73,0.0,0.37,0.76,32.2
0900700013613,Iztapalapa,1361,731,630,9,5,0,5,5,1256,1234,1071,543,11.5,0.66,0.4,0.0,0.4,0.41,39.9
0900700010271,Iztapalapa,4715,2528,2187,84,43,0,34,43,4407,4264,3478,2144,10.18,1.78,0.98,0.0,0.77,1.01,45.47
0900700010854,Iztapalapa,4075,2122,1953,80,33,0,25,33,3874,3737,3019,1464,9.42,1.96,0.85,0.0,0.65,0.88,35.93
0900700015658,Iztapalapa,4024,2102,1922,620,265,,246,264,3726,3552,2638,2452,7.82,15.41,7.11,,6.6,7.43,60.93
0900700010089,Iztapalapa,2371,1267,1104,50,25,0,18,24,2217,2163,1831,932,10.58,2.11,1.13,0.0,0.81,1.11,39.31
0900700011091,Iztapalapa,4498,2282,2216,143,49,0,44,48,4253,4056,3212,2066,8.92,3.18,1.15,0.0,1.03,1.18,45.93
0900700012437,Iztapalapa,4934,2571,2363,125,34,0,30,34,4655,4496,3607,2347,8.75,2.53,0.73,0.0,0.64,0.76,47.57
0900700010746,Iztapalapa,7202,3654,3548,231,99,0,75,99,6811,6557,5360,2637,9.52,3.21,1.45,0.0,1.1,1.51,36.61
0900700015662,Iztapalapa,2342,1181,1161,108,58,,50,55,2151,2062,1622,975,8.71,4.61,2.7,,2.32,2.67,41.63
0900700013581,Iztapalapa,4592,2414,2178,413,175,9,153,174,4367,4189,3349,1523,9.89,8.99,4.01,0.21,3.5,4.15,33.17
0900700011034,Iztapalapa,6429,3440,2989,90,37,0,25,37,6108,5939,5040,2272,10.33,1.4,0.61,0.0,0.41,0.62,35.34
0900700015592,Iztapalapa,1834,952,882,52,26,,13,25,1765,1728,1478,579,10.8,2.84,1.47,,0.74,1.45,31.57
0900700011566,Iztapalapa,9068,4654,4414,501,274,9,228,267,8681,8391,6914,3141,10.13,5.52,3.16,0.1,2.63,3.18,34.64
0900700011354,Iztapalapa,5502,2864,2638,206,106,,99,105,5265,5102,4267,1909,10.31,3.74,2.01,,1.88,2.06,34.7
0900700011176,Iztapalapa,2275,1219,1056,13,5,0,4,5,2115,2078,1847,596,13.1,0.57,0.24,0.0,0.19,0.24,26.2
0900700011180,Iztapalapa,2107,1106,1001,20,7,0,6,7,2004,1968,1739,719,11.08,0.95,0.35,0.0,0.3,0.36,34.12
0900700013238,Iztapalapa,5920,3075,2845,191,68,0,47,68,5573,5368,4236,2904,8.59,3.23,1.22,0.0,0.84,1.27,49.05
0900700015569,Iztapalapa,4127,2139,1988,147,61,,58,60,3862,3711,2968,1295,9.92,3.56,1.58,,1.5,1.62,31.38
0900700015554,Iztapalapa,2813,1472,1341,142,59,0,50,59,2658,2541,2045,968,9.1,5.05,2.22,0.0,1.88,2.32,34.41
090070001426A,Iztapalapa,4360,2246,2114,480,164,0,136,162,4055,3841,2893,1923,7.95,11.01,4.04,0.0,3.35,4.22,44.11
0900700014274,Iztapalapa,5489,2757,2732,613,230,4,198,227,5057,4777,3588,2794,7.49,11.17,4.55,0.08,3.92,4.75,50.9
0900700013420,Iztapalapa,3795,1913,1882,365,118,0,105,118,3557,3367,2576,1570,7.76,9.62,3.32,0.0,2.95,3.5,41.37
0900700013100,Iztapalapa,5077,2611,2466,258,98,0,88,98,4559,4345,3438,1918,8.45,5.08,2.15,0.0,1.93,2.26,37.78
0900700012954,Iztapalapa,2022,1067,955,74,26,0,26,26,1831,1757,1381,714,8.5,3.66,1.42,0.0,1.42,1.48,35.31
0900700014838,Iztapalapa,1542,792,750,143,56,3,52,55,1409,1346,1055,666,8.49,9.27,3.97,0.21,3.69,4.09,43.19
0900700015041,Iztapalapa,2978,1469,1509,225,86,0,79,85,2780,2649,2079,1128,8.4,7.56,3.09,0.0,2.84,3.21,37.88
0900700013365,Iztapalapa,2582,1306,1276,106,51,0,46,51,2390,2268,1753,971,7.81,4.11,2.13,0.0,1.92,2.25,37.61
0900700014842,Iztapalapa,1632,835,797,177,70,0,62,70,1491,1415,1108,666,8.35,10.85,4.69,0.0,4.16,4.95,40.81
0900700015319,Iztapalapa,3462,1810,1652,236,74,0,63,74,3209,3059,2345,1591,7.89,6.82,2.31,0.0,1.96,2.42,45.96
0900700012973,Iztapalapa,3680,1879,1801,237,86,0,79,86,3458,3304,2566,1326,7.94,6.44,2.49,0.0,2.28,2.6,36.03
0900700015342,Iztapalapa,4536,2300,2236,762,274,,242,273,4195,4015,2983,1812,7.7,16.8,6.53,,5.77,6.8,39.95
0900700013346,Iztapalapa,6269,3230,3039,653,233,,222,233,5682,5390,4242,2140,8.27,10.42,4.1,,3.91,4.32,34.14
0900700012723,Iztapalapa,3137,1590,1547,241,105,0,101,101,2908,2759,2198,1179,8.05,7.68,3.61,0.0,3.47,3.66,37.58
0900700015395,Iztapalapa,3457,1752,1705,307,116,,104,115,3236,3108,2320,1661,7.9,8.88,3.58,,3.21,3.7,48.05
0900700015380,Iztapalapa,8155,4173,3982,736,285,4,246,285,7693,7367,5701,3779,8.32,9.03,3.7,0.05,3.2,3.87,46.34
0900700014768,Iztapalapa,3686,1931,1755,73,26,0,11,26,3510,3401,2778,1544,9.64,1.98,0.74,0.0,0.31,0.76,41.89
0900700014772,Iztapalapa,4151,2135,2016,93,35,0,30,35,3884,3744,3014,1780,9.54,2.24,0.9,0.0,0.77,0.93,42.88
0900700013030,Iztapalapa,5787,2937,2850,166,70,0,33,70,5504,5319,4297,2695,9.55,2.87,1.27,0.0,0.6,1.32,46.57
0900700013276,Iztapalapa,6290,3241,3049,407,158,3,125,157,5909,5637,4480,2494,8.48,6.47,2.67,0.05,2.12,2.79,39.65
0900700015338,Iztapalapa,6236,3163,3073,706,249,6,223,246,5759,5487,4226,2691,7.55,11.32,4.32,0.1,3.87,4.48,43.15
090070001084A,Iztapalapa,6765,3515,3250,238,89,0,80,89,6344,6104,4878,2419,9.19,3.52,1.4,0.0,1.26,1.46,35.76
0900700011123,Iztapalapa,6911,1946,4965,24,135,0,134,135,6852,6831,6737,148,7.99,0.35,1.97,0.0,1.96,1.98,2.14
0900700015249,Iztapalapa,2875,1491,1384,35,13,0,11,13,2745,2646,2145,806,11.96,1.22,0.47,0.0,0.4,0.49,28.03
0900700014414,Iztapalapa,7530,3969,3561,86,35,0,28,35,7186,6976,5859,2048,11.42,1.14,0.49,0.0,0.39,0.5,27.2
090070001401A,Iztapalapa,2856,1463,1393,126,52,0,42,52,2675,2564,2038,917,9.43,4.41,1.94,0.0,1.57,2.03,32.11
0900700011778,Iztapalapa,7298,3753,3545,527,275,,253,272,6812,6563,5349,2206,9.83,7.22,4.04,,3.71,4.14,30.23
0900700012988,Iztapalapa,7265,3766,3499,370,204,0,191,203,6617,6385,5224,2223,9.47,5.09,3.08,0.0,2.89,3.18,30.6
0900700014024,Iztapalapa,7208,3719,3489,430,163,,157,161,6787,6495,5162,2474,9.2,5.97,2.4,,2.31,2.48,34.32
0900700013971,Iztapalapa,4199,2144,2055,116,58,,34,58,4004,3855,3141,1306,10.36,2.76,1.45,,0.85,1.5,31.1
0900700012672,Iztapalapa,805,404,401,97,31,0,28,31,751,725,558,384,8.45,12.05,4.13,0.0,3.73,4.28,47.7
0900700013967,Iztapalapa,3440,1752,1688,101,38,0,21,38,3263,3154,2582,1052,10.21,2.94,1.16,0.0,0.64,1.2,30.58
0900700011265,Iztapalapa,3796,1954,1842,60,25,0,20,25,3657,3547,2996,1465,10.59,1.58,0.68,0.0,0.55,0.7,38.59
0900700015126,Iztapalapa,4478,2351,2127,67,24,0,15,24,4201,4078,3475,1467,10.63,1.5,0.57,0.0,0.36,0.59,32.76
0900700010464,Iztapalapa,5215,2658,2557,245,107,0,104,107,4844,4665,3702,2127,9.09,4.7,2.21,0.0,2.15,2.29,40.79
0900700010021,Iztapalapa,7362,3855,3507,143,69,,49,68,7023,6794,5615,2983,10.1,1.94,0.98,,0.7,1.0,40.52
0900700010036,Iztapalapa,9472,4914,4558,349,140,0,125,139,9072,8807,7240,3458,10.69,3.68,1.54,0.0,1.38,1.58,36.51
0900700013577,Iztapalapa,2275,1188,1087,98,34,0,31,34,2176,2099,1682,794,9.28,4.31,1.56,0.0,1.42,1.62,34.9
0900700010286,Iztapalapa,2486,1308,1178,29,10,0,8,10,2357,2282,1979,682,11.09,1.17,0.42,0.0,0.34,0.44,27.43
0900700010445,Iztapalapa,3803,2003,1800,84,33,0,31,33,3591,3468,2904,1608,10.07,2.21,0.92,0.0,0.86,0.95,42.28
0900700013558,Iztapalapa,1513,803,710,69,28,0,26,28,1440,1392,1161,481,9.88,4.56,1.94,0.0,1.81,2.01,31.79
0900700010074,Iztapalapa,2598,1401,1197,100,60,0,57,60,2490,2408,2037,944,9.82,3.85,2.41,0.0,2.29,2.49,36.34
0900700010750,Iztapalapa,8080,4154,3926,571,257,0,234,254,7294,7011,5623,3063,8.89,7.07,3.52,0.0,3.21,3.62,37.91
0900700013651,Iztapalapa,2507,1303,1204,115,34,0,31,34,2368,2282,1835,890,10.03,4.59,1.44,0.0,1.31,1.49,35.5
0900700010939,Iztapalapa,4074,2216,1858,51,28,0,21,28,3967,3897,3419,1397,12.31,1.25,0.71,0.0,0.53,0.72,34.29
0900700010360,Iztapalapa,5121,2630,2491,186,81,0,47,81,4621,4475,3670,2023,10.69,3.63,1.75,0.0,1.02,1.81,39.5
0900700011674,Iztapalapa,3179,1678,1501,41,15,0,7,15,3019,2935,2483,1292,9.78,1.29,0.5,0.0,0.23,0.51,40.64
0900700011496,Iztapalapa,2422,1305,1117,17,9,0,9,9,2320,2244,1873,917,10.22,0.7,0.39,0.0,0.39,0.4,37.86
0900700011316,Iztapalapa,3409,1797,1612,31,20,0,11,20,3273,3171,2575,1860,8.63,0.91,0.61,0.0,0.34,0.63,54.56
0900700013026,Iztapalapa,2671,1363,1308,59,20,0,18,20,2527,2432,1994,1343,9.86,2.21,0.79,0.0,0.71,0.82,50.28
0900700014058,Iztapalapa,3512,1823,1689,188,56,3,52,56,3319,3190,2605,1733,9.31,5.35,1.69,0.09,1.57,1.76,49.35
0900700015910,Iztapalapa,3739,1969,1770,67,30,0,24,30,3556,3426,2771,1336,10.44,1.79,0.84,0.0,0.67,0.88,35.73
0900700011636,Iztapalapa,2838,1484,1354,114,56,0,46,55,2677,2578,2081,1180,9.97,4.02,2.09,0.0,1.72,2.13,41.58
0900700011477,Iztapalapa,2216,1156,1060,26,14,0,12,14,2134,2098,1900,653,13.58,1.17,0.66,0.0,0.56,0.67,29.47
090070001127A,Iztapalapa,2278,1168,1110,45,16,0,9,16,2188,2132,1835,792,11.39,1.98,0.73,0.0,0.41,0.75,34.77
0900700011053,Iztapalapa,7722,4119,3603,94,36,0,24,36,7471,7287,6172,2650,10.38,1.22,0.48,0.0,0.32,0.49,34.32
090070001554A,Iztapalapa,1738,919,819,39,16,0,10,16,1645,1597,1268,617,10.99,2.24,0.97,0.0,0.61,1.0,35.5
0900700014166,Iztapalapa,2732,1488,1244,37,13,0,11,13,2606,2525,2162,805,11.45,1.35,0.5,0.0,0.42,0.51,29.47
0900700015130,Iztapalapa,2729,1393,1336,200,79,0,73,78,2615,2523,2058,1134,10.36,7.33,3.02,0.0,2.79,3.09,41.55
0900700015893,Iztapalapa,5180,2665,2515,139,54,0,52,54,4947,4797,3895,1610,10.62,2.68,1.09,0.0,1.05,1.13,31.08
0900700012831,Iztapalapa,4838,2571,2267,178,59,,57,59,4627,4452,3645,1715,9.75,3.68,1.28,,1.23,1.33,35.45
0900700013755,Iztapalapa,3289,1715,1574,112,52,0,44,51,3146,3037,2527,889,10.91,3.41,1.65,0.0,1.4,1.68,27.03
0900700011227,Iztapalapa,5205,2688,2517,180,65,0,51,65,4935,4781,3903,1593,10.21,3.46,1.32,0.0,1.03,1.36,30.61
0900700011369,Iztapalapa,6451,3343,3108,391,166,,144,164,6127,5922,4861,1857,9.76,6.06,2.71,,2.35,2.77,28.79
0900700011195,Iztapalapa,3370,1810,1560,24,11,0,7,11,3276,3207,2833,1071,12.05,0.71,0.34,0.0,0.21,0.34,31.78
0900700011250,Iztapalapa,2846,1475,1371,18,9,0,7,9,2743,2686,2280,921,10.27,0.63,0.33,0.0,0.26,0.34,32.36
0900700011246,Iztapalapa,4000,2058,1942,46,19,0,17,19,3790,3667,3028,1365,10.14,1.15,0.5,0.0,0.45,0.52,34.12
0900700014927,Iztapalapa,3517,1863,1654,69,33,0,26,33,3328,3221,2737,1159,10.44,1.96,0.99,0.0,0.78,1.02,32.95
090070001508A,Iztapalapa,3656,1846,1810,192,79,0,75,78,3455,3296,2531,1649,8.12,5.25,2.29,0.0,2.17,2.37,45.1
0900700014109,Iztapalapa,6973,3550,3423,1020,336,,314,336,6519,6225,4747,3518,7.72,14.63,5.15,,4.82,5.4,50.45
0900700013774,Iztapalapa,3964,2066,1898,110,42,0,38,42,3753,3628,2994,1059,10.05,2.77,1.12,0.0,1.01,1.16,26.72
090070001255A,Iztapalapa,4542,2416,2126,133,54,0,40,53,4352,4226,3541,1528,10.3,2.93,1.24,0.0,0.92,1.25,33.64
090070001497A,Iztapalapa,1353,746,607,25,14,0,12,14,1279,1230,1020,453,10.83,1.85,1.09,0.0,0.94,1.14,33.48
0900700015215,Iztapalapa,5865,3064,2801,398,137,0,113,136,5551,5328,4213,2226,8.9,6.79,2.47,0.0,2.04,2.55,37.95
0900700015889,Iztapalapa,1937,986,951,39,17,0,15,17,1836,1768,1350,623,10.68,2.01,0.93,0.0,0.82,0.96,32.16
0900700015925,Iztapalapa,3652,1895,1757,75,26,0,19,26,3501,3390,2754,1099,11.48,2.05,0.74,0.0,0.54,0.77,30.09
090070001593A,Iztapalapa,3815,2029,1786,107,47,0,42,46,3608,3443,2705,2061,8.67,2.8,1.3,0.0,1.16,1.34,54.02
090070001141A,Iztapalapa,4391,2301,2090,126,66,0,52,65,4175,4046,3380,1445,10.27,2.87,1.58,0.0,1.25,1.61,32.91
0900700011424,Iztapalapa,2708,1421,1287,82,38,0,38,38,2589,2505,2057,984,9.66,3.03,1.47,0.0,1.47,1.52,36.34
0900700014151,Iztapalapa,1474,782,692,69,25,0,23,25,1377,1322,1064,787,8.73,4.68,1.82,0.0,1.67,1.89,53.39
0900700015145,Iztapalapa,4398,2315,2083,145,58,0,52,58,4144,3999,3280,1786,10.15,3.3,1.4,0.0,1.25,1.45,40.61
0900700014147,Iztapalapa,501,257,244,42,14,0,9,14,474,453,370,238,8.81,8.38,2.95,0.0,1.9,3.09,47.5
0900700011918,Iztapalapa,4984,2561,2423,102,43,0,36,43,4761,4597,3776,2058,9.18,2.05,0.9,0.0,0.76,0.94,41.29
0900700014734,Iztapalapa,11528,5990,5538,271,78,0,61,78,11048,10695,8762,4779,9.76,2.35,0.71,0.0,0.55,0.73,41.46
0900700011284,Iztapalapa,1331,726,605,4,,0,,,1300,1262,1093,474,11.23,0.3,,0.0,,,35.61
0900700011640,Iztapalapa,4053,2085,1968,99,49,0,47,49,3851,3735,3087,1662,9.87,2.44,1.27,0.0,1.22,1.31,41.01
0900700011814,Iztapalapa,3743,1992,1751,114,49,0,43,49,3541,3425,2811,1402,9.3,3.05,1.38,0.0,1.21,1.43,37.46
0900700015906,Iztapalapa,3799,2005,1794,86,33,0,25,33,3621,3516,2853,1335,10.69,2.26,0.91,0.0,0.69,0.94,35.14
0900700015018,Iztapalapa,2896,1474,1422,150,57,,52,57,2735,2638,2094,1378,9.68,5.18,2.08,,1.9,2.16,47.58
090070001287A,Iztapalapa,3015,1538,1477,91,49,0,45,49,2822,2720,2209,1324,9.43,3.02,1.74,0.0,1.59,1.8,43.91
0900700015056,Iztapalapa,915,471,444,41,21,0,19,21,867,840,695,377,9.54,4.48,2.42,0.0,2.19,2.5,41.2
0900700011301,Iztapalapa,3819,2002,1817,35,12,0,8,12,3644,3552,3018,1645,10.61,0.92,0.33,0.0,0.22,0.34,43.07
0900700011759,Iztapalapa,3377,1741,1636,38,18,0,13,17,3092,2974,2407,1797,9.13,1.13,0.58,0.0,0.42,0.57,53.21
0900700012884,Iztapalapa,3746,1974,1772,107,49,0,39,49,3522,3423,2836,1630,9.84,2.86,1.39,0.0,1.11,1.43,43.51
0900700014039,Iztapalapa,5688,2916,2772,61,25,0,21,25,5340,5148,4171,2189,9.75,1.07,0.47,0.0,0.39,0.49,38.48
0900700013859,Iztapalapa,2159,1106,1053,56,29,0,18,29,1948,1883,1575,864,9.97,2.59,1.49,0.0,0.92,1.54,40.02
0900700012738,Iztapalapa,6262,3282,2980,298,109,,97,109,5870,5610,4555,2458,8.95,4.76,1.86,,1.65,1.94,39.25
0900700013242,Iztapalapa,7935,4092,3843,662,208,0,184,208,7259,6952,5461,2773,8.39,8.34,2.87,0.0,2.53,2.99,34.95
0900700012494,Iztapalapa,2058,1061,997,44,15,0,12,15,1962,1879,1520,744,8.94,2.14,0.76,0.0,0.61,0.8,36.15
0900700012507,Iztapalapa,2398,1229,1169,30,7,0,,7,2300,2231,1826,562,9.24,1.25,0.3,0.0,,0.31,23.44
0900700010892,Iztapalapa,2305,1215,1090,31,7,0,6,7,2164,2100,1745,1014,9.11,1.34,0.32,0.0,0.28,0.33,43.99
0900700011157,Iztapalapa,3169,1660,1509,53,12,0,8,12,3005,2923,2377,1049,9.45,1.67,0.4,0.0,0.27,0.41,33.1
0900700010958,Iztapalapa,5524,2877,2647,112,55,0,43,55,5261,5138,4454,1827,10.89,2.03,1.05,0.0,0.82,1.07,33.07
0900700010727,Iztapalapa,2239,1211,1028,23,15,0,12,15,2009,1977,1717,578,12.85,1.03,0.75,0.0,0.6,0.76,25.82
0900700012776,Iztapalapa,7787,4029,3758,361,137,0,126,134,7322,7078,5707,2939,9.41,4.64,1.87,0.0,1.72,1.89,37.74
0900700013204,Iztapalapa,6255,3253,3002,196,77,0,67,77,5893,5645,4491,3599,8.61,3.13,1.31,0.0,1.14,1.36,57.54
0900700012901,Iztapalapa,7549,3924,3625,366,132,0,123,132,7053,6790,5481,2864,9.02,4.85,1.87,0.0,1.74,1.94,37.94
0900700012899,Iztapalapa,6228,3225,3003,510,223,,198,222,5856,5610,4534,3072,9.1,8.19,3.81,,3.38,3.96,49.33
0900700014999,Iztapalapa,3296,1700,1596,118,44,0,37,44,3119,3012,2427,1268,9.43,3.58,1.41,0.0,1.19,1.46,38.47
0900700015728,Iztapalapa,1569,803,766,176,73,0,62,72,1467,1400,1106,890,8.29,11.22,4.98,0.0,4.23,5.14,56.72
0900700013079,Iztapalapa,6882,3522,3360,232,105,,75,105,6441,6156,4911,4202,8.81,3.37,1.63,,1.16,1.71,61.06
0900700013064,Iztapalapa,7239,3658,3581,265,103,0,82,103,6842,6551,5214,4124,8.64,3.66,1.51,0.0,1.2,1.57,56.97
090070001305A,Iztapalapa,6252,3187,3065,298,129,0,119,128,5817,5569,4585,3341,9.18,4.77,2.22,0.0,2.05,2.3,53.44
0900700011763,Iztapalapa,6084,3133,2951,119,55,0,32,55,5616,5411,4324,3480,8.82,1.96,0.98,0.0,0.57,1.02,57.2
0900700011710,Iztapalapa,7504,3863,3641,187,70,0,49,70,7118,6838,5478,3016,9.34,2.49,0.98,0.0,0.69,1.02,40.19
0900700011689,Iztapalapa,2771,1437,1334,26,11,0,8,11,2646,2574,2167,1207,9.74,0.94,0.42,0.0,0.3,0.43,43.56
090070001419A,Iztapalapa,3201,1631,1570,76,23,0,10,23,3074,2981,2465,1030,10.6,2.37,0.75,0.0,0.33,0.77,32.18
0900700013295,Iztapalapa,5171,2676,2495,180,71,0,59,70,4901,4712,3772,2148,8.74,3.48,1.45,0.0,1.2,1.49,41.54
0900700013045,Iztapalapa,6312,3244,3068,147,54,0,41,54,5801,5597,4595,2916,9.28,2.33,0.93,0.0,0.71,0.96,46.2
0900700012545,Iztapalapa,6912,3529,3383,284,141,0,131,140,6542,6295,5034,2926,9.08,4.11,2.16,0.0,2.0,2.22,42.33
0900700015003,Iztapalapa,3780,1990,1790,139,52,0,45,52,3568,3441,2806,1380,9.78,3.68,1.46,0.0,1.26,1.51,36.51
0900700013401,Iztapalapa,7163,3735,3428,344,111,4,98,111,6657,6378,5053,3438,8.4,4.8,1.67,0.06,1.47,1.74,48.0
0900700012600,Iztapalapa,4700,2457,2243,316,109,0,104,109,4460,4295,3517,1898,9.66,6.72,2.44,0.0,2.33,2.54,40.38
0900700015573,Iztapalapa,3400,1755,1645,303,127,,108,126,3193,3061,2360,1204,8.26,8.91,3.98,,3.38,4.12,35.41
0900700014946,Iztapalapa,5091,2668,2423,180,67,,51,67,4828,4640,3700,2080,9.38,3.54,1.39,,1.06,1.44,40.86
0900700012691,Iztapalapa,6991,3638,3353,322,131,0,107,130,6569,6335,5042,2356,9.22,4.61,1.99,0.0,1.63,2.05,33.7
0900700012757,Iztapalapa,5433,2802,2631,154,63,0,52,63,5140,4959,4004,1978,9.19,2.83,1.23,0.0,1.01,1.27,36.41
0900700015713,Iztapalapa,3156,1649,1507,35,18,0,14,17,3005,2905,2375,962,10.55,1.11,0.6,0.0,0.47,0.59,30.48
0900700011585,Iztapalapa,0,0,0,0,0,0,0,0,0,0,0,0,0.0,,,,,,
0900700013223,Iztapalapa,7028,3591,3437,568,199,,174,198,6563,6289,4975,3017,8.48,8.08,3.03,,2.65,3.15,42.93
0900700014096,Iztapalapa,6062,3105,2957,641,256,3,229,254,5655,5398,4190,3032,8.05,10.57,4.53,0.05,4.05,4.71,50.02
0900700015535,Iztapalapa,3993,2042,1951,113,44,0,35,44,3714,3594,3014,1367,9.99,2.83,1.18,0.0,0.94,1.22,34.23
0900700011208,Iztapalapa,841,435,406,18,9,0,7,9,801,763,645,336,10.48,2.14,1.12,0.0,0.87,1.18,39.95
0900700013740,Iztapalapa,4183,2239,1944,108,56,0,50,56,3961,3832,3192,1296,10.66,2.58,1.41,0.0,1.26,1.46,30.98
0900700011513,Iztapalapa,5306,2737,2569,115,59,0,51,58,5068,4883,3894,2494,9.27,2.17,1.16,0.0,1.01,1.19,47.0
0900700013863,Iztapalapa,3903,2027,1876,27,11,0,7,11,3650,3534,2840,2153,9.32,0.69,0.3,0.0,0.19,0.31,55.16
090070001166A,Iztapalapa,3532,1876,1656,37,27,,,25,3410,3315,2817,1263,9.96,1.05,0.79,,,0.75,35.76
0900700011481,Iztapalapa,2434,1297,1137,18,10,0,4,10,2357,2310,2076,789,13.6,0.74,0.42,0.0,0.17,0.43,32.42
0900700011706,Iztapalapa,7056,3720,3336,129,56,0,54,56,6665,6395,5108,3341,9.12,1.83,0.84,0.0,0.81,0.88,47.35
0900700011693,Iztapalapa,2025,1081,944,14,4,0,3,3,1951,1909,1569,739,9.36,0.69,0.21,0.0,0.15,0.16,36.49
0900700011655,Iztapalapa,2622,1357,1265,56,21,0,21,21,2487,2406,1968,1137,9.54,2.14,0.84,0.0,0.84,0.87,43.36
0900700011439,Iztapalapa,2628,1432,1196,16,12,0,10,12,2531,2467,2145,917,11.51,0.61,0.47,0.0,0.4,0.49,34.89
0900700013219,Iztapalapa,7190,3720,3470,348,125,0,100,125,6777,6468,5146,4590,8.4,4.84,1.84,0.0,1.48,1.93,63.84
0900700014043,Iztapalapa,4441,2287,2154,63,28,0,21,28,4182,4032,3319,1621,9.8,1.42,0.67,0.0,0.5,0.69,36.5
0900700011299,Iztapalapa,3477,1849,1628,31,17,0,6,17,3342,3271,2737,1460,10.43,0.89,0.51,0.0,0.18,0.52,41.99
0900700014240,Iztapalapa,4888,2544,2344,473,182,3,177,181,4563,4355,3365,1551,8.05,9.68,3.99,0.07,3.88,4.16,31.73
0900700013793,Iztapalapa,4271,2171,2100,326,158,,150,157,4040,3885,3196,1458,9.77,7.63,3.91,,3.71,4.04,34.14
0900700012780,Iztapalapa,6944,3587,3357,297,118,,98,116,6516,6252,5023,2845,8.91,4.28,1.81,,1.5,1.86,40.97
0900700015075,Iztapalapa,3626,1837,1789,321,86,0,84,86,3400,3262,2550,1402,8.3,8.85,2.53,0.0,2.47,2.64,38.67
0900700015588,Iztapalapa,4190,2103,2087,236,89,,78,89,3867,3726,2911,1674,7.97,5.63,2.3,,2.02,2.39,39.95
0900700014289,Iztapalapa,2741,1369,1372,328,112,0,107,112,2516,2396,1838,1240,8.21,11.97,4.45,0.0,4.25,4.67,45.24
0900700014293,Iztapalapa,4445,2270,2175,438,154,0,145,154,4069,3861,2940,2273,7.99,9.85,3.78,0.0,3.56,3.99,51.14
0900700010337,Iztapalapa,5904,3030,2874,167,68,0,65,68,5563,5367,4444,2289,9.82,2.83,1.22,0.0,1.17,1.27,38.77
0900700010356,Iztapalapa,5237,2722,2515,223,104,3,81,104,4914,4743,3899,2062,9.89,4.26,2.12,0.06,1.65,2.19,39.37
0900700013632,Iztapalapa,7561,3943,3618,226,123,,93,123,7125,6927,5824,3119,10.44,2.99,1.73,,1.31,1.78,41.25
0900700010515,Iztapalapa,7579,4030,3549,191,101,,86,100,7244,7060,6071,2544,11.34,2.52,1.39,,1.19,1.42,33.57
0900700010500,Iztapalapa,6775,3622,3153,135,51,,45,51,6284,6130,5241,1930,11.21,1.99,0.81,,0.72,0.83,28.49
0900700010322,Iztapalapa,5004,2659,2345,120,52,,45,52,4765,4624,3894,1808,10.62,2.4,1.09,,0.94,1.12,36.13
0900700015272,Iztapalapa,3293,1718,1575,55,25,0,22,25,3135,3033,2573,1284,10.98,1.67,0.8,0.0,0.7,0.82,38.99
0900700010695,Iztapalapa,3327,1735,1592,76,41,0,33,41,3104,3037,2656,1206,11.09,2.28,1.32,0.0,1.06,1.35,36.25
0900700010534,Iztapalapa,4288,2267,2021,59,33,0,19,32,3942,3837,3312,1318,11.95,1.38,0.84,0.0,0.48,0.83,30.74
0900700010680,Iztapalapa,2784,1450,1334,47,24,0,22,24,2677,2611,2327,1101,11.22,1.69,0.9,0.0,0.82,0.92,39.55
0900700010055,Iztapalapa,2908,1556,1352,48,28,0,25,28,2812,2751,2446,823,12.64,1.65,1.0,0.0,0.89,1.02,28.3
0900700010093,Iztapalapa,1380,715,665,12,4,0,,4,1276,1245,1116,437,13.05,0.87,0.31,0.0,,0.32,31.67
0900700010182,Iztapalapa,2463,1291,1172,19,15,0,15,15,2337,2293,2003,786,12.98,0.77,0.64,0.0,0.64,0.65,31.91
0900700012403,Iztapalapa,399,197,202,82,30,,29,29,377,350,260,208,8.2,20.55,7.96,,7.69,8.29,52.13
0900700012456,Iztapalapa,3915,2000,1915,310,140,0,118,139,3430,3286,2629,1972,8.93,7.92,4.08,0.0,3.44,4.23,50.37
0900700010375,Iztapalapa,7071,3688,3383,121,59,0,50,59,6411,6216,5071,2671,9.63,1.71,0.92,0.0,0.78,0.95,37.77
0900700015840,Iztapalapa,772,389,383,24,13,0,12,13,705,676,555,350,8.49,3.11,1.84,0.0,1.7,1.92,45.34
0900700010144,Iztapalapa,1996,1045,951,26,13,0,6,13,1867,1831,1532,758,9.17,1.3,0.7,0.0,0.32,0.71,37.98
0900700010106,Iztapalapa,1242,661,581,0,5,0,3,5,1197,1177,1036,456,13.43,0.0,0.42,0.0,0.25,0.42,36.71
0900700010197,Iztapalapa,2294,1253,1041,17,8,0,5,7,2167,2119,1877,741,13.09,0.74,0.37,0.0,0.23,0.33,32.3
0900700010411,Iztapalapa,4751,2421,2330,108,46,0,31,45,4345,4177,3331,2007,9.64,2.27,1.06,0.0,0.71,1.08,42.24
0900700010407,Iztapalapa,6403,3317,3086,185,82,0,69,81,5947,5687,4560,2558,9.18,2.89,1.38,0.0,1.16,1.42,39.95
0900700010233,Iztapalapa,2076,1102,974,30,16,0,10,16,1972,1924,1599,616,9.8,1.45,0.81,0.0,0.51,0.83,29.67
0900700010572,Iztapalapa,5194,2680,2514,156,68,0,60,68,4845,4670,3826,2017,9.7,3.0,1.4,0.0,1.24,1.46,38.83
0900700015484,Iztapalapa,3993,2113,1880,317,109,0,97,109,3784,3649,2936,1315,10.91,7.94,2.88,0.0,2.56,2.99,32.93
0900700015643,Iztapalapa,878,455,423,23,8,0,7,8,814,789,657,318,9.21,2.62,0.98,0.0,0.86,1.01,36.22
0900700014556,Iztapalapa,1113,561,552,10,4,0,3,3,1007,970,813,410,9.79,0.9,0.4,0.0,0.3,0.31,36.84
0900700015785,Iztapalapa,532,277,255,13,5,0,3,5,499,474,386,228,8.59,2.44,1.0,0.0,0.6,1.05,42.86
090070001579A,Iztapalapa,352,183,169,6,3,,,3,337,330,266,171,8.43,1.7,0.89,,,0.91,48.58
0900700015802,Iztapalapa,529,275,254,12,5,0,5,5,491,472,405,219,9.43,2.27,1.02,0.0,1.02,1.06,41.4
0900700015198,Iztapalapa,6200,3122,3078,161,82,0,77,82,5663,5386,4029,3196,7.83,2.6,1.45,0.0,1.36,1.52,51.55
0900700014611,Iztapalapa,820,435,385,4,,0,,,781,751,614,438,9.14,0.49,,0.0,,,53.41
0900700015446,Iztapalapa,3695,1960,1735,107,61,0,55,61,3419,3337,2896,1126,11.23,2.9,1.78,0.0,1.61,1.83,30.47
0900700010708,Iztapalapa,4288,2276,2012,87,44,0,29,44,4019,3915,3366,1482,10.95,2.03,1.09,0.0,0.72,1.12,34.56
090070001038A,Iztapalapa,5368,2762,2606,162,62,0,55,62,4937,4777,3956,2091,10.29,3.02,1.26,0.0,1.11,1.3,38.95
0900700015431,Iztapalapa,2069,1142,927,47,27,0,13,27,1924,1872,1558,693,11.59,2.27,1.4,0.0,0.68,1.44,33.49
0900700010248,Iztapalapa,1811,961,850,38,11,0,9,11,1713,1655,1390,578,9.69,2.1,0.64,0.0,0.53,0.66,31.92
0900700010252,Iztapalapa,3584,1894,1690,31,10,0,9,10,3377,3269,2715,1281,9.62,0.86,0.3,0.0,0.27,0.31,35.74
0900700010110,Iztapalapa,1795,948,847,18,7,0,6,7,1692,1656,1487,571,12.93,1.0,0.41,0.0,0.35,0.42,31.81
0900700010229,Iztapalapa,0,0,0,0,0,0,0,0,0,0,0,0,0.0,,,,,,
0900700015817,Iztapalapa,574,309,265,20,6,0,6,6,531,511,425,313,8.91,3.48,1.13,0.0,1.13,1.17,54.53
0900700014908,Iztapalapa,5892,3076,2816,259,133,0,86,133,5378,5197,4240,2301,9.53,4.4,2.47,0.0,1.6,2.56,39.05
0900700014895,Iztapalapa,3347,1750,1597,28,13,,11,13,3025,2954,2484,1127,11.46,0.84,0.43,,0.36,0.44,33.67
0900700015639,Iztapalapa,1695,903,792,103,41,0,34,41,1500,1437,1124,749,8.52,6.08,2.73,0.0,2.27,2.85,44.19
0900700014541,Iztapalapa,890,473,417,60,25,0,22,24,783,755,611,339,8.76,6.74,3.19,0.0,2.81,3.18,38.09
0900700014594,Iztapalapa,1096,569,527,72,26,0,24,26,1012,964,789,509,8.81,6.57,2.57,0.0,2.37,2.7,46.44
0900700015855,Iztapalapa,573,296,277,29,14,0,13,14,524,512,417,202,8.54,5.06,2.67,0.0,2.48,2.73,35.25
0900700014645,Iztapalapa,1386,722,664,46,15,0,14,15,1259,1216,971,501,9.09,3.32,1.19,0.0,1.11,1.23,36.15
090070001547A,Iztapalapa,3577,1835,1742,146,64,,57,64,3341,3217,2461,1444,9.82,4.08,1.92,,1.71,1.99,40.37
0900700014698,Iztapalapa,3615,1865,1750,228,81,0,73,79,3389,3223,2425,1855,8.1,6.31,2.39,0.0,2.15,2.45,51.31
0900700015179,Iztapalapa,1297,691,606,96,25,0,14,25,1183,1129,900,569,9.0,7.4,2.11,0.0,1.18,2.21,43.87
090070001465A,Iztapalapa,2592,1316,1276,123,50,0,50,50,2430,2318,1859,1408,8.9,4.75,2.06,0.0,2.06,2.16,54.32
0900700012390,Iztapalapa,3970,2070,1900,147,51,,39,51,3739,3633,3121,1289,11.1,3.7,1.36,,1.04,1.4,32.47
0900700013825,Iztapalapa,3116,1632,1484,60,31,0,23,30,2952,2860,2407,928,10.19,1.93,1.05,0.0,0.78,1.05,29.78
0900700013806,Iztapalapa,2189,1124,1065,43,20,0,17,20,2088,2029,1669,750,10.74,1.96,0.96,0.0,0.81,0.99,34.26
0900700011852,Iztapalapa,5153,2736,2417,246,104,,90,104,4901,4749,3923,1532,9.45,4.77,2.12,,1.84,2.19,29.73
0900700012051,Iztapalapa,9182,4746,4436,746,314,,300,309,8609,8159,6223,4173,8.16,8.12,3.65,,3.48,3.79,45.45
0900700011462,Iztapalapa,2275,1234,1041,7,7,0,4,7,2199,2141,1855,903,11.48,0.31,0.32,0.0,0.18,0.33,39.69
0900700012687,Iztapalapa,4453,2287,2166,170,71,,59,71,4143,3987,3248,1542,9.39,3.82,1.71,,1.42,1.78,34.63
0900700014804,Iztapalapa,2557,1349,1208,48,18,0,13,17,2437,2346,1970,756,10.43,1.88,0.74,0.0,0.53,0.72,29.57
0900700015709,Iztapalapa,3013,1578,1435,63,25,0,19,25,2876,2766,2306,919,9.99,2.09,0.87,0.0,0.66,0.9,30.5
090070001159A,Iztapalapa,6604,3501,3103,140,68,,64,68,6259,6045,4881,2155,9.66,2.12,1.09,,1.02,1.12,32.63
0900700012812,Iztapalapa,3772,1968,1804,99,33,0,29,33,3594,3479,2851,694,9.99,2.62,0.92,0.0,0.81,0.95,18.4
0900700013844,Iztapalapa,1512,776,736,57,21,0,17,21,1442,1394,1173,494,9.78,3.77,1.46,0.0,1.18,1.51,32.67
0900700011621,Iztapalapa,4229,2197,2032,73,27,0,20,27,3956,3839,3164,1538,10.66,1.73,0.68,0.0,0.51,0.7,36.37
090070001383A,Iztapalapa,3454,1843,1611,96,42,0,42,42,3301,3193,2576,1096,10.13,2.78,1.27,0.0,1.27,1.32,31.73
0900700012850,Iztapalapa,3798,1988,1810,68,24,0,19,24,3620,3490,2833,1626,9.48,1.79,0.66,0.0,0.52,0.69,42.81
0900700014113,Iztapalapa,2110,1127,983,45,16,0,11,16,2023,1954,1633,705,10.83,2.13,0.79,0.0,0.54,0.82,33.41
0900700014128,Iztapalapa,2003,1079,924,28,11,0,5,11,1920,1873,1632,553,11.7,1.4,0.57,0.0,0.26,0.59,27.61
0900700012808,Iztapalapa,4283,2251,2032,83,37,0,31,37,4091,3956,3315,1419,9.79,1.94,0.9,0.0,0.76,0.94,33.13
0900700013986,Iztapalapa,2322,1210,1112,31,14,0,8,14,2204,2138,1805,737,10.35,1.34,0.64,0.0,0.36,0.65,31.74
0900700014984,Iztapalapa,3887,2093,1794,62,24,0,20,24,3710,3593,2956,1070,10.31,1.6,0.65,0.0,0.54,0.67,27.53
0900700011388,Iztapalapa,5573,2866,2707,395,153,0,131,152,5272,5070,4077,1845,9.47,7.09,2.9,0.0,2.48,3.0,33.11
0900700011458,Iztapalapa,1634,871,763,10,4,0,3,4,1545,1500,1299,523,11.4,0.61,0.26,0.0,0.19,0.27,32.01
0900700013990,Iztapalapa,3807,2004,1803,58,26,0,22,26,3621,3491,2885,1064,10.19,1.52,0.72,0.0,0.61,0.74,27.95
0900700010801,Iztapalapa,3488,1929,1559,51,24,0,17,24,3381,3318,2930,845,13.64,1.46,0.71,0.0,0.5,0.72,24.23
0900700010498,Iztapalapa,6156,3296,2860,481,140,,133,140,5795,5624,4690,2007,10.36,7.81,2.42,,2.3,2.49,32.6
0900700010657,Iztapalapa,2004,1067,937,17,21,0,16,21,1929,1899,1725,534,13.46,0.85,1.09,0.0,0.83,1.11,26.65
0900700013647,Iztapalapa,2393,1254,1139,45,26,0,25,26,2139,2068,1736,852,10.75,1.88,1.22,0.0,1.17,1.26,35.6
0900700010905,Iztapalapa,2675,1462,1213,43,24,0,23,24,2616,2568,2334,739,13.54,1.61,0.92,0.0,0.88,0.93,27.63
0900700010924,Iztapalapa,3902,2111,1791,66,26,0,25,26,3633,3564,3059,1102,11.85,1.69,0.72,0.0,0.69,0.73,28.24
0900700010040,Iztapalapa,3795,2003,1792,50,24,0,10,24,3521,3411,2845,1794,10.32,1.32,0.68,0.0,0.28,0.7,47.27
0900700012846,Iztapalapa,5516,2834,2682,161,53,,44,53,5240,5027,4040,1851,9.21,2.92,1.01,,0.84,1.05,33.56
0900700011833,Iztapalapa,3542,1860,1682,179,67,,61,67,3329,3220,2671,1087,10.03,5.05,2.01,,1.83,2.08,30.69
0900700011848,Iztapalapa,3303,1703,1600,144,81,0,63,79,3074,2959,2473,975,9.85,4.36,2.64,0.0,2.05,2.67,29.52
0900700013083,Iztapalapa,5543,2863,2680,166,81,0,74,81,5193,4980,3953,2110,8.49,2.99,1.56,0.0,1.42,1.63,38.07
0900700014077,Iztapalapa,4582,2318,2264,290,114,,80,113,4306,4107,3180,2233,8.19,6.33,2.65,,1.86,2.75,48.73
090070001134A,Iztapalapa,4418,2252,2166,336,135,0,121,135,4133,3953,3194,1768,8.63,7.61,3.27,0.0,2.93,3.42,40.02
0900700013134,Iztapalapa,2031,1058,973,166,66,,60,66,1908,1808,1423,682,8.26,8.17,3.46,,3.14,3.65,33.58
0900700013149,Iztapalapa,3849,2022,1827,186,80,0,76,80,3596,3442,2609,1562,8.05,4.83,2.22,0.0,2.11,2.32,40.58
0900700012615,Iztapalapa,7213,3720,3493,402,161,,154,161,6746,6436,5055,3056,8.59,5.57,2.39,,2.28,2.5,42.37
0900700012579,Iztapalapa,4427,2282,2145,216,99,0,80,99,4187,4013,3209,1705,8.93,4.88,2.36,0.0,1.91,2.47,38.51
090070001294A,Iztapalapa,3112,1609,1503,141,49,0,48,49,2938,2815,2232,1016,8.38,4.53,1.67,0.0,1.63,1.74,32.65
0900700012935,Iztapalapa,5530,2875,2655,308,138,,122,134,5145,4887,3840,2095,8.1,5.57,2.68,,2.37,2.74,37.88
0900700012920,Iztapalapa,5889,3046,2843,408,160,,125,158,5518,5273,4151,2341,8.26,6.93,2.9,,2.27,3.0,39.75
0900700015291,Iztapalapa,2923,1504,1419,294,113,0,102,113,2725,2592,2009,1216,8.08,10.06,4.15,0.0,3.74,4.36,41.6
0900700014876,Iztapalapa,5525,2874,2651,653,268,0,249,267,5127,4881,3799,2823,7.71,11.82,5.23,0.0,4.86,5.47,51.1
0900700014880,Iztapalapa,5447,2798,2649,747,262,8,230,260,4988,4751,3710,2302,7.98,13.71,5.25,0.16,4.61,5.47,42.26
0900700014931,Iztapalapa,5283,2736,2547,251,125,3,103,123,5002,4811,3803,2085,9.07,4.75,2.5,0.06,2.06,2.56,39.47
090070001262A,Iztapalapa,5083,2648,2435,318,113,0,88,113,4778,4576,3598,2193,8.32,6.26,2.37,0.0,1.84,2.47,43.14
0900700012634,Iztapalapa,4120,2092,2028,257,103,3,80,102,3908,3746,3001,1634,8.54,6.24,2.64,0.08,2.05,2.72,39.66
0900700012564,Iztapalapa,6663,3456,3207,317,142,0,115,139,6291,6012,4708,2718,8.55,4.76,2.26,0.0,1.83,2.31,40.79
0900700015304,Iztapalapa,5096,2622,2474,297,118,0,97,117,4705,4502,3549,1790,8.47,5.83,2.51,0.0,2.06,2.6,35.13
0900700012719,Iztapalapa,4673,2437,2236,188,78,0,63,78,4386,4202,3281,1904,8.43,4.02,1.78,0.0,1.44,1.86,40.74
0900700015323,Iztapalapa,2947,1503,1444,319,115,0,104,115,2729,2589,1946,1526,7.77,10.82,4.21,0.0,3.81,4.44,51.78
0900700013153,Iztapalapa,3440,1791,1649,334,125,0,116,125,3191,3048,2385,1382,8.08,9.71,3.92,0.0,3.64,4.1,40.17
0900700012649,Iztapalapa,4473,2300,2173,219,76,0,63,76,4199,4020,3180,1801,8.64,4.9,1.81,0.0,1.5,1.89,40.26
0900700012653,Iztapalapa,3809,1946,1863,178,66,0,55,66,3584,3433,2638,1567,8.52,4.67,1.84,0.0,1.53,1.92,41.14
0900700015037,Iztapalapa,2209,1142,1067,212,85,0,72,84,2070,1973,1586,815,8.24,9.6,4.11,0.0,3.48,4.26,36.89
0900700012969,Iztapalapa,2361,1233,1128,214,77,0,74,77,2134,2033,1595,719,7.89,9.06,3.61,0.0,3.47,3.79,30.45
0900700013115,Iztapalapa,5512,2767,2745,293,92,0,59,92,5189,4958,3934,2539,8.42,5.32,1.77,0.0,1.14,1.86,46.06
0900700012795,Iztapalapa,4923,2587,2336,353,129,0,116,129,4458,4278,3392,1655,8.38,7.17,2.89,0.0,2.6,3.02,33.62
0900700012704,Iztapalapa,5352,2709,2643,358,154,0,130,152,4976,4759,3777,1760,8.46,6.69,3.09,0.0,2.61,3.19,32.88
0900700012668,Iztapalapa,3359,1717,1642,134,55,0,39,54,3161,3019,2387,1395,8.2,3.99,1.74,0.0,1.23,1.79,41.53
0900700013257,Iztapalapa,3950,1981,1969,272,97,0,83,97,3695,3515,2704,1293,8.57,6.89,2.63,0.0,2.25,2.76,32.73
0900700014081,Iztapalapa,5110,2615,2495,527,198,,173,198,4718,4492,3454,2198,7.99,10.31,4.2,,3.67,4.41,43.01
090070001586A,Iztapalapa,2404,1235,1169,29,18,,16,18,2269,2169,1686,695,13.4,1.21,0.79,,0.71,0.83,28.91
090070001561A,Iztapalapa,1099,572,527,8,4,0,4,4,1048,1020,836,324,12.56,0.73,0.38,0.0,0.38,0.39,29.48
0900700015874,Iztapalapa,1253,644,609,24,10,0,8,10,1205,1174,978,404,13.82,1.92,0.83,0.0,0.66,0.85,32.24
0900700014471,Iztapalapa,2401,1241,1160,43,13,0,11,13,2299,2221,1871,709,10.74,1.79,0.57,0.0,0.48,0.59,29.53
0900700014433,Iztapalapa,3152,1665,1487,30,12,0,12,12,3060,2988,2624,871,12.9,0.95,0.39,0.0,0.39,0.4,27.63
0900700014452,Iztapalapa,2004,1058,946,14,8,0,7,8,1947,1909,1688,543,12.46,0.7,0.41,0.0,0.36,0.42,27.1
0900700015624,Iztapalapa,3265,1721,1544,96,32,0,22,31,3122,3036,2590,1134,10.55,2.94,1.02,0.0,0.7,1.02,34.73
0900700014448,Iztapalapa,2157,1112,1045,11,9,0,8,9,2074,2032,1748,629,12.13,0.51,0.43,0.0,0.39,0.44,29.16
0900700014467,Iztapalapa,2205,1156,1049,37,12,0,11,12,2097,2031,1703,791,10.75,1.68,0.57,0.0,0.52,0.59,35.87
0900700014429,Iztapalapa,2099,1104,995,22,13,0,6,12,2007,1954,1706,625,13.08,1.05,0.65,0.0,0.3,0.61,29.78
0900700011867,Iztapalapa,11105,5730,5375,576,255,,216,250,10479,10091,8150,3158,9.13,5.19,2.43,,2.06,2.48,28.44
0900700014965,Iztapalapa,3910,2034,1876,93,32,0,27,32,3767,3660,3057,1196,11.65,2.38,0.85,0.0,0.72,0.87,30.59
0900700014363,Iztapalapa,5883,2972,2911,322,111,,96,111,5558,5307,4192,1967,8.66,5.47,2.0,,1.73,2.09,33.44
0900700014397,Iztapalapa,1726,909,817,52,16,0,16,16,1640,1586,1333,564,9.48,3.01,0.98,0.0,0.98,1.01,32.68
0900700015427,Iztapalapa,4187,2221,1966,291,91,0,79,90,3947,3808,2952,1862,8.92,6.95,2.31,0.0,2.0,2.36,44.47
090070001440A,Iztapalapa,1300,687,613,64,16,0,15,16,1214,1163,976,460,9.37,4.92,1.32,0.0,1.24,1.38,35.38
0900700012189,Iztapalapa,2276,1206,1070,54,20,0,20,20,2176,2102,1757,764,10.2,2.37,0.92,0.0,0.92,0.95,33.57
0900700012174,Iztapalapa,2348,1239,1109,42,22,,20,22,2193,2109,1768,927,10.16,1.79,1.0,,0.91,1.04,39.48
0900700014185,Iztapalapa,3856,1975,1881,150,49,0,45,49,3660,3533,2813,1624,9.59,3.89,1.34,0.0,1.23,1.39,42.12
0900700014749,Iztapalapa,5767,2949,2818,262,119,3,89,119,5442,5207,4168,2914,8.91,4.54,2.19,0.06,1.64,2.29,50.53
0900700014170,Iztapalapa,4601,2370,2231,189,64,0,47,64,4326,4120,3280,2087,8.88,4.11,1.48,0.0,1.09,1.55,45.36
0900700013492,Iztapalapa,5186,2702,2484,162,62,0,57,62,4915,4731,3766,1929,8.68,3.12,1.26,0.0,1.16,1.31,37.2
0900700014325,Iztapalapa,1649,849,800,74,32,0,30,32,1557,1509,1282,508,11.0,4.49,2.06,0.0,1.93,2.12,30.81
0900700013539,Iztapalapa,4085,2094,1991,105,47,0,41,44,3867,3712,3039,1559,9.4,2.57,1.22,0.0,1.06,1.19,38.16
0900700015408,Iztapalapa,3156,1649,1507,270,88,0,83,88,2949,2817,2173,1487,8.82,8.56,2.98,0.0,2.81,3.12,47.12
0900700012206,Iztapalapa,1574,782,792,80,28,0,28,28,1493,1448,1214,584,10.1,5.08,1.88,0.0,1.88,1.93,37.1
090070001515A,Iztapalapa,1101,586,515,38,17,0,14,17,1052,1022,846,363,10.0,3.45,1.62,0.0,1.33,1.66,32.97
0900700014344,Iztapalapa,2572,1321,1251,128,37,0,35,37,2436,2343,1953,777,9.85,4.98,1.52,0.0,1.44,1.58,30.21
0900700012193,Iztapalapa,2766,1428,1338,73,28,0,27,28,2617,2525,2070,1003,9.36,2.64,1.07,0.0,1.03,1.11,36.26
0900700012155,Iztapalapa,3836,1944,1892,119,60,3,51,60,3645,3514,2825,1281,9.09,3.1,1.65,0.08,1.4,1.71,33.39
0900700013488,Iztapalapa,5237,2672,2565,226,108,3,96,106,4909,4673,3686,1775,8.61,4.32,2.2,0.06,1.96,2.27,33.89
0900700012070,Iztapalapa,3992,2056,1936,129,50,3,40,50,3728,3572,2792,1593,8.68,3.23,1.34,0.08,1.07,1.4,39.9
0900700012085,Iztapalapa,5975,3042,2933,261,102,0,69,102,5635,5419,4345,2301,8.73,4.37,1.81,0.0,1.22,1.88,38.51
0900700013914,Iztapalapa,5487,2810,2677,118,44,0,42,44,5243,5097,4392,1559,10.84,2.15,0.84,0.0,0.8,0.86,28.41
0900700013897,Iztapalapa,4150,2163,1987,108,45,0,22,44,3940,3815,3267,1261,10.18,2.6,1.14,0.0,0.56,1.15,30.39
0900700015357,Iztapalapa,3018,1583,1435,83,28,0,25,28,2887,2791,2300,969,10.17,2.75,0.97,0.0,0.87,1.0,32.11
0900700011960,Iztapalapa,3937,2082,1855,115,68,3,60,67,3776,3653,3065,1372,10.37,2.92,1.8,0.08,1.59,1.83,34.85
090070001198A,Iztapalapa,6058,3061,2997,333,164,0,153,163,5728,5542,4538,2213,9.66,5.5,2.86,0.0,2.67,2.94,36.53
0900700014310,Iztapalapa,2712,1392,1320,93,37,,34,37,2592,2487,2062,896,10.12,3.43,1.43,,1.31,1.49,33.04
090070001390A,Iztapalapa,4120,2118,2002,100,29,0,24,29,3930,3802,3295,1134,11.03,2.43,0.74,0.0,0.61,0.76,27.52
0900700012117,Iztapalapa,3230,1638,1592,137,68,,61,68,3074,2958,2378,1157,8.86,4.24,2.21,,1.98,2.3,35.82
090070001337A,Iztapalapa,7546,3833,3713,450,174,,153,172,7151,6884,5630,3308,9.5,5.96,2.43,,2.14,2.5,43.84
0900700012047,Iztapalapa,9740,4988,4752,483,224,,197,223,9150,8786,7119,4132,9.12,4.96,2.45,,2.15,2.54,42.42
0900700012102,Iztapalapa,3444,1754,1690,149,57,,46,57,3235,3096,2492,1554,8.97,4.33,1.76,,1.42,1.84,45.12
0900700014382,Iztapalapa,2329,1246,1083,135,41,0,32,41,2181,2103,1693,849,9.69,5.8,1.88,0.0,1.47,1.95,36.45
0900700014306,Iztapalapa,1741,901,840,53,21,0,19,21,1653,1593,1289,522,10.19,3.04,1.27,0.0,1.15,1.32,29.98
0900700015361,Iztapalapa,2265,1183,1082,53,20,0,18,20,2140,2019,1385,82,11.99,2.34,0.93,0.0,0.84,0.99,3.62
0900700015376,Iztapalapa,1001,500,501,40,11,0,9,11,943,891,598,15,10.25,4.0,1.17,0.0,0.95,1.23,1.5
090070001209A,Iztapalapa,3705,1901,1804,171,65,0,56,65,3483,3363,2758,1274,9.1,4.62,1.87,0.0,1.61,1.93,34.39
0900700012140,Iztapalapa,7660,3928,3732,385,173,0,151,171,7216,6911,5494,2576,8.83,5.03,2.4,0.0,2.09,2.47,33.63
0900700013505,Iztapalapa,5351,2791,2560,233,91,6,79,91,5093,4902,3973,1954,8.63,4.35,1.79,0.12,1.55,1.86,36.52
090070001216A,Iztapalapa,3600,1874,1726,127,49,0,38,49,3416,3294,2665,1178,9.14,3.53,1.43,0.0,1.11,1.49,32.72
090070001351A,Iztapalapa,5467,2867,2600,200,86,,65,86,5220,5014,4063,1718,9.18,3.66,1.65,,1.25,1.72,31.42
090070001433A,Iztapalapa,4010,2038,1972,152,61,,48,60,3823,3701,2971,1618,9.37,3.79,1.6,,1.26,1.62,40.35
0900700015412,Iztapalapa,2644,1390,1254,178,67,0,64,67,2498,2402,1909,1013,9.4,6.73,2.68,0.0,2.56,2.79,38.31
0900700014359,Iztapalapa,2505,1310,1195,113,38,0,33,38,2379,2301,1885,838,9.4,4.51,1.6,0.0,1.39,1.65,33.45
0900700011975,Iztapalapa,3237,1647,1590,52,19,0,14,18,3061,2957,2445,993,11.3,1.61,0.62,0.0,0.46,0.61,30.68
0900700011994,Iztapalapa,17152,2137,15015,253,295,0,290,295,16913,16761,16017,1771,8.47,1.48,1.74,0.0,1.71,1.76,10.33
0900700013327,Iztapalapa,7540,3792,3748,352,129,0,107,128,7123,6807,5478,3387,8.89,4.67,1.81,0.0,1.5,1.88,44.92
0900700015516,Iztapalapa,4876,2485,2391,634,206,0,198,204,4527,4294,3206,2734,7.64,13.0,4.55,0.0,4.37,4.75,56.07
0900700015520,Iztapalapa,3530,1801,1729,420,142,0,137,142,3290,3127,2333,1697,7.08,11.9,4.32,0.0,4.16,4.54,48.07
0900700015501,Iztapalapa,5760,2937,2823,884,283,0,251,282,5394,5131,3735,3216,6.92,15.35,5.25,0.0,4.65,5.5,55.83
0900700015732,Iztapalapa,2824,1432,1392,197,82,,70,82,2675,2589,2063,1126,9.62,6.98,3.07,,2.62,3.17,39.87
0900700015499,Iztapalapa,4626,2337,2289,419,153,,143,153,4312,4125,3229,2535,8.08,9.06,3.55,,3.32,3.71,54.8
0900700014236,Iztapalapa,7458,3874,3584,678,236,0,227,235,6910,6590,5215,3620,8.27,9.09,3.42,0.0,3.29,3.57,48.54
0900700014861,Iztapalapa,3343,1655,1688,452,161,,149,161,3110,2959,2231,1411,7.59,13.52,5.18,,4.79,5.44,42.21
0900700014062,Iztapalapa,3145,1636,1509,135,52,,46,52,2974,2868,2287,1568,8.99,4.29,1.75,,1.55,1.81,49.86
0900700014202,Iztapalapa,3692,1836,1856,114,38,0,35,38,3499,3354,2658,1571,8.48,3.09,1.09,0.0,1.0,1.13,42.55
0900700014217,Iztapalapa,3241,1670,1571,121,51,0,45,51,3085,2974,2424,1225,9.88,3.73,1.65,0.0,1.46,1.71,37.8
0900700015060,Iztapalapa,5452,2831,2621,183,67,,64,67,5145,4974,4059,2390,9.41,3.36,1.3,,1.24,1.35,43.84
0900700015450,Iztapalapa,3745,1967,1778,238,108,0,94,108,3556,3423,2757,1707,8.83,6.36,3.04,0.0,2.64,3.16,45.58
0900700015465,Iztapalapa,1773,909,864,43,21,0,20,21,1698,1647,1324,702,10.99,2.43,1.24,0.0,1.18,1.28,39.59
0900700011890,Iztapalapa,5738,2962,2776,118,42,0,38,42,5522,5338,4428,2506,9.68,2.06,0.76,0.0,0.69,0.79,43.67
0900700013789,Iztapalapa,3136,1617,1519,241,97,,89,97,2956,2862,2373,849,9.66,7.68,3.28,,3.01,3.39,27.07
0900800010508,La Magdalena Contreras,1153,671,482,13,12,0,7,12,1114,1092,975,219,14.44,1.13,1.08,0.0,0.63,1.1,18.99
0900800010141,La Magdalena Contreras,4769,2451,2318,91,46,0,40,46,4516,4393,3646,1570,10.02,1.91,1.02,0.0,0.89,1.05,32.92
0900800010300,La Magdalena Contreras,6435,3381,3054,104,66,0,46,64,6139,5921,4873,2006,11.25,1.62,1.08,0.0,0.75,1.08,31.17
0900800010071,La Magdalena Contreras,1081,603,478,8,7,0,4,7,1054,1044,953,181,11.51,0.74,0.66,0.0,0.38,0.67,16.74
0900800010527,La Magdalena Contreras,8173,4196,3977,359,167,,146,166,7687,7338,5847,2977,8.65,4.39,2.17,,1.9,2.26,36.42
0900800010137,La Magdalena Contreras,7797,3997,3800,201,85,0,74,84,7346,7071,5714,2891,9.19,2.58,1.16,0.0,1.01,1.19,37.08
0900800010584,La Magdalena Contreras,5076,2567,2509,215,72,0,60,72,4777,4569,3606,1751,8.53,4.24,1.51,0.0,1.26,1.58,34.5
090080001018A,La Magdalena Contreras,2306,1245,1061,44,19,0,11,19,2212,2147,1777,753,10.87,1.91,0.86,0.0,0.5,0.88,32.65
0900800010531,La Magdalena Contreras,4004,2030,1974,88,42,0,31,41,3780,3645,2912,1179,9.02,2.2,1.11,0.0,0.82,1.12,29.45
0900800010550,La Magdalena Contreras,6090,3159,2931,164,55,0,46,55,5751,5537,4467,2030,9.25,2.69,0.96,0.0,0.8,0.99,33.33
0900800010599,La Magdalena Contreras,1470,740,730,63,30,0,18,29,1388,1327,1027,770,7.31,4.29,2.16,0.0,1.3,2.19,52.38
0900800010476,La Magdalena Contreras,4718,2379,2339,567,233,3,200,233,4465,4278,3343,2119,7.69,12.02,5.22,0.07,4.48,5.45,44.91
0900800010495,La Magdalena Contreras,3924,2066,1858,37,18,0,14,18,3762,3651,3123,1233,10.68,0.94,0.48,0.0,0.37,0.49,31.42
0900800010264,La Magdalena Contreras,5735,2957,2778,115,75,0,58,75,5469,5302,4360,1670,10.91,2.01,1.37,0.0,1.06,1.41,29.12
0900800010086,La Magdalena Contreras,3346,1901,1445,16,56,0,47,56,3127,3053,2663,675,11.23,0.48,1.79,0.0,1.5,1.83,20.17
0900800010122,La Magdalena Contreras,1906,1050,856,34,34,0,20,34,1801,1757,1527,455,12.66,1.78,1.89,0.0,1.11,1.94,23.87
0900800010546,La Magdalena Contreras,5576,2839,2737,228,104,0,78,104,5275,5060,4012,1927,9.1,4.09,1.97,0.0,1.48,2.06,34.56
0900800010226,La Magdalena Contreras,3996,2093,1903,59,27,0,24,27,3811,3697,3076,1214,10.17,1.48,0.71,0.0,0.63,0.73,30.38
0900800010283,La Magdalena Contreras,4644,2530,2114,58,46,0,35,46,4464,4353,3732,1372,11.29,1.25,1.03,0.0,0.78,1.06,29.54
0900800010194,La Magdalena Contreras,3144,1675,1469,31,31,0,24,31,3037,2967,2552,1041,11.7,0.99,1.02,0.0,0.79,1.04,33.11
0900800010298,La Magdalena Contreras,2116,1070,1046,55,23,,22,23,2020,1945,1607,586,9.65,2.6,1.14,,1.09,1.18,27.69
0900800010565,La Magdalena Contreras,4384,2266,2118,98,35,0,31,35,4172,4014,3238,1406,9.56,2.24,0.84,0.0,0.74,0.87,32.07
0900800010014,La Magdalena Contreras,1605,888,717,23,15,0,12,14,1531,1503,1354,359,5.71,1.43,0.98,0.0,0.78,0.93,22.37
0900800010067,La Magdalena Contreras,853,488,365,6,4,0,,4,789,777,697,128,9.65,0.7,0.51,0.0,,0.51,15.01
0900800010160,La Magdalena Contreras,4199,2214,1985,72,49,0,44,49,3991,3851,3157,987,12.11,1.71,1.23,0.0,1.1,1.27,23.51
0900800010211,La Magdalena Contreras,6008,3140,2868,106,54,,45,54,5694,5522,4591,1787,11.07,1.76,0.95,,0.79,0.98,29.74
090080001025A,La Magdalena Contreras,3645,2002,1643,35,42,0,34,42,3504,3407,2904,930,11.76,0.96,1.2,0.0,0.97,1.23,25.51
090080001057A,La Magdalena Contreras,8040,4086,3954,325,106,,96,104,7491,7187,5619,3007,8.48,4.04,1.42,,1.28,1.45,37.4
0900800010404,La Magdalena Contreras,8484,4318,4166,182,70,0,60,70,8090,7775,6397,2697,9.81,2.15,0.87,0.0,0.74,0.9,31.79
0900800010315,La Magdalena Contreras,3962,2107,1855,42,23,0,21,23,3798,3650,3050,1345,11.11,1.06,0.61,0.0,0.55,0.63,33.95
0900800010175,La Magdalena Contreras,1305,713,592,,21,,17,21,1213,1190,1026,288,13.0,,1.73,,1.4,1.76,22.07
0900800010029,La Magdalena Contreras,1345,749,596,10,8,0,6,8,1311,1297,1174,293,10.04,0.74,0.61,0.0,0.46,0.62,21.78
090080001032A,La Magdalena Contreras,5301,2794,2507,57,25,0,14,25,5094,4925,4128,1564,10.46,1.08,0.49,0.0,0.27,0.51,29.5
0900800010245,La Magdalena Contreras,2812,1496,1316,13,11,0,6,11,2711,2628,2229,704,11.21,0.46,0.41,0.0,0.22,0.42,25.04
0900800010349,La Magdalena Contreras,9505,4994,4511,191,94,0,83,94,9073,8779,7090,3730,10.2,2.01,1.04,0.0,0.91,1.07,39.24
0900800010457,La Magdalena Contreras,6518,3307,3211,206,85,0,79,85,6159,5942,4619,3330,8.51,3.16,1.38,0.0,1.28,1.43,51.09
0900800010423,La Magdalena Contreras,8229,4261,3968,182,83,,62,81,7767,7453,5870,3220,8.89,2.21,1.07,,0.8,1.09,39.13
0900800010230,La Magdalena Contreras,4586,2426,2160,125,47,0,37,47,4332,4207,3504,1365,10.5,2.73,1.08,0.0,0.85,1.12,29.76
0900800010334,La Magdalena Contreras,2934,1552,1382,45,22,0,15,22,2754,2679,2275,882,10.37,1.53,0.8,0.0,0.54,0.82,30.06
0900800010438,La Magdalena Contreras,5749,2956,2793,313,112,0,108,111,5444,5218,4132,1881,8.87,5.44,2.06,0.0,1.98,2.13,32.72
0900800010387,La Magdalena Contreras,10310,5211,5099,376,141,,134,140,9714,9287,7451,3914,8.96,3.65,1.45,,1.38,1.51,37.96
0900800010512,La Magdalena Contreras,8275,4220,4055,298,123,0,95,122,7805,7494,5999,2829,8.45,3.6,1.58,0.0,1.22,1.63,34.19
0900800010103,La Magdalena Contreras,5974,3049,2925,117,48,,44,48,5690,5517,4545,2138,9.45,1.96,0.84,,0.77,0.87,35.79
0900800010156,La Magdalena Contreras,3905,1968,1937,64,28,0,21,28,3650,3540,2896,1342,9.55,1.64,0.77,0.0,0.58,0.79,34.37
0900800010118,La Magdalena Contreras,4979,2792,2187,33,78,,60,78,4711,4601,3946,909,13.37,0.66,1.66,,1.27,1.7,18.26
0900800010052,La Magdalena Contreras,2603,1453,1150,21,34,,26,34,2479,2423,2115,523,13.2,0.81,1.37,,1.05,1.4,20.09
0900800010048,La Magdalena Contreras,2553,1407,1146,13,12,0,8,12,2397,2342,2071,568,11.78,0.51,0.5,0.0,0.33,0.51,22.25
0900800010353,La Magdalena Contreras,4037,2082,1955,57,24,0,14,24,3877,3764,3143,1166,10.51,1.41,0.62,0.0,0.36,0.64,28.88
0900800010033,La Magdalena Contreras,594,328,266,7,4,0,4,4,564,550,487,134,12.22,1.18,0.71,0.0,0.71,0.73,22.56
0900800010461,La Magdalena Contreras,6779,3432,3347,194,71,0,67,71,6433,6176,4820,2732,8.92,2.86,1.1,0.0,1.04,1.15,40.3
0900800010207,La Magdalena Contreras,5042,2631,2411,69,40,0,30,40,4833,4709,3916,1665,9.94,1.37,0.83,0.0,0.62,0.85,33.02
0900800010090,La Magdalena Contreras,6457,3359,3098,92,42,,39,42,6135,5920,4892,2431,9.17,1.42,0.68,,0.64,0.71,37.65
0900900010327,Milpa Alta,2320,1207,1113,207,92,,85,92,2183,2109,1694,1205,9.72,8.92,4.21,,3.89,4.36,51.94
0900900010562,Milpa Alta,908,451,457,76,31,0,28,31,853,815,632,425,8.88,8.37,3.63,0.0,3.28,3.8,46.81
0900900010026,Milpa Alta,3535,1846,1689,503,222,4,197,222,3342,3216,2661,1880,9.66,14.23,6.64,0.12,5.89,6.9,53.18
0900900010331,Milpa Alta,2741,1375,1366,345,136,6,123,136,2605,2515,2042,1638,9.0,12.59,5.22,0.23,4.72,5.41,59.76
0900900010492,Milpa Alta,334,166,168,39,16,0,13,16,311,298,237,215,8.84,11.68,5.14,0.0,4.18,5.37,64.37
0900900010505,Milpa Alta,662,351,311,79,33,0,22,33,625,605,458,245,8.99,11.93,5.28,0.0,3.52,5.45,37.01
0900900010308,Milpa Alta,3266,1663,1603,260,91,0,76,91,3125,3019,2466,2052,8.96,7.96,2.91,0.0,2.43,3.01,62.83
0900900010312,Milpa Alta,4508,2325,2183,316,138,,117,138,4285,4142,3313,2567,9.16,7.01,3.22,,2.73,3.33,56.94
0900900110401,Milpa Alta,8910,4533,4377,408,153,0,126,153,8387,8045,6411,4092,9.59,4.58,1.82,0.0,1.5,1.9,45.93
0900900110435,Milpa Alta,5002,2564,2438,219,80,0,59,80,4722,4519,3551,2622,9.37,4.38,1.69,0.0,1.25,1.77,52.42
0900900110416,Milpa Alta,2975,1512,1463,123,59,0,55,59,2839,2750,2215,1189,9.72,4.13,2.08,0.0,1.94,2.15,39.97
0900900110543,Milpa Alta,300,155,145,15,5,0,5,5,281,271,193,131,9.31,5.0,1.78,0.0,1.78,1.85,43.67
090090011051A,Milpa Alta,711,369,342,65,24,0,18,24,660,632,480,297,8.76,9.14,3.64,0.0,2.73,3.8,41.77
0900900110420,Milpa Alta,6499,3343,3156,198,73,,64,73,6124,5862,4701,3066,9.64,3.05,1.19,,1.05,1.25,47.18
090090015012A,Milpa Alta,4340,2209,2131,176,64,0,50,64,4115,3940,3103,1157,9.55,4.06,1.56,0.0,1.22,1.62,26.66
0900900170558,Milpa Alta,117,63,54,18,11,0,11,11,109,103,74,52,7.8,15.38,10.09,0.0,10.09,10.68,44.44
0900900170399,Milpa Alta,1397,701,696,121,46,0,44,46,1307,1261,967,534,9.28,8.66,3.52,0.0,3.37,3.65,38.22
0900900170384,Milpa Alta,3135,1606,1529,265,103,0,84,102,2961,2829,2192,1708,9.32,8.45,3.48,0.0,2.84,3.61,54.48
090090017037A,Milpa Alta,2773,1425,1348,167,61,,47,61,2603,2491,1923,1296,8.95,6.02,2.34,,1.81,2.45,46.74
0900900170365,Milpa Alta,4034,2085,1949,301,116,0,82,115,3805,3645,2836,2353,8.95,7.46,3.05,0.0,2.16,3.16,58.33
0900900240191,Milpa Alta,5302,2718,2584,302,124,,102,124,4974,4774,3751,2046,9.28,5.7,2.49,,2.05,2.6,38.59
0900900240596,Milpa Alta,154,74,80,13,3,0,3,3,146,137,107,97,8.33,8.44,2.05,0.0,2.05,2.19,62.99
0900900240204,Milpa Alta,4747,2439,2308,178,71,,63,71,4460,4251,3346,2045,9.58,3.75,1.59,,1.41,1.67,43.08
0900900240651,Milpa Alta,77,39,38,8,3,0,3,3,70,67,50,30,8.22,10.39,4.29,0.0,4.29,4.48,38.96
0900900240577,Milpa Alta,689,327,362,49,15,0,11,15,638,606,454,323,7.61,7.11,2.35,0.0,1.72,2.48,46.88
0900900240581,Milpa Alta,355,169,186,19,5,0,3,5,329,315,238,148,8.14,5.35,1.52,0.0,0.91,1.59,41.69
0900900240219,Milpa Alta,4183,2104,2079,197,66,,60,66,3912,3749,2924,1362,9.52,4.71,1.69,,1.53,1.76,32.56
0900900290609,Milpa Alta,79,34,45,3,,0,,,71,69,56,49,7.54,3.8,,0.0,,,62.03
0900900290473,Milpa Alta,2691,1373,1318,272,86,0,74,86,2514,2434,1945,1572,8.55,10.11,3.42,0.0,2.94,3.53,58.42
0900900290469,Milpa Alta,2664,1320,1344,229,108,0,94,106,2527,2427,1926,1539,8.83,8.6,4.27,0.0,3.72,4.37,57.77
0900900290454,Milpa Alta,1342,678,664,78,27,0,24,27,1245,1200,959,861,9.08,5.81,2.17,0.0,1.93,2.25,64.16
090090029044A,Milpa Alta,1507,774,733,79,28,0,24,28,1454,1410,1140,1070,9.73,5.24,1.93,0.0,1.65,1.99,71.0
0900900330488,Milpa Alta,1607,831,776,144,52,,48,52,1505,1454,1121,863,8.61,8.96,3.46,,3.19,3.58,53.7
0900900330350,Milpa Alta,7652,3861,3791,355,124,0,108,124,7191,6895,5322,3392,9.21,4.64,1.72,0.0,1.5,1.8,44.33
0900900330346,Milpa Alta,4597,2307,2290,371,121,0,93,121,4292,4114,3217,1706,8.99,8.07,2.82,0.0,2.17,2.94,37.11
0900900360242,Milpa Alta,4354,2208,2146,551,200,0,185,200,4047,3872,2994,1275,8.78,12.66,4.94,0.0,4.57,5.17,29.28
0900900360223,Milpa Alta,3131,1619,1512,516,221,0,197,219,2961,2845,2304,1093,9.43,16.48,7.46,0.0,6.65,7.7,34.91
0900900360238,Milpa Alta,3108,1630,1478,606,227,,191,226,2918,2817,2274,1188,8.83,19.5,7.78,,6.55,8.02,38.22
0900901520613,Milpa Alta,1970,959,1011,160,61,0,53,61,1845,1774,1427,969,8.27,8.12,3.31,0.0,2.87,3.44,49.19
0900901520628,Milpa Alta,1706,843,863,154,64,0,60,64,1622,1552,1243,801,8.62,9.03,3.95,0.0,3.7,4.12,46.95
0900903000632,Milpa Alta,1780,881,899,22,13,0,,13,1694,1616,1276,873,8.97,1.24,0.77,0.0,,0.8,49.04
0900903000647,Milpa Alta,1710,886,824,17,5,0,4,5,1609,1536,1193,866,9.11,0.99,0.31,0.0,0.25,0.33,50.64
0901000011472,Álvaro Obregón,4214,2135,2079,119,53,,39,53,3959,3791,3022,1275,8.4,2.82,1.34,,0.99,1.4,30.26
0901000012004,Álvaro Obregón,0,0,0,0,0,0,0,0,0,0,0,0,0.0,,,,,,
0901000012201,Álvaro Obregón,2830,1443,1387,75,33,0,17,33,2665,2573,2099,882,9.03,2.65,1.24,0.0,0.64,1.28,31.17
0901000012216,Álvaro Obregón,3253,1665,1588,155,55,0,52,55,3046,2914,2318,1387,8.17,4.76,1.81,0.0,1.71,1.89,42.64
0901000011379,Álvaro Obregón,904,492,412,8,14,0,13,14,869,844,677,220,12.25,0.88,1.61,0.0,1.5,1.66,24.34
0901000010686,Álvaro Obregón,2637,1395,1242,41,26,0,10,26,2541,2504,2248,692,14.26,1.55,1.02,0.0,0.39,1.04,26.24
090100001078A,Álvaro Obregón,1147,637,510,13,14,0,11,14,1114,1090,957,262,12.01,1.13,1.26,0.0,0.99,1.28,22.84
0901000010756,Álvaro Obregón,1502,813,689,14,8,0,5,8,1447,1429,1254,284,11.81,0.93,0.55,0.0,0.35,0.56,18.91
0901000010633,Álvaro Obregón,1894,984,910,30,10,0,8,10,1819,1784,1576,455,11.61,1.58,0.55,0.0,0.44,0.56,24.02
0901000012377,Álvaro Obregón,2563,1341,1222,25,11,0,10,11,2459,2402,1935,648,11.49,0.98,0.45,0.0,0.41,0.46,25.28
0901000010614,Álvaro Obregón,2005,1058,947,16,14,0,6,13,1943,1893,1687,539,11.49,0.8,0.72,0.0,0.31,0.69,26.88
0901000010328,Álvaro Obregón,8046,4144,3902,122,58,0,45,57,7640,7351,6074,2260,9.19,1.52,0.76,0.0,0.59,0.78,28.09
0901000010474,Álvaro Obregón,10511,5364,5147,108,44,0,32,44,9944,9582,7803,2817,8.75,1.03,0.44,0.0,0.32,0.46,26.8
0901000010258,Álvaro Obregón,737,412,325,,3,0,0,3,715,706,633,170,11.84,,0.42,0.0,0.0,0.42,23.07
0901000010262,Álvaro Obregón,494,279,215,0,0,0,0,0,469,464,415,74,12.0,0.0,0.0,0.0,0.0,0.0,14.98
090100001021A,Álvaro Obregón,644,356,288,17,9,0,5,9,618,610,532,126,12.18,2.64,1.46,0.0,0.81,1.48,19.57
090100001014A,Álvaro Obregón,4571,2403,2168,53,43,0,28,43,4315,4182,3522,1351,10.28,1.16,1.0,0.0,0.65,1.03,29.56
0901000012112,Álvaro Obregón,9556,4953,4603,140,53,0,44,52,9050,8689,7038,2993,9.33,1.47,0.59,0.0,0.49,0.6,31.32
0901000012108,Álvaro Obregón,4291,2238,2053,62,20,0,16,20,4082,3937,3172,1276,8.55,1.44,0.49,0.0,0.39,0.51,29.74
090100001174A,Álvaro Obregón,8319,4257,4062,651,245,0,211,244,7761,7457,5894,3223,8.63,7.83,3.16,0.0,2.72,3.27,38.74
0901000010239,Álvaro Obregón,1105,608,497,4,4,0,3,4,1028,1009,880,213,11.81,0.36,0.39,0.0,0.29,0.4,19.28
0901000010192,Álvaro Obregón,742,396,346,,,0,,,690,676,594,139,11.47,,,0.0,,,18.73
0901000010385,Álvaro Obregón,3167,1602,1565,91,32,0,23,32,3005,2887,2311,977,8.62,2.87,1.06,0.0,0.77,1.11,30.85
0901000010296,Álvaro Obregón,2944,1499,1445,22,11,0,7,11,2814,2717,2302,929,10.43,0.75,0.39,0.0,0.25,0.4,31.56
0901000010313,Álvaro Obregón,6163,3169,2994,93,45,0,23,45,5870,5683,4572,1925,9.11,1.51,0.77,0.0,0.39,0.79,31.23
0901000010578,Álvaro Obregón,6934,3622,3312,299,130,,107,130,6611,6417,5470,2129,10.12,4.31,1.97,,1.62,2.03,30.7
0901000010718,Álvaro Obregón,969,517,452,20,8,0,4,8,935,911,791,238,12.02,2.06,0.86,0.0,0.43,0.88,24.56
0901000010775,Álvaro Obregón,1461,804,657,20,9,0,7,9,1424,1387,1246,332,12.22,1.37,0.63,0.0,0.49,0.65,22.72
0901000010811,Álvaro Obregón,1054,584,470,25,10,0,4,10,1018,1008,906,233,13.49,2.37,0.98,0.0,0.39,0.99,22.11
0901000011627,Álvaro Obregón,5687,2891,2796,118,60,0,53,60,5370,5186,4188,2018,9.54,2.07,1.12,0.0,0.99,1.16,35.48
0901000011824,Álvaro Obregón,5001,2623,2378,152,70,0,63,69,4674,4484,3633,1719,9.16,3.04,1.5,0.0,1.35,1.54,34.37
090100001167A,Álvaro Obregón,7452,3828,3624,143,69,0,45,68,7110,6875,5627,2868,9.68,1.92,0.97,0.0,0.63,0.99,38.49
0901000010949,Álvaro Obregón,1034,559,475,3,6,,4,6,1011,994,894,214,14.09,0.29,0.59,,0.4,0.6,20.7
0901000011010,Álvaro Obregón,2560,1377,1183,49,37,0,28,37,2471,2419,2119,745,12.58,1.91,1.5,0.0,1.13,1.53,29.1
0901000011203,Álvaro Obregón,248,134,114,4,4,0,,4,242,239,211,68,12.33,1.61,1.65,0.0,,1.67,27.42
0901000011190,Álvaro Obregón,3184,1777,1407,48,47,0,34,47,3041,2992,2671,848,10.49,1.51,1.55,0.0,1.12,1.57,26.63
0901000012381,Álvaro Obregón,61,29,32,4,,0,,,58,57,42,16,7.5,6.56,,0.0,,,26.23
0901000010370,Álvaro Obregón,3291,1707,1584,56,27,0,23,27,3113,2979,2421,939,8.55,1.7,0.87,0.0,0.74,0.91,28.53
090100001110A,Álvaro Obregón,3552,2028,1524,35,57,0,35,57,3462,3395,3023,795,12.98,0.99,1.65,0.0,1.01,1.68,22.38
0901000011114,Álvaro Obregón,1159,704,455,13,44,0,41,44,1128,1107,978,270,13.36,1.12,3.9,0.0,3.63,3.97,23.3
0901000010563,Álvaro Obregón,9360,4848,4512,418,179,,140,177,8876,8595,7134,2672,9.53,4.47,2.02,,1.58,2.06,28.55
0901000010968,Álvaro Obregón,3285,1826,1459,40,61,0,53,61,3164,3102,2735,993,12.13,1.22,1.93,0.0,1.68,1.97,30.23
0901000011487,Álvaro Obregón,4207,2148,2059,255,108,0,88,108,3980,3835,3058,1176,8.74,6.06,2.71,0.0,2.21,2.82,27.95
0901000010099,Álvaro Obregón,4239,2207,2032,82,24,0,14,24,3995,3864,3207,1361,9.42,1.93,0.6,0.0,0.35,0.62,32.11
0901000011735,Álvaro Obregón,8419,4252,4167,625,228,,199,227,7958,7654,6083,3130,8.91,7.42,2.87,,2.5,2.97,37.18
0901000011947,Álvaro Obregón,4512,2299,2213,98,31,0,31,30,4296,4140,3485,1280,10.67,2.17,0.72,0.0,0.72,0.72,28.37
0901000012184,Álvaro Obregón,2501,1288,1213,49,27,0,26,27,2319,2258,1897,990,10.04,1.96,1.16,0.0,1.12,1.2,39.58
0901000011186,Álvaro Obregón,3068,1692,1376,25,25,0,16,25,2982,2918,2558,846,11.69,0.81,0.84,0.0,0.54,0.86,27.57
0901000010741,Álvaro Obregón,3406,1785,1621,40,16,0,10,16,3287,3192,2674,1172,9.98,1.17,0.49,0.0,0.3,0.5,34.41
0901000011218,Álvaro Obregón,1652,883,769,38,23,0,15,23,1614,1563,1348,416,11.75,2.3,1.43,0.0,0.93,1.47,25.18
090100001053A,Álvaro Obregón,4970,2567,2403,57,26,0,18,26,4744,4603,3886,1442,9.71,1.15,0.55,0.0,0.38,0.56,29.01
0901000011932,Álvaro Obregón,2541,1288,1253,77,29,0,29,29,2371,2273,1799,979,8.29,3.03,1.22,0.0,1.22,1.28,38.53
0901000011699,Álvaro Obregón,6677,3525,3152,125,61,0,44,61,6371,6157,5091,2207,9.87,1.87,0.96,0.0,0.69,0.99,33.05
0901000011684,Álvaro Obregón,4995,2594,2401,163,90,0,79,89,4776,4613,3796,1740,10.49,3.26,1.88,0.0,1.65,1.93,34.83
0901000012080,Álvaro Obregón,2599,1371,1228,32,15,0,11,15,2463,2396,2070,688,11.98,1.23,0.61,0.0,0.45,0.63,26.47
0901000012019,Álvaro Obregón,2998,1556,1442,61,16,0,13,15,2823,2699,2168,1062,8.71,2.03,0.57,0.0,0.46,0.56,35.42
0901000012339,Álvaro Obregón,2303,1350,953,5,29,0,23,29,2174,2047,1631,444,13.62,0.22,1.33,0.0,1.06,1.42,19.28
090100001060A,Álvaro Obregón,2701,1479,1222,32,19,0,11,19,2600,2546,2132,897,10.55,1.18,0.73,0.0,0.42,0.75,33.21
0901000010493,Álvaro Obregón,4770,2473,2297,160,86,,70,85,4601,4467,3731,1492,9.78,3.35,1.87,,1.52,1.9,31.28
0901000010169,Álvaro Obregón,3008,1547,1461,66,32,0,29,32,2893,2798,2272,1025,9.29,2.19,1.11,0.0,1.0,1.14,34.08
0901000012057,Álvaro Obregón,4586,2372,2214,167,76,0,65,76,4278,4131,3385,1531,9.12,3.64,1.78,0.0,1.52,1.84,33.38
0901000010760,Álvaro Obregón,849,478,371,0,3,0,,3,815,796,707,203,12.05,0.0,0.37,0.0,,0.38,23.91
0901000011650,Álvaro Obregón,4960,2528,2432,192,63,0,55,63,4688,4520,3646,1838,8.94,3.87,1.34,0.0,1.17,1.39,37.06
0901000010309,Álvaro Obregón,3676,1942,1734,76,48,0,33,48,3486,3362,2803,1279,9.91,2.07,1.38,0.0,0.95,1.43,34.79
0901000011345,Álvaro Obregón,7849,4076,3773,171,72,0,57,70,7409,7162,5784,2740,9.24,2.18,0.97,0.0,0.77,0.98,34.91
0901000010281,Álvaro Obregón,302,157,145,5,6,0,5,6,292,284,258,90,12.58,1.66,2.05,0.0,1.71,2.11,29.8
0901000010489,Álvaro Obregón,4135,2182,1953,84,30,0,23,30,3895,3763,3109,1391,8.96,2.03,0.77,0.0,0.59,0.8,33.64
0901000010671,Álvaro Obregón,2991,1581,1410,10,12,0,7,12,2865,2802,2473,811,14.22,0.33,0.42,0.0,0.24,0.43,27.11
0901000011805,Álvaro Obregón,3887,2089,1798,151,71,0,67,71,3610,3501,2855,1051,9.45,3.88,1.97,0.0,1.86,2.03,27.04
0901000011985,Álvaro Obregón,4261,2172,2089,128,43,0,38,43,4008,3836,3025,1453,8.0,3.0,1.07,0.0,0.95,1.12,34.1
0901000011129,Álvaro Obregón,1370,847,523,9,38,0,27,38,1331,1306,1178,373,13.57,0.66,2.85,0.0,2.03,2.91,27.23
0901000011519,Álvaro Obregón,4697,2409,2288,176,66,0,48,65,4429,4211,3340,1299,9.06,3.75,1.49,0.0,1.08,1.54,27.66
0901000011913,Álvaro Obregón,3857,2041,1816,74,22,,19,22,3682,3555,2993,1007,10.09,1.92,0.6,,0.52,0.62,26.11
090100001103A,Álvaro Obregón,2103,1190,913,19,54,,51,54,2018,1974,1714,576,12.59,0.9,2.68,,2.53,2.74,27.39
0901000011171,Álvaro Obregón,13351,7130,6221,281,150,,130,150,12788,12377,10322,4260,11.67,2.1,1.17,,1.02,1.21,31.91
0901000010900,Álvaro Obregón,2599,1337,1262,60,40,0,37,40,2453,2384,1987,736,9.86,2.31,1.63,0.0,1.51,1.68,28.32
0901000010953,Álvaro Obregón,1750,996,754,29,29,0,25,29,1678,1654,1464,456,13.65,1.66,1.73,0.0,1.49,1.75,26.06
0901000011044,Álvaro Obregón,3097,1782,1315,42,59,0,41,59,2959,2900,2612,819,11.97,1.36,1.99,0.0,1.39,2.03,26.44
0901000010703,Álvaro Obregón,1922,1051,871,31,15,0,10,15,1834,1798,1584,430,12.34,1.61,0.82,0.0,0.55,0.83,22.37
0901000010597,Álvaro Obregón,3985,2078,1907,105,58,0,54,57,3817,3693,3089,1236,9.75,2.63,1.52,0.0,1.41,1.54,31.02
0901000010544,Álvaro Obregón,2845,1456,1389,15,7,0,,7,2718,2636,2239,743,10.56,0.53,0.26,0.0,,0.27,26.12
090100001199A,Álvaro Obregón,3391,1741,1650,81,20,0,17,20,3192,3057,2455,1122,8.42,2.39,0.63,0.0,0.53,0.65,33.09
0901000010224,Álvaro Obregón,542,306,236,3,,0,,,517,508,448,144,12.34,0.55,,0.0,,,26.57
0901000010417,Álvaro Obregón,2247,1206,1041,20,10,0,9,9,2115,2065,1815,402,12.83,0.89,0.47,0.0,0.43,0.44,17.89
0901000010116,Álvaro Obregón,4258,2156,2102,165,76,0,60,75,4005,3858,3171,1292,9.28,3.88,1.9,0.0,1.5,1.94,30.34
0901000011754,Álvaro Obregón,2888,1501,1387,167,67,0,64,67,2724,2613,2057,1059,8.42,5.78,2.46,0.0,2.35,2.56,36.67
0901000011364,Álvaro Obregón,5744,3028,2716,204,86,,73,86,5439,5260,4255,1907,9.16,3.55,1.58,,1.34,1.63,33.2
0901000011523,Álvaro Obregón,3673,1865,1808,60,29,0,23,29,3475,3333,2657,1267,8.5,1.63,0.83,0.0,0.66,0.87,34.49
0901000010065,Álvaro Obregón,5788,2968,2820,154,77,0,48,74,5384,5209,4372,1855,9.55,2.66,1.43,0.0,0.89,1.42,32.05
0901000011631,Álvaro Obregón,5312,2721,2591,129,43,0,37,43,4979,4783,3875,1644,8.9,2.43,0.86,0.0,0.74,0.9,30.95
0901000010012,Álvaro Obregón,1775,972,803,6,4,0,,4,1709,1671,1479,479,12.15,0.34,0.23,0.0,,0.24,26.99
0901000012150,Álvaro Obregón,4498,2374,2124,109,55,0,41,55,4359,4244,3650,1600,11.23,2.42,1.26,0.0,0.94,1.3,35.57
0901000010525,Álvaro Obregón,2289,1256,1033,24,15,0,11,15,2209,2160,1878,703,11.76,1.05,0.68,0.0,0.5,0.69,30.71
0901000010987,Álvaro Obregón,1716,952,764,35,39,0,28,39,1664,1633,1487,492,13.69,2.04,2.34,0.0,1.68,2.39,28.67
0901000011006,Álvaro Obregón,2732,1508,1224,15,39,0,38,39,2650,2600,2268,699,13.21,0.55,1.47,0.0,1.43,1.5,25.59
0901000011133,Álvaro Obregón,2019,1150,869,17,33,0,29,33,1947,1921,1747,508,14.23,0.84,1.69,0.0,1.49,1.72,25.16
0901000011241,Álvaro Obregón,4498,2431,2067,40,57,0,52,57,4263,4181,3709,1117,12.95,0.89,1.34,0.0,1.22,1.36,24.83
0901000011275,Álvaro Obregón,2870,1584,1286,15,71,,56,71,2684,2645,2341,506,13.83,0.52,2.65,,2.09,2.68,17.63
0901000011307,Álvaro Obregón,2015,1169,846,18,60,0,46,60,1928,1907,1703,470,13.33,0.89,3.11,0.0,2.39,3.15,23.33
090100001128A,Álvaro Obregón,2332,1260,1072,11,35,0,28,35,2208,2166,1938,436,13.47,0.47,1.59,0.0,1.27,1.62,18.7
0901000012042,Álvaro Obregón,3732,1934,1798,150,65,,56,65,3539,3382,2699,1404,8.45,4.02,1.84,,1.58,1.92,37.62
0901000011716,Álvaro Obregón,7029,3583,3446,418,147,,125,146,6649,6351,5047,2647,8.38,5.95,2.21,,1.88,2.3,37.66
0901000011858,Álvaro Obregón,10926,5884,5042,130,120,,103,119,10478,10191,8644,2886,12.41,1.19,1.15,,0.98,1.17,26.41
0901000011222,Álvaro Obregón,4162,2200,1962,38,22,0,16,22,3887,3808,3305,1086,10.67,0.91,0.57,0.0,0.41,0.58,26.09
0901000011237,Álvaro Obregón,4047,2155,1892,58,37,0,27,35,3875,3785,3339,935,11.69,1.43,0.95,0.0,0.7,0.92,23.1
0901000010845,Álvaro Obregón,1408,776,632,37,21,0,12,21,1348,1322,1190,487,11.77,2.63,1.56,0.0,0.89,1.59,34.59
0901000010027,Álvaro Obregón,2565,1417,1148,9,13,0,8,13,2446,2395,2102,589,12.35,0.35,0.53,0.0,0.33,0.54,22.96
0901000011330,Álvaro Obregón,7665,3979,3686,219,119,0,111,119,6951,6729,5497,2462,10.28,2.86,1.71,0.0,1.6,1.77,32.12
0901000012146,Álvaro Obregón,2652,1371,1281,45,20,,9,20,2561,2499,2135,779,10.21,1.7,0.78,,0.35,0.8,29.37
0901000010629,Álvaro Obregón,2676,1475,1201,10,7,0,3,7,2608,2566,2262,843,11.56,0.37,0.27,0.0,0.12,0.27,31.5
0901000010510,Álvaro Obregón,2980,1567,1413,33,17,0,13,17,2887,2809,2443,949,11.39,1.11,0.59,0.0,0.45,0.61,31.85
0901000011773,Álvaro Obregón,4657,2427,2230,89,41,,26,41,4412,4276,3589,1465,10.07,1.91,0.93,,0.59,0.96,31.46
0901000010135,Álvaro Obregón,10874,5715,5159,191,102,0,69,99,9981,9662,8201,1894,13.36,1.76,1.02,0.0,0.69,1.02,17.42
0901000010188,Álvaro Obregón,666,366,300,7,4,0,,4,619,604,535,107,11.64,1.05,0.65,0.0,,0.66,16.07
0901000010205,Álvaro Obregón,528,309,219,0,,0,0,,514,508,455,91,12.42,0.0,,0.0,0.0,,17.23
0901000011453,Álvaro Obregón,5214,2670,2544,122,47,0,29,47,4937,4730,3797,1818,8.47,2.34,0.95,0.0,0.59,0.99,34.87
0901000011928,Álvaro Obregón,2324,1210,1114,30,15,0,8,15,2223,2148,1810,497,11.58,1.29,0.67,0.0,0.36,0.7,21.39
0901000010351,Álvaro Obregón,4317,2216,2101,147,70,0,61,70,4098,3972,3291,1194,9.3,3.41,1.71,0.0,1.49,1.76,27.66
0901000011468,Álvaro Obregón,2505,1271,1234,36,20,0,12,20,2352,2253,1789,782,8.3,1.44,0.85,0.0,0.51,0.89,31.22
0901000010347,Álvaro Obregón,3766,1936,1830,119,52,0,34,50,3594,3474,2878,1176,9.33,3.16,1.45,0.0,0.95,1.44,31.23
0901000010807,Álvaro Obregón,1904,1048,856,50,24,0,16,24,1834,1796,1606,473,12.48,2.63,1.31,0.0,0.87,1.34,24.84
0901000010794,Álvaro Obregón,773,419,354,,3,0,,3,746,729,647,175,12.78,,0.4,0.0,,0.41,22.64
0901000011063,Álvaro Obregón,2508,1416,1092,10,59,0,49,59,2458,2418,2139,523,13.41,0.4,2.4,0.0,1.99,2.44,20.85
0901000011260,Álvaro Obregón,3368,1976,1392,12,94,0,81,94,3215,3166,2843,733,13.42,0.36,2.92,0.0,2.52,2.97,21.76
0901000011966,Álvaro Obregón,3288,1695,1593,20,11,0,7,11,3158,3082,2619,1040,10.39,0.61,0.35,0.0,0.22,0.36,31.63
0901000010559,Álvaro Obregón,2180,1154,1026,53,27,0,12,25,2079,2024,1803,642,13.31,2.43,1.3,0.0,0.58,1.24,29.45
0901000012358,Álvaro Obregón,2250,1216,1034,15,12,0,9,12,2113,2019,1590,208,14.7,0.67,0.57,0.0,0.43,0.59,9.24
0901000011542,Álvaro Obregón,1642,832,810,9,7,0,4,7,1268,1209,1126,133,15.12,0.55,0.55,0.0,0.32,0.58,8.1
090100001231A,Álvaro Obregón,2784,1458,1326,70,39,,24,38,2626,2540,2072,791,10.15,2.51,1.49,,0.91,1.5,28.41
090100001135A,Álvaro Obregón,6529,3378,3151,134,71,0,53,71,6184,5953,4797,2219,9.62,2.05,1.15,0.0,0.86,1.19,33.99
0901000011788,Álvaro Obregón,4201,2150,2051,64,27,0,20,27,3939,3790,3052,1431,8.97,1.52,0.69,0.0,0.51,0.71,34.06
0901000010050,Álvaro Obregón,3894,2044,1850,138,50,,40,50,3706,3594,2983,1280,9.81,3.54,1.35,,1.08,1.39,32.87
0901000012343,Álvaro Obregón,5393,2728,2665,271,89,0,79,89,5087,4833,3802,1787,8.44,5.03,1.75,0.0,1.55,1.84,33.14
0901000010864,Álvaro Obregón,5690,2958,2732,71,23,0,18,23,5376,5183,4190,1892,8.8,1.25,0.43,0.0,0.33,0.44,33.25
0901000010648,Álvaro Obregón,1627,900,727,24,16,,11,16,1573,1545,1377,324,14.46,1.48,1.02,,0.7,1.04,19.91
0901000012131,Álvaro Obregón,1847,1004,843,46,23,0,21,23,1780,1747,1517,432,10.93,2.49,1.29,0.0,1.18,1.32,23.39
0901000010737,Álvaro Obregón,673,368,305,9,4,0,3,4,659,650,590,155,12.36,1.34,0.61,0.0,0.46,0.62,23.03
0901000011595,Álvaro Obregón,5743,2926,2817,83,31,0,20,31,5469,5246,4207,1934,8.53,1.45,0.57,0.0,0.37,0.59,33.68
0901000012076,Álvaro Obregón,2688,1338,1350,13,4,0,4,4,2535,2435,1993,825,9.56,0.48,0.16,0.0,0.16,0.16,30.69
0901000012305,Álvaro Obregón,3566,1788,1778,168,72,0,55,72,3338,3177,2477,1081,8.38,4.71,2.16,0.0,1.65,2.27,30.31
0901000010101,Álvaro Obregón,1531,797,734,17,8,0,7,8,1379,1353,1177,354,10.69,1.11,0.58,0.0,0.51,0.59,23.12
0901000011557,Álvaro Obregón,6184,3205,2979,291,98,0,84,98,5831,5594,4519,1713,9.32,4.71,1.68,0.0,1.44,1.75,27.7
0901000011294,Álvaro Obregón,3232,1852,1380,16,76,,62,76,3023,2979,2583,620,13.81,0.5,2.51,,2.05,2.55,19.18
0901000011078,Álvaro Obregón,6026,3146,2880,249,111,0,89,111,5454,5267,4350,2024,10.18,4.13,2.04,0.0,1.63,2.11,33.59
0901000011646,Álvaro Obregón,5279,2743,2536,192,67,0,58,67,5001,4818,3852,1734,8.84,3.64,1.34,0.0,1.16,1.39,32.85
0901000011434,Álvaro Obregón,5422,2751,2671,70,28,0,22,28,5139,4980,4063,1627,9.74,1.29,0.54,0.0,0.43,0.56,30.01
0901000011720,Álvaro Obregón,3014,1516,1498,42,23,0,20,22,2807,2718,2176,1297,9.61,1.39,0.82,0.0,0.71,0.81,43.03
0901000011152,Álvaro Obregón,2678,1441,1237,21,42,0,39,42,2483,2434,2158,653,14.41,0.78,1.69,0.0,1.57,1.73,24.38
0901000011839,Álvaro Obregón,5213,2637,2576,255,109,5,97,108,4777,4631,3800,1790,9.58,4.89,2.28,0.1,2.03,2.33,34.34
0901000011059,Álvaro Obregón,2673,1518,1155,31,62,0,57,62,2616,2569,2344,682,13.93,1.16,2.37,0.0,2.18,2.41,25.51
0901000010991,Álvaro Obregón,2654,1538,1116,26,60,0,52,60,2610,2559,2271,604,13.7,0.98,2.3,0.0,1.99,2.34,22.76
0901000011025,Álvaro Obregón,474,262,212,6,4,0,3,4,412,404,354,75,13.18,1.27,0.97,0.0,0.73,0.99,15.82
0901000012199,Álvaro Obregón,5227,2726,2501,190,73,,51,73,4883,4714,3889,1802,9.55,3.63,1.49,,1.04,1.55,34.47
090100001181A,Álvaro Obregón,5583,2869,2714,218,88,0,76,88,5211,5026,4084,1995,9.56,3.9,1.69,0.0,1.46,1.75,35.73
0901000012292,Álvaro Obregón,5342,2773,2569,245,76,0,64,76,4935,4770,3854,1547,10.92,4.59,1.54,0.0,1.3,1.59,28.96
0901000012288,Álvaro Obregón,5792,3015,2777,124,40,0,35,39,5389,5211,4307,1525,11.03,2.14,0.74,0.0,0.65,0.75,26.33
0901000012254,Álvaro Obregón,4367,2268,2099,106,44,0,41,44,4160,4034,3379,1093,11.13,2.43,1.06,0.0,0.99,1.09,25.03
0901000010898,Álvaro Obregón,2312,1218,1094,52,24,0,12,23,2203,2136,1763,683,10.88,2.25,1.09,0.0,0.54,1.08,29.54
090100001224A,Álvaro Obregón,3113,1628,1485,57,20,0,19,20,2938,2832,2318,960,10.2,1.83,0.68,0.0,0.65,0.71,30.84
0901000012038,Álvaro Obregón,3684,1895,1789,86,33,0,27,33,3462,3313,2657,1644,9.06,2.33,0.95,0.0,0.78,1.0,44.63
0901000012235,Álvaro Obregón,4172,2188,1984,166,68,0,62,67,3928,3776,3027,1527,9.14,3.98,1.73,0.0,1.58,1.77,36.6
0901000011881,Álvaro Obregón,3364,1732,1632,14,20,0,15,19,3243,3155,2706,599,13.54,0.42,0.62,0.0,0.46,0.6,17.81
0901000011148,Álvaro Obregón,5113,2755,2358,34,75,0,69,75,4742,4640,4068,998,14.46,0.66,1.58,0.0,1.46,1.62,19.52
0901000011843,Álvaro Obregón,7999,4219,3780,137,63,0,55,63,7650,7354,5997,2705,10.55,1.71,0.82,0.0,0.72,0.86,33.82
0901000012273,Álvaro Obregón,52,29,23,0,0,0,0,0,49,49,38,31,9.66,0.0,0.0,0.0,0.0,0.0,59.62
0901000011665,Álvaro Obregón,2702,1395,1307,67,15,0,13,15,2562,2483,2049,978,9.32,2.48,0.59,0.0,0.51,0.6,36.2
0901000012095,Álvaro Obregón,5291,2696,2595,133,61,0,31,61,5016,4852,3916,1665,10.24,2.51,1.22,0.0,0.62,1.26,31.47
0901000012220,Álvaro Obregón,3397,1711,1686,71,29,0,20,29,3180,3052,2458,1411,8.64,2.09,0.91,0.0,0.63,0.95,41.54
0901000010667,Álvaro Obregón,4771,2454,2317,130,56,0,48,56,4536,4377,3615,1457,9.53,2.72,1.23,0.0,1.06,1.28,30.54
0901000012023,Álvaro Obregón,3993,2031,1962,163,70,0,55,70,3701,3556,2871,1162,8.59,4.08,1.89,0.0,1.49,1.97,29.1
0901000010915,Álvaro Obregón,2984,1604,1380,38,37,0,32,37,2725,2686,2369,620,13.95,1.27,1.36,0.0,1.17,1.38,20.78
0901000010690,Álvaro Obregón,3828,2026,1802,26,20,0,15,20,3718,3629,3169,1154,12.33,0.68,0.54,0.0,0.4,0.55,30.15
0901000010972,Álvaro Obregón,2568,1370,1198,46,57,0,49,57,2502,2442,2149,593,13.46,1.79,2.28,0.0,1.96,2.33,23.09
090100001092A,Álvaro Obregón,2254,1208,1046,19,17,,14,17,2147,2086,1737,754,10.39,0.84,0.79,,0.65,0.81,33.45
0901000010826,Álvaro Obregón,845,463,382,9,6,0,5,6,796,770,685,248,12.09,1.07,0.75,0.0,0.63,0.78,29.35
0901000010830,Álvaro Obregón,898,498,400,12,13,0,6,13,864,849,758,257,13.13,1.34,1.5,0.0,0.69,1.53,28.62
0901000011580,Álvaro Obregón,6923,3580,3343,159,53,,38,53,6457,6243,5174,1763,9.48,2.3,0.82,,0.59,0.85,25.47
0901000010722,Álvaro Obregón,2256,1192,1064,21,12,0,7,12,2182,2140,1879,477,11.94,0.93,0.55,0.0,0.32,0.56,21.14
0901000012269,Álvaro Obregón,1758,891,867,48,25,0,25,25,1674,1618,1302,475,11.87,2.73,1.49,0.0,1.49,1.55,27.02
0901000012165,Álvaro Obregón,3529,1866,1663,130,59,0,56,58,3311,3189,2654,1234,9.33,3.68,1.78,0.0,1.69,1.82,34.97
0901000012362,Álvaro Obregón,2390,1267,1123,49,23,0,17,23,2286,2214,1821,726,9.68,2.05,1.01,0.0,0.74,1.04,30.38
0901000010506,Álvaro Obregón,2998,1576,1422,75,51,,46,51,2822,2707,2224,1133,8.95,2.5,1.81,,1.63,1.88,37.79
0901000010421,Álvaro Obregón,5967,3123,2844,128,56,0,48,56,5689,5490,4514,1711,9.22,2.15,0.98,0.0,0.84,1.02,28.67
0901000010455,Álvaro Obregón,3372,1776,1596,36,23,0,9,23,3228,3131,2615,979,10.22,1.07,0.71,0.0,0.28,0.73,29.03
0901000011561,Álvaro Obregón,2642,1341,1301,71,26,,24,26,2494,2411,1927,985,8.7,2.69,1.04,,0.96,1.08,37.28
0901000011769,Álvaro Obregón,7285,3727,3558,231,125,0,103,124,6867,6612,5380,2930,10.04,3.17,1.82,0.0,1.5,1.88,40.22
0901000012324,Álvaro Obregón,2789,1427,1362,20,5,0,4,5,2629,2520,2044,890,9.45,0.72,0.19,0.0,0.15,0.2,31.91
0901000010440,Álvaro Obregón,5038,2616,2422,205,81,0,74,80,4722,4522,3617,1369,8.49,4.07,1.72,0.0,1.57,1.77,27.17
0901000010332,Álvaro Obregón,4733,2412,2321,52,27,0,13,27,4511,4362,3614,1557,9.09,1.1,0.6,0.0,0.29,0.62,32.9
0901000011951,Álvaro Obregón,4701,2472,2229,76,25,0,18,25,4431,4220,3277,1384,8.24,1.62,0.56,0.0,0.41,0.59,29.44
0901000011970,Álvaro Obregón,4163,2164,1999,104,31,0,28,31,3958,3803,3136,1276,9.61,2.5,0.78,0.0,0.71,0.82,30.65
0901000010277,Álvaro Obregón,461,255,206,11,5,0,5,5,439,429,376,102,12.07,2.39,1.14,0.0,1.14,1.17,22.13
0901000010243,Álvaro Obregón,8431,4385,4046,161,68,0,53,67,7967,7730,6427,2702,9.46,1.91,0.85,0.0,0.67,0.87,32.05
0901000010084,Álvaro Obregón,2844,1475,1369,39,20,0,8,20,2722,2661,2226,924,10.05,1.37,0.73,0.0,0.29,0.75,32.49
0901000011792,Álvaro Obregón,2952,1536,1416,75,31,,22,31,2769,2666,2207,771,9.5,2.54,1.12,,0.79,1.16,26.12
0901000010046,Álvaro Obregón,5634,2910,2724,148,62,0,50,60,5352,5185,4221,2167,9.21,2.63,1.16,0.0,0.93,1.16,38.46
0901000010031,Álvaro Obregón,3604,1868,1736,45,22,0,17,22,3403,3302,2813,978,10.39,1.25,0.65,0.0,0.5,0.67,27.14
0901000012061,Álvaro Obregón,6415,3187,3228,215,77,0,59,76,5851,5610,4479,860,12.35,3.35,1.32,0.0,1.01,1.35,13.41
0901000010173,Álvaro Obregón,4751,2479,2272,99,54,,33,54,4500,4350,3667,1490,9.83,2.08,1.2,,0.73,1.24,31.36
090110001108A,Tláhuac,2105,1088,1017,114,62,0,51,61,2018,1954,1603,683,11.31,5.42,3.07,0.0,2.53,3.12,32.45
0901100011446,Tláhuac,3527,1822,1705,109,38,,35,37,3306,3161,2511,1364,9.37,3.09,1.15,,1.06,1.17,38.67
0901100011450,Tláhuac,2170,1091,1079,53,15,0,12,15,2034,1958,1455,930,8.66,2.44,0.74,0.0,0.59,0.77,42.86
090110001001A,Tláhuac,5312,2733,2579,207,80,,69,80,4916,4744,3784,1723,10.15,3.9,1.63,,1.4,1.69,32.44
090110001040A,Tláhuac,1589,806,783,49,22,0,13,22,1494,1434,1147,573,9.81,3.08,1.47,0.0,0.87,1.53,36.06
0901100010607,Tláhuac,5871,3029,2842,322,116,0,95,116,5505,5252,4125,3027,8.65,5.48,2.11,0.0,1.73,2.21,51.56
0901100010113,Tláhuac,2777,1464,1313,62,28,0,23,27,2634,2545,2100,1303,9.55,2.23,1.06,0.0,0.87,1.06,46.92
0901100010927,Tláhuac,4052,2069,1983,83,24,0,18,24,3818,3691,2925,1625,9.61,2.05,0.63,0.0,0.47,0.65,40.1
0901100010397,Tláhuac,1705,869,836,23,9,0,6,9,1618,1574,1257,718,9.81,1.35,0.56,0.0,0.37,0.57,42.11
0901100010768,Tláhuac,45,26,19,5,,0,,,40,34,23,14,8.09,11.11,,0.0,,,31.11
0901100010645,Tláhuac,5027,2607,2420,137,47,0,42,47,4726,4578,3697,1794,9.24,2.73,0.99,0.0,0.89,1.03,35.69
0901100010950,Tláhuac,7574,3822,3752,269,105,0,89,105,7154,6880,5471,3480,9.39,3.55,1.47,0.0,1.24,1.53,45.95
0901100011499,Tláhuac,5793,2945,2848,331,111,0,95,111,5496,5285,4118,3303,9.19,5.71,2.02,0.0,1.73,2.1,57.02
0901100010058,Tláhuac,4119,2193,1926,145,53,0,50,53,3818,3708,3082,1271,10.78,3.52,1.39,0.0,1.31,1.43,30.86
0901100010804,Tláhuac,129,64,65,18,8,0,8,8,123,118,85,40,8.48,13.95,6.5,0.0,6.5,6.78,31.01
0901100011484,Tláhuac,5516,2856,2660,127,52,,46,52,5205,4994,4080,2399,9.9,2.3,1.0,,0.88,1.04,43.49
0901100010325,Tláhuac,3795,1965,1830,103,43,0,41,42,3566,3452,2856,1544,10.14,2.71,1.21,0.0,1.15,1.22,40.69
0901100010823,Tláhuac,322,171,151,33,11,0,8,11,297,273,209,151,9.22,10.25,3.7,0.0,2.69,4.03,46.89
0901100011075,Tláhuac,2103,1094,1009,43,25,0,12,24,2024,1952,1622,716,11.14,2.04,1.24,0.0,0.59,1.23,34.05
0901100011291,Tláhuac,3013,1536,1477,33,23,0,14,23,2866,2770,2267,1364,9.57,1.1,0.8,0.0,0.49,0.83,45.27
0901100010289,Tláhuac,3128,1580,1548,65,30,0,16,29,2944,2824,2277,1296,9.85,2.08,1.02,0.0,0.54,1.03,41.43
0901100011056,Tláhuac,1932,1028,904,31,18,0,18,18,1801,1754,1448,535,12.03,1.6,1.0,0.0,1.0,1.03,27.69
0901100010306,Tláhuac,2672,1377,1295,117,42,0,37,41,2513,2417,1928,1196,9.24,4.38,1.67,0.0,1.47,1.7,44.76
0901100010414,Tláhuac,1718,870,848,37,23,0,18,23,1640,1588,1292,832,9.81,2.15,1.4,0.0,1.1,1.45,48.43
0901100010448,Tláhuac,1500,766,734,28,17,,15,17,1425,1387,1144,556,10.31,1.87,1.19,,1.05,1.23,37.07
0901100011234,Tláhuac,2710,1402,1308,58,26,0,24,26,2560,2472,1979,1002,10.77,2.14,1.02,0.0,0.94,1.05,36.97
0901100011272,Tláhuac,2278,1214,1064,26,12,0,11,12,2166,2091,1682,822,10.36,1.14,0.55,0.0,0.51,0.57,36.08
0901100011094,Tláhuac,451,234,217,24,11,0,9,11,429,407,316,203,8.67,5.32,2.56,0.0,2.1,2.7,45.01
0901100010310,Tláhuac,3583,1864,1719,186,74,,69,74,3401,3260,2653,1498,9.64,5.19,2.18,,2.03,2.27,41.81
0901100011287,Tláhuac,2056,1073,983,120,42,,36,42,1935,1890,1482,762,9.77,5.84,2.17,,1.86,2.22,37.06
0901100010344,Tláhuac,1211,599,612,13,5,0,5,5,1168,1135,942,464,9.6,1.07,0.43,0.0,0.43,0.44,38.32
0901100010166,Tláhuac,2824,1450,1374,76,31,0,21,31,2669,2568,2067,1124,9.5,2.69,1.16,0.0,0.79,1.21,39.8
0901100011304,Tláhuac,1307,663,644,17,8,0,8,8,1238,1206,987,343,11.97,1.3,0.65,0.0,0.65,0.66,26.24
0901100010679,Tláhuac,3655,1819,1836,121,58,0,47,58,3408,3266,2619,1218,9.49,3.31,1.7,0.0,1.38,1.78,33.32
0901100011319,Tláhuac,1931,970,961,43,14,0,12,14,1832,1783,1440,448,11.16,2.23,0.76,0.0,0.66,0.79,23.2
0901100010575,Tláhuac,5616,2918,2698,117,40,0,30,40,5282,5063,3954,2611,9.49,2.08,0.76,0.0,0.57,0.79,46.49
0901100011412,Tláhuac,2347,1179,1168,222,77,0,71,76,2176,2062,1535,1111,8.32,9.46,3.54,0.0,3.26,3.69,47.34
0901100011111,Tláhuac,4447,2294,2153,217,74,3,60,74,4155,3971,3158,2200,9.2,4.88,1.78,0.07,1.44,1.86,49.47
0901100010630,Tláhuac,2748,1398,1350,66,25,0,19,25,2615,2525,2071,1021,9.92,2.4,0.96,0.0,0.73,0.99,37.15
0901100010202,Tláhuac,4276,2175,2101,46,21,0,17,20,4044,3896,3139,1772,9.33,1.08,0.52,0.0,0.42,0.51,41.44
0901100010664,Tláhuac,6464,3344,3120,182,74,0,63,74,6108,5877,4646,2386,9.04,2.82,1.21,0.0,1.03,1.26,36.91
0901100010931,Tláhuac,3712,1890,1822,55,14,0,9,14,3495,3351,2632,1539,9.29,1.48,0.4,0.0,0.26,0.42,41.46
0901100011376,Tláhuac,6883,3564,3319,137,62,0,32,61,6434,6178,4831,2193,11.05,1.99,0.96,0.0,0.5,0.99,31.86
0901100010626,Tláhuac,3857,1990,1867,51,16,0,13,16,3623,3514,2893,1132,10.58,1.32,0.44,0.0,0.36,0.46,29.35
0901100010128,Tláhuac,3706,1910,1796,50,18,0,13,18,3473,3319,2668,1032,9.64,1.35,0.52,0.0,0.37,0.54,27.85
0901100011249,Tláhuac,4592,2387,2205,210,75,,53,75,4318,4174,3309,1441,9.07,4.57,1.74,,1.23,1.8,31.38
0901100011253,Tláhuac,2658,1341,1317,35,16,0,12,16,2536,2453,1977,816,9.62,1.32,0.63,0.0,0.47,0.65,30.7
0901100010077,Tláhuac,3452,1829,1623,119,47,0,35,46,3257,3155,2593,1106,9.56,3.45,1.44,0.0,1.07,1.46,32.04
0901100011361,Tláhuac,4460,2323,2137,141,57,0,36,57,4123,3988,3228,1349,10.57,3.16,1.38,0.0,0.87,1.43,30.25
0901100010096,Tláhuac,3530,1855,1675,95,30,0,28,30,3342,3223,2574,1066,9.83,2.69,0.9,0.0,0.84,0.93,30.2
0901100011357,Tláhuac,7707,3987,3720,382,145,,130,145,7096,6781,5303,2528,10.39,4.96,2.04,,1.83,2.14,32.8
090110001147A,Tláhuac,4416,2297,2119,145,59,0,46,59,4080,3929,3096,1535,9.93,3.28,1.45,0.0,1.13,1.5,34.76
090110001122A,Tláhuac,3562,1853,1709,91,36,0,33,36,3332,3180,2491,1682,9.16,2.55,1.08,0.0,0.99,1.13,47.22
0901100011145,Tláhuac,3241,1661,1580,40,19,0,10,19,3083,3001,2487,1029,11.19,1.23,0.62,0.0,0.32,0.63,31.75
0901100011342,Tláhuac,1053,567,486,41,19,0,4,19,988,961,806,354,10.34,3.89,1.92,0.0,0.4,1.98,33.62
0901100010594,Tláhuac,7827,3923,3904,569,209,,164,207,7244,6930,5471,4700,8.38,7.27,2.89,,2.26,2.99,60.05
0901100010039,Tláhuac,6636,3403,3233,273,107,,80,105,6238,6025,4897,2077,10.33,4.11,1.72,,1.28,1.74,31.3
0901100010999,Tláhuac,2757,1446,1311,48,21,0,15,21,2621,2529,2014,1544,8.75,1.74,0.8,0.0,0.57,0.83,56.0
0901100010984,Tláhuac,4032,2072,1960,57,22,0,16,22,3830,3705,3011,2169,9.89,1.41,0.57,0.0,0.42,0.59,53.79
0901100011427,Tláhuac,5154,2659,2495,96,49,,42,48,4853,4669,3762,2156,10.02,1.86,1.01,,0.87,1.03,41.83
0901100011431,Tláhuac,3666,1864,1802,161,61,0,50,61,3434,3280,2527,1892,8.88,4.39,1.78,0.0,1.46,1.86,51.61
0901100010946,Tláhuac,3715,1869,1846,159,76,3,72,74,3490,3342,2702,1678,9.58,4.28,2.18,0.09,2.06,2.21,45.17
0901100010772,Tláhuac,1728,877,851,118,46,0,43,46,1609,1539,1145,1016,9.29,6.83,2.86,0.0,2.67,2.99,58.8
0901100010433,Tláhuac,2537,1325,1212,26,11,0,4,10,2431,2350,1943,1079,10.59,1.02,0.45,0.0,0.16,0.43,42.53
0901100010452,Tláhuac,10616,5453,5163,417,144,0,125,144,10040,9635,7625,5364,9.53,3.93,1.43,0.0,1.25,1.49,50.53
0901100010363,Tláhuac,2674,1388,1286,27,14,0,14,14,2525,2430,1956,872,9.82,1.01,0.55,0.0,0.55,0.58,32.61
0901100010378,Tláhuac,2289,1193,1096,45,22,0,20,22,2164,2070,1654,746,10.44,1.97,1.02,0.0,0.92,1.06,32.59
0901100010132,Tláhuac,4823,2523,2300,109,42,,25,41,4561,4413,3620,1934,9.97,2.26,0.92,,0.55,0.93,40.1
090110001026A,Tláhuac,1743,877,866,32,13,0,12,13,1651,1596,1263,673,10.32,1.84,0.79,0.0,0.73,0.81,38.61
0901100010255,Tláhuac,1554,813,741,16,5,0,,4,1465,1401,1136,656,9.9,1.03,0.34,0.0,,0.29,42.21
0901100010240,Tláhuac,3239,1669,1570,51,23,0,15,23,3051,2938,2359,1024,10.05,1.57,0.75,0.0,0.49,0.78,31.61
0901100010170,Tláhuac,3981,2050,1931,126,46,0,42,46,3757,3616,2879,1483,9.77,3.17,1.22,0.0,1.12,1.27,37.25
0901100010185,Tláhuac,4041,2082,1959,134,53,0,49,52,3828,3683,2922,1566,9.63,3.32,1.38,0.0,1.28,1.41,38.75
0901100010274,Tláhuac,3717,1857,1860,58,32,,28,30,3483,3341,2628,1721,9.65,1.56,0.92,,0.8,0.9,46.3
0901100010151,Tláhuac,1736,898,838,28,9,0,7,9,1630,1573,1274,527,9.56,1.61,0.55,0.0,0.43,0.57,30.36
0901100010382,Tláhuac,1101,559,542,25,15,0,12,15,1048,1006,809,463,10.16,2.27,1.43,0.0,1.15,1.49,42.05
0901100010359,Tláhuac,2322,1199,1123,55,16,0,13,16,2205,2121,1740,800,9.95,2.37,0.73,0.0,0.59,0.75,34.45
0901100010819,Tláhuac,1248,626,622,135,50,0,35,50,1193,1150,906,659,9.06,10.82,4.19,0.0,2.93,4.35,52.8
0901100010147,Tláhuac,3110,1611,1499,52,20,0,12,20,2958,2851,2337,718,10.01,1.67,0.68,0.0,0.41,0.7,23.09
0901100010753,Tláhuac,6697,3460,3237,356,137,0,124,136,6344,6119,4827,1891,9.5,5.32,2.16,0.0,1.95,2.22,28.24
0901100010043,Tláhuac,5127,2620,2507,311,102,,95,102,4832,4622,3744,1651,9.54,6.07,2.11,,1.97,2.21,32.2
0901100011338,Tláhuac,3170,1647,1523,52,28,0,20,27,2998,2862,2250,1497,9.35,1.64,0.93,0.0,0.67,0.94,47.22
0901100011465,Tláhuac,3652,1911,1741,107,42,0,24,42,3454,3344,2630,1239,10.58,2.93,1.22,0.0,0.69,1.26,33.93
0901100011268,Tláhuac,3358,1693,1665,40,24,0,20,24,3178,3073,2489,1440,9.53,1.19,0.76,0.0,0.63,0.78,42.88
090110001065A,Tláhuac,3601,1836,1765,94,35,0,33,34,3353,3220,2594,1272,9.46,2.61,1.04,0.0,0.98,1.06,35.32
0901100011395,Tláhuac,1021,504,517,112,39,0,35,39,958,901,668,511,7.34,10.97,4.07,0.0,3.65,4.33,50.05
0901100011535,Tláhuac,356,178,178,16,8,0,8,7,332,317,245,193,7.89,4.49,2.41,0.0,2.41,2.21,54.21
0901100011380,Tláhuac,1185,611,574,92,36,0,29,36,1109,1059,774,677,8.48,7.76,3.25,0.0,2.61,3.4,57.13
0901100010217,Tláhuac,5749,2991,2758,110,51,0,48,50,5452,5240,4258,2284,10.12,1.91,0.94,0.0,0.88,0.95,39.73
0901100011323,Tláhuac,756,396,360,0,0,0,0,0,725,702,546,139,11.35,0.0,0.0,0.0,0.0,0.0,18.39
090110001154A,Tláhuac,1931,995,936,127,42,0,35,41,1809,1736,1298,835,9.5,6.58,2.32,0.0,1.93,2.36,43.24
090110011072A,Tláhuac,4780,2413,2367,43,23,3,19,22,4507,4346,3575,1651,9.59,0.9,0.51,0.07,0.42,0.51,34.54
0901100111037,Tláhuac,4093,2111,1982,41,16,0,13,16,3887,3726,2935,2180,9.46,1.0,0.41,0.0,0.33,0.43,53.26
0901100111041,Tláhuac,4437,2235,2202,62,24,0,24,24,4190,4005,3142,2043,9.3,1.4,0.57,0.0,0.57,0.6,46.04
0901100211003,Tláhuac,9254,4690,4564,421,156,,143,155,8752,8423,6717,4277,9.45,4.55,1.78,,1.63,1.84,46.22
090110021115A,Tláhuac,7659,3861,3798,486,186,,170,186,7256,6982,5540,3402,9.29,6.35,2.56,,2.34,2.66,44.42
0901100210787,Tláhuac,1320,686,634,105,45,,40,45,1259,1212,960,542,9.35,7.95,3.57,,3.18,3.71,41.06
0901100210791,Tláhuac,375,200,175,0,0,0,0,0,359,346,271,183,9.17,0.0,0.0,0.0,0.0,0.0,48.8
0901100211516,Tláhuac,66,42,24,0,,0,,,59,57,38,15,7.45,0.0,,0.0,,,22.73
0901100211018,Tláhuac,3158,1647,1511,42,12,0,7,12,3015,2922,2466,1366,9.57,1.33,0.4,0.0,0.23,0.41,43.26
0901100211022,Tláhuac,2288,1148,1140,58,25,0,20,24,2175,2083,1676,1057,9.58,2.53,1.15,0.0,0.92,1.15,46.2
0901100240749,Tláhuac,224,113,111,9,4,0,3,4,211,206,163,110,10.12,4.02,1.9,0.0,1.42,1.94,49.11
0901100241183,Tláhuac,942,485,457,33,11,0,11,10,887,848,671,473,9.83,3.5,1.24,0.0,1.24,1.18,50.21
0901100241520,Tláhuac,78,46,32,6,,0,,,72,64,44,43,8.59,7.69,,0.0,,,55.13
0901100241408,Tláhuac,652,316,336,60,25,0,24,25,615,584,448,355,8.79,9.2,4.07,0.0,3.9,4.28,54.45
0901100240734,Tláhuac,2350,1212,1138,24,12,0,9,12,2226,2130,1712,1089,9.87,1.02,0.54,0.0,0.4,0.56,46.34
0901100261164,Tláhuac,773,372,401,34,15,0,13,14,729,701,572,263,9.42,4.4,2.06,0.0,1.78,2.0,34.02
090110026097A,Tláhuac,4462,2326,2136,121,47,0,38,47,4227,4045,3151,1319,9.36,2.71,1.11,0.0,0.9,1.16,29.56
0901100261501,Tláhuac,41,23,18,5,3,0,,3,38,35,27,8,8.7,12.2,7.89,0.0,,8.57,19.51
0901100260965,Tláhuac,4287,2124,2163,120,52,0,47,52,4058,3878,3001,1403,9.13,2.8,1.28,0.0,1.16,1.34,32.73
0901200010040,Tlalpan,1640,915,725,19,37,0,34,37,1489,1462,1287,429,13.23,1.16,2.48,0.0,2.28,2.53,26.16
0901200010248,Tlalpan,592,329,263,,5,0,5,5,555,554,502,176,14.04,,0.9,0.0,0.9,0.9,29.73
0901200010695,Tlalpan,303,154,149,3,,0,,,293,290,241,51,12.31,0.99,,0.0,,,16.83
0901200010642,Tlalpan,2594,1358,1236,37,22,0,18,22,2420,2353,1990,958,10.94,1.43,0.91,0.0,0.74,0.93,36.93
0901200010981,Tlalpan,2526,1301,1225,47,36,0,29,36,2362,2299,1941,755,11.22,1.86,1.52,0.0,1.23,1.57,29.89
0901200011034,Tlalpan,1184,651,533,,23,0,21,23,1143,1128,1015,340,13.77,,2.01,0.0,1.84,2.04,28.72
0901200010515,Tlalpan,4006,2069,1937,119,40,0,37,39,3768,3635,2988,1717,9.64,2.97,1.06,0.0,0.98,1.07,42.86
0901200010661,Tlalpan,1282,667,615,28,20,0,17,20,1191,1158,1013,414,12.94,2.18,1.68,0.0,1.43,1.73,32.29
0901200010888,Tlalpan,4344,2244,2100,82,35,,24,35,4112,3976,3319,1557,10.95,1.89,0.85,,0.58,0.88,35.84
0901200010178,Tlalpan,2694,1429,1265,80,38,0,22,38,2352,2283,1934,982,11.26,2.97,1.62,0.0,0.94,1.66,36.45
090120001102A,Tlalpan,3196,1747,1449,18,17,0,15,17,2964,2896,2568,859,13.09,0.56,0.57,0.0,0.51,0.59,26.88
0901200012259,Tlalpan,1811,957,854,30,19,0,16,19,1727,1682,1492,525,12.32,1.66,1.1,0.0,0.93,1.13,28.99
0901200010229,Tlalpan,2081,1104,977,30,30,0,26,30,1885,1858,1671,461,14.19,1.44,1.59,0.0,1.38,1.61,22.15
0901200010727,Tlalpan,2210,1219,991,33,12,0,3,12,1850,1819,1665,510,13.13,1.49,0.65,0.0,0.16,0.66,23.08
0901200011937,Tlalpan,2100,1113,987,12,12,0,9,12,1985,1942,1726,607,12.26,0.57,0.6,0.0,0.45,0.62,28.9
0901200010479,Tlalpan,669,340,329,12,5,0,5,5,622,611,527,140,14.26,1.79,0.8,0.0,0.8,0.82,20.93
0901200011636,Tlalpan,3676,1875,1801,259,100,,96,100,3440,3305,2684,2046,10.29,7.05,2.91,,2.79,3.03,55.66
090120001077A,Tlalpan,5175,2675,2500,108,46,,39,45,4867,4686,3766,2221,9.38,2.09,0.95,,0.8,0.96,42.92
0901200010676,Tlalpan,3335,1742,1593,71,45,,37,44,3109,3035,2559,1171,10.86,2.13,1.45,,1.19,1.45,35.11
0901200011513,Tlalpan,5408,2785,2623,337,119,0,102,119,5119,4888,3855,2738,9.11,6.23,2.32,0.0,1.99,2.43,50.63
0901200011462,Tlalpan,9181,4713,4468,346,143,,116,143,8405,8105,6536,4288,10.21,3.77,1.7,,1.38,1.76,46.71
0901200010939,Tlalpan,3170,1692,1478,48,30,0,24,30,2856,2786,2446,1039,12.68,1.51,1.05,0.0,0.84,1.08,32.78
0901200010464,Tlalpan,1382,737,645,14,14,0,13,14,1335,1314,1172,491,13.6,1.01,1.05,0.0,0.97,1.07,35.53
0901200010591,Tlalpan,926,506,420,13,10,0,4,10,891,883,805,258,14.03,1.4,1.12,0.0,0.45,1.13,27.86
090120001020A,Tlalpan,1910,1040,870,29,25,0,14,25,1802,1777,1597,441,14.16,1.52,1.39,0.0,0.78,1.41,23.09
0901200010233,Tlalpan,4090,2167,1923,67,61,0,41,61,3782,3729,3326,1095,14.22,1.64,1.61,0.0,1.08,1.64,26.77
0901200011918,Tlalpan,2581,1395,1186,11,18,0,13,18,2457,2420,2187,583,13.95,0.43,0.73,0.0,0.53,0.74,22.59
0901200012174,Tlalpan,1868,1031,837,3,,0,0,,1707,1672,1492,550,13.46,0.16,,0.0,0.0,,29.44
0901200011975,Tlalpan,4541,2419,2122,53,30,0,20,30,4294,4203,3685,1140,13.22,1.17,0.7,0.0,0.47,0.71,25.1
090120001198A,Tlalpan,1682,890,792,12,8,0,4,8,1583,1549,1389,475,12.61,0.71,0.51,0.0,0.25,0.52,28.24
0901200012070,Tlalpan,2117,1161,956,38,17,0,16,17,2030,1999,1773,349,14.12,1.79,0.84,0.0,0.79,0.85,16.49
0901200010021,Tlalpan,653,361,292,4,9,0,7,9,610,603,554,139,13.79,0.61,1.48,0.0,1.15,1.49,21.29
0901200011640,Tlalpan,6346,3228,3118,459,177,0,165,176,6026,5811,4739,3261,10.03,7.23,2.94,0.0,2.74,3.03,51.39
0901200010498,Tlalpan,2820,1531,1289,39,32,0,25,32,2692,2644,2308,700,13.71,1.38,1.19,0.0,0.93,1.21,24.82
0901200011602,Tlalpan,4616,2331,2285,173,80,0,56,79,4279,4073,3116,2889,9.04,3.75,1.87,0.0,1.31,1.94,62.59
0901200011994,Tlalpan,3272,1698,1574,64,28,0,19,28,3079,2988,2385,394,13.71,1.96,0.91,0.0,0.62,0.94,12.04
0901200010267,Tlalpan,1947,1060,887,17,11,0,10,11,1858,1827,1650,542,14.07,0.87,0.59,0.0,0.54,0.6,27.84
0901200010214,Tlalpan,1994,1078,916,21,20,0,19,20,1926,1895,1725,624,14.4,1.05,1.04,0.0,0.99,1.06,31.29
0901200010445,Tlalpan,2627,1387,1240,44,26,0,19,26,2508,2437,2139,892,11.93,1.67,1.04,0.0,0.76,1.07,33.96
0901200010163,Tlalpan,2904,1502,1402,41,19,0,11,18,2779,2722,2312,1156,10.54,1.41,0.68,0.0,0.4,0.66,39.81
090120001173A,Tlalpan,1155,564,591,92,33,0,27,33,1067,1014,760,714,8.23,7.97,3.09,0.0,2.53,3.25,61.82
0901200012102,Tlalpan,2874,1521,1353,54,27,0,24,26,2642,2582,2276,635,14.24,1.88,1.02,0.0,0.91,1.01,22.09
0901200012189,Tlalpan,4591,2344,2247,58,27,0,20,27,4328,4172,3434,1952,10.93,1.26,0.62,0.0,0.46,0.65,42.52
0901200010534,Tlalpan,1862,1001,861,4,13,0,8,13,1771,1738,1575,591,13.87,0.21,0.73,0.0,0.45,0.75,31.74
0901200010958,Tlalpan,1578,963,615,8,26,0,23,26,1510,1488,1355,541,12.59,0.51,1.72,0.0,1.52,1.75,34.28
0901200010996,Tlalpan,781,432,349,0,5,0,4,5,747,733,657,206,10.89,0.0,0.67,0.0,0.54,0.68,26.38
0901200011299,Tlalpan,5207,2645,2562,108,40,0,29,40,4924,4768,3910,1985,10.07,2.07,0.81,0.0,0.59,0.84,38.12
0901200010394,Tlalpan,1587,885,702,58,23,0,17,23,1512,1481,1297,504,12.77,3.65,1.52,0.0,1.12,1.55,31.76
0901200010816,Tlalpan,3653,1900,1753,97,47,0,38,47,3471,3348,2639,1515,9.32,2.66,1.35,0.0,1.09,1.4,41.47
0901200011388,Tlalpan,2823,1479,1344,96,40,0,31,40,2670,2586,2159,1109,10.24,3.4,1.5,0.0,1.16,1.55,39.28
0901200010341,Tlalpan,2879,1505,1374,105,60,0,58,60,2690,2615,2212,861,11.93,3.65,2.23,0.0,2.16,2.29,29.91
0901200012085,Tlalpan,2661,1461,1200,48,24,0,17,24,2325,2273,1989,636,10.99,1.8,1.03,0.0,0.73,1.06,23.9
0901200011509,Tlalpan,5250,2616,2634,298,108,,98,107,4723,4540,3540,2382,8.38,5.68,2.29,,2.07,2.36,45.37
0901200010089,Tlalpan,0,0,0,0,0,0,0,0,0,0,0,0,0.0,,,,,,
0901200011212,Tlalpan,3324,1664,1660,175,70,,64,69,3126,2994,2380,2285,8.47,5.26,2.24,,2.05,2.3,68.74
0901200011176,Tlalpan,3772,1977,1795,286,138,0,127,138,3572,3448,2820,1784,10.19,7.58,3.86,0.0,3.56,4.0,47.3
0901200010869,Tlalpan,4441,2298,2143,40,19,0,15,19,4178,4032,3261,1601,10.46,0.9,0.45,0.0,0.36,0.47,36.05
0901200011049,Tlalpan,46,23,23,0,,0,,,34,33,27,,13.15,0.0,,0.0,,,
0901200010712,Tlalpan,2497,1374,1123,24,10,0,8,10,2121,2082,1869,542,12.94,0.96,0.47,0.0,0.38,0.48,21.71
0901200010977,Tlalpan,259,133,126,,6,0,5,6,232,224,200,58,12.73,,2.59,0.0,2.16,2.68,22.39
0901200010587,Tlalpan,3088,1717,1371,23,13,0,8,13,2915,2873,2569,849,13.1,0.74,0.45,0.0,0.27,0.45,27.49
0901200012136,Tlalpan,4896,2517,2379,227,96,0,87,96,4563,4412,3632,1814,10.5,4.64,2.1,0.0,1.91,2.18,37.05
0901200012352,Tlalpan,657,340,317,15,4,0,3,3,626,602,470,327,9.4,2.28,0.64,0.0,0.48,0.5,49.77
090120001091A,Tlalpan,3816,2054,1762,120,51,0,48,50,3535,3422,2789,1512,10.5,3.14,1.44,0.0,1.36,1.46,39.62
0901200010801,Tlalpan,3268,1697,1571,68,26,0,26,26,3057,2968,2461,1480,10.02,2.08,0.85,0.0,0.85,0.88,45.29
090120001159A,Tlalpan,3487,1785,1702,150,83,0,65,80,3284,3157,2560,1706,10.4,4.3,2.53,0.0,1.98,2.53,48.92
0901200010303,Tlalpan,5278,2718,2560,80,34,0,23,34,4962,4807,3941,1913,9.83,1.52,0.69,0.0,0.46,0.71,36.24
0901200010746,Tlalpan,1698,937,761,15,9,0,9,9,1580,1557,1399,424,13.17,0.88,0.57,0.0,0.57,0.58,24.97
0901200010708,Tlalpan,4901,2550,2351,184,87,,57,86,4324,4189,3464,1844,10.3,3.75,2.01,,1.32,2.05,37.62
0901200011922,Tlalpan,1280,692,588,10,10,0,6,10,1183,1165,1029,374,14.26,0.78,0.85,0.0,0.51,0.86,29.22
0901200010799,Tlalpan,3209,1653,1556,33,20,0,16,19,3042,2944,2445,1146,10.19,1.03,0.66,0.0,0.53,0.65,35.71
0901200011015,Tlalpan,1710,886,824,18,19,0,18,19,1600,1564,1372,626,12.1,1.05,1.19,0.0,1.12,1.21,36.61
0901200011000,Tlalpan,1811,936,875,116,54,0,50,54,1672,1612,1340,757,10.88,6.41,3.23,0.0,2.99,3.35,41.8
0901200011570,Tlalpan,6452,3307,3145,404,162,0,140,162,5917,5690,4625,3051,9.84,6.26,2.74,0.0,2.37,2.85,47.29
090120001038A,Tlalpan,1202,526,676,0,20,0,14,20,1166,1159,1110,287,10.98,0.0,1.72,0.0,1.2,1.73,23.88
0901200010943,Tlalpan,2546,1411,1135,60,42,0,40,42,2375,2328,2022,816,12.36,2.36,1.77,0.0,1.68,1.8,32.05
0901200011316,Tlalpan,5832,2973,2859,145,60,0,50,60,5461,5285,4392,2425,7.58,2.49,1.1,0.0,0.92,1.14,41.58
0901200010854,Tlalpan,1017,529,488,14,11,0,11,11,955,935,823,297,14.0,1.38,1.15,0.0,1.15,1.18,29.2
0901200010638,Tlalpan,2991,1528,1463,62,22,0,20,22,2812,2723,2325,1100,10.81,2.07,0.78,0.0,0.71,0.81,36.78
0901200010144,Tlalpan,1717,918,799,10,6,0,6,6,1650,1602,1403,551,12.8,0.58,0.36,0.0,0.36,0.37,32.09
0901200011621,Tlalpan,4834,2489,2345,327,132,0,122,132,4586,4436,3557,2404,10.57,6.76,2.88,0.0,2.66,2.98,49.73
0901200012009,Tlalpan,7594,3909,3685,782,348,0,305,347,7131,6873,5525,3870,10.28,10.3,4.88,0.0,4.28,5.05,50.96
0901200010572,Tlalpan,3556,1965,1591,49,24,0,10,24,3300,3247,2931,872,13.03,1.38,0.73,0.0,0.3,0.74,24.52
0901200010017,Tlalpan,1892,1040,852,10,34,0,29,34,1714,1678,1510,470,14.59,0.53,1.98,0.0,1.69,2.03,24.84
0901200011369,Tlalpan,5004,2577,2427,271,102,0,88,102,4686,4511,3676,2298,9.51,5.42,2.18,0.0,1.88,2.26,45.92
0901200010337,Tlalpan,5031,2548,2483,184,85,0,82,85,4729,4560,3698,2294,9.54,3.66,1.8,0.0,1.73,1.86,45.6
0901200012066,Tlalpan,3502,1882,1620,62,39,0,32,39,3266,3189,2769,989,13.23,1.77,1.19,0.0,0.98,1.22,28.24
0901200010322,Tlalpan,5065,2600,2465,119,59,0,57,58,4781,4623,3731,2161,9.72,2.35,1.23,0.0,1.19,1.25,42.67
0901200010318,Tlalpan,3924,2027,1897,98,42,,37,42,3673,3568,2994,1322,10.51,2.5,1.14,,1.01,1.18,33.69
090120001052A,Tlalpan,3149,1640,1509,96,44,0,32,44,2968,2879,2395,1100,10.3,3.05,1.48,0.0,1.08,1.53,34.93
0901200010604,Tlalpan,4581,2348,2233,270,91,0,80,90,4342,4191,3401,2072,9.25,5.89,2.1,0.0,1.84,2.15,45.23
0901200010500,Tlalpan,6576,3370,3206,198,73,0,64,72,6232,6003,4782,2817,9.21,3.01,1.17,0.0,1.03,1.2,42.84
0901200012051,Tlalpan,4089,2104,1985,225,75,0,66,75,3851,3690,2882,2032,8.48,5.5,1.95,0.0,1.71,2.03,49.69
0901200012047,Tlalpan,5365,2712,2653,217,76,0,74,76,5055,4836,3820,2519,8.61,4.04,1.5,0.0,1.46,1.57,46.95
0901200011443,Tlalpan,4460,2349,2111,97,39,,34,39,4185,4012,3219,1800,9.64,2.17,0.93,,0.81,0.97,40.36
0901200010820,Tlalpan,3171,1638,1533,81,28,0,21,28,3024,2919,2408,1219,10.57,2.55,0.93,0.0,0.69,0.96,38.44
090120001084A,Tlalpan,2332,1218,1114,56,27,0,25,27,2164,2095,1727,810,11.72,2.4,1.25,0.0,1.16,1.29,34.73
0901200010657,Tlalpan,1738,892,846,36,30,0,29,29,1605,1565,1378,544,12.61,2.07,1.87,0.0,1.81,1.85,31.3
0901200011481,Tlalpan,5296,2651,2645,219,94,,63,94,4819,4632,3743,2465,8.61,4.14,1.95,,1.31,2.03,46.54
0901200011439,Tlalpan,3527,1810,1717,55,22,0,17,22,3222,3109,2552,1577,10.27,1.56,0.68,0.0,0.53,0.71,44.71
0901200011960,Tlalpan,2225,1296,929,13,58,0,37,58,2112,2068,1850,518,13.77,0.58,2.75,0.0,1.75,2.8,23.28
0901200010093,Tlalpan,2023,1110,913,26,16,0,11,16,1882,1856,1695,433,15.2,1.29,0.85,0.0,0.58,0.86,21.4
0901200010375,Tlalpan,1960,1062,898,12,9,0,8,9,1806,1781,1555,617,12.69,0.61,0.5,0.0,0.44,0.51,31.48
0901200010360,Tlalpan,4271,2248,2023,75,38,0,23,37,3993,3895,3338,1288,11.78,1.76,0.95,0.0,0.58,0.95,30.16
0901200010924,Tlalpan,5658,3064,2594,74,34,0,23,34,5156,5029,4440,1407,12.69,1.31,0.66,0.0,0.45,0.68,24.87
0901200010074,Tlalpan,1862,1028,834,12,50,0,46,50,1794,1774,1621,406,14.08,0.64,2.79,0.0,2.56,2.82,21.8
0901200010680,Tlalpan,1633,878,755,12,17,0,12,17,1519,1490,1301,449,12.42,0.73,1.12,0.0,0.79,1.14,27.5
0901200010106,Tlalpan,332,176,156,,,0,,,323,319,273,119,13.91,,,0.0,,,35.84
090120001013A,Tlalpan,3507,1828,1679,113,46,0,43,46,3231,3114,2585,1397,10.01,3.22,1.42,0.0,1.33,1.48,39.83
0901200010159,Tlalpan,2627,1355,1272,60,25,0,5,25,2528,2469,2103,938,9.31,2.28,0.99,0.0,0.2,1.01,35.71
0901200010407,Tlalpan,1067,583,484,0,14,0,10,14,950,932,836,333,13.11,0.0,1.47,0.0,1.05,1.5,31.21
0901200010182,Tlalpan,6298,3222,3076,144,66,,47,66,5971,5761,4763,2599,10.03,2.29,1.11,,0.79,1.15,41.27
0901200012193,Tlalpan,5237,2720,2517,158,72,,48,72,4864,4687,3801,2117,10.13,3.02,1.48,,0.99,1.54,40.42
0901200010430,Tlalpan,2632,1442,1190,39,19,0,18,18,2508,2455,2168,836,12.63,1.48,0.76,0.0,0.72,0.73,31.76
090120001045A,Tlalpan,3482,1822,1660,63,29,0,16,29,3258,3187,2812,1203,12.28,1.81,0.89,0.0,0.49,0.91,34.55
0901200010549,Tlalpan,2907,1569,1338,16,32,,24,32,2708,2665,2366,834,13.38,0.55,1.18,,0.89,1.2,28.69
0901200010962,Tlalpan,2273,1206,1067,13,11,0,10,11,2210,2173,1927,565,12.9,0.57,0.5,0.0,0.45,0.51,24.86
0901200010426,Tlalpan,2121,1132,989,18,13,0,8,12,2028,1976,1707,591,11.67,0.85,0.64,0.0,0.39,0.61,27.86
0901200011104,Tlalpan,3154,1615,1539,68,31,0,25,30,2995,2910,2412,1315,10.6,2.16,1.04,0.0,0.83,1.03,41.69
0901200011072,Tlalpan,8904,4653,4251,265,118,0,101,118,8480,8223,6895,3381,11.49,2.98,1.39,0.0,1.19,1.43,37.97
0901200012278,Tlalpan,3223,1675,1548,120,44,0,33,43,3011,2895,2304,1511,8.96,3.72,1.46,0.0,1.1,1.49,46.88
0901200011547,Tlalpan,2409,1238,1171,126,43,0,41,43,2198,2102,1706,1071,9.5,5.23,1.96,0.0,1.87,2.05,44.46
0901200011424,Tlalpan,4127,2139,1988,123,45,0,35,45,3926,3828,3189,1918,10.16,2.98,1.15,0.0,0.89,1.18,46.47
0901200011142,Tlalpan,3394,1762,1632,91,36,0,26,36,3211,3121,2639,1519,11.2,2.68,1.12,0.0,0.81,1.15,44.76
0901200010197,Tlalpan,2303,1312,991,25,21,0,15,21,2242,2209,1955,623,14.16,1.09,0.94,0.0,0.67,0.95,27.05
0901200012282,Tlalpan,4104,2108,1996,179,71,0,52,69,3836,3696,2946,1947,10.27,4.36,1.85,0.0,1.36,1.87,47.44
0901200011123,Tlalpan,4257,2178,2079,99,53,0,49,53,4082,3965,3265,1886,10.49,2.33,1.3,0.0,1.2,1.34,44.3
0901200010905,Tlalpan,4411,2298,2113,115,50,0,42,50,4067,3923,3286,1879,10.74,2.61,1.23,0.0,1.03,1.27,42.6
090120001216A,Tlalpan,1852,1006,846,57,21,0,11,21,1734,1701,1504,576,13.61,3.08,1.21,0.0,0.63,1.23,31.1
0901200010765,Tlalpan,2311,1256,1055,23,10,0,10,10,2168,2127,1907,540,12.99,1.0,0.46,0.0,0.46,0.47,23.37
0901200010411,Tlalpan,1218,659,559,12,14,0,12,14,1134,1122,1004,345,13.7,0.99,1.23,0.0,1.06,1.25,28.33
0901200011053,Tlalpan,855,479,376,10,23,0,22,23,794,778,705,240,14.15,1.17,2.9,0.0,2.77,2.96,28.07
0901200011068,Tlalpan,2204,1250,954,28,15,0,13,15,2054,2009,1757,616,12.71,1.27,0.73,0.0,0.63,0.75,27.95
0901200012121,Tlalpan,12273,6450,5823,349,199,,165,199,11141,10815,8973,3828,12.15,2.84,1.79,,1.48,1.84,31.19
0901200012140,Tlalpan,5765,2949,2816,230,109,,98,108,5225,5077,4202,1875,11.34,3.99,2.09,,1.88,2.13,32.52
0901200012155,Tlalpan,4075,1669,2406,479,197,0,180,197,3855,3655,2796,260,11.1,11.75,5.11,0.0,4.67,5.39,6.38
0901200012263,Tlalpan,5473,2829,2644,318,144,0,127,143,5133,4924,3984,2170,9.79,5.81,2.81,0.0,2.47,2.9,39.65
0901200011157,Tlalpan,5735,3006,2729,603,286,3,271,285,5446,5253,4294,2580,10.75,10.51,5.25,0.06,4.98,5.43,44.99
0901200011161,Tlalpan,6305,3295,3010,180,77,0,73,77,6043,5878,4850,2916,10.43,2.85,1.27,0.0,1.21,1.31,46.25
0901200011566,Tlalpan,326,169,157,8,4,0,3,4,314,308,261,156,6.99,2.45,1.27,0.0,0.96,1.3,47.85
0901200011759,Tlalpan,7,3,4,0,0,0,0,0,7,7,5,5,11.4,0.0,0.0,0.0,0.0,0.0,71.43
0901200012456,Tlalpan,2200,1112,1088,214,82,0,78,82,2079,1994,1641,963,9.53,9.73,3.94,0.0,3.75,4.11,43.77
0901200012441,Tlalpan,8094,4134,3960,591,229,0,218,228,7690,7423,5873,3996,9.81,7.3,2.98,0.0,2.83,3.07,49.37
0901200012371,Tlalpan,38,22,16,0,,0,,,32,32,28,3,13.5,0.0,,0.0,,,7.89
0901200011195,Tlalpan,5070,2592,2478,208,79,,65,79,4697,4518,3668,2553,9.96,4.1,1.68,,1.38,1.75,50.36
0901200011744,Tlalpan,3911,1999,1912,144,64,,50,64,3599,3458,2806,1956,9.75,3.68,1.78,,1.39,1.85,50.01
0901200012244,Tlalpan,2104,1095,1009,33,14,0,11,13,1969,1922,1634,768,12.51,1.57,0.71,0.0,0.56,0.68,36.5
0901200011941,Tlalpan,1512,803,709,14,9,0,6,9,1432,1401,1244,348,12.86,0.93,0.63,0.0,0.42,0.64,23.02
0901200010553,Tlalpan,3961,2131,1830,44,23,0,21,23,3726,3645,3182,1237,12.46,1.11,0.62,0.0,0.56,0.63,31.23
0901200010568,Tlalpan,3788,2028,1760,60,30,0,26,30,3632,3546,3103,1346,13.0,1.58,0.83,0.0,0.72,0.85,35.53
0901200011903,Tlalpan,1472,811,661,22,7,0,6,7,1356,1314,1093,451,10.67,1.49,0.52,0.0,0.44,0.53,30.64
0901200011890,Tlalpan,430,222,208,0,,0,,,419,406,339,118,11.09,0.0,,0.0,,,27.44
0901200010619,Tlalpan,3259,1682,1577,34,10,0,10,10,3050,2965,2462,1281,10.19,1.04,0.33,0.0,0.33,0.34,39.31
0901200011956,Tlalpan,2829,1609,1220,10,65,0,51,65,2694,2650,2411,603,13.95,0.35,2.41,0.0,1.89,2.45,21.31
0901200011496,Tlalpan,8033,4069,3964,370,179,5,141,175,7290,7000,5566,3656,8.57,4.61,2.46,0.07,1.93,2.5,45.51
0901200011091,Tlalpan,1056,581,475,5,3,0,,3,951,934,845,259,14.8,0.47,0.32,0.0,,0.32,24.53
0901200010892,Tlalpan,4235,2248,1987,46,25,0,22,25,3976,3874,3200,1350,12.04,1.09,0.63,0.0,0.55,0.65,31.88
0901200010784,Tlalpan,3580,1848,1732,108,38,,36,38,3399,3280,2696,1458,9.9,3.02,1.12,,1.06,1.16,40.73
0901200010835,Tlalpan,2218,1136,1082,43,24,,18,24,2108,2041,1726,783,10.76,1.94,1.14,,0.85,1.18,35.3
0901200011585,Tlalpan,1490,739,751,88,41,0,39,40,1403,1367,1135,657,10.94,5.91,2.92,0.0,2.78,2.93,44.09
090120001223A,Tlalpan,6615,3472,3143,212,81,,52,80,6191,5959,4795,3396,9.48,3.2,1.31,,0.84,1.34,51.34
0901200012206,Tlalpan,3981,2063,1918,194,71,,59,70,3628,3475,2713,2094,8.2,4.87,1.96,,1.63,2.01,52.6
0901200011119,Tlalpan,4896,2597,2299,123,41,0,39,41,4684,4543,3811,2218,10.1,2.51,0.88,0.0,0.83,0.9,45.3
0901200012386,Tlalpan,61,29,32,0,0,0,0,0,54,51,46,28,9.54,0.0,0.0,0.0,0.0,0.0,45.9
0901200011617,Tlalpan,5094,2651,2443,368,132,0,122,132,4730,4519,3489,3270,8.98,7.22,2.79,0.0,2.58,2.92,64.19
0901200012333,Tlalpan,188,95,93,17,8,0,7,8,172,167,124,92,7.17,9.04,4.65,0.0,4.07,4.79,48.94
0901200011655,Tlalpan,1007,489,518,59,26,0,22,25,922,868,667,638,8.24,5.86,2.82,0.0,2.39,2.88,63.36
0901200010483,Tlalpan,3761,2008,1753,38,24,0,13,24,3539,3479,3116,951,14.17,1.01,0.68,0.0,0.37,0.69,25.29
0901200012210,Tlalpan,3845,1933,1912,119,59,,52,59,3523,3382,2598,1966,8.74,3.09,1.67,,1.48,1.74,51.13
0901200011087,Tlalpan,1165,615,550,13,7,0,3,7,1079,1061,957,309,15.13,1.12,0.65,0.0,0.28,0.66,26.52
0901200010623,Tlalpan,3384,1771,1613,96,32,,23,32,3225,3119,2630,1258,10.35,2.84,0.99,,0.71,1.03,37.17
0901200012225,Tlalpan,6257,3194,3063,228,81,0,68,81,5663,5388,4207,3745,8.27,3.64,1.43,0.0,1.2,1.5,59.85
0901200012367,Tlalpan,20,10,10,0,0,0,0,0,16,16,11,17,11.1,0.0,0.0,0.0,0.0,0.0,85.0
0901200012013,Tlalpan,9113,4708,4405,444,171,0,141,170,8657,8331,6779,5341,10.04,4.87,1.98,0.0,1.63,2.04,58.61
0901200010125,Tlalpan,3600,1892,1708,80,32,0,25,31,3382,3256,2696,1654,9.62,2.22,0.95,0.0,0.74,0.95,45.94
0901200012348,Tlalpan,495,258,237,66,20,0,19,20,475,453,346,326,7.71,13.33,4.21,0.0,4.0,4.42,65.86
0901200010731,Tlalpan,1654,872,782,13,15,0,15,15,1580,1556,1402,419,13.65,0.79,0.95,0.0,0.95,0.96,25.33
0901200011458,Tlalpan,3711,1895,1816,83,29,0,26,29,3529,3403,2781,1537,9.94,2.24,0.82,0.0,0.74,0.85,41.42
0901200011477,Tlalpan,6377,3292,3085,327,121,0,105,121,6011,5736,4615,2903,9.23,5.13,2.01,0.0,1.75,2.11,45.52
0901200010750,Tlalpan,1038,592,446,7,4,0,,4,1001,987,890,280,13.09,0.67,0.4,0.0,,0.41,26.97
0901200192475,Tlalpan,1429,724,705,14,11,0,10,10,1322,1257,996,588,7.49,0.98,0.83,0.0,0.76,0.8,41.15
0901200192460,Tlalpan,1160,587,573,22,7,0,7,7,1098,1052,793,709,7.99,1.9,0.64,0.0,0.64,0.67,61.12
0901200262437,Tlalpan,353,174,179,33,9,0,9,9,328,309,233,166,8.78,9.35,2.74,0.0,2.74,2.91,47.03
0901200262314,Tlalpan,49,31,18,0,0,0,0,0,40,40,32,13,10.52,0.0,0.0,0.0,0.0,0.0,26.53
0901200262329,Tlalpan,305,153,152,11,3,0,,3,289,271,206,146,9.12,3.61,1.04,0.0,,1.11,47.87
0901200262297,Tlalpan,1120,581,539,81,34,0,34,34,1061,1018,782,502,9.24,7.23,3.2,0.0,3.2,3.34,44.82
0901200261693,Tlalpan,189,104,85,24,11,0,9,11,185,174,141,98,8.52,12.7,5.95,0.0,4.86,6.32,51.85
0901200261674,Tlalpan,5630,2870,2760,385,136,,126,135,5296,5087,4027,2598,9.14,6.84,2.57,,2.38,2.65,46.15
0901200261689,Tlalpan,2680,1327,1353,130,55,0,50,55,2527,2421,1876,1155,9.38,4.85,2.18,0.0,1.98,2.27,43.1
0901200262403,Tlalpan,1842,903,939,257,125,,100,123,1726,1638,1276,972,7.97,13.95,7.24,,5.79,7.51,52.77
0901200262418,Tlalpan,1827,904,923,293,114,,85,113,1699,1617,1251,894,7.72,16.04,6.71,,5.0,6.99,48.93
0901200261532,Tlalpan,6132,3152,2980,203,76,0,59,76,5708,5451,4306,2932,8.72,3.31,1.33,0.0,1.03,1.39,47.81
0901200261710,Tlalpan,648,326,322,51,17,0,17,16,616,586,456,292,9.44,7.87,2.76,0.0,2.76,2.73,45.06
0901200262390,Tlalpan,29,14,15,6,,0,0,,29,29,22,11,12.05,20.69,,0.0,0.0,,37.93
090120026166A,Tlalpan,1116,562,554,29,15,0,14,15,1058,1020,800,554,9.29,2.6,1.42,0.0,1.32,1.47,49.64
0901200261706,Tlalpan,1056,539,517,48,21,0,15,21,974,933,746,488,8.81,4.55,2.16,0.0,1.54,2.25,46.21
0901200261528,Tlalpan,6805,3484,3321,313,108,0,93,108,6276,6008,4704,3780,8.92,4.6,1.72,0.0,1.48,1.8,55.55
0901200272028,Tlalpan,4307,2225,2082,60,22,0,9,22,3891,3721,2994,2385,8.42,1.39,0.57,0.0,0.23,0.59,55.37
090120027230A,Tlalpan,1494,776,718,216,82,,73,82,1383,1319,1009,742,8.56,14.46,5.93,,5.28,6.22,49.67
090120027180A,Tlalpan,770,374,396,56,20,0,11,20,641,612,490,268,9.37,7.27,3.12,0.0,1.72,3.27,34.81
0901200271763,Tlalpan,3559,1802,1757,68,25,,21,25,3022,2905,2265,2009,8.95,1.91,0.83,,0.69,0.86,56.45
0901200271797,Tlalpan,7769,3865,3904,861,306,,264,306,7241,6910,5295,4282,8.25,11.08,4.23,,3.65,4.43,55.12
0901200271778,Tlalpan,4967,2572,2395,109,45,,38,45,4490,4283,3363,2454,7.97,2.19,1.0,,0.85,1.05,49.41
0901200272032,Tlalpan,4188,2238,1950,66,20,0,14,20,3694,3530,2897,2377,8.2,1.58,0.54,0.0,0.38,0.57,56.76
0901200271782,Tlalpan,5781,2945,2836,210,78,,73,78,5064,4812,3744,2865,8.15,3.63,1.54,,1.44,1.62,49.56
0901200272422,Tlalpan,1768,885,883,273,115,0,107,115,1664,1586,1217,745,8.62,15.44,6.91,0.0,6.43,7.25,42.14
0901300011366,Xochimilco,5983,3047,2936,348,164,,147,162,5688,5468,4348,2744,9.6,5.82,2.88,,2.58,2.96,45.86
0901300010739,Xochimilco,2379,1196,1183,249,104,0,87,104,2231,2126,1650,1487,7.92,10.47,4.66,0.0,3.9,4.89,62.51
0901300010654,Xochimilco,3412,1752,1660,88,35,,29,35,3271,3156,2574,1424,10.22,2.58,1.07,,0.89,1.11,41.74
0901300011309,Xochimilco,1036,527,509,123,46,0,45,46,972,931,760,532,8.99,11.87,4.73,0.0,4.63,4.94,51.35
0901300010067,Xochimilco,8681,4510,4171,239,143,0,118,143,8163,7939,6651,2893,11.91,2.75,1.75,0.0,1.45,1.8,33.33
0901300011243,Xochimilco,52,27,25,,,0,,,46,46,41,13,13.85,,,0.0,,,25.0
0901300011474,Xochimilco,1146,559,587,248,108,0,106,108,1070,1023,810,534,8.57,21.64,10.09,0.0,9.91,10.56,46.6
0901300010813,Xochimilco,3449,1734,1715,319,117,0,108,117,3256,3113,2509,1747,9.1,9.25,3.59,0.0,3.32,3.76,50.65
0901300010809,Xochimilco,409,204,205,40,22,0,9,22,388,370,277,240,7.87,9.78,5.67,0.0,2.32,5.95,58.68
0901300010601,Xochimilco,5232,2663,2569,193,70,0,58,70,4968,4788,3873,2788,9.87,3.69,1.41,0.0,1.17,1.46,53.29
090130001064A,Xochimilco,3038,1564,1474,85,31,0,26,31,2917,2820,2289,1480,10.61,2.8,1.06,0.0,0.89,1.1,48.72
0901300010777,Xochimilco,2017,1039,978,93,35,0,32,35,1897,1828,1481,919,10.17,4.61,1.85,0.0,1.69,1.91,45.56
0901300011578,Xochimilco,44,21,23,8,,0,,,42,41,25,39,6.44,18.18,,0.0,,,88.64
0901300010353,Xochimilco,5644,2922,2722,287,150,0,134,148,5338,5131,4232,2482,10.2,5.09,2.81,0.0,2.51,2.88,43.98
0901300011169,Xochimilco,10377,5280,5097,1092,456,,421,451,9777,9376,7284,5313,8.77,10.52,4.66,,4.31,4.81,51.2
0901300010724,Xochimilco,567,281,286,95,40,0,38,40,514,496,379,373,8.87,16.75,7.78,0.0,7.39,8.06,65.78
0901300011101,Xochimilco,4080,2073,2007,404,149,0,127,149,3838,3671,2856,2385,9.03,9.9,3.88,0.0,3.31,4.06,58.46
0901300011455,Xochimilco,1437,741,696,110,47,0,46,47,1328,1262,982,638,8.84,7.65,3.54,0.0,3.46,3.72,44.4
0901300011402,Xochimilco,2794,1397,1397,419,152,,142,152,2637,2527,1961,1400,8.38,15.0,5.76,,5.38,6.02,50.11
0901300011120,Xochimilco,2489,1298,1191,43,22,0,14,22,2362,2288,1979,1006,11.01,1.73,0.93,0.0,0.59,0.96,40.42
0901300011489,Xochimilco,421,212,209,71,31,0,29,31,396,376,290,252,8.34,16.86,7.83,0.0,7.32,8.24,59.86
0901300011116,Xochimilco,2803,1469,1334,123,50,0,47,50,2679,2587,2159,1394,9.99,4.39,1.87,0.0,1.75,1.93,49.73
0901300011563,Xochimilco,223,118,105,26,7,,6,7,212,200,152,151,8.17,11.66,3.3,,2.83,3.5,67.71
0901300010033,Xochimilco,3314,1751,1563,34,30,0,23,30,3188,3135,2837,740,14.18,1.03,0.94,0.0,0.72,0.96,22.33
0901300011296,Xochimilco,1007,517,490,184,65,0,60,65,949,895,693,654,7.51,18.27,6.85,0.0,6.32,7.26,64.95
0901300011046,Xochimilco,1883,1002,881,41,19,,17,18,1808,1754,1526,580,11.46,2.18,1.05,,0.94,1.03,30.8
0901300011154,Xochimilco,6871,3533,3338,562,218,3,207,218,6552,6348,5155,2928,9.54,8.18,3.33,0.05,3.16,3.43,42.61
0901300010866,Xochimilco,1645,874,771,143,45,,36,45,1532,1467,1128,871,8.18,8.69,2.94,,2.35,3.07,52.95
0901300011421,Xochimilco,662,356,306,37,12,0,12,12,620,604,497,269,9.55,5.59,1.94,0.0,1.94,1.99,40.63
0901300010315,Xochimilco,2169,1145,1024,17,15,0,15,15,2091,2062,1846,708,14.04,0.78,0.72,0.0,0.72,0.73,32.64
0901300010230,Xochimilco,3128,1619,1509,54,30,0,25,30,2891,2821,2388,1094,10.86,1.73,1.04,0.0,0.86,1.06,34.97
0901300010086,Xochimilco,2659,1405,1254,87,40,,33,40,2544,2478,2108,894,12.06,3.27,1.57,,1.3,1.61,33.62
0901300011544,Xochimilco,60,34,26,5,3,0,,3,57,56,45,41,9.53,8.33,5.26,0.0,,5.36,68.33
0901300011440,Xochimilco,3470,1721,1749,434,168,0,139,168,3265,3101,2381,2685,7.65,12.51,5.15,0.0,4.26,5.42,77.38
0901300011277,Xochimilco,6,4,,3,,0,,,5,4,4,,4.25,50.0,,0.0,,,
0901300010014,Xochimilco,6356,3384,2972,146,61,0,48,61,5938,5761,4898,2171,11.07,2.3,1.03,0.0,0.81,1.06,34.16
0901300010851,Xochimilco,1816,932,884,48,23,0,19,23,1689,1599,1230,1080,8.07,2.64,1.36,0.0,1.12,1.44,59.47
0901300010194,Xochimilco,948,505,443,4,3,0,,3,873,852,748,215,13.38,0.42,0.34,0.0,,0.35,22.68
0901300010334,Xochimilco,5980,3084,2896,96,61,0,57,61,5704,5530,4642,2547,11.42,1.61,1.07,0.0,1.0,1.1,42.59
0901300010245,Xochimilco,2412,1258,1154,18,12,0,7,12,2313,2255,1929,1066,10.68,0.75,0.52,0.0,0.3,0.53,44.2
0901300010832,Xochimilco,565,280,285,13,5,0,5,5,524,503,410,230,9.42,2.3,0.95,0.0,0.95,0.99,40.71
0901300010743,Xochimilco,7173,3675,3498,437,168,,131,168,6786,6533,5163,3729,9.29,6.09,2.48,,1.93,2.57,51.99
0901300011510,Xochimilco,323,158,165,65,20,,19,20,301,288,220,136,8.39,20.12,6.64,,6.31,6.94,42.11
0901300011493,Xochimilco,1447,702,745,208,70,0,65,70,1356,1308,1020,910,7.75,14.37,5.16,0.0,4.79,5.35,62.89
0901300010917,Xochimilco,2065,1101,964,127,62,,50,62,1967,1907,1609,963,11.42,6.15,3.15,,2.54,3.25,46.63
0901300011135,Xochimilco,3649,1835,1814,341,134,0,130,134,3434,3300,2579,1970,9.48,9.35,3.9,0.0,3.79,4.06,53.99
0901300010090,Xochimilco,4348,2191,2157,577,244,,228,244,3948,3758,2810,2171,7.69,13.27,6.18,,5.78,6.49,49.93
0901300011239,Xochimilco,4372,2279,2093,202,95,0,74,94,4174,4025,3434,1633,10.96,4.62,2.28,0.0,1.77,2.34,37.35
090130001139A,Xochimilco,1492,777,715,19,9,0,7,9,1341,1305,1077,364,13.23,1.27,0.67,0.0,0.52,0.69,24.4
0901300010300,Xochimilco,809,411,398,50,16,0,16,16,770,738,617,352,10.67,6.18,2.08,0.0,2.08,2.17,43.51
0901300011347,Xochimilco,1577,835,742,41,17,0,4,16,1443,1392,1177,445,14.3,2.6,1.18,0.0,0.28,1.15,28.22
0901300011050,Xochimilco,4528,2401,2127,252,135,,119,132,4300,4159,3426,1507,10.23,5.57,3.14,,2.77,3.17,33.28
090130001121A,Xochimilco,7274,3691,3583,701,309,,279,308,6715,6478,5257,2986,9.58,9.64,4.6,,4.15,4.75,41.05
0901300010495,Xochimilco,551,278,273,12,6,0,6,6,527,505,418,201,10.6,2.18,1.14,0.0,1.14,1.19,36.48
090130001107A,Xochimilco,3953,2092,1861,91,43,,34,43,3798,3716,3161,1175,12.03,2.3,1.13,,0.9,1.16,29.72
0901300011065,Xochimilco,4161,2164,1997,57,34,,31,33,3963,3855,3353,1385,12.7,1.37,0.86,,0.78,0.86,33.29
0901300011385,Xochimilco,1774,902,872,38,26,0,25,25,1719,1684,1394,488,13.39,2.14,1.51,0.0,1.45,1.48,27.51
0901300010211,Xochimilco,4715,2474,2241,145,85,0,68,83,4374,4233,3545,1618,11.26,3.08,1.94,0.0,1.55,1.96,34.32
0901300010122,Xochimilco,3589,1912,1677,121,54,,46,54,3385,3286,2774,1266,11.29,3.37,1.6,,1.36,1.64,35.27
090130001025A,Xochimilco,3843,1955,1888,122,45,0,39,45,3673,3558,2937,1481,10.91,3.17,1.23,0.0,1.06,1.26,38.54
0901300011328,Xochimilco,7854,4065,3789,422,159,0,148,158,7393,7082,5608,3776,8.86,5.37,2.15,0.0,2.0,2.23,48.08
0901300011205,Xochimilco,616,298,318,8,3,0,3,3,593,575,460,277,9.98,1.3,0.51,0.0,0.51,0.52,44.97
0901300010368,Xochimilco,11046,5627,5419,956,433,0,385,430,10467,10041,8009,6105,9.74,8.65,4.14,0.0,3.68,4.28,55.27
090130001071A,Xochimilco,532,258,274,52,21,0,15,21,502,476,376,295,9.8,9.77,4.18,0.0,2.99,4.41,55.45
0901300011506,Xochimilco,434,231,203,34,11,0,10,11,405,392,314,131,10.22,7.83,2.72,0.0,2.47,2.81,30.18
0901300011525,Xochimilco,847,411,436,112,35,0,31,35,793,759,598,364,9.99,13.22,4.41,0.0,3.91,4.61,42.98
0901300010758,Xochimilco,3948,2029,1919,219,69,0,59,68,3701,3555,2768,2279,9.17,5.55,1.86,0.0,1.59,1.91,57.73
0901300010762,Xochimilco,1052,524,528,58,22,0,17,21,1003,960,761,597,9.35,5.51,2.19,0.0,1.69,2.19,56.75
0901300010508,Xochimilco,6322,3234,3088,301,136,0,120,135,6005,5795,4691,3043,10.12,4.76,2.26,0.0,2.0,2.33,48.13
0901300010847,Xochimilco,825,390,435,32,21,3,16,21,784,759,604,349,9.57,3.88,2.68,0.38,2.04,2.77,42.3
090130001146A,Xochimilco,1634,822,812,142,50,0,45,50,1536,1467,1147,802,8.23,8.69,3.26,0.0,2.93,3.41,49.08
0901300011173,Xochimilco,5365,2750,2615,189,65,,49,63,4963,4787,3904,2025,10.21,3.52,1.31,,0.99,1.32,37.74
0901300011436,Xochimilco,1704,871,833,201,59,0,52,59,1600,1523,1159,1249,8.46,11.8,3.69,0.0,3.25,3.87,73.3
0901300010828,Xochimilco,2799,1399,1400,112,52,0,50,52,2640,2546,1989,1338,9.61,4.0,1.97,0.0,1.89,2.04,47.8
0901300010599,Xochimilco,9076,788,8288,139,130,0,113,127,8985,8928,8634,741,8.34,1.53,1.45,0.0,1.26,1.42,8.16
0901300010885,Xochimilco,726,356,370,41,13,0,12,12,681,654,504,345,8.69,5.65,1.91,0.0,1.76,1.83,47.52
0901300010669,Xochimilco,3479,1735,1744,74,21,0,15,20,3240,3115,2465,1507,8.47,2.13,0.65,0.0,0.46,0.64,43.32
090130001057A,Xochimilco,265,138,127,3,,0,,,253,248,208,127,10.72,1.13,,0.0,,,47.92
0901300010461,Xochimilco,6576,3354,3222,436,177,,164,176,6243,5991,4906,2462,9.81,6.63,2.84,,2.63,2.94,37.44
0901300011417,Xochimilco,1810,895,915,125,47,0,43,46,1720,1629,1257,868,8.73,6.91,2.73,0.0,2.5,2.82,47.96
0901300010160,Xochimilco,4375,2261,2114,156,87,0,69,86,4016,3906,3332,1196,12.23,3.57,2.17,0.0,1.72,2.2,27.34
0901300010175,Xochimilco,656,343,313,5,,0,,,569,549,458,118,13.81,0.76,,0.0,,,17.99
090130001032A,Xochimilco,7,4,3,0,0,0,0,0,7,7,7,3,12.71,0.0,0.0,0.0,0.0,0.0,42.86
0901300010705,Xochimilco,631,325,306,110,36,,33,36,594,571,430,418,8.17,17.43,6.06,,5.56,6.3,66.24
0901300011313,Xochimilco,4300,2170,2130,144,64,,57,64,4083,3942,3208,1883,9.63,3.35,1.57,,1.4,1.62,43.79
0901300010565,Xochimilco,3047,1598,1449,37,18,0,16,16,2917,2813,2344,1222,10.35,1.21,0.62,0.0,0.55,0.57,40.11
0901300010550,Xochimilco,3365,1728,1637,36,21,0,12,21,3220,3126,2616,1602,10.7,1.07,0.65,0.0,0.37,0.67,47.61
0901300010480,Xochimilco,6565,3395,3170,145,52,,45,52,6224,5992,4871,2874,9.79,2.21,0.84,,0.72,0.87,43.78
0901300011224,Xochimilco,6615,3376,3239,381,163,0,131,163,5917,5698,4750,2708,10.28,5.76,2.75,0.0,2.21,2.86,40.94
0901300011262,Xochimilco,2804,1453,1351,47,22,0,19,22,2515,2444,1975,656,13.1,1.68,0.87,0.0,0.76,0.9,23.4
0901300010029,Xochimilco,2264,1177,1087,59,36,0,33,36,2147,2106,1869,684,13.27,2.61,1.68,0.0,1.54,1.71,30.21
0901300011332,Xochimilco,5848,3092,2756,105,48,0,33,48,5604,5441,4599,2090,10.79,1.8,0.86,0.0,0.59,0.88,35.74
0901300010207,Xochimilco,3071,1629,1442,40,19,0,15,19,2782,2726,2368,771,13.16,1.3,0.68,0.0,0.54,0.7,25.11
090130001018A,Xochimilco,1400,728,672,18,9,0,7,9,1303,1276,1099,322,13.17,1.29,0.69,0.0,0.54,0.71,23.0
0901300010283,Xochimilco,5861,3045,2816,319,110,0,99,110,5549,5383,4429,2480,10.38,5.44,1.98,0.0,1.78,2.04,42.31
0901300010404,Xochimilco,2376,1245,1131,45,14,0,11,14,2261,2203,1874,746,12.79,1.89,0.62,0.0,0.49,0.64,31.4
0901300010298,Xochimilco,9982,5197,4785,481,211,4,174,211,9384,9066,7417,4085,10.86,4.82,2.25,0.04,1.85,2.33,40.92
0901300010372,Xochimilco,4382,2316,2066,252,99,0,88,99,4130,4001,3279,1981,9.95,5.75,2.4,0.0,2.13,2.47,45.21
0901300010226,Xochimilco,2133,1132,1001,83,34,0,30,34,1991,1922,1624,845,11.28,3.89,1.71,0.0,1.51,1.77,39.62
0901300010137,Xochimilco,3526,1847,1679,133,72,,63,72,3337,3254,2754,1305,10.72,3.77,2.16,,1.89,2.21,37.01
0901300011099,Xochimilco,2439,1247,1192,125,50,0,40,49,2314,2212,1782,1323,9.82,5.13,2.16,0.0,1.73,2.22,54.24
0901300011084,Xochimilco,3047,1550,1497,108,67,5,57,67,2818,2710,2265,1247,10.03,3.54,2.38,0.18,2.02,2.47,40.93
0901300010052,Xochimilco,149,68,81,36,18,3,15,18,140,134,103,83,7.19,24.16,12.86,2.14,10.71,13.43,55.7
0901300010688,Xochimilco,4834,2527,2307,407,181,0,163,180,4487,4300,3430,1908,9.68,8.42,4.03,0.0,3.63,4.19,39.47
0901300011027,Xochimilco,5905,3094,2811,147,59,0,51,59,5611,5426,4426,2531,10.41,2.49,1.05,0.0,0.91,1.09,42.86
090130001114A,Xochimilco,5689,2904,2785,536,199,,189,198,5338,5119,4045,2934,9.0,9.42,3.73,,3.54,3.87,51.57
0901300011188,Xochimilco,5903,3042,2861,250,104,,95,102,5470,5273,4222,2369,9.78,4.24,1.9,,1.74,1.93,40.13
0901300010391,Xochimilco,2453,1250,1203,42,17,0,13,17,2340,2273,1852,846,12.38,1.71,0.73,0.0,0.56,0.75,34.49
0901300010387,Xochimilco,6430,3331,3099,178,65,0,59,65,6087,5867,4841,2604,9.72,2.77,1.07,0.0,0.97,1.11,40.5
0901300010438,Xochimilco,1126,601,525,71,31,0,21,30,1072,1033,820,483,9.76,6.31,2.89,0.0,1.96,2.9,42.9
0901300010419,Xochimilco,4750,2509,2241,38,19,0,15,19,4582,4471,3750,1469,11.5,0.8,0.41,0.0,0.33,0.42,30.93
0901300010423,Xochimilco,784,401,383,53,18,0,16,18,750,729,589,324,10.04,6.76,2.4,0.0,2.13,2.47,41.33
0901300010442,Xochimilco,4384,2312,2072,143,60,0,56,58,4131,4002,3272,1737,10.8,3.26,1.45,0.0,1.36,1.45,39.62
090130001089A,Xochimilco,631,322,309,55,20,0,18,19,585,564,431,398,8.26,8.72,3.42,0.0,3.08,3.37,63.07
0901300011031,Xochimilco,7975,4069,3906,480,183,,161,181,7535,7257,5826,3797,9.35,6.02,2.43,,2.14,2.49,47.61
0901300011370,Xochimilco,4244,2173,2071,184,73,0,65,73,4043,3893,3158,1600,10.36,4.34,1.81,0.0,1.61,1.88,37.7
0901300010279,Xochimilco,4324,2173,2151,290,141,0,131,139,4094,3918,3170,2231,9.65,6.71,3.44,0.0,3.2,3.55,51.6
0901300010527,Xochimilco,5295,2709,2586,252,119,0,103,115,5033,4853,3909,2623,9.98,4.76,2.36,0.0,2.05,2.37,49.54
0901300010692,Xochimilco,10336,5299,5037,488,170,0,130,167,9748,9348,7389,5524,9.59,4.72,1.74,0.0,1.33,1.79,53.44
0901300011559,Xochimilco,1813,919,894,296,106,0,96,106,1709,1637,1220,1140,7.73,16.33,6.2,0.0,5.62,6.48,62.88
0901300010870,Xochimilco,1688,850,838,150,57,,49,57,1606,1553,1222,866,8.59,8.89,3.55,,3.05,3.67,51.3
0901300011192,Xochimilco,9261,4704,4557,362,123,0,107,123,8758,8453,6739,4975,9.46,3.91,1.4,0.0,1.22,1.46,53.72
0901400010806,Benito Juárez,4885,2664,2221,62,50,0,33,50,4259,4165,3789,1003,14.29,1.27,1.17,0.0,0.77,1.2,20.53
0901400010736,Benito Juárez,5019,2792,2227,91,52,0,36,52,4400,4330,3959,1112,13.6,1.81,1.18,0.0,0.82,1.2,22.16
0901400010613,Benito Juárez,4894,2674,2220,78,79,0,62,78,4516,4430,4033,1161,14.42,1.59,1.75,0.0,1.37,1.76,23.72
0901400010721,Benito Juárez,4042,2249,1793,49,38,0,29,38,3785,3689,3347,934,14.08,1.21,1.0,0.0,0.77,1.03,23.11
0901400010469,Benito Juárez,6831,3650,3181,128,62,0,23,62,5753,5600,4959,1656,12.72,1.87,1.08,0.0,0.4,1.11,24.24
090140001012A,Benito Juárez,4639,2512,2127,31,32,0,24,32,4450,4354,3887,1035,13.3,0.67,0.72,0.0,0.54,0.73,22.31
0901400010280,Benito Juárez,2997,1588,1409,53,30,0,26,30,2703,2660,2360,649,12.79,1.77,1.11,0.0,0.96,1.13,21.65
090140001083A,Benito Juárez,2850,1531,1319,34,18,0,13,18,2555,2499,2226,662,13.3,1.19,0.7,0.0,0.51,0.72,23.23
0901400010524,Benito Juárez,3194,1744,1450,59,33,0,22,33,2897,2837,2527,949,12.25,1.85,1.14,0.0,0.76,1.16,29.71
0901400010651,Benito Juárez,6207,3314,2893,123,55,0,44,55,5767,5624,4888,1774,11.88,1.98,0.95,0.0,0.76,0.98,28.58
0901400010632,Benito Juárez,6654,3640,3014,73,65,0,50,65,5645,5548,5016,1584,13.59,1.1,1.15,0.0,0.89,1.17,23.81
0901400010454,Benito Juárez,1849,990,859,41,20,0,12,20,1601,1562,1395,415,13.71,2.22,1.25,0.0,0.75,1.28,22.44
0901400010079,Benito Juárez,6000,3062,2938,73,35,0,30,35,5553,5458,4981,1580,13.01,1.22,0.63,0.0,0.54,0.64,26.33
0901400010952,Benito Juárez,2695,1404,1291,25,20,0,15,20,2291,2218,1910,647,13.14,0.93,0.87,0.0,0.65,0.9,24.01
0901400010416,Benito Juárez,2771,1538,1233,25,36,0,34,36,2645,2591,2332,620,14.38,0.9,1.36,0.0,1.29,1.39,22.37
0901400010562,Benito Juárez,3293,1775,1518,48,31,0,24,30,3070,3007,2715,745,13.99,1.46,1.01,0.0,0.78,1.0,22.62
090140001037A,Benito Juárez,2011,1086,925,51,27,0,22,27,1895,1870,1690,541,14.25,2.54,1.42,0.0,1.16,1.44,26.9
090140001044A,Benito Juárez,3967,2106,1861,65,58,0,27,58,3387,3328,3029,878,14.15,1.64,1.71,0.0,0.8,1.74,22.13
0901400010276,Benito Juárez,4216,2287,1929,64,30,0,24,30,3924,3861,3409,1133,13.36,1.52,0.76,0.0,0.61,0.78,26.87
0901400010740,Benito Juárez,3657,2006,1651,34,39,,30,39,3301,3247,2914,840,14.29,0.93,1.18,,0.91,1.2,22.97
0901400010346,Benito Juárez,4151,2204,1947,78,41,0,29,41,3950,3864,3551,992,13.39,1.88,1.04,0.0,0.73,1.06,23.9
0901400010967,Benito Juárez,613,328,285,16,8,0,,7,549,536,473,173,11.75,2.61,1.46,0.0,,1.31,28.22
0901400010026,Benito Juárez,3886,2100,1786,62,38,,30,38,3666,3593,3210,1117,13.46,1.6,1.04,,0.82,1.06,28.74
0901400011024,Benito Juárez,4011,2168,1843,72,42,0,39,42,3850,3777,3400,1172,13.39,1.8,1.09,0.0,1.01,1.11,29.22
0901400010878,Benito Juárez,4718,2550,2168,127,46,0,35,46,4559,4459,3912,1564,12.5,2.69,1.01,0.0,0.77,1.03,33.15
0901400010115,Benito Juárez,4686,2484,2202,60,41,,33,40,4452,4344,3883,1244,13.35,1.28,0.92,,0.74,0.92,26.55
0901400010238,Benito Juárez,6271,3482,2789,76,89,0,76,89,5722,5597,5151,1514,14.34,1.21,1.56,0.0,1.33,1.59,24.14
0901400010399,Benito Juárez,3427,1907,1520,77,55,0,49,55,3168,3104,2837,919,14.36,2.25,1.74,0.0,1.55,1.77,26.82
0901400010401,Benito Juárez,5022,2812,2210,83,68,0,42,68,4742,4646,4217,1117,14.22,1.65,1.43,0.0,0.89,1.46,22.24
0901400010168,Benito Juárez,1633,868,765,6,6,0,3,6,1465,1429,1255,421,12.18,0.37,0.41,0.0,0.2,0.42,25.78
0901400010488,Benito Juárez,6324,3401,2923,90,43,,34,43,5486,5329,4725,1582,12.73,1.42,0.78,,0.62,0.81,25.02
0901400010473,Benito Juárez,1954,1061,893,18,17,0,10,17,1703,1658,1441,413,13.17,0.92,1.0,0.0,0.59,1.03,21.14
090140001101A,Benito Juárez,4402,2340,2062,50,40,0,28,40,3978,3899,3464,1119,13.32,1.14,1.01,0.0,0.7,1.03,25.42
0901400010257,Benito Juárez,7303,4010,3293,122,88,0,72,88,6287,6175,5602,1880,13.62,1.67,1.4,0.0,1.15,1.43,25.74
0901400010242,Benito Juárez,3757,2029,1728,41,36,0,28,36,3157,3090,2814,786,14.1,1.09,1.14,0.0,0.89,1.17,20.92
0901400010134,Benito Juárez,4362,2392,1970,71,42,0,35,42,4095,4002,3572,1023,13.33,1.63,1.03,0.0,0.85,1.05,23.45
0901400010204,Benito Juárez,4155,2211,1944,50,41,0,21,41,3844,3769,3498,924,14.58,1.2,1.07,0.0,0.55,1.09,22.24
0901400010219,Benito Juárez,2355,1270,1085,35,29,0,23,29,2200,2155,1992,529,14.55,1.49,1.32,0.0,1.05,1.35,22.46
0901400010045,Benito Juárez,3611,2002,1609,29,26,0,22,26,2836,2776,2526,726,13.84,0.8,0.92,0.0,0.78,0.94,20.11
090140001005A,Benito Juárez,4632,2555,2077,70,66,,57,66,3955,3870,3445,932,14.1,1.51,1.67,,1.44,1.71,20.12
0901400010011,Benito Juárez,3900,2073,1827,90,53,0,41,53,3483,3414,3118,845,13.8,2.31,1.52,0.0,1.18,1.55,21.67
090140001051A,Benito Juárez,2978,1597,1381,32,19,0,18,19,2668,2618,2317,853,11.94,1.07,0.71,0.0,0.67,0.73,28.64
0901400010331,Benito Juárez,2805,1522,1283,55,28,0,22,28,2477,2430,2178,803,12.94,1.96,1.13,0.0,0.89,1.15,28.63
0901400010312,Benito Juárez,2192,1196,996,45,33,0,30,32,2025,1994,1746,586,12.76,2.05,1.63,0.0,1.48,1.6,26.73
0901400010172,Benito Juárez,1913,1030,883,28,18,0,16,18,1716,1686,1494,502,12.77,1.46,1.05,0.0,0.93,1.07,26.24
0901400010153,Benito Juárez,2950,1569,1381,36,11,0,4,11,2659,2585,2262,847,12.01,1.22,0.41,0.0,0.15,0.43,28.71
0901400010149,Benito Juárez,3456,1833,1623,61,38,0,33,38,3074,2995,2641,829,13.0,1.77,1.24,0.0,1.07,1.27,23.99
0901400010308,Benito Juárez,3827,2050,1777,40,23,0,15,23,3654,3582,3183,1067,12.83,1.05,0.63,0.0,0.41,0.64,27.88
0901400010327,Benito Juárez,1825,1032,793,20,19,0,16,19,1674,1643,1484,479,12.83,1.1,1.14,0.0,0.96,1.16,26.25
0901400010505,Benito Juárez,2675,1447,1228,29,14,0,9,14,2475,2412,2138,825,12.66,1.08,0.57,0.0,0.36,0.58,30.84
0901400010539,Benito Juárez,2766,1525,1241,27,18,0,16,18,2469,2411,2133,642,12.33,0.98,0.73,0.0,0.65,0.75,23.21
0901400010789,Benito Juárez,2797,1489,1308,55,22,0,15,22,2589,2529,2246,810,12.11,1.97,0.85,0.0,0.58,0.87,28.96
0901400010670,Benito Juárez,5033,2700,2333,88,41,,34,41,4603,4512,3946,1214,12.97,1.75,0.89,,0.74,0.91,24.12
0901400010774,Benito Juárez,6958,3789,3169,125,72,0,55,72,6254,6103,5379,1860,12.82,1.8,1.15,0.0,0.88,1.18,26.73
0901400010666,Benito Juárez,2781,1479,1302,42,19,0,14,19,2445,2390,2116,742,12.56,1.51,0.78,0.0,0.57,0.79,26.68
0901400010933,Benito Juárez,2881,1542,1339,27,27,0,20,27,2394,2341,2130,553,14.57,0.94,1.13,0.0,0.84,1.15,19.19
0901400010685,Benito Juárez,3982,2156,1826,54,29,0,22,29,3383,3295,2892,993,12.83,1.36,0.86,0.0,0.65,0.88,24.94
0901400010543,Benito Juárez,4386,2342,2044,41,26,0,14,26,4112,4022,3641,911,13.5,0.93,0.63,0.0,0.34,0.65,20.77
0901400010030,Benito Juárez,5102,2738,2364,49,31,0,24,31,4844,4738,4193,1203,13.37,0.96,0.64,0.0,0.5,0.65,23.58
0901400010971,Benito Juárez,3255,1798,1457,25,20,0,16,20,3023,2959,2658,685,14.18,0.77,0.66,0.0,0.53,0.68,21.04
0901400010986,Benito Juárez,5026,2729,2297,44,42,0,22,42,4550,4441,3936,1065,13.95,0.88,0.92,0.0,0.48,0.95,21.19
0901400010990,Benito Juárez,5125,2753,2372,110,53,0,24,53,4716,4613,4113,1397,13.29,2.15,1.12,0.0,0.51,1.15,27.26
0901400010882,Benito Juárez,2992,1581,1411,26,16,0,10,16,2753,2693,2440,696,13.39,0.87,0.58,0.0,0.36,0.59,23.26
0901400010914,Benito Juárez,2036,1122,914,10,22,0,17,22,1831,1793,1651,404,14.64,0.49,1.2,0.0,0.93,1.23,19.84
0901400010929,Benito Juárez,3294,1824,1470,55,43,0,37,43,2951,2899,2650,676,14.43,1.67,1.46,0.0,1.25,1.48,20.52
0901400010187,Benito Juárez,5804,3179,2625,82,62,,49,61,5513,5410,4911,1463,13.31,1.41,1.12,,0.89,1.13,25.21
0901400010863,Benito Juárez,6356,3426,2930,81,45,0,29,45,5785,5648,5004,1655,13.33,1.27,0.78,0.0,0.5,0.8,26.04
0901400010191,Benito Juárez,3691,2017,1674,46,34,0,16,33,3538,3458,3137,881,14.22,1.25,0.96,0.0,0.45,0.95,23.87
0901400010384,Benito Juárez,3275,1735,1540,41,29,0,26,29,2996,2942,2703,926,14.63,1.25,0.97,0.0,0.87,0.99,28.27
0901400010897,Benito Juárez,1488,875,613,34,29,0,27,29,1386,1363,1236,371,13.9,2.28,2.09,0.0,1.95,2.13,24.93
090140001090A,Benito Juárez,2434,1351,1083,31,37,0,31,37,2332,2297,2091,625,14.3,1.27,1.59,0.0,1.33,1.61,25.68
0901400010223,Benito Juárez,1234,659,575,26,21,0,16,21,1088,1071,999,312,14.21,2.11,1.93,0.0,1.47,1.96,25.28
0901400010609,Benito Juárez,4006,2216,1790,22,42,0,40,42,3587,3527,3163,763,14.42,0.55,1.17,0.0,1.12,1.19,19.05
0901400010948,Benito Juárez,3014,1646,1368,58,43,0,33,43,2586,2530,2308,629,14.51,1.92,1.66,0.0,1.28,1.7,20.87
0901400010492,Benito Juárez,2442,1309,1133,29,21,0,15,21,2165,2108,1874,597,13.14,1.19,0.97,0.0,0.69,1.0,24.45
0901400010755,Benito Juárez,5165,2810,2355,87,62,0,46,62,4414,4345,3972,1238,14.17,1.68,1.4,0.0,1.04,1.43,23.97
0901400010844,Benito Juárez,4362,2355,2007,94,68,0,49,67,3897,3812,3416,963,13.91,2.15,1.74,0.0,1.26,1.76,22.08
0901400010083,Benito Juárez,4563,2520,2043,71,43,0,23,42,4099,4022,3673,1228,13.56,1.56,1.05,0.0,0.56,1.04,26.91
0901400010647,Benito Juárez,4794,2557,2237,82,48,3,30,48,4464,4352,3787,1420,11.77,1.71,1.08,0.07,0.67,1.1,29.62
0901400010295,Benito Juárez,1750,939,811,30,13,0,10,13,1558,1519,1367,437,11.95,1.71,0.83,0.0,0.64,0.86,24.97
0901400010859,Benito Juárez,5096,2710,2386,82,49,0,40,49,4395,4287,3815,1263,12.98,1.61,1.11,0.0,0.91,1.14,24.78
0901400010628,Benito Juárez,5116,2791,2325,103,73,0,64,73,4547,4462,4055,1444,13.83,2.01,1.61,0.0,1.41,1.64,28.23
0901400010100,Benito Juárez,1613,864,749,28,16,0,13,16,1447,1425,1284,251,13.05,1.74,1.11,0.0,0.9,1.12,15.56
0901400010098,Benito Juárez,5558,3040,2518,96,53,0,44,53,5272,5184,4642,1562,13.32,1.73,1.01,0.0,0.83,1.02,28.1
090140001076A,Benito Juárez,3158,1702,1456,39,31,0,27,31,2657,2618,2351,615,14.31,1.23,1.17,0.0,1.02,1.18,19.47
0901400010825,Benito Juárez,269,146,123,4,,0,,,196,195,172,60,14.19,1.49,,0.0,,,22.3
0901400010596,Benito Juárez,2754,1546,1208,42,51,0,37,51,2526,2485,2243,623,14.1,1.53,2.02,0.0,1.46,2.05,22.62
0901400010717,Benito Juárez,1254,664,590,20,31,0,28,31,1085,1068,956,331,13.9,1.59,2.86,0.0,2.58,2.9,26.4
0901400010577,Benito Juárez,4959,2613,2346,87,72,,41,72,4686,4602,4232,1335,14.19,1.75,1.54,,0.87,1.56,26.92
090140001069A,Benito Juárez,1722,927,795,21,20,0,16,20,1438,1414,1286,377,12.8,1.22,1.39,0.0,1.11,1.41,21.89
0901400010558,Benito Juárez,1637,877,760,19,14,0,11,14,1432,1395,1284,326,14.33,1.16,0.98,0.0,0.77,1.0,19.91
0901400010435,Benito Juárez,4973,2743,2230,61,39,0,28,39,4595,4501,4012,1293,13.47,1.23,0.85,0.0,0.61,0.87,26.0
0901400010810,Benito Juárez,5918,3335,2583,79,71,0,53,71,5384,5257,4763,1084,14.61,1.33,1.32,0.0,0.98,1.35,18.32
0901400010261,Benito Juárez,7686,4205,3481,122,85,0,74,85,6857,6743,6168,1858,13.58,1.59,1.24,0.0,1.08,1.26,24.17
0901400010064,Benito Juárez,3835,2085,1750,80,50,0,31,50,3405,3335,3016,887,13.91,2.09,1.47,0.0,0.91,1.5,23.13
0901400011005,Benito Juárez,6181,3304,2877,117,59,0,49,59,5950,5810,5136,1599,13.1,1.89,0.99,0.0,0.82,1.02,25.87
0901400010420,Benito Juárez,4999,2742,2257,83,68,0,56,68,4557,4454,4050,1165,14.05,1.66,1.49,0.0,1.23,1.53,23.3
0901400010350,Benito Juárez,3156,1702,1454,44,35,0,20,35,2951,2899,2640,663,14.03,1.39,1.19,0.0,0.68,1.21,21.01
0901400010365,Benito Juárez,1600,894,706,26,21,0,19,21,1524,1497,1357,385,13.66,1.62,1.38,0.0,1.25,1.4,24.06
0901400010702,Benito Juárez,4438,2469,1969,61,60,0,45,60,3769,3696,3354,1036,13.94,1.37,1.59,0.0,1.19,1.62,23.34
0901400010793,Benito Juárez,3705,2056,1649,41,45,0,39,43,3407,3334,3008,994,14.32,1.11,1.32,0.0,1.14,1.29,26.83
0901400010581,Benito Juárez,555,318,237,4,16,0,14,16,534,526,484,193,13.47,0.72,3.0,0.0,2.62,3.04,34.77
090150001095A,Cuauhtémoc,1165,549,616,52,32,0,31,32,1059,1036,926,534,12.33,4.46,3.02,0.0,2.93,3.09,45.84
0901500010841,Cuauhtémoc,2504,1254,1250,47,23,0,17,23,2263,2224,2026,729,13.19,1.88,1.02,0.0,0.75,1.03,29.11
0901500010945,Cuauhtémoc,1327,643,684,6,10,0,9,10,1129,1106,1034,360,13.55,0.45,0.89,0.0,0.8,0.9,27.13
0901500010199,Cuauhtémoc,486,272,214,4,3,0,3,3,454,443,385,88,13.08,0.82,0.66,0.0,0.66,0.68,18.11
090150001106A,Cuauhtémoc,5036,2623,2413,204,81,,69,81,4662,4502,3766,1562,10.4,4.05,1.74,,1.48,1.8,31.02
0901500011163,Cuauhtémoc,2733,1422,1311,93,35,,29,35,2502,2414,2056,883,10.79,3.4,1.4,,1.16,1.45,32.31
0901500010610,Cuauhtémoc,8895,4695,4200,374,188,,133,187,8352,8071,6788,2713,10.47,4.2,2.25,,1.59,2.32,30.5
0901500010748,Cuauhtémoc,3156,1545,1611,152,76,0,66,75,2967,2895,2624,1143,11.91,4.82,2.56,0.0,2.22,2.59,36.22
0901500010733,Cuauhtémoc,332,161,171,22,15,0,13,15,314,303,266,107,10.74,6.63,4.78,0.0,4.14,4.95,32.23
0901500010589,Cuauhtémoc,5799,3028,2771,159,67,3,49,66,5512,5314,4444,2370,9.27,2.74,1.22,0.05,0.89,1.24,40.87
0901500010663,Cuauhtémoc,2055,1112,943,119,49,0,36,49,1917,1847,1542,1016,8.94,5.79,2.56,0.0,1.88,2.65,49.44
0901500011411,Cuauhtémoc,2084,1105,979,57,42,0,31,42,1921,1884,1737,571,13.98,2.74,2.19,0.0,1.61,2.23,27.4
0901500010023,Cuauhtémoc,4752,2532,2220,62,30,0,24,30,4470,4331,3656,1563,11.19,1.3,0.67,0.0,0.54,0.69,32.89
0901500010678,Cuauhtémoc,8504,4541,3963,139,74,0,55,74,7752,7573,6720,2208,12.9,1.63,0.95,0.0,0.71,0.98,25.96
0901500010926,Cuauhtémoc,3060,1542,1518,39,25,0,22,25,2816,2772,2604,770,14.3,1.27,0.89,0.0,0.78,0.9,25.16
0901500011178,Cuauhtémoc,2599,1404,1195,24,29,0,26,29,2255,2227,2066,708,14.0,0.92,1.29,0.0,1.15,1.3,27.24
0901500011303,Cuauhtémoc,2177,1139,1038,33,25,0,22,25,2000,1984,1840,560,13.87,1.52,1.25,0.0,1.1,1.26,25.72
0901500011394,Cuauhtémoc,5230,2741,2489,264,157,10,133,151,4849,4678,3897,1766,10.43,5.05,3.24,0.21,2.74,3.23,33.77
090150001113A,Cuauhtémoc,8632,4578,4054,162,84,0,58,84,8196,7962,6738,2678,10.67,1.88,1.02,0.0,0.71,1.06,31.02
0901500011125,Cuauhtémoc,6762,3565,3197,153,72,0,51,72,6420,6247,5380,1865,11.46,2.26,1.12,0.0,0.79,1.15,27.58
0901500011036,Cuauhtémoc,6373,3379,2994,103,54,0,41,54,6003,5823,4969,1713,11.49,1.62,0.9,0.0,0.68,0.93,26.88
0901500010803,Cuauhtémoc,631,296,335,33,17,0,15,17,597,580,533,199,14.09,5.23,2.85,0.0,2.51,2.93,31.54
0901500010729,Cuauhtémoc,16,8,8,,,0,,,16,16,13,8,9.69,,,0.0,,,50.0
0901500010593,Cuauhtémoc,4508,2421,2087,54,35,0,34,35,4202,4113,3651,1148,12.49,1.2,0.83,0.0,0.81,0.85,25.47
0901500011182,Cuauhtémoc,2617,1379,1238,28,30,0,24,30,2213,2174,1982,731,13.87,1.07,1.36,0.0,1.08,1.38,27.93
0901500010343,Cuauhtémoc,10606,5565,5041,469,251,0,208,245,10023,9664,7744,5345,9.08,4.42,2.5,0.0,2.08,2.54,50.4
0901500010165,Cuauhtémoc,4823,2576,2247,90,31,0,28,31,4485,4345,3708,1491,10.83,1.87,0.69,0.0,0.62,0.71,30.91
0901500010644,Cuauhtémoc,10430,5369,5061,807,364,,314,361,9815,9444,7740,4690,9.1,7.74,3.71,,3.2,3.82,44.97
090150001063A,Cuauhtémoc,4340,2183,2157,224,87,0,74,85,4055,3897,3262,1609,9.71,5.16,2.15,0.0,1.82,2.18,37.07
0901500010714,Cuauhtémoc,2705,1407,1298,86,40,0,36,40,2541,2484,2198,768,11.84,3.18,1.57,0.0,1.42,1.61,28.39
090150001070A,Cuauhtémoc,1860,960,900,57,37,0,23,36,1765,1732,1545,639,11.84,3.06,2.1,0.0,1.3,2.08,34.35
0901500011229,Cuauhtémoc,738,395,343,,3,0,,,678,655,546,251,10.54,,0.44,0.0,,,34.01
0901500011464,Cuauhtémoc,2546,1357,1189,17,8,0,6,7,2364,2326,2107,623,13.67,0.67,0.34,0.0,0.25,0.3,24.47
0901500011479,Cuauhtémoc,2583,1374,1209,73,31,0,25,31,2476,2431,2202,743,13.42,2.83,1.25,0.0,1.01,1.28,28.77
0901500010930,Cuauhtémoc,768,390,378,29,18,0,13,18,722,718,658,203,13.45,3.78,2.49,0.0,1.8,2.51,26.43
0901500010822,Cuauhtémoc,4100,2093,2007,52,40,0,21,40,3852,3795,3504,1062,14.42,1.27,1.04,0.0,0.55,1.05,25.9
0901500010790,Cuauhtémoc,2664,1343,1321,22,19,0,12,19,2501,2462,2263,822,13.62,0.83,0.76,0.0,0.48,0.77,30.86
0901500010786,Cuauhtémoc,2559,1320,1239,218,81,0,72,81,2388,2277,1839,1177,9.01,8.52,3.39,0.0,3.02,3.56,45.99
0901500010911,Cuauhtémoc,5291,2692,2599,719,341,7,309,336,4979,4797,3853,3246,8.16,13.59,6.85,0.14,6.21,7.0,61.35
090150001138A,Cuauhtémoc,630,348,282,12,6,0,6,6,607,600,541,148,13.2,1.9,0.99,0.0,0.99,1.0,23.49
0901500011375,Cuauhtémoc,3332,1768,1564,53,35,0,27,35,3113,3063,2799,991,12.8,1.59,1.12,0.0,0.87,1.14,29.74
090150001017A,Cuauhtémoc,5398,2918,2480,256,90,0,77,90,5012,4857,4028,1167,11.02,4.74,1.8,0.0,1.54,1.85,21.62
0901500010983,Cuauhtémoc,1432,713,719,32,22,0,14,22,1247,1225,1138,453,13.17,2.23,1.76,0.0,1.12,1.8,31.63
0901500010080,Cuauhtémoc,7091,3691,3400,129,44,0,35,44,6584,6404,5433,2088,10.6,1.82,0.67,0.0,0.53,0.69,29.45
0901500010061,Cuauhtémoc,1473,829,644,23,7,0,4,7,1394,1369,1212,355,12.53,1.56,0.5,0.0,0.29,0.51,24.1
0901500010127,Cuauhtémoc,7162,3767,3395,462,214,,192,213,6747,6526,5416,2420,9.93,6.45,3.17,,2.85,3.26,33.79
090150001049A,Cuauhtémoc,1477,780,697,74,39,0,33,39,1357,1321,1138,496,11.4,5.01,2.87,0.0,2.43,2.95,33.58
090150001120A,Cuauhtémoc,2212,1149,1063,50,38,0,30,38,2030,1993,1861,543,14.51,2.26,1.87,0.0,1.48,1.91,24.55
0901500011093,Cuauhtémoc,1253,658,595,23,18,0,13,18,1088,1080,999,346,14.09,1.84,1.65,0.0,1.19,1.67,27.61
0901500011271,Cuauhtémoc,1894,1014,880,85,51,0,47,51,1832,1785,1559,649,12.22,4.49,2.78,0.0,2.57,2.86,34.27
090150001152A,Cuauhtémoc,3512,1846,1666,98,52,0,45,52,3374,3288,2806,1280,10.92,2.79,1.54,0.0,1.33,1.58,36.45
0901500011074,Cuauhtémoc,6023,3160,2863,154,84,0,71,84,5661,5491,4586,1789,10.76,2.56,1.48,0.0,1.25,1.53,29.7
0901500011498,Cuauhtémoc,5556,3007,2549,124,61,0,48,61,5247,5092,4487,1604,11.82,2.23,1.16,0.0,0.91,1.2,28.87
0901500010358,Cuauhtémoc,9428,4988,4440,159,88,0,50,87,8886,8554,7041,4117,8.77,1.69,0.99,0.0,0.56,1.02,43.67
0901500010038,Cuauhtémoc,2440,1284,1156,39,21,0,20,21,2279,2205,1887,852,10.22,1.6,0.92,0.0,0.88,0.95,34.92
0901500010057,Cuauhtémoc,7,3,4,0,0,0,0,0,7,7,6,,8.67,0.0,0.0,0.0,0.0,0.0,
0901500010042,Cuauhtémoc,3035,1585,1450,42,20,0,15,20,2782,2696,2183,788,10.56,1.38,0.72,0.0,0.54,0.74,25.96
0901500011500,Cuauhtémoc,2904,1570,1334,47,25,0,21,25,2709,2657,2367,845,12.37,1.62,0.92,0.0,0.78,0.94,29.1
0901500011515,Cuauhtémoc,3656,1957,1699,57,27,0,14,27,3511,3436,2960,1173,11.1,1.56,0.77,0.0,0.4,0.79,32.08
0901500010998,Cuauhtémoc,3040,1541,1499,364,235,6,224,230,2652,2606,2338,913,13.24,11.97,8.86,0.23,8.45,8.83,30.03
0901500010076,Cuauhtémoc,6546,3459,3087,117,44,0,31,44,6017,5850,5082,1429,11.19,1.79,0.73,0.0,0.52,0.75,21.83
0901500011089,Cuauhtémoc,2303,1166,1137,47,23,0,13,23,1923,1879,1719,645,13.72,2.04,1.2,0.0,0.68,1.22,28.01
0901500010837,Cuauhtémoc,807,393,414,27,12,0,12,12,682,675,643,172,14.57,3.35,1.76,0.0,1.76,1.78,21.31
0901500010555,Cuauhtémoc,5427,2891,2536,113,64,0,49,63,5194,5098,4477,1563,12.33,2.08,1.23,0.0,0.94,1.24,28.8
0901500010019,Cuauhtémoc,3803,2005,1798,32,11,0,8,11,3517,3426,2945,1313,10.82,0.84,0.31,0.0,0.23,0.32,34.53
0901500010273,Cuauhtémoc,619,325,294,15,9,0,6,9,585,574,527,145,14.05,2.42,1.54,0.0,1.03,1.57,23.42
0901500010413,Cuauhtémoc,224,123,101,0,0,0,0,0,210,207,188,44,13.01,0.0,0.0,0.0,0.0,0.0,19.64
0901500011445,Cuauhtémoc,1683,875,808,15,15,0,12,15,1541,1521,1388,428,13.93,0.89,0.97,0.0,0.78,0.99,25.43
0901500010466,Cuauhtémoc,9973,5329,4644,363,179,0,126,179,8874,8653,7451,2689,11.31,3.64,2.02,0.0,1.42,2.07,26.96
0901500010184,Cuauhtémoc,6000,3196,2804,132,53,0,39,53,5637,5457,4562,1503,10.44,2.2,0.94,0.0,0.69,0.97,25.05
0901500010470,Cuauhtémoc,6141,3242,2899,176,98,0,77,98,5846,5694,4907,1895,11.04,2.87,1.68,0.0,1.32,1.72,30.86
0901500010485,Cuauhtémoc,9947,5301,4646,243,114,0,94,114,9473,9252,8019,2898,12.05,2.44,1.2,0.0,0.99,1.23,29.13
0901500010606,Cuauhtémoc,4964,2671,2293,188,108,0,88,108,4782,4662,4076,1561,11.95,3.79,2.26,0.0,1.84,2.32,31.45
0901500010682,Cuauhtémoc,4065,2176,1889,52,35,0,25,35,3812,3747,3371,1082,12.73,1.28,0.92,0.0,0.66,0.93,26.62
0901500010697,Cuauhtémoc,7115,3792,3323,177,100,0,65,100,6578,6426,5677,1939,12.22,2.49,1.52,0.0,0.99,1.56,27.25
0901500010502,Cuauhtémoc,9256,4969,4287,171,85,,59,85,8692,8453,7187,2977,10.72,1.85,0.98,,0.68,1.01,32.16
0901500010625,Cuauhtémoc,1429,747,682,59,24,0,21,23,1351,1311,1127,467,10.14,4.13,1.78,0.0,1.55,1.75,32.68
0901500010574,Cuauhtémoc,9879,5198,4681,336,151,0,116,151,9023,8736,7372,2827,10.07,3.4,1.67,0.0,1.29,1.73,28.62
090150001056A,Cuauhtémoc,6591,3466,3125,208,88,,67,87,6213,6039,5117,2055,10.21,3.16,1.42,,1.08,1.44,31.18
0901500010517,Cuauhtémoc,7157,3813,3344,182,72,0,56,71,6798,6562,5568,2048,10.39,2.54,1.06,0.0,0.82,1.08,28.62
0901500010521,Cuauhtémoc,7606,3995,3611,235,101,,78,101,6984,6760,5756,2071,10.64,3.09,1.45,,1.12,1.49,27.23
0901500010752,Cuauhtémoc,2274,1146,1128,261,120,0,105,120,2128,2062,1789,1046,10.53,11.48,5.64,0.0,4.93,5.82,46.0
0901500010536,Cuauhtémoc,5978,3059,2919,230,112,0,91,112,5597,5384,4531,2139,9.88,3.85,2.0,0.0,1.63,2.08,35.78
0901500010540,Cuauhtémoc,7546,3961,3585,419,205,0,169,203,7103,6876,5606,3661,9.02,5.55,2.89,0.0,2.38,2.95,48.52
0901500010659,Cuauhtémoc,4859,2509,2350,220,95,0,88,94,4575,4428,3695,2165,9.02,4.53,2.08,0.0,1.92,2.12,44.56
0901500010339,Cuauhtémoc,4471,2299,2172,39,18,0,18,18,4223,4074,3413,2227,9.37,0.87,0.43,0.0,0.43,0.44,49.81
0901500010095,Cuauhtémoc,3804,2051,1753,37,16,0,13,16,3535,3450,2962,1192,10.92,0.97,0.45,0.0,0.37,0.46,31.34
0901500010131,Cuauhtémoc,3119,1636,1483,66,26,0,25,26,2914,2802,2252,1174,10.05,2.12,0.89,0.0,0.86,0.93,37.64
0901500010150,Cuauhtémoc,1696,893,803,39,16,0,7,16,1576,1524,1301,488,10.7,2.3,1.02,0.0,0.44,1.05,28.77
0901500010112,Cuauhtémoc,2498,1319,1179,28,17,0,13,17,2325,2272,1974,852,10.43,1.12,0.73,0.0,0.56,0.75,34.11
0901500010108,Cuauhtémoc,3550,1890,1660,18,12,0,7,12,3306,3197,2688,1009,11.0,0.51,0.36,0.0,0.21,0.38,28.42
0901500010146,Cuauhtémoc,1297,714,583,5,5,0,4,5,1181,1154,996,358,11.64,0.39,0.42,0.0,0.34,0.43,27.6
0901500010324,Cuauhtémoc,769,394,375,9,6,0,,6,675,661,580,189,12.88,1.17,0.89,0.0,,0.91,24.58
090150001031A,Cuauhtémoc,1405,763,642,42,19,0,15,19,1293,1273,1107,359,12.35,2.99,1.47,0.0,1.16,1.49,25.55
0901500010451,Cuauhtémoc,568,299,269,8,6,0,5,6,498,492,423,137,12.8,1.41,1.2,0.0,1.0,1.22,24.12
0901500010432,Cuauhtémoc,3596,1852,1744,7,27,0,27,27,3445,3363,2866,93,15.12,0.19,0.78,0.0,0.78,0.8,2.59
0901500010288,Cuauhtémoc,277,141,136,,,0,,,259,252,226,57,13.05,,,0.0,,,20.58
0901500010292,Cuauhtémoc,1635,886,749,30,12,0,12,12,1531,1490,1311,376,12.29,1.83,0.78,0.0,0.78,0.81,23.0
0901500010305,Cuauhtémoc,1478,793,685,32,20,0,11,20,1358,1322,1192,336,12.83,2.17,1.47,0.0,0.81,1.51,22.73
0901500010447,Cuauhtémoc,1450,794,656,23,15,0,14,15,1336,1307,1175,364,12.55,1.59,1.12,0.0,1.05,1.15,25.1
0901500010428,Cuauhtémoc,1761,969,792,25,10,0,8,10,1633,1607,1437,351,12.67,1.42,0.61,0.0,0.49,0.62,19.93
0901500010409,Cuauhtémoc,1459,777,682,5,7,0,3,7,1301,1272,1127,308,13.14,0.34,0.54,0.0,0.23,0.55,21.11
0901500010269,Cuauhtémoc,1303,703,600,21,14,0,6,14,1160,1143,1020,253,13.13,1.61,1.21,0.0,0.52,1.22,19.42
0901500010396,Cuauhtémoc,434,250,184,4,,0,,,404,397,340,107,12.38,0.92,,0.0,,,24.65
0901500010254,Cuauhtémoc,244,139,105,5,3,0,0,3,223,219,190,26,12.13,2.05,1.35,0.0,0.0,1.37,10.66
0901500010381,Cuauhtémoc,1289,667,622,9,3,0,0,3,1174,1152,1020,267,13.11,0.7,0.26,0.0,0.0,0.26,20.71
090150001024A,Cuauhtémoc,1154,639,515,18,9,0,4,9,1052,1024,922,225,13.16,1.56,0.86,0.0,0.38,0.88,19.5
0901500010201,Cuauhtémoc,1527,817,710,24,11,0,6,11,1447,1416,1264,292,12.45,1.57,0.76,0.0,0.41,0.78,19.12
0901500010216,Cuauhtémoc,1441,762,679,30,18,0,11,18,1353,1324,1181,303,12.91,2.08,1.33,0.0,0.81,1.36,21.03
0901500010220,Cuauhtémoc,818,438,380,14,6,0,3,6,779,759,665,146,12.66,1.71,0.77,0.0,0.39,0.79,17.85
0901500010235,Cuauhtémoc,1365,750,615,18,13,0,9,13,1294,1274,1113,322,12.5,1.32,1.0,0.0,0.7,1.02,23.59
0901500010377,Cuauhtémoc,1105,602,503,11,6,0,4,6,1025,1005,902,225,12.46,1.0,0.59,0.0,0.39,0.6,20.36
0901500010362,Cuauhtémoc,1436,764,672,20,9,0,4,9,1330,1303,1130,323,12.85,1.39,0.68,0.0,0.3,0.69,22.49
0901500011322,Cuauhtémoc,1488,789,699,27,19,0,19,19,1306,1292,1201,373,14.48,1.81,1.45,0.0,1.45,1.47,25.07
0901500011356,Cuauhtémoc,3176,1668,1508,56,43,0,31,43,2964,2923,2675,942,13.4,1.76,1.45,0.0,1.05,1.47,29.66
0901500011197,Cuauhtémoc,1678,856,822,12,15,0,10,15,1269,1251,1174,322,14.47,0.72,1.18,0.0,0.79,1.2,19.19
0901500011214,Cuauhtémoc,2636,1373,1263,101,54,0,47,54,2523,2467,2232,795,13.53,3.83,2.14,0.0,1.86,2.19,30.16
0901500011360,Cuauhtémoc,1830,973,857,37,16,0,10,16,1699,1665,1522,573,13.27,2.02,0.94,0.0,0.59,0.96,31.31
0901500011002,Cuauhtémoc,2936,1553,1383,123,64,,57,64,2804,2753,2510,815,13.55,4.19,2.28,,2.03,2.32,27.76
0901500011286,Cuauhtémoc,1483,789,694,26,17,0,10,16,1407,1376,1224,470,11.73,1.75,1.21,0.0,0.71,1.16,31.69
0901500011407,Cuauhtémoc,2388,1316,1072,83,30,0,23,30,2257,2209,1929,847,11.07,3.48,1.33,0.0,1.02,1.36,35.47
0901500011252,Cuauhtémoc,5598,2977,2621,143,66,0,54,66,5378,5229,4511,1988,10.63,2.55,1.23,0.0,1.0,1.26,35.51
0901500011248,Cuauhtémoc,6183,3305,2878,95,51,0,32,51,5839,5679,4872,2097,10.48,1.54,0.87,0.0,0.55,0.9,33.92
0901500011267,Cuauhtémoc,3811,2027,1784,75,43,0,33,43,3622,3541,3045,1400,10.6,1.97,1.19,0.0,0.91,1.21,36.74
0901500011159,Cuauhtémoc,4504,2379,2125,154,74,0,61,74,4312,4196,3630,1695,10.9,3.42,1.72,0.0,1.41,1.76,37.63
0901500011144,Cuauhtémoc,7359,3901,3458,188,71,0,39,71,6779,6607,5667,2790,10.22,2.55,1.05,0.0,0.58,1.07,37.91
0901500011549,Cuauhtémoc,2952,1595,1357,54,25,0,23,25,2759,2698,2425,748,12.56,1.83,0.91,0.0,0.83,0.93,25.34
0901500011055,Cuauhtémoc,2026,1074,952,36,19,0,16,19,1874,1824,1567,658,10.99,1.78,1.01,0.0,0.85,1.04,32.48
0901500010964,Cuauhtémoc,3446,1807,1639,133,55,,51,54,3240,3136,2605,1438,9.95,3.86,1.7,,1.57,1.72,41.73
090150001088A,Cuauhtémoc,2228,1167,1061,72,35,0,28,35,2116,2073,1828,946,10.92,3.23,1.65,0.0,1.32,1.69,42.46
0901500010979,Cuauhtémoc,2365,1207,1158,152,74,0,70,74,2212,2137,1819,1287,9.32,6.43,3.35,0.0,3.16,3.46,54.42
0901500010907,Cuauhtémoc,2218,1149,1069,395,191,,187,189,2082,2020,1632,1106,9.3,17.81,9.17,,8.98,9.36,49.86
0901500010894,Cuauhtémoc,2645,1412,1233,145,80,,71,80,2497,2432,2073,1193,10.36,5.48,3.2,,2.84,3.29,45.1
0901500010818,Cuauhtémoc,249,126,123,19,9,0,7,9,218,212,184,71,10.1,7.63,4.13,0.0,3.21,4.25,28.51
0901500010767,Cuauhtémoc,237,105,132,11,9,0,7,9,224,221,200,67,11.89,4.64,4.02,0.0,3.12,4.07,28.27
0901500010771,Cuauhtémoc,1154,583,571,200,59,0,50,59,1094,1042,823,556,8.64,17.33,5.39,0.0,4.57,5.66,48.18
0901500011430,Cuauhtémoc,1102,603,499,13,8,0,4,8,1016,1005,942,257,13.98,1.18,0.79,0.0,0.39,0.8,23.32
090150001145A,Cuauhtémoc,3076,1691,1385,41,28,0,21,28,2796,2740,2488,818,13.44,1.33,1.0,0.0,0.75,1.02,26.59
0901500011426,Cuauhtémoc,1472,752,720,24,16,0,13,16,1314,1299,1215,368,14.19,1.63,1.22,0.0,0.99,1.23,25.0
0901500011318,Cuauhtémoc,2916,1575,1341,34,33,0,27,33,2626,2586,2394,751,14.08,1.17,1.26,0.0,1.03,1.28,25.75
0901500011341,Cuauhtémoc,4138,2141,1997,58,40,0,30,40,3688,3620,3373,921,14.48,1.4,1.08,0.0,0.81,1.1,22.26
0901500011337,Cuauhtémoc,1855,981,874,16,14,,9,14,1623,1601,1465,496,14.23,0.86,0.86,,0.55,0.87,26.74
0901500011017,Cuauhtémoc,5041,2650,2391,141,88,0,77,88,4671,4573,4098,1424,12.91,2.8,1.88,0.0,1.65,1.92,28.25
0901500010860,Cuauhtémoc,1958,991,967,215,132,4,126,130,1878,1815,1577,811,11.2,10.98,7.03,0.21,6.71,7.16,41.42
0901500011534,Cuauhtémoc,3036,1595,1441,45,21,0,16,20,2871,2797,2406,807,11.8,1.48,0.73,0.0,0.56,0.72,26.58
0901500011040,Cuauhtémoc,4347,2323,2024,73,36,0,28,36,4058,3945,3346,1471,10.65,1.68,0.89,0.0,0.69,0.91,33.84
0901500010856,Cuauhtémoc,3125,1627,1498,168,92,0,76,91,2950,2897,2582,1239,12.49,5.38,3.12,0.0,2.58,3.14,39.65
0901500010875,Cuauhtémoc,8210,4268,3942,405,215,0,188,214,7641,7402,6249,2916,10.94,4.93,2.81,0.0,2.46,2.89,35.52
0901500011290,Cuauhtémoc,5307,2769,2538,113,42,0,34,42,5013,4892,4207,1569,10.28,2.13,0.84,0.0,0.68,0.86,29.56
0901500011483,Cuauhtémoc,5041,2651,2390,139,68,0,36,67,4730,4562,3807,1645,10.06,2.76,1.44,0.0,0.76,1.47,32.63
0901500011233,Cuauhtémoc,9044,4777,4267,172,67,,53,66,8500,8183,6891,2741,10.72,1.9,0.79,,0.62,0.81,30.31
0901500011110,Cuauhtémoc,5904,3167,2737,332,206,0,162,204,5690,5576,4945,1884,13.03,5.62,3.62,0.0,2.85,3.66,31.91
0901500011106,Cuauhtémoc,2127,1072,1055,354,206,6,193,204,2016,1968,1720,801,12.25,16.64,10.22,0.3,9.57,10.37,37.66
0901600010618,Miguel Hidalgo,471,318,153,0,4,0,3,4,471,471,470,,13.62,0.0,0.85,0.0,0.64,0.85,
0901600010622,Miguel Hidalgo,4691,2604,2087,21,48,0,39,48,4085,3944,3379,1191,12.49,0.45,1.18,0.0,0.95,1.22,25.39
0901600010660,Miguel Hidalgo,4114,2203,1911,26,28,0,24,28,3170,3088,2831,740,13.77,0.63,0.88,0.0,0.76,0.91,17.99
090160001068A,Miguel Hidalgo,2346,1252,1094,26,17,0,13,17,1751,1714,1612,405,14.12,1.11,0.97,0.0,0.74,0.99,17.26
0901600010478,Miguel Hidalgo,3347,1712,1635,20,15,0,9,15,2993,2851,2585,387,15.61,0.6,0.5,0.0,0.3,0.53,11.56
0901600010586,Miguel Hidalgo,101,50,51,6,4,0,4,4,97,96,90,18,15.8,5.94,4.12,0.0,4.12,4.17,17.82
0901600010571,Miguel Hidalgo,1924,1063,861,16,10,0,4,10,1764,1728,1607,428,14.2,0.83,0.57,0.0,0.23,0.58,22.25
0901600011245,Miguel Hidalgo,370,230,140,0,6,0,6,6,276,265,237,53,13.62,0.0,2.17,0.0,2.17,2.26,14.32
0901600011279,Miguel Hidalgo,2196,1340,856,,64,0,53,63,1770,1744,1639,514,12.81,,3.62,0.0,2.99,3.61,23.41
0901600010497,Miguel Hidalgo,8866,4681,4185,201,104,0,86,102,8385,8118,6745,2317,10.17,2.27,1.24,0.0,1.03,1.26,26.13
0901600010590,Miguel Hidalgo,696,395,301,7,8,0,8,8,642,626,546,143,13.23,1.01,1.25,0.0,1.25,1.28,20.55
090160001132A,Miguel Hidalgo,2669,1423,1246,35,20,0,13,20,2526,2460,2132,674,10.38,1.31,0.79,0.0,0.51,0.81,25.25
0901600010641,Miguel Hidalgo,1835,996,839,15,24,0,21,24,1452,1420,1259,389,13.68,0.82,1.65,0.0,1.45,1.69,21.2
0901600010694,Miguel Hidalgo,1083,594,489,12,16,0,9,16,803,786,718,232,14.45,1.11,1.99,0.0,1.12,2.04,21.42
0901600010463,Miguel Hidalgo,3524,1852,1672,31,16,0,10,16,3362,3233,2722,1023,10.33,0.88,0.48,0.0,0.3,0.49,29.03
0901600010317,Miguel Hidalgo,1953,1080,873,14,8,0,6,7,1859,1826,1670,387,13.37,0.72,0.43,0.0,0.32,0.38,19.82
0901600010143,Miguel Hidalgo,5683,2975,2708,151,75,0,49,75,5325,5162,4346,1448,10.78,2.66,1.41,0.0,0.92,1.45,25.48
090160001011A,Miguel Hidalgo,4736,2486,2250,79,36,,26,36,4411,4293,3672,1112,10.8,1.67,0.82,,0.59,0.84,23.48
0901600010425,Miguel Hidalgo,2552,1424,1128,9,6,0,4,5,2410,2347,2101,471,13.44,0.35,0.25,0.0,0.17,0.21,18.46
0901600010035,Miguel Hidalgo,0,0,0,0,0,0,0,0,0,0,0,0,0.0,,,,,,
0901600010209,Miguel Hidalgo,1353,737,616,20,17,0,12,17,1257,1240,1116,270,13.58,1.48,1.35,0.0,0.95,1.37,19.96
0901600010177,Miguel Hidalgo,7181,3850,3331,144,70,,60,70,6843,6681,5888,2029,11.64,2.01,1.02,,0.88,1.05,28.26
0901600010637,Miguel Hidalgo,3398,1877,1521,25,25,0,15,25,2505,2415,2067,617,12.5,0.74,1.0,0.0,0.6,1.04,18.16
0901600010675,Miguel Hidalgo,2485,1360,1125,39,34,0,31,34,2155,2110,1960,483,14.27,1.57,1.58,0.0,1.44,1.61,19.44
0901600010552,Miguel Hidalgo,188,151,37,0,0,0,0,0,188,188,188,0,9.99,0.0,0.0,0.0,0.0,0.0,0.0
0901600011353,Miguel Hidalgo,1674,871,803,31,8,0,7,8,1516,1446,1011,9,13.93,1.85,0.53,0.0,0.46,0.55,0.54
0901600011103,Miguel Hidalgo,3505,1855,1650,67,36,0,34,34,3047,2959,2469,1320,9.53,1.91,1.18,0.0,1.12,1.15,37.66
0901600010923,Miguel Hidalgo,1515,881,634,7,31,0,25,31,1247,1224,1103,287,12.96,0.46,2.49,0.0,2.0,2.53,18.94
0901600010919,Miguel Hidalgo,812,488,324,14,21,0,20,21,713,702,623,188,12.82,1.72,2.95,0.0,2.81,2.99,23.15
0901600011160,Miguel Hidalgo,6974,3826,3148,120,71,0,57,70,6652,6482,5785,1701,12.68,1.72,1.07,0.0,0.86,1.08,24.39
0901600011014,Miguel Hidalgo,234,135,99,6,4,0,,4,204,199,178,46,13.85,2.56,1.96,0.0,,2.01,19.66
0901600011118,Miguel Hidalgo,6149,3182,2967,59,25,0,19,25,5478,5311,4508,1756,9.93,0.96,0.46,0.0,0.35,0.47,28.56
0901600011230,Miguel Hidalgo,678,393,285,0,13,0,13,13,601,589,513,162,13.43,0.0,2.16,0.0,2.16,2.21,23.89
0901600010872,Miguel Hidalgo,1440,846,594,7,25,0,23,25,1259,1243,1140,372,13.39,0.49,1.99,0.0,1.83,2.01,25.83
0901600010887,Miguel Hidalgo,249,141,108,0,3,0,3,3,199,196,172,48,13.57,0.0,1.51,0.0,1.51,1.53,19.28
0901600011175,Miguel Hidalgo,1619,867,752,37,28,0,21,28,1560,1538,1376,540,12.44,2.29,1.79,0.0,1.35,1.82,33.35
0901600010548,Miguel Hidalgo,2105,1175,930,11,20,0,17,20,1914,1882,1692,274,14.31,0.52,1.04,0.0,0.89,1.06,13.02
0901600010124,Miguel Hidalgo,4873,2545,2328,119,55,0,42,55,4569,4452,3805,1398,10.81,2.44,1.2,0.0,0.92,1.24,28.69
0901600010251,Miguel Hidalgo,8420,4400,4020,197,85,0,78,85,7822,7540,6307,1944,10.45,2.34,1.09,0.0,1.0,1.13,23.09
0901600010393,Miguel Hidalgo,10936,5827,5109,210,79,0,67,78,10175,9902,8559,2437,11.17,1.92,0.78,0.0,0.66,0.79,22.28
0901600010707,Miguel Hidalgo,1935,1047,888,14,11,0,9,11,1616,1585,1460,406,13.72,0.72,0.68,0.0,0.56,0.69,20.98
0901600010976,Miguel Hidalgo,101,57,44,,,0,,,94,94,83,26,13.48,,,0.0,,,25.74
0901600011029,Miguel Hidalgo,2340,1231,1109,11,21,0,17,21,2216,2193,2009,501,13.65,0.47,0.95,0.0,0.77,0.96,21.41
0901600011211,Miguel Hidalgo,5038,2718,2320,57,28,0,24,28,4761,4660,4130,1317,12.29,1.13,0.59,0.0,0.5,0.6,26.14
0901600010730,Miguel Hidalgo,3078,1689,1389,40,45,0,35,44,2441,2372,2118,578,13.93,1.3,1.84,0.0,1.43,1.85,18.78
0901600011090,Miguel Hidalgo,3881,2015,1866,26,9,0,4,9,3667,3579,3074,1149,10.27,0.67,0.25,0.0,0.11,0.25,29.61
0901600011283,Miguel Hidalgo,1977,1142,835,22,36,0,27,36,1470,1447,1287,384,12.0,1.11,2.45,0.0,1.84,2.49,19.42
0901600010783,Miguel Hidalgo,3229,1752,1477,,30,0,26,30,1675,1635,1514,313,13.72,,1.79,0.0,1.55,1.83,9.69
0901600010711,Miguel Hidalgo,2906,1526,1380,30,25,0,23,25,1866,1839,1699,527,13.96,1.03,1.34,0.0,1.23,1.36,18.13
090160001050A,Miguel Hidalgo,4828,2539,2289,65,26,,21,26,4577,4441,3775,1354,10.44,1.35,0.57,,0.46,0.59,28.04
0901600010088,Miguel Hidalgo,131,61,70,5,,0,0,,130,130,117,20,12.94,3.82,,0.0,0.0,,15.27
0901600011071,Miguel Hidalgo,0,0,0,0,0,0,0,0,0,0,0,0,0.0,,,,,,
0901600011086,Miguel Hidalgo,1,0,,0,0,0,0,0,,,,0,0.0,0.0,,,,,0.0
0901600011207,Miguel Hidalgo,7668,4125,3543,125,67,0,48,65,7217,7057,6264,2186,12.49,1.63,0.93,0.0,0.67,0.92,28.51
0901600010957,Miguel Hidalgo,134,72,62,6,6,0,5,6,106,104,96,42,13.37,4.48,5.66,0.0,4.72,5.77,31.34
0901600010942,Miguel Hidalgo,958,562,396,17,35,0,25,35,856,838,753,199,8.83,1.77,4.09,0.0,2.92,4.18,20.77
090160001100A,Miguel Hidalgo,19,11,8,,4,0,4,4,19,19,18,12,11.56,,21.05,0.0,21.05,21.05,63.16
090160001082A,Miguel Hidalgo,2146,1131,1015,98,42,0,24,42,2026,1969,1709,531,10.99,4.57,2.07,0.0,1.18,2.13,24.74
0901600011048,Miguel Hidalgo,1106,647,459,3,37,0,35,37,923,901,794,384,12.79,0.27,4.01,0.0,3.79,4.11,34.72
090160001125A,Miguel Hidalgo,1541,899,642,0,19,0,17,19,1322,1291,1170,340,12.84,0.0,1.44,0.0,1.29,1.47,22.06
0901600010834,Miguel Hidalgo,306,174,132,8,9,0,7,9,237,231,194,40,14.39,2.61,3.8,0.0,2.95,3.9,13.07
0901600010302,Miguel Hidalgo,0,0,0,0,0,0,0,0,0,0,0,0,0.0,,,,,,
0901600011368,Miguel Hidalgo,1524,708,816,22,17,0,14,17,1372,1332,981,16,13.82,1.44,1.24,0.0,1.02,1.28,1.05
0901600010374,Miguel Hidalgo,5503,2929,2574,279,133,0,109,132,5158,4978,4113,1669,9.76,5.07,2.58,0.0,2.11,2.65,30.33
0901600010764,Miguel Hidalgo,411,215,196,3,,0,,,210,204,194,39,15.0,0.73,,0.0,,,9.49
0901600010232,Miguel Hidalgo,38,14,24,0,,0,,,36,35,35,6,12.23,0.0,,0.0,,,15.79
0901600010162,Miguel Hidalgo,4618,2402,2216,107,62,0,45,61,4272,4147,3613,1208,11.32,2.32,1.45,0.0,1.05,1.47,26.16
0901600010196,Miguel Hidalgo,62,5,57,0,0,0,0,0,62,62,62,0,13.63,0.0,0.0,0.0,0.0,0.0,0.0
0901600010016,Miguel Hidalgo,0,0,0,0,0,0,0,0,0,0,0,0,0.0,,,,,,
0901600010228,Miguel Hidalgo,0,0,0,0,0,0,0,0,0,0,0,0,0.0,,,,,,
090160001004A,Miguel Hidalgo,7302,3792,3510,77,44,,33,44,6861,6621,5543,2185,10.44,1.05,0.64,,0.48,0.66,29.92
090160001043A,Miguel Hidalgo,1716,943,773,11,7,0,6,7,1612,1587,1440,327,13.19,0.64,0.43,0.0,0.37,0.44,19.06
0901600010745,Miguel Hidalgo,2734,1510,1224,30,42,0,34,42,2138,2083,1854,630,13.34,1.1,1.96,0.0,1.59,2.02,23.04
090160001075A,Miguel Hidalgo,764,430,334,4,16,0,15,16,524,511,473,145,13.95,0.52,3.05,0.0,2.86,3.13,18.98
0901600011334,Miguel Hidalgo,3317,1735,1582,61,26,0,21,26,3046,2953,2519,804,10.64,1.84,0.85,0.0,0.69,0.88,24.24
0901600010285,Miguel Hidalgo,6486,3472,3014,89,60,0,43,59,6217,6053,5128,1560,11.63,1.37,0.97,0.0,0.69,0.97,24.05
090160001029A,Miguel Hidalgo,9024,4814,4210,235,107,0,85,105,8547,8284,7194,2113,12.47,2.6,1.25,0.0,0.99,1.27,23.42
0901600010105,Miguel Hidalgo,5774,3082,2692,213,95,0,76,94,5515,5356,4563,1361,10.45,3.69,1.72,0.0,1.38,1.76,23.57
0901600010321,Miguel Hidalgo,2080,1163,917,34,14,0,14,14,1972,1934,1734,424,13.37,1.63,0.71,0.0,0.71,0.72,20.38
0901600010336,Miguel Hidalgo,984,552,432,15,7,0,6,7,935,922,851,216,13.32,1.52,0.75,0.0,0.64,0.76,21.95
0901600010340,Miguel Hidalgo,1027,555,472,6,4,0,,3,941,919,812,222,11.67,0.58,0.43,0.0,,0.33,21.62
0901600010656,Miguel Hidalgo,3400,1851,1549,22,39,0,35,39,2345,2298,2096,655,13.96,0.65,1.66,0.0,1.49,1.7,19.26
0901600010444,Miguel Hidalgo,3252,1676,1576,16,20,0,16,20,3098,3026,2752,542,14.63,0.49,0.65,0.0,0.52,0.66,16.67
0901600010389,Miguel Hidalgo,4590,2441,2149,52,22,0,15,22,4212,4057,3377,1179,9.86,1.13,0.52,0.0,0.36,0.54,25.69
0901600010459,Miguel Hidalgo,3396,1723,1673,57,25,0,24,25,3150,3067,2669,898,11.34,1.68,0.79,0.0,0.76,0.82,26.44
0901600010995,Miguel Hidalgo,1888,1082,806,14,19,0,19,19,1531,1500,1334,313,13.34,0.74,1.24,0.0,1.24,1.27,16.58
0901600011226,Miguel Hidalgo,5214,2778,2436,124,94,,70,92,4935,4832,4330,1324,13.69,2.38,1.9,,1.42,1.9,25.39
0901600011156,Miguel Hidalgo,7599,4007,3592,194,75,0,57,75,7225,7041,5920,1986,11.2,2.55,1.04,0.0,0.79,1.07,26.14
0901600011137,Miguel Hidalgo,3740,1974,1766,54,36,0,23,35,3543,3472,3071,1012,11.67,1.44,1.02,0.0,0.65,1.01,27.06
0901600010603,Miguel Hidalgo,2360,1273,1087,46,34,0,25,34,2188,2157,1926,589,13.09,1.95,1.55,0.0,1.14,1.58,24.96
0901600010482,Miguel Hidalgo,4421,2349,2072,68,45,0,25,44,4184,4067,3474,1030,11.51,1.54,1.08,0.0,0.6,1.08,23.3
0901600010181,Miguel Hidalgo,8376,4450,3926,168,84,0,64,84,7772,7604,6621,1857,12.71,2.01,1.08,0.0,0.82,1.1,22.17
090160001036A,Miguel Hidalgo,3276,1727,1549,39,12,0,9,12,2933,2866,2424,943,9.89,1.19,0.41,0.0,0.31,0.42,28.79
0901600010779,Miguel Hidalgo,1467,800,667,9,15,0,7,15,1022,994,922,251,13.73,0.61,1.47,0.0,0.68,1.51,17.11
0901600011349,Miguel Hidalgo,6342,3340,3002,70,24,0,16,24,6019,5849,4950,1729,9.76,1.1,0.4,0.0,0.27,0.41,27.26
0901600010270,Miguel Hidalgo,8389,4404,3985,130,63,0,35,62,7880,7672,6532,1825,10.76,1.55,0.8,0.0,0.44,0.81,21.75
0901600011298,Miguel Hidalgo,1766,1020,746,25,32,0,28,32,1600,1577,1426,408,12.78,1.42,2.0,0.0,1.75,2.03,23.1
0901600010213,Miguel Hidalgo,7871,4252,3619,111,68,0,57,68,7135,6944,6036,2065,11.54,1.41,0.95,0.0,0.8,0.98,26.24
0901600011194,Miguel Hidalgo,1426,769,657,60,20,0,17,20,1368,1337,1173,501,11.45,4.21,1.46,0.0,1.24,1.5,35.13
0901600011122,Miguel Hidalgo,2199,1168,1031,23,8,0,6,8,1919,1871,1573,674,9.27,1.05,0.42,0.0,0.31,0.43,30.65
0901600010073,Miguel Hidalgo,1718,911,807,24,22,0,15,22,1595,1549,1377,493,12.21,1.4,1.38,0.0,0.94,1.42,28.7
090160001118A,Miguel Hidalgo,7418,4027,3391,101,73,0,58,72,6990,6836,6141,1911,13.38,1.36,1.04,0.0,0.83,1.05,25.76
0901600010092,Miguel Hidalgo,6619,3393,3226,96,48,0,31,48,5797,5574,4738,878,13.87,1.45,0.83,0.0,0.53,0.86,13.26
0901600010410,Miguel Hidalgo,1635,938,697,24,24,0,16,24,1581,1561,1408,376,14.16,1.47,1.52,0.0,1.01,1.54,23.0
0901600010800,Miguel Hidalgo,1631,803,828,21,13,0,9,13,1522,1457,1076,148,12.65,1.29,0.85,0.0,0.59,0.89,9.07
0901600010904,Miguel Hidalgo,1308,720,588,16,13,0,9,13,1116,1093,983,272,13.22,1.22,1.16,0.0,0.81,1.19,20.8
0901600011033,Miguel Hidalgo,1106,647,459,3,7,0,4,7,920,911,843,207,12.68,0.27,0.76,0.0,0.43,0.77,18.72
0901600010853,Miguel Hidalgo,2301,1390,911,23,52,0,45,52,1962,1931,1781,391,12.96,1.0,2.65,0.0,2.29,2.69,16.99
0901600010868,Miguel Hidalgo,1388,821,567,4,25,0,22,25,1174,1149,1040,321,11.93,0.29,2.13,0.0,1.87,2.18,23.13
0901600010815,Miguel Hidalgo,2767,1569,1198,94,43,0,23,43,2395,2327,2010,772,10.64,3.4,1.8,0.0,0.96,1.85,27.9
0901600010514,Miguel Hidalgo,495,247,248,12,7,0,7,7,472,455,376,8,14.48,2.42,1.48,0.0,1.48,1.54,1.62
0901600010069,Miguel Hidalgo,4099,2221,1878,51,39,0,31,39,3908,3824,3379,967,12.77,1.24,1.0,0.0,0.79,1.02,23.59
0901600010938,Miguel Hidalgo,116,67,49,0,,0,,,96,95,84,31,13.87,0.0,,0.0,,,26.72
0901600010980,Miguel Hidalgo,770,455,315,0,15,0,14,14,640,621,547,181,13.51,0.0,2.34,0.0,2.19,2.25,23.51
0901600010961,Miguel Hidalgo,897,535,362,3,29,0,19,29,765,742,667,248,9.58,0.33,3.79,0.0,2.48,3.91,27.65
0901600011067,Miguel Hidalgo,724,433,291,12,47,0,27,47,577,564,501,171,8.34,1.66,8.15,0.0,4.68,8.33,23.62
0901600011052,Miguel Hidalgo,880,491,389,5,12,0,11,12,660,651,581,151,11.25,0.57,1.82,0.0,1.67,1.84,17.16
0901600011141,Miguel Hidalgo,3496,1886,1610,84,43,0,34,42,3281,3201,2785,940,11.32,2.4,1.31,0.0,1.04,1.31,26.89
0901600011315,Miguel Hidalgo,1622,836,786,23,10,0,6,10,1471,1436,1246,351,10.33,1.42,0.68,0.0,0.41,0.7,21.64
0901600010247,Miguel Hidalgo,9544,4998,4546,174,61,0,37,61,8884,8597,7234,2526,10.21,1.82,0.69,0.0,0.42,0.71,26.47
0901600010798,Miguel Hidalgo,253,147,106,,3,0,,3,252,252,228,68,13.27,,1.19,0.0,,1.19,26.88
0901600010891,Miguel Hidalgo,2133,1156,977,32,27,0,25,27,1923,1896,1744,572,13.48,1.5,1.4,0.0,1.3,1.42,26.82
0901600010849,Miguel Hidalgo,1030,572,458,13,27,0,27,27,918,903,818,230,14.11,1.26,2.94,0.0,2.94,2.99,22.33
0901600010139,Miguel Hidalgo,4839,2525,2314,64,21,0,17,21,4549,4408,3786,1328,11.13,1.32,0.46,0.0,0.37,0.48,27.44
0901600010158,Miguel Hidalgo,3405,1812,1593,166,75,0,58,74,3195,3100,2641,1160,10.92,4.88,2.35,0.0,1.82,2.39,34.07
0901600010533,Miguel Hidalgo,9,6,3,,,0,,,8,8,8,6,12.38,,,0.0,,,66.67
0901600010529,Miguel Hidalgo,0,0,0,0,0,0,0,0,0,0,0,0,0.0,,,,,,
0901600011300,Miguel Hidalgo,5945,3355,2590,33,146,0,137,146,5008,4906,4244,1158,13.47,0.56,2.92,0.0,2.74,2.98,19.48
0901600011264,Miguel Hidalgo,1284,734,550,11,37,0,27,37,1171,1159,1050,263,12.45,0.86,3.16,0.0,2.31,3.19,20.48
0901600010054,Miguel Hidalgo,4764,2550,2214,92,47,0,38,47,4155,4040,3486,1157,11.69,1.93,1.13,0.0,0.91,1.16,24.29
0901600010020,Miguel Hidalgo,2089,1089,1000,111,48,0,41,48,1951,1883,1510,695,9.67,5.31,2.46,0.0,2.1,2.55,33.27
090170001144A,Venustiano Carranza,5541,2959,2582,84,44,0,37,44,5039,4907,4178,1417,12.39,1.52,0.87,0.0,0.73,0.9,25.57
0901700011257,Venustiano Carranza,2765,1423,1342,36,18,0,16,17,2660,2607,2295,732,12.8,1.3,0.68,0.0,0.6,0.65,26.47
0901700011276,Venustiano Carranza,2489,1308,1181,82,38,0,35,38,2368,2312,1988,900,10.41,3.29,1.6,0.0,1.48,1.64,36.16
0901700010846,Venustiano Carranza,3165,1672,1493,73,32,0,25,32,2960,2865,2412,1012,9.61,2.31,1.08,0.0,0.84,1.12,31.97
0901700010282,Venustiano Carranza,3170,1605,1565,41,19,0,10,19,3081,2995,2567,1033,9.73,1.29,0.62,0.0,0.32,0.63,32.59
0901700010297,Venustiano Carranza,3764,1948,1816,107,45,0,34,45,3615,3501,2920,1271,9.7,2.84,1.24,0.0,0.94,1.29,33.77
0901700010418,Venustiano Carranza,2671,1378,1293,52,26,0,21,25,2487,2403,2012,760,9.93,1.95,1.05,0.0,0.84,1.04,28.45
0901700011223,Venustiano Carranza,3353,1791,1562,92,49,0,40,49,3170,3080,2639,1189,10.98,2.74,1.55,0.0,1.26,1.59,35.46
0901700011238,Venustiano Carranza,3034,1576,1458,38,19,0,17,19,2842,2772,2352,921,10.78,1.25,0.67,0.0,0.6,0.69,30.36
0901700010827,Venustiano Carranza,4361,2197,2164,127,61,12,45,56,4116,3969,3229,1703,9.61,2.91,1.48,0.29,1.09,1.41,39.05
0901700010140,Venustiano Carranza,0,0,0,0,0,0,0,0,0,0,0,0,0.0,,,,,,
0901700011524,Venustiano Carranza,4647,2411,2236,104,45,0,33,44,4359,4226,3479,1527,9.81,2.24,1.03,0.0,0.76,1.04,32.86
0901700010865,Venustiano Carranza,4831,2509,2322,209,117,0,100,116,4548,4361,3551,1850,9.35,4.33,2.57,0.0,2.2,2.66,38.29
0901700011346,Venustiano Carranza,1420,762,658,6,9,0,8,9,1185,1153,1018,347,12.56,0.42,0.76,0.0,0.68,0.78,24.44
0901700011435,Venustiano Carranza,0,0,0,0,0,0,0,0,0,0,0,0,0.0,,,,,,
0901700011365,Venustiano Carranza,1354,738,616,15,9,0,9,9,1201,1181,1044,394,12.76,1.11,0.75,0.0,0.75,0.76,29.1
0901700011454,Venustiano Carranza,1691,947,744,17,9,0,8,9,1500,1465,1324,391,12.78,1.01,0.6,0.0,0.53,0.61,23.12
0901700010136,Venustiano Carranza,12,7,5,0,0,0,0,0,10,8,5,6,7.8,0.0,0.0,0.0,0.0,0.0,50.0
0901700011420,Venustiano Carranza,697,366,331,4,3,0,,3,664,649,520,221,9.5,0.57,0.45,0.0,,0.46,31.71
0901700010634,Venustiano Carranza,3670,1949,1721,76,43,0,35,43,3435,3337,2882,1225,11.01,2.07,1.25,0.0,1.02,1.29,33.38
090170001062A,Venustiano Carranza,1852,1009,843,45,21,0,19,21,1720,1681,1421,674,11.26,2.43,1.22,0.0,1.1,1.25,36.39
0901700010598,Venustiano Carranza,0,0,0,0,0,0,0,0,0,0,0,0,0.0,,,,,,
0901700010511,Venustiano Carranza,9,0,9,0,0,0,0,0,9,9,9,0,0.0,0.0,0.0,0.0,0.0,0.0,0.0
0901700010102,Venustiano Carranza,2790,1463,1327,39,18,0,17,18,2572,2499,2117,1177,10.19,1.4,0.7,0.0,0.66,0.72,42.19
0901700011469,Venustiano Carranza,1413,743,670,69,29,0,25,29,1268,1209,960,460,9.04,4.88,2.29,0.0,1.97,2.4,32.55
0901700010371,Venustiano Carranza,7041,3667,3374,99,42,0,34,41,6647,6419,5294,3035,9.25,1.41,0.63,0.0,0.51,0.64,43.1
0901700010920,Venustiano Carranza,207,119,88,3,,0,,,190,187,167,75,11.73,1.45,,0.0,,,36.23
0901700010935,Venustiano Carranza,3112,1727,1385,53,24,0,20,24,2835,2790,2491,838,12.24,1.7,0.85,0.0,0.71,0.86,26.93
0901700011079,Venustiano Carranza,2442,1330,1112,32,18,0,18,18,2119,2071,1870,662,12.51,1.31,0.85,0.0,0.85,0.87,27.11
0901700010278,Venustiano Carranza,2230,1179,1051,,4,0,0,4,2139,2055,1756,886,10.46,,0.19,0.0,0.0,0.19,39.73
0901700010403,Venustiano Carranza,2434,1305,1129,58,29,0,27,29,2248,2184,1846,539,10.43,2.38,1.29,0.0,1.2,1.33,22.14
0901700010526,Venustiano Carranza,4849,2574,2275,114,56,0,47,56,4518,4386,3690,1355,11.33,2.35,1.24,0.0,1.04,1.28,27.94
0901700010441,Venustiano Carranza,2512,1326,1186,55,25,0,22,25,2348,2255,1838,635,11.92,2.19,1.06,0.0,0.94,1.11,25.28
0901700010367,Venustiano Carranza,5614,2991,2623,178,59,0,48,59,5301,5121,4233,2409,9.37,3.17,1.11,0.0,0.91,1.15,42.91
0901700010761,Venustiano Carranza,1271,677,594,18,11,0,11,11,1131,1104,958,396,12.62,1.42,0.97,0.0,0.97,1.0,31.16
0901700010615,Venustiano Carranza,1642,898,744,13,11,0,11,11,1514,1486,1334,444,12.75,0.79,0.73,0.0,0.73,0.74,27.04
0901700011505,Venustiano Carranza,2741,1431,1310,56,28,0,22,28,2568,2512,2095,597,11.6,2.04,1.09,0.0,0.86,1.11,21.78
0901700010329,Venustiano Carranza,3779,1968,1811,52,26,0,25,26,3501,3403,2844,1320,10.3,1.38,0.74,0.0,0.71,0.76,34.93
0901700010117,Venustiano Carranza,2991,1559,1432,39,11,0,9,11,2732,2646,2289,869,10.39,1.3,0.4,0.0,0.33,0.42,29.05
0901700010085,Venustiano Carranza,3038,1610,1428,51,18,0,11,18,2792,2708,2295,815,10.3,1.68,0.64,0.0,0.39,0.66,26.83
0901700010070,Venustiano Carranza,2672,1438,1234,30,17,0,12,17,2581,2522,2210,609,10.12,1.12,0.66,0.0,0.46,0.67,22.79
0901700011492,Venustiano Carranza,1013,536,477,63,24,0,23,24,916,882,688,464,8.62,6.22,2.62,0.0,2.51,2.72,45.8
0901700011488,Venustiano Carranza,1257,672,585,45,21,,18,21,1165,1108,887,497,9.06,3.58,1.8,,1.55,1.9,39.54
0901700011026,Venustiano Carranza,2938,1585,1353,39,24,0,14,24,2791,2724,2356,854,11.14,1.33,0.86,0.0,0.5,0.88,29.07
0901700011011,Venustiano Carranza,3068,1626,1442,46,14,0,10,14,2839,2750,2361,869,11.23,1.5,0.49,0.0,0.35,0.51,28.32
0901700011187,Venustiano Carranza,2468,1363,1105,74,36,0,30,36,2320,2279,1961,818,10.88,3.0,1.55,0.0,1.29,1.58,33.14
0901700011007,Venustiano Carranza,2046,1095,951,58,25,0,16,25,1862,1799,1473,742,10.6,2.83,1.34,0.0,0.86,1.39,36.27
0901700010668,Venustiano Carranza,2650,1384,1266,38,17,0,15,17,2472,2408,2054,817,11.01,1.43,0.69,0.0,0.61,0.71,30.83
0901700010954,Venustiano Carranza,986,553,433,4,7,0,5,7,828,816,741,279,12.91,0.41,0.85,0.0,0.6,0.86,28.3
0901700010742,Venustiano Carranza,1826,971,855,16,8,0,4,8,1629,1602,1404,405,12.42,0.88,0.49,0.0,0.25,0.5,22.18
0901700010973,Venustiano Carranza,1040,560,480,20,10,0,6,10,956,939,844,328,12.83,1.92,1.05,0.0,0.63,1.06,31.54
0901700010992,Venustiano Carranza,825,441,384,16,11,0,11,11,776,769,665,227,12.18,1.94,1.42,0.0,1.42,1.43,27.52
0901700010969,Venustiano Carranza,529,289,240,0,,0,,,468,460,412,185,12.85,0.0,,0.0,,,34.97
0901700010757,Venustiano Carranza,758,420,338,17,10,0,7,10,668,657,591,186,13.21,2.24,1.5,0.0,1.05,1.52,24.54
0901700010456,Venustiano Carranza,3170,1662,1508,65,34,0,27,34,3072,2995,2546,991,10.86,2.05,1.11,0.0,0.88,1.14,31.26
090170001055A,Venustiano Carranza,5135,2689,2446,128,71,0,60,70,4775,4653,3942,1848,10.79,2.49,1.49,0.0,1.26,1.5,35.99
0901700010649,Venustiano Carranza,5076,2737,2339,156,87,0,62,87,4772,4634,3944,1782,10.05,3.07,1.82,0.0,1.3,1.88,35.11
0901700010530,Venustiano Carranza,1959,1025,934,37,17,0,8,17,1804,1759,1528,621,10.82,1.89,0.94,0.0,0.44,0.97,31.7
0901700010174,Venustiano Carranza,2409,1295,1114,63,28,0,14,28,2312,2246,1938,945,10.63,2.62,1.21,0.0,0.61,1.25,39.23
0901700010193,Venustiano Carranza,1695,894,801,11,5,0,,5,1649,1620,1415,468,10.63,0.65,0.3,0.0,,0.31,27.61
090170001023A,Venustiano Carranza,1936,1032,904,27,11,0,9,11,1836,1779,1523,900,9.76,1.39,0.6,0.0,0.49,0.62,46.49
0901700010225,Venustiano Carranza,7304,3826,3478,126,67,0,47,66,6943,6687,5524,2944,8.93,1.73,0.97,0.0,0.68,0.99,40.31
0901700010259,Venustiano Carranza,1870,1006,864,17,8,0,8,8,1795,1742,1465,744,10.93,0.91,0.45,0.0,0.45,0.46,39.79
0901700010263,Venustiano Carranza,1848,981,867,10,4,0,,4,1784,1739,1467,743,10.51,0.54,0.22,0.0,,0.23,40.21
0901700010579,Venustiano Carranza,2126,1058,1068,287,108,,96,108,1841,1767,1381,1189,7.75,13.5,5.87,,5.21,6.11,55.93
0901700010691,Venustiano Carranza,2362,1234,1128,147,70,,61,70,2240,2165,1792,1423,9.28,6.22,3.12,,2.72,3.23,60.25
0901700010723,Venustiano Carranza,1047,575,472,12,12,0,11,12,919,900,799,322,12.31,1.15,1.31,0.0,1.2,1.33,30.75
0901700011083,Venustiano Carranza,1265,692,573,11,11,0,9,11,1099,1083,950,334,13.0,0.87,1.0,0.0,0.82,1.02,26.4
0901700011350,Venustiano Carranza,1313,713,600,11,11,0,10,11,1223,1210,1088,356,13.12,0.84,0.9,0.0,0.82,0.91,27.11
0901700010795,Venustiano Carranza,178,97,81,9,3,0,,3,174,170,145,54,9.48,5.06,1.72,0.0,,1.76,30.34
0901700011327,Venustiano Carranza,2751,1454,1297,76,38,0,27,38,2434,2369,2081,739,11.39,2.76,1.56,0.0,1.11,1.6,26.86
090170001105A,Venustiano Carranza,3108,1609,1499,40,23,,21,23,2493,2444,2112,936,11.43,1.29,0.92,,0.84,0.94,30.12
0901700010901,Venustiano Carranza,1558,875,683,25,19,0,16,19,1449,1422,1206,475,11.2,1.6,1.31,0.0,1.1,1.34,30.49
0901700011331,Venustiano Carranza,3474,1892,1582,70,34,,22,33,3253,3162,2732,986,11.15,2.01,1.05,,0.68,1.04,28.38
0901700010719,Venustiano Carranza,2119,1125,994,54,25,0,13,25,1997,1956,1684,781,11.7,2.55,1.25,0.0,0.65,1.28,36.86
0901700010494,Venustiano Carranza,5251,2791,2460,73,39,0,30,38,4917,4773,4042,1910,9.83,1.39,0.79,0.0,0.61,0.8,36.37
0901700010475,Venustiano Carranza,1643,842,801,23,9,0,7,9,1531,1483,1243,662,9.49,1.4,0.59,0.0,0.46,0.61,40.29
0901700010422,Venustiano Carranza,6373,3344,3029,167,89,0,67,88,5920,5732,4800,2101,10.1,2.62,1.5,0.0,1.13,1.54,32.97
0901700010808,Venustiano Carranza,3609,1874,1735,40,30,0,19,30,3376,3269,2703,1122,9.91,1.11,0.89,0.0,0.56,0.92,31.09
090170001048A,Venustiano Carranza,4810,2535,2275,67,26,0,24,26,4280,4120,3364,1907,9.09,1.39,0.61,0.0,0.56,0.63,39.65
0901700010564,Venustiano Carranza,3741,1976,1765,92,52,,39,51,3575,3487,2969,1181,10.69,2.46,1.45,,1.09,1.46,31.57
090170001030A,Venustiano Carranza,3481,1793,1688,66,38,0,28,37,3247,3136,2683,964,10.97,1.9,1.17,0.0,0.86,1.18,27.69
0901700011098,Venustiano Carranza,793,421,372,8,9,0,7,9,751,737,645,198,13.07,1.01,1.2,0.0,0.93,1.22,24.97
0901700011149,Venustiano Carranza,1274,678,596,20,14,0,12,14,1090,1073,969,343,12.91,1.57,1.28,0.0,1.1,1.3,26.92
0901700011384,Venustiano Carranza,1424,774,650,18,9,0,9,9,1295,1277,1131,360,13.01,1.26,0.69,0.0,0.69,0.7,25.28
0901700010988,Venustiano Carranza,1164,642,522,12,7,0,5,7,1078,1059,949,263,12.9,1.03,0.65,0.0,0.46,0.66,22.59
0901700010776,Venustiano Carranza,2008,1091,917,25,20,0,17,20,1758,1715,1540,516,12.69,1.25,1.14,0.0,0.97,1.17,25.7
0901700010348,Venustiano Carranza,2796,1486,1310,22,8,0,7,8,2656,2574,2100,932,9.2,0.79,0.3,0.0,0.26,0.31,33.33
0901700010047,Venustiano Carranza,4060,2122,1938,183,88,,69,87,3722,3600,3024,1222,9.96,4.51,2.36,,1.85,2.42,30.1
0901700010028,Venustiano Carranza,4915,2620,2295,106,34,0,20,33,4669,4495,3714,1305,9.87,2.16,0.73,0.0,0.43,0.73,26.55
0901700010738,Venustiano Carranza,1156,637,519,13,8,0,7,8,1007,995,888,311,12.87,1.12,0.79,0.0,0.7,0.8,26.9
0901700011064,Venustiano Carranza,2009,1080,929,30,20,,5,20,1911,1877,1651,616,12.44,1.49,1.05,,0.26,1.07,30.66
0901700010051,Venustiano Carranza,3459,1900,1559,39,12,0,4,12,3162,3082,2645,895,10.71,1.13,0.38,0.0,0.13,0.39,25.87
0901700010507,Venustiano Carranza,2220,1134,1086,63,26,,22,26,1929,1875,1608,743,10.86,2.84,1.35,,1.14,1.39,33.47
0901700011399,Venustiano Carranza,2190,1123,1067,61,35,0,27,35,2011,1947,1681,524,11.08,2.79,1.74,0.0,1.34,1.8,23.93
0901700011416,Venustiano Carranza,7106,3676,3430,383,171,5,151,169,6414,6222,5141,2504,9.57,5.39,2.67,0.08,2.35,2.72,35.24
0901700011219,Venustiano Carranza,2203,1185,1018,38,19,0,13,19,2092,2048,1764,782,10.95,1.72,0.91,0.0,0.62,0.93,35.5
0901700010831,Venustiano Carranza,5647,2938,2709,96,39,0,31,39,5361,5180,4289,2011,9.63,1.7,0.73,0.0,0.58,0.75,35.61
0901700010210,Venustiano Carranza,13391,7029,6362,305,126,,108,122,12591,12088,9803,5283,8.67,2.28,1.0,,0.86,1.01,39.45
0901700010899,Venustiano Carranza,2642,1381,1261,138,51,0,48,51,2410,2335,1889,1077,9.47,5.22,2.12,0.0,1.99,2.18,40.76
0901700011312,Venustiano Carranza,4254,2200,2054,86,42,0,39,42,3943,3789,3135,1072,10.03,2.02,1.07,0.0,0.99,1.11,25.2
0901700011242,Venustiano Carranza,4006,2107,1899,119,57,0,52,57,3766,3658,3156,1402,11.02,2.97,1.51,0.0,1.38,1.56,35.0
0901700011045,Venustiano Carranza,2441,1264,1177,37,19,,12,18,2264,2168,1821,503,12.3,1.52,0.84,,0.53,0.83,20.61
0901700010687,Venustiano Carranza,668,321,347,101,77,0,76,76,644,619,533,454,8.24,15.12,11.96,0.0,11.8,12.28,67.96
0901700010884,Venustiano Carranza,8197,4228,3969,307,144,0,132,144,7727,7442,6086,2650,9.77,3.75,1.86,0.0,1.71,1.93,32.33
0901700011030,Venustiano Carranza,3615,1872,1743,110,68,0,59,67,3398,3299,2776,1284,9.7,3.04,2.0,0.0,1.74,2.03,35.52
0901700011308,Venustiano Carranza,2768,1427,1341,91,37,0,26,37,2632,2567,2205,1012,10.55,3.29,1.41,0.0,0.99,1.44,36.56
0901700011261,Venustiano Carranza,3603,1918,1685,96,43,0,39,43,3444,3360,2884,1113,10.76,2.66,1.25,0.0,1.13,1.28,30.89
0901700011191,Venustiano Carranza,2386,1256,1130,26,13,0,8,13,2267,2211,1894,895,10.8,1.09,0.57,0.0,0.35,0.59,37.51
0901700010916,Venustiano Carranza,1525,803,722,6,5,0,5,5,1472,1442,1295,420,12.12,0.39,0.34,0.0,0.34,0.35,27.54
0901700010704,Venustiano Carranza,30,15,15,0,0,0,0,0,27,27,25,9,11.38,0.0,0.0,0.0,0.0,0.0,30.0
0901700011401,Venustiano Carranza,4645,2421,2224,118,52,0,37,50,4373,4234,3522,1513,9.91,2.54,1.19,0.0,0.85,1.18,32.57
0901700011168,Venustiano Carranza,2089,1122,967,19,13,0,10,13,1922,1878,1649,687,11.32,0.91,0.68,0.0,0.52,0.69,32.89
0901700010013,Venustiano Carranza,4643,2451,2192,105,48,0,39,48,4411,4276,3509,1472,9.72,2.26,1.09,0.0,0.88,1.12,31.7
0901700011295,Venustiano Carranza,4207,2218,1989,190,103,,90,101,4016,3899,3282,1419,10.36,4.52,2.56,,2.24,2.59,33.73
090170001016A,Venustiano Carranza,1929,1014,915,49,25,0,13,25,1839,1792,1550,798,10.83,2.54,1.36,0.0,0.71,1.4,41.37
0901700011153,Venustiano Carranza,448,240,208,0,,0,,,396,385,341,165,11.75,0.0,,0.0,,,36.83
0901700010545,Venustiano Carranza,3341,1771,1570,128,76,0,55,76,3104,3027,2598,982,11.13,3.83,2.45,0.0,1.77,2.51,29.39
0901700010032,Venustiano Carranza,6157,3249,2908,75,39,0,20,39,5701,5516,4616,1777,11.38,1.22,0.68,0.0,0.35,0.71,28.86
0901700011172,Venustiano Carranza,2725,1451,1274,77,38,0,30,38,2562,2487,2119,998,10.73,2.83,1.48,0.0,1.17,1.53,36.62
0901700011100,Venustiano Carranza,1368,752,616,23,16,0,11,16,1258,1241,1133,468,12.84,1.68,1.27,0.0,0.87,1.29,34.21
0901700010386,Venustiano Carranza,1972,1010,962,19,11,0,7,10,1871,1820,1582,659,10.23,0.96,0.59,0.0,0.37,0.55,33.42
0901700010460,Venustiano Carranza,5226,2789,2437,81,33,0,21,32,5000,4867,4139,1691,10.5,1.55,0.66,0.0,0.42,0.66,32.36
0901700010437,Venustiano Carranza,3757,1958,1799,26,19,0,16,19,3577,3481,2910,1106,10.15,0.69,0.53,0.0,0.45,0.55,29.44
0901700011280,Venustiano Carranza,4066,2131,1935,130,59,,47,57,3875,3757,3182,1386,10.54,3.2,1.52,,1.21,1.52,34.09
0901700010812,Venustiano Carranza,4249,2208,2041,103,42,0,33,42,3968,3813,3152,1348,9.64,2.42,1.06,0.0,0.83,1.1,31.73
0901700010672,Venustiano Carranza,3922,2068,1854,47,32,0,24,31,3712,3618,3109,1163,10.71,1.2,0.86,0.0,0.65,0.86,29.65
0901700010314,Venustiano Carranza,3597,1898,1699,53,30,0,24,30,3276,3180,2679,1004,10.74,1.47,0.92,0.0,0.73,0.94,27.91
0901700010352,Venustiano Carranza,3798,1978,1820,47,13,0,6,13,3582,3481,2812,1195,9.13,1.24,0.36,0.0,0.17,0.37,31.46
0901700010600,Venustiano Carranza,1661,910,751,18,6,0,6,6,1495,1467,1279,388,12.33,1.08,0.4,0.0,0.4,0.41,23.36
0901700010583,Venustiano Carranza,3101,1618,1483,310,193,14,168,186,2678,2587,2128,1055,10.19,10.0,7.21,0.52,6.27,7.19,34.02
090170001009A,Venustiano Carranza,4342,2259,2083,45,14,0,13,14,3945,3826,3210,1327,10.74,1.04,0.35,0.0,0.33,0.37,30.56
0901700010390,Venustiano Carranza,6297,3304,2993,165,56,0,47,56,5935,5743,4741,2218,10.08,2.62,0.94,0.0,0.79,0.98,35.22
0901700010244,Venustiano Carranza,2419,1267,1152,19,5,0,4,5,2273,2230,1889,888,10.71,0.79,0.22,0.0,0.18,0.22,36.71
0901700010206,Venustiano Carranza,2610,1327,1283,21,7,0,,7,2517,2461,2149,816,10.03,0.8,0.28,0.0,,0.28,31.26
0901700010189,Venustiano Carranza,1613,875,738,24,10,0,6,10,1552,1519,1308,530,10.91,1.49,0.64,0.0,0.39,0.66,32.86
0901700010155,Venustiano Carranza,2977,1549,1428,21,8,0,6,8,2837,2769,2344,1194,9.83,0.71,0.28,0.0,0.21,0.29,40.11
0901700010066,Venustiano Carranza,1759,951,808,11,15,0,3,15,1720,1685,1479,401,10.91,0.63,0.87,0.0,0.17,0.89,22.8
0901700010653,Venustiano Carranza,4651,2443,2208,129,59,0,44,58,4355,4229,3628,1602,11.08,2.77,1.35,0.0,1.01,1.37,34.44
090170001112A,Venustiano Carranza,356,200,156,5,4,0,3,4,324,321,281,125,13.1,1.4,1.23,0.0,0.93,1.25,35.11
0901700011134,Venustiano Carranza,1422,768,654,9,5,0,3,5,1324,1299,1165,343,12.5,0.63,0.38,0.0,0.23,0.38,24.12
090170001094A,Venustiano Carranza,1125,614,511,4,,0,,,987,971,852,295,12.07,0.36,,0.0,,,26.22
0901700011115,Venustiano Carranza,1798,999,799,23,9,0,7,9,1626,1595,1431,533,12.76,1.28,0.55,0.0,0.43,0.56,29.64
090170001137A,Venustiano Carranza,2109,1147,962,11,9,0,4,9,1739,1713,1521,486,13.1,0.52,0.52,0.0,0.23,0.53,23.04
0901700010333,Venustiano Carranza,3183,1704,1479,15,15,0,6,14,2979,2893,2439,948,9.86,0.47,0.5,0.0,0.2,0.48,29.78
0901700010780,Venustiano Carranza,4440,2391,2049,77,41,0,25,41,4104,4008,3467,1352,10.9,1.73,1.0,0.0,0.61,1.02,30.45
0901700011204,Venustiano Carranza,2873,1508,1365,25,10,0,8,10,2696,2630,2216,927,10.99,0.87,0.37,0.0,0.3,0.38,32.27
0901700011473,Venustiano Carranza,1215,621,594,36,14,0,12,14,1098,1041,819,367,8.86,2.96,1.28,0.0,1.09,1.34,30.21
090170001151A,Venustiano Carranza,2352,1211,1141,58,28,0,27,28,2194,2147,1772,522,11.34,2.47,1.28,0.0,1.23,1.3,22.19
090170001087A,Venustiano Carranza,5927,3110,2817,138,65,0,48,65,5573,5414,4508,1858,9.88,2.33,1.17,0.0,0.86,1.2,31.35
0901700010121,Venustiano Carranza,5370,2813,2557,62,29,0,23,29,5063,4911,4184,1712,9.84,1.15,0.57,0.0,0.45,0.59,31.88
