cve_ageb,alcaldia,POBTOT,PHOG_IND,P3YM_HLI,P3HLINHE,P_3YMAS,P_15YMAS,PSINDER,VIVPARH_CV,VPH_INTER,VPH_PC,VPH_CEL,VPH_RADIO,VPH_STVP,VPH_SPMVPI,VPH_SINTIC,GRAPROES,im_conapo,gm_conapo,grs_coneval,tasa_phog_ind,tasa_p3ym_hli,tasa_p3hlinhe,tasa_psinder,tasa_vph_inter,tasa_vph_pc,tasa_vph_cel,tasa_vph_radio,tasa_vph_stvp,tasa_vph_spmvpi,tasa_vph_sintic,gm_orden,grs_orden
0901000011716,Álvaro Obregón,7042,408,170,,6811,5512,2016,1859,1181,768,1660,1470,644,279,9,9.34,0.9384,Medio,Bajo,5.79,2.5,,28.63,63.53,41.31,89.3,79.07,34.64,15.01,0.48,3.0,2.0
0901000012150,Álvaro Obregón,4588,54,26,0,4487,3903,1120,1610,1290,1054,1497,1264,993,695,,12.29,0.9623,Bajo,Muy bajo,1.18,0.58,0.0,24.41,80.12,65.47,92.98,78.51,61.68,43.17,,2.0,1.0
0901000011133,Álvaro Obregón,2203,16,25,,2179,1952,485,766,733,703,746,594,568,545,0,14.95,0.9755,Muy bajo,Muy bajo,0.73,1.15,,22.02,95.69,91.78,97.39,77.55,74.15,71.15,0.0,1.0,1.0
0901000011307,Álvaro Obregón,2914,4,86,,2859,2549,544,853,831,796,839,671,768,640,0,14.29,0.9766,Muy bajo,Muy bajo,0.14,3.01,,18.67,97.42,93.32,98.36,78.66,90.04,75.03,0.0,1.0,1.0
0901000010281,Álvaro Obregón,237,0,6,0,234,194,78,68,64,67,68,59,60,48,0,13.6,0.973,Muy bajo,Muy bajo,0.0,2.56,0.0,32.91,94.12,98.53,100.0,86.76,88.24,70.59,0.0,1.0,1.0
0901000012199,Álvaro Obregón,4398,40,18,0,4286,3590,1215,1139,851,661,1072,938,591,381,,10.66,0.9428,Medio,Bajo,0.91,0.42,0.0,27.63,74.71,58.03,94.12,82.35,51.89,33.45,,3.0,2.0
0901000012269,Álvaro Obregón,1809,89,28,0,1755,1443,485,565,459,372,545,472,366,305,3,12.46,0.9584,Bajo,Bajo,4.92,1.6,0.0,26.81,81.24,65.84,96.46,83.54,64.78,53.98,0.53,2.0,2.0
0901000012273,Álvaro Obregón,80,0,,0,78,70,19,20,19,18,20,15,12,8,0,13.17,0.977,Muy bajo,Muy bajo,0.0,,0.0,23.75,95.0,90.0,100.0,75.0,60.0,40.0,0.0,1.0,1.0
0901000011330,Álvaro Obregón,8619,298,137,0,8382,7019,2395,2276,1688,1350,2094,1891,981,715,14,11.0,0.9508,Bajo,Bajo,3.46,1.63,0.0,27.79,74.17,59.31,92.0,83.08,43.1,31.41,0.62,2.0,2.0
090100001181A,Álvaro Obregón,5355,31,17,0,5218,4378,1529,1561,1108,935,1400,1259,759,577,15,10.65,0.9301,Medio,Bajo,0.58,0.33,0.0,28.55,70.98,59.9,89.69,80.65,48.62,36.96,0.96,3.0,2.0
0901000011684,Álvaro Obregón,5661,169,101,0,5511,4619,1608,1553,1173,937,1455,1294,755,582,,11.07,0.956,Bajo,Bajo,2.99,1.83,0.0,28.4,75.53,60.33,93.69,83.32,48.62,37.48,,2.0,2.0
0901000011665,Álvaro Obregón,1940,19,6,0,1893,1619,331,518,374,337,478,478,298,164,,10.52,0.9426,Medio,Bajo,0.98,0.32,0.0,17.06,72.2,65.06,92.28,92.28,57.53,31.66,,3.0,2.0
0901000010578,Álvaro Obregón,6964,248,105,,6798,5789,1661,2006,1586,1147,1832,1759,1168,776,10,11.08,0.9572,Bajo,Bajo,3.56,1.54,,23.85,79.06,57.18,91.33,87.69,58.23,38.68,0.5,2.0,2.0
0901000010597,Álvaro Obregón,3848,218,103,,3752,3211,925,1083,775,554,988,896,470,311,,10.59,0.9475,Bajo,Bajo,5.67,2.75,,24.04,71.56,51.15,91.23,82.73,43.4,28.72,,2.0,2.0
0901000010690,Álvaro Obregón,3546,46,27,0,3481,3089,816,1231,1049,897,1154,998,818,648,,13.03,0.9702,Muy bajo,Muy bajo,1.3,0.78,0.0,23.01,85.22,72.87,93.74,81.07,66.45,52.64,,1.0,1.0
0901000010915,Álvaro Obregón,2776,16,12,0,2730,2442,532,894,849,805,880,771,751,561,,14.56,0.9838,Muy bajo,Muy bajo,0.58,0.44,0.0,19.16,94.97,90.04,98.43,86.24,84.0,62.75,,1.0,1.0
0901000012216,Álvaro Obregón,4171,311,105,,4005,3098,1296,994,577,368,920,799,317,166,,9.04,0.9275,Medio,Medio,7.46,2.62,,31.07,58.05,37.02,92.56,80.38,31.89,16.7,,3.0,3.0
0901000011275,Álvaro Obregón,3017,8,111,,2985,2782,520,802,791,756,791,671,747,585,0,14.05,0.9795,Muy bajo,Muy bajo,0.27,3.72,,17.24,98.63,94.26,98.63,83.67,93.14,72.94,0.0,1.0,1.0
0901000010065,Álvaro Obregón,5548,135,54,0,5413,4696,1494,1837,1207,879,1590,1352,710,408,22,10.55,0.9302,Medio,Bajo,2.43,1.0,0.0,26.93,65.7,47.85,86.55,73.6,38.65,22.21,1.2,3.0,2.0
0901000011063,Álvaro Obregón,3028,41,47,0,2971,2634,590,981,927,889,970,819,805,702,0,14.63,0.9723,Muy bajo,Muy bajo,1.35,1.58,0.0,19.48,94.5,90.62,98.88,83.49,82.06,71.56,0.0,1.0,1.0
0901000011542,Álvaro Obregón,2898,32,30,0,2795,2264,391,889,801,752,867,657,653,645,,13.19,0.9719,Muy bajo,Muy bajo,1.1,1.07,0.0,13.49,90.1,84.59,97.53,73.9,73.45,72.55,,1.0,1.0
0901000012358,Álvaro Obregón,3083,23,41,0,2980,2422,468,826,739,670,799,593,599,556,5,12.76,0.972,Muy bajo,Muy bajo,0.75,1.38,0.0,15.18,89.47,81.11,96.73,71.79,72.52,67.31,0.61,1.0,1.0
0901000012057,Álvaro Obregón,3669,93,37,,3559,2963,936,1007,644,486,915,836,402,243,3,10.06,0.9502,Bajo,Bajo,2.53,1.04,,25.51,63.95,48.26,90.86,83.02,39.92,24.13,0.3,2.0,2.0
0901000012201,Álvaro Obregón,3148,103,25,,3061,2498,740,805,586,396,751,612,451,184,6,9.45,0.9454,Medio,Bajo,3.27,0.82,,23.51,72.8,49.19,93.29,76.02,56.02,22.86,0.75,3.0,2.0
0901000011222,Álvaro Obregón,4628,84,38,0,4528,4038,1028,1424,1136,930,1304,1190,920,618,6,11.9,0.9646,Bajo,Muy bajo,1.82,0.84,0.0,22.21,79.78,65.31,91.57,83.57,64.61,43.4,0.42,2.0,1.0
090100001128A,Álvaro Obregón,2309,28,44,4,2272,2035,375,692,667,629,681,605,593,501,0,14.13,0.9762,Muy bajo,Muy bajo,1.21,1.94,0.18,16.24,96.39,90.9,98.41,87.43,85.69,72.4,0.0,1.0,1.0
0901000011364,Álvaro Obregón,6072,272,113,,5896,4838,1772,1596,1153,755,1446,1276,562,327,9,9.83,0.9477,Bajo,Bajo,4.48,1.92,,29.18,72.24,47.31,90.6,79.95,35.21,20.49,0.56,2.0,2.0
0901000010027,Álvaro Obregón,2510,8,5,0,2456,2168,527,836,720,652,773,658,580,451,,13.51,0.9714,Muy bajo,Muy bajo,0.32,0.2,0.0,21.0,86.12,77.99,92.46,78.71,69.38,53.95,,1.0,1.0
0901000010031,Álvaro Obregón,3440,45,21,0,3371,2897,824,999,771,570,926,795,634,378,3,11.57,0.9571,Bajo,Bajo,1.31,0.62,0.0,23.95,77.18,57.06,92.69,79.58,63.46,37.84,0.3,2.0,2.0
0901000010987,Álvaro Obregón,1969,38,32,,1918,1739,309,785,744,694,765,594,586,556,,14.59,0.9776,Muy bajo,Muy bajo,1.93,1.67,,15.69,94.78,88.41,97.45,75.67,74.65,70.83,,1.0,1.0
0901000010991,Álvaro Obregón,2679,23,40,0,2633,2357,445,882,846,805,864,736,761,630,0,14.81,0.981,Muy bajo,Muy bajo,0.86,1.52,0.0,16.61,95.92,91.27,97.96,83.45,86.28,71.43,0.0,1.0,1.0
0901000011006,Álvaro Obregón,2910,18,28,0,2864,2523,550,938,860,813,897,810,691,573,,14.03,0.9712,Muy bajo,Muy bajo,0.62,0.98,0.0,18.9,91.68,86.67,95.63,86.35,73.67,61.09,,1.0,1.0
0901000011769,Álvaro Obregón,9985,337,140,,9646,7847,2681,2630,2004,1506,2449,2215,838,877,12,10.83,0.9532,Bajo,Bajo,3.38,1.45,,26.85,76.2,57.26,93.12,84.22,31.86,33.35,0.46,2.0,2.0
0901000012042,Álvaro Obregón,3847,142,63,0,3693,2977,1343,1054,686,437,959,835,429,185,9,9.37,0.9281,Medio,Bajo,3.69,1.71,0.0,34.91,65.09,41.46,90.99,79.22,40.7,17.55,0.85,3.0,2.0
0901000010718,Álvaro Obregón,969,11,3,0,957,848,197,349,296,266,337,285,217,170,0,12.82,0.9765,Muy bajo,Muy bajo,1.14,0.31,0.0,20.33,84.81,76.22,96.56,81.66,62.18,48.71,0.0,1.0,1.0
0901000011951,Álvaro Obregón,6009,160,58,0,5713,4450,1242,1626,1049,488,1467,1264,741,391,7,8.87,0.9438,Medio,Medio,2.66,1.02,0.0,20.67,64.51,30.01,90.22,77.74,45.57,24.05,0.43,3.0,3.0
0901000010012,Álvaro Obregón,1720,11,6,0,1685,1498,337,543,453,390,501,464,361,252,0,12.99,0.9738,Muy bajo,Muy bajo,0.64,0.36,0.0,19.59,83.43,71.82,92.27,85.45,66.48,46.41,0.0,1.0,1.0
090100001021A,Álvaro Obregón,678,,,0,660,588,123,217,187,174,202,190,139,87,0,13.14,0.9784,Muy bajo,Muy bajo,,,0.0,18.14,86.18,80.18,93.09,87.56,64.06,40.09,0.0,1.0,1.0
0901000011044,Álvaro Obregón,2563,58,44,0,2499,2232,595,801,721,693,764,708,644,468,,13.91,0.9714,Muy bajo,Muy bajo,2.26,1.76,0.0,23.21,90.01,86.52,95.38,88.39,80.4,58.43,,1.0,1.0
0901000010525,Álvaro Obregón,2348,21,7,0,2309,2037,631,769,639,525,716,637,486,300,3,12.56,0.9643,Bajo,Muy bajo,0.89,0.3,0.0,26.87,83.09,68.27,93.11,82.83,63.2,39.01,0.39,2.0,1.0
0901000011129,Álvaro Obregón,1218,11,21,0,1199,1104,209,379,360,351,375,338,309,285,0,14.32,0.9645,Bajo,Muy bajo,0.9,1.75,0.0,17.16,94.99,92.61,98.94,89.18,81.53,75.2,0.0,2.0,1.0
090100001053A,Álvaro Obregón,4574,33,18,0,4464,3795,1181,1295,959,682,1163,1057,704,467,9,10.62,0.9469,Bajo,Bajo,0.72,0.4,0.0,25.82,74.05,52.66,89.81,81.62,54.36,36.06,0.69,2.0,2.0
0901000011970,Álvaro Obregón,4427,74,29,0,4274,3489,1162,1234,866,630,1146,1003,587,327,,10.29,0.9533,Bajo,Bajo,1.67,0.68,0.0,26.25,70.18,51.05,92.87,81.28,47.57,26.5,,2.0,2.0
0901000010826,Álvaro Obregón,779,0,,0,766,679,134,278,231,200,267,211,179,114,0,13.33,0.9756,Muy bajo,Muy bajo,0.0,,0.0,17.2,83.09,71.94,96.04,75.9,64.39,41.01,0.0,1.0,1.0
0901000010830,Álvaro Obregón,774,6,5,0,765,688,146,303,274,229,293,264,195,96,0,14.01,0.9822,Muy bajo,Muy bajo,0.78,0.65,0.0,18.86,90.43,75.58,96.7,87.13,64.36,31.68,0.0,1.0,1.0
0901000010845,Álvaro Obregón,1543,54,31,0,1505,1341,301,523,450,380,495,455,333,276,3,13.01,0.9593,Bajo,Muy bajo,3.5,2.06,0.0,19.51,86.04,72.66,94.65,87.0,63.67,52.77,0.57,2.0,1.0
0901000011010,Álvaro Obregón,2582,17,13,0,2536,2241,569,871,787,720,831,724,676,568,3,13.63,0.9649,Bajo,Muy bajo,0.66,0.51,0.0,22.04,90.36,82.66,95.41,83.12,77.61,65.21,0.34,2.0,1.0
0901000010722,Álvaro Obregón,2280,58,19,0,2213,1962,366,837,696,599,791,680,485,384,0,12.71,0.9749,Muy bajo,Muy bajo,2.54,0.86,0.0,16.05,83.15,71.57,94.5,81.24,57.95,45.88,0.0,1.0,1.0
090100001103A,Álvaro Obregón,1813,17,17,0,1777,1548,363,586,514,485,559,518,466,371,3,13.6,0.9714,Muy bajo,Muy bajo,0.94,0.96,0.0,20.02,87.71,82.76,95.39,88.4,79.52,63.31,0.51,1.0,1.0
0901000010614,Álvaro Obregón,2078,9,6,0,2048,1810,484,658,503,419,600,495,396,243,,12.41,0.9273,Medio,Bajo,0.43,0.29,0.0,23.29,76.44,63.68,91.19,75.23,60.18,36.93,,3.0,2.0
0901000012362,Álvaro Obregón,2279,64,22,0,2230,1904,788,592,460,378,547,496,299,228,0,10.63,0.9529,Bajo,Bajo,2.81,0.99,0.0,34.58,77.7,63.85,92.4,83.78,50.51,38.51,0.0,2.0,2.0
0901000010629,Álvaro Obregón,2510,34,15,0,2474,2222,609,837,677,567,775,688,478,337,0,12.25,0.9683,Muy bajo,Muy bajo,1.35,0.61,0.0,24.26,80.88,67.74,92.59,82.2,57.11,40.26,0.0,1.0,1.0
0901000011881,Álvaro Obregón,4044,108,45,0,3950,3471,727,1270,1187,1117,1243,1093,955,822,0,14.2,0.9754,Muy bajo,Muy bajo,2.67,1.14,0.0,17.98,93.46,87.95,97.87,86.06,75.2,64.72,0.0,1.0,1.0
0901000011928,Álvaro Obregón,2144,25,7,0,2106,1804,350,670,589,477,643,553,469,267,0,12.15,0.9749,Muy bajo,Muy bajo,1.17,0.33,0.0,16.32,87.91,71.19,95.97,82.54,70.0,39.85,0.0,1.0,1.0
0901000011966,Álvaro Obregón,3156,40,18,0,3061,2637,844,930,695,533,853,762,425,205,,11.21,0.9607,Bajo,Bajo,1.27,0.59,0.0,26.74,74.73,57.31,91.72,81.94,45.7,22.04,,2.0,2.0
0901000012004,Álvaro Obregón,0,0,0,0,0,0,0,0,0,0,0,0,0,0,0,0.0,,,,,,,,,,,,,,,,
0901000012019,Álvaro Obregón,3273,198,59,,3147,2513,764,780,499,302,705,607,208,124,5,9.25,0.9413,Medio,Bajo,6.05,1.87,,23.34,63.97,38.72,90.38,77.82,26.67,15.9,0.64,3.0,2.0
0901000012038,Álvaro Obregón,4207,132,57,0,4048,3231,1237,1010,669,459,927,752,399,147,7,9.62,0.9462,Medio,Bajo,3.14,1.41,0.0,29.4,66.24,45.45,91.78,74.46,39.5,14.55,0.69,3.0,2.0
0901000012131,Álvaro Obregón,1859,8,10,0,1816,1596,442,572,470,411,547,498,383,169,0,12.33,0.9577,Bajo,Muy bajo,0.43,0.55,0.0,23.78,82.17,71.85,95.63,87.06,66.96,29.55,0.0,2.0,1.0
0901000012184,Álvaro Obregón,1979,18,5,0,1940,1671,571,608,458,381,560,444,334,263,3,11.35,0.952,Bajo,Bajo,0.91,0.26,0.0,28.85,75.33,62.66,92.11,73.03,54.93,43.26,0.49,2.0,2.0
0901000010084,Álvaro Obregón,2608,30,13,0,2474,2168,605,839,603,503,736,673,413,278,,11.22,0.9563,Bajo,Bajo,1.15,0.53,0.0,23.2,71.87,59.95,87.72,80.21,49.23,33.13,,2.0,2.0
0901000012292,Álvaro Obregón,6933,238,88,,6718,5724,1478,2034,1689,1361,1964,1592,1398,870,,11.67,0.9652,Bajo,Muy bajo,3.43,1.31,,21.32,83.04,66.91,96.56,78.27,68.73,42.77,,2.0,1.0
0901000011114,Álvaro Obregón,864,5,15,0,852,758,138,280,274,265,274,238,241,219,0,14.56,0.9739,Muy bajo,Muy bajo,0.58,1.76,0.0,15.97,97.86,94.64,97.86,85.0,86.07,78.21,0.0,1.0,1.0
0901000011078,Álvaro Obregón,5883,111,58,0,5737,4890,1806,1692,1306,1121,1565,1285,1021,531,4,11.03,0.9526,Bajo,Bajo,1.89,1.01,0.0,30.7,77.19,66.25,92.49,75.95,60.34,31.38,0.24,2.0,2.0
090100001110A,Álvaro Obregón,3881,27,39,0,3817,3405,785,1345,1252,1144,1292,1096,1079,911,,13.71,0.9609,Bajo,Muy bajo,0.7,1.02,0.0,20.23,93.09,85.06,96.06,81.49,80.22,67.73,,2.0,1.0
0901000011190,Álvaro Obregón,3425,35,28,0,3373,3062,826,1200,1000,897,1126,1025,767,496,8,12.84,0.9585,Bajo,Muy bajo,1.02,0.83,0.0,24.12,83.33,74.75,93.83,85.42,63.92,41.33,0.67,2.0,1.0
0901000011203,Álvaro Obregón,396,6,4,0,393,361,84,154,129,125,147,137,109,87,0,13.72,0.9672,Muy bajo,Muy bajo,1.52,1.02,0.0,21.21,83.77,81.17,95.45,88.96,70.78,56.49,0.0,1.0,1.0
0901000010563,Álvaro Obregón,9225,531,210,0,8940,7435,2519,2548,1785,1261,2336,2133,1006,652,4,10.35,0.9499,Bajo,Bajo,5.76,2.35,0.0,27.31,70.05,49.49,91.68,83.71,39.48,25.59,0.16,2.0,2.0
0901000011148,Álvaro Obregón,5277,56,76,0,5186,4639,888,1597,1480,1404,1556,1322,1237,1034,4,14.45,0.9704,Muy bajo,Muy bajo,1.06,1.47,0.0,16.83,92.67,87.91,97.43,82.78,77.46,64.75,0.25,1.0,1.0
090100001167A,Álvaro Obregón,8067,269,111,0,7816,6449,2448,2219,1519,1092,2004,1835,831,515,8,10.23,0.9467,Bajo,Bajo,3.33,1.42,0.0,30.35,68.45,49.21,90.31,82.69,37.45,23.21,0.36,2.0,2.0
0901000011519,Álvaro Obregón,4650,115,35,0,4363,3528,1288,1169,738,507,1007,929,529,238,14,9.76,0.9463,Medio,Bajo,2.47,0.8,0.0,27.7,63.13,43.37,86.14,79.47,45.25,20.36,1.2,3.0,2.0
0901000011523,Álvaro Obregón,3528,47,22,0,3361,2700,985,913,552,330,799,727,367,126,8,9.51,0.9249,Alto,Bajo,1.33,0.65,0.0,27.92,60.46,36.14,87.51,79.63,40.2,13.8,0.88,4.0,2.0
0901000011631,Álvaro Obregón,4992,98,31,0,4858,3988,1510,1176,891,641,1081,1013,583,292,3,10.03,0.9484,Bajo,Bajo,1.96,0.64,0.0,30.25,75.77,54.51,91.92,86.14,49.57,24.83,0.26,2.0,2.0
0901000011646,Álvaro Obregón,4731,146,43,0,4566,3736,1520,1091,796,584,1005,879,589,233,5,9.59,0.9426,Medio,Bajo,3.09,0.94,0.0,32.13,72.96,53.53,92.12,80.57,53.99,21.36,0.46,3.0,2.0
0901000011650,Álvaro Obregón,4628,133,55,0,4451,3636,1100,1149,851,622,1064,935,627,246,4,9.88,0.9537,Bajo,Bajo,2.87,1.24,0.0,23.77,74.06,54.13,92.6,81.38,54.57,21.41,0.35,2.0,2.0
0901000010046,Álvaro Obregón,5330,124,52,0,5186,4349,1308,1392,1000,702,1268,1025,872,360,6,10.26,0.9487,Bajo,Bajo,2.33,1.0,0.0,24.54,71.84,50.43,91.09,73.64,62.64,25.86,0.43,2.0,2.0
0901000010050,Álvaro Obregón,4144,120,48,,4013,3431,1055,1235,818,638,1124,927,541,360,13,10.7,0.9445,Medio,Bajo,2.9,1.2,,25.46,66.23,51.66,91.01,75.06,43.81,29.15,1.05,3.0,2.0
0901000010101,Álvaro Obregón,1491,10,3,0,1456,1274,344,426,332,265,377,349,197,120,,11.43,0.964,Bajo,Muy bajo,0.67,0.21,0.0,23.07,77.93,62.21,88.5,81.92,46.24,28.17,,2.0,1.0
0901000010116,Álvaro Obregón,4232,138,71,0,4090,3373,889,1172,805,567,1074,912,405,300,3,10.12,0.9499,Bajo,Bajo,3.26,1.74,0.0,21.01,68.69,48.38,91.64,77.82,34.56,25.6,0.26,2.0,2.0
0901000010493,Álvaro Obregón,4638,188,95,0,4503,3807,1245,1323,940,683,1191,1047,614,336,,10.6,0.9522,Bajo,Bajo,4.05,2.11,0.0,26.84,71.05,51.63,90.02,79.14,46.41,25.4,,2.0,2.0
0901000010173,Álvaro Obregón,4303,43,15,,4175,3523,1083,1270,925,641,1145,982,529,363,8,10.54,0.9507,Bajo,Bajo,1.0,0.36,,25.17,72.83,50.47,90.16,77.32,41.65,28.58,0.63,2.0,2.0
0901000010188,Álvaro Obregón,675,6,,0,661,575,99,260,194,181,231,199,151,115,0,12.67,0.9674,Muy bajo,Muy bajo,0.89,,0.0,14.67,74.62,69.62,88.85,76.54,58.08,44.23,0.0,1.0,1.0
0901000010224,Álvaro Obregón,499,6,,0,494,444,95,165,136,116,146,139,119,69,0,13.29,0.9665,Muy bajo,Muy bajo,1.2,,0.0,19.04,82.42,70.3,88.48,84.24,72.12,41.82,0.0,1.0,1.0
0901000010239,Álvaro Obregón,975,0,,0,952,857,174,367,301,244,343,267,218,151,0,12.66,0.9652,Bajo,Muy bajo,0.0,,0.0,17.85,82.02,66.49,93.46,72.75,59.4,41.14,0.0,2.0,1.0
0901000010421,Álvaro Obregón,5467,60,23,0,5281,4408,1436,1414,968,705,1270,1098,667,289,10,9.97,0.9475,Bajo,Bajo,1.1,0.44,0.0,26.27,68.46,49.86,89.82,77.65,47.17,20.44,0.71,2.0,2.0
0901000010807,Álvaro Obregón,1866,20,11,0,1841,1619,425,683,582,502,652,553,406,322,0,13.09,0.9737,Muy bajo,Muy bajo,1.07,0.6,0.0,22.78,85.21,73.5,95.46,80.97,59.44,47.14,0.0,1.0,1.0
0901000010243,Álvaro Obregón,7522,118,48,,7221,6117,1647,1997,1370,942,1726,1488,948,409,11,10.37,0.9489,Bajo,Bajo,1.57,0.66,,21.9,68.6,47.17,86.43,74.51,47.47,20.48,0.55,2.0,2.0
0901000010258,Álvaro Obregón,734,6,3,0,725,645,131,257,219,187,237,236,188,101,0,12.4,0.9631,Bajo,Muy bajo,0.82,0.41,0.0,17.85,85.21,72.76,92.22,91.83,73.15,39.3,0.0,2.0,1.0
0901000010262,Álvaro Obregón,451,5,4,0,442,405,76,153,133,118,144,141,113,65,0,12.28,0.9742,Muy bajo,Muy bajo,1.11,0.9,0.0,16.85,86.93,77.12,94.12,92.16,73.86,42.48,0.0,1.0,1.0
0901000010277,Álvaro Obregón,456,0,0,0,451,407,84,153,128,106,134,96,92,45,0,13.37,0.9747,Muy bajo,Muy bajo,0.0,0.0,0.0,18.42,83.66,69.28,87.58,62.75,60.13,29.41,0.0,1.0,1.0
0901000010192,Álvaro Obregón,654,6,,0,640,564,113,291,226,167,279,238,154,119,0,12.33,0.9626,Bajo,Bajo,0.92,,0.0,17.28,77.66,57.39,95.88,81.79,52.92,40.89,0.0,2.0,2.0
0901000010506,Álvaro Obregón,2719,91,46,,2648,2173,945,706,475,320,637,548,258,129,,9.66,0.9375,Medio,Bajo,3.35,1.74,,34.76,67.28,45.33,90.23,77.62,36.54,18.27,,3.0,2.0
0901000010328,Álvaro Obregón,6914,94,45,,6734,5640,1405,1947,1397,929,1730,1550,1158,672,5,10.09,0.9494,Bajo,Bajo,1.36,0.67,,20.32,71.75,47.71,88.85,79.61,59.48,34.51,0.26,2.0,2.0
0901000010332,Álvaro Obregón,4719,88,39,0,4549,3833,1069,1351,947,658,1231,1095,780,358,12,10.33,0.9526,Bajo,Bajo,1.86,0.86,0.0,22.65,70.1,48.7,91.12,81.05,57.74,26.5,0.89,2.0,2.0
0901000010347,Álvaro Obregón,3737,150,62,,3608,2955,762,1094,679,481,994,848,618,247,6,10.28,0.9548,Bajo,Bajo,4.01,1.72,,20.39,62.07,43.97,90.86,77.51,56.49,22.58,0.55,2.0,2.0
0901000010351,Álvaro Obregón,4430,126,54,0,4250,3530,1085,1290,895,599,1171,1048,745,317,5,10.14,0.9504,Bajo,Bajo,2.84,1.27,0.0,24.49,69.38,46.43,90.78,81.24,57.75,24.57,0.39,2.0,2.0
0901000010370,Álvaro Obregón,3343,43,15,0,3228,2612,1104,948,625,383,855,781,493,226,5,8.97,0.9376,Medio,Bajo,1.29,0.46,0.0,33.02,65.93,40.4,90.19,82.38,52.0,23.84,0.53,3.0,2.0
0901000010440,Álvaro Obregón,4748,172,76,0,4594,3762,1187,1277,834,567,1147,973,401,272,7,9.56,0.9449,Medio,Bajo,3.62,1.65,0.0,25.0,65.31,44.4,89.82,76.19,31.4,21.3,0.55,3.0,2.0
0901000010296,Álvaro Obregón,2489,56,26,4,2401,2053,483,693,505,390,601,539,341,206,3,11.16,0.9576,Bajo,Bajo,2.25,1.08,0.17,19.41,72.87,56.28,86.72,77.78,49.21,29.73,0.43,2.0,2.0
090100001060A,Álvaro Obregón,2671,77,33,0,2612,2278,595,779,582,463,705,631,392,243,0,11.44,0.96,Bajo,Bajo,2.88,1.26,0.0,22.28,74.71,59.44,90.5,81.0,50.32,31.19,0.0,2.0,2.0
0901000010737,Álvaro Obregón,621,0,0,0,610,559,115,289,267,239,272,243,220,144,0,12.41,0.9741,Muy bajo,Muy bajo,0.0,0.0,0.0,18.52,92.39,82.7,94.12,84.08,76.12,49.83,0.0,1.0,1.0
0901000010741,Álvaro Obregón,3250,45,16,0,3164,2707,778,909,688,517,838,755,442,246,4,10.75,0.9372,Medio,Bajo,1.38,0.51,0.0,23.94,75.69,56.88,92.19,83.06,48.62,27.06,0.44,3.0,2.0
0901000010756,Álvaro Obregón,1488,15,7,0,1462,1294,304,524,450,391,500,440,302,242,0,12.53,0.973,Muy bajo,Muy bajo,1.01,0.48,0.0,20.43,85.88,74.62,95.42,83.97,57.63,46.18,0.0,1.0,1.0
0901000010760,Álvaro Obregón,841,4,3,0,826,731,181,311,256,233,290,266,165,142,0,13.02,0.9668,Muy bajo,Muy bajo,0.48,0.36,0.0,21.52,82.32,74.92,93.25,85.53,53.05,45.66,0.0,1.0,1.0
0901000010775,Álvaro Obregón,1396,23,11,0,1378,1225,234,535,431,387,486,423,295,224,0,12.6,0.9771,Muy bajo,Muy bajo,1.65,0.8,0.0,16.76,80.56,72.34,90.84,79.07,55.14,41.87,0.0,1.0,1.0
090100001092A,Álvaro Obregón,2553,74,26,0,2495,2100,596,718,586,454,661,586,483,338,,11.42,0.9629,Bajo,Bajo,2.9,1.04,0.0,23.35,81.62,63.23,92.06,81.62,67.27,47.08,,2.0,2.0
0901000010949,Álvaro Obregón,1094,13,12,0,1072,948,222,381,363,332,362,292,313,223,0,14.82,0.9772,Muy bajo,Muy bajo,1.19,1.12,0.0,20.29,95.28,87.14,95.01,76.64,82.15,58.53,0.0,1.0,1.0
0901000010953,Álvaro Obregón,1943,6,26,0,1895,1706,435,684,640,589,669,534,570,479,3,14.05,0.9676,Muy bajo,Muy bajo,0.31,1.37,0.0,22.39,93.57,86.11,97.81,78.07,83.33,70.03,0.44,1.0,1.0
0901000010968,Álvaro Obregón,4987,48,53,0,4858,4266,1291,1638,1443,1292,1534,1421,1197,951,7,13.37,0.9588,Bajo,Muy bajo,0.96,1.09,0.0,25.89,88.1,78.88,93.65,86.75,73.08,58.06,0.43,2.0,1.0
0901000010972,Álvaro Obregón,3219,24,27,0,3137,2758,461,1171,1086,1020,1142,996,919,829,,14.63,0.9814,Muy bajo,Muy bajo,0.75,0.86,0.0,14.32,92.74,87.11,97.52,85.06,78.48,70.79,,1.0,1.0
0901000012146,Álvaro Obregón,2832,50,15,0,2754,2396,604,993,806,642,918,788,606,444,5,11.54,0.9618,Bajo,Bajo,1.77,0.54,0.0,21.33,81.17,64.65,92.45,79.36,61.03,44.71,0.5,2.0,2.0
0901000010385,Álvaro Obregón,3058,29,5,0,2958,2404,808,690,459,270,602,529,355,149,11,9.59,0.9398,Medio,Bajo,0.95,0.17,0.0,26.42,66.52,39.13,87.25,76.67,51.45,21.59,1.59,3.0,2.0
0901000011453,Álvaro Obregón,4876,114,33,0,4714,3873,1430,1004,666,412,899,777,560,240,5,9.39,0.9371,Medio,Bajo,2.34,0.7,0.0,29.33,66.33,41.04,89.54,77.39,55.78,23.9,0.5,3.0,2.0
0901000011059,Álvaro Obregón,3145,27,32,0,3076,2781,511,1333,1288,1214,1293,1016,1085,921,,15.49,0.9694,Muy bajo,Muy bajo,0.86,1.04,0.0,16.25,96.62,91.07,97.0,76.22,81.4,69.09,,1.0,1.0
0901000010205,Álvaro Obregón,532,0,0,0,523,471,100,186,164,147,175,155,123,90,0,13.26,0.9735,Muy bajo,Muy bajo,0.0,0.0,0.0,18.8,88.17,79.03,94.09,83.33,66.13,48.39,0.0,1.0,1.0
0901000011792,Álvaro Obregón,3160,88,52,0,3058,2551,691,920,673,503,826,723,370,393,5,10.51,0.9417,Medio,Bajo,2.78,1.7,0.0,21.87,73.15,54.67,89.78,78.59,40.22,42.72,0.54,3.0,2.0
0901000012377,Álvaro Obregón,2502,40,14,0,2438,2117,666,764,652,543,740,643,534,369,,12.32,0.9698,Muy bajo,Muy bajo,1.6,0.57,0.0,26.62,85.34,71.07,96.86,84.16,69.9,48.3,,1.0,1.0
0901000012343,Álvaro Obregón,4863,111,40,,4582,3688,1201,1192,799,584,997,880,295,224,19,9.29,0.9206,Alto,Bajo,2.28,0.87,,24.7,67.03,48.99,83.64,73.83,24.75,18.79,1.59,4.0,2.0
0901000012381,Álvaro Obregón,21,5,,0,21,18,3,7,4,,6,6,,0,,10.83,,,Medio,23.81,,0.0,14.29,57.14,,85.71,85.71,,0.0,,,3.0
0901000011824,Álvaro Obregón,4908,81,40,,4763,4025,1572,1598,1176,850,1471,1191,875,482,9,10.74,0.9448,Medio,Bajo,1.65,0.84,,32.03,73.59,53.19,92.05,74.53,54.76,30.16,0.56,3.0,2.0
0901000010510,Álvaro Obregón,3573,44,25,0,3503,3042,630,1206,1003,877,1125,973,695,534,,12.83,0.9678,Muy bajo,Muy bajo,1.23,0.71,0.0,17.63,83.17,72.72,93.28,80.68,57.63,44.28,,1.0,1.0
0901000011947,Álvaro Obregón,4280,94,26,0,4151,3527,1191,1253,950,725,1137,993,655,415,8,11.18,0.9464,Medio,Bajo,2.2,0.63,0.0,27.83,75.82,57.86,90.74,79.25,52.27,33.12,0.64,3.0,2.0
0901000012080,Álvaro Obregón,2501,46,14,,2435,2090,573,805,692,594,777,628,521,365,,12.44,0.9632,Bajo,Muy bajo,1.84,0.57,,22.91,85.96,73.79,96.52,78.01,64.72,45.34,,2.0,1.0
0901000012108,Álvaro Obregón,3889,34,12,0,3790,3117,1244,786,544,326,671,610,473,216,5,9.13,0.938,Medio,Bajo,0.87,0.32,0.0,31.99,69.21,41.48,85.37,77.61,60.18,27.48,0.64,3.0,2.0
0901000012305,Álvaro Obregón,4002,203,77,0,3838,3018,1182,1003,491,369,897,796,441,154,7,9.13,0.9403,Medio,Medio,5.07,2.01,0.0,29.54,48.95,36.79,89.43,79.36,43.97,15.35,0.7,3.0,3.0
0901000011152,Álvaro Obregón,2719,22,37,0,2681,2391,589,848,832,813,836,744,753,579,0,14.96,0.9777,Muy bajo,Muy bajo,0.81,1.38,0.0,21.66,98.11,95.87,98.58,87.74,88.8,68.28,0.0,1.0,1.0
0901000011186,Álvaro Obregón,3320,13,24,0,3254,2909,830,1116,958,832,1043,960,782,496,4,12.75,0.9424,Medio,Muy bajo,0.39,0.74,0.0,25.0,85.84,74.55,93.46,86.02,70.07,44.44,0.36,3.0,1.0
090100001078A,Álvaro Obregón,1113,15,6,0,1087,983,199,424,358,279,407,359,238,183,0,12.79,0.9766,Muy bajo,Muy bajo,1.35,0.55,0.0,17.88,84.43,65.8,95.99,84.67,56.13,43.16,0.0,1.0,1.0
0901000011595,Álvaro Obregón,6197,162,46,0,5994,4743,1389,1499,983,666,1377,1156,466,268,5,9.52,0.9482,Bajo,Bajo,2.61,0.77,0.0,22.41,65.58,44.43,91.86,77.12,31.09,17.88,0.33,2.0,2.0
0901000011294,Álvaro Obregón,3322,18,107,0,3292,3044,594,871,837,807,868,736,786,683,0,13.9,0.9823,Muy bajo,Muy bajo,0.54,3.25,0.0,17.88,96.1,92.65,99.66,84.5,90.24,78.42,0.0,1.0,1.0
0901000010794,Álvaro Obregón,757,8,5,0,744,675,179,294,241,225,269,241,165,141,,13.42,0.9736,Muy bajo,Muy bajo,1.06,0.67,0.0,23.65,81.97,76.53,91.5,81.97,56.12,47.96,,1.0,1.0
0901000011985,Álvaro Obregón,4355,249,77,,4197,3310,1322,1023,627,370,912,768,383,132,5,8.7,0.9386,Medio,Bajo,5.72,1.83,,30.36,61.29,36.17,89.15,75.07,37.44,12.9,0.49,3.0,2.0
0901000011345,Álvaro Obregón,7215,198,80,,6994,5811,2114,1882,1299,856,1634,1484,646,475,9,10.06,0.9401,Medio,Bajo,2.74,1.14,,29.3,69.02,45.48,86.82,78.85,34.33,25.24,0.48,3.0,2.0
0901000011557,Álvaro Obregón,6638,355,148,,6411,5221,1821,1896,1245,828,1750,1572,767,412,5,9.83,0.9488,Bajo,Bajo,5.35,2.31,,27.43,65.66,43.67,92.3,82.91,40.45,21.73,0.26,2.0,2.0
0901000011561,Álvaro Obregón,3060,164,66,0,2947,2339,857,836,559,350,765,664,293,162,3,9.49,0.946,Medio,Bajo,5.36,2.24,0.0,28.01,66.87,41.87,91.51,79.43,35.05,19.38,0.36,3.0,2.0
0901000010417,Álvaro Obregón,1933,20,12,,1901,1678,286,670,592,527,635,551,521,340,,13.46,0.974,Muy bajo,Muy bajo,1.03,0.63,,14.8,88.36,78.66,94.78,82.24,77.76,50.75,,1.0,1.0
0901000010455,Álvaro Obregón,3157,23,11,0,3084,2645,731,830,590,457,775,693,359,196,,11.13,0.9592,Bajo,Bajo,0.73,0.36,0.0,23.15,71.08,55.06,93.37,83.49,43.25,23.61,,2.0,2.0
090100001014A,Álvaro Obregón,4198,92,39,0,4077,3483,1037,1275,967,753,1171,1036,554,424,6,11.39,0.9574,Bajo,Bajo,2.19,0.96,0.0,24.7,75.84,59.06,91.84,81.25,43.45,33.25,0.47,2.0,2.0
0901000010703,Álvaro Obregón,1913,15,5,0,1888,1679,466,742,615,529,685,597,443,292,3,13.07,0.9709,Muy bajo,Muy bajo,0.78,0.26,0.0,24.36,82.88,71.29,92.32,80.46,59.7,39.35,0.4,1.0,1.0
0901000010864,Álvaro Obregón,5942,66,33,0,5757,4726,1844,1394,951,661,1270,1133,698,345,5,9.52,0.9436,Medio,Bajo,1.11,0.57,0.0,31.03,68.22,47.42,91.1,81.28,50.07,24.75,0.36,3.0,2.0
0901000010900,Álvaro Obregón,2362,54,20,0,2308,1950,641,657,468,357,580,554,366,142,,10.69,0.95,Bajo,Bajo,2.29,0.87,0.0,27.14,71.23,54.34,88.28,84.32,55.71,21.61,,2.0,2.0
0901000011025,Álvaro Obregón,681,6,5,0,656,568,139,243,232,204,236,183,195,180,0,13.92,0.9615,Bajo,Muy bajo,0.88,0.76,0.0,20.41,95.47,83.95,97.12,75.31,80.25,74.07,0.0,2.0,1.0
0901000011773,Álvaro Obregón,4680,55,26,,4543,3830,1270,1250,947,717,1138,1047,607,378,,10.92,0.9511,Bajo,Bajo,1.18,0.57,,27.14,75.76,57.36,91.04,83.76,48.56,30.24,,2.0,2.0
0901000011805,Álvaro Obregón,3603,94,38,0,3502,2924,940,950,663,507,870,732,393,229,5,10.33,0.9529,Bajo,Bajo,2.61,1.09,0.0,26.09,69.79,53.37,91.58,77.05,41.37,24.11,0.53,2.0,2.0
0901000010099,Álvaro Obregón,3822,104,25,,3681,3154,935,957,641,472,872,780,476,270,,10.52,0.9473,Bajo,Bajo,2.72,0.68,,24.46,66.98,49.32,91.12,81.5,49.74,28.21,,2.0,2.0
0901000011218,Álvaro Obregón,2825,23,11,0,2732,2443,569,1034,875,816,986,867,733,609,6,13.61,0.955,Bajo,Muy bajo,0.81,0.4,0.0,20.14,84.62,78.92,95.36,83.85,70.89,58.9,0.58,2.0,1.0
0901000011858,Álvaro Obregón,12053,143,91,,11763,10229,2785,3890,3388,3048,3695,2811,2721,2227,13,12.95,0.9653,Bajo,Muy bajo,1.19,0.77,,23.11,87.1,78.35,94.99,72.26,69.95,57.25,0.33,2.0,1.0
0901000011699,Álvaro Obregón,9388,509,191,0,9104,7560,3365,2473,1718,1389,2282,1843,1057,612,4,10.21,0.9423,Medio,Bajo,5.42,2.1,0.0,35.84,69.47,56.17,92.28,74.52,42.74,24.75,0.16,3.0,2.0
0901000011913,Álvaro Obregón,3983,68,27,0,3909,3258,863,1121,876,651,1045,923,670,316,3,10.78,0.959,Bajo,Bajo,1.71,0.69,0.0,21.67,78.14,58.07,93.22,82.34,59.77,28.19,0.27,2.0,2.0
0901000010544,Álvaro Obregón,2482,44,17,,2423,2104,832,760,565,443,708,652,373,237,,11.17,0.9483,Bajo,Bajo,1.77,0.7,,33.52,74.34,58.29,93.16,85.79,49.08,31.18,,2.0,2.0
0901000010648,Álvaro Obregón,1560,22,15,0,1529,1392,259,650,613,577,631,572,495,399,0,14.9,0.9816,Muy bajo,Muy bajo,1.41,0.98,0.0,16.6,94.31,88.77,97.08,88.0,76.15,61.38,0.0,1.0,1.0
0901000010633,Álvaro Obregón,1888,15,6,0,1843,1618,398,573,500,413,542,483,350,234,,12.35,0.972,Muy bajo,Muy bajo,0.79,0.33,0.0,21.08,87.26,72.08,94.59,84.29,61.08,40.84,,1.0,1.0
0901000011627,Álvaro Obregón,5748,123,41,0,5571,4614,1489,1506,1056,787,1362,1215,653,355,14,10.47,0.9424,Medio,Bajo,2.14,0.74,0.0,25.9,70.12,52.26,90.44,80.68,43.36,23.57,0.93,3.0,2.0
0901000010135,Álvaro Obregón,21198,420,181,,20530,17898,3564,8064,7512,6919,7867,6304,5573,5568,3,13.9,0.9769,Muy bajo,Muy bajo,1.98,0.88,,16.81,93.15,85.8,97.56,78.17,69.11,69.05,0.04,1.0,1.0
0901000010686,Álvaro Obregón,2695,16,12,0,2639,2415,609,904,850,790,886,824,708,517,0,14.5,0.9662,Bajo,Muy bajo,0.59,0.45,0.0,22.6,94.03,87.39,98.01,91.15,78.32,57.19,0.0,2.0,1.0
0901000010559,Álvaro Obregón,2371,18,14,0,2327,2102,514,821,736,673,797,668,576,475,3,13.68,0.9769,Muy bajo,Muy bajo,0.76,0.6,0.0,21.68,89.65,81.97,97.08,81.36,70.16,57.86,0.37,1.0,1.0
0901000010667,Álvaro Obregón,5010,162,73,3,4852,4064,1381,1457,988,767,1333,1170,749,400,5,10.46,0.9448,Medio,Bajo,3.23,1.5,0.06,27.56,67.81,52.64,91.49,80.3,51.41,27.45,0.34,3.0,2.0
0901000010671,Álvaro Obregón,4314,45,21,,4232,3715,886,1503,1403,1300,1466,1275,1154,907,,14.19,0.975,Muy bajo,Muy bajo,1.04,0.5,,20.54,93.35,86.49,97.54,84.83,76.78,60.35,,1.0,1.0
0901000011260,Álvaro Obregón,3638,19,91,0,3584,3237,567,966,956,919,952,875,885,816,0,14.02,0.9777,Muy bajo,Muy bajo,0.52,2.54,0.0,15.59,98.96,95.13,98.55,90.58,91.61,84.47,0.0,1.0,1.0
0901000011237,Álvaro Obregón,4443,28,25,0,4345,3913,900,1470,1256,1089,1368,1232,1017,716,0,12.78,0.9669,Muy bajo,Muy bajo,0.63,0.58,0.0,20.26,85.44,74.08,93.06,83.81,69.18,48.71,0.0,1.0,1.0
0901000011241,Álvaro Obregón,5752,67,56,0,5644,5065,906,2167,1994,1820,2072,1791,1608,1192,3,14.04,0.9768,Muy bajo,Muy bajo,1.16,0.99,0.0,15.75,92.02,83.99,95.62,82.65,74.2,55.01,0.14,1.0,1.0
0901000011580,Álvaro Obregón,6453,131,61,,6268,5242,1848,1785,1244,867,1592,1407,789,461,9,10.33,0.9495,Bajo,Bajo,2.03,0.97,,28.64,69.69,48.57,89.19,78.82,44.2,25.83,0.5,2.0,2.0
0901000011843,Álvaro Obregón,8392,182,85,0,8160,6892,2409,2450,1733,1423,2248,1987,1335,821,10,10.94,0.9388,Medio,Bajo,2.17,1.04,0.0,28.71,70.73,58.08,91.76,81.1,54.49,33.51,0.41,3.0,2.0
0901000011171,Álvaro Obregón,13918,123,101,,13556,11693,3214,4627,3856,3300,4387,3757,2895,2351,12,12.37,0.9633,Bajo,Muy bajo,0.88,0.75,,23.09,83.34,71.32,94.81,81.2,62.57,50.81,0.26,2.0,1.0
0901000012254,Álvaro Obregón,4676,159,67,0,4547,3874,1036,1371,1161,937,1310,1145,875,597,5,11.9,0.9684,Muy bajo,Muy bajo,3.4,1.47,0.0,22.16,84.68,68.34,95.55,83.52,63.82,43.54,0.36,1.0,1.0
090100001224A,Álvaro Obregón,3148,48,17,,3056,2547,643,818,661,507,769,635,432,270,,11.15,0.9582,Bajo,Bajo,1.52,0.56,,20.43,80.81,61.98,94.01,77.63,52.81,33.01,,2.0,2.0
0901000012288,Álvaro Obregón,5792,165,47,,5645,4843,1512,1500,1285,1089,1446,1269,1025,699,3,11.84,0.9671,Muy bajo,Muy bajo,2.85,0.83,,26.1,85.67,72.6,96.4,84.6,68.33,46.6,0.2,1.0,1.0
0901000010898,Álvaro Obregón,2279,61,27,0,2210,1856,623,637,528,432,595,564,409,250,,11.45,0.96,Bajo,Muy bajo,2.68,1.22,0.0,27.34,82.89,67.82,93.41,88.54,64.21,39.25,,2.0,1.0
0901000012339,Álvaro Obregón,3534,13,35,0,3433,2682,562,855,785,714,842,723,690,620,0,13.06,0.9755,Muy bajo,Muy bajo,0.37,1.02,0.0,15.9,91.81,83.51,98.48,84.56,80.7,72.51,0.0,1.0,1.0
0901000010313,Álvaro Obregón,5423,103,41,0,5251,4390,1198,1300,938,659,1174,1099,766,307,3,10.06,0.9509,Bajo,Bajo,1.9,0.78,0.0,22.09,72.15,50.69,90.31,84.54,58.92,23.62,0.23,2.0,2.0
0901000012023,Álvaro Obregón,4169,169,69,,4026,3211,1275,1081,654,445,995,808,459,199,,9.75,0.9458,Medio,Bajo,4.05,1.71,,30.58,60.5,41.17,92.04,74.75,42.46,18.41,,3.0,2.0
0901000012324,Álvaro Obregón,2742,45,12,0,2635,2147,776,667,462,324,612,541,325,175,,10.16,0.9462,Medio,Bajo,1.64,0.46,0.0,28.3,69.27,48.58,91.75,81.11,48.73,26.24,,3.0,2.0
090100001231A,Álvaro Obregón,2927,70,25,,2836,2348,659,814,676,485,766,671,484,325,,11.4,0.9585,Bajo,Bajo,2.39,0.88,,22.51,83.05,59.58,94.1,82.43,59.46,39.93,,2.0,2.0
0901000012095,Álvaro Obregón,5597,151,45,0,5433,4522,1504,1598,1180,909,1472,1276,853,473,5,10.99,0.9544,Bajo,Bajo,2.7,0.83,0.0,26.87,73.84,56.88,92.12,79.85,53.38,29.6,0.31,2.0,2.0
0901000012220,Álvaro Obregón,3537,62,26,0,3414,2707,1316,778,500,356,708,571,338,133,3,9.41,0.9403,Medio,Bajo,1.75,0.76,0.0,37.21,64.27,45.76,91.0,73.39,43.44,17.1,0.39,3.0,2.0
090100001199A,Álvaro Obregón,3207,115,39,0,3098,2469,870,815,548,352,753,663,385,189,,9.46,0.9418,Medio,Bajo,3.59,1.26,0.0,27.13,67.24,43.19,92.39,81.35,47.24,23.19,,3.0,2.0
0901000010474,Álvaro Obregón,9421,94,35,0,9127,7542,2186,2405,1599,1070,2162,1881,859,543,6,9.61,0.9475,Bajo,Bajo,1.0,0.38,0.0,23.2,66.49,44.49,89.9,78.21,35.72,22.58,0.25,2.0,2.0
0901000012112,Álvaro Obregón,9888,192,63,,9535,7782,2421,2612,1898,1319,2396,1975,1494,786,13,10.14,0.9462,Medio,Bajo,1.94,0.66,,24.48,72.66,50.5,91.73,75.61,57.2,30.09,0.5,3.0,2.0
0901000012235,Álvaro Obregón,2796,71,20,0,2698,2266,680,772,603,489,716,672,395,233,,9.77,0.9526,Bajo,Bajo,2.54,0.74,0.0,24.32,78.11,63.34,92.75,87.05,51.17,30.18,,2.0,2.0
0901000011434,Álvaro Obregón,5554,44,18,0,5409,4533,1454,1360,1020,734,1258,1074,657,376,6,10.5,0.9554,Bajo,Bajo,0.79,0.33,0.0,26.18,75.0,53.97,92.5,78.97,48.31,27.65,0.44,2.0,2.0
0901000010169,Álvaro Obregón,2493,34,7,0,2421,2050,727,599,440,325,536,485,257,146,4,10.49,0.9431,Medio,Bajo,1.36,0.29,0.0,29.16,73.46,54.26,89.48,80.97,42.9,24.37,0.67,3.0,2.0
0901000012076,Álvaro Obregón,3152,35,24,0,3058,2550,711,770,559,434,720,643,425,241,3,10.3,0.9491,Bajo,Bajo,1.11,0.78,0.0,22.56,72.6,56.36,93.51,83.51,55.19,31.3,0.39,2.0,2.0
0901000012061,Álvaro Obregón,8541,167,65,,8323,6511,995,2594,2281,2123,2528,2083,1676,1523,0,12.87,0.9797,Muy bajo,Muy bajo,1.96,0.78,,11.65,87.93,81.84,97.46,80.3,64.61,58.71,0.0,1.0,1.0
0901000010309,Álvaro Obregón,3842,77,37,0,3760,3178,941,1060,826,609,980,813,542,362,6,10.73,0.9541,Bajo,Bajo,2.0,0.98,0.0,24.49,77.92,57.45,92.45,76.7,51.13,34.15,0.57,2.0,2.0
0901000011472,Álvaro Obregón,3788,127,53,0,3629,2905,934,881,578,393,788,717,391,198,13,9.28,0.9401,Medio,Bajo,3.35,1.46,0.0,24.66,65.61,44.61,89.44,81.38,44.38,22.47,1.48,3.0,2.0
0901000011379,Álvaro Obregón,2298,29,34,0,2229,1903,470,682,618,546,665,530,469,452,,12.88,0.968,Muy bajo,Muy bajo,1.26,1.53,0.0,20.45,90.62,80.06,97.51,77.71,68.77,66.28,,1.0,1.0
0901000010811,Álvaro Obregón,1230,14,6,0,1214,1117,230,495,442,414,471,380,331,267,0,14.43,0.9779,Muy bajo,Muy bajo,1.14,0.49,0.0,18.7,89.29,83.64,95.15,76.77,66.87,53.94,0.0,1.0,1.0
0901000011788,Álvaro Obregón,4219,76,29,0,4109,3371,1099,755,580,406,695,603,257,158,3,9.86,0.9553,Bajo,Bajo,1.8,0.71,0.0,26.05,76.82,53.77,92.05,79.87,34.04,20.93,0.4,2.0,2.0
0901000011839,Álvaro Obregón,4896,171,79,0,4714,3964,1354,1372,1056,827,1293,1142,875,502,,10.53,0.9497,Bajo,Bajo,3.49,1.68,0.0,27.66,76.97,60.28,94.24,83.24,63.78,36.59,,2.0,2.0
0901000012165,Álvaro Obregón,3201,132,70,0,3108,2601,907,910,594,401,822,705,345,293,,10.09,0.9461,Medio,Bajo,4.12,2.25,0.0,28.33,65.27,44.07,90.33,77.47,37.91,32.2,,3.0,2.0
0901000010489,Álvaro Obregón,3751,111,44,0,3636,3019,1109,1029,718,518,937,885,436,260,,9.99,0.9498,Bajo,Bajo,2.96,1.21,0.0,29.57,69.78,50.34,91.06,86.01,42.37,25.27,,2.0,2.0
090100001174A,Álvaro Obregón,9998,827,314,,9640,7804,3610,2603,1649,1095,2332,2071,698,418,13,9.4,0.9368,Medio,Bajo,8.27,3.26,,36.11,63.35,42.07,89.59,79.56,26.82,16.06,0.5,3.0,2.0
0901000011754,Álvaro Obregón,3230,243,76,,3112,2529,1066,850,552,348,771,692,275,138,4,9.38,0.9367,Medio,Bajo,7.52,2.44,,33.0,64.94,40.94,90.71,81.41,32.35,16.24,0.47,3.0,2.0
090100001135A,Álvaro Obregón,6908,192,83,,6653,5454,1797,1742,1245,862,1560,1517,499,375,,10.3,0.948,Bajo,Bajo,2.78,1.25,,26.01,71.47,49.48,89.55,87.08,28.65,21.53,,2.0,2.0
0901000011720,Álvaro Obregón,4093,255,95,,3935,3152,1172,1011,706,460,914,874,245,242,4,10.21,0.943,Medio,Bajo,6.23,2.41,,28.63,69.83,45.5,90.41,86.45,24.23,23.94,0.4,3.0,2.0
0901000011468,Álvaro Obregón,2600,116,58,,2498,1952,709,654,390,233,571,527,227,105,5,8.99,0.9345,Medio,Medio,4.46,2.32,,27.27,59.63,35.63,87.31,80.58,34.71,16.06,0.76,3.0,3.0
0901000011932,Álvaro Obregón,2659,110,43,3,2556,2037,770,749,438,269,673,578,262,122,12,9.04,0.9379,Medio,Medio,4.14,1.68,0.12,28.96,58.48,35.91,89.85,77.17,34.98,16.29,1.6,3.0,3.0
0901000011487,Álvaro Obregón,4629,194,72,0,4442,3582,1328,1294,715,487,1167,876,332,200,9,9.47,0.9377,Medio,Medio,4.19,1.62,0.0,28.69,55.26,37.64,90.19,67.7,25.66,15.46,0.7,3.0,3.0
0901000011735,Álvaro Obregón,9161,697,253,,8775,7212,2859,2267,1478,1003,2056,1771,670,425,11,9.61,0.9381,Medio,Bajo,7.61,2.88,,31.21,65.2,44.24,90.69,78.12,29.55,18.75,0.49,3.0,2.0
0901200010604,Tlalpan,4628,174,76,0,4493,3738,1502,1311,850,613,1207,1083,449,302,5,10.11,0.946,Medio,Bajo,3.76,1.69,0.0,32.45,64.84,46.76,92.07,82.61,34.25,23.04,0.38,3.0,2.0
0901200011072,Tlalpan,9407,295,117,3,9178,7826,2463,2759,2240,1847,2574,2236,1452,1193,15,12.21,0.9575,Bajo,Muy bajo,3.14,1.27,0.03,26.18,81.19,66.94,93.29,81.04,52.63,43.24,0.54,2.0,1.0
0901200011424,Tlalpan,4485,131,40,,4331,3665,1424,1290,928,703,1156,990,454,369,4,11.11,0.9503,Bajo,Bajo,2.92,0.92,,31.75,71.94,54.5,89.61,76.74,35.19,28.6,0.31,2.0,2.0
0901200010498,Tlalpan,2920,30,17,0,2881,2588,721,999,947,866,970,808,762,633,,14.49,0.9701,Muy bajo,Muy bajo,1.03,0.59,0.0,24.69,94.79,86.69,97.1,80.88,76.28,63.36,,1.0,1.0
0901200010125,Tlalpan,3367,64,41,0,3300,2824,931,936,690,543,850,736,559,323,,10.69,0.9507,Bajo,Bajo,1.9,1.24,0.0,27.65,73.72,58.01,90.81,78.63,59.72,34.51,,2.0,2.0
0901200010445,Tlalpan,2730,97,42,0,2677,2324,691,877,724,611,826,693,478,357,,12.93,0.9629,Bajo,Muy bajo,3.55,1.57,0.0,25.31,82.55,69.67,94.18,79.02,54.5,40.71,,2.0,1.0
0901200010074,Tlalpan,1813,18,47,0,1786,1639,272,629,614,589,619,537,522,456,0,15.06,0.9844,Muy bajo,Muy bajo,0.99,2.63,0.0,15.0,97.62,93.64,98.41,85.37,82.99,72.5,0.0,1.0,1.0
0901200010159,Tlalpan,3220,72,43,0,3139,2720,951,992,711,538,906,727,505,256,,11.24,0.9509,Bajo,Bajo,2.24,1.37,0.0,29.53,71.67,54.23,91.33,73.29,50.91,25.81,,2.0,2.0
090120001045A,Tlalpan,3668,86,43,0,3603,3216,1003,1113,956,838,1062,897,675,423,0,12.79,0.9655,Bajo,Muy bajo,2.34,1.19,0.0,27.34,85.89,75.29,95.42,80.59,60.65,38.01,0.0,2.0,1.0
0901200010411,Tlalpan,1095,8,7,0,1086,995,266,386,357,337,372,305,296,210,0,14.74,0.9731,Muy bajo,Muy bajo,0.73,0.64,0.0,24.29,92.49,87.31,96.37,79.02,76.68,54.4,0.0,1.0,1.0
0901200010017,Tlalpan,1691,16,31,0,1665,1482,306,690,663,628,680,488,566,498,0,14.8,0.9815,Muy bajo,Muy bajo,0.95,1.86,0.0,18.1,96.09,91.01,98.55,70.72,82.03,72.17,0.0,1.0,1.0
0901200010214,Tlalpan,1867,5,7,,1845,1687,399,580,537,499,560,469,442,336,0,14.55,0.9612,Bajo,Muy bajo,0.27,0.38,,21.37,92.59,86.03,96.55,80.86,76.21,57.93,0.0,2.0,1.0
090120001077A,Tlalpan,5418,131,74,0,5255,4316,1756,1537,1015,688,1351,1253,492,343,11,10.07,0.9438,Medio,Bajo,2.42,1.41,0.0,32.41,66.04,44.76,87.9,81.52,32.01,22.32,0.72,3.0,2.0
0901200010267,Tlalpan,1902,28,22,0,1867,1697,330,680,662,589,671,633,548,460,0,14.54,0.976,Muy bajo,Muy bajo,1.47,1.18,0.0,17.35,97.35,86.62,98.68,93.09,80.59,67.65,0.0,1.0,1.0
0901200010303,Tlalpan,5375,99,37,0,5186,4353,1681,1489,1081,790,1312,1137,729,458,6,10.75,0.9477,Bajo,Bajo,1.84,0.71,0.0,31.27,72.6,53.06,88.11,76.36,48.96,30.76,0.4,2.0,2.0
0901200012066,Tlalpan,3434,69,28,0,3362,2964,718,1192,1089,1021,1153,903,795,721,0,13.5,0.9663,Bajo,Muy bajo,2.01,0.83,0.0,20.91,91.36,85.65,96.73,75.76,66.69,60.49,0.0,2.0,1.0
090120001198A,Tlalpan,1589,14,10,0,1558,1364,343,515,453,386,490,406,328,267,,13.11,0.9764,Muy bajo,Muy bajo,0.88,0.64,0.0,21.59,87.96,74.95,95.15,78.83,63.69,51.84,,1.0,1.0
0901200012174,Tlalpan,1993,7,5,0,1954,1722,419,768,694,606,741,629,508,439,0,14.11,0.976,Muy bajo,Muy bajo,0.35,0.26,0.0,21.02,90.36,78.91,96.48,81.9,66.15,57.16,0.0,1.0,1.0
0901200011994,Tlalpan,3188,28,11,0,3110,2536,293,1038,958,906,1015,871,755,682,0,14.09,0.9776,Muy bajo,Muy bajo,0.88,0.35,0.0,9.19,92.29,87.28,97.78,83.91,72.74,65.7,0.0,1.0,1.0
0901200010500,Tlalpan,7264,262,126,3,7032,5743,2169,1918,1361,974,1779,1506,861,477,5,10.17,0.9503,Bajo,Bajo,3.61,1.79,0.04,29.86,70.96,50.78,92.75,78.52,44.89,24.87,0.26,2.0,2.0
0901200011000,Tlalpan,1790,31,16,0,1744,1490,604,444,365,310,413,349,246,172,5,12.08,0.9487,Bajo,Muy bajo,1.73,0.92,0.0,33.74,82.21,69.82,93.02,78.6,55.41,38.74,1.13,2.0,1.0
090120001216A,Tlalpan,3015,28,13,0,2933,2585,667,1080,1019,955,1062,825,845,766,0,14.42,0.9775,Muy bajo,Muy bajo,0.93,0.44,0.0,22.12,94.35,88.43,98.33,76.39,78.24,70.93,0.0,1.0,1.0
0901200011509,Tlalpan,5341,213,73,0,5177,4043,1453,1454,871,566,1306,1126,298,240,11,9.39,0.9405,Medio,Medio,3.99,1.41,0.0,27.2,59.9,38.93,89.82,77.44,20.5,16.51,0.76,3.0,3.0
090120001020A,Tlalpan,1693,29,28,0,1677,1543,420,561,509,469,539,518,427,268,0,14.31,0.9739,Muy bajo,Muy bajo,1.71,1.67,0.0,24.81,90.73,83.6,96.08,92.34,76.11,47.77,0.0,1.0,1.0
0901200010021,Tlalpan,671,8,11,0,662,590,122,204,199,194,201,151,180,160,0,15.17,0.9837,Muy bajo,Muy bajo,1.19,1.66,0.0,18.18,97.55,95.1,98.53,74.02,88.24,78.43,0.0,1.0,1.0
0901200010106,Tlalpan,305,3,,0,295,265,55,123,106,103,119,79,70,62,0,14.61,0.9842,Muy bajo,Muy bajo,0.98,,0.0,18.03,86.18,83.74,96.75,64.23,56.91,50.41,0.0,1.0,1.0
090120001013A,Tlalpan,3264,90,48,0,3184,2754,684,994,790,571,912,832,624,315,7,11.23,0.9591,Bajo,Bajo,2.76,1.51,0.0,20.96,79.48,57.44,91.75,83.7,62.78,31.69,0.7,2.0,2.0
0901200010182,Tlalpan,6006,148,53,0,5860,4924,1854,1630,1200,880,1495,1249,882,468,8,10.84,0.9522,Bajo,Bajo,2.46,0.9,0.0,30.87,73.62,53.99,91.72,76.63,54.11,28.71,0.49,2.0,2.0
0901200010197,Tlalpan,1985,19,9,0,1962,1783,434,708,653,615,693,554,486,424,0,14.63,0.9825,Muy bajo,Muy bajo,0.96,0.46,0.0,21.86,92.23,86.86,97.88,78.25,68.64,59.89,0.0,1.0,1.0
0901200010040,Tlalpan,1162,8,16,0,1140,1039,325,417,392,369,407,337,271,227,0,14.34,0.9681,Muy bajo,Muy bajo,0.69,1.4,0.0,27.97,94.0,88.49,97.6,80.82,64.99,54.44,0.0,1.0,1.0
0901200271763,Tlalpan,3975,246,99,0,3814,3086,1327,1033,646,473,973,881,423,181,0,10.26,0.9241,Alto,Bajo,6.19,2.6,0.0,33.38,62.54,45.79,94.19,85.29,40.95,17.52,0.0,4.0,2.0
0901200012070,Tlalpan,1962,30,18,0,1931,1747,335,703,676,612,691,602,498,458,0,14.06,0.9802,Muy bajo,Muy bajo,1.53,0.93,0.0,17.07,96.16,87.06,98.29,85.63,70.84,65.15,0.0,1.0,1.0
0901200011068,Tlalpan,2082,38,25,0,2039,1823,492,676,623,549,654,562,452,440,0,13.14,0.9704,Muy bajo,Muy bajo,1.83,1.23,0.0,23.63,92.16,81.21,96.75,83.14,66.86,65.09,0.0,1.0,1.0
0901200012121,Tlalpan,13974,469,231,0,13666,11690,3598,4117,3518,3107,3954,3430,2477,2100,8,13.0,0.9652,Bajo,Muy bajo,3.36,1.69,0.0,25.75,85.45,75.47,96.04,83.31,60.17,51.01,0.19,2.0,1.0
090120027180A,Tlalpan,1369,137,45,0,1312,1083,464,371,217,162,347,332,132,81,,10.24,0.9168,Alto,Bajo,10.01,3.43,0.0,33.89,58.49,43.67,93.53,89.49,35.58,21.83,,4.0,2.0
0901200011975,Tlalpan,4266,37,20,0,4194,3740,1005,1454,1308,1145,1401,1148,940,744,,13.76,0.9741,Muy bajo,Muy bajo,0.87,0.48,0.0,23.56,89.96,78.75,96.35,78.95,64.65,51.17,,1.0,1.0
0901200011388,Tlalpan,3739,107,46,,3628,3036,945,1069,798,609,979,846,461,381,7,10.92,0.9566,Bajo,Bajo,2.86,1.27,,25.27,74.65,56.97,91.58,79.14,43.12,35.64,0.65,2.0,2.0
0901200011956,Tlalpan,3097,7,52,0,3042,2730,690,957,941,901,943,779,874,754,0,14.43,0.9756,Muy bajo,Muy bajo,0.23,1.71,0.0,22.28,98.33,94.15,98.54,81.4,91.33,78.79,0.0,1.0,1.0
0901200010430,Tlalpan,2844,34,25,0,2777,2500,701,940,834,729,895,823,572,503,3,13.45,0.9623,Bajo,Muy bajo,1.2,0.9,0.0,24.65,88.72,77.55,95.21,87.55,60.85,53.51,0.32,2.0,1.0
0901200011918,Tlalpan,2803,17,11,0,2768,2488,642,968,923,843,944,844,757,600,0,14.59,0.979,Muy bajo,Muy bajo,0.61,0.4,0.0,22.9,95.35,87.09,97.52,87.19,78.2,61.98,0.0,1.0,1.0
0901200012206,Tlalpan,4752,237,78,,4573,3651,1189,1182,788,397,1067,958,263,190,6,9.17,0.9196,Alto,Medio,4.99,1.71,,25.02,66.67,33.59,90.27,81.05,22.25,16.07,0.51,4.0,3.0
0901200012155,Tlalpan,4856,422,155,0,4714,3841,227,743,580,551,734,589,256,304,0,11.78,0.9872,Muy bajo,Muy bajo,8.69,3.29,0.0,4.67,78.06,74.16,98.79,79.27,34.45,40.92,0.0,1.0,1.0
0901200010479,Tlalpan,681,20,8,0,671,594,178,244,237,219,241,217,199,162,,14.62,0.9735,Muy bajo,Muy bajo,2.94,1.19,0.0,26.14,97.13,89.75,98.77,88.93,81.56,66.39,,1.0,1.0
0901200262314,Tlalpan,71,,,0,69,59,32,23,16,11,22,18,9,4,0,11.32,0.9377,Medio,Bajo,,,0.0,45.07,69.57,47.83,95.65,78.26,39.13,17.39,0.0,3.0,2.0
0901200011937,Tlalpan,1884,6,3,0,1868,1650,386,642,579,495,610,522,411,328,,13.24,0.9756,Muy bajo,Muy bajo,0.32,0.16,0.0,20.49,90.19,77.1,95.02,81.31,64.02,51.09,,1.0,1.0
0901200012193,Tlalpan,5723,190,69,0,5558,4596,1652,1670,1326,1039,1585,1383,776,703,,11.23,0.9563,Bajo,Bajo,3.32,1.24,0.0,28.87,79.4,62.22,94.91,82.81,46.47,42.1,,2.0,2.0
090120001038A,Tlalpan,769,6,14,0,764,716,267,146,133,128,140,117,104,74,0,10.63,0.9554,Bajo,Muy bajo,0.78,1.83,0.0,34.72,91.1,87.67,95.89,80.14,71.23,50.68,0.0,2.0,1.0
0901200010483,Tlalpan,3367,7,10,0,3317,3032,820,1187,1113,1034,1146,1011,878,717,,14.82,0.9699,Muy bajo,Muy bajo,0.21,0.3,0.0,24.35,93.77,87.11,96.55,85.17,73.97,60.4,,1.0,1.0
0901200010712,Tlalpan,2381,27,15,0,2333,2123,550,885,765,665,830,675,584,432,,13.71,0.9766,Muy bajo,Muy bajo,1.13,0.64,0.0,23.1,86.44,75.14,93.79,76.27,65.99,48.81,,1.0,1.0
0901200010943,Tlalpan,2352,3,16,0,2321,2071,666,734,607,539,684,603,425,331,,13.39,0.9652,Bajo,Muy bajo,0.13,0.69,0.0,28.32,82.7,73.43,93.19,82.15,57.9,45.1,,2.0,1.0
0901200010962,Tlalpan,1858,8,9,0,1841,1654,523,599,532,485,566,531,387,280,,13.41,0.9499,Bajo,Muy bajo,0.43,0.49,0.0,28.15,88.81,80.97,94.49,88.65,64.61,46.74,,2.0,1.0
0901200010568,Tlalpan,3668,46,31,0,3596,3180,978,1131,993,886,1080,887,745,490,,13.46,0.962,Bajo,Muy bajo,1.25,0.86,0.0,26.66,87.8,78.34,95.49,78.43,65.87,43.32,,2.0,1.0
0901200010642,Tlalpan,2514,96,30,0,2461,2137,675,734,598,486,671,585,369,286,,11.84,0.9612,Bajo,Muy bajo,3.82,1.22,0.0,26.85,81.47,66.21,91.42,79.7,50.27,38.96,,2.0,1.0
0901200010407,Tlalpan,935,6,17,0,925,852,320,256,220,194,238,189,163,121,,13.2,0.9557,Bajo,Muy bajo,0.64,1.84,0.0,34.22,85.94,75.78,92.97,73.83,63.67,47.27,,2.0,1.0
0901200010426,Tlalpan,2154,8,9,0,2117,1896,536,636,553,448,603,543,372,249,0,12.75,0.9687,Muy bajo,Muy bajo,0.37,0.43,0.0,24.88,86.95,70.44,94.81,85.38,58.49,39.15,0.0,1.0,1.0
0901200010572,Tlalpan,3323,28,16,0,3280,2995,750,1260,1107,990,1186,1085,824,664,,13.68,0.9703,Muy bajo,Muy bajo,0.84,0.49,0.0,22.57,87.86,78.57,94.13,86.11,65.4,52.7,,1.0,1.0
0901200010549,Tlalpan,2808,30,23,0,2768,2473,666,904,828,756,875,770,684,506,0,13.94,0.977,Muy bajo,Muy bajo,1.07,0.83,0.0,23.72,91.59,83.63,96.79,85.18,75.66,55.97,0.0,1.0,1.0
0901200010731,Tlalpan,1730,16,11,0,1699,1537,450,573,522,467,550,484,358,324,,14.21,0.9728,Muy bajo,Muy bajo,0.92,0.65,0.0,26.01,91.1,81.5,95.99,84.47,62.48,56.54,,1.0,1.0
0901200010765,Tlalpan,2229,11,10,0,2199,1980,442,840,731,643,790,650,564,407,0,13.9,0.9748,Muy bajo,Muy bajo,0.49,0.45,0.0,19.83,87.02,76.55,94.05,77.38,67.14,48.45,0.0,1.0,1.0
0901200010816,Tlalpan,3627,95,39,0,3543,2978,1008,995,676,494,917,759,336,251,3,10.2,0.952,Bajo,Bajo,2.62,1.1,0.0,27.79,67.94,49.65,92.16,76.28,33.77,25.23,0.3,2.0,2.0
0901200010820,Tlalpan,3260,50,19,,3193,2707,921,963,758,556,885,737,439,327,3,11.4,0.9439,Medio,Bajo,1.53,0.6,,28.25,78.71,57.74,91.9,76.53,45.59,33.96,0.31,3.0,2.0
0901200010835,Tlalpan,2361,28,14,0,2318,1957,659,675,541,440,637,556,300,231,6,11.66,0.9519,Bajo,Bajo,1.19,0.6,0.0,27.91,80.15,65.19,94.37,82.37,44.44,34.22,0.89,2.0,2.0
090120001084A,Tlalpan,2339,53,30,0,2279,1915,594,702,604,515,675,580,389,310,,12.79,0.9673,Muy bajo,Muy bajo,2.27,1.32,0.0,25.4,86.04,73.36,96.15,82.62,55.41,44.16,,1.0,1.0
0901200010854,Tlalpan,1138,18,12,0,1127,985,301,345,326,306,341,305,250,191,0,14.79,0.9748,Muy bajo,Muy bajo,1.58,1.06,0.0,26.45,94.49,88.7,98.84,88.41,72.46,55.36,0.0,1.0,1.0
0901200010869,Tlalpan,4651,128,46,0,4540,3777,1095,1288,990,770,1220,1040,517,432,,11.29,0.962,Bajo,Bajo,2.75,1.01,0.0,23.54,76.86,59.78,94.72,80.75,40.14,33.54,,2.0,2.0
0901200010888,Tlalpan,4587,9,5,0,4509,3906,1109,1523,1291,1086,1441,1272,915,652,7,12.04,0.9601,Bajo,Muy bajo,0.2,0.11,0.0,24.18,84.77,71.31,94.62,83.52,60.08,42.81,0.46,2.0,1.0
090120001091A,Tlalpan,3968,94,34,0,3856,3297,1157,1181,895,731,1102,889,585,365,7,11.64,0.9501,Bajo,Bajo,2.37,0.88,0.0,29.16,75.78,61.9,93.31,75.28,49.53,30.91,0.59,2.0,2.0
0901200010375,Tlalpan,1884,37,21,0,1851,1671,455,622,553,483,591,553,400,310,0,13.31,0.9685,Muy bajo,Muy bajo,1.96,1.13,0.0,24.15,88.91,77.65,95.02,88.91,64.31,49.84,0.0,1.0,1.0
090120026248A,Tlalpan,301,49,20,0,289,204,89,77,27,14,75,61,53,6,0,8.94,0.8748,Muy alto,Alto,16.28,6.92,0.0,29.57,35.06,18.18,97.4,79.22,68.83,7.79,0.0,5.0,4.0
0901200010623,Tlalpan,3257,118,46,0,3177,2728,1087,894,647,523,824,758,386,246,,11.34,0.9521,Bajo,Bajo,3.62,1.45,0.0,33.37,72.37,58.5,92.17,84.79,43.18,27.52,,2.0,2.0
0901200010638,Tlalpan,3105,41,22,0,3041,2619,847,934,742,592,880,717,449,339,6,12.07,0.96,Bajo,Bajo,1.32,0.72,0.0,27.28,79.44,63.38,94.22,76.77,48.07,36.3,0.64,2.0,2.0
0901200010657,Tlalpan,1833,18,21,0,1790,1547,501,518,478,413,505,426,321,252,0,13.25,0.966,Bajo,Muy bajo,0.98,1.17,0.0,27.33,92.28,79.73,97.49,82.24,61.97,48.65,0.0,2.0,1.0
0901200010661,Tlalpan,1039,10,7,0,1025,895,260,313,301,276,309,277,238,200,0,13.92,0.9461,Medio,Muy bajo,0.96,0.68,0.0,25.02,96.17,88.18,98.72,88.5,76.04,63.9,0.0,3.0,1.0
0901200010676,Tlalpan,3407,44,16,0,3325,2895,758,1044,811,686,975,830,541,379,4,11.86,0.9606,Bajo,Bajo,1.29,0.48,0.0,22.25,77.68,65.71,93.39,79.5,51.82,36.3,0.38,2.0,2.0
0901200010680,Tlalpan,1570,16,11,0,1545,1374,395,539,453,399,513,441,306,263,,13.11,0.9635,Bajo,Muy bajo,1.02,0.71,0.0,25.16,84.04,74.03,95.18,81.82,56.77,48.79,,2.0,1.0
0901200010695,Tlalpan,142,0,0,0,142,113,44,45,32,23,41,33,31,17,,12.16,0.9525,Bajo,Bajo,0.0,0.0,0.0,30.99,71.11,51.11,91.11,73.33,68.89,37.78,,2.0,2.0
0901200010727,Tlalpan,2064,17,10,0,2032,1828,440,762,663,582,714,589,484,390,0,13.68,0.9526,Bajo,Muy bajo,0.82,0.49,0.0,21.32,87.01,76.38,93.7,77.3,63.52,51.18,0.0,2.0,1.0
0901200010939,Tlalpan,3144,68,35,0,3082,2702,801,1054,966,833,1017,902,709,586,,13.37,0.97,Muy bajo,Muy bajo,2.16,1.14,0.0,25.48,91.65,79.03,96.49,85.58,67.27,55.6,,1.0,1.0
0901200010977,Tlalpan,221,12,4,0,217,187,47,74,68,61,72,62,47,46,0,13.21,0.9735,Muy bajo,Muy bajo,5.43,1.84,0.0,21.27,91.89,82.43,97.3,83.78,63.51,62.16,0.0,1.0,1.0
0901200011015,Tlalpan,1631,37,25,0,1610,1433,462,478,414,364,454,402,249,219,0,12.76,0.9631,Bajo,Muy bajo,2.27,1.55,0.0,28.33,86.61,76.15,94.98,84.1,52.09,45.82,0.0,2.0,1.0
0901200010996,Tlalpan,695,14,8,0,686,623,164,193,160,129,170,165,119,69,0,11.95,0.9668,Muy bajo,Muy bajo,2.01,1.17,0.0,23.6,82.9,66.84,88.08,85.49,61.66,35.75,0.0,1.0,1.0
090120001102A,Tlalpan,3038,22,26,0,2993,2677,687,1049,951,881,1015,937,656,625,0,14.02,0.9749,Muy bajo,Muy bajo,0.72,0.87,0.0,22.61,90.66,83.98,96.76,89.32,62.54,59.58,0.0,1.0,1.0
0901200011034,Tlalpan,1194,0,23,0,1173,1067,266,384,365,349,375,346,309,246,0,14.68,0.9532,Bajo,Muy bajo,0.0,1.96,0.0,22.28,95.05,90.89,97.66,90.1,80.47,64.06,0.0,2.0,1.0
0901200011157,Tlalpan,5346,444,211,4,5166,4287,1508,1536,1190,886,1427,1334,611,544,8,11.49,0.9541,Bajo,Bajo,8.31,4.08,0.08,28.21,77.47,57.68,92.9,86.85,39.78,35.42,0.52,2.0,2.0
0901200011087,Tlalpan,1070,3,,0,1054,980,296,440,420,396,431,378,288,262,0,15.0,0.9779,Muy bajo,Muy bajo,0.28,,0.0,27.66,95.45,90.0,97.95,85.91,65.45,59.55,0.0,1.0,1.0
0901200011091,Tlalpan,977,10,7,0,961,893,211,419,396,361,410,360,243,276,,14.97,0.9846,Muy bajo,Muy bajo,1.02,0.73,0.0,21.6,94.51,86.16,97.85,85.92,58.0,65.87,,1.0,1.0
0901200011104,Tlalpan,3069,124,52,0,3005,2545,781,916,720,562,867,772,399,344,,11.52,0.9614,Bajo,Bajo,4.04,1.73,0.0,25.45,78.6,61.35,94.65,84.28,43.56,37.55,,2.0,2.0
0901200011119,Tlalpan,4921,146,46,0,4751,4057,1229,1357,1032,757,1235,1133,523,372,4,11.1,0.9607,Bajo,Bajo,2.97,0.97,0.0,24.97,76.05,55.78,91.01,83.49,38.54,27.41,0.29,2.0,2.0
0901200011566,Tlalpan,305,8,5,0,294,250,98,77,64,49,70,61,27,22,0,11.85,0.9603,Bajo,Muy bajo,2.62,1.7,0.0,32.13,83.12,63.64,90.91,79.22,35.06,28.57,0.0,2.0,1.0
0901200010089,Tlalpan,0,0,0,0,0,0,0,0,0,0,0,0,0,0,0,0.0,,,,,,,,,,,,,,,,
0901200011176,Tlalpan,3254,257,109,,3155,2583,1074,876,621,460,799,643,266,210,7,11.22,0.9477,Bajo,Bajo,7.9,3.45,,33.01,70.89,52.51,91.21,73.4,30.37,23.97,0.8,2.0,2.0
0901200011513,Tlalpan,5884,327,138,0,5669,4487,1555,1570,1055,679,1439,1213,463,334,10,9.93,0.9482,Bajo,Bajo,5.56,2.43,0.0,26.43,67.2,43.25,91.66,77.26,29.49,21.27,0.64,2.0,2.0
0901200012013,Tlalpan,8368,417,137,,8106,6727,2832,2230,1579,1192,2026,1801,583,493,9,10.95,0.9485,Bajo,Bajo,4.98,1.69,,33.84,70.81,53.45,90.85,80.76,26.14,22.11,0.4,2.0,2.0
0901200012047,Tlalpan,5793,311,96,0,5611,4499,1895,1527,946,575,1367,1224,381,275,9,9.61,0.9415,Medio,Bajo,5.37,1.71,0.0,32.71,61.95,37.66,89.52,80.16,24.95,18.01,0.59,3.0,2.0
0901200011049,Tlalpan,37,0,0,0,37,35,7,10,10,10,10,10,10,9,0,15.03,,,Muy bajo,0.0,0.0,0.0,18.92,100.0,100.0,100.0,100.0,100.0,90.0,0.0,,1.0
0901200012051,Tlalpan,4700,255,88,,4534,3618,1306,1316,865,554,1209,1120,325,281,3,9.66,0.9462,Medio,Bajo,5.43,1.94,,27.79,65.73,42.1,91.87,85.11,24.7,21.35,0.23,3.0,2.0
0901200011481,Tlalpan,5592,166,62,0,5407,4394,1397,1628,1097,857,1480,1298,571,361,5,10.73,0.9534,Bajo,Bajo,2.97,1.15,0.0,24.98,67.38,52.64,90.91,79.73,35.07,22.17,0.31,2.0,2.0
0901200262403,Tlalpan,2553,441,188,,2453,1896,841,646,215,141,613,505,272,34,,8.73,0.879,Muy alto,Alto,17.27,7.66,,32.94,33.28,21.83,94.89,78.17,42.11,5.26,,5.0,4.0
0901200010905,Tlalpan,4546,79,32,0,4419,3742,1238,1406,1107,901,1326,1070,716,546,6,11.64,0.9577,Bajo,Bajo,1.74,0.72,0.0,27.23,78.73,64.08,94.31,76.1,50.92,38.83,0.43,2.0,2.0
0901200012136,Tlalpan,4691,227,98,0,4550,3867,1402,1290,997,807,1233,1032,554,358,,11.39,0.9581,Bajo,Bajo,4.84,2.15,0.0,29.89,77.29,62.56,95.58,80.0,42.95,27.75,,2.0,2.0
0901200012140,Tlalpan,6515,313,120,0,6350,5362,2068,1809,1505,1273,1737,1404,966,742,,12.37,0.9595,Bajo,Muy bajo,4.8,1.89,0.0,31.74,83.2,70.37,96.02,77.61,53.4,41.02,,2.0,1.0
0901200012333,Tlalpan,264,17,7,0,250,193,135,59,17,8,53,38,6,,0,7.61,0.8847,Muy alto,Alto,6.44,2.8,0.0,51.14,28.81,13.56,89.83,64.41,10.17,,0.0,5.0,4.0
0901200261710,Tlalpan,785,60,22,0,763,628,328,215,115,79,199,179,64,33,0,9.95,0.8961,Muy alto,Medio,7.64,2.88,0.0,41.78,53.49,36.74,92.56,83.26,29.77,15.35,0.0,5.0,3.0
0901200262329,Tlalpan,357,20,8,,347,293,140,106,71,53,102,88,57,24,,10.86,0.9146,Alto,Bajo,5.6,2.31,,39.22,66.98,50.0,96.23,83.02,53.77,22.64,,4.0,2.0
0901200011960,Tlalpan,2219,21,29,0,2179,1964,346,700,684,658,697,559,626,567,0,14.57,0.9767,Muy bajo,Muy bajo,0.95,1.33,0.0,15.59,97.71,94.0,99.57,79.86,89.43,81.0,0.0,1.0,1.0
0901200011462,Tlalpan,11014,417,182,,10709,8839,2740,3232,2455,2046,3027,2526,1439,1190,29,11.5,0.9572,Bajo,Bajo,3.79,1.7,,24.88,75.96,63.3,93.66,78.16,44.52,36.82,0.9,2.0,2.0
0901200012263,Tlalpan,6035,435,173,,5821,4742,1662,1644,1135,824,1507,1281,569,368,7,10.77,0.9509,Bajo,Bajo,7.21,2.97,,27.54,69.04,50.12,91.67,77.92,34.61,22.38,0.43,2.0,2.0
0901200011759,Tlalpan,6,,,,,,,,,,,,,,,,,,Alto,,,,,,,,,,,,,4.0
0901200011477,Tlalpan,6749,396,145,0,6550,5220,1733,1772,1273,897,1621,1370,586,416,5,10.17,0.9518,Bajo,Bajo,5.87,2.21,0.0,25.68,71.84,50.62,91.48,77.31,33.07,23.48,0.28,2.0,2.0
090120001223A,Tlalpan,7153,282,100,0,6901,5662,2329,1949,1414,1005,1803,1533,689,548,6,10.55,0.9487,Bajo,Bajo,3.94,1.45,0.0,32.56,72.55,51.56,92.51,78.66,35.35,28.12,0.31,2.0,2.0
0901200012244,Tlalpan,2254,66,29,0,2211,1926,575,764,687,575,733,733,421,347,0,13.39,0.9715,Muy bajo,Muy bajo,2.93,1.31,0.0,25.51,89.92,75.26,95.94,95.94,55.1,45.42,0.0,1.0,1.0
090120001052A,Tlalpan,3220,42,17,,3144,2702,861,973,774,661,918,849,424,287,,11.61,0.9576,Bajo,Muy bajo,1.3,0.54,,26.74,79.55,67.93,94.35,87.26,43.58,29.5,,2.0,1.0
0901200192475,Tlalpan,1665,12,6,0,1602,1220,475,403,136,82,346,274,146,29,,8.48,0.9233,Alto,Medio,0.72,0.37,0.0,28.53,33.75,20.35,85.86,67.99,36.23,7.2,,4.0,3.0
0901200011890,Tlalpan,434,0,,0,426,370,87,117,102,86,108,105,58,45,0,11.74,0.9609,Bajo,Muy bajo,0.0,,0.0,20.05,87.18,73.5,92.31,89.74,49.57,38.46,0.0,2.0,1.0
0901200010534,Tlalpan,1952,31,31,0,1916,1751,418,651,607,568,624,532,496,416,0,14.59,0.9772,Muy bajo,Muy bajo,1.59,1.62,0.0,21.41,93.24,87.25,95.85,81.72,76.19,63.9,0.0,1.0,1.0
0901200012225,Tlalpan,6664,232,67,,6439,5085,2556,1729,1189,752,1580,1319,472,411,26,9.55,0.9324,Medio,Bajo,3.48,1.04,,38.36,68.77,43.49,91.38,76.29,27.3,23.77,1.5,3.0,2.0
0901200012367,Tlalpan,22,0,0,0,22,16,10,8,6,6,8,8,3,3,0,14.13,,,Muy bajo,0.0,0.0,0.0,45.45,75.0,75.0,100.0,100.0,37.5,37.5,0.0,,1.0
0901200011299,Tlalpan,5328,152,40,0,5166,4360,1729,1457,1026,768,1307,1041,538,343,9,10.75,0.9501,Bajo,Bajo,2.85,0.77,0.0,32.45,70.42,52.71,89.7,71.45,36.93,23.54,0.62,2.0,2.0
0901200011903,Tlalpan,1255,8,10,0,1223,1065,284,434,350,265,408,382,271,175,0,11.77,0.9603,Bajo,Muy bajo,0.64,0.82,0.0,22.63,80.65,61.06,94.01,88.02,62.44,40.32,0.0,2.0,1.0
0901200011316,Tlalpan,6902,230,79,,6721,5590,2226,1867,1399,1033,1716,1584,786,651,9,11.23,0.9499,Bajo,Bajo,3.33,1.18,,32.25,74.93,55.33,91.91,84.84,42.1,34.87,0.48,2.0,2.0
0901200011195,Tlalpan,5300,319,133,,5146,4246,1601,1426,972,711,1303,1120,359,309,3,10.69,0.9505,Bajo,Bajo,6.02,2.58,,30.21,68.16,49.86,91.37,78.54,25.18,21.67,0.21,2.0,2.0
0901200011369,Tlalpan,5374,282,106,,5219,4341,1685,1516,1015,746,1387,1088,509,389,11,10.35,0.9483,Bajo,Bajo,5.25,2.03,,31.35,66.95,49.21,91.49,71.77,33.58,25.66,0.73,2.0,2.0
0901200011439,Tlalpan,3716,85,34,0,3619,3011,1123,1031,825,594,968,857,430,345,4,11.13,0.958,Bajo,Bajo,2.29,0.94,0.0,30.22,80.02,57.61,93.89,83.12,41.71,33.46,0.39,2.0,2.0
0901200011443,Tlalpan,4658,104,59,0,4522,3726,1237,1331,912,637,1194,1121,400,369,12,10.51,0.9509,Bajo,Bajo,2.23,1.3,0.0,26.56,68.52,47.86,89.71,84.22,30.05,27.72,0.9,2.0,2.0
0901200011585,Tlalpan,1883,177,54,,1832,1480,645,459,333,262,426,372,143,163,4,10.88,0.9458,Medio,Bajo,9.4,2.95,,34.25,72.55,57.08,92.81,81.05,31.15,35.51,0.87,3.0,2.0
0901200012009,Tlalpan,7701,630,271,0,7450,6158,2797,2145,1558,1191,2012,1729,725,685,12,11.17,0.9486,Bajo,Bajo,8.18,3.64,0.0,36.32,72.63,55.52,93.8,80.61,33.8,31.93,0.56,2.0,2.0
0901200010784,Tlalpan,3857,123,58,0,3742,3088,1075,1079,781,577,1013,890,436,322,,10.79,0.9571,Bajo,Bajo,3.19,1.55,0.0,27.87,72.38,53.48,93.88,82.48,40.41,29.84,,2.0,2.0
0901200012210,Tlalpan,4455,246,100,4,4313,3473,824,1197,845,544,1114,944,313,293,10,9.99,0.9512,Bajo,Bajo,5.52,2.32,0.09,18.5,70.59,45.45,93.07,78.86,26.15,24.48,0.84,2.0,2.0
0901200010464,Tlalpan,1353,8,10,0,1329,1217,216,465,431,397,450,363,357,298,0,13.91,0.9771,Muy bajo,Muy bajo,0.59,0.75,0.0,15.96,92.69,85.38,96.77,78.06,76.77,64.09,0.0,1.0,1.0
0901200010515,Tlalpan,4311,125,56,0,4200,3497,1374,1237,867,599,1153,1031,519,275,,10.89,0.9507,Bajo,Bajo,2.9,1.33,0.0,31.87,70.09,48.42,93.21,83.35,41.96,22.23,,2.0,2.0
0901200010708,Tlalpan,4664,243,118,0,4509,3849,1475,1360,1013,808,1244,962,653,453,3,11.23,0.9472,Bajo,Bajo,5.21,2.62,0.0,31.63,74.49,59.41,91.47,70.74,48.01,33.31,0.22,2.0,2.0
0901200010163,Tlalpan,3244,42,15,0,3181,2776,836,928,745,605,866,719,552,360,3,11.52,0.9586,Bajo,Bajo,1.29,0.47,0.0,25.77,80.28,65.19,93.32,77.48,59.48,38.79,0.32,2.0,2.0
0901200010746,Tlalpan,1681,,,0,1658,1518,479,614,544,455,571,440,419,340,,14.0,0.9264,Alto,Muy bajo,,,0.0,28.49,88.6,74.1,93.0,71.66,68.24,55.37,,4.0,1.0
0901200010750,Tlalpan,1093,,4,0,1073,969,236,409,354,307,385,346,280,125,0,14.1,0.9807,Muy bajo,Muy bajo,,0.37,0.0,21.59,86.55,75.06,94.13,84.6,68.46,30.56,0.0,1.0,1.0
0901200010801,Tlalpan,3896,53,23,0,3773,3162,1086,1115,799,623,1010,912,498,349,4,10.81,0.9539,Bajo,Bajo,1.36,0.61,0.0,27.87,71.66,55.87,90.58,81.79,44.66,31.3,0.36,2.0,2.0
0901200010229,Tlalpan,1868,32,26,0,1840,1690,468,648,597,543,623,531,484,351,,14.57,0.9767,Muy bajo,Muy bajo,1.71,1.41,0.0,25.05,92.13,83.8,96.14,81.94,74.69,54.17,,1.0,1.0
0901200010248,Tlalpan,576,10,7,0,568,516,153,179,169,151,173,157,147,93,0,14.28,0.976,Muy bajo,Muy bajo,1.74,1.23,0.0,26.56,94.41,84.36,96.65,87.71,82.12,51.96,0.0,1.0,1.0
0901200010337,Tlalpan,4009,232,76,0,3915,3269,1076,1152,844,646,1031,896,467,376,4,10.79,0.9493,Bajo,Bajo,5.79,1.94,0.0,26.84,73.26,56.08,89.5,77.78,40.54,32.64,0.35,2.0,2.0
0901200010341,Tlalpan,2923,58,26,0,2870,2486,729,857,776,668,822,740,538,411,,13.06,0.9548,Bajo,Muy bajo,1.98,0.91,0.0,24.94,90.55,77.95,95.92,86.35,62.78,47.96,,2.0,1.0
0901200010360,Tlalpan,4479,36,30,0,4385,3871,1019,1472,1253,1047,1384,1246,786,649,3,12.75,0.9681,Muy bajo,Muy bajo,0.8,0.68,0.0,22.75,85.12,71.13,94.02,84.65,53.4,44.09,0.2,1.0,1.0
0901200010233,Tlalpan,3761,16,20,0,3719,3373,929,1300,1222,1122,1258,1150,984,782,0,14.91,0.9737,Muy bajo,Muy bajo,0.43,0.54,0.0,24.7,94.0,86.31,96.77,88.46,75.69,60.15,0.0,1.0,1.0
0901200261689,Tlalpan,3496,167,67,,3369,2662,1261,933,696,424,883,788,236,190,4,10.23,0.9362,Medio,Bajo,4.78,1.99,,36.07,74.6,45.44,94.64,84.46,25.29,20.36,0.43,3.0,2.0
0901200010619,Tlalpan,3406,56,17,0,3306,2757,886,907,677,527,852,707,393,254,3,10.88,0.9602,Bajo,Bajo,1.64,0.51,0.0,26.01,74.64,58.1,93.94,77.95,43.33,28.0,0.33,2.0,2.0
0901200010799,Tlalpan,3477,80,33,0,3385,2854,925,1000,734,564,934,819,397,278,,11.03,0.9577,Bajo,Bajo,2.3,0.97,0.0,26.6,73.4,56.4,93.4,81.9,39.7,27.8,,2.0,2.0
0901200010553,Tlalpan,4048,79,51,0,3960,3489,1127,1332,1161,1023,1280,1024,820,657,4,13.2,0.9678,Muy bajo,Muy bajo,1.95,1.29,0.0,27.84,87.16,76.8,96.1,76.88,61.56,49.32,0.3,1.0,1.0
0901200010587,Tlalpan,2820,21,12,0,2780,2509,714,1027,882,768,941,837,691,487,,13.64,0.973,Muy bajo,Muy bajo,0.74,0.43,0.0,25.32,85.88,74.78,91.63,81.5,67.28,47.42,,1.0,1.0
0901200010591,Tlalpan,938,8,3,0,928,846,185,308,293,261,298,257,201,158,0,14.41,0.9821,Muy bajo,Muy bajo,0.85,0.32,0.0,19.72,95.13,84.74,96.75,83.44,65.26,51.3,0.0,1.0,1.0
0901200010924,Tlalpan,5214,88,34,0,5121,4506,1117,1816,1637,1429,1747,1439,1141,1025,5,13.44,0.9762,Muy bajo,Muy bajo,1.69,0.66,0.0,21.42,90.14,78.69,96.2,79.24,62.83,56.44,0.28,1.0,1.0
0901200010958,Tlalpan,1529,15,16,0,1516,1392,378,387,358,327,377,330,265,209,0,13.88,0.9694,Muy bajo,Muy bajo,0.98,1.06,0.0,24.72,92.51,84.5,97.42,85.27,68.48,54.01,0.0,1.0,1.0
0901200011123,Tlalpan,3913,58,30,0,3818,3284,1169,1048,801,619,973,880,470,341,0,11.34,0.9557,Bajo,Bajo,1.48,0.79,0.0,29.87,76.43,59.06,92.84,83.97,44.85,32.54,0.0,2.0,2.0
0901200011142,Tlalpan,3328,102,45,,3253,2811,917,1027,821,682,952,830,464,362,3,12.06,0.9643,Bajo,Muy bajo,3.06,1.38,,27.55,79.94,66.41,92.7,80.82,45.18,35.25,0.29,2.0,1.0
0901200011161,Tlalpan,5990,207,80,0,5873,5023,1466,1658,1306,970,1521,1327,698,575,11,11.4,0.9568,Bajo,Bajo,3.46,1.36,0.0,24.47,78.77,58.5,91.74,80.04,42.1,34.68,0.66,2.0,2.0
0901200010318,Tlalpan,3591,32,20,,3495,3013,817,1080,822,628,986,880,428,292,4,11.18,0.9597,Bajo,Bajo,0.89,0.57,,22.75,76.11,58.15,91.3,81.48,39.63,27.04,0.37,2.0,2.0
0901200010322,Tlalpan,4837,186,84,,4660,3862,1516,1350,985,731,1219,1066,458,336,,10.74,0.9497,Bajo,Bajo,3.85,1.8,,31.34,72.96,54.15,90.3,78.96,33.93,24.89,,2.0,2.0
0901200010093,Tlalpan,1875,38,19,0,1851,1674,378,800,770,729,777,665,554,571,0,16.15,0.98,Muy bajo,Muy bajo,2.03,1.03,0.0,20.16,96.25,91.12,97.12,83.12,69.25,71.38,0.0,1.0,1.0
0901200010144,Tlalpan,2232,43,21,0,2180,1895,540,708,637,551,667,559,488,360,,13.5,0.9695,Muy bajo,Muy bajo,1.93,0.96,0.0,24.19,89.97,77.82,94.21,78.95,68.93,50.85,,1.0,1.0
0901200010178,Tlalpan,2841,93,40,0,2775,2400,663,857,732,571,804,703,585,412,,12.3,0.9637,Bajo,Muy bajo,3.27,1.44,0.0,23.34,85.41,66.63,93.82,82.03,68.26,48.07,,2.0,1.0
0901200011570,Tlalpan,7052,334,137,3,6837,5650,2003,2035,1513,1146,1853,1696,779,562,12,10.94,0.9505,Bajo,Bajo,4.74,2.0,0.04,28.4,74.35,56.31,91.06,83.34,38.28,27.62,0.59,2.0,2.0
0901200011053,Tlalpan,1405,,9,0,1370,1218,278,524,510,497,517,475,471,411,0,15.2,0.9747,Muy bajo,Muy bajo,,0.66,0.0,19.79,97.33,94.85,98.66,90.65,89.89,78.44,0.0,1.0,1.0
0901200012085,Tlalpan,2529,62,28,0,2479,2181,610,940,825,730,922,691,554,486,,13.73,0.9658,Bajo,Muy bajo,2.45,1.13,0.0,24.12,87.77,77.66,98.09,73.51,58.94,51.7,,2.0,1.0
0901200012259,Tlalpan,1778,52,33,0,1739,1492,376,574,483,391,557,460,327,248,,13.03,0.9713,Muy bajo,Muy bajo,2.92,1.9,0.0,21.15,84.15,68.12,97.04,80.14,56.97,43.21,,1.0,1.0
0901200272028,Tlalpan,4151,121,44,0,3988,3151,1365,992,544,349,830,736,407,111,8,9.39,0.9277,Medio,Medio,2.91,1.1,0.0,32.88,54.84,35.18,83.67,74.19,41.03,11.19,0.81,3.0,3.0
0901200272032,Tlalpan,4369,170,65,0,4215,3328,1465,1056,507,316,918,811,421,110,14,9.46,0.926,Alto,Medio,3.89,1.54,0.0,33.53,48.01,29.92,86.93,76.8,39.87,10.42,1.33,4.0,3.0
090120027230A,Tlalpan,1924,333,146,,1856,1532,716,506,264,210,477,380,218,71,6,9.7,0.919,Alto,Medio,17.31,7.87,,37.21,52.17,41.5,94.27,75.1,43.08,14.03,1.19,4.0,3.0
0901200011458,Tlalpan,3878,157,56,,3779,3108,1009,1112,806,578,1024,886,402,294,5,10.77,0.9565,Bajo,Bajo,4.05,1.48,,26.02,72.48,51.98,92.09,79.68,36.15,26.44,0.45,2.0,2.0
0901200012102,Tlalpan,2730,54,35,,2700,2374,515,990,945,888,977,823,710,685,,14.79,0.9822,Muy bajo,Muy bajo,1.98,1.3,,18.86,95.45,89.7,98.69,83.13,71.72,69.19,,1.0,1.0
0901200011941,Tlalpan,1424,15,10,0,1403,1226,311,477,430,394,466,327,308,262,0,13.51,0.9768,Muy bajo,Muy bajo,1.05,0.71,0.0,21.84,90.15,82.6,97.69,68.55,64.57,54.93,0.0,1.0,1.0
0901200011922,Tlalpan,1080,8,6,0,1060,955,232,449,406,367,439,340,306,208,0,14.6,0.9819,Muy bajo,Muy bajo,0.74,0.57,0.0,21.48,90.42,81.74,97.77,75.72,68.15,46.33,0.0,1.0,1.0
0901200012189,Tlalpan,5279,128,55,0,5146,4303,1466,1506,1186,924,1433,1259,688,516,7,11.78,0.9599,Bajo,Bajo,2.42,1.07,0.0,27.77,78.75,61.35,95.15,83.6,45.68,34.26,0.46,2.0,2.0
0901200012371,Tlalpan,17,0,0,0,17,15,,4,3,4,4,3,3,3,0,13.73,,,Muy bajo,0.0,0.0,0.0,,75.0,100.0,100.0,75.0,75.0,75.0,0.0,,1.0
0901200011744,Tlalpan,4101,100,53,,3972,3224,1473,1064,802,548,939,812,297,226,8,10.65,0.9406,Medio,Bajo,2.44,1.33,,35.92,75.38,51.5,88.25,76.32,27.91,21.24,0.75,3.0,2.0
0901200192460,Tlalpan,1532,20,12,0,1458,1158,301,402,202,119,359,299,179,30,6,9.35,0.942,Medio,Medio,1.31,0.82,0.0,19.65,50.25,29.6,89.3,74.38,44.53,7.46,1.49,3.0,3.0
0901200261528,Tlalpan,7452,335,114,0,7193,5703,2508,1916,1246,749,1753,1555,459,272,11,9.74,0.9333,Medio,Bajo,4.5,1.58,0.0,33.66,65.03,39.09,91.49,81.16,23.96,14.2,0.57,3.0,2.0
0901200010394,Tlalpan,1458,7,6,0,1446,1246,500,403,358,309,385,308,269,190,,13.29,0.9609,Bajo,Muy bajo,0.48,0.41,0.0,34.29,88.83,76.67,95.53,76.43,66.75,47.15,,2.0,1.0
0901200262390,Tlalpan,65,12,,0,60,50,9,20,11,13,20,17,11,6,0,11.0,0.9592,Bajo,Bajo,18.46,,0.0,13.85,55.0,65.0,100.0,85.0,55.0,30.0,0.0,2.0,2.0
0901200272422,Tlalpan,3200,517,209,,3087,2447,1205,807,425,300,767,624,346,102,3,9.52,0.9171,Alto,Medio,16.16,6.77,,37.66,52.66,37.17,95.04,77.32,42.87,12.64,0.37,4.0,3.0
0901200012386,Tlalpan,153,7,,0,149,108,91,40,21,13,35,30,4,3,,9.08,0.8876,Muy alto,Medio,4.58,,0.0,59.48,52.5,32.5,87.5,75.0,10.0,7.5,,5.0,3.0
090120001159A,Tlalpan,3741,139,57,0,3627,2950,1330,990,695,536,896,761,287,285,6,11.02,0.9448,Medio,Bajo,3.72,1.57,0.0,35.55,70.2,54.14,90.51,76.87,28.99,28.79,0.61,3.0,2.0
0901200010981,Tlalpan,2639,61,27,0,2578,2280,703,769,658,599,723,665,435,358,0,12.6,0.9624,Bajo,Muy bajo,2.31,1.05,0.0,26.64,85.57,77.89,94.02,86.48,56.57,46.55,0.0,2.0,1.0
0901200012456,Tlalpan,2522,143,49,0,2455,2025,987,651,485,370,612,541,303,144,,10.75,0.935,Medio,Bajo,5.67,2.0,0.0,39.14,74.5,56.84,94.01,83.1,46.54,22.12,,3.0,2.0
0901200010892,Tlalpan,5607,51,31,0,5465,4681,1147,1838,1575,1422,1776,1501,1057,968,0,12.89,0.9691,Muy bajo,Muy bajo,0.91,0.57,0.0,20.46,85.69,77.37,96.63,81.66,57.51,52.67,0.0,1.0,1.0
0901200011496,Tlalpan,8186,276,126,,7821,6328,2605,2275,1321,798,1992,1734,578,352,12,9.41,0.9356,Medio,Medio,3.37,1.61,,31.82,58.07,35.08,87.56,76.22,25.41,15.47,0.53,3.0,3.0
0901200262437,Tlalpan,505,50,18,0,487,392,259,134,92,51,128,124,43,31,,9.8,0.9282,Medio,Bajo,9.9,3.7,0.0,51.29,68.66,38.06,95.52,92.54,32.09,23.13,,3.0,2.0
0901200262297,Tlalpan,1773,137,45,0,1718,1395,684,450,260,185,424,360,154,72,0,10.0,0.9163,Alto,Medio,7.73,2.62,0.0,38.58,57.78,41.11,94.22,80.0,34.22,16.0,0.0,4.0,3.0
0901200261674,Tlalpan,6579,436,145,4,6278,5048,2420,1782,1238,762,1617,1392,478,303,,10.01,0.9264,Alto,Bajo,6.63,2.31,0.06,36.78,69.47,42.76,90.74,78.11,26.82,17.0,,4.0,2.0
090120026166A,Tlalpan,1406,75,32,0,1359,1110,489,379,213,138,342,287,85,30,,9.85,0.9296,Medio,Medio,5.33,2.35,0.0,34.78,56.2,36.41,90.24,75.73,22.43,7.92,,3.0,3.0
0901200011602,Tlalpan,5746,281,110,,5532,4280,2410,1321,700,513,1202,1039,271,194,4,10.07,0.9246,Alto,Medio,4.89,1.99,,41.94,52.99,38.83,90.99,78.65,20.51,14.69,0.3,4.0,3.0
0901200271797,Tlalpan,9291,1063,386,4,8919,6897,2523,2351,1172,710,2176,1794,1051,243,17,9.25,0.9026,Alto,Medio,11.44,4.33,0.04,27.16,49.85,30.2,92.56,76.31,44.7,10.34,0.72,4.0,3.0
0901200261706,Tlalpan,1747,124,39,,1692,1356,680,458,267,226,418,387,145,83,7,10.59,0.9291,Medio,Bajo,7.1,2.3,,38.92,58.3,49.34,91.27,84.5,31.66,18.12,1.53,3.0,2.0
0901200261693,Tlalpan,238,11,4,0,224,187,52,73,34,33,57,53,22,13,11,11.0,0.9444,Medio,Bajo,4.62,1.79,0.0,21.85,46.58,45.21,78.08,72.6,30.14,17.81,15.07,3.0,2.0
0901200012348,Tlalpan,638,98,25,,614,487,211,155,88,49,132,113,22,18,0,9.3,0.9362,Medio,Medio,15.36,4.07,,33.07,56.77,31.61,85.16,72.9,14.19,11.61,0.0,3.0,3.0
0901200011617,Tlalpan,6711,422,157,0,6451,5024,3124,1716,897,580,1480,1321,313,233,11,9.88,0.9195,Alto,Medio,6.29,2.43,0.0,46.55,52.27,33.8,86.25,76.98,18.24,13.58,0.64,4.0,3.0
0901200261532,Tlalpan,6957,255,118,,6706,5234,2451,1831,1090,625,1626,1434,490,248,13,9.45,0.9289,Medio,Medio,3.67,1.76,,35.23,59.53,34.13,88.8,78.32,26.76,13.54,0.71,3.0,3.0
0901200011621,Tlalpan,5835,394,171,0,5660,4636,2349,1601,1137,862,1477,1259,470,373,,11.14,0.9338,Medio,Bajo,6.75,3.02,0.0,40.26,71.02,53.84,92.25,78.64,29.36,23.3,,3.0,2.0
0901200011636,Tlalpan,4273,358,130,0,4140,3429,1519,1159,851,620,1095,924,322,302,,11.22,0.9509,Bajo,Bajo,8.38,3.14,0.0,35.55,73.43,53.49,94.48,79.72,27.78,26.06,,2.0,2.0
0901200011640,Tlalpan,7425,581,203,0,7211,5966,2680,2021,1470,1087,1868,1572,656,456,21,10.91,0.9415,Medio,Bajo,7.82,2.82,0.0,36.09,72.74,53.79,92.43,77.78,32.46,22.56,1.04,3.0,2.0
0901200011212,Tlalpan,3550,124,46,0,3423,2653,1368,838,422,235,695,656,149,71,8,9.3,0.9229,Alto,Medio,3.49,1.34,0.0,38.54,50.36,28.04,82.94,78.28,17.78,8.47,0.95,4.0,3.0
0901200011655,Tlalpan,1380,47,13,0,1310,1026,591,352,183,108,291,292,59,28,,9.43,0.9043,Alto,Medio,3.41,0.99,0.0,42.83,51.99,30.68,82.67,82.95,16.76,7.95,,4.0,3.0
0901200012352,Tlalpan,915,51,20,0,882,710,447,219,140,101,202,190,38,35,0,10.21,0.9012,Alto,Bajo,5.57,2.27,0.0,48.85,63.93,46.12,92.24,86.76,17.35,15.98,0.0,4.0,2.0
0901200012441,Tlalpan,10407,912,313,5,10077,8268,3695,2749,1852,1369,2562,2178,843,614,6,10.78,0.9442,Medio,Bajo,8.76,3.11,0.05,35.5,67.37,49.8,93.2,79.23,30.67,22.34,0.22,3.0,2.0
090120001173A,Tlalpan,1732,118,42,0,1658,1292,541,453,293,155,428,385,154,70,3,8.92,0.926,Alto,Medio,6.81,2.53,0.0,31.24,64.68,34.22,94.48,84.99,34.0,15.45,0.66,4.0,3.0
0901200271778,Tlalpan,5838,322,111,0,5603,4286,2267,1441,782,405,1271,1124,506,151,14,8.92,0.9033,Alto,Medio,5.52,1.98,0.0,38.83,54.27,28.11,88.2,78.0,35.11,10.48,0.97,4.0,3.0
0901200271782,Tlalpan,6970,668,236,,6711,5199,1899,1737,819,524,1602,1461,644,166,13,9.28,0.9098,Alto,Medio,9.58,3.52,,27.25,47.15,30.17,92.23,84.11,37.08,9.56,0.75,4.0,3.0
0901200011547,Tlalpan,2859,201,65,0,2768,2261,738,695,525,408,631,575,262,208,,10.88,0.9563,Bajo,Bajo,7.03,2.35,0.0,25.81,75.54,58.71,90.79,82.73,37.7,29.93,,2.0,2.0
0901200012282,Tlalpan,5014,211,89,0,4876,3941,1583,1391,1079,839,1325,1069,503,454,6,11.14,0.9539,Bajo,Bajo,4.21,1.83,0.0,31.57,77.57,60.32,95.26,76.85,36.16,32.64,0.43,2.0,2.0
0901200262418,Tlalpan,2997,446,168,4,2908,2241,1034,822,197,166,775,655,371,30,6,8.7,0.8946,Muy alto,Alto,14.88,5.78,0.14,34.5,23.97,20.19,94.28,79.68,45.13,3.65,0.73,5.0,4.0
0901200012278,Tlalpan,3299,116,33,0,3204,2628,1107,839,590,399,746,649,291,214,,10.25,0.949,Bajo,Bajo,3.52,1.03,0.0,33.56,70.32,47.56,88.92,77.35,34.68,25.51,,2.0,2.0
0901400010543,Benito Juárez,5681,52,26,0,5530,4947,1039,2372,2168,1976,2305,1734,1596,1435,0,14.27,0.9773,Muy bajo,Muy bajo,0.92,0.47,0.0,18.29,91.4,83.31,97.18,73.1,67.28,60.5,0.0,1.0,1.0
0901400010967,Benito Juárez,705,,,0,684,616,183,251,222,202,244,205,169,150,,13.22,0.9715,Muy bajo,Muy bajo,,,0.0,25.96,88.45,80.48,97.21,81.67,67.33,59.76,,1.0,1.0
0901400010045,Benito Juárez,3480,35,33,0,3416,3091,766,1450,1381,1281,1427,1138,1078,1040,0,15.19,0.9782,Muy bajo,Muy bajo,1.01,0.97,0.0,22.01,95.24,88.34,98.41,78.48,74.34,71.72,0.0,1.0,1.0
0901400010168,Benito Juárez,1670,26,15,0,1639,1480,423,648,550,492,607,462,351,316,4,13.44,0.9702,Muy bajo,Muy bajo,1.56,0.92,0.0,25.33,84.88,75.93,93.67,71.3,54.17,48.77,0.62,1.0,1.0
0901400010971,Benito Juárez,3943,36,23,0,3858,3442,754,1561,1465,1391,1529,1210,1168,1035,0,14.99,0.9793,Muy bajo,Muy bajo,0.91,0.6,0.0,19.12,93.85,89.11,97.95,77.51,74.82,66.3,0.0,1.0,1.0
0901400010878,Benito Juárez,5681,105,51,0,5563,4958,1105,2252,2008,1804,2156,1895,1466,1322,4,13.96,0.9731,Muy bajo,Muy bajo,1.85,0.92,0.0,19.45,89.17,80.11,95.74,84.15,65.1,58.7,0.18,1.0,1.0
090140001051A,Benito Juárez,2793,20,13,0,2736,2477,694,963,812,695,922,811,559,384,,13.04,0.9609,Bajo,Muy bajo,0.72,0.48,0.0,24.85,84.32,72.17,95.74,84.22,58.05,39.88,,2.0,1.0
0901400010524,Benito Juárez,2763,28,17,0,2710,2454,623,1043,853,778,977,832,629,410,3,12.95,0.9516,Bajo,Muy bajo,1.01,0.63,0.0,22.55,81.78,74.59,93.67,79.77,60.31,39.31,0.29,2.0,1.0
0901400010346,Benito Juárez,5180,50,28,0,5031,4531,935,2195,2043,1939,2127,1886,1487,1493,5,14.83,0.9773,Muy bajo,Muy bajo,0.97,0.56,0.0,18.05,93.08,88.34,96.9,85.92,67.74,68.02,0.23,1.0,1.0
0901400010670,Benito Juárez,6796,111,67,0,6636,5891,1340,2575,2352,2191,2507,2045,1694,1580,3,14.21,0.971,Muy bajo,Muy bajo,1.63,1.01,0.0,19.72,91.34,85.09,97.36,79.42,65.79,61.36,0.12,1.0,1.0
0901400010914,Benito Juárez,2250,11,19,0,2196,2002,299,1083,1055,1003,1062,887,925,859,0,15.67,0.979,Muy bajo,Muy bajo,0.49,0.87,0.0,13.29,97.41,92.61,98.06,81.9,85.41,79.32,0.0,1.0,1.0
0901400010115,Benito Juárez,5163,105,41,0,5050,4500,1245,2091,1876,1704,2034,1548,1343,1209,0,14.28,0.9744,Muy bajo,Muy bajo,2.03,0.81,0.0,24.11,89.72,81.49,97.27,74.03,64.23,57.82,0.0,1.0,1.0
0901400011024,Benito Juárez,4142,113,65,0,4061,3697,811,1641,1482,1388,1581,1336,1063,961,0,14.35,0.9694,Muy bajo,Muy bajo,2.73,1.6,0.0,19.58,90.31,84.58,96.34,81.41,64.78,58.56,0.0,1.0,1.0
0901400010153,Benito Juárez,2901,64,28,,2825,2486,715,999,831,719,941,802,540,467,,12.87,0.9604,Bajo,Muy bajo,2.21,0.99,,24.65,83.18,71.97,94.19,80.28,54.05,46.75,,2.0,1.0
0901400010219,Benito Juárez,4029,49,36,0,3933,3568,631,1808,1751,1674,1776,1404,1370,1429,0,15.57,0.9831,Muy bajo,Muy bajo,1.22,0.92,0.0,15.66,96.85,92.59,98.23,77.65,75.77,79.04,0.0,1.0,1.0
0901400010882,Benito Juárez,3795,38,22,0,3706,3377,562,1715,1569,1461,1664,1305,1139,1075,,14.9,0.9575,Bajo,Muy bajo,1.0,0.59,0.0,14.81,91.49,85.19,97.03,76.09,66.41,62.68,,2.0,1.0
0901400010187,Benito Juárez,6913,81,48,0,6728,6038,1421,2654,2433,2195,2554,2027,1873,1571,5,14.15,0.9719,Muy bajo,Muy bajo,1.17,0.71,0.0,20.56,91.67,82.71,96.23,76.38,70.57,59.19,0.19,1.0,1.0
0901400010929,Benito Juárez,3731,31,28,0,3656,3327,813,1614,1524,1410,1567,1327,1282,1151,,15.3,0.9714,Muy bajo,Muy bajo,0.83,0.77,0.0,21.79,94.42,87.36,97.09,82.22,79.43,71.31,,1.0,1.0
0901400010933,Benito Juárez,3060,3,14,0,2981,2691,385,1309,1270,1205,1278,1065,1060,990,,15.44,0.9812,Muy bajo,Muy bajo,0.1,0.47,0.0,12.58,97.02,92.06,97.63,81.36,80.98,75.63,,1.0,1.0
0901400010986,Benito Juárez,5256,59,38,0,5138,4572,953,2045,1908,1803,1989,1624,1495,1311,0,14.74,0.9782,Muy bajo,Muy bajo,1.12,0.74,0.0,18.13,93.3,88.17,97.26,79.41,73.11,64.11,0.0,1.0,1.0
090140001101A,Benito Juárez,4333,25,23,0,4254,3811,980,1649,1503,1404,1593,1328,1147,1131,0,14.28,0.9669,Muy bajo,Muy bajo,0.58,0.54,0.0,22.62,91.15,85.14,96.6,80.53,69.56,68.59,0.0,1.0,1.0
0901400010990,Benito Juárez,5697,89,48,0,5578,4973,1163,2232,2034,1896,2161,1824,1421,1376,,14.43,0.9761,Muy bajo,Muy bajo,1.56,0.86,0.0,20.41,91.13,84.95,96.82,81.72,63.66,61.65,,1.0,1.0
0901400010312,Benito Juárez,2167,39,23,0,2127,1924,460,753,669,595,724,598,477,373,,13.62,0.9646,Bajo,Muy bajo,1.8,1.08,0.0,21.23,88.84,79.02,96.15,79.42,63.35,49.54,,2.0,1.0
0901400010327,Benito Juárez,1777,13,15,0,1755,1554,507,608,527,487,571,480,353,294,,13.85,0.9669,Muy bajo,Muy bajo,0.73,0.85,0.0,28.53,86.68,80.1,93.91,78.95,58.06,48.36,,1.0,1.0
0901400010331,Benito Juárez,2619,50,29,0,2571,2317,679,959,853,757,926,807,592,517,0,13.83,0.967,Muy bajo,Muy bajo,1.91,1.13,0.0,25.93,88.95,78.94,96.56,84.15,61.73,53.91,0.0,1.0,1.0
0901400010685,Benito Juárez,4576,54,32,0,4458,3926,1009,1725,1552,1408,1665,1406,1109,1045,,13.92,0.9727,Muy bajo,Muy bajo,1.18,0.72,0.0,22.05,89.97,81.62,96.52,81.51,64.29,60.58,,1.0,1.0
0901400010717,Benito Juárez,1190,12,14,0,1172,1059,266,461,434,406,448,387,380,306,,14.68,0.9669,Muy bajo,Muy bajo,1.01,1.19,0.0,22.35,94.14,88.07,97.18,83.95,82.43,66.38,,1.0,1.0
0901400010149,Benito Juárez,3398,52,24,0,3342,2968,750,1357,1202,1113,1308,1014,803,712,,14.06,0.9754,Muy bajo,Muy bajo,1.53,0.72,0.0,22.07,88.58,82.02,96.39,74.72,59.17,52.47,,1.0,1.0
0901400010172,Benito Juárez,1828,11,6,0,1787,1638,487,685,593,537,645,482,381,304,3,13.81,0.9738,Muy bajo,Muy bajo,0.6,0.34,0.0,26.64,86.57,78.39,94.16,70.36,55.62,44.38,0.44,1.0,1.0
0901400010204,Benito Juárez,6314,65,49,0,6168,5602,1027,2837,2734,2600,2790,2267,2116,2124,3,15.46,0.9847,Muy bajo,Muy bajo,1.03,0.79,0.0,16.27,96.37,91.65,98.34,79.91,74.59,74.87,0.11,1.0,1.0
0901400010011,Benito Juárez,3973,91,45,0,3906,3526,835,1653,1511,1416,1599,1389,1116,1084,,14.62,0.9728,Muy bajo,Muy bajo,2.29,1.15,0.0,21.02,91.41,85.66,96.73,84.03,67.51,65.58,,1.0,1.0
0901400010026,Benito Juárez,4161,62,30,0,4078,3701,825,1779,1657,1493,1715,1371,1250,1132,6,14.68,0.9651,Bajo,Muy bajo,1.49,0.74,0.0,19.83,93.14,83.92,96.4,77.07,70.26,63.63,0.34,2.0,1.0
0901400010030,Benito Juárez,5366,68,37,0,5250,4694,1099,2224,2044,1857,2166,1761,1521,1400,5,14.36,0.9728,Muy bajo,Muy bajo,1.27,0.7,0.0,20.48,91.91,83.5,97.39,79.18,68.39,62.95,0.22,1.0,1.0
090140001005A,Benito Juárez,5914,63,51,0,5763,5214,1073,2343,2217,2100,2292,1892,1722,1647,0,14.97,0.9758,Muy bajo,Muy bajo,1.07,0.88,0.0,18.14,94.62,89.63,97.82,80.75,73.5,70.29,0.0,1.0,1.0
0901400010492,Benito Juárez,3322,36,18,0,3250,2876,686,1323,1206,1124,1285,1073,868,786,,14.21,0.9762,Muy bajo,Muy bajo,1.08,0.55,0.0,20.65,91.16,84.96,97.13,81.1,65.61,59.41,,1.0,1.0
0901400010825,Benito Juárez,284,4,,0,281,263,51,114,111,107,114,88,76,83,0,15.33,0.9884,Muy bajo,Muy bajo,1.41,,0.0,17.96,97.37,93.86,100.0,77.19,66.67,72.81,0.0,1.0,1.0
0901400010435,Benito Juárez,5570,65,44,0,5460,4949,1125,2307,2135,1982,2248,1833,1658,1561,,14.57,0.9751,Muy bajo,Muy bajo,1.17,0.81,0.0,20.2,92.54,85.91,97.44,79.45,71.87,67.66,,1.0,1.0
0901400010581,Benito Juárez,521,9,7,0,515,464,79,175,166,149,168,131,144,112,0,14.67,0.9678,Muy bajo,Muy bajo,1.73,1.36,0.0,15.16,94.86,85.14,96.0,74.86,82.29,64.0,0.0,1.0,1.0
0901400010562,Benito Juárez,3819,21,18,0,3733,3411,560,1615,1534,1433,1577,1302,1260,1180,,14.91,0.9791,Muy bajo,Muy bajo,0.55,0.48,0.0,14.66,94.98,88.73,97.65,80.62,78.02,73.07,,1.0,1.0
0901400010454,Benito Juárez,1940,33,15,0,1896,1725,385,766,707,646,741,685,555,417,,14.63,0.971,Muy bajo,Muy bajo,1.7,0.79,0.0,19.85,92.3,84.33,96.74,89.43,72.45,54.44,,1.0,1.0
0901400010863,Benito Juárez,7925,80,41,,7738,6920,1620,3153,2822,2618,3023,2631,2010,1737,6,14.51,0.9728,Muy bajo,Muy bajo,1.01,0.53,,20.44,89.5,83.03,95.88,83.44,63.75,55.09,0.19,1.0,1.0
0901400010558,Benito Juárez,2425,19,6,0,2328,2075,425,1016,945,910,981,813,812,744,,15.18,0.9669,Muy bajo,Muy bajo,0.78,0.26,0.0,17.53,93.01,89.57,96.56,80.02,79.92,73.23,,1.0,1.0
0901400010083,Benito Juárez,4930,95,62,0,4852,4501,1076,2140,1945,1788,2058,1744,1388,1331,16,14.69,0.9746,Muy bajo,Muy bajo,1.93,1.28,0.0,21.83,90.89,83.55,96.17,81.5,64.86,62.2,0.75,1.0,1.0
0901400010098,Benito Juárez,6213,72,51,0,6050,5440,1510,2587,2411,2178,2512,2139,1734,1690,,14.67,0.9699,Muy bajo,Muy bajo,1.16,0.84,0.0,24.3,93.2,84.19,97.1,82.68,67.03,65.33,,1.0,1.0
0901400010100,Benito Juárez,1983,25,12,0,1940,1778,434,840,746,681,795,655,489,492,3,14.2,0.964,Bajo,Muy bajo,1.26,0.62,0.0,21.89,88.81,81.07,94.64,77.98,58.21,58.57,0.36,2.0,1.0
0901400010793,Benito Juárez,4670,43,42,0,4600,4200,840,1922,1834,1749,1873,1479,1507,1363,,15.1,0.9768,Muy bajo,Muy bajo,0.92,0.91,0.0,17.99,95.42,91.0,97.45,76.95,78.41,70.92,,1.0,1.0
0901400010365,Benito Juárez,1729,23,15,0,1701,1588,282,789,754,711,768,573,596,316,0,14.6,0.9752,Muy bajo,Muy bajo,1.33,0.88,0.0,16.31,95.56,90.11,97.34,72.62,75.54,40.05,0.0,1.0,1.0
090140001083A,Benito Juárez,3012,31,16,0,2942,2645,634,1142,1038,959,1097,925,778,679,3,14.19,0.9717,Muy bajo,Muy bajo,1.03,0.54,0.0,21.05,90.89,83.98,96.06,81.0,68.13,59.46,0.26,1.0,1.0
0901400010628,Benito Juárez,5347,96,52,0,5249,4789,1217,2082,1922,1792,2006,1758,1564,1150,,14.65,0.9671,Muy bajo,Muy bajo,1.8,0.99,0.0,22.76,92.32,86.07,96.35,84.44,75.12,55.24,,1.0,1.0
0901400010469,Benito Juárez,7095,91,42,0,6960,6161,1347,2782,2461,2241,2677,2345,1790,1544,,13.83,0.9746,Muy bajo,Muy bajo,1.28,0.6,0.0,18.99,88.46,80.55,96.23,84.29,64.34,55.5,,1.0,1.0
0901400010473,Benito Juárez,1915,8,6,0,1886,1696,408,668,597,524,641,568,443,286,0,13.53,0.9691,Muy bajo,Muy bajo,0.42,0.32,0.0,21.31,89.37,78.44,95.96,85.03,66.32,42.81,0.0,1.0,1.0
0901400010420,Benito Juárez,5609,71,45,0,5488,4968,1002,2307,2171,2068,2257,2017,1671,1586,0,15.26,0.9754,Muy bajo,Muy bajo,1.27,0.82,0.0,17.86,94.1,89.64,97.83,87.43,72.43,68.75,0.0,1.0,1.0
0901400010191,Benito Juárez,4213,69,39,0,4120,3713,724,1785,1677,1561,1739,1393,1310,1271,,15.0,0.9788,Muy bajo,Muy bajo,1.64,0.95,0.0,17.18,93.95,87.45,97.42,78.04,73.39,71.2,,1.0,1.0
0901400010596,Benito Juárez,3156,35,38,0,3080,2814,840,1288,1226,1145,1257,877,1055,791,0,14.96,0.9615,Bajo,Muy bajo,1.11,1.23,0.0,26.62,95.19,88.9,97.59,68.09,81.91,61.41,0.0,2.0,1.0
0901400010609,Benito Juárez,4320,19,27,0,4233,3868,746,1838,1744,1609,1789,1478,1504,1275,,15.11,0.973,Muy bajo,Muy bajo,0.44,0.64,0.0,17.27,94.89,87.54,97.33,80.41,81.83,69.37,,1.0,1.0
0901400010613,Benito Juárez,5414,48,33,0,5313,4810,1013,2375,2227,2100,2315,1989,1763,1604,,15.29,0.9824,Muy bajo,Muy bajo,0.89,0.62,0.0,18.71,93.77,88.42,97.47,83.75,74.23,67.54,,1.0,1.0
0901400010632,Benito Juárez,6933,95,52,0,6807,6143,1400,2763,2529,2312,2650,2238,1930,1619,,14.55,0.9748,Muy bajo,Muy bajo,1.37,0.76,0.0,20.19,91.53,83.68,95.91,81.0,69.85,58.6,,1.0,1.0
0901400010948,Benito Juárez,3045,47,30,0,3008,2744,498,1278,1210,1139,1252,1007,940,854,,15.22,0.9776,Muy bajo,Muy bajo,1.54,1.0,0.0,16.35,94.68,89.12,97.97,78.79,73.55,66.82,,1.0,1.0
0901400010647,Benito Juárez,5658,104,54,0,5541,4873,1364,2012,1715,1487,1910,1682,1212,1000,5,12.96,0.9682,Muy bajo,Muy bajo,1.84,0.97,0.0,24.11,85.24,73.91,94.93,83.6,60.24,49.7,0.25,1.0,1.0
0901400010844,Benito Juárez,5577,55,35,0,5462,4945,1143,2366,2218,2065,2313,1831,1768,1590,,14.93,0.9735,Muy bajo,Muy bajo,0.99,0.64,0.0,20.49,93.74,87.28,97.76,77.39,74.73,67.2,,1.0,1.0
0901400010859,Benito Juárez,5794,80,38,0,5657,5113,1068,2261,2013,1861,2161,1784,1486,1393,0,14.14,0.9738,Muy bajo,Muy bajo,1.38,0.67,0.0,18.43,89.03,82.31,95.58,78.9,65.72,61.61,0.0,1.0,1.0
0901400010350,Benito Juárez,3701,30,27,0,3623,3313,686,1594,1506,1387,1549,1184,1127,1146,0,15.12,0.9774,Muy bajo,Muy bajo,0.81,0.75,0.0,18.54,94.48,87.01,97.18,74.28,70.7,71.89,0.0,1.0,1.0
0901400010384,Benito Juárez,4103,62,45,,4017,3601,640,1811,1712,1637,1764,1419,1394,1352,,15.62,0.9813,Muy bajo,Muy bajo,1.51,1.12,,15.6,94.53,90.39,97.4,78.35,76.97,74.65,,1.0,1.0
0901400010399,Benito Juárez,4090,39,48,0,3972,3574,782,1674,1606,1501,1640,1372,1312,1211,,15.13,0.9788,Muy bajo,Muy bajo,0.95,1.21,0.0,19.12,95.94,89.67,97.97,81.96,78.38,72.34,,1.0,1.0
090140001069A,Benito Juárez,1735,17,12,0,1698,1527,409,728,671,618,699,517,490,484,,14.32,0.9692,Muy bajo,Muy bajo,0.98,0.71,0.0,23.57,92.17,84.89,96.02,71.02,67.31,66.48,,1.0,1.0
0901400010702,Benito Juárez,4122,57,41,0,4033,3674,701,1716,1580,1483,1657,1332,1238,1137,3,14.95,0.9667,Muy bajo,Muy bajo,1.38,1.02,0.0,17.01,92.07,86.42,96.56,77.62,72.14,66.26,0.17,1.0,1.0
0901400010257,Benito Juárez,7766,99,64,0,7615,6924,1753,3197,2932,2713,3073,2408,2074,2134,6,14.69,0.9734,Muy bajo,Muy bajo,1.27,0.84,0.0,22.57,91.71,84.86,96.12,75.32,64.87,66.75,0.19,1.0,1.0
0901400010261,Benito Juárez,8246,166,90,0,8088,7424,1989,3413,3138,2896,3304,2836,2231,2288,,14.65,0.9725,Muy bajo,Muy bajo,2.01,1.11,0.0,24.12,91.94,84.85,96.81,83.09,65.37,67.04,,1.0,1.0
0901400010276,Benito Juárez,4686,20,15,0,4584,4198,847,1987,1866,1720,1940,1505,1388,1230,,14.67,0.9686,Muy bajo,Muy bajo,0.43,0.33,0.0,18.08,93.91,86.56,97.63,75.74,69.85,61.9,,1.0,1.0
0901400010755,Benito Juárez,5093,75,52,0,5001,4560,1117,2042,1916,1787,2007,1705,1550,1366,3,14.95,0.9753,Muy bajo,Muy bajo,1.47,1.04,0.0,21.93,93.83,87.51,98.29,83.5,75.91,66.9,0.15,1.0,1.0
090140001037A,Benito Juárez,2546,40,24,0,2493,2285,447,1164,1108,1057,1139,921,882,883,,15.12,0.9774,Muy bajo,Muy bajo,1.57,0.96,0.0,17.56,95.19,90.81,97.85,79.12,75.77,75.86,,1.0,1.0
0901400010488,Benito Juárez,10448,183,86,,10209,8885,2282,3908,3471,3166,3765,3319,2528,2298,,13.58,0.9673,Muy bajo,Muy bajo,1.75,0.84,,21.84,88.82,81.01,96.34,84.93,64.69,58.8,,1.0,1.0
0901400010242,Benito Juárez,4514,56,34,0,4403,3951,963,1869,1778,1644,1825,1400,1335,1336,,15.21,0.9767,Muy bajo,Muy bajo,1.24,0.77,0.0,21.33,95.13,87.96,97.65,74.91,71.43,71.48,,1.0,1.0
0901400010064,Benito Juárez,4064,73,42,0,3980,3648,943,1672,1540,1409,1625,1320,1086,1066,4,14.6,0.9751,Muy bajo,Muy bajo,1.8,1.06,0.0,23.2,92.11,84.27,97.19,78.95,64.95,63.76,0.24,1.0,1.0
090140001012A,Benito Juárez,5644,51,35,0,5527,4947,1245,2266,2037,1856,2167,1745,1490,1276,,14.27,0.964,Bajo,Muy bajo,0.9,0.63,0.0,22.06,89.89,81.91,95.63,77.01,65.75,56.31,,2.0,1.0
090140001044A,Benito Juárez,4368,50,44,0,4282,3914,895,1764,1661,1582,1725,1304,1296,1257,3,15.0,0.9794,Muy bajo,Muy bajo,1.14,1.03,0.0,20.49,94.16,89.68,97.79,73.92,73.47,71.26,0.17,1.0,1.0
0901400010079,Benito Juárez,6309,175,94,0,6187,5675,1532,2647,2377,2198,2544,2156,1663,1625,,14.33,0.9745,Muy bajo,Muy bajo,2.77,1.52,0.0,24.28,89.8,83.04,96.11,81.45,62.83,61.39,,1.0,1.0
0901400010577,Benito Juárez,6059,89,60,0,5936,5440,1138,2855,2700,2542,2797,2122,2071,2034,3,15.1,0.9766,Muy bajo,Muy bajo,1.47,1.01,0.0,18.78,94.57,89.04,97.97,74.33,72.54,71.24,0.11,1.0,1.0
0901400010789,Benito Juárez,2843,34,10,0,2776,2529,541,1124,928,853,1040,853,663,559,,13.72,0.9702,Muy bajo,Muy bajo,1.2,0.36,0.0,19.03,82.56,75.89,92.53,75.89,58.99,49.73,,1.0,1.0
0901400010897,Benito Juárez,1771,10,33,0,1722,1600,307,725,690,665,712,635,581,487,0,15.21,0.9635,Bajo,Muy bajo,0.56,1.92,0.0,17.33,95.17,91.72,98.21,87.59,80.14,67.17,0.0,2.0,1.0
090140001090A,Benito Juárez,2649,9,27,,2593,2391,418,1165,1094,1039,1132,989,928,784,,15.39,0.9785,Muy bajo,Muy bajo,0.34,1.04,,15.78,93.91,89.18,97.17,84.89,79.66,67.3,,1.0,1.0
0901400010134,Benito Juárez,5075,51,32,0,4969,4470,1081,2061,1874,1746,2000,1667,1332,1251,,14.4,0.9722,Muy bajo,Muy bajo,1.0,0.64,0.0,21.3,90.93,84.72,97.04,80.88,64.63,60.7,,1.0,1.0
0901400010952,Benito Juárez,3854,31,22,0,3733,3208,626,1412,1314,1199,1370,1109,1040,988,,14.3,0.9751,Muy bajo,Muy bajo,0.8,0.59,0.0,16.24,93.06,84.92,97.03,78.54,73.65,69.97,,1.0,1.0
0901400011005,Benito Juárez,7611,137,79,0,7462,6690,1537,2962,2690,2474,2856,2420,1906,1839,9,14.35,0.9744,Muy bajo,Muy bajo,1.8,1.06,0.0,20.19,90.82,83.52,96.42,81.7,64.35,62.09,0.3,1.0,1.0
0901400010740,Benito Juárez,3523,12,13,0,3463,3149,510,1436,1367,1251,1401,1161,1144,921,0,14.96,0.971,Muy bajo,Muy bajo,0.34,0.38,0.0,14.48,95.19,87.12,97.56,80.85,79.67,64.14,0.0,1.0,1.0
0901400010401,Benito Juárez,5533,46,38,0,5404,4824,978,2260,2147,2025,2212,1844,1805,1689,3,15.21,0.9775,Muy bajo,Muy bajo,0.83,0.7,0.0,17.68,95.0,89.6,97.88,81.59,79.87,74.73,0.13,1.0,1.0
0901400010416,Benito Juárez,3011,33,30,0,2943,2654,551,1254,1184,1139,1224,979,966,918,,15.24,0.9725,Muy bajo,Muy bajo,1.1,1.02,0.0,18.3,94.42,90.83,97.61,78.07,77.03,73.21,,1.0,1.0
0901400010280,Benito Juárez,2417,33,15,0,2375,2195,474,910,796,708,866,703,582,493,,13.89,0.9662,Bajo,Muy bajo,1.37,0.63,0.0,19.61,87.47,77.8,95.16,77.25,63.96,54.18,,2.0,1.0
0901400010295,Benito Juárez,2208,14,12,0,2160,1909,407,833,724,657,814,694,536,473,0,13.89,0.9744,Muy bajo,Muy bajo,0.63,0.56,0.0,18.43,86.91,78.87,97.72,83.31,64.35,56.78,0.0,1.0,1.0
0901400010308,Benito Juárez,3867,23,12,0,3798,3385,858,1488,1346,1189,1430,1169,951,862,3,13.97,0.9708,Muy bajo,Muy bajo,0.59,0.32,0.0,22.19,90.46,79.91,96.1,78.56,63.91,57.93,0.2,1.0,1.0
0901400010721,Benito Juárez,4471,47,41,0,4384,3927,934,1762,1664,1521,1728,1376,1369,1255,3,14.69,0.9671,Muy bajo,Muy bajo,1.05,0.94,0.0,20.89,94.44,86.32,98.07,78.09,77.7,71.23,0.17,1.0,1.0
0901400010736,Benito Juárez,5045,18,15,0,4952,4542,812,2223,2049,1928,2154,1954,1617,1346,3,14.75,0.9553,Bajo,Muy bajo,0.36,0.3,0.0,16.1,92.17,86.73,96.9,87.9,72.74,60.55,0.13,2.0,1.0
090140001076A,Benito Juárez,4076,40,28,0,3976,3605,773,1715,1642,1555,1683,1381,1292,1289,0,15.24,0.97,Muy bajo,Muy bajo,0.98,0.7,0.0,18.96,95.74,90.67,98.13,80.52,75.34,75.16,0.0,1.0,1.0
0901400010774,Benito Juárez,7049,87,44,,6868,6168,1654,2728,2443,2186,2635,2275,1735,1573,3,13.92,0.9698,Muy bajo,Muy bajo,1.23,0.64,,23.46,89.55,80.13,96.59,83.39,63.6,57.66,0.11,1.0,1.0
0901400010806,Benito Juárez,5486,52,47,0,5353,4878,893,2277,2153,2006,2221,1840,1809,1589,,15.19,0.9766,Muy bajo,Muy bajo,0.95,0.88,0.0,16.28,94.55,88.1,97.54,80.81,79.45,69.78,,1.0,1.0
0901400010810,Benito Juárez,6987,110,76,,6822,6043,1009,2853,2726,2622,2804,2243,2265,2102,,15.22,0.9813,Muy bajo,Muy bajo,1.57,1.11,,14.44,95.55,91.9,98.28,78.62,79.39,73.68,,1.0,1.0
0901400010238,Benito Juárez,6776,81,75,,6645,6038,1347,2815,2683,2510,2747,2162,2089,2024,0,15.11,0.9783,Muy bajo,Muy bajo,1.2,1.13,,19.88,95.31,89.17,97.58,76.8,74.21,71.9,0.0,1.0,1.0
0901400010223,Benito Juárez,1127,15,15,0,1108,1035,273,517,472,436,503,426,337,313,0,15.33,0.9726,Muy bajo,Muy bajo,1.33,1.35,0.0,24.22,91.3,84.33,97.29,82.4,65.18,60.54,0.0,1.0,1.0
0901400010539,Benito Juárez,2679,51,31,0,2630,2378,653,979,829,703,915,730,547,397,0,13.39,0.9656,Bajo,Muy bajo,1.9,1.18,0.0,24.37,84.68,71.81,93.46,74.57,55.87,40.55,0.0,2.0,1.0
0901400010666,Benito Juárez,3479,87,44,0,3384,2988,749,1316,1177,1072,1275,1115,861,775,,13.93,0.9718,Muy bajo,Muy bajo,2.5,1.3,0.0,21.53,89.44,81.46,96.88,84.73,65.43,58.89,,1.0,1.0
0901400010651,Benito Juárez,6444,134,63,0,6298,5536,1446,2318,2007,1761,2217,1975,1365,1223,,12.92,0.9667,Muy bajo,Muy bajo,2.08,1.0,0.0,22.44,86.58,75.97,95.64,85.2,58.89,52.76,,1.0,1.0
0901400010505,Benito Juárez,3014,81,46,0,2954,2666,663,1177,1041,929,1144,1064,747,679,,13.51,0.9701,Muy bajo,Muy bajo,2.69,1.56,0.0,22.0,88.45,78.93,97.2,90.4,63.47,57.69,,1.0,1.0
0900600010185,Iztacalco,10395,174,74,0,10022,8367,2543,3446,2915,2531,3324,2666,1871,1663,6,12.73,0.9689,Muy bajo,Muy bajo,1.67,0.74,0.0,24.46,84.59,73.45,96.46,77.37,54.29,48.26,0.17,1.0,1.0
0900600010147,Iztacalco,0,0,0,0,0,0,0,0,0,0,0,0,0,0,0,0.0,,,,,,,,,,,,,,,,
0900600010950,Iztacalco,2296,28,26,0,2267,2094,490,781,692,655,746,701,510,367,,13.9,0.963,Bajo,Muy bajo,1.22,1.15,0.0,21.34,88.6,83.87,95.52,89.76,65.3,46.99,,2.0,1.0
090060001001A,Iztacalco,6014,134,57,0,5777,4848,1484,1887,1511,1247,1792,1396,831,785,3,12.13,0.9631,Bajo,Muy bajo,2.23,0.99,0.0,24.68,80.07,66.08,94.97,73.98,44.04,41.6,0.16,2.0,1.0
0900600010024,Iztacalco,5155,217,76,,4970,4219,1314,1605,1225,968,1483,1240,615,535,5,11.51,0.9607,Bajo,Bajo,4.21,1.53,,25.49,76.32,60.31,92.4,77.26,38.32,33.33,0.31,2.0,2.0
0900600010927,Iztacalco,2727,15,10,0,2666,2323,627,789,612,466,733,639,402,268,0,10.94,0.9641,Bajo,Bajo,0.55,0.38,0.0,22.99,77.57,59.06,92.9,80.99,50.95,33.97,0.0,2.0,2.0
0900600010999,Iztacalco,928,4,,0,914,815,270,265,214,183,252,232,137,64,,11.76,0.9662,Bajo,Muy bajo,0.43,,0.0,29.09,80.75,69.06,95.09,87.55,51.7,24.15,,2.0,1.0
0900600010058,Iztacalco,3919,66,26,0,3786,3255,989,1208,969,721,1109,895,482,423,3,11.57,0.9601,Bajo,Bajo,1.68,0.69,0.0,25.24,80.22,59.69,91.8,74.09,39.9,35.02,0.25,2.0,2.0
0900600010109,Iztacalco,6369,306,154,,6161,5167,1617,1961,1462,1220,1843,1427,820,748,6,11.4,0.96,Bajo,Bajo,4.8,2.5,,25.39,74.55,62.21,93.98,72.77,41.82,38.14,0.31,2.0,2.0
0900600010128,Iztacalco,5499,106,46,0,5322,4510,1453,1623,1280,1048,1530,1256,697,559,5,11.66,0.965,Bajo,Bajo,1.93,0.86,0.0,26.42,78.87,64.57,94.27,77.39,42.95,34.44,0.31,2.0,2.0
0900600010132,Iztacalco,4303,66,32,,4186,3597,1033,1336,981,795,1215,949,441,335,6,11.4,0.9478,Bajo,Bajo,1.53,0.76,,24.01,73.43,59.51,90.94,71.03,33.01,25.07,0.45,2.0,2.0
0900600010151,Iztacalco,0,0,0,0,0,0,0,0,0,0,0,0,0,0,0,0.0,,,,,,,,,,,,,,,,
0900600010166,Iztacalco,2473,151,72,0,2396,2054,804,760,509,362,689,572,253,178,3,11.24,0.9533,Bajo,Bajo,6.11,3.01,0.0,32.51,66.97,47.63,90.66,75.26,33.29,23.42,0.39,2.0,2.0
0900600010039,Iztacalco,4548,270,107,0,4382,3664,1410,1215,894,653,1098,920,386,373,3,10.58,0.9483,Bajo,Bajo,5.94,2.44,0.0,31.0,73.58,53.74,90.37,75.72,31.77,30.7,0.25,2.0,2.0
0900600010217,Iztacalco,7652,118,52,0,7477,6313,1885,2289,1893,1532,2161,1861,1134,855,3,11.81,0.9673,Muy bajo,Muy bajo,1.54,0.7,0.0,24.63,82.7,66.93,94.41,81.3,49.54,37.35,0.13,1.0,1.0
0900600010221,Iztacalco,6103,213,124,0,5983,5402,1905,2075,1772,1496,1991,1663,1111,1006,0,12.46,0.9651,Bajo,Muy bajo,3.49,2.07,0.0,31.21,85.4,72.1,95.95,80.14,53.54,48.48,0.0,2.0,1.0
0900600010236,Iztacalco,4221,64,26,0,4153,3693,1228,1453,1272,1082,1379,1118,905,620,0,13.22,0.9703,Muy bajo,Muy bajo,1.52,0.63,0.0,29.09,87.54,74.47,94.91,76.94,62.28,42.67,0.0,1.0,1.0
0900600010965,Iztacalco,1629,21,21,0,1604,1468,362,549,497,447,519,488,383,286,0,13.87,0.9738,Muy bajo,Muy bajo,1.29,1.31,0.0,22.22,90.53,81.42,94.54,88.89,69.76,52.09,0.0,1.0,1.0
0900600010240,Iztacalco,2790,79,37,0,2705,2366,731,984,833,684,936,757,541,408,,12.71,0.9602,Bajo,Muy bajo,2.83,1.37,0.0,26.2,84.65,69.51,95.12,76.93,54.98,41.46,,2.0,1.0
0900600010255,Iztacalco,7139,153,74,0,6935,5843,1749,2131,1645,1336,1976,1707,1061,899,3,11.23,0.9573,Bajo,Bajo,2.14,1.07,0.0,24.5,77.19,62.69,92.73,80.1,49.79,42.19,0.14,2.0,2.0
0900600010274,Iztacalco,4869,276,123,5,4698,3959,1279,1496,1076,796,1371,1120,669,497,9,11.15,0.9504,Bajo,Bajo,5.67,2.62,0.11,26.27,71.93,53.21,91.64,74.87,44.72,33.22,0.6,2.0,2.0
0900600010378,Iztacalco,2360,68,39,0,2296,1937,647,711,567,434,651,586,346,256,4,11.4,0.957,Bajo,Bajo,2.88,1.7,0.0,27.42,79.75,61.04,91.56,82.42,48.66,36.01,0.56,2.0,2.0
0900600010490,Iztacalco,3843,113,57,0,3746,3188,1237,1006,753,562,939,871,423,326,3,11.07,0.9541,Bajo,Bajo,2.94,1.52,0.0,32.19,74.85,55.86,93.34,86.58,42.05,32.41,0.3,2.0,2.0
0900600010503,Iztacalco,4722,107,56,0,4603,3929,1262,1354,963,730,1251,1062,542,355,,11.12,0.9596,Bajo,Bajo,2.27,1.22,0.0,26.73,71.12,53.91,92.39,78.43,40.03,26.22,,2.0,2.0
0900600010518,Iztacalco,5337,95,37,0,5179,4428,1594,1645,1231,954,1495,1229,753,522,3,11.49,0.9535,Bajo,Bajo,1.78,0.71,0.0,29.87,74.83,57.99,90.88,74.71,45.78,31.73,0.18,2.0,2.0
0900600010537,Iztacalco,4131,80,42,0,4016,3475,1254,1177,856,653,1090,940,506,294,,11.06,0.9567,Bajo,Bajo,1.94,1.05,0.0,30.36,72.73,55.48,92.61,79.86,42.99,24.98,,2.0,2.0
0900600010541,Iztacalco,3564,51,25,0,3472,2968,1251,1027,774,564,933,852,417,278,4,11.33,0.9477,Bajo,Bajo,1.43,0.72,0.0,35.1,75.37,54.92,90.85,82.96,40.6,27.07,0.39,2.0,2.0
0900600010749,Iztacalco,2692,32,19,0,2648,2398,690,891,794,709,847,728,570,438,,13.81,0.9715,Muy bajo,Muy bajo,1.19,0.72,0.0,25.63,89.11,79.57,95.06,81.71,63.97,49.16,,1.0,1.0
0900600010804,Iztacalco,4824,104,31,0,4652,3854,1520,881,666,501,779,701,296,216,3,10.08,0.943,Medio,Bajo,2.16,0.67,0.0,31.51,75.6,56.87,88.42,79.57,33.6,24.52,0.34,3.0,2.0
0900600010876,Iztacalco,1859,14,11,0,1821,1686,443,593,526,485,557,489,409,284,0,14.15,0.9718,Muy bajo,Muy bajo,0.75,0.6,0.0,23.83,88.7,81.79,93.93,82.46,68.97,47.89,0.0,1.0,1.0
0900600010931,Iztacalco,2852,4,6,0,2805,2482,750,904,714,585,831,711,479,301,0,11.33,0.957,Bajo,Muy bajo,0.14,0.21,0.0,26.3,78.98,64.71,91.92,78.65,52.99,33.3,0.0,2.0,1.0
0900600010946,Iztacalco,2334,10,5,0,2284,2026,524,731,600,487,675,604,413,274,0,12.04,0.9695,Muy bajo,Muy bajo,0.43,0.22,0.0,22.45,82.08,66.62,92.34,82.63,56.5,37.48,0.0,1.0,1.0
090060001097A,Iztacalco,1528,24,15,0,1499,1379,329,491,438,395,467,416,324,235,3,13.91,0.9723,Muy bajo,Muy bajo,1.57,1.0,0.0,21.53,89.21,80.45,95.11,84.73,65.99,47.86,0.61,1.0,1.0
0900600010984,Iztacalco,1628,18,16,0,1606,1477,353,560,491,450,522,480,355,257,0,13.76,0.9774,Muy bajo,Muy bajo,1.11,1.0,0.0,21.68,87.68,80.36,93.21,85.71,63.39,45.89,0.0,1.0,1.0
0900600011003,Iztacalco,2550,37,12,0,2490,2182,706,740,588,485,687,656,395,253,,11.64,0.963,Bajo,Muy bajo,1.45,0.48,0.0,27.69,79.46,65.54,92.84,88.65,53.38,34.19,,2.0,1.0
0900600011018,Iztacalco,2119,66,26,0,2075,1758,526,572,442,313,527,468,226,93,0,10.62,0.9561,Bajo,Bajo,3.11,1.25,0.0,24.82,77.27,54.72,92.13,81.82,39.51,16.26,0.0,2.0,2.0
0900600011022,Iztacalco,2024,12,4,0,1972,1710,533,541,429,330,489,423,258,184,,11.73,0.9634,Bajo,Bajo,0.59,0.2,0.0,26.33,79.3,61.0,90.39,78.19,47.69,34.01,,2.0,2.0
0900600011037,Iztacalco,2212,89,37,,2159,1837,509,444,347,281,406,384,184,92,,10.68,0.9333,Medio,Bajo,4.02,1.71,,23.01,78.15,63.29,91.44,86.49,41.44,20.72,,3.0,2.0
0900600011056,Iztacalco,4258,347,86,,4137,3420,1234,1057,754,560,959,793,422,322,4,10.35,0.9486,Bajo,Bajo,8.15,2.08,,28.98,71.33,52.98,90.73,75.02,39.92,30.46,0.38,2.0,2.0
0900600011060,Iztacalco,3704,55,19,0,3560,2963,1042,906,651,433,767,669,350,242,9,10.43,0.9441,Medio,Bajo,1.48,0.53,0.0,28.13,71.85,47.79,84.66,73.84,38.63,26.71,0.99,3.0,2.0
0900600011075,Iztacalco,2887,52,19,4,2812,2367,1064,573,459,358,525,473,273,159,0,10.79,0.9473,Bajo,Bajo,1.8,0.68,0.14,36.85,80.1,62.48,91.62,82.55,47.64,27.75,0.0,2.0,2.0
090060001108A,Iztacalco,4564,238,133,5,4429,3685,1559,1022,668,439,919,779,282,187,5,10.03,0.9372,Medio,Bajo,5.21,3.0,0.11,34.16,65.36,42.95,89.92,76.22,27.59,18.3,0.49,3.0,2.0
090060001115A,Iztacalco,2063,72,38,0,1996,1624,631,540,367,255,489,415,187,112,3,10.35,0.9497,Bajo,Bajo,3.49,1.9,0.0,30.59,67.96,47.22,90.56,76.85,34.63,20.74,0.56,2.0,2.0
0900600011198,Iztacalco,2099,28,13,0,2032,1742,507,685,551,406,631,590,296,185,5,11.82,0.9447,Medio,Bajo,1.33,0.64,0.0,24.15,80.44,59.27,92.12,86.13,43.21,27.01,0.73,3.0,2.0
0900600010626,Iztacalco,1985,36,6,0,1921,1615,704,496,378,256,441,389,229,132,4,10.34,0.9421,Medio,Bajo,1.81,0.31,0.0,35.47,76.21,51.61,88.91,78.43,46.17,26.61,0.81,3.0,2.0
0900600010414,Iztacalco,3190,113,59,,3091,2617,710,891,661,500,807,714,439,225,4,10.94,0.9592,Bajo,Bajo,3.54,1.91,,22.26,74.19,56.12,90.57,80.13,49.27,25.25,0.45,2.0,2.0
0900600010683,Iztacalco,4346,193,78,0,4211,3516,951,1191,855,675,1100,989,522,426,,10.65,0.9515,Bajo,Bajo,4.44,1.85,0.0,21.88,71.79,56.68,92.36,83.04,43.83,35.77,,2.0,2.0
0900600010043,Iztacalco,5255,226,94,,5086,4187,1145,1533,1166,927,1441,1168,632,541,4,11.55,0.9636,Bajo,Bajo,4.3,1.85,,21.79,76.06,60.47,94.0,76.19,41.23,35.29,0.26,2.0,2.0
0900600010077,Iztacalco,4527,62,23,,4413,3762,1298,1347,991,758,1227,1022,527,429,4,11.47,0.9511,Bajo,Bajo,1.37,0.52,,28.67,73.57,56.27,91.09,75.87,39.12,31.85,0.3,2.0,2.0
0900600010081,Iztacalco,7404,92,44,0,7151,5994,1655,2214,1844,1611,2107,1745,1112,953,3,12.31,0.9683,Muy bajo,Muy bajo,1.24,0.62,0.0,22.35,83.29,72.76,95.17,78.82,50.23,43.04,0.14,1.0,1.0
0900600010096,Iztacalco,8297,277,98,,8000,6670,2051,2634,2109,1788,2508,1964,1258,1027,5,12.06,0.9644,Bajo,Muy bajo,3.34,1.23,,24.72,80.07,67.88,95.22,74.56,47.76,38.99,0.19,2.0,1.0
0900600010344,Iztacalco,3910,54,18,0,3815,3256,1297,1210,903,677,1098,911,552,299,4,11.41,0.9529,Bajo,Bajo,1.38,0.47,0.0,33.17,74.63,55.95,90.74,75.29,45.62,24.71,0.33,2.0,2.0
0900600010359,Iztacalco,6468,96,36,0,6297,5393,1866,1858,1443,1151,1714,1409,896,640,3,11.59,0.9595,Bajo,Bajo,1.48,0.57,0.0,28.85,77.66,61.95,92.25,75.83,48.22,34.45,0.16,2.0,2.0
0900600010363,Iztacalco,5344,54,24,0,5188,4333,1481,1500,1066,819,1382,1165,618,510,3,11.21,0.9556,Bajo,Bajo,1.01,0.46,0.0,27.71,71.07,54.6,92.13,77.67,41.2,34.0,0.2,2.0,2.0
0900600010452,Iztacalco,1986,46,23,0,1923,1696,648,569,409,337,501,434,254,170,5,11.29,0.9507,Bajo,Bajo,2.32,1.2,0.0,32.63,71.88,59.23,88.05,76.27,44.64,29.88,0.88,2.0,2.0
0900600010467,Iztacalco,20,0,0,0,18,15,,4,0,0,4,,,0,0,9.93,,,Alto,0.0,0.0,0.0,,0.0,0.0,100.0,,,0.0,0.0,,4.0
0900600010471,Iztacalco,3513,62,19,0,3437,2928,931,888,676,501,827,690,369,271,,10.81,0.9561,Bajo,Bajo,1.76,0.55,0.0,26.5,76.13,56.42,93.13,77.7,41.55,30.52,,2.0,2.0
0900600010522,Iztacalco,3376,62,25,0,3281,2829,1037,982,734,563,887,750,437,284,3,11.55,0.9533,Bajo,Bajo,1.84,0.76,0.0,30.72,74.75,57.33,90.33,76.37,44.5,28.92,0.31,2.0,2.0
090060001058A,Iztacalco,4801,92,35,0,4664,3909,1582,1246,955,714,1149,1030,568,371,5,10.51,0.9464,Medio,Bajo,1.92,0.75,0.0,32.95,76.65,57.3,92.22,82.66,45.59,29.78,0.4,3.0,2.0
0900600010607,Iztacalco,7114,307,113,0,6889,5843,2089,1998,1429,1082,1803,1532,841,541,11,10.95,0.9549,Bajo,Bajo,4.32,1.64,0.0,29.36,71.52,54.15,90.24,76.68,42.09,27.08,0.55,2.0,2.0
0900600010611,Iztacalco,5465,27,12,0,5278,4505,1677,1511,1070,812,1346,1169,649,375,3,10.93,0.9534,Bajo,Bajo,0.49,0.23,0.0,30.69,70.81,53.74,89.08,77.37,42.95,24.82,0.2,2.0,2.0
0900600010630,Iztacalco,2680,51,25,0,2617,2244,861,720,524,407,658,585,304,225,3,10.97,0.9537,Bajo,Bajo,1.9,0.96,0.0,32.13,72.78,56.53,91.39,81.25,42.22,31.25,0.42,2.0,2.0
0900600010664,Iztacalco,3851,64,23,0,3750,3267,784,1088,922,714,1006,918,587,455,,11.92,0.9674,Muy bajo,Muy bajo,1.66,0.61,0.0,20.36,84.74,65.62,92.46,84.38,53.95,41.82,,1.0,1.0
0900600010698,Iztacalco,3033,153,73,,2921,2416,883,809,581,378,725,549,328,184,4,10.57,0.9501,Bajo,Bajo,5.04,2.5,,29.11,71.82,46.72,89.62,67.86,40.54,22.74,0.49,2.0,2.0
0900600010700,Iztacalco,3686,180,86,,3573,2980,984,931,673,484,851,759,333,210,5,10.33,0.9531,Bajo,Bajo,4.88,2.41,,26.7,72.29,51.99,91.41,81.53,35.77,22.56,0.54,2.0,2.0
0900600010715,Iztacalco,2275,105,43,,2201,1843,604,607,450,347,543,462,248,176,,10.92,0.955,Bajo,Bajo,4.62,1.95,,26.55,74.14,57.17,89.46,76.11,40.86,29.0,,2.0,2.0
090060001072A,Iztacalco,2520,54,23,0,2441,2103,648,618,459,344,555,480,253,144,4,10.87,0.9379,Medio,Bajo,2.14,0.94,0.0,25.71,74.27,55.66,89.81,77.67,40.94,23.3,0.65,3.0,2.0
0900600010787,Iztacalco,4868,90,39,0,4743,4025,1587,1241,885,672,1076,938,467,284,,10.94,0.9488,Bajo,Bajo,1.85,0.82,0.0,32.6,71.31,54.15,86.7,75.58,37.63,22.88,,2.0,2.0
0900600010791,Iztacalco,1795,28,13,0,1742,1449,525,486,369,290,463,390,231,164,3,11.45,0.9545,Bajo,Bajo,1.56,0.75,0.0,29.25,75.93,59.67,95.27,80.25,47.53,33.74,0.62,2.0,2.0
0900600010823,Iztacalco,3361,36,13,0,3291,2941,716,955,778,639,887,759,388,306,0,11.63,0.9655,Bajo,Muy bajo,1.07,0.4,0.0,21.3,81.47,66.91,92.88,79.48,40.63,32.04,0.0,2.0,1.0
0900600010838,Iztacalco,2924,18,10,0,2882,2552,634,848,682,575,779,699,360,354,,11.49,0.9672,Muy bajo,Muy bajo,0.62,0.35,0.0,21.68,80.42,67.81,91.86,82.43,42.45,41.75,,1.0,1.0
0900600010842,Iztacalco,2068,18,8,0,2018,1803,483,618,526,409,568,526,296,242,0,11.86,0.9689,Muy bajo,Muy bajo,0.87,0.4,0.0,23.36,85.11,66.18,91.91,85.11,47.9,39.16,0.0,1.0,1.0
0900600010880,Iztacalco,1783,22,14,0,1752,1593,417,580,518,475,557,480,415,310,3,14.33,0.9751,Muy bajo,Muy bajo,1.23,0.8,0.0,23.39,89.31,81.9,96.03,82.76,71.55,53.45,0.52,1.0,1.0
0900600010895,Iztacalco,2428,42,21,0,2381,2153,561,745,658,587,692,623,497,352,10,13.8,0.9698,Muy bajo,Muy bajo,1.73,0.88,0.0,23.11,88.32,78.79,92.89,83.62,66.71,47.25,1.34,1.0,1.0
0900600010908,Iztacalco,1288,19,6,0,1261,1101,257,417,365,308,392,349,264,187,0,13.15,0.9765,Muy bajo,Muy bajo,1.48,0.48,0.0,19.95,87.53,73.86,94.0,83.69,63.31,44.84,0.0,1.0,1.0
0900600011111,Iztacalco,1413,15,14,0,1382,1230,269,494,415,342,453,378,294,195,4,12.56,0.9697,Muy bajo,Muy bajo,1.06,1.01,0.0,19.04,84.01,69.23,91.7,76.52,59.51,39.47,0.81,1.0,1.0
0900600011126,Iztacalco,5768,172,62,0,5598,4719,1483,1756,1342,1078,1627,1270,848,668,4,11.42,0.952,Bajo,Bajo,2.98,1.11,0.0,25.71,76.42,61.39,92.65,72.32,48.29,38.04,0.23,2.0,2.0
0900600011130,Iztacalco,3560,90,34,0,3440,2853,1028,773,571,452,718,603,299,230,,10.47,0.9549,Bajo,Bajo,2.53,0.99,0.0,28.88,73.87,58.47,92.88,78.01,38.68,29.75,,2.0,2.0
0900600011179,Iztacalco,8203,141,63,0,7928,6562,1985,2647,2074,1727,2475,1988,1150,919,7,11.98,0.9536,Bajo,Bajo,1.72,0.79,0.0,24.2,78.35,65.24,93.5,75.1,43.45,34.72,0.26,2.0,2.0
0900600011183,Iztacalco,2241,39,18,,2188,1821,489,676,552,466,646,530,360,291,0,12.15,0.9717,Muy bajo,Muy bajo,1.74,0.82,,21.82,81.66,68.93,95.56,78.4,53.25,43.05,0.0,1.0,1.0
0900600011200,Iztacalco,4449,282,170,,4336,3660,1102,1430,1165,943,1352,1131,624,557,,12.25,0.9649,Bajo,Muy bajo,6.34,3.92,,24.77,81.47,65.94,94.55,79.09,43.64,38.95,,2.0,1.0
0900600010170,Iztacalco,2014,124,54,0,1944,1679,632,568,420,318,512,489,214,167,5,10.81,0.9506,Bajo,Bajo,6.16,2.78,0.0,31.38,73.94,55.99,90.14,86.09,37.68,29.4,0.88,2.0,2.0
0900600010556,Iztacalco,4808,124,44,0,4671,3982,1430,1287,990,769,1185,1028,594,406,,11.42,0.9569,Bajo,Bajo,2.58,0.94,0.0,29.74,76.92,59.75,92.07,79.88,46.15,31.55,,2.0,2.0
0900600010645,Iztacalco,2127,46,15,0,2061,1743,586,562,435,317,523,437,241,171,,10.99,0.9538,Bajo,Bajo,2.16,0.73,0.0,27.55,77.4,56.41,93.06,77.76,42.88,30.43,,2.0,2.0
090060001065A,Iztacalco,2015,43,14,0,1963,1679,680,519,394,292,463,433,235,147,,10.82,0.9522,Bajo,Bajo,2.13,0.71,0.0,33.75,75.92,56.26,89.21,83.43,45.28,28.32,,2.0,2.0
0900600010289,Iztacalco,1038,17,7,0,1024,926,224,409,352,292,375,316,283,174,3,13.53,0.9717,Muy bajo,Muy bajo,1.64,0.68,0.0,21.58,86.06,71.39,91.69,77.26,69.19,42.54,0.73,1.0,1.0
0900600010202,Iztacalco,5819,74,25,0,5646,4756,1590,1690,1302,1071,1583,1214,754,627,,11.64,0.9616,Bajo,Bajo,1.27,0.44,0.0,27.32,77.04,63.37,93.67,71.83,44.62,37.1,,2.0,2.0
090060001026A,Iztacalco,3997,104,48,,3865,3268,1072,1217,946,714,1134,972,556,443,4,11.34,0.9536,Bajo,Bajo,2.6,1.24,,26.82,77.73,58.67,93.18,79.87,45.69,36.4,0.33,2.0,2.0
0900600010679,Iztacalco,2575,69,31,,2484,2083,756,706,488,357,645,550,246,165,3,11.15,0.9504,Bajo,Bajo,2.68,1.25,,29.36,69.12,50.57,91.36,77.9,34.84,23.37,0.42,2.0,2.0
0900600010310,Iztacalco,9912,210,84,,9583,8052,2552,3103,2469,1970,2911,2397,1531,1160,9,11.83,0.9618,Bajo,Bajo,2.12,0.88,,25.75,79.57,63.49,93.81,77.25,49.34,37.38,0.29,2.0,2.0
0900600010325,Iztacalco,4283,71,24,,4159,3590,1411,1281,948,715,1152,993,595,371,3,11.49,0.9552,Bajo,Bajo,1.66,0.58,,32.94,74.0,55.82,89.93,77.52,46.45,28.96,0.23,2.0,2.0
0900600010382,Iztacalco,2840,48,29,0,2758,2402,882,930,679,536,846,716,383,292,3,11.62,0.9601,Bajo,Bajo,1.69,1.05,0.0,31.06,73.01,57.63,90.97,76.99,41.18,31.4,0.32,2.0,2.0
0900600010397,Iztacalco,7901,259,102,0,7655,6451,2304,2247,1637,1185,2057,1828,1002,714,4,10.99,0.9535,Bajo,Bajo,3.28,1.33,0.0,29.16,72.85,52.74,91.54,81.35,44.59,31.78,0.18,2.0,2.0
0900600010575,Iztacalco,6876,159,68,0,6665,5590,2248,1914,1339,1030,1737,1476,802,489,3,10.78,0.9487,Bajo,Bajo,2.31,1.02,0.0,32.69,69.96,53.81,90.75,77.12,41.9,25.55,0.16,2.0,2.0
0900600010594,Iztacalco,2900,26,11,0,2824,2385,801,749,548,395,675,560,309,204,3,10.26,0.9507,Bajo,Bajo,0.9,0.39,0.0,27.62,73.16,52.74,90.12,74.77,41.26,27.24,0.4,2.0,2.0
0900600010753,Iztacalco,2113,41,15,0,2066,1845,545,624,521,456,560,513,356,257,7,12.33,0.9474,Bajo,Muy bajo,1.94,0.73,0.0,25.79,83.49,73.08,89.74,82.21,57.05,41.19,1.12,2.0,1.0
0900600010768,Iztacalco,2016,69,34,0,1956,1652,547,566,422,351,508,429,288,202,6,11.51,0.9462,Medio,Bajo,3.42,1.74,0.0,27.13,74.56,62.01,89.75,75.8,50.88,35.69,1.06,3.0,2.0
0900600010772,Iztacalco,1971,37,15,0,1933,1707,468,649,540,461,618,518,413,263,0,12.85,0.9713,Muy bajo,Muy bajo,1.88,0.78,0.0,23.74,83.2,71.03,95.22,79.82,63.64,40.52,0.0,1.0,1.0
0900600011164,Iztacalco,915,26,7,0,884,708,260,210,157,111,198,190,87,65,,9.94,0.9469,Bajo,Bajo,2.84,0.79,0.0,28.42,74.76,52.86,94.29,90.48,41.43,30.95,,2.0,2.0
0900600011041,Iztacalco,4529,129,72,0,4401,3675,1351,968,715,515,877,791,356,245,3,10.43,0.9524,Bajo,Bajo,2.85,1.64,0.0,29.83,73.86,53.2,90.6,81.71,36.78,25.31,0.31,2.0,2.0
0900600011094,Iztacalco,4236,103,58,0,4111,3631,920,1427,1243,1093,1358,1150,683,761,4,12.92,0.9707,Muy bajo,Muy bajo,2.43,1.41,0.0,21.72,87.11,76.59,95.16,80.59,47.86,53.33,0.28,1.0,1.0
0900600011107,Iztacalco,4414,118,62,0,4286,3665,1314,1342,1059,844,1256,1053,551,529,0,11.54,0.9532,Bajo,Bajo,2.67,1.45,0.0,29.77,78.91,62.89,93.59,78.46,41.06,39.42,0.0,2.0,2.0
0900600010293,Iztacalco,5556,205,90,0,5347,4630,1423,1659,1225,1030,1533,1272,723,563,,11.41,0.9587,Bajo,Bajo,3.69,1.68,0.0,25.61,73.84,62.09,92.41,76.67,43.58,33.94,,2.0,2.0
0900600010429,Iztacalco,2593,41,18,,2515,2146,556,732,561,429,672,600,378,171,,11.48,0.9596,Bajo,Bajo,1.58,0.72,,21.44,76.64,58.61,91.8,81.97,51.64,23.36,,2.0,2.0
0900600010448,Iztacalco,2579,30,11,0,2497,2149,734,683,523,407,642,565,299,205,,10.98,0.9589,Bajo,Bajo,1.16,0.44,0.0,28.46,76.57,59.59,94.0,82.72,43.78,30.01,,2.0,2.0
0900600010433,Iztacalco,2737,35,17,0,2656,2279,708,748,564,416,692,578,315,182,5,11.12,0.9579,Bajo,Bajo,1.28,0.64,0.0,25.87,75.4,55.61,92.51,77.27,42.11,24.33,0.67,2.0,2.0
0900600010486,Iztacalco,1631,44,15,0,1591,1358,579,444,318,252,403,344,173,135,0,11.09,0.947,Bajo,Bajo,2.7,0.94,0.0,35.5,71.62,56.76,90.77,77.48,38.96,30.41,0.0,2.0,2.0
0900600010734,Iztacalco,2950,71,27,0,2839,2409,794,793,553,392,705,629,294,151,3,10.65,0.9564,Bajo,Bajo,2.41,0.95,0.0,26.92,69.74,49.43,88.9,79.32,37.07,19.04,0.38,2.0,2.0
090060001019A,Iztacalco,2185,39,18,0,2131,1854,636,662,488,379,593,512,270,198,5,11.71,0.9509,Bajo,Bajo,1.78,0.84,0.0,29.11,73.72,57.25,89.58,77.34,40.79,29.91,0.76,2.0,2.0
090060001033A,Iztacalco,4787,103,48,0,4674,4056,1351,1440,1124,878,1346,1165,635,460,3,11.89,0.9633,Bajo,Bajo,2.15,1.03,0.0,28.22,78.06,60.97,93.47,80.9,44.1,31.94,0.21,2.0,2.0
0900200010148,Azcapotzalco,2513,40,16,0,2460,2147,498,749,639,569,707,583,427,324,0,13.26,0.9667,Muy bajo,Muy bajo,1.59,0.65,0.0,19.82,85.31,75.97,94.39,77.84,57.01,43.26,0.0,1.0,1.0
0900200010190,Azcapotzalco,8920,264,113,,8612,7345,2011,2825,2079,1716,2600,2233,1190,957,5,11.55,0.9611,Bajo,Bajo,2.96,1.31,,22.54,73.59,60.74,92.04,79.04,42.12,33.88,0.18,2.0,2.0
0900200010932,Azcapotzalco,408,17,10,0,397,333,58,122,102,81,112,94,59,49,0,11.74,0.9166,Alto,Muy bajo,4.17,2.52,0.0,14.22,83.61,66.39,91.8,77.05,48.36,40.16,0.0,4.0,1.0
0900200010237,Azcapotzalco,7093,143,62,0,6872,5795,1881,2045,1511,1202,1879,1642,893,640,6,11.13,0.9556,Bajo,Bajo,2.02,0.9,0.0,26.52,73.89,58.78,91.88,80.29,43.67,31.3,0.29,2.0,2.0
0900200010595,Azcapotzalco,5116,191,65,0,4950,4071,1324,1474,992,709,1350,1165,530,410,5,10.59,0.9539,Bajo,Bajo,3.73,1.31,0.0,25.88,67.3,48.1,91.59,79.04,35.96,27.82,0.34,2.0,2.0
0900200010608,Azcapotzalco,5135,207,79,0,4956,4114,1351,1499,938,694,1317,1207,466,316,15,10.35,0.9422,Medio,Bajo,4.03,1.59,0.0,26.31,62.58,46.3,87.86,80.52,31.09,21.08,1.0,3.0,2.0
0900200010612,Azcapotzalco,4333,115,57,0,4183,3477,1105,1252,809,601,1131,961,439,352,11,10.65,0.9474,Bajo,Bajo,2.65,1.36,0.0,25.5,64.62,48.0,90.34,76.76,35.06,28.12,0.88,2.0,2.0
0900200010627,Azcapotzalco,4912,192,80,0,4744,3972,1270,1544,937,694,1393,1264,490,318,4,10.01,0.9416,Medio,Bajo,3.91,1.69,0.0,25.86,60.69,44.95,90.22,81.87,31.74,20.6,0.26,3.0,2.0
0900200011038,Azcapotzalco,7053,169,69,0,6781,5551,1814,2135,1430,1072,1961,1736,830,574,10,10.74,0.9531,Bajo,Bajo,2.4,1.02,0.0,25.72,66.98,50.21,91.85,81.31,38.88,26.89,0.47,2.0,2.0
0900200011076,Azcapotzalco,1,,,,,,,,,,,,,,,,,,Muy alto,,,,,,,,,,,,,5.0
0900200011080,Azcapotzalco,5000,78,32,0,4792,3943,653,1782,1644,1545,1744,1454,1215,1060,3,13.91,0.9748,Muy bajo,Muy bajo,1.56,0.67,0.0,13.06,92.26,86.7,97.87,81.59,68.18,59.48,0.17,1.0,1.0
0900200011165,Azcapotzalco,400,22,5,0,386,310,132,103,51,38,91,77,26,26,,9.67,0.9264,Alto,Medio,5.5,1.3,0.0,33.0,49.51,36.89,88.35,74.76,25.24,25.24,,4.0,3.0
0900200011042,Azcapotzalco,5802,118,50,,5598,4706,1540,1616,1196,872,1478,1228,643,508,5,10.56,0.9539,Bajo,Bajo,2.03,0.89,,26.54,74.01,53.96,91.46,75.99,39.79,31.44,0.31,2.0,2.0
0900200010665,Azcapotzalco,7747,180,83,3,7539,6399,1716,2406,1774,1407,2220,1903,1134,797,7,11.39,0.9534,Bajo,Bajo,2.32,1.1,0.04,22.15,73.73,58.48,92.27,79.09,47.13,33.13,0.29,2.0,2.0
0900200010010,Azcapotzalco,3183,16,3,0,3123,2795,603,865,692,532,772,717,313,221,5,11.52,0.9586,Bajo,Muy bajo,0.5,0.1,0.0,18.94,80.0,61.5,89.25,82.89,36.18,25.55,0.58,2.0,1.0
0900200010025,Azcapotzalco,5593,69,29,0,5470,4770,1034,1759,1203,930,1510,1286,478,349,14,10.73,0.9424,Medio,Bajo,1.23,0.53,0.0,18.49,68.39,52.87,85.84,73.11,27.17,19.84,0.8,3.0,2.0
090020001003A,Azcapotzalco,4235,20,9,0,4147,3590,899,1184,878,641,1049,970,361,339,,10.55,0.9627,Bajo,Bajo,0.47,0.22,0.0,21.23,74.16,54.14,88.6,81.93,30.49,28.63,,2.0,2.0
0900200011150,Azcapotzalco,3486,53,28,,3352,2778,478,1052,899,799,994,855,533,541,,12.55,0.9701,Muy bajo,Muy bajo,1.52,0.84,,13.71,85.46,75.95,94.49,81.27,50.67,51.43,,1.0,1.0
0900200011023,Azcapotzalco,7644,112,53,0,7423,6568,1438,2730,2298,2024,2564,2075,1551,1302,,12.65,0.9613,Bajo,Muy bajo,1.47,0.71,0.0,18.81,84.18,74.14,93.92,76.01,56.81,47.69,,2.0,1.0
0900200010684,Azcapotzalco,3991,51,30,0,3903,3453,826,1388,1192,1034,1309,1162,867,634,0,13.34,0.9725,Muy bajo,Muy bajo,1.28,0.77,0.0,20.7,85.88,74.5,94.31,83.72,62.46,45.68,0.0,1.0,1.0
0900200010044,Azcapotzalco,4768,58,21,0,4658,4076,855,1389,1076,845,1237,1111,481,452,,11.07,0.9599,Bajo,Bajo,1.22,0.45,0.0,17.93,77.47,60.84,89.06,79.99,34.63,32.54,,2.0,2.0
090020001081A,Azcapotzalco,3761,61,28,0,3661,3256,974,1406,1159,1010,1312,1083,773,549,,13.04,0.9637,Bajo,Muy bajo,1.62,0.76,0.0,25.9,82.43,71.83,93.31,77.03,54.98,39.05,,2.0,1.0
090020001010A,Azcapotzalco,3346,51,15,0,3270,2921,658,910,768,646,824,755,344,389,0,11.8,0.9632,Bajo,Muy bajo,1.52,0.46,0.0,19.67,84.4,70.99,90.55,82.97,37.8,42.75,0.0,2.0,1.0
0900200010167,Azcapotzalco,3049,28,8,0,2969,2507,723,915,662,512,832,727,400,277,0,11.18,0.9525,Bajo,Bajo,0.92,0.27,0.0,23.71,72.35,55.96,90.93,79.45,43.72,30.27,0.0,2.0,2.0
0900200010097,Azcapotzalco,2176,13,6,0,2136,1898,387,596,507,399,562,482,276,260,0,11.74,0.9533,Bajo,Muy bajo,0.6,0.28,0.0,17.78,85.07,66.95,94.3,80.87,46.31,43.62,0.0,2.0,1.0
0900200010114,Azcapotzalco,9866,210,103,0,9575,8062,2191,3025,2281,1710,2791,2449,1236,950,6,11.21,0.9587,Bajo,Bajo,2.13,1.08,0.0,22.21,75.4,56.53,92.26,80.96,40.86,31.4,0.2,2.0,2.0
0900200010186,Azcapotzalco,11139,172,87,0,10774,9148,2236,3496,2878,2433,3299,2750,1731,1407,4,12.43,0.9675,Muy bajo,Muy bajo,1.54,0.81,0.0,20.07,82.32,69.59,94.36,78.66,49.51,40.25,0.11,1.0,1.0
0900200010260,Azcapotzalco,5027,57,23,0,4906,4267,1009,1370,1062,852,1225,1105,662,435,,11.38,0.9555,Bajo,Bajo,1.13,0.47,0.0,20.07,77.52,62.19,89.42,80.66,48.32,31.75,,2.0,2.0
0900200010415,Azcapotzalco,4165,60,30,0,4056,3551,869,1292,1022,818,1186,1029,689,413,3,12.36,0.9609,Bajo,Muy bajo,1.44,0.74,0.0,20.86,79.1,63.31,91.8,79.64,53.33,31.97,0.23,2.0,1.0
0900200010472,Azcapotzalco,6574,83,31,0,6447,5592,1021,2341,2032,1815,2226,1825,1423,1099,3,13.06,0.9705,Muy bajo,Muy bajo,1.26,0.48,0.0,15.53,86.8,77.53,95.09,77.96,60.79,46.95,0.13,1.0,1.0
0900200010542,Azcapotzalco,6915,102,41,,6691,5576,1444,2314,2036,1779,2229,1851,1419,1346,,13.24,0.9734,Muy bajo,Muy bajo,1.48,0.61,,20.88,87.99,76.88,96.33,79.99,61.32,58.17,,1.0,1.0
0900200010580,Azcapotzalco,4220,60,26,0,4096,3498,794,1219,901,703,1095,964,647,404,5,11.29,0.9574,Bajo,Bajo,1.42,0.63,0.0,18.82,73.91,57.67,89.83,79.08,53.08,33.14,0.41,2.0,2.0
0900200010650,Azcapotzalco,6499,86,30,,6215,5276,1542,1814,1281,936,1595,1423,793,475,7,10.65,0.9511,Bajo,Bajo,1.32,0.48,,23.73,70.62,51.6,87.93,78.45,43.72,26.19,0.39,2.0,2.0
090020001067A,Azcapotzalco,6226,80,50,0,6068,5286,1105,2080,1785,1545,1992,1584,1224,925,3,12.98,0.9736,Muy bajo,Muy bajo,1.28,0.82,0.0,17.75,85.82,74.28,95.77,76.15,58.85,44.47,0.14,1.0,1.0
0900200010769,Azcapotzalco,9195,125,59,0,8875,7551,1983,3176,2695,2340,3010,2447,1850,1813,6,12.82,0.9661,Bajo,Muy bajo,1.36,0.66,0.0,21.57,84.86,73.68,94.77,77.05,58.25,57.08,0.19,2.0,1.0
0900200010788,Azcapotzalco,2450,17,15,,2385,2079,603,771,592,446,701,700,425,248,,11.88,0.956,Bajo,Bajo,0.69,0.63,,24.61,76.78,57.85,90.92,90.79,55.12,32.17,,2.0,2.0
0900200010792,Azcapotzalco,4954,54,29,0,4830,4226,1185,1643,1350,1100,1525,1269,912,628,5,11.92,0.9591,Bajo,Muy bajo,1.09,0.6,0.0,23.92,82.17,66.95,92.82,77.24,55.51,38.22,0.3,2.0,1.0
0900200010824,Azcapotzalco,3028,60,35,0,2951,2563,626,981,807,672,913,823,516,391,,12.32,0.9625,Bajo,Muy bajo,1.98,1.19,0.0,20.67,82.26,68.5,93.07,83.89,52.6,39.86,,2.0,1.0
0900200010858,Azcapotzalco,4395,79,31,,4270,3684,909,1406,1027,805,1275,1123,694,470,,11.95,0.9616,Bajo,Bajo,1.8,0.73,,20.68,73.04,57.25,90.68,79.87,49.36,33.43,,2.0,2.0
0900200011057,Azcapotzalco,2418,17,14,0,2379,2122,470,860,772,713,811,694,596,447,0,14.06,0.969,Muy bajo,Muy bajo,0.7,0.59,0.0,19.44,89.77,82.91,94.3,80.7,69.3,51.98,0.0,1.0,1.0
0900200011061,Azcapotzalco,1719,11,6,0,1679,1490,284,673,500,415,603,504,370,191,0,12.32,0.9489,Bajo,Muy bajo,0.64,0.36,0.0,16.52,74.29,61.66,89.6,74.89,54.98,28.38,0.0,2.0,1.0
090020001117A,Azcapotzalco,1602,14,10,0,1565,1368,253,537,483,432,517,414,370,277,0,12.88,0.9704,Muy bajo,Muy bajo,0.87,0.64,0.0,15.79,89.94,80.45,96.28,77.09,68.9,51.58,0.0,1.0,1.0
0900200010843,Azcapotzalco,3643,65,42,0,3567,3229,879,1245,1063,918,1160,956,766,564,3,13.54,0.9651,Bajo,Muy bajo,1.78,1.18,0.0,24.13,85.38,73.73,93.17,76.79,61.53,45.3,0.24,2.0,1.0
0900200010966,Azcapotzalco,2047,30,12,0,2023,1817,384,644,604,524,617,506,486,310,0,13.36,0.9734,Muy bajo,Muy bajo,1.47,0.59,0.0,18.76,93.79,81.37,95.81,78.57,75.47,48.14,0.0,1.0,1.0
0900200010379,Azcapotzalco,4525,140,44,0,4259,3694,867,1335,1031,760,1187,1151,603,435,3,11.54,0.9593,Bajo,Bajo,3.09,1.03,0.0,19.16,77.23,56.93,88.91,86.22,45.17,32.58,0.22,2.0,2.0
0900200010398,Azcapotzalco,4230,65,28,0,4118,3538,1023,1349,981,740,1249,1067,601,412,3,11.6,0.9604,Bajo,Bajo,1.54,0.68,0.0,24.18,72.72,54.86,92.59,79.1,44.55,30.54,0.22,2.0,2.0
0900200010275,Azcapotzalco,7063,69,25,0,6874,5883,1513,1876,1452,1144,1701,1491,848,523,9,10.81,0.9429,Medio,Bajo,0.98,0.36,0.0,21.42,77.4,60.98,90.67,79.48,45.2,27.88,0.48,3.0,2.0
090020001028A,Azcapotzalco,3133,29,11,0,3081,2751,618,999,815,700,925,836,572,436,0,12.72,0.9708,Muy bajo,Muy bajo,0.93,0.36,0.0,19.73,81.58,70.07,92.59,83.68,57.26,43.64,0.0,1.0,1.0
0900200010294,Azcapotzalco,6122,56,28,0,5942,5169,1216,1981,1616,1356,1815,1461,1039,743,,11.95,0.9648,Bajo,Muy bajo,0.91,0.47,0.0,19.86,81.57,68.45,91.62,73.75,52.45,37.51,,2.0,1.0
0900200010307,Azcapotzalco,5718,72,33,0,5558,4809,1077,1659,1282,1037,1495,1323,723,597,,11.28,0.9585,Bajo,Bajo,1.26,0.59,0.0,18.84,77.28,62.51,90.11,79.75,43.58,35.99,,2.0,2.0
0900200010311,Azcapotzalco,3817,57,30,0,3727,3218,939,1203,941,728,1100,941,530,382,,11.9,0.9593,Bajo,Bajo,1.49,0.8,0.0,24.6,78.22,60.52,91.44,78.22,44.06,31.75,,2.0,2.0
0900200010326,Azcapotzalco,8373,162,58,0,8123,6966,1500,2768,2391,2012,2659,2191,1509,1326,,12.65,0.9716,Muy bajo,Muy bajo,1.93,0.71,0.0,17.91,86.38,72.69,96.06,79.15,54.52,47.9,,1.0,1.0
0900200010330,Azcapotzalco,2352,31,17,0,2287,1863,497,606,448,376,542,463,273,191,,10.83,0.9547,Bajo,Bajo,1.32,0.74,0.0,21.13,73.93,62.05,89.44,76.4,45.05,31.52,,2.0,2.0
0900200010345,Azcapotzalco,4283,37,23,0,4163,3611,886,1253,956,815,1150,950,606,480,,11.57,0.9575,Bajo,Bajo,0.86,0.55,0.0,20.69,76.3,65.04,91.78,75.82,48.36,38.31,,2.0,2.0
090020001035A,Azcapotzalco,6325,88,30,0,6124,5203,1271,1891,1558,1295,1754,1408,928,780,10,11.85,0.9624,Bajo,Muy bajo,1.39,0.49,0.0,20.09,82.39,68.48,92.76,74.46,49.07,41.25,0.53,2.0,1.0
0900200010468,Azcapotzalco,4552,59,27,0,4442,3906,994,1650,1359,1161,1522,1261,866,706,23,12.6,0.9559,Bajo,Muy bajo,1.3,0.61,0.0,21.84,82.36,70.36,92.24,76.42,52.48,42.79,1.39,2.0,1.0
0900200010487,Azcapotzalco,4207,81,37,0,4102,3557,1049,1308,988,772,1200,1100,606,431,5,11.62,0.9595,Bajo,Bajo,1.93,0.9,0.0,24.93,75.54,59.02,91.74,84.1,46.33,32.95,0.38,2.0,2.0
0900200010491,Azcapotzalco,6312,91,52,0,6168,5394,1324,1914,1574,1321,1797,1701,1056,821,4,12.19,0.9644,Bajo,Muy bajo,1.44,0.84,0.0,20.98,82.24,69.02,93.89,88.87,55.17,42.89,0.21,2.0,1.0
0900200010504,Azcapotzalco,4754,41,21,0,4663,4140,851,1530,1309,1176,1444,1288,947,780,,13.56,0.9697,Muy bajo,Muy bajo,0.86,0.45,0.0,17.9,85.56,76.86,94.38,84.18,61.9,50.98,,1.0,1.0
0900200010519,Azcapotzalco,2409,39,15,0,2344,2024,471,793,623,503,735,639,405,330,,12.64,0.9699,Muy bajo,Muy bajo,1.62,0.64,0.0,19.55,78.56,63.43,92.69,80.58,51.07,41.61,,1.0,1.0
0900200011127,Azcapotzalco,2837,70,30,0,2768,2410,352,875,730,621,828,748,322,346,,12.2,0.9759,Muy bajo,Muy bajo,2.47,1.08,0.0,12.41,83.43,70.97,94.63,85.49,36.8,39.54,,1.0,1.0
0900200010171,Azcapotzalco,2313,38,20,0,2265,2009,423,695,547,463,632,550,385,299,,11.82,0.9699,Muy bajo,Muy bajo,1.64,0.88,0.0,18.29,78.71,66.62,90.94,79.14,55.4,43.02,,1.0,1.0
0900200010364,Azcapotzalco,3407,45,20,0,3333,2901,722,914,719,530,840,776,456,273,,11.41,0.9589,Bajo,Bajo,1.32,0.6,0.0,21.19,78.67,57.99,91.9,84.9,49.89,29.87,,2.0,2.0
0900200010383,Azcapotzalco,4040,85,43,,3954,3403,896,1226,941,761,1128,979,635,447,4,11.68,0.9605,Bajo,Bajo,2.1,1.09,,22.18,76.75,62.07,92.01,79.85,51.79,36.46,0.33,2.0,2.0
0900200010561,Azcapotzalco,3454,36,17,0,3335,2837,742,1042,751,582,919,864,489,350,3,11.47,0.9591,Bajo,Bajo,1.04,0.51,0.0,21.48,72.07,55.85,88.2,82.92,46.93,33.59,0.29,2.0,2.0
0900200010576,Azcapotzalco,3168,105,50,0,3079,2646,733,945,667,510,851,776,445,292,7,11.36,0.9565,Bajo,Bajo,3.31,1.62,0.0,23.14,70.58,53.97,90.05,82.12,47.09,30.9,0.74,2.0,2.0
0900200010947,Azcapotzalco,4456,95,35,,4353,3716,714,1309,1088,788,1217,941,453,416,4,11.18,0.9635,Bajo,Muy bajo,2.13,0.8,,16.02,83.12,60.2,92.97,71.89,34.61,31.78,0.31,2.0,1.0
0900200010896,Azcapotzalco,1532,12,6,0,1493,1320,263,568,464,396,534,474,320,246,0,12.96,0.972,Muy bajo,Muy bajo,0.78,0.4,0.0,17.17,81.69,69.72,94.01,83.45,56.34,43.31,0.0,1.0,1.0
0900200011184,Azcapotzalco,1433,0,0,0,1409,1253,194,471,414,346,450,355,301,193,0,12.68,0.9784,Muy bajo,Muy bajo,0.0,0.0,0.0,13.54,87.9,73.46,95.54,75.37,63.91,40.98,0.0,1.0,1.0
0900200010256,Azcapotzalco,4894,40,22,0,4779,4024,1202,1423,1116,949,1322,1088,761,470,5,11.67,0.9582,Bajo,Muy bajo,0.82,0.46,0.0,24.56,78.43,66.69,92.9,76.46,53.48,33.03,0.35,2.0,1.0
0900200010129,Azcapotzalco,5703,84,30,0,5529,4700,904,1831,1535,1298,1753,1438,854,786,4,12.43,0.9691,Muy bajo,Muy bajo,1.47,0.54,0.0,15.85,83.83,70.89,95.74,78.54,46.64,42.93,0.22,1.0,1.0
0900200010133,Azcapotzalco,7288,154,61,0,7041,5896,1309,1991,1497,1084,1852,1618,808,639,5,10.9,0.959,Bajo,Bajo,2.11,0.87,0.0,17.96,75.19,54.45,93.02,81.27,40.58,32.09,0.25,2.0,2.0
0900200010203,Azcapotzalco,5495,92,32,0,5343,4534,1273,1464,1074,807,1300,1068,588,402,,10.88,0.9442,Medio,Bajo,1.67,0.6,0.0,23.17,73.36,55.12,88.8,72.95,40.16,27.46,,3.0,2.0
0900200010218,Azcapotzalco,4162,57,28,0,4052,3526,942,1275,1010,800,1167,1009,597,465,3,11.67,0.962,Bajo,Bajo,1.37,0.69,0.0,22.63,79.22,62.75,91.53,79.14,46.82,36.47,0.24,2.0,2.0
0900200010222,Azcapotzalco,7064,130,59,,6831,5870,1665,1990,1530,1228,1855,1552,905,785,4,11.59,0.9576,Bajo,Bajo,1.84,0.86,,23.57,76.88,61.71,93.22,77.99,45.48,39.45,0.2,2.0,2.0
0900200010400,Azcapotzalco,3953,89,36,0,3857,3365,914,1227,923,758,1124,986,609,364,6,11.79,0.9469,Bajo,Bajo,2.25,0.93,0.0,23.12,75.22,61.78,91.61,80.36,49.63,29.67,0.49,2.0,2.0
0900200010434,Azcapotzalco,2831,27,10,0,2777,2492,471,962,820,726,891,787,586,368,,12.73,0.9702,Muy bajo,Muy bajo,0.95,0.36,0.0,16.64,85.24,75.47,92.62,81.81,60.91,38.25,,1.0,1.0
0900200010449,Azcapotzalco,2939,18,11,0,2860,2484,572,812,687,583,767,688,507,323,3,12.27,0.9665,Muy bajo,Muy bajo,0.61,0.38,0.0,19.46,84.61,71.8,94.46,84.73,62.44,39.78,0.37,1.0,1.0
0900200010557,Azcapotzalco,4475,94,45,0,4363,3739,1117,1396,1012,792,1273,1092,652,447,4,11.51,0.9585,Bajo,Bajo,2.1,1.03,0.0,24.96,72.49,56.73,91.19,78.22,46.7,32.02,0.29,2.0,2.0
0900200010631,Azcapotzalco,5263,77,28,0,5135,4374,1340,1444,1156,940,1347,1197,792,485,,11.75,0.9623,Bajo,Muy bajo,1.46,0.55,0.0,25.46,80.06,65.1,93.28,82.89,54.85,33.59,,2.0,1.0
0900200010699,Azcapotzalco,2696,11,13,0,2648,2381,593,897,803,742,857,779,582,481,0,14.07,0.9641,Bajo,Muy bajo,0.41,0.49,0.0,22.0,89.52,82.72,95.54,86.85,64.88,53.62,0.0,2.0,1.0
0900200010701,Azcapotzalco,2400,30,23,0,2357,2119,516,824,719,654,800,704,559,471,0,13.93,0.9763,Muy bajo,Muy bajo,1.25,0.98,0.0,21.5,87.26,79.37,97.09,85.44,67.84,57.16,0.0,1.0,1.0
0900200010716,Azcapotzalco,3775,40,25,,3685,3250,892,1252,1012,873,1152,1017,662,518,6,12.39,0.9621,Bajo,Muy bajo,1.06,0.68,,23.63,80.83,69.73,92.01,81.23,52.88,41.37,0.48,2.0,1.0
0900200010720,Azcapotzalco,2653,19,14,0,2609,2343,627,928,836,751,873,801,622,468,,14.01,0.9664,Muy bajo,Muy bajo,0.72,0.54,0.0,23.63,90.09,80.93,94.07,86.31,67.03,50.43,,1.0,1.0
090020001074A,Azcapotzalco,2850,76,37,0,2759,2394,639,933,682,563,871,765,472,314,,12.31,0.9666,Muy bajo,Bajo,2.67,1.34,0.0,22.42,73.1,60.34,93.35,81.99,50.59,33.65,,1.0,2.0
0900200010754,Azcapotzalco,2282,33,18,0,2228,1915,431,732,577,459,682,622,397,271,,11.84,0.9608,Bajo,Bajo,1.45,0.81,0.0,18.89,78.83,62.7,93.17,84.97,54.23,37.02,,2.0,2.0
0900200010773,Azcapotzalco,2314,41,18,0,2247,1954,400,692,481,354,615,579,358,200,,11.12,0.9621,Bajo,Bajo,1.77,0.8,0.0,17.29,69.51,51.16,88.87,83.67,51.73,28.9,,2.0,2.0
0900200010805,Azcapotzalco,1996,13,10,0,1955,1764,393,740,621,594,711,617,476,338,0,13.5,0.9739,Muy bajo,Muy bajo,0.65,0.51,0.0,19.69,83.92,80.27,96.08,83.38,64.32,45.68,0.0,1.0,1.0
0900200010839,Azcapotzalco,3004,65,27,0,2952,2670,538,1070,943,820,1012,851,660,506,,13.94,0.9676,Muy bajo,Muy bajo,2.16,0.91,0.0,17.91,88.13,76.64,94.58,79.53,61.68,47.29,,1.0,1.0
0900200010909,Azcapotzalco,1810,23,6,0,1770,1564,218,644,528,446,588,490,373,301,0,12.97,0.9727,Muy bajo,Muy bajo,1.27,0.34,0.0,12.04,81.99,69.25,91.3,76.09,57.92,46.74,0.0,1.0,1.0
0900200010985,Azcapotzalco,2334,51,14,0,2270,2006,440,692,554,448,643,521,411,309,0,11.96,0.9669,Muy bajo,Muy bajo,2.19,0.62,0.0,18.85,80.06,64.74,92.92,75.29,59.39,44.65,0.0,1.0,1.0
0900200011004,Azcapotzalco,7559,161,65,0,7338,6154,1644,2284,1789,1511,2137,1797,1094,906,7,11.84,0.9637,Bajo,Bajo,2.13,0.89,0.0,21.75,78.33,66.16,93.56,78.68,47.9,39.67,0.31,2.0,2.0
0900200011019,Azcapotzalco,1689,24,12,,1644,1383,278,534,420,355,488,468,282,215,3,11.79,0.9589,Bajo,Muy bajo,1.42,0.73,,16.46,78.65,66.48,91.39,87.64,52.81,40.26,0.56,2.0,1.0
0900200011095,Azcapotzalco,7035,77,32,0,6793,5797,1397,2142,1768,1475,2030,1721,1179,966,7,12.09,0.9662,Bajo,Muy bajo,1.09,0.47,0.0,19.86,82.54,68.86,94.77,80.35,55.04,45.1,0.33,2.0,1.0
0900200010970,Azcapotzalco,2953,19,7,0,2897,2541,526,883,768,659,821,720,537,403,,12.58,0.9728,Muy bajo,Muy bajo,0.64,0.24,0.0,17.81,86.98,74.63,92.98,81.54,60.82,45.64,,1.0,1.0
090020001099A,Azcapotzalco,1337,12,11,0,1301,1091,117,416,362,300,400,298,257,149,0,12.59,0.9667,Muy bajo,Muy bajo,0.9,0.85,0.0,8.75,87.02,72.12,96.15,71.63,61.78,35.82,0.0,1.0,1.0
0900200011131,Azcapotzalco,2543,34,16,0,2482,2252,550,889,745,608,825,725,517,364,0,12.93,0.9757,Muy bajo,Muy bajo,1.34,0.64,0.0,21.63,83.8,68.39,92.8,81.55,58.16,40.94,0.0,1.0,1.0
0900200011146,Azcapotzalco,927,42,17,0,914,817,185,342,287,244,315,268,194,146,0,13.12,0.974,Muy bajo,Muy bajo,4.53,1.86,0.0,19.96,83.92,71.35,92.11,78.36,56.73,42.69,0.0,1.0,1.0
0900200010877,Azcapotzalco,821,30,19,0,802,659,257,213,135,89,174,170,56,44,,10.0,0.9218,Alto,Bajo,3.65,2.37,0.0,31.3,63.38,41.78,81.69,79.81,26.29,20.66,,4.0,2.0
0900200010881,Azcapotzalco,5207,71,36,,4996,4203,1135,1464,1027,738,1327,1179,616,362,5,10.25,0.9474,Bajo,Bajo,1.36,0.72,,21.8,70.15,50.41,90.64,80.53,42.08,24.73,0.34,2.0,2.0
0900200010928,Azcapotzalco,1841,196,70,3,1761,1436,519,506,316,228,484,361,132,115,0,10.13,0.9538,Bajo,Bajo,10.65,3.98,0.17,28.19,62.45,45.06,95.65,71.34,26.09,22.73,0.0,2.0,2.0
0900200010913,Azcapotzalco,3311,30,10,0,3240,2818,566,976,799,619,890,805,332,375,0,11.45,0.9625,Bajo,Muy bajo,0.91,0.31,0.0,17.09,81.86,63.42,91.19,82.48,34.02,38.42,0.0,2.0,1.0
0900200011112,Azcapotzalco,4239,48,21,0,4142,3577,650,1300,1115,940,1223,1087,526,537,3,12.21,0.9669,Muy bajo,Muy bajo,1.13,0.51,0.0,15.33,85.77,72.31,94.08,83.62,40.46,41.31,0.23,1.0,1.0
0901700010070,Venustiano Carranza,3664,58,32,,3562,2970,1038,1007,741,540,927,817,478,295,,10.9,0.9502,Bajo,Bajo,1.58,0.9,,28.33,73.58,53.62,92.06,81.13,47.47,29.29,,2.0,2.0
0901700010865,Venustiano Carranza,4462,198,121,8,4309,3545,1143,1182,796,596,1054,923,370,258,4,10.19,0.944,Medio,Bajo,4.44,2.81,0.19,25.62,67.34,50.42,89.17,78.09,31.3,21.83,0.34,3.0,2.0
0901700011045,Venustiano Carranza,4132,39,16,0,4007,3321,969,1470,1267,1127,1422,1129,853,810,,13.54,0.9725,Muy bajo,Muy bajo,0.94,0.4,0.0,23.45,86.19,76.67,96.73,76.8,58.03,55.1,,1.0,1.0
0901700010210,Venustiano Carranza,13581,278,142,,13056,10529,4713,3897,2223,1349,3421,2991,1105,686,11,9.58,0.9371,Medio,Medio,2.05,1.09,,34.7,57.04,34.62,87.79,76.75,28.36,17.6,0.28,3.0,3.0
0901700011308,Venustiano Carranza,2791,50,25,,2722,2352,885,859,639,467,789,740,380,250,,11.64,0.9514,Bajo,Bajo,1.79,0.92,,31.71,74.39,54.37,91.85,86.15,44.24,29.1,,2.0,2.0
0901700010831,Venustiano Carranza,5009,104,49,,4856,4057,1200,1349,915,672,1210,1036,417,288,7,10.51,0.9478,Bajo,Bajo,2.08,1.01,,23.96,67.83,49.81,89.7,76.8,30.91,21.35,0.52,2.0,2.0
0901700011191,Venustiano Carranza,2663,94,38,,2590,2243,865,784,601,465,709,611,356,249,,11.87,0.9496,Bajo,Bajo,3.53,1.47,,32.48,76.66,59.31,90.43,77.93,45.41,31.76,,2.0,2.0
0901700011219,Venustiano Carranza,2419,90,55,0,2360,2047,698,719,577,460,666,525,350,283,3,11.98,0.9558,Bajo,Bajo,3.72,2.33,0.0,28.85,80.25,63.98,92.63,73.02,48.68,39.36,0.42,2.0,2.0
0901700011223,Venustiano Carranza,3613,98,42,,3515,3049,1064,1124,872,719,1036,957,518,366,0,12.04,0.9518,Bajo,Bajo,2.71,1.19,,29.45,77.58,63.97,92.17,85.14,46.09,32.56,0.0,2.0,2.0
0901700010367,Venustiano Carranza,5702,258,107,0,5479,4430,2003,1638,1095,708,1503,1324,416,413,7,10.1,0.9467,Bajo,Bajo,4.52,1.95,0.0,35.13,66.85,43.22,91.76,80.83,25.4,25.21,0.43,2.0,2.0
0901700010047,Venustiano Carranza,3850,155,84,,3746,3164,1160,1144,832,623,1049,893,491,307,,10.96,0.951,Bajo,Bajo,4.03,2.24,,30.13,72.73,54.46,91.7,78.06,42.92,26.84,,2.0,2.0
0901700010051,Venustiano Carranza,3587,54,20,0,3484,2983,1103,1048,819,594,956,797,485,279,,11.4,0.9537,Bajo,Bajo,1.51,0.57,0.0,30.75,78.15,56.68,91.22,76.05,46.28,26.62,,2.0,2.0
0901700010140,Venustiano Carranza,0,0,0,0,0,0,0,0,0,0,0,0,0,0,0,0.0,,,,,,,,,,,,,,,,
0901700010032,Venustiano Carranza,10277,130,80,0,9946,8267,2473,3477,2970,2533,3324,2694,1984,1636,7,12.67,0.9683,Muy bajo,Muy bajo,1.26,0.8,0.0,24.06,85.42,72.85,95.6,77.48,57.06,47.05,0.2,1.0,1.0
090170001048A,Venustiano Carranza,4890,148,70,,4699,3844,1905,1401,931,535,1242,1109,359,265,12,9.75,0.937,Medio,Bajo,3.03,1.49,,38.96,66.45,38.19,88.65,79.16,25.62,18.92,0.86,3.0,2.0
0901700010687,Venustiano Carranza,368,34,10,0,353,281,199,96,62,40,88,69,27,26,0,10.01,0.9231,Alto,Bajo,9.24,2.83,0.0,54.08,64.58,41.67,91.67,71.88,28.12,27.08,0.0,4.0,2.0
0901700010085,Venustiano Carranza,2912,38,24,0,2818,2403,811,853,623,464,781,728,404,281,,10.99,0.9529,Bajo,Bajo,1.3,0.85,0.0,27.85,73.04,54.4,91.56,85.35,47.36,32.94,,2.0,2.0
0901700010102,Venustiano Carranza,2899,58,28,0,2784,2324,771,825,582,433,771,623,416,226,,11.13,0.9584,Bajo,Bajo,2.0,1.01,0.0,26.6,70.55,52.48,93.45,75.52,50.42,27.39,,2.0,2.0
0901700010117,Venustiano Carranza,3305,49,12,0,3219,2746,898,986,691,535,907,721,435,295,3,11.37,0.9563,Bajo,Bajo,1.48,0.37,0.0,27.17,70.08,54.26,91.99,73.12,44.12,29.92,0.3,2.0,2.0
0901700010121,Venustiano Carranza,5176,111,33,0,5037,4204,1449,1445,1016,702,1263,1128,551,289,4,10.56,0.947,Bajo,Bajo,2.14,0.66,0.0,27.99,70.31,48.58,87.4,78.06,38.13,20.0,0.28,2.0,2.0
0901700010136,Venustiano Carranza,0,0,0,0,0,0,0,0,0,0,0,0,0,0,0,0.0,,,,,,,,,,,,,,,,
0901700010155,Venustiano Carranza,2974,39,27,,2892,2476,1032,885,586,428,780,642,340,236,4,10.49,0.9427,Medio,Bajo,1.31,0.93,,34.7,66.21,48.36,88.14,72.54,38.42,26.67,0.45,3.0,2.0
0901700010329,Venustiano Carranza,3668,81,36,0,3557,3008,908,1166,791,580,1052,866,500,322,4,11.03,0.9507,Bajo,Bajo,2.21,1.01,0.0,24.75,67.84,49.74,90.22,74.27,42.88,27.62,0.34,2.0,2.0
0901700010884,Venustiano Carranza,8393,267,96,0,8087,6726,2174,2470,1786,1254,2220,1764,839,613,13,10.61,0.9531,Bajo,Bajo,3.18,1.19,0.0,25.9,72.31,50.77,89.88,71.42,33.97,24.82,0.53,2.0,2.0
0901700010899,Venustiano Carranza,3055,111,65,0,2949,2400,956,865,649,472,801,755,370,284,3,10.61,0.9319,Medio,Bajo,3.63,2.2,0.0,31.29,75.03,54.57,92.6,87.28,42.77,32.83,0.35,3.0,2.0
0901700011030,Venustiano Carranza,3171,42,20,0,3014,2592,784,812,594,455,723,628,244,125,,10.87,0.9534,Bajo,Bajo,1.32,0.66,0.0,24.72,73.15,56.03,89.04,77.34,30.05,15.39,,2.0,2.0
0901700011242,Venustiano Carranza,4012,181,84,0,3893,3332,1231,1270,1006,791,1208,1080,633,423,3,12.06,0.9604,Bajo,Bajo,4.51,2.16,0.0,30.68,79.21,62.28,95.12,85.04,49.84,33.31,0.24,2.0,2.0
0901700011261,Venustiano Carranza,3703,92,40,0,3614,3105,1188,1182,924,742,1081,901,586,467,4,11.83,0.9518,Bajo,Bajo,2.48,1.11,0.0,32.08,78.17,62.77,91.46,76.23,49.58,39.51,0.34,2.0,2.0
0901700011276,Venustiano Carranza,2438,90,37,0,2374,2047,804,745,567,426,688,591,332,232,5,11.67,0.9516,Bajo,Bajo,3.69,1.56,0.0,32.98,76.11,57.18,92.35,79.33,44.56,31.14,0.67,2.0,2.0
0901700011312,Venustiano Carranza,10188,340,177,,9889,8109,2410,2956,2456,1942,2815,2316,1576,1384,3,11.52,0.9622,Bajo,Muy bajo,3.34,1.79,,23.66,83.09,65.7,95.23,78.35,53.32,46.82,0.1,2.0,1.0
0901700011399,Venustiano Carranza,4440,85,42,0,4309,3630,1158,1547,1319,1166,1487,1205,808,774,,12.84,0.9649,Bajo,Muy bajo,1.91,0.97,0.0,26.08,85.26,75.37,96.12,77.89,52.23,50.03,,2.0,1.0
0901700011416,Venustiano Carranza,6791,250,115,0,6577,5515,2050,1856,1375,1033,1709,1500,819,529,11,10.5,0.946,Medio,Bajo,3.68,1.75,0.0,30.19,74.08,55.66,92.08,80.82,44.13,28.5,0.59,3.0,2.0
0901700011435,Venustiano Carranza,0,0,0,0,0,0,0,0,0,0,0,0,0,0,0,0.0,,,,,,,,,,,,,,,,
090170001144A,Venustiano Carranza,5519,134,58,0,5399,4756,1352,2018,1666,1393,1907,1674,1075,894,,12.97,0.9701,Muy bajo,Muy bajo,2.43,1.07,0.0,24.5,82.56,69.03,94.5,82.95,53.27,44.3,,1.0,1.0
0901700011454,Venustiano Carranza,1543,4,5,0,1506,1348,327,551,479,420,521,438,363,260,0,13.73,0.9718,Muy bajo,Muy bajo,0.26,0.33,0.0,21.19,86.93,76.23,94.56,79.49,65.88,47.19,0.0,1.0,1.0
0901700010206,Venustiano Carranza,2629,92,30,0,2554,2152,711,755,538,399,691,557,331,207,,11.01,0.9541,Bajo,Bajo,3.5,1.17,0.0,27.04,71.26,52.85,91.52,73.77,43.84,27.42,,2.0,2.0
0901700011149,Venustiano Carranza,1182,14,4,0,1157,1055,344,398,343,287,374,340,261,203,,13.41,0.953,Bajo,Muy bajo,1.18,0.35,0.0,29.1,86.18,72.11,93.97,85.43,65.58,51.01,,2.0,1.0
0901700011204,Venustiano Carranza,3016,70,33,0,2945,2550,889,967,757,615,905,616,465,314,5,11.81,0.9595,Bajo,Bajo,2.32,1.12,0.0,29.48,78.28,63.6,93.59,63.7,48.09,32.47,0.52,2.0,2.0
0901700011238,Venustiano Carranza,3484,63,30,0,3391,2942,953,1118,832,694,1018,761,478,321,,11.65,0.9564,Bajo,Bajo,1.81,0.88,0.0,27.35,74.42,62.08,91.06,68.07,42.75,28.71,,2.0,2.0
0901700011098,Venustiano Carranza,807,0,0,0,785,693,182,255,234,194,245,205,159,123,0,13.59,0.9628,Bajo,Muy bajo,0.0,0.0,0.0,22.55,91.76,76.08,96.08,80.39,62.35,48.24,0.0,2.0,1.0
0901700011420,Venustiano Carranza,547,9,3,0,536,453,150,128,97,76,113,106,47,33,0,10.25,0.9469,Bajo,Bajo,1.65,0.56,0.0,27.42,75.78,59.38,88.28,82.81,36.72,25.78,0.0,2.0,2.0
0901700010189,Venustiano Carranza,1652,0,,0,1590,1362,432,469,375,282,437,360,246,151,0,11.72,0.9601,Bajo,Bajo,0.0,,0.0,26.15,79.96,60.13,93.18,76.76,52.45,32.2,0.0,2.0,2.0
0901700010193,Venustiano Carranza,1487,10,8,0,1458,1272,384,460,352,272,409,353,247,91,0,11.42,0.9561,Bajo,Bajo,0.67,0.55,0.0,25.82,76.52,59.13,88.91,76.74,53.7,19.78,0.0,2.0,2.0
0901700010475,Venustiano Carranza,1419,19,9,0,1359,1155,416,405,259,184,349,288,139,120,,10.55,0.9456,Medio,Bajo,1.34,0.66,0.0,29.32,63.95,45.43,86.17,71.11,34.32,29.63,,3.0,2.0
0901700010511,Venustiano Carranza,20,0,0,0,20,20,0,0,0,0,0,0,0,0,0,0.0,,,,0.0,0.0,0.0,0.0,,,,,,,,,
0901700010526,Venustiano Carranza,4882,127,64,0,4734,4007,1330,1597,1255,1022,1494,1250,820,635,,12.13,0.9644,Bajo,Muy bajo,2.6,1.35,0.0,27.24,78.58,63.99,93.55,78.27,51.35,39.76,,2.0,1.0
0901700010530,Venustiano Carranza,1856,26,13,0,1799,1572,503,629,463,359,584,497,289,222,,11.85,0.9554,Bajo,Bajo,1.4,0.72,0.0,27.1,73.61,57.07,92.85,79.01,45.95,35.29,,2.0,2.0
0901700010278,Venustiano Carranza,2185,14,4,0,2116,1800,582,611,454,330,546,361,239,166,,11.25,0.956,Bajo,Bajo,0.64,0.19,0.0,26.64,74.3,54.01,89.36,59.08,39.12,27.17,,2.0,2.0
0901700010244,Venustiano Carranza,2421,8,4,0,2313,1790,627,633,458,367,559,473,268,183,,11.2,0.9586,Bajo,Bajo,0.33,0.17,0.0,25.9,72.35,57.98,88.31,74.72,42.34,28.91,,2.0,2.0
0901700010259,Venustiano Carranza,1596,30,12,0,1557,1335,471,439,334,277,384,328,195,148,3,11.5,0.9484,Bajo,Bajo,1.88,0.77,0.0,29.51,76.08,63.1,87.47,74.72,44.42,33.71,0.68,2.0,2.0
0901700010282,Venustiano Carranza,3381,52,24,0,3291,2789,792,971,697,514,881,770,416,276,8,10.94,0.9491,Bajo,Bajo,1.54,0.73,0.0,23.43,71.78,52.94,90.73,79.3,42.84,28.42,0.82,2.0,2.0
0901700010297,Venustiano Carranza,3631,89,39,0,3509,2916,1108,1054,698,444,915,867,437,217,5,10.51,0.9375,Medio,Bajo,2.45,1.11,0.0,30.52,66.22,42.13,86.81,82.26,41.46,20.59,0.47,3.0,2.0
090170001030A,Venustiano Carranza,3513,44,21,0,3403,2902,1007,1088,822,645,1004,877,585,371,0,11.71,0.9601,Bajo,Bajo,1.25,0.62,0.0,28.66,75.55,59.28,92.28,80.61,53.77,34.1,0.0,2.0,2.0
0901700010314,Venustiano Carranza,3467,13,10,0,3299,2798,772,1083,787,651,972,777,525,338,,11.55,0.9534,Bajo,Bajo,0.37,0.3,0.0,22.27,72.67,60.11,89.75,71.75,48.48,31.21,,2.0,2.0
0901700010333,Venustiano Carranza,3022,55,27,,2922,2457,761,848,590,434,764,646,378,252,,10.83,0.9431,Medio,Bajo,1.82,0.92,,25.18,69.58,51.18,90.09,76.18,44.58,29.72,,3.0,2.0
0901700010615,Venustiano Carranza,1474,3,5,0,1444,1313,453,530,448,401,499,427,340,229,0,13.36,0.9646,Bajo,Muy bajo,0.2,0.35,0.0,30.73,84.53,75.66,94.15,80.57,64.15,43.21,0.0,2.0,1.0
0901700010371,Venustiano Carranza,7102,166,74,,6837,5659,2478,2158,1493,902,1895,1631,618,520,12,9.96,0.9401,Medio,Bajo,2.34,1.08,,34.89,69.18,41.8,87.81,75.58,28.64,24.1,0.56,3.0,2.0
0901700010386,Venustiano Carranza,1928,32,13,0,1877,1607,492,548,401,289,481,433,236,131,3,10.95,0.9527,Bajo,Bajo,1.66,0.69,0.0,25.52,73.18,52.74,87.77,79.01,43.07,23.91,0.55,2.0,2.0
0901700010390,Venustiano Carranza,6818,228,100,0,6574,5425,2247,2064,1468,1035,1890,1567,659,613,16,10.51,0.9462,Medio,Bajo,3.34,1.52,0.0,32.96,71.12,50.15,91.57,75.92,31.93,29.7,0.78,3.0,2.0
0901700010403,Venustiano Carranza,2343,65,33,0,2271,1947,531,641,481,377,575,520,275,190,,11.47,0.9599,Bajo,Bajo,2.77,1.45,0.0,22.66,75.04,58.81,89.7,81.12,42.9,29.64,,2.0,2.0
0901700010653,Venustiano Carranza,4238,38,31,0,4142,3565,1217,1373,995,787,1229,1023,658,461,11,11.72,0.9534,Bajo,Bajo,0.9,0.75,0.0,28.72,72.47,57.32,89.51,74.51,47.92,33.58,0.8,2.0,2.0
0901700010418,Venustiano Carranza,2531,48,22,0,2408,2034,588,679,491,346,605,498,256,168,3,10.76,0.9556,Bajo,Bajo,1.9,0.91,0.0,23.23,72.31,50.96,89.1,73.34,37.7,24.74,0.44,2.0,2.0
0901700010422,Venustiano Carranza,6439,136,65,,6225,5163,1582,1969,1450,1122,1794,1574,967,613,8,11.1,0.9458,Medio,Bajo,2.11,1.04,,24.57,73.64,56.98,91.11,79.94,49.11,31.13,0.41,3.0,2.0
0901700010437,Venustiano Carranza,3905,42,21,,3801,3158,950,1157,863,606,1071,956,591,337,,11.0,0.957,Bajo,Bajo,1.08,0.55,,24.33,74.59,52.38,92.57,82.63,51.08,29.13,,2.0,2.0
0901700010441,Venustiano Carranza,5328,98,39,0,5150,4260,1216,1866,1674,1440,1825,1429,1099,1023,0,13.2,0.9697,Muy bajo,Muy bajo,1.84,0.76,0.0,22.82,89.71,77.17,97.8,76.58,58.9,54.82,0.0,1.0,1.0
0901700010545,Venustiano Carranza,3543,58,38,0,3447,2978,974,1178,880,701,1101,924,560,397,4,11.89,0.958,Bajo,Bajo,1.64,1.1,0.0,27.49,74.7,59.51,93.46,78.44,47.54,33.7,0.34,2.0,2.0
090170001055A,Venustiano Carranza,5390,146,76,,5245,4469,1344,1676,1252,993,1560,1276,820,582,5,11.5,0.9596,Bajo,Bajo,2.71,1.45,,24.94,74.7,59.25,93.08,76.13,48.93,34.73,0.3,2.0,2.0
0901700010564,Venustiano Carranza,3597,77,41,0,3502,3046,1071,1181,871,698,1090,897,565,330,,11.49,0.9527,Bajo,Bajo,2.14,1.17,0.0,29.77,73.75,59.1,92.29,75.95,47.84,27.94,,2.0,2.0
0901700010579,Venustiano Carranza,2007,310,144,3,1913,1504,1083,534,287,185,457,388,94,65,10,8.63,0.9121,Alto,Medio,15.45,7.53,0.16,53.96,53.75,34.64,85.58,72.66,17.6,12.17,1.87,4.0,3.0
0901700010583,Venustiano Carranza,3123,277,219,,3004,2550,1052,884,660,512,829,685,394,283,3,10.75,0.9483,Bajo,Bajo,8.87,7.29,,33.69,74.66,57.92,93.78,77.49,44.57,32.01,0.34,2.0,2.0
0901700010598,Venustiano Carranza,4,,,,,,,,,,,,,,,,,,Muy alto,,,,,,,,,,,,,5.0
090170001062A,Venustiano Carranza,2021,90,35,0,1962,1709,547,649,496,403,605,517,313,245,0,12.04,0.9573,Bajo,Bajo,4.45,1.78,0.0,27.07,76.43,62.1,93.22,79.66,48.23,37.75,0.0,2.0,2.0
0901700010649,Venustiano Carranza,5209,143,61,0,5063,4305,1514,1530,1097,821,1410,1163,706,461,,11.31,0.9512,Bajo,Bajo,2.75,1.2,0.0,29.07,71.7,53.66,92.16,76.01,46.14,30.13,,2.0,2.0
0901700010668,Venustiano Carranza,3103,95,43,0,3025,2605,987,935,722,564,863,743,464,329,,11.92,0.9564,Bajo,Bajo,3.06,1.42,0.0,31.81,77.22,60.32,92.3,79.47,49.63,35.19,,2.0,2.0
0901700010672,Venustiano Carranza,3902,46,21,0,3796,3250,1004,1224,890,733,1137,950,517,322,5,11.89,0.9561,Bajo,Bajo,1.18,0.55,0.0,25.73,72.71,59.89,92.89,77.61,42.24,26.31,0.41,2.0,2.0
0901700010691,Venustiano Carranza,1989,125,82,0,1934,1608,967,536,400,258,491,432,231,170,3,10.29,0.9263,Alto,Bajo,6.28,4.24,0.0,48.62,74.63,48.13,91.6,80.6,43.1,31.72,0.56,4.0,2.0
0901700010704,Venustiano Carranza,40,17,10,0,38,31,11,0,0,0,0,0,0,0,0,6.25,,,,42.5,26.32,0.0,27.5,,,,,,,,,
0901700010780,Venustiano Carranza,4389,70,29,,4302,3712,1140,1388,1030,837,1253,1082,631,519,,11.65,0.9591,Bajo,Bajo,1.59,0.67,,25.97,74.21,60.3,90.27,77.95,45.46,37.39,,2.0,2.0
0901700010808,Venustiano Carranza,3529,47,18,0,3435,2848,937,952,711,505,844,713,332,254,3,10.79,0.9501,Bajo,Bajo,1.33,0.52,0.0,26.55,74.68,53.05,88.66,74.89,34.87,26.68,0.32,2.0,2.0
0901700010812,Venustiano Carranza,3791,19,12,,3672,3085,1213,1184,914,642,1060,901,378,282,11,10.5,0.9485,Bajo,Bajo,0.5,0.33,,32.0,77.2,54.22,89.53,76.1,31.93,23.82,0.93,2.0,2.0
0901700011079,Venustiano Carranza,2580,70,31,,2532,2269,728,853,723,634,794,699,511,370,3,13.55,0.9707,Muy bajo,Muy bajo,2.71,1.22,,28.22,84.76,74.33,93.08,81.95,59.91,43.38,0.35,1.0,1.0
0901700011083,Venustiano Carranza,1213,15,13,0,1195,1081,359,363,316,284,341,306,237,160,0,13.4,0.9645,Bajo,Muy bajo,1.24,1.09,0.0,29.6,87.05,78.24,93.94,84.3,65.29,44.08,0.0,2.0,1.0
0901700011346,Venustiano Carranza,1274,4,7,0,1253,1120,344,443,396,358,421,366,299,185,0,13.22,0.9649,Bajo,Muy bajo,0.31,0.56,0.0,27.0,89.39,80.81,95.03,82.62,67.49,41.76,0.0,2.0,1.0
0901700011350,Venustiano Carranza,1222,,4,0,1204,1077,358,411,375,328,389,361,275,196,,13.51,0.9674,Muy bajo,Muy bajo,,0.33,0.0,29.3,91.24,79.81,94.65,87.83,66.91,47.69,,1.0,1.0
0901700011365,Venustiano Carranza,1058,9,4,0,1043,958,248,393,351,312,377,340,274,192,0,13.8,0.9634,Bajo,Muy bajo,0.85,0.38,0.0,23.44,89.31,79.39,95.93,86.51,69.72,48.85,0.0,2.0,1.0
090170001137A,Venustiano Carranza,1940,16,6,0,1897,1669,532,645,567,484,606,528,403,300,,13.81,0.9711,Muy bajo,Muy bajo,0.82,0.32,0.0,27.42,87.91,75.04,93.95,81.86,62.48,46.51,,1.0,1.0
0901700011384,Venustiano Carranza,1299,5,4,0,1281,1146,321,473,407,351,434,383,322,249,0,14.38,0.9577,Bajo,Muy bajo,0.38,0.31,0.0,24.71,86.05,74.21,91.75,80.97,68.08,52.64,0.0,2.0,1.0
090170001151A,Venustiano Carranza,2248,34,20,0,2166,1814,379,717,574,488,686,559,416,313,0,12.03,0.9673,Muy bajo,Muy bajo,1.51,0.92,0.0,16.86,80.06,68.06,95.68,77.96,58.02,43.65,0.0,1.0,1.0
0901700011524,Venustiano Carranza,4295,101,44,0,4178,3513,1373,1201,880,644,1104,969,406,270,3,10.87,0.9502,Bajo,Bajo,2.35,1.05,0.0,31.97,73.27,53.62,91.92,80.68,33.81,22.48,0.25,2.0,2.0
0901700010494,Venustiano Carranza,4947,125,63,,4792,4014,1560,1508,978,710,1330,1189,482,397,12,10.44,0.9463,Medio,Bajo,2.53,1.31,,31.53,64.85,47.08,88.2,78.85,31.96,26.33,0.8,3.0,2.0
0901700010742,Venustiano Carranza,1718,6,5,0,1680,1492,257,690,588,530,641,535,469,299,,13.13,0.977,Muy bajo,Muy bajo,0.35,0.3,0.0,14.96,85.22,76.81,92.9,77.54,67.97,43.33,,1.0,1.0
0901700011011,Venustiano Carranza,3456,46,15,0,3347,2906,905,1144,936,750,1063,873,533,393,,12.27,0.9621,Bajo,Bajo,1.33,0.45,0.0,26.19,81.82,65.56,92.92,76.31,46.59,34.35,,2.0,2.0
0901700011401,Venustiano Carranza,4497,140,64,0,4369,3672,1218,1178,882,713,1049,812,534,381,7,10.75,0.9469,Bajo,Bajo,3.11,1.46,0.0,27.08,74.87,60.53,89.05,68.93,45.33,32.34,0.59,2.0,2.0
0901700010600,Venustiano Carranza,1428,12,7,0,1393,1244,427,520,430,360,479,350,302,232,0,12.86,0.962,Bajo,Muy bajo,0.84,0.5,0.0,29.9,82.69,69.23,92.12,67.31,58.08,44.62,0.0,2.0,1.0
0901700010456,Venustiano Carranza,2635,55,25,0,2584,2210,667,833,644,462,763,628,399,259,6,11.82,0.9568,Bajo,Bajo,2.09,0.97,0.0,25.31,77.31,55.46,91.6,75.39,47.9,31.09,0.72,2.0,2.0
0901700010901,Venustiano Carranza,1384,56,41,,1353,1179,483,419,332,251,385,381,209,168,0,11.52,0.9355,Medio,Bajo,4.05,3.03,,34.9,79.24,59.9,91.89,90.93,49.88,40.1,0.0,3.0,2.0
0901700010460,Venustiano Carranza,4897,23,13,0,4771,4041,1432,1480,1030,827,1333,1133,660,531,5,11.41,0.9497,Bajo,Bajo,0.47,0.27,0.0,29.24,69.59,55.88,90.07,76.55,44.59,35.88,0.34,2.0,2.0
0901700010263,Venustiano Carranza,1799,23,10,0,1754,1489,551,495,370,277,444,360,233,136,,11.23,0.941,Medio,Bajo,1.28,0.57,0.0,30.63,74.75,55.96,89.7,72.73,47.07,27.47,,3.0,2.0
0901700010066,Venustiano Carranza,2976,60,36,0,2901,2493,712,918,722,562,843,691,479,247,,12.12,0.9516,Bajo,Bajo,2.02,1.24,0.0,23.92,78.65,61.22,91.83,75.27,52.18,26.91,,2.0,2.0
090170001009A,Venustiano Carranza,4499,80,38,,4350,3669,1087,1340,1048,839,1237,1053,741,535,,11.57,0.9598,Bajo,Bajo,1.78,0.87,,24.16,78.21,62.61,92.31,78.58,55.3,39.93,,2.0,2.0
090170001016A,Venustiano Carranza,1827,49,21,0,1751,1498,560,547,403,311,509,424,276,179,,11.52,0.9496,Bajo,Bajo,2.68,1.2,0.0,30.65,73.67,56.86,93.05,77.51,50.46,32.72,,2.0,2.0
0901700010174,Venustiano Carranza,2235,64,34,0,2172,1862,685,674,511,404,621,552,360,231,3,11.31,0.9495,Bajo,Bajo,2.86,1.57,0.0,30.65,75.82,59.94,92.14,81.9,53.41,34.27,0.45,2.0,2.0
0901700010225,Venustiano Carranza,7677,160,72,0,7386,5940,2616,2221,1328,947,2034,1733,678,484,7,9.87,0.9425,Medio,Bajo,2.08,0.97,0.0,34.08,59.79,42.64,91.58,78.03,30.53,21.79,0.32,3.0,2.0
090170001023A,Venustiano Carranza,1910,21,12,0,1860,1561,645,562,371,258,495,460,221,94,0,10.71,0.9455,Medio,Bajo,1.1,0.65,0.0,33.77,66.01,45.91,88.08,81.85,39.32,16.73,0.0,3.0,2.0
0901700010846,Venustiano Carranza,3052,63,25,0,2969,2532,921,916,653,509,815,684,320,213,3,10.92,0.9473,Bajo,Bajo,2.06,0.84,0.0,30.18,71.29,55.57,88.97,74.67,34.93,23.25,0.33,2.0,2.0
090170001087A,Venustiano Carranza,4441,50,24,0,4318,3678,1224,1177,844,660,1061,879,436,322,,11.05,0.9558,Bajo,Bajo,1.13,0.56,0.0,27.56,71.71,56.07,90.14,74.68,37.04,27.36,,2.0,2.0
0901700010916,Venustiano Carranza,1426,0,0,0,1402,1272,344,477,407,351,443,416,308,204,0,12.46,0.9505,Bajo,Muy bajo,0.0,0.0,0.0,24.12,85.32,73.58,92.87,87.21,64.57,42.77,0.0,2.0,1.0
0901700010920,Venustiano Carranza,170,0,0,0,164,139,59,44,42,35,42,32,25,21,0,12.53,0.9583,Bajo,Muy bajo,0.0,0.0,0.0,34.71,95.45,79.55,95.45,72.73,56.82,47.73,0.0,2.0,1.0
0901700010935,Venustiano Carranza,3159,29,24,0,3074,2737,822,1162,998,836,1089,937,667,569,0,13.18,0.9671,Muy bajo,Muy bajo,0.92,0.78,0.0,26.02,85.89,71.94,93.72,80.64,57.4,48.97,0.0,1.0,1.0
090170001094A,Venustiano Carranza,1135,12,7,0,1111,983,261,427,363,290,390,338,243,171,,12.76,0.9703,Muy bajo,Muy bajo,1.06,0.63,0.0,23.0,85.01,67.92,91.33,79.16,56.91,40.05,,1.0,1.0
090170001105A,Venustiano Carranza,4115,78,45,0,3998,3478,1245,1368,1046,870,1272,1108,737,530,0,12.26,0.9592,Bajo,Bajo,1.9,1.13,0.0,30.26,76.46,63.6,92.98,80.99,53.87,38.74,0.0,2.0,2.0
0901700011064,Venustiano Carranza,1702,21,8,0,1661,1476,364,561,465,366,521,473,327,238,,12.98,0.9685,Muy bajo,Muy bajo,1.23,0.48,0.0,21.39,82.89,65.24,92.87,84.31,58.29,42.42,,1.0,1.0
0901700011257,Venustiano Carranza,2583,28,14,0,2520,2211,560,914,824,707,883,714,559,436,0,13.37,0.9733,Muy bajo,Muy bajo,1.08,0.56,0.0,21.68,90.15,77.35,96.61,78.12,61.16,47.7,0.0,1.0,1.0
0901700011280,Venustiano Carranza,3707,121,61,,3584,3060,1156,1122,767,606,1006,833,478,352,8,11.39,0.9491,Bajo,Bajo,3.26,1.7,,31.18,68.36,54.01,89.66,74.24,42.6,31.37,0.71,2.0,2.0
0901700011327,Venustiano Carranza,2763,61,44,0,2705,2384,834,904,704,579,836,700,476,310,,12.0,0.9604,Bajo,Muy bajo,2.21,1.63,0.0,30.18,77.88,64.05,92.48,77.43,52.65,34.29,,2.0,1.0
0901700011331,Venustiano Carranza,3109,66,33,0,3043,2672,796,852,681,541,788,629,484,356,3,11.98,0.9604,Bajo,Bajo,2.12,1.08,0.0,25.6,79.93,63.5,92.49,73.83,56.81,41.78,0.35,2.0,2.0
0901700011295,Venustiano Carranza,4277,158,77,0,4135,3545,1325,1404,1070,804,1305,1122,573,440,6,11.52,0.9388,Medio,Bajo,3.69,1.86,0.0,30.98,76.21,57.26,92.95,79.91,40.81,31.34,0.43,3.0,2.0
0901700011026,Venustiano Carranza,2822,41,17,0,2752,2416,707,914,743,610,848,687,473,369,4,12.29,0.9608,Bajo,Bajo,1.45,0.62,0.0,25.05,81.29,66.74,92.78,75.16,51.75,40.37,0.44,2.0,2.0
0901700011488,Venustiano Carranza,1079,49,21,0,1033,811,346,284,175,111,248,231,92,59,,9.44,0.9348,Medio,Bajo,4.54,2.03,0.0,32.07,61.62,39.08,87.32,81.34,32.39,20.77,,3.0,2.0
0901700011492,Venustiano Carranza,900,28,7,0,864,684,434,241,129,108,169,163,65,40,8,7.5,0.8531,Muy alto,Medio,3.11,0.81,0.0,48.22,53.53,44.81,70.12,67.63,26.97,16.6,3.32,5.0,3.0
0901700010954,Venustiano Carranza,860,12,6,0,839,761,248,291,262,244,276,201,193,119,,13.35,0.9438,Medio,Muy bajo,1.4,0.72,0.0,28.84,90.03,83.85,94.85,69.07,66.32,40.89,,3.0,1.0
0901700010757,Venustiano Carranza,643,0,3,0,627,575,159,257,223,218,239,181,170,118,,13.88,0.9764,Muy bajo,Muy bajo,0.0,0.48,0.0,24.73,86.77,84.82,93.0,70.43,66.15,45.91,,1.0,1.0
090170001112A,Venustiano Carranza,366,17,14,0,365,339,112,112,105,95,107,97,77,60,0,13.69,0.975,Muy bajo,Muy bajo,4.64,3.84,0.0,30.6,93.75,84.82,95.54,86.61,68.75,53.57,0.0,1.0,1.0
0901700011134,Venustiano Carranza,1331,26,17,0,1305,1168,367,491,419,352,466,415,295,238,,13.02,0.9695,Muy bajo,Muy bajo,1.95,1.3,0.0,27.57,85.34,71.69,94.91,84.52,60.08,48.47,,1.0,1.0
0901700011115,Venustiano Carranza,1753,19,10,0,1729,1548,540,572,518,453,552,489,379,284,0,13.58,0.9664,Muy bajo,Muy bajo,1.08,0.58,0.0,30.8,90.56,79.2,96.5,85.49,66.26,49.65,0.0,1.0,1.0
0901700011153,Venustiano Carranza,885,11,5,0,863,767,201,342,300,266,336,285,207,207,0,14.02,0.9704,Muy bajo,Muy bajo,1.24,0.58,0.0,22.71,87.72,77.78,98.25,83.33,60.53,60.53,0.0,1.0,1.0
0901700010634,Venustiano Carranza,3946,68,36,0,3842,3304,1117,1253,966,780,1155,1026,624,524,3,12.07,0.9552,Bajo,Bajo,1.72,0.94,0.0,28.31,77.09,62.25,92.18,81.88,49.8,41.82,0.24,2.0,2.0
0901700011172,Venustiano Carranza,2458,41,20,0,2406,2103,699,738,546,447,668,587,372,241,3,11.79,0.9557,Bajo,Bajo,1.67,0.83,0.0,28.44,73.98,60.57,90.51,79.54,50.41,32.66,0.41,2.0,2.0
0901700010992,Venustiano Carranza,965,7,3,0,954,841,189,320,272,232,306,261,193,147,0,13.49,0.9726,Muy bajo,Muy bajo,0.73,0.31,0.0,19.59,85.0,72.5,95.62,81.56,60.31,45.94,0.0,1.0,1.0
0901700011100,Venustiano Carranza,1312,42,12,0,1293,1163,472,370,328,297,345,306,254,157,,13.6,0.9508,Bajo,Muy bajo,3.2,0.93,0.0,35.98,88.65,80.27,93.24,82.7,68.65,42.43,,2.0,1.0
0901700011187,Venustiano Carranza,2452,83,47,0,2392,2097,734,787,590,452,732,631,376,264,0,11.84,0.9568,Bajo,Bajo,3.38,1.96,0.0,29.93,74.97,57.43,93.01,80.18,47.78,33.55,0.0,2.0,2.0
0901700010988,Venustiano Carranza,1288,10,6,0,1264,1130,336,430,374,331,403,376,253,207,0,13.74,0.9739,Muy bajo,Muy bajo,0.78,0.47,0.0,26.09,86.98,76.98,93.72,87.44,58.84,48.14,0.0,1.0,1.0
0901700010969,Venustiano Carranza,486,7,4,0,480,442,129,168,141,128,146,135,107,64,0,13.54,0.9695,Muy bajo,Muy bajo,1.44,0.83,0.0,26.54,83.93,76.19,86.9,80.36,63.69,38.1,0.0,1.0,1.0
0901700010973,Venustiano Carranza,996,3,3,0,978,889,268,334,297,265,319,271,231,169,0,13.88,0.9592,Bajo,Muy bajo,0.3,0.31,0.0,26.91,88.92,79.34,95.51,81.14,69.16,50.6,0.0,2.0,1.0
0901700011007,Venustiano Carranza,2306,83,41,0,2233,1905,640,711,561,468,680,513,379,282,0,11.78,0.9646,Bajo,Muy bajo,3.6,1.84,0.0,27.75,78.9,65.82,95.64,72.15,53.31,39.66,0.0,2.0,1.0
0901700010507,Venustiano Carranza,2189,62,32,0,2135,1839,734,683,509,430,631,526,266,236,6,11.62,0.9449,Medio,Bajo,2.83,1.5,0.0,33.53,74.52,62.96,92.39,77.01,38.95,34.55,0.88,3.0,2.0
0901700010761,Venustiano Carranza,1213,35,10,0,1194,1061,369,433,377,322,399,330,290,216,0,13.1,0.9664,Muy bajo,Muy bajo,2.89,0.84,0.0,30.42,87.07,74.36,92.15,76.21,66.97,49.88,0.0,1.0,1.0
0901700010795,Venustiano Carranza,201,14,8,0,194,177,54,72,47,38,64,55,27,25,,11.06,0.9548,Bajo,Bajo,6.97,4.12,0.0,26.87,65.28,52.78,88.89,76.39,37.5,34.72,,2.0,2.0
0901700011168,Venustiano Carranza,2078,44,23,0,2051,1784,577,584,453,378,544,485,287,195,,12.01,0.9637,Bajo,Bajo,2.12,1.12,0.0,27.77,77.57,64.73,93.15,83.05,49.14,33.39,,2.0,2.0
0901700010827,Venustiano Carranza,4011,220,108,0,3877,3197,1149,1034,699,513,920,793,313,226,6,10.44,0.9494,Bajo,Bajo,5.48,2.79,0.0,28.65,67.6,49.61,88.97,76.69,30.27,21.86,0.58,2.0,2.0
0901700011505,Venustiano Carranza,2513,60,29,0,2430,2059,461,823,667,570,794,638,354,375,0,12.53,0.9697,Muy bajo,Muy bajo,2.39,1.19,0.0,18.34,81.04,69.26,96.48,77.52,43.01,45.57,0.0,1.0,1.0
0901700011469,Venustiano Carranza,1356,78,33,,1299,1017,267,361,236,148,321,295,148,83,0,9.6,0.9398,Medio,Bajo,5.75,2.54,,19.69,65.37,41.0,88.92,81.72,41.0,22.99,0.0,3.0,2.0
0901700011473,Venustiano Carranza,1181,60,17,,1133,897,284,311,196,127,277,226,106,53,3,9.58,0.9433,Medio,Bajo,5.08,1.5,,24.05,63.02,40.84,89.07,72.67,34.08,17.04,0.96,3.0,2.0
0901700010013,Venustiano Carranza,5152,129,45,0,4985,4145,1368,1544,1137,859,1423,1246,682,441,4,11.02,0.9564,Bajo,Bajo,2.5,0.9,0.0,26.55,73.64,55.63,92.16,80.7,44.17,28.56,0.26,2.0,2.0
0901700010028,Venustiano Carranza,4855,39,20,0,4703,3992,1133,1484,1011,732,1289,1123,624,353,12,10.75,0.9516,Bajo,Bajo,0.8,0.43,0.0,23.34,68.13,49.33,86.86,75.67,42.05,23.79,0.81,2.0,2.0
0901700010723,Venustiano Carranza,815,4,,0,798,728,190,291,248,235,270,241,187,152,0,13.07,0.9738,Muy bajo,Muy bajo,0.49,,0.0,23.31,85.22,80.76,92.78,82.82,64.26,52.23,0.0,1.0,1.0
0901700010738,Venustiano Carranza,961,4,,0,947,856,165,376,327,280,364,360,236,194,0,13.31,0.9587,Bajo,Muy bajo,0.42,,0.0,17.17,86.97,74.47,96.81,95.74,62.77,51.6,0.0,2.0,1.0
0901700010719,Venustiano Carranza,2109,12,14,0,2076,1823,456,825,707,627,792,768,480,311,,12.66,0.9599,Bajo,Muy bajo,0.57,0.67,0.0,21.62,85.7,76.0,96.0,93.09,58.18,37.7,,2.0,1.0
0901700010348,Venustiano Carranza,2881,54,23,0,2781,2307,771,728,442,311,624,585,314,147,3,10.18,0.946,Medio,Bajo,1.87,0.83,0.0,26.76,60.71,42.72,85.71,80.36,43.13,20.19,0.41,3.0,2.0
0901700010352,Venustiano Carranza,3400,20,7,0,3299,2749,816,804,545,337,672,593,321,142,3,9.94,0.9426,Medio,Bajo,0.59,0.21,0.0,24.0,67.79,41.92,83.58,73.76,39.93,17.66,0.37,3.0,2.0
0901700010776,Venustiano Carranza,2153,30,17,0,2113,1895,579,754,662,568,717,626,457,333,0,13.53,0.97,Muy bajo,Muy bajo,1.39,0.8,0.0,26.89,87.8,75.33,95.09,83.02,60.61,44.16,0.0,1.0,1.0
0901100011323,Tláhuac,702,6,,0,691,589,141,219,184,137,201,168,107,57,,11.79,0.9692,Muy bajo,Muy bajo,0.85,,0.0,20.09,84.02,62.56,91.78,76.71,48.86,26.03,,1.0,1.0
0901100011446,Tláhuac,3561,58,21,0,3437,2763,868,935,647,441,839,741,363,178,4,10.17,0.9437,Medio,Bajo,1.63,0.61,0.0,24.38,69.2,47.17,89.73,79.25,38.82,19.04,0.43,3.0,2.0
090110001108A,Tláhuac,2415,77,43,0,2342,1976,539,789,640,517,754,636,390,275,,12.13,0.9721,Muy bajo,Muy bajo,3.19,1.84,0.0,22.32,81.12,65.53,95.56,80.61,49.43,34.85,,1.0,1.0
0901100010132,Tláhuac,5343,122,42,0,5158,4207,1422,1493,987,689,1353,1082,760,272,3,10.57,0.9461,Medio,Bajo,2.28,0.81,0.0,26.61,66.11,46.15,90.62,72.47,50.9,18.22,0.2,3.0,2.0
0901100010452,Tláhuac,9689,218,69,,9361,7665,2471,2486,1767,1173,2170,1941,935,431,19,10.52,0.9512,Bajo,Bajo,2.25,0.74,,25.5,71.08,47.18,87.29,78.08,37.61,17.34,0.76,2.0,2.0
0901100010594,Tláhuac,7502,417,145,0,7192,5667,2267,1900,1144,657,1683,1412,527,301,20,9.17,0.931,Medio,Medio,5.56,2.02,0.0,30.22,60.21,34.58,88.58,74.32,27.74,15.84,1.05,3.0,3.0
0901100011111,Tláhuac,4445,182,57,0,4279,3419,1034,1159,787,490,1033,978,336,210,4,9.96,0.9427,Medio,Bajo,4.09,1.33,0.0,23.26,67.9,42.28,89.13,84.38,28.99,18.12,0.35,3.0,2.0
0901100011357,Tláhuac,9088,414,150,0,8765,7109,2422,2805,2039,1610,2662,2039,1375,929,7,11.15,0.9594,Bajo,Bajo,4.56,1.71,0.0,26.65,72.69,57.4,94.9,72.69,49.02,33.12,0.25,2.0,2.0
0901100011376,Tláhuac,7148,140,61,0,6931,5708,1769,2320,1812,1360,2210,1783,1153,738,6,11.65,0.9645,Bajo,Bajo,1.96,0.88,0.0,24.75,78.1,58.62,95.26,76.85,49.7,31.81,0.26,2.0,2.0
0901100011412,Tláhuac,3617,337,105,,3452,2683,1462,888,588,359,820,706,264,139,3,9.7,0.935,Medio,Bajo,9.32,3.04,,40.42,66.22,40.43,92.34,79.5,29.73,15.65,0.34,3.0,2.0
0901100210787,Tláhuac,1696,27,11,0,1638,1348,642,470,288,239,408,378,132,104,8,10.41,0.9383,Medio,Bajo,1.59,0.67,0.0,37.85,61.28,50.85,86.81,80.43,28.09,22.13,1.7,3.0,2.0
090110001154A,Tláhuac,2156,52,23,,2070,1707,635,611,375,274,562,468,226,126,3,10.25,0.9503,Bajo,Bajo,2.41,1.11,,29.45,61.37,44.84,91.98,76.6,36.99,20.62,0.49,2.0,2.0
090110011072A,Tláhuac,4723,62,20,0,4574,3736,1131,1076,645,434,896,819,258,162,5,10.46,0.9477,Bajo,Bajo,1.31,0.44,0.0,23.95,59.94,40.33,83.27,76.12,23.98,15.06,0.46,2.0,2.0
0901100111041,Tláhuac,5116,76,22,0,4911,3925,1183,1222,646,453,1076,994,345,142,5,10.11,0.9466,Bajo,Medio,1.49,0.45,0.0,23.12,52.86,37.07,88.05,81.34,28.23,11.62,0.41,2.0,3.0
0901100211018,Tláhuac,3055,46,13,0,2962,2485,882,785,500,337,663,619,281,127,4,10.46,0.9432,Medio,Bajo,1.51,0.44,0.0,28.87,63.69,42.93,84.46,78.85,35.8,16.18,0.51,3.0,2.0
0901100111037,Tláhuac,4071,21,8,0,3892,3176,769,890,526,356,746,639,222,116,8,10.38,0.9428,Medio,Bajo,0.52,0.21,0.0,18.89,59.1,40.0,83.82,71.8,24.94,13.03,0.9,3.0,2.0
0901100260965,Tláhuac,4504,96,28,0,4353,3486,1237,1212,792,541,1091,955,487,189,4,10.38,0.9434,Medio,Bajo,2.13,0.64,0.0,27.46,65.35,44.64,90.02,78.8,40.18,15.59,0.33,3.0,2.0
0901100010768,Tláhuac,18,0,0,0,18,12,10,4,0,0,3,3,0,0,0,10.08,,,Alto,0.0,0.0,0.0,55.56,0.0,0.0,75.0,75.0,0.0,0.0,0.0,,4.0
090110001040A,Tláhuac,1655,48,16,0,1592,1281,341,425,295,210,367,324,172,79,0,11.06,0.9596,Bajo,Bajo,2.9,1.01,0.0,20.6,69.41,49.41,86.35,76.24,40.47,18.59,0.0,2.0,2.0
0901100011075,Tláhuac,2196,39,21,0,2138,1784,477,762,582,476,727,569,365,245,,11.79,0.9678,Muy bajo,Muy bajo,1.78,0.98,0.0,21.72,76.38,62.47,95.41,74.67,47.9,32.15,,1.0,1.0
0901100010310,Tláhuac,3465,126,54,,3365,2759,797,949,700,466,861,778,426,207,5,10.44,0.951,Bajo,Bajo,3.64,1.6,,23.0,73.76,49.1,90.73,81.98,44.89,21.81,0.53,2.0,2.0
0901100011361,Tláhuac,4873,127,51,0,4728,3936,1171,1610,1192,967,1527,1196,757,537,12,11.63,0.9612,Bajo,Bajo,2.61,1.08,0.0,24.03,74.04,60.06,94.84,74.29,47.02,33.35,0.75,2.0,2.0
0901100010630,Tláhuac,2814,93,33,0,2741,2305,768,776,548,393,694,588,321,187,6,10.53,0.9537,Bajo,Bajo,3.3,1.2,0.0,27.29,70.62,50.64,89.43,75.77,41.37,24.1,0.77,2.0,2.0
0901100010999,Tláhuac,2558,36,13,0,2468,2045,699,649,369,250,533,483,215,73,6,9.68,0.9416,Medio,Bajo,1.41,0.53,0.0,27.33,56.86,38.52,82.13,74.42,33.13,11.25,0.92,3.0,2.0
0901100010058,Tláhuac,4075,70,32,0,3961,3391,1302,1240,960,770,1135,942,555,401,7,11.6,0.9585,Bajo,Bajo,1.72,0.81,0.0,31.95,77.42,62.1,91.53,75.97,44.76,32.34,0.56,2.0,2.0
0901100010151,Tláhuac,1796,38,11,0,1740,1419,410,507,314,227,448,392,211,67,,10.37,0.9408,Medio,Bajo,2.12,0.63,0.0,22.83,61.93,44.77,88.36,77.32,41.62,13.21,,3.0,2.0
0901100011056,Tláhuac,1877,50,18,0,1833,1545,367,621,519,421,601,567,306,261,0,12.31,0.9762,Muy bajo,Muy bajo,2.66,0.98,0.0,19.55,83.57,67.79,96.78,91.3,49.28,42.03,0.0,1.0,1.0
0901100010325,Tláhuac,3675,100,30,0,3565,2996,840,1020,775,529,923,821,512,294,,10.85,0.9591,Bajo,Bajo,2.72,0.84,0.0,22.86,75.98,51.86,90.49,80.49,50.2,28.82,,2.0,2.0
0901100010344,Tláhuac,1211,21,4,0,1188,1012,354,323,241,170,296,244,162,67,,11.28,0.9552,Bajo,Bajo,1.73,0.34,0.0,29.23,74.61,52.63,91.64,75.54,50.15,20.74,,2.0,2.0
090110001001A,Tláhuac,5957,243,88,,5739,4764,1672,1759,1285,1057,1644,1312,817,542,4,10.92,0.9534,Bajo,Bajo,4.08,1.53,,28.07,73.05,60.09,93.46,74.59,46.45,30.81,0.23,2.0,2.0
0901100010607,Tláhuac,5135,150,46,0,4946,4005,1746,1359,953,612,1199,1063,510,206,18,9.33,0.9371,Medio,Bajo,2.92,0.93,0.0,34.0,70.13,45.03,88.23,78.22,37.53,15.16,1.32,3.0,2.0
0901100011094,Tláhuac,548,36,11,0,518,416,126,129,91,51,119,98,41,25,3,9.99,0.9583,Bajo,Bajo,6.57,2.12,0.0,22.99,70.54,39.53,92.25,75.97,31.78,19.38,2.33,2.0,2.0
090110001122A,Tláhuac,3513,138,43,0,3399,2701,909,970,615,417,883,692,394,197,7,10.07,0.952,Bajo,Bajo,3.93,1.27,0.0,25.88,63.4,42.99,91.03,71.34,40.62,20.31,0.72,2.0,2.0
0901100011249,Tláhuac,5265,376,137,,5094,4077,1497,1368,892,567,1195,1032,515,286,13,10.02,0.9446,Medio,Bajo,7.14,2.69,,28.43,65.2,41.45,87.35,75.44,37.65,20.91,0.95,3.0,2.0
0901100011253,Tláhuac,2582,92,29,0,2521,2137,615,740,564,411,688,620,348,219,,10.68,0.9575,Bajo,Bajo,3.56,1.15,0.0,23.82,76.22,55.54,92.97,83.78,47.03,29.59,,2.0,2.0
0901100011287,Tláhuac,1979,106,32,0,1919,1574,536,537,398,303,509,402,196,173,,10.89,0.9636,Bajo,Bajo,5.36,1.67,0.0,27.08,74.12,56.42,94.79,74.86,36.5,32.22,,2.0,2.0
0901100011304,Tláhuac,1301,0,0,0,1264,1086,282,435,364,331,418,394,248,180,,12.35,0.9649,Bajo,Muy bajo,0.0,0.0,0.0,21.68,83.68,76.09,96.09,90.57,57.01,41.38,,2.0,1.0
0901100011338,Tláhuac,3577,98,28,0,3456,2735,1010,1031,697,488,909,766,460,250,6,9.92,0.9306,Medio,Bajo,2.74,0.81,0.0,28.24,67.6,47.33,88.17,74.3,44.62,24.25,0.58,3.0,2.0
0901100011465,Tláhuac,4499,95,40,0,4365,3554,1288,1409,1071,821,1356,1111,677,441,5,11.27,0.9604,Bajo,Bajo,2.11,0.92,0.0,28.63,76.01,58.27,96.24,78.85,48.05,31.3,0.35,2.0,2.0
090110001147A,Tláhuac,4283,130,44,,4121,3417,1289,1206,886,664,1113,961,528,348,6,10.77,0.9453,Medio,Bajo,3.04,1.07,,30.1,73.47,55.06,92.29,79.68,43.78,28.86,0.5,3.0,2.0
0901100011484,Tláhuac,5241,104,42,0,5080,4171,1489,1370,894,626,1229,1114,472,179,13,10.6,0.9518,Bajo,Bajo,1.98,0.83,0.0,28.41,65.26,45.69,89.71,81.31,34.45,13.07,0.95,2.0,2.0
0901100010077,Tláhuac,3150,52,23,0,3071,2545,797,893,660,437,818,708,474,179,3,10.76,0.9563,Bajo,Bajo,1.65,0.75,0.0,25.3,73.91,48.94,91.6,79.28,53.08,20.04,0.34,2.0,2.0
0901100010414,Tláhuac,1716,55,21,0,1663,1348,346,432,287,200,370,320,192,61,,10.61,0.9546,Bajo,Bajo,3.21,1.26,0.0,20.16,66.44,46.3,85.65,74.07,44.44,14.12,,2.0,2.0
0901100240749,Tláhuac,306,24,4,0,295,228,66,73,52,38,66,59,18,17,0,11.14,0.9585,Bajo,Bajo,7.84,1.36,0.0,21.57,71.23,52.05,90.41,80.82,24.66,23.29,0.0,2.0,2.0
0901100010626,Tláhuac,3835,40,21,0,3734,3166,998,1102,841,660,1018,933,509,331,5,11.45,0.9551,Bajo,Bajo,1.04,0.56,0.0,26.02,76.32,59.89,92.38,84.66,46.19,30.04,0.45,2.0,2.0
0901100010274,Tláhuac,3768,29,14,0,3651,2960,969,1044,631,450,927,804,460,128,8,10.51,0.9461,Medio,Bajo,0.77,0.38,0.0,25.72,60.44,43.1,88.79,77.01,44.06,12.26,0.77,3.0,2.0
090110001026A,Tláhuac,2090,52,17,0,2024,1657,611,667,465,347,605,518,285,127,9,11.34,0.9508,Bajo,Bajo,2.49,0.84,0.0,29.23,69.72,52.02,90.7,77.66,42.73,19.04,1.35,2.0,2.0
0901100010679,Tláhuac,3892,132,64,,3739,3038,1087,1028,688,432,910,770,362,167,4,10.42,0.9381,Medio,Bajo,3.39,1.71,,27.93,66.93,42.02,88.52,74.9,35.21,16.25,0.39,3.0,2.0
0901100010240,Tláhuac,3183,55,28,0,3066,2524,657,887,563,390,784,721,386,156,6,10.88,0.9527,Bajo,Bajo,1.73,0.91,0.0,20.64,63.47,43.97,88.39,81.29,43.52,17.59,0.68,2.0,2.0
0901100010166,Tláhuac,2853,21,10,0,2765,2287,808,773,502,335,677,591,323,115,12,10.58,0.9461,Medio,Bajo,0.74,0.36,0.0,28.32,64.94,43.34,87.58,76.46,41.79,14.88,1.55,3.0,2.0
0901100010170,Tláhuac,4060,57,21,0,3942,3274,984,1149,709,570,949,837,415,138,29,10.8,0.9419,Medio,Bajo,1.4,0.53,0.0,24.24,61.71,49.61,82.59,72.85,36.12,12.01,2.52,3.0,2.0
0901100010927,Tláhuac,3863,69,27,0,3746,3086,879,1041,732,457,926,777,457,186,8,10.54,0.9513,Bajo,Bajo,1.79,0.72,0.0,22.75,70.32,43.9,88.95,74.64,43.9,17.87,0.77,2.0,2.0
0901100010202,Tláhuac,3995,98,27,,3882,3235,1219,1079,748,530,964,763,413,176,5,10.23,0.9493,Bajo,Bajo,2.45,0.7,,30.51,69.32,49.12,89.34,70.71,38.28,16.31,0.46,2.0,2.0
0901100010217,Tláhuac,5895,254,78,0,5712,4715,1431,1650,1265,874,1539,1351,809,438,16,10.93,0.9581,Bajo,Bajo,4.31,1.37,0.0,24.27,76.67,52.97,93.27,81.88,49.03,26.55,0.97,2.0,2.0
0901100010397,Tláhuac,1728,21,7,0,1674,1340,365,458,319,197,386,341,211,87,4,10.82,0.9561,Bajo,Bajo,1.22,0.42,0.0,21.12,69.65,43.01,84.28,74.45,46.07,19.0,0.87,2.0,2.0
090110001065A,Tláhuac,3703,73,28,0,3595,2920,988,950,699,407,855,740,358,197,,10.33,0.9482,Bajo,Bajo,1.97,0.78,0.0,26.68,73.58,42.84,90.0,77.89,37.68,20.74,,2.0,2.0
0901100010306,Tláhuac,2664,94,44,0,2588,2143,625,715,498,357,668,619,310,176,,10.09,0.9499,Bajo,Bajo,3.53,1.7,0.0,23.46,69.65,49.93,93.43,86.57,43.36,24.62,,2.0,2.0
0901100010645,Tláhuac,4898,105,38,0,4749,3920,1186,1231,884,591,1114,907,511,196,5,10.14,0.9503,Bajo,Bajo,2.14,0.8,0.0,24.21,71.81,48.01,90.5,73.68,41.51,15.92,0.41,2.0,2.0
0901100010289,Tláhuac,3179,52,22,0,3076,2523,848,852,593,419,740,634,407,151,9,10.81,0.9464,Medio,Bajo,1.64,0.72,0.0,26.68,69.6,49.18,86.85,74.41,47.77,17.72,1.06,3.0,2.0
0901100010043,Tláhuac,5601,227,93,0,5410,4354,1601,1369,951,617,1238,1061,597,284,,10.54,0.9512,Bajo,Bajo,4.05,1.72,0.0,28.58,69.47,45.07,90.43,77.5,43.61,20.75,,2.0,2.0
0901100241183,Tláhuac,1088,31,8,0,1045,824,331,273,157,120,251,232,57,47,,10.35,0.9476,Bajo,Bajo,2.85,0.77,0.0,30.42,57.51,43.96,91.94,84.98,20.88,17.22,,2.0,2.0
0901100010664,Tláhuac,6573,172,72,3,6349,5151,1700,1836,1205,774,1661,1424,748,369,13,9.94,0.9446,Medio,Bajo,2.62,1.13,0.05,25.86,65.63,42.16,90.47,77.56,40.74,20.1,0.71,3.0,2.0
0901100010113,Tláhuac,2643,54,21,0,2565,2103,739,747,519,366,667,562,305,144,,10.65,0.9429,Medio,Bajo,2.04,0.82,0.0,27.96,69.48,49.0,89.29,75.23,40.83,19.28,,3.0,2.0
0901100010096,Tláhuac,3480,68,23,0,3389,2819,822,952,716,540,860,707,524,316,3,10.9,0.9474,Bajo,Bajo,1.95,0.68,0.0,23.62,75.21,56.72,90.34,74.26,55.04,33.19,0.32,2.0,2.0
0901100010128,Tláhuac,3792,61,28,0,3673,2964,1019,949,685,457,833,723,436,157,6,10.6,0.952,Bajo,Bajo,1.61,0.76,0.0,26.87,72.18,48.16,87.78,76.19,45.94,16.54,0.63,2.0,2.0
0901100010382,Tláhuac,1053,,,0,1030,840,272,301,207,159,264,218,110,29,4,10.95,0.9585,Bajo,Bajo,,,0.0,25.83,68.77,52.82,87.71,72.43,36.54,9.63,1.33,2.0,2.0
0901100010147,Tláhuac,3155,59,22,0,3066,2524,763,869,568,371,748,612,386,186,9,11.02,0.9503,Bajo,Bajo,1.87,0.72,0.0,24.18,65.36,42.69,86.08,70.43,44.42,21.4,1.04,2.0,2.0
0901100010359,Tláhuac,2251,22,11,,2195,1830,582,603,411,305,524,475,279,114,3,10.98,0.9537,Bajo,Bajo,0.98,0.5,,25.86,68.16,50.58,86.9,78.77,46.27,18.91,0.5,2.0,2.0
0901100010363,Tláhuac,2660,25,10,0,2586,2101,596,705,493,367,638,554,344,124,0,10.93,0.958,Bajo,Bajo,0.94,0.39,0.0,22.41,69.93,52.06,90.5,78.58,48.79,17.59,0.0,2.0,2.0
0901100010378,Tláhuac,2181,47,13,0,2104,1715,369,505,357,271,443,365,227,60,4,10.95,0.9598,Bajo,Bajo,2.15,0.62,0.0,16.92,70.69,53.66,87.72,72.28,44.95,11.88,0.79,2.0,2.0
0901100010575,Tláhuac,5666,77,32,0,5468,4404,1280,1480,958,646,1261,1107,746,219,13,10.39,0.9479,Bajo,Bajo,1.36,0.59,0.0,22.59,64.73,43.65,85.2,74.8,50.41,14.8,0.88,2.0,2.0
0901100010433,Tláhuac,2480,19,13,0,2402,2013,708,650,459,372,588,489,280,142,3,11.67,0.9632,Bajo,Bajo,0.77,0.54,0.0,28.55,70.62,57.23,90.46,75.23,43.08,21.85,0.46,2.0,2.0
0901100010448,Tláhuac,1599,4,,0,1539,1242,395,403,291,240,361,303,202,87,,11.29,0.959,Bajo,Bajo,0.25,,0.0,24.7,72.21,59.55,89.58,75.19,50.12,21.59,,2.0,2.0
0901100010950,Tláhuac,7862,306,103,,7593,6125,2190,1931,1281,876,1737,1467,787,282,6,10.31,0.951,Bajo,Bajo,3.89,1.36,,27.86,66.34,45.37,89.95,75.97,40.76,14.6,0.31,2.0,2.0
0901100011234,Tláhuac,2980,58,30,0,2871,2383,928,936,669,524,863,688,408,284,,11.07,0.9539,Bajo,Bajo,1.95,1.04,0.0,31.14,71.47,55.98,92.2,73.5,43.59,30.34,,2.0,2.0
0901100010931,Tláhuac,4259,102,39,,4117,3302,1129,1129,723,481,1022,848,391,205,9,10.15,0.9463,Medio,Bajo,2.39,0.95,,26.51,64.04,42.6,90.52,75.11,34.63,18.16,0.8,3.0,2.0
0901100010946,Tláhuac,3676,72,30,0,3565,2912,1100,928,640,466,859,702,361,164,,10.62,0.9514,Bajo,Bajo,1.96,0.84,0.0,29.92,68.97,50.22,92.56,75.65,38.9,17.67,,2.0,2.0
0901100011272,Tláhuac,2822,41,17,,2738,2278,668,905,719,567,875,677,499,327,3,11.6,0.9609,Bajo,Bajo,1.45,0.62,,23.67,79.45,62.65,96.69,74.81,55.14,36.13,0.33,2.0,2.0
0901100011291,Tláhuac,3091,145,48,0,2991,2498,875,860,601,406,774,743,331,179,,10.52,0.9514,Bajo,Bajo,4.69,1.6,0.0,28.31,69.88,47.21,90.0,86.4,38.49,20.81,,2.0,2.0
0901100011319,Tláhuac,1886,6,3,0,1836,1572,346,651,501,430,620,532,326,174,,12.04,0.9716,Muy bajo,Muy bajo,0.32,0.16,0.0,18.35,76.96,66.05,95.24,81.72,50.08,26.73,,1.0,1.0
0901100011268,Tláhuac,4936,90,39,0,4767,3960,1108,1476,1124,884,1367,1080,719,464,8,11.51,0.961,Bajo,Bajo,1.82,0.82,0.0,22.45,76.15,59.89,92.62,73.17,48.71,31.44,0.54,2.0,2.0
0901100210791,Tláhuac,406,0,,0,390,313,98,95,70,37,84,68,33,13,0,9.82,0.9533,Bajo,Bajo,0.0,,0.0,24.14,73.68,38.95,88.42,71.58,34.74,13.68,0.0,2.0,2.0
0901100211022,Tláhuac,2720,81,35,,2625,2126,720,730,469,350,655,579,237,139,0,10.23,0.9527,Bajo,Bajo,2.98,1.33,,26.47,64.25,47.95,89.73,79.32,32.47,19.04,0.0,2.0,2.0
0901100261501,Tláhuac,136,12,3,0,131,98,0,31,18,12,30,26,12,0,0,9.42,0.9285,Medio,Bajo,8.82,2.29,0.0,0.0,58.06,38.71,96.77,83.87,38.71,0.0,0.0,3.0,2.0
0901100010255,Tláhuac,1754,19,4,0,1694,1369,399,480,290,219,435,354,169,77,,10.94,0.9462,Medio,Bajo,1.08,0.24,0.0,22.75,60.42,45.62,90.62,73.75,35.21,16.04,,3.0,2.0
0901100261164,Tláhuac,2209,206,83,,2121,1659,1002,603,287,194,567,421,231,73,4,9.61,0.9287,Medio,Medio,9.33,3.91,,45.36,47.6,32.17,94.03,69.82,38.31,12.11,0.66,3.0,3.0
0901100011450,Tláhuac,3046,136,55,0,2926,2285,1298,823,395,271,767,621,205,89,7,9.85,0.9325,Medio,Medio,4.46,1.88,0.0,42.61,48.0,32.93,93.2,75.46,24.91,10.81,0.85,3.0,3.0
0901100010185,Tláhuac,4384,123,52,0,4250,3472,1237,1223,864,571,1077,926,491,158,12,10.63,0.9443,Medio,Bajo,2.81,1.22,0.0,28.22,70.65,46.69,88.06,75.72,40.15,12.92,0.98,3.0,2.0
0901100010984,Tláhuac,4106,43,17,0,3986,3272,1157,1070,756,541,962,903,407,259,,10.9,0.9473,Bajo,Bajo,1.05,0.43,0.0,28.18,70.65,50.56,89.91,84.39,38.04,24.21,,2.0,2.0
0901100010772,Tláhuac,2516,156,72,0,2403,1891,861,625,372,251,573,507,173,109,6,10.23,0.944,Medio,Bajo,6.2,3.0,0.0,34.22,59.52,40.16,91.68,81.12,27.68,17.44,0.96,3.0,2.0
0901100010823,Tláhuac,444,42,17,0,425,335,149,118,68,53,106,83,52,21,0,9.99,0.9458,Medio,Bajo,9.46,4.0,0.0,33.56,57.63,44.92,89.83,70.34,44.07,17.8,0.0,3.0,2.0
0901100010804,Tláhuac,183,25,11,0,173,144,81,55,40,31,53,47,26,14,0,10.39,0.9398,Medio,Bajo,13.66,6.36,0.0,44.26,72.73,56.36,96.36,85.45,47.27,25.45,0.0,3.0,2.0
0901100011395,Tláhuac,1799,208,75,,1699,1289,765,433,141,113,396,351,104,26,4,9.18,0.9206,Alto,Medio,11.56,4.41,,42.52,32.56,26.1,91.45,81.06,24.02,6.0,0.92,4.0,3.0
0901100241408,Tláhuac,832,63,23,,799,619,227,218,99,70,200,173,34,26,,9.65,0.9445,Medio,Medio,7.57,2.88,,27.28,45.41,32.11,91.74,79.36,15.6,11.93,,3.0,3.0
0901100211003,Tláhuac,11218,508,207,,10844,8751,3101,2973,2065,1355,2728,2357,845,550,17,10.38,0.9503,Bajo,Bajo,4.53,1.91,,27.64,69.46,45.58,91.76,79.28,28.42,18.5,0.57,2.0,2.0
0901100211516,Tláhuac,75,3,,0,72,54,14,18,4,7,17,8,,0,0,9.06,,,Medio,4.0,,0.0,18.67,22.22,38.89,94.44,44.44,,0.0,0.0,,3.0
090110021115A,Tláhuac,8857,555,193,,8509,6795,2696,2261,1502,967,2017,1748,589,363,7,10.1,0.9446,Medio,Bajo,6.27,2.27,,30.44,66.43,42.77,89.21,77.31,26.05,16.05,0.31,3.0,2.0
0901100010819,Tláhuac,2145,159,60,3,2048,1611,509,560,417,230,528,485,149,94,,10.14,0.9526,Bajo,Bajo,7.41,2.93,0.15,23.73,74.46,41.07,94.29,86.61,26.61,16.79,,2.0,2.0
0901100240734,Tláhuac,2619,67,23,0,2518,1998,487,702,430,310,625,589,187,85,5,10.49,0.9517,Bajo,Bajo,2.56,0.91,0.0,18.59,61.25,44.16,89.03,83.9,26.64,12.11,0.71,2.0,2.0
0901100011427,Tláhuac,5292,95,35,0,5123,4180,1229,1322,930,692,1181,1109,539,307,11,11.04,0.9566,Bajo,Bajo,1.8,0.68,0.0,23.22,70.35,52.34,89.33,83.89,40.77,23.22,0.83,2.0,2.0
0901100011380,Tláhuac,2511,116,34,0,2396,1854,996,646,199,159,615,482,213,45,6,9.45,0.9293,Medio,Medio,4.62,1.42,0.0,39.67,30.8,24.61,95.2,74.61,32.97,6.97,0.93,3.0,3.0
0901100241520,Tláhuac,74,0,0,0,73,49,16,21,5,,20,18,4,0,0,8.35,0.9282,Medio,Alto,0.0,0.0,0.0,21.62,23.81,,95.24,85.71,19.05,0.0,0.0,3.0,4.0
0901100010039,Tláhuac,6748,262,87,,6561,5481,1833,1969,1486,1138,1781,1565,876,490,9,11.21,0.9539,Bajo,Bajo,3.88,1.33,,27.16,75.47,57.8,90.45,79.48,44.49,24.89,0.46,2.0,2.0
0901100011145,Tláhuac,3396,41,17,0,3298,2775,815,1077,831,652,993,870,524,413,,11.78,0.9618,Bajo,Bajo,1.21,0.52,0.0,24.0,77.16,60.54,92.2,80.78,48.65,38.35,,2.0,2.0
0901100011342,Tláhuac,945,22,12,0,909,758,180,321,231,170,299,253,159,94,,11.04,0.9702,Muy bajo,Bajo,2.33,1.32,0.0,19.05,71.96,52.96,93.15,78.82,49.53,29.28,,1.0,2.0
0901100011431,Tláhuac,5167,189,68,,4941,3885,1962,1325,751,443,1132,955,268,147,12,9.66,0.8989,Muy alto,Medio,3.66,1.38,,37.97,56.68,33.43,85.43,72.08,20.23,11.09,0.91,5.0,3.0
090110026097A,Tláhuac,4795,119,49,0,4615,3683,1230,1234,874,580,1057,906,494,194,6,10.33,0.9504,Bajo,Bajo,2.48,1.06,0.0,25.65,70.83,47.0,85.66,73.42,40.03,15.72,0.49,2.0,2.0
0901100011499,Tláhuac,6166,434,138,,5957,4784,1980,1549,1031,631,1385,1250,374,239,8,10.0,0.9452,Medio,Bajo,7.04,2.32,,32.11,66.56,40.74,89.41,80.7,24.14,15.43,0.52,3.0,2.0
0901100011535,Tláhuac,1920,181,55,,1831,1352,671,485,122,109,463,389,150,38,3,8.89,0.9205,Alto,Alto,9.43,3.0,,34.95,25.15,22.47,95.46,80.21,30.93,7.84,0.62,4.0,4.0
0901100010753,Tláhuac,8372,460,166,0,8071,6535,2093,2266,1495,1004,2039,1756,969,474,20,10.3,0.9416,Medio,Bajo,5.49,2.06,0.0,25.0,65.98,44.31,89.98,77.49,42.76,20.92,0.88,3.0,2.0
0900500013411,Gustavo A. Madero,5806,1024,362,8,5528,4317,2057,1519,822,424,1316,1177,179,130,13,8.62,0.9207,Alto,Medio,17.64,6.55,0.14,35.43,54.11,27.91,86.64,77.49,11.78,8.56,0.86,4.0,3.0
0900500010366,Gustavo A. Madero,11779,162,84,0,11426,9636,2279,4250,3662,3290,4045,3123,2379,2072,12,13.18,0.9707,Muy bajo,Muy bajo,1.38,0.74,0.0,19.35,86.16,77.41,95.18,73.48,55.98,48.75,0.28,1.0,1.0
0900500010703,Gustavo A. Madero,7776,296,128,,7479,6164,1969,2194,1438,918,1957,1605,752,522,14,10.29,0.9485,Bajo,Bajo,3.81,1.71,,25.32,65.54,41.84,89.2,73.15,34.28,23.79,0.64,2.0,2.0
0900500010436,Gustavo A. Madero,4302,73,38,0,4189,3613,1112,1298,971,734,1174,1075,528,398,3,11.41,0.9556,Bajo,Bajo,1.7,0.91,0.0,25.85,74.81,56.55,90.45,82.82,40.68,30.66,0.23,2.0,2.0
0900500012536,Gustavo A. Madero,1867,65,23,0,1774,1412,271,498,324,177,439,365,100,89,,9.11,0.947,Bajo,Bajo,3.48,1.3,0.0,14.52,65.06,35.54,88.15,73.29,20.08,17.87,,2.0,2.0
0900500012305,Gustavo A. Madero,3614,54,19,0,3509,2951,854,955,685,487,866,770,361,218,,10.82,0.9547,Bajo,Bajo,1.49,0.54,0.0,23.63,71.73,50.99,90.68,80.63,37.8,22.83,,2.0,2.0
0900500010277,Gustavo A. Madero,3195,31,10,0,3118,2741,713,1075,911,780,1002,822,559,469,,12.93,0.9605,Bajo,Muy bajo,0.97,0.32,0.0,22.32,84.74,72.56,93.21,76.47,52.0,43.63,,2.0,1.0
0900500010421,Gustavo A. Madero,3669,54,20,0,3545,3131,821,1156,831,672,1012,904,540,330,10,11.43,0.957,Bajo,Bajo,1.47,0.56,0.0,22.38,71.89,58.13,87.54,78.2,46.71,28.55,0.87,2.0,2.0
090050001085A,Gustavo A. Madero,4357,71,30,,4227,3555,1278,1223,792,517,1072,919,362,180,,10.24,0.9371,Medio,Bajo,1.63,0.71,,29.33,64.76,42.27,87.65,75.14,29.6,14.72,,3.0,2.0
0900500011716,Gustavo A. Madero,3589,27,13,0,3479,2924,982,972,700,509,883,771,381,227,,10.8,0.9428,Medio,Bajo,0.75,0.37,0.0,27.36,72.02,52.37,90.84,79.32,39.2,23.35,,3.0,2.0
0900500010493,Gustavo A. Madero,2523,49,16,0,2473,2205,383,868,739,642,818,692,519,413,3,13.28,0.9785,Muy bajo,Muy bajo,1.94,0.65,0.0,15.18,85.14,73.96,94.24,79.72,59.79,47.58,0.35,1.0,1.0
090050001174A,Gustavo A. Madero,5034,148,68,0,4884,4209,1235,1596,1160,858,1452,1210,657,516,3,11.21,0.9468,Bajo,Bajo,2.94,1.39,0.0,24.53,72.68,53.76,90.98,75.81,41.17,32.33,0.19,2.0,2.0
0900500012288,Gustavo A. Madero,7055,169,80,,6854,5890,1860,2040,1413,1053,1813,1554,862,633,12,11.0,0.9507,Bajo,Bajo,2.4,1.17,,26.36,69.26,51.62,88.87,76.18,42.25,31.03,0.59,2.0,2.0
0900500012466,Gustavo A. Madero,3163,28,13,0,3112,2719,706,919,723,581,843,695,475,289,0,11.91,0.9649,Bajo,Muy bajo,0.89,0.42,0.0,22.32,78.67,63.22,91.73,75.63,51.69,31.45,0.0,2.0,1.0
0900500011542,Gustavo A. Madero,5144,90,44,0,4970,4145,1582,1333,908,640,1208,1048,481,368,3,10.4,0.9433,Medio,Bajo,1.75,0.89,0.0,30.75,68.12,48.01,90.62,78.62,36.08,27.61,0.23,3.0,2.0
0900500011773,Gustavo A. Madero,4611,25,11,0,4478,3830,1250,1511,1139,875,1377,1161,722,506,8,11.87,0.9576,Bajo,Bajo,0.54,0.25,0.0,27.11,75.38,57.91,91.13,76.84,47.78,33.49,0.53,2.0,2.0
0900500010173,Gustavo A. Madero,4482,105,43,0,4352,3592,1341,1248,857,600,1093,945,427,242,7,10.7,0.9516,Bajo,Bajo,2.34,0.99,0.0,29.92,68.67,48.08,87.58,75.72,34.21,19.39,0.56,2.0,2.0
0900500013159,Gustavo A. Madero,4982,89,32,0,4859,4033,1649,1297,820,537,1145,944,454,288,7,10.3,0.9438,Medio,Bajo,1.79,0.66,0.0,33.1,63.22,41.4,88.28,72.78,35.0,22.21,0.54,3.0,2.0
0900500010489,Gustavo A. Madero,4331,30,18,0,4211,3759,706,1663,1469,1286,1603,1281,799,815,,13.74,0.9815,Muy bajo,Muy bajo,0.69,0.43,0.0,16.3,88.33,77.33,96.39,77.03,48.05,49.01,,1.0,1.0
0900500010154,Gustavo A. Madero,8184,0,78,0,8184,8184,,0,0,0,0,0,0,0,0,0.0,,,,0.0,0.95,0.0,,,,,,,,,,
0900500012593,Gustavo A. Madero,5726,482,195,4,5440,4209,1457,1581,902,459,1358,1244,231,176,18,8.94,0.9387,Medio,Medio,8.42,3.58,0.07,25.45,57.05,29.03,85.9,78.68,14.61,11.13,1.14,3.0,3.0
0900500013318,Gustavo A. Madero,4304,178,74,0,4110,3183,971,1149,643,334,999,883,180,130,10,8.76,0.9326,Medio,Medio,4.14,1.8,0.0,22.56,55.96,29.07,86.95,76.85,15.67,11.31,0.87,3.0,3.0
0900500012184,Gustavo A. Madero,2870,27,15,0,2813,2465,594,877,635,484,771,685,423,218,,11.92,0.9615,Bajo,Bajo,0.94,0.53,0.0,20.7,72.41,55.19,87.91,78.11,48.23,24.86,,2.0,2.0
0900500012964,Gustavo A. Madero,4888,312,115,,4692,3603,1131,1319,725,355,1086,982,154,98,46,9.01,0.9386,Medio,Medio,6.38,2.45,,23.14,54.97,26.91,82.34,74.45,11.68,7.43,3.49,3.0,3.0
0900500012979,Gustavo A. Madero,5544,326,127,,5277,4071,1301,1456,862,439,1265,1182,289,161,10,9.31,0.9404,Medio,Medio,5.88,2.41,,23.47,59.2,30.15,86.88,81.18,19.85,11.06,0.69,3.0,3.0
0900500012894,Gustavo A. Madero,2140,22,9,0,2108,1877,414,635,498,389,565,482,374,173,3,11.85,0.9684,Muy bajo,Muy bajo,1.03,0.43,0.0,19.35,78.43,61.26,88.98,75.91,58.9,27.24,0.47,1.0,1.0
0900500010385,Gustavo A. Madero,6250,247,105,,6041,5040,1945,1838,1196,879,1589,1370,640,273,6,10.4,0.945,Medio,Bajo,3.95,1.74,,31.12,65.07,47.82,86.45,74.54,34.82,14.85,0.33,3.0,2.0
090050001039A,Gustavo A. Madero,5682,55,36,0,5563,4974,1205,1863,1713,1581,1809,1596,1213,974,,14.32,0.9729,Muy bajo,Muy bajo,0.97,0.65,0.0,21.21,91.95,84.86,97.1,85.67,65.11,52.28,,1.0,1.0
0900500010417,Gustavo A. Madero,5194,114,44,0,5028,4177,1742,1496,1074,761,1378,1108,618,287,6,10.56,0.9446,Medio,Bajo,2.19,0.88,0.0,33.54,71.79,50.87,92.11,74.06,41.31,19.18,0.4,3.0,2.0
0900500011222,Gustavo A. Madero,3836,100,41,,3723,3123,1177,1128,658,438,982,808,310,168,,10.25,0.9447,Medio,Bajo,2.61,1.1,,30.68,58.33,38.83,87.06,71.63,27.48,14.89,,3.0,2.0
0900500011557,Gustavo A. Madero,3663,82,40,,3566,3101,932,1115,886,692,1017,901,601,377,3,11.8,0.9598,Bajo,Bajo,2.24,1.12,,25.44,79.46,62.06,91.21,80.81,53.9,33.81,0.27,2.0,2.0
0900500011720,Gustavo A. Madero,3006,48,25,0,2933,2589,641,1017,738,617,918,786,513,308,7,12.07,0.9619,Bajo,Bajo,1.6,0.85,0.0,21.32,72.57,60.67,90.27,77.29,50.44,30.29,0.69,2.0,2.0
0900500011735,Gustavo A. Madero,5876,156,61,0,5700,4896,1435,1946,1447,1159,1793,1424,853,669,6,11.73,0.9556,Bajo,Bajo,2.65,1.07,0.0,24.42,74.36,59.56,92.14,73.18,43.83,34.38,0.31,2.0,2.0
0900500011769,Gustavo A. Madero,5556,103,54,0,5402,4626,1539,1671,1192,911,1520,1354,692,553,11,11.35,0.95,Bajo,Bajo,1.85,1.0,0.0,27.7,71.33,54.52,90.96,81.03,41.41,33.09,0.66,2.0,2.0
0900500012273,Gustavo A. Madero,5032,110,38,0,4912,4234,1195,1431,1084,832,1312,1122,700,423,6,11.61,0.9575,Bajo,Bajo,2.19,0.77,0.0,23.75,75.75,58.14,91.68,78.41,48.92,29.56,0.42,2.0,2.0
0900500012381,Gustavo A. Madero,2918,73,21,0,2830,2460,775,750,573,456,662,585,357,217,0,11.42,0.9574,Bajo,Bajo,2.5,0.74,0.0,26.56,76.4,60.8,88.27,78.0,47.6,28.93,0.0,2.0,2.0
0900500012485,Gustavo A. Madero,6176,103,42,0,6000,5043,1899,1691,1223,814,1522,1307,697,405,5,10.87,0.951,Bajo,Bajo,1.67,0.7,0.0,30.75,72.32,48.14,90.01,77.29,41.22,23.95,0.3,2.0,2.0
0900500013144,Gustavo A. Madero,4023,184,80,0,3871,3143,1261,1060,645,388,931,771,334,193,12,9.86,0.9408,Medio,Bajo,4.57,2.07,0.0,31.34,60.85,36.6,87.83,72.74,31.51,18.21,1.13,3.0,2.0
0900500012714,Gustavo A. Madero,2630,54,19,0,2575,2278,512,717,538,407,639,575,279,175,,11.15,0.9619,Bajo,Bajo,2.05,0.74,0.0,19.47,75.03,56.76,89.12,80.2,38.91,24.41,,2.0,2.0
090050001231A,Gustavo A. Madero,3306,55,18,0,3237,2847,825,936,745,623,863,766,474,348,,11.87,0.9601,Bajo,Muy bajo,1.66,0.56,0.0,24.95,79.59,66.56,92.2,81.84,50.64,37.18,,2.0,1.0
0900500012292,Gustavo A. Madero,4245,83,35,0,4122,3501,1011,1174,855,617,1080,920,510,366,,11.23,0.9599,Bajo,Bajo,1.96,0.85,0.0,23.82,72.83,52.56,91.99,78.36,43.44,31.18,,2.0,2.0
0900500012428,Gustavo A. Madero,2407,18,8,0,2364,2076,707,644,499,342,575,535,295,166,0,11.37,0.9489,Bajo,Bajo,0.75,0.34,0.0,29.37,77.48,53.11,89.29,83.07,45.81,25.78,0.0,2.0,2.0
0900500012470,Gustavo A. Madero,5374,53,21,0,5232,4488,1431,1452,1032,830,1278,1091,619,416,9,11.13,0.9405,Medio,Bajo,0.99,0.4,0.0,26.63,71.07,57.16,88.02,75.14,42.63,28.65,0.62,3.0,2.0
0900500010883,Gustavo A. Madero,766,8,5,0,756,684,176,247,220,192,241,201,147,103,0,13.48,0.9593,Bajo,Muy bajo,1.04,0.66,0.0,22.98,89.07,77.73,97.57,81.38,59.51,41.7,0.0,2.0,1.0
0900500011699,Gustavo A. Madero,3550,84,17,,3452,2916,955,900,591,434,789,677,370,191,9,10.35,0.952,Bajo,Bajo,2.37,0.49,,26.9,65.67,48.22,87.67,75.22,41.11,21.22,1.0,2.0,2.0
0900500012396,Gustavo A. Madero,3449,27,6,0,3382,2903,891,938,739,572,850,758,474,251,0,11.43,0.9485,Bajo,Bajo,0.78,0.18,0.0,25.83,78.78,60.98,90.62,80.81,50.53,26.76,0.0,2.0,2.0
0900500013271,Gustavo A. Madero,4264,94,31,0,4119,3422,1161,1217,792,533,1044,984,348,194,9,9.9,0.9465,Bajo,Bajo,2.2,0.75,0.0,27.23,65.08,43.8,85.78,80.85,28.59,15.94,0.74,2.0,2.0
0900500013290,Gustavo A. Madero,4654,85,31,0,4523,3781,1195,1291,895,651,1157,1005,531,303,,11.06,0.9553,Bajo,Bajo,1.83,0.69,0.0,25.68,69.33,50.43,89.62,77.85,41.13,23.47,,2.0,2.0
0900500013407,Gustavo A. Madero,8413,61,32,0,8190,6998,1630,2891,2586,2196,2808,2109,1667,1382,,13.37,0.975,Muy bajo,Muy bajo,0.73,0.39,0.0,19.37,89.45,75.96,97.13,72.95,57.66,47.8,,1.0,1.0
0900500012771,Gustavo A. Madero,5099,326,118,,4848,3766,1435,1374,782,451,1164,1041,253,158,11,9.2,0.9395,Medio,Medio,6.39,2.43,,28.14,56.91,32.82,84.72,75.76,18.41,11.5,0.8,3.0,3.0
0900500012790,Gustavo A. Madero,3663,62,23,,3571,3022,754,1060,780,603,982,905,350,300,,11.26,0.9688,Muy bajo,Bajo,1.69,0.64,,20.58,73.58,56.89,92.64,85.38,33.02,28.3,,1.0,2.0
0900500010258,Gustavo A. Madero,4738,213,71,0,4569,3704,1149,1321,883,523,1088,986,413,281,3,9.52,0.9463,Medio,Bajo,4.5,1.55,0.0,24.25,66.84,39.59,82.36,74.64,31.26,21.27,0.23,3.0,2.0
0900500010309,Gustavo A. Madero,2212,39,18,0,2169,1913,387,794,680,573,750,627,439,377,0,13.2,0.9766,Muy bajo,Muy bajo,1.76,0.83,0.0,17.5,85.64,72.17,94.46,78.97,55.29,47.48,0.0,1.0,1.0
0900500010845,Gustavo A. Madero,7846,141,58,0,7603,6360,2250,2254,1480,987,1982,1610,726,424,13,10.52,0.9428,Medio,Bajo,1.8,0.76,0.0,28.68,65.66,43.79,87.93,71.43,32.21,18.81,0.58,3.0,2.0
0900500010879,Gustavo A. Madero,1856,6,4,0,1827,1660,342,720,579,496,659,540,389,256,,13.04,0.9747,Muy bajo,Muy bajo,0.32,0.22,0.0,18.43,80.42,68.89,91.53,75.0,54.03,35.56,,1.0,1.0
0900500011025,Gustavo A. Madero,7872,148,52,0,7623,6419,2242,2311,1551,1098,2058,1800,794,502,3,10.66,0.9497,Bajo,Bajo,1.88,0.68,0.0,28.48,67.11,47.51,89.05,77.89,34.36,21.72,0.13,2.0,2.0
090050001103A,Gustavo A. Madero,4250,98,47,0,4112,3419,1361,1203,770,534,1061,900,401,298,6,10.65,0.9444,Medio,Bajo,2.31,1.14,0.0,32.02,64.01,44.39,88.2,74.81,33.33,24.77,0.5,3.0,2.0
0900500011044,Gustavo A. Madero,6184,87,28,0,5972,5032,1968,1820,1232,871,1640,1372,643,401,8,10.65,0.9294,Medio,Bajo,1.41,0.47,0.0,31.82,67.69,47.86,90.11,75.38,35.33,22.03,0.44,3.0,2.0
0900500011059,Gustavo A. Madero,3949,103,49,0,3828,3164,1248,1038,682,451,932,809,351,180,,10.3,0.9476,Bajo,Bajo,2.61,1.28,0.0,31.6,65.7,43.45,89.79,77.94,33.82,17.34,,2.0,2.0
0900500011078,Gustavo A. Madero,0,0,0,0,0,0,0,0,0,0,0,0,0,0,0,0.0,,,,,,,,,,,,,,,,
0900500011097,Gustavo A. Madero,2433,17,12,0,2396,2152,544,816,697,637,750,673,527,378,5,13.91,0.9642,Bajo,Muy bajo,0.7,0.5,0.0,22.36,85.42,78.06,91.91,82.48,64.58,46.32,0.61,2.0,1.0
090050001110A,Gustavo A. Madero,3057,32,18,0,3013,2741,655,985,902,793,937,801,683,434,,14.36,0.9746,Muy bajo,Muy bajo,1.05,0.6,0.0,21.43,91.57,80.51,95.13,81.32,69.34,44.06,,1.0,1.0
0900500011133,Gustavo A. Madero,6118,269,136,,5913,4896,1753,1731,1220,792,1539,1364,1010,422,3,10.82,0.9495,Bajo,Bajo,4.4,2.3,,28.65,70.48,45.75,88.91,78.8,58.35,24.38,0.17,2.0,2.0
0900500011186,Gustavo A. Madero,6233,132,68,,6043,5029,1636,1828,1182,837,1611,1364,614,343,11,10.59,0.9468,Bajo,Bajo,2.12,1.13,,26.25,64.66,45.79,88.13,74.62,33.59,18.76,0.6,2.0,2.0
0900500011190,Gustavo A. Madero,4698,105,56,,4551,3829,1475,1319,865,631,1196,1010,471,295,0,10.5,0.9488,Bajo,Bajo,2.23,1.23,,31.4,65.58,47.84,90.67,76.57,35.71,22.37,0.0,2.0,2.0
0900500011218,Gustavo A. Madero,3646,81,31,0,3522,2945,1254,1054,612,491,928,732,321,151,,10.24,0.9416,Medio,Bajo,2.22,0.88,0.0,34.39,58.06,46.58,88.05,69.45,30.46,14.33,,3.0,2.0
0900500011241,Gustavo A. Madero,61,0,0,0,59,52,18,25,20,17,22,22,12,10,0,11.14,0.9416,Medio,Muy bajo,0.0,0.0,0.0,29.51,80.0,68.0,88.0,88.0,48.0,40.0,0.0,3.0,1.0
090050001128A,Gustavo A. Madero,7970,296,122,0,7702,6370,2279,2223,1539,1060,2009,1776,1106,566,5,10.65,0.9483,Bajo,Bajo,3.71,1.58,0.0,28.59,69.23,47.68,90.37,79.89,49.75,25.46,0.22,2.0,2.0
0900500011294,Gustavo A. Madero,7001,145,50,0,6757,5617,2136,2090,1404,971,1803,1619,1123,461,10,10.48,0.9472,Bajo,Bajo,2.07,0.74,0.0,30.51,67.18,46.46,86.27,77.46,53.73,22.06,0.48,2.0,2.0
0900500011311,Gustavo A. Madero,2212,13,12,0,2165,1896,565,597,474,360,543,461,304,197,,12.02,0.9609,Bajo,Muy bajo,0.59,0.55,0.0,25.54,79.4,60.3,90.95,77.22,50.92,33.0,,2.0,1.0
0900500011326,Gustavo A. Madero,2602,13,3,0,2550,2232,555,794,586,479,710,660,303,215,,11.32,0.9518,Bajo,Bajo,0.5,0.12,0.0,21.33,73.8,60.33,89.42,83.12,38.16,27.08,,2.0,2.0
0900500011345,Gustavo A. Madero,6216,133,52,0,6022,5057,1639,1744,1312,905,1610,1424,731,340,4,10.73,0.9531,Bajo,Bajo,2.14,0.86,0.0,26.37,75.23,51.89,92.32,81.65,41.92,19.5,0.23,2.0,2.0
090050001135A,Gustavo A. Madero,6197,119,46,0,6004,5026,1764,1682,1102,760,1499,1218,525,331,6,10.35,0.9498,Bajo,Bajo,1.92,0.77,0.0,28.47,65.52,45.18,89.12,72.41,31.21,19.68,0.36,2.0,2.0
0900500011379,Gustavo A. Madero,5453,160,73,0,5280,4526,1484,1573,1128,820,1398,1269,767,472,3,11.11,0.9531,Bajo,Bajo,2.93,1.38,0.0,27.21,71.71,52.13,88.87,80.67,48.76,30.01,0.19,2.0,2.0
0900500011398,Gustavo A. Madero,3003,95,44,0,2915,2460,814,835,629,454,764,639,366,226,0,11.07,0.9518,Bajo,Bajo,3.16,1.51,0.0,27.11,75.33,54.37,91.5,76.53,43.83,27.07,0.0,2.0,2.0
090050001142A,Gustavo A. Madero,2240,43,20,,2200,1986,591,775,690,568,738,632,475,346,,13.52,0.9689,Muy bajo,Muy bajo,1.92,0.91,,26.38,89.03,73.29,95.23,81.55,61.29,44.65,,1.0,1.0
0900500011468,Gustavo A. Madero,3220,255,104,,3054,2366,840,926,683,529,872,720,426,308,,10.93,0.9509,Bajo,Bajo,7.92,3.41,,26.09,73.76,57.13,94.17,77.75,46.0,33.26,,2.0,2.0
0900500011472,Gustavo A. Madero,2827,112,42,,2752,2386,662,866,605,445,787,718,434,237,3,11.19,0.9562,Bajo,Bajo,3.96,1.53,,23.42,69.86,51.39,90.88,82.91,50.12,27.37,0.35,2.0,2.0
0900500011487,Gustavo A. Madero,2732,57,32,0,2652,2294,827,828,612,429,744,625,445,206,,11.38,0.9507,Bajo,Bajo,2.09,1.21,0.0,30.27,73.91,51.81,89.86,75.48,53.74,24.88,,2.0,2.0
0900500011523,Gustavo A. Madero,5471,70,34,0,5321,4529,1547,1544,1091,883,1426,1294,693,406,6,11.18,0.9569,Bajo,Bajo,1.28,0.64,0.0,28.28,70.66,57.19,92.36,83.81,44.88,26.3,0.39,2.0,2.0
0900500011538,Gustavo A. Madero,4658,89,42,0,4499,3760,1374,1322,1054,623,1216,1020,481,359,4,10.46,0.9513,Bajo,Bajo,1.91,0.93,0.0,29.5,79.73,47.13,91.98,77.16,36.38,27.16,0.3,2.0,2.0
0900500011561,Gustavo A. Madero,4128,61,29,0,4041,3628,916,1428,1212,1090,1330,1189,811,648,,13.91,0.972,Muy bajo,Muy bajo,1.48,0.72,0.0,22.19,84.87,76.33,93.14,83.26,56.79,45.38,,1.0,1.0
0900500011576,Gustavo A. Madero,4358,58,32,0,4276,3855,1050,1516,1293,1156,1411,1281,927,702,3,13.57,0.9716,Muy bajo,Muy bajo,1.33,0.75,0.0,24.09,85.29,76.25,93.07,84.5,61.15,46.31,0.2,1.0,1.0
0900500011580,Gustavo A. Madero,3199,49,29,,3133,2817,892,1086,916,800,1019,956,673,489,0,13.52,0.9626,Bajo,Muy bajo,1.53,0.93,,27.88,84.35,73.66,93.83,88.03,61.97,45.03,0.0,2.0,1.0
0900500011595,Gustavo A. Madero,3490,46,30,,3427,3034,977,1159,974,835,1086,995,680,528,,13.35,0.9692,Muy bajo,Muy bajo,1.32,0.88,,27.99,84.04,72.04,93.7,85.85,58.67,45.56,,1.0,1.0
0900500011608,Gustavo A. Madero,2467,38,22,0,2431,2179,648,829,683,594,774,759,486,315,,13.4,0.9671,Muy bajo,Muy bajo,1.54,0.9,0.0,26.27,82.39,71.65,93.37,91.56,58.62,38.0,,1.0,1.0
0900500011627,Gustavo A. Madero,637,18,5,0,612,528,153,221,168,138,206,172,121,109,0,12.77,0.9681,Muy bajo,Muy bajo,2.83,0.82,0.0,24.02,76.02,62.44,93.21,77.83,54.75,49.32,0.0,1.0,1.0
0900500011631,Gustavo A. Madero,4100,41,26,0,3965,3418,811,1186,880,705,1075,942,586,379,4,11.74,0.9644,Bajo,Bajo,1.0,0.66,0.0,19.78,74.2,59.44,90.64,79.43,49.41,31.96,0.34,2.0,2.0
0900500011646,Gustavo A. Madero,7,0,0,0,7,7,,4,,0,3,3,,0,0,8.14,,,Medio,0.0,0.0,0.0,,,0.0,75.0,75.0,,0.0,0.0,,3.0
0900500012339,Gustavo A. Madero,751,14,4,0,734,638,230,193,158,123,177,153,98,69,0,11.42,0.9455,Medio,Bajo,1.86,0.54,0.0,30.63,81.87,63.73,91.71,79.27,50.78,35.75,0.0,3.0,2.0
090050001167A,Gustavo A. Madero,7456,163,70,,7243,6134,2042,2135,1458,1045,1949,1603,816,427,4,10.87,0.9532,Bajo,Bajo,2.19,0.97,,27.39,68.29,48.95,91.29,75.08,38.22,20.0,0.19,2.0,2.0
0900500011684,Gustavo A. Madero,4341,59,18,0,4209,3543,1103,1257,878,689,1144,950,507,331,5,10.69,0.9529,Bajo,Bajo,1.36,0.43,0.0,25.41,69.85,54.81,91.01,75.58,40.33,26.33,0.4,2.0,2.0
0900500011701,Gustavo A. Madero,3544,39,17,0,3411,2817,1124,885,543,369,779,625,249,155,3,9.85,0.9437,Medio,Bajo,1.1,0.5,0.0,31.72,61.36,41.69,88.02,70.62,28.14,17.51,0.34,3.0,2.0
0900500013214,Gustavo A. Madero,5814,562,209,3,5526,4247,1370,1554,895,473,1374,1243,273,185,7,8.89,0.9389,Medio,Medio,9.67,3.78,0.05,23.56,57.59,30.44,88.42,79.99,17.57,11.9,0.45,3.0,3.0
0900500011788,Gustavo A. Madero,3082,45,24,0,3019,2714,863,967,804,709,909,763,571,429,,13.26,0.9677,Muy bajo,Muy bajo,1.46,0.79,0.0,28.0,83.14,73.32,94.0,78.9,59.05,44.36,,1.0,1.0
0900500011792,Gustavo A. Madero,2749,27,13,0,2699,2416,786,883,752,632,816,710,530,340,,13.4,0.9631,Bajo,Muy bajo,0.98,0.48,0.0,28.59,85.16,71.57,92.41,80.41,60.02,38.51,,2.0,1.0
0900500010050,Gustavo A. Madero,10026,281,118,,9647,7823,2941,2817,1767,1256,2452,2140,691,558,17,10.19,0.9419,Medio,Bajo,2.8,1.22,,29.33,62.73,44.59,87.04,75.97,24.53,19.81,0.6,3.0,2.0
0900500010898,Gustavo A. Madero,1533,10,4,0,1498,1342,248,585,492,431,546,486,328,251,0,13.35,0.9709,Muy bajo,Muy bajo,0.65,0.27,0.0,16.18,84.1,73.68,93.33,83.08,56.07,42.91,0.0,1.0,1.0
0900500010243,Gustavo A. Madero,7379,270,111,,7126,5710,1805,1918,1276,698,1668,1579,530,400,9,9.45,0.9454,Medio,Bajo,3.66,1.56,,24.46,66.53,36.39,86.97,82.33,27.63,20.86,0.47,3.0,2.0
0900500012076,Gustavo A. Madero,2946,109,49,0,2878,2477,784,863,639,476,771,593,363,165,6,11.74,0.9577,Bajo,Bajo,3.7,1.7,0.0,26.61,74.04,55.16,89.34,68.71,42.06,19.12,0.7,2.0,2.0
0900500012095,Gustavo A. Madero,4036,79,33,0,3908,3329,931,1130,780,591,1036,880,440,299,4,11.17,0.9578,Bajo,Bajo,1.96,0.84,0.0,23.07,69.03,52.3,91.68,77.88,38.94,26.46,0.35,2.0,2.0
0900500012108,Gustavo A. Madero,3677,63,31,,3578,3091,899,1072,799,603,979,880,502,288,4,11.61,0.9501,Bajo,Bajo,1.71,0.87,,24.45,74.53,56.25,91.32,82.09,46.83,26.87,0.37,2.0,2.0
0900500012146,Gustavo A. Madero,2810,18,9,0,2750,2389,795,763,618,492,697,578,368,250,,11.83,0.9648,Bajo,Muy bajo,0.64,0.33,0.0,28.29,81.0,64.48,91.35,75.75,48.23,32.77,,2.0,1.0
0900500012150,Gustavo A. Madero,3106,57,18,0,3015,2585,667,836,661,505,768,605,411,300,,11.63,0.9647,Bajo,Muy bajo,1.84,0.6,0.0,21.47,79.07,60.41,91.87,72.37,49.16,35.89,,2.0,1.0
090050001217A,Gustavo A. Madero,4413,70,38,0,4306,3753,938,1355,945,850,1163,1059,606,361,20,11.81,0.9379,Medio,Bajo,1.59,0.88,0.0,21.26,69.74,62.73,85.83,78.15,44.72,26.64,1.48,3.0,2.0
0900500012201,Gustavo A. Madero,4422,145,63,,4296,3659,1008,1267,941,707,1165,1035,627,485,,11.26,0.9542,Bajo,Bajo,3.28,1.47,,22.8,74.27,55.8,91.95,81.69,49.49,38.28,,2.0,2.0
0900500012220,Gustavo A. Madero,5296,70,30,,5183,4458,1277,1426,1042,745,1267,1118,627,421,10,10.71,0.9299,Medio,Bajo,1.32,0.58,,24.11,73.07,52.24,88.85,78.4,43.97,29.52,0.7,3.0,2.0
0900500012235,Gustavo A. Madero,3997,34,12,0,3909,3434,1261,1061,789,623,982,844,471,338,9,11.7,0.956,Bajo,Bajo,0.85,0.31,0.0,31.55,74.36,58.72,92.55,79.55,44.39,31.86,0.85,2.0,2.0
0900500012377,Gustavo A. Madero,2986,17,7,0,2944,2658,698,884,729,602,798,738,513,303,0,12.81,0.9665,Muy bajo,Muy bajo,0.57,0.24,0.0,23.38,82.47,68.1,90.27,83.48,58.03,34.28,0.0,1.0,1.0
0900500012803,Gustavo A. Madero,4272,54,22,0,4157,3513,927,1244,851,662,1121,1015,353,323,0,11.05,0.9608,Bajo,Bajo,1.26,0.53,0.0,21.7,68.41,53.22,90.11,81.59,28.38,25.96,0.0,2.0,2.0
0900500010510,Gustavo A. Madero,812,0,0,0,793,719,135,301,275,243,289,228,192,147,0,13.85,0.9784,Muy bajo,Muy bajo,0.0,0.0,0.0,16.63,91.36,80.73,96.01,75.75,63.79,48.84,0.0,1.0,1.0
0900500011970,Gustavo A. Madero,5898,100,38,0,5754,4859,1566,1361,993,700,1228,1081,548,375,,10.56,0.9554,Bajo,Bajo,1.7,0.66,0.0,26.55,72.96,51.43,90.23,79.43,40.26,27.55,,2.0,2.0
0900500010991,Gustavo A. Madero,5676,527,248,0,5477,4412,1701,1493,826,548,1312,1180,676,228,5,9.79,0.9379,Medio,Medio,9.28,4.53,0.0,29.97,55.32,36.7,87.88,79.04,45.28,15.27,0.33,3.0,3.0
0900500010506,Gustavo A. Madero,3021,48,25,0,2928,2562,500,1133,1006,891,1088,938,647,621,0,13.82,0.9726,Muy bajo,Muy bajo,1.59,0.85,0.0,16.55,88.79,78.64,96.03,82.79,57.11,54.81,0.0,1.0,1.0
0900500010953,Gustavo A. Madero,1247,0,3,0,1221,1135,215,575,536,523,543,488,478,378,3,14.69,0.9682,Muy bajo,Muy bajo,0.0,0.25,0.0,17.24,93.22,90.96,94.43,84.87,83.13,65.74,0.52,1.0,1.0
0900500010968,Gustavo A. Madero,1798,33,18,0,1755,1543,531,577,541,506,573,473,439,346,0,14.44,0.9774,Muy bajo,Muy bajo,1.84,1.03,0.0,29.53,93.76,87.69,99.31,81.98,76.08,59.97,0.0,1.0,1.0
090050001092A,Gustavo A. Madero,2904,26,17,0,2842,2621,494,1103,974,872,1057,891,650,433,0,13.69,0.965,Bajo,Muy bajo,0.9,0.6,0.0,17.01,88.3,79.06,95.83,80.78,58.93,39.26,0.0,2.0,1.0
0900500010934,Gustavo A. Madero,2566,27,32,0,2518,2241,572,822,748,671,778,678,620,507,4,13.54,0.9694,Muy bajo,Muy bajo,1.05,1.27,0.0,22.29,91.0,81.63,94.65,82.48,75.43,61.68,0.49,1.0,1.0
0900500010949,Gustavo A. Madero,1842,17,9,0,1818,1673,340,580,526,499,554,425,440,322,0,14.17,0.9755,Muy bajo,Muy bajo,0.92,0.5,0.0,18.46,90.69,86.03,95.52,73.28,75.86,55.52,0.0,1.0,1.0
0900500011932,Gustavo A. Madero,3949,63,22,0,3836,3292,1156,1128,838,628,1000,896,427,279,6,11.01,0.9553,Bajo,Bajo,1.6,0.57,0.0,29.27,74.29,55.67,88.65,79.43,37.85,24.73,0.53,2.0,2.0
0900500011951,Gustavo A. Madero,2954,19,10,0,2845,2379,850,803,555,408,727,633,300,152,,10.89,0.9571,Bajo,Bajo,0.64,0.35,0.0,28.77,69.12,50.81,90.54,78.83,37.36,18.93,,2.0,2.0
0900500012216,Gustavo A. Madero,3197,68,35,0,3108,2656,865,991,712,546,882,791,430,284,,11.36,0.9513,Bajo,Bajo,2.13,1.13,0.0,27.06,71.85,55.1,89.0,79.82,43.39,28.66,,2.0,2.0
0900500010135,Gustavo A. Madero,4716,146,63,0,4546,3714,1177,1326,839,578,1154,958,338,165,5,10.13,0.9511,Bajo,Bajo,3.1,1.39,0.0,24.96,63.27,43.59,87.03,72.25,25.49,12.44,0.38,2.0,2.0
0900500010169,Gustavo A. Madero,7933,285,135,,7615,6111,2192,2032,1194,813,1789,1550,414,306,7,9.8,0.9481,Bajo,Bajo,3.59,1.77,,27.63,58.76,40.01,88.04,76.28,20.37,15.06,0.34,2.0,2.0
0900500010188,Gustavo A. Madero,4422,123,41,0,4293,3606,1271,1297,889,691,1134,1024,384,240,5,10.66,0.9508,Bajo,Bajo,2.78,0.96,0.0,28.74,68.54,53.28,87.43,78.95,29.61,18.5,0.39,2.0,2.0
0900500010192,Gustavo A. Madero,5552,126,57,0,5386,4497,1279,1528,1081,751,1369,1229,447,324,,10.51,0.9562,Bajo,Bajo,2.27,1.06,0.0,23.04,70.75,49.15,89.59,80.43,29.25,21.2,,2.0,2.0
0900500012786,Gustavo A. Madero,2091,56,29,0,2040,1775,554,578,488,420,538,438,266,226,0,12.7,0.968,Muy bajo,Muy bajo,2.68,1.42,0.0,26.49,84.43,72.66,93.08,75.78,46.02,39.1,0.0,1.0,1.0
0900500010205,Gustavo A. Madero,6337,272,116,0,6079,4969,1702,1726,1145,735,1501,1335,445,323,5,9.99,0.9474,Bajo,Bajo,4.29,1.91,0.0,26.86,66.34,42.58,86.96,77.35,25.78,18.71,0.29,2.0,2.0
0900500010224,Gustavo A. Madero,3017,55,23,0,2924,2448,825,825,589,461,732,612,295,194,4,10.81,0.9558,Bajo,Bajo,1.82,0.79,0.0,27.35,71.39,55.88,88.73,74.18,35.76,23.52,0.48,2.0,2.0
0900500010525,Gustavo A. Madero,1550,,13,0,1535,1414,229,350,327,291,342,259,245,119,0,11.18,0.9658,Bajo,Muy bajo,,0.85,0.0,14.77,93.43,83.14,97.71,74.0,70.0,34.0,0.0,2.0,1.0
0900500010559,Gustavo A. Madero,2660,87,42,0,2595,2262,663,848,633,506,768,701,420,162,7,11.97,0.9587,Bajo,Bajo,3.27,1.62,0.0,24.92,74.65,59.67,90.57,82.67,49.53,19.1,0.83,2.0,2.0
0900500010737,Gustavo A. Madero,2901,0,8,0,2856,2574,961,931,880,805,912,790,697,465,0,14.06,0.9671,Muy bajo,Muy bajo,0.0,0.28,0.0,33.13,94.52,86.47,97.96,84.85,74.87,49.95,0.0,1.0,1.0
0900500010582,Gustavo A. Madero,3163,138,57,,3080,2676,659,942,755,607,855,771,455,325,4,12.12,0.9668,Muy bajo,Bajo,4.36,1.85,,20.83,80.15,64.44,90.76,81.85,48.3,34.5,0.42,1.0,2.0
0900500010597,Gustavo A. Madero,4646,154,73,,4508,3817,1135,1307,989,737,1182,1152,646,400,4,11.29,0.9546,Bajo,Bajo,3.31,1.62,,24.43,75.67,56.39,90.44,88.14,49.43,30.6,0.31,2.0,2.0
090050001060A,Gustavo A. Madero,1820,15,14,0,1787,1581,476,584,487,422,550,443,294,216,,13.16,0.9702,Muy bajo,Muy bajo,0.82,0.78,0.0,26.15,83.39,72.26,94.18,75.86,50.34,36.99,,1.0,1.0
0900500010614,Gustavo A. Madero,747,11,9,0,732,695,102,299,273,257,292,201,173,186,0,14.73,0.9782,Muy bajo,Muy bajo,1.47,1.23,0.0,13.65,91.3,85.95,97.66,67.22,57.86,62.21,0.0,1.0,1.0
0900500010629,Gustavo A. Madero,699,7,4,0,692,640,68,278,250,227,266,205,152,161,0,15.0,0.9764,Muy bajo,Muy bajo,1.0,0.58,0.0,9.73,89.93,81.65,95.68,73.74,54.68,57.91,0.0,1.0,1.0
0900500010633,Gustavo A. Madero,2691,48,36,0,2635,2300,635,849,756,627,800,657,525,405,0,13.4,0.9706,Muy bajo,Muy bajo,1.78,1.37,0.0,23.6,89.05,73.85,94.23,77.39,61.84,47.7,0.0,1.0,1.0
0900500011082,Gustavo A. Madero,2822,53,20,0,2772,2486,536,1003,847,721,914,754,581,404,9,13.35,0.9632,Bajo,Muy bajo,1.88,0.72,0.0,18.99,84.45,71.88,91.13,75.17,57.93,40.28,0.9,2.0,1.0
0900500010667,Gustavo A. Madero,5490,169,80,0,5289,4340,1306,1542,924,632,1298,1181,503,260,10,9.85,0.9411,Medio,Bajo,3.08,1.51,0.0,23.79,59.92,40.99,84.18,76.59,32.62,16.86,0.65,3.0,2.0
0900500010671,Gustavo A. Madero,5776,291,120,5,5576,4534,1496,1557,957,644,1367,1158,545,288,22,9.94,0.9455,Medio,Bajo,5.04,2.15,0.09,25.9,61.46,41.36,87.8,74.37,35.0,18.5,1.41,3.0,2.0
0900500010718,Gustavo A. Madero,0,0,0,0,0,0,0,0,0,0,0,0,0,0,0,0.0,,,,,,,,,,,,,,,,
0900500010722,Gustavo A. Madero,3178,8,6,0,3129,2830,851,1095,1005,932,1052,867,826,601,0,14.34,0.9734,Muy bajo,Muy bajo,0.25,0.19,0.0,26.78,91.78,85.11,96.07,79.18,75.43,54.89,0.0,1.0,1.0
0900500010741,Gustavo A. Madero,2303,20,23,,2261,2047,663,748,695,643,729,681,565,358,0,14.11,0.9724,Muy bajo,Muy bajo,0.87,1.02,,28.79,92.91,85.96,97.46,91.04,75.53,47.86,0.0,1.0,1.0
0900500010760,Gustavo A. Madero,2709,212,117,0,2616,2235,886,735,535,365,681,595,327,164,4,10.67,0.9468,Bajo,Bajo,7.83,4.47,0.0,32.71,72.79,49.66,92.65,80.95,44.49,22.31,0.54,2.0,2.0
0900500010794,Gustavo A. Madero,2712,54,23,0,2635,2221,701,731,557,445,669,538,486,187,5,11.66,0.9594,Bajo,Bajo,1.99,0.87,0.0,25.85,76.2,60.88,91.52,73.6,66.48,25.58,0.68,2.0,2.0
0900500010811,Gustavo A. Madero,4407,157,59,0,4252,3594,1221,1221,757,568,1091,929,482,200,14,10.05,0.9424,Medio,Bajo,3.56,1.39,0.0,27.71,62.0,46.52,89.35,76.09,39.48,16.38,1.15,3.0,2.0
0900500010826,Gustavo A. Madero,3830,136,54,0,3701,3128,1100,1123,723,502,1018,857,392,229,9,10.47,0.9497,Bajo,Bajo,3.55,1.46,0.0,28.72,64.38,44.7,90.65,76.31,34.91,20.39,0.8,2.0,2.0
0900500010830,Gustavo A. Madero,4501,71,41,0,4376,3698,1380,1294,886,664,1143,905,535,332,10,10.83,0.9351,Medio,Bajo,1.58,0.94,0.0,30.66,68.47,51.31,88.33,69.94,41.34,25.66,0.77,3.0,2.0
0900500011805,Gustavo A. Madero,3937,45,24,0,3777,3151,902,1450,1336,1164,1427,1114,928,934,,13.68,0.9721,Muy bajo,Muy bajo,1.14,0.64,0.0,22.91,92.14,80.28,98.41,76.83,64.0,64.41,,1.0,1.0
090050001181A,Gustavo A. Madero,3787,46,23,0,3715,3320,1023,1316,1114,957,1245,1018,762,571,,13.29,0.9571,Bajo,Muy bajo,1.21,0.62,0.0,27.01,84.65,72.72,94.6,77.36,57.9,43.39,,2.0,1.0
0900500011824,Gustavo A. Madero,3291,63,32,0,3208,2843,895,1130,936,820,1062,939,651,514,,13.09,0.97,Muy bajo,Muy bajo,1.91,1.0,0.0,27.2,82.83,72.57,93.98,83.1,57.61,45.49,,1.0,1.0
0900500011839,Gustavo A. Madero,4354,94,39,0,4224,3691,1227,1355,1025,807,1258,1048,646,443,3,11.86,0.9505,Bajo,Bajo,2.16,0.92,0.0,28.18,75.65,59.56,92.84,77.34,47.68,32.69,0.22,2.0,2.0
0900500011843,Gustavo A. Madero,3934,52,28,,3851,3338,1102,1144,913,713,1050,895,580,339,3,12.2,0.9618,Bajo,Bajo,1.32,0.73,,28.01,79.81,62.33,91.78,78.23,50.7,29.63,0.26,2.0,2.0
0900500011858,Gustavo A. Madero,2052,40,19,0,2007,1747,551,624,470,363,557,500,278,163,,11.78,0.9585,Bajo,Bajo,1.95,0.95,0.0,26.85,75.32,58.17,89.26,80.13,44.55,26.12,,2.0,2.0
0900500011862,Gustavo A. Madero,3806,71,30,0,3733,3288,1183,1086,844,668,974,872,543,317,,11.71,0.9565,Bajo,Bajo,1.87,0.8,0.0,31.08,77.72,61.51,89.69,80.29,50.0,29.19,,2.0,2.0
0900500011881,Gustavo A. Madero,2455,114,45,,2389,2070,453,715,520,379,655,557,287,240,4,11.33,0.9579,Bajo,Bajo,4.64,1.88,,18.45,72.73,53.01,91.61,77.9,40.14,33.57,0.56,2.0,2.0
0900500011909,Gustavo A. Madero,6163,126,65,,5976,5137,1434,1800,1311,1040,1634,1516,773,420,3,11.53,0.9601,Bajo,Bajo,2.04,1.09,,23.27,72.83,57.78,90.78,84.22,42.94,23.33,0.17,2.0,2.0
0900500011913,Gustavo A. Madero,6882,183,92,0,6694,5676,1834,1989,1366,988,1800,1568,859,547,3,11.04,0.9549,Bajo,Bajo,2.66,1.37,0.0,26.65,68.68,49.67,90.5,78.83,43.19,27.5,0.15,2.0,2.0
0900500011928,Gustavo A. Madero,14,,,,,,,,,,,,,,,,,,Bajo,,,,,,,,,,,,,2.0
090050001199A,Gustavo A. Madero,4250,45,14,0,4182,3765,1020,1201,1019,856,1106,957,641,396,0,12.32,0.9649,Bajo,Muy bajo,1.06,0.33,0.0,24.0,84.85,71.27,92.09,79.68,53.37,32.97,0.0,2.0,1.0
0900500013093,Gustavo A. Madero,12036,355,144,,11621,9563,3050,3164,2241,1574,2848,2476,926,613,9,10.46,0.9511,Bajo,Bajo,2.95,1.24,,25.34,70.83,49.75,90.01,78.26,29.27,19.37,0.28,2.0,2.0
090050001313A,Gustavo A. Madero,1484,17,8,0,1459,1314,231,530,510,461,519,417,320,285,0,14.47,0.9807,Muy bajo,Muy bajo,1.15,0.55,0.0,15.57,96.23,86.98,97.92,78.68,60.38,53.77,0.0,1.0,1.0
0900500013163,Gustavo A. Madero,1911,27,16,0,1841,1527,423,527,370,244,472,405,227,170,4,10.47,0.9552,Bajo,Bajo,1.41,0.87,0.0,22.14,70.21,46.3,89.56,76.85,43.07,32.26,0.76,2.0,2.0
0900500013178,Gustavo A. Madero,1870,68,27,0,1816,1520,466,574,417,287,521,417,273,167,3,11.05,0.9581,Bajo,Bajo,3.64,1.49,0.0,24.92,72.65,50.0,90.77,72.65,47.56,29.09,0.52,2.0,2.0
0900500013182,Gustavo A. Madero,2221,61,30,0,2146,1802,621,752,522,429,700,638,226,217,0,11.47,0.963,Bajo,Bajo,2.75,1.4,0.0,27.96,69.41,57.05,93.09,84.84,30.05,28.86,0.0,2.0,2.0
0900500013197,Gustavo A. Madero,5244,170,62,,5111,4305,1074,1600,1150,842,1496,1335,654,475,3,10.83,0.9636,Bajo,Bajo,3.24,1.21,,20.48,71.88,52.62,93.5,83.44,40.88,29.69,0.19,2.0,2.0
090050001320A,Gustavo A. Madero,1993,47,19,0,1941,1639,512,626,489,409,598,487,283,236,0,12.07,0.9718,Muy bajo,Muy bajo,2.36,0.98,0.0,25.69,78.12,65.34,95.53,77.8,45.21,37.7,0.0,1.0,1.0
0900500011985,Gustavo A. Madero,6515,79,31,0,6353,5390,1364,1620,1188,907,1450,1369,629,422,4,10.6,0.9563,Bajo,Bajo,1.21,0.49,0.0,20.94,73.33,55.99,89.51,84.51,38.83,26.05,0.25,2.0,2.0
0900500012269,Gustavo A. Madero,2773,15,4,0,2712,2373,701,732,566,430,657,565,369,206,,11.51,0.9384,Medio,Bajo,0.54,0.15,0.0,25.28,77.32,58.74,89.75,77.19,50.41,28.14,,3.0,2.0
0900500012362,Gustavo A. Madero,2422,10,7,0,2378,2111,557,713,594,477,635,564,437,238,4,13.21,0.9712,Muy bajo,Muy bajo,0.41,0.29,0.0,23.0,83.31,66.9,89.06,79.1,61.29,33.38,0.56,1.0,1.0
090050001295A,Gustavo A. Madero,4267,55,18,0,4146,3462,1171,1204,895,672,1088,962,574,386,5,10.86,0.9565,Bajo,Bajo,1.29,0.43,0.0,27.44,74.34,55.81,90.37,79.9,47.67,32.06,0.42,2.0,2.0
0900500012112,Gustavo A. Madero,384,11,5,0,365,296,156,107,53,42,91,72,35,34,,10.3,0.8982,Muy alto,Medio,2.86,1.37,0.0,40.62,49.53,39.25,85.05,67.29,32.71,31.78,,5.0,3.0
0900500012358,Gustavo A. Madero,1767,14,5,0,1727,1471,482,491,374,259,439,395,227,112,,11.5,0.9578,Bajo,Bajo,0.79,0.29,0.0,27.28,76.17,52.75,89.41,80.45,46.23,22.81,,2.0,2.0
0900500012447,Gustavo A. Madero,2642,15,5,0,2597,2330,618,763,637,530,685,613,436,276,,12.92,0.9643,Bajo,Muy bajo,0.57,0.19,0.0,23.39,83.49,69.46,89.78,80.34,57.14,36.17,,2.0,1.0
0900500012409,Gustavo A. Madero,3728,34,16,0,3676,3251,739,1053,900,727,974,799,582,389,0,12.69,0.9702,Muy bajo,Muy bajo,0.91,0.44,0.0,19.82,85.47,69.04,92.5,75.88,55.27,36.94,0.0,1.0,1.0
0900500012752,Gustavo A. Madero,4278,131,49,0,4101,3242,965,1144,802,505,1004,936,274,133,9,9.55,0.9484,Bajo,Bajo,3.06,1.19,0.0,22.56,70.1,44.14,87.76,81.82,23.95,11.63,0.79,2.0,2.0
0900500013248,Gustavo A. Madero,5663,260,102,,5412,4275,1685,1610,929,565,1388,1232,288,181,12,9.28,0.9372,Medio,Medio,4.59,1.88,,29.75,57.7,35.09,86.21,76.52,17.89,11.24,0.75,3.0,3.0
0900500013252,Gustavo A. Madero,6248,247,109,0,6006,4820,1758,1734,1082,693,1549,1291,394,309,9,9.77,0.9439,Medio,Bajo,3.95,1.81,0.0,28.14,62.4,39.97,89.33,74.45,22.72,17.82,0.52,3.0,2.0
0900500013303,Gustavo A. Madero,1861,27,12,0,1810,1552,381,535,389,289,488,442,244,171,,10.86,0.9633,Bajo,Bajo,1.45,0.66,0.0,20.47,72.71,54.02,91.21,82.62,45.61,31.96,,2.0,2.0
0900500013322,Gustavo A. Madero,4420,292,124,0,4219,3318,1067,1228,683,383,1042,903,178,108,10,9.02,0.9376,Medio,Medio,6.61,2.94,0.0,24.14,55.62,31.19,84.85,73.53,14.5,8.79,0.81,3.0,3.0
0900500013341,Gustavo A. Madero,2343,14,8,0,2291,1942,524,637,489,365,589,505,305,194,4,11.72,0.9608,Bajo,Bajo,0.6,0.35,0.0,22.36,76.77,57.3,92.46,79.28,47.88,30.46,0.63,2.0,2.0
0900500013375,Gustavo A. Madero,1196,29,16,0,1170,1002,264,351,293,238,337,282,193,129,,12.38,0.97,Muy bajo,Muy bajo,2.42,1.37,0.0,22.07,83.48,67.81,96.01,80.34,54.99,36.75,,1.0,1.0
090050001338A,Gustavo A. Madero,2997,24,28,0,2951,2656,624,1024,941,843,998,801,702,622,0,13.91,0.9787,Muy bajo,Muy bajo,0.8,0.95,0.0,20.82,91.89,82.32,97.46,78.22,68.55,60.74,0.0,1.0,1.0
0900500013394,Gustavo A. Madero,2891,30,8,0,2819,2408,706,821,686,544,759,623,447,299,,11.87,0.9632,Bajo,Muy bajo,1.04,0.28,0.0,24.42,83.56,66.26,92.45,75.88,54.45,36.42,,2.0,1.0
0900500012767,Gustavo A. Madero,5406,221,80,,5173,4036,1665,1389,856,498,1211,1058,262,184,12,9.32,0.9418,Medio,Medio,4.09,1.55,,30.8,61.63,35.85,87.19,76.17,18.86,13.25,0.86,3.0,3.0
0900500010440,Gustavo A. Madero,5028,187,71,0,4874,4166,1213,1485,1079,764,1349,1195,613,438,10,11.01,0.956,Bajo,Bajo,3.72,1.46,0.0,24.12,72.66,51.45,90.84,80.47,41.28,29.49,0.67,2.0,2.0
0900500010455,Gustavo A. Madero,4073,89,37,,3951,3359,1035,1279,852,625,1139,1030,494,253,7,10.93,0.9555,Bajo,Bajo,2.19,0.94,,25.41,66.61,48.87,89.05,80.53,38.62,19.78,0.55,2.0,2.0
0900500011148,Gustavo A. Madero,4353,88,41,,4233,3607,1224,1286,916,685,1145,978,842,257,8,10.79,0.9489,Bajo,Bajo,2.02,0.97,,28.12,71.23,53.27,89.04,76.05,65.47,19.98,0.62,2.0,2.0
0900500012837,Gustavo A. Madero,3315,263,120,0,3205,2552,926,869,511,289,760,680,307,104,4,9.23,0.9404,Medio,Medio,7.93,3.74,0.0,27.93,58.8,33.26,87.46,78.25,35.33,11.97,0.46,3.0,3.0
0900500012841,Gustavo A. Madero,2417,120,54,,2298,1838,671,654,400,203,543,502,290,107,11,9.2,0.9248,Alto,Medio,4.96,2.35,,27.76,61.16,31.04,83.03,76.76,44.34,16.36,1.68,4.0,3.0
0900500012856,Gustavo A. Madero,4890,129,45,0,4768,4092,1008,1498,1215,1042,1429,1156,838,638,,12.3,0.9699,Muy bajo,Muy bajo,2.64,0.94,0.0,20.61,81.11,69.56,95.39,77.17,55.94,42.59,,1.0,1.0
0900500012860,Gustavo A. Madero,4900,107,54,0,4784,4169,1137,1585,1328,1084,1487,1249,886,637,,12.5,0.9682,Muy bajo,Muy bajo,2.18,1.13,0.0,23.2,83.79,68.39,93.82,78.8,55.9,40.19,,1.0,1.0
0900500012930,Gustavo A. Madero,4364,48,17,0,4241,3586,1046,1277,949,709,1171,1064,600,454,5,11.15,0.9631,Bajo,Bajo,1.1,0.4,0.0,23.97,74.31,55.52,91.7,83.32,46.99,35.55,0.39,2.0,2.0
090050001288A,Gustavo A. Madero,1702,8,,0,1654,1433,455,484,370,282,415,355,307,160,6,11.64,0.9574,Bajo,Bajo,0.47,,0.0,26.73,76.45,58.26,85.74,73.35,63.43,33.06,1.24,2.0,2.0
0900500010313,Gustavo A. Madero,3640,106,40,0,3531,2901,823,1049,798,636,980,768,431,382,4,11.6,0.9642,Bajo,Bajo,2.91,1.13,0.0,22.61,76.07,60.63,93.42,73.21,41.09,36.42,0.38,2.0,2.0
0900500010328,Gustavo A. Madero,1639,63,28,,1595,1341,468,480,332,248,413,329,162,119,,10.68,0.9511,Bajo,Bajo,3.84,1.76,,28.55,69.17,51.67,86.04,68.54,33.75,24.79,,2.0,2.0
0900500010332,Gustavo A. Madero,5616,119,59,,5372,4439,1302,1588,1102,673,1413,1259,533,269,8,9.46,0.9425,Medio,Bajo,2.12,1.1,,23.18,69.4,42.38,88.98,79.28,33.56,16.94,0.5,3.0,2.0
0900500010402,Gustavo A. Madero,5809,166,77,0,5658,4761,1610,1694,1171,880,1546,1377,714,473,11,10.91,0.9562,Bajo,Bajo,2.86,1.36,0.0,27.72,69.13,51.95,91.26,81.29,42.15,27.92,0.65,2.0,2.0
0900500010370,Gustavo A. Madero,3064,68,36,0,2995,2581,723,922,606,521,804,640,328,227,9,11.46,0.9554,Bajo,Bajo,2.22,1.2,0.0,23.6,65.73,56.51,87.2,69.41,35.57,24.62,0.98,2.0,2.0
0900500010864,Gustavo A. Madero,5592,118,53,,5391,4466,1561,1538,1041,669,1415,1230,544,307,4,10.37,0.9462,Medio,Bajo,2.11,0.98,,27.91,67.69,43.5,92.0,79.97,35.37,19.96,0.26,3.0,2.0
0900500011237,Gustavo A. Madero,2770,38,21,0,2707,2411,657,929,732,598,826,731,501,321,31,12.23,0.9557,Bajo,Muy bajo,1.37,0.78,0.0,23.72,78.79,64.37,88.91,78.69,53.93,34.55,3.34,2.0,1.0
0900500011203,Gustavo A. Madero,3360,68,19,0,3253,2705,1141,954,617,441,878,759,280,246,3,10.48,0.9368,Medio,Bajo,2.02,0.58,0.0,33.96,64.68,46.23,92.03,79.56,29.35,25.79,0.31,3.0,2.0
0900500011364,Gustavo A. Madero,4742,73,34,0,4584,3834,1218,1320,898,574,1184,1081,446,306,5,10.3,0.9471,Bajo,Bajo,1.54,0.74,0.0,25.69,68.03,43.48,89.7,81.89,33.79,23.18,0.38,2.0,2.0
0900500011383,Gustavo A. Madero,4092,49,26,0,3981,3390,1024,1204,907,695,1063,941,603,331,7,11.56,0.9538,Bajo,Bajo,1.2,0.65,0.0,25.02,75.33,57.72,88.29,78.16,50.08,27.49,0.58,2.0,2.0
0900500011415,Gustavo A. Madero,3347,31,18,0,3304,2978,686,1120,964,868,1042,877,667,479,,13.64,0.9654,Bajo,Muy bajo,0.93,0.54,0.0,20.5,86.07,77.5,93.04,78.3,59.55,42.77,,2.0,1.0
0900500011434,Gustavo A. Madero,1729,76,31,0,1692,1453,550,532,425,356,494,432,270,203,3,12.3,0.9483,Bajo,Muy bajo,4.4,1.83,0.0,31.81,79.89,66.92,92.86,81.2,50.75,38.16,0.56,2.0,1.0
0900500011449,Gustavo A. Madero,2830,90,35,0,2734,2349,821,860,644,539,794,660,437,306,4,12.31,0.9584,Bajo,Bajo,3.18,1.28,0.0,29.01,74.88,62.67,92.33,76.74,50.81,35.58,0.47,2.0,2.0
0900500011453,Gustavo A. Madero,4315,223,65,,4169,3437,1100,1285,1001,781,1213,977,618,446,0,11.5,0.9559,Bajo,Bajo,5.17,1.56,,25.49,77.9,60.78,94.4,76.03,48.09,34.71,0.0,2.0,2.0
0900500011612,Gustavo A. Madero,2463,28,14,0,2423,2155,621,817,672,560,754,677,467,336,,13.1,0.9669,Muy bajo,Muy bajo,1.14,0.58,0.0,25.21,82.25,68.54,92.29,82.86,57.16,41.13,,1.0,1.0
0900500013110,Gustavo A. Madero,1574,82,36,0,1521,1328,373,519,433,314,488,438,211,180,,11.56,0.9669,Muy bajo,Bajo,5.21,2.37,0.0,23.7,83.43,60.5,94.03,84.39,40.66,34.68,,1.0,2.0
0900500011754,Gustavo A. Madero,5282,110,54,0,5136,4355,1389,1705,1275,991,1570,1349,783,562,3,11.72,0.9559,Bajo,Bajo,2.08,1.05,0.0,26.3,74.78,58.12,92.08,79.12,45.92,32.96,0.18,2.0,2.0
0900500012019,Gustavo A. Madero,4307,61,26,0,4201,3618,1128,1133,854,602,999,817,379,254,9,11.06,0.9542,Bajo,Bajo,1.42,0.62,0.0,26.19,75.38,53.13,88.17,72.11,33.45,22.42,0.79,2.0,2.0
0900500012199,Gustavo A. Madero,3485,62,19,0,3407,2952,818,1058,808,643,973,827,532,365,7,11.82,0.9598,Bajo,Bajo,1.78,0.56,0.0,23.47,76.37,60.78,91.97,78.17,50.28,34.5,0.66,2.0,2.0
0900500012057,Gustavo A. Madero,2694,47,20,0,2621,2254,753,805,590,466,724,650,384,241,6,11.75,0.9555,Bajo,Bajo,1.74,0.76,0.0,27.95,73.29,57.89,89.94,80.75,47.7,29.94,0.75,2.0,2.0
0900500012324,Gustavo A. Madero,2997,24,11,0,2928,2563,727,769,623,471,686,565,390,224,,12.09,0.9594,Bajo,Muy bajo,0.8,0.38,0.0,24.26,81.01,61.25,89.21,73.47,50.72,29.13,,2.0,1.0
0900500012451,Gustavo A. Madero,3246,40,26,,3159,2820,796,969,786,662,868,825,566,408,,12.05,0.9613,Bajo,Muy bajo,1.23,0.82,,24.52,81.11,68.32,89.58,85.14,58.41,42.11,,2.0,1.0
0900500012682,Gustavo A. Madero,5028,104,52,,4850,4072,1411,1412,944,577,1241,1042,497,251,6,10.51,0.945,Medio,Bajo,2.07,1.07,,28.06,66.86,40.86,87.89,73.8,35.2,17.78,0.42,3.0,2.0
0900500012697,Gustavo A. Madero,2999,54,26,0,2933,2545,682,885,706,564,805,715,481,314,3,11.67,0.9669,Muy bajo,Muy bajo,1.8,0.89,0.0,22.74,79.77,63.73,90.96,80.79,54.35,35.48,0.34,1.0,1.0
090050001263A,Gustavo A. Madero,2465,9,4,0,2409,2120,469,727,564,465,632,573,431,229,,11.8,0.9681,Muy bajo,Muy bajo,0.37,0.17,0.0,19.03,77.58,63.96,86.93,78.82,59.28,31.5,,1.0,1.0
0900500012644,Gustavo A. Madero,2242,22,7,0,2193,1913,407,628,502,420,576,558,407,262,,12.05,0.9673,Muy bajo,Muy bajo,0.98,0.32,0.0,18.15,79.94,66.88,91.72,88.85,64.81,41.72,,1.0,1.0
0900500012659,Gustavo A. Madero,2132,14,6,0,2100,1861,480,637,523,414,571,463,381,216,,12.12,0.9594,Bajo,Muy bajo,0.66,0.29,0.0,22.51,82.1,64.99,89.64,72.68,59.81,33.91,,2.0,1.0
0900500012663,Gustavo A. Madero,2595,11,5,0,2553,2251,661,797,660,525,727,624,461,305,,11.67,0.955,Bajo,Muy bajo,0.42,0.2,0.0,25.47,82.81,65.87,91.22,78.29,57.84,38.27,,2.0,1.0
0900500012678,Gustavo A. Madero,2434,26,9,0,2375,2137,505,723,594,469,644,581,432,231,5,11.83,0.9677,Muy bajo,Muy bajo,1.07,0.38,0.0,20.75,82.16,64.87,89.07,80.36,59.75,31.95,0.69,1.0,1.0
090050001270A,Gustavo A. Madero,2602,9,4,0,2543,2218,489,703,561,438,650,655,301,208,0,11.34,0.9679,Muy bajo,Muy bajo,0.35,0.16,0.0,18.79,79.8,62.3,92.46,93.17,42.82,29.59,0.0,1.0,1.0
0900500012733,Gustavo A. Madero,3894,125,43,,3754,3026,1069,1054,645,456,916,777,261,177,6,10.2,0.9507,Bajo,Bajo,3.21,1.15,,27.45,61.2,43.26,86.91,73.72,24.76,16.79,0.57,2.0,2.0
0900500012748,Gustavo A. Madero,3855,128,39,0,3702,2932,1105,1032,635,396,942,825,262,153,4,9.71,0.9484,Bajo,Bajo,3.32,1.05,0.0,28.66,61.53,38.37,91.28,79.94,25.39,14.83,0.39,2.0,2.0
0900500010351,Gustavo A. Madero,4655,427,173,,4494,3625,1094,1226,791,466,1058,930,667,164,24,9.31,0.944,Medio,Bajo,9.17,3.85,,23.5,64.52,38.01,86.3,75.86,54.4,13.38,1.96,3.0,2.0
0900500010915,Gustavo A. Madero,1933,34,21,0,1895,1735,314,759,632,543,719,585,433,320,,13.35,0.9782,Muy bajo,Muy bajo,1.76,1.11,0.0,16.24,83.27,71.54,94.73,77.08,57.05,42.16,,1.0,1.0
0900500011400,Gustavo A. Madero,4437,396,251,3,4276,3538,1499,1354,1003,696,1249,1020,495,403,5,10.82,0.9457,Medio,Bajo,8.92,5.87,0.07,33.78,74.08,51.4,92.25,75.33,36.56,29.76,0.37,3.0,2.0
0900500013426,Gustavo A. Madero,2443,380,156,3,2322,1807,574,609,379,176,506,460,57,53,4,8.73,0.9282,Medio,Medio,15.55,6.72,0.13,23.5,62.23,28.9,83.09,75.53,9.36,8.7,0.66,3.0,3.0
0900500011114,Gustavo A. Madero,2112,29,19,0,2078,1901,550,703,648,599,681,569,485,379,,14.42,0.9708,Muy bajo,Muy bajo,1.37,0.91,0.0,26.04,92.18,85.21,96.87,80.94,68.99,53.91,,1.0,1.0
0900500011256,Gustavo A. Madero,1121,32,14,0,1085,877,372,399,240,157,353,307,141,96,,11.25,0.9259,Alto,Medio,2.85,1.29,0.0,33.18,60.15,39.35,88.47,76.94,35.34,24.06,,4.0,3.0
0900500011330,Gustavo A. Madero,5138,130,49,0,5006,4277,1064,1539,1077,798,1365,1207,583,312,9,10.62,0.9444,Medio,Bajo,2.53,0.98,0.0,20.71,69.98,51.85,88.69,78.43,37.88,20.27,0.58,3.0,2.0
0900500010281,Gustavo A. Madero,2782,13,9,0,2739,2393,540,988,811,699,913,745,570,480,5,12.87,0.9728,Muy bajo,Muy bajo,0.47,0.33,0.0,19.41,82.09,70.75,92.41,75.4,57.69,48.58,0.51,1.0,1.0
0900500012822,Gustavo A. Madero,3802,68,31,0,3691,3061,1022,963,682,468,860,783,411,302,,10.58,0.9433,Medio,Bajo,1.79,0.84,0.0,26.88,70.82,48.6,89.3,81.31,42.68,31.36,,3.0,2.0
0900500012061,Gustavo A. Madero,3153,69,28,0,3063,2623,844,917,687,572,846,714,447,271,3,11.6,0.9577,Bajo,Bajo,2.19,0.91,0.0,26.77,74.92,62.38,92.26,77.86,48.75,29.55,0.33,2.0,2.0
0900500010296,Gustavo A. Madero,2757,32,14,0,2689,2378,556,1020,835,700,934,789,556,482,,13.21,0.9717,Muy bajo,Muy bajo,1.16,0.52,0.0,20.17,81.86,68.63,91.57,77.35,54.51,47.25,,1.0,1.0
0900500011063,Gustavo A. Madero,2382,47,28,0,2337,2138,428,920,790,714,851,734,551,450,0,13.89,0.9794,Muy bajo,Muy bajo,1.97,1.2,0.0,17.97,85.87,77.61,92.5,79.78,59.89,48.91,0.0,1.0,1.0
0900500010900,Gustavo A. Madero,1915,14,9,0,1881,1698,333,758,641,555,709,580,370,307,0,13.49,0.973,Muy bajo,Muy bajo,0.73,0.48,0.0,17.39,84.56,73.22,93.54,76.52,48.81,40.5,0.0,1.0,1.0
0900500010474,Gustavo A. Madero,4984,75,32,0,4852,4181,1217,1476,1106,836,1337,1182,602,433,5,11.47,0.9587,Bajo,Bajo,1.5,0.66,0.0,24.42,74.93,56.64,90.58,80.08,40.79,29.34,0.34,2.0,2.0
0900500010084,Gustavo A. Madero,3396,176,64,0,3272,2671,867,928,551,405,789,710,194,117,6,9.83,0.9463,Medio,Bajo,5.18,1.96,0.0,25.53,59.38,43.64,85.02,76.51,20.91,12.61,0.65,3.0,2.0
0900500010099,Gustavo A. Madero,4342,161,62,0,4199,3429,1386,1194,747,509,1009,877,314,141,6,9.76,0.9436,Medio,Bajo,3.71,1.48,0.0,31.92,62.56,42.63,84.51,73.45,26.3,11.81,0.5,3.0,2.0
0900500010101,Gustavo A. Madero,5213,133,37,0,5010,4065,1519,1499,897,623,1255,1167,387,208,15,9.63,0.9449,Medio,Bajo,2.55,0.74,0.0,29.14,59.84,41.56,83.72,77.85,25.82,13.88,1.0,3.0,2.0
0900500012625,Gustavo A. Madero,7116,246,100,0,6825,5459,1846,1908,1153,732,1674,1583,400,284,8,9.62,0.9461,Medio,Bajo,3.46,1.47,0.0,25.94,60.43,38.36,87.74,82.97,20.96,14.88,0.42,3.0,2.0
0900500012606,Gustavo A. Madero,3240,137,46,,3104,2509,642,871,528,312,751,669,150,99,5,9.4,0.9488,Bajo,Bajo,4.23,1.48,,19.81,60.62,35.82,86.22,76.81,17.22,11.37,0.57,2.0,2.0
0900500013055,Gustavo A. Madero,2876,45,20,0,2797,2397,763,823,588,477,747,603,371,242,5,11.32,0.9616,Bajo,Bajo,1.56,0.72,0.0,26.53,71.45,57.96,90.77,73.27,45.08,29.4,0.61,2.0,2.0
090050001306A,Gustavo A. Madero,2899,105,30,0,2792,2282,731,707,466,321,642,550,255,145,,10.05,0.9492,Bajo,Bajo,3.62,1.07,0.0,25.22,65.91,45.4,90.81,77.79,36.07,20.51,,2.0,2.0
0900500013089,Gustavo A. Madero,8133,278,111,,7842,6485,2136,2259,1536,1098,2007,1736,561,433,9,10.26,0.9508,Bajo,Bajo,3.42,1.42,,26.26,67.99,48.61,88.84,76.85,24.83,19.17,0.4,2.0,2.0
0900500012432,Gustavo A. Madero,2660,32,10,0,2611,2366,550,783,660,542,698,602,460,311,4,12.79,0.9659,Bajo,Muy bajo,1.2,0.38,0.0,20.68,84.29,69.22,89.14,76.88,58.75,39.72,0.51,2.0,1.0
0900500012004,Gustavo A. Madero,2711,12,8,0,2661,2380,599,775,653,557,725,630,475,368,,12.66,0.9662,Bajo,Muy bajo,0.44,0.3,0.0,22.1,84.26,71.87,93.55,81.29,61.29,47.48,,2.0,1.0
090050001224A,Gustavo A. Madero,3517,17,9,0,3433,2977,888,930,733,558,836,705,439,284,,11.5,0.9618,Bajo,Bajo,0.48,0.26,0.0,25.25,78.82,60.0,89.89,75.81,47.2,30.54,,2.0,2.0
0900500012080,Gustavo A. Madero,2148,49,22,0,2100,1820,470,645,440,321,573,490,262,143,4,11.32,0.9548,Bajo,Bajo,2.28,1.05,0.0,21.88,68.22,49.77,88.84,75.97,40.62,22.17,0.62,2.0,2.0
0900500011877,Gustavo A. Madero,2646,43,18,0,2586,2204,600,765,542,393,700,569,321,219,3,11.44,0.9556,Bajo,Bajo,1.63,0.7,0.0,22.68,70.85,51.37,91.5,74.38,41.96,28.63,0.39,2.0,2.0
0900500012945,Gustavo A. Madero,4598,65,27,,4457,3740,1271,1280,953,752,1147,1106,506,325,,10.86,0.9514,Bajo,Bajo,1.41,0.61,,27.64,74.45,58.75,89.61,86.41,39.53,25.39,,2.0,2.0
0900500012254,Gustavo A. Madero,3267,22,8,0,3194,2815,877,844,703,552,771,678,462,356,5,11.65,0.9458,Medio,Muy bajo,0.67,0.25,0.0,26.84,83.29,65.4,91.35,80.33,54.74,42.18,0.59,3.0,1.0
0900500012038,Gustavo A. Madero,3222,20,17,0,3148,2775,903,998,868,757,937,788,534,357,,13.01,0.9595,Bajo,Muy bajo,0.62,0.54,0.0,28.03,86.97,75.85,93.89,78.96,53.51,35.77,,2.0,1.0
0900500012023,Gustavo A. Madero,4433,45,14,0,4325,3747,1067,1235,979,720,1124,812,522,293,4,11.62,0.9639,Bajo,Bajo,1.02,0.32,0.0,24.07,79.27,58.3,91.01,65.75,42.27,23.72,0.32,2.0,2.0
0900500010756,Gustavo A. Madero,157,0,,0,150,134,27,65,58,55,62,42,47,44,0,15.87,0.9841,Muy bajo,Muy bajo,0.0,,0.0,17.2,89.23,84.62,95.38,64.62,72.31,67.69,0.0,1.0,1.0
0900500010775,Gustavo A. Madero,2175,125,76,0,2083,1738,691,636,453,323,575,501,350,162,5,11.03,0.9501,Bajo,Bajo,5.75,3.65,0.0,31.77,71.23,50.79,90.41,78.77,55.03,25.47,0.79,2.0,2.0
090050001078A,Gustavo A. Madero,2384,36,17,0,2325,1966,606,704,596,478,652,569,522,301,,12.16,0.9642,Bajo,Muy bajo,1.51,0.73,0.0,25.42,84.66,67.9,92.61,80.82,74.15,42.76,,2.0,1.0
0900500011260,Gustavo A. Madero,2382,60,38,0,2339,2107,605,801,677,587,747,684,417,371,0,13.08,0.9618,Bajo,Muy bajo,2.52,1.62,0.0,25.4,84.52,73.28,93.26,85.39,52.06,46.32,0.0,2.0,1.0
0900500011275,Gustavo A. Madero,2985,44,32,0,2910,2524,824,973,808,666,928,737,550,400,,12.84,0.9663,Bajo,Muy bajo,1.47,1.1,0.0,27.6,83.04,68.45,95.38,75.75,56.53,41.11,,2.0,1.0
0900500011129,Gustavo A. Madero,1745,34,27,0,1716,1544,399,572,509,437,549,473,362,278,,13.7,0.9747,Muy bajo,Muy bajo,1.95,1.57,0.0,22.87,88.99,76.4,95.98,82.69,63.29,48.6,,1.0,1.0
0900500011171,Gustavo A. Madero,6810,199,82,,6592,5521,1852,2024,1427,1015,1853,1585,889,460,14,11.0,0.9531,Bajo,Bajo,2.92,1.24,,27.2,70.5,50.15,91.55,78.31,43.92,22.73,0.69,2.0,2.0
0900500011006,Gustavo A. Madero,4733,124,62,0,4564,3840,1303,1335,902,656,1204,1035,534,316,6,10.96,0.9484,Bajo,Bajo,2.62,1.36,0.0,27.53,67.57,49.14,90.19,77.53,40.0,23.67,0.45,2.0,2.0
0900500011307,Gustavo A. Madero,13176,363,179,,12684,10340,3583,3854,2927,2219,3557,2679,2105,1174,23,11.22,0.9526,Bajo,Bajo,2.76,1.41,,27.19,75.95,57.58,92.29,69.51,54.62,30.46,0.6,2.0,2.0
0900500011504,Gustavo A. Madero,1035,4,3,0,1017,901,205,282,223,191,250,249,144,97,0,12.63,0.9622,Bajo,Muy bajo,0.39,0.29,0.0,19.81,79.08,67.73,88.65,88.3,51.06,34.4,0.0,2.0,1.0
0900500012907,Gustavo A. Madero,5111,87,33,0,4983,4319,1434,1587,1230,991,1480,1250,897,511,4,12.03,0.9598,Bajo,Bajo,1.7,0.66,0.0,28.06,77.5,62.44,93.26,78.76,56.52,32.2,0.25,2.0,2.0
0900500011665,Gustavo A. Madero,4977,55,26,0,4827,4094,1047,1452,1018,785,1348,1106,587,353,,11.32,0.9613,Bajo,Bajo,1.11,0.54,0.0,21.04,70.11,54.06,92.84,76.17,40.43,24.31,,2.0,2.0
0900500013337,Gustavo A. Madero,3043,74,27,0,2940,2492,854,941,732,565,885,742,402,305,0,11.64,0.955,Bajo,Bajo,2.43,0.92,0.0,28.06,77.79,60.04,94.05,78.85,42.72,32.41,0.0,2.0,2.0
0900500013445,Gustavo A. Madero,4319,626,249,8,4074,3152,1392,1105,592,310,974,836,151,101,11,8.75,0.9297,Medio,Medio,14.49,6.11,0.2,32.23,53.57,28.05,88.14,75.66,13.67,9.14,1.0,3.0,3.0
0900500013233,Gustavo A. Madero,6414,456,166,0,6143,4729,1816,1624,971,563,1391,1346,319,186,13,9.39,0.9376,Medio,Medio,7.11,2.7,0.0,28.31,59.79,34.67,85.65,82.88,19.64,11.45,0.8,3.0,3.0
0900500012729,Gustavo A. Madero,4496,73,33,0,4330,3502,1252,1353,728,514,1134,980,314,217,59,9.89,0.9411,Medio,Medio,1.62,0.76,0.0,27.85,53.81,37.99,83.81,72.43,23.21,16.04,4.36,3.0,3.0
0900500013430,Gustavo A. Madero,4345,295,128,,4125,3178,1171,1189,597,290,1012,931,209,98,9,8.7,0.9315,Medio,Medio,6.79,3.1,,26.95,50.21,24.39,85.11,78.3,17.58,8.24,0.76,3.0,3.0
0900500013074,Gustavo A. Madero,2060,11,5,0,1998,1637,499,544,398,277,493,411,238,161,,10.92,0.9517,Bajo,Bajo,0.53,0.25,0.0,24.22,73.16,50.92,90.62,75.55,43.75,29.6,,2.0,2.0
0900500012127,Gustavo A. Madero,6630,95,34,0,6393,5260,1624,1824,1219,894,1653,1304,600,340,5,10.78,0.9463,Medio,Bajo,1.43,0.53,0.0,24.49,66.83,49.01,90.62,71.49,32.89,18.64,0.27,3.0,2.0
0900500012131,Gustavo A. Madero,4822,88,34,0,4607,3792,1361,1287,933,638,1144,962,466,358,3,10.61,0.9503,Bajo,Bajo,1.82,0.74,0.0,28.22,72.49,49.57,88.89,74.75,36.21,27.82,0.23,2.0,2.0
0900500013360,Gustavo A. Madero,4725,476,196,0,4525,3652,1631,1312,847,652,1202,1033,609,214,5,10.48,0.9439,Medio,Bajo,10.07,4.33,0.0,34.52,64.56,49.7,91.62,78.73,46.42,16.31,0.38,3.0,2.0
0900500010012,Gustavo A. Madero,4355,217,91,0,4195,3417,1213,1258,714,435,1071,960,264,157,16,9.26,0.9383,Medio,Medio,4.98,2.17,0.0,27.85,56.76,34.58,85.14,76.31,20.99,12.48,1.27,3.0,3.0
0900500010027,Gustavo A. Madero,5631,243,81,,5439,4363,1335,1589,955,645,1385,1262,309,232,5,9.77,0.9458,Medio,Bajo,4.32,1.49,,23.71,60.1,40.59,87.16,79.42,19.45,14.6,0.31,3.0,2.0
0900500012343,Gustavo A. Madero,3588,9,6,0,3510,3109,936,1001,809,662,913,819,522,345,,12.23,0.9636,Bajo,Muy bajo,0.25,0.17,0.0,26.09,80.82,66.13,91.21,81.82,52.15,34.47,,2.0,1.0
090050001014A,Gustavo A. Madero,4456,99,37,0,4279,3424,1086,1280,777,505,1081,970,422,240,3,9.56,0.9438,Medio,Bajo,2.22,0.86,0.0,24.37,60.7,39.45,84.45,75.78,32.97,18.75,0.23,3.0,2.0
0900500012983,Gustavo A. Madero,3377,134,55,0,3236,2510,847,910,469,263,748,683,187,61,4,9.02,0.9398,Medio,Medio,3.97,1.7,0.0,25.08,51.54,28.9,82.2,75.05,20.55,6.7,0.44,3.0,3.0
0900500010972,Gustavo A. Madero,2989,223,131,,2899,2428,942,845,585,443,776,628,395,199,4,11.18,0.9505,Bajo,Bajo,7.46,4.52,,31.52,69.23,52.43,91.83,74.32,46.75,23.55,0.47,2.0,2.0
0900500010807,Gustavo A. Madero,1554,317,150,4,1472,1132,453,382,150,99,332,267,98,35,9,8.78,0.8994,Muy alto,Alto,20.4,10.19,0.27,29.15,39.27,25.92,86.91,69.9,25.65,9.16,2.36,5.0,4.0
0900500010262,Gustavo A. Madero,4022,78,33,0,3853,3152,1139,1143,656,427,995,794,373,151,9,9.82,0.9463,Medio,Bajo,1.94,0.86,0.0,28.32,57.39,37.36,87.05,69.47,32.63,13.21,0.79,3.0,2.0
0900500012574,Gustavo A. Madero,3313,170,62,,3170,2450,985,859,444,249,712,644,254,81,8,8.66,0.931,Medio,Medio,5.13,1.96,,29.73,51.69,28.99,82.89,74.97,29.57,9.43,0.93,3.0,3.0
0900500012875,Gustavo A. Madero,2195,21,14,0,2165,1962,516,723,671,618,703,564,513,387,,14.46,0.9791,Muy bajo,Muy bajo,0.96,0.65,0.0,23.51,92.81,85.48,97.23,78.01,70.95,53.53,,1.0,1.0
0900500013125,Gustavo A. Madero,3029,58,12,0,2962,2543,741,831,727,615,774,590,556,391,,11.83,0.9639,Bajo,Muy bajo,1.91,0.41,0.0,24.46,87.48,74.01,93.14,71.0,66.91,47.05,,2.0,1.0
0900500013356,Gustavo A. Madero,1096,8,6,0,1073,921,177,357,316,294,345,301,208,201,0,13.79,0.9789,Muy bajo,Muy bajo,0.73,0.56,0.0,16.15,88.52,82.35,96.64,84.31,58.26,56.3,0.0,1.0,1.0
0900500012998,Gustavo A. Madero,4749,380,154,0,4524,3526,1193,1243,665,390,1045,924,195,111,14,9.12,0.9356,Medio,Medio,8.0,3.4,0.0,25.12,53.5,31.38,84.07,74.34,15.69,8.93,1.13,3.0,3.0
0900500013229,Gustavo A. Madero,3544,470,180,0,3377,2596,1450,903,471,228,724,618,131,81,10,8.55,0.923,Alto,Medio,13.26,5.33,0.0,40.91,52.16,25.25,80.18,68.44,14.51,8.97,1.11,4.0,3.0
0900500013267,Gustavo A. Madero,3857,494,201,,3692,2872,948,932,562,300,829,734,113,115,7,8.9,0.9414,Medio,Medio,12.81,5.44,,24.58,60.3,32.19,88.95,78.76,12.12,12.34,0.75,3.0,3.0
0900500013286,Gustavo A. Madero,3236,287,107,,3082,2442,834,870,544,305,737,623,220,159,14,9.02,0.9398,Medio,Medio,8.87,3.47,,25.77,62.53,35.06,84.71,71.61,25.29,18.28,1.61,3.0,3.0
0900500012610,Gustavo A. Madero,7326,278,113,,7023,5513,1896,1955,1226,759,1718,1584,392,285,12,9.42,0.9429,Medio,Bajo,3.79,1.61,,25.88,62.71,38.82,87.88,81.02,20.05,14.58,0.61,3.0,2.0
0900500013017,Gustavo A. Madero,1925,224,83,0,1854,1463,622,479,271,148,394,354,72,47,5,8.83,0.9341,Medio,Medio,11.64,4.48,0.0,32.31,56.58,30.9,82.25,73.9,15.03,9.81,1.04,3.0,3.0
0900500010563,Gustavo A. Madero,3592,48,23,0,3462,2969,804,1107,823,636,1010,851,484,249,5,11.28,0.9592,Bajo,Bajo,1.34,0.66,0.0,22.38,74.35,57.45,91.24,76.87,43.72,22.49,0.45,2.0,2.0
0900500011167,Gustavo A. Madero,5776,269,133,,5547,4423,1933,1592,812,496,1216,1058,443,126,66,9.31,0.8989,Muy alto,Medio,4.66,2.4,,33.47,51.01,31.16,76.38,66.46,27.83,7.91,4.15,5.0,3.0
0900500011152,Gustavo A. Madero,3678,138,52,0,3566,2980,1210,990,692,513,866,624,564,212,6,10.39,0.9385,Medio,Bajo,3.75,1.46,0.0,32.9,69.9,51.82,87.47,63.03,56.97,21.41,0.61,3.0,2.0
0900500011650,Gustavo A. Madero,7789,117,52,0,7554,6307,1113,2922,2595,2369,2872,2170,1472,1599,0,14.05,0.9815,Muy bajo,Muy bajo,1.5,0.69,0.0,14.29,88.81,81.07,98.29,74.26,50.38,54.72,0.0,1.0,1.0
0900500011896,Gustavo A. Madero,4486,43,32,0,4401,3904,1193,1402,1181,1050,1314,1086,828,639,,13.31,0.9687,Muy bajo,Muy bajo,0.96,0.73,0.0,26.59,84.24,74.89,93.72,77.46,59.06,45.58,,1.0,1.0
0900500012042,Gustavo A. Madero,3604,50,12,0,3534,3110,915,1030,833,658,944,824,566,284,,11.85,0.9648,Bajo,Muy bajo,1.39,0.34,0.0,25.39,80.87,63.88,91.65,80.0,54.95,27.57,,2.0,1.0
0900500012165,Gustavo A. Madero,1009,5,,0,979,820,318,239,176,125,216,194,84,53,0,11.16,0.9518,Bajo,Bajo,0.5,,0.0,31.52,73.64,52.3,90.38,81.17,35.15,22.18,0.0,2.0,2.0
0900500010987,Gustavo A. Madero,2773,70,29,0,2689,2244,843,741,534,411,661,535,376,205,5,11.21,0.9506,Bajo,Bajo,2.52,1.08,0.0,30.4,72.06,55.47,89.2,72.2,50.74,27.67,0.67,2.0,2.0
0901600010020,Miguel Hidalgo,2880,93,42,0,2790,2391,705,1017,775,662,943,725,370,403,11,11.94,0.9553,Bajo,Bajo,3.23,1.51,0.0,24.48,76.2,65.09,92.72,71.29,36.38,39.63,1.08,2.0,2.0
0901600010798,Miguel Hidalgo,309,,,0,303,281,66,138,126,115,131,107,97,86,0,14.0,0.9646,Bajo,Muy bajo,,,0.0,21.36,91.3,83.33,94.93,77.54,70.29,62.32,0.0,2.0,1.0
0901600010891,Miguel Hidalgo,2076,49,31,0,2037,1879,505,956,800,757,859,692,552,572,58,14.47,0.9654,Bajo,Muy bajo,2.36,1.52,0.0,24.33,83.68,79.18,89.85,72.38,57.74,59.83,6.07,2.0,1.0
090160001068A,Miguel Hidalgo,2198,19,32,0,2117,1907,365,1014,978,916,1003,681,803,770,,15.06,0.9727,Muy bajo,Muy bajo,0.86,1.51,0.0,16.61,96.45,90.34,98.92,67.16,79.19,75.94,,1.0,1.0
0901600010302,Miguel Hidalgo,0,0,0,0,0,0,0,0,0,0,0,0,0,0,0,0.0,,,,,,,,,,,,,,,,
0901600010694,Miguel Hidalgo,906,13,16,0,880,787,137,365,350,340,362,285,289,262,0,15.34,0.9756,Muy bajo,Muy bajo,1.43,1.82,0.0,15.12,95.89,93.15,99.18,78.08,79.18,71.78,0.0,1.0,1.0
0901600010016,Miguel Hidalgo,7,,,,,,,,,,,,,,,,,,Muy alto,,,,,,,,,,,,,5.0
0901600010800,Miguel Hidalgo,1473,14,8,0,1433,1121,107,388,359,344,381,330,258,269,0,13.69,0.9856,Muy bajo,Muy bajo,0.95,0.56,0.0,7.26,92.53,88.66,98.2,85.05,66.49,69.33,0.0,1.0,1.0
0901600010073,Miguel Hidalgo,1201,27,14,0,1176,1052,242,457,351,340,415,359,265,204,,13.14,0.965,Bajo,Muy bajo,2.25,1.19,0.0,20.15,76.81,74.4,90.81,78.56,57.99,44.64,,2.0,1.0
0901600010213,Miguel Hidalgo,7545,177,72,0,7369,6513,1657,2651,2153,1844,2490,2114,1359,1061,7,12.53,0.9713,Muy bajo,Muy bajo,2.35,0.98,0.0,21.96,81.21,69.56,93.93,79.74,51.26,40.02,0.26,1.0,1.0
0901600010228,Miguel Hidalgo,2,,,,,,,,,,,,,,,,,,Muy bajo,,,,,,,,,,,,,1.0
0901600010054,Miguel Hidalgo,4315,72,30,,4207,3707,1069,1613,1320,1120,1479,1216,830,596,4,12.39,0.9472,Bajo,Bajo,1.67,0.71,,24.77,81.84,69.44,91.69,75.39,51.46,36.95,0.25,2.0,2.0
0901600010069,Miguel Hidalgo,4680,61,42,0,4577,4071,909,1732,1516,1387,1660,1341,1019,905,0,13.74,0.9736,Muy bajo,Muy bajo,1.3,0.92,0.0,19.42,87.53,80.08,95.84,77.42,58.83,52.25,0.0,1.0,1.0
0901600010092,Miguel Hidalgo,8058,126,55,0,7867,6952,1108,3318,3165,2979,3263,2349,2025,2248,,14.68,0.9805,Muy bajo,Muy bajo,1.56,0.7,0.0,13.75,95.39,89.78,98.34,70.8,61.03,67.75,,1.0,1.0
0901600010232,Miguel Hidalgo,28,0,0,0,27,23,11,7,7,6,7,6,3,,0,12.78,,,Muy bajo,0.0,0.0,0.0,39.29,100.0,85.71,100.0,85.71,42.86,,0.0,,1.0
0901600010711,Miguel Hidalgo,2471,59,32,0,2397,2214,457,1149,1098,1027,1121,862,852,834,5,15.26,0.9765,Muy bajo,Muy bajo,2.39,1.34,0.0,18.49,95.56,89.38,97.56,75.02,74.15,72.58,0.44,1.0,1.0
0901600010853,Miguel Hidalgo,2446,21,60,0,2359,2119,350,938,907,847,926,724,811,690,0,13.77,0.9731,Muy bajo,Muy bajo,0.86,2.54,0.0,14.31,96.7,90.3,98.72,77.19,86.46,73.56,0.0,1.0,1.0
0901600011029,Miguel Hidalgo,2458,24,15,0,2418,2207,493,1041,959,893,1014,797,713,737,0,14.95,0.9649,Bajo,Muy bajo,0.98,0.62,0.0,20.06,92.12,85.78,97.41,76.56,68.49,70.8,0.0,2.0,1.0
090160001118A,Miguel Hidalgo,7942,102,62,0,7774,7016,1615,3219,2924,2647,3118,2575,2045,2053,5,14.28,0.9748,Muy bajo,Muy bajo,1.28,0.8,0.0,20.33,90.84,82.23,96.86,79.99,63.53,63.78,0.16,1.0,1.0
0901600011211,Miguel Hidalgo,5224,90,39,0,5129,4563,1244,1919,1660,1432,1827,1537,1246,1058,,13.14,0.9666,Muy bajo,Muy bajo,1.72,0.76,0.0,23.81,86.5,74.62,95.21,80.09,64.93,55.13,,1.0,1.0
0901600011226,Miguel Hidalgo,5300,107,51,0,5198,4729,994,2267,2085,1940,2187,1729,1498,1484,3,14.55,0.9736,Muy bajo,Muy bajo,2.02,0.98,0.0,18.75,91.97,85.58,96.47,76.27,66.08,65.46,0.13,1.0,1.0
0901600011071,Miguel Hidalgo,2,,,,,,,,,,,,,,,,,,Medio,,,,,,,,,,,,,3.0
0901600011090,Miguel Hidalgo,4044,66,48,0,3959,3388,1017,1149,907,744,1071,954,680,455,,11.4,0.9564,Bajo,Bajo,1.63,1.21,0.0,25.15,78.94,64.75,93.21,83.03,59.18,39.6,,2.0,2.0
0901600011103,Miguel Hidalgo,3137,38,13,0,3035,2561,862,991,712,593,918,812,379,227,8,10.86,0.9529,Bajo,Bajo,1.21,0.43,0.0,27.48,71.85,59.84,92.63,81.94,38.24,22.91,0.81,2.0,2.0
0901600011118,Miguel Hidalgo,6098,71,29,0,5932,5060,1477,1801,1402,1073,1661,1518,907,477,8,11.27,0.9512,Bajo,Bajo,1.16,0.49,0.0,24.22,77.85,59.58,92.23,84.29,50.36,26.49,0.44,2.0,2.0
0901600011137,Miguel Hidalgo,3762,49,27,0,3678,3261,598,1241,1019,824,1153,1002,672,517,0,12.47,0.9686,Muy bajo,Muy bajo,1.3,0.73,0.0,15.9,82.11,66.4,92.91,80.74,54.15,41.66,0.0,1.0,1.0
0901600011156,Miguel Hidalgo,8675,159,66,0,8413,7209,1766,2927,2404,1949,2715,2428,1609,1368,10,12.17,0.9634,Bajo,Muy bajo,1.83,0.78,0.0,20.36,82.13,66.59,92.76,82.95,54.97,46.74,0.34,2.0,1.0
0901600011230,Miguel Hidalgo,682,0,14,0,658,565,91,192,189,178,189,136,167,148,0,14.74,0.9841,Muy bajo,Muy bajo,0.0,2.13,0.0,13.34,98.44,92.71,98.44,70.83,86.98,77.08,0.0,1.0,1.0
090160001125A,Miguel Hidalgo,1264,0,37,0,1231,1093,229,347,334,314,342,223,293,299,0,13.85,0.9767,Muy bajo,Muy bajo,0.0,3.01,0.0,18.12,96.25,90.49,98.56,64.27,84.44,86.17,0.0,1.0,1.0
0901600011283,Miguel Hidalgo,1905,3,8,0,897,809,142,607,275,278,281,226,248,237,0,14.58,0.9809,Muy bajo,Muy bajo,0.16,0.89,0.0,7.45,45.3,45.8,46.29,37.23,40.86,39.04,0.0,1.0,1.0
0901600011298,Miguel Hidalgo,1559,,14,,1522,1360,202,449,448,437,448,389,408,348,0,14.12,0.9778,Muy bajo,Muy bajo,,0.92,,12.96,99.78,97.33,99.78,86.64,90.87,77.51,0.0,1.0,1.0
0901600010088,Miguel Hidalgo,89,0,0,0,89,87,16,48,47,47,48,41,39,30,0,14.53,0.9843,Muy bajo,Muy bajo,0.0,0.0,0.0,17.98,97.92,97.92,100.0,85.42,81.25,62.5,0.0,1.0,1.0
0901600010815,Miguel Hidalgo,2767,34,24,0,2660,2309,671,806,702,612,776,605,558,465,,12.39,0.9632,Bajo,Muy bajo,1.23,0.9,0.0,24.25,87.1,75.93,96.28,75.06,69.23,57.69,,2.0,1.0
0901600010868,Miguel Hidalgo,1152,3,17,0,1103,987,123,424,415,384,417,298,382,296,0,14.64,0.983,Muy bajo,Muy bajo,0.26,1.54,0.0,10.68,97.88,90.57,98.35,70.28,90.09,69.81,0.0,1.0,1.0
0901600010529,Miguel Hidalgo,0,0,0,0,0,0,0,0,0,0,0,0,0,0,0,0.0,,,,,,,,,,,,,,,,
090160001100A,Miguel Hidalgo,13,,,0,12,12,,3,,,3,,,,0,12.5,,,Muy bajo,,,0.0,,,,100.0,,,,0.0,,1.0
0901600010143,Miguel Hidalgo,6897,161,70,0,6681,5647,1538,2304,1891,1538,2172,1677,1151,1013,7,12.34,0.9638,Bajo,Muy bajo,2.33,1.05,0.0,22.3,82.07,66.75,94.27,72.79,49.96,43.97,0.3,2.0,1.0
0901600010887,Miguel Hidalgo,185,,4,0,179,167,27,66,64,60,62,63,49,50,0,14.56,0.9855,Muy bajo,Muy bajo,,2.23,0.0,14.59,96.97,90.91,93.94,95.45,74.24,75.76,0.0,1.0,1.0
0901600010425,Miguel Hidalgo,2723,25,13,0,2668,2409,515,1123,983,899,1071,888,650,575,,14.33,0.9785,Muy bajo,Muy bajo,0.92,0.49,0.0,18.91,87.53,80.05,95.37,79.07,57.88,51.2,,1.0,1.0
0901600010764,Miguel Hidalgo,349,10,7,0,343,313,51,183,180,165,180,166,150,141,0,15.51,0.9399,Medio,Muy bajo,2.87,2.04,0.0,14.61,98.36,90.16,98.36,90.71,81.97,77.05,0.0,3.0,1.0
0901600010139,Miguel Hidalgo,5001,41,22,,4842,4121,1060,1592,1258,1093,1490,1196,751,655,3,12.12,0.9641,Bajo,Muy bajo,0.82,0.45,,21.2,79.02,68.66,93.59,75.13,47.17,41.14,0.19,2.0,1.0
0901600010158,Miguel Hidalgo,4030,109,49,0,3903,3332,849,1365,1164,999,1305,1105,727,687,,12.67,0.9589,Bajo,Muy bajo,2.7,1.26,0.0,21.07,85.27,73.19,95.6,80.95,53.26,50.33,,2.0,1.0
0901600010196,Miguel Hidalgo,0,0,0,0,0,0,0,0,0,0,0,0,0,0,0,0.0,,,,,,,,,,,,,,,,
0901600010478,Miguel Hidalgo,6255,66,27,0,6026,5199,833,2645,2575,2470,2620,1961,1963,2070,,15.54,0.9836,Muy bajo,Muy bajo,1.06,0.45,0.0,13.32,97.35,93.38,99.05,74.14,74.22,78.26,,1.0,1.0
0901600010548,Miguel Hidalgo,2003,16,15,0,1968,1797,325,849,807,770,825,599,589,562,0,15.1,0.9806,Muy bajo,Muy bajo,0.8,0.76,0.0,16.23,95.05,90.69,97.17,70.55,69.38,66.2,0.0,1.0,1.0
0901600010482,Miguel Hidalgo,9902,128,77,4,9584,8312,1522,3840,3491,3186,3731,2935,2477,2516,7,14.11,0.9758,Muy bajo,Muy bajo,1.29,0.8,0.04,15.37,90.91,82.97,97.16,76.43,64.51,65.52,0.18,1.0,1.0
0901600010533,Miguel Hidalgo,7,,,,,,,,,,,,,,,,,,Muy bajo,,,,,,,,,,,,,1.0
0901600010035,Miguel Hidalgo,2,,,,,,,,,,,,,,,,,,Medio,,,,,,,,,,,,,3.0
0901600010270,Miguel Hidalgo,7375,79,36,0,7169,6164,1573,2448,1961,1646,2273,1907,1340,1003,4,11.89,0.9592,Bajo,Bajo,1.07,0.5,0.0,21.33,80.11,67.24,92.85,77.9,54.74,40.97,0.16,2.0,2.0
0901600010336,Miguel Hidalgo,1100,15,7,0,1076,964,249,412,365,336,388,316,262,217,0,14.3,0.9746,Muy bajo,Muy bajo,1.36,0.65,0.0,22.64,88.59,81.55,94.17,76.7,63.59,52.67,0.0,1.0,1.0
0901600010340,Miguel Hidalgo,1041,15,8,0,1013,904,273,375,286,256,346,301,191,164,0,12.55,0.9625,Bajo,Muy bajo,1.44,0.79,0.0,26.22,76.27,68.27,92.27,80.27,50.93,43.73,0.0,2.0,1.0
090160001036A,Miguel Hidalgo,3263,30,12,0,3174,2752,822,1028,777,532,908,883,433,239,17,10.95,0.937,Medio,Bajo,0.92,0.38,0.0,25.19,75.58,51.75,88.33,85.89,42.12,23.25,1.65,3.0,2.0
0901600010374,Miguel Hidalgo,5805,340,149,3,5660,4710,1494,1687,1192,825,1513,1377,725,437,8,10.67,0.9516,Bajo,Bajo,5.86,2.63,0.05,25.74,70.66,48.9,89.69,81.62,42.98,25.9,0.47,2.0,2.0
0901600010389,Miguel Hidalgo,4656,69,37,0,4505,3780,1141,1436,1048,803,1322,1165,669,479,4,11.01,0.9537,Bajo,Bajo,1.48,0.82,0.0,24.51,72.98,55.92,92.06,81.13,46.59,33.36,0.28,2.0,2.0
090160001043A,Miguel Hidalgo,1613,9,6,0,1584,1441,347,660,579,520,623,501,381,357,0,14.0,0.9771,Muy bajo,Muy bajo,0.56,0.38,0.0,21.51,87.73,78.79,94.39,75.91,57.73,54.09,0.0,1.0,1.0
0901600010444,Miguel Hidalgo,18174,101,76,0,17465,14978,2097,7376,7187,6867,7294,5753,5717,5903,,15.55,0.9774,Muy bajo,Muy bajo,0.56,0.44,0.0,11.54,97.44,93.1,98.89,78.0,77.51,80.03,,1.0,1.0
0901600010603,Miguel Hidalgo,2645,19,16,0,2573,2326,534,1063,967,863,1028,805,715,638,,14.29,0.9751,Muy bajo,Muy bajo,0.72,0.62,0.0,20.19,90.97,81.19,96.71,75.73,67.26,60.02,,1.0,1.0
0901600010641,Miguel Hidalgo,2207,6,11,0,2132,1919,199,966,920,893,955,785,829,743,0,15.53,0.978,Muy bajo,Muy bajo,0.27,0.52,0.0,9.02,95.24,92.44,98.86,81.26,85.82,76.92,0.0,1.0,1.0
0901600010707,Miguel Hidalgo,1745,15,12,0,1716,1575,244,757,715,688,738,588,523,518,0,15.14,0.9793,Muy bajo,Muy bajo,0.86,0.7,0.0,13.98,94.45,90.89,97.49,77.68,69.09,68.43,0.0,1.0,1.0
0901600010745,Miguel Hidalgo,2741,35,30,0,2638,2276,475,1060,997,919,1035,738,818,692,0,14.46,0.9581,Bajo,Muy bajo,1.28,1.14,0.0,17.33,94.06,86.7,97.64,69.62,77.17,65.28,0.0,2.0,1.0
090160001075A,Miguel Hidalgo,665,6,14,0,644,585,53,290,279,270,282,268,241,232,0,14.74,0.9711,Muy bajo,Muy bajo,0.9,2.17,0.0,7.97,96.21,93.1,97.24,92.41,83.1,80.0,0.0,1.0,1.0
0901600010961,Miguel Hidalgo,877,9,28,0,849,732,150,221,216,212,220,175,200,166,0,13.89,0.9741,Muy bajo,Muy bajo,1.03,3.3,0.0,17.1,97.74,95.93,99.55,79.19,90.5,75.11,0.0,1.0,1.0
0901600010976,Miguel Hidalgo,78,0,,0,78,77,10,26,24,22,22,21,20,15,,13.8,0.9795,Muy bajo,Muy bajo,0.0,,0.0,12.82,92.31,84.62,84.62,80.77,76.92,57.69,,1.0,1.0
0901600010980,Miguel Hidalgo,805,0,20,0,784,701,95,232,231,218,232,196,209,180,0,13.26,0.9839,Muy bajo,Muy bajo,0.0,2.55,0.0,11.8,99.57,93.97,100.0,84.48,90.09,77.59,0.0,1.0,1.0
0901600010995,Miguel Hidalgo,1836,28,33,0,1800,1661,414,623,578,556,609,535,495,403,0,13.98,0.9755,Muy bajo,Muy bajo,1.53,1.83,0.0,22.55,92.78,89.25,97.75,85.87,79.45,64.69,0.0,1.0,1.0
0901600011207,Miguel Hidalgo,8322,100,45,0,8140,7203,1736,3166,2829,2476,3024,2524,1954,1926,5,13.51,0.9686,Muy bajo,Muy bajo,1.2,0.55,0.0,20.86,89.36,78.21,95.51,79.72,61.72,60.83,0.16,1.0,1.0
0901600010783,Miguel Hidalgo,3448,3,10,0,3333,2920,355,1469,1430,1363,1442,1259,1208,1138,0,15.34,0.9806,Muy bajo,Muy bajo,0.09,0.3,0.0,10.3,97.35,92.78,98.16,85.7,82.23,77.47,0.0,1.0,1.0
0901600011122,Miguel Hidalgo,2020,27,11,0,1967,1653,587,607,418,300,561,515,307,182,3,10.71,0.939,Medio,Bajo,1.34,0.56,0.0,29.06,68.86,49.42,92.42,84.84,50.58,29.98,0.49,3.0,2.0
0901600010675,Miguel Hidalgo,2612,10,15,0,2528,2250,228,1186,1145,1092,1165,1010,988,923,,15.46,0.9721,Muy bajo,Muy bajo,0.38,0.59,0.0,8.73,96.54,92.07,98.23,85.16,83.31,77.82,,1.0,1.0
0901600010779,Miguel Hidalgo,1328,4,7,0,1288,1151,145,641,622,601,634,532,557,481,0,15.46,0.9764,Muy bajo,Muy bajo,0.3,0.54,0.0,10.92,97.04,93.76,98.91,83.0,86.9,75.04,0.0,1.0,1.0
0901600010834,Miguel Hidalgo,555,0,10,0,536,448,106,183,168,150,179,147,142,125,0,13.55,0.9741,Muy bajo,Muy bajo,0.0,1.87,0.0,19.1,91.8,81.97,97.81,80.33,77.6,68.31,0.0,1.0,1.0
0901600011349,Miguel Hidalgo,15549,212,107,,15093,12942,3927,4732,3756,2680,4279,3730,2213,1482,21,11.0,0.9539,Bajo,Bajo,1.36,0.71,,25.26,79.37,56.64,90.43,78.83,46.77,31.32,0.44,2.0,2.0
0901600010872,Miguel Hidalgo,1363,10,18,0,624,565,79,446,186,177,187,176,161,141,0,14.09,0.9782,Muy bajo,Muy bajo,0.73,2.88,0.0,5.8,41.7,39.69,41.93,39.46,36.1,31.61,0.0,1.0,1.0
0901600010919,Miguel Hidalgo,722,,18,0,706,626,97,228,223,215,224,193,193,189,0,14.03,0.9648,Bajo,Muy bajo,,2.55,0.0,13.43,97.81,94.3,98.25,84.65,84.65,82.89,0.0,2.0,1.0
0901600010251,Miguel Hidalgo,8170,143,63,0,7965,6712,1932,2522,1962,1534,2321,2061,1317,921,6,11.44,0.9566,Bajo,Bajo,1.75,0.79,0.0,23.65,77.8,60.82,92.03,81.72,52.22,36.52,0.24,2.0,2.0
090160001132A,Miguel Hidalgo,2889,29,21,0,2807,2403,767,964,702,545,862,741,483,256,8,11.5,0.955,Bajo,Bajo,1.0,0.75,0.0,26.55,72.82,56.54,89.42,76.87,50.1,26.56,0.83,2.0,2.0
090160001004A,Miguel Hidalgo,7185,314,136,0,6951,5919,1580,2405,1726,1380,2211,1989,1136,727,6,11.18,0.9557,Bajo,Bajo,4.37,1.96,0.0,21.99,71.77,57.38,91.93,82.7,47.23,30.23,0.25,2.0,2.0
0901600010957,Miguel Hidalgo,83,0,,0,83,70,18,22,20,18,19,19,16,15,0,14.46,0.9783,Muy bajo,Muy bajo,0.0,,0.0,21.69,90.91,81.82,86.36,86.36,72.73,68.18,0.0,1.0,1.0
0901600010410,Miguel Hidalgo,1560,11,11,0,1534,1418,267,595,554,512,582,445,415,386,0,14.77,0.9838,Muy bajo,Muy bajo,0.71,0.72,0.0,17.12,93.11,86.05,97.82,74.79,69.75,64.87,0.0,1.0,1.0
0901600010162,Miguel Hidalgo,4905,46,16,0,4777,4091,1062,1730,1474,1267,1630,1366,1046,928,,13.16,0.9655,Bajo,Muy bajo,0.94,0.33,0.0,21.65,85.2,73.24,94.22,78.96,60.46,53.64,,2.0,1.0
0901600010459,Miguel Hidalgo,3824,82,35,0,3723,3252,889,1369,1149,1025,1303,1089,852,730,3,12.95,0.9653,Bajo,Muy bajo,2.14,0.94,0.0,23.25,83.93,74.87,95.18,79.55,62.24,53.32,0.22,2.0,1.0
090160001050A,Miguel Hidalgo,4753,106,41,0,4620,3993,1110,1732,1313,1015,1567,1421,825,609,3,11.43,0.9591,Bajo,Bajo,2.23,0.89,0.0,23.35,75.81,58.6,90.47,82.04,47.63,35.16,0.17,2.0,2.0
0901600010552,Miguel Hidalgo,1276,39,18,0,1237,1106,258,439,379,346,417,333,266,268,,13.71,0.9704,Muy bajo,Muy bajo,3.06,1.46,0.0,20.22,86.33,78.82,94.99,75.85,60.59,61.05,,1.0,1.0
0901600010393,Miguel Hidalgo,10717,175,76,,10439,9081,2091,3687,3027,2552,3436,2764,2043,1720,11,12.38,0.9624,Bajo,Muy bajo,1.63,0.73,,19.51,82.1,69.22,93.19,74.97,55.41,46.65,0.3,2.0,1.0
090160001082A,Miguel Hidalgo,2213,71,40,0,2163,1888,639,610,458,355,564,459,350,141,4,11.76,0.9533,Bajo,Bajo,3.21,1.85,0.0,28.87,75.08,58.2,92.46,75.25,57.38,23.11,0.66,2.0,2.0
0901600010317,Miguel Hidalgo,1962,35,15,0,1935,1791,314,835,721,641,772,635,521,459,8,14.25,0.9773,Muy bajo,Muy bajo,1.78,0.78,0.0,16.0,86.35,76.77,92.46,76.05,62.4,54.97,0.96,1.0,1.0
0901600010105,Miguel Hidalgo,5129,97,47,0,5007,4330,1225,1609,1164,892,1431,1292,587,429,29,11.24,0.9492,Bajo,Bajo,1.89,0.94,0.0,23.88,72.34,55.44,88.94,80.3,36.48,26.66,1.8,2.0,2.0
090160001011A,Miguel Hidalgo,5077,82,36,0,4964,4232,1261,1531,1188,929,1434,1216,745,503,5,11.56,0.9606,Bajo,Bajo,1.62,0.73,0.0,24.84,77.6,60.68,93.66,79.43,48.66,32.85,0.33,2.0,2.0
0901600010247,Miguel Hidalgo,10020,174,70,0,9751,8258,2338,2982,2284,1846,2712,2373,1366,1034,14,11.44,0.9574,Bajo,Bajo,1.74,0.72,0.0,23.33,76.59,61.9,90.95,79.58,45.81,34.67,0.47,2.0,2.0
0901600010321,Miguel Hidalgo,2123,37,17,0,2084,1882,388,839,743,668,790,625,517,419,0,14.18,0.9795,Muy bajo,Muy bajo,1.74,0.82,0.0,18.28,88.56,79.62,94.16,74.49,61.62,49.94,0.0,1.0,1.0
0901600010586,Miguel Hidalgo,43,6,6,0,42,38,4,14,13,10,13,9,9,8,0,13.42,,,Muy bajo,13.95,14.29,0.0,9.3,92.86,71.43,92.86,64.29,64.29,57.14,0.0,,1.0
0901600010590,Miguel Hidalgo,782,13,6,0,763,680,161,320,284,263,302,242,215,205,0,14.54,0.9744,Muy bajo,Muy bajo,1.66,0.79,0.0,20.59,88.75,82.19,94.38,75.62,67.19,64.06,0.0,1.0,1.0
0901600011052,Miguel Hidalgo,848,5,16,0,832,725,85,256,244,230,249,209,224,192,,14.45,0.9832,Muy bajo,Muy bajo,0.59,1.92,0.0,10.02,95.31,89.84,97.27,81.64,87.5,75.0,,1.0,1.0
0901600010923,Miguel Hidalgo,1521,,21,0,1501,1300,187,436,428,403,430,377,398,333,,14.21,0.9797,Muy bajo,Muy bajo,,1.4,0.0,12.29,98.17,92.43,98.62,86.47,91.28,76.38,,1.0,1.0
0901600011048,Miguel Hidalgo,1082,,6,0,723,639,105,310,189,182,187,160,169,151,0,13.69,0.9645,Bajo,Muy bajo,,0.83,0.0,9.7,60.97,58.71,60.32,51.61,54.52,48.71,0.0,2.0,1.0
0901600011067,Miguel Hidalgo,639,6,,0,343,310,45,214,115,110,118,93,111,101,0,14.69,0.975,Muy bajo,Muy bajo,0.94,,0.0,7.04,53.74,51.4,55.14,43.46,51.87,47.2,0.0,1.0,1.0
0901600011014,Miguel Hidalgo,265,0,0,0,254,222,50,92,85,85,92,88,71,53,0,15.22,0.9826,Muy bajo,Muy bajo,0.0,0.0,0.0,18.87,92.39,92.39,100.0,95.65,77.17,57.61,0.0,1.0,1.0
0901600011194,Miguel Hidalgo,1448,17,11,0,1424,1230,389,501,432,381,475,395,290,230,0,13.17,0.9646,Bajo,Muy bajo,1.17,0.77,0.0,26.86,86.23,76.05,94.81,78.84,57.88,45.91,0.0,2.0,1.0
0901600011086,Miguel Hidalgo,0,0,0,0,0,0,0,0,0,0,0,0,0,0,0,0.0,,,,,,,,,,,,,,,,
0901600011141,Miguel Hidalgo,3492,66,23,0,3396,2988,888,1165,954,785,1077,910,648,595,5,12.33,0.9617,Bajo,Muy bajo,1.89,0.68,0.0,25.43,81.89,67.38,92.45,78.11,55.62,51.07,0.43,2.0,1.0
0901600011160,Miguel Hidalgo,7005,107,50,0,6869,6156,1621,2664,2327,2056,2522,2165,1635,1447,3,13.69,0.9672,Muy bajo,Muy bajo,1.53,0.73,0.0,23.14,87.35,77.18,94.67,81.27,61.37,54.32,0.11,1.0,1.0
0901600011175,Miguel Hidalgo,1823,24,15,0,1796,1621,552,663,583,534,629,492,321,349,,13.8,0.9685,Muy bajo,Muy bajo,1.32,0.84,0.0,30.28,87.93,80.54,94.87,74.21,48.42,52.64,,1.0,1.0
0901600011245,Miguel Hidalgo,0,0,0,0,0,0,0,0,0,0,0,0,0,0,0,0.0,,,,,,,,,,,,,,,,
0901600011353,Miguel Hidalgo,1597,40,13,0,1530,1144,15,419,400,405,416,345,300,299,,14.24,0.9948,Muy bajo,Muy bajo,2.5,0.85,0.0,0.94,95.47,96.66,99.28,82.34,71.6,71.36,,1.0,1.0
0901600011368,Miguel Hidalgo,1893,20,18,0,1864,1567,38,361,354,352,360,271,266,273,0,14.05,0.9967,Muy bajo,Muy bajo,1.06,0.97,0.0,2.01,98.06,97.51,99.72,75.07,73.68,75.62,0.0,1.0,1.0
0901600010181,Miguel Hidalgo,9026,145,67,0,8830,7800,1512,3175,2778,2472,3005,2442,1868,1621,6,13.37,0.9744,Muy bajo,Muy bajo,1.61,0.76,0.0,16.75,87.5,77.86,94.65,76.91,58.83,51.06,0.19,1.0,1.0
0901600011315,Miguel Hidalgo,1526,6,8,0,1486,1283,299,566,404,233,460,451,189,123,26,10.84,0.9401,Medio,Bajo,0.39,0.54,0.0,19.59,71.38,41.17,81.27,79.68,33.39,21.73,4.59,3.0,2.0
0901600011334,Miguel Hidalgo,3168,74,31,0,3059,2635,803,1009,799,637,925,846,494,404,3,11.58,0.9613,Bajo,Bajo,2.34,1.01,0.0,25.35,79.19,63.13,91.67,83.85,48.96,40.04,0.3,2.0,2.0
0901600010177,Miguel Hidalgo,7071,150,62,0,6888,6086,1497,2645,2227,1942,2484,2003,1455,1383,7,13.19,0.9704,Muy bajo,Muy bajo,2.12,0.9,0.0,21.17,84.2,73.42,93.91,75.73,55.01,52.29,0.26,1.0,1.0
0901600010209,Miguel Hidalgo,1289,18,13,0,1268,1184,210,529,447,430,506,328,263,177,,14.16,0.9777,Muy bajo,Muy bajo,1.4,1.03,0.0,16.29,84.5,81.29,95.65,62.0,49.72,33.46,,1.0,1.0
0901600010285,Miguel Hidalgo,7645,130,64,,7450,6426,1623,2631,2189,1843,2477,2081,1440,1264,6,12.65,0.9674,Muy bajo,Muy bajo,1.7,0.86,,21.23,83.2,70.05,94.15,79.1,54.73,48.04,0.23,1.0,1.0
0901600010637,Miguel Hidalgo,3488,0,29,0,3365,2781,416,1284,1217,1150,1256,965,994,883,0,14.25,0.978,Muy bajo,Muy bajo,0.0,0.86,0.0,11.93,94.78,89.56,97.82,75.16,77.41,68.77,0.0,1.0,1.0
0901600010656,Miguel Hidalgo,3967,17,29,0,3840,3407,434,1707,1671,1610,1692,1425,1479,1372,,15.34,0.9847,Muy bajo,Muy bajo,0.43,0.76,0.0,10.94,97.89,94.32,99.12,83.48,86.64,80.37,,1.0,1.0
0901600010660,Miguel Hidalgo,4042,44,45,0,3913,3512,499,1739,1653,1572,1698,1368,1363,1304,0,15.0,0.9834,Muy bajo,Muy bajo,1.09,1.15,0.0,12.35,95.05,90.4,97.64,78.67,78.38,74.99,0.0,1.0,1.0
0901600010942,Miguel Hidalgo,862,9,28,,832,716,165,224,219,203,219,178,190,148,0,13.17,0.97,Muy bajo,Muy bajo,1.04,3.37,,19.14,97.77,90.62,97.77,79.46,84.82,66.07,0.0,1.0,1.0
0901600010124,Miguel Hidalgo,4285,51,20,0,4143,3562,848,1338,1049,831,1204,1112,718,595,16,11.72,0.9465,Bajo,Bajo,1.19,0.48,0.0,19.79,78.4,62.11,89.99,83.11,53.66,44.47,1.2,2.0,2.0
0901600011033,Miguel Hidalgo,1059,,19,0,596,538,114,318,165,152,169,142,157,127,0,13.48,0.9755,Muy bajo,Muy bajo,,3.19,0.0,10.76,51.89,47.8,53.14,44.65,49.37,39.94,0.0,1.0,1.0
0901600010904,Miguel Hidalgo,1535,0,10,,1495,1285,179,425,416,408,422,350,334,304,0,13.96,0.9664,Muy bajo,Muy bajo,0.0,0.67,,11.66,97.88,96.0,99.29,82.35,78.59,71.53,0.0,1.0,1.0
0901600010463,Miguel Hidalgo,4077,53,17,0,3969,3404,1099,1291,1041,844,1201,948,646,504,8,11.61,0.9499,Bajo,Bajo,1.3,0.43,0.0,26.96,80.64,65.38,93.03,73.43,50.04,39.04,0.62,2.0,2.0
0901600010571,Miguel Hidalgo,3127,33,19,,3046,2750,404,1388,1328,1253,1356,1102,1055,1062,0,15.32,0.9652,Bajo,Muy bajo,1.06,0.62,,12.92,95.68,90.27,97.69,79.39,76.01,76.51,0.0,2.0,1.0
0901600010622,Miguel Hidalgo,4721,31,35,0,4511,3737,690,1662,1509,1374,1610,1125,1146,919,,14.0,0.9757,Muy bajo,Muy bajo,0.66,0.78,0.0,14.62,90.79,82.67,96.87,67.69,68.95,55.29,,1.0,1.0
0901600010849,Miguel Hidalgo,831,4,12,0,810,733,132,305,288,283,302,250,248,212,0,14.71,0.9756,Muy bajo,Muy bajo,0.48,1.48,0.0,15.88,94.43,92.79,99.02,81.97,81.31,69.51,0.0,1.0,1.0
0901600010730,Miguel Hidalgo,4046,56,61,0,3915,3373,648,1589,1535,1485,1567,1223,1250,1297,0,15.01,0.9807,Muy bajo,Muy bajo,1.38,1.56,0.0,16.02,96.6,93.46,98.62,76.97,78.67,81.62,0.0,1.0,1.0
0901600010618,Miguel Hidalgo,591,0,5,0,591,590,12,,,,,,,,0,11.94,,,Muy bajo,0.0,0.85,0.0,2.03,,,,,,,,,1.0
0901600010514,Miguel Hidalgo,303,,,0,298,256,11,91,89,87,89,59,65,64,0,15.42,0.9813,Muy bajo,Muy bajo,,,0.0,3.63,97.8,95.6,97.8,64.84,71.43,70.33,0.0,1.0,1.0
0901600010497,Miguel Hidalgo,8511,179,75,,8238,7019,1889,2794,2080,1713,2533,2134,1312,1030,8,11.49,0.9488,Bajo,Bajo,2.1,0.91,,22.19,74.45,61.31,90.66,76.38,46.96,36.86,0.29,2.0,2.0
090160001029A,Miguel Hidalgo,9287,171,77,,9076,7932,1491,3420,2942,2603,3268,2429,1962,1759,,13.46,0.9744,Muy bajo,Muy bajo,1.84,0.85,,16.05,86.02,76.11,95.56,71.02,57.37,51.43,,1.0,1.0
0901600011279,Miguel Hidalgo,1997,4,24,0,1278,1124,233,656,398,385,406,329,355,333,4,14.13,0.9637,Bajo,Muy bajo,0.2,1.88,0.0,11.67,60.67,58.69,61.89,50.15,54.12,50.76,0.61,2.0,1.0
0901600011264,Miguel Hidalgo,1029,0,18,0,649,598,131,299,166,156,171,156,153,121,0,13.6,0.9715,Muy bajo,Muy bajo,0.0,2.77,0.0,12.73,55.52,52.17,57.19,52.17,51.17,40.47,0.0,1.0,1.0
0901600011300,Miguel Hidalgo,6096,9,71,,3905,3425,704,1715,990,949,1007,870,901,821,0,13.65,0.9796,Muy bajo,Muy bajo,0.15,1.82,,11.55,57.73,55.34,58.72,50.73,52.54,47.87,0.0,1.0,1.0
0901300010885,Xochimilco,1161,95,31,0,1124,902,420,294,148,99,272,224,58,22,4,9.76,0.9133,Alto,Medio,8.18,2.76,0.0,36.18,50.34,33.67,92.52,76.19,19.73,7.48,1.36,4.0,3.0
090130001057A,Xochimilco,269,7,3,0,262,219,130,77,54,29,71,58,23,17,0,10.71,0.9396,Medio,Bajo,2.6,1.15,0.0,48.33,70.13,37.66,92.21,75.32,29.87,22.08,0.0,3.0,2.0
0901300010565,Xochimilco,2947,53,23,0,2878,2439,637,791,535,373,687,641,249,138,,11.22,0.9585,Bajo,Bajo,1.8,0.8,0.0,21.62,67.64,47.16,86.85,81.04,31.48,17.45,,2.0,2.0
0901300010029,Xochimilco,2146,68,41,0,2113,1902,688,653,576,502,638,503,459,354,,13.68,0.9679,Muy bajo,Muy bajo,3.17,1.94,0.0,32.06,88.21,76.88,97.7,77.03,70.29,54.21,,1.0,1.0
0901300011243,Xochimilco,46,0,0,0,46,39,13,19,16,17,18,13,11,13,0,13.92,,,Muy bajo,0.0,0.0,0.0,28.26,84.21,89.47,94.74,68.42,57.89,68.42,0.0,,1.0
0901300011224,Xochimilco,6729,423,177,,6537,5525,2152,1854,1349,1058,1728,1453,825,553,4,11.44,0.9546,Bajo,Bajo,6.29,2.71,,31.98,72.76,57.07,93.2,78.37,44.5,29.83,0.22,2.0,2.0
0901300011205,Xochimilco,698,21,7,0,678,562,224,177,135,86,165,146,55,36,0,10.91,0.9552,Bajo,Bajo,3.01,1.03,0.0,32.09,76.27,48.59,93.22,82.49,31.07,20.34,0.0,2.0,2.0
0901300011455,Xochimilco,2154,194,73,,2069,1626,776,514,287,172,461,393,109,70,11,9.82,0.925,Alto,Medio,9.01,3.53,,36.03,55.84,33.46,89.69,76.46,21.21,13.62,2.14,4.0,3.0
090130001018A,Xochimilco,1228,,,0,1214,1092,304,425,373,320,399,342,272,180,0,13.29,0.9736,Muy bajo,Muy bajo,,,0.0,24.76,87.76,75.29,93.88,80.47,64.0,42.35,0.0,1.0,1.0
0901300010086,Xochimilco,2233,42,27,0,2179,1940,686,734,602,544,694,577,419,330,,13.01,0.9661,Bajo,Muy bajo,1.88,1.24,0.0,30.72,82.02,74.11,94.55,78.61,57.08,44.96,,2.0,1.0
0901300010160,Xochimilco,4044,148,86,0,3957,3411,1059,1249,1075,937,1182,987,728,623,0,13.03,0.9655,Bajo,Muy bajo,3.66,2.17,0.0,26.19,86.07,75.02,94.64,79.02,58.29,49.88,0.0,2.0,1.0
0901300010495,Xochimilco,536,68,36,0,521,442,113,152,98,70,135,110,41,40,3,11.14,0.9468,Bajo,Bajo,12.69,6.91,0.0,21.08,64.47,46.05,88.82,72.37,26.97,26.32,1.97,2.0,2.0
090130001139A,Xochimilco,1719,41,16,0,1694,1482,440,487,450,398,474,409,295,267,,14.05,0.9748,Muy bajo,Muy bajo,2.39,0.94,0.0,25.6,92.4,81.72,97.33,83.98,60.57,54.83,,1.0,1.0
0901300010033,Xochimilco,2991,39,28,0,2951,2683,732,1045,965,884,1005,830,768,614,0,14.44,0.9769,Muy bajo,Muy bajo,1.3,0.95,0.0,24.47,92.34,84.59,96.17,79.43,73.49,58.76,0.0,1.0,1.0
0901300010315,Xochimilco,2045,15,15,,2019,1827,514,660,605,551,629,532,469,295,0,14.56,0.9742,Muy bajo,Muy bajo,0.73,0.74,,25.13,91.67,83.48,95.3,80.61,71.06,44.7,0.0,1.0,1.0
090130001032A,Xochimilco,13,,,,,,,,,,,,,,,,,,Bajo,,,,,,,,,,,,,2.0
0901300011385,Xochimilco,2068,49,21,0,2030,1831,488,602,551,514,590,509,368,322,0,13.81,0.9773,Muy bajo,Muy bajo,2.37,1.03,0.0,23.6,91.53,85.38,98.01,84.55,61.13,53.49,0.0,1.0,1.0
0901300010688,Xochimilco,4942,455,210,0,4769,3838,1441,1270,757,546,1139,955,394,269,13,10.36,0.9369,Medio,Bajo,9.21,4.4,0.0,29.16,59.61,42.99,89.69,75.2,31.02,21.18,1.02,3.0,2.0
090130001107A,Xochimilco,3253,45,29,0,3193,2797,783,977,827,726,906,784,564,446,4,12.88,0.9596,Bajo,Muy bajo,1.38,0.91,0.0,24.07,84.65,74.31,92.73,80.25,57.73,45.65,0.41,2.0,1.0
0901300011050,Xochimilco,4156,175,90,,4027,3371,1435,1148,797,552,1058,949,394,211,6,11.01,0.9457,Medio,Bajo,4.21,2.23,,34.53,69.43,48.08,92.16,82.67,34.32,18.38,0.52,3.0,2.0
0901300011065,Xochimilco,4032,95,46,0,3964,3506,953,1246,1076,970,1193,1012,798,610,4,13.42,0.9662,Bajo,Muy bajo,2.36,1.16,0.0,23.64,86.36,77.85,95.75,81.22,64.04,48.96,0.32,2.0,1.0
090130001121A,Xochimilco,7212,608,319,,6977,5785,2441,1939,1330,985,1813,1600,723,553,9,10.62,0.9481,Bajo,Bajo,8.43,4.57,,33.85,68.59,50.8,93.5,82.52,37.29,28.52,0.46,2.0,2.0
0901300011239,Xochimilco,4240,114,52,0,4146,3547,1222,1190,927,753,1103,982,542,337,3,11.84,0.963,Bajo,Bajo,2.69,1.25,0.0,28.82,77.9,63.28,92.69,82.52,45.55,28.32,0.25,2.0,2.0
0901300010194,Xochimilco,766,7,4,0,750,666,157,276,245,226,267,237,189,150,0,13.8,0.9799,Muy bajo,Muy bajo,0.91,0.53,0.0,20.5,88.77,81.88,96.74,85.87,68.48,54.35,0.0,1.0,1.0
0901300010175,Xochimilco,566,5,8,0,561,499,179,187,177,173,184,156,123,118,0,14.29,0.9702,Muy bajo,Muy bajo,0.88,1.43,0.0,31.63,94.65,92.51,98.4,83.42,65.78,63.1,0.0,1.0,1.0
0901300010211,Xochimilco,4509,221,110,0,4395,3776,1408,1215,884,746,1119,970,531,318,4,11.86,0.9555,Bajo,Bajo,4.9,2.5,0.0,31.23,72.76,61.4,92.1,79.84,43.7,26.17,0.33,2.0,2.0
0901300010226,Xochimilco,1917,78,30,0,1883,1625,650,525,393,296,488,436,181,131,,11.77,0.9589,Bajo,Bajo,4.07,1.59,0.0,33.91,74.86,56.38,92.95,83.05,34.48,24.95,,2.0,2.0
0901300010230,Xochimilco,2926,58,24,0,2860,2450,885,758,560,445,703,640,310,226,,11.88,0.9369,Medio,Bajo,1.98,0.84,0.0,30.25,73.88,58.71,92.74,84.43,40.9,29.82,,3.0,2.0
0901300011578,Xochimilco,35,0,0,0,34,27,25,8,3,3,7,3,0,,0,7.15,,,Alto,0.0,0.0,0.0,71.43,37.5,37.5,87.5,37.5,0.0,,0.0,,4.0
0901300011262,Xochimilco,2986,56,26,0,2949,2617,753,878,801,719,854,742,533,419,0,13.77,0.9737,Muy bajo,Muy bajo,1.88,0.88,0.0,25.22,91.23,81.89,97.27,84.51,60.71,47.72,0.0,1.0,1.0
0901300010207,Xochimilco,2878,43,30,0,2834,2486,743,950,839,747,908,790,613,460,,13.76,0.9681,Muy bajo,Muy bajo,1.49,1.06,0.0,25.82,88.32,78.63,95.58,83.16,64.53,48.42,,1.0,1.0
0901300010705,Xochimilco,913,89,32,0,869,656,338,227,119,48,216,185,34,27,,8.82,0.8885,Muy alto,Medio,9.75,3.68,0.0,37.02,52.42,21.15,95.15,81.5,14.98,11.89,,5.0,3.0
0901300011135,Xochimilco,4026,406,154,4,3888,3115,1452,1050,603,445,943,790,231,125,28,10.27,0.9187,Alto,Medio,10.08,3.96,0.1,36.07,57.43,42.38,89.81,75.24,22.0,11.9,2.67,4.0,3.0
0901300011046,Xochimilco,2097,64,25,0,2042,1790,582,670,542,436,622,536,344,264,,12.09,0.9475,Bajo,Bajo,3.05,1.22,0.0,27.75,80.9,65.07,92.84,80.0,51.34,39.4,,2.0,2.0
0901300011510,Xochimilco,424,64,25,0,415,324,138,107,54,44,103,85,24,13,0,9.53,0.9407,Medio,Medio,15.09,6.02,0.0,32.55,50.47,41.12,96.26,79.44,22.43,12.15,0.0,3.0,3.0
0901300011474,Xochimilco,1442,301,113,0,1385,1083,662,352,217,136,294,288,60,41,5,9.21,0.8682,Muy alto,Medio,20.87,8.16,0.0,45.91,61.65,38.64,83.52,81.82,17.05,11.65,1.42,5.0,3.0
0901300011402,Xochimilco,3227,485,192,,3100,2504,1366,815,401,249,734,593,126,78,8,9.24,0.9186,Alto,Medio,15.03,6.19,,42.33,49.2,30.55,90.06,72.76,15.46,9.57,0.98,4.0,3.0
0901300010461,Xochimilco,6559,230,99,0,6341,5163,1739,1757,1139,796,1588,1442,409,319,10,10.66,0.9508,Bajo,Bajo,3.51,1.56,0.0,26.51,64.83,45.3,90.38,82.07,23.28,18.16,0.57,2.0,2.0
0901300011328,Xochimilco,8341,431,142,0,8042,6332,2684,2128,1456,851,1921,1771,502,332,15,9.73,0.9453,Medio,Bajo,5.17,1.77,0.0,32.18,68.42,39.99,90.27,83.22,23.59,15.6,0.7,3.0,2.0
0901300010870,Xochimilco,2133,78,23,0,2049,1617,732,532,349,216,502,434,109,61,4,9.38,0.9143,Alto,Bajo,3.66,1.12,0.0,34.32,65.6,40.6,94.36,81.58,20.49,11.47,0.75,4.0,2.0
0901300010866,Xochimilco,2156,149,46,,2076,1623,712,520,308,206,476,449,99,75,,9.25,0.9343,Medio,Medio,6.91,2.22,,33.02,59.23,39.62,91.54,86.35,19.04,14.42,,3.0,3.0
0901300010813,Xochimilco,4180,400,130,,4024,3233,1848,1052,630,485,1002,871,402,222,3,10.37,0.9194,Alto,Bajo,9.57,3.23,,44.21,59.89,46.1,95.25,82.79,38.21,21.1,0.29,4.0,2.0
0901300010404,Xochimilco,2374,49,29,0,2313,2005,641,832,708,615,804,658,473,342,,12.87,0.9658,Bajo,Muy bajo,2.06,1.25,0.0,27.0,85.1,73.92,96.63,79.09,56.85,41.11,,2.0,1.0
0901300010283,Xochimilco,5623,241,88,,5442,4533,1844,1536,1087,809,1423,1203,708,394,5,11.07,0.9491,Bajo,Bajo,4.29,1.62,,32.79,70.77,52.67,92.64,78.32,46.09,25.65,0.33,2.0,2.0
0901300011296,Xochimilco,2160,171,64,0,2066,1630,938,542,283,166,489,443,97,53,4,9.33,0.9213,Alto,Medio,7.92,3.1,0.0,43.43,52.21,30.63,90.22,81.73,17.9,9.78,0.74,4.0,3.0
090130001025A,Xochimilco,3457,43,21,0,3354,2896,1109,1016,759,590,900,798,441,255,0,11.34,0.9457,Medio,Bajo,1.24,0.63,0.0,32.08,74.7,58.07,88.58,78.54,43.41,25.1,0.0,3.0,2.0
0901300010442,Xochimilco,4369,229,106,0,4243,3521,1433,1192,883,688,1114,1001,449,379,3,11.83,0.9558,Bajo,Bajo,5.24,2.5,0.0,32.8,74.08,57.72,93.46,83.98,37.67,31.8,0.25,2.0,2.0
0901300010334,Xochimilco,6075,198,97,0,5906,4975,1769,1688,1209,952,1540,1320,691,497,11,11.91,0.9552,Bajo,Bajo,3.26,1.64,0.0,29.12,71.62,56.4,91.23,78.2,40.94,29.44,0.65,2.0,2.0
0901300011309,Xochimilco,1210,135,53,0,1164,928,482,309,199,153,289,286,83,82,,10.13,0.9411,Medio,Bajo,11.16,4.55,0.0,39.83,64.4,49.51,93.53,92.56,26.86,26.54,,3.0,2.0
0901300010832,Xochimilco,754,52,21,,724,594,198,197,122,86,190,168,50,34,0,9.94,0.9518,Bajo,Bajo,6.9,2.9,,26.26,61.93,43.65,96.45,85.28,25.38,17.26,0.0,2.0,2.0
0901300010724,Xochimilco,934,194,81,0,883,668,256,218,84,53,194,180,21,11,0,9.22,0.9207,Alto,Alto,20.77,9.17,0.0,27.41,38.53,24.31,88.99,82.57,9.63,5.05,0.0,4.0,4.0
0901300011489,Xochimilco,648,122,52,0,610,472,285,172,34,37,155,138,19,12,0,8.81,0.9052,Alto,Alto,18.83,8.52,0.0,43.98,19.77,21.51,90.12,80.23,11.05,6.98,0.0,4.0,4.0
0901300010809,Xochimilco,877,117,57,0,835,637,322,223,97,80,213,178,45,25,,9.26,0.8979,Muy alto,Medio,13.34,6.83,0.0,36.72,43.5,35.87,95.52,79.82,20.18,11.21,,5.0,3.0
0901300011440,Xochimilco,4557,563,202,3,4374,3389,1687,1147,602,287,1003,898,176,98,24,8.7,0.8719,Muy alto,Alto,12.35,4.62,0.07,37.02,52.48,25.02,87.45,78.29,15.34,8.54,2.09,5.0,4.0
090130001064A,Xochimilco,3126,75,22,0,3051,2539,884,847,624,489,769,731,271,243,,11.36,0.9533,Bajo,Bajo,2.4,0.72,0.0,28.28,73.67,57.73,90.79,86.3,32.0,28.69,,2.0,2.0
0901300011031,Xochimilco,8257,469,151,0,8002,6452,2308,2044,1306,915,1820,1548,426,233,11,10.06,0.9398,Medio,Bajo,5.68,1.89,0.0,27.95,63.89,44.77,89.04,75.73,20.84,11.4,0.54,3.0,2.0
090130001089A,Xochimilco,867,87,36,0,834,630,356,226,105,55,199,189,31,10,,9.43,0.8524,Muy alto,Alto,10.03,4.32,0.0,41.06,46.46,24.34,88.05,83.63,13.72,4.42,,5.0,4.0
0901300010654,Xochimilco,3725,197,82,0,3615,2956,1242,998,682,502,891,860,260,207,6,10.78,0.9417,Medio,Bajo,5.29,2.27,0.0,33.34,68.34,50.3,89.28,86.17,26.05,20.74,0.6,3.0,2.0
090130001146A,Xochimilco,2687,344,129,0,2574,2013,941,710,320,207,659,559,215,68,5,9.06,0.886,Muy alto,Medio,12.8,5.01,0.0,35.02,45.07,29.15,92.82,78.73,30.28,9.58,0.7,5.0,3.0
0901300011173,Xochimilco,5729,239,90,0,5557,4605,1792,1427,959,740,1276,1121,399,271,4,10.85,0.9487,Bajo,Bajo,4.17,1.62,0.0,31.28,67.2,51.86,89.42,78.56,27.96,18.99,0.28,2.0,2.0
0901300011525,Xochimilco,1151,110,39,,1110,889,344,302,207,156,285,234,97,70,0,10.89,0.9475,Bajo,Bajo,9.56,3.51,,29.89,68.54,51.66,94.37,77.48,32.12,23.18,0.0,2.0,2.0
0901300011417,Xochimilco,2212,209,80,,2131,1697,681,569,301,205,528,435,96,62,3,9.46,0.9243,Alto,Medio,9.45,3.75,,30.79,52.9,36.03,92.79,76.45,16.87,10.9,0.53,4.0,3.0
0901300010423,Xochimilco,939,49,18,0,903,740,262,269,162,129,247,212,54,43,,10.53,0.9395,Medio,Bajo,5.22,1.99,0.0,27.9,60.22,47.96,91.82,78.81,20.07,15.99,,3.0,2.0
0901300011027,Xochimilco,5389,143,65,0,5249,4399,1380,1422,969,764,1311,1136,476,355,8,11.01,0.9543,Bajo,Bajo,2.65,1.24,0.0,25.61,68.14,53.73,92.19,79.89,33.47,24.96,0.56,2.0,2.0
090130001114A,Xochimilco,6318,543,200,7,6090,4868,2408,1514,814,568,1323,1140,301,222,57,9.82,0.9173,Alto,Medio,8.59,3.28,0.11,38.11,53.76,37.52,87.38,75.3,19.88,14.66,3.76,4.0,3.0
0901300011544,Xochimilco,107,0,,0,105,81,32,22,17,9,21,18,4,5,0,9.77,0.9395,Medio,Bajo,0.0,,0.0,29.91,77.27,40.91,95.45,81.82,18.18,22.73,0.0,3.0,2.0
0901300010090,Xochimilco,7010,1213,549,12,6674,5081,2793,1845,858,523,1698,1508,338,215,16,8.76,0.9099,Alto,Alto,17.3,8.23,0.18,39.84,46.5,28.35,92.03,81.73,18.32,11.65,0.87,4.0,4.0
0901300010052,Xochimilco,202,3,,0,195,144,62,47,18,8,43,34,8,4,0,8.58,0.916,Alto,Medio,1.49,,0.0,30.69,38.3,17.02,91.49,72.34,17.02,8.51,0.0,4.0,3.0
0901300011366,Xochimilco,5812,312,142,0,5470,4497,1419,1603,939,676,1389,1226,345,236,16,10.19,0.9352,Medio,Bajo,5.37,2.6,0.0,24.42,58.58,42.17,86.65,76.48,21.52,14.72,1.0,3.0,2.0
090130001071A,Xochimilco,691,26,14,0,667,536,204,183,115,95,166,154,47,31,,11.19,0.9436,Medio,Bajo,3.76,2.1,0.0,29.52,62.84,51.91,90.71,84.15,25.68,16.94,,3.0,2.0
0901300010758,Xochimilco,4419,351,115,0,4261,3403,1694,1101,675,483,995,948,230,140,,10.1,0.9295,Medio,Bajo,7.94,2.7,0.0,38.33,61.31,43.87,90.37,86.1,20.89,12.72,,3.0,2.0
0901300010508,Xochimilco,6807,363,156,,6592,5433,2248,1875,1277,980,1730,1526,607,449,6,10.91,0.9513,Bajo,Bajo,5.33,2.37,,33.02,68.11,52.27,92.27,81.39,32.37,23.95,0.32,2.0,2.0
0901300011192,Xochimilco,9781,317,110,0,9459,7723,3276,2492,1800,1138,2284,2056,572,369,6,10.09,0.944,Medio,Bajo,3.24,1.16,0.0,33.49,72.23,45.67,91.65,82.5,22.95,14.81,0.24,3.0,2.0
0901300010550,Xochimilco,3162,60,13,0,3063,2560,869,833,551,397,706,680,237,166,12,11.3,0.9541,Bajo,Bajo,1.9,0.42,0.0,27.48,66.15,47.66,84.75,81.63,28.45,19.93,1.44,2.0,2.0
0901300011169,Xochimilco,11635,1131,424,7,11135,8838,3876,2851,1542,966,2514,2313,466,329,18,9.56,0.9134,Alto,Medio,9.72,3.81,0.06,33.31,54.09,33.88,88.18,81.13,16.35,11.54,0.63,4.0,3.0
0901300011154,Xochimilco,7460,624,228,,7189,5877,2263,1958,1247,813,1730,1568,436,309,16,10.16,0.9327,Medio,Bajo,8.36,3.17,,30.34,63.69,41.52,88.36,80.08,22.27,15.78,0.82,3.0,2.0
0901300011188,Xochimilco,6177,235,88,0,5978,4908,1842,1591,1040,786,1424,1297,405,244,9,10.6,0.9485,Bajo,Bajo,3.8,1.47,0.0,29.82,65.37,49.4,89.5,81.52,25.46,15.34,0.57,2.0,2.0
0901300010847,Xochimilco,1243,63,32,,1192,957,517,322,186,135,301,257,66,50,0,10.43,0.9359,Medio,Bajo,5.07,2.68,,41.59,57.76,41.93,93.48,79.81,20.5,15.53,0.0,3.0,2.0
0901300010669,Xochimilco,3864,176,62,0,3720,3034,1038,930,502,328,827,731,156,117,3,9.66,0.9388,Medio,Medio,4.55,1.67,0.0,26.86,53.98,35.27,88.92,78.6,16.77,12.58,0.32,3.0,3.0
0901300010851,Xochimilco,2606,143,52,0,2478,1842,383,603,200,135,539,473,97,53,4,9.13,0.8964,Muy alto,Alto,5.49,2.1,0.0,14.7,33.17,22.39,89.39,78.44,16.09,8.79,0.66,5.0,4.0
0901300011563,Xochimilco,323,33,10,0,310,242,89,83,57,28,76,62,7,12,,9.0,0.9198,Alto,Medio,10.22,3.23,0.0,27.55,68.67,33.73,91.57,74.7,8.43,14.46,,4.0,3.0
0901300010777,Xochimilco,2101,56,19,0,2051,1670,680,535,358,280,483,450,169,115,,10.96,0.9492,Bajo,Bajo,2.67,0.93,0.0,32.37,66.92,52.34,90.28,84.11,31.59,21.5,,2.0,2.0
0901300010601,Xochimilco,5831,270,107,,5643,4533,1630,1429,897,679,1279,1213,362,264,8,10.49,0.9486,Bajo,Bajo,4.63,1.9,,27.95,62.77,47.52,89.5,84.88,25.33,18.47,0.56,2.0,2.0
0901300010762,Xochimilco,1530,120,50,0,1472,1172,558,400,269,188,371,335,93,74,0,10.22,0.9239,Alto,Bajo,7.84,3.4,0.0,36.47,67.25,47.0,92.75,83.75,23.25,18.5,0.0,4.0,2.0
0901300010438,Xochimilco,1537,138,68,0,1482,1203,645,400,257,183,369,339,108,83,,10.7,0.9383,Medio,Bajo,8.98,4.59,0.0,41.96,64.25,45.75,92.25,84.75,27.0,20.75,,3.0,2.0
0901300011436,Xochimilco,2325,270,103,,2240,1775,1207,587,323,212,525,475,103,83,,9.16,0.9108,Alto,Medio,11.61,4.6,,51.91,55.03,36.12,89.44,80.92,17.55,14.14,,4.0,3.0
0901300010743,Xochimilco,6722,429,155,,6513,5258,2291,1738,1154,793,1599,1444,442,307,8,10.26,0.9444,Medio,Bajo,6.38,2.38,,34.08,66.4,45.63,92.0,83.08,25.43,17.66,0.46,3.0,2.0
0901300010014,Xochimilco,6567,211,96,0,6403,5473,1950,1960,1503,1226,1824,1603,925,703,3,12.01,0.9574,Bajo,Bajo,3.21,1.5,0.0,29.69,76.68,62.55,93.06,81.79,47.19,35.87,0.15,2.0,2.0
0901300010067,Xochimilco,8457,145,87,,8280,7180,2333,2513,2053,1727,2334,2013,1418,1072,13,12.68,0.9648,Bajo,Muy bajo,1.71,1.05,,27.59,81.7,68.72,92.88,80.1,56.43,42.66,0.52,2.0,1.0
0901300010122,Xochimilco,3234,65,25,0,3166,2722,775,857,645,524,774,693,321,189,0,12.26,0.9547,Bajo,Bajo,2.01,0.79,0.0,23.96,75.26,61.14,90.32,80.86,37.46,22.05,0.0,2.0,2.0
0901300010137,Xochimilco,3296,107,69,0,3211,2706,1188,821,554,422,724,630,284,166,5,11.4,0.9427,Medio,Bajo,3.25,2.15,0.0,36.04,67.48,51.4,88.19,76.74,34.59,20.22,0.61,3.0,2.0
0901300010245,Xochimilco,2286,40,17,0,2240,1932,681,666,451,333,555,517,242,167,10,11.22,0.94,Medio,Bajo,1.75,0.76,0.0,29.79,67.72,50.0,83.33,77.63,36.34,25.08,1.5,3.0,2.0
0901300010279,Xochimilco,4570,397,178,0,4396,3503,1174,1098,594,455,968,830,182,142,6,10.39,0.9441,Medio,Bajo,8.69,4.05,0.0,25.69,54.1,41.44,88.16,75.59,16.58,12.93,0.55,3.0,2.0
0901300010298,Xochimilco,10318,344,150,,10044,8424,3315,2950,2271,1797,2812,2326,1381,971,3,11.76,0.9593,Bajo,Bajo,3.33,1.49,,32.13,76.98,60.92,95.32,78.85,46.81,32.92,0.1,2.0,2.0
0901300010300,Xochimilco,880,8,5,0,848,684,306,232,159,130,218,180,75,58,,11.62,0.954,Bajo,Bajo,0.91,0.59,0.0,34.77,68.53,56.03,93.97,77.59,32.33,25.0,,2.0,2.0
0901300010353,Xochimilco,5085,237,91,0,4936,4068,1417,1242,788,549,1068,1024,262,217,19,10.99,0.9493,Bajo,Bajo,4.66,1.84,0.0,27.87,63.45,44.2,85.99,82.45,21.1,17.47,1.53,2.0,2.0
0901300010368,Xochimilco,11731,898,435,,11285,9051,3543,2964,1599,1148,2574,2376,388,324,13,10.42,0.9235,Alto,Medio,7.65,3.85,,30.2,53.95,38.73,86.84,80.16,13.09,10.93,0.44,4.0,3.0
0901300010372,Xochimilco,5104,179,55,0,4969,4121,1535,1273,885,676,1145,1042,397,269,3,10.87,0.9494,Bajo,Bajo,3.51,1.11,0.0,30.07,69.52,53.1,89.95,81.85,31.19,21.13,0.24,2.0,2.0
0901300010387,Xochimilco,6531,138,58,0,6337,5235,1770,1672,1092,809,1541,1348,461,311,3,10.81,0.9531,Bajo,Bajo,2.11,0.92,0.0,27.1,65.31,48.39,92.17,80.62,27.57,18.6,0.18,2.0,2.0
0901300010391,Xochimilco,2513,44,20,0,2454,2088,782,718,579,522,689,607,339,330,,12.66,0.9584,Bajo,Muy bajo,1.75,0.81,0.0,31.12,80.64,72.7,95.96,84.54,47.21,45.96,,2.0,1.0
0901300010419,Xochimilco,4481,55,21,0,4397,3843,1220,1400,1087,910,1286,1085,716,494,,12.18,0.9644,Bajo,Bajo,1.23,0.48,0.0,27.23,77.64,65.0,91.86,77.5,51.14,35.29,,2.0,2.0
0901300010480,Xochimilco,6753,148,58,,6522,5333,1993,1761,1170,817,1579,1339,482,348,6,10.54,0.9488,Bajo,Bajo,2.19,0.89,,29.51,66.44,46.39,89.66,76.04,27.37,19.76,0.34,2.0,2.0
0901300010527,Xochimilco,6453,474,221,,6218,5069,2113,1639,963,721,1460,1268,384,273,10,10.79,0.9397,Medio,Bajo,7.35,3.55,,32.74,58.76,43.99,89.08,77.36,23.43,16.66,0.61,3.0,2.0
0901300010599,Xochimilco,5132,125,95,0,5092,4817,483,404,268,185,362,343,101,76,3,8.58,0.9475,Bajo,Bajo,2.44,1.87,0.0,9.41,66.34,45.79,89.6,84.9,25.0,18.81,0.74,2.0,2.0
0901300010692,Xochimilco,11447,563,214,,11035,8878,3941,2964,1918,1419,2744,2389,654,462,11,10.31,0.9377,Medio,Bajo,4.92,1.94,,34.43,64.71,47.87,92.58,80.6,22.06,15.59,0.37,3.0,2.0
0901300010739,Xochimilco,2840,288,95,,2742,2145,1005,724,384,273,640,546,93,58,9,8.67,0.9033,Alto,Medio,10.14,3.46,,35.39,53.04,37.71,88.4,75.41,12.85,8.01,1.24,4.0,3.0
0901300010828,Xochimilco,3434,167,61,,3305,2646,1112,831,523,388,754,617,212,182,9,10.25,0.9338,Medio,Bajo,4.86,1.85,,32.38,62.94,46.69,90.73,74.25,25.51,21.9,1.08,3.0,2.0
0901300010917,Xochimilco,1860,53,22,0,1824,1560,623,539,418,356,504,452,278,244,4,12.37,0.95,Bajo,Bajo,2.85,1.21,0.0,33.49,77.55,66.05,93.51,83.86,51.58,45.27,0.74,2.0,2.0
0901300011084,Xochimilco,2950,154,62,,2852,2340,803,647,447,345,566,553,258,137,,10.84,0.9503,Bajo,Bajo,5.22,2.17,,27.22,69.09,53.32,87.48,85.47,39.88,21.17,,2.0,2.0
0901300011099,Xochimilco,2830,191,72,0,2713,2151,705,689,407,306,599,574,183,110,4,10.52,0.9447,Medio,Bajo,6.75,2.65,0.0,24.91,59.07,44.41,86.94,83.31,26.56,15.97,0.58,3.0,2.0
0901300011101,Xochimilco,4781,558,225,3,4590,3573,1510,1199,679,410,1047,949,252,167,14,9.59,0.9271,Medio,Medio,11.67,4.9,0.07,31.58,56.63,34.2,87.32,79.15,21.02,13.93,1.17,3.0,3.0
0901300011116,Xochimilco,2848,89,43,,2767,2278,862,696,489,346,615,535,246,129,5,10.74,0.9485,Bajo,Bajo,3.12,1.55,,30.27,70.26,49.71,88.36,76.87,35.34,18.53,0.72,2.0,2.0
0901300011120,Xochimilco,2499,75,21,0,2434,2047,543,602,451,338,543,536,220,101,4,11.65,0.9607,Bajo,Bajo,3.0,0.86,0.0,21.73,74.92,56.15,90.2,89.04,36.54,16.78,0.66,2.0,2.0
0901300011277,Xochimilco,55,55,48,0,51,32,55,12,0,0,12,8,,0,0,4.47,,,Muy alto,100.0,94.12,0.0,100.0,0.0,0.0,100.0,66.67,,0.0,0.0,,5.0
0901300011313,Xochimilco,4863,227,77,0,4703,3860,1409,1273,825,589,1151,971,375,227,11,10.57,0.9438,Medio,Bajo,4.67,1.64,0.0,28.97,64.81,46.27,90.42,76.28,29.46,17.83,0.86,3.0,2.0
0901300011332,Xochimilco,5578,81,45,0,5476,4791,1376,1556,1200,1015,1449,1233,725,529,4,11.84,0.9607,Bajo,Muy bajo,1.45,0.82,0.0,24.67,77.12,65.23,93.12,79.24,46.59,34.0,0.26,2.0,1.0
0901300011347,Xochimilco,1530,15,8,0,1493,1287,352,617,569,519,607,489,404,367,0,14.72,0.9772,Muy bajo,Muy bajo,0.98,0.54,0.0,23.01,92.22,84.12,98.38,79.25,65.48,59.48,0.0,1.0,1.0
0901300011370,Xochimilco,4391,107,43,5,4262,3510,1452,1209,750,558,1088,938,250,187,21,10.94,0.9468,Bajo,Bajo,2.44,1.01,0.12,33.07,62.03,46.15,89.99,77.58,20.68,15.47,1.74,2.0,2.0
0901300011421,Xochimilco,1247,60,17,0,1210,1000,339,327,222,167,305,255,112,74,,10.6,0.9379,Medio,Bajo,4.81,1.4,0.0,27.19,67.89,51.07,93.27,77.98,34.25,22.63,,3.0,2.0
0901300011493,Xochimilco,1896,185,75,0,1812,1424,660,459,312,141,415,354,104,67,5,8.85,0.8983,Muy alto,Medio,9.76,4.14,0.0,34.81,67.97,30.72,90.41,77.12,22.66,14.6,1.09,5.0,3.0
0901300011506,Xochimilco,840,106,44,0,809,638,260,219,129,105,211,172,62,45,0,10.18,0.9444,Medio,Bajo,12.62,5.44,0.0,30.95,58.9,47.95,96.35,78.54,28.31,20.55,0.0,3.0,2.0
0901300011559,Xochimilco,2475,272,92,,2363,1819,830,590,255,110,521,458,79,29,3,8.71,0.8702,Muy alto,Alto,10.99,3.89,,33.54,43.22,18.64,88.31,77.63,13.39,4.92,0.51,5.0,4.0
0900400010119,Cuajimalpa de Morelos,6497,113,66,0,6285,5319,1485,1845,1474,1183,1740,1552,1091,752,,11.47,0.9569,Bajo,Bajo,1.74,1.05,0.0,22.86,79.89,64.12,94.31,84.12,59.13,40.76,,2.0,2.0
0900400200388,Cuajimalpa de Morelos,1414,39,15,0,1357,1037,463,358,196,157,315,280,100,57,6,9.97,0.9354,Medio,Bajo,2.76,1.11,0.0,32.74,54.75,43.85,87.99,78.21,27.93,15.92,1.68,3.0,2.0
090040001002A,Cuajimalpa de Morelos,4726,119,49,0,4567,3822,1162,1299,895,666,1171,989,488,310,7,10.31,0.9425,Medio,Bajo,2.52,1.07,0.0,24.59,68.9,51.27,90.15,76.14,37.57,23.86,0.54,3.0,2.0
0900400010053,Cuajimalpa de Morelos,6459,92,32,,6238,5162,1647,1939,1491,1156,1830,1541,891,744,,11.2,0.9505,Bajo,Bajo,1.42,0.51,,25.5,76.9,59.62,94.38,79.47,45.95,38.37,,2.0,2.0
0900400010180,Cuajimalpa de Morelos,6474,178,131,0,6226,5266,1556,1717,1469,1328,1632,1313,1163,1023,,12.6,0.9618,Bajo,Muy bajo,2.75,2.1,0.0,24.03,85.56,77.34,95.05,76.47,67.73,59.58,,2.0,1.0
090040001034A,Cuajimalpa de Morelos,3494,47,12,0,3362,2699,974,900,645,484,835,625,360,310,3,10.58,0.9539,Bajo,Bajo,1.35,0.36,0.0,27.88,71.67,53.78,92.78,69.44,40.0,34.44,0.33,2.0,2.0
090040001041A,Cuajimalpa de Morelos,3190,12,12,0,3078,2542,501,850,700,602,807,678,526,356,,11.79,0.9588,Bajo,Muy bajo,0.38,0.39,0.0,15.71,82.35,70.82,94.94,79.76,61.88,41.88,,2.0,1.0
0900400010104,Cuajimalpa de Morelos,7179,48,36,0,6963,5951,1290,2343,2062,1816,2252,1843,1466,1352,,12.85,0.9695,Muy bajo,Muy bajo,0.67,0.52,0.0,17.97,88.01,77.51,96.12,78.66,62.57,57.7,,1.0,1.0
0900400010072,Cuajimalpa de Morelos,2849,32,12,0,2683,2195,692,785,521,398,688,590,280,206,,10.38,0.9459,Medio,Bajo,1.12,0.45,0.0,24.29,66.37,50.7,87.64,75.16,35.67,26.24,,3.0,2.0
090040001027A,Cuajimalpa de Morelos,4578,63,27,0,4443,3746,1228,1379,1069,819,1270,1043,737,577,5,11.69,0.9521,Bajo,Bajo,1.38,0.61,0.0,26.82,77.52,59.39,92.1,75.63,53.44,41.84,0.36,2.0,2.0
0900400010354,Cuajimalpa de Morelos,6409,56,34,0,6220,5283,1077,1912,1321,1181,1789,1516,1202,623,0,11.89,0.9619,Bajo,Bajo,0.87,0.55,0.0,16.8,69.09,61.77,93.57,79.29,62.87,32.58,0.0,2.0,2.0
0900400200246,Cuajimalpa de Morelos,9541,226,88,0,9172,7420,2374,2484,1703,1285,2291,2024,868,595,15,10.33,0.95,Bajo,Bajo,2.37,0.96,0.0,24.88,68.56,51.73,92.23,81.48,34.94,23.95,0.6,2.0,2.0
0900400200316,Cuajimalpa de Morelos,15087,427,137,0,14440,11386,4399,3783,2289,1585,3434,2910,1277,738,23,9.72,0.9315,Medio,Bajo,2.83,0.95,0.0,29.16,60.51,41.9,90.77,76.92,33.76,19.51,0.61,3.0,2.0
0900400010301,Cuajimalpa de Morelos,4195,52,21,0,4059,3388,715,1194,953,793,1158,971,603,571,0,11.7,0.9693,Muy bajo,Muy bajo,1.24,0.52,0.0,17.04,79.82,66.42,96.98,81.32,50.5,47.82,0.0,1.0,1.0
0900400010227,Cuajimalpa de Morelos,8867,235,74,,8496,6657,2575,2159,1361,797,1940,1669,511,339,22,9.54,0.9377,Medio,Bajo,2.65,0.87,,29.04,63.04,36.92,89.86,77.3,23.67,15.7,1.02,3.0,2.0
0900400010392,Cuajimalpa de Morelos,599,0,0,0,572,435,139,149,99,60,140,128,35,34,0,9.74,0.9496,Bajo,Bajo,0.0,0.0,0.0,23.21,66.44,40.27,93.96,85.91,23.49,22.82,0.0,2.0,2.0
0900400010208,Cuajimalpa de Morelos,7474,213,86,0,7198,5687,2367,1938,1349,963,1802,1469,803,540,8,10.5,0.9485,Bajo,Bajo,2.85,1.19,0.0,31.67,69.61,49.69,92.98,75.8,41.43,27.86,0.41,2.0,2.0
0900400010299,Cuajimalpa de Morelos,10533,121,53,0,10185,8500,2727,3078,2474,2000,2881,2353,1637,1284,8,11.98,0.9623,Bajo,Muy bajo,1.15,0.52,0.0,25.89,80.38,64.98,93.6,76.45,53.18,41.72,0.26,2.0,1.0
0900400010123,Cuajimalpa de Morelos,6200,115,60,0,6027,5139,1648,1784,1446,1160,1656,1422,1010,798,4,11.92,0.9552,Bajo,Bajo,1.85,1.0,0.0,26.58,81.05,65.02,92.83,79.71,56.61,44.73,0.22,2.0,2.0
0900400010369,Cuajimalpa de Morelos,14609,38,79,0,14005,12113,875,6018,5970,5881,5989,4781,5155,4826,0,15.73,0.9847,Muy bajo,Muy bajo,0.26,0.56,0.0,5.99,99.2,97.72,99.52,79.44,85.66,80.19,0.0,1.0,1.0
0900400010212,Cuajimalpa de Morelos,4941,76,27,0,4787,3998,1147,1403,1164,940,1315,1032,873,631,,11.94,0.9605,Bajo,Bajo,1.54,0.56,0.0,23.21,82.97,67.0,93.73,73.56,62.22,44.98,,2.0,2.0
0900400010049,Cuajimalpa de Morelos,4304,24,31,,4195,3577,954,1234,1140,1108,1208,1084,981,915,4,13.95,0.9604,Bajo,Muy bajo,0.56,0.74,,22.17,92.38,89.79,97.89,87.84,79.5,74.15,0.32,2.0,1.0
0900400010195,Cuajimalpa de Morelos,10984,86,128,0,10616,8957,3320,2638,2356,1990,2503,1943,1838,1597,,11.76,0.9572,Bajo,Muy bajo,0.78,1.21,0.0,30.23,89.31,75.44,94.88,73.65,69.67,60.54,,2.0,1.0
0900400010091,Cuajimalpa de Morelos,11767,265,126,0,11340,9388,2879,3097,2278,1794,2874,2438,1599,996,10,11.05,0.9559,Bajo,Bajo,2.25,1.11,0.0,24.47,73.56,57.93,92.8,78.72,51.63,32.16,0.32,2.0,2.0
0900400010231,Cuajimalpa de Morelos,7804,205,91,0,7491,5931,2268,1925,1189,799,1766,1454,548,316,9,9.98,0.94,Medio,Bajo,2.63,1.21,0.0,29.06,61.77,41.51,91.74,75.53,28.47,16.42,0.47,3.0,2.0
0900400010138,Cuajimalpa de Morelos,7681,160,81,0,7372,5888,2458,1970,1367,956,1805,1459,650,477,3,10.58,0.9419,Medio,Bajo,2.08,1.1,0.0,32.0,69.39,48.53,91.62,74.06,32.99,24.21,0.15,3.0,2.0
0900400010320,Cuajimalpa de Morelos,2945,38,18,0,2797,2133,986,731,454,274,658,616,243,119,11,9.63,0.9255,Alto,Medio,1.29,0.64,0.0,33.48,62.11,37.48,90.01,84.27,33.24,16.28,1.5,4.0,3.0
0900400010373,Cuajimalpa de Morelos,14170,199,133,0,13579,10828,2808,3526,2650,2039,3293,2880,1743,1430,13,11.11,0.9509,Bajo,Bajo,1.4,0.98,0.0,19.82,75.16,57.83,93.39,81.68,49.43,40.56,0.37,2.0,2.0
0900400010250,Cuajimalpa de Morelos,4220,149,54,,4075,3268,1213,1087,810,519,998,941,356,308,,10.38,0.9451,Medio,Bajo,3.53,1.33,,28.74,74.52,47.75,91.81,86.57,32.75,28.33,,3.0,2.0
0900400010176,Cuajimalpa de Morelos,9292,196,148,0,8888,7426,2199,2436,2162,1962,2314,1888,1729,1478,0,12.2,0.955,Bajo,Muy bajo,2.11,1.67,0.0,23.67,88.75,80.54,94.99,77.5,70.98,60.67,0.0,2.0,1.0
0900400010405,Cuajimalpa de Morelos,4253,91,48,0,4122,3465,897,1155,772,597,1043,924,598,328,5,10.58,0.9477,Bajo,Bajo,2.14,1.16,0.0,21.09,66.84,51.69,90.3,80.0,51.77,28.4,0.43,2.0,2.0
0900800010086,La Magdalena Contreras,3234,5,37,0,3171,2805,640,1176,1112,1051,1151,1011,965,814,0,15.1,0.9768,Muy bajo,Muy bajo,0.15,1.17,0.0,19.79,94.56,89.37,97.87,85.97,82.06,69.22,0.0,1.0,1.0
0900800010387,La Magdalena Contreras,9890,347,116,,9588,7792,3162,2523,1746,1107,2231,2028,925,440,10,9.83,0.9446,Medio,Bajo,3.51,1.21,,31.97,69.2,43.88,88.43,80.38,36.66,17.44,0.4,3.0,2.0
0900800010438,La Magdalena Contreras,6170,177,52,0,5943,4776,2167,1630,1035,671,1474,1439,457,259,11,9.65,0.9328,Medio,Bajo,2.87,0.87,0.0,35.12,63.5,41.17,90.43,88.28,28.04,15.89,0.67,3.0,2.0
0900800010527,La Magdalena Contreras,8287,476,154,0,8020,6515,2728,2134,1443,932,1894,1694,992,447,18,9.55,0.9399,Medio,Bajo,5.74,1.92,0.0,32.92,67.62,43.67,88.75,79.38,46.49,20.95,0.84,3.0,2.0
0900800010508,La Magdalena Contreras,1233,0,5,0,1197,1044,217,476,460,425,465,371,353,303,,15.15,0.9833,Muy bajo,Muy bajo,0.0,0.42,0.0,17.6,96.64,89.29,97.69,77.94,74.16,63.66,,1.0,1.0
0900800010194,La Magdalena Contreras,3249,49,21,0,3177,2816,832,978,821,695,912,813,599,488,,12.75,0.9651,Bajo,Muy bajo,1.51,0.66,0.0,25.61,83.95,71.06,93.25,83.13,61.25,49.9,,2.0,1.0
0900800010476,La Magdalena Contreras,6192,729,303,7,5908,4608,2178,1565,857,474,1415,1231,224,156,8,8.68,0.9117,Alto,Medio,11.77,5.13,0.12,35.17,54.76,30.29,90.42,78.66,14.31,9.97,0.51,4.0,3.0
0900800010052,La Magdalena Contreras,2382,38,40,0,2348,2109,418,816,776,740,798,703,703,563,0,14.16,0.9753,Muy bajo,Muy bajo,1.6,1.7,0.0,17.55,95.1,90.69,97.79,86.15,86.15,69.0,0.0,1.0,1.0
0900800010090,La Magdalena Contreras,6182,182,63,,6008,5015,1670,1596,1144,806,1426,1232,654,364,6,10.11,0.9507,Bajo,Bajo,2.94,1.05,,27.01,71.68,50.5,89.35,77.19,40.98,22.81,0.38,2.0,2.0
0900800010103,La Magdalena Contreras,5677,121,50,0,5532,4693,1300,1493,1094,830,1374,1215,673,353,3,10.26,0.9574,Bajo,Bajo,2.13,0.9,0.0,22.9,73.28,55.59,92.03,81.38,45.08,23.64,0.2,2.0,2.0
0900800010334,La Magdalena Contreras,2848,15,12,0,2770,2409,723,746,530,431,679,573,422,199,0,11.4,0.9577,Bajo,Bajo,0.53,0.43,0.0,25.39,71.05,57.77,91.02,76.81,56.57,26.68,0.0,2.0,2.0
0900800010118,La Magdalena Contreras,5588,21,79,0,5494,4806,1028,1602,1521,1429,1569,1415,1387,1136,4,14.32,0.9736,Muy bajo,Muy bajo,0.38,1.44,0.0,18.4,94.94,89.2,97.94,88.33,86.58,70.91,0.25,1.0,1.0
0900800010156,La Magdalena Contreras,3779,71,27,0,3673,3085,874,1021,739,555,939,860,512,263,4,10.51,0.9554,Bajo,Bajo,1.88,0.74,0.0,23.13,72.38,54.36,91.97,84.23,50.15,25.76,0.39,2.0,2.0
0900800010283,La Magdalena Contreras,4642,58,42,0,4520,3985,1132,1448,1219,1046,1361,1093,955,728,9,12.74,0.9668,Muy bajo,Muy bajo,1.25,0.93,0.0,24.39,84.19,72.24,93.99,75.48,65.95,50.28,0.62,1.0,1.0
0900800010512,La Magdalena Contreras,8047,276,110,,7776,6286,2565,2209,1396,944,1985,1665,869,436,6,9.26,0.9283,Medio,Bajo,3.43,1.41,,31.88,63.2,42.73,89.86,75.37,39.34,19.74,0.27,3.0,2.0
0900800010175,La Magdalena Contreras,1415,0,13,0,1381,1232,291,442,403,366,426,367,313,229,0,13.99,0.9753,Muy bajo,Muy bajo,0.0,0.94,0.0,20.57,91.18,82.81,96.38,83.03,70.81,51.81,0.0,1.0,1.0
090080001018A,La Magdalena Contreras,2321,45,25,0,2268,1941,600,668,544,435,624,521,357,275,,11.86,0.9593,Bajo,Bajo,1.94,1.1,0.0,25.85,81.44,65.12,93.41,77.99,53.44,41.17,,2.0,2.0
0900800010207,La Magdalena Contreras,5197,81,35,0,5048,4367,1430,1439,1042,755,1310,1101,687,342,3,10.76,0.9531,Bajo,Bajo,1.56,0.69,0.0,27.52,72.41,52.47,91.04,76.51,47.74,23.77,0.21,2.0,2.0
0900800010211,La Magdalena Contreras,5516,157,74,,5352,4576,1377,1523,1254,1037,1422,1279,1007,689,6,12.03,0.9557,Bajo,Muy bajo,2.85,1.38,,24.96,82.34,68.09,93.37,83.98,66.12,45.24,0.39,2.0,1.0
0900800010245,La Magdalena Contreras,2847,7,5,0,2742,2326,651,777,630,490,725,669,442,303,7,11.87,0.9656,Bajo,Bajo,0.25,0.18,0.0,22.87,81.08,63.06,93.31,86.1,56.89,39.0,0.9,2.0,2.0
090080001025A,La Magdalena Contreras,3734,47,43,0,3650,3112,785,1035,880,742,977,853,726,486,,12.39,0.9701,Muy bajo,Muy bajo,1.26,1.18,0.0,21.02,85.02,71.69,94.4,82.42,70.14,46.96,,1.0,1.0
0900800010264,La Magdalena Contreras,5201,103,66,0,5076,4257,1352,1459,1178,952,1357,1243,901,633,0,11.67,0.9584,Bajo,Bajo,1.98,1.3,0.0,26.0,80.74,65.25,93.01,85.2,61.75,43.39,0.0,2.0,2.0
0900800010298,La Magdalena Contreras,2262,56,30,,2201,1817,499,618,448,316,568,524,315,161,,10.69,0.959,Bajo,Bajo,2.48,1.36,,22.06,72.49,51.13,91.91,84.79,50.97,26.05,,2.0,2.0
090080001032A,La Magdalena Contreras,5394,35,16,0,5263,4493,1311,1515,1153,922,1403,1301,877,460,3,11.16,0.9599,Bajo,Bajo,0.65,0.3,0.0,24.3,76.11,60.86,92.61,85.87,57.89,30.36,0.2,2.0,2.0
0900800010531,La Magdalena Contreras,4235,171,37,0,4100,3332,1160,1045,732,467,922,851,387,237,8,9.75,0.9364,Medio,Bajo,4.04,0.9,0.0,27.39,70.05,44.69,88.23,81.44,37.03,22.68,0.77,3.0,2.0
0900800010546,La Magdalena Contreras,5931,205,82,,5753,4660,1831,1473,1033,678,1334,1139,656,350,8,9.86,0.9484,Bajo,Bajo,3.46,1.43,,30.87,70.13,46.03,90.56,77.33,44.53,23.76,0.54,2.0,2.0
0900800010071,La Magdalena Contreras,1074,6,4,0,1055,964,165,406,341,318,376,336,264,190,,13.15,0.9773,Muy bajo,Muy bajo,0.56,0.38,0.0,15.36,83.99,78.33,92.61,82.76,65.02,46.8,,1.0,1.0
0900800010495,La Magdalena Contreras,4250,28,21,0,4141,3562,1079,1190,932,685,1091,925,711,410,5,11.35,0.9608,Bajo,Bajo,0.66,0.51,0.0,25.39,78.32,57.56,91.68,77.73,59.75,34.45,0.42,2.0,2.0
0900800010067,La Magdalena Contreras,771,0,,0,763,702,126,297,264,237,284,255,229,159,0,13.23,0.9704,Muy bajo,Muy bajo,0.0,,0.0,16.34,88.89,79.8,95.62,85.86,77.1,53.54,0.0,1.0,1.0
0900800010029,La Magdalena Contreras,1293,5,4,0,1276,1162,248,479,421,382,456,389,353,202,0,13.18,0.9659,Bajo,Muy bajo,0.39,0.31,0.0,19.18,87.89,79.75,95.2,81.21,73.7,42.17,0.0,2.0,1.0
0900800010033,La Magdalena Contreras,594,6,3,0,587,532,124,224,196,184,207,179,142,127,,12.99,0.976,Muy bajo,Muy bajo,1.01,0.51,0.0,20.88,87.5,82.14,92.41,79.91,63.39,56.7,,1.0,1.0
0900800010137,La Magdalena Contreras,7781,293,131,,7563,6213,2432,2050,1442,967,1860,1626,976,383,6,10.01,0.9478,Bajo,Bajo,3.77,1.73,,31.26,70.34,47.17,90.73,79.32,47.61,18.68,0.29,2.0,2.0
0900800010122,La Magdalena Contreras,1839,26,22,0,1809,1630,383,557,507,472,534,490,397,320,,13.53,0.974,Muy bajo,Muy bajo,1.41,1.22,0.0,20.83,91.02,84.74,95.87,87.97,71.27,57.45,,1.0,1.0
0900800010141,La Magdalena Contreras,4742,100,41,0,4637,3937,1050,1332,959,701,1202,1052,616,478,6,10.88,0.9571,Bajo,Bajo,2.11,0.88,0.0,22.14,72.0,52.63,90.24,78.98,46.25,35.89,0.45,2.0,2.0
0900800010160,La Magdalena Contreras,4021,58,42,0,3919,3369,729,1072,888,749,1015,949,691,456,,12.4,0.9682,Muy bajo,Muy bajo,1.44,1.07,0.0,18.13,82.84,69.87,94.68,88.53,64.46,42.54,,1.0,1.0
0900800010226,La Magdalena Contreras,3917,105,36,,3827,3217,1156,1097,799,583,977,890,451,255,3,10.93,0.9521,Bajo,Bajo,2.68,0.94,,29.51,72.84,53.14,89.06,81.13,41.11,23.25,0.27,2.0,2.0
0900800010404,La Magdalena Contreras,8605,159,56,,8355,6874,2536,2261,1642,1140,2040,1839,1026,483,11,10.47,0.9458,Medio,Bajo,1.85,0.67,,29.47,72.62,50.42,90.23,81.34,45.38,21.36,0.49,3.0,2.0
0900800010423,La Magdalena Contreras,8887,170,70,0,8555,6900,2373,2362,1631,1072,2128,1838,921,511,11,9.81,0.9437,Medio,Bajo,1.91,0.82,0.0,26.7,69.05,45.39,90.09,77.82,38.99,21.63,0.47,3.0,2.0
0900800010550,La Magdalena Contreras,6008,252,104,,5853,4774,1629,1526,1083,735,1389,1268,843,409,3,10.02,0.9485,Bajo,Bajo,4.19,1.78,,27.11,70.97,48.17,91.02,83.09,55.24,26.8,0.2,2.0,2.0
0900800010565,La Magdalena Contreras,4313,22,9,0,4188,3486,1487,1201,834,616,1092,1043,644,329,3,10.37,0.95,Bajo,Bajo,0.51,0.21,0.0,34.48,69.44,51.29,90.92,86.84,53.62,27.39,0.25,2.0,2.0
0900800010315,La Magdalena Contreras,4031,53,24,0,3935,3332,1045,1146,869,719,1018,956,702,431,,12.16,0.9543,Bajo,Bajo,1.31,0.61,0.0,25.92,75.83,62.74,88.83,83.42,61.26,37.61,,2.0,2.0
0900800010014,La Magdalena Contreras,1704,18,9,0,1681,1521,241,666,604,564,637,577,488,383,,13.76,0.9763,Muy bajo,Muy bajo,1.06,0.54,0.0,14.14,90.69,84.68,95.65,86.64,73.27,57.51,,1.0,1.0
0900800010048,La Magdalena Contreras,2569,15,9,0,2523,2276,458,958,808,692,899,765,695,486,,12.96,0.9632,Bajo,Muy bajo,0.58,0.36,0.0,17.83,84.34,72.23,93.84,79.85,72.55,50.73,,2.0,1.0
090080001057A,La Magdalena Contreras,9341,376,118,5,8989,7110,3064,2399,1670,971,2145,1831,751,420,17,9.38,0.9351,Medio,Bajo,4.03,1.31,0.06,32.8,69.61,40.48,89.41,76.32,31.3,17.51,0.71,3.0,2.0
0900800010457,La Magdalena Contreras,7657,242,98,0,7354,5871,2480,2003,1266,748,1787,1561,741,462,47,9.21,0.928,Medio,Medio,3.16,1.33,0.0,32.39,63.21,37.34,89.22,77.93,36.99,23.07,2.35,3.0,3.0
0900800010353,La Magdalena Contreras,4361,22,14,0,4282,3647,1037,1191,934,738,1077,942,685,459,10,11.23,0.9566,Bajo,Bajo,0.5,0.33,0.0,23.78,78.42,61.96,90.43,79.09,57.51,38.54,0.84,2.0,2.0
0900800010349,La Magdalena Contreras,9652,217,100,0,9369,7779,2634,2558,2109,1451,2343,2120,1302,1089,6,11.02,0.9544,Bajo,Bajo,2.25,1.07,0.0,27.29,82.45,56.72,91.59,82.88,50.9,42.57,0.23,2.0,2.0
0900800010599,La Magdalena Contreras,1898,170,71,,1808,1409,685,505,249,139,458,438,126,55,3,8.16,0.9044,Alto,Medio,8.96,3.93,,36.09,49.31,27.52,90.69,86.73,24.95,10.89,0.59,4.0,3.0
0900800010461,La Magdalena Contreras,9520,479,163,,9132,7279,3201,2403,1635,1038,2224,1876,1115,599,18,9.51,0.9418,Medio,Bajo,5.03,1.78,,33.62,68.04,43.2,92.55,78.07,46.4,24.93,0.75,3.0,2.0
0900800010584,La Magdalena Contreras,5314,247,73,,5118,4047,1645,1376,970,560,1239,1021,470,237,4,9.17,0.943,Medio,Bajo,4.65,1.43,,30.96,70.49,40.7,90.04,74.2,34.16,17.22,0.29,3.0,2.0
0900800010230,La Magdalena Contreras,4286,78,33,0,4175,3584,1123,1278,921,719,1164,1162,633,289,,11.42,0.9524,Bajo,Bajo,1.82,0.79,0.0,26.2,72.07,56.26,91.08,90.92,49.53,22.61,,2.0,2.0
0900800010300,La Magdalena Contreras,6547,80,49,0,6366,5283,1501,1731,1419,1164,1622,1502,1048,707,3,11.97,0.9656,Bajo,Muy bajo,1.22,0.77,0.0,22.93,81.98,67.24,93.7,86.77,60.54,40.84,0.17,2.0,1.0
0900903000647,Milpa Alta,1969,30,14,,1891,1458,521,496,262,161,437,374,79,49,3,9.78,0.9395,Medio,Medio,1.52,0.74,,26.46,52.82,32.46,88.1,75.4,15.93,9.88,0.6,3.0,3.0
0900900330488,Milpa Alta,1830,153,43,0,1760,1417,654,443,273,164,383,372,77,59,,9.54,0.9075,Alto,Bajo,8.36,2.44,0.0,35.74,61.63,37.02,86.46,83.97,17.38,13.32,,4.0,2.0
0900900330350,Milpa Alta,9142,583,210,,8795,6990,2267,2314,1389,929,1989,1858,439,306,15,10.11,0.9358,Medio,Bajo,6.38,2.39,,24.8,60.03,40.15,85.96,80.29,18.97,13.22,0.65,3.0,2.0
0900900360223,Milpa Alta,3527,554,210,0,3384,2755,748,957,323,331,768,789,110,78,17,10.4,0.9399,Medio,Medio,15.71,6.21,0.0,21.21,33.75,34.59,80.25,82.45,11.49,8.15,1.78,3.0,3.0
0900900240577,Milpa Alta,1152,141,49,0,1099,861,189,292,150,99,247,232,30,26,6,9.86,0.8986,Muy alto,Medio,12.24,4.46,0.0,16.41,51.37,33.9,84.59,79.45,10.27,8.9,2.05,5.0,3.0
0900900240581,Milpa Alta,382,7,,0,367,295,101,100,59,41,88,94,14,16,0,10.01,0.9458,Medio,Bajo,1.83,,0.0,26.44,59.0,41.0,88.0,94.0,14.0,16.0,0.0,3.0,2.0
0900900010562,Milpa Alta,987,73,22,0,938,765,466,247,116,80,200,171,65,28,8,9.6,0.9217,Alto,Medio,7.4,2.35,0.0,47.21,46.96,32.39,80.97,69.23,26.32,11.34,3.24,4.0,3.0
0900900010312,Milpa Alta,4448,392,141,0,4293,3479,1939,1122,534,385,929,784,288,115,32,10.09,0.9206,Alto,Medio,8.81,3.28,0.0,43.59,47.59,34.31,82.8,69.88,25.67,10.25,2.85,4.0,3.0
090090029044A,Milpa Alta,1588,112,44,0,1535,1280,596,409,207,174,314,296,122,51,7,10.6,0.933,Medio,Bajo,7.05,2.87,0.0,37.53,50.61,42.54,76.77,72.37,29.83,12.47,1.71,3.0,2.0
0900900330346,Milpa Alta,5875,460,169,0,5639,4412,1639,1474,886,508,1258,1170,281,153,9,9.75,0.9406,Medio,Medio,7.83,3.0,0.0,27.9,60.11,34.46,85.35,79.38,19.06,10.38,0.61,3.0,3.0
0900900010308,Milpa Alta,3177,321,101,,3075,2510,1568,773,450,317,669,607,266,77,12,10.38,0.9238,Alto,Medio,10.1,3.28,,49.35,58.21,41.01,86.55,78.53,34.41,9.96,1.55,4.0,3.0
0900900010327,Milpa Alta,2324,226,105,0,2245,1827,834,632,410,274,556,502,247,101,6,10.53,0.9385,Medio,Bajo,9.72,4.68,0.0,35.89,64.87,43.35,87.97,79.43,39.08,15.98,0.95,3.0,2.0
0900900110543,Milpa Alta,275,11,,0,272,212,34,62,37,30,58,50,19,8,0,10.33,0.9439,Medio,Bajo,4.0,,0.0,12.36,59.68,48.39,93.55,80.65,30.65,12.9,0.0,3.0,2.0
0900900240651,Milpa Alta,134,8,4,0,127,94,22,30,18,10,28,28,4,,0,8.93,0.9501,Bajo,Bajo,5.97,3.15,0.0,16.42,60.0,33.33,93.33,93.33,13.33,,0.0,2.0,2.0
090090011051A,Milpa Alta,971,104,38,0,934,724,255,244,133,77,232,188,56,30,0,9.6,0.9267,Medio,Medio,10.71,4.07,0.0,26.26,54.51,31.56,95.08,77.05,22.95,12.3,0.0,3.0,3.0
0900903000632,Milpa Alta,2109,35,12,0,2022,1565,492,508,259,156,443,369,87,46,,9.92,0.9434,Medio,Medio,1.66,0.59,0.0,23.33,50.98,30.71,87.2,72.64,17.13,9.06,,3.0,3.0
0900901520628,Milpa Alta,1950,127,56,0,1865,1469,577,499,135,105,399,368,31,27,5,9.33,0.9194,Alto,Alto,6.51,3.0,0.0,29.59,27.05,21.04,79.96,73.75,6.21,5.41,1.0,4.0,4.0
0900900290473,Milpa Alta,3057,386,150,3,2914,2300,1128,755,312,236,654,530,115,72,15,9.33,0.9155,Alto,Medio,12.63,5.15,0.1,36.9,41.32,31.26,86.62,70.2,15.23,9.54,1.99,4.0,3.0
0900900010026,Milpa Alta,3378,307,116,,3269,2750,1367,896,601,372,779,690,329,116,3,10.55,0.9335,Medio,Bajo,9.09,3.55,,40.47,67.08,41.52,86.94,77.01,36.72,12.95,0.33,3.0,2.0
0900900010331,Milpa Alta,2761,355,100,,2681,2143,1203,657,343,272,558,521,222,73,8,9.99,0.9276,Medio,Medio,12.86,3.73,,43.57,52.21,41.4,84.93,79.3,33.79,11.11,1.22,3.0,3.0
0900901520613,Milpa Alta,2338,201,70,0,2247,1781,678,609,170,139,523,470,55,37,,9.36,0.926,Alto,Alto,8.6,3.12,0.0,29.0,27.91,22.82,85.88,77.18,9.03,6.08,,4.0,4.0
0900900010505,Milpa Alta,722,142,56,0,695,550,259,175,103,76,161,150,49,24,,9.89,0.9331,Medio,Bajo,19.67,8.06,0.0,35.87,58.86,43.43,92.0,85.71,28.0,13.71,,3.0,2.0
0900900290469,Milpa Alta,3035,248,105,,2924,2366,1480,765,289,216,609,545,133,52,9,9.81,0.9084,Alto,Medio,8.17,3.59,,48.76,37.78,28.24,79.61,71.24,17.39,6.8,1.18,4.0,3.0
0900900360238,Milpa Alta,3357,634,261,0,3250,2611,750,880,295,286,728,746,82,73,8,10.08,0.9369,Medio,Medio,18.89,8.03,0.0,22.34,33.52,32.5,82.73,84.77,9.32,8.3,0.91,3.0,3.0
0900900240191,Milpa Alta,5998,245,98,0,5763,4551,1621,1517,877,556,1280,1273,246,186,29,9.93,0.9377,Medio,Bajo,4.08,1.7,0.0,27.03,57.81,36.65,84.38,83.92,16.22,12.26,1.91,3.0,2.0
0900900170365,Milpa Alta,4952,541,216,3,4754,3778,1712,1285,692,463,1180,995,404,177,13,10.09,0.9355,Medio,Medio,10.92,4.54,0.06,34.57,53.85,36.03,91.83,77.43,31.44,13.77,1.01,3.0,3.0
0900900240596,Milpa Alta,681,82,22,0,655,495,114,179,106,85,159,140,31,30,,10.28,0.947,Bajo,Bajo,12.04,3.36,0.0,16.74,59.22,47.49,88.83,78.21,17.32,16.76,,2.0,2.0
090090015012A,Milpa Alta,4933,198,80,0,4774,3819,1148,1328,746,545,1178,1037,353,196,,10.42,0.9437,Medio,Bajo,4.01,1.68,0.0,23.27,56.17,41.04,88.7,78.09,26.58,14.76,,3.0,2.0
0900900290609,Milpa Alta,159,46,17,0,146,113,61,40,10,7,35,25,8,0,,8.08,0.9012,Alto,Alto,28.93,11.64,0.0,38.36,25.0,17.5,87.5,62.5,20.0,0.0,,4.0,4.0
0900900110416,Milpa Alta,3231,221,74,0,3124,2548,903,865,540,396,773,670,226,148,4,10.56,0.9516,Bajo,Bajo,6.84,2.37,0.0,27.95,62.43,45.78,89.36,77.46,26.13,17.11,0.46,2.0,2.0
0900900010492,Milpa Alta,416,72,23,0,402,314,185,110,51,44,99,99,36,13,0,10.05,0.9003,Alto,Medio,17.31,5.72,0.0,44.47,46.36,40.0,90.0,90.0,32.73,11.82,0.0,4.0,3.0
0900900110401,Milpa Alta,10423,343,115,0,10045,8111,3693,2788,1869,1318,2496,2066,801,441,15,10.49,0.9354,Medio,Bajo,3.29,1.14,0.0,35.43,67.04,47.27,89.53,74.1,28.73,15.82,0.54,3.0,2.0
0900900170384,Milpa Alta,3799,420,166,,3659,2903,1098,971,449,349,865,795,201,98,4,10.23,0.9364,Medio,Medio,11.06,4.54,,28.9,46.24,35.94,89.08,81.87,20.7,10.09,0.41,3.0,3.0
0900900110435,Milpa Alta,5442,218,80,0,5234,4107,1372,1339,844,534,1230,1088,326,205,6,10.26,0.9488,Bajo,Bajo,4.01,1.53,0.0,25.21,63.03,39.88,91.86,81.25,24.35,15.31,0.45,2.0,2.0
0900900110420,Milpa Alta,7426,305,127,3,7153,5744,2107,1915,1305,923,1762,1415,604,309,6,10.53,0.9491,Bajo,Bajo,4.11,1.78,0.04,28.37,68.15,48.2,92.01,73.89,31.54,16.14,0.31,2.0,2.0
0900900360242,Milpa Alta,4831,698,268,0,4627,3656,1222,1189,412,378,961,1021,99,60,11,10.08,0.931,Medio,Medio,14.45,5.79,0.0,25.29,34.65,31.79,80.82,85.87,8.33,5.05,0.93,3.0,3.0
0900900170558,Milpa Alta,165,14,9,0,157,120,46,41,18,9,39,29,7,,,9.03,0.9289,Medio,Medio,8.48,5.73,0.0,27.88,43.9,21.95,95.12,70.73,17.07,,,3.0,3.0
0900900240204,Milpa Alta,4866,191,76,0,4640,3614,992,1241,746,474,1055,1008,184,156,6,10.18,0.9468,Bajo,Bajo,3.93,1.64,0.0,20.39,60.11,38.2,85.01,81.22,14.83,12.57,0.48,2.0,2.0
0900900240219,Milpa Alta,4502,145,59,,4342,3404,899,1123,677,454,944,904,186,152,10,10.09,0.9389,Medio,Bajo,3.22,1.36,,19.97,60.28,40.43,84.06,80.5,16.56,13.54,0.89,3.0,2.0
0900900290454,Milpa Alta,1395,160,64,0,1341,1080,603,363,160,105,305,259,79,29,7,9.72,0.9203,Alto,Medio,11.47,4.77,0.0,43.23,44.08,28.93,84.02,71.35,21.76,7.99,1.93,4.0,3.0
090090017037A,Milpa Alta,3368,271,111,0,3242,2528,793,859,381,225,767,662,199,70,14,9.7,0.9426,Medio,Medio,8.05,3.42,0.0,23.55,44.35,26.19,89.29,77.07,23.17,8.15,1.63,3.0,3.0
0900900170399,Milpa Alta,1635,213,82,0,1585,1288,402,446,179,162,392,359,74,38,8,10.17,0.9433,Medio,Medio,13.03,5.17,0.0,24.59,40.13,36.32,87.89,80.49,16.59,8.52,1.79,3.0,3.0
0901500011074,Cuauhtémoc,7648,298,153,4,7416,6210,2703,2440,1934,1541,2308,1889,1156,954,,11.85,0.9535,Bajo,Bajo,3.9,2.06,0.05,35.34,79.26,63.16,94.59,77.42,47.38,39.1,,2.0,2.0
0901500010127,Cuauhtémoc,8402,423,188,,8110,6826,2238,2815,2213,1707,2628,2187,1367,1130,6,11.58,0.951,Bajo,Bajo,5.03,2.32,,26.64,78.61,60.64,93.36,77.69,48.56,40.14,0.21,2.0,2.0
0901500010589,Cuauhtémoc,5616,253,109,3,5402,4391,2444,1706,1079,677,1512,1356,366,348,10,9.84,0.9385,Medio,Bajo,4.5,2.02,0.06,43.52,63.25,39.68,88.63,79.48,21.45,20.4,0.59,3.0,2.0
0901500010358,Cuauhtémoc,9880,410,172,,9487,7708,4337,2974,1775,1002,2651,2240,831,594,9,9.74,0.9326,Medio,Medio,4.15,1.81,,43.9,59.68,33.69,89.14,75.32,27.94,19.97,0.3,3.0,3.0
0901500011464,Cuauhtémoc,3031,59,38,0,2973,2675,650,1299,1212,1097,1267,965,793,795,,14.54,0.9733,Muy bajo,Muy bajo,1.95,1.28,0.0,21.45,93.3,84.45,97.54,74.29,61.05,61.2,,1.0,1.0
0901500011479,Cuauhtémoc,3131,73,37,0,3103,2858,761,1233,1114,1018,1184,1062,770,659,4,14.08,0.9671,Muy bajo,Muy bajo,2.33,1.19,0.0,24.31,90.35,82.56,96.03,86.13,62.45,53.45,0.32,1.0,1.0
0901500010038,Cuauhtémoc,2800,68,28,0,2714,2326,808,924,702,548,845,714,443,309,3,11.53,0.95,Bajo,Bajo,2.43,1.03,0.0,28.86,75.97,59.31,91.45,77.27,47.94,33.44,0.32,2.0,2.0
0901500010911,Cuauhtémoc,4562,690,311,,4374,3502,2702,1151,678,397,1045,896,215,244,4,9.16,0.9031,Alto,Medio,15.12,7.11,,59.23,58.91,34.49,90.79,77.85,18.68,21.2,0.35,4.0,3.0
0901500010023,Cuauhtémoc,4902,8,5,0,4760,4070,1248,1595,1243,992,1473,1240,739,561,4,11.85,0.965,Bajo,Muy bajo,0.16,0.11,0.0,25.46,77.93,62.19,92.35,77.74,46.33,35.17,0.25,2.0,1.0
0901500010466,Cuauhtémoc,11023,533,241,,10720,9352,2575,3898,3307,2681,3654,3084,2096,1778,10,12.56,0.9614,Bajo,Muy bajo,4.84,2.25,,23.36,84.84,68.78,93.74,79.12,53.77,45.61,0.26,2.0,1.0
0901500010926,Cuauhtémoc,3007,27,16,0,2937,2773,503,1540,1462,1409,1510,1314,1074,1170,5,15.43,0.9692,Muy bajo,Muy bajo,0.9,0.54,0.0,16.73,94.94,91.49,98.05,85.32,69.74,75.97,0.32,1.0,1.0
0901500011229,Cuauhtémoc,840,0,6,0,795,708,214,199,148,104,183,160,100,77,,11.75,0.9295,Medio,Bajo,0.0,0.75,0.0,25.48,74.37,52.26,91.96,80.4,50.25,38.69,,3.0,2.0
0901500011290,Cuauhtémoc,4939,55,26,0,4820,4180,1314,1479,1109,924,1370,1142,728,530,,11.47,0.9553,Bajo,Bajo,1.11,0.54,0.0,26.6,74.98,62.47,92.63,77.21,49.22,35.84,,2.0,2.0
0901500011303,Cuauhtémoc,2006,7,7,0,1963,1830,381,843,773,727,808,703,560,528,,14.58,0.9523,Bajo,Muy bajo,0.35,0.36,0.0,18.99,91.7,86.24,95.85,83.39,66.43,62.63,,2.0,1.0
0901500011411,Cuauhtémoc,2636,36,25,0,2587,2344,505,1157,1105,1065,1133,886,808,671,,15.09,0.9716,Muy bajo,Muy bajo,1.37,0.97,0.0,19.16,95.51,92.05,97.93,76.58,69.84,57.99,,1.0,1.0
0901500011430,Cuauhtémoc,1325,25,8,0,1308,1216,318,627,600,568,613,467,417,424,0,15.17,0.9768,Muy bajo,Muy bajo,1.89,0.61,0.0,24.0,95.69,90.59,97.77,74.48,66.51,67.62,0.0,1.0,1.0
090150001145A,Cuauhtémoc,3506,35,34,0,3444,3198,811,1499,1342,1284,1435,1263,1011,921,4,14.55,0.9633,Bajo,Muy bajo,1.0,0.99,0.0,23.13,89.53,85.66,95.73,84.26,67.44,61.44,0.27,2.0,1.0
0901500011498,Cuauhtémoc,6019,81,38,0,5876,5210,1615,2332,1912,1711,2203,1770,1310,1040,15,13.06,0.9559,Bajo,Muy bajo,1.35,0.65,0.0,26.83,81.99,73.37,94.47,75.9,56.17,44.6,0.64,2.0,1.0
0901500011500,Cuauhtémoc,3145,56,27,0,3090,2754,715,1167,972,864,1099,937,694,605,,13.82,0.9706,Muy bajo,Muy bajo,1.78,0.87,0.0,22.73,83.29,74.04,94.17,80.29,59.47,51.84,,1.0,1.0
0901500011515,Cuauhtémoc,3624,52,23,0,3552,3109,817,1158,961,776,1069,830,581,356,,12.36,0.9628,Bajo,Muy bajo,1.43,0.65,0.0,22.54,82.99,67.01,92.31,71.68,50.17,30.74,,2.0,1.0
090150001152A,Cuauhtémoc,3565,100,47,0,3471,2960,1016,1171,931,796,1082,912,655,526,8,12.11,0.9559,Bajo,Muy bajo,2.81,1.35,0.0,28.5,79.5,67.98,92.4,77.88,55.94,44.92,0.68,2.0,1.0
0901500010945,Cuauhtémoc,1082,11,7,0,1070,997,267,524,494,473,510,403,255,376,0,15.26,0.9751,Muy bajo,Muy bajo,1.02,0.65,0.0,24.68,94.27,90.27,97.33,76.91,48.66,71.76,0.0,1.0,1.0
0901500010983,Cuauhtémoc,982,24,15,0,971,920,252,488,439,385,479,368,243,291,0,14.65,0.9649,Bajo,Muy bajo,2.44,1.54,0.0,25.66,89.96,78.89,98.16,75.41,49.8,59.63,0.0,2.0,1.0
0901500011089,Cuauhtémoc,2004,24,18,0,1963,1821,382,950,882,819,893,735,637,667,,14.91,0.9667,Muy bajo,Muy bajo,1.2,0.92,0.0,19.06,92.84,86.21,94.0,77.37,67.05,70.21,,1.0,1.0
0901500010042,Cuauhtémoc,2930,40,21,0,2833,2409,775,969,748,607,909,791,420,409,8,11.8,0.9536,Bajo,Bajo,1.37,0.74,0.0,26.45,77.19,62.64,93.81,81.63,43.34,42.21,0.83,2.0,2.0
0901500010057,Cuauhtémoc,24,0,0,0,24,23,3,4,,,3,4,0,0,0,9.74,,,Bajo,0.0,0.0,0.0,12.5,,,75.0,100.0,0.0,0.0,0.0,,2.0
0901500010061,Cuauhtémoc,1327,19,13,0,1298,1145,201,515,449,397,490,387,321,298,8,13.53,0.9618,Bajo,Muy bajo,1.43,1.0,0.0,15.15,87.18,77.09,95.15,75.15,62.33,57.86,1.55,2.0,1.0
0901500010080,Cuauhtémoc,7933,108,52,0,7732,6732,1844,2760,2179,1758,2535,2056,1273,1134,10,12.12,0.9574,Bajo,Bajo,1.36,0.67,0.0,23.24,78.95,63.7,91.85,74.49,46.12,41.09,0.36,2.0,2.0
0901500010165,Cuauhtémoc,5259,81,29,,5108,4378,1489,1701,1381,1093,1589,1304,892,662,4,12.24,0.9545,Bajo,Bajo,1.54,0.57,,28.31,81.19,64.26,93.42,76.66,52.44,38.92,0.24,2.0,2.0
090150001017A,Cuauhtémoc,5239,169,55,0,5108,4407,1268,1780,1410,1118,1662,1427,899,748,10,11.72,0.961,Bajo,Bajo,3.23,1.08,0.0,24.2,79.21,62.81,93.37,80.17,50.51,42.02,0.56,2.0,2.0
0901500010555,Cuauhtémoc,4962,75,43,0,4847,4346,1108,1752,1451,1266,1640,1378,911,870,8,13.48,0.9677,Muy bajo,Muy bajo,1.51,0.89,0.0,22.33,82.82,72.26,93.61,78.65,52.0,49.66,0.46,1.0,1.0
0901500010593,Cuauhtémoc,4685,125,47,0,4571,4098,1141,1721,1473,1260,1641,1539,911,894,,13.5,0.9681,Muy bajo,Muy bajo,2.67,1.03,0.0,24.35,85.59,73.21,95.35,89.42,52.93,51.95,,1.0,1.0
0901500010663,Cuauhtémoc,1838,121,64,0,1785,1435,827,551,347,191,489,342,139,107,5,9.92,0.9245,Alto,Bajo,6.58,3.59,0.0,44.99,62.98,34.66,88.75,62.07,25.23,19.42,0.91,4.0,2.0
0901500010930,Cuauhtémoc,626,8,6,0,614,577,103,301,276,262,290,242,185,210,0,15.34,0.9715,Muy bajo,Muy bajo,1.28,0.98,0.0,16.45,91.69,87.04,96.35,80.4,61.46,69.77,0.0,1.0,1.0
0901500011178,Cuauhtémoc,3010,55,31,0,2937,2713,524,1375,1287,1202,1342,1067,878,946,3,14.93,0.9637,Bajo,Muy bajo,1.83,1.06,0.0,17.41,93.6,87.42,97.6,77.6,63.85,68.8,0.22,2.0,1.0
0901500010678,Cuauhtémoc,9903,231,107,0,9692,8594,1772,3869,3449,3029,3726,3250,2282,2182,,13.79,0.9687,Muy bajo,Muy bajo,2.33,1.1,0.0,17.89,89.14,78.29,96.3,84.0,58.98,56.4,,1.0,1.0
0901500011549,Cuauhtémoc,4833,141,67,0,4729,4252,1313,1831,1588,1375,1752,1371,1132,958,,13.61,0.9656,Bajo,Muy bajo,2.92,1.42,0.0,27.17,86.73,75.1,95.69,74.88,61.82,52.32,,2.0,1.0
0901500010112,Cuauhtémoc,2227,38,12,0,2161,1874,703,722,510,403,657,550,328,231,5,11.55,0.9475,Bajo,Bajo,1.71,0.56,0.0,31.57,70.64,55.82,91.0,76.18,45.43,31.99,0.69,2.0,2.0
0901500010254,Cuauhtémoc,230,0,,0,228,207,57,89,73,64,81,61,51,37,0,12.82,0.9727,Muy bajo,Muy bajo,0.0,,0.0,24.78,82.02,71.91,91.01,68.54,57.3,41.57,0.0,1.0,1.0
0901500010216,Cuauhtémoc,1285,15,10,0,1267,1133,276,508,433,377,482,429,305,247,0,13.76,0.971,Muy bajo,Muy bajo,1.17,0.79,0.0,21.48,85.24,74.21,94.88,84.45,60.04,48.62,0.0,1.0,1.0
0901500010451,Cuauhtémoc,587,11,6,0,581,515,120,248,212,198,241,205,142,98,0,13.7,0.9746,Muy bajo,Muy bajo,1.87,1.03,0.0,20.44,85.48,79.84,97.18,82.66,57.26,39.52,0.0,1.0,1.0
0901500011286,Cuauhtémoc,1346,15,4,,1316,1165,353,430,343,302,406,368,241,207,,12.55,0.9633,Bajo,Muy bajo,1.11,0.3,,26.23,79.77,70.23,94.42,85.58,56.05,48.14,,2.0,1.0
0901500011055,Cuauhtémoc,2373,112,62,0,2315,2029,888,859,684,527,798,657,361,347,4,12.25,0.9548,Bajo,Bajo,4.72,2.68,0.0,37.42,79.63,61.35,92.9,76.48,42.03,40.4,0.47,2.0,2.0
0901500010377,Cuauhtémoc,1050,8,6,0,1029,927,245,415,323,263,377,369,260,158,,12.93,0.9735,Muy bajo,Muy bajo,0.76,0.58,0.0,23.33,77.83,63.37,90.84,88.92,62.65,38.07,,1.0,1.0
0901500010146,Cuauhtémoc,1384,18,5,0,1358,1143,378,441,338,264,407,358,251,95,0,11.81,0.9523,Bajo,Bajo,1.3,0.37,0.0,27.31,76.64,59.86,92.29,81.18,56.92,21.54,0.0,2.0,2.0
0901500010184,Cuauhtémoc,6961,180,67,0,6729,5614,1648,2231,1655,1140,2070,1740,904,662,7,11.06,0.9554,Bajo,Bajo,2.59,1.0,0.0,23.67,74.18,51.1,92.78,77.99,40.52,29.67,0.31,2.0,2.0
0901500010752,Cuauhtémoc,1708,168,100,3,1654,1421,701,580,426,339,549,449,130,167,4,11.82,0.9472,Bajo,Bajo,9.84,6.05,0.18,41.04,73.45,58.45,94.66,77.41,22.41,28.79,0.69,2.0,2.0
0901500010536,Cuauhtémoc,5292,130,69,0,5114,4308,1833,1733,1274,917,1631,1249,638,486,8,10.88,0.9472,Bajo,Bajo,2.46,1.35,0.0,34.64,73.51,52.91,94.11,72.07,36.81,28.04,0.46,2.0,2.0
0901500010362,Cuauhtémoc,3396,74,34,0,3327,3002,702,1333,1141,966,1257,1118,812,639,0,13.37,0.9754,Muy bajo,Muy bajo,2.18,1.02,0.0,20.67,85.6,72.47,94.3,83.87,60.92,47.94,0.0,1.0,1.0
0901500010413,Cuauhtémoc,218,,,0,215,204,37,78,68,56,71,57,50,34,0,13.89,0.982,Muy bajo,Muy bajo,,,0.0,16.97,87.18,71.79,91.03,73.08,64.1,43.59,0.0,1.0,1.0
0901500010432,Cuauhtémoc,139,0,0,0,136,121,33,60,47,47,54,49,35,27,,13.72,0.9119,Alto,Muy bajo,0.0,0.0,0.0,23.74,78.33,78.33,90.0,81.67,58.33,45.0,,4.0,1.0
0901500010447,Cuauhtémoc,1394,17,9,0,1359,1215,377,546,443,388,496,406,315,216,,13.47,0.9704,Muy bajo,Muy bajo,1.22,0.66,0.0,27.04,81.14,71.06,90.84,74.36,57.69,39.56,,1.0,1.0
0901500010470,Cuauhtémoc,6778,162,79,,6596,5747,1746,2449,1965,1619,2284,1771,1211,1016,4,12.25,0.9579,Bajo,Bajo,2.39,1.2,,25.76,80.24,66.11,93.26,72.32,49.45,41.49,0.16,2.0,2.0
0901500010485,Cuauhtémoc,9893,222,99,0,9648,8552,2160,3652,3043,2628,3450,2887,1923,1745,14,13.02,0.9692,Muy bajo,Muy bajo,2.24,1.03,0.0,21.83,83.32,71.96,94.47,79.05,52.66,47.78,0.38,1.0,1.0
0901500010697,Cuauhtémoc,6982,143,79,0,6830,6113,1504,2717,2388,2116,2617,2236,1381,1565,5,13.83,0.9676,Muy bajo,Muy bajo,2.05,1.16,0.0,21.54,87.89,77.88,96.32,82.3,50.83,57.6,0.18,1.0,1.0
090150001070A,Cuauhtémoc,1542,48,34,0,1517,1379,539,611,472,411,577,448,237,280,0,12.72,0.9598,Bajo,Muy bajo,3.11,2.24,0.0,34.95,77.25,67.27,94.44,73.32,38.79,45.83,0.0,2.0,1.0
0901500010714,Cuauhtémoc,2769,68,42,0,2715,2443,805,1105,912,794,1041,851,477,542,,13.08,0.963,Bajo,Muy bajo,2.46,1.55,0.0,29.07,82.53,71.86,94.21,77.01,43.17,49.05,,2.0,1.0
0901500011144,Cuauhtémoc,7972,135,58,0,7804,6748,2478,2685,2019,1527,2458,2138,1350,1012,6,11.61,0.9539,Bajo,Bajo,1.69,0.74,0.0,31.08,75.2,56.87,91.55,79.63,50.28,37.69,0.22,2.0,2.0
0901500011163,Cuauhtémoc,2805,99,46,0,2733,2369,829,955,717,588,874,790,474,351,5,11.72,0.9505,Bajo,Bajo,3.53,1.68,0.0,29.55,75.08,61.57,91.52,82.72,49.63,36.75,0.52,2.0,2.0
0901500010748,Cuauhtémoc,4753,170,105,,4613,4043,908,1024,802,747,961,763,467,498,6,14.76,0.9685,Muy bajo,Bajo,3.58,2.28,,19.1,78.32,72.95,93.85,74.51,45.61,48.63,0.59,1.0,2.0
0901500011182,Cuauhtémoc,3062,87,58,,2993,2742,750,1390,1282,1172,1345,1177,925,966,,14.67,0.9732,Muy bajo,Muy bajo,2.84,1.94,,24.49,92.23,84.32,96.76,84.68,66.55,69.5,,1.0,1.0
0901500011197,Cuauhtémoc,1206,18,18,0,1174,1108,225,604,574,538,590,454,405,452,,15.19,0.9728,Muy bajo,Muy bajo,1.49,1.53,0.0,18.66,95.03,89.07,97.68,75.17,67.05,74.83,,1.0,1.0
090150001120A,Cuauhtémoc,1876,43,20,0,1828,1726,311,893,846,808,866,677,574,636,0,15.47,0.965,Bajo,Muy bajo,2.29,1.09,0.0,16.58,94.74,90.48,96.98,75.81,64.28,71.22,0.0,2.0,1.0
0901500011214,Cuauhtémoc,2761,74,41,0,2724,2506,530,1272,1180,1109,1235,1095,893,944,7,14.03,0.961,Bajo,Muy bajo,2.68,1.51,0.0,19.2,92.77,87.19,97.09,86.08,70.2,74.21,0.55,2.0,1.0
0901500011233,Cuauhtémoc,9393,170,72,0,9128,7726,2950,3137,2471,1937,2887,2530,1710,1209,11,11.71,0.9509,Bajo,Bajo,1.81,0.79,0.0,31.41,78.77,61.75,92.03,80.65,54.51,38.54,0.35,2.0,2.0
0901500011267,Cuauhtémoc,3280,72,33,0,3214,2802,1002,1146,846,685,1048,1019,561,442,,11.69,0.9543,Bajo,Bajo,2.2,1.03,0.0,30.55,73.82,59.77,91.45,88.92,48.95,38.57,,2.0,2.0
0901500011248,Cuauhtémoc,6418,63,37,0,6260,5424,2209,2187,1601,1293,1979,1712,1064,726,8,11.43,0.9535,Bajo,Bajo,0.98,0.59,0.0,34.42,73.21,59.12,90.49,78.28,48.65,33.2,0.37,2.0,2.0
0901500011252,Cuauhtémoc,5261,124,65,3,5113,4448,1640,1739,1333,1020,1568,1481,833,544,6,11.53,0.9535,Bajo,Bajo,2.36,1.27,0.06,31.17,76.65,58.65,90.17,85.16,47.9,31.28,0.35,2.0,2.0
0901500011271,Cuauhtémoc,1636,69,29,,1599,1413,438,576,477,423,554,479,328,314,3,13.3,0.9601,Bajo,Muy bajo,4.22,1.81,,26.77,82.81,73.44,96.18,83.16,56.94,54.51,0.52,2.0,1.0
0901500011360,Cuauhtémoc,1780,30,13,0,1748,1629,395,767,716,656,740,545,503,404,0,14.38,0.9632,Bajo,Muy bajo,1.69,0.74,0.0,22.19,93.35,85.53,96.48,71.06,65.58,52.67,0.0,2.0,1.0
0901500011375,Cuauhtémoc,3238,73,33,0,3176,2901,963,1306,1175,1022,1252,899,742,629,3,14.06,0.9668,Muy bajo,Muy bajo,2.25,1.04,0.0,29.74,89.97,78.25,95.87,68.84,56.81,48.16,0.23,1.0,1.0
090150001138A,Cuauhtémoc,584,10,6,0,574,536,109,252,216,208,238,158,187,125,,14.18,0.9675,Muy bajo,Muy bajo,1.71,1.05,0.0,18.66,85.71,82.54,94.44,62.7,74.21,49.6,,1.0,1.0
0901500011394,Cuauhtémoc,5232,338,218,0,5085,4313,1446,1829,1321,991,1724,1433,781,605,7,11.47,0.9506,Bajo,Bajo,6.46,4.29,0.0,27.64,72.23,54.18,94.26,78.35,42.7,33.08,0.38,2.0,2.0
0901500011407,Cuauhtémoc,2280,40,17,0,2217,1948,677,803,575,484,714,529,355,296,11,12.08,0.9496,Bajo,Bajo,1.75,0.77,0.0,29.69,71.61,60.27,88.92,65.88,44.21,36.86,1.37,2.0,2.0
0901500011426,Cuauhtémoc,1401,7,9,0,1382,1290,267,629,589,571,619,499,430,441,,15.13,0.9708,Muy bajo,Muy bajo,0.5,0.65,0.0,19.06,93.64,90.78,98.41,79.33,68.36,70.11,,1.0,1.0
0901500011445,Cuauhtémoc,1674,26,13,0,1643,1518,321,733,685,647,719,552,511,504,0,14.99,0.9606,Bajo,Muy bajo,1.55,0.79,0.0,19.18,93.45,88.27,98.09,75.31,69.71,68.76,0.0,2.0,1.0
0901500011483,Cuauhtémoc,7382,343,232,0,7153,6005,2638,2517,1987,1552,2330,1814,1160,959,13,11.87,0.9513,Bajo,Bajo,4.65,3.24,0.0,35.74,78.94,61.66,92.57,72.07,46.09,38.1,0.52,2.0,2.0
0901500010998,Cuauhtémoc,2370,337,194,,2314,2077,681,1085,972,875,1057,856,658,751,5,14.01,0.9582,Bajo,Muy bajo,14.22,8.38,,28.73,89.59,80.65,97.42,78.89,60.65,69.22,0.46,2.0,1.0
0901500010076,Cuauhtémoc,6626,87,47,0,6473,5667,1124,2475,2056,1745,2336,2069,1324,1102,3,12.44,0.9656,Bajo,Muy bajo,1.31,0.73,0.0,16.96,83.07,70.51,94.38,83.6,53.49,44.53,0.12,2.0,1.0
0901500010095,Cuauhtémoc,3670,75,32,0,3573,3090,877,1198,902,688,1066,922,624,339,7,11.8,0.9623,Bajo,Bajo,2.04,0.9,0.0,23.9,75.29,57.43,88.98,76.96,52.09,28.3,0.58,2.0,2.0
0901500010199,Cuauhtémoc,490,7,3,0,483,440,88,194,169,157,178,150,130,108,,13.73,0.9675,Muy bajo,Muy bajo,1.43,0.62,0.0,17.96,87.11,80.93,91.75,77.32,67.01,55.67,,1.0,1.0
0901500010818,Cuauhtémoc,172,19,5,0,171,159,59,75,66,53,70,50,24,15,0,12.97,0.9564,Bajo,Muy bajo,11.05,2.92,0.0,34.3,88.0,70.67,93.33,66.67,32.0,20.0,0.0,2.0,1.0
0901500010339,Cuauhtémoc,4888,164,69,,4696,3807,1814,1489,973,670,1327,1126,427,359,6,10.36,0.9419,Medio,Bajo,3.36,1.47,,37.11,65.35,45.0,89.12,75.62,28.68,24.11,0.4,3.0,2.0
090150001049A,Cuauhtémoc,1836,149,64,0,1780,1531,565,610,459,365,575,477,271,244,0,11.81,0.9497,Bajo,Bajo,8.12,3.6,0.0,30.77,75.25,59.84,94.26,78.2,44.43,40.0,0.0,2.0,2.0
0901500010502,Cuauhtémoc,8991,132,68,0,8735,7488,2430,3112,2276,1849,2833,2227,1326,1031,33,11.76,0.9545,Bajo,Bajo,1.47,0.78,0.0,27.03,73.14,59.42,91.03,71.56,42.61,33.13,1.06,2.0,2.0
0901500010521,Cuauhtémoc,8735,163,73,0,8452,7149,2373,2996,2292,1786,2790,2283,1548,1207,13,11.69,0.9504,Bajo,Bajo,1.87,0.86,0.0,27.17,76.5,59.61,93.12,76.2,51.67,40.29,0.43,2.0,2.0
0901500010540,Cuauhtémoc,6835,382,162,3,6585,5433,3096,2207,1191,697,2004,1485,683,424,7,9.92,0.9255,Alto,Medio,5.59,2.46,0.05,45.3,53.96,31.58,90.8,67.29,30.95,19.21,0.32,4.0,3.0
090150001056A,Cuauhtémoc,7081,178,77,0,6862,5896,2158,2347,1684,1254,2175,1841,930,805,7,10.99,0.9528,Bajo,Bajo,2.51,1.12,0.0,30.48,71.75,53.43,92.67,78.44,39.63,34.3,0.3,2.0,2.0
0901500010574,Cuauhtémoc,10841,249,117,,10477,8833,3201,3548,2589,2021,3278,2701,1420,1169,18,11.16,0.9542,Bajo,Bajo,2.3,1.12,,29.53,72.97,56.96,92.39,76.13,40.02,32.95,0.51,2.0,2.0
090150001063A,Cuauhtémoc,4292,257,120,0,4157,3510,1383,1483,1073,862,1369,1097,480,526,4,11.18,0.9503,Bajo,Bajo,5.99,2.89,0.0,32.22,72.35,58.13,92.31,73.97,32.37,35.47,0.27,2.0,2.0
0901500010644,Cuauhtémoc,8279,837,382,,7998,6752,3424,2722,1822,1209,2436,2101,696,655,24,10.07,0.9295,Medio,Bajo,10.11,4.78,,41.36,66.94,44.42,89.49,77.19,25.57,24.06,0.88,3.0,2.0
0901500010659,Cuauhtémoc,4180,224,95,,4044,3336,1950,1227,823,448,1102,907,272,225,7,9.93,0.9323,Medio,Bajo,5.36,2.35,,46.65,67.07,36.51,89.81,73.92,22.17,18.34,0.57,3.0,2.0
0901500010729,Cuauhtémoc,359,,,0,354,335,61,193,183,179,193,150,123,155,0,16.07,0.9868,Muy bajo,Muy bajo,,,0.0,16.99,94.82,92.75,100.0,77.72,63.73,80.31,0.0,1.0,1.0
0901500010771,Cuauhtémoc,947,193,79,3,914,717,386,209,136,81,190,183,30,30,3,9.05,0.9186,Alto,Medio,20.38,8.64,0.33,40.76,65.07,38.76,90.91,87.56,14.35,14.35,1.44,4.0,3.0
0901500010786,Cuauhtémoc,2006,237,116,0,1931,1533,924,540,342,228,495,401,94,123,0,9.51,0.93,Medio,Medio,11.81,6.01,0.0,46.06,63.33,42.22,91.67,74.26,17.41,22.78,0.0,3.0,3.0
0901500010790,Cuauhtémoc,2984,43,26,,2929,2716,475,1491,1408,1335,1458,1298,1032,951,,15.22,0.9699,Muy bajo,Muy bajo,1.44,0.89,,15.92,94.43,89.54,97.79,87.06,69.22,63.78,,1.0,1.0
0901500010803,Cuauhtémoc,974,17,10,0,944,908,240,524,483,477,500,332,277,352,0,15.25,0.955,Bajo,Muy bajo,1.75,1.06,0.0,24.64,92.18,91.03,95.42,63.36,52.86,67.18,0.0,2.0,1.0
0901500010841,Cuauhtémoc,1803,35,13,0,1756,1634,405,924,833,814,898,769,545,565,3,14.62,0.9696,Muy bajo,Muy bajo,1.94,0.74,0.0,22.46,90.15,88.1,97.19,83.23,58.98,61.15,0.32,1.0,1.0
0901500010856,Cuauhtémoc,2963,204,117,0,2878,2614,618,1284,1124,1019,1219,1054,578,823,4,13.75,0.9625,Bajo,Muy bajo,6.88,4.07,0.0,20.86,87.54,79.36,94.94,82.09,45.02,64.1,0.31,2.0,1.0
090150001088A,Cuauhtémoc,2011,94,44,0,1974,1733,808,626,469,362,578,520,184,192,3,11.24,0.9395,Medio,Bajo,4.67,2.23,0.0,40.18,74.92,57.83,92.33,83.07,29.39,30.67,0.48,3.0,2.0
0901500010894,Cuauhtémoc,2048,85,45,,1979,1737,855,687,540,410,628,446,177,124,3,11.65,0.924,Alto,Bajo,4.15,2.27,,41.75,78.6,59.68,91.41,64.92,25.76,18.05,0.44,4.0,2.0
0901500010220,Cuauhtémoc,832,13,5,0,820,730,159,324,259,211,288,270,185,125,0,13.35,0.9629,Bajo,Muy bajo,1.56,0.61,0.0,19.11,79.94,65.12,88.89,83.33,57.1,38.58,0.0,2.0,1.0
0901500010907,Cuauhtémoc,2642,542,290,3,2535,2094,1380,713,458,321,665,602,165,195,3,10.03,0.9301,Medio,Bajo,20.51,11.44,0.12,52.23,64.24,45.02,93.27,84.43,23.14,27.35,0.42,3.0,2.0
0901500011159,Cuauhtémoc,4258,215,82,0,4142,3632,1321,1413,1078,840,1305,1200,696,528,4,11.71,0.9549,Bajo,Bajo,5.05,1.98,0.0,31.02,76.29,59.45,92.36,84.93,49.26,37.37,0.28,2.0,2.0
0901500010273,Cuauhtémoc,594,3,4,0,590,543,106,229,207,199,220,191,171,148,0,14.64,0.9814,Muy bajo,Muy bajo,0.51,0.68,0.0,17.85,90.39,86.9,96.07,83.41,74.67,64.63,0.0,1.0,1.0
0901500010288,Cuauhtémoc,235,0,0,0,233,213,55,91,85,76,85,75,69,56,0,13.89,0.9812,Muy bajo,Muy bajo,0.0,0.0,0.0,23.4,93.41,83.52,93.41,82.42,75.82,61.54,0.0,1.0,1.0
0901500010305,Cuauhtémoc,1377,9,7,0,1346,1180,346,553,456,387,512,402,314,245,,13.19,0.9696,Muy bajo,Muy bajo,0.65,0.52,0.0,25.13,82.46,69.98,92.59,72.69,56.78,44.3,,1.0,1.0
0901500010517,Cuauhtémoc,8412,258,101,,8123,6801,1817,2685,2089,1578,2524,1989,1354,1021,5,11.53,0.9619,Bajo,Bajo,3.07,1.24,,21.6,77.8,58.77,94.0,74.08,50.43,38.03,0.19,2.0,2.0
0901500010409,Cuauhtémoc,1281,24,10,0,1257,1147,286,512,452,384,485,383,280,246,0,13.83,0.968,Muy bajo,Muy bajo,1.87,0.8,0.0,22.33,88.28,75.0,94.73,74.8,54.69,48.05,0.0,1.0,1.0
0901500010682,Cuauhtémoc,5682,116,55,0,5549,5015,1155,2323,2072,1836,2230,1741,1336,1289,11,14.27,0.9748,Muy bajo,Muy bajo,2.04,0.99,0.0,20.33,89.2,79.04,96.0,74.95,57.51,55.49,0.47,1.0,1.0
090150001113A,Cuauhtémoc,9074,191,84,,8840,7655,2446,3317,2636,2147,3091,2555,1789,1436,16,12.05,0.9577,Bajo,Bajo,2.1,0.95,,26.96,79.47,64.73,93.19,77.03,53.93,43.29,0.48,2.0,2.0
090150001106A,Cuauhtémoc,6265,366,157,0,6067,5094,1996,2038,1584,1231,1910,1602,930,780,3,11.8,0.9589,Bajo,Bajo,5.84,2.59,0.0,31.86,77.72,60.4,93.72,78.61,45.63,38.27,0.15,2.0,2.0
0901500010343,Cuauhtémoc,10857,692,305,,10428,8376,4574,3132,1973,1220,2788,2145,789,661,27,9.81,0.9347,Medio,Bajo,6.37,2.92,,42.13,62.99,38.95,89.02,68.49,25.19,21.1,0.86,3.0,2.0
0901500010269,Cuauhtémoc,1259,21,7,0,1238,1102,294,484,429,361,462,378,287,229,,13.69,0.9741,Muy bajo,Muy bajo,1.67,0.57,0.0,23.35,88.64,74.59,95.45,78.1,59.3,47.31,,1.0,1.0
0901500010019,Cuauhtémoc,4263,81,33,0,4161,3598,1254,1358,1016,824,1242,945,697,478,,11.76,0.9619,Bajo,Bajo,1.9,0.79,0.0,29.42,74.82,60.68,91.46,69.59,51.33,35.2,,2.0,2.0
0901500010396,Cuauhtémoc,448,9,7,0,442,404,102,175,144,133,165,127,101,86,0,13.41,0.9717,Muy bajo,Muy bajo,2.01,1.58,0.0,22.77,82.29,76.0,94.29,72.57,57.71,49.14,0.0,1.0,1.0
0901500010733,Cuauhtémoc,369,14,7,0,357,327,77,145,130,128,135,123,103,93,0,12.91,0.9614,Bajo,Muy bajo,3.79,1.96,0.0,20.87,89.66,88.28,93.1,84.83,71.03,64.14,0.0,2.0,1.0
0901500011125,Cuauhtémoc,8637,189,91,0,8424,7412,2200,3263,2754,2304,3069,2643,1856,1555,6,12.77,0.9643,Bajo,Muy bajo,2.19,1.08,0.0,25.47,84.4,70.61,94.05,81.0,56.88,47.66,0.18,2.0,1.0
0901500011341,Cuauhtémoc,3497,63,47,,3412,3132,735,1602,1511,1413,1560,1118,1000,1157,4,15.31,0.9752,Muy bajo,Muy bajo,1.8,1.38,,21.02,94.32,88.2,97.38,69.79,62.42,72.22,0.25,1.0,1.0
0901500011356,Cuauhtémoc,3309,96,62,0,3268,3018,860,1419,1281,1193,1357,1175,856,882,4,14.43,0.9689,Muy bajo,Muy bajo,2.9,1.9,0.0,25.99,90.27,84.07,95.63,82.8,60.32,62.16,0.28,1.0,1.0
0901500011534,Cuauhtémoc,3133,98,43,0,3069,2687,904,1127,937,800,1083,856,774,574,,12.56,0.9647,Bajo,Muy bajo,3.13,1.4,0.0,28.85,83.14,70.98,96.1,75.95,68.68,50.93,,2.0,1.0
0901500010235,Cuauhtémoc,1280,27,14,0,1260,1138,301,511,435,381,480,402,324,245,,13.19,0.9697,Muy bajo,Muy bajo,2.11,1.11,0.0,23.52,85.13,74.56,93.93,78.67,63.41,47.95,,1.0,1.0
0901500010767,Cuauhtémoc,260,18,8,0,255,224,77,91,71,60,82,67,27,43,0,12.68,0.9541,Bajo,Bajo,6.92,3.14,0.0,29.62,78.02,65.93,90.11,73.63,29.67,47.25,0.0,2.0,2.0
090150001095A,Cuauhtémoc,738,36,10,0,719,659,264,373,332,289,363,272,156,239,0,13.31,0.9544,Bajo,Muy bajo,4.88,1.39,0.0,35.77,89.01,77.48,97.32,72.92,41.82,64.08,0.0,2.0,1.0
0901500010964,Cuauhtémoc,3794,115,53,,3676,3114,1295,1290,972,773,1190,1035,485,510,5,11.09,0.948,Bajo,Bajo,3.03,1.44,,34.13,75.35,59.92,92.25,80.23,37.6,39.53,0.39,2.0,2.0
0901500010979,Cuauhtémoc,2385,191,90,0,2281,1866,1094,728,483,320,663,530,165,153,7,10.28,0.9323,Medio,Bajo,8.01,3.95,0.0,45.87,66.35,43.96,91.07,72.8,22.66,21.02,0.96,3.0,2.0
0901500011036,Cuauhtémoc,6722,175,91,,6512,5590,1659,2288,1897,1626,2167,1678,1316,1036,4,12.27,0.9646,Bajo,Muy bajo,2.6,1.4,,24.68,82.91,71.07,94.71,73.34,57.52,45.28,0.17,2.0,1.0
0901500011040,Cuauhtémoc,5119,149,76,0,4966,4234,1609,1738,1441,1144,1645,1449,910,703,9,11.92,0.9592,Bajo,Muy bajo,2.91,1.53,0.0,31.43,82.91,65.82,94.65,83.37,52.36,40.45,0.52,2.0,1.0
0901500011093,Cuauhtémoc,901,7,9,0,881,844,182,427,399,370,403,330,277,305,0,15.25,0.9656,Bajo,Muy bajo,0.78,1.02,0.0,20.2,93.44,86.65,94.38,77.28,64.87,71.43,0.0,2.0,1.0
0901500010381,Cuauhtémoc,1189,8,4,0,1174,1057,255,484,420,374,461,376,303,221,0,13.59,0.9679,Muy bajo,Muy bajo,0.67,0.34,0.0,21.45,86.78,77.27,95.25,77.69,62.6,45.66,0.0,1.0,1.0
0901500010292,Cuauhtémoc,1418,25,18,0,1393,1241,322,569,478,421,536,436,330,307,0,13.5,0.9702,Muy bajo,Muy bajo,1.76,1.29,0.0,22.71,84.01,73.99,94.2,76.63,58.0,53.95,0.0,1.0,1.0
090150001024A,Cuauhtémoc,1076,12,7,0,1058,945,236,432,370,328,414,317,243,211,0,13.73,0.9758,Muy bajo,Muy bajo,1.12,0.66,0.0,21.93,85.65,75.93,95.83,73.38,56.25,48.84,0.0,1.0,1.0
0901500010108,Cuauhtémoc,3456,55,20,0,3394,2902,953,1120,845,646,1018,856,538,341,,11.5,0.9589,Bajo,Bajo,1.59,0.59,0.0,27.58,75.45,57.68,90.89,76.43,48.04,30.45,,2.0,2.0
0901500010131,Cuauhtémoc,2585,74,32,0,2513,2107,897,838,619,470,773,588,351,250,0,11.27,0.9561,Bajo,Bajo,2.86,1.27,0.0,34.7,73.87,56.09,92.24,70.17,41.89,29.83,0.0,2.0,2.0
0901500010150,Cuauhtémoc,1556,21,9,0,1504,1290,473,478,366,277,445,348,229,153,,11.56,0.9583,Bajo,Bajo,1.35,0.6,0.0,30.4,76.57,57.95,93.1,72.8,47.91,32.01,,2.0,2.0
090150001031A,Cuauhtémoc,1351,30,16,0,1318,1178,249,545,442,372,507,438,280,227,0,13.24,0.9725,Muy bajo,Muy bajo,2.22,1.21,0.0,18.43,81.1,68.26,93.03,80.37,51.38,41.65,0.0,1.0,1.0
0901500010324,Cuauhtémoc,695,0,0,0,680,623,126,302,255,224,290,221,165,153,,13.62,0.9733,Muy bajo,Muy bajo,0.0,0.0,0.0,18.13,84.44,74.17,96.03,73.18,54.64,50.66,,1.0,1.0
0901500010606,Cuauhtémoc,5014,180,102,0,4895,4391,1178,1864,1552,1354,1769,1493,928,929,3,13.09,0.9666,Muy bajo,Muy bajo,3.59,2.08,0.0,23.49,83.26,72.64,94.9,80.1,49.79,49.84,0.16,1.0,1.0
0901500010610,Cuauhtémoc,10667,588,235,,10421,8934,3027,3563,2706,2222,3366,2655,1355,1350,12,11.86,0.956,Bajo,Bajo,5.51,2.26,,28.38,75.95,62.36,94.47,74.52,38.03,37.89,0.34,2.0,2.0
0901500010625,Cuauhtémoc,1497,82,33,0,1469,1259,277,502,352,267,459,351,188,193,0,11.3,0.9602,Bajo,Bajo,5.48,2.25,0.0,18.5,70.12,53.19,91.43,69.92,37.45,38.45,0.0,2.0,2.0
0901500010822,Cuauhtémoc,4209,35,31,,4106,3832,691,1982,1882,1776,1937,1633,1330,1480,5,15.39,0.9802,Muy bajo,Muy bajo,0.83,0.75,,16.42,94.95,89.61,97.73,82.39,67.1,74.67,0.25,1.0,1.0
0901500010837,Cuauhtémoc,732,12,4,0,724,673,103,409,389,364,394,321,261,264,0,15.8,0.9692,Muy bajo,Muy bajo,1.64,0.55,0.0,14.07,95.11,89.0,96.33,78.48,63.81,64.55,0.0,1.0,1.0
0901500010428,Cuauhtémoc,1578,30,14,0,1553,1386,373,624,526,453,588,466,403,284,0,13.53,0.9743,Muy bajo,Muy bajo,1.9,0.9,0.0,23.64,84.29,72.6,94.23,74.68,64.58,45.51,0.0,1.0,1.0
0901500010201,Cuauhtémoc,1612,16,12,0,1584,1388,339,645,559,444,600,417,422,264,0,13.32,0.9714,Muy bajo,Muy bajo,0.99,0.76,0.0,21.03,86.67,68.84,93.02,64.65,65.43,40.93,0.0,1.0,1.0
0901500011017,Cuauhtémoc,4538,131,70,0,4449,4022,1067,1823,1604,1454,1747,1470,1005,1111,3,14.09,0.9694,Muy bajo,Muy bajo,2.89,1.57,0.0,23.51,87.99,79.76,95.83,80.64,55.13,60.94,0.16,1.0,1.0
0901500011110,Cuauhtémoc,6307,386,233,,6193,5643,1640,2627,2322,2139,2529,2029,1539,1588,6,13.91,0.9677,Muy bajo,Muy bajo,6.12,3.76,,26.0,88.39,81.42,96.27,77.24,58.58,60.45,0.23,1.0,1.0
0901500011337,Cuauhtémoc,1967,41,37,0,1914,1773,361,913,863,798,882,746,543,611,0,15.07,0.973,Muy bajo,Muy bajo,2.08,1.93,0.0,18.35,94.52,87.4,96.6,81.71,59.47,66.92,0.0,1.0,1.0
0901500011318,Cuauhtémoc,2378,25,24,0,2327,2151,390,1082,1012,972,1050,860,675,697,,15.12,0.9747,Muy bajo,Muy bajo,1.05,1.03,0.0,16.4,93.53,89.83,97.04,79.48,62.38,64.42,,1.0,1.0
0901500011322,Cuauhtémoc,1252,11,11,0,1234,1154,217,553,527,502,541,414,414,387,,15.34,0.9729,Muy bajo,Muy bajo,0.88,0.89,0.0,17.33,95.3,90.78,97.83,74.86,74.86,69.98,,1.0,1.0
0901500010860,Cuauhtémoc,1788,201,134,3,1755,1586,561,706,587,525,653,460,283,377,4,12.45,0.945,Medio,Bajo,11.24,7.64,0.17,31.38,83.14,74.36,92.49,65.16,40.08,53.4,0.57,3.0,2.0
0901500010875,Cuauhtémoc,7970,464,200,5,7709,6643,2538,2698,2175,1813,2547,1864,1203,1061,5,11.98,0.9509,Bajo,Bajo,5.82,2.59,0.06,31.84,80.62,67.2,94.4,69.09,44.59,39.33,0.19,2.0,2.0
0901500011106,Cuauhtémoc,1552,162,121,3,1515,1410,343,737,669,647,689,578,529,562,13,13.62,0.9235,Alto,Muy bajo,10.44,7.99,0.2,22.1,90.77,87.79,93.49,78.43,71.78,76.26,1.76,4.0,1.0
0901500011002,Cuauhtémoc,2701,42,31,,2661,2483,506,1205,1127,1067,1169,914,827,898,0,15.01,0.9682,Muy bajo,Muy bajo,1.55,1.16,,18.73,93.53,88.55,97.01,75.85,68.63,74.52,0.0,1.0,1.0
0900300011783,Coyoacán,3170,38,24,0,3092,2798,571,1277,1184,1111,1250,1003,779,769,0,14.88,0.9822,Muy bajo,Muy bajo,1.2,0.78,0.0,18.01,92.72,87.0,97.89,78.54,61.0,60.22,0.0,1.0,1.0
0900300010357,Coyoacán,4074,107,47,0,3943,3379,1452,1199,787,547,1048,890,420,276,3,10.48,0.9322,Medio,Bajo,2.63,1.19,0.0,35.64,65.64,45.62,87.41,74.23,35.03,23.02,0.25,3.0,2.0
0900300010361,Coyoacán,1977,28,16,0,1942,1794,488,671,615,548,634,524,422,354,0,13.67,0.9704,Muy bajo,Muy bajo,1.42,0.82,0.0,24.68,91.65,81.67,94.49,78.09,62.89,52.76,0.0,1.0,1.0
0900300010728,Coyoacán,3836,22,15,0,3786,3465,985,1248,1109,1000,1188,1055,842,600,0,14.18,0.9671,Muy bajo,Muy bajo,0.57,0.4,0.0,25.68,88.86,80.13,95.19,84.54,67.47,48.08,0.0,1.0,1.0
090030001054A,Coyoacán,784,18,13,0,777,730,180,309,285,274,294,279,210,172,0,15.35,0.9753,Muy bajo,Muy bajo,2.3,1.67,0.0,22.96,92.23,88.67,95.15,90.29,67.96,55.66,0.0,1.0,1.0
0900300010111,Coyoacán,1380,33,37,0,1362,1215,269,374,332,315,355,287,268,219,,14.26,0.9624,Bajo,Muy bajo,2.39,2.72,0.0,19.49,88.77,84.22,94.92,76.74,71.66,58.56,,2.0,1.0
0900300011092,Coyoacán,5787,76,48,0,5671,5121,1492,1819,1744,1605,1792,1629,1363,1206,,13.64,0.9754,Muy bajo,Muy bajo,1.31,0.85,0.0,25.78,95.88,88.24,98.52,89.55,74.93,66.3,,1.0,1.0
0900300010906,Coyoacán,3324,48,19,0,3265,2912,712,1129,981,904,1067,924,701,515,,13.64,0.9707,Muy bajo,Muy bajo,1.44,0.58,0.0,21.42,86.89,80.07,94.51,81.84,62.09,45.62,,1.0,1.0
0900300011425,Coyoacán,6786,213,104,,6600,5640,2261,1832,1395,1107,1684,1492,875,594,6,11.51,0.9496,Bajo,Bajo,3.14,1.58,,33.32,76.15,60.43,91.92,81.44,47.76,32.42,0.33,2.0,2.0
0900300011444,Coyoacán,2651,27,20,0,2606,2349,683,966,912,826,945,753,692,552,0,14.66,0.9775,Muy bajo,Muy bajo,1.02,0.77,0.0,25.76,94.41,85.51,97.83,77.95,71.64,57.14,0.0,1.0,1.0
0900300010018,Coyoacán,1658,30,31,0,1634,1493,414,656,613,564,631,494,441,358,0,14.93,0.9666,Muy bajo,Muy bajo,1.81,1.9,0.0,24.97,93.45,85.98,96.19,75.3,67.23,54.57,0.0,1.0,1.0
0900300011105,Coyoacán,2795,,38,0,2754,2454,537,841,817,773,821,689,746,635,,15.02,0.9821,Muy bajo,Muy bajo,,1.38,0.0,19.21,97.15,91.91,97.62,81.93,88.7,75.51,,1.0,1.0
0900300011618,Coyoacán,1151,9,8,0,1140,1054,184,388,365,350,383,316,302,243,,15.02,0.9776,Muy bajo,Muy bajo,0.78,0.7,0.0,15.99,94.07,90.21,98.71,81.44,77.84,62.63,,1.0,1.0
0900300011073,Coyoacán,1616,17,9,0,1581,1425,454,516,488,434,508,391,378,241,,14.65,0.9754,Muy bajo,Muy bajo,1.05,0.57,0.0,28.09,94.57,84.11,98.45,75.78,73.26,46.71,,1.0,1.0
0900300010037,Coyoacán,1428,16,20,0,1396,1248,362,465,422,385,438,342,327,250,,14.6,0.9731,Muy bajo,Muy bajo,1.12,1.43,0.0,25.35,90.75,82.8,94.19,73.55,70.32,53.76,,1.0,1.0
0900300011660,Coyoacán,3328,39,23,0,3245,2845,931,933,823,710,895,765,552,379,0,13.09,0.962,Bajo,Muy bajo,1.17,0.71,0.0,27.97,88.21,76.1,95.93,81.99,59.16,40.62,0.0,2.0,1.0
0900300011694,Coyoacán,1542,14,10,0,1514,1349,382,591,549,499,574,454,296,344,0,14.76,0.9802,Muy bajo,Muy bajo,0.91,0.66,0.0,24.77,92.89,84.43,97.12,76.82,50.08,58.21,0.0,1.0,1.0
0900300011730,Coyoacán,645,9,5,0,638,574,132,236,229,208,229,204,185,167,0,15.23,0.9817,Muy bajo,Muy bajo,1.4,0.78,0.0,20.47,97.03,88.14,97.03,86.44,78.39,70.76,0.0,1.0,1.0
090030001175A,Coyoacán,3635,40,21,0,3566,3138,783,1063,915,744,994,839,584,407,,12.4,0.9715,Muy bajo,Muy bajo,1.1,0.59,0.0,21.54,86.08,69.99,93.51,78.93,54.94,38.29,,1.0,1.0
0900300011764,Coyoacán,2890,88,30,0,2821,2479,724,961,823,676,913,748,476,395,3,12.15,0.9712,Muy bajo,Muy bajo,3.04,1.06,0.0,25.05,85.64,70.34,95.01,77.84,49.53,41.1,0.31,1.0,1.0
0900300011779,Coyoacán,1832,73,66,,1770,1526,471,619,531,442,593,455,332,255,0,12.55,0.9682,Muy bajo,Muy bajo,3.98,3.73,,25.71,85.78,71.41,95.8,73.51,53.63,41.2,0.0,1.0,1.0
0900300011798,Coyoacán,754,5,,0,725,629,151,314,309,282,309,250,264,241,0,15.65,0.9839,Muy bajo,Muy bajo,0.66,,0.0,20.03,98.41,89.81,98.41,79.62,84.08,76.75,0.0,1.0,1.0
0900300010060,Coyoacán,4299,69,50,0,4194,3731,1150,1419,1226,1100,1349,1258,846,656,0,13.42,0.9628,Bajo,Muy bajo,1.61,1.19,0.0,26.75,86.4,77.52,95.07,88.65,59.62,46.23,0.0,2.0,1.0
0900300011139,Coyoacán,691,5,5,0,680,623,143,231,210,191,218,188,151,124,0,14.54,0.9717,Muy bajo,Muy bajo,0.72,0.74,0.0,20.69,90.91,82.68,94.37,81.39,65.37,53.68,0.0,1.0,1.0
0900300010022,Coyoacán,1569,20,14,0,1548,1435,362,583,536,519,566,448,434,304,,14.97,0.9707,Muy bajo,Muy bajo,1.27,0.9,0.0,23.07,91.94,89.02,97.08,76.84,74.44,52.14,,1.0,1.0
0900300010041,Coyoacán,3006,43,35,0,2944,2756,793,1301,1202,1151,1252,1100,880,803,3,14.81,0.9727,Muy bajo,Muy bajo,1.43,1.19,0.0,26.38,92.39,88.47,96.23,84.55,67.64,61.72,0.23,1.0,1.0
090030001008A,Coyoacán,2297,11,18,0,2262,2093,612,709,670,621,692,657,552,408,0,14.6,0.9793,Muy bajo,Muy bajo,0.48,0.8,0.0,26.64,94.5,87.59,97.6,92.67,77.86,57.55,0.0,1.0,1.0
0900300010075,Coyoacán,2825,33,23,0,2785,2567,743,1054,971,881,1011,864,724,643,0,14.44,0.9668,Muy bajo,Muy bajo,1.17,0.83,0.0,26.3,92.13,83.59,95.92,81.97,68.69,61.01,0.0,1.0,1.0
0900300010713,Coyoacán,4685,71,41,0,4592,4180,1250,1440,1288,1144,1352,1222,932,617,0,14.08,0.9732,Muy bajo,Muy bajo,1.52,0.89,0.0,26.68,89.44,79.44,93.89,84.86,64.72,42.85,0.0,1.0,1.0
0900300011124,Coyoacán,5743,183,94,0,5599,4789,1731,1794,1366,1186,1683,1354,976,763,7,12.28,0.949,Bajo,Bajo,3.19,1.68,0.0,30.14,76.14,66.11,93.81,75.47,54.4,42.53,0.39,2.0,2.0
0900300010094,Coyoacán,3531,49,27,0,3477,3196,935,1163,1059,977,1110,1017,779,589,3,14.12,0.9717,Muy bajo,Muy bajo,1.39,0.78,0.0,26.48,91.06,84.01,95.44,87.45,66.98,50.64,0.26,1.0,1.0
0900300010107,Coyoacán,6992,94,51,0,6845,6156,1729,2337,2022,1789,2205,1971,1478,1117,4,13.41,0.9674,Muy bajo,Muy bajo,1.34,0.75,0.0,24.73,86.52,76.55,94.35,84.34,63.24,47.8,0.17,1.0,1.0
0900300010130,Coyoacán,2171,24,37,,2135,1951,610,738,663,616,699,618,482,371,,14.15,0.9668,Muy bajo,Muy bajo,1.11,1.73,,28.1,89.84,83.47,94.72,83.74,65.31,50.27,,1.0,1.0
090030001015A,Coyoacán,5065,86,61,0,4987,4516,1110,1825,1643,1507,1741,1503,1206,1112,,14.21,0.9669,Muy bajo,Muy bajo,1.7,1.22,0.0,21.92,90.03,82.58,95.4,82.36,66.08,60.93,,1.0,1.0
0900300010179,Coyoacán,2198,23,20,0,2174,1997,494,748,710,656,738,707,560,461,0,14.49,0.9768,Muy bajo,Muy bajo,1.05,0.92,0.0,22.47,94.92,87.7,98.66,94.52,74.87,61.63,0.0,1.0,1.0
0900300010234,Coyoacán,710,12,11,0,691,619,120,245,236,228,242,201,184,178,0,15.5,0.9807,Muy bajo,Muy bajo,1.69,1.59,0.0,16.9,96.33,93.06,98.78,82.04,75.1,72.65,0.0,1.0,1.0
0900300011228,Coyoacán,2280,342,91,0,2210,1775,876,537,406,313,495,461,242,189,,10.77,0.9307,Medio,Bajo,15.0,4.12,0.0,38.42,75.61,58.29,92.18,85.85,45.07,35.2,,3.0,2.0
0900300010412,Coyoacán,3853,63,40,0,3805,3532,694,1433,1340,1255,1380,1198,890,841,0,14.92,0.9767,Muy bajo,Muy bajo,1.64,1.05,0.0,18.01,93.51,87.58,96.3,83.6,62.11,58.69,0.0,1.0,1.0
090030001168A,Coyoacán,1544,16,6,0,1511,1391,361,609,560,517,600,468,306,343,0,14.55,0.9825,Muy bajo,Muy bajo,1.04,0.4,0.0,23.38,91.95,84.89,98.52,76.85,50.25,56.32,0.0,1.0,1.0
0900300011707,Coyoacán,5005,34,16,0,4910,4405,1368,1590,1503,1408,1553,1378,1229,1001,3,14.05,0.969,Muy bajo,Muy bajo,0.68,0.33,0.0,27.33,94.53,88.55,97.67,86.67,77.3,62.96,0.19,1.0,1.0
0900300011726,Coyoacán,2983,27,18,0,2936,2626,769,941,846,753,914,768,625,430,0,13.84,0.9667,Muy bajo,Muy bajo,0.91,0.61,0.0,25.78,89.9,80.02,97.13,81.62,66.42,45.7,0.0,1.0,1.0
0900300011745,Coyoacán,3535,36,20,0,3432,2954,776,1171,957,803,1112,856,633,491,0,12.8,0.9687,Muy bajo,Muy bajo,1.02,0.58,0.0,21.95,81.73,68.57,94.96,73.1,54.06,41.93,0.0,1.0,1.0
0900300011317,Coyoacán,2754,35,11,0,2700,2334,634,786,658,570,732,640,373,318,,11.92,0.9629,Bajo,Muy bajo,1.27,0.41,0.0,23.02,83.72,72.52,93.13,81.42,47.46,40.46,,2.0,1.0
0900300011478,Coyoacán,3845,33,14,0,3780,3305,790,1197,984,788,1111,892,514,388,,12.1,0.9552,Bajo,Muy bajo,0.86,0.37,0.0,20.55,82.21,65.83,92.82,74.52,42.94,32.41,,2.0,1.0
0900300011143,Coyoacán,540,0,,0,529,470,105,178,164,153,174,152,126,101,0,14.92,0.9739,Muy bajo,Muy bajo,0.0,,0.0,19.44,92.13,85.96,97.75,85.39,70.79,56.74,0.0,1.0,1.0
0900300011529,Coyoacán,5698,54,39,0,5590,5098,1136,2255,2095,1965,2179,1897,1582,1502,,14.98,0.9792,Muy bajo,Muy bajo,0.95,0.7,0.0,19.94,92.9,87.14,96.63,84.12,70.16,66.61,,1.0,1.0
0900300011675,Coyoacán,3996,36,32,0,3923,3436,1222,1175,1048,933,1127,864,833,658,,13.55,0.9548,Bajo,Muy bajo,0.9,0.82,0.0,30.58,89.19,79.4,95.91,73.53,70.89,56.0,,2.0,1.0
0900300010164,Coyoacán,2900,51,36,0,2837,2542,593,1073,993,908,1049,911,751,652,0,14.46,0.9784,Muy bajo,Muy bajo,1.76,1.27,0.0,20.45,92.54,84.62,97.76,84.9,69.99,60.76,0.0,1.0,1.0
0900300010183,Coyoacán,2789,31,23,0,2734,2501,694,1065,978,915,1027,937,729,597,,14.79,0.9784,Muy bajo,Muy bajo,1.11,0.84,0.0,24.88,91.83,85.92,96.43,87.98,68.45,56.06,,1.0,1.0
0900300010198,Coyoacán,1649,16,9,0,1626,1461,375,495,444,418,478,447,360,257,0,14.25,0.971,Muy bajo,Muy bajo,0.97,0.55,0.0,22.74,89.7,84.44,96.57,90.3,72.73,51.92,0.0,1.0,1.0
0900300010200,Coyoacán,5523,67,46,0,5417,4841,1368,1996,1839,1648,1957,1516,1438,1264,0,14.17,0.9759,Muy bajo,Muy bajo,1.21,0.85,0.0,24.77,92.13,82.57,98.05,75.95,72.04,63.33,0.0,1.0,1.0
0900300010215,Coyoacán,6100,40,36,,5970,5223,1489,2258,2144,1986,2226,1878,1770,1462,,14.52,0.9673,Muy bajo,Muy bajo,0.66,0.6,,24.41,94.95,87.95,98.58,83.17,78.39,64.75,,1.0,1.0
090030001022A,Coyoacán,8705,285,114,,8423,7062,2012,2462,1907,1538,2324,2106,1159,853,5,11.45,0.9567,Bajo,Bajo,3.27,1.35,,23.11,77.46,62.47,94.39,85.54,47.08,34.65,0.2,2.0,2.0
0900300010249,Coyoacán,740,4,8,0,732,663,187,263,244,228,250,205,174,139,0,15.01,0.98,Muy bajo,Muy bajo,0.54,1.09,0.0,25.27,92.78,86.69,95.06,77.95,66.16,52.85,0.0,1.0,1.0
0900300010268,Coyoacán,1305,12,13,0,1291,1207,313,471,431,383,440,371,318,217,,14.51,0.974,Muy bajo,Muy bajo,0.92,1.01,0.0,23.98,91.51,81.32,93.42,78.77,67.52,46.07,,1.0,1.0
0900300010380,Coyoacán,2851,33,26,0,2808,2631,490,1234,1158,1091,1195,990,806,719,0,15.53,0.9805,Muy bajo,Muy bajo,1.16,0.93,0.0,17.19,93.84,88.41,96.84,80.23,65.32,58.27,0.0,1.0,1.0
0900300010395,Coyoacán,2301,35,25,0,2269,2183,452,989,922,899,959,762,552,631,0,15.57,0.9743,Muy bajo,Muy bajo,1.52,1.1,0.0,19.64,93.23,90.9,96.97,77.05,55.81,63.8,0.0,1.0,1.0
0900300010408,Coyoacán,1576,37,22,0,1557,1477,310,641,610,579,630,495,404,412,0,15.6,0.981,Muy bajo,Muy bajo,2.35,1.41,0.0,19.67,95.16,90.33,98.28,77.22,63.03,64.27,0.0,1.0,1.0
0900300010535,Coyoacán,7676,385,191,7,7404,6126,2360,2243,1492,1149,2019,1815,875,650,21,10.49,0.9415,Medio,Bajo,5.02,2.58,0.09,30.75,66.52,51.23,90.01,80.92,39.01,28.98,0.94,3.0,2.0
0900300010821,Coyoacán,5221,86,31,0,5069,4286,1676,1499,1054,808,1348,1199,540,402,,11.06,0.9549,Bajo,Bajo,1.65,0.61,0.0,32.1,70.31,53.9,89.93,79.99,36.02,26.82,,2.0,2.0
0900300010836,Coyoacán,6381,182,74,,6192,5257,1895,1834,1256,940,1627,1383,626,371,7,11.14,0.9468,Bajo,Bajo,2.85,1.2,,29.7,68.48,51.25,88.71,75.41,34.13,20.23,0.38,2.0,2.0
0900300010840,Coyoacán,6633,191,93,0,6446,5528,1894,1892,1375,1070,1774,1511,737,510,3,11.39,0.9585,Bajo,Bajo,2.88,1.44,0.0,28.55,72.67,56.55,93.76,79.86,38.95,26.96,0.16,2.0,2.0
0900300010855,Coyoacán,2696,41,21,0,2626,2330,687,806,651,557,757,657,411,257,,12.62,0.9634,Bajo,Muy bajo,1.52,0.8,0.0,25.48,80.77,69.11,93.92,81.51,50.99,31.89,,2.0,1.0
0900300010889,Coyoacán,2647,36,24,0,2596,2398,539,915,847,779,870,768,685,512,0,14.44,0.9739,Muy bajo,Muy bajo,1.36,0.92,0.0,20.36,92.57,85.14,95.08,83.93,74.86,55.96,0.0,1.0,1.0
0900300010893,Coyoacán,1749,0,9,0,1721,1574,401,583,535,501,558,505,443,346,0,14.85,0.9783,Muy bajo,Muy bajo,0.0,0.52,0.0,22.93,91.77,85.93,95.71,86.62,75.99,59.35,0.0,1.0,1.0
090030001093A,Coyoacán,1211,21,21,0,1197,1091,252,406,387,347,393,339,330,264,0,14.92,0.9763,Muy bajo,Muy bajo,1.73,1.75,0.0,20.81,95.32,85.47,96.8,83.5,81.28,65.02,0.0,1.0,1.0
0900300011020,Coyoacán,4471,76,43,,4376,3844,1046,1516,1323,1207,1432,1238,955,749,,13.75,0.971,Muy bajo,Muy bajo,1.7,0.98,,23.4,87.27,79.62,94.46,81.66,62.99,49.41,,1.0,1.0
090030001129A,Coyoacán,3454,30,14,0,3383,3003,711,1044,919,748,995,882,532,315,,12.75,0.9717,Muy bajo,Muy bajo,0.87,0.41,0.0,20.58,88.03,71.65,95.31,84.48,50.96,30.17,,1.0,1.0
090030001136A,Coyoacán,2243,17,9,0,2212,1974,332,781,701,619,749,653,480,354,,13.54,0.9785,Muy bajo,Muy bajo,0.76,0.41,0.0,14.8,89.76,79.26,95.9,83.61,61.46,45.33,,1.0,1.0
0900300011374,Coyoacán,2494,18,11,0,2460,2213,382,837,759,657,796,736,538,364,,13.32,0.9653,Bajo,Muy bajo,0.72,0.45,0.0,15.32,90.68,78.49,95.1,87.93,64.28,43.49,,2.0,1.0
0900300011389,Coyoacán,3600,65,26,0,3455,2822,1118,1065,669,418,939,817,300,180,5,9.92,0.9373,Medio,Bajo,1.81,0.75,0.0,31.06,62.82,39.25,88.17,76.71,28.17,16.9,0.47,3.0,2.0
0900300011393,Coyoacán,2828,110,40,0,2706,2245,596,790,567,399,697,629,291,196,,10.4,0.9572,Bajo,Bajo,3.89,1.48,0.0,21.07,71.77,50.51,88.23,79.62,36.84,24.81,,2.0,2.0
0900300011406,Coyoacán,3216,80,34,0,3099,2577,771,864,622,423,796,680,311,216,4,10.47,0.953,Bajo,Bajo,2.49,1.1,0.0,23.97,71.99,48.96,92.13,78.7,36.0,25.0,0.46,2.0,2.0
090030001143A,Coyoacán,2877,10,17,0,2839,2583,753,935,869,794,915,788,687,480,0,14.42,0.9734,Muy bajo,Muy bajo,0.35,0.6,0.0,26.17,92.94,84.92,97.86,84.28,73.48,51.34,0.0,1.0,1.0
090030001150A,Coyoacán,4541,38,20,0,4470,3994,937,1447,1275,1117,1385,1153,782,696,5,13.17,0.9569,Bajo,Muy bajo,0.84,0.45,0.0,20.63,88.11,77.19,95.72,79.68,54.04,48.1,0.35,2.0,1.0
0900300011514,Coyoacán,5908,64,30,0,5772,5025,1412,1730,1395,1105,1599,1425,809,666,10,11.67,0.9666,Muy bajo,Muy bajo,1.08,0.52,0.0,23.9,80.64,63.87,92.43,82.37,46.76,38.5,0.58,1.0,1.0
0900300011533,Coyoacán,22,0,0,0,21,20,12,9,3,3,8,7,,0,0,9.6,,,Medio,0.0,0.0,0.0,54.55,33.33,33.33,88.89,77.78,,0.0,0.0,,3.0
0900300011567,Coyoacán,1682,12,6,0,1648,1485,306,626,549,480,601,479,373,330,0,13.28,0.9731,Muy bajo,Muy bajo,0.71,0.36,0.0,18.19,87.7,76.68,96.01,76.52,59.58,52.72,0.0,1.0,1.0
0900300011590,Coyoacán,1941,24,7,0,1906,1718,302,676,586,523,636,534,370,316,0,13.23,0.9777,Muy bajo,Muy bajo,1.24,0.37,0.0,15.56,86.69,77.37,94.08,78.99,54.73,46.75,0.0,1.0,1.0
0900300011482,Coyoacán,4758,59,27,0,4685,4102,1033,1488,1244,991,1384,1301,700,552,,12.01,0.9653,Bajo,Muy bajo,1.24,0.58,0.0,21.71,83.6,66.6,93.01,87.43,47.04,37.1,,2.0,1.0
0900300010516,Coyoacán,1436,20,7,0,1401,1233,299,431,376,339,404,377,255,196,0,13.27,0.9675,Muy bajo,Muy bajo,1.39,0.5,0.0,20.82,87.24,78.65,93.74,87.47,59.16,45.48,0.0,1.0,1.0
0900300010145,Coyoacán,2090,41,30,0,2054,1866,445,777,702,665,743,666,528,435,0,14.53,0.9768,Muy bajo,Muy bajo,1.96,1.46,0.0,21.29,90.35,85.59,95.62,85.71,67.95,55.98,0.0,1.0,1.0
0900300010287,Coyoacán,8213,170,137,0,8007,7001,2409,2515,2226,1968,2373,2076,1503,1309,6,13.06,0.9531,Bajo,Muy bajo,2.07,1.71,0.0,29.33,88.51,78.25,94.35,82.54,59.76,52.05,0.24,2.0,1.0
0900300010291,Coyoacán,4212,44,33,0,4117,3663,867,1506,1339,1163,1445,1193,1013,741,3,13.46,0.9567,Bajo,Muy bajo,1.04,0.8,0.0,20.58,88.91,77.22,95.95,79.22,67.26,49.2,0.2,2.0,1.0
0900300010304,Coyoacán,1968,42,18,0,1938,1764,471,658,581,520,624,546,393,361,0,13.92,0.9689,Muy bajo,Muy bajo,2.13,0.93,0.0,23.93,88.3,79.03,94.83,82.98,59.73,54.86,0.0,1.0,1.0
0900300010319,Coyoacán,2494,21,20,,2446,2207,648,913,832,787,882,766,606,495,0,14.53,0.9612,Bajo,Muy bajo,0.84,0.82,,25.98,91.13,86.2,96.6,83.9,66.37,54.22,0.0,2.0,1.0
0900300010323,Coyoacán,2398,19,13,0,2368,2167,600,802,703,636,761,673,512,399,,14.1,0.9697,Muy bajo,Muy bajo,0.79,0.55,0.0,25.02,87.66,79.3,94.89,83.92,63.84,49.75,,1.0,1.0
0900300010342,Coyoacán,3376,27,20,0,3324,3025,772,1116,1019,944,1074,959,807,562,0,14.28,0.9769,Muy bajo,Muy bajo,0.8,0.6,0.0,22.87,91.31,84.59,96.24,85.93,72.31,50.36,0.0,1.0,1.0
0900300010376,Coyoacán,1268,20,9,0,1259,1174,194,513,470,461,499,374,305,309,0,15.0,0.9851,Muy bajo,Muy bajo,1.58,0.71,0.0,15.3,91.62,89.86,97.27,72.9,59.45,60.23,0.0,1.0,1.0
0900300011336,Coyoacán,2908,21,10,0,2853,2496,591,919,700,524,839,690,370,299,4,11.64,0.9543,Bajo,Bajo,0.72,0.35,0.0,20.32,76.17,57.02,91.29,75.08,40.26,32.54,0.44,2.0,2.0
0900300010427,Coyoacán,2116,35,42,0,2073,1863,546,618,585,526,593,525,473,369,,13.74,0.9695,Muy bajo,Muy bajo,1.65,2.03,0.0,25.8,94.66,85.11,95.95,84.95,76.54,59.71,,1.0,1.0
0900300010959,Coyoacán,4224,91,31,0,4085,3404,1188,1153,747,537,1042,903,377,262,3,10.16,0.9472,Bajo,Bajo,2.15,0.76,0.0,28.12,64.79,46.57,90.37,78.32,32.7,22.72,0.26,2.0,2.0
0900300010431,Coyoacán,5344,45,55,0,5192,4498,1543,1498,1217,932,1378,1095,699,489,8,11.58,0.9573,Bajo,Bajo,0.84,1.06,0.0,28.87,81.24,62.22,91.99,73.1,46.66,32.64,0.53,2.0,2.0
0900300010446,Coyoacán,5501,80,37,0,5382,4689,1375,1811,1598,1436,1730,1577,1154,1055,4,13.32,0.9658,Bajo,Muy bajo,1.45,0.69,0.0,25.0,88.24,79.29,95.53,87.08,63.72,58.26,0.22,2.0,1.0
0900300010450,Coyoacán,6576,107,58,0,6467,5684,1764,2131,1873,1570,2031,1670,1153,1129,3,13.21,0.966,Bajo,Muy bajo,1.63,0.9,0.0,26.82,87.89,73.67,95.31,78.37,54.11,52.98,0.14,2.0,1.0
0900300010465,Coyoacán,1476,5,12,0,1449,1315,364,484,448,403,465,386,332,259,0,14.78,0.9711,Muy bajo,Muy bajo,0.34,0.83,0.0,24.66,92.56,83.26,96.07,79.75,68.6,53.51,0.0,1.0,1.0
0900300010499,Coyoacán,2502,37,23,0,2465,2278,639,800,723,677,764,736,521,323,,14.47,0.9797,Muy bajo,Muy bajo,1.48,0.93,0.0,25.54,90.38,84.62,95.5,92.0,65.12,40.38,,1.0,1.0
0900300010501,Coyoacán,3477,27,13,0,3404,3100,792,1055,965,905,1027,1018,697,589,,14.12,0.9692,Muy bajo,Muy bajo,0.78,0.38,0.0,22.78,91.47,85.78,97.35,96.49,66.07,55.83,,1.0,1.0
0900300010520,Coyoacán,2615,82,29,0,2549,2201,718,707,582,460,669,551,396,340,0,12.4,0.9593,Bajo,Muy bajo,3.14,1.14,0.0,27.46,82.32,65.06,94.63,77.93,56.01,48.09,0.0,2.0,1.0
0900300010696,Coyoacán,2382,26,28,0,2340,2156,534,864,798,726,832,689,585,493,4,14.71,0.9685,Muy bajo,Muy bajo,1.09,1.2,0.0,22.42,92.36,84.03,96.3,79.75,67.71,57.06,0.46,1.0,1.0
0900300010785,Coyoacán,11640,838,400,7,11214,9393,3458,3349,2452,1680,3050,2500,1134,901,20,10.53,0.943,Medio,Bajo,7.2,3.57,0.06,29.71,73.22,50.16,91.07,74.65,33.86,26.9,0.6,3.0,2.0
0900300011162,Coyoacán,14061,767,316,3,13657,11599,4422,3778,2780,2100,3416,3117,1316,971,23,10.84,0.9506,Bajo,Bajo,5.45,2.31,0.02,31.45,73.58,55.58,90.42,82.5,34.83,25.7,0.61,2.0,2.0
0900300011232,Coyoacán,3022,106,33,0,2961,2611,975,877,790,709,857,798,607,469,0,13.17,0.9607,Bajo,Muy bajo,3.51,1.11,0.0,32.26,90.08,80.84,97.72,90.99,69.21,53.48,0.0,2.0,1.0
0900300011247,Coyoacán,5019,38,13,0,4909,4283,1192,1527,1206,1013,1382,1215,687,530,,12.19,0.9634,Bajo,Muy bajo,0.76,0.26,0.0,23.75,78.98,66.34,90.5,79.57,44.99,34.71,,2.0,1.0
0900300011251,Coyoacán,2321,22,12,0,2281,2040,502,698,560,459,618,580,313,245,,12.13,0.9646,Bajo,Muy bajo,0.95,0.53,0.0,21.63,80.23,65.76,88.54,83.09,44.84,35.1,,2.0,1.0
0900300011270,Coyoacán,4167,43,13,0,4078,3611,1026,1331,1083,904,1207,1093,608,377,5,12.32,0.9574,Bajo,Muy bajo,1.03,0.32,0.0,24.62,81.37,67.92,90.68,82.12,45.68,28.32,0.38,2.0,1.0
0900300011321,Coyoacán,3755,26,7,0,3690,3267,832,1183,971,816,1099,984,548,500,,12.13,0.9644,Bajo,Muy bajo,0.69,0.19,0.0,22.16,82.08,68.98,92.9,83.18,46.32,42.27,,2.0,1.0
0900300010554,Coyoacán,4591,97,59,0,4487,3958,1146,1540,1351,1113,1469,1217,684,632,,12.79,0.9667,Muy bajo,Muy bajo,2.11,1.31,0.0,24.96,87.73,72.27,95.39,79.03,44.42,41.04,,1.0,1.0
0900300010573,Coyoacán,12827,393,155,,12491,10566,3423,3683,2878,2358,3437,2955,1727,1409,6,11.69,0.9564,Bajo,Bajo,3.06,1.24,,26.69,78.14,64.02,93.32,80.23,46.89,38.26,0.16,2.0,2.0
0900300010605,Coyoacán,3621,258,123,5,3464,2796,1297,1033,620,378,900,793,270,172,11,9.65,0.9291,Medio,Medio,7.13,3.55,0.14,35.82,60.02,36.59,87.12,76.77,26.14,16.65,1.06,3.0,3.0
0900300010624,Coyoacán,9838,515,221,,9519,7912,3176,2725,1853,1326,2488,2049,823,598,10,10.35,0.9468,Bajo,Bajo,5.23,2.32,,32.28,68.0,48.66,91.3,75.19,30.2,21.94,0.37,2.0,2.0
0900300010639,Coyoacán,12525,775,312,,12128,9959,3311,3099,2121,1513,2782,2441,953,634,8,10.14,0.9498,Bajo,Bajo,6.19,2.57,,26.44,68.44,48.82,89.77,78.77,30.75,20.46,0.26,2.0,2.0
0900300010643,Coyoacán,8559,212,78,,8302,7018,2763,2297,1567,1155,2041,1814,805,475,19,10.69,0.9456,Medio,Bajo,2.48,0.94,,32.28,68.22,50.28,88.86,78.97,35.05,20.68,0.83,3.0,2.0
0900300011213,Coyoacán,5772,75,36,,5645,4989,1459,1828,1582,1355,1731,1464,1030,869,4,13.19,0.9717,Muy bajo,Muy bajo,1.3,0.64,,25.28,86.54,74.12,94.69,80.09,56.35,47.54,0.22,1.0,1.0
0900300010658,Coyoacán,10461,185,83,0,10172,8531,3166,2842,2095,1559,2575,2138,1077,778,4,10.97,0.9499,Bajo,Bajo,1.77,0.82,0.0,30.26,73.72,54.86,90.61,75.23,37.9,27.38,0.14,2.0,2.0
0900300010662,Coyoacán,5469,141,58,0,5280,4548,1636,1604,1123,849,1441,1335,648,397,3,10.84,0.9528,Bajo,Bajo,2.58,1.1,0.0,29.91,70.01,52.93,89.84,83.23,40.4,24.75,0.19,2.0,2.0
090030001079A,Coyoacán,9058,926,457,4,8734,7195,3196,2404,1594,1084,2155,1758,753,466,12,10.07,0.9427,Medio,Bajo,10.22,5.23,0.05,35.28,66.31,45.09,89.64,73.13,31.32,19.38,0.5,3.0,2.0
090030001086A,Coyoacán,2670,0,,0,2630,2418,633,925,816,768,876,795,655,567,3,13.64,0.9702,Muy bajo,Muy bajo,0.0,,0.0,23.71,88.22,83.03,94.7,85.95,70.81,61.3,0.32,1.0,1.0
0900300010802,Coyoacán,13042,1148,590,7,12579,10401,4431,3624,2438,1698,3252,2692,1196,870,19,10.17,0.943,Medio,Bajo,8.8,4.69,0.06,33.97,67.27,46.85,89.74,74.28,33.0,24.01,0.52,3.0,2.0
0900300010817,Coyoacán,10152,277,124,0,9901,8471,3206,3005,2166,1671,2694,2193,1262,783,14,11.1,0.9513,Bajo,Bajo,2.73,1.25,0.0,31.58,72.08,55.61,89.65,72.98,42.0,26.06,0.47,2.0,2.0
0900300010982,Coyoacán,6525,145,74,0,6342,5486,1885,1882,1455,1122,1770,1626,865,677,7,11.27,0.9593,Bajo,Bajo,2.22,1.17,0.0,28.89,77.31,59.62,94.05,86.4,45.96,35.97,0.37,2.0,2.0
0900300010997,Coyoacán,9422,316,141,0,9151,7742,2792,2621,1953,1518,2401,2201,1155,739,8,11.13,0.953,Bajo,Bajo,3.35,1.54,0.0,29.63,74.51,57.92,91.61,83.98,44.07,28.2,0.31,2.0,2.0
0900300011001,Coyoacán,6521,254,93,,6331,5311,1940,1749,1235,965,1560,1428,723,372,7,10.98,0.9477,Bajo,Bajo,3.9,1.47,,29.75,70.61,55.17,89.19,81.65,41.34,21.27,0.4,2.0,2.0
0900300011016,Coyoacán,6606,215,101,,6383,5359,1927,1762,1247,969,1600,1341,741,464,4,10.26,0.9507,Bajo,Bajo,3.25,1.58,,29.17,70.77,54.99,90.81,76.11,42.05,26.33,0.23,2.0,2.0
0900300011069,Coyoacán,1633,23,20,0,1615,1478,348,534,507,476,523,486,432,341,0,14.8,0.9752,Muy bajo,Muy bajo,1.41,1.24,0.0,21.31,94.94,89.14,97.94,91.01,80.9,63.86,0.0,1.0,1.0
0900300011410,Coyoacán,4242,21,18,0,4142,3621,958,1461,1329,1186,1411,1145,991,853,0,13.68,0.9764,Muy bajo,Muy bajo,0.5,0.43,0.0,22.58,90.97,81.18,96.58,78.37,67.83,58.38,0.0,1.0,1.0
0900300011340,Coyoacán,2546,24,12,0,2496,2238,543,842,746,670,793,712,471,433,0,13.75,0.9778,Muy bajo,Muy bajo,0.94,0.48,0.0,21.33,88.6,79.57,94.18,84.56,55.94,51.43,0.0,1.0,1.0
0900300011355,Coyoacán,2461,35,14,0,2415,2171,543,842,741,643,796,708,494,307,0,13.68,0.9724,Muy bajo,Muy bajo,1.42,0.58,0.0,22.06,88.0,76.37,94.54,84.09,58.67,36.46,0.0,1.0,1.0
0900300011459,Coyoacán,2436,19,8,0,2372,2081,544,910,803,723,873,668,546,385,0,13.69,0.9668,Muy bajo,Muy bajo,0.78,0.34,0.0,22.33,88.24,79.45,95.93,73.41,60.0,42.31,0.0,1.0,1.0
0900300011497,Coyoacán,5249,88,31,0,5133,4488,1176,1588,1323,1103,1483,1261,725,537,,12.24,0.9705,Muy bajo,Muy bajo,1.68,0.6,0.0,22.4,83.31,69.46,93.39,79.41,45.65,33.82,,1.0,1.0
0900300011463,Coyoacán,2844,39,20,,2763,2423,620,1033,894,760,991,694,591,504,3,12.89,0.9741,Muy bajo,Muy bajo,1.37,0.72,,21.8,86.54,73.57,95.93,67.18,57.21,48.79,0.29,1.0,1.0
0900300011622,Coyoacán,2498,18,10,0,2460,2201,509,842,770,659,805,658,577,434,0,13.37,0.9792,Muy bajo,Muy bajo,0.72,0.41,0.0,20.38,91.45,78.27,95.61,78.15,68.53,51.54,0.0,1.0,1.0
0900300010126,Coyoacán,1803,18,31,0,1777,1599,367,605,567,547,586,494,430,313,0,14.88,0.9639,Bajo,Muy bajo,1.0,1.74,0.0,20.35,93.72,90.41,96.86,81.65,71.07,51.74,0.0,2.0,1.0
0900300010588,Coyoacán,1779,24,16,0,1754,1567,302,525,483,427,504,477,354,261,,13.36,0.9759,Muy bajo,Muy bajo,1.35,0.91,0.0,16.98,92.0,81.33,96.0,90.86,67.43,49.71,,1.0,1.0
0900300010056,Coyoacán,3895,90,65,0,3822,3441,921,1380,1258,1141,1327,1224,906,809,,14.18,0.9732,Muy bajo,Muy bajo,2.31,1.7,0.0,23.65,91.16,82.68,96.16,88.7,65.65,58.62,,1.0,1.0
0900300011302,Coyoacán,1973,3,,0,1935,1700,400,618,502,423,570,478,283,224,,12.27,0.9699,Muy bajo,Muy bajo,0.15,,0.0,20.27,81.23,68.45,92.23,77.35,45.79,36.25,,1.0,1.0
0900300010272,Coyoacán,3327,33,54,0,3267,2942,724,1116,1040,953,1066,906,825,663,0,15.38,0.9795,Muy bajo,Muy bajo,0.99,1.65,0.0,21.76,93.19,85.39,95.52,81.18,73.92,59.41,0.0,1.0,1.0
0900300010677,Coyoacán,8113,87,38,0,7907,6909,2235,2533,2081,1856,2380,2000,1349,1134,6,12.52,0.9577,Bajo,Muy bajo,1.07,0.48,0.0,27.55,82.16,73.27,93.96,78.96,53.26,44.77,0.24,2.0,1.0
0900300010681,Coyoacán,4561,37,35,0,4401,3855,1090,1457,1224,1080,1370,1172,803,749,,13.01,0.9661,Bajo,Muy bajo,0.81,0.8,0.0,23.9,84.01,74.12,94.03,80.44,55.11,51.41,,2.0,1.0
0900300011158,Coyoacán,8986,223,98,0,8744,7380,2648,2449,1864,1402,2227,1990,957,720,6,11.23,0.9565,Bajo,Bajo,2.48,1.12,0.0,29.47,76.11,57.25,90.94,81.26,39.08,29.4,0.24,2.0,2.0
0900300011181,Coyoacán,4132,32,18,0,4063,3588,987,1270,1086,944,1215,996,628,602,3,12.69,0.9691,Muy bajo,Muy bajo,0.77,0.44,0.0,23.89,85.51,74.33,95.67,78.43,49.45,47.4,0.24,1.0,1.0
0900300010978,Coyoacán,8080,316,152,0,7847,6533,2429,2242,1665,1292,2093,1758,895,594,10,11.0,0.9512,Bajo,Bajo,3.91,1.94,0.0,30.06,74.26,57.63,93.35,78.41,39.92,26.49,0.45,2.0,2.0
0900300011656,Coyoacán,3244,41,25,0,3179,2802,945,1023,936,823,981,875,698,544,3,13.38,0.9631,Bajo,Muy bajo,1.26,0.79,0.0,29.13,91.5,80.45,95.89,85.53,68.23,53.18,0.29,2.0,1.0
0900300011571,Coyoacán,2055,43,23,0,2018,1821,414,768,684,596,731,644,439,387,0,13.51,0.9706,Muy bajo,Muy bajo,2.09,1.14,0.0,20.15,89.06,77.6,95.18,83.85,57.16,50.39,0.0,1.0,1.0
0900300011552,Coyoacán,1688,21,11,0,1654,1509,301,637,596,531,620,476,378,328,0,14.17,0.976,Muy bajo,Muy bajo,1.24,0.67,0.0,17.83,93.56,83.36,97.33,74.73,59.34,51.49,0.0,1.0,1.0
0900300011548,Coyoacán,1494,14,11,0,1456,1369,248,685,656,622,671,547,380,406,0,15.91,0.9794,Muy bajo,Muy bajo,0.94,0.76,0.0,16.6,95.77,90.8,97.96,79.85,55.47,59.27,0.0,1.0,1.0
0900300011586,Coyoacán,386,0,0,0,379,345,81,150,130,114,143,120,88,69,0,13.68,0.9804,Muy bajo,Muy bajo,0.0,0.0,0.0,20.98,86.67,76.0,95.33,80.0,58.67,46.0,0.0,1.0,1.0
0900300011266,Coyoacán,2811,26,9,0,2746,2417,739,798,654,536,718,663,304,272,,11.61,0.9609,Bajo,Muy bajo,0.92,0.33,0.0,26.29,81.95,67.17,89.97,83.08,38.1,34.09,,2.0,1.0
0900300011285,Coyoacán,3625,17,13,0,3555,3107,855,1105,940,792,1044,992,481,449,3,12.05,0.9686,Muy bajo,Muy bajo,0.47,0.37,0.0,23.59,85.07,71.67,94.48,89.77,43.53,40.63,0.27,1.0,1.0
090030001061A,Coyoacán,10554,480,210,3,10235,8612,2704,2984,2133,1542,2708,2267,1039,768,23,10.63,0.9555,Bajo,Bajo,4.55,2.05,0.03,25.62,71.48,51.68,90.75,75.97,34.82,25.74,0.77,2.0,2.0
0900300010770,Coyoacán,326,,,0,320,291,76,144,136,126,137,128,88,96,0,14.9,0.9634,Bajo,Muy bajo,,,0.0,23.31,94.44,87.5,95.14,88.89,61.11,66.67,0.0,2.0,1.0
0900300010484,Coyoacán,1003,3,6,0,986,911,117,356,339,316,345,310,266,219,0,14.6,0.9813,Muy bajo,Muy bajo,0.3,0.61,0.0,11.67,95.22,88.76,96.91,87.08,74.72,61.52,0.0,1.0,1.0
0900300010709,Coyoacán,3117,68,34,0,3050,2708,901,1082,921,800,1023,839,701,542,3,13.23,0.9597,Bajo,Muy bajo,2.18,1.11,0.0,28.91,85.12,73.94,94.55,77.54,64.79,50.09,0.28,2.0,1.0
0900300010963,Coyoacán,6516,210,102,0,6333,5463,1742,1839,1322,1051,1656,1465,755,477,12,11.26,0.9527,Bajo,Bajo,3.22,1.61,0.0,26.73,71.89,57.15,90.05,79.66,41.05,25.94,0.65,2.0,2.0
0900300011637,Coyoacán,2821,36,18,0,2770,2486,590,1067,948,843,1019,811,640,537,0,13.8,0.9762,Muy bajo,Muy bajo,1.28,0.65,0.0,20.91,88.85,79.01,95.5,76.01,59.98,50.33,0.0,1.0,1.0
0900300011641,Coyoacán,2483,20,10,0,2418,2150,522,923,871,793,902,732,658,638,0,14.16,0.9755,Muy bajo,Muy bajo,0.81,0.41,0.0,21.02,94.37,85.92,97.72,79.31,71.29,69.12,0.0,1.0,1.0
0900700010638,Iztapalapa,4162,155,77,0,4012,3267,1649,1153,703,481,1018,881,276,153,7,10.13,0.9403,Medio,Bajo,3.72,1.92,0.0,39.62,60.97,41.72,88.29,76.41,23.94,13.27,0.61,3.0,2.0
0900700012121,Iztapalapa,146,146,124,,129,84,132,,0,0,,0,0,0,0,4.43,,,Muy alto,100.0,96.12,,90.41,,,,,,,,,5.0
0900700010271,Iztapalapa,4150,87,35,0,4056,3457,1663,1197,867,636,1039,939,456,409,7,11.16,0.9275,Medio,Bajo,2.1,0.86,0.0,40.07,72.43,53.13,86.8,78.45,38.1,34.17,0.58,3.0,2.0
0900700010623,Iztapalapa,5433,218,105,,5277,4398,1782,1600,1032,715,1364,1182,474,296,21,10.15,0.9446,Medio,Bajo,4.01,1.99,,32.8,64.5,44.69,85.25,73.88,29.62,18.5,1.31,3.0,2.0
0900700010479,Iztapalapa,4554,153,51,0,4406,3677,1707,1262,799,598,1124,968,401,202,5,10.33,0.9425,Medio,Bajo,3.36,1.16,0.0,37.48,63.31,47.39,89.06,76.7,31.77,16.01,0.4,3.0,2.0
0900700014274,Iztapalapa,6175,778,237,,5858,4344,2353,1447,883,382,1275,1002,394,83,10,8.67,0.9232,Alto,Medio,12.6,4.05,,38.11,61.02,26.4,88.11,69.25,27.23,5.74,0.69,4.0,3.0
0900700012795,Iztapalapa,4830,211,66,,4655,3718,1584,1302,850,501,1107,987,259,152,14,9.35,0.9356,Medio,Bajo,4.37,1.42,,32.8,65.28,38.48,85.02,75.81,19.89,11.67,1.08,3.0,2.0
0900700014842,Iztapalapa,1895,206,81,3,1810,1408,799,486,288,169,430,367,80,55,8,9.28,0.9297,Medio,Medio,10.87,4.48,0.17,42.16,59.26,34.77,88.48,75.51,16.46,11.32,1.65,3.0,3.0
0900700015291,Iztapalapa,3411,145,65,0,3272,2549,1319,909,552,281,815,759,179,109,,9.41,0.933,Medio,Medio,4.25,1.99,0.0,38.67,60.73,30.91,89.66,83.5,19.69,11.99,,3.0,3.0
0900700011458,Iztapalapa,1726,12,6,0,1691,1474,535,521,425,365,484,420,279,207,0,12.37,0.9477,Bajo,Muy bajo,0.7,0.35,0.0,31.0,81.57,70.06,92.9,80.61,53.55,39.73,0.0,2.0,1.0
0900700011462,Iztapalapa,2160,13,6,0,2139,1886,739,613,506,404,571,475,332,150,0,12.28,0.9525,Bajo,Muy bajo,0.6,0.28,0.0,34.21,82.54,65.91,93.15,77.49,54.16,24.47,0.0,2.0,1.0
0900700013897,Iztapalapa,3937,13,9,0,3822,3257,947,1078,729,544,962,846,400,225,12,10.66,0.9498,Bajo,Bajo,0.33,0.24,0.0,24.05,67.63,50.46,89.24,78.48,37.11,20.87,1.11,2.0,2.0
0900700011180,Iztapalapa,2051,46,25,0,2009,1803,543,649,526,395,586,519,287,206,,11.78,0.9598,Bajo,Muy bajo,2.24,1.24,0.0,26.47,81.05,60.86,90.29,79.97,44.22,31.74,,2.0,1.0
0900700011195,Iztapalapa,3664,76,29,0,3599,3230,1127,1171,939,819,1086,937,610,438,3,12.92,0.9638,Bajo,Muy bajo,2.07,0.81,0.0,30.76,80.19,69.94,92.74,80.02,52.09,37.4,0.26,2.0,1.0
0900700010500,Iztapalapa,6227,93,33,0,6057,5302,1663,2019,1628,1330,1829,1618,1157,832,19,12.09,0.9462,Medio,Muy bajo,1.49,0.54,0.0,26.71,80.63,65.87,90.59,80.14,57.31,41.21,0.94,3.0,1.0
0900700010515,Iztapalapa,7149,113,44,,6996,6098,1570,2327,1788,1585,2160,1944,1273,1021,14,12.07,0.9455,Medio,Muy bajo,1.58,0.63,,21.96,76.84,68.11,92.82,83.54,54.71,43.88,0.6,3.0,1.0
090070001369A,Iztapalapa,2858,,,0,2781,2330,721,763,562,409,667,644,245,219,4,10.19,0.9537,Bajo,Bajo,,,0.0,25.23,73.66,53.6,87.42,84.4,32.11,28.7,0.52,2.0,2.0
090070001440A,Iztapalapa,1408,45,17,0,1365,1096,391,348,254,180,323,267,137,86,0,10.16,0.9533,Bajo,Bajo,3.2,1.25,0.0,27.77,72.99,51.72,92.82,76.72,39.37,24.71,0.0,2.0,2.0
0900700010642,Iztapalapa,2515,12,10,0,2470,2223,650,925,799,733,881,745,571,444,4,13.92,0.9713,Muy bajo,Muy bajo,0.48,0.4,0.0,25.84,86.38,79.24,95.24,80.54,61.73,48.0,0.43,1.0,1.0
0900700013632,Iztapalapa,6682,178,96,3,6494,5591,2037,1999,1485,1245,1839,1481,847,635,13,11.08,0.9477,Bajo,Bajo,2.66,1.48,0.05,30.48,74.29,62.28,92.0,74.09,42.37,31.77,0.65,2.0,2.0
0900700011852,Iztapalapa,5424,159,71,0,5248,4426,1408,1368,949,718,1231,1097,571,312,4,10.59,0.9476,Bajo,Bajo,2.93,1.35,0.0,25.96,69.37,52.49,89.99,80.19,41.74,22.81,0.29,2.0,2.0
0900700011867,Iztapalapa,11278,545,245,,10942,8951,3141,3113,2102,1477,2809,2385,1593,660,16,10.3,0.9491,Bajo,Bajo,4.83,2.24,,27.85,67.52,47.45,90.23,76.61,51.17,21.2,0.51,2.0,2.0
0900700011941,Iztapalapa,4248,41,17,0,4183,3789,1164,1381,1284,1185,1337,1086,1064,693,,14.13,0.9694,Muy bajo,Muy bajo,0.97,0.41,0.0,27.4,92.98,85.81,96.81,78.64,77.05,50.18,,1.0,1.0
0900700010229,Iztapalapa,0,0,0,0,0,0,0,0,0,0,0,0,0,0,0,0.0,,,,,,,,,,,,,,,,
0900700012371,Iztapalapa,1682,31,11,0,1642,1417,718,444,302,187,375,327,149,99,3,10.05,0.9414,Medio,Bajo,1.84,0.67,0.0,42.69,68.02,42.12,84.46,73.65,33.56,22.3,0.68,3.0,2.0
0900700012386,Iztapalapa,3610,58,28,0,3522,3044,1287,1029,762,545,925,778,392,264,8,10.77,0.9474,Bajo,Bajo,1.61,0.8,0.0,35.65,74.05,52.96,89.89,75.61,38.1,25.66,0.78,2.0,2.0
0900700010017,Iztapalapa,5868,200,91,0,5661,4728,2196,1645,1217,906,1526,1211,597,452,8,11.23,0.951,Bajo,Bajo,3.41,1.61,0.0,37.42,73.98,55.08,92.77,73.62,36.29,27.48,0.49,2.0,2.0
0900700010888,Iztapalapa,4544,60,16,0,4386,3611,1634,1099,745,468,949,810,238,134,4,9.95,0.9468,Bajo,Bajo,1.32,0.36,0.0,35.96,67.79,42.58,86.35,73.7,21.66,12.19,0.36,2.0,2.0
0900700011176,Iztapalapa,2180,0,0,0,2144,1933,570,768,649,592,723,604,464,336,3,13.64,0.9659,Bajo,Muy bajo,0.0,0.0,0.0,26.15,84.51,77.08,94.14,78.65,60.42,43.75,0.39,2.0,1.0
0900700010924,Iztapalapa,3759,102,37,0,3683,3262,904,1297,1081,910,1238,1039,684,562,0,12.5,0.9696,Muy bajo,Muy bajo,2.71,1.0,0.0,24.05,83.35,70.16,95.45,80.11,52.74,43.33,0.0,1.0,1.0
0900700014397,Iztapalapa,1640,15,6,0,1599,1356,444,391,268,211,337,277,118,80,4,10.21,0.9551,Bajo,Bajo,0.91,0.38,0.0,27.07,68.54,53.96,86.19,70.84,30.18,20.46,1.02,2.0,2.0
0900700013100,Iztapalapa,5076,372,124,0,4920,3882,1717,1307,791,473,1145,976,240,138,6,9.43,0.9395,Medio,Bajo,7.33,2.52,0.0,33.83,60.52,36.19,87.61,74.67,18.36,10.56,0.46,3.0,2.0
0900700014575,Iztapalapa,528,25,8,0,507,407,178,143,79,45,116,113,38,19,3,9.41,0.9393,Medio,Medio,4.73,1.58,0.0,33.71,55.24,31.47,81.12,79.02,26.57,13.29,2.1,3.0,3.0
0900700010680,Iztapalapa,3125,43,19,0,3062,2687,931,933,725,605,861,770,511,349,5,12.49,0.958,Bajo,Muy bajo,1.38,0.62,0.0,29.79,77.71,64.84,92.28,82.53,54.77,37.41,0.54,2.0,1.0
0900700010695,Iztapalapa,3633,110,58,0,3565,3083,907,1092,840,701,1021,918,568,324,,11.94,0.9664,Muy bajo,Bajo,3.03,1.63,0.0,24.97,76.92,64.19,93.5,84.07,52.01,29.67,,1.0,2.0
0900700010727,Iztapalapa,2181,45,20,0,2152,1924,603,717,620,557,682,583,423,332,,13.04,0.9686,Muy bajo,Muy bajo,2.06,0.93,0.0,27.65,86.47,77.68,95.12,81.31,59.0,46.3,,1.0,1.0
0900700014147,Iztapalapa,508,0,0,0,492,398,229,151,97,69,130,101,61,46,,10.09,0.9379,Medio,Bajo,0.0,0.0,0.0,45.08,64.24,45.7,86.09,66.89,40.4,30.46,,3.0,2.0
0900700011015,Iztapalapa,6358,87,42,0,6189,5270,2123,1873,1325,1077,1705,1500,741,494,5,11.13,0.9499,Bajo,Bajo,1.37,0.68,0.0,33.39,70.74,57.5,91.03,80.09,39.56,26.37,0.27,2.0,2.0
0900700015427,Iztapalapa,4283,229,70,,4125,3376,1379,1141,791,535,1071,838,355,258,8,9.87,0.945,Medio,Bajo,5.35,1.7,,32.2,69.33,46.89,93.87,73.44,31.11,22.61,0.7,3.0,2.0
0900700013115,Iztapalapa,5980,405,148,5,5759,4526,2006,1599,1062,497,1400,1237,283,164,9,9.56,0.9386,Medio,Bajo,6.77,2.57,0.09,33.55,66.42,31.08,87.55,77.36,17.7,10.26,0.56,3.0,2.0
0900700012174,Iztapalapa,2349,117,60,0,2292,1888,772,674,431,337,607,472,224,149,,10.77,0.9448,Medio,Bajo,4.98,2.62,0.0,32.87,63.95,50.0,90.06,70.03,33.23,22.11,,3.0,2.0
0900700012189,Iztapalapa,2349,84,25,0,2280,1903,676,656,480,334,577,473,208,131,4,11.08,0.9453,Medio,Bajo,3.58,1.1,0.0,28.78,73.17,50.91,87.96,72.1,31.71,19.97,0.61,3.0,2.0
0900700012390,Iztapalapa,3965,69,34,0,3883,3357,1313,1090,884,716,1012,814,508,304,3,12.03,0.9553,Bajo,Muy bajo,1.74,0.88,0.0,33.11,81.1,65.69,92.84,74.68,46.61,27.89,0.28,2.0,1.0
0900700012403,Iztapalapa,293,50,25,,287,225,161,38,23,18,33,27,12,6,0,9.21,0.8567,Muy alto,Medio,17.06,8.71,,54.95,60.53,47.37,86.84,71.05,31.58,15.79,0.0,5.0,3.0
0900700012456,Iztapalapa,4606,657,385,11,4420,3574,1780,1267,692,445,1144,945,327,238,16,9.61,0.9301,Medio,Medio,14.26,8.71,0.25,38.65,54.62,35.12,90.29,74.59,25.81,18.78,1.26,3.0,3.0
0900700013083,Iztapalapa,5621,227,95,0,5434,4358,1794,1400,906,569,1196,1104,286,206,4,9.46,0.9419,Medio,Bajo,4.04,1.75,0.0,31.92,64.71,40.64,85.43,78.86,20.43,14.71,0.29,3.0,2.0
0900700010939,Iztapalapa,4294,64,37,,4206,3780,1055,1375,1178,1015,1312,1114,888,468,,13.15,0.9608,Bajo,Muy bajo,1.49,0.88,,24.57,85.67,73.82,95.42,81.02,64.58,34.04,,2.0,1.0
0900700010981,Iztapalapa,6435,111,53,,6266,5227,2219,1641,1155,828,1502,1339,600,381,3,10.8,0.9473,Bajo,Bajo,1.72,0.85,,34.48,70.38,50.46,91.53,81.6,36.56,23.22,0.18,2.0,2.0
0900700010021,Iztapalapa,7518,185,65,0,7301,6135,2453,2283,1698,1329,2097,1705,979,779,11,11.25,0.9491,Bajo,Bajo,2.46,0.89,0.0,32.63,74.38,58.21,91.85,74.68,42.88,34.12,0.48,2.0,2.0
090070001006A,Iztapalapa,2957,24,10,0,2902,2439,953,767,542,391,658,598,310,196,,9.88,0.9336,Medio,Bajo,0.81,0.34,0.0,32.23,70.66,50.98,85.79,77.97,40.42,25.55,,3.0,2.0
0900700010089,Iztapalapa,2144,44,16,0,2098,1828,545,654,497,398,592,534,257,155,4,11.53,0.9541,Bajo,Bajo,2.05,0.76,0.0,25.42,75.99,60.86,90.52,81.65,39.3,23.7,0.61,2.0,2.0
0900700010093,Iztapalapa,1677,15,6,0,1648,1459,454,507,453,410,482,410,333,240,,13.67,0.9724,Muy bajo,Muy bajo,0.89,0.36,0.0,27.07,89.35,80.87,95.07,80.87,65.68,47.34,,1.0,1.0
0900700010178,Iztapalapa,2948,47,22,0,2884,2506,953,890,689,480,806,759,323,241,3,11.33,0.9529,Bajo,Bajo,1.59,0.76,0.0,32.33,77.42,53.93,90.56,85.28,36.29,27.08,0.34,2.0,2.0
0900700010182,Iztapalapa,2946,43,19,0,2901,2557,784,921,851,748,901,770,656,438,0,13.33,0.9715,Muy bajo,Muy bajo,1.46,0.65,0.0,26.61,92.4,81.22,97.83,83.6,71.23,47.56,0.0,1.0,1.0
0900700010214,Iztapalapa,6202,163,59,0,6014,4949,2274,1620,1054,730,1429,1237,623,330,10,10.3,0.9411,Medio,Bajo,2.63,0.98,0.0,36.67,65.06,45.06,88.21,76.36,38.46,20.37,0.62,3.0,2.0
0900700010318,Iztapalapa,3528,39,15,,3459,2973,1271,927,632,500,827,753,363,295,,10.01,0.9432,Medio,Bajo,1.11,0.43,,36.03,68.18,53.94,89.21,81.23,39.16,31.82,,3.0,2.0
0900700010322,Iztapalapa,4540,98,48,,4448,3856,1080,1325,974,758,1205,1054,615,441,5,11.44,0.9564,Bajo,Bajo,2.16,1.08,,23.79,73.51,57.21,90.94,79.55,46.42,33.28,0.38,2.0,2.0
0900700010375,Iztapalapa,6884,114,42,0,6716,5712,2454,1567,1178,820,1429,1232,610,321,6,10.44,0.9427,Medio,Bajo,1.66,0.63,0.0,35.65,75.18,52.33,91.19,78.62,38.93,20.49,0.38,3.0,2.0
0900700010483,Iztapalapa,6782,71,40,0,6642,5794,1815,2269,1698,1469,2047,1772,1149,799,30,11.85,0.9474,Bajo,Bajo,1.05,0.6,0.0,26.76,74.83,64.74,90.22,78.1,50.64,35.21,1.32,2.0,2.0
0900700010498,Iztapalapa,5441,386,155,0,5312,4588,1595,1674,1274,1092,1537,1263,885,547,6,11.49,0.947,Bajo,Bajo,7.09,2.92,0.0,29.31,76.11,65.23,91.82,75.45,52.87,32.68,0.36,2.0,2.0
0900700010801,Iztapalapa,3649,22,16,0,3595,3269,868,1335,1195,1109,1285,1021,912,761,8,14.19,0.9653,Bajo,Muy bajo,0.6,0.45,0.0,23.79,89.51,83.07,96.25,76.48,68.31,57.0,0.6,2.0,1.0
0900700010892,Iztapalapa,2220,24,5,0,2149,1759,777,537,347,266,478,415,117,107,,10.02,0.9486,Bajo,Bajo,1.08,0.23,0.0,35.0,64.62,49.53,89.01,77.28,21.79,19.93,,2.0,2.0
090070001134A,Iztapalapa,4839,425,181,,4637,3667,1978,1304,737,474,1127,924,314,167,4,9.72,0.9328,Medio,Medio,8.78,3.9,,40.88,56.52,36.35,86.43,70.86,24.08,12.81,0.31,3.0,3.0
0900700011354,Iztapalapa,5489,181,82,,5363,4574,1606,1553,1177,891,1434,1215,627,421,7,11.17,0.9561,Bajo,Bajo,3.3,1.53,,29.26,75.79,57.37,92.34,78.24,40.37,27.11,0.45,2.0,2.0
0900700013134,Iztapalapa,1927,74,26,,1847,1459,536,550,329,143,416,409,71,38,27,9.34,0.9307,Medio,Medio,3.84,1.41,,27.82,59.82,26.0,75.64,74.36,12.91,6.91,4.91,3.0,3.0
0900700013420,Iztapalapa,4302,334,97,0,4113,3109,1445,1011,590,302,847,699,152,88,33,8.87,0.9279,Medio,Medio,7.76,2.36,0.0,33.59,58.36,29.87,83.78,69.14,15.03,8.7,3.26,3.0,3.0
0900700013492,Iztapalapa,5625,223,95,0,5417,4390,1543,1682,1018,674,1567,1304,616,264,3,9.78,0.9472,Bajo,Bajo,3.96,1.75,0.0,27.43,60.52,40.07,93.16,77.53,36.62,15.7,0.18,2.0,2.0
0900700013539,Iztapalapa,4545,140,57,0,4394,3602,1534,1272,831,597,1169,995,379,230,4,10.19,0.947,Bajo,Bajo,3.08,1.3,0.0,33.75,65.33,46.93,91.9,78.22,29.8,18.08,0.31,2.0,2.0
0900700014289,Iztapalapa,3047,357,120,,2934,2243,1159,779,481,250,684,554,234,75,4,9.17,0.929,Medio,Medio,11.72,4.09,,38.04,61.75,32.09,87.8,71.12,30.04,9.63,0.51,3.0,3.0
0900700014325,Iztapalapa,1681,82,24,0,1643,1371,482,463,349,292,439,365,203,155,,11.79,0.96,Bajo,Bajo,4.88,1.46,0.0,28.67,75.38,63.07,94.82,78.83,43.84,33.48,,2.0,2.0
0900700014359,Iztapalapa,2616,139,39,0,2531,2088,852,636,477,298,585,476,191,116,0,10.14,0.9562,Bajo,Bajo,5.31,1.54,0.0,32.57,75.0,46.86,91.98,74.84,30.03,18.24,0.0,2.0,2.0
0900700015408,Iztapalapa,2285,148,57,0,2196,1803,803,556,409,263,527,418,215,123,,10.23,0.9507,Bajo,Bajo,6.48,2.6,0.0,35.14,73.56,47.3,94.78,75.18,38.67,22.12,,2.0,2.0
0900700014363,Iztapalapa,6175,274,92,,5935,4704,1750,1634,1141,652,1503,1217,493,378,11,9.57,0.9451,Medio,Bajo,4.44,1.55,,28.34,69.83,39.9,91.98,74.48,30.17,23.13,0.67,3.0,2.0
0900700015107,Iztapalapa,4853,128,45,0,4704,3966,1398,1463,1051,808,1394,1178,375,428,4,10.83,0.9602,Bajo,Bajo,2.64,0.96,0.0,28.81,71.84,55.23,95.28,80.52,25.63,29.25,0.27,2.0,2.0
0900700015338,Iztapalapa,6974,703,236,3,6663,5090,2562,1715,1063,447,1466,1399,233,190,19,8.59,0.9245,Alto,Medio,10.08,3.54,0.05,36.74,61.98,26.06,85.48,81.57,13.59,11.08,1.11,4.0,3.0
0900700010337,Iztapalapa,5329,169,73,,5191,4377,1658,1559,966,737,1330,1163,524,288,7,10.59,0.9323,Medio,Bajo,3.17,1.41,,31.11,61.96,47.27,85.31,74.6,33.61,18.47,0.45,3.0,2.0
0900700010553,Iztapalapa,5795,199,79,0,5591,4635,2166,1573,1012,725,1407,1180,570,283,24,10.64,0.9364,Medio,Bajo,3.43,1.41,0.0,37.38,64.34,46.09,89.45,75.02,36.24,17.99,1.53,3.0,2.0
0900700010568,Iztapalapa,5839,117,47,3,5679,4853,1800,1695,1275,1001,1548,1331,798,464,3,11.51,0.951,Bajo,Bajo,2.0,0.83,0.05,30.83,75.22,59.06,91.33,78.53,47.08,27.37,0.18,2.0,2.0
0900700010572,Iztapalapa,5325,74,26,0,5159,4264,1767,1444,993,750,1291,1142,573,291,6,10.55,0.9422,Medio,Bajo,1.39,0.5,0.0,33.18,68.77,51.94,89.4,79.09,39.68,20.15,0.42,3.0,2.0
0900700010587,Iztapalapa,2637,54,21,0,2549,2122,822,763,519,321,683,575,391,201,,10.67,0.9528,Bajo,Bajo,2.05,0.82,0.0,31.17,68.02,42.07,89.52,75.36,51.25,26.34,,2.0,2.0
0900700010619,Iztapalapa,5610,197,105,0,5430,4496,2191,1626,1101,771,1466,1240,589,332,11,10.62,0.942,Medio,Bajo,3.51,1.93,0.0,39.06,67.71,47.42,90.16,76.26,36.22,20.42,0.68,3.0,2.0
0900700010676,Iztapalapa,2699,51,21,0,2653,2331,680,878,699,593,819,724,482,362,,12.52,0.9631,Bajo,Muy bajo,1.89,0.79,0.0,25.19,79.61,67.54,93.28,82.46,54.9,41.23,,2.0,1.0
0900700010708,Iztapalapa,4420,64,31,0,4331,3767,1257,1367,1070,871,1273,1076,672,389,4,11.81,0.9606,Bajo,Bajo,1.45,0.72,0.0,28.44,78.27,63.72,93.12,78.71,49.16,28.46,0.29,2.0,2.0
0900700013613,Iztapalapa,1441,9,5,0,1414,1226,410,428,358,293,394,306,198,142,,12.68,0.9642,Bajo,Muy bajo,0.62,0.35,0.0,28.45,83.64,68.46,92.06,71.5,46.26,33.18,,2.0,1.0
0900700013628,Iztapalapa,1158,18,11,0,1132,990,301,378,344,297,358,301,198,180,0,13.32,0.9741,Muy bajo,Muy bajo,1.55,0.97,0.0,25.99,91.01,78.57,94.71,79.63,52.38,47.62,0.0,1.0,1.0
0900700013789,Iztapalapa,3719,301,147,0,3597,3029,1126,1077,686,497,974,820,364,236,8,10.59,0.9447,Medio,Bajo,8.09,4.09,0.0,30.28,63.7,46.15,90.44,76.14,33.8,21.91,0.74,3.0,2.0
0900700013844,Iztapalapa,1550,44,12,0,1499,1251,430,474,319,228,439,346,177,113,,10.8,0.9586,Bajo,Bajo,2.84,0.8,0.0,27.74,67.3,48.1,92.62,73.0,37.34,23.84,,2.0,2.0
0900700015037,Iztapalapa,2646,274,114,4,2546,2017,704,691,437,230,598,482,120,73,4,9.33,0.9388,Medio,Medio,10.36,4.48,0.16,26.61,63.24,33.29,86.54,69.75,17.37,10.56,0.58,3.0,3.0
0900700015554,Iztapalapa,2894,115,46,0,2804,2234,744,774,488,323,702,584,177,152,6,9.83,0.9518,Bajo,Bajo,3.97,1.64,0.0,25.71,63.05,41.73,90.7,75.45,22.87,19.64,0.78,2.0,2.0
090070001561A,Iztapalapa,1261,23,11,0,1230,1055,312,431,394,313,423,359,293,212,0,13.08,0.9767,Muy bajo,Muy bajo,1.82,0.89,0.0,24.74,91.42,72.62,98.14,83.29,67.98,49.19,0.0,1.0,1.0
0900700015925,Iztapalapa,3653,52,19,0,3557,3066,944,1293,1060,885,1247,1022,834,551,,12.13,0.9704,Muy bajo,Muy bajo,1.42,0.53,0.0,25.84,81.98,68.45,96.44,79.04,64.5,42.61,,1.0,1.0
0900700010765,Iztapalapa,3454,83,25,3,3357,2833,1289,921,582,379,787,687,495,158,6,9.9,0.9332,Medio,Bajo,2.4,0.74,0.09,37.32,63.19,41.15,85.45,74.59,53.75,17.16,0.65,3.0,2.0
0900700012831,Iztapalapa,4795,139,48,0,4626,3865,1567,1362,968,691,1247,1006,663,303,9,10.73,0.9506,Bajo,Bajo,2.9,1.04,0.0,32.68,71.07,50.73,91.56,73.86,48.68,22.25,0.66,2.0,2.0
0900700015681,Iztapalapa,6838,122,55,,6570,5427,2469,2372,1604,1181,2158,1937,1015,641,6,10.81,0.9484,Bajo,Bajo,1.78,0.84,,36.11,67.62,49.79,90.98,81.66,42.79,27.02,0.25,2.0,2.0
0900700014128,Iztapalapa,1861,46,16,0,1813,1574,415,662,530,431,623,503,332,245,,12.49,0.9673,Muy bajo,Muy bajo,2.47,0.88,0.0,22.3,80.06,65.11,94.11,75.98,50.15,37.01,,1.0,1.0
0900700015696,Iztapalapa,1765,129,53,,1696,1348,697,567,295,192,533,489,112,77,,9.71,0.929,Medio,Medio,7.31,3.12,,39.49,52.03,33.86,94.0,86.24,19.75,13.58,,3.0,3.0
0900700015910,Iztapalapa,3698,81,29,0,3591,3011,1063,1159,824,640,1089,867,444,273,,11.21,0.9611,Bajo,Bajo,2.19,0.81,0.0,28.75,71.1,55.22,93.96,74.81,38.31,23.55,,2.0,2.0
0900700015249,Iztapalapa,3208,41,23,0,3134,2640,683,1116,942,779,1074,764,754,471,,12.57,0.9695,Muy bajo,Muy bajo,1.28,0.73,0.0,21.29,84.41,69.8,96.24,68.46,67.56,42.2,,1.0,1.0
0900700015766,Iztapalapa,2047,48,18,0,1973,1620,598,536,393,258,486,420,168,146,,10.4,0.9553,Bajo,Bajo,2.34,0.91,0.0,29.21,73.32,48.13,90.67,78.36,31.34,27.24,,2.0,2.0
0900700015770,Iztapalapa,1531,23,7,0,1493,1272,425,447,352,266,421,364,151,166,0,10.78,0.9635,Bajo,Bajo,1.5,0.47,0.0,27.76,78.75,59.51,94.18,81.43,33.78,37.14,0.0,2.0,2.0
090070001579A,Iztapalapa,364,10,,0,345,280,128,93,67,44,76,66,28,17,0,9.71,0.9116,Alto,Bajo,2.75,,0.0,35.16,72.04,47.31,81.72,70.97,30.11,18.28,0.0,4.0,2.0
0900700010958,Iztapalapa,5599,65,40,0,5496,4856,1659,1566,1219,938,1437,1221,781,451,5,11.56,0.9492,Bajo,Bajo,1.16,0.73,0.0,29.63,77.84,59.9,91.76,77.97,49.87,28.8,0.32,2.0,2.0
0900700011000,Iztapalapa,5229,55,30,,5084,4212,1213,1557,1039,834,1433,1268,587,406,5,10.96,0.9512,Bajo,Bajo,1.05,0.59,,23.2,66.73,53.56,92.04,81.44,37.7,26.08,0.32,2.0,2.0
0900700011087,Iztapalapa,5902,52,21,0,5721,4571,2135,1521,1013,736,1413,1186,603,351,10,9.99,0.9365,Medio,Bajo,0.88,0.37,0.0,36.17,66.6,48.39,92.9,77.98,39.64,23.08,0.66,3.0,2.0
0900700014039,Iztapalapa,5385,110,55,0,5219,4330,1634,1528,1046,779,1395,1145,539,324,4,10.44,0.9535,Bajo,Bajo,2.04,1.05,0.0,30.34,68.46,50.98,91.3,74.93,35.27,21.2,0.26,2.0,2.0
0900700013651,Iztapalapa,2692,118,39,0,2603,2185,844,782,558,409,717,613,296,245,6,10.65,0.9363,Medio,Bajo,4.38,1.5,0.0,31.35,71.36,52.3,91.69,78.39,37.85,31.33,0.77,3.0,2.0
0900700013666,Iztapalapa,1770,9,4,0,1734,1529,416,648,566,482,624,501,386,232,0,12.87,0.9575,Bajo,Muy bajo,0.51,0.23,0.0,23.5,87.35,74.38,96.3,77.31,59.57,35.8,0.0,2.0,1.0
0900700013702,Iztapalapa,2668,33,7,,2608,2173,935,648,467,327,547,513,155,204,4,10.19,0.9407,Medio,Bajo,1.24,0.27,,35.04,72.07,50.46,84.41,79.17,23.92,31.48,0.62,3.0,2.0
0900700013967,Iztapalapa,3638,96,47,0,3529,2976,1184,1004,758,590,928,806,437,328,4,10.89,0.9493,Bajo,Bajo,2.64,1.33,0.0,32.55,75.5,58.76,92.43,80.28,43.53,32.67,0.4,2.0,2.0
0900700013986,Iztapalapa,2232,67,21,0,2168,1827,651,698,467,349,636,598,322,199,12,11.08,0.954,Bajo,Bajo,3.0,0.97,0.0,29.17,66.91,50.0,91.12,85.67,46.13,28.51,1.72,2.0,2.0
0900700014043,Iztapalapa,4417,80,36,0,4282,3562,1473,1179,805,589,1048,910,405,259,9,10.61,0.9465,Bajo,Bajo,1.81,0.84,0.0,33.35,68.28,49.96,88.89,77.18,34.35,21.97,0.76,2.0,2.0
0900700014058,Iztapalapa,3227,153,39,0,3133,2555,1235,800,539,363,718,676,234,130,,10.13,0.9404,Medio,Bajo,4.74,1.24,0.0,38.27,67.38,45.38,89.75,84.5,29.25,16.25,,3.0,2.0
0900700014448,Iztapalapa,2475,25,19,,2417,2094,581,855,732,612,807,677,596,412,,13.15,0.9669,Muy bajo,Muy bajo,1.01,0.79,,23.47,85.61,71.58,94.39,79.18,69.71,48.19,,1.0,1.0
090070001383A,Iztapalapa,3575,49,18,0,3459,2917,1253,1033,780,559,957,808,440,320,4,11.03,0.946,Medio,Bajo,1.37,0.52,0.0,35.05,75.51,54.11,92.64,78.22,42.59,30.98,0.39,3.0,2.0
0900700014077,Iztapalapa,4751,310,93,0,4558,3551,2034,1208,766,353,1053,912,170,139,5,9.06,0.9288,Medio,Medio,6.52,2.04,0.0,42.81,63.41,29.22,87.17,75.5,14.07,11.51,0.41,3.0,3.0
0900700014768,Iztapalapa,3740,120,40,0,3635,3012,1423,1052,750,582,968,813,410,297,7,10.46,0.9371,Medio,Bajo,3.21,1.1,0.0,38.05,71.29,55.32,92.02,77.28,38.97,28.23,0.67,3.0,2.0
0900700014838,Iztapalapa,1560,115,49,,1504,1193,452,403,235,136,346,277,63,29,,9.48,0.9372,Medio,Medio,7.37,3.26,,28.97,58.31,33.75,85.86,68.73,15.63,7.2,,3.0,3.0
0900700014857,Iztapalapa,5508,540,187,,5247,4068,1994,1434,783,369,1267,1152,228,83,7,8.99,0.9226,Alto,Medio,9.8,3.56,,36.2,54.6,25.73,88.35,80.33,15.9,5.79,0.49,4.0,3.0
0900700014861,Iztapalapa,3584,460,156,4,3422,2617,1385,836,524,240,731,652,138,109,9,8.71,0.9284,Medio,Medio,12.83,4.56,0.12,38.64,62.68,28.71,87.44,77.99,16.51,13.04,1.08,3.0,3.0
0900700014772,Iztapalapa,4280,99,37,0,4120,3333,1523,1137,725,509,1012,830,342,158,,10.15,0.9442,Medio,Bajo,2.31,0.9,0.0,35.58,63.76,44.77,89.01,73.0,30.08,13.9,,3.0,2.0
0900700015018,Iztapalapa,2989,105,42,,2881,2414,1075,802,543,384,706,614,245,108,5,10.57,0.9401,Medio,Bajo,3.51,1.46,,35.97,67.71,47.88,88.03,76.56,30.55,13.47,0.62,3.0,2.0
0900700014876,Iztapalapa,5532,672,238,,5279,4021,1860,1411,869,439,1211,1075,231,111,9,8.87,0.9252,Alto,Medio,12.15,4.51,,33.62,61.59,31.11,85.83,76.19,16.37,7.87,0.64,4.0,3.0
0900700014895,Iztapalapa,3426,54,22,,3342,2876,1152,1155,921,735,1084,908,619,414,0,12.13,0.9647,Bajo,Muy bajo,1.58,0.66,,33.63,79.74,63.64,93.85,78.61,53.59,35.84,0.0,2.0,1.0
0900700014908,Iztapalapa,5488,130,60,,5319,4466,1894,1527,1005,753,1358,1250,521,312,9,10.52,0.936,Medio,Bajo,2.37,1.13,,34.51,65.82,49.31,88.93,81.86,34.12,20.43,0.59,3.0,2.0
0900700014880,Iztapalapa,5581,767,264,,5367,4166,1773,1395,888,486,1193,1086,247,121,6,9.11,0.9307,Medio,Medio,13.74,4.92,,31.77,63.66,34.84,85.52,77.85,17.71,8.67,0.43,3.0,3.0
0900700014946,Iztapalapa,5350,175,62,0,5162,4248,1858,1505,1036,730,1362,1121,450,314,6,10.19,0.9487,Bajo,Bajo,3.27,1.2,0.0,34.73,68.84,48.5,90.5,74.49,29.9,20.86,0.4,2.0,2.0
0900700014965,Iztapalapa,4114,165,70,3,4032,3450,1045,1098,922,767,1059,903,802,436,,12.44,0.9676,Muy bajo,Muy bajo,4.01,1.74,0.07,25.4,83.97,69.85,96.45,82.24,73.04,39.71,,1.0,1.0
090070001497A,Iztapalapa,1927,43,13,0,1872,1578,572,594,438,365,563,448,234,197,,11.52,0.9587,Bajo,Muy bajo,2.23,0.69,0.0,29.68,73.74,61.45,94.78,75.42,39.39,33.16,,2.0,1.0
0900700014984,Iztapalapa,4002,138,55,0,3882,3283,1262,1149,837,615,1063,839,528,329,0,11.09,0.9489,Bajo,Bajo,3.45,1.42,0.0,31.53,72.85,53.52,92.52,73.02,45.95,28.63,0.0,2.0,2.0
0900700011104,Iztapalapa,6367,69,26,0,6173,4894,2424,1680,1043,629,1473,1234,612,297,42,9.73,0.9364,Medio,Bajo,1.08,0.42,0.0,38.07,62.08,37.44,87.68,73.45,36.43,17.68,2.5,3.0,2.0
0900700011123,Iztapalapa,3739,19,73,0,3722,3622,168,121,74,56,112,108,34,16,,1.05,0.9314,Medio,Bajo,0.51,1.96,0.0,4.49,61.16,46.28,92.56,89.26,28.1,13.22,,3.0,2.0
0900700014503,Iztapalapa,4051,81,26,,3920,3257,1136,1101,846,608,1037,898,418,334,,10.62,0.9512,Bajo,Bajo,2.0,0.66,,28.04,76.84,55.22,94.19,81.56,37.97,30.34,,2.0,2.0
0900700015304,Iztapalapa,5300,250,82,,5111,4041,1803,1384,785,482,1212,991,298,144,7,9.34,0.9288,Medio,Medio,4.72,1.6,,34.02,56.72,34.83,87.57,71.6,21.53,10.4,0.51,3.0,3.0
0900700015319,Iztapalapa,3414,169,57,,3271,2539,1147,943,564,284,801,724,146,82,4,8.96,0.9286,Medio,Medio,4.95,1.74,,33.6,59.81,30.12,84.94,76.78,15.48,8.7,0.42,3.0,3.0
0900700015465,Iztapalapa,1777,73,29,,1729,1433,508,545,459,369,507,438,255,179,,11.65,0.9574,Bajo,Muy bajo,4.11,1.68,,28.59,84.22,67.71,93.03,80.37,46.79,32.84,,2.0,1.0
0900700015569,Iztapalapa,4114,187,71,0,3964,3223,1431,1230,887,642,1149,958,346,357,4,10.73,0.954,Bajo,Bajo,4.55,1.79,0.0,34.78,72.11,52.2,93.41,77.89,28.13,29.02,0.33,2.0,2.0
0900700015573,Iztapalapa,3451,277,99,6,3325,2629,1263,870,509,294,775,719,163,104,5,9.33,0.9367,Medio,Medio,8.03,2.98,0.18,36.6,58.51,33.79,89.08,82.64,18.74,11.95,0.57,3.0,3.0
0900700015588,Iztapalapa,4157,270,95,,3984,3150,1420,1064,613,330,936,957,235,140,7,8.99,0.9358,Medio,Medio,6.5,2.38,,34.16,57.61,31.02,87.97,89.94,22.09,13.16,0.66,3.0,3.0
0900700015639,Iztapalapa,1737,84,34,0,1663,1319,747,462,236,160,418,303,115,62,,9.27,0.9147,Alto,Medio,4.84,2.04,0.0,43.01,51.08,34.63,90.48,65.58,24.89,13.42,,4.0,3.0
0900700015643,Iztapalapa,836,15,5,0,808,683,162,253,159,112,237,175,74,48,,9.96,0.9472,Bajo,Bajo,1.79,0.62,0.0,19.38,62.85,44.27,93.68,69.17,29.25,18.97,,2.0,2.0
0900700015662,Iztapalapa,2312,21,6,0,2204,1781,1010,588,342,207,500,432,157,99,15,9.1,0.9182,Alto,Medio,0.91,0.27,0.0,43.69,58.16,35.2,85.03,73.47,26.7,16.84,2.55,4.0,3.0
0900700015677,Iztapalapa,5416,253,83,0,5233,4307,1895,1367,942,660,1256,1047,447,353,7,10.29,0.9435,Medio,Bajo,4.67,1.59,0.0,34.99,68.91,48.28,91.88,76.59,32.7,25.82,0.51,3.0,2.0
0900700015751,Iztapalapa,1984,44,18,0,1927,1594,628,536,414,319,496,404,191,139,0,10.44,0.9555,Bajo,Bajo,2.22,0.93,0.0,31.65,77.24,59.51,92.54,75.37,35.63,25.93,0.0,2.0,2.0
0900700015817,Iztapalapa,504,16,3,0,483,394,137,157,127,57,150,148,40,34,,9.96,0.9409,Medio,Bajo,3.17,0.62,0.0,27.18,80.89,36.31,95.54,94.27,25.48,21.66,,3.0,2.0
090070001586A,Iztapalapa,2523,,,0,2463,2025,618,825,754,675,803,647,598,461,,13.32,0.9678,Muy bajo,Muy bajo,,,0.0,24.49,91.39,81.82,97.33,78.42,72.48,55.88,,1.0,1.0
0900700015821,Iztapalapa,468,14,6,0,456,397,58,146,103,75,134,121,53,43,,10.64,0.9513,Bajo,Bajo,2.99,1.32,0.0,12.39,70.55,51.37,91.78,82.88,36.3,29.45,,2.0,2.0
0900700015836,Iztapalapa,492,6,,0,482,401,57,164,112,70,153,141,52,37,0,10.46,0.9528,Bajo,Bajo,1.22,,0.0,11.59,68.29,42.68,93.29,85.98,31.71,22.56,0.0,2.0,2.0
0900700015840,Iztapalapa,755,8,5,0,733,613,240,206,123,84,190,147,58,34,0,9.71,0.9414,Medio,Bajo,1.06,0.68,0.0,31.79,59.71,40.78,92.23,71.36,28.16,16.5,0.0,3.0,2.0
0900700014715,Iztapalapa,32,16,14,0,31,24,20,0,0,0,0,0,0,0,0,5.25,,,,50.0,45.16,0.0,62.5,,,,,,,,,
0900700011301,Iztapalapa,4045,99,32,0,3941,3389,1378,1161,878,685,1062,931,429,320,4,11.64,0.9564,Bajo,Bajo,2.45,0.81,0.0,34.07,75.62,59.0,91.47,80.19,36.95,27.56,0.34,2.0,2.0
0900700011091,Iztapalapa,4232,43,15,0,4087,3273,1301,1296,707,554,1167,1031,411,243,9,10.05,0.9412,Medio,Bajo,1.02,0.37,0.0,30.74,54.55,42.75,90.05,79.55,31.71,18.75,0.69,3.0,2.0
0900700011246,Iztapalapa,4327,55,30,0,4212,3536,1303,1252,936,679,1159,998,510,324,,11.05,0.9532,Bajo,Bajo,1.27,0.71,0.0,30.11,74.76,54.23,92.57,79.71,40.73,25.88,,2.0,2.0
0900700011369,Iztapalapa,6296,232,99,,6122,5149,2182,1796,1201,919,1629,1435,658,407,8,10.7,0.9483,Bajo,Bajo,3.68,1.62,,34.66,66.87,51.17,90.7,79.9,36.64,22.66,0.45,2.0,2.0
0900700012691,Iztapalapa,7217,242,101,0,6954,5689,2549,1916,1256,916,1724,1481,528,356,3,10.12,0.9453,Medio,Bajo,3.35,1.45,0.0,35.32,65.55,47.81,89.98,77.3,27.56,18.58,0.16,3.0,2.0
0900700011636,Iztapalapa,2883,103,45,0,2801,2355,868,798,547,416,723,633,311,195,4,10.66,0.9516,Bajo,Bajo,3.57,1.61,0.0,30.11,68.55,52.13,90.6,79.32,38.97,24.44,0.5,2.0,2.0
090070001465A,Iztapalapa,2794,81,37,0,2676,2144,1202,783,556,347,736,716,250,200,,9.97,0.936,Medio,Bajo,2.9,1.38,0.0,43.02,71.01,44.32,94.0,91.44,31.93,25.54,,3.0,2.0
0900700011640,Iztapalapa,4166,104,44,,4047,3403,1276,1145,815,630,1054,913,439,268,,10.85,0.9557,Bajo,Bajo,2.5,1.09,,30.63,71.18,55.02,92.05,79.74,38.34,23.41,,2.0,2.0
0900700011655,Iztapalapa,2448,37,10,0,2389,1990,634,673,547,404,616,549,258,163,3,10.27,0.9391,Medio,Bajo,1.51,0.42,0.0,25.9,81.28,60.03,91.53,81.58,38.34,24.22,0.45,3.0,2.0
090070001166A,Iztapalapa,3498,9,4,,3420,2931,1250,835,631,440,751,668,382,128,4,10.92,0.9538,Bajo,Bajo,0.26,0.12,,35.73,75.57,52.69,89.94,80.0,45.75,15.33,0.48,2.0,2.0
0900700011674,Iztapalapa,3237,12,8,0,3144,2648,1140,799,536,385,704,576,314,117,3,10.44,0.9487,Bajo,Bajo,0.37,0.25,0.0,35.22,67.08,48.19,88.11,72.09,39.3,14.64,0.38,2.0,2.0
0900700011689,Iztapalapa,2788,37,14,0,2714,2315,917,716,491,360,625,583,300,133,,10.66,0.9502,Bajo,Bajo,1.33,0.52,0.0,32.89,68.58,50.28,87.29,81.42,41.9,18.58,,2.0,2.0
0900700011693,Iztapalapa,2012,47,16,0,1964,1680,634,516,372,261,444,427,222,124,,10.39,0.9527,Bajo,Bajo,2.34,0.81,0.0,31.51,72.09,50.58,86.05,82.75,43.02,24.03,,2.0,2.0
0900700011706,Iztapalapa,7319,130,57,0,7066,5631,3087,1902,1184,807,1697,1444,601,277,14,10.01,0.9368,Medio,Bajo,1.78,0.81,0.0,42.18,62.25,42.43,89.22,75.92,31.6,14.56,0.74,3.0,2.0
0900700011710,Iztapalapa,7600,185,80,0,7337,5979,2531,2012,1241,920,1821,1498,652,353,15,10.28,0.9445,Medio,Bajo,2.43,1.09,0.0,33.3,61.68,45.73,90.51,74.45,32.41,17.54,0.75,3.0,2.0
0900700011763,Iztapalapa,6474,247,119,0,6233,5074,2509,1658,979,645,1421,1165,441,289,18,9.81,0.9331,Medio,Bajo,3.82,1.91,0.0,38.76,59.05,38.9,85.71,70.27,26.6,17.43,1.09,3.0,2.0
0900700011960,Iztapalapa,3765,67,32,0,3682,3214,1146,1148,841,669,1061,759,580,405,3,11.55,0.9583,Bajo,Bajo,1.78,0.87,0.0,30.44,73.26,58.28,92.42,66.11,50.52,35.28,0.26,2.0,2.0
0900700011975,Iztapalapa,3499,7,3,0,3405,2846,828,1170,959,827,1124,833,645,520,4,12.06,0.9684,Muy bajo,Muy bajo,0.2,0.09,0.0,23.66,81.97,70.68,96.07,71.2,55.13,44.44,0.34,1.0,1.0
0900700010657,Iztapalapa,1916,12,14,0,1890,1719,466,601,548,495,566,513,481,317,,14.2,0.977,Muy bajo,Muy bajo,0.63,0.74,0.0,24.32,91.18,82.36,94.18,85.36,80.03,52.75,,1.0,1.0
090070001198A,Iztapalapa,6035,180,100,0,5858,4909,2184,1765,1203,872,1622,1321,618,403,4,10.56,0.9476,Bajo,Bajo,2.98,1.71,0.0,36.19,68.16,49.41,91.9,74.84,35.01,22.83,0.23,2.0,2.0
0900700014560,Iztapalapa,969,62,16,0,943,757,343,244,145,77,220,178,68,30,0,9.71,0.9401,Medio,Bajo,6.4,1.7,0.0,35.4,59.43,31.56,90.16,72.95,27.87,12.3,0.0,3.0,2.0
090070001287A,Iztapalapa,2859,65,26,0,2776,2308,933,822,573,431,711,586,286,196,4,10.4,0.9437,Medio,Bajo,2.27,0.94,0.0,32.63,69.71,52.43,86.5,71.29,34.79,23.84,0.49,3.0,2.0
0900700012884,Iztapalapa,3464,75,38,0,3370,2840,1109,999,717,485,906,791,351,248,,10.63,0.9499,Bajo,Bajo,2.17,1.13,0.0,32.02,71.77,48.55,90.69,79.18,35.14,24.82,,2.0,2.0
0900700012899,Iztapalapa,6559,553,195,5,6317,5039,2495,1626,1029,690,1408,1206,452,260,9,9.94,0.9358,Medio,Bajo,8.43,3.09,0.08,38.04,63.28,42.44,86.59,74.17,27.8,15.99,0.55,3.0,2.0
0900700014452,Iztapalapa,1960,6,3,0,1920,1710,464,647,569,508,617,504,471,280,0,13.38,0.9693,Muy bajo,Muy bajo,0.31,0.16,0.0,23.67,87.94,78.52,95.36,77.9,72.8,43.28,0.0,1.0,1.0
0900700012920,Iztapalapa,5442,259,112,0,5258,4194,1620,1659,975,601,1470,1465,258,127,3,9.35,0.9429,Medio,Bajo,4.76,2.13,0.0,29.77,58.77,36.23,88.61,88.31,15.55,7.66,0.18,3.0,2.0
0900700012935,Iztapalapa,5663,381,147,0,5447,4277,2110,1430,794,453,1225,1063,248,138,11,9.09,0.93,Medio,Medio,6.73,2.7,0.0,37.26,55.52,31.68,85.66,74.34,17.34,9.65,0.77,3.0,3.0
090070001294A,Iztapalapa,3012,99,37,0,2898,2351,927,774,515,307,683,569,160,84,3,9.42,0.9436,Medio,Bajo,3.29,1.28,0.0,30.78,66.54,39.66,88.24,73.51,20.67,10.85,0.39,3.0,2.0
0900700012954,Iztapalapa,1974,74,25,0,1888,1475,689,535,338,173,468,401,93,53,,9.4,0.9319,Medio,Medio,3.75,1.32,0.0,34.9,63.18,32.34,87.48,74.95,17.38,9.91,,3.0,3.0
0900700012973,Iztapalapa,3752,192,66,,3601,2891,1270,1012,528,334,830,754,197,82,4,9.2,0.9281,Medio,Medio,5.12,1.83,,33.85,52.17,33.0,82.02,74.51,19.47,8.1,0.4,3.0,3.0
0900700013030,Iztapalapa,5682,68,20,0,5520,4567,1960,1446,1027,712,1317,1242,481,249,11,10.31,0.9492,Bajo,Bajo,1.2,0.36,0.0,34.49,71.02,49.24,91.08,85.89,33.26,17.22,0.76,2.0,2.0
0900700015855,Iztapalapa,560,26,7,0,536,428,208,150,100,63,138,145,40,28,0,9.41,0.9419,Medio,Bajo,4.64,1.31,0.0,37.14,66.67,42.0,92.0,96.67,26.67,18.67,0.0,3.0,2.0
0900700011138,Iztapalapa,4768,174,77,0,4594,3705,1815,1274,732,475,1085,927,258,191,17,9.69,0.921,Alto,Medio,3.65,1.68,0.0,38.07,57.46,37.28,85.16,72.76,20.25,14.99,1.33,4.0,3.0
0900700011142,Iztapalapa,3200,72,21,0,3118,2605,727,812,583,387,718,655,204,98,,10.2,0.9544,Bajo,Bajo,2.25,0.67,0.0,22.72,71.8,47.66,88.42,80.67,25.12,12.07,,2.0,2.0
0900700011157,Iztapalapa,2662,41,14,,2582,2214,794,705,494,326,616,558,171,108,,10.31,0.9523,Bajo,Bajo,1.54,0.54,,29.83,70.07,46.24,87.38,79.15,24.26,15.32,,2.0,2.0
0900700011208,Iztapalapa,991,19,14,0,961,815,326,295,224,187,273,220,131,90,,11.05,0.944,Medio,Bajo,1.92,1.46,0.0,32.9,75.93,63.39,92.54,74.58,44.41,30.51,,3.0,2.0
0900700011250,Iztapalapa,3051,71,29,0,2971,2546,907,850,620,467,761,691,369,214,,11.23,0.9546,Bajo,Bajo,2.33,0.98,0.0,29.73,72.94,54.94,89.53,81.29,43.41,25.18,,2.0,2.0
0900700011509,Iztapalapa,4535,128,53,0,4370,3554,1701,1118,705,468,994,825,349,161,10,10.06,0.9386,Medio,Bajo,2.82,1.21,0.0,37.51,63.06,41.86,88.91,73.79,31.22,14.4,0.89,3.0,2.0
0900700010233,Iztapalapa,1933,23,11,0,1882,1591,625,528,348,229,451,419,104,59,0,10.63,0.9479,Bajo,Bajo,1.19,0.58,0.0,32.33,65.91,43.37,85.42,79.36,19.7,11.17,0.0,2.0,2.0
0900700011513,Iztapalapa,5064,51,20,0,4888,3993,1911,1407,883,588,1312,1061,481,315,5,10.06,0.9426,Medio,Bajo,1.01,0.41,0.0,37.74,62.76,41.79,93.25,75.41,34.19,22.39,0.36,3.0,2.0
090070001159A,Iztapalapa,6649,220,98,,6432,5380,2174,1818,1235,930,1666,1441,705,407,4,10.7,0.949,Bajo,Bajo,3.31,1.52,,32.7,67.93,51.16,91.64,79.26,38.78,22.39,0.22,2.0,2.0
0900700011566,Iztapalapa,9689,522,263,0,9404,7855,2963,2735,1986,1474,2530,2205,962,704,10,10.9,0.9498,Bajo,Bajo,5.39,2.8,0.0,30.58,72.61,53.89,92.5,80.62,35.17,25.74,0.37,2.0,2.0
0900700011621,Iztapalapa,4393,131,55,,4278,3603,1384,1252,949,747,1166,976,557,390,7,11.3,0.9546,Bajo,Bajo,2.98,1.29,,31.5,75.8,59.66,93.13,77.96,44.49,31.15,0.56,2.0,2.0
0900700015906,Iztapalapa,3780,69,27,0,3678,3109,1091,1125,788,633,1058,867,489,358,,11.39,0.9642,Bajo,Bajo,1.83,0.73,0.0,28.86,70.04,56.27,94.04,77.07,43.47,31.82,,2.0,2.0
0900700014429,Iztapalapa,2049,22,15,0,2001,1747,511,759,656,589,728,492,541,330,0,13.76,0.9696,Muy bajo,Muy bajo,1.07,0.75,0.0,24.94,86.43,77.6,95.92,64.82,71.28,43.48,0.0,1.0,1.0
0900700015056,Iztapalapa,806,28,10,0,777,635,189,251,189,116,242,212,91,71,0,10.22,0.9553,Bajo,Bajo,3.47,1.29,0.0,23.45,75.3,46.22,96.41,84.46,36.25,28.29,0.0,2.0,2.0
0900700014556,Iztapalapa,1063,17,7,0,1031,858,313,318,203,144,296,244,90,63,,10.4,0.9537,Bajo,Bajo,1.6,0.68,0.0,29.44,63.84,45.28,93.08,76.73,28.3,19.81,,2.0,2.0
0900700015802,Iztapalapa,463,10,,0,446,368,102,141,105,62,129,126,43,29,0,10.18,0.943,Medio,Bajo,2.16,,0.0,22.03,74.47,43.97,91.49,89.36,30.5,20.57,0.0,3.0,2.0
0900700011814,Iztapalapa,3694,94,48,0,3586,2999,929,1021,635,434,890,781,356,208,5,10.11,0.9468,Bajo,Bajo,2.54,1.34,0.0,25.15,62.19,42.51,87.17,76.49,34.87,20.37,0.49,2.0,2.0
0900700011890,Iztapalapa,5546,102,42,,5424,4590,1366,1456,1030,789,1294,1089,620,445,9,10.6,0.9537,Bajo,Bajo,1.84,0.77,,24.63,70.74,54.19,88.87,74.79,42.58,30.56,0.62,2.0,2.0
0900700011918,Iztapalapa,4953,111,42,,4806,4019,1794,1281,850,562,1139,958,458,262,10,10.29,0.947,Bajo,Bajo,2.24,0.87,,36.22,66.35,43.87,88.91,74.79,35.75,20.45,0.78,2.0,2.0
0900700011848,Iztapalapa,3531,225,139,5,3429,2881,932,994,680,565,929,825,424,328,,10.69,0.9447,Medio,Bajo,6.37,4.05,0.15,26.39,68.41,56.84,93.46,83.0,42.66,33.0,,3.0,2.0
0900700012140,Iztapalapa,7841,479,206,,7603,6208,2620,2051,1432,808,1845,1625,500,306,14,9.82,0.943,Medio,Bajo,6.11,2.71,,33.41,69.82,39.4,89.96,79.23,24.38,14.92,0.68,3.0,2.0
0900700012155,Iztapalapa,3769,160,59,0,3640,3012,1383,1033,648,394,914,800,237,153,8,10.06,0.9419,Medio,Bajo,4.25,1.62,0.0,36.69,62.73,38.14,88.48,77.44,22.94,14.81,0.77,3.0,2.0
090070001216A,Iztapalapa,3673,144,64,0,3557,2878,1335,965,672,408,863,797,245,140,6,10.05,0.9396,Medio,Bajo,3.92,1.8,0.0,36.35,69.64,42.28,89.43,82.59,25.39,14.51,0.62,3.0,2.0
0900700012460,Iztapalapa,4473,566,241,4,4291,3476,2103,1153,645,484,1049,782,297,170,7,9.96,0.9302,Medio,Medio,12.65,5.62,0.09,47.02,55.94,41.98,90.98,67.82,25.76,14.74,0.61,3.0,3.0
0900700012475,Iztapalapa,68,6,7,0,68,68,13,,,,,,0,,,5.89,,,Muy alto,8.82,10.29,0.0,19.12,,,,,,,,,5.0
0900700012494,Iztapalapa,1941,61,19,0,1893,1548,660,449,291,193,384,346,87,47,5,9.76,0.9278,Medio,Bajo,3.14,1.0,0.0,34.0,64.81,42.98,85.52,77.06,19.38,10.47,1.11,3.0,2.0
0900700012507,Iztapalapa,2181,27,6,0,2130,1826,663,553,424,287,512,460,119,65,3,10.38,0.9397,Medio,Bajo,1.24,0.28,0.0,30.4,76.67,51.9,92.59,83.18,21.52,11.75,0.54,3.0,2.0
0900700012530,Iztapalapa,10096,444,160,3,9743,7910,3449,2716,1812,1125,2380,1887,909,520,38,9.96,0.942,Medio,Bajo,4.4,1.64,0.03,34.16,66.72,41.42,87.63,69.48,33.47,19.15,1.4,3.0,2.0
0900700012545,Iztapalapa,6946,193,77,,6692,5404,2284,1821,1203,845,1581,1300,657,290,23,10.03,0.9372,Medio,Bajo,2.78,1.15,,32.88,66.06,46.4,86.82,71.39,36.08,15.93,1.26,3.0,2.0
0900700012757,Iztapalapa,5483,117,42,0,5309,4334,2018,1501,958,672,1306,1107,353,254,15,9.91,0.9436,Medio,Bajo,2.13,0.79,0.0,36.8,63.82,44.77,87.01,73.75,23.52,16.92,1.0,3.0,2.0
0900700014062,Iztapalapa,2990,165,52,0,2872,2426,1131,794,528,353,710,624,250,157,,9.95,0.9413,Medio,Bajo,5.52,1.81,0.0,37.83,66.5,44.46,89.42,78.59,31.49,19.77,,3.0,2.0
0900700011994,Iztapalapa,13946,189,225,0,13820,13115,1464,1153,767,552,1069,924,327,231,4,3.28,0.9375,Medio,Bajo,1.36,1.63,0.0,10.5,66.52,47.88,92.71,80.14,28.36,20.03,0.35,3.0,2.0
0900700012047,Iztapalapa,9950,530,222,5,9601,7873,3423,2606,1710,1135,2378,2104,752,527,17,9.96,0.9401,Medio,Bajo,5.33,2.31,0.05,34.4,65.62,43.55,91.25,80.74,28.86,20.22,0.65,3.0,2.0
0900700012070,Iztapalapa,4041,192,76,5,3888,3109,1273,1184,747,443,1071,882,382,202,9,9.72,0.9419,Medio,Bajo,4.75,1.95,0.13,31.5,63.09,37.42,90.46,74.49,32.26,17.06,0.76,3.0,2.0
0900700012085,Iztapalapa,5799,153,79,,5606,4552,1855,1883,1299,850,1666,1279,709,405,9,9.71,0.9377,Medio,Bajo,2.64,1.41,,31.99,68.99,45.14,88.48,67.92,37.65,21.51,0.48,3.0,2.0
090070001209A,Iztapalapa,3734,140,59,0,3607,2946,1263,985,638,363,882,799,251,145,3,9.97,0.9423,Medio,Bajo,3.75,1.64,0.0,33.82,64.77,36.85,89.54,81.12,25.48,14.72,0.3,3.0,2.0
0900700012102,Iztapalapa,3577,96,49,0,3446,2770,1302,876,633,386,790,608,222,124,,10.24,0.9431,Medio,Bajo,2.68,1.42,0.0,36.4,72.26,44.06,90.18,69.41,25.34,14.16,,3.0,2.0
0900700015484,Iztapalapa,4151,230,72,,4037,3425,1141,1372,1045,785,1335,950,637,375,,11.96,0.9636,Bajo,Bajo,5.54,1.78,,27.49,76.17,57.22,97.3,69.24,46.43,27.33,,2.0,2.0
0900700010074,Iztapalapa,2480,50,23,0,2394,1993,832,657,473,337,575,513,255,176,3,10.42,0.9446,Medio,Bajo,2.02,0.96,0.0,33.55,71.99,51.29,87.52,78.08,38.81,26.79,0.46,3.0,2.0
090070001376A,Iztapalapa,1613,58,19,0,1568,1334,547,476,330,235,415,386,190,138,3,10.7,0.9466,Bajo,Bajo,3.6,1.21,0.0,33.91,69.33,49.37,87.18,81.09,39.92,28.99,0.63,2.0,2.0
0900700014537,Iztapalapa,829,6,,0,807,638,243,236,162,94,213,193,69,36,0,10.28,0.953,Bajo,Bajo,0.72,,0.0,29.31,68.64,39.83,90.25,81.78,29.24,15.25,0.0,2.0,2.0
0900700010360,Iztapalapa,5255,186,87,,5103,4298,1545,1485,1165,902,1375,1134,747,451,4,11.47,0.9497,Bajo,Bajo,3.54,1.7,,29.4,78.45,60.74,92.59,76.36,50.3,30.37,0.27,2.0,2.0
0900700014541,Iztapalapa,1011,33,20,0,979,798,385,275,172,103,231,196,51,32,4,9.68,0.9405,Medio,Bajo,3.26,2.04,0.0,38.08,62.55,37.45,84.0,71.27,18.55,11.64,1.45,3.0,2.0
0900700012117,Iztapalapa,3108,117,63,,2991,2484,1024,824,483,297,718,607,189,91,11,9.96,0.9432,Medio,Medio,3.76,2.11,,32.95,58.62,36.04,87.14,73.67,22.94,11.04,1.33,3.0,3.0
0900700013717,Iztapalapa,2261,33,8,0,2191,1822,797,557,358,251,475,423,106,85,3,9.96,0.9351,Medio,Bajo,1.46,0.37,0.0,35.25,64.27,45.06,85.28,75.94,19.03,15.26,0.54,3.0,2.0
0900700010943,Iztapalapa,3439,59,35,3,3377,3041,959,1040,814,695,950,817,574,340,6,12.68,0.9459,Medio,Muy bajo,1.72,1.04,0.09,27.89,78.27,66.83,91.35,78.56,55.19,32.69,0.58,3.0,1.0
0900700010591,Iztapalapa,3807,43,14,0,3706,3130,1297,1120,689,472,957,852,509,203,7,10.3,0.944,Medio,Bajo,1.13,0.38,0.0,34.07,61.52,42.14,85.45,76.07,45.45,18.12,0.62,3.0,2.0
0900700011335,Iztapalapa,0,0,0,0,0,0,0,0,0,0,0,0,0,0,0,0.0,,,,,,,,,,,,,,,,
0900700011496,Iztapalapa,2524,40,15,0,2457,2074,898,633,468,351,574,494,299,152,0,11.01,0.9555,Bajo,Bajo,1.58,0.61,0.0,35.58,73.93,55.45,90.68,78.04,47.24,24.01,0.0,2.0,2.0
0900700013026,Iztapalapa,2493,84,28,0,2409,2040,754,671,491,339,600,539,252,138,3,10.72,0.9544,Bajo,Bajo,3.37,1.16,0.0,30.24,73.17,50.52,89.42,80.33,37.56,20.57,0.45,2.0,2.0
0900700014594,Iztapalapa,1164,50,18,0,1124,867,368,313,217,124,288,253,82,72,0,9.68,0.9442,Medio,Bajo,4.3,1.6,0.0,31.62,69.33,39.62,92.01,80.83,26.2,23.0,0.0,3.0,2.0
0900700014645,Iztapalapa,1184,48,13,0,1146,942,287,376,206,136,311,286,143,114,,9.51,0.9347,Medio,Bajo,4.05,1.13,0.0,24.24,54.79,36.17,82.71,76.06,38.03,30.32,,3.0,2.0
0900700014683,Iztapalapa,2771,49,21,0,2666,2185,1125,790,516,331,724,620,251,134,0,10.81,0.9427,Medio,Bajo,1.77,0.79,0.0,40.6,65.32,41.9,91.65,78.48,31.77,16.96,0.0,3.0,2.0
0900700010962,Iztapalapa,8084,300,147,,7813,6385,2286,2125,1446,987,1928,1727,739,492,10,10.29,0.9443,Medio,Bajo,3.71,1.88,,28.28,68.05,46.45,90.73,81.27,34.78,23.15,0.47,3.0,2.0
0900700010784,Iztapalapa,6393,179,60,0,6200,5192,2227,1663,1223,815,1491,1329,502,289,6,10.39,0.9468,Bajo,Bajo,2.8,0.97,0.0,34.83,73.54,49.01,89.66,79.92,30.19,17.38,0.36,2.0,2.0
0900700010816,Iztapalapa,1207,5,4,0,1194,1082,235,395,358,319,368,347,279,210,0,14.03,0.9435,Medio,Muy bajo,0.41,0.34,0.0,19.47,90.63,80.76,93.16,87.85,70.63,53.16,0.0,3.0,1.0
0900700010820,Iztapalapa,1112,7,8,0,1097,1004,283,375,343,303,358,325,256,199,0,14.4,0.963,Bajo,Muy bajo,0.63,0.73,0.0,25.45,91.47,80.8,95.47,86.67,68.27,53.07,0.0,2.0,1.0
0900700010835,Iztapalapa,6828,181,68,0,6579,5315,2822,1727,1118,691,1487,1272,647,264,12,10.04,0.9368,Medio,Bajo,2.65,1.03,0.0,41.33,64.74,40.01,86.1,73.65,37.46,15.29,0.69,3.0,2.0
090070001084A,Iztapalapa,7352,127,57,0,7123,5800,2248,2002,1351,951,1723,1520,658,438,17,10.42,0.9409,Medio,Bajo,1.73,0.8,0.0,30.58,67.48,47.5,86.06,75.92,32.87,21.88,0.85,3.0,2.0
0900700010854,Iztapalapa,3289,68,29,0,3182,2636,930,827,539,361,708,565,252,120,4,9.94,0.9336,Medio,Bajo,2.07,0.91,0.0,28.28,65.18,43.65,85.61,68.32,30.47,14.51,0.48,3.0,2.0
0900700011284,Iztapalapa,1379,12,4,0,1356,1182,421,360,290,232,321,282,172,113,0,12.13,0.9627,Bajo,Muy bajo,0.87,0.29,0.0,30.53,80.56,64.44,89.17,78.33,47.78,31.39,0.0,2.0,1.0
090070001141A,Iztapalapa,4046,94,44,0,3960,3354,1172,1175,893,658,1098,882,587,457,4,11.11,0.9542,Bajo,Bajo,2.32,1.11,0.0,28.97,76.0,56.0,93.45,75.06,49.96,38.89,0.34,2.0,2.0
0900700011424,Iztapalapa,2881,67,35,0,2798,2400,965,847,609,438,795,648,325,222,0,10.86,0.9552,Bajo,Bajo,2.33,1.25,0.0,33.5,71.9,51.71,93.86,76.51,38.37,26.21,0.0,2.0,2.0
0900700011439,Iztapalapa,2585,40,18,0,2536,2220,437,784,645,541,716,623,410,243,5,12.41,0.9694,Muy bajo,Muy bajo,1.55,0.71,0.0,16.91,82.27,69.01,91.33,79.46,52.3,30.99,0.64,1.0,1.0
0900700012687,Iztapalapa,4656,188,69,0,4524,3762,1575,1151,813,569,1010,907,412,263,9,10.38,0.944,Medio,Bajo,4.04,1.53,0.0,33.83,70.63,49.44,87.75,78.8,35.79,22.85,0.78,3.0,2.0
0900700012704,Iztapalapa,5016,256,95,0,4860,3858,1863,1420,900,420,1274,1151,184,60,6,9.5,0.9377,Medio,Bajo,5.1,1.95,0.0,37.14,63.38,29.58,89.72,81.06,12.96,4.23,0.42,3.0,2.0
0900700012719,Iztapalapa,4678,177,83,0,4497,3588,1608,1260,735,427,1087,904,263,145,3,9.35,0.9309,Medio,Medio,3.78,1.85,0.0,34.37,58.33,33.89,86.27,71.75,20.87,11.51,0.24,3.0,3.0
0900700012776,Iztapalapa,7954,367,148,0,7651,6260,2727,2150,1485,1003,1961,1723,592,495,12,10.15,0.9462,Medio,Bajo,4.61,1.93,0.0,34.28,69.07,46.65,91.21,80.14,27.53,23.02,0.56,3.0,2.0
0900700012780,Iztapalapa,6872,202,88,,6633,5353,2018,1760,1168,670,1563,1405,323,217,8,9.55,0.9436,Medio,Bajo,2.94,1.33,,29.37,66.36,38.07,88.81,79.83,18.35,12.33,0.45,3.0,2.0
0900700011443,Iztapalapa,1973,16,8,0,1941,1729,543,580,510,426,551,475,326,198,0,12.58,0.9704,Muy bajo,Muy bajo,0.81,0.41,0.0,27.52,87.93,73.45,95.0,81.9,56.21,34.14,0.0,1.0,1.0
0900700012808,Iztapalapa,4320,98,38,,4183,3558,1412,1223,821,583,1087,903,457,283,15,10.67,0.9407,Medio,Bajo,2.27,0.91,,32.69,67.13,47.67,88.88,73.83,37.37,23.14,1.23,3.0,2.0
0900700012812,Iztapalapa,3581,75,24,0,3487,2959,1356,963,719,563,885,730,442,267,,10.74,0.9495,Bajo,Bajo,2.09,0.69,0.0,37.87,74.66,58.46,91.9,75.8,45.9,27.73,,2.0,2.0
0900700012846,Iztapalapa,4936,144,40,0,4787,3921,1853,1316,884,612,1169,997,492,293,4,10.07,0.9428,Medio,Bajo,2.92,0.84,0.0,37.54,67.17,46.5,88.83,75.76,37.39,22.26,0.3,3.0,2.0
0900700012850,Iztapalapa,3639,110,53,,3518,2911,1146,1023,665,474,932,771,394,187,,10.42,0.9513,Bajo,Bajo,3.02,1.51,,31.49,65.0,46.33,91.1,75.37,38.51,18.28,,2.0,2.0
0900700014679,Iztapalapa,440,10,3,0,418,337,172,128,74,38,116,107,49,17,0,9.53,0.9388,Medio,Medio,2.27,0.72,0.0,39.09,57.81,29.69,90.62,83.59,38.28,13.28,0.0,3.0,3.0
0900700013153,Iztapalapa,3560,388,121,0,3424,2678,1215,890,558,273,762,645,106,89,6,9.08,0.9329,Medio,Medio,10.9,3.53,0.0,34.13,62.7,30.67,85.62,72.47,11.91,10.0,0.67,3.0,3.0
0900700013204,Iztapalapa,6595,308,126,,6350,5071,1950,1683,1136,639,1516,1341,445,297,8,9.51,0.9436,Medio,Bajo,4.67,1.98,,29.57,67.5,37.97,90.08,79.68,26.44,17.65,0.48,3.0,2.0
0900700013219,Iztapalapa,7613,470,179,3,7326,5869,3230,2035,1401,731,1815,1518,409,196,13,9.32,0.9273,Medio,Medio,6.17,2.44,0.04,42.43,68.85,35.92,89.19,74.59,20.1,9.63,0.64,3.0,3.0
0900700013223,Iztapalapa,7231,555,196,5,6940,5534,2893,1819,1106,709,1623,1521,429,258,4,9.31,0.9335,Medio,Bajo,7.68,2.82,0.07,40.01,60.8,38.98,89.22,83.62,23.58,14.18,0.22,3.0,2.0
0900700013238,Iztapalapa,6000,330,94,0,5811,4719,1879,1590,989,600,1378,1265,290,244,10,9.55,0.9382,Medio,Bajo,5.5,1.62,0.0,31.32,62.2,37.74,86.67,79.56,18.24,15.35,0.63,3.0,2.0
0900700013257,Iztapalapa,4049,127,51,0,3883,3065,1590,1060,767,354,891,878,159,121,8,9.33,0.9264,Alto,Bajo,3.14,1.31,0.0,39.27,72.36,33.4,84.06,82.83,15.0,11.42,0.75,4.0,2.0
0900700013276,Iztapalapa,6422,252,94,0,6185,5032,2316,1719,1182,670,1513,1430,322,261,3,9.32,0.9356,Medio,Bajo,3.92,1.52,0.0,36.06,68.76,38.98,88.02,83.19,18.73,15.18,0.17,3.0,2.0
090070001351A,Iztapalapa,5705,119,49,0,5517,4546,1688,1496,1010,708,1346,1154,444,275,5,10.19,0.9474,Bajo,Bajo,2.09,0.89,0.0,29.59,67.51,47.33,89.97,77.14,29.68,18.38,0.33,2.0,2.0
0900700013558,Iztapalapa,1463,63,36,,1435,1190,490,412,297,216,357,324,128,108,,10.78,0.9441,Medio,Bajo,4.31,2.51,,33.49,72.09,52.43,86.65,78.64,31.07,26.21,,3.0,2.0
0900700014081,Iztapalapa,5245,525,167,,4985,3885,2056,1283,781,399,1100,1013,262,111,4,8.84,0.9299,Medio,Medio,10.01,3.35,,39.2,60.87,31.1,85.74,78.96,20.42,8.65,0.31,3.0,3.0
0900700014170,Iztapalapa,4478,143,53,,4310,3478,1554,1125,706,426,980,841,317,166,19,9.55,0.9399,Medio,Bajo,3.19,1.23,,34.7,62.76,37.87,87.11,74.76,28.18,14.76,1.69,3.0,2.0
0900700014185,Iztapalapa,3902,118,33,0,3784,3099,1254,1067,743,528,980,803,471,234,3,10.53,0.9509,Bajo,Bajo,3.02,0.87,0.0,32.14,69.63,49.48,91.85,75.26,44.14,21.93,0.28,2.0,2.0
090070001419A,Iztapalapa,3319,53,18,0,3202,2698,870,1053,772,590,982,795,460,365,4,11.06,0.9619,Bajo,Bajo,1.6,0.56,0.0,26.21,73.31,56.03,93.26,75.5,43.68,34.66,0.38,2.0,2.0
0900700014202,Iztapalapa,3513,111,41,0,3398,2747,1073,871,495,272,773,631,206,108,6,9.42,0.9399,Medio,Medio,3.16,1.21,0.0,30.54,56.83,31.23,88.75,72.45,23.65,12.4,0.69,3.0,3.0
090070001426A,Iztapalapa,5157,471,145,,4902,3740,2034,1280,764,378,1126,954,271,132,7,9.18,0.9307,Medio,Medio,9.13,2.96,,39.44,59.69,29.53,87.97,74.53,21.17,10.31,0.55,3.0,3.0
090070001508A,Iztapalapa,3945,265,101,0,3781,2951,1358,1066,642,397,945,842,260,152,7,9.3,0.9362,Medio,Medio,6.72,2.67,0.0,34.42,60.23,37.24,88.65,78.99,24.39,14.26,0.66,3.0,3.0
0900700015094,Iztapalapa,1516,23,11,0,1468,1239,455,514,440,397,499,431,185,252,,12.97,0.9721,Muy bajo,Muy bajo,1.52,0.75,0.0,30.01,85.6,77.24,97.08,83.85,35.99,49.03,,1.0,1.0
0900700015111,Iztapalapa,7653,57,22,0,7474,6419,1749,2594,2141,1815,2490,2147,1358,1045,5,12.33,0.9734,Muy bajo,Muy bajo,0.74,0.29,0.0,22.85,82.54,69.97,95.99,82.77,52.35,40.29,0.19,1.0,1.0
0900700015450,Iztapalapa,3458,165,52,0,3359,2759,1152,852,617,414,771,656,286,151,4,9.76,0.9404,Medio,Bajo,4.77,1.55,0.0,33.31,72.42,48.59,90.49,77.0,33.57,17.72,0.47,3.0,2.0
0900700015431,Iztapalapa,2463,19,7,0,2421,2091,751,803,651,541,746,622,437,298,,12.22,0.9593,Bajo,Muy bajo,0.77,0.29,0.0,30.49,81.07,67.37,92.9,77.46,54.42,37.11,,2.0,1.0
0900700015446,Iztapalapa,4124,103,41,0,4027,3484,1149,1240,973,784,1150,906,620,405,4,12.1,0.9628,Bajo,Bajo,2.5,1.02,0.0,27.86,78.47,63.23,92.74,73.06,50.0,32.66,0.32,2.0,2.0
090070001547A,Iztapalapa,3413,92,28,,3286,2690,1393,972,701,514,911,738,362,249,0,10.54,0.9393,Medio,Bajo,2.7,0.85,,40.81,72.12,52.88,93.72,75.93,37.24,25.62,0.0,3.0,2.0
090070001038A,Iztapalapa,5123,46,25,,4951,4136,1537,1344,965,704,1192,1056,592,301,7,11.06,0.9466,Bajo,Bajo,0.9,0.5,,30.0,71.8,52.38,88.69,78.57,44.05,22.4,0.52,2.0,2.0
0900700010604,Iztapalapa,3653,41,16,0,3534,2934,1108,933,578,373,811,751,527,185,3,10.07,0.9466,Bajo,Bajo,1.12,0.45,0.0,30.33,61.95,39.98,86.92,80.49,56.48,19.83,0.32,2.0,2.0
090070001091A,Iztapalapa,1444,11,6,0,1426,1299,297,476,420,388,437,393,323,230,0,14.07,0.947,Bajo,Muy bajo,0.76,0.42,0.0,20.57,88.24,81.51,91.81,82.56,67.86,48.32,0.0,2.0,1.0
0900700010977,Iztapalapa,7001,208,92,,6779,5651,2162,1818,1296,911,1654,1428,683,464,15,10.49,0.9483,Bajo,Bajo,2.97,1.36,,30.88,71.29,50.11,90.98,78.55,37.57,25.52,0.83,2.0,2.0
090070001390A,Iztapalapa,4006,89,36,0,3886,3325,998,1092,853,672,1007,848,473,319,12,11.64,0.965,Bajo,Muy bajo,2.22,0.93,0.0,24.91,78.11,61.54,92.22,77.66,43.32,29.21,1.1,2.0,1.0
0900700013914,Iztapalapa,5355,95,36,,5218,4431,1322,1512,1174,902,1363,1128,588,456,3,11.61,0.9617,Bajo,Bajo,1.77,0.69,,24.69,77.65,59.66,90.15,74.6,38.89,30.16,0.2,2.0,2.0
0900700014927,Iztapalapa,6812,71,29,0,6600,5558,1725,2165,1790,1518,2060,1683,1014,1001,3,12.34,0.9626,Bajo,Muy bajo,1.04,0.44,0.0,25.32,82.68,70.12,95.15,77.74,46.84,46.24,0.14,2.0,1.0
0900700015785,Iztapalapa,500,5,3,0,491,404,139,138,90,47,112,108,31,17,,8.89,0.9241,Alto,Bajo,1.0,0.61,0.0,27.8,65.22,34.06,81.16,78.26,22.46,12.32,,4.0,2.0
090070001305A,Iztapalapa,6494,239,93,0,6260,5063,1869,1618,1047,659,1465,1288,475,307,6,10.05,0.946,Medio,Bajo,3.68,1.49,0.0,28.78,64.71,40.73,90.54,79.6,29.36,18.97,0.37,3.0,2.0
0900700014804,Iztapalapa,2676,43,17,0,2582,2163,711,770,610,433,715,583,403,219,3,10.87,0.9518,Bajo,Bajo,1.61,0.66,0.0,26.57,79.22,56.23,92.86,75.71,52.34,28.44,0.39,2.0,2.0
0900700010905,Iztapalapa,2580,50,26,,2539,2312,665,951,869,789,905,774,664,586,,14.2,0.9668,Muy bajo,Muy bajo,1.94,1.02,,25.78,91.38,82.97,95.16,81.39,69.82,61.62,,1.0,1.0
090070001262A,Iztapalapa,5432,358,159,0,5219,4152,1813,1490,890,575,1346,1064,319,221,3,9.59,0.9351,Medio,Bajo,6.59,3.05,0.0,33.38,59.73,38.59,90.34,71.41,21.41,14.83,0.2,3.0,2.0
0900700012634,Iztapalapa,4200,338,127,5,4053,3242,1510,1133,677,425,997,795,243,138,3,9.6,0.9377,Medio,Bajo,8.05,3.13,0.12,35.95,59.75,37.51,88.0,70.17,21.45,12.18,0.26,3.0,2.0
0900700012649,Iztapalapa,4309,318,113,0,4151,3376,1557,1155,705,412,994,820,241,179,9,9.57,0.9378,Medio,Bajo,7.38,2.72,0.0,36.13,61.04,35.67,86.06,71.0,20.87,15.5,0.78,3.0,2.0
0900700014611,Iztapalapa,751,40,16,0,720,603,132,244,176,91,221,199,70,53,0,9.82,0.9461,Medio,Bajo,5.33,2.22,0.0,17.58,72.13,37.3,90.57,81.56,28.69,21.72,0.0,3.0,2.0
0900700013562,Iztapalapa,1809,58,23,,1751,1437,552,479,363,276,438,352,134,121,,10.79,0.9494,Bajo,Bajo,3.21,1.31,,30.51,75.78,57.62,91.44,73.49,27.97,25.26,,2.0,2.0
0900700015412,Iztapalapa,2677,131,41,0,2588,2120,857,673,460,340,644,601,238,176,0,10.05,0.9542,Bajo,Bajo,4.89,1.58,0.0,32.01,68.35,50.52,95.69,89.3,35.36,26.15,0.0,2.0,2.0
090070001593A,Iztapalapa,3627,102,38,0,3491,2751,1296,1090,711,420,993,800,536,254,9,9.59,0.9414,Medio,Bajo,2.81,1.09,0.0,35.73,65.23,38.53,91.1,73.39,49.17,23.3,0.83,3.0,2.0
0900700015376,Iztapalapa,961,16,6,,923,642,13,246,177,166,244,204,104,96,0,11.32,0.9902,Muy bajo,Muy bajo,1.66,0.65,,1.35,71.95,67.48,99.19,82.93,42.28,39.02,0.0,1.0,1.0
0900700014293,Iztapalapa,5256,629,228,3,5018,3831,1989,1292,806,428,1124,848,361,130,10,9.12,0.9295,Medio,Medio,11.97,4.54,0.06,37.84,62.38,33.13,87.0,65.63,27.94,10.06,0.77,3.0,3.0
0900700012206,Iztapalapa,1638,45,16,0,1595,1373,475,474,342,243,421,328,151,120,0,10.76,0.9544,Bajo,Bajo,2.75,1.0,0.0,29.0,72.15,51.27,88.82,69.2,31.86,25.32,0.0,2.0,2.0
0900700012193,Iztapalapa,2575,46,21,0,2507,2078,792,695,484,324,630,503,198,107,,10.33,0.9507,Bajo,Bajo,1.79,0.84,0.0,30.76,69.64,46.62,90.65,72.37,28.49,15.4,,2.0,2.0
0900700015874,Iztapalapa,1628,24,12,0,1592,1363,380,520,492,447,500,430,419,333,,14.46,0.9719,Muy bajo,Muy bajo,1.47,0.75,0.0,23.34,94.62,85.96,96.15,82.69,80.58,64.04,,1.0,1.0
0900700012437,Iztapalapa,5076,149,40,0,4928,4061,1485,1177,777,538,993,830,418,188,7,9.6,0.9372,Medio,Bajo,2.94,0.81,0.0,29.26,66.02,45.71,84.37,70.52,35.51,15.97,0.59,3.0,2.0
0900700012441,Iztapalapa,4457,155,47,,4312,3526,1862,1155,750,486,1009,880,494,196,3,9.91,0.94,Medio,Bajo,3.48,1.09,,41.78,64.94,42.08,87.36,76.19,42.77,16.97,0.26,3.0,2.0
0900700011316,Iztapalapa,3355,16,6,0,3227,2654,1406,818,557,347,738,610,319,152,0,9.64,0.9361,Medio,Bajo,0.48,0.19,0.0,41.91,68.09,42.42,90.22,74.57,39.0,18.58,0.0,3.0,2.0
0900700010040,Iztapalapa,3860,148,69,0,3772,3192,1275,1079,793,591,979,829,410,303,3,11.39,0.9541,Bajo,Bajo,3.83,1.83,0.0,33.03,73.49,54.77,90.73,76.83,38.0,28.08,0.28,2.0,2.0
090070001013A,Iztapalapa,2880,60,22,0,2802,2352,1043,816,569,424,754,662,296,190,,10.48,0.9506,Bajo,Bajo,2.08,0.79,0.0,36.22,69.73,51.96,92.4,81.13,36.27,23.28,,2.0,2.0
0900700010197,Iztapalapa,2762,16,7,0,2717,2434,823,890,784,710,853,689,572,421,,13.47,0.9691,Muy bajo,Muy bajo,0.58,0.26,0.0,29.8,88.09,79.78,95.84,77.42,64.27,47.3,,1.0,1.0
0900700010248,Iztapalapa,1549,12,6,0,1524,1307,510,425,300,198,374,357,132,88,,10.36,0.9368,Medio,Bajo,0.77,0.39,0.0,32.92,70.59,46.59,88.0,84.0,31.06,20.71,,3.0,2.0
0900700010407,Iztapalapa,6972,215,87,,6705,5442,2847,1780,1056,763,1603,1383,476,216,,10.23,0.9349,Medio,Bajo,3.08,1.3,,40.83,59.33,42.87,90.06,77.7,26.74,12.13,,3.0,2.0
0900700010411,Iztapalapa,4975,163,77,0,4806,3899,2029,1293,812,576,1171,940,445,216,,10.45,0.9381,Medio,Bajo,3.28,1.6,0.0,40.78,62.8,44.55,90.56,72.7,34.42,16.71,,3.0,2.0
0900700010426,Iztapalapa,8211,225,84,0,7924,6534,2822,2130,1425,989,1932,1670,778,447,8,10.65,0.9452,Medio,Bajo,2.74,1.06,0.0,34.37,66.9,46.43,90.7,78.4,36.53,20.99,0.38,3.0,2.0
0900700015747,Iztapalapa,1979,52,13,0,1928,1588,608,520,390,262,485,414,166,141,0,10.17,0.9558,Bajo,Bajo,2.63,0.67,0.0,30.72,75.0,50.38,93.27,79.62,31.92,27.12,0.0,2.0,2.0
090070001554A,Iztapalapa,2658,51,26,,2579,2166,878,872,671,554,840,614,425,328,3,11.87,0.962,Bajo,Muy bajo,1.92,1.01,,33.03,76.95,63.53,96.33,70.41,48.74,37.61,0.34,2.0,1.0
0900700010750,Iztapalapa,9308,715,313,4,8958,7260,3343,2347,1415,920,2082,1786,608,373,18,9.94,0.9318,Medio,Bajo,7.68,3.49,0.04,35.92,60.29,39.2,88.71,76.1,25.91,15.89,0.77,3.0,2.0
090070001077A,Iztapalapa,4047,120,38,,3899,3232,1640,1011,697,471,916,770,508,167,3,10.5,0.9427,Medio,Bajo,2.97,0.97,,40.52,68.94,46.59,90.6,76.16,50.25,16.52,0.3,3.0,2.0
0900700013149,Iztapalapa,3862,213,64,,3713,2909,1487,1036,582,276,836,689,158,59,18,8.83,0.9247,Alto,Medio,5.52,1.72,,38.5,56.18,26.64,80.69,66.51,15.25,5.69,1.74,4.0,3.0
0900700013365,Iztapalapa,2467,100,50,0,2372,1848,895,629,374,181,525,456,94,45,3,8.89,0.93,Medio,Medio,4.05,2.11,0.0,36.28,59.46,28.78,83.47,72.5,14.94,7.15,0.48,3.0,3.0
090070001337A,Iztapalapa,7522,406,160,,7291,5945,2069,2068,1492,1042,1869,1679,699,454,7,10.12,0.951,Bajo,Bajo,5.4,2.19,,27.51,72.15,50.39,90.38,81.19,33.8,21.95,0.34,2.0,2.0
0900700013401,Iztapalapa,7248,351,105,0,7000,5552,2326,1871,1172,638,1685,1573,416,236,4,9.36,0.9395,Medio,Medio,4.84,1.5,0.0,32.09,62.64,34.1,90.06,84.07,22.23,12.61,0.21,3.0,3.0
0900700014433,Iztapalapa,3751,54,27,0,3684,3190,951,1249,1099,984,1197,1013,962,660,4,13.75,0.9724,Muy bajo,Muy bajo,1.44,0.73,0.0,25.35,87.99,78.78,95.84,81.1,77.02,52.84,0.32,1.0,1.0
0900700013488,Iztapalapa,4965,182,79,0,4805,3906,1530,1610,1033,623,1444,1213,592,262,6,9.64,0.9449,Medio,Bajo,3.67,1.64,0.0,30.82,64.16,38.7,89.69,75.34,36.77,16.27,0.37,3.0,2.0
0900700013505,Iztapalapa,5709,272,116,,5508,4503,1603,1540,898,654,1387,1120,426,237,7,9.66,0.9436,Medio,Bajo,4.76,2.11,,28.08,58.31,42.47,90.06,72.73,27.66,15.39,0.45,3.0,2.0
0900700014306,Iztapalapa,1814,71,30,,1758,1470,493,504,408,301,476,398,213,193,,11.28,0.9529,Bajo,Bajo,3.91,1.71,,27.18,80.95,59.72,94.44,78.97,42.26,38.29,,2.0,2.0
0900700014310,Iztapalapa,2911,154,61,0,2833,2349,836,824,608,425,761,597,311,221,4,10.91,0.9498,Bajo,Bajo,5.29,2.15,0.0,28.72,73.79,51.58,92.35,72.45,37.74,26.82,0.49,2.0,2.0
090070001433A,Iztapalapa,4019,98,45,0,3909,3202,1361,1070,747,565,940,814,348,159,13,10.38,0.941,Medio,Bajo,2.44,1.15,0.0,33.86,69.81,52.8,87.85,76.07,32.52,14.86,1.21,3.0,2.0
0900700014382,Iztapalapa,2196,110,30,0,2133,1750,661,594,439,324,547,438,186,144,,10.44,0.9578,Bajo,Bajo,5.01,1.41,0.0,30.1,73.91,54.55,92.09,73.74,31.31,24.24,,2.0,2.0
0900700014414,Iztapalapa,8028,116,51,0,7833,6635,1784,2515,2060,1690,2366,1868,1546,1017,,12.21,0.9643,Bajo,Muy bajo,1.44,0.65,0.0,22.22,81.91,67.2,94.08,74.27,61.47,40.44,,2.0,1.0
0900700014664,Iztapalapa,3439,156,58,0,3322,2686,1447,826,576,355,745,621,269,205,4,9.94,0.9411,Medio,Bajo,4.54,1.75,0.0,42.08,69.73,42.98,90.19,75.18,32.57,24.82,0.48,3.0,2.0
0900700015041,Iztapalapa,3291,250,88,0,3131,2471,1005,872,551,312,785,598,170,100,3,9.69,0.9425,Medio,Bajo,7.6,2.81,0.0,30.54,63.19,35.78,90.02,68.58,19.5,11.47,0.34,3.0,2.0
0900700015060,Iztapalapa,5931,125,45,,5760,4810,1815,1589,1157,810,1439,1286,571,375,3,10.48,0.9456,Medio,Bajo,2.11,0.78,,30.6,72.81,50.98,90.56,80.93,35.93,23.6,0.19,3.0,2.0
0900700015323,Iztapalapa,3240,353,141,,3091,2404,1072,845,569,246,686,629,122,72,3,8.83,0.9126,Alto,Medio,10.9,4.56,,33.09,67.34,29.11,81.18,74.44,14.44,8.52,0.36,4.0,3.0
0900700015342,Iztapalapa,5210,750,251,3,4927,3846,1836,1302,830,345,1142,959,221,98,9,9.08,0.9285,Medio,Medio,14.4,5.09,0.06,35.24,63.75,26.5,87.71,73.66,16.97,7.53,0.69,3.0,3.0
0900700012738,Iztapalapa,6698,378,154,4,6472,5164,2420,1791,1092,726,1560,1337,399,239,7,9.78,0.9332,Medio,Bajo,5.64,2.38,0.06,36.13,60.97,40.54,87.1,74.65,22.28,13.34,0.39,3.0,2.0
0900700011759,Iztapalapa,3567,100,50,0,3429,2772,1642,925,544,380,811,662,245,158,,10.13,0.934,Medio,Bajo,2.8,1.46,0.0,46.03,58.81,41.08,87.68,71.57,26.49,17.08,,3.0,2.0
0900700015287,Iztapalapa,2360,25,14,0,2307,2022,744,887,629,536,798,595,441,202,9,11.6,0.951,Bajo,Bajo,1.06,0.61,0.0,31.53,70.91,60.43,89.97,67.08,49.72,22.77,1.01,2.0,2.0
0900700013806,Iztapalapa,2080,41,22,0,2023,1689,587,596,417,339,557,434,270,177,4,10.98,0.952,Bajo,Bajo,1.97,1.09,0.0,28.22,69.97,56.88,93.46,72.82,45.3,29.7,0.67,2.0,2.0
0900700014471,Iztapalapa,2274,24,16,0,2211,1846,526,665,569,399,623,529,427,209,0,11.73,0.9686,Muy bajo,Muy bajo,1.06,0.72,0.0,23.13,85.56,60.0,93.68,79.55,64.21,31.43,0.0,1.0,1.0
0900700011477,Iztapalapa,2157,10,3,0,2132,1883,695,671,612,540,636,523,442,328,0,13.73,0.9664,Muy bajo,Muy bajo,0.46,0.14,0.0,32.22,91.21,80.48,94.78,77.94,65.87,48.88,0.0,1.0,1.0
0900700011299,Iztapalapa,3461,62,21,0,3378,2883,1159,955,731,575,883,798,416,225,,11.31,0.9578,Bajo,Bajo,1.79,0.62,0.0,33.49,76.54,60.21,92.46,83.56,43.56,23.56,,2.0,2.0
0900700013242,Iztapalapa,8092,480,176,0,7781,6142,3123,2189,1405,684,1901,1698,362,239,18,9.2,0.934,Medio,Medio,5.93,2.26,0.0,38.59,64.18,31.25,86.84,77.57,16.54,10.92,0.82,3.0,3.0
0900700013346,Iztapalapa,6680,525,175,,6382,4987,2274,1706,1059,524,1449,1267,319,183,12,9.24,0.9273,Medio,Medio,7.86,2.74,,34.04,62.08,30.72,84.94,74.27,18.7,10.73,0.7,3.0,3.0
0900700015658,Iztapalapa,7959,1430,513,4,7531,5597,3694,2016,643,403,1896,1625,381,169,6,8.59,0.9089,Alto,Alto,17.97,6.81,0.05,46.41,31.89,19.99,94.05,80.61,18.9,8.38,0.3,4.0,4.0
0900700015605,Iztapalapa,4180,136,58,,4025,3297,1434,1283,980,739,1222,1030,438,420,0,11.48,0.9616,Bajo,Bajo,3.25,1.44,,34.31,76.38,57.6,95.25,80.28,34.14,32.74,0.0,2.0,2.0
0900700013596,Iztapalapa,4594,192,62,0,4445,3705,1624,1394,890,669,1262,1017,389,316,5,10.49,0.9455,Medio,Bajo,4.18,1.39,0.0,35.35,63.85,47.99,90.53,72.96,27.91,22.67,0.36,3.0,2.0
0900700015183,Iztapalapa,3932,259,93,0,3738,2882,1701,900,535,321,822,682,267,184,,8.97,0.9296,Medio,Medio,6.59,2.49,0.0,43.26,59.44,35.67,91.33,75.78,29.67,20.44,,3.0,3.0
0900700014749,Iztapalapa,6128,172,67,0,5914,4746,2209,1566,946,558,1404,1200,381,176,9,9.67,0.9311,Medio,Medio,2.81,1.13,0.0,36.05,60.41,35.63,89.66,76.63,24.33,11.24,0.57,3.0,3.0
0900700012051,Iztapalapa,11206,1036,399,,10706,8248,3938,2894,1552,815,2678,2252,727,258,11,9.08,0.9275,Medio,Medio,9.25,3.73,,35.14,53.63,28.16,92.54,77.82,25.12,8.91,0.38,3.0,3.0
0900700013327,Iztapalapa,7178,296,106,0,6965,5699,2398,1856,1279,800,1616,1415,545,319,12,9.74,0.9402,Medio,Bajo,4.12,1.52,0.0,33.41,68.91,43.1,87.07,76.24,29.36,17.19,0.65,3.0,2.0
0900700015130,Iztapalapa,2592,215,71,0,2526,2134,870,738,562,429,668,555,346,220,4,10.95,0.9535,Bajo,Bajo,8.29,2.81,0.0,33.56,76.15,58.13,90.51,75.2,46.88,29.81,0.54,2.0,2.0
0900700014151,Iztapalapa,1449,53,17,0,1398,1134,740,374,230,150,342,296,126,64,,9.49,0.9273,Medio,Bajo,3.66,1.22,0.0,51.07,61.5,40.11,91.44,79.14,33.69,17.11,,3.0,2.0
0900700010445,Iztapalapa,3848,59,20,0,3724,3099,1479,1070,841,529,962,807,373,218,11,10.8,0.9466,Bajo,Bajo,1.53,0.54,0.0,38.44,78.6,49.44,89.91,75.42,34.86,20.37,1.03,2.0,2.0
0900700015253,Iztapalapa,4458,113,43,0,4272,3400,1982,1350,942,612,1246,1099,745,267,4,10.34,0.9453,Medio,Bajo,2.53,1.01,0.0,44.46,69.78,45.33,92.3,81.41,55.19,19.78,0.3,3.0,2.0
0900700010464,Iztapalapa,4863,129,42,,4714,3877,2010,1380,859,594,1182,1013,535,244,,10.02,0.9305,Medio,Bajo,2.65,0.89,,41.33,62.25,43.04,85.65,73.41,38.77,17.68,,3.0,2.0
0900700010252,Iztapalapa,3188,36,16,0,3099,2628,1051,828,555,438,716,644,330,187,4,10.23,0.9346,Medio,Bajo,1.13,0.52,0.0,32.97,67.03,52.9,86.47,77.78,39.86,22.58,0.48,3.0,2.0
0900700010144,Iztapalapa,1855,22,10,0,1802,1566,590,515,322,234,451,441,176,126,3,10.12,0.9396,Medio,Bajo,1.19,0.55,0.0,31.81,62.52,45.44,87.57,85.63,34.17,24.47,0.58,3.0,2.0
0900700010036,Iztapalapa,10273,310,117,,9995,8530,3022,3130,2487,2019,2940,2221,1477,988,4,11.8,0.9592,Bajo,Bajo,3.02,1.17,,29.42,79.46,64.5,93.93,70.96,47.19,31.57,0.13,2.0,2.0
0900700012511,Iztapalapa,996,3,5,0,983,898,274,350,302,266,326,295,244,173,0,13.57,0.9497,Bajo,Muy bajo,0.3,0.51,0.0,27.51,86.29,76.0,93.14,84.29,69.71,49.43,0.0,2.0,1.0
0900700012526,Iztapalapa,1056,9,5,0,1037,950,253,383,325,287,357,300,242,171,0,13.47,0.9592,Bajo,Muy bajo,0.85,0.48,0.0,23.96,84.86,74.93,93.21,78.33,63.19,44.65,0.0,2.0,1.0
0900700014344,Iztapalapa,2790,109,32,,2707,2205,842,703,534,388,669,531,259,179,,10.42,0.9572,Bajo,Bajo,3.91,1.18,,30.18,75.96,55.19,95.16,75.53,36.84,25.46,,2.0,2.0
0900700014734,Iztapalapa,11587,195,53,0,11270,9447,3817,2998,2309,1674,2736,2454,1306,856,5,10.64,0.9498,Bajo,Bajo,1.68,0.47,0.0,32.94,77.02,55.84,91.26,81.85,43.56,28.55,0.17,2.0,2.0
0900700011049,Iztapalapa,4690,33,12,0,4583,3903,1462,1269,920,719,1131,1031,604,383,3,11.02,0.9509,Bajo,Bajo,0.7,0.26,0.0,31.17,72.5,56.66,89.13,81.25,47.6,30.18,0.24,2.0,2.0
090070001472A,Iztapalapa,5525,101,39,0,5357,4530,1881,1388,1049,724,1257,1123,608,365,9,10.57,0.9498,Bajo,Bajo,1.83,0.73,0.0,34.05,75.58,52.16,90.56,80.91,43.8,26.3,0.65,2.0,2.0
0900700015395,Iztapalapa,3565,316,98,,3440,2726,1258,808,482,342,769,586,148,81,0,8.64,0.9431,Medio,Bajo,8.86,2.85,,35.29,59.65,42.33,95.17,72.52,18.32,10.02,0.0,3.0,2.0
0900700011481,Iztapalapa,2435,26,11,0,2388,2139,761,768,681,592,717,606,485,341,,14.03,0.9664,Muy bajo,Muy bajo,1.07,0.46,0.0,31.25,88.67,77.08,93.36,78.91,63.15,44.4,,1.0,1.0
0900700013581,Iztapalapa,3942,382,177,3,3804,3121,1334,1153,814,638,1073,943,389,351,3,10.56,0.9512,Bajo,Bajo,9.69,4.65,0.08,33.84,70.6,55.33,93.06,81.79,33.74,30.44,0.26,2.0,2.0
0900700014113,Iztapalapa,2033,29,12,0,1978,1696,602,660,509,403,614,524,313,226,8,11.74,0.9604,Bajo,Bajo,1.43,0.61,0.0,29.61,77.12,61.06,93.03,79.39,47.42,34.24,1.21,2.0,2.0
0900700014522,Iztapalapa,749,8,,0,717,593,279,218,159,116,209,173,93,68,0,10.79,0.9579,Bajo,Bajo,1.07,,0.0,37.25,72.94,53.21,95.87,79.36,42.66,31.19,0.0,2.0,2.0
0900700014698,Iztapalapa,3320,77,23,,3183,2543,1021,915,640,263,822,650,257,169,16,9.2,0.9354,Medio,Medio,2.32,0.72,,30.75,69.95,28.74,89.84,71.04,28.09,18.47,1.75,3.0,3.0
0900700015179,Iztapalapa,1573,134,39,0,1515,1207,702,404,256,172,376,313,120,62,0,9.83,0.9381,Medio,Bajo,8.52,2.57,0.0,44.63,63.37,42.57,93.07,77.48,29.7,15.35,0.0,3.0,2.0
0900700015198,Iztapalapa,5541,80,31,,5274,4063,2120,1369,841,472,1208,1059,389,249,22,8.91,0.9212,Alto,Medio,1.44,0.59,,38.26,61.43,34.48,88.24,77.36,28.41,18.19,1.61,4.0,3.0
090070001515A,Iztapalapa,1634,89,25,0,1582,1310,545,399,274,189,370,304,130,77,,10.15,0.9537,Bajo,Bajo,5.45,1.58,0.0,33.35,68.67,47.37,92.73,76.19,32.58,19.3,,2.0,2.0
0900700015126,Iztapalapa,4853,45,21,0,4743,4034,1094,1492,1264,1033,1450,1245,746,682,,11.54,0.9653,Bajo,Muy bajo,0.93,0.44,0.0,22.54,84.72,69.24,97.18,83.45,50.0,45.71,,2.0,1.0
0900700015268,Iztapalapa,5103,229,87,,4876,3881,2029,1447,779,445,1201,998,603,186,34,9.53,0.921,Alto,Medio,4.49,1.78,,39.76,53.84,30.75,83.0,68.97,41.67,12.85,2.35,4.0,3.0
0900700015200,Iztapalapa,4699,72,27,0,4505,3480,1963,1150,671,382,1040,896,295,171,6,8.96,0.9215,Alto,Medio,1.53,0.6,0.0,41.77,58.35,33.22,90.43,77.91,25.65,14.87,0.52,4.0,3.0
0900700010356,Iztapalapa,5122,142,76,0,4965,4258,1743,1449,1080,784,1327,1137,663,450,10,10.78,0.9475,Bajo,Bajo,2.77,1.53,0.0,34.03,74.53,54.11,91.58,78.47,45.76,31.06,0.69,2.0,2.0
0900700011778,Iztapalapa,6931,429,239,10,6735,5598,2175,1991,1466,1109,1840,1536,864,629,16,10.8,0.9462,Medio,Bajo,6.19,3.55,0.15,31.38,73.63,55.7,92.42,77.15,43.4,31.59,0.8,3.0,2.0
0900700013825,Iztapalapa,3400,184,72,0,3298,2772,1109,892,699,541,840,787,346,283,3,10.81,0.9558,Bajo,Bajo,5.41,2.18,0.0,32.62,78.36,60.65,94.17,88.23,38.79,31.73,0.34,2.0,2.0
0900700011265,Iztapalapa,3915,94,41,0,3807,3273,1250,1161,797,639,1054,970,482,280,4,11.32,0.9558,Bajo,Bajo,2.4,1.08,0.0,31.93,68.65,55.04,90.78,83.55,41.52,24.12,0.34,2.0,2.0
0900700011053,Iztapalapa,7253,42,17,0,7116,6134,2373,2054,1484,1154,1787,1619,969,607,4,10.96,0.9451,Medio,Bajo,0.58,0.24,0.0,32.72,72.25,56.18,87.0,78.82,47.18,29.55,0.19,3.0,2.0
090070001127A,Iztapalapa,2174,32,15,0,2138,1906,597,625,528,406,589,543,325,219,,12.2,0.9705,Muy bajo,Muy bajo,1.47,0.7,0.0,27.46,84.48,64.96,94.24,86.88,52.0,35.04,,1.0,1.0
0900700015624,Iztapalapa,3644,81,31,0,3544,3014,1092,977,780,623,921,780,518,365,0,11.47,0.9596,Bajo,Bajo,2.22,0.87,0.0,29.97,79.84,63.77,94.27,79.84,53.02,37.36,0.0,2.0,2.0
090070001401A,Iztapalapa,2883,166,72,0,2794,2295,939,880,586,423,834,690,333,198,,10.45,0.9507,Bajo,Bajo,5.76,2.58,0.0,32.57,66.59,48.07,94.77,78.41,37.84,22.5,,2.0,2.0
0900700011833,Iztapalapa,3848,204,87,0,3747,3141,1031,1077,771,560,982,860,449,281,9,10.8,0.9555,Bajo,Bajo,5.3,2.32,0.0,26.79,71.59,52.0,91.18,79.85,41.69,26.09,0.84,2.0,2.0
0900700014109,Iztapalapa,7678,1037,357,3,7360,5742,3044,1906,1066,581,1704,1470,351,228,14,8.83,0.9264,Alto,Medio,13.51,4.85,0.04,39.65,55.93,30.48,89.4,77.12,18.42,11.96,0.73,4.0,3.0
0900700014096,Iztapalapa,6341,521,173,4,6074,4820,2530,1512,900,513,1337,1103,322,164,16,9.13,0.9239,Alto,Medio,8.22,2.85,0.07,39.9,59.52,33.93,88.43,72.95,21.3,10.85,1.06,4.0,3.0
0900700013859,Iztapalapa,2090,76,31,0,2030,1699,615,578,449,315,538,503,220,135,0,10.66,0.955,Bajo,Bajo,3.64,1.53,0.0,29.43,77.68,54.5,93.08,87.02,38.06,23.36,0.0,2.0,2.0
0900700013863,Iztapalapa,4153,155,56,,4007,3271,1727,1083,705,452,932,823,304,165,9,9.86,0.9346,Medio,Bajo,3.73,1.4,,41.58,65.1,41.74,86.06,75.99,28.07,15.24,0.83,3.0,2.0
0900700015499,Iztapalapa,4474,433,130,,4282,3379,1336,1113,702,390,1012,918,268,162,6,9.3,0.9386,Medio,Medio,9.68,3.04,,29.86,63.07,35.04,90.93,82.48,24.08,14.56,0.54,3.0,3.0
0900700014791,Iztapalapa,2135,23,7,0,2089,1797,496,637,530,458,594,521,364,328,0,10.59,0.94,Medio,Muy bajo,1.08,0.34,0.0,23.23,83.2,71.9,93.25,81.79,57.14,51.49,0.0,3.0,1.0
0900700014912,Iztapalapa,6803,59,30,0,6623,5568,1771,1928,1450,1189,1750,1525,836,595,3,10.95,0.9391,Medio,Bajo,0.87,0.45,0.0,26.03,75.21,61.67,90.77,79.1,43.36,30.86,0.16,3.0,2.0
0900700015145,Iztapalapa,4478,137,45,0,4314,3613,1399,1344,999,758,1243,1018,631,408,5,10.93,0.9534,Bajo,Bajo,3.06,1.04,0.0,31.24,74.33,56.4,92.49,75.74,46.95,30.36,0.37,2.0,2.0
0900700015535,Iztapalapa,4112,175,99,,4003,3418,1282,1229,910,708,1136,924,545,329,,10.76,0.9493,Bajo,Bajo,4.26,2.47,,31.18,74.04,57.61,92.43,75.18,44.34,26.77,,2.0,2.0
0900700011388,Iztapalapa,5484,336,121,,5323,4331,1445,1438,949,652,1262,1078,466,273,14,10.12,0.9476,Bajo,Bajo,6.13,2.27,,26.35,65.99,45.34,87.76,74.97,32.41,18.98,0.97,2.0,2.0
0900700014024,Iztapalapa,8391,457,164,0,8088,6588,2756,2303,1767,1146,2152,1926,1048,571,9,10.27,0.939,Medio,Bajo,5.45,2.03,0.0,32.84,76.73,49.76,93.44,83.63,45.51,24.79,0.39,3.0,2.0
0900700015501,Iztapalapa,6014,843,279,,5722,4361,1973,1465,757,354,1305,1069,279,116,10,8.28,0.9193,Alto,Medio,14.02,4.88,,32.81,51.67,24.16,89.08,72.97,19.04,7.92,0.68,4.0,3.0
0900700015516,Iztapalapa,4913,626,220,,4695,3602,1674,1184,682,364,1085,992,256,152,5,8.85,0.9319,Medio,Medio,12.74,4.69,,34.07,57.6,30.74,91.64,83.78,21.62,12.84,0.42,3.0,3.0
0900700015520,Iztapalapa,3557,316,85,0,3369,2610,1079,831,578,189,743,689,148,61,8,8.27,0.9279,Medio,Medio,8.88,2.52,0.0,30.33,69.55,22.74,89.41,82.91,17.81,7.34,0.96,3.0,3.0
0900700013045,Iztapalapa,6787,203,74,0,6563,5354,2075,1748,1162,766,1571,1395,527,318,12,10.24,0.9503,Bajo,Bajo,2.99,1.13,0.0,30.57,66.48,43.82,89.87,79.81,30.15,18.19,0.69,2.0,2.0
0900700013295,Iztapalapa,5190,162,58,0,5013,4015,1517,1368,833,531,1240,1053,414,158,5,9.66,0.9426,Medio,Bajo,3.12,1.16,0.0,29.23,60.89,38.82,90.64,76.97,30.26,11.55,0.37,3.0,2.0
0900700015357,Iztapalapa,3042,75,29,0,2951,2498,782,841,662,509,770,591,451,287,3,11.41,0.9532,Bajo,Bajo,2.47,0.98,0.0,25.71,78.72,60.52,91.56,70.27,53.63,34.13,0.36,2.0,2.0
0900700015361,Iztapalapa,2123,131,44,0,2055,1474,55,531,467,466,525,362,262,272,0,12.72,0.9925,Muy bajo,Muy bajo,6.17,2.14,0.0,2.59,87.95,87.76,98.87,68.17,49.34,51.22,0.0,1.0,1.0
0900700011585,Iztapalapa,0,0,0,0,0,0,0,0,0,0,0,0,0,0,0,0.0,,,,,,,,,,,,,,,,
0900700013990,Iztapalapa,3618,54,28,0,3512,2921,977,1128,808,556,1044,834,658,283,,10.74,0.9518,Bajo,Bajo,1.49,0.8,0.0,27.0,71.63,49.29,92.55,73.94,58.33,25.09,,2.0,2.0
0900700015709,Iztapalapa,2911,44,19,0,2822,2409,842,814,581,438,733,560,456,208,3,10.73,0.9549,Bajo,Bajo,1.51,0.67,0.0,28.92,71.38,53.81,90.05,68.8,56.02,25.55,0.37,2.0,2.0
0900700015215,Iztapalapa,5858,265,74,,5658,4678,1954,1486,1060,695,1335,1156,618,356,16,10.03,0.9402,Medio,Bajo,4.52,1.31,,33.36,71.33,46.77,89.84,77.79,41.59,23.96,1.08,3.0,2.0
0900700014931,Iztapalapa,5485,243,97,4,5288,4240,2041,1476,939,621,1284,1020,337,227,7,10.09,0.937,Medio,Bajo,4.43,1.83,0.08,37.21,63.62,42.07,86.99,69.11,22.83,15.38,0.47,3.0,2.0
0900700012579,Iztapalapa,4417,230,90,,4261,3448,1539,1168,783,472,958,888,285,216,0,9.9,0.9397,Medio,Bajo,5.21,2.11,,34.84,67.04,40.41,82.02,76.03,24.4,18.49,0.0,3.0,2.0
0900700012600,Iztapalapa,4667,176,75,,4540,3744,1664,1243,944,643,1128,931,394,316,11,10.48,0.9483,Bajo,Bajo,3.77,1.65,,35.65,75.95,51.73,90.75,74.9,31.7,25.42,0.88,2.0,2.0
0900700014240,Iztapalapa,5046,480,181,8,4856,3775,1687,1286,714,439,1159,1044,291,152,10,9.12,0.9319,Medio,Medio,9.51,3.73,0.16,33.43,55.52,34.14,90.12,81.18,22.63,11.82,0.78,3.0,3.0
0900700015075,Iztapalapa,3792,275,96,0,3646,2871,1459,1014,563,325,903,769,215,136,3,9.33,0.9365,Medio,Medio,7.25,2.63,0.0,38.48,55.52,32.05,89.05,75.84,21.2,13.41,0.3,3.0,3.0
0900700010055,Iztapalapa,3701,52,22,0,3641,3238,986,1195,1032,871,1116,976,689,532,0,13.36,0.974,Muy bajo,Muy bajo,1.41,0.6,0.0,26.64,86.36,72.89,93.39,81.67,57.66,44.52,0.0,1.0,1.0
0900700010106,Iztapalapa,1524,5,7,0,1500,1331,490,473,425,358,451,385,324,232,,13.59,0.9658,Bajo,Muy bajo,0.33,0.47,0.0,32.15,89.85,75.69,95.35,81.4,68.5,49.05,,2.0,1.0
0900700010110,Iztapalapa,1932,14,7,0,1896,1713,482,676,605,527,625,571,461,337,,13.56,0.9647,Bajo,Muy bajo,0.72,0.37,0.0,24.95,89.5,77.96,92.46,84.47,68.2,49.85,,2.0,1.0
0900700010731,Iztapalapa,11610,942,438,8,11222,8973,4565,2938,1661,1135,2587,2159,850,420,18,9.78,0.9316,Medio,Medio,8.11,3.9,0.07,39.32,56.54,38.63,88.05,73.49,28.93,14.3,0.61,3.0,3.0
0900700013577,Iztapalapa,2169,128,47,,2096,1725,679,591,380,282,534,461,167,146,,9.86,0.934,Medio,Bajo,5.9,2.24,,31.3,64.3,47.72,90.36,78.0,28.26,24.7,,3.0,2.0
090070001255A,Iztapalapa,4901,146,52,0,4770,4047,1496,1395,1021,765,1254,1141,531,381,8,11.25,0.9524,Bajo,Bajo,2.98,1.09,0.0,30.52,73.19,54.84,89.89,81.79,38.06,27.31,0.57,2.0,2.0
0900700013774,Iztapalapa,3474,70,40,0,3375,2880,1056,927,692,529,838,774,306,284,0,10.73,0.9507,Bajo,Bajo,2.01,1.19,0.0,30.4,74.65,57.07,90.4,83.5,33.01,30.64,0.0,2.0,2.0
0900700013971,Iztapalapa,4809,176,69,0,4657,3890,1391,1457,1094,895,1359,1187,610,448,,11.03,0.9556,Bajo,Bajo,3.66,1.48,0.0,28.92,75.09,61.43,93.27,81.47,41.87,30.75,,2.0,2.0
0900700010286,Iztapalapa,2480,48,15,0,2414,2041,695,663,549,418,604,546,343,161,,11.67,0.963,Bajo,Muy bajo,1.94,0.62,0.0,28.02,82.81,63.05,91.1,82.35,51.73,24.28,,2.0,1.0
0900700010290,Iztapalapa,1588,9,5,0,1559,1321,439,434,359,267,403,347,220,103,0,11.74,0.9664,Muy bajo,Muy bajo,0.57,0.32,0.0,27.64,82.72,61.52,92.86,79.95,50.69,23.73,0.0,1.0,1.0
0900700010303,Iztapalapa,1103,22,8,0,1084,911,362,297,234,168,271,237,142,62,0,11.56,0.9531,Bajo,Bajo,1.99,0.74,0.0,32.82,78.79,56.57,91.25,79.8,47.81,20.88,0.0,2.0,2.0
0900700013740,Iztapalapa,4482,144,65,3,4367,3720,1371,1331,981,794,1221,993,596,416,4,11.57,0.9539,Bajo,Bajo,3.21,1.49,0.07,30.59,73.7,59.65,91.74,74.61,44.78,31.25,0.3,2.0,2.0
0900700011227,Iztapalapa,5183,170,63,0,5035,4287,1513,1433,1059,827,1299,1116,628,410,,10.96,0.9498,Bajo,Bajo,3.28,1.25,0.0,29.19,73.9,57.71,90.65,77.88,43.82,28.61,,2.0,2.0
0900700014236,Iztapalapa,8000,724,227,,7648,5914,2924,2099,1249,659,1885,1596,486,308,13,9.27,0.9334,Medio,Medio,9.05,2.97,,36.55,59.5,31.4,89.8,76.04,23.15,14.67,0.62,3.0,3.0
0900700015732,Iztapalapa,2692,141,61,0,2591,2119,865,776,536,383,722,583,243,213,5,10.29,0.9547,Bajo,Bajo,5.24,2.35,0.0,32.13,69.07,49.36,93.04,75.13,31.31,27.45,0.64,2.0,2.0
0900700015380,Iztapalapa,8787,718,246,6,8407,6697,3176,2252,1425,868,2016,1599,550,331,15,9.45,0.9331,Medio,Medio,8.17,2.93,0.07,36.14,63.28,38.54,89.52,71.0,24.42,14.7,0.67,3.0,3.0
0900700013755,Iztapalapa,3456,191,84,,3373,2875,994,1007,787,649,944,824,480,324,0,11.38,0.9609,Bajo,Muy bajo,5.53,2.49,,28.76,78.15,64.45,93.74,81.83,47.67,32.17,0.0,2.0,1.0
0900700013793,Iztapalapa,4417,124,58,,4278,3536,1500,1285,818,642,1183,1056,465,347,4,10.58,0.9478,Bajo,Bajo,2.81,1.36,,33.96,63.66,49.96,92.06,82.18,36.19,27.0,0.31,2.0,2.0
0900700012672,Iztapalapa,1034,74,39,0,991,784,336,265,156,133,244,238,107,62,0,9.73,0.9212,Alto,Bajo,7.16,3.94,0.0,32.5,58.87,50.19,92.08,89.81,40.38,23.4,0.0,4.0,2.0
0900700015728,Iztapalapa,1591,160,62,,1518,1217,596,374,222,140,335,282,70,70,3,9.57,0.9347,Medio,Medio,10.06,4.08,,37.46,59.36,37.43,89.57,75.4,18.72,18.72,0.8,3.0,3.0
0900700010746,Iztapalapa,7993,421,176,0,7694,6374,2682,1974,1233,875,1782,1487,593,371,14,10.2,0.9394,Medio,Bajo,5.27,2.29,0.0,33.55,62.46,44.33,90.27,75.33,30.04,18.79,0.71,3.0,2.0
0900700015713,Iztapalapa,3338,77,28,0,3247,2726,946,1007,746,611,933,714,593,292,5,11.12,0.9581,Bajo,Bajo,2.31,0.86,0.0,28.34,74.08,60.68,92.65,70.9,58.89,29.0,0.5,2.0,2.0
090070001522A,Iztapalapa,2314,65,20,0,2253,1912,636,733,582,448,688,548,472,255,4,11.79,0.9636,Bajo,Bajo,2.81,0.89,0.0,27.48,79.4,61.12,93.86,74.76,64.39,34.79,0.55,2.0,2.0
0900700015592,Iztapalapa,1833,44,20,0,1793,1548,517,507,394,294,442,383,255,120,,11.62,0.9567,Bajo,Bajo,2.4,1.12,0.0,28.21,77.71,57.99,87.18,75.54,50.3,23.67,,2.0,2.0
0900700013670,Iztapalapa,4143,64,19,0,4008,3361,1180,1234,935,717,1137,948,529,361,4,11.15,0.9488,Bajo,Bajo,1.54,0.47,0.0,28.48,75.77,58.1,92.14,76.82,42.87,29.25,0.32,2.0,2.0
0900700014166,Iztapalapa,2650,29,11,0,2585,2225,686,800,633,503,736,618,428,290,0,12.35,0.9696,Muy bajo,Muy bajo,1.09,0.43,0.0,25.89,79.12,62.88,92.0,77.25,53.5,36.25,0.0,1.0,1.0
0900700014217,Iztapalapa,3246,102,60,,3159,2642,926,916,625,506,826,667,284,173,9,10.28,0.9453,Medio,Bajo,3.14,1.9,,28.53,68.23,55.24,90.17,72.82,31.0,18.89,0.98,3.0,2.0
0900700012988,Iztapalapa,7510,389,190,6,7275,6007,1898,2148,1528,1070,1958,1614,1159,562,15,10.45,0.9469,Bajo,Bajo,5.18,2.61,0.08,25.27,71.14,49.81,91.15,75.14,53.96,26.16,0.7,2.0,2.0
0900700015893,Iztapalapa,5778,162,54,0,5603,4728,1618,1707,1343,1027,1615,1251,979,509,8,11.32,0.9634,Bajo,Bajo,2.8,0.96,0.0,28.0,78.68,60.16,94.61,73.29,57.35,29.82,0.47,2.0,2.0
0900700015889,Iztapalapa,2195,75,29,0,2121,1742,579,667,474,373,646,495,351,166,,11.17,0.9645,Bajo,Bajo,3.42,1.37,0.0,26.38,71.06,55.92,96.85,74.21,52.62,24.89,,2.0,2.0
0900700013810,Iztapalapa,5245,157,57,,5073,4137,1503,1527,1031,705,1380,1269,603,334,4,10.03,0.9483,Bajo,Bajo,2.99,1.12,,28.66,67.52,46.17,90.37,83.1,39.49,21.87,0.26,2.0,2.0
0900700014467,Iztapalapa,2193,44,15,0,2136,1767,473,637,498,377,599,525,374,252,,11.36,0.9645,Bajo,Bajo,2.01,0.7,0.0,21.57,78.18,59.18,94.03,82.42,58.71,39.56,,2.0,2.0
0900700010534,Iztapalapa,4645,114,42,0,4547,3958,1327,1363,1120,960,1265,1081,736,528,3,12.65,0.9636,Bajo,Muy bajo,2.45,0.92,0.0,28.57,82.17,70.43,92.81,79.31,54.0,38.74,0.22,2.0,1.0
0900700015272,Iztapalapa,3347,25,11,0,3271,2873,767,1181,716,626,1082,1028,470,307,10,11.81,0.9469,Bajo,Bajo,0.75,0.34,0.0,22.92,60.63,53.01,91.62,87.04,39.8,25.99,0.85,2.0,2.0
0900700013647,Iztapalapa,2443,48,22,0,2383,2022,732,734,546,432,657,563,349,237,,11.67,0.947,Bajo,Bajo,1.96,0.92,0.0,29.96,74.39,58.86,89.51,76.7,47.55,32.29,,2.0,2.0
0900700012653,Iztapalapa,3427,170,63,,3306,2613,1117,933,548,283,802,691,145,102,6,9.38,0.9343,Medio,Medio,4.96,1.91,,32.59,58.74,30.33,85.96,74.06,15.54,10.93,0.64,3.0,3.0
0900700012668,Iztapalapa,3460,166,75,0,3323,2619,1137,928,561,339,819,657,201,132,6,9.31,0.9369,Medio,Bajo,4.8,2.26,0.0,32.86,60.45,36.53,88.25,70.8,21.66,14.22,0.65,3.0,2.0
0900700012901,Iztapalapa,7668,425,190,3,7424,5994,2588,2065,1342,883,1839,1588,510,390,15,9.8,0.941,Medio,Bajo,5.54,2.56,0.04,33.75,64.99,42.76,89.06,76.9,24.7,18.89,0.73,3.0,2.0
0900700014999,Iztapalapa,3431,140,49,,3322,2788,1171,858,588,450,776,680,265,200,5,10.52,0.9455,Medio,Bajo,4.08,1.48,,34.13,68.53,52.45,90.44,79.25,30.89,23.31,0.58,3.0,2.0
0900700015003,Iztapalapa,3643,107,42,0,3555,2946,999,1053,778,591,985,818,361,318,,10.78,0.9571,Bajo,Bajo,2.94,1.18,0.0,27.42,73.88,56.13,93.54,77.68,34.28,30.2,,2.0,2.0
0900700013064,Iztapalapa,7629,423,143,,7362,5885,2619,1954,1254,785,1790,1516,483,338,11,9.62,0.9411,Medio,Bajo,5.54,1.94,,34.33,64.18,40.17,91.61,77.58,24.72,17.3,0.56,3.0,2.0
0900700013079,Iztapalapa,6741,193,68,,6526,5225,2332,1682,997,647,1516,1286,418,231,4,9.59,0.9385,Medio,Bajo,2.86,1.04,,34.59,59.27,38.47,90.13,76.46,24.85,13.73,0.24,3.0,2.0
0900700012723,Iztapalapa,3252,243,99,0,3126,2431,1173,833,464,283,709,630,166,89,12,9.09,0.9332,Medio,Medio,7.47,3.17,0.0,36.07,55.7,33.97,85.11,75.63,19.93,10.68,1.44,3.0,3.0
0900700012564,Iztapalapa,6800,390,185,3,6519,5213,2582,1818,1103,623,1512,1370,331,248,18,9.81,0.9299,Medio,Medio,5.74,2.84,0.05,37.97,60.67,34.27,83.17,75.36,18.21,13.64,0.99,3.0,3.0
0900700012615,Iztapalapa,7690,423,179,,7387,5863,3017,2013,1206,711,1785,1484,406,288,11,9.67,0.9328,Medio,Medio,5.5,2.42,,39.23,59.91,35.32,88.67,73.72,20.17,14.31,0.55,3.0,3.0
0900700012969,Iztapalapa,2472,241,88,0,2351,1826,671,660,394,186,543,500,93,66,4,9.16,0.935,Medio,Medio,9.75,3.74,0.0,27.14,59.7,28.18,82.27,75.76,14.09,10.0,0.61,3.0,3.0
0900700013721,Iztapalapa,4549,16,8,0,4451,3859,1171,1280,1049,693,1157,1135,606,342,4,10.68,0.9616,Bajo,Bajo,0.35,0.18,0.0,25.74,81.95,54.14,90.39,88.67,47.34,26.72,0.31,2.0,2.0
0900700011034,Iztapalapa,6566,19,6,0,6428,5583,1932,1858,1443,1073,1669,1575,920,562,5,11.17,0.9584,Bajo,Bajo,0.29,0.09,0.0,29.42,77.66,57.75,89.83,84.77,49.52,30.25,0.27,2.0,2.0
