{
"type": "FeatureCollection",
"name": "cdmx_alcaldias",
"crs": { "type": "name", "properties": { "name": "urn:ogc:def:crs:OGC:1.3:CRS84" } },
"features": [
{ "type": "Feature", "properties": { "CVEGEO": "09002", "alcaldia": "Azcapotzalco" }, "geometry": { "type": "Polygon", "coordinates": [ [ [ -99.18229926942719, 19.507476299959531 ], [ -99.182283099385913, 19.507466849981256 ], [ -99.181908039718195, 19.50748686971356 ], [ -99.17749130096955, 19.506311359899776 ], [ -99.177455351465724, 19.506301789465102 ], [ -99.177404150761873, 19.506288159794462 ], [ -99.177403493981927, 19.50628798531546 ], [ -99.177403275380044, 19.506287926859823 ], [ -99.177402399998144, 19.50628769392512 ], [ -99.177360841036176, 19.506276621317486 ], [ -99.177327858860437, 19.506267843026279 ], [ -99.177055576508238, 19.506195382024071 ], [ -99.177042720502058, 19.506191960164699 ], [ -99.176730101204157, 19.506417470540192 ], [ -99.176616791035329, 19.506499220398084 ], [ -99.176064191590612, 19.50689784968219 ], [ -99.176017991592019, 19.506945910528067 ], [ -99.175530391551192, 19.507453070397919 ], [ -99.175395070938421, 19.507481879672437 ], [ -99.175357080925608, 19.507489969895982 ], [ -99.175176411712656, 19.507528450017752 ], [ -99.174867531021306, 19.507594230299386 ], [ -99.174032761490309, 19.507947049648035 ], [ -99.173704871981926, 19.508158899847331 ], [ -99.173657922001752, 19.508189229530853 ], [ -99.173557532000643, 19.508254099493524 ], [ -99.173035152158235, 19.508583759646616 ], [ -99.172591672207801, 19.50842359929953 ], [ -99.171596522376262, 19.508064189728916 ], [ -99.171284072428193, 19.507951359676863 ], [ -99.170870482278815, 19.50780198962704 ], [ -99.170406222782916, 19.507634310052374 ], [ -99.169948272454192, 19.507402880151353 ], [ -99.169526952478805, 19.507189969717782 ], [ -99.169135593298378, 19.506992189849448 ], [ -99.169101623023252, 19.506975020118535 ], [ -99.168792323053196, 19.506818709863278 ], [ -99.168681352803603, 19.506762630005472 ], [ -99.16736302288183, 19.506211729899125 ], [ -99.167305593262441, 19.506187710370753 ], [ -99.167070453307829, 19.506089470551089 ], [ -99.166308593205258, 19.50582573038475 ], [ -99.165847763695908, 19.505666200470035 ], [ -99.165368923533222, 19.505500449934054 ], [ -99.164932793968589, 19.505349480381636 ], [ -99.164403244068268, 19.50516617072676 ], [ -99.163930074160788, 19.505002370751995 ], [ -99.16344828452435, 19.504848620267456 ], [ -99.162982444157066, 19.504699940735573 ], [ -99.162889954634139, 19.504670430540077 ], [ -99.16285884604747, 19.504660502471488 ], [ -99.162551284667884, 19.504562340638877 ], [ -99.162059964491135, 19.504405540426305 ], [ -99.161778997073355, 19.504315881087592 ], [ -99.161609594873795, 19.504261820589733 ], [ -99.161393413162969, 19.504192822115243 ], [ -99.16113013485618, 19.504108790698464 ], [ -99.160688984907367, 19.503968000765962 ], [ -99.16043095452936, 19.503885649903378 ], [ -99.160261565820832, 19.503831588154384 ], [ -99.160206046311345, 19.503813868602023 ], [ -99.160134180485613, 19.50379093104242 ], [ -99.15972664146544, 19.503660860688822 ], [ -99.159726606326473, 19.503660850059976 ], [ -99.159244413371738, 19.503506947249424 ], [ -99.157173415700257, 19.5028459405478 ], [ -99.156942075633836, 19.502714301086041 ], [ -99.156773991805082, 19.50224354244493 ], [ -99.156565555980237, 19.501659761534412 ], [ -99.156367826142485, 19.501148620937609 ], [ -99.156048766566869, 19.500283048183281 ], [ -99.155802389837916, 19.499614646322364 ], [ -99.155704966102519, 19.499350341474027 ], [ -99.154617129331029, 19.496399027321512 ], [ -99.154370659043536, 19.495730334862447 ], [ -99.154173625648397, 19.495195762790978 ], [ -99.15396893634491, 19.494637852976421 ], [ -99.153364641461778, 19.492990864445865 ], [ -99.153118921771423, 19.492321143260323 ], [ -99.153012986530427, 19.492032403585021 ], [ -99.152956126616317, 19.491877773782726 ], [ -99.152186314525238, 19.489834529790745 ], [ -99.151934981360895, 19.489167424528119 ], [ -99.151829137165649, 19.488886483983809 ], [ -99.151505587209215, 19.488022344711307 ], [ -99.1511899269276, 19.48717859418516 ], [ -99.150881567353991, 19.486354504467741 ], [ -99.150475557751008, 19.485269344944559 ], [ -99.150058242052054, 19.484156989992112 ], [ -99.149807622048357, 19.483488954115369 ], [ -99.149712427425399, 19.483235204972846 ], [ -99.149417940965762, 19.482499118220417 ], [ -99.149397968004394, 19.482449195761102 ], [ -99.149360115699764, 19.482345341235874 ], [ -99.148835338024099, 19.480905505595334 ], [ -99.148652847882872, 19.480450116389097 ], [ -99.148527867511646, 19.480113108716303 ], [ -99.148280018575747, 19.479444783616085 ], [ -99.148177658047643, 19.479168766374517 ], [ -99.148101907744717, 19.479008436367632 ], [ -99.147894356951383, 19.478485486704429 ], [ -99.147765928380238, 19.478140166373546 ], [ -99.147578428615631, 19.47765217688789 ], [ -99.147494338335534, 19.477437396966394 ], [ -99.14727458848742, 19.476853856501485 ], [ -99.147234558434889, 19.476755717335692 ], [ -99.147041088130379, 19.476259916755456 ], [ -99.146870928081498, 19.475790206966195 ], [ -99.146671928286423, 19.475288476787025 ], [ -99.146448758559231, 19.474696487380257 ], [ -99.14635448599023, 19.474434951289538 ], [ -99.146112934424252, 19.473764819550347 ], [ -99.146079458247044, 19.473671947854697 ], [ -99.145886588910329, 19.473111037855972 ], [ -99.145643599006675, 19.472476838307792 ], [ -99.145456489216102, 19.472007377834935 ], [ -99.145228019086787, 19.471436718095745 ], [ -99.145037708937423, 19.470960998561363 ], [ -99.144970541152219, 19.470771955198114 ], [ -99.144864188660776, 19.470472627952724 ], [ -99.144834199240691, 19.470394798453462 ], [ -99.144661058752078, 19.469969828387281 ], [ -99.144468958723294, 19.469453538593321 ], [ -99.144378818803375, 19.469207088721067 ], [ -99.144137759087357, 19.468579009182569 ], [ -99.144093738760333, 19.468474008802691 ], [ -99.144024850074118, 19.468279495630611 ], [ -99.14378707003155, 19.467608094351213 ], [ -99.14367316966046, 19.467286480119579 ], [ -99.143177329010143, 19.466044169138208 ], [ -99.143095709569735, 19.465754549273672 ], [ -99.143072109239654, 19.46567080960693 ], [ -99.143046989427816, 19.465433979234817 ], [ -99.143110429493689, 19.465059749824945 ], [ -99.145237059058033, 19.464312749437699 ], [ -99.145796858308813, 19.464151909603171 ], [ -99.14630198832451, 19.464006750207325 ], [ -99.146608058152381, 19.463918800218959 ], [ -99.146821478470756, 19.463857479498245 ], [ -99.147298688698214, 19.463720340153746 ], [ -99.147727648263697, 19.463593400229531 ], [ -99.148029128124804, 19.463504180040722 ], [ -99.148318048342659, 19.463434110046649 ], [ -99.148728538170133, 19.463334540257659 ], [ -99.150020557570983, 19.463013980405279 ], [ -99.150306307489345, 19.462957180136403 ], [ -99.150546357897895, 19.462937490442975 ], [ -99.150820337010131, 19.462945349967796 ], [ -99.151679786945934, 19.463050509671472 ], [ -99.152358856714983, 19.463137150422028 ], [ -99.152872076578603, 19.463199710422643 ], [ -99.153215086390233, 19.46323929007071 ], [ -99.153464507073991, 19.46326806008457 ], [ -99.153613566989691, 19.463299739568342 ], [ -99.154542276375963, 19.463475879709527 ], [ -99.154986446572622, 19.463564459982567 ], [ -99.155676366269034, 19.463693609521933 ], [ -99.156077506427451, 19.463788410213869 ], [ -99.156520486455506, 19.463901519424184 ], [ -99.157072486397354, 19.464011999480675 ], [ -99.157303596262253, 19.464051709420218 ], [ -99.157569645755387, 19.464079139610618 ], [ -99.157931995832683, 19.464077289966191 ], [ -99.158237755989177, 19.464035339460452 ], [ -99.158643015414029, 19.463922009499669 ], [ -99.158845415314303, 19.463836060304541 ], [ -99.159093965477354, 19.463695319873505 ], [ -99.159296134940718, 19.46355061015235 ], [ -99.159442795748433, 19.463424119874414 ], [ -99.159541215080438, 19.463321520002371 ], [ -99.159722075569292, 19.463064540373743 ], [ -99.160036905253037, 19.46259763974226 ], [ -99.160250784922653, 19.462208630538093 ], [ -99.160438625550839, 19.461869920200627 ], [ -99.160708754975715, 19.461403119971756 ], [ -99.160858154819351, 19.461185740387482 ], [ -99.16104598492268, 19.460965950484695 ], [ -99.161261685083829, 19.460765080815865 ], [ -99.161615084662941, 19.460490030636009 ], [ -99.162092674623196, 19.460132201062276 ], [ -99.162313454469924, 19.4599689808527 ], [ -99.162563214938999, 19.459768881224154 ], [ -99.162691614936278, 19.459634371003208 ], [ -99.162818474740192, 19.459486891049355 ], [ -99.16292708486354, 19.459338380732444 ], [ -99.163073954816809, 19.459059981094754 ], [ -99.16314645466845, 19.458880540951366 ], [ -99.163309054262058, 19.458159781044451 ], [ -99.163450254696613, 19.457550661468069 ], [ -99.163563704676648, 19.457061091014264 ], [ -99.163705074387963, 19.456431831894822 ], [ -99.164182844617827, 19.456508311874405 ], [ -99.165052484416591, 19.456655721732503 ], [ -99.165598254143134, 19.456734521738138 ], [ -99.167437042741994, 19.457028682530417 ], [ -99.168298393490488, 19.457173751618459 ], [ -99.168426287425689, 19.457194505120778 ], [ -99.171106102701316, 19.457629341216016 ], [ -99.173753301728311, 19.458059921401976 ], [ -99.174596011262807, 19.458195741481894 ], [ -99.175016151130393, 19.458263801500692 ], [ -99.175758181465639, 19.458384001032382 ], [ -99.176883921211655, 19.45856664155426 ], [ -99.17744747071653, 19.458658111363238 ], [ -99.177754991159574, 19.458713068775531 ], [ -99.17797670109465, 19.458752691082907 ], [ -99.178775580662744, 19.458925781317607 ], [ -99.178899567961579, 19.458947376469084 ], [ -99.179907840438759, 19.459122981372794 ], [ -99.18107432960521, 19.459298400541339 ], [ -99.182004449547364, 19.459471751232506 ], [ -99.183106929714668, 19.459643680632357 ], [ -99.184090439011356, 19.45983557108347 ], [ -99.184094479155789, 19.459836180999392 ], [ -99.184181148578531, 19.459849605013314 ], [ -99.185265068825913, 19.460017481956427 ], [ -99.185380018798142, 19.460011110899249 ], [ -99.187237039304051, 19.46046548754585 ], [ -99.187275918271723, 19.460475000233817 ], [ -99.188475548472894, 19.460774320630588 ], [ -99.188236608103139, 19.462343550280227 ], [ -99.188226510927564, 19.462404346187171 ], [ -99.188018558614786, 19.463656459946428 ], [ -99.187992528484742, 19.463811679979177 ], [ -99.189134238024138, 19.464148519556847 ], [ -99.190006408312925, 19.464427259486381 ], [ -99.190723408107004, 19.464668510062864 ], [ -99.19069615615453, 19.465142164296935 ], [ -99.190663097583112, 19.46571671968179 ], [ -99.190652957534653, 19.465943059364513 ], [ -99.190571717706163, 19.467933379398044 ], [ -99.190436543257263, 19.470456053973802 ], [ -99.190576425574832, 19.470502666675635 ], [ -99.190948157505915, 19.470626538789041 ], [ -99.191402817365855, 19.470764598638784 ], [ -99.19248755867055, 19.471018244983135 ], [ -99.192562451842093, 19.471035757346037 ], [ -99.192687988915367, 19.471065110964705 ], [ -99.192715061417573, 19.471071441549629 ], [ -99.193002539282531, 19.471138660392192 ], [ -99.19333795709305, 19.471217088679339 ], [ -99.193507168414172, 19.471256659843721 ], [ -99.194126016474698, 19.471401378556337 ], [ -99.19460811672279, 19.47153534799665 ], [ -99.194919025089746, 19.471621770346356 ], [ -99.194985416762051, 19.47164022484338 ], [ -99.195139696440521, 19.471683108525106 ], [ -99.195224549926323, 19.471708461928529 ], [ -99.195278540710021, 19.471724593782735 ], [ -99.195617186793456, 19.471825777783579 ], [ -99.196124786248575, 19.471969598388284 ], [ -99.19665067595146, 19.472123317976642 ], [ -99.19707551587021, 19.472248878376107 ], [ -99.197452606171126, 19.472361287685612 ], [ -99.197737024698398, 19.472446778249864 ], [ -99.19782060165582, 19.472471899015847 ], [ -99.197943294480751, 19.472508777929484 ], [ -99.198247731676602, 19.472603878386252 ], [ -99.198283425169237, 19.47261502752713 ], [ -99.198361154874632, 19.47263930922735 ], [ -99.199081014456098, 19.472872949317765 ], [ -99.199757143982467, 19.47307985900596 ], [ -99.200086154364357, 19.47317943904573 ], [ -99.200296433875806, 19.473238313527649 ], [ -99.200667973880485, 19.473342337337261 ], [ -99.200835750705807, 19.473349417339843 ], [ -99.201007315602325, 19.473356657904155 ], [ -99.201439324804426, 19.473233678240888 ], [ -99.202319185117929, 19.473011707990153 ], [ -99.20343646408152, 19.472688707891368 ], [ -99.204331954229829, 19.472399778105626 ], [ -99.20495949400383, 19.472189317731686 ], [ -99.205277714170123, 19.472021408457181 ], [ -99.206488633612281, 19.471353568290429 ], [ -99.206817263382831, 19.4712121387076 ], [ -99.207765173352328, 19.471467777885071 ], [ -99.207959713663726, 19.471520238456453 ], [ -99.208341573732241, 19.471623228492891 ], [ -99.208361463443509, 19.47162859807473 ], [ -99.208947943074321, 19.471786768081451 ], [ -99.209228383582357, 19.471862397991384 ], [ -99.209265338396719, 19.471872363431213 ], [ -99.209627062739145, 19.471969908254401 ], [ -99.209988488096485, 19.472067380541972 ], [ -99.210025412607294, 19.472077337987294 ], [ -99.210322174269507, 19.472157369504458 ], [ -99.21077627282834, 19.472279827885135 ], [ -99.210795061513295, 19.472284895907109 ], [ -99.210807343109209, 19.472288208157185 ], [ -99.211404972760263, 19.472449368216033 ], [ -99.212037142237833, 19.472619858009477 ], [ -99.212620672524793, 19.472777208145644 ], [ -99.213285241660557, 19.47295640796208 ], [ -99.213553631975856, 19.473028798198044 ], [ -99.213871582203353, 19.473114538205973 ], [ -99.214208061756281, 19.47320525789959 ], [ -99.214217909996066, 19.473207912432425 ], [ -99.214476911529985, 19.473277747398786 ], [ -99.214855718503514, 19.473379912591508 ], [ -99.214870122159439, 19.473383797366516 ], [ -99.215160411649933, 19.473462078040491 ], [ -99.215532291988481, 19.473562347734077 ], [ -99.215855461584823, 19.473649487374569 ], [ -99.216165541265056, 19.473733087572111 ], [ -99.216869580916637, 19.473922937823254 ], [ -99.217496721507729, 19.474092027226629 ], [ -99.218162440832472, 19.474271517697126 ], [ -99.218839520804039, 19.474454087842339 ], [ -99.219502800492393, 19.474632917655754 ], [ -99.22015038072702, 19.474807517477714 ], [ -99.220550600044319, 19.474915427840347 ], [ -99.221107350457089, 19.475065537860829 ], [ -99.220912270571816, 19.475905167021089 ], [ -99.220702380751632, 19.476808577400252 ], [ -99.220491800187304, 19.477714886541058 ], [ -99.220350860463995, 19.478152286454083 ], [ -99.220329055292851, 19.478219951340819 ], [ -99.220040000149112, 19.479116936308753 ], [ -99.219764490469132, 19.479971906081456 ], [ -99.219655040159097, 19.480311536169332 ], [ -99.219448230540834, 19.480899595752071 ], [ -99.219129841070426, 19.48180490624274 ], [ -99.218821040714914, 19.482682945498357 ], [ -99.218599690765927, 19.483312315147277 ], [ -99.218511631059528, 19.483562735554379 ], [ -99.218330350814981, 19.484078145245871 ], [ -99.218148781382226, 19.484594405202053 ], [ -99.218038120991864, 19.484909055161896 ], [ -99.217491511369772, 19.486448514647591 ], [ -99.217355036133583, 19.486832834189169 ], [ -99.217304470870488, 19.486975224772767 ], [ -99.217155610669082, 19.487394454847006 ], [ -99.217150401592505, 19.487409175030407 ], [ -99.21685018111738, 19.488254654381873 ], [ -99.216532111483048, 19.489150404306592 ], [ -99.216442112697933, 19.489403824557346 ], [ -99.216288956887396, 19.489835129487037 ], [ -99.216271381345464, 19.489884623672687 ], [ -99.216172351134276, 19.490163534247927 ], [ -99.215998891030267, 19.49068856392061 ], [ -99.215709122464105, 19.491565573636173 ], [ -99.215696715089635, 19.491603133585087 ], [ -99.215690541434469, 19.491621823488742 ], [ -99.215439210430063, 19.492382533894972 ], [ -99.215378981245493, 19.492564803591552 ], [ -99.215195171993741, 19.49312116326092 ], [ -99.214974311390904, 19.493789572717237 ], [ -99.214815971704809, 19.49426882288197 ], [ -99.214599231541115, 19.494924792463468 ], [ -99.214364521698002, 19.495635143009309 ], [ -99.214108401518075, 19.496410312756346 ], [ -99.213883232149854, 19.497091762671165 ], [ -99.21383123192075, 19.497249162023568 ], [ -99.213676712130805, 19.497716771922867 ], [ -99.213493092459046, 19.498272482115869 ], [ -99.21345535195664, 19.49840580251702 ], [ -99.212857061924382, 19.500519191507756 ], [ -99.212490692555619, 19.50175897118087 ], [ -99.212312312284837, 19.502367961630775 ], [ -99.212227272667135, 19.502658281286653 ], [ -99.211984782654767, 19.503507771360084 ], [ -99.211958692635534, 19.503633370943064 ], [ -99.211676092890897, 19.504993560926806 ], [ -99.21143717208308, 19.506719930308687 ], [ -99.211369412311285, 19.50720942032234 ], [ -99.211211342595078, 19.507809270349618 ], [ -99.211153872175785, 19.50802729999446 ], [ -99.21104471277846, 19.508441559946867 ], [ -99.210771892629893, 19.509081819398336 ], [ -99.210690456757916, 19.5093443956698 ], [ -99.210690292896842, 19.509344929152618 ], [ -99.210690129017266, 19.509345463541315 ], [ -99.210679402885418, 19.509380449383233 ], [ -99.210625722948294, 19.509553769990916 ], [ -99.210467342839962, 19.510068619825322 ], [ -99.210363942387147, 19.510536989618526 ], [ -99.210315402524373, 19.510667499196462 ], [ -99.210232912654845, 19.510889309000866 ], [ -99.210156463069055, 19.511136169625406 ], [ -99.210078545679295, 19.511242468474641 ], [ -99.210058512484181, 19.511269798755713 ], [ -99.210056199299899, 19.511272886305925 ], [ -99.210047148141186, 19.511284961096912 ], [ -99.210014253979907, 19.511328846215168 ], [ -99.209979382702343, 19.511375369229 ], [ -99.209936817441815, 19.511432147822063 ], [ -99.209793942501236, 19.511600279512152 ], [ -99.209684122511078, 19.511729399253547 ], [ -99.209666942178032, 19.511752207330851 ], [ -99.209653768537194, 19.511769697079554 ], [ -99.209632777982705, 19.511797563384722 ], [ -99.209628735903664, 19.511802929090603 ], [ -99.209621633248545, 19.511812359095501 ], [ -99.209488462748979, 19.51198912867903 ], [ -99.209397942864726, 19.512147299353277 ], [ -99.209374142990299, 19.512188869034855 ], [ -99.209308322910161, 19.512303848996098 ], [ -99.209249833386508, 19.512406069019388 ], [ -99.209247297264099, 19.512408468220158 ], [ -99.209186973332223, 19.512465528886331 ], [ -99.209070414470773, 19.512575811474687 ], [ -99.209065512773194, 19.512580448985343 ], [ -99.208962773347849, 19.512677678985131 ], [ -99.208853037296507, 19.512746009602036 ], [ -99.208698283787271, 19.512842371913464 ], [ -99.208516013649188, 19.51295586839057 ], [ -99.208136123343635, 19.513192428451706 ], [ -99.208087383626079, 19.513215218390897 ], [ -99.207121583796336, 19.513666668784012 ], [ -99.207008413356633, 19.51372850843174 ], [ -99.206590613469473, 19.51395682829741 ], [ -99.206166444036882, 19.514188628198834 ], [ -99.205911323564578, 19.514328048170146 ], [ -99.205801913604446, 19.514403298475994 ], [ -99.205515074325433, 19.514600558655761 ], [ -99.205229543763664, 19.514796928113022 ], [ -99.205132474088558, 19.514854597928171 ], [ -99.204952814038322, 19.514961358027644 ], [ -99.204663943815504, 19.515133018018695 ], [ -99.204327354620347, 19.51503124796109 ], [ -99.203898873878089, 19.514901678741573 ], [ -99.203523814171547, 19.514788278773892 ], [ -99.20322490125713, 19.514697897761167 ], [ -99.202933604775438, 19.514609818464827 ], [ -99.202933148805997, 19.514609682248444 ], [ -99.202933085166194, 19.514609662946146 ], [ -99.202932744186498, 19.514609558763247 ], [ -99.202927932160748, 19.514608104025051 ], [ -99.202922415339003, 19.514606435967153 ], [ -99.20272689426416, 19.514547308283003 ], [ -99.202593514090665, 19.514506986534034 ], [ -99.20258352717471, 19.514503968822407 ], [ -99.202575954876252, 19.514501678190907 ], [ -99.202575860849876, 19.514501649263707 ], [ -99.202575761090941, 19.514501620230558 ], [ -99.20257556069231, 19.514501558522824 ], [ -99.202574896756275, 19.514501356832579 ], [ -99.202574083734206, 19.514501107977718 ], [ -99.202572214484306, 19.514500538705807 ], [ -99.201888914438754, 19.514293928433379 ], [ -99.201881453200798, 19.51429167607257 ], [ -99.201880944066147, 19.514291522556636 ], [ -99.201880434950212, 19.514291368134785 ], [ -99.201696814401359, 19.514235848731992 ], [ -99.200967035006585, 19.51401516820707 ], [ -99.200792465362056, 19.513962388106101 ], [ -99.200288445529992, 19.513809968302219 ], [ -99.200165385200194, 19.513772758163924 ], [ -99.200150945591204, 19.51376838818252 ], [ -99.200095545498087, 19.513751628884009 ], [ -99.199961175376004, 19.513710998300461 ], [ -99.199731087829832, 19.513641419178139 ], [ -99.199380095870993, 19.513535278769353 ], [ -99.199167145212925, 19.513470878244508 ], [ -99.199060727753817, 19.513438702504576 ], [ -99.199050695452698, 19.513435668313264 ], [ -99.199028401530953, 19.513428926974079 ], [ -99.198791975675135, 19.513357428290313 ], [ -99.19863717604585, 19.513310618948132 ], [ -99.196934616399915, 19.512795759073196 ], [ -99.196712785917327, 19.512728678354737 ], [ -99.19662338786668, 19.51270164857468 ], [ -99.196614955185524, 19.512699098818221 ], [ -99.194025987130118, 19.511916108604012 ], [ -99.193998576986317, 19.511907818859363 ], [ -99.193910646668186, 19.511881225249926 ], [ -99.192023786891724, 19.511310539297316 ], [ -99.191896192688034, 19.511271957718115 ], [ -99.191890246809592, 19.511270159852856 ], [ -99.191490717594988, 19.510576569615925 ], [ -99.19066683722447, 19.510407099301638 ], [ -99.190385097686161, 19.51034913901745 ], [ -99.189682036581502, 19.510204501003088 ], [ -99.189681899531308, 19.510204473080979 ], [ -99.188945478191528, 19.510052969371767 ], [ -99.188921468073616, 19.510048018953199 ], [ -99.188543917798668, 19.509970359293575 ], [ -99.188423438052965, 19.509945569864435 ], [ -99.187489024629912, 19.509562722337545 ], [ -99.187461216011243, 19.50955132821306 ], [ -99.187456453768533, 19.509549377278777 ], [ -99.187431768786553, 19.50953926378827 ], [ -99.187374818138224, 19.509515929613904 ], [ -99.187361737863469, 19.50951057049669 ], [ -99.186992558676181, 19.509359299311537 ], [ -99.186979065899692, 19.50935378476812 ], [ -99.186978885822228, 19.509353711636376 ], [ -99.186978828087987, 19.50935368428086 ], [ -99.186553958352391, 19.509156431006044 ], [ -99.186158948270261, 19.508973019740804 ], [ -99.186098361343909, 19.508944889469376 ], [ -99.185998047726912, 19.508898314344478 ], [ -99.185377319019224, 19.508610109504964 ], [ -99.185213669295095, 19.508534129575487 ], [ -99.185121207578746, 19.508503761684143 ], [ -99.184609186884572, 19.508335595828321 ], [ -99.18424306992631, 19.50821535553948 ], [ -99.183820149246401, 19.508076449754061 ], [ -99.183471749129524, 19.507962019496933 ], [ -99.183068239475801, 19.507829499764743 ], [ -99.182692789176173, 19.507706190010577 ], [ -99.182443391624574, 19.507560496943682 ], [ -99.182442363309107, 19.507559895059757 ], [ -99.182442323653362, 19.507559871664412 ], [ -99.182441337934847, 19.507559289605556 ], [ -99.18243914928081, 19.507558000001847 ], [ -99.182332818445943, 19.507495894880822 ], [ -99.18229926942719, 19.507476299959531 ] ] ] } },
{ "type": "Feature", "properties": { "CVEGEO": "09003", "alcaldia": "Coyoacán" }, "geometry": { "type": "Polygon", "coordinates": [ [ [ -99.134262820746116, 19.356537774657713 ], [ -99.133962771691429, 19.356530794655978 ], [ -99.133666542206996, 19.35654902391359 ], [ -99.133480481612139, 19.356585174453286 ], [ -99.133066621763106, 19.356733164260298 ], [ -99.132907171862854, 19.356798114266144 ], [ -99.132683391873357, 19.356914773898716 ], [ -99.132494561721899, 19.357031003775145 ], [ -99.132361572369462, 19.357116914585035 ], [ -99.13227974252257, 19.357173853800028 ], [ -99.132119342398028, 19.357298174428323 ], [ -99.131905562696204, 19.357517103860566 ], [ -99.131755281935568, 19.357713793728166 ], [ -99.131416422735384, 19.358257203680129 ], [ -99.131353282252206, 19.358372774137209 ], [ -99.13117022291182, 19.358657944173945 ], [ -99.130862092271485, 19.358624483782354 ], [ -99.130320392623759, 19.358565663539363 ], [ -99.130134712741665, 19.358545504060807 ], [ -99.129850432365686, 19.358514633966902 ], [ -99.129518652576209, 19.358478603981521 ], [ -99.129378362667282, 19.358463373472102 ], [ -99.129090052594293, 19.358432063840652 ], [ -99.128922563201954, 19.358414233816191 ], [ -99.128687362782969, 19.358388343605267 ], [ -99.128389933264813, 19.358356653637443 ], [ -99.128269403641127, 19.35834296383473 ], [ -99.127759663687499, 19.35828760426487 ], [ -99.127700802969272, 19.358281203535942 ], [ -99.127162943369612, 19.358222803769401 ], [ -99.127081033751736, 19.358213913995527 ], [ -99.126726163104109, 19.358175363784817 ], [ -99.126575283927451, 19.358158934371506 ], [ -99.126279963310253, 19.358126654221675 ], [ -99.126105713863097, 19.358107993873581 ], [ -99.125858254246211, 19.358081113983904 ], [ -99.125606093914087, 19.35805373378772 ], [ -99.125106933628544, 19.357999514318458 ], [ -99.124616364160474, 19.357946234138105 ], [ -99.123778003896135, 19.357855174218962 ], [ -99.123613294226274, 19.357837284290117 ], [ -99.122690002257954, 19.357736989996607 ], [ -99.122545655346343, 19.35772130979467 ], [ -99.122469654778698, 19.357713053787663 ], [ -99.122378565746601, 19.357703158441183 ], [ -99.122367121506869, 19.35770191565511 ], [ -99.121993403454738, 19.357661316295601 ], [ -99.121991729912736, 19.357661134907683 ], [ -99.121989694426858, 19.357660914005006 ], [ -99.121979421153199, 19.357659736988477 ], [ -99.121972042150674, 19.357658891469075 ], [ -99.121972039003822, 19.357658859695082 ], [ -99.121969475293241, 19.357639193451551 ], [ -99.121968407424134, 19.357631001757412 ], [ -99.121882735194205, 19.356973574128592 ], [ -99.121580885296311, 19.354633454865812 ], [ -99.121445894950384, 19.353917144597276 ], [ -99.121254174954245, 19.353337235407423 ], [ -99.120923745321178, 19.352312144981049 ], [ -99.120769684567321, 19.351838565444016 ], [ -99.12048139558145, 19.351149085175646 ], [ -99.120480401487825, 19.351146708532362 ], [ -99.120353224882734, 19.350842575582515 ], [ -99.12035269602984, 19.350841311447528 ], [ -99.120234375056171, 19.350558345447745 ], [ -99.120138734987478, 19.350424935493336 ], [ -99.119816455081363, 19.349989625439687 ], [ -99.119552375479827, 19.349611945715406 ], [ -99.1195390949905, 19.349588565921927 ], [ -99.119449564953698, 19.349453575912982 ], [ -99.118896535646613, 19.348619706129401 ], [ -99.118223916079558, 19.347605485921189 ], [ -99.118128552418796, 19.347461690931567 ], [ -99.118053495291193, 19.347348516391513 ], [ -99.11775635273905, 19.346832370660209 ], [ -99.117384495923204, 19.346186436632074 ], [ -99.117252885888064, 19.345941636679775 ], [ -99.117059176413889, 19.345580796628486 ], [ -99.117044026438975, 19.345552966494527 ], [ -99.116396856329644, 19.344391136980629 ], [ -99.116211226287575, 19.344113107094437 ], [ -99.116074396087456, 19.343960886745474 ], [ -99.11586700617724, 19.343702607371561 ], [ -99.115723729325879, 19.34352953751139 ], [ -99.115650516256466, 19.343429857557865 ], [ -99.115563856145016, 19.343261207513081 ], [ -99.115407967439467, 19.342908580954454 ], [ -99.115299516099469, 19.342663257285732 ], [ -99.115235217869198, 19.342514381245589 ], [ -99.115155656648923, 19.342330167574552 ], [ -99.115107396308687, 19.342231567427859 ], [ -99.114945086859848, 19.341869337622722 ], [ -99.114541066691316, 19.340967637832662 ], [ -99.11446780626612, 19.340787577484051 ], [ -99.114439376803716, 19.340675707485076 ], [ -99.114424536490347, 19.340582347706771 ], [ -99.11438906637224, 19.340417608280923 ], [ -99.114337146840242, 19.340068638384896 ], [ -99.11430413633785, 19.33982800772149 ], [ -99.114208227073803, 19.339226867923426 ], [ -99.114174886802701, 19.339011628162876 ], [ -99.114169946239826, 19.338966638467003 ], [ -99.11412797656584, 19.338634578431627 ], [ -99.114060766528823, 19.338246798859725 ], [ -99.114030916704536, 19.338133348909835 ], [ -99.114012717023982, 19.337956828881183 ], [ -99.113949096995668, 19.33763422838263 ], [ -99.113899766312699, 19.337333258548789 ], [ -99.113756236814666, 19.336921108879022 ], [ -99.113589007048716, 19.336645088464355 ], [ -99.113207637293314, 19.335974348627833 ], [ -99.11301465726946, 19.335555668683082 ], [ -99.112955896510442, 19.335426409520355 ], [ -99.112926896630398, 19.335365579211505 ], [ -99.112431576889392, 19.334631489220428 ], [ -99.112150806865856, 19.334215349391496 ], [ -99.111922866791275, 19.333960429060262 ], [ -99.111610567700353, 19.333664109892908 ], [ -99.111261597030165, 19.333421969990496 ], [ -99.110712316344319, 19.333140440508764 ], [ -99.110581967879412, 19.333073629348128 ], [ -99.11053056805612, 19.333044639815974 ], [ -99.110422697810804, 19.33296036950432 ], [ -99.110315687262883, 19.332876749830522 ], [ -99.11015986775368, 19.332693549292486 ], [ -99.110084627380175, 19.332578549491238 ], [ -99.109989056255586, 19.332332351054138 ], [ -99.109973917603824, 19.332293379499355 ], [ -99.109831189871841, 19.331800801679112 ], [ -99.109810347364188, 19.331728869784765 ], [ -99.109713427566803, 19.331463749983744 ], [ -99.109622057604369, 19.331311059831521 ], [ -99.109297377915894, 19.330865570247102 ], [ -99.109132008239541, 19.330605210328226 ], [ -99.108937288408157, 19.330298609911562 ], [ -99.108613578397467, 19.329796630532481 ], [ -99.108344715378323, 19.329379672340103 ], [ -99.108328258109182, 19.329354150839425 ], [ -99.108004238260804, 19.328851690799002 ], [ -99.107921537908254, 19.328723431009234 ], [ -99.107580858531421, 19.328283870926342 ], [ -99.107062468687744, 19.327742660933012 ], [ -99.106810694442387, 19.327483619165541 ], [ -99.106536658206466, 19.32720167062001 ], [ -99.106426052341831, 19.327087875941025 ], [ -99.106084921613302, 19.326736908804413 ], [ -99.106068598333209, 19.32672011529344 ], [ -99.106038639061822, 19.326689290758615 ], [ -99.105762469208159, 19.326347890826529 ], [ -99.10574897628868, 19.326331218566562 ], [ -99.105721639081054, 19.32629743148448 ], [ -99.105686169906349, 19.326262743784941 ], [ -99.105538148476768, 19.326117981088377 ], [ -99.105420748594739, 19.326003151326447 ], [ -99.105209404205752, 19.32579647991578 ], [ -99.105198688898952, 19.325786001381118 ], [ -99.105181528542673, 19.325769218929526 ], [ -99.105093839016902, 19.325683461017228 ], [ -99.104916606531674, 19.325510114583182 ], [ -99.104883578176398, 19.325477812102829 ], [ -99.104328599323765, 19.324935041082814 ], [ -99.104178499013074, 19.324807601562021 ], [ -99.103979459342199, 19.324670471789755 ], [ -99.103832110479829, 19.32459394771525 ], [ -99.103812978913851, 19.324584011756048 ], [ -99.10345053974082, 19.324413322070118 ], [ -99.102773859932029, 19.324052211325785 ], [ -99.10239202979777, 19.323836061438588 ], [ -99.10205880952725, 19.323638041553455 ], [ -99.101694370092957, 19.32342147154845 ], [ -99.101410229741759, 19.323236342310558 ], [ -99.101161889900496, 19.323074541701892 ], [ -99.101039830128812, 19.322985612177977 ], [ -99.100835030302889, 19.322836432069423 ], [ -99.100676749927089, 19.322679832202954 ], [ -99.100398739753302, 19.322401462479743 ], [ -99.099946200669478, 19.321916722286677 ], [ -99.099528460282343, 19.321396781928492 ], [ -99.099290740709947, 19.321097352112584 ], [ -99.099234400804264, 19.320984382813549 ], [ -99.099199350190261, 19.320914112750067 ], [ -99.099116870323712, 19.320654242403922 ], [ -99.099069201783138, 19.320441343139795 ], [ -99.099069170429345, 19.320441202095232 ], [ -99.099068580112018, 19.320438582153717 ], [ -99.099286840138603, 19.320446632653567 ], [ -99.099342630807612, 19.319270352550305 ], [ -99.099586400500698, 19.316343573654105 ], [ -99.099657410657059, 19.315501034054989 ], [ -99.099871230015665, 19.31296651464228 ], [ -99.100061500069017, 19.309896645159029 ], [ -99.100224890281225, 19.307762545765371 ], [ -99.100305289049956, 19.30671211573836 ], [ -99.100313980513135, 19.306585065568218 ], [ -99.100322288844254, 19.306463815939665 ], [ -99.10048940876986, 19.30445403586782 ], [ -99.100638889858303, 19.302710916259972 ], [ -99.100785689555579, 19.301250576947474 ], [ -99.100921542392868, 19.300017510340695 ], [ -99.100922546840621, 19.300017529621119 ], [ -99.100939369999693, 19.300017837138579 ], [ -99.101018269880612, 19.30001649751237 ], [ -99.101321319843663, 19.300006556814012 ], [ -99.102113199531317, 19.299968717602301 ], [ -99.102918267484981, 19.299925780576249 ], [ -99.10375880950572, 19.29988094723771 ], [ -99.104028149474004, 19.299865237268676 ], [ -99.104494748933121, 19.299841297084342 ], [ -99.10473805459209, 19.299828748116031 ], [ -99.104941828781023, 19.299818237098947 ], [ -99.105008838595367, 19.29981458716837 ], [ -99.105411659117934, 19.299794697604394 ], [ -99.105559058402633, 19.299787947273821 ], [ -99.106076198628074, 19.299756916844998 ], [ -99.106381628655285, 19.299739777656917 ], [ -99.106567468628214, 19.299730037114184 ], [ -99.107068668869417, 19.299704807468604 ], [ -99.107245668255928, 19.299693047494518 ], [ -99.107373608052811, 19.299689647486485 ], [ -99.108208167749083, 19.299639527571042 ], [ -99.10842313863391, 19.299623316947098 ], [ -99.108800068096983, 19.299597866876198 ], [ -99.109188887965374, 19.299614877488267 ], [ -99.109199738416663, 19.299615356986472 ], [ -99.109206567502667, 19.299617096854092 ], [ -99.109414008130514, 19.29966969706442 ], [ -99.109919567525182, 19.299795746915017 ], [ -99.110291238160613, 19.299885127634759 ], [ -99.111422947422227, 19.300156446793448 ], [ -99.11194999710446, 19.300289867534648 ], [ -99.112445687346167, 19.300413246677493 ], [ -99.112955936644894, 19.30053515742884 ], [ -99.113644066487637, 19.300674437393816 ], [ -99.11428654655279, 19.300810836915847 ], [ -99.115555596447393, 19.301113646933743 ], [ -99.115669776669606, 19.301141586727244 ], [ -99.116158136536583, 19.30126104721316 ], [ -99.116800096240496, 19.301417346689085 ], [ -99.11740776641075, 19.301576777229972 ], [ -99.11777905625479, 19.301680216928048 ], [ -99.11984185557634, 19.302256076403005 ], [ -99.120931425505887, 19.302593216626963 ], [ -99.122019265241974, 19.302933676623962 ], [ -99.122430094588097, 19.303084946215993 ], [ -99.122966454420038, 19.303284046615634 ], [ -99.124125578571878, 19.303762978734461 ], [ -99.124602534062817, 19.303960046165461 ], [ -99.124648574070676, 19.303977646704794 ], [ -99.12481819376535, 19.304037956585343 ], [ -99.124985372453693, 19.304108798058547 ], [ -99.126075713354481, 19.304570816417499 ], [ -99.126830223211286, 19.304896186394927 ], [ -99.127074933921989, 19.30499892595515 ], [ -99.127310143296498, 19.305097666273298 ], [ -99.127610173875468, 19.305223635681958 ], [ -99.127806513237601, 19.305307746106749 ], [ -99.128290713229248, 19.305515206378537 ], [ -99.128941792867238, 19.305794146235094 ], [ -99.129465172648992, 19.306022125956318 ], [ -99.129963853313726, 19.306237436257554 ], [ -99.130008563175096, 19.306256725986497 ], [ -99.130447483041763, 19.30644563543904 ], [ -99.130957422916026, 19.30666511590622 ], [ -99.131498452306843, 19.306898375571325 ], [ -99.131890823643985, 19.307066153612308 ], [ -99.132490392657914, 19.307322525999574 ], [ -99.132790882533939, 19.307440005987445 ], [ -99.134159732059231, 19.308045035674862 ], [ -99.134702651454162, 19.308284725752987 ], [ -99.134717031344664, 19.308291075507526 ], [ -99.134720331940898, 19.308286924928421 ], [ -99.135568341628556, 19.307214155613966 ], [ -99.136101171209589, 19.306628175555606 ], [ -99.136393311474833, 19.30631623548026 ], [ -99.137108931322885, 19.30560177586484 ], [ -99.137711890764947, 19.304918016013232 ], [ -99.13789069063894, 19.304715265967836 ], [ -99.138142080932951, 19.304443616434057 ], [ -99.13825620069818, 19.304324896061114 ], [ -99.138441801188762, 19.30414144657356 ], [ -99.138636880622997, 19.303922516767042 ], [ -99.138692280327291, 19.303858876490217 ], [ -99.138791567757167, 19.303748174307369 ], [ -99.138940261124674, 19.30358238644401 ], [ -99.139021790340308, 19.303493446497125 ], [ -99.139340849488491, 19.303137577170048 ], [ -99.139355060876355, 19.303121726679151 ], [ -99.139365130334127, 19.303110476616258 ], [ -99.13964593008437, 19.30281074629649 ], [ -99.139671990948784, 19.302782946416695 ], [ -99.140120220027299, 19.302277097097811 ], [ -99.140152247504517, 19.302242318435976 ], [ -99.14015351020997, 19.302240947019314 ], [ -99.140506560447847, 19.301824986584222 ], [ -99.140665160439099, 19.301652946602392 ], [ -99.140880510548286, 19.301419327104078 ], [ -99.140920660530327, 19.301375776536293 ], [ -99.141247990582471, 19.301019606876515 ], [ -99.14175956998281, 19.300467126974908 ], [ -99.142066800335257, 19.300152607434299 ], [ -99.142357290238962, 19.299855187728259 ], [ -99.142605199717707, 19.299606807599197 ], [ -99.142608539568499, 19.299603447718646 ], [ -99.142622860089446, 19.299609007278054 ], [ -99.143384169862586, 19.299904177070236 ], [ -99.143742629089417, 19.300041637416061 ], [ -99.144088659791493, 19.300174037174067 ], [ -99.144503489470395, 19.300335436762808 ], [ -99.144615769702227, 19.30037757718927 ], [ -99.144690449721068, 19.300406557527889 ], [ -99.145049279375655, 19.300545816697838 ], [ -99.14523752881118, 19.300618377323008 ], [ -99.145638389293524, 19.300730216849558 ], [ -99.14589764187015, 19.300783781236586 ], [ -99.146059829481445, 19.300817290330386 ], [ -99.14609388914198, 19.300824327032593 ], [ -99.146582328910213, 19.300922927012017 ], [ -99.146599598961885, 19.300925047272521 ], [ -99.146922728771528, 19.300964096649921 ], [ -99.147015507984023, 19.300962725174585 ], [ -99.147104759059317, 19.300961406598134 ], [ -99.147120289078515, 19.300961177152224 ], [ -99.147122418497844, 19.300963616604694 ], [ -99.147392708146384, 19.301272437407178 ], [ -99.14740238815466, 19.301283517344746 ], [ -99.147410368811478, 19.301274636530515 ], [ -99.147416990135312, 19.301267279394487 ], [ -99.147634418600973, 19.301025646818456 ], [ -99.147848988675193, 19.300826267288084 ], [ -99.148178028070731, 19.300567917563896 ], [ -99.148326165913161, 19.300450031095249 ], [ -99.14877890810925, 19.300089747276193 ], [ -99.149602197868688, 19.299450037585803 ], [ -99.150086627932566, 19.29908384750755 ], [ -99.150624707523178, 19.298697297223491 ], [ -99.150724158076073, 19.298625847648729 ], [ -99.151092847359763, 19.298380328061729 ], [ -99.151371107353867, 19.29819260784376 ], [ -99.151539987558351, 19.298061117742161 ], [ -99.151613257386032, 19.298003517556644 ], [ -99.151779787456888, 19.297929837805842 ], [ -99.15193270765684, 19.297879927861189 ], [ -99.15213301755422, 19.29782461794019 ], [ -99.153826487208661, 19.297430727495534 ], [ -99.154606587272809, 19.29727015763558 ], [ -99.155207486839856, 19.297148327999849 ], [ -99.15525765676972, 19.297138187481281 ], [ -99.155947796163417, 19.296991127972067 ], [ -99.156416046228941, 19.296893388146742 ], [ -99.156643446218766, 19.296837237840972 ], [ -99.156656846224465, 19.296833928439135 ], [ -99.156661126243606, 19.29683944802256 ], [ -99.156712655974246, 19.29690583842363 ], [ -99.156796306442061, 19.297013467949519 ], [ -99.157326785777144, 19.297696017837982 ], [ -99.157473245759974, 19.297888838107308 ], [ -99.15790092582462, 19.29848504779082 ], [ -99.158410585759697, 19.299130007872762 ], [ -99.158642825671961, 19.299367617166286 ], [ -99.158863566190107, 19.299587267549402 ], [ -99.159038416086304, 19.299744417620726 ], [ -99.15938796563141, 19.300003267691459 ], [ -99.159707625723939, 19.300239977305758 ], [ -99.159965525548088, 19.300412757342524 ], [ -99.160236554990391, 19.300563117135464 ], [ -99.160765785796031, 19.300825146757045 ], [ -99.161288154989805, 19.301026047467399 ], [ -99.161543045149486, 19.301105377026648 ], [ -99.161588725047366, 19.30111794712974 ], [ -99.161991705226271, 19.301219916877745 ], [ -99.162255195282413, 19.301274516678657 ], [ -99.162552365267601, 19.30132081689792 ], [ -99.162705795088172, 19.301346217376576 ], [ -99.16284695512897, 19.301369586889003 ], [ -99.163172394356991, 19.301413956983179 ], [ -99.163294474317652, 19.301430607215938 ], [ -99.163769424505276, 19.30149603735747 ], [ -99.164269564241465, 19.301564957005766 ], [ -99.164893484212669, 19.301651587842347 ], [ -99.1654665042999, 19.301731206606199 ], [ -99.165552254573655, 19.301743117702898 ], [ -99.165912793731238, 19.301792317488882 ], [ -99.165982923856205, 19.301801867625617 ], [ -99.16649799423169, 19.301872177197247 ], [ -99.166636103833213, 19.301889527733788 ], [ -99.167259502710223, 19.301975377914744 ], [ -99.167264553724763, 19.301976067019098 ], [ -99.167277183762877, 19.301977577809939 ], [ -99.167545843744932, 19.302009607680304 ], [ -99.167555042891024, 19.302010717054923 ], [ -99.167563523871578, 19.302011806618488 ], [ -99.16792490357625, 19.302058877258254 ], [ -99.168151193238614, 19.302087387055838 ], [ -99.168478193478109, 19.302130406820691 ], [ -99.169008733261677, 19.302203976920133 ], [ -99.169116842817388, 19.302219066733219 ], [ -99.16967078307232, 19.302295266650887 ], [ -99.169782070252438, 19.302311655919169 ], [ -99.169790608893706, 19.30231291133941 ], [ -99.169813192630684, 19.302316238424424 ], [ -99.169828933144444, 19.30231855659223 ], [ -99.169831752929184, 19.302318976381645 ], [ -99.169846593278166, 19.30232075670002 ], [ -99.170170502923099, 19.302359676605391 ], [ -99.170187058845201, 19.302361698331488 ], [ -99.170187306110705, 19.302361739206368 ], [ -99.170332243007806, 19.302385316533062 ], [ -99.170343790597798, 19.302386890143879 ], [ -99.170347813934711, 19.30238743848032 ], [ -99.170940902948672, 19.3024682468908 ], [ -99.171467382212256, 19.302537297150661 ], [ -99.171467612533718, 19.302537326833455 ], [ -99.171467669618266, 19.302537335150962 ], [ -99.17146784287398, 19.302537355610593 ], [ -99.17147273811463, 19.302537965548204 ], [ -99.17148505287507, 19.302539498169619 ], [ -99.171485235632289, 19.302539520619323 ], [ -99.17148529655141, 19.302539528102539 ], [ -99.1714855031002, 19.302539553715892 ], [ -99.171654332236244, 19.302560546464822 ], [ -99.171671992430845, 19.302562746359797 ], [ -99.172219152266052, 19.302638346945347 ], [ -99.172860562155293, 19.302727647012915 ], [ -99.173408522406945, 19.302808006882184 ], [ -99.174043611650006, 19.302891326903644 ], [ -99.174650271652808, 19.302977666884832 ], [ -99.17528015195326, 19.303058316501883 ], [ -99.17588050147306, 19.303144666699875 ], [ -99.176541681324665, 19.30322820672087 ], [ -99.176766265400786, 19.303265733126043 ], [ -99.176791301395326, 19.303269916826679 ], [ -99.177107851614366, 19.303310586965416 ], [ -99.177124580689636, 19.303312689992062 ], [ -99.17712489288219, 19.303312729350878 ], [ -99.177316281579124, 19.30332864671556 ], [ -99.177388550664105, 19.303333554476662 ], [ -99.178547920599854, 19.303412276159015 ], [ -99.17927984046608, 19.303437446670831 ], [ -99.17939893091463, 19.30343734669859 ], [ -99.179875790760363, 19.30343464654948 ], [ -99.180359580668323, 19.303422406694683 ], [ -99.180653270487412, 19.303407756699752 ], [ -99.181253640135608, 19.303371846771629 ], [ -99.181422330560423, 19.303362266670579 ], [ -99.182341330081798, 19.303276636742499 ], [ -99.18281589981359, 19.30321946623949 ], [ -99.183200410166037, 19.303174356778136 ], [ -99.183640129235869, 19.30312678662121 ], [ -99.184180929372005, 19.303067406558721 ], [ -99.185753039162222, 19.302886416885205 ], [ -99.185973819351148, 19.302862666720582 ], [ -99.186239269199149, 19.302836496607892 ], [ -99.188071878527381, 19.302643496810798 ], [ -99.188275298177132, 19.302619757142441 ], [ -99.18955618831032, 19.302474872425119 ], [ -99.191576728206712, 19.302251467246649 ], [ -99.192926527234746, 19.302102556804961 ], [ -99.193443437107931, 19.302045516694854 ], [ -99.194013317217383, 19.302010406783261 ], [ -99.194460116682748, 19.302009927282992 ], [ -99.19482751740891, 19.302031517305871 ], [ -99.195023130394787, 19.302048181979682 ], [ -99.195043946848983, 19.302049955733906 ], [ -99.195045272893282, 19.302050068247219 ], [ -99.195061606531695, 19.302052146535402 ], [ -99.195112329829911, 19.302058710559624 ], [ -99.19521834481975, 19.302072429874745 ], [ -99.195267440664026, 19.302078782414732 ], [ -99.195388044047135, 19.302094389812993 ], [ -99.195425726540435, 19.302099266426328 ], [ -99.195459159573062, 19.302105488431856 ], [ -99.19594584625068, 19.302196066463043 ], [ -99.196278376973311, 19.302275267223123 ], [ -99.196703326790285, 19.302402066747756 ], [ -99.197149986265941, 19.302556317146191 ], [ -99.197753806783226, 19.302811952524319 ], [ -99.198101546321553, 19.302996846669863 ], [ -99.198452605674632, 19.303200576774099 ], [ -99.198688345917219, 19.303351786396952 ], [ -99.199079175606585, 19.303596276563947 ], [ -99.199498095455937, 19.303821046353793 ], [ -99.199900845935645, 19.304028516841655 ], [ -99.200176775491869, 19.304170635932216 ], [ -99.201263475668213, 19.304636186319321 ], [ -99.202221644818408, 19.304957785886206 ], [ -99.202714154347078, 19.305093477107096 ], [ -99.203195445120457, 19.305214346194724 ], [ -99.20358300512261, 19.305288926050526 ], [ -99.204344094912244, 19.30542666596924 ], [ -99.204582574529837, 19.305467866499981 ], [ -99.205039634926152, 19.305552176018502 ], [ -99.205663513984902, 19.305664406281132 ], [ -99.205744464667688, 19.305678976413144 ], [ -99.205734174613994, 19.305742295709884 ], [ -99.205711294135412, 19.305865515810243 ], [ -99.205643944737616, 19.306213175796074 ], [ -99.205546906118883, 19.306714140628909 ], [ -99.205545770374499, 19.306720004426193 ], [ -99.205545678630813, 19.306720475688113 ], [ -99.20552811391947, 19.306717805852063 ], [ -99.205521391710107, 19.30671659784235 ], [ -99.205500464467761, 19.306712835609463 ], [ -99.205485413931683, 19.306554895896252 ], [ -99.205439034536809, 19.30647384582765 ], [ -99.205371244850014, 19.306387605685977 ], [ -99.205243034535982, 19.30630612600887 ], [ -99.205231034179903, 19.306298496079663 ], [ -99.20522537395189, 19.306303945444007 ], [ -99.205203177456511, 19.306325245546052 ], [ -99.205030537869277, 19.306490961739893 ], [ -99.20498485948535, 19.306534807488401 ], [ -99.202646791940296, 19.308778980723943 ], [ -99.202528264786039, 19.308892745144881 ], [ -99.202400583309412, 19.309017664719185 ], [ -99.201887501174795, 19.309519641571544 ], [ -99.201863956708252, 19.309542676776239 ], [ -99.201834548268224, 19.309571449216488 ], [ -99.201770497555884, 19.30963411237877 ], [ -99.201734553104629, 19.309669279164844 ], [ -99.20172566511215, 19.309677974824066 ], [ -99.20170621828251, 19.309696795748604 ], [ -99.200771005927933, 19.310601883871112 ], [ -99.200737765120081, 19.310634055316392 ], [ -99.200722875043482, 19.310648464734253 ], [ -99.200710982976361, 19.31066081135139 ], [ -99.200635984581922, 19.310738667866993 ], [ -99.200626845400905, 19.3107481552438 ], [ -99.200574116005924, 19.310803294628954 ], [ -99.200239414815528, 19.311157125584504 ], [ -99.200466005244778, 19.31140106476057 ], [ -99.200467975335457, 19.311403184302264 ], [ -99.20048367458989, 19.311403265979511 ], [ -99.200638614346872, 19.311404035556581 ], [ -99.201113835803525, 19.311448783754191 ], [ -99.201138227538564, 19.311451080469585 ], [ -99.201158984528348, 19.311453034388027 ], [ -99.201176499319345, 19.311454955408198 ], [ -99.201208235695859, 19.311515004428124 ], [ -99.201210722466513, 19.311548070882544 ], [ -99.20121211330968, 19.311566576612574 ], [ -99.201215845735049, 19.311616205333291 ], [ -99.201221584278656, 19.311726274499168 ], [ -99.201204925422218, 19.311872495366782 ], [ -99.201176944410051, 19.311950644498555 ], [ -99.201134075649463, 19.312031384532677 ], [ -99.199957585716916, 19.31384066434838 ], [ -99.198718816045272, 19.315802914675288 ], [ -99.196591436856679, 19.319224343591546 ], [ -99.194980076124608, 19.321839602762996 ], [ -99.194925867163604, 19.322027093018988 ], [ -99.194873617386065, 19.323137642630275 ], [ -99.194878585918474, 19.323461381653676 ], [ -99.194845326450093, 19.324717802799761 ], [ -99.19478489628159, 19.327124062412583 ], [ -99.19476947699691, 19.328716800583113 ], [ -99.194740276218042, 19.329325770880267 ], [ -99.194696476168119, 19.330230580439817 ], [ -99.194996155822679, 19.330627031217027 ], [ -99.195285586132215, 19.331089261057514 ], [ -99.195750116313874, 19.331944750434747 ], [ -99.196083645977254, 19.33239816996009 ], [ -99.19625781663926, 19.332681510190913 ], [ -99.196351095863534, 19.332882089891655 ], [ -99.196374865563428, 19.333025999887656 ], [ -99.196383276073078, 19.333238749783547 ], [ -99.196380915380885, 19.333322690641353 ], [ -99.196366746272261, 19.333403909757404 ], [ -99.19628698644587, 19.333628380819707 ], [ -99.196382246344754, 19.333673410549245 ], [ -99.196495778400376, 19.333699854897791 ], [ -99.19649582019602, 19.333699864734239 ], [ -99.196495865920127, 19.33369986920713 ], [ -99.196513445148952, 19.333702042039693 ], [ -99.196513496523309, 19.333702050241733 ], [ -99.196513546980825, 19.333702056614626 ], [ -99.196590315635746, 19.333711570772444 ], [ -99.196607976811777, 19.333713750551158 ], [ -99.196926276864033, 19.333717859394095 ], [ -99.19821021632805, 19.333504409619771 ], [ -99.198705806294143, 19.333421640469986 ], [ -99.199896975844439, 19.333226839409637 ], [ -99.199916645395732, 19.333223630415763 ], [ -99.19991464610473, 19.333229040715086 ], [ -99.199813214474759, 19.333502469639335 ], [ -99.199586064576167, 19.333837979621627 ], [ -99.199374184428635, 19.334081689224625 ], [ -99.199171404985222, 19.334314949875388 ], [ -99.198701954694954, 19.334960139603663 ], [ -99.198519175952256, 19.335146909742811 ], [ -99.198390434827104, 19.335256269443352 ], [ -99.198251955477645, 19.335375370053892 ], [ -99.198049094947876, 19.335481240036618 ], [ -99.197859606398396, 19.335540950021535 ], [ -99.197665205176946, 19.335591969912397 ], [ -99.196925946749346, 19.335732769112806 ], [ -99.196181076326283, 19.335884398834054 ], [ -99.195096077144257, 19.336168168825324 ], [ -99.194277117518098, 19.336388718595192 ], [ -99.193149117020511, 19.336607460200817 ], [ -99.191814216512554, 19.336852877259457 ], [ -99.191717217992874, 19.336870709010821 ], [ -99.191521476801142, 19.33688717981795 ], [ -99.191370678483906, 19.33689578933776 ], [ -99.191354556508244, 19.336893568699079 ], [ -99.1912474787528, 19.336877042457616 ], [ -99.191245577645219, 19.33687674978281 ], [ -99.191228083360912, 19.33687432964734 ], [ -99.19122791427381, 19.336874567522326 ], [ -99.1912263216973, 19.336876808562518 ], [ -99.19122503376947, 19.336878625782408 ], [ -99.191165509337708, 19.336962497198375 ], [ -99.191039557722604, 19.33713996985362 ], [ -99.190597037792713, 19.337719939596859 ], [ -99.190241096734638, 19.337976740065503 ], [ -99.190313206646138, 19.338670579239487 ], [ -99.190313607681603, 19.338674318872965 ], [ -99.190295548201732, 19.338668378839479 ], [ -99.190053677932966, 19.338588808099299 ], [ -99.190038078027271, 19.338583668554914 ], [ -99.190036008034596, 19.338586608361926 ], [ -99.189480918566233, 19.33937090803645 ], [ -99.189322837809556, 19.339539338259662 ], [ -99.189303685429564, 19.339559742230445 ], [ -99.189153378677787, 19.339719868585011 ], [ -99.188577730414039, 19.340133851734386 ], [ -99.188561298120902, 19.3401456684994 ], [ -99.188545167141797, 19.340157639468909 ], [ -99.188235941300761, 19.340387120664623 ], [ -99.188216608278154, 19.340401468481662 ], [ -99.188184575610506, 19.340435792067762 ], [ -99.188002047223776, 19.340631371976393 ], [ -99.187992018133158, 19.340642118179005 ], [ -99.187968583405791, 19.340667736586092 ], [ -99.187653298763834, 19.341012397633207 ], [ -99.187318608303229, 19.341127368068136 ], [ -99.186911775507326, 19.341243585875521 ], [ -99.186800869167101, 19.341275268018194 ], [ -99.186752641286063, 19.341322180718606 ], [ -99.186677299049848, 19.341395467661776 ], [ -99.186616648512967, 19.341593307620258 ], [ -99.18649741861357, 19.341929997945261 ], [ -99.185961378915309, 19.342444907607348 ], [ -99.185345549466518, 19.342974207575043 ], [ -99.185222785914362, 19.343072114243942 ], [ -99.18515533455485, 19.343125908066359 ], [ -99.184767519262067, 19.343435197233166 ], [ -99.184493819189868, 19.343584567445323 ], [ -99.184326979105236, 19.34362020711724 ], [ -99.184030649339448, 19.34364506706553 ], [ -99.183828809504377, 19.343916707366819 ], [ -99.183669989557899, 19.344253507535505 ], [ -99.183501519515502, 19.34456656750422 ], [ -99.18340309998996, 19.344772507395739 ], [ -99.183358809433201, 19.344922007321969 ], [ -99.183285239594341, 19.345262306933975 ], [ -99.183154125920467, 19.345819307526142 ], [ -99.183148380079871, 19.345843716631247 ], [ -99.183076719956347, 19.346118856688808 ], [ -99.182867179653954, 19.34658139622487 ], [ -99.182656529686327, 19.346584486720232 ], [ -99.182489949439486, 19.346641266835917 ], [ -99.182327560319877, 19.346758567044244 ], [ -99.181786640216217, 19.347340136547949 ], [ -99.181784469895959, 19.347342466414172 ], [ -99.181768959754365, 19.347337936549419 ], [ -99.181763443081849, 19.347336324081787 ], [ -99.181762761786473, 19.347336125622807 ], [ -99.180896338017504, 19.347082986272458 ], [ -99.180894747729141, 19.34708252167092 ], [ -99.180831650507542, 19.347064086732686 ], [ -99.180814960156056, 19.347059206739832 ], [ -99.180813980593555, 19.34706188681897 ], [ -99.180795640303458, 19.347112286945571 ], [ -99.180778720729975, 19.347140596648796 ], [ -99.180755380572805, 19.347170746426727 ], [ -99.180742780480756, 19.347182006957759 ], [ -99.180723560444065, 19.3471962065627 ], [ -99.180713379947093, 19.347202366515464 ], [ -99.180697880755631, 19.347210906297303 ], [ -99.18068421048784, 19.347217146100316 ], [ -99.180665440135556, 19.347224106215084 ], [ -99.180644160414118, 19.347229946679054 ], [ -99.180629330824004, 19.347232796877428 ], [ -99.180611680832953, 19.347235026317275 ], [ -99.180547040789889, 19.347232866787461 ], [ -99.180119580106123, 19.349265136060275 ], [ -99.180082610329208, 19.34935440633733 ], [ -99.180052150675962, 19.349428025645359 ], [ -99.179923820660107, 19.34963996554929 ], [ -99.179776251038007, 19.349824435730863 ], [ -99.179599120644539, 19.350006765576452 ], [ -99.179239990486806, 19.350339425521529 ], [ -99.178443990879714, 19.351007255705774 ], [ -99.178315640943424, 19.351112115719651 ], [ -99.177654250671395, 19.351741375587814 ], [ -99.177590750647852, 19.351818565415595 ], [ -99.177480531164264, 19.35200939571132 ], [ -99.177276610952973, 19.352346835283019 ], [ -99.177218281156456, 19.352441175387735 ], [ -99.177131621500266, 19.352521195265165 ], [ -99.177034611265313, 19.352597315738983 ], [ -99.176023281503319, 19.353407605338109 ], [ -99.175776011322327, 19.353617205488792 ], [ -99.175419752110315, 19.353982054925922 ], [ -99.17521439168425, 19.354238864883943 ], [ -99.174933882174557, 19.354633514422069 ], [ -99.174195351730745, 19.355443224453712 ], [ -99.173554531649643, 19.356121704143757 ], [ -99.172985812126512, 19.356748484555791 ], [ -99.172767052602822, 19.3570784643533 ], [ -99.172719852690648, 19.357178744547973 ], [ -99.172406442590159, 19.357901574378538 ], [ -99.171784761216372, 19.359362432415889 ], [ -99.171701252477092, 19.35955866336775 ], [ -99.171698412844577, 19.359565343526572 ], [ -99.171683592521759, 19.359556463475048 ], [ -99.170824423047449, 19.35904214339396 ], [ -99.170549652853325, 19.358885505290463 ], [ -99.170505773863027, 19.3588691455668 ], [ -99.17039644250076, 19.35882836360452 ], [ -99.170151533373044, 19.35874700375172 ], [ -99.16977406455841, 19.358656979838578 ], [ -99.169757242950794, 19.358654963960959 ], [ -99.169191923392404, 19.358594143779477 ], [ -99.169136314227373, 19.358590280240328 ], [ -99.168542643448561, 19.358549033925879 ], [ -99.167761213173122, 19.358510333952417 ], [ -99.167318764047707, 19.358488065288071 ], [ -99.167146043352929, 19.358479373954598 ], [ -99.166333923478774, 19.358432423653188 ], [ -99.164936244276902, 19.358358974403036 ], [ -99.164098535377875, 19.358307168071786 ], [ -99.163492794464005, 19.358269703894234 ], [ -99.161808084949371, 19.358172423624818 ], [ -99.161694924681242, 19.358166564682652 ], [ -99.160461365678785, 19.358102653826322 ], [ -99.160084746213883, 19.358082285244247 ], [ -99.159508995272361, 19.358051144324509 ], [ -99.159096335374656, 19.35802883439279 ], [ -99.158770535347458, 19.358008944183226 ], [ -99.158072486210628, 19.357966344352388 ], [ -99.157683397514404, 19.357942172399312 ], [ -99.15714953634523, 19.357909004285844 ], [ -99.156946056432488, 19.357896364457176 ], [ -99.156865086487926, 19.357893975465686 ], [ -99.156787906078932, 19.357891703955161 ], [ -99.15619298596836, 19.35785848524915 ], [ -99.155572358292716, 19.357823814303515 ], [ -99.155558435271956, 19.357823036605382 ], [ -99.154597386953796, 19.35776934380204 ], [ -99.154442034013513, 19.357762581508709 ], [ -99.154284757281644, 19.357755733890976 ], [ -99.153964200503623, 19.357742556639284 ], [ -99.153697057022725, 19.357731574683175 ], [ -99.153467419760673, 19.357716041626468 ], [ -99.153153026770454, 19.357694773935112 ], [ -99.152007987192007, 19.35763608447774 ], [ -99.151457927918656, 19.357599374185856 ], [ -99.151357772532947, 19.357596002554004 ], [ -99.151256857793413, 19.357592603852485 ], [ -99.150726069296695, 19.357566369169469 ], [ -99.150464787446069, 19.357553454184977 ], [ -99.150063017671954, 19.35752993495402 ], [ -99.149674648350341, 19.357509173765322 ], [ -99.148891358265161, 19.357467914386788 ], [ -99.148046648344945, 19.357422194235081 ], [ -99.14761150833597, 19.357404741078827 ], [ -99.147428775325551, 19.357397412062053 ], [ -99.147224907331235, 19.357389234329634 ], [ -99.146927135247594, 19.357381928040393 ], [ -99.146727678750452, 19.357377034236602 ], [ -99.146400107324666, 19.357367363699488 ], [ -99.146197907703637, 19.35736139438492 ], [ -99.145595798308008, 19.357344463966371 ], [ -99.145377102154526, 19.357337071903189 ], [ -99.145066528098297, 19.35732657429174 ], [ -99.144784629157954, 19.35731710452438 ], [ -99.144374169103912, 19.357293233752969 ], [ -99.144046959744827, 19.357268914016299 ], [ -99.143849339831988, 19.357259854011289 ], [ -99.143491999900377, 19.357238544434949 ], [ -99.142886159447357, 19.357196003843914 ], [ -99.142368399286298, 19.357165304241633 ], [ -99.142269759871638, 19.357159454379143 ], [ -99.141966859921823, 19.35712377421703 ], [ -99.141485340228499, 19.357065683935904 ], [ -99.141106140467969, 19.357019624181699 ], [ -99.140917279606427, 19.356996775562493 ], [ -99.140765250590064, 19.356985314053819 ], [ -99.140416472894785, 19.35695902247069 ], [ -99.13982831074911, 19.356914683880568 ], [ -99.13922419011233, 19.356862374206592 ], [ -99.137713960489464, 19.35676553423637 ], [ -99.13727105121454, 19.356739913960112 ], [ -99.13692942101622, 19.356714364083761 ], [ -99.136566621335703, 19.356691704132345 ], [ -99.136246141347897, 19.356671864280589 ], [ -99.135907531136368, 19.356643454365528 ], [ -99.135516531659107, 19.356620204755565 ], [ -99.135023731352419, 19.356586174661835 ], [ -99.134739531690002, 19.356566314615648 ], [ -99.134552091597413, 19.356560714705367 ], [ -99.134388831661667, 19.356543634237017 ], [ -99.134262820746116, 19.356537774657713 ] ] ] } },
{ "type": "Feature", "properties": { "CVEGEO": "09004", "alcaldia": "Cuajimalpa de Morelos" }, "geometry": { "type": "Polygon", "coordinates": [ [ [ -99.257367941658828, 19.401117305632628 ], [ -99.256971631715089, 19.400428765660724 ], [ -99.256927911647779, 19.400453675779485 ], [ -99.256884191400118, 19.400478594038656 ], [ -99.256798081851116, 19.400572305671133 ], [ -99.256665130424153, 19.400717015607718 ], [ -99.256520880342919, 19.401136303911169 ], [ -99.256375171448454, 19.401519155117011 ], [ -99.256178941924645, 19.402034784470999 ], [ -99.256129880372626, 19.402175844961707 ], [ -99.256114770422172, 19.402219333810223 ], [ -99.256005761698489, 19.402532823658238 ], [ -99.256019900478762, 19.403121583927767 ], [ -99.256026332148451, 19.403389673481367 ], [ -99.256030390458861, 19.403558564040011 ], [ -99.255800191926184, 19.403569493432968 ], [ -99.255664130884099, 19.403308794671862 ], [ -99.255561342060645, 19.403092504968626 ], [ -99.255368600682175, 19.402572983782374 ], [ -99.255366872719136, 19.402488209678534 ], [ -99.255365230096515, 19.402407726824528 ], [ -99.255363201590313, 19.402308215169064 ], [ -99.25537021381281, 19.40224501927726 ], [ -99.25539657185476, 19.402007504396991 ], [ -99.255362031525266, 19.401872704254714 ], [ -99.255357078378722, 19.40186004788599 ], [ -99.255220170634971, 19.401510123881046 ], [ -99.255235267323386, 19.401322625021599 ], [ -99.255250331110545, 19.401135524306948 ], [ -99.25528953152633, 19.400953497818474 ], [ -99.255348511102483, 19.400679625019759 ], [ -99.255397261906666, 19.400360154250432 ], [ -99.255360651340027, 19.400056444317435 ], [ -99.255238820794389, 19.399511925259549 ], [ -99.255199140635312, 19.39913696605019 ], [ -99.255242932381279, 19.398672854490673 ], [ -99.255399302441191, 19.398186274808452 ], [ -99.255675830976884, 19.397259785944723 ], [ -99.256207330716805, 19.396671616412537 ], [ -99.256346570982316, 19.396510935992648 ], [ -99.257686140152671, 19.395578325731915 ], [ -99.258435680585293, 19.395049096054166 ], [ -99.258993861288104, 19.394747446450971 ], [ -99.259176931348904, 19.394648195695858 ], [ -99.259263281057088, 19.394601366778073 ], [ -99.259482220984808, 19.394464965800335 ], [ -99.259558051061589, 19.394389306606627 ], [ -99.259618679935727, 19.394310077021142 ], [ -99.259635729856271, 19.394274097238899 ], [ -99.259647031091717, 19.394225506718829 ], [ -99.259652570204992, 19.394128366040373 ], [ -99.259612509728782, 19.393954326552016 ], [ -99.25957733119273, 19.393760926310833 ], [ -99.259567680669306, 19.393707825721719 ], [ -99.259381771468341, 19.393174477354581 ], [ -99.259276390775995, 19.392739107398118 ], [ -99.25926816116646, 19.392645526575578 ], [ -99.259243800635673, 19.3925964470784 ], [ -99.259208161069594, 19.392564276281096 ], [ -99.2588801913395, 19.392431556779243 ], [ -99.258786711412483, 19.392423076024436 ], [ -99.258679541242316, 19.39245335597294 ], [ -99.25846334102927, 19.392666656252604 ], [ -99.25836810083868, 19.392702596477115 ], [ -99.257837311006313, 19.392757556227803 ], [ -99.256800451907324, 19.392840226503221 ], [ -99.256664512020876, 19.392862325968959 ], [ -99.256539971483051, 19.392895336435799 ], [ -99.256075391498754, 19.393312395897169 ], [ -99.255952772092385, 19.393398896470817 ], [ -99.255841591671356, 19.393448026300646 ], [ -99.25565796226951, 19.393491395817385 ], [ -99.255465392263289, 19.393519926056523 ], [ -99.255293732465688, 19.393542846267735 ], [ -99.255066882238665, 19.393605955887889 ], [ -99.254831961696212, 19.393704476278515 ], [ -99.25455762235454, 19.393877795822192 ], [ -99.254434562315865, 19.393977825831271 ], [ -99.254370501845614, 19.394063186271673 ], [ -99.254350032134568, 19.394143595575869 ], [ -99.254362932408768, 19.394216656185037 ], [ -99.25439666231803, 19.394286456186421 ], [ -99.25481003247188, 19.394738996048542 ], [ -99.254874252469136, 19.394841225943399 ], [ -99.254920512473404, 19.394960535588652 ], [ -99.254938932505198, 19.395087565462312 ], [ -99.254898771723788, 19.395155935323768 ], [ -99.254839572062593, 19.395192185611201 ], [ -99.254746532230953, 19.395213825852714 ], [ -99.254586992332293, 19.395155795476782 ], [ -99.254433001987309, 19.395073185276935 ], [ -99.254293621858508, 19.394985055588407 ], [ -99.253918832765336, 19.394678625843749 ], [ -99.253447202866568, 19.394203906266302 ], [ -99.253217252048159, 19.393986856267205 ], [ -99.253016062319205, 19.393744445866556 ], [ -99.252953112332577, 19.393629965645161 ], [ -99.252876942942422, 19.393569296152521 ], [ -99.252548963096913, 19.393521955909957 ], [ -99.251887082426336, 19.393466955883298 ], [ -99.251585343207097, 19.393457726198342 ], [ -99.25146819247756, 19.393457896248037 ], [ -99.251271633163881, 19.393482676030381 ], [ -99.251020772613032, 19.393575985713451 ], [ -99.250859032948753, 19.393648326270615 ], [ -99.250617742801154, 19.393692395948875 ], [ -99.2501995632025, 19.393675936247401 ], [ -99.249985963409969, 19.393652535805021 ], [ -99.249855743780572, 19.393627695721328 ], [ -99.24958406375147, 19.393548326751006 ], [ -99.249418143823775, 19.393480256261679 ], [ -99.24924390331374, 19.393423455994917 ], [ -99.249051703637548, 19.393452255758575 ], [ -99.248895563005121, 19.393532325816182 ], [ -99.248731193262572, 19.39367310570422 ], [ -99.248535373421191, 19.393840825887096 ], [ -99.248361304123961, 19.394006476291661 ], [ -99.248193203409329, 19.39414361576204 ], [ -99.247983054024274, 19.394269385727579 ], [ -99.247800574170441, 19.394301055810693 ], [ -99.247638503952047, 19.394303825511116 ], [ -99.24722328443373, 19.394248725753055 ], [ -99.247028084345544, 19.394178985646146 ], [ -99.247017085586592, 19.394167419595799 ], [ -99.246925624110503, 19.394071226030661 ], [ -99.246920155342281, 19.394064142799216 ], [ -99.246850573600952, 19.39397401568187 ], [ -99.246798103711669, 19.393847756341358 ], [ -99.246745533893076, 19.393703125959355 ], [ -99.246728424282523, 19.393540506008819 ], [ -99.246796112878187, 19.393173825788992 ], [ -99.246907774481059, 19.392825996126398 ], [ -99.246946423461551, 19.392657786415235 ], [ -99.247174253852862, 19.392422626166475 ], [ -99.247714822786065, 19.391956166458694 ], [ -99.247804903510939, 19.391859256635737 ], [ -99.247850462714069, 19.391790386413259 ], [ -99.248088933651701, 19.3913312564611 ], [ -99.248182903655177, 19.391136096264731 ], [ -99.248352833928692, 19.39078310685311 ], [ -99.248384862703887, 19.390733354284961 ], [ -99.248404373926221, 19.390703046872446 ], [ -99.24841951478497, 19.390679529286317 ], [ -99.248496023367323, 19.390560696461417 ], [ -99.248519373657274, 19.390406446356263 ], [ -99.24851568335842, 19.390307017061435 ], [ -99.248500174007049, 19.390188997098207 ], [ -99.248396113950093, 19.388786137493319 ], [ -99.248322974156835, 19.387682187556443 ], [ -99.248270463375817, 19.387465496994967 ], [ -99.248125853611867, 19.387116387381134 ], [ -99.247983633788209, 19.386773457591225 ], [ -99.247775743994978, 19.386509827825243 ], [ -99.247680163873838, 19.386316197710535 ], [ -99.24764200020519, 19.386213679913148 ], [ -99.247625513650576, 19.386169387943646 ], [ -99.247626546698825, 19.386157921566262 ], [ -99.247644904295214, 19.385954097696651 ], [ -99.248773133713584, 19.385036769417656 ], [ -99.249739262607449, 19.384262129279914 ], [ -99.250026302472406, 19.38403287819332 ], [ -99.250317302429607, 19.383831018423141 ], [ -99.250673262944545, 19.383605278400669 ], [ -99.250762592145051, 19.383545567907884 ], [ -99.251181261779152, 19.383277558777102 ], [ -99.252463232332431, 19.382463219681163 ], [ -99.254238932462485, 19.381331448817949 ], [ -99.254597391820326, 19.381102968566278 ], [ -99.254979341982903, 19.380862729633321 ], [ -99.2557864821827, 19.380351570195671 ], [ -99.256072232017985, 19.380170599998017 ], [ -99.256901451527881, 19.379610138926818 ], [ -99.257139591464934, 19.379406599220399 ], [ -99.257644770265344, 19.378948309254678 ], [ -99.257915361091463, 19.378702829572713 ], [ -99.258879530983961, 19.377841299227907 ], [ -99.259089200847029, 19.377654413288621 ], [ -99.259796541213603, 19.377023930015465 ], [ -99.260589139810122, 19.376350299935631 ], [ -99.261022170574364, 19.376030530183883 ], [ -99.261345770410415, 19.375837740095868 ], [ -99.261576850709233, 19.375714529763219 ], [ -99.261681259196607, 19.375658859878666 ], [ -99.261868099061701, 19.375568138148022 ], [ -99.262035569668228, 19.375486820493595 ], [ -99.262970360097611, 19.375036000094266 ], [ -99.263249339476758, 19.374953460661576 ], [ -99.263461900286458, 19.374906511640795 ], [ -99.263773819010879, 19.374855511659138 ], [ -99.265051429506443, 19.37466406047626 ], [ -99.265636098300902, 19.374576451358369 ], [ -99.266295769544371, 19.374471190248322 ], [ -99.266359429220628, 19.374453480235506 ], [ -99.266421559757703, 19.374432801283103 ], [ -99.266482449447352, 19.374409060748199 ], [ -99.266541959355848, 19.374382330420683 ], [ -99.266599899010231, 19.374352681158481 ], [ -99.266656129368528, 19.374320190186602 ], [ -99.266710478392483, 19.37428496131712 ], [ -99.266762828256986, 19.374247061285736 ], [ -99.266813019559336, 19.374206630377898 ], [ -99.266860899388092, 19.374163770939507 ], [ -99.266906359027402, 19.374118571618343 ], [ -99.26694924827521, 19.374071190082507 ], [ -99.266989629543517, 19.374021561316951 ], [ -99.26724872834626, 19.373590741558832 ], [ -99.267323247995122, 19.37351136171451 ], [ -99.267399298507954, 19.373450361962909 ], [ -99.267493277789001, 19.373402101972907 ], [ -99.267569388249925, 19.373369400265499 ], [ -99.267658928703568, 19.37335086109481 ], [ -99.267737928993469, 19.373346370866123 ], [ -99.267820759107877, 19.373350001574419 ], [ -99.267923308339604, 19.373368700443571 ], [ -99.267999028584384, 19.373382541262373 ], [ -99.268072677576171, 19.373406340845339 ], [ -99.268139999269209, 19.373428192024207 ], [ -99.268401857415441, 19.373522861477426 ], [ -99.268478828458925, 19.373539370520575 ], [ -99.268552758455272, 19.373551460706931 ], [ -99.268615928630766, 19.373559530746743 ], [ -99.26868710830216, 19.373562421211229 ], [ -99.268762858977965, 19.3735630510531 ], [ -99.268829369101169, 19.373559601235417 ], [ -99.26890184748359, 19.373553250962097 ], [ -99.268966097930445, 19.373544600828684 ], [ -99.269111018504034, 19.373524280856106 ], [ -99.269231798411226, 19.373507391768577 ], [ -99.269333698983345, 19.373486961014628 ], [ -99.269430197896511, 19.373463650810773 ], [ -99.269516158875859, 19.373438201978676 ], [ -99.269643257955124, 19.373386541372135 ], [ -99.269769897634305, 19.373311420326587 ], [ -99.269841897409407, 19.373254481693021 ], [ -99.269910218265807, 19.37320026195362 ], [ -99.269969538350566, 19.373135051511465 ], [ -99.270019167509062, 19.373066791774498 ], [ -99.270064188403936, 19.372994082211012 ], [ -99.270097848675221, 19.372918362068162 ], [ -99.270135677068367, 19.37280734166221 ], [ -99.270149847503347, 19.372712251008323 ], [ -99.270153297429175, 19.372626221723852 ], [ -99.270148928471315, 19.372500461306696 ], [ -99.270123878155161, 19.372353051745005 ], [ -99.270076018889569, 19.372200960519603 ], [ -99.269770298178202, 19.371441431886165 ], [ -99.26888689884683, 19.371664561291837 ], [ -99.268372229223758, 19.371805910893922 ], [ -99.268287989159219, 19.371459881404249 ], [ -99.268251598239615, 19.371230861557606 ], [ -99.268220078905188, 19.370950932065252 ], [ -99.268233738063273, 19.370694532028768 ], [ -99.268243737686333, 19.370587532546271 ], [ -99.268267188736701, 19.370417511595729 ], [ -99.268317508480678, 19.370249101814856 ], [ -99.268384759175632, 19.370049701074027 ], [ -99.268624659236437, 19.369604902519615 ], [ -99.268941298041455, 19.369238232922751 ], [ -99.269100928798878, 19.369060931869175 ], [ -99.269008337509675, 19.368964882566395 ], [ -99.268610628509037, 19.368803202158354 ], [ -99.268442974789906, 19.368718772010151 ], [ -99.268426058800586, 19.368710251417845 ], [ -99.268274159292474, 19.368697941316913 ], [ -99.268152018061372, 19.36871379273525 ], [ -99.268049708170153, 19.368738992127238 ], [ -99.267907798491109, 19.368784591406065 ], [ -99.267782448409221, 19.368853651959455 ], [ -99.267488829250198, 19.369081221586271 ], [ -99.267307448395812, 19.369223801463523 ], [ -99.267222766348198, 19.369309483009484 ], [ -99.267189477870204, 19.369343162716781 ], [ -99.267091568183417, 19.369503132521821 ], [ -99.266860219037781, 19.369896571868306 ], [ -99.266638829560904, 19.370286822307641 ], [ -99.266437418749973, 19.370632591506272 ], [ -99.266387619730224, 19.370717912524793 ], [ -99.266291699205013, 19.371009191924497 ], [ -99.266259629055057, 19.371144031034859 ], [ -99.266237768542339, 19.371236021802172 ], [ -99.266214938070192, 19.371369881873747 ], [ -99.26617249948599, 19.371497142276148 ], [ -99.266065818820167, 19.371622401287738 ], [ -99.265795988743236, 19.371855221254897 ], [ -99.26558050987164, 19.37201100082034 ], [ -99.265484228265052, 19.3720342508377 ], [ -99.265398968624908, 19.3720165319315 ], [ -99.265306988951252, 19.371956830752236 ], [ -99.265067229818399, 19.371742730746767 ], [ -99.265442898424226, 19.371023651458668 ], [ -99.265796679676839, 19.370202371544583 ], [ -99.266039248733819, 19.36961526251805 ], [ -99.266350768535389, 19.36886334189407 ], [ -99.266568339490036, 19.368315792695604 ], [ -99.266650078620643, 19.368062502554675 ], [ -99.266715388302799, 19.367805792799722 ], [ -99.266771598199966, 19.367512143184324 ], [ -99.266781328157833, 19.367024793287531 ], [ -99.266755418247925, 19.366807083510935 ], [ -99.266649758348692, 19.366145932151948 ], [ -99.266597429451721, 19.365796512333205 ], [ -99.266566339746575, 19.365645592436231 ], [ -99.266524759371407, 19.365531622247918 ], [ -99.266483829493396, 19.365276792448199 ], [ -99.266453098976896, 19.365016972461678 ], [ -99.26644516944009, 19.364687162482753 ], [ -99.266465619460988, 19.36439130314146 ], [ -99.266508158876434, 19.364162402348946 ], [ -99.266569859683031, 19.363958003186504 ], [ -99.266825388992515, 19.363542362786404 ], [ -99.265907589825446, 19.36319505336866 ], [ -99.265631029603483, 19.3630639933331 ], [ -99.265340789405016, 19.362926453026439 ], [ -99.265097059483622, 19.362839532656636 ], [ -99.264835259699694, 19.362757913503469 ], [ -99.264257059455588, 19.362596312935199 ], [ -99.263733019909196, 19.362447232951432 ], [ -99.263216909778592, 19.362281083352819 ], [ -99.262818960628692, 19.362128133436066 ], [ -99.262529910638392, 19.361986903390378 ], [ -99.262235500338718, 19.361814933091555 ], [ -99.261987929979767, 19.361664883376768 ], [ -99.261845360903266, 19.361559253232873 ], [ -99.26167451042997, 19.36142666308832 ], [ -99.261423360477323, 19.361216253756851 ], [ -99.261252130916304, 19.361041483588863 ], [ -99.261125559305199, 19.360822823871437 ], [ -99.261039340554518, 19.360540223511222 ], [ -99.260902730699883, 19.35983459339802 ], [ -99.260586310673574, 19.358329704063266 ], [ -99.26030590090464, 19.35697230539504 ], [ -99.260243999958348, 19.356485655873314 ], [ -99.26014842051417, 19.355869144751271 ], [ -99.260008480511345, 19.355282315113019 ], [ -99.259833770785065, 19.354204314971632 ], [ -99.259458021133611, 19.352814855633735 ], [ -99.259394991286854, 19.352475975871677 ], [ -99.259240861519999, 19.351771635522944 ], [ -99.259223161062607, 19.351515905938339 ], [ -99.259229680939583, 19.35121790533637 ], [ -99.259261219786012, 19.350925006044847 ], [ -99.259317031426335, 19.350713655957108 ], [ -99.259378301359902, 19.350506716099328 ], [ -99.259369201544189, 19.350369056194854 ], [ -99.259367719787633, 19.350362286184385 ], [ -99.259357399201704, 19.35031512538491 ], [ -99.259341540745496, 19.350242655766372 ], [ -99.259323060633861, 19.350171765933677 ], [ -99.259300261223899, 19.350118165702739 ], [ -99.259259250803609, 19.350061716177148 ], [ -99.259213730869163, 19.350021715559116 ], [ -99.259145481055853, 19.349981745653334 ], [ -99.259109725951831, 19.349971797784502 ], [ -99.259079420746261, 19.349963365905669 ], [ -99.259030701636618, 19.349959316153956 ], [ -99.258899742238413, 19.349982172103385 ], [ -99.258512382686931, 19.350049776574199 ], [ -99.258406791339254, 19.350068205872642 ], [ -99.258388550140012, 19.350069841076323 ], [ -99.258374880241746, 19.350071066318122 ], [ -99.258343171502773, 19.35006430683552 ], [ -99.258315710931953, 19.350052706175468 ], [ -99.258281029926408, 19.350025596301791 ], [ -99.258251371619394, 19.349991685841641 ], [ -99.258221361379498, 19.34994548602042 ], [ -99.258199681166815, 19.349890657346275 ], [ -99.258194431314294, 19.349845706042 ], [ -99.258190961707953, 19.349801376006617 ], [ -99.258198860955389, 19.349757025771343 ], [ -99.258218161426484, 19.349707256527399 ], [ -99.258267251747455, 19.349645195839507 ], [ -99.258308770980221, 19.349608966304491 ], [ -99.258612461487928, 19.349429946346671 ], [ -99.258984400913803, 19.349224465795235 ], [ -99.259219860858508, 19.349058026506427 ], [ -99.25931828070226, 19.348950826528512 ], [ -99.259407661047931, 19.348839796487702 ], [ -99.25948985066681, 19.348684366251916 ], [ -99.259559651302339, 19.348560086436159 ], [ -99.259630731022767, 19.348470796700116 ], [ -99.259712231148242, 19.348386576143408 ], [ -99.259790601174998, 19.34832994627773 ], [ -99.25989130087207, 19.348287886257385 ], [ -99.25998170095643, 19.3482783763742 ], [ -99.260203310889381, 19.348268996133228 ], [ -99.260353461070153, 19.348252946643246 ], [ -99.260562510990781, 19.348206536408441 ], [ -99.261010651106915, 19.347950026599964 ], [ -99.261071860614038, 19.347895336630621 ], [ -99.261124190511509, 19.347827026627343 ], [ -99.261115300384688, 19.34777379676801 ], [ -99.261065730491538, 19.347748826974676 ], [ -99.261007390584624, 19.347746826075348 ], [ -99.260949080273818, 19.347762566900702 ], [ -99.260839301109769, 19.347856336537554 ], [ -99.260709970521205, 19.3479364067402 ], [ -99.260563050683885, 19.348009346839209 ], [ -99.260320420081911, 19.348063116255211 ], [ -99.260180200719347, 19.3480619063088 ], [ -99.260078620496827, 19.348049746491316 ], [ -99.259809930672134, 19.347976546150495 ], [ -99.25972371053696, 19.347969006662321 ], [ -99.259664160557307, 19.347971346114363 ], [ -99.25956490127605, 19.348004456376977 ], [ -99.259268391016306, 19.348120466414969 ], [ -99.259152620683253, 19.34817946648641 ], [ -99.259063231472709, 19.348216236686326 ], [ -99.259005281607344, 19.348207656636678 ], [ -99.258966600858187, 19.348170086094171 ], [ -99.258961431367425, 19.348118006351978 ], [ -99.258989791162747, 19.34805625625885 ], [ -99.259024021071923, 19.348029996341594 ], [ -99.25942797153472, 19.34787480661122 ], [ -99.259598050575093, 19.347816316670926 ], [ -99.259712590673089, 19.347787626198336 ], [ -99.25981134070399, 19.347745376866033 ], [ -99.259892249920426, 19.347672226129831 ], [ -99.25996633107998, 19.347615376185509 ], [ -99.260194960564149, 19.34752994663808 ], [ -99.260270140466389, 19.347514916144288 ], [ -99.260336421138604, 19.347520066822081 ], [ -99.260423940877558, 19.347533597024565 ], [ -99.26056540053051, 19.347520916258965 ], [ -99.260619341141734, 19.347494716209422 ], [ -99.26065813069826, 19.347457166310956 ], [ -99.260717130420716, 19.347322256721895 ], [ -99.260764630294076, 19.347256116378151 ], [ -99.260866399532517, 19.34718945676525 ], [ -99.260999030504991, 19.347188266920362 ], [ -99.261185620531933, 19.347175176933039 ], [ -99.261251420155361, 19.347120206817095 ], [ -99.261383160621179, 19.347036166867735 ], [ -99.261458460307807, 19.347035516673557 ], [ -99.261557970854611, 19.347046036989266 ], [ -99.261615200702849, 19.347048396303936 ], [ -99.261693430161117, 19.347036256446742 ], [ -99.261891560877274, 19.346965936977721 ], [ -99.261954650848296, 19.346942436623408 ], [ -99.26203243012813, 19.346887466745404 ], [ -99.262076990568062, 19.346824146874447 ], [ -99.262145620454234, 19.346754916950758 ], [ -99.26223541991817, 19.346699747107323 ], [ -99.262337530319087, 19.3466703166184 ], [ -99.262424820437673, 19.346663777101579 ], [ -99.26250339991698, 19.346683107051902 ], [ -99.262563800255222, 19.346702626757036 ], [ -99.262630400153753, 19.346736316709045 ], [ -99.26272753067407, 19.346804136667963 ], [ -99.262815510077886, 19.346866286291856 ], [ -99.262884960234743, 19.346885606490293 ], [ -99.262966250061666, 19.346884946279296 ], [ -99.263053200631603, 19.346838376560289 ], [ -99.263139930475319, 19.346771827199625 ], [ -99.263187650562585, 19.346722866842008 ], [ -99.263240770594876, 19.346605117218655 ], [ -99.263272898816282, 19.34650186709419 ], [ -99.263290059865724, 19.346413106912134 ], [ -99.263313129893646, 19.346304257104553 ], [ -99.26334842007995, 19.346223866851872 ], [ -99.263423029617428, 19.346148837045508 ], [ -99.263500940512486, 19.346102367048513 ], [ -99.263617990447543, 19.346064147277925 ], [ -99.26373535966178, 19.346051686892363 ], [ -99.263816660325332, 19.346042436731967 ], [ -99.263910159999341, 19.346050167335839 ], [ -99.264018390372371, 19.346032036748568 ], [ -99.26407841917981, 19.346005827089755 ], [ -99.264138139858076, 19.34595666700875 ], [ -99.264155079038702, 19.345839256867524 ], [ -99.264160029847815, 19.345724827222845 ], [ -99.264167599861779, 19.345576067223938 ], [ -99.26416637013611, 19.34545596685621 ], [ -99.264189539667342, 19.345355706730064 ], [ -99.264234200292123, 19.345306657209068 ], [ -99.264300000313483, 19.345251797377497 ], [ -99.264368989498124, 19.345228286926901 ], [ -99.264456499528492, 19.345236117136984 ], [ -99.264538049743308, 19.345263917331241 ], [ -99.26463472989208, 19.34528882737105 ], [ -99.264701099911477, 19.345302547511064 ], [ -99.264767129806302, 19.345276236954469 ], [ -99.264835760221402, 19.345204117380199 ], [ -99.264867989737382, 19.345115226769629 ], [ -99.264887879613013, 19.344992026750205 ], [ -99.264874400184326, 19.344846366950915 ], [ -99.264873959650259, 19.344800547323985 ], [ -99.264888538794011, 19.344754706952951 ], [ -99.264930259571145, 19.344702867668751 ], [ -99.264969139352118, 19.344673887296018 ], [ -99.265017100176593, 19.344650597522058 ], [ -99.265074199973895, 19.344638666945897 ], [ -99.265125399455229, 19.344632537209606 ], [ -99.265209649479829, 19.344620307057539 ], [ -99.265296739230649, 19.344599577541693 ], [ -99.265401999715266, 19.344581437562638 ], [ -99.265458999522693, 19.344555236920062 ], [ -99.265554859647381, 19.344494267322851 ], [ -99.265579959355762, 19.344461517248948 ], [ -99.265632198885328, 19.344393487080467 ], [ -99.265661259554548, 19.344287437608472 ], [ -99.265753189801501, 19.344137917669055 ], [ -99.265774109214078, 19.344123517140073 ], [ -99.265867049057064, 19.344076937509278 ], [ -99.265954229331143, 19.344058997294056 ], [ -99.266035649308378, 19.344063937418902 ], [ -99.266153249449417, 19.344077237552003 ], [ -99.266255818974244, 19.344093436906771 ], [ -99.26637045800004, 19.34410393694812 ], [ -99.266515199207461, 19.344116916952338 ], [ -99.266614599791538, 19.344121747173954 ], [ -99.266767799589701, 19.344071827408218 ], [ -99.266827399675705, 19.344008377094941 ], [ -99.266924858988062, 19.343810137666896 ], [ -99.267091279188605, 19.343571317290788 ], [ -99.267340799371397, 19.343211717707284 ], [ -99.26763713877466, 19.342714337683102 ], [ -99.267976659130795, 19.342313837330241 ], [ -99.268170218794424, 19.342083368192959 ], [ -99.26822402860013, 19.342042907910145 ], [ -99.268295849293551, 19.341993628201436 ], [ -99.268337658611927, 19.34195605784506 ], [ -99.268373399147507, 19.341912907733757 ], [ -99.26840924861672, 19.341886827441467 ], [ -99.268472339297134, 19.341866207729122 ], [ -99.268538368696071, 19.341842797840897 ], [ -99.268631768890316, 19.341841937707763 ], [ -99.268719169041404, 19.34184686763107 ], [ -99.268821738902531, 19.341860268160428 ], [ -99.268930399020846, 19.341879368333633 ], [ -99.269153957582219, 19.341943107665621 ], [ -99.269341568762542, 19.342035827599755 ], [ -99.269479968199789, 19.342011768228524 ], [ -99.269829798845208, 19.341748438183043 ], [ -99.269972798809519, 19.34157840760475 ], [ -99.27035339820921, 19.34137776791335 ], [ -99.270688648795257, 19.34116317804817 ], [ -99.27143004771095, 19.340887798161155 ], [ -99.271763018388654, 19.340738997945085 ], [ -99.272074987848995, 19.340601798000744 ], [ -99.272321138198706, 19.340516658454408 ], [ -99.272486097677046, 19.340440858600463 ], [ -99.272662708212764, 19.340330608663901 ], [ -99.272842257984706, 19.340206088300128 ], [ -99.272953187463941, 19.340150798469214 ], [ -99.273121528047312, 19.340112118537025 ], [ -99.2732987274224, 19.340056197973347 ], [ -99.273595507890633, 19.339910518175625 ], [ -99.273868107857197, 19.33975656844089 ], [ -99.274206507173091, 19.339547658531036 ], [ -99.274500727065842, 19.339447808330238 ], [ -99.275013936938734, 19.339254538862729 ], [ -99.275385696739349, 19.33907105838119 ], [ -99.275980095980003, 19.338859869020471 ], [ -99.276574017213406, 19.338597238950094 ], [ -99.277312226816065, 19.338307568511862 ], [ -99.277998525520999, 19.337952628789886 ], [ -99.278490446251055, 19.337730908710753 ], [ -99.278836225964753, 19.337670549069866 ], [ -99.279200096697991, 19.337601578752711 ], [ -99.279640165820069, 19.337626209148411 ], [ -99.279859505970848, 19.33756713842908 ], [ -99.280029765732166, 19.337422638738836 ], [ -99.280306215717786, 19.337348638737151 ], [ -99.280631395467822, 19.337334318793413 ], [ -99.280948136033373, 19.337377208971475 ], [ -99.281148525909543, 19.337431168898561 ], [ -99.281160525211959, 19.3373260291484 ], [ -99.281152135487105, 19.337209348747209 ], [ -99.281113795381373, 19.337096229319094 ], [ -99.281051056209435, 19.337003599278489 ], [ -99.280956696058624, 19.336917269042001 ], [ -99.280601455475477, 19.33672982928541 ], [ -99.280209506393774, 19.336525229126135 ], [ -99.280149784905305, 19.336452349329246 ], [ -99.280100196446327, 19.336357979562273 ], [ -99.280046506272228, 19.336245039340078 ], [ -99.280022675984313, 19.336095229473308 ], [ -99.28005424621108, 19.335451579522275 ], [ -99.280082785916491, 19.335355609252481 ], [ -99.280132655653716, 19.33528391979404 ], [ -99.280202925673862, 19.335229108979284 ], [ -99.280290535953313, 19.335196139518725 ], [ -99.28037356467344, 19.335179599803197 ], [ -99.280490056296983, 19.33517285908307 ], [ -99.280643536107462, 19.335207629867622 ], [ -99.28182933564814, 19.335550779705027 ], [ -99.281958995922636, 19.335604269519838 ], [ -99.28206778585097, 19.335646149336828 ], [ -99.282217785609276, 19.335713518950023 ], [ -99.282374785213733, 19.335797368964393 ], [ -99.283012855109746, 19.336234178753994 ], [ -99.283148355317962, 19.336324489431515 ], [ -99.283291845160235, 19.336411969032415 ], [ -99.283566954752402, 19.336528109532491 ], [ -99.283807254729496, 19.336600808954863 ], [ -99.28395252489554, 19.33662205875391 ], [ -99.284325495072096, 19.336673230345603 ], [ -99.284470015125208, 19.336661800379655 ], [ -99.284596043828159, 19.336643599341478 ], [ -99.284706225030916, 19.336611839376079 ], [ -99.284841493709891, 19.336533610099561 ], [ -99.284943824388449, 19.336469139141297 ], [ -99.285042564403284, 19.336374980416789 ], [ -99.285078534229797, 19.336318890329135 ], [ -99.285112824904644, 19.336265439353479 ], [ -99.285184645224547, 19.336110800224159 ], [ -99.28597767492559, 19.334241979264778 ], [ -99.286281274195332, 19.333581690429064 ], [ -99.28652265319154, 19.333114949453371 ], [ -99.286759793618501, 19.332626799742261 ], [ -99.286831783926417, 19.332491600598384 ], [ -99.286923093424249, 19.332320070726961 ], [ -99.287289294279205, 19.331576320660218 ], [ -99.287432164592587, 19.33129255046569 ], [ -99.287489983049383, 19.331146350798395 ], [ -99.287512223097153, 19.331033551453981 ], [ -99.287515723316076, 19.330988180439565 ], [ -99.287518583971234, 19.330950860134241 ], [ -99.287508582899704, 19.330817889996702 ], [ -99.287465254172943, 19.330663431152111 ], [ -99.287419386345107, 19.330573365329386 ], [ -99.287408382312066, 19.330551759175389 ], [ -99.28740481290356, 19.330544750074761 ], [ -99.287322522981611, 19.330429181316696 ], [ -99.287106021988023, 19.330205630121643 ], [ -99.287097704099807, 19.330197041635238 ], [ -99.286773453371026, 19.329848630659953 ], [ -99.286690843765811, 19.329767920427511 ], [ -99.286767023813638, 19.329736010698873 ], [ -99.286902324407635, 19.329772630280949 ], [ -99.287093622953805, 19.329854110843943 ], [ -99.287424753652616, 19.330009230189351 ], [ -99.287867954181579, 19.330220440432235 ], [ -99.287983193536192, 19.330297640422621 ], [ -99.288065413844322, 19.330378781525717 ], [ -99.288190094084271, 19.330487941125323 ], [ -99.288314982706424, 19.330666860682925 ], [ -99.288363854192355, 19.330905071447372 ], [ -99.288387793126432, 19.331131490750245 ], [ -99.28836289356083, 19.331319380890257 ], [ -99.28828145338926, 19.331572969939945 ], [ -99.288190228999099, 19.331799752218991 ], [ -99.288178873402742, 19.331827980802306 ], [ -99.288089354363734, 19.332012550966866 ], [ -99.287851213270116, 19.332507720884436 ], [ -99.287675194503692, 19.33295689050064 ], [ -99.287674437749928, 19.332959996511814 ], [ -99.287649994491517, 19.333060440366456 ], [ -99.287649183974992, 19.333150460174284 ], [ -99.287663123894944, 19.33322774997335 ], [ -99.287687454202214, 19.333305721046138 ], [ -99.287721902780177, 19.333363539759176 ], [ -99.287766933836991, 19.333408950463927 ], [ -99.287820303492623, 19.333445060551533 ], [ -99.287886242842134, 19.333468859898034 ], [ -99.287952184322535, 19.333475210151928 ], [ -99.288064784477442, 19.333456489823799 ], [ -99.288163704522745, 19.333412630464018 ], [ -99.288247962919897, 19.333358260202512 ], [ -99.28831549323219, 19.333301139612018 ], [ -99.288544293948931, 19.333082440254202 ], [ -99.288858723156892, 19.332781870070949 ], [ -99.289414417543782, 19.332136375273638 ], [ -99.289431489142231, 19.332116543307258 ], [ -99.289448562644026, 19.332096711373563 ], [ -99.289728902278952, 19.331702121543035 ], [ -99.290139992752714, 19.330790040611447 ], [ -99.290310103826769, 19.330553870400117 ], [ -99.290817732107783, 19.329851031456581 ], [ -99.290856763042598, 19.329796981482506 ], [ -99.291168982393842, 19.329350781583795 ], [ -99.291256612588882, 19.329154350430205 ], [ -99.291314553349594, 19.32898803185665 ], [ -99.291358853479238, 19.328837511498715 ], [ -99.291381692975264, 19.328672721818315 ], [ -99.291351792755563, 19.328444431807426 ], [ -99.291259322451452, 19.328181412152656 ], [ -99.291113032918105, 19.327829941491963 ], [ -99.290791223624353, 19.327056772450181 ], [ -99.290767012631179, 19.326954741362641 ], [ -99.290768753717174, 19.326788602428067 ], [ -99.290774722813666, 19.32664597195118 ], [ -99.290801093604273, 19.326574632175213 ], [ -99.290922103318508, 19.326345772718213 ], [ -99.291330722463272, 19.325573091347248 ], [ -99.291362552882148, 19.325525122566471 ], [ -99.291479273623651, 19.325349212404998 ], [ -99.29157364202689, 19.325181322360145 ], [ -99.291598039640988, 19.325131217891645 ], [ -99.291646333231085, 19.325032041928857 ], [ -99.291703992237572, 19.324863462891525 ], [ -99.291744583089653, 19.324660002585034 ], [ -99.291754123273634, 19.324467632129736 ], [ -99.29174613194138, 19.324357522115829 ], [ -99.291733522485629, 19.324205032614977 ], [ -99.291661843500734, 19.323774491602737 ], [ -99.291638463351575, 19.323640193938889 ], [ -99.291606732074854, 19.323457922022527 ], [ -99.291576133415646, 19.323298071853184 ], [ -99.291523673179995, 19.322990741912864 ], [ -99.291506332618937, 19.322937912191929 ], [ -99.291489502541921, 19.322886672697852 ], [ -99.291474422216254, 19.322840743277329 ], [ -99.291417692477197, 19.322737471903707 ], [ -99.291357623102542, 19.322667262514614 ], [ -99.291294452756986, 19.322613513136311 ], [ -99.291155553536399, 19.322521771972095 ], [ -99.290833523641496, 19.322410743575187 ], [ -99.290662813616805, 19.322312612738095 ], [ -99.290556043398794, 19.322221691939045 ], [ -99.290487933317479, 19.32213189218875 ], [ -99.290429103811007, 19.322007672837294 ], [ -99.290415012149055, 19.321892432244759 ], [ -99.290420873282898, 19.321758783303579 ], [ -99.290443653102287, 19.321659233814568 ], [ -99.290476502182486, 19.321566383128058 ], [ -99.290564753434978, 19.321451912805838 ], [ -99.290695323859083, 19.321346602450571 ], [ -99.290745993207224, 19.321325312836258 ], [ -99.291008783857876, 19.321251032203335 ], [ -99.291417253652014, 19.321163942291804 ], [ -99.291751023509718, 19.321100173082218 ], [ -99.291970982786381, 19.321060752666956 ], [ -99.292152162808179, 19.321030342454371 ], [ -99.292382121670329, 19.320975203030603 ], [ -99.292585391516639, 19.320900814132191 ], [ -99.292798222404372, 19.320789274043239 ], [ -99.292979362759567, 19.320656002999637 ], [ -99.293135752553212, 19.320528143177729 ], [ -99.293314762641785, 19.320337043545848 ], [ -99.293430612424856, 19.320165322451381 ], [ -99.293556052500179, 19.319877093118457 ], [ -99.293609152490035, 19.319561804025277 ], [ -99.293709851799704, 19.318965543162506 ], [ -99.29375181308518, 19.3188285837305 ], [ -99.29379941276909, 19.318704493441327 ], [ -99.293884922031751, 19.318498323338005 ], [ -99.293982041620183, 19.31827383424573 ], [ -99.294177211874739, 19.317832414731321 ], [ -99.294264532836138, 19.317637314632023 ], [ -99.294368782550691, 19.317413004900715 ], [ -99.294510782628251, 19.317125813543729 ], [ -99.294527674914292, 19.317089515206536 ], [ -99.294568041124535, 19.317002784209915 ], [ -99.294732651740404, 19.316911435021492 ], [ -99.294764951501108, 19.31691278454511 ], [ -99.294838562301223, 19.316915864218867 ], [ -99.294913492806558, 19.316942633574765 ], [ -99.294985692652844, 19.317013844784679 ], [ -99.29515810106048, 19.317299923147836 ], [ -99.295259842498439, 19.317446773197428 ], [ -99.295351492423677, 19.317533003346007 ], [ -99.295459821423762, 19.317560803546929 ], [ -99.295566922500853, 19.317547414269718 ], [ -99.295664052598354, 19.31747846483535 ], [ -99.295907451547109, 19.317304813777767 ], [ -99.296117091382584, 19.317195473099957 ], [ -99.296337642439681, 19.317170463464674 ], [ -99.296453622171398, 19.317226494753879 ], [ -99.296510900844495, 19.317292873486338 ], [ -99.296546642378985, 19.317377743437916 ], [ -99.296535751569039, 19.317466243814771 ], [ -99.296436162161328, 19.317784973006404 ], [ -99.296386522070804, 19.317996183393607 ], [ -99.2963937022447, 19.318108573714873 ], [ -99.296420690630413, 19.3182262040248 ], [ -99.296731961720127, 19.318631154286081 ], [ -99.296876071887866, 19.318755372781155 ], [ -99.297090751859741, 19.318847663360007 ], [ -99.297328491470921, 19.318909984424565 ], [ -99.297527850618906, 19.318943983811678 ], [ -99.297701670377265, 19.318984524405934 ], [ -99.297964842072147, 19.319093923172538 ], [ -99.298151380328477, 19.319182553975935 ], [ -99.298269151855976, 19.319306352624366 ], [ -99.298396521800257, 19.319437323040173 ], [ -99.298562960466626, 19.319684523096385 ], [ -99.298684100838926, 19.3199366029854 ], [ -99.298804240229515, 19.320468694022907 ], [ -99.298841151270594, 19.320674443373136 ], [ -99.298987701906015, 19.321057473284561 ], [ -99.299070731314501, 19.321184513729545 ], [ -99.29930744135963, 19.321281373958357 ], [ -99.299607190172367, 19.321504202653781 ], [ -99.299734131307446, 19.321740973840715 ], [ -99.299800471502195, 19.321894412592354 ], [ -99.300035091194019, 19.322172602510662 ], [ -99.300098091410732, 19.322251981995205 ], [ -99.300160091205825, 19.322298072251339 ], [ -99.300208330716274, 19.322321812377467 ], [ -99.300337561113849, 19.322336242354602 ], [ -99.300401531464729, 19.322324742491045 ], [ -99.300458581512189, 19.322301202463304 ], [ -99.300504802649812, 19.322264577513003 ], [ -99.300504891861351, 19.322264506622737 ], [ -99.300521720082031, 19.322251172102053 ], [ -99.300555119813239, 19.322186572731628 ], [ -99.300563750424601, 19.322126942604559 ], [ -99.300563920655478, 19.32202724223577 ], [ -99.300554611528867, 19.321907912190458 ], [ -99.300540290333416, 19.321778402745341 ], [ -99.300492491501629, 19.32163618288077 ], [ -99.300492191378609, 19.32147655303153 ], [ -99.300551810739108, 19.321317402366248 ], [ -99.3005794206167, 19.321138352609296 ], [ -99.300621361505051, 19.320915753001255 ], [ -99.300586490412684, 19.320607032901016 ], [ -99.300589491519219, 19.320446292520405 ], [ -99.300660700806702, 19.320210112468704 ], [ -99.300723500567116, 19.320132062702488 ], [ -99.300790069897616, 19.320030292715376 ], [ -99.300839560845063, 19.319912943273234 ], [ -99.300980560776352, 19.319786743167825 ], [ -99.30104665070283, 19.319657433180772 ], [ -99.301102091124278, 19.319445043451218 ], [ -99.301095331375052, 19.319235663157215 ], [ -99.301129990656634, 19.319069203377818 ], [ -99.30116550119611, 19.318970913089689 ], [ -99.301181380914201, 19.318862463133168 ], [ -99.301241790731055, 19.318713313352688 ], [ -99.301335869606788, 19.318616382952495 ], [ -99.301500041204619, 19.318612382786569 ], [ -99.301602920705008, 19.318607203273295 ], [ -99.301682731153676, 19.318591893273556 ], [ -99.301736039977129, 19.318540913294886 ], [ -99.301767890538684, 19.318488672937175 ], [ -99.301787250864535, 19.318409523488867 ], [ -99.301797700626054, 19.318301743074382 ], [ -99.301781640529413, 19.318247893072645 ], [ -99.301751240585574, 19.318192033708186 ], [ -99.301368901023054, 19.317864033210476 ], [ -99.301314501114945, 19.317805113826893 ], [ -99.301251090110867, 19.317709743318531 ], [ -99.301182669683101, 19.317462093715665 ], [ -99.301147091011273, 19.317172343216441 ], [ -99.30112684059236, 19.317048833572517 ], [ -99.301130269860295, 19.316904443953526 ], [ -99.30072669962999, 19.31607155381413 ], [ -99.300619761316071, 19.315595343521153 ], [ -99.300430330745101, 19.315080144127748 ], [ -99.300223180680291, 19.314581954446261 ], [ -99.300095040162816, 19.31435374436596 ], [ -99.300029120934809, 19.313969914527 ], [ -99.300039151025842, 19.313749664014221 ], [ -99.300068251473178, 19.313544014725363 ], [ -99.300132901295783, 19.313340244002038 ], [ -99.300313100794796, 19.312866314799397 ], [ -99.300464019682735, 19.312490674924245 ], [ -99.300482450746927, 19.312450205034075 ], [ -99.30053030125741, 19.312423984814615 ], [ -99.300907451263996, 19.312316415091008 ], [ -99.300967849693336, 19.312293064616892 ], [ -99.301022041181383, 19.312266434766066 ], [ -99.301082361026687, 19.312204344822881 ], [ -99.301106700762659, 19.312105064778475 ], [ -99.301165120938904, 19.311898374843416 ], [ -99.301258500543014, 19.311353404935982 ], [ -99.301247730480881, 19.311001345222934 ], [ -99.301250361302024, 19.309671275299195 ], [ -99.301257519848804, 19.309572715096827 ], [ -99.301282290972068, 19.30950657524988 ], [ -99.301321871335659, 19.309455355255022 ], [ -99.301387360902851, 19.309435315755671 ], [ -99.301447560532736, 19.309435215248914 ], [ -99.301474381057673, 19.309443145724366 ], [ -99.301606491178831, 19.309479375643363 ], [ -99.301704381034426, 19.309508925450203 ], [ -99.30201296033816, 19.309880015489231 ], [ -99.30256129933997, 19.310574234904326 ], [ -99.302759359302897, 19.310779954806854 ], [ -99.303016990539206, 19.311038844822296 ], [ -99.30305115071836, 19.311071805103531 ], [ -99.303091050787899, 19.311102474998147 ], [ -99.30311350089886, 19.311120184928267 ], [ -99.303149650326304, 19.311135444872416 ], [ -99.303204470111567, 19.311148355352955 ], [ -99.303251750609562, 19.31114946497053 ], [ -99.303294050164311, 19.311141145226003 ], [ -99.303355119574007, 19.311103095276273 ], [ -99.303411040403105, 19.311060174905876 ], [ -99.303444670698937, 19.311014275253214 ], [ -99.30365381993127, 19.310617805353118 ], [ -99.30394922034192, 19.310014474824555 ], [ -99.304283120487042, 19.309418215284293 ], [ -99.30437759019982, 19.309392835046332 ], [ -99.30445436055075, 19.309370275608845 ], [ -99.304507530177872, 19.309308015275032 ], [ -99.304707980450132, 19.309202245615179 ], [ -99.304814669756638, 19.309200064944832 ], [ -99.304855149756278, 19.309195115424117 ], [ -99.304906148600651, 19.309167345527765 ], [ -99.304949750227081, 19.309134575459915 ], [ -99.305020950115107, 19.309060615302066 ], [ -99.305060450276869, 19.308976775412635 ], [ -99.305389038591471, 19.308241325750423 ], [ -99.305597329423776, 19.307791526003836 ], [ -99.305752549982245, 19.307449215473991 ], [ -99.305779890025548, 19.307396355461659 ], [ -99.305841499334903, 19.307317445557828 ], [ -99.305899979021376, 19.30724424585868 ], [ -99.305957050191822, 19.307206295904727 ], [ -99.30602206971497, 19.307182815825684 ], [ -99.306077988762283, 19.307168606197298 ], [ -99.306125788735443, 19.307166446144461 ], [ -99.306181219651705, 19.307174205600923 ], [ -99.306235759255799, 19.307184955383907 ], [ -99.306299980007822, 19.307202375925865 ], [ -99.306365119972469, 19.30723647582828 ], [ -99.306415499194301, 19.307283095800035 ], [ -99.306954529830946, 19.307934675683253 ], [ -99.307012359939463, 19.307965415862146 ], [ -99.307097849885594, 19.307977866017072 ], [ -99.307173719369885, 19.307962865513485 ], [ -99.307246529582329, 19.307950215972262 ], [ -99.307303449256082, 19.307914276003082 ], [ -99.307351289308315, 19.307868265684405 ], [ -99.307386089489455, 19.307820526114391 ], [ -99.307383639623325, 19.30688561603143 ], [ -99.307550979328056, 19.306493295652398 ], [ -99.307742529169033, 19.305935896096766 ], [ -99.307838889114024, 19.305744446118926 ], [ -99.307971618780513, 19.305562216389326 ], [ -99.308155618754313, 19.305434896612645 ], [ -99.308360179318825, 19.30530401627091 ], [ -99.308619779326463, 19.305153816646975 ], [ -99.308784248984054, 19.305093246641455 ], [ -99.308880977671478, 19.305082676078797 ], [ -99.308953519438546, 19.305082556042098 ], [ -99.309032688613073, 19.305101176754523 ], [ -99.309116247985088, 19.305138606167333 ], [ -99.309199928602737, 19.305196846674875 ], [ -99.309285758532354, 19.305265556646845 ], [ -99.309362868920971, 19.305369675969057 ], [ -99.309411619131467, 19.305453786680886 ], [ -99.309433788679428, 19.30551509638261 ], [ -99.309436409083361, 19.305597725761334 ], [ -99.309350819048035, 19.30586671617419 ], [ -99.309324489193614, 19.306184545915674 ], [ -99.309348128827452, 19.306480375751836 ], [ -99.309414128733636, 19.306776125812636 ], [ -99.30949914887411, 19.306954975874923 ], [ -99.310101349162451, 19.307547415747276 ], [ -99.310146098707378, 19.30757561587874 ], [ -99.310207208769313, 19.307577545862131 ], [ -99.310268898309189, 19.307558645393947 ], [ -99.310321248567092, 19.307530925905446 ], [ -99.310362008897641, 19.307496725686157 ], [ -99.310409268582191, 19.307453125953742 ], [ -99.310457928539847, 19.307373035903041 ], [ -99.310625638883451, 19.306887516131269 ], [ -99.310678288382377, 19.30680694623145 ], [ -99.310741018218195, 19.306757726283333 ], [ -99.310798268113615, 19.306731326113098 ], [ -99.310875918623722, 19.306741715551379 ], [ -99.31096472808359, 19.306792435737773 ], [ -99.311196248558076, 19.306873316158001 ], [ -99.311324208869834, 19.306900675915411 ], [ -99.311404218258645, 19.306895035738222 ], [ -99.311564127999105, 19.306802236019081 ], [ -99.311779528647847, 19.306561516190701 ], [ -99.311923298613763, 19.306393265682225 ], [ -99.31204669866402, 19.305958776376876 ], [ -99.312221087818969, 19.305548015858037 ], [ -99.3122731284965, 19.305226726686513 ], [ -99.312132467492219, 19.304923956331752 ], [ -99.31201952836193, 19.304550266344123 ], [ -99.311964988655646, 19.304336446756665 ], [ -99.312087357355864, 19.304165916639796 ], [ -99.31227268774731, 19.304165576948201 ], [ -99.312868988176135, 19.304175466567141 ], [ -99.313087387101362, 19.304085776462138 ], [ -99.313257128103686, 19.303929676933354 ], [ -99.313596637031807, 19.303589646272208 ], [ -99.313876917279089, 19.303065556993815 ], [ -99.31390764713467, 19.30252001707823 ], [ -99.31386441768457, 19.301940496933572 ], [ -99.313909177947068, 19.301586356832857 ], [ -99.313981147328334, 19.301437677273515 ], [ -99.314133547389318, 19.301376466782312 ], [ -99.314402467846449, 19.301376007314623 ], [ -99.314682957809055, 19.301449816784668 ], [ -99.314789917170941, 19.301425587484342 ], [ -99.315135417638189, 19.30128317722399 ], [ -99.315427777076636, 19.300878127597585 ], [ -99.315767016225792, 19.300529867356772 ], [ -99.316097447329298, 19.300255357772155 ], [ -99.316400347032811, 19.300051527210719 ], [ -99.316429387486977, 19.299994317184122 ], [ -99.316429296217095, 19.299950047749235 ], [ -99.31639223709432, 19.29987266741368 ], [ -99.316281047346337, 19.299728117683284 ], [ -99.316141577050558, 19.299591877417864 ], [ -99.315939296854765, 19.299373177353417 ], [ -99.315885617276635, 19.29917060788949 ], [ -99.31592889697599, 19.298981927752187 ], [ -99.316005017605121, 19.298807637353917 ], [ -99.31610255756614, 19.298633318055899 ], [ -99.316225586847679, 19.298337927635007 ], [ -99.316225957236355, 19.298110527909611 ], [ -99.316351467382091, 19.297746407671426 ], [ -99.316456295786466, 19.297415788302224 ], [ -99.316764067202783, 19.297013498103823 ], [ -99.316944896869586, 19.296472358735958 ], [ -99.317152436654411, 19.295813588766059 ], [ -99.317146377049497, 19.295083588432298 ], [ -99.316947017154064, 19.294644358747334 ], [ -99.31710131616245, 19.294249408720862 ], [ -99.317016726406081, 19.293966778960762 ], [ -99.317061946847801, 19.293640409271934 ], [ -99.317114956776493, 19.293401038675039 ], [ -99.317099126766252, 19.293111038833391 ], [ -99.31703701730703, 19.292603589287886 ], [ -99.316952437309084, 19.292320959278403 ], [ -99.316673317446785, 19.291711559495354 ], [ -99.316549787581224, 19.290874839782401 ], [ -99.316134616969151, 19.29030712947144 ], [ -99.31572732762811, 19.289900159750523 ], [ -99.316032577075532, 19.288695920283246 ], [ -99.316190417089899, 19.287696350542554 ], [ -99.316572327032034, 19.287179210721842 ], [ -99.316666127275425, 19.286133480824709 ], [ -99.31624186694026, 19.284393391255573 ], [ -99.315809617116898, 19.283707150928606 ], [ -99.315724217516703, 19.282889021372387 ], [ -99.31572155761009, 19.282196421784644 ], [ -99.316123576863831, 19.280781751536921 ], [ -99.316263757467198, 19.27976512239713 ], [ -99.316693865989805, 19.279302192572587 ], [ -99.316913407476122, 19.278243642184567 ], [ -99.316840837115137, 19.277657612996222 ], [ -99.317147546841227, 19.27704335268157 ], [ -99.317111036762824, 19.276168412515943 ], [ -99.317181267065806, 19.275670763198391 ], [ -99.317375846535157, 19.274867813116899 ], [ -99.31778200663959, 19.274332953132078 ], [ -99.31877683670767, 19.273222043973391 ], [ -99.32363543472114, 19.265083765925297 ], [ -99.323670215446839, 19.264271535572803 ], [ -99.323512525227969, 19.251388418936351 ], [ -99.32351192549757, 19.250739988876038 ], [ -99.324220525462081, 19.238334991553788 ], [ -99.324348205338694, 19.234304112748344 ], [ -99.324312555675846, 19.232606913070285 ], [ -99.326711865194028, 19.232562683073336 ], [ -99.330466293456169, 19.237477591476832 ], [ -99.330813743808406, 19.237932401637984 ], [ -99.335764262860692, 19.239324191467308 ], [ -99.342333230068434, 19.241119510534066 ], [ -99.342060940557772, 19.247536309159539 ], [ -99.34130913987002, 19.252146588155139 ], [ -99.339849491681491, 19.259650016928429 ], [ -99.337622111891619, 19.26403707570633 ], [ -99.339152151258816, 19.267694254674467 ], [ -99.34093124121496, 19.267794904604191 ], [ -99.341544259943561, 19.268091424462988 ], [ -99.341902910876627, 19.268175795008325 ], [ -99.34224669052891, 19.268288535139011 ], [ -99.342769840834862, 19.268471814370379 ], [ -99.343051920703289, 19.268544764627347 ], [ -99.343483460707915, 19.268869364847824 ], [ -99.343700780837608, 19.26895910429786 ], [ -99.344067460898088, 19.269112924193013 ], [ -99.344678860429937, 19.269472334498349 ], [ -99.345120640260873, 19.26998930396887 ], [ -99.345516770482249, 19.270434524022033 ], [ -99.345837969022099, 19.270803854455604 ], [ -99.346143400071256, 19.271304963712513 ], [ -99.346289078626484, 19.272019223751549 ], [ -99.346471239479825, 19.272226503775659 ], [ -99.347504769234277, 19.273023823547614 ], [ -99.348205969336206, 19.27395805355053 ], [ -99.356120657487608, 19.27498645313565 ], [ -99.361914166046006, 19.275738963482144 ], [ -99.364916455559111, 19.277766352852137 ], [ -99.353573606717703, 19.291931409062485 ], [ -99.354528288140884, 19.293285118934165 ], [ -99.353708087726844, 19.293359018937629 ], [ -99.353463858576106, 19.293381019475497 ], [ -99.353268968402446, 19.293473948666794 ], [ -99.352990627804132, 19.29364635897015 ], [ -99.352406078568308, 19.293991238697618 ], [ -99.351946538303849, 19.294137549203665 ], [ -99.351484348438234, 19.294149478763046 ], [ -99.351249096769436, 19.294959882433215 ], [ -99.351248989475536, 19.294960247490668 ], [ -99.351248118109353, 19.294963248357909 ], [ -99.351684949476521, 19.295246426642503 ], [ -99.351684992827018, 19.295246454583332 ], [ -99.35291607789668, 19.296044498245141 ], [ -99.353490038049813, 19.297398947983353 ], [ -99.34997751943942, 19.296834278131715 ], [ -99.356266507450343, 19.302011617459797 ], [ -99.356360887291217, 19.303330516638226 ], [ -99.356600107126951, 19.306672895915646 ], [ -99.333834342612249, 19.330587490255425 ], [ -99.33342012326078, 19.331368200475673 ], [ -99.332787093005592, 19.332412750064037 ], [ -99.332299213359704, 19.333515199642012 ], [ -99.331907213210471, 19.334951339840202 ], [ -99.331812843727008, 19.335534310090079 ], [ -99.331635603528582, 19.336629239562093 ], [ -99.331680493705861, 19.337790628945747 ], [ -99.331584093878917, 19.338106178420222 ], [ -99.331457063168486, 19.338423668618358 ], [ -99.331182633467236, 19.338789308525829 ], [ -99.331183913506607, 19.339424998873877 ], [ -99.331144213544036, 19.339772718296604 ], [ -99.330658633238755, 19.34006030879727 ], [ -99.330322752269012, 19.34098431858904 ], [ -99.330192842466431, 19.341121168514647 ], [ -99.329719693993766, 19.341619547792188 ], [ -99.329480043580276, 19.342266798094972 ], [ -99.329153614241463, 19.342914398142007 ], [ -99.329020213793584, 19.343376337264985 ], [ -99.328929493673513, 19.343612707819528 ], [ -99.328746544186984, 19.343853967794065 ], [ -99.328699154497542, 19.344248037863625 ], [ -99.328472144652892, 19.344714207031551 ], [ -99.3282645238003, 19.345199517414613 ], [ -99.328873583880068, 19.345621437148704 ], [ -99.328790514099197, 19.346035536703937 ], [ -99.328439553832794, 19.3468163167584 ], [ -99.328523314152534, 19.347605916942374 ], [ -99.328688804138508, 19.347893716592527 ], [ -99.328612913672643, 19.348304564419522 ], [ -99.328577434475136, 19.348496636042597 ], [ -99.328450042871964, 19.348900776321212 ], [ -99.328385683583946, 19.349135906294222 ], [ -99.328319144259297, 19.349484426549285 ], [ -99.32841437456689, 19.349703506855036 ], [ -99.328628283862656, 19.34996243755754 ], [ -99.328843812669348, 19.350353306017027 ], [ -99.328749014243002, 19.350640317096389 ], [ -99.32870983437256, 19.351004687216879 ], [ -99.328638374359514, 19.35137862581097 ], [ -99.328816493020767, 19.352101735275678 ], [ -99.32866634264434, 19.352677086728253 ], [ -99.328476684582313, 19.353089465296865 ], [ -99.328033464682505, 19.35335543677666 ], [ -99.327696913953716, 19.353633425656493 ], [ -99.32766031312417, 19.354040464761724 ], [ -99.327423604428361, 19.35413076635481 ], [ -99.326723204726605, 19.353819395599022 ], [ -99.326384263985787, 19.353668715961756 ], [ -99.325838913999149, 19.354590136164934 ], [ -99.325704345068488, 19.354998255638943 ], [ -99.325520004662636, 19.355255255633832 ], [ -99.325293095085897, 19.355531544577943 ], [ -99.325046943754472, 19.355717434616025 ], [ -99.325030844434593, 19.356022204430385 ], [ -99.324668604900808, 19.356413054743708 ], [ -99.324137955481461, 19.357332115607438 ], [ -99.323755775460114, 19.357949665072329 ], [ -99.323278084546573, 19.358334744008204 ], [ -99.32282092455695, 19.35849623386861 ], [ -99.322211355577821, 19.358657995110207 ], [ -99.322034344853847, 19.358617373696013 ], [ -99.321547295457165, 19.358505605267112 ], [ -99.320744545357144, 19.358195795137867 ], [ -99.320430044733769, 19.357959593853931 ], [ -99.320135916253079, 19.357738684784639 ], [ -99.320100545802802, 19.35771213413538 ], [ -99.319144485763431, 19.357625234820716 ], [ -99.318757146507608, 19.35784217440516 ], [ -99.318537146817135, 19.35799193427059 ], [ -99.318126285366219, 19.358153504026291 ], [ -99.318483846356557, 19.358472374348423 ], [ -99.320691216139522, 19.360440883320411 ], [ -99.319535045068903, 19.363615132995548 ], [ -99.319341914303124, 19.36368812878991 ], [ -99.318920775001729, 19.363847303382556 ], [ -99.318110514994729, 19.364153543906923 ], [ -99.318096334093795, 19.364290595134371 ], [ -99.318041756280991, 19.364817972684584 ], [ -99.317599897034668, 19.365726602713934 ], [ -99.316853816876105, 19.366303602450319 ], [ -99.31538201722843, 19.365885432245388 ], [ -99.314520647265965, 19.367237651743871 ], [ -99.314055867353417, 19.368389881614835 ], [ -99.313800717384609, 19.369298192052604 ], [ -99.313079917473971, 19.370445821325372 ], [ -99.311895283412753, 19.370425385517482 ], [ -99.311086693970054, 19.370411430698994 ], [ -99.31069915847911, 19.370404741339907 ], [ -99.30976975814923, 19.371171901089898 ], [ -99.309695011073075, 19.371233599058684 ], [ -99.309273017818469, 19.371581912404167 ], [ -99.308551013426424, 19.371570644850358 ], [ -99.30775712868342, 19.371558250807979 ], [ -99.306119189297547, 19.373597020984093 ], [ -99.305177069292938, 19.376312950931446 ], [ -99.305116083915436, 19.376488754632661 ], [ -99.304997530212219, 19.376830510140337 ], [ -99.304283226684987, 19.37729829077022 ], [ -99.304268889662808, 19.377307679675752 ], [ -99.30425749626346, 19.377315141235496 ], [ -99.303475700393051, 19.377827109752388 ], [ -99.303470013126272, 19.377825157977551 ], [ -99.302130115520299, 19.377365336228841 ], [ -99.301907018248798, 19.377288773163603 ], [ -99.30183638366104, 19.377264531979197 ], [ -99.301729017842831, 19.377227685040157 ], [ -99.301620406870924, 19.377190412569519 ], [ -99.301548980495369, 19.377165900682204 ], [ -99.301494887962093, 19.37714733705991 ], [ -99.301467650607975, 19.377137989760282 ], [ -99.301439219282315, 19.377128233316377 ], [ -99.301301320820045, 19.377080909795648 ], [ -99.301541560846204, 19.376574431196946 ], [ -99.301559510864379, 19.376536586254815 ], [ -99.30158296715436, 19.376487136283394 ], [ -99.301842320642066, 19.375940361567931 ], [ -99.30193072024305, 19.375754000493242 ], [ -99.301549440839707, 19.37492142049916 ], [ -99.301349670812115, 19.37383234087541 ], [ -99.301251160444551, 19.373017330474983 ], [ -99.301142669741935, 19.372230171150687 ], [ -99.300988850675836, 19.371940170921114 ], [ -99.300955411119858, 19.371766331106748 ], [ -99.30093647116081, 19.371219361312761 ], [ -99.300878930598856, 19.370615161243688 ], [ -99.300988490472221, 19.370098761659644 ], [ -99.301223840711657, 19.369697531662894 ], [ -99.300574551351374, 19.369056052048105 ], [ -99.300553880562234, 19.369035628829138 ], [ -99.300409718763632, 19.368893203116404 ], [ -99.300409178441583, 19.368892670639958 ], [ -99.300408988363557, 19.368892482398493 ], [ -99.300408744926813, 19.368892240649526 ], [ -99.300408562322289, 19.368892060696457 ], [ -99.300408137181606, 19.368891641728908 ], [ -99.30040741990959, 19.368890933024861 ], [ -99.299675241340807, 19.368167562203126 ], [ -99.29901205093455, 19.367512341844833 ], [ -99.29870905132239, 19.368298821763787 ], [ -99.298616471633181, 19.36849108221098 ], [ -99.298430721473423, 19.368876851999531 ], [ -99.298416831082037, 19.368892526643684 ], [ -99.298260701406136, 19.36906871179638 ], [ -99.29816710800732, 19.369174335723123 ], [ -99.298158781357017, 19.369183731754831 ], [ -99.297909411707266, 19.369322031376523 ], [ -99.297464841826709, 19.369411081981092 ], [ -99.296939612034507, 19.369307451892599 ], [ -99.29654944234538, 19.369230461256734 ], [ -99.296322642106659, 19.369193960992678 ], [ -99.296307827040877, 19.369191575612778 ], [ -99.296230671859377, 19.369179161368333 ], [ -99.295808473005593, 19.369111217628912 ], [ -99.295803070222362, 19.369110348028084 ], [ -99.295754192007578, 19.369102481743035 ], [ -99.295579562404953, 19.369074371308912 ], [ -99.295305221972214, 19.369374661975044 ], [ -99.295069442270702, 19.36958220119924 ], [ -99.294938182088728, 19.369710171307212 ], [ -99.294763612707087, 19.369861761971908 ], [ -99.29444007237673, 19.369921451666475 ], [ -99.294132792897187, 19.370044101886677 ], [ -99.294131548529407, 19.370044598802476 ], [ -99.294131001905782, 19.370044816446658 ], [ -99.294130305133976, 19.370045094829571 ], [ -99.294071902149796, 19.370068391531643 ], [ -99.293889414662416, 19.370141229202329 ], [ -99.293881642439587, 19.37014433115392 ], [ -99.293750222199691, 19.370438281024043 ], [ -99.293639792795958, 19.370685311630737 ], [ -99.29340798262038, 19.371203860881071 ], [ -99.293225493119621, 19.371914450996059 ], [ -99.293147703169126, 19.372019141168025 ], [ -99.292913932888638, 19.372333770676313 ], [ -99.292604292623849, 19.372657200786495 ], [ -99.292291552800279, 19.373007401178658 ], [ -99.292230042859018, 19.373076260653935 ], [ -99.292047472790728, 19.373280680394721 ], [ -99.291823123095298, 19.373393850601055 ], [ -99.29163552300777, 19.373488460573331 ], [ -99.291167993375808, 19.373484280652679 ], [ -99.291129123257363, 19.373838160674723 ], [ -99.291061903088831, 19.374018000359651 ], [ -99.290761553296917, 19.374314370778944 ], [ -99.290606213525692, 19.37501962013064 ], [ -99.290118073873884, 19.375005540626454 ], [ -99.290018523007788, 19.375002686968806 ], [ -99.289789843802893, 19.374996080172931 ], [ -99.289707643162146, 19.374993710568685 ], [ -99.289564474081018, 19.375186930060138 ], [ -99.289262963323011, 19.375162460450444 ], [ -99.289008694003584, 19.375141845196438 ], [ -99.288938953727182, 19.375136190255805 ], [ -99.288761244107974, 19.375121790431574 ], [ -99.288636783818774, 19.375111700319092 ], [ -99.288274934286278, 19.37552422023116 ], [ -99.288099623875908, 19.375724079795368 ], [ -99.288044754227073, 19.375786649880069 ], [ -99.28783853402166, 19.376265330393267 ], [ -99.287800533735663, 19.376353510092809 ], [ -99.287660194105143, 19.376679250231991 ], [ -99.28690159390473, 19.376499200012468 ], [ -99.286388443976776, 19.376430629643814 ], [ -99.28621538462717, 19.376427529856411 ], [ -99.286127104391781, 19.3764289698887 ], [ -99.285689304243931, 19.376436190468638 ], [ -99.285700154570321, 19.37724360014202 ], [ -99.285660904899146, 19.377628190160589 ], [ -99.285064165004144, 19.377996260925244 ], [ -99.28510313378608, 19.378866130402198 ], [ -99.285036294479127, 19.379047939021412 ], [ -99.284837985271707, 19.379108459261285 ], [ -99.284668694575529, 19.379346899584281 ], [ -99.284560984877473, 19.379685360120433 ], [ -99.284452794202267, 19.379758020263463 ], [ -99.28422347504366, 19.379788588911737 ], [ -99.283803564157949, 19.379665049353658 ], [ -99.283763383815227, 19.379975029791872 ], [ -99.283290105126156, 19.380437359418455 ], [ -99.283202891536604, 19.380617203823192 ], [ -99.283198446219401, 19.380626369946256 ], [ -99.283049154965738, 19.380934220294566 ], [ -99.282822754012187, 19.381401080099614 ], [ -99.282657155729552, 19.381412390044961 ], [ -99.281839445750876, 19.381468159699949 ], [ -99.281765154492419, 19.381473218745235 ], [ -99.280521015804496, 19.382040299916067 ], [ -99.280179704901585, 19.382195859967865 ], [ -99.280175561343015, 19.382197749860826 ], [ -99.280027386368204, 19.382265299101718 ], [ -99.280027357244663, 19.38226532304277 ], [ -99.27966926116288, 19.382641655526903 ], [ -99.279514365405717, 19.382804440008954 ], [ -99.279113365150238, 19.383225869701167 ], [ -99.278707476203991, 19.383536198662124 ], [ -99.278465996766386, 19.383720849033665 ], [ -99.276035295841453, 19.38557929748746 ], [ -99.276061645738324, 19.385189198888849 ], [ -99.276009529478927, 19.385229518957455 ], [ -99.275663697194759, 19.385497077644516 ], [ -99.273937615906092, 19.386832473438965 ], [ -99.273677387725698, 19.387033797736393 ], [ -99.273595097170272, 19.387237018166989 ], [ -99.273207245898234, 19.387583939190147 ], [ -99.272994736435436, 19.388349128402311 ], [ -99.272966956321483, 19.388546817419829 ], [ -99.272898396596673, 19.389018788079476 ], [ -99.272768027781552, 19.389377017000285 ], [ -99.272424768053114, 19.389675497182214 ], [ -99.271829367326021, 19.389733298262836 ], [ -99.271032767457214, 19.389928028224695 ], [ -99.27090437659723, 19.389956416595709 ], [ -99.270285458340211, 19.390093258239084 ], [ -99.270227896157039, 19.390105988030221 ], [ -99.270215958651434, 19.390108626706859 ], [ -99.269763697594811, 19.390263677881322 ], [ -99.269561797956499, 19.390380897111324 ], [ -99.269530368221254, 19.39062885752692 ], [ -99.269582958824287, 19.390784536964023 ], [ -99.269610987192351, 19.39100372741725 ], [ -99.269469727638054, 19.391359387275763 ], [ -99.26924495750977, 19.39155981636809 ], [ -99.268985938747988, 19.391676856466045 ], [ -99.268554738357523, 19.391931986828578 ], [ -99.26830432867915, 19.392131936769971 ], [ -99.268151572257537, 19.392446164471028 ], [ -99.267951294340406, 19.392400569960007 ], [ -99.267603248761858, 19.392412124624279 ], [ -99.267350895430553, 19.392327954200457 ], [ -99.267095965504495, 19.392068077361486 ], [ -99.265981848206565, 19.392735213319614 ], [ -99.265992593619913, 19.393192394848484 ], [ -99.265101965683584, 19.393191892238477 ], [ -99.265094381035354, 19.393724257893719 ], [ -99.265007935907889, 19.393714675963952 ], [ -99.264905398416175, 19.39372343831592 ], [ -99.264783975142237, 19.393750889434074 ], [ -99.264688704430156, 19.39379794596103 ], [ -99.264613256340198, 19.393863029060181 ], [ -99.264564630347678, 19.393941392264058 ], [ -99.264535135525492, 19.394001875741345 ], [ -99.2645072031697, 19.394059496927024 ], [ -99.264503172374788, 19.394080069360751 ], [ -99.264496876755047, 19.394179768068724 ], [ -99.261710213294108, 19.39598601155388 ], [ -99.26171080359741, 19.396458549780217 ], [ -99.261568957920943, 19.396683866173426 ], [ -99.261547578357991, 19.397007550282492 ], [ -99.261377831593677, 19.397035277605728 ], [ -99.261319974827089, 19.39728403179792 ], [ -99.261263810198557, 19.397400781298849 ], [ -99.261405919027709, 19.397849793469153 ], [ -99.261453102949432, 19.398258285602058 ], [ -99.261448049803676, 19.398501584272562 ], [ -99.26136776385674, 19.39884858946516 ], [ -99.261296391519281, 19.399036150382241 ], [ -99.261209968897816, 19.399336345596964 ], [ -99.261132500619325, 19.399644365484196 ], [ -99.260901560594704, 19.399955305399814 ], [ -99.260445509807056, 19.400248124837365 ], [ -99.259862790697454, 19.400537135905648 ], [ -99.259473901009514, 19.400929025686647 ], [ -99.259259400350018, 19.401182274000593 ], [ -99.259066451401253, 19.401459855100768 ], [ -99.259218059807196, 19.401762105182211 ], [ -99.259034449990196, 19.402481414699309 ], [ -99.258933161214088, 19.403273754271158 ], [ -99.258817680854676, 19.40374598371951 ], [ -99.258671330486905, 19.404057524602813 ], [ -99.258122331061898, 19.404760554628737 ], [ -99.257876530266017, 19.404840274358154 ], [ -99.257690021543851, 19.404845103590922 ], [ -99.257715170356619, 19.404676414806818 ], [ -99.257716250682421, 19.404505674579564 ], [ -99.257770991843628, 19.404281823757003 ], [ -99.257997650465413, 19.403961474044063 ], [ -99.258234801544873, 19.403086843763074 ], [ -99.258260819969962, 19.402681293740802 ], [ -99.258226020806489, 19.402523455300724 ], [ -99.258146740388923, 19.402424874621037 ], [ -99.258124480588265, 19.402387017991295 ], [ -99.257771990096757, 19.401787594334337 ], [ -99.257662588323413, 19.401601558621742 ], [ -99.257655681827217, 19.401589813811995 ], [ -99.257645177180194, 19.401572563221386 ], [ -99.257614541394318, 19.40152225455887 ], [ -99.257430915617064, 19.401220717646815 ], [ -99.257367941658828, 19.401117305632628 ] ] ] } },
{ "type": "Feature", "properties": { "CVEGEO": "09005", "alcaldia": "Gustavo A. Madero" }, "geometry": { "type": "Polygon", "coordinates": [ [ [ -99.111233456599891, 19.561494807404785 ], [ -99.114845264905, 19.557592588463606 ], [ -99.115710945381153, 19.556657299864298 ], [ -99.115677404677228, 19.555752749071978 ], [ -99.11561377579045, 19.554036660289434 ], [ -99.118472433763159, 19.552182260237185 ], [ -99.1203658046648, 19.549920220207493 ], [ -99.120428634241065, 19.549845161160572 ], [ -99.121028053693195, 19.549128990922593 ], [ -99.121209933524156, 19.548693360306682 ], [ -99.121302034134843, 19.548472721282735 ], [ -99.121455284454612, 19.548105660916463 ], [ -99.121626054299227, 19.547696591239934 ], [ -99.121739194829843, 19.547425590301554 ], [ -99.121874884107569, 19.547100551168079 ], [ -99.12197106296918, 19.546870150890392 ], [ -99.122145803216881, 19.546539012112977 ], [ -99.122228863567287, 19.546381560965223 ], [ -99.122558024004022, 19.545757751736431 ], [ -99.12262976452665, 19.545621791200059 ], [ -99.122725284479799, 19.545440752015164 ], [ -99.123219494865197, 19.544968071975461 ], [ -99.123358902529432, 19.544834736745326 ], [ -99.123499544224899, 19.544700221306044 ], [ -99.124183223986734, 19.544046322650388 ], [ -99.124206224015055, 19.544024321662338 ], [ -99.124635163197183, 19.543419041943082 ], [ -99.124685223702528, 19.543348382019129 ], [ -99.125280463303966, 19.542508412175028 ], [ -99.125367023625472, 19.542386291736204 ], [ -99.125644883698143, 19.542043612046307 ], [ -99.125684913635652, 19.541994221619806 ], [ -99.125974113182963, 19.54163755161639 ], [ -99.126267823400497, 19.541332392236118 ], [ -99.127426882907727, 19.54012815276074 ], [ -99.128138733153477, 19.539388522823689 ], [ -99.12990282164057, 19.536990923168311 ], [ -99.130269621915218, 19.53649239457658 ], [ -99.130566911899905, 19.536088333076339 ], [ -99.127359973444669, 19.535080953648354 ], [ -99.127370223259405, 19.531707705647435 ], [ -99.128075312282178, 19.526606416583867 ], [ -99.128175942916116, 19.525878336097414 ], [ -99.128097941587242, 19.52529018595737 ], [ -99.127996891752531, 19.524528166532278 ], [ -99.127788733175819, 19.524360136376316 ], [ -99.127725371853984, 19.524308996860732 ], [ -99.127607624329741, 19.524238411473512 ], [ -99.127489861831521, 19.524167816650543 ], [ -99.127376662707803, 19.524064646860793 ], [ -99.127342713358999, 19.524009246209548 ], [ -99.127290562507909, 19.523908526429672 ], [ -99.127236252088196, 19.523803617563438 ], [ -99.127082633161976, 19.523506986828757 ], [ -99.127055793392898, 19.523455127002137 ], [ -99.126719833141351, 19.522806306476003 ], [ -99.126713712777345, 19.522794506410211 ], [ -99.126432943759809, 19.522252246207799 ], [ -99.126407032902222, 19.522202226509478 ], [ -99.126158892958031, 19.521722996209565 ], [ -99.126157678049736, 19.521720646700057 ], [ -99.126156463160669, 19.521718296284618 ], [ -99.125917062047236, 19.521255940961641 ], [ -99.125890803034054, 19.521205226738772 ], [ -99.125729883190715, 19.52102201630138 ], [ -99.12538528594186, 19.520629719533371 ], [ -99.125268693297514, 19.520496987274278 ], [ -99.125055132438135, 19.520286097466602 ], [ -99.125045927915835, 19.520277008325461 ], [ -99.124763365113353, 19.519997996409128 ], [ -99.124356834282167, 19.519596566684001 ], [ -99.124334162429705, 19.519574187327098 ], [ -99.124239833563536, 19.519481048013411 ], [ -99.124184265381231, 19.519426174714013 ], [ -99.123998393958146, 19.519242627816624 ], [ -99.123880743563063, 19.519126446744838 ], [ -99.121007034077621, 19.516288698054382 ], [ -99.120974143701446, 19.516264389116078 ], [ -99.120964358491662, 19.516257155631674 ], [ -99.120865493737028, 19.516184078267486 ], [ -99.117233774994673, 19.513499702075947 ], [ -99.116874235291704, 19.513233938351529 ], [ -99.115921085267942, 19.513048819641906 ], [ -99.114399425799803, 19.511057869413897 ], [ -99.110581626158577, 19.51117018976726 ], [ -99.110578145769367, 19.511168907052799 ], [ -99.110552136568003, 19.511159329265016 ], [ -99.110262916814477, 19.511052855189874 ], [ -99.110224196057473, 19.511038599152972 ], [ -99.109982086171783, 19.510615909090181 ], [ -99.109890206527936, 19.510455499397299 ], [ -99.109425397034499, 19.510309019289835 ], [ -99.109219737985541, 19.510578419065148 ], [ -99.109137066704875, 19.510739500198003 ], [ -99.108966407190536, 19.511107399163649 ], [ -99.108861007248265, 19.510928020275799 ], [ -99.108755597941695, 19.510748600383192 ], [ -99.108733487505717, 19.510705939022326 ], [ -99.108660286514379, 19.5105647297658 ], [ -99.108637947367171, 19.510488328939989 ], [ -99.107830897804845, 19.510459539332309 ], [ -99.107692228339928, 19.510852188980405 ], [ -99.107673057761374, 19.510903229766225 ], [ -99.1076278379429, 19.511023598876239 ], [ -99.107504208378415, 19.510686799692063 ], [ -99.107455428047857, 19.510403669705322 ], [ -99.107434967801481, 19.510284849401909 ], [ -99.1073809476609, 19.510020709911103 ], [ -99.107358738456895, 19.50993149944388 ], [ -99.10729660812548, 19.50968204962415 ], [ -99.107086208339609, 19.510060960250062 ], [ -99.107034686860729, 19.510175450075995 ], [ -99.107004617800001, 19.51020069818977 ], [ -99.106925298072923, 19.510267299861837 ], [ -99.10673183820235, 19.510442099147411 ], [ -99.106574256867276, 19.510423229055586 ], [ -99.106454800947304, 19.510340705759202 ], [ -99.106450116835234, 19.510337469557989 ], [ -99.10642220803075, 19.510318190223742 ], [ -99.106216566944966, 19.510240160404084 ], [ -99.106115097543977, 19.510151988745687 ], [ -99.106018948548282, 19.509990189054239 ], [ -99.105923898456055, 19.509883419262767 ], [ -99.105508028876102, 19.510325188864979 ], [ -99.104801578411795, 19.510649819099349 ], [ -99.104379463002601, 19.510843779258746 ], [ -99.10419523903515, 19.510928428581405 ], [ -99.103852408684816, 19.511085968893287 ], [ -99.103423038721104, 19.511283268597708 ], [ -99.102820628710617, 19.511402308843124 ], [ -99.102716409231206, 19.511422899316017 ], [ -99.102407139283898, 19.511484019277056 ], [ -99.102329713759985, 19.511499310014358 ], [ -99.102317008827384, 19.511501818935781 ], [ -99.102194409726053, 19.511526046308102 ], [ -99.102157699035743, 19.511533299057469 ], [ -99.101387469788307, 19.511685498465653 ], [ -99.101076169979819, 19.511746999163879 ], [ -99.100963829839273, 19.511769199113147 ], [ -99.100580799875559, 19.511844879057172 ], [ -99.100512859717654, 19.511861568765148 ], [ -99.099761659614231, 19.512046129052905 ], [ -99.099482969707239, 19.512114588572814 ], [ -99.099424949844604, 19.512128828992321 ], [ -99.099192579630724, 19.51218592897278 ], [ -99.098881119617786, 19.512262449108022 ], [ -99.098614780100846, 19.512327868701394 ], [ -99.098346870265075, 19.512393678217986 ], [ -99.098264200069451, 19.512413998518895 ], [ -99.097849270397361, 19.512515928856047 ], [ -99.097391840489607, 19.512628298323641 ], [ -99.09715392060474, 19.512521298984996 ], [ -99.095803000636678, 19.511913708418174 ], [ -99.095605210555846, 19.511824769047035 ], [ -99.095014060935327, 19.511558899241106 ], [ -99.094887890935922, 19.511502138965874 ], [ -99.094501950990761, 19.511328569090981 ], [ -99.093171351508119, 19.510730109437183 ], [ -99.092889631720823, 19.510603399300539 ], [ -99.091886151510991, 19.510152069576542 ], [ -99.090880372292631, 19.509699679476114 ], [ -99.090842192227854, 19.509682506119759 ], [ -99.090742146152749, 19.509637505425069 ], [ -99.090667313046552, 19.509603845059285 ], [ -99.090589663715463, 19.50956891788304 ], [ -99.090550272028025, 19.509551199130627 ], [ -99.09051906397714, 19.509537165936155 ], [ -99.090504751660433, 19.509530729733473 ], [ -99.09039316009887, 19.509480691654968 ], [ -99.090377975526096, 19.509473882492976 ], [ -99.09037793576924, 19.509473864508813 ], [ -99.090346102035312, 19.509459370635614 ], [ -99.090345927858067, 19.509459292063706 ], [ -99.090345212197207, 19.509458970161305 ], [ -99.090248672004535, 19.509415539199928 ], [ -99.090162747964513, 19.509385882988457 ], [ -99.090107328958936, 19.509366754613346 ], [ -99.089953062216637, 19.509313509756218 ], [ -99.089485002353229, 19.509151939318741 ], [ -99.089335692423106, 19.509100399680641 ], [ -99.088935742641468, 19.50893529984226 ], [ -99.088612746523239, 19.508801951796158 ], [ -99.088289742517816, 19.508668599290619 ], [ -99.087816292469512, 19.508473159455239 ], [ -99.087550323302338, 19.508363359323685 ], [ -99.087363813146737, 19.508286359163623 ], [ -99.087261982774649, 19.508244309810348 ], [ -99.086913673442496, 19.508100509779556 ], [ -99.086472473112494, 19.50791835941434 ], [ -99.085714462840755, 19.507605419741527 ], [ -99.085396213448945, 19.50747402963778 ], [ -99.085062923127694, 19.507327620217325 ], [ -99.084891833238871, 19.507252469433453 ], [ -99.084615583376163, 19.507131109525091 ], [ -99.08413970385466, 19.506922069952804 ], [ -99.083707404130138, 19.50673215969238 ], [ -99.083242743851017, 19.506528020021356 ], [ -99.082791643900421, 19.506329850036963 ], [ -99.082787754011122, 19.506328160023546 ], [ -99.082328274413271, 19.506126299819346 ], [ -99.081880264728227, 19.505929480023777 ], [ -99.081766074332378, 19.505879330228854 ], [ -99.081441604006088, 19.505736769846052 ], [ -99.081002064784172, 19.505543679853641 ], [ -99.080557044133755, 19.505348169976976 ], [ -99.080078844462705, 19.505138080638076 ], [ -99.080034185034236, 19.505118470303792 ], [ -99.079622125039222, 19.504937430173534 ], [ -99.07920749462572, 19.504760600573615 ], [ -99.078844694648112, 19.504605849994306 ], [ -99.077890945291074, 19.504199080544513 ], [ -99.077645294985743, 19.504084940491627 ], [ -99.077467205477348, 19.504002200238681 ], [ -99.077207695272278, 19.503881650745821 ], [ -99.07643146551186, 19.503585140563985 ], [ -99.076040575268436, 19.503435830712768 ], [ -99.075989956035187, 19.503416360438059 ], [ -99.075680476012749, 19.503297231071336 ], [ -99.075219786064864, 19.503119930443493 ], [ -99.074894296244636, 19.502994630805706 ], [ -99.07476358597161, 19.502944331153003 ], [ -99.074270676064998, 19.502754621082161 ], [ -99.074130905962932, 19.502700820503367 ], [ -99.074014416054439, 19.502655990985382 ], [ -99.073497356218809, 19.502456970484001 ], [ -99.07332147635455, 19.502389270544459 ], [ -99.073214976501632, 19.502348280583782 ], [ -99.072974726478932, 19.502255801314561 ], [ -99.072815156536862, 19.502194390605464 ], [ -99.072333186682499, 19.502008871805618 ], [ -99.07142554683881, 19.501659511279641 ], [ -99.07067535733303, 19.501370740732877 ], [ -99.0701178770084, 19.501156160853743 ], [ -99.069672081041418, 19.500984553326283 ], [ -99.069185177061328, 19.500797110988962 ], [ -99.068804837937833, 19.500652900859979 ], [ -99.068417327665983, 19.500505961554328 ], [ -99.068084277486008, 19.50037967157645 ], [ -99.067335957883188, 19.500095901697261 ], [ -99.066939348303507, 19.499945481541062 ], [ -99.065971208335426, 19.499578341251919 ], [ -99.065297147424133, 19.499322731583142 ], [ -99.06520435872909, 19.499287541220305 ], [ -99.064622328055449, 19.499066821454882 ], [ -99.063854868487837, 19.498775761725167 ], [ -99.064197608412599, 19.49800073173034 ], [ -99.06430198902828, 19.497764702144153 ], [ -99.064314148798402, 19.497737221893264 ], [ -99.064645648401793, 19.496987572003793 ], [ -99.064699618311749, 19.496865531682214 ], [ -99.064836878254766, 19.496555142382249 ], [ -99.064953578541278, 19.496291282180199 ], [ -99.065111038162485, 19.4959351923513 ], [ -99.065218848563092, 19.495691402807406 ], [ -99.065245098340682, 19.495632032725748 ], [ -99.065263808449842, 19.495589732598621 ], [ -99.065440818725662, 19.495189422253265 ], [ -99.06551632786055, 19.495018702225799 ], [ -99.06592726801901, 19.494089392954361 ], [ -99.066097547801917, 19.493674633055644 ], [ -99.066098858007237, 19.493671443062077 ], [ -99.06609929775135, 19.493670373143317 ], [ -99.066099341133068, 19.493670267046195 ], [ -99.066099947365615, 19.493668788915169 ], [ -99.066101037718241, 19.493666132975058 ], [ -99.066293348351266, 19.493197703098843 ], [ -99.06662612805377, 19.492387112868183 ], [ -99.066659238115506, 19.492306473633676 ], [ -99.066694357907224, 19.492220913426706 ], [ -99.066784898291914, 19.492000373354905 ], [ -99.066938837488962, 19.491625393110994 ], [ -99.067097477894535, 19.491238963769266 ], [ -99.06724204834741, 19.490886803587685 ], [ -99.067433547963617, 19.490420343728442 ], [ -99.067944908163469, 19.489174683555376 ], [ -99.067983667853355, 19.489080273674293 ], [ -99.067914898166066, 19.489008603822615 ], [ -99.067843007710607, 19.488933734156571 ], [ -99.067614747952192, 19.488393034379026 ], [ -99.067576867700041, 19.488303334460365 ], [ -99.067505667480887, 19.488134704185704 ], [ -99.06747909806306, 19.488071764218674 ], [ -99.067302418315194, 19.487653304448976 ], [ -99.067270407781422, 19.487577474405704 ], [ -99.067110477838099, 19.487198684523403 ], [ -99.067028708281285, 19.487005004235112 ], [ -99.066980417572907, 19.486890624429225 ], [ -99.066718128143677, 19.48626934449576 ], [ -99.066706668489019, 19.486242194672673 ], [ -99.066576068134339, 19.485932854381957 ], [ -99.066452948408909, 19.485641204263626 ], [ -99.066311898203693, 19.485307134364106 ], [ -99.066285208090306, 19.48524390473829 ], [ -99.06617909781302, 19.484992574815539 ], [ -99.066065217733041, 19.484722834948261 ], [ -99.066053747951685, 19.48469563507664 ], [ -99.065921947916138, 19.484383484688149 ], [ -99.065776978298942, 19.484040084912891 ], [ -99.065655147900713, 19.483751504712139 ], [ -99.065456468544468, 19.4832808851992 ], [ -99.065400728512301, 19.483148855592617 ], [ -99.065377868184569, 19.483094705683101 ], [ -99.06536927791727, 19.483074364913477 ], [ -99.065145208630952, 19.482543594978637 ], [ -99.065137328448785, 19.482524935489881 ], [ -99.064845218628875, 19.481833025784308 ], [ -99.064692068209581, 19.481653435607257 ], [ -99.064551209041781, 19.481547315205979 ], [ -99.064500018750337, 19.481536025490421 ], [ -99.06416884888435, 19.481462965514062 ], [ -99.063988478383862, 19.481423175201215 ], [ -99.063739358927663, 19.48136822298083 ], [ -99.06373867611633, 19.481368071064871 ], [ -99.063738069365556, 19.481367936938515 ], [ -99.063737588167655, 19.481367829718998 ], [ -99.063302814121244, 19.48127191214364 ], [ -99.063270149176162, 19.481264705592686 ], [ -99.06360269924626, 19.47996662590219 ], [ -99.062989378769984, 19.479816375858565 ], [ -99.063353348569578, 19.478606336530198 ], [ -99.062988609429098, 19.477786966426773 ], [ -99.062624017966428, 19.476967907998887 ], [ -99.062475639092881, 19.476634546856818 ], [ -99.062469447684222, 19.47662063715018 ], [ -99.061823239476212, 19.47516885686942 ], [ -99.061434349361861, 19.474263637538225 ], [ -99.061404419161519, 19.474193977505127 ], [ -99.060851618886204, 19.472907148028828 ], [ -99.060792669625542, 19.472769937233277 ], [ -99.060389358320094, 19.471831088273341 ], [ -99.059446779321505, 19.469636908034762 ], [ -99.059196310330691, 19.469079858504259 ], [ -99.059131476212826, 19.468935691926113 ], [ -99.05911171005296, 19.4688917382752 ], [ -99.059111617219116, 19.468891524409909 ], [ -99.05911125439637, 19.468890717144919 ], [ -99.059110651809419, 19.468889376879883 ], [ -99.059110359177765, 19.468888725946783 ], [ -99.059110169591889, 19.468888302671186 ], [ -99.059109587952975, 19.468887009937923 ], [ -99.059087871133272, 19.468838707372175 ], [ -99.058650452587003, 19.467865905176438 ], [ -99.057904109196926, 19.466206030323775 ], [ -99.057728438952608, 19.465833458869088 ], [ -99.057542358996088, 19.465438810071987 ], [ -99.057174759565456, 19.464659149088849 ], [ -99.056561089834148, 19.463304642722079 ], [ -99.056537530654964, 19.463252639383011 ], [ -99.056285449870259, 19.462649489766946 ], [ -99.056056410403826, 19.462101430859587 ], [ -99.05594546938589, 19.461836010487783 ], [ -99.055931840704332, 19.46180337091025 ], [ -99.055280909847895, 19.46024588168456 ], [ -99.055028900667992, 19.45967074015692 ], [ -99.054848450719746, 19.459258892046947 ], [ -99.054779110094572, 19.459100631448027 ], [ -99.054667589996029, 19.458846121502219 ], [ -99.054661840443515, 19.458832970683687 ], [ -99.054479161068969, 19.458416041321041 ], [ -99.054431421240295, 19.458307090696543 ], [ -99.0542999007709, 19.458006941268682 ], [ -99.05428298133647, 19.457968310822771 ], [ -99.054120411441204, 19.457597261252022 ], [ -99.054108641623117, 19.457570411500946 ], [ -99.053940241489514, 19.457186060870171 ], [ -99.053930551185417, 19.457163951328774 ], [ -99.053759731008924, 19.456774091668187 ], [ -99.053741041377208, 19.456731411224006 ], [ -99.053578611556915, 19.45636069140043 ], [ -99.053569981768447, 19.456341011270005 ], [ -99.053490501642401, 19.456159601859259 ], [ -99.053393111138988, 19.455937311530779 ], [ -99.053379651821231, 19.455906611817451 ], [ -99.05334717815154, 19.45583248855888 ], [ -99.053208361319349, 19.455515631818912 ], [ -99.053207212383484, 19.455513012183978 ], [ -99.053207160501032, 19.455512893363466 ], [ -99.053206041627163, 19.455510341375113 ], [ -99.053204189792808, 19.455506122146094 ], [ -99.053204094210614, 19.455505903695308 ], [ -99.053203711842485, 19.455505031703865 ], [ -99.053021021259738, 19.455088061855296 ], [ -99.053019591002027, 19.455084801472932 ], [ -99.053018662618186, 19.455082673685592 ], [ -99.053018484235821, 19.45508226421985 ], [ -99.053018159246548, 19.455081522030639 ], [ -99.052856490028503, 19.454712521468469 ], [ -99.052848841278504, 19.45469506167144 ], [ -99.052834951761582, 19.454663372120311 ], [ -99.052814865676297, 19.454617529799087 ], [ -99.052661698865009, 19.454267954010852 ], [ -99.05266152510255, 19.454267551884893 ], [ -99.052661028827103, 19.454266425742297 ], [ -99.052660421580768, 19.454265041881218 ], [ -99.052528281367387, 19.453963431881807 ], [ -99.052525902293326, 19.4539578421305 ], [ -99.052484642061501, 19.453860881974048 ], [ -99.05248351745945, 19.453858242875388 ], [ -99.052482452822929, 19.453855746316716 ], [ -99.052482437354087, 19.453855710672389 ], [ -99.052482390986796, 19.453855601927863 ], [ -99.052308841885051, 19.453447892294168 ], [ -99.052307310719726, 19.453444308233809 ], [ -99.052307225252363, 19.453444108104563 ], [ -99.052305951503058, 19.453441121732993 ], [ -99.052146551823981, 19.453066631868893 ], [ -99.052112501401126, 19.452986682516151 ], [ -99.051972532011504, 19.452657811929665 ], [ -99.051954981953585, 19.45261660180315 ], [ -99.051830821412992, 19.4523249426449 ], [ -99.051803301778691, 19.452260262697347 ], [ -99.051725621995857, 19.452077772641704 ], [ -99.051139421995799, 19.450700632886445 ], [ -99.051111991870371, 19.450636173062225 ], [ -99.051067379016203, 19.450554832292582 ], [ -99.050915767002067, 19.450278404793888 ], [ -99.050895911707073, 19.450242202750985 ], [ -99.050860953460642, 19.450178238559616 ], [ -99.051087787702713, 19.449952310758995 ], [ -99.051130652178614, 19.449909683727576 ], [ -99.051513792178241, 19.449508783047019 ], [ -99.051945871500394, 19.449058343341051 ], [ -99.0520403115422, 19.448962572637384 ], [ -99.052250422070401, 19.448739663106075 ], [ -99.052556650795438, 19.448419213557926 ], [ -99.053294621093158, 19.44812772293028 ], [ -99.053891301699451, 19.447906482921226 ], [ -99.054659701520706, 19.447616243191369 ], [ -99.05537899463954, 19.447340471507694 ], [ -99.055497510394474, 19.447295033303234 ], [ -99.055828135236609, 19.447169600342068 ], [ -99.056040469332999, 19.447089044292138 ], [ -99.056202765465386, 19.447027074216919 ], [ -99.057041546951794, 19.446706795779967 ], [ -99.057336909639631, 19.446594013562844 ], [ -99.057982379525072, 19.446358032068098 ], [ -99.057991099831071, 19.44635484244229 ], [ -99.058588788470232, 19.446136309299838 ], [ -99.059473099959831, 19.445812943658929 ], [ -99.060402698199198, 19.445473091544805 ], [ -99.061311701786764, 19.44514072216278 ], [ -99.062192550257237, 19.444818645911475 ], [ -99.062277497840654, 19.444787584303256 ], [ -99.062615178868896, 19.444906464057222 ], [ -99.062799129180945, 19.444971233967916 ], [ -99.06342580845309, 19.445191864281217 ], [ -99.064017507990798, 19.445400204053751 ], [ -99.064647038336858, 19.44562183351221 ], [ -99.065241278193156, 19.445831043410028 ], [ -99.067220547821591, 19.446527844022604 ], [ -99.067376018000942, 19.44663935387738 ], [ -99.067794758121124, 19.446499883462373 ], [ -99.068080187770235, 19.44643361397431 ], [ -99.068207177571296, 19.446423283862682 ], [ -99.068370077809433, 19.446437233359028 ], [ -99.06850126767867, 19.446457243825567 ], [ -99.068588007303902, 19.446473244039552 ], [ -99.069234725050208, 19.446697321841949 ], [ -99.069836957330168, 19.446905983552728 ], [ -99.070434601020551, 19.447113052357587 ], [ -99.07094490943895, 19.447289858245664 ], [ -99.074489906440306, 19.448518033162777 ], [ -99.07529426617576, 19.448790913267501 ], [ -99.07544412562568, 19.448839083382957 ], [ -99.075737515679307, 19.448939427648337 ], [ -99.076970005758625, 19.449360952718621 ], [ -99.078090495683455, 19.449744153218514 ], [ -99.078688244845893, 19.449743752520153 ], [ -99.07906504466925, 19.449769042673505 ], [ -99.079313505240748, 19.449792493096389 ], [ -99.080302784397261, 19.450068213226135 ], [ -99.080583404518507, 19.450132112656195 ], [ -99.080869073964706, 19.45015438327485 ], [ -99.081145524245912, 19.450007973639547 ], [ -99.081521814478094, 19.449756283967591 ], [ -99.081896926780402, 19.449484177261144 ], [ -99.082734844293057, 19.448876342832957 ], [ -99.082998463065422, 19.448686481460893 ], [ -99.083863892518849, 19.448063183149511 ], [ -99.084195634045201, 19.447824203271836 ], [ -99.085298359514468, 19.447075402153978 ], [ -99.085307353813263, 19.447069293711021 ], [ -99.086862572062515, 19.445966754171184 ], [ -99.08714866212965, 19.445763923832953 ], [ -99.087293802308693, 19.446055143680059 ], [ -99.087524143264773, 19.446407584739394 ], [ -99.087735768555277, 19.446641616498908 ], [ -99.087927153008849, 19.446853264350565 ], [ -99.088215952905003, 19.447130183344154 ], [ -99.088465577960136, 19.447369984694163 ], [ -99.088638462799082, 19.447536064558303 ], [ -99.088850202602202, 19.447725544173277 ], [ -99.088990122184256, 19.447855463524913 ], [ -99.089397171460021, 19.448233412909445 ], [ -99.089681171748694, 19.448497124107085 ], [ -99.089745662850092, 19.448557003065595 ], [ -99.090056501951324, 19.448845612875424 ], [ -99.090414352402718, 19.449177892960652 ], [ -99.090622602152592, 19.449371234325209 ], [ -99.090793671565066, 19.449530063595965 ], [ -99.091146500826781, 19.449857683622138 ], [ -99.091276950682641, 19.449978802582613 ], [ -99.091448040198898, 19.450137656045687 ], [ -99.091543752478387, 19.450226523072789 ], [ -99.091762701935949, 19.450429802533947 ], [ -99.091918101572134, 19.450574112522183 ], [ -99.092124702055528, 19.450758462376879 ], [ -99.092480641396008, 19.451076123043222 ], [ -99.092645781790225, 19.451223583024767 ], [ -99.092890891764739, 19.451408492191955 ], [ -99.092976871248538, 19.451473382178893 ], [ -99.093212121449014, 19.45159729238776 ], [ -99.093443231547525, 19.451676092789864 ], [ -99.093718921381623, 19.451743082795112 ], [ -99.093772173394086, 19.45175068294245 ], [ -99.093927691433166, 19.45177286260542 ], [ -99.094211831558738, 19.451792232124713 ], [ -99.094517371423578, 19.451783742100552 ], [ -99.094730030808165, 19.451753812516237 ], [ -99.094891971141436, 19.451717602091353 ], [ -99.095261431264362, 19.451604282717653 ], [ -99.095366070945801, 19.451564522192445 ], [ -99.095912441361961, 19.451356942927589 ], [ -99.095941500951142, 19.451345982267199 ], [ -99.096532470920877, 19.451123442340176 ], [ -99.096956100889585, 19.450964002662349 ], [ -99.097445541001036, 19.450779772670447 ], [ -99.097850300738742, 19.450627412824716 ], [ -99.097962570898446, 19.450585152728145 ], [ -99.098428000530888, 19.450409973098193 ], [ -99.098839209859733, 19.450255172635849 ], [ -99.098973460662478, 19.450205612707979 ], [ -99.099359788240236, 19.450062986858107 ], [ -99.099691519846573, 19.449940512573011 ], [ -99.099780720412269, 19.449916802803699 ], [ -99.100250119406539, 19.449835602948905 ], [ -99.10045353982585, 19.44982464286177 ], [ -99.10054902996589, 19.449824603032145 ], [ -99.100786569475588, 19.449834152913628 ], [ -99.10106549994056, 19.449872293319057 ], [ -99.101329829318544, 19.449932352734091 ], [ -99.101358610067237, 19.449939462849279 ], [ -99.101388069711163, 19.449950982920516 ], [ -99.101435739143824, 19.449968322944233 ], [ -99.101855769465331, 19.450121722497244 ], [ -99.101947291861549, 19.45015510931124 ], [ -99.101947321252538, 19.450155119843036 ], [ -99.101954419557373, 19.450157712663248 ], [ -99.102194609030391, 19.450245552640446 ], [ -99.10253665895705, 19.450370153125657 ], [ -99.103015569598071, 19.450544612868779 ], [ -99.103131870923377, 19.450586981342891 ], [ -99.103486149492156, 19.450716042416119 ], [ -99.103885089269411, 19.450861913059803 ], [ -99.104111778698623, 19.450944802637174 ], [ -99.104308228482282, 19.451016632291349 ], [ -99.104741068311114, 19.45117489274622 ], [ -99.105375208921402, 19.451406752353073 ], [ -99.105568628628021, 19.451477462998518 ], [ -99.106022548289545, 19.451641912302119 ], [ -99.106439658836294, 19.451793012215727 ], [ -99.106643578329681, 19.451866892128987 ], [ -99.106730307015724, 19.451898310269499 ], [ -99.106855167875409, 19.451943542046028 ], [ -99.107107597419912, 19.452034987790718 ], [ -99.107279037825833, 19.452097092551597 ], [ -99.107687738176509, 19.452245142730913 ], [ -99.107916797752836, 19.452328112768132 ], [ -99.108109628069414, 19.452397952537105 ], [ -99.108585300996367, 19.452571270739714 ], [ -99.108585338925224, 19.452571284152114 ], [ -99.108559999399517, 19.452659993667318 ], [ -99.108559972529434, 19.452660089212159 ], [ -99.108534896088443, 19.452747881237823 ], [ -99.108704628103837, 19.452810292463095 ], [ -99.1088836074005, 19.452875612583444 ], [ -99.108938207794608, 19.452730691856413 ], [ -99.10945337765186, 19.452915001995834 ], [ -99.109659407353064, 19.452988412550472 ], [ -99.109780584229341, 19.453031583258809 ], [ -99.109860747812334, 19.45306014186551 ], [ -99.110130517675756, 19.453156242186271 ], [ -99.110264607693495, 19.45320403184132 ], [ -99.110417287529131, 19.453258412369554 ], [ -99.110481354099903, 19.453281237461809 ], [ -99.110720487002979, 19.453366432082859 ], [ -99.110850286262689, 19.453412678398337 ], [ -99.11120620724131, 19.45353948192011 ], [ -99.111354036734014, 19.453592142168258 ], [ -99.111421667197533, 19.453617481743393 ], [ -99.111607547334515, 19.453703232448596 ], [ -99.111767456763758, 19.453778341681321 ], [ -99.111853197421794, 19.453826841936024 ], [ -99.112016917140593, 19.453933942422093 ], [ -99.112169407294104, 19.454046782064736 ], [ -99.112290997258611, 19.454136771953429 ], [ -99.112623486485091, 19.454403001716276 ], [ -99.112686716407921, 19.454454121901957 ], [ -99.113023826496629, 19.454726691992548 ], [ -99.11341809689975, 19.455045481480362 ], [ -99.113489626648388, 19.455103311775765 ], [ -99.113872406707188, 19.455394291920456 ], [ -99.113983745297901, 19.455483861901268 ], [ -99.114382515826421, 19.455847832855806 ], [ -99.114707266258094, 19.456115541862523 ], [ -99.114963116291719, 19.45631532114615 ], [ -99.115455236319988, 19.45669960125684 ], [ -99.115826496159073, 19.456989511495166 ], [ -99.116013157079152, 19.457135253530822 ], [ -99.116161455696357, 19.457251041663742 ], [ -99.116270776105438, 19.457336401173087 ], [ -99.116727495391743, 19.457693031296557 ], [ -99.116897035481244, 19.45782540077581 ], [ -99.116954086238977, 19.457869941036645 ], [ -99.117045825986352, 19.457935721201657 ], [ -99.117141165238522, 19.457996881176388 ], [ -99.117261335858302, 19.458064091454052 ], [ -99.117341315365408, 19.458104521375819 ], [ -99.117456575583759, 19.458154910883046 ], [ -99.117503174298434, 19.458172781002215 ], [ -99.117680175169824, 19.458236721020217 ], [ -99.117997745080189, 19.458347081071576 ], [ -99.118443695186272, 19.458502041163424 ], [ -99.118488425601399, 19.458517601666809 ], [ -99.118961995262012, 19.458676170526303 ], [ -99.118970924366565, 19.458679101936333 ], [ -99.119379344713138, 19.458813140829946 ], [ -99.119805775224336, 19.458953080491153 ], [ -99.120253344671298, 19.45909997086364 ], [ -99.120315883315328, 19.459120484512706 ], [ -99.121108144744056, 19.459380480921055 ], [ -99.121580454442565, 19.459535480647169 ], [ -99.121814570253974, 19.459612309505204 ], [ -99.121986624640925, 19.459668770990799 ], [ -99.12209328410259, 19.45971272040855 ], [ -99.122169464760333, 19.459748980281784 ], [ -99.122233870187699, 19.459779097453239 ], [ -99.122403544163703, 19.459827110684149 ], [ -99.122864064661712, 19.459974640420377 ], [ -99.123298764476289, 19.460115710893543 ], [ -99.123710963873037, 19.460248180660688 ], [ -99.12415471388249, 19.460394770282612 ], [ -99.124614633818254, 19.460546660328326 ], [ -99.125457054063062, 19.460828890544647 ], [ -99.126397773800718, 19.461149520635157 ], [ -99.127369863149653, 19.461457839991645 ], [ -99.127543003342439, 19.461524310525697 ], [ -99.128103732878813, 19.461845410075817 ], [ -99.128463533225343, 19.462051440009951 ], [ -99.128834832500615, 19.462264060042212 ], [ -99.129183252955585, 19.462463580303044 ], [ -99.129504432917798, 19.462647510300982 ], [ -99.130424452693546, 19.463192780133738 ], [ -99.130898281996167, 19.463473780079248 ], [ -99.131410961911172, 19.46378028009207 ], [ -99.13241800155204, 19.464372839351572 ], [ -99.132853942055775, 19.464638549911999 ], [ -99.133112941642224, 19.46476183957628 ], [ -99.133328991877221, 19.464851230032671 ], [ -99.133673451413188, 19.46493623991034 ], [ -99.133830571755055, 19.464958539317784 ], [ -99.134221391094869, 19.46497794986232 ], [ -99.13491316106844, 19.465005969118842 ], [ -99.136130050587084, 19.465056579515693 ], [ -99.13748965093383, 19.465102709420776 ], [ -99.138584590082374, 19.465155229453163 ], [ -99.139215860162281, 19.465180399282968 ], [ -99.139802629866125, 19.465243199231459 ], [ -99.140799570113288, 19.465349879178913 ], [ -99.140981879976451, 19.465387639155999 ], [ -99.141092360312726, 19.465415349076974 ], [ -99.14120512958894, 19.465465439697091 ], [ -99.14131630934348, 19.465563568987097 ], [ -99.141416739728925, 19.465674149465883 ], [ -99.141471659274899, 19.465720429238782 ], [ -99.14164232972243, 19.465796059651353 ], [ -99.141732729935015, 19.46581299962055 ], [ -99.141924940028929, 19.465821429020277 ], [ -99.142134229716021, 19.46576700908782 ], [ -99.142362709144052, 19.465645879268319 ], [ -99.142463879671993, 19.46556996954487 ], [ -99.143110429493689, 19.465059749824945 ], [ -99.143046989427816, 19.465433979234817 ], [ -99.143072109239654, 19.46567080960693 ], [ -99.143095709569735, 19.465754549273672 ], [ -99.143177329010143, 19.466044169138208 ], [ -99.14367316966046, 19.467286480119579 ], [ -99.14378707003155, 19.467608094351213 ], [ -99.144024850074118, 19.468279495630611 ], [ -99.144093738760333, 19.468474008802691 ], [ -99.144137759087357, 19.468579009182569 ], [ -99.144378818803375, 19.469207088721067 ], [ -99.144468958723294, 19.469453538593321 ], [ -99.144661058752078, 19.469969828387281 ], [ -99.144834199240691, 19.470394798453462 ], [ -99.144864188660776, 19.470472627952724 ], [ -99.144970541152219, 19.470771955198114 ], [ -99.145037708937423, 19.470960998561363 ], [ -99.145228019086787, 19.471436718095745 ], [ -99.145456489216102, 19.472007377834935 ], [ -99.145643599006675, 19.472476838307792 ], [ -99.145886588910329, 19.473111037855972 ], [ -99.146079458247044, 19.473671947854697 ], [ -99.146112934424252, 19.473764819550347 ], [ -99.14635448599023, 19.474434951289538 ], [ -99.146448758559231, 19.474696487380257 ], [ -99.146671928286423, 19.475288476787025 ], [ -99.146870928081498, 19.475790206966195 ], [ -99.147041088130379, 19.476259916755456 ], [ -99.147234558434889, 19.476755717335692 ], [ -99.14727458848742, 19.476853856501485 ], [ -99.147494338335534, 19.477437396966394 ], [ -99.147578428615631, 19.47765217688789 ], [ -99.147765928380238, 19.478140166373546 ], [ -99.147894356951383, 19.478485486704429 ], [ -99.148101907744717, 19.479008436367632 ], [ -99.148177658047643, 19.479168766374517 ], [ -99.148280018575747, 19.479444783616085 ], [ -99.148527867511646, 19.480113108716303 ], [ -99.148652847882872, 19.480450116389097 ], [ -99.148835338024099, 19.480905505595334 ], [ -99.149360115699764, 19.482345341235874 ], [ -99.149397968004394, 19.482449195761102 ], [ -99.149417940965762, 19.482499118220417 ], [ -99.149712427425399, 19.483235204972846 ], [ -99.149807622048357, 19.483488954115369 ], [ -99.150058242052054, 19.484156989992112 ], [ -99.150475557751008, 19.485269344944559 ], [ -99.150881567353991, 19.486354504467741 ], [ -99.1511899269276, 19.48717859418516 ], [ -99.151505587209215, 19.488022344711307 ], [ -99.151829137165649, 19.488886483983809 ], [ -99.151934981360895, 19.489167424528119 ], [ -99.152186314525238, 19.489834529790745 ], [ -99.152956126616317, 19.491877773782726 ], [ -99.153012986530427, 19.492032403585021 ], [ -99.153118921771423, 19.492321143260323 ], [ -99.153364641461778, 19.492990864445865 ], [ -99.15396893634491, 19.494637852976421 ], [ -99.154173625648397, 19.495195762790978 ], [ -99.154370659043536, 19.495730334862447 ], [ -99.154617129331029, 19.496399027321512 ], [ -99.155704966102519, 19.499350341474027 ], [ -99.155802389837916, 19.499614646322364 ], [ -99.156048766566869, 19.500283048183281 ], [ -99.156367826142485, 19.501148620937609 ], [ -99.156565555980237, 19.501659761534412 ], [ -99.156942075633836, 19.502714301086041 ], [ -99.157173415700257, 19.5028459405478 ], [ -99.157694196038335, 19.504204420278608 ], [ -99.157744685482953, 19.50433613077243 ], [ -99.157872045711613, 19.504668340638023 ], [ -99.158349785763562, 19.505914500703028 ], [ -99.158429585607891, 19.506122630559716 ], [ -99.15883668520658, 19.507184559744474 ], [ -99.15884459477499, 19.507205190789502 ], [ -99.159041734797668, 19.507719400513796 ], [ -99.159041796374041, 19.50771956389168 ], [ -99.159041825336672, 19.507719641468178 ], [ -99.159041840744933, 19.50771968163323 ], [ -99.159041861620395, 19.507719734588662 ], [ -99.159041886052222, 19.507719800298574 ], [ -99.159452795697803, 19.508791589640452 ], [ -99.159503458676326, 19.50892375744381 ], [ -99.15950349408098, 19.508923846922698 ], [ -99.15950352940996, 19.508923940025245 ], [ -99.15958169574786, 19.509127807863251 ], [ -99.159601854985496, 19.509180389152768 ], [ -99.160180654770727, 19.510690078799669 ], [ -99.160658395264946, 19.511936139322533 ], [ -99.160833644902837, 19.512393218460137 ], [ -99.160833708337435, 19.51239338459175 ], [ -99.160833729176488, 19.512393439359066 ], [ -99.16083381534196, 19.512393661199742 ], [ -99.160839394515449, 19.51240819916001 ], [ -99.160952715318118, 19.512703788763623 ], [ -99.160956165057812, 19.512712788420796 ], [ -99.161061285160926, 19.512986988404727 ], [ -99.161249044408592, 19.513476678814516 ], [ -99.161767354373296, 19.514828468584085 ], [ -99.162226704863272, 19.516026537827592 ], [ -99.162294274583402, 19.516202757716389 ], [ -99.162472414494616, 19.516667327980269 ], [ -99.162880854490183, 19.517732587682506 ], [ -99.162967504104188, 19.517958537429479 ], [ -99.163621812942608, 19.518341917037194 ], [ -99.164090294395265, 19.518616410832614 ], [ -99.164726383179413, 19.518989108118866 ], [ -99.164726452113996, 19.518989148380971 ], [ -99.16472653050846, 19.518989193351764 ], [ -99.164726567335975, 19.518989214886435 ], [ -99.164726594703566, 19.518989231712418 ], [ -99.164726724068203, 19.518989307545823 ], [ -99.165951733528331, 19.519707067236684 ], [ -99.166403653487279, 19.519971826659539 ], [ -99.166809553749303, 19.520209647358651 ], [ -99.167253473306502, 19.520469756611217 ], [ -99.167301483254519, 19.520497876706155 ], [ -99.167327570310874, 19.52051316115222 ], [ -99.167773989933295, 19.520774712321355 ], [ -99.167774875690398, 19.520775230984995 ], [ -99.167775097560238, 19.520775362924628 ], [ -99.167775764200599, 19.520775755137805 ], [ -99.168221982917558, 19.521037167136516 ], [ -99.168640552771564, 19.521282397095167 ], [ -99.169080072510866, 19.521539906596345 ], [ -99.169496212549106, 19.521783726650337 ], [ -99.169954962218171, 19.522052477047477 ], [ -99.170430992889962, 19.522238936880594 ], [ -99.170512982686333, 19.522271066678382 ], [ -99.170839792678549, 19.522399066386335 ], [ -99.170882931990505, 19.522413366897585 ], [ -99.171368022440589, 19.522574106395272 ], [ -99.171799502417002, 19.522717096580543 ], [ -99.171819332199405, 19.522723666322339 ], [ -99.172283701763632, 19.52287753645161 ], [ -99.172554302149649, 19.522967196417266 ], [ -99.17276327182546, 19.523031096604669 ], [ -99.172991761937254, 19.523100966699289 ], [ -99.173227702270665, 19.523173126291127 ], [ -99.173697761444757, 19.523316866569278 ], [ -99.174174592015447, 19.523462665902134 ], [ -99.174305211110863, 19.5236372663467 ], [ -99.174380551601033, 19.523737986494996 ], [ -99.174623011637621, 19.52406207582661 ], [ -99.174442321183477, 19.524253165703907 ], [ -99.174198751800603, 19.524510756026871 ], [ -99.173986041803104, 19.524713586209884 ], [ -99.173753551963074, 19.524935305860499 ], [ -99.173451221772936, 19.525223615717849 ], [ -99.173134841647808, 19.525525325550518 ], [ -99.173063701741739, 19.525593155871903 ], [ -99.172353471637692, 19.526270445383894 ], [ -99.172132242506819, 19.526474135559653 ], [ -99.171930152153152, 19.526660215417902 ], [ -99.171359582087106, 19.52718556538532 ], [ -99.171749612133553, 19.527475875463892 ], [ -99.171791340380324, 19.527506166993366 ], [ -99.172107321957597, 19.527735535261662 ], [ -99.172526778439575, 19.528040019582072 ], [ -99.172582151659483, 19.528080215170146 ], [ -99.172602522271092, 19.528094785629268 ], [ -99.172825051710205, 19.528253866108191 ], [ -99.172983821486, 19.528367364850553 ], [ -99.173403324476439, 19.528667269208228 ], [ -99.173445982132122, 19.528697765276505 ], [ -99.173826531549878, 19.528979674968983 ], [ -99.174364301344596, 19.529378024796152 ], [ -99.175256131598218, 19.530029065153375 ], [ -99.175353250974453, 19.530091665164214 ], [ -99.175515591713676, 19.529841554700599 ], [ -99.175757611639952, 19.529468705083143 ], [ -99.176145880881023, 19.528870565217588 ], [ -99.176156812175151, 19.52887613993509 ], [ -99.176255821117735, 19.52892662495492 ], [ -99.176572911593539, 19.529088331742233 ], [ -99.176607920810184, 19.529106184694722 ], [ -99.177038041256395, 19.529325524727913 ], [ -99.176270870790859, 19.530639614992594 ], [ -99.176341791488497, 19.530713424502022 ], [ -99.176256720870612, 19.531045594472417 ], [ -99.176056051092033, 19.531828934480199 ], [ -99.176003761298091, 19.532033094032563 ], [ -99.175415981344713, 19.531974104468979 ], [ -99.174946421399753, 19.531875154019172 ], [ -99.174518751364189, 19.531708364358302 ], [ -99.174062591305926, 19.531568734554742 ], [ -99.172642252287574, 19.530980614847884 ], [ -99.172364991872399, 19.530865794840402 ], [ -99.172326422321987, 19.530852524454556 ], [ -99.171965044883507, 19.530728148551049 ], [ -99.171906721958379, 19.530708075001627 ], [ -99.171639177483826, 19.530615996389265 ], [ -99.171463182075854, 19.530555424399754 ], [ -99.170415552229514, 19.530194874892761 ], [ -99.170373412392763, 19.530180384425165 ], [ -99.169971362732412, 19.530041994809633 ], [ -99.169855822431472, 19.530002244766226 ], [ -99.169139442681427, 19.529755675067559 ], [ -99.168736992678561, 19.529617165034981 ], [ -99.168604563253268, 19.529571555057981 ], [ -99.168127102315978, 19.529407072551084 ], [ -99.167995963326788, 19.529361894939143 ], [ -99.167720926125867, 19.529267152388389 ], [ -99.167664793344088, 19.529247815156435 ], [ -99.167428253658443, 19.529182165099723 ], [ -99.166708353557723, 19.528982415463478 ], [ -99.166245283451872, 19.528853905088585 ], [ -99.165805223806885, 19.52873196545994 ], [ -99.165232253937958, 19.528573215320712 ], [ -99.16456170436993, 19.528387395554994 ], [ -99.164159134488244, 19.528275844840909 ], [ -99.163012153902301, 19.527960865226259 ], [ -99.162777284751499, 19.527896354873519 ], [ -99.162598764486631, 19.527847325667043 ], [ -99.162185194765144, 19.527733755313964 ], [ -99.162115134491827, 19.527714505441693 ], [ -99.161974192521072, 19.527675795335778 ], [ -99.161758654920916, 19.527616595351031 ], [ -99.161693225994853, 19.527598625767503 ], [ -99.161650444698907, 19.527586875033897 ], [ -99.161151994675521, 19.527449985353353 ], [ -99.161023384857089, 19.527414665132316 ], [ -99.160692904527963, 19.527323895380189 ], [ -99.160340505174204, 19.527227105303467 ], [ -99.159850285431446, 19.527092475686405 ], [ -99.159549954688003, 19.527009985680802 ], [ -99.159150955371018, 19.52690039552618 ], [ -99.159006655455627, 19.527054075901606 ], [ -99.158821444945914, 19.527251305799997 ], [ -99.157307845830118, 19.527874724837474 ], [ -99.156790426104152, 19.52808781526144 ], [ -99.157137705640608, 19.528254505244732 ], [ -99.158333395512926, 19.528748475333131 ], [ -99.158591025094097, 19.528854905408348 ], [ -99.158509355245698, 19.528961265169841 ], [ -99.158425525397305, 19.529070394709567 ], [ -99.158416300537851, 19.529082406393901 ], [ -99.158301305226885, 19.529232134654691 ], [ -99.157460756389213, 19.530326599288543 ], [ -99.157405680350422, 19.530398311772334 ], [ -99.157393305925638, 19.530414424981078 ], [ -99.157363325786591, 19.5304534943233 ], [ -99.157184615727175, 19.530686165040176 ], [ -99.156899735941423, 19.531057104120535 ], [ -99.156654925442552, 19.531375864408563 ], [ -99.156651228705783, 19.531380677082449 ], [ -99.156486626016203, 19.531594984628196 ], [ -99.156124275836277, 19.532066794274808 ], [ -99.155851342336106, 19.5324221772801 ], [ -99.155839556165631, 19.532437523870513 ], [ -99.156975885997383, 19.533068533876659 ], [ -99.157072880059218, 19.533122394281413 ], [ -99.157836425384829, 19.533546383696788 ], [ -99.158430339061908, 19.533876178485404 ], [ -99.158505785636663, 19.533918073466648 ], [ -99.158037275150335, 19.535286043565126 ], [ -99.157926455755444, 19.535420893696283 ], [ -99.15791108548143, 19.535439593495305 ], [ -99.157327165664725, 19.536150193309737 ], [ -99.157057845634966, 19.536477953604809 ], [ -99.156679935561471, 19.536937863420057 ], [ -99.156037645730407, 19.537719462576192 ], [ -99.155310056621246, 19.538604873050314 ], [ -99.154639736370456, 19.539420562202327 ], [ -99.154100156873639, 19.540077182741385 ], [ -99.153949076073459, 19.540302812832049 ], [ -99.153940486277833, 19.540315622120023 ], [ -99.153565736186692, 19.540875302136708 ], [ -99.153325276755751, 19.541234412301073 ], [ -99.15324419663591, 19.541362822212747 ], [ -99.153226786631279, 19.541390392196046 ], [ -99.152923526276368, 19.541870672027159 ], [ -99.152636926588954, 19.542324561989954 ], [ -99.152385286690887, 19.542723061581142 ], [ -99.152249166693096, 19.54293866141494 ], [ -99.152084486819049, 19.543199461675457 ], [ -99.152068045479382, 19.543225490992146 ], [ -99.152067013192621, 19.543227125552701 ], [ -99.152066976620674, 19.543227182867255 ], [ -99.152066407138122, 19.543228082069657 ], [ -99.152066157000661, 19.543228477038145 ], [ -99.152065907780852, 19.543228873836465 ], [ -99.151967386067369, 19.543384899836571 ], [ -99.151954016674338, 19.543406072124728 ], [ -99.151627597150096, 19.543940921499377 ], [ -99.151414157134809, 19.54429066194648 ], [ -99.151209017219756, 19.544626791855293 ], [ -99.151077197432002, 19.544842751278836 ], [ -99.151091249633069, 19.544849408986828 ], [ -99.15151252688571, 19.545048990995621 ], [ -99.152867914004801, 19.545691160498539 ], [ -99.152913125827453, 19.545712580899895 ], [ -99.153018797131921, 19.545762661789226 ], [ -99.154174795187316, 19.54631033070681 ], [ -99.154373075167371, 19.546404270600792 ], [ -99.154660046091166, 19.546540221701939 ], [ -99.155324886628009, 19.54685521170828 ], [ -99.155346726294695, 19.546865551869367 ], [ -99.155394585895991, 19.54688666062658 ], [ -99.155843305454297, 19.547084591650599 ], [ -99.156546855123565, 19.547394931624794 ], [ -99.156992815766131, 19.547591641918491 ], [ -99.15756684527517, 19.547844861981304 ], [ -99.158057615266415, 19.548061330257422 ], [ -99.158180424477308, 19.548115500706437 ], [ -99.158638085075665, 19.54831736174776 ], [ -99.158537675232211, 19.548746180165054 ], [ -99.158520825307718, 19.548818130513929 ], [ -99.15924562401662, 19.548952561297085 ], [ -99.159372474136589, 19.548977291089358 ], [ -99.159340885381482, 19.549085260429528 ], [ -99.159199454497625, 19.549162890296643 ], [ -99.159200595075234, 19.549199350585788 ], [ -99.159264334561428, 19.549210810584363 ], [ -99.159500793928629, 19.549227350148762 ], [ -99.159669984278594, 19.54921650113404 ], [ -99.1597568841878, 19.549172330010293 ], [ -99.159981583855014, 19.549123550005518 ], [ -99.160067305450909, 19.549104930676574 ], [ -99.160892304526328, 19.549257921572966 ], [ -99.159274224709648, 19.551880040911676 ], [ -99.158084325475571, 19.553688460180329 ], [ -99.157561275522568, 19.555044438633956 ], [ -99.157752814357806, 19.555947948724931 ], [ -99.158039334113454, 19.556489918839318 ], [ -99.158087824712169, 19.557348378596764 ], [ -99.156136104808539, 19.560151488518709 ], [ -99.154230525489282, 19.561373098617381 ], [ -99.153324985726542, 19.561554588418009 ], [ -99.152801015571924, 19.561961697243472 ], [ -99.151608757054703, 19.561375297336149 ], [ -99.150892935968827, 19.560517387777359 ], [ -99.14917822723045, 19.562009887782686 ], [ -99.148987877450523, 19.562371516948687 ], [ -99.146797128278862, 19.564632516988393 ], [ -99.145987858716964, 19.565898326726153 ], [ -99.145885108517476, 19.567452926561568 ], [ -99.145882798145891, 19.567487685810569 ], [ -99.145799688789793, 19.568745085968445 ], [ -99.144752758914592, 19.570824405893053 ], [ -99.143657488987728, 19.572180804966816 ], [ -99.143449158538274, 19.572344115504222 ], [ -99.140381359928512, 19.574748664628281 ], [ -99.139560449472953, 19.575392083951321 ], [ -99.139133990444961, 19.578464924082414 ], [ -99.137896690192491, 19.581131742678483 ], [ -99.134833491127608, 19.583905812642623 ], [ -99.133752060167609, 19.584885141812485 ], [ -99.133753161410709, 19.586240662109429 ], [ -99.130702622033624, 19.587146571350914 ], [ -99.128354942479916, 19.588004231205954 ], [ -99.126984913339101, 19.588504721341486 ], [ -99.123698403497073, 19.592754310202178 ], [ -99.122140964028645, 19.592473480858011 ], [ -99.120776664547535, 19.592227450310066 ], [ -99.119641744673132, 19.592022780480661 ], [ -99.119519140525711, 19.592000664472334 ], [ -99.11945453502436, 19.59198901060703 ], [ -99.118951349275065, 19.591541665532525 ], [ -99.118713577131558, 19.591330278800857 ], [ -99.118446153484044, 19.591092528680928 ], [ -99.117880165447886, 19.590589340461314 ], [ -99.118589884739222, 19.58445875227282 ], [ -99.116898455859342, 19.581441632863179 ], [ -99.11465403580381, 19.579793343476286 ], [ -99.112957886598522, 19.573738714278502 ], [ -99.112848266400889, 19.573259665063297 ], [ -99.11238465635445, 19.571233685571894 ], [ -99.111810366352827, 19.568723956002163 ], [ -99.108089538092983, 19.564885526348764 ], [ -99.111233456599891, 19.561494807404785 ] ] ] } },
{ "type": "Feature", "properties": { "CVEGEO": "09006", "alcaldia": "Iztacalco" }, "geometry": { "type": "Polygon", "coordinates": [ [ [ -99.057501280575565, 19.406727042817106 ], [ -99.057517350774859, 19.406572352746764 ], [ -99.057542440506012, 19.406330652573434 ], [ -99.05759718034075, 19.405803293011491 ], [ -99.057643990567485, 19.405352362774927 ], [ -99.057695380633007, 19.404857363224661 ], [ -99.057708448789256, 19.404731423151034 ], [ -99.057749960460256, 19.404331563631604 ], [ -99.057800180146486, 19.403847813712712 ], [ -99.057850510088386, 19.403362923512677 ], [ -99.057916898216305, 19.402723443588865 ], [ -99.058098990088595, 19.400969194467809 ], [ -99.058111670711682, 19.400847054195822 ], [ -99.058125209858119, 19.400716653710987 ], [ -99.058125708967438, 19.400716714172244 ], [ -99.0582598989334, 19.400732924260545 ], [ -99.058259903828784, 19.400732874516539 ], [ -99.058310310127894, 19.400278294190667 ], [ -99.058346299715311, 19.399953094246918 ], [ -99.058366179062489, 19.399773644119247 ], [ -99.058504578167401, 19.398609444458756 ], [ -99.058515653845362, 19.398532938580228 ], [ -99.058523336199499, 19.398479859012642 ], [ -99.058542847636517, 19.398345062389708 ], [ -99.058550709311262, 19.398290754843458 ], [ -99.058550309095722, 19.398221224206054 ], [ -99.058556389025469, 19.398158290631248 ], [ -99.058570001075225, 19.398017417567839 ], [ -99.058590744918448, 19.39780272031215 ], [ -99.058654899220272, 19.397138755116842 ], [ -99.0587666100257, 19.396113135421988 ], [ -99.058816109006102, 19.395702585574337 ], [ -99.058919210480482, 19.395089495197922 ], [ -99.058963102756891, 19.394593466250431 ], [ -99.058968359428192, 19.39453405546405 ], [ -99.058969270153526, 19.394251695976749 ], [ -99.059078779507601, 19.393758696081964 ], [ -99.05915158987834, 19.393367226136974 ], [ -99.059180359822108, 19.393249185899442 ], [ -99.059224789851783, 19.393024475471371 ], [ -99.059343850059633, 19.392283155838349 ], [ -99.059410209685467, 19.391886276204939 ], [ -99.059438360461996, 19.391652185897861 ], [ -99.05948580903177, 19.391385936437647 ], [ -99.059521819430387, 19.391208196411458 ], [ -99.059590239444347, 19.390693556764305 ], [ -99.059660677008836, 19.390272812807869 ], [ -99.059660684688623, 19.390272766743255 ], [ -99.059705479694671, 19.390005186521915 ], [ -99.059789298857879, 19.389647016894813 ], [ -99.059835400084722, 19.38932315912335 ], [ -99.059835765862132, 19.389320593661957 ], [ -99.059862399685016, 19.389133495816832 ], [ -99.059918271317372, 19.38874099490004 ], [ -99.059919903833617, 19.388729521201856 ], [ -99.059927772934614, 19.388674244753719 ], [ -99.059982648979073, 19.388288736484434 ], [ -99.060035100131884, 19.387981817321656 ], [ -99.060158620108652, 19.387323967095188 ], [ -99.060199820032096, 19.387044137195222 ], [ -99.060243839395881, 19.38673213758668 ], [ -99.060341838516393, 19.386154527215496 ], [ -99.060362499124508, 19.386061937895143 ], [ -99.060420219825531, 19.385718537814817 ], [ -99.060502438693774, 19.385248227524585 ], [ -99.060636679115802, 19.384335877499598 ], [ -99.060744698073833, 19.383687449292026 ], [ -99.060745444170877, 19.383682968391692 ], [ -99.060745477304692, 19.383682760621564 ], [ -99.060774648657713, 19.383507648119828 ], [ -99.060775116046486, 19.38350254289848 ], [ -99.060777571573468, 19.383475814825168 ], [ -99.060792437902805, 19.383313877727534 ], [ -99.060823810000755, 19.38313213792879 ], [ -99.060824894476923, 19.383097091020694 ], [ -99.060828624814491, 19.382976545066871 ], [ -99.060828951269343, 19.382965983897961 ], [ -99.060840730041306, 19.382585398208747 ], [ -99.061032219788174, 19.38261594922076 ], [ -99.061518669520964, 19.382693558310297 ], [ -99.062384387632648, 19.382847538148347 ], [ -99.06324083907063, 19.382993137706208 ], [ -99.063343647852747, 19.383012251977917 ], [ -99.063651927892479, 19.383069567969716 ], [ -99.06411877885958, 19.383140057854934 ], [ -99.064989956897506, 19.383303677816816 ], [ -99.065535241878649, 19.383403858003565 ], [ -99.065537191649923, 19.383404215737752 ], [ -99.065541897712777, 19.383405080072031 ], [ -99.065827757520523, 19.383457597648565 ], [ -99.06614932478864, 19.383504055331503 ], [ -99.066151631264418, 19.38350438826799 ], [ -99.066357898040096, 19.383534188216878 ], [ -99.066542413589644, 19.383624023035122 ], [ -99.066726927473809, 19.383713857600089 ], [ -99.06759787669256, 19.384169338030048 ], [ -99.068947947905784, 19.384860137871495 ], [ -99.069470347099283, 19.385128077782404 ], [ -99.069941616382337, 19.385373567779073 ], [ -99.070436416091241, 19.385622677706209 ], [ -99.070718707705595, 19.385774757260407 ], [ -99.070914376661023, 19.385879797148018 ], [ -99.071369546072575, 19.386139477310223 ], [ -99.071727496862948, 19.386324297144107 ], [ -99.072119476030949, 19.386510677089174 ], [ -99.072517357163434, 19.386721307547099 ], [ -99.073006785558988, 19.386952567264807 ], [ -99.073481576998105, 19.387208737532152 ], [ -99.073902835316829, 19.387428556998714 ], [ -99.074104504613075, 19.387527522741959 ], [ -99.074109799048657, 19.387530120798182 ], [ -99.07432198666605, 19.387634247475336 ], [ -99.074504800285823, 19.38772698845095 ], [ -99.0745070956592, 19.387728152893125 ], [ -99.074834865049226, 19.387894426722287 ], [ -99.075885725252505, 19.388466826907951 ], [ -99.076309975897288, 19.388680707148204 ], [ -99.076750475955606, 19.388896527106894 ], [ -99.077254474482842, 19.389140026398678 ], [ -99.077845324502363, 19.389451936348504 ], [ -99.078346904348763, 19.389723766965112 ], [ -99.078803754193032, 19.389945506265811 ], [ -99.078852103982882, 19.389973016598894 ], [ -99.079354045575087, 19.390228306375096 ], [ -99.079379325121678, 19.390244366317575 ], [ -99.079933184587148, 19.390529477873354 ], [ -99.0803646349584, 19.390773246055794 ], [ -99.080440524825974, 19.390813016343341 ], [ -99.080684924882988, 19.390930726418027 ], [ -99.080905295077642, 19.391045615924718 ], [ -99.081044344710875, 19.391111966515279 ], [ -99.081359973225148, 19.391288416421968 ], [ -99.081421033212052, 19.391315876029218 ], [ -99.081767754516633, 19.391497025961186 ], [ -99.081906003365134, 19.391556496181263 ], [ -99.082105094059685, 19.391654196500152 ], [ -99.082367463950789, 19.391796046539508 ], [ -99.082432014019076, 19.391830615773504 ], [ -99.082791404099609, 19.392027356474532 ], [ -99.083131954269078, 19.392213056366497 ], [ -99.083200503592451, 19.392243366515537 ], [ -99.083575232958566, 19.392424826451652 ], [ -99.083640603352706, 19.392471496423891 ], [ -99.083825451833377, 19.392520360553526 ], [ -99.084010304226197, 19.392569226344968 ], [ -99.084024464433583, 19.392493225661006 ], [ -99.084135463897084, 19.39189735599361 ], [ -99.084221613713098, 19.391464936145844 ], [ -99.084297553960027, 19.391072936072486 ], [ -99.084316543895241, 19.39095695669732 ], [ -99.084376752867101, 19.390632136439518 ], [ -99.084517724180728, 19.389925416328403 ], [ -99.084576062685201, 19.389472357711874 ], [ -99.084899343900091, 19.389667556293887 ], [ -99.086366693025099, 19.39009990615115 ], [ -99.086518862102778, 19.390149166205017 ], [ -99.086562802227917, 19.390054447654457 ], [ -99.08665027252259, 19.390060196290097 ], [ -99.086759813597013, 19.390069476653849 ], [ -99.08685630322546, 19.390088956917051 ], [ -99.087119172464227, 19.390126996349853 ], [ -99.08748458335134, 19.390181506507414 ], [ -99.087852551799543, 19.390234096899611 ], [ -99.088235273179137, 19.390284046499936 ], [ -99.088604366494224, 19.390347062094744 ], [ -99.088662487137981, 19.390356986922669 ], [ -99.088793691870677, 19.390379386536456 ], [ -99.088987923217488, 19.3900762765008 ], [ -99.089127543019259, 19.389854956727053 ], [ -99.089318662962924, 19.3895516569618 ], [ -99.089495751313407, 19.389263906437357 ], [ -99.089670553051661, 19.388995926606569 ], [ -99.089859291686352, 19.388712506918093 ], [ -99.090209231150297, 19.388170626937374 ], [ -99.090380612894492, 19.387896196983419 ], [ -99.090470182069041, 19.387756156959874 ], [ -99.090540521865123, 19.38764985691213 ], [ -99.090730411957935, 19.38736287679534 ], [ -99.090930660422572, 19.387052556895281 ], [ -99.091158751953017, 19.386699337440017 ], [ -99.091549502465838, 19.386067967182782 ], [ -99.091886671647956, 19.385537367432224 ], [ -99.092229862397701, 19.384996897420251 ], [ -99.092309411262065, 19.38485921754787 ], [ -99.092815725561408, 19.384084841924537 ], [ -99.092838271518701, 19.384050358218261 ], [ -99.092877374887891, 19.383937611101935 ], [ -99.092889752233248, 19.383901927756636 ], [ -99.092902210493804, 19.383875150670857 ], [ -99.092943064971948, 19.383787346310076 ], [ -99.092971571346993, 19.38372607830653 ], [ -99.093137429762493, 19.383490568280109 ], [ -99.093237341975652, 19.383335108059185 ], [ -99.093526300985104, 19.382885387790456 ], [ -99.093903611737431, 19.382298197965262 ], [ -99.094345551534133, 19.381610428807807 ], [ -99.094549061879405, 19.381293728310922 ], [ -99.094704701732397, 19.381051498424323 ], [ -99.094819231297265, 19.380873258257989 ], [ -99.094874320053279, 19.380787528793078 ], [ -99.095065381686751, 19.380490188479214 ], [ -99.095254670997832, 19.380195588579085 ], [ -99.095540148983147, 19.379751310557108 ], [ -99.095639971246655, 19.379595959239172 ], [ -99.095724796897386, 19.379631459380594 ], [ -99.095978501056081, 19.379737629333629 ], [ -99.096292890108984, 19.379750159004363 ], [ -99.096655839514142, 19.379777728780073 ], [ -99.097012830392742, 19.379807199376035 ], [ -99.097280180767058, 19.379832198860743 ], [ -99.097606550551902, 19.379865678496532 ], [ -99.097959780518025, 19.379906799181637 ], [ -99.098306409264552, 19.379950679244679 ], [ -99.098712340828783, 19.379995758764018 ], [ -99.099128139192558, 19.380042308798089 ], [ -99.099505549983746, 19.380085019120791 ], [ -99.100786038570575, 19.380229099056525 ], [ -99.101083859037303, 19.380240399233617 ], [ -99.101136569928869, 19.380239158691122 ], [ -99.101242749304873, 19.38023665855691 ], [ -99.103010168998495, 19.380444459116216 ], [ -99.103361839352289, 19.38050721849547 ], [ -99.10374765947104, 19.380554258523397 ], [ -99.104257567574422, 19.380624508666283 ], [ -99.104746366742759, 19.380687158775967 ], [ -99.105099377506647, 19.380734998412425 ], [ -99.105395098934764, 19.380772678389857 ], [ -99.105659038595036, 19.38080684847986 ], [ -99.105716839003207, 19.380806818374975 ], [ -99.105930058866235, 19.380828298284346 ], [ -99.106081668410084, 19.38084536849869 ], [ -99.106292629010042, 19.380859448568614 ], [ -99.106550968475034, 19.38085312855306 ], [ -99.106737598893943, 19.380861358732403 ], [ -99.106845898198912, 19.380872338760788 ], [ -99.106921028183407, 19.38087953844644 ], [ -99.107030778568216, 19.3808903087148 ], [ -99.107193027344465, 19.380906788625182 ], [ -99.1073070585458, 19.380918358308197 ], [ -99.107354686163958, 19.380923398425548 ], [ -99.107426037054381, 19.380937958597144 ], [ -99.107663717377193, 19.380959228302256 ], [ -99.107997998511792, 19.380998708666535 ], [ -99.108514716895087, 19.381064258603136 ], [ -99.108561666822723, 19.381067538330253 ], [ -99.108746068203018, 19.381093198313295 ], [ -99.108921515964724, 19.381117018559422 ], [ -99.109176098280585, 19.381145898259174 ], [ -99.109390396968735, 19.381170218356552 ], [ -99.109406042813731, 19.38117266067562 ], [ -99.109428066913509, 19.38117609852393 ], [ -99.110379176772256, 19.381289878279699 ], [ -99.110407697989075, 19.381292538616794 ], [ -99.110451257836885, 19.381299078468167 ], [ -99.110518407358597, 19.381306108351335 ], [ -99.110548766027506, 19.381308618944306 ], [ -99.110575097888059, 19.381311588968533 ], [ -99.110681005038785, 19.381324003853823 ], [ -99.110928337344902, 19.381352998406161 ], [ -99.111115497026503, 19.381397598562547 ], [ -99.111326336633425, 19.381438758381357 ], [ -99.111552697256641, 19.381479658219423 ], [ -99.111722575961522, 19.381506598241856 ], [ -99.11195196740313, 19.381540618896175 ], [ -99.112038657279598, 19.381552458938852 ], [ -99.112202137176737, 19.381576228773543 ], [ -99.112373096485939, 19.381606658330806 ], [ -99.112591025537228, 19.381638819760735 ], [ -99.112712837354934, 19.381655768807541 ], [ -99.112824914460361, 19.381668848293199 ], [ -99.113050066959872, 19.381675498732275 ], [ -99.113106796225878, 19.381676598848138 ], [ -99.113371796602664, 19.381691128732456 ], [ -99.1135583766943, 19.381706568736256 ], [ -99.113752565895027, 19.381728228620304 ], [ -99.113907484621109, 19.381752018842324 ], [ -99.1140891157889, 19.381779618328185 ], [ -99.114396976294472, 19.381824798763947 ], [ -99.11445708688268, 19.381833278223979 ], [ -99.114731836416937, 19.381881328838176 ], [ -99.114797465149152, 19.381890528795477 ], [ -99.11503339638125, 19.381915738694612 ], [ -99.115119485325408, 19.381929958612737 ], [ -99.115299226269116, 19.381950218863601 ], [ -99.115403336338289, 19.381959478090629 ], [ -99.115581426025344, 19.381972368547721 ], [ -99.115722005544725, 19.381996598139438 ], [ -99.115827695816947, 19.382014108659178 ], [ -99.116010665960687, 19.382033798115401 ], [ -99.116134175733293, 19.382049328788952 ], [ -99.116312166178176, 19.382061818692456 ], [ -99.116467536471362, 19.38207789819803 ], [ -99.116663265075587, 19.382089768380762 ], [ -99.116761255980649, 19.38210279816364 ], [ -99.116913465792592, 19.382119418584264 ], [ -99.117021054914943, 19.382125418438516 ], [ -99.117188564387277, 19.382134828531491 ], [ -99.117361205778209, 19.382143448318605 ], [ -99.117558205875127, 19.382149708112774 ], [ -99.117655334437984, 19.38215467885794 ], [ -99.117706864592677, 19.382157768541258 ], [ -99.117775365918661, 19.382158128214087 ], [ -99.117816735954818, 19.382160698763442 ], [ -99.117922605830429, 19.382165508039989 ], [ -99.118081225713297, 19.382173248834469 ], [ -99.118166264097283, 19.382179158498833 ], [ -99.118423114636016, 19.38219632858651 ], [ -99.118795765757895, 19.382222858421731 ], [ -99.119074895608179, 19.382237028793721 ], [ -99.119358575788681, 19.382250188055934 ], [ -99.119778343198448, 19.382275428031573 ], [ -99.120106464863298, 19.38229167837434 ], [ -99.120380225409477, 19.382306588525331 ], [ -99.120546194880291, 19.38231275870849 ], [ -99.12084397485566, 19.382326768315156 ], [ -99.121118914158018, 19.382345228099673 ], [ -99.122468824174092, 19.382437768794709 ], [ -99.122475681018784, 19.38235765874407 ], [ -99.122549514788474, 19.381495018693528 ], [ -99.122554943581946, 19.381309078790597 ], [ -99.122585094491185, 19.380279200012193 ], [ -99.122585313367424, 19.380271738500134 ], [ -99.122568794256367, 19.380104758700615 ], [ -99.122569459003344, 19.380041753930403 ], [ -99.122570428620762, 19.379949789338269 ], [ -99.122581463400593, 19.37890378949896 ], [ -99.122565288547023, 19.378075492234327 ], [ -99.122562747018222, 19.377945335284394 ], [ -99.122561480686528, 19.377880498839513 ], [ -99.122558294492592, 19.37771733902531 ], [ -99.122556121573737, 19.377580406716838 ], [ -99.122553723954169, 19.377429309960746 ], [ -99.12252967944282, 19.3759137311981 ], [ -99.12252623400596, 19.375696590194657 ], [ -99.122656002434823, 19.375735051169727 ], [ -99.123162024093148, 19.375833859667189 ], [ -99.12354656372446, 19.375897399654406 ], [ -99.123973533179438, 19.375973789685197 ], [ -99.124086654579301, 19.375996959613772 ], [ -99.124400112428702, 19.376052219851495 ], [ -99.12444881249472, 19.376063882516451 ], [ -99.124572024270535, 19.376093389507634 ], [ -99.125009823894302, 19.376187969467733 ], [ -99.125259002976961, 19.376229019996092 ], [ -99.125426943561109, 19.376257789695462 ], [ -99.125590600337745, 19.37628197604166 ], [ -99.12588497270508, 19.37632548002308 ], [ -99.125965822739374, 19.376338939841059 ], [ -99.125988309523009, 19.376343326444466 ], [ -99.126161203419144, 19.37637705004424 ], [ -99.126382334005797, 19.376408449547732 ], [ -99.126437023059751, 19.376419699907959 ], [ -99.126618178457917, 19.376461099198448 ], [ -99.126653763620311, 19.376469229740351 ], [ -99.126793683725708, 19.376495110044118 ], [ -99.127233282629646, 19.376564740162102 ], [ -99.127316033267249, 19.376576649654282 ], [ -99.127440452678798, 19.376595449533397 ], [ -99.12760829349979, 19.376631429551274 ], [ -99.12781697351447, 19.376670859658812 ], [ -99.128270963432115, 19.376755649899582 ], [ -99.128355312948585, 19.376771299829695 ], [ -99.128405833301571, 19.376782019903832 ], [ -99.129097391648727, 19.376902709819461 ], [ -99.129469893297539, 19.376972739474702 ], [ -99.129530621432181, 19.376990219847315 ], [ -99.129572821695319, 19.376995189719754 ], [ -99.129692172493691, 19.377026219420575 ], [ -99.130074051303836, 19.377064589565315 ], [ -99.130190741466535, 19.377075049820938 ], [ -99.130561092683223, 19.377111759949546 ], [ -99.130833711774343, 19.377136829936976 ], [ -99.131062292724451, 19.377166569895227 ], [ -99.131394790336543, 19.377199849925603 ], [ -99.13154216132655, 19.377212329617514 ], [ -99.13199953197423, 19.37725327963793 ], [ -99.132440772162568, 19.377300029508845 ], [ -99.13287148245783, 19.377346799387421 ], [ -99.133323740997895, 19.377393859945059 ], [ -99.133842771100788, 19.377445419673158 ], [ -99.134143710837009, 19.37747753958924 ], [ -99.135023261969835, 19.377397599207189 ], [ -99.135416999123478, 19.377303329559886 ], [ -99.13548003176146, 19.377184059365483 ], [ -99.135436000182452, 19.377402889747223 ], [ -99.135324331300794, 19.377957858998119 ], [ -99.134991230571387, 19.379264659514632 ], [ -99.134988328487736, 19.379277692726212 ], [ -99.134962135938039, 19.379395320977519 ], [ -99.134955634790799, 19.379424513952205 ], [ -99.134698770814339, 19.380578048490108 ], [ -99.134552659959468, 19.381287828754253 ], [ -99.134434465364762, 19.381930052466512 ], [ -99.134428110246787, 19.38196458815516 ], [ -99.13439367665282, 19.382125324035336 ], [ -99.134384731760846, 19.38216707876364 ], [ -99.134316431039778, 19.38250670861094 ], [ -99.134192861247115, 19.383160768623117 ], [ -99.13416788686142, 19.383273851623027 ], [ -99.134155139566488, 19.383331566630339 ], [ -99.134137479827558, 19.383411528470997 ], [ -99.133914771558011, 19.384468218580199 ], [ -99.133910948754647, 19.38448410867144 ], [ -99.133907598699679, 19.384498045025815 ], [ -99.133885147529497, 19.384591407620338 ], [ -99.133868510913189, 19.38466058774053 ], [ -99.133632293209018, 19.385704698322005 ], [ -99.133627881552712, 19.385724197302515 ], [ -99.133617732148281, 19.38576907725901 ], [ -99.133605348759019, 19.385817427053603 ], [ -99.133569660381312, 19.385956768288047 ], [ -99.133446690531002, 19.386467027617616 ], [ -99.133402560102965, 19.386650228361226 ], [ -99.133208111180821, 19.387487276969139 ], [ -99.133037402432549, 19.388364617994849 ], [ -99.133009278425064, 19.388505547430338 ], [ -99.132998341665541, 19.388560358418093 ], [ -99.132871221942906, 19.389203417516246 ], [ -99.132755161781333, 19.38973353709828 ], [ -99.13275115287928, 19.389754847022321 ], [ -99.13270943176839, 19.389976696797234 ], [ -99.132670161735035, 19.390165511475608 ], [ -99.13266640239965, 19.390183586664573 ], [ -99.132403464727986, 19.391107427693438 ], [ -99.132390131361618, 19.391154276305528 ], [ -99.132361518935539, 19.391276000957259 ], [ -99.132353832074799, 19.391308706622134 ], [ -99.132102274970165, 19.392475802002597 ], [ -99.132099451058949, 19.392488905715261 ], [ -99.132095440976101, 19.392505052424216 ], [ -99.132095427478902, 19.39250510381866 ], [ -99.13209270795366, 19.392516063748445 ], [ -99.132072695951834, 19.392596650323441 ], [ -99.132057082212782, 19.392659526294203 ], [ -99.132034252063178, 19.392790455873246 ], [ -99.131889613925281, 19.393484227523594 ], [ -99.131877001798301, 19.393544726586779 ], [ -99.131853771015159, 19.393666876217893 ], [ -99.131825742798412, 19.393805099652809 ], [ -99.131816334627644, 19.39385149910785 ], [ -99.131694732028379, 19.39445118424857 ], [ -99.131689720012773, 19.394475897762717 ], [ -99.131680681511014, 19.39452047564674 ], [ -99.131648202163476, 19.394679755248141 ], [ -99.131469451223751, 19.395549655729084 ], [ -99.131424030740533, 19.39574273493961 ], [ -99.131284080938144, 19.396272985808032 ], [ -99.131155422708545, 19.39653770502629 ], [ -99.131026371114913, 19.396726305178536 ], [ -99.130959492823663, 19.397634984966686 ], [ -99.130934802829756, 19.398951394524559 ], [ -99.131514562189977, 19.398957364414684 ], [ -99.131856161906995, 19.398960904663983 ], [ -99.132438331380612, 19.398984015026404 ], [ -99.132940730698351, 19.399010054517031 ], [ -99.133443571196835, 19.399020644384077 ], [ -99.13403668218163, 19.399031875236563 ], [ -99.134705291115424, 19.399067424715629 ], [ -99.135258601523617, 19.399089154249058 ], [ -99.135835621262345, 19.39910865521853 ], [ -99.13630885115127, 19.399134364457868 ], [ -99.137174629776354, 19.399197394845807 ], [ -99.137049759546628, 19.399851844551986 ], [ -99.136878790934773, 19.400922444410771 ], [ -99.136812540438982, 19.401339045317652 ], [ -99.136786941210033, 19.40155379483582 ], [ -99.136579960704552, 19.402808893524067 ], [ -99.136434230743518, 19.402807723553149 ], [ -99.136242860729311, 19.402839303542034 ], [ -99.136031710771363, 19.402907903888341 ], [ -99.135865761704835, 19.403051723754341 ], [ -99.135742140927917, 19.403193993299286 ], [ -99.135705170128205, 19.403222205489435 ], [ -99.135651675000986, 19.403263026344355 ], [ -99.135631890440479, 19.403278124067363 ], [ -99.13549502509052, 19.403329220034479 ], [ -99.135413530356942, 19.40335964382454 ], [ -99.1351550906993, 19.403346853259695 ], [ -99.134711400966168, 19.403319953538826 ], [ -99.134290261278068, 19.40329625386607 ], [ -99.133909308793108, 19.403269849084001 ], [ -99.133904527424022, 19.403269516462924 ], [ -99.133868243562617, 19.403267001533461 ], [ -99.13381201879109, 19.403263104389005 ], [ -99.133792530847302, 19.403261753424704 ], [ -99.133734857763784, 19.40325887902484 ], [ -99.133703744024643, 19.403257328400304 ], [ -99.133701417214752, 19.403257212683712 ], [ -99.133233771562502, 19.403233903906326 ], [ -99.132904761272201, 19.403210293281624 ], [ -99.132727601649052, 19.403202693243909 ], [ -99.132491231646227, 19.403188493629312 ], [ -99.132175591137553, 19.403159783300698 ], [ -99.131967881838889, 19.403145353770864 ], [ -99.13161169193198, 19.403122183246104 ], [ -99.13149065214013, 19.403115623320545 ], [ -99.131111592420112, 19.403100134021216 ], [ -99.131049532189664, 19.403102693836722 ], [ -99.13084893225961, 19.403108183760875 ], [ -99.130580761266344, 19.403127304103148 ], [ -99.130521692750335, 19.403133363918208 ], [ -99.130303310501972, 19.403161953356715 ], [ -99.130031681663894, 19.403204643390826 ], [ -99.129783562819554, 19.403258563670448 ], [ -99.129496831993677, 19.40333607336882 ], [ -99.129063193538556, 19.403470078433628 ], [ -99.129054861227445, 19.403472654039618 ], [ -99.129007315801545, 19.403487346788705 ], [ -99.128877847926333, 19.403527355443934 ], [ -99.128827533047584, 19.403542903499282 ], [ -99.128703830161939, 19.403577312711466 ], [ -99.12866270795169, 19.403588750122282 ], [ -99.128659639623862, 19.403589605238238 ], [ -99.128307403323333, 19.403687583447578 ], [ -99.128135883313121, 19.403738993903129 ], [ -99.127914742870217, 19.403807783794743 ], [ -99.127687403417866, 19.403873353762251 ], [ -99.127508112442499, 19.403924473566036 ], [ -99.127056463633608, 19.404064843571536 ], [ -99.126468232889593, 19.404181673082814 ], [ -99.126396792237301, 19.404193353504613 ], [ -99.125949021853756, 19.404278593277692 ], [ -99.125932462264814, 19.404281745343717 ], [ -99.125864091361478, 19.40429476067871 ], [ -99.125731087179815, 19.404320079415896 ], [ -99.125691716169769, 19.40432757400351 ], [ -99.125690773601008, 19.40432775362072 ], [ -99.125689926554401, 19.404327887027918 ], [ -99.125663592654377, 19.404332023026633 ], [ -99.125600605298501, 19.404343039240246 ], [ -99.125560220576489, 19.404350102209644 ], [ -99.123928374579592, 19.404635493292417 ], [ -99.123729226005494, 19.40467429753263 ], [ -99.123267143074571, 19.404764333408355 ], [ -99.122273653724974, 19.404946524419152 ], [ -99.121712464317667, 19.405029413614731 ], [ -99.121607706854519, 19.405045482868459 ], [ -99.121597463552931, 19.405047053892641 ], [ -99.121596970726699, 19.405047145996861 ], [ -99.121596601584386, 19.405047215084092 ], [ -99.12110954323451, 19.405138103556713 ], [ -99.121011894176021, 19.405150363274466 ], [ -99.120424064000758, 19.405243623279695 ], [ -99.120138434564112, 19.405288933271592 ], [ -99.119657802844515, 19.405370963115235 ], [ -99.118802055017795, 19.405513993338491 ], [ -99.118073913822386, 19.405523571716092 ], [ -99.117212144345828, 19.405534903829839 ], [ -99.117211642932972, 19.405534905139572 ], [ -99.116728255006166, 19.405537932537118 ], [ -99.116727752638653, 19.405537933827002 ], [ -99.116372826138743, 19.405540154046239 ], [ -99.116372323752088, 19.40554015624074 ], [ -99.115543374983645, 19.405545361382018 ], [ -99.115059495517031, 19.405555752972212 ], [ -99.114571191615411, 19.405611706657275 ], [ -99.114563795159626, 19.405612554070039 ], [ -99.114429736791905, 19.405642964489033 ], [ -99.114409196735409, 19.405647623284629 ], [ -99.113844195753003, 19.405775824134299 ], [ -99.113626716699287, 19.405807052965077 ], [ -99.11355585574411, 19.405836552773142 ], [ -99.113477324133072, 19.405861815609736 ], [ -99.113474285502804, 19.405862794228252 ], [ -99.113188005386405, 19.405936383777579 ], [ -99.112830774907863, 19.406007292588868 ], [ -99.112182036449639, 19.406136022552506 ], [ -99.110145536469062, 19.40654029297681 ], [ -99.107383548459183, 19.407114412678517 ], [ -99.106068577185496, 19.407386413443223 ], [ -99.105599608586516, 19.407483443711449 ], [ -99.10478491886937, 19.40765747319367 ], [ -99.103523139168274, 19.407925382093463 ], [ -99.102816486996346, 19.408070953656456 ], [ -99.101898429582505, 19.408261533770567 ], [ -99.101077229921614, 19.40842678296233 ], [ -99.099672640138252, 19.408708792001011 ], [ -99.099146264440208, 19.408803777503248 ], [ -99.098901399167374, 19.408847962620815 ], [ -99.098109995427421, 19.408918490282936 ], [ -99.098073949389885, 19.408921702862539 ], [ -99.098035749282374, 19.40913490201001 ], [ -99.097969533779292, 19.409139298684924 ], [ -99.097959068863645, 19.409139992132975 ], [ -99.097895384001887, 19.409142966651231 ], [ -99.097781998648912, 19.409148261664924 ], [ -99.097529501030664, 19.409160051908479 ], [ -99.097212300427685, 19.409166443315485 ], [ -99.097182018025904, 19.409165715796345 ], [ -99.097102207320361, 19.409163803179762 ], [ -99.097046243440431, 19.409162460931199 ], [ -99.097018410417519, 19.40916179311262 ], [ -99.096971680495344, 19.409160379909956 ], [ -99.096420230041261, 19.409143703395774 ], [ -99.096115629838195, 19.409113152528121 ], [ -99.09569906038675, 19.409057932851951 ], [ -99.095585441120377, 19.409042551939407 ], [ -99.095162870894569, 19.408985303439298 ], [ -99.094749659924446, 19.408929331947888 ], [ -99.094318410656498, 19.408870931953306 ], [ -99.093899341515709, 19.408814182185154 ], [ -99.093493032088006, 19.408759131950415 ], [ -99.093111992093398, 19.408707542518801 ], [ -99.093046630704109, 19.408698693447562 ], [ -99.093018324448607, 19.408694521589197 ], [ -99.093007341634035, 19.408692903055559 ], [ -99.092647269913513, 19.408639975912006 ], [ -99.092579906383705, 19.40863007411706 ], [ -99.092328520436439, 19.408593122270826 ], [ -99.092026367550901, 19.408548698672458 ], [ -99.091635581719771, 19.408491243540404 ], [ -99.091587272456962, 19.408484153731553 ], [ -99.091044010133061, 19.408404292732687 ], [ -99.090464786814678, 19.408319136847137 ], [ -99.090362730026413, 19.408304131359259 ], [ -99.09029922932254, 19.408294794963858 ], [ -99.090253172055398, 19.408288023560178 ], [ -99.09021459596913, 19.408282353095618 ], [ -99.089520702056632, 19.408180352012391 ], [ -99.088890443220677, 19.408087692776281 ], [ -99.088248901784155, 19.407993363659358 ], [ -99.087451701634038, 19.407878622762812 ], [ -99.086867233335951, 19.407795843949899 ], [ -99.086374323787325, 19.407726022862533 ], [ -99.08584847115084, 19.407651541555378 ], [ -99.08582158340046, 19.407647732793308 ], [ -99.085737734242812, 19.407635856297706 ], [ -99.085727638596879, 19.407634426513411 ], [ -99.085258972707891, 19.40756804331907 ], [ -99.08470137324116, 19.407490782708493 ], [ -99.084113043509731, 19.407409273458804 ], [ -99.083710738354242, 19.407351779424356 ], [ -99.083626938456831, 19.407339803932484 ], [ -99.083608041737875, 19.407337103175212 ], [ -99.083048234128952, 19.407257122445301 ], [ -99.082494492465472, 19.40717799254676 ], [ -99.081927664939286, 19.407102763656383 ], [ -99.081562478226672, 19.407054295600265 ], [ -99.081403407819906, 19.407033183728476 ], [ -99.081277044053152, 19.407016412295111 ], [ -99.081054923787761, 19.406986553020978 ], [ -99.080870473247472, 19.40696175795442 ], [ -99.080823573085041, 19.406955453097478 ], [ -99.080219275059676, 19.406882072987731 ], [ -99.079901143205603, 19.406867993922102 ], [ -99.079782403614146, 19.406866982791964 ], [ -99.079718414816, 19.406865363966372 ], [ -99.079451463248745, 19.406898182268488 ], [ -99.079065803808263, 19.406998303517522 ], [ -99.078970604203207, 19.407036153902848 ], [ -99.078513783418842, 19.406989223049184 ], [ -99.078232745352366, 19.407047352683431 ], [ -99.078114129057099, 19.407091424696784 ], [ -99.078084355155809, 19.407102485224968 ], [ -99.07797086522875, 19.407144652693784 ], [ -99.077544004272127, 19.407685253341747 ], [ -99.077084034456163, 19.40842216969757 ], [ -99.077117645468661, 19.408439902915468 ], [ -99.077304732347642, 19.408537126941567 ], [ -99.077300757277982, 19.408542292285389 ], [ -99.077219356390898, 19.408648081576988 ], [ -99.077107944656689, 19.408792873031455 ], [ -99.076999744452792, 19.408961273483094 ], [ -99.076938641881526, 19.409057496402323 ], [ -99.076914899263741, 19.409094887198378 ], [ -99.076893445039715, 19.409128672181826 ], [ -99.076861470424234, 19.409176216929129 ], [ -99.076808259790212, 19.409255344334962 ], [ -99.076729564067563, 19.409372365263422 ], [ -99.076702267584722, 19.409412956780674 ], [ -99.076676244784494, 19.409451652746988 ], [ -99.07661880214215, 19.409535000775705 ], [ -99.076337066141789, 19.409943781723786 ], [ -99.076317907936982, 19.409969728258964 ], [ -99.076108274579312, 19.410253651770848 ], [ -99.075890865785865, 19.410575721476768 ], [ -99.075635476445456, 19.410977531838952 ], [ -99.075450154576217, 19.411269122079258 ], [ -99.075282046461794, 19.411538921906892 ], [ -99.075094726515388, 19.411834931652557 ], [ -99.074995600687387, 19.411985631693991 ], [ -99.074749324880173, 19.412360042676696 ], [ -99.074431016669834, 19.412851991438124 ], [ -99.074010236698655, 19.413486272350859 ], [ -99.073769606588812, 19.413855180708097 ], [ -99.073504756980171, 19.414269250602942 ], [ -99.073472085095247, 19.414303676275377 ], [ -99.073398955642261, 19.414380730921373 ], [ -99.073385062966906, 19.414402220203641 ], [ -99.073315435512072, 19.414509920782983 ], [ -99.073269985368157, 19.414589502249871 ], [ -99.073250634939541, 19.414620242153404 ], [ -99.073224453119266, 19.414662064658792 ], [ -99.073191634496951, 19.414714492350619 ], [ -99.073141430855856, 19.414794556267367 ], [ -99.072257675619511, 19.416203931523359 ], [ -99.072205009726034, 19.416288959682991 ], [ -99.071972451412606, 19.416664410575219 ], [ -99.07197219712522, 19.416664820680683 ], [ -99.071445922985305, 19.417514448237149 ], [ -99.07142304588497, 19.417551380514123 ], [ -99.07140064349592, 19.417588444322426 ], [ -99.071330235585393, 19.417704920202851 ], [ -99.070691692593599, 19.418681029156904 ], [ -99.070609015689001, 19.418807410011777 ], [ -99.070302376995755, 19.419282219692796 ], [ -99.069912976808354, 19.419871389309417 ], [ -99.069752046384664, 19.420051670685766 ], [ -99.069487786736588, 19.420249871059802 ], [ -99.069284906250644, 19.420372409287754 ], [ -99.06901320796743, 19.420521250576385 ], [ -99.068735616394036, 19.420632609582324 ], [ -99.068434278193166, 19.420730920578197 ], [ -99.068227925402667, 19.42077459079205 ], [ -99.067944877577347, 19.420800249524749 ], [ -99.067870837716555, 19.420801129428938 ], [ -99.065722447708822, 19.420816249200225 ], [ -99.064778408827635, 19.420822900825989 ], [ -99.063669637949914, 19.420809409710046 ], [ -99.061653647267349, 19.420825920084862 ], [ -99.059853209792308, 19.420840639493822 ], [ -99.05791448066924, 19.42088378954265 ], [ -99.05785437836181, 19.420903420282578 ], [ -99.057744418432833, 19.420943390398747 ], [ -99.057568129820666, 19.421009689837121 ], [ -99.05739761879893, 19.421070639052108 ], [ -99.057255709469956, 19.421128219336801 ], [ -99.057118948871064, 19.421183119554012 ], [ -99.057018808584985, 19.421239809250867 ], [ -99.056915609698947, 19.421301010149634 ], [ -99.056817978817165, 19.421356929391624 ], [ -99.056702678993403, 19.421440960671337 ], [ -99.056550819631738, 19.421561788915369 ], [ -99.056380280114979, 19.421711408982006 ], [ -99.056278130032823, 19.421832038829784 ], [ -99.056199209017905, 19.421947848836709 ], [ -99.056132310976622, 19.422076779924087 ], [ -99.056113275012748, 19.422107897463526 ], [ -99.056037650852033, 19.422231520475755 ], [ -99.055902120189884, 19.42218263408413 ], [ -99.055778821250826, 19.422138158844287 ], [ -99.055828590959578, 19.421958298933703 ], [ -99.055880680455218, 19.421547558938247 ], [ -99.056009080772114, 19.420535039114451 ], [ -99.056010930895098, 19.420520559819003 ], [ -99.056107850376407, 19.419756329642173 ], [ -99.056159959290937, 19.419345409739297 ], [ -99.056171130480081, 19.419257299411168 ], [ -99.056171654760703, 19.419253153846807 ], [ -99.056303793461183, 19.418211210191995 ], [ -99.056303805726913, 19.418211128874127 ], [ -99.056303818580531, 19.418211020382095 ], [ -99.056393420307714, 19.417504500435726 ], [ -99.056436350886756, 19.417048990617143 ], [ -99.056467040893963, 19.416723300089345 ], [ -99.056544700857685, 19.415899270356011 ], [ -99.05656804071846, 19.41565164074877 ], [ -99.056630990879114, 19.41498364117302 ], [ -99.056648620922047, 19.414796671051846 ], [ -99.056668930285753, 19.414606550697162 ], [ -99.056719730904334, 19.414130731268685 ], [ -99.056757210848204, 19.413779891530549 ], [ -99.056783280991752, 19.413535641350137 ], [ -99.056815209399446, 19.413236781027049 ], [ -99.056838900250526, 19.413014870952949 ], [ -99.05690182100345, 19.412425691385419 ], [ -99.056914620419363, 19.412305751208418 ], [ -99.057067330722063, 19.410875891867523 ], [ -99.057083390713771, 19.410725471722735 ], [ -99.057148500747076, 19.410115782310882 ], [ -99.05718386871763, 19.409784551621776 ], [ -99.057197500430149, 19.409653352425643 ], [ -99.05722933014971, 19.409346652095145 ], [ -99.057310010760943, 19.408569522615824 ], [ -99.057348480755948, 19.408198952343611 ], [ -99.057378780511328, 19.407907102113555 ], [ -99.057468580442205, 19.407042162723325 ], [ -99.057501280575565, 19.406727042817106 ] ] ] } },
{ "type": "Feature", "properties": { "CVEGEO": "09007", "alcaldia": "Iztapalapa" }, "geometry": { "type": "Polygon", "coordinates": [ [ [ -99.016911520045639, 19.381871197876965 ], [ -99.01651400081353, 19.381663078776533 ], [ -99.016412110930744, 19.38160972794681 ], [ -99.016028460240022, 19.38140972872548 ], [ -99.015784190757671, 19.381282368372073 ], [ -99.015597910709545, 19.38118525860915 ], [ -99.015124600848893, 19.38093850848195 ], [ -99.015114560983505, 19.380933218482976 ], [ -99.014653821467675, 19.380690568189248 ], [ -99.014612371121544, 19.380668758224068 ], [ -99.014182970885827, 19.380442598780526 ], [ -99.014066721359868, 19.380381389036131 ], [ -99.013730541234636, 19.38020432899042 ], [ -99.013302110978913, 19.379978699157331 ], [ -99.013276821090727, 19.379965369067495 ], [ -99.012801741893142, 19.379715168827374 ], [ -99.012510081939041, 19.379561558505436 ], [ -99.012355461198737, 19.379480129213832 ], [ -99.011882682130476, 19.379231128789819 ], [ -99.011759231858292, 19.379166108626279 ], [ -99.011465422178631, 19.379011359192901 ], [ -99.010975052325065, 19.378753098802271 ], [ -99.010961432334312, 19.378745929035993 ], [ -99.010525742200684, 19.37851645897068 ], [ -99.010157052996661, 19.378322275070314 ], [ -99.009845682079714, 19.378136129430121 ], [ -99.009613282493319, 19.377997197956017 ], [ -99.009567746742917, 19.377969969465411 ], [ -99.009447022414051, 19.377897799319232 ], [ -99.009439222558157, 19.377893139565359 ], [ -99.009316722756694, 19.377820169387974 ], [ -99.009267432528873, 19.377790819505062 ], [ -99.009263575793923, 19.37778852310003 ], [ -99.009219262184104, 19.377762128796537 ], [ -99.009216886974187, 19.377760718932969 ], [ -99.009214512718813, 19.37775930908829 ], [ -99.009125002546526, 19.377705989176597 ], [ -99.008966992261023, 19.377611879419028 ], [ -99.008966838641015, 19.3776117875754 ], [ -99.008763082556385, 19.377490429370933 ], [ -99.008650632259105, 19.377423449727971 ], [ -99.008551822726162, 19.37736459910171 ], [ -99.008543707818347, 19.377359766334305 ], [ -99.008434821282677, 19.377294910427242 ], [ -99.008434255818273, 19.377294572111669 ], [ -99.008038926330457, 19.377059125194492 ], [ -99.008009432906348, 19.377041559031213 ], [ -99.007735362346764, 19.376878309497837 ], [ -99.007711380689059, 19.376864025765542 ], [ -99.007675692373894, 19.376842769347864 ], [ -99.007452791858839, 19.376710009714742 ], [ -99.007302992911534, 19.376620789192739 ], [ -99.006909662532337, 19.376386529828448 ], [ -99.006510203076303, 19.376148599570111 ], [ -99.006152512911868, 19.375935539664969 ], [ -99.005778033226463, 19.375712499376505 ], [ -99.005682943312877, 19.37565586006605 ], [ -99.005401062965404, 19.375487969867923 ], [ -99.005032963796054, 19.375268709655195 ], [ -99.00478386312578, 19.375120339526482 ], [ -99.004615623659376, 19.375020129921161 ], [ -99.004226203773456, 19.374788169555451 ], [ -99.004215393168266, 19.37478193023793 ], [ -99.00378289346412, 19.374532310117431 ], [ -99.003320803799454, 19.374265600095768 ], [ -99.002939593712853, 19.374045570211027 ], [ -99.002906964204541, 19.374026740235905 ], [ -99.00264079440133, 19.373873110458298 ], [ -99.002230403900612, 19.373636250037606 ], [ -99.001820404063466, 19.373399620108035 ], [ -99.001406804743553, 19.373160880649763 ], [ -99.001006854765649, 19.372930030798223 ], [ -99.000606574232535, 19.372698990318455 ], [ -99.000188914528124, 19.372457910725998 ], [ -99.00014974445655, 19.37243531033058 ], [ -99.0000730545203, 19.372391050232615 ], [ -98.99979014467047, 19.372224430707092 ], [ -98.999442775051392, 19.372019830781387 ], [ -98.999388824675549, 19.371988060977579 ], [ -98.999004664781367, 19.371761821044551 ], [ -98.998616024983363, 19.37153291047564 ], [ -98.998338485343353, 19.371369460489088 ], [ -98.998204284908198, 19.371290420838125 ], [ -98.998044695319749, 19.371196420906184 ], [ -98.997876125149929, 19.371097140777721 ], [ -98.997769195909569, 19.37103416487362 ], [ -98.99761851567024, 19.370945420477657 ], [ -98.99761838465075, 19.370945343570273 ], [ -98.997618254585547, 19.370945266681868 ], [ -98.997539495569853, 19.37089887556083 ], [ -98.997485825260028, 19.370867261085852 ], [ -98.99722056515796, 19.370711030447346 ], [ -98.997161234616129, 19.370676101056006 ], [ -98.996802095600685, 19.370464571292402 ], [ -98.996801529139233, 19.370464237445702 ], [ -98.996800964566503, 19.370463904542721 ], [ -98.996798943839025, 19.370462710855826 ], [ -98.996796861697078, 19.370461487857789 ], [ -98.996796327264519, 19.370461173676699 ], [ -98.996795795675069, 19.370460860458312 ], [ -98.996462884951214, 19.370264770909124 ], [ -98.996369723498532, 19.370209911319005 ], [ -98.9961534049676, 19.37008251119553 ], [ -98.99604143387522, 19.370016561396817 ], [ -98.995817264792734, 19.369884531093462 ], [ -98.995598206791854, 19.369755499042302 ], [ -98.995596559295421, 19.369754526611416 ], [ -98.995596146461921, 19.369754283711138 ], [ -98.995594924960187, 19.369753563503586 ], [ -98.99537145342093, 19.369621936073351 ], [ -98.995322854829453, 19.369593311404959 ], [ -98.995124803612384, 19.369476661160302 ], [ -98.994875194611254, 19.369329651542309 ], [ -98.994709124059767, 19.3692318312997 ], [ -98.99459232498387, 19.369163031568526 ], [ -98.994275864109284, 19.368976651310653 ], [ -98.994273706804151, 19.36897537513352 ], [ -98.994273300595921, 19.368975135079975 ], [ -98.994272921704038, 19.368974911880425 ], [ -98.994272485336339, 19.368974654010227 ], [ -98.994269084693286, 19.368972652650065 ], [ -98.994160131469044, 19.368908478681476 ], [ -98.99406569313156, 19.368852852903316 ], [ -98.993945915329263, 19.368782301658872 ], [ -98.993864854139801, 19.3687345616625 ], [ -98.993604125427225, 19.368580991211356 ], [ -98.993433034266147, 19.368480201771508 ], [ -98.993239085093776, 19.368365971332313 ], [ -98.993040994348462, 19.368249281416222 ], [ -98.992937765096869, 19.368188481719891 ], [ -98.992609944229784, 19.367995394892311 ], [ -98.992609886734783, 19.367995361126766 ], [ -98.992607291210703, 19.367993826108808 ], [ -98.992604884195629, 19.367992401767793 ], [ -98.992599960221128, 19.367989516463897 ], [ -98.99259986692104, 19.367989461144408 ], [ -98.992310270379946, 19.367818880130891 ], [ -98.992310210996465, 19.36781884542151 ], [ -98.99226582667886, 19.367792701347184 ], [ -98.992186374713611, 19.367745901376011 ], [ -98.991931524321728, 19.367595791541358 ], [ -98.991886284923964, 19.367551061654812 ], [ -98.991792324787525, 19.367458161683022 ], [ -98.991747725839929, 19.367000851511023 ], [ -98.991799315745254, 19.366862061798685 ], [ -98.991862484976068, 19.36669208215153 ], [ -98.991875996036725, 19.366636911563614 ], [ -98.991910166619078, 19.366497231387751 ], [ -98.991940067093111, 19.366374932096978 ], [ -98.99195032686815, 19.366332991705196 ], [ -98.991978866495018, 19.366216362250292 ], [ -98.992029376438694, 19.366009862334515 ], [ -98.99204708632827, 19.365937501596889 ], [ -98.992176926680614, 19.365406701935864 ], [ -98.992243746883005, 19.365133592061468 ], [ -98.992279036133496, 19.364989312104132 ], [ -98.992331486260582, 19.364774902356405 ], [ -98.992410696466536, 19.364451032652735 ], [ -98.992459026533538, 19.364253512072906 ], [ -98.992489686647048, 19.364128202527368 ], [ -98.992568656632201, 19.363805362117436 ], [ -98.992588096833131, 19.363725832146908 ], [ -98.992617796135832, 19.363604502321113 ], [ -98.992636294846378, 19.363528863612213 ], [ -98.992669826401809, 19.363391762626954 ], [ -98.992731516139287, 19.363139592521559 ], [ -98.992765566260744, 19.363000402379054 ], [ -98.99276914613219, 19.362985772446748 ], [ -98.992850996545968, 19.362651162757022 ], [ -98.992860116692228, 19.362617133046005 ], [ -98.992900566288228, 19.3624663122893 ], [ -98.992919605967202, 19.362395342869526 ], [ -98.992965896065357, 19.362222762411015 ], [ -98.993012396106892, 19.362049403250424 ], [ -98.993102425991296, 19.361713733308889 ], [ -98.993137665979148, 19.361582362496772 ], [ -98.993377566415575, 19.360687963282164 ], [ -98.993459946566006, 19.360380803421215 ], [ -98.993507916349941, 19.360290262784396 ], [ -98.99358600655259, 19.36014288340716 ], [ -98.994054625744212, 19.359258503326927 ], [ -98.994167605819811, 19.359045233465949 ], [ -98.994440126123536, 19.358843193837039 ], [ -98.994539626319323, 19.358563533299851 ], [ -98.994549006465022, 19.3581384036817 ], [ -98.99426439410226, 19.357848933767158 ], [ -98.993744196611019, 19.357376973766502 ], [ -98.992495576387057, 19.356329903826722 ], [ -98.992464776739837, 19.356304083960026 ], [ -98.99159856680339, 19.355577673960969 ], [ -98.991459766786065, 19.355461284023338 ], [ -98.991354286512433, 19.355360654537172 ], [ -98.990984696541901, 19.355008114657121 ], [ -98.990878430456604, 19.354906744322282 ], [ -98.990723206366823, 19.354758664589053 ], [ -98.990585946617884, 19.354627734945051 ], [ -98.990098797209058, 19.354163024881593 ], [ -98.989617397087869, 19.35370380495517 ], [ -98.989168096230642, 19.353275224378248 ], [ -98.988769347256962, 19.352894825037879 ], [ -98.988085658094136, 19.352242624746978 ], [ -98.987605888097818, 19.351778856611055 ], [ -98.987575976927772, 19.351749946448546 ], [ -98.987167066432747, 19.351354685961162 ], [ -98.986031025648273, 19.350256540698567 ], [ -98.985860697344293, 19.350091895700395 ], [ -98.985449637888394, 19.349694540398875 ], [ -98.985202528210763, 19.349455666941811 ], [ -98.984809697653361, 19.349075935552388 ], [ -98.984696727373333, 19.348966736384725 ], [ -98.984477378841532, 19.348754685418601 ], [ -98.983853967695467, 19.348161007296763 ], [ -98.982552697715121, 19.346921826541433 ], [ -98.982380287699257, 19.346757627620715 ], [ -98.982222317974646, 19.346607196456695 ], [ -98.981491568696612, 19.345911286121371 ], [ -98.981265537586793, 19.345692027953682 ], [ -98.980652568977931, 19.345097406905996 ], [ -98.980577220834903, 19.345024313781241 ], [ -98.979862229059307, 19.344330717578529 ], [ -98.979623329440045, 19.344098978235785 ], [ -98.979493298856951, 19.343972837143564 ], [ -98.979186439545131, 19.343675147439651 ], [ -98.979014599319399, 19.343508436600064 ], [ -98.97898809882571, 19.34348274825086 ], [ -98.978785669708273, 19.343286367132038 ], [ -98.978534859693383, 19.342989633169143 ], [ -98.978069869787277, 19.342439507199369 ], [ -98.978069493059763, 19.34243906200814 ], [ -98.978069117286424, 19.342438616836038 ], [ -98.978055728692297, 19.342422768305038 ], [ -98.977814346543539, 19.342137169690549 ], [ -98.977800779252391, 19.342121117314218 ], [ -98.977519669861238, 19.34164679827115 ], [ -98.977269881407295, 19.341225269002333 ], [ -98.977154430177237, 19.341030488668544 ], [ -98.976448694213403, 19.339840137829981 ], [ -98.97610486059213, 19.33930737773213 ], [ -98.975816980482278, 19.338861337971043 ], [ -98.975815270541986, 19.33885868778496 ], [ -98.975472031149081, 19.338326858349866 ], [ -98.975207871038194, 19.338028688581208 ], [ -98.974952070683813, 19.337739948131698 ], [ -98.974629351005035, 19.337375658229124 ], [ -98.974317499550381, 19.337023658492782 ], [ -98.974316934555816, 19.337023181434141 ], [ -98.974316897074942, 19.337023149875566 ], [ -98.974316653449435, 19.337022944744866 ], [ -98.974315041813256, 19.337021585915053 ], [ -98.974313886485277, 19.337020612261785 ], [ -98.974313546335551, 19.337020326365945 ], [ -98.97430567830105, 19.337013695501021 ], [ -98.974290592504815, 19.337000982307675 ], [ -98.974286226981974, 19.336997303941565 ], [ -98.974275771899329, 19.336988491891777 ], [ -98.974200698087643, 19.336925225686098 ], [ -98.974133873748485, 19.33686891056924 ], [ -98.97411050674657, 19.336849218417527 ], [ -98.974033283631684, 19.336784139444799 ], [ -98.974013572855526, 19.336767527907156 ], [ -98.973934059796591, 19.336700519208371 ], [ -98.973864885686254, 19.336642223267301 ], [ -98.973864670182635, 19.336642041352096 ], [ -98.97384855939562, 19.336628463994263 ], [ -98.973310594453011, 19.336175097308736 ], [ -98.972861295653786, 19.335796449529472 ], [ -98.972780531618653, 19.335728398549303 ], [ -98.972749046701153, 19.335703249112019 ], [ -98.972549889104116, 19.335544168661229 ], [ -98.971858074547455, 19.334991629722669 ], [ -98.971625830291117, 19.334806138640637 ], [ -98.971193439583075, 19.334435736528036 ], [ -98.970547972390619, 19.333882799314615 ], [ -98.970215201238673, 19.333599348474717 ], [ -98.9698938104072, 19.333325590470576 ], [ -98.969756551120298, 19.333208672695193 ], [ -98.968370952068796, 19.332028406003477 ], [ -98.968282558344711, 19.33195310486839 ], [ -98.968100898255116, 19.33179834982111 ], [ -98.968036003852333, 19.331743077660121 ], [ -98.968021552576673, 19.331730769881219 ], [ -98.967681188553811, 19.331440829662533 ], [ -98.96766623248773, 19.331428089472986 ], [ -98.967267732736033, 19.331088639588959 ], [ -98.967195122970111, 19.331026799672554 ], [ -98.966909233113967, 19.330783239731968 ], [ -98.966770752843217, 19.330668270282256 ], [ -98.966511693015519, 19.330453150176361 ], [ -98.966055671595598, 19.330074510175539 ], [ -98.965685725007546, 19.329767316532365 ], [ -98.965440472777402, 19.329563666143603 ], [ -98.965365524418317, 19.329501430498919 ], [ -98.965326424365003, 19.329468959349967 ], [ -98.965279213282813, 19.329429750531215 ], [ -98.963989033465424, 19.328358410612289 ], [ -98.963768595830402, 19.328172721660724 ], [ -98.962986981814538, 19.327514313086176 ], [ -98.962523756752759, 19.327124100650298 ], [ -98.961536314050988, 19.326292286729164 ], [ -98.961338068086917, 19.326125284419554 ], [ -98.9611900891733, 19.326000625952123 ], [ -98.961176748216602, 19.32598938736777 ], [ -98.961112118604404, 19.325934943277357 ], [ -98.960873123975006, 19.325733611098542 ], [ -98.960817516907895, 19.32568675219412 ], [ -98.960442344742717, 19.325370598984208 ], [ -98.960440740833349, 19.325369248329444 ], [ -98.960867329779674, 19.325391091598409 ], [ -98.960897519800426, 19.325392636819949 ], [ -98.960923516801174, 19.325393968102915 ], [ -98.960960494035021, 19.325395859174268 ], [ -98.960967731234931, 19.32539622858588 ], [ -98.961020941410922, 19.325398926463901 ], [ -98.961185990037933, 19.325407298424697 ], [ -98.961277236076768, 19.325411925731874 ], [ -98.961300491379404, 19.325413105748737 ], [ -98.96133161223959, 19.325414684106413 ], [ -98.961746883478099, 19.325435745398277 ], [ -98.961771637545525, 19.32543700079334 ], [ -98.961802664026322, 19.325438574437133 ], [ -98.962207766438297, 19.325459119137602 ], [ -98.962265572034966, 19.325462050345212 ], [ -98.9623390810725, 19.325465778464157 ], [ -98.962364454859411, 19.32546706525244 ], [ -98.962834328609858, 19.325490892426725 ], [ -98.962870708454162, 19.325492737492514 ], [ -98.962910338436799, 19.32549474756798 ], [ -98.963364295381936, 19.325517764678164 ], [ -98.9633865696687, 19.325518894750676 ], [ -98.963426600105493, 19.325520924520042 ], [ -98.963980867373778, 19.325549027920673 ], [ -98.964036481176933, 19.325551847345263 ], [ -98.964075628787228, 19.325553832015782 ], [ -98.964595563387334, 19.325580192048232 ], [ -98.964620382342474, 19.325581450091761 ], [ -98.96465812083018, 19.325583363708457 ], [ -98.965685833857691, 19.325635461368691 ], [ -98.965809556880046, 19.325641733213804 ], [ -98.965902710025986, 19.325646454926424 ], [ -98.965941461067302, 19.325648419367752 ], [ -98.966140144478189, 19.325658489006617 ], [ -98.966178072784359, 19.325660409679802 ], [ -98.966251494323757, 19.325664131415998 ], [ -98.966344272880605, 19.325668830835042 ], [ -98.968267032437765, 19.325719594520198 ], [ -98.968267662986364, 19.325719610799993 ], [ -98.968307042701809, 19.325663261423831 ], [ -98.968610122521, 19.325229611607917 ], [ -98.968952562323324, 19.324739658686717 ], [ -98.968952593901463, 19.324739612203025 ], [ -98.969038182194836, 19.32474781093994 ], [ -98.969299461945553, 19.324772871663992 ], [ -98.969856972185639, 19.324850841484306 ], [ -98.97038500224005, 19.324924691427213 ], [ -98.970784631982653, 19.32517943121583 ], [ -98.971175732122219, 19.325428720919291 ], [ -98.974701501304963, 19.325664321545766 ], [ -98.975316030471987, 19.325640581448681 ], [ -98.975948750054357, 19.324943842070454 ], [ -98.97616128061874, 19.324938560907185 ], [ -98.976195190768436, 19.32493771838239 ], [ -98.976284800375183, 19.324935490888841 ], [ -98.97622052910485, 19.324293291378105 ], [ -98.976508860398653, 19.324252781124098 ], [ -98.976582859057302, 19.324944661845933 ], [ -98.976934170179518, 19.325065261954254 ], [ -98.977385079162232, 19.325220866223667 ], [ -98.977389139879449, 19.325222267668181 ], [ -98.97738972999008, 19.32522247156972 ], [ -98.977402259325274, 19.325163151583755 ], [ -98.977486210289314, 19.324765672330475 ], [ -98.978037969063806, 19.324989442397012 ], [ -98.977918949262559, 19.325282272520873 ], [ -98.978195440300823, 19.325328171610092 ], [ -98.97824093859991, 19.325081511483305 ], [ -98.978240953765919, 19.325081430237642 ], [ -98.978243086902665, 19.325069868478447 ], [ -98.978322630285206, 19.324638641776424 ], [ -98.978479400095495, 19.324607211806438 ], [ -98.978489793880826, 19.324506818135877 ], [ -98.978517309893206, 19.324241033149331 ], [ -98.978537794910778, 19.324043163832435 ], [ -98.978552655967803, 19.323899616892174 ], [ -98.978552659613882, 19.32389958162722 ], [ -98.978797544331982, 19.323918274205585 ], [ -98.97892012964175, 19.323927631359492 ], [ -98.979331719868767, 19.323959041578856 ], [ -98.979700350120368, 19.324027001822945 ], [ -98.980186799934813, 19.324143891042436 ], [ -98.980256719327201, 19.324187181436539 ], [ -98.980599689090297, 19.324653741675604 ], [ -98.980284569937112, 19.324996278330115 ], [ -98.980079736247305, 19.325218933201118 ], [ -98.979559780081701, 19.325784121512452 ], [ -98.979860579693138, 19.326136670749769 ], [ -98.980884949509999, 19.326184581258868 ], [ -98.98652705827601, 19.326445341333947 ], [ -98.989385527172232, 19.326577660535786 ], [ -98.992932656072227, 19.326741751035016 ], [ -98.997963795289408, 19.326974381676344 ], [ -99.001346069827036, 19.32713069398843 ], [ -99.001346653377425, 19.327130720976289 ], [ -99.007543373049984, 19.325167982466322 ], [ -99.009441372373047, 19.324566891465128 ], [ -99.018732090134378, 19.321624202356308 ], [ -99.025953478704892, 19.319335262363083 ], [ -99.025968618735632, 19.319330982899139 ], [ -99.034908735817567, 19.316800973620012 ], [ -99.03872522516771, 19.315722924170789 ], [ -99.038785190241271, 19.315683033382857 ], [ -99.038845155260077, 19.315643143478681 ], [ -99.038968747020945, 19.315485528585938 ], [ -99.039026315394679, 19.315412113699292 ], [ -99.039101731291808, 19.315296467311924 ], [ -99.039148315229482, 19.315225033416986 ], [ -99.039218480076656, 19.31511745058658 ], [ -99.039234795530504, 19.315092433621945 ], [ -99.039287584961656, 19.315011513247345 ], [ -99.039310365557114, 19.314976573647581 ], [ -99.039348255210115, 19.314931493947181 ], [ -99.039372314665599, 19.314902873960534 ], [ -99.039505215302782, 19.314744773468615 ], [ -99.039577564913174, 19.31468438404341 ], [ -99.039747274778819, 19.314828403850282 ], [ -99.039862508483907, 19.314926188608311 ], [ -99.040044665759964, 19.31508076235674 ], [ -99.040095365103227, 19.315123783586554 ], [ -99.040434824353653, 19.315411833613556 ], [ -99.040737934792659, 19.315154473959272 ], [ -99.041701704905222, 19.314336204219952 ], [ -99.041771934901519, 19.314413494797527 ], [ -99.041945214636328, 19.314212554430021 ], [ -99.04197799303914, 19.314172893877402 ], [ -99.042176684767455, 19.313932543556341 ], [ -99.042223353347637, 19.313876094377914 ], [ -99.04238699471081, 19.313678124416466 ], [ -99.042516453951364, 19.313521513568507 ], [ -99.042599183688026, 19.313421434985109 ], [ -99.042634243047132, 19.313379033704308 ], [ -99.042774134688415, 19.313209784186459 ], [ -99.042798933675542, 19.313179803687028 ], [ -99.043020534350191, 19.312911723849055 ], [ -99.043261844425047, 19.312619804675638 ], [ -99.043497182842827, 19.312335094899939 ], [ -99.043604853454937, 19.3122048351693 ], [ -99.044584582487602, 19.312907614117066 ], [ -99.044668784065479, 19.3129681749067 ], [ -99.044828652462641, 19.312776553783291 ], [ -99.044830503991605, 19.312774353805306 ], [ -99.044926852476365, 19.312858414770442 ], [ -99.045261623614905, 19.313373973999209 ], [ -99.045420763268581, 19.313556203572634 ], [ -99.045605853595816, 19.313773944281504 ], [ -99.045643452834128, 19.313818175174028 ], [ -99.045696472090313, 19.31388857534278 ], [ -99.045802612089162, 19.314029544342183 ], [ -99.045926332328946, 19.314168745040242 ], [ -99.046128442278032, 19.314332413391149 ], [ -99.046306783831966, 19.314521673771928 ], [ -99.046610071904524, 19.314873583992561 ], [ -99.046680932754796, 19.314666145048129 ], [ -99.047091744409556, 19.314133220573197 ], [ -99.047503579082232, 19.313598962592213 ], [ -99.047676582703517, 19.313374530488236 ], [ -99.048120792301162, 19.312798265027077 ], [ -99.048409764281516, 19.312439732084194 ], [ -99.048853421594302, 19.311889275818075 ], [ -99.048859991841184, 19.311881114486479 ], [ -99.049378762740076, 19.312263635734677 ], [ -99.049607555099954, 19.312416351145263 ], [ -99.050301901685117, 19.312879814775364 ], [ -99.050306681777698, 19.312882784017582 ], [ -99.050421901339448, 19.312954263897559 ], [ -99.050662013320405, 19.312689374357085 ], [ -99.050879272605926, 19.312449694839827 ], [ -99.050924838980237, 19.312394105961857 ], [ -99.052042380945068, 19.31103075532609 ], [ -99.05206309437169, 19.311004227386537 ], [ -99.052255651729794, 19.310757614889908 ], [ -99.053774931472617, 19.311856944211815 ], [ -99.053972871821458, 19.311618605319701 ], [ -99.053987761263585, 19.311601124850128 ], [ -99.054177611667086, 19.311378354751607 ], [ -99.054200411441599, 19.311351584510202 ], [ -99.054439981171029, 19.311077184307265 ], [ -99.054648131693583, 19.310840264388254 ], [ -99.05489173095809, 19.310535814328894 ], [ -99.055127670963998, 19.310254325022697 ], [ -99.055180881035582, 19.310190844476352 ], [ -99.055341130697428, 19.309991605069943 ], [ -99.055472301189852, 19.309828524577092 ], [ -99.055762981361411, 19.309476784598569 ], [ -99.056089820647983, 19.309076925225924 ], [ -99.056194761335917, 19.308947945077978 ], [ -99.056922420592855, 19.308053605223666 ], [ -99.058394610082374, 19.306252666123672 ], [ -99.059863620089516, 19.304437746237266 ], [ -99.060478869993275, 19.304687296483362 ], [ -99.06087787984859, 19.304855316165085 ], [ -99.062656219105719, 19.305437875728607 ], [ -99.06339195915632, 19.305682075776819 ], [ -99.063417577976139, 19.305608675783063 ], [ -99.063427386651696, 19.305580574482011 ], [ -99.063709128876241, 19.304773345613846 ], [ -99.063823479059039, 19.304449125918879 ], [ -99.064024979036446, 19.303876046486216 ], [ -99.064165498854848, 19.303477116655522 ], [ -99.06434037896787, 19.302960266081005 ], [ -99.064482438874222, 19.302546916412016 ], [ -99.064492778772788, 19.302517526176526 ], [ -99.064769758899345, 19.301640177035623 ], [ -99.064579328889039, 19.301083746773358 ], [ -99.064414448819335, 19.300601977244344 ], [ -99.064376618794981, 19.300509476718418 ], [ -99.063937759402307, 19.299477746923341 ], [ -99.063595349001133, 19.298670157289518 ], [ -99.063391589445317, 19.298398647322685 ], [ -99.062959679558091, 19.297823117759794 ], [ -99.062794709696377, 19.297603277621153 ], [ -99.062634499777474, 19.297301097439188 ], [ -99.062612749558951, 19.296988618167337 ], [ -99.062601819865435, 19.296831747798603 ], [ -99.062586819241773, 19.296711637769612 ], [ -99.062504439608361, 19.296321518014949 ], [ -99.06244749985197, 19.296097357731057 ], [ -99.062397239786819, 19.295899527915367 ], [ -99.062344809859809, 19.295692897954286 ], [ -99.062333439378065, 19.295651877861534 ], [ -99.062119709866792, 19.294819248691091 ], [ -99.061969929558018, 19.294422048537172 ], [ -99.061711479831061, 19.294216668543505 ], [ -99.061554379879283, 19.294089348058037 ], [ -99.061593639575861, 19.293553118196783 ], [ -99.061610179716538, 19.293066668417488 ], [ -99.061623989677443, 19.292660208570577 ], [ -99.061641255112917, 19.292627421809023 ], [ -99.061676239845738, 19.292560979146533 ], [ -99.061715949291809, 19.292516718945794 ], [ -99.062088469774736, 19.292101498765124 ], [ -99.062498649883977, 19.291644239200064 ], [ -99.062816039548039, 19.291291809534766 ], [ -99.063059979354165, 19.291039349321156 ], [ -99.063378759615588, 19.29070946940314 ], [ -99.063425379561863, 19.290661218887458 ], [ -99.063529588838435, 19.290554728949818 ], [ -99.063729079117422, 19.290350869612173 ], [ -99.064156899126814, 19.289916549316619 ], [ -99.064264988892049, 19.289806789276067 ], [ -99.064386158597969, 19.289684559735104 ], [ -99.06472294900756, 19.289344759423074 ], [ -99.06494074916472, 19.289125040012326 ], [ -99.065007158835513, 19.289058039727077 ], [ -99.065347508466402, 19.288714639805789 ], [ -99.065513638592108, 19.288549099643184 ], [ -99.065689528890701, 19.288373950037116 ], [ -99.065750698732373, 19.28831303963905 ], [ -99.065955378299122, 19.288109209985354 ], [ -99.066022588745611, 19.288042729579672 ], [ -99.066186128855207, 19.287880980173238 ], [ -99.066358208911211, 19.287710760051954 ], [ -99.066703078406334, 19.287369620064805 ], [ -99.067012548390949, 19.287063520199538 ], [ -99.067050038763782, 19.287026439776778 ], [ -99.067194178356644, 19.286878479721004 ], [ -99.067368617994106, 19.286699419804894 ], [ -99.067563838159046, 19.286499019890133 ], [ -99.067767107996332, 19.286288130008536 ], [ -99.067926378563911, 19.286122840562761 ], [ -99.068081478490072, 19.285961870693065 ], [ -99.068111278396032, 19.285931130781929 ], [ -99.068290558080335, 19.285723220318598 ], [ -99.068469498356819, 19.285515670064033 ], [ -99.06855307794055, 19.285418750759042 ], [ -99.068634347538904, 19.285325500470037 ], [ -99.068812948006837, 19.285120610731088 ], [ -99.068959078269998, 19.284952950711272 ], [ -99.069145247392044, 19.285082840513081 ], [ -99.069872248103692, 19.285731840448268 ], [ -99.071368126918628, 19.287067190276559 ], [ -99.072177526811032, 19.287815359592248 ], [ -99.072348807331139, 19.287945269685146 ], [ -99.074066386537183, 19.289096079230248 ], [ -99.074479586792208, 19.289368930820984 ], [ -99.074933435740505, 19.289695240100034 ], [ -99.075238206747585, 19.290076379258569 ], [ -99.075902305125126, 19.290983270072925 ], [ -99.077218035112693, 19.292845788925934 ], [ -99.077307605901069, 19.292960008959895 ], [ -99.077712045472467, 19.293225068559764 ], [ -99.078015275744477, 19.293471118876042 ], [ -99.078651635892726, 19.294210238641472 ], [ -99.078962975046409, 19.294585608666843 ], [ -99.079198705283261, 19.294865238126036 ], [ -99.079686325536471, 19.295450948353317 ], [ -99.079963615247536, 19.295764898192786 ], [ -99.080363445493418, 19.296234277699433 ], [ -99.082310404405405, 19.298580297279827 ], [ -99.083160544798403, 19.299649417545943 ], [ -99.083364374157185, 19.300075976792293 ], [ -99.083582974614316, 19.300406647318198 ], [ -99.08383663403265, 19.300720956982346 ], [ -99.084105063781905, 19.301037067314859 ], [ -99.084350494366149, 19.3013640971025 ], [ -99.084463998925628, 19.301512051865128 ], [ -99.08457750373185, 19.301660006567808 ], [ -99.084849103623242, 19.301978067092968 ], [ -99.085125673712113, 19.302266846774373 ], [ -99.08537609371561, 19.302588416490654 ], [ -99.085617093703263, 19.302885836929526 ], [ -99.085867603278459, 19.303187946402712 ], [ -99.086150243359384, 19.303501526447505 ], [ -99.086284153704341, 19.303601325991199 ], [ -99.086710633223618, 19.303792476327388 ], [ -99.087177703528255, 19.304146756027276 ], [ -99.087190692229441, 19.304162745768927 ], [ -99.087457903214556, 19.304480786529687 ], [ -99.087651203495795, 19.304678956393261 ], [ -99.087651219852731, 19.304678994763389 ], [ -99.087927863176475, 19.305321956037812 ], [ -99.087942201697857, 19.305338962087706 ], [ -99.088137093073627, 19.305570095849522 ], [ -99.088340919798711, 19.30584543738351 ], [ -99.088382772660793, 19.305901975430363 ], [ -99.088396170857195, 19.305914673095593 ], [ -99.088435752780171, 19.305952186171055 ], [ -99.088534204490486, 19.306065550088992 ], [ -99.088607522692016, 19.306149975374208 ], [ -99.088645524827442, 19.306188449187427 ], [ -99.088833367835335, 19.306378619910468 ], [ -99.088953924700377, 19.306500670270129 ], [ -99.089013273274389, 19.306560755574434 ], [ -99.08903558144074, 19.306591742626225 ], [ -99.08922487320406, 19.306854675387331 ], [ -99.089298587448866, 19.306936819304472 ], [ -99.08936642100889, 19.307012409540349 ], [ -99.089479183174006, 19.307138065895838 ], [ -99.089551393381541, 19.307300625931759 ], [ -99.089593633178595, 19.307395715292856 ], [ -99.089661307965059, 19.307486742669628 ], [ -99.08976403274491, 19.307624915780512 ], [ -99.089869402758552, 19.307724755142431 ], [ -99.090017514676902, 19.307868046616111 ], [ -99.090284752357334, 19.308126585195794 ], [ -99.090357172204179, 19.308223675629968 ], [ -99.090371086321483, 19.308241456162062 ], [ -99.090527293008421, 19.308441064893071 ], [ -99.090565194344606, 19.308485382315805 ], [ -99.090791082351544, 19.308749512324663 ], [ -99.090806632322213, 19.308767694915822 ], [ -99.090832814912275, 19.308802166835289 ], [ -99.09141163267121, 19.309564245437439 ], [ -99.091727951864044, 19.309983664668788 ], [ -99.091786151904074, 19.310049215024925 ], [ -99.091919271971747, 19.310208574465303 ], [ -99.092242201665783, 19.310581724799093 ], [ -99.092341292304255, 19.310676915083523 ], [ -99.092611351825511, 19.310985574906837 ], [ -99.092671490933057, 19.311059754578132 ], [ -99.09272023179085, 19.311119874600038 ], [ -99.092826632439284, 19.311259944394937 ], [ -99.093175232336264, 19.311699314515536 ], [ -99.093215941698332, 19.311754294640412 ], [ -99.093565301412482, 19.312201554264927 ], [ -99.09392755213544, 19.312665314420624 ], [ -99.094081272011792, 19.312865344516947 ], [ -99.094257721378682, 19.312768614432709 ], [ -99.094957291832742, 19.313688414004577 ], [ -99.095842841624076, 19.31481211379398 ], [ -99.096749181018126, 19.315985543172374 ], [ -99.097432740987642, 19.316823522923215 ], [ -99.097702430749962, 19.317170063124493 ], [ -99.09823035064548, 19.317956832678355 ], [ -99.098434940344106, 19.318269752583234 ], [ -99.098638870352445, 19.318587293318465 ], [ -99.09867780025904, 19.318671512629525 ], [ -99.098702060755059, 19.318792013156465 ], [ -99.098637660281312, 19.318954643183485 ], [ -99.098481060613622, 19.31903517287898 ], [ -99.098688810751952, 19.319638512898294 ], [ -99.098792980667184, 19.320445242956445 ], [ -99.099051500311887, 19.320439002558974 ], [ -99.099068580112018, 19.320438582153717 ], [ -99.099069170429345, 19.320441202095232 ], [ -99.099069201783138, 19.320441343139795 ], [ -99.099116870323712, 19.320654242403922 ], [ -99.099199350190261, 19.320914112750067 ], [ -99.099234400804264, 19.320984382813549 ], [ -99.099290740709947, 19.321097352112584 ], [ -99.099404841413858, 19.321241072100346 ], [ -99.099518867049625, 19.321384698159434 ], [ -99.099528460282343, 19.321396781928492 ], [ -99.09958764330095, 19.321470444685705 ], [ -99.099946200669478, 19.321916722286677 ], [ -99.100398739753302, 19.322401462479743 ], [ -99.100676749927089, 19.322679832202954 ], [ -99.100835030302889, 19.322836432069423 ], [ -99.101039830128812, 19.322985612177977 ], [ -99.101161889900496, 19.323074541701892 ], [ -99.101410229741759, 19.323236342310558 ], [ -99.101694370092957, 19.32342147154845 ], [ -99.101959426088968, 19.323578982784813 ], [ -99.10205880952725, 19.323638041553455 ], [ -99.10239202979777, 19.323836061438588 ], [ -99.102773859932029, 19.324052211325785 ], [ -99.103337640615578, 19.32435307355421 ], [ -99.10345053974082, 19.324413322070118 ], [ -99.103812978913851, 19.324584011756048 ], [ -99.103832110479829, 19.32459394771525 ], [ -99.103979459342199, 19.324670471789755 ], [ -99.104178499013074, 19.324807601562021 ], [ -99.104328599323765, 19.324935041082814 ], [ -99.104883578176398, 19.325477812102829 ], [ -99.104916606531674, 19.325510114583182 ], [ -99.105093839016902, 19.325683461017228 ], [ -99.105181528542673, 19.325769218929526 ], [ -99.105198688898952, 19.325786001381118 ], [ -99.105209404205752, 19.32579647991578 ], [ -99.105420748594739, 19.326003151326447 ], [ -99.105538148476768, 19.326117981088377 ], [ -99.105686169906349, 19.326262743784941 ], [ -99.105721639081054, 19.32629743148448 ], [ -99.10574897628868, 19.326331218566562 ], [ -99.105762469208159, 19.326347890826529 ], [ -99.106038639061822, 19.326689290758615 ], [ -99.106068598333209, 19.32672011529344 ], [ -99.106084921613302, 19.326736908804413 ], [ -99.106426052341831, 19.327087875941025 ], [ -99.106536658206466, 19.32720167062001 ], [ -99.106810694442387, 19.327483619165541 ], [ -99.107062468687744, 19.327742660933012 ], [ -99.107580858531421, 19.328283870926342 ], [ -99.107921537908254, 19.328723431009234 ], [ -99.108004238260804, 19.328851690799002 ], [ -99.108328258109182, 19.329354150839425 ], [ -99.108344715378323, 19.329379672340103 ], [ -99.108613578397467, 19.329796630532481 ], [ -99.108937288408157, 19.330298609911562 ], [ -99.109132008239541, 19.330605210328226 ], [ -99.109297377915894, 19.330865570247102 ], [ -99.109622057604369, 19.331311059831521 ], [ -99.109713427566803, 19.331463749983744 ], [ -99.109810347364188, 19.331728869784765 ], [ -99.109831189871841, 19.331800801679112 ], [ -99.109973917603824, 19.332293379499355 ], [ -99.109989056255586, 19.332332351054138 ], [ -99.110084627380175, 19.332578549491238 ], [ -99.11015986775368, 19.332693549292486 ], [ -99.110315687262883, 19.332876749830522 ], [ -99.110422697810804, 19.33296036950432 ], [ -99.11053056805612, 19.333044639815974 ], [ -99.110581967879412, 19.333073629348128 ], [ -99.110712316344319, 19.333140440508764 ], [ -99.111261597030165, 19.333421969990496 ], [ -99.111610567700353, 19.333664109892908 ], [ -99.111922866791275, 19.333960429060262 ], [ -99.112150806865856, 19.334215349391496 ], [ -99.112431576889392, 19.334631489220428 ], [ -99.112926896630398, 19.335365579211505 ], [ -99.112955896510442, 19.335426409520355 ], [ -99.11301465726946, 19.335555668683082 ], [ -99.113207637293314, 19.335974348627833 ], [ -99.113589007048716, 19.336645088464355 ], [ -99.113756236814666, 19.336921108879022 ], [ -99.113899766312699, 19.337333258548789 ], [ -99.113949096995668, 19.33763422838263 ], [ -99.114012717023982, 19.337956828881183 ], [ -99.114030916704536, 19.338133348909835 ], [ -99.114060766528823, 19.338246798859725 ], [ -99.11412797656584, 19.338634578431627 ], [ -99.114169946239826, 19.338966638467003 ], [ -99.114174886802701, 19.339011628162876 ], [ -99.114208227073803, 19.339226867923426 ], [ -99.11430413633785, 19.33982800772149 ], [ -99.114337146840242, 19.340068638384896 ], [ -99.11438906637224, 19.340417608280923 ], [ -99.114424536490347, 19.340582347706771 ], [ -99.114439376803716, 19.340675707485076 ], [ -99.11446780626612, 19.340787577484051 ], [ -99.114541066691316, 19.340967637832662 ], [ -99.114945086859848, 19.341869337622722 ], [ -99.115107396308687, 19.342231567427859 ], [ -99.115155656648923, 19.342330167574552 ], [ -99.115235217869198, 19.342514381245589 ], [ -99.115299516099469, 19.342663257285732 ], [ -99.115407967439467, 19.342908580954454 ], [ -99.115563856145016, 19.343261207513081 ], [ -99.115650516256466, 19.343429857557865 ], [ -99.115723729325879, 19.34352953751139 ], [ -99.11586700617724, 19.343702607371561 ], [ -99.116074396087456, 19.343960886745474 ], [ -99.116211226287575, 19.344113107094437 ], [ -99.116396856329644, 19.344391136980629 ], [ -99.117044026438975, 19.345552966494527 ], [ -99.117059176413889, 19.345580796628486 ], [ -99.117252885888064, 19.345941636679775 ], [ -99.117384495923204, 19.346186436632074 ], [ -99.11775635273905, 19.346832370660209 ], [ -99.118053495291193, 19.347348516391513 ], [ -99.118128552418796, 19.347461690931567 ], [ -99.118223916079558, 19.347605485921189 ], [ -99.118896535646613, 19.348619706129401 ], [ -99.119449564953698, 19.349453575912982 ], [ -99.1195390949905, 19.349588565921927 ], [ -99.119552375479827, 19.349611945715406 ], [ -99.119816455081363, 19.349989625439687 ], [ -99.120138734987478, 19.350424935493336 ], [ -99.120234375056171, 19.350558345447745 ], [ -99.12035269602984, 19.350841311447528 ], [ -99.120353224882734, 19.350842575582515 ], [ -99.120480401487825, 19.351146708532362 ], [ -99.12048139558145, 19.351149085175646 ], [ -99.120769684567321, 19.351838565444016 ], [ -99.120923745321178, 19.352312144981049 ], [ -99.121254174954245, 19.353337235407423 ], [ -99.121445894950384, 19.353917144597276 ], [ -99.121580885296311, 19.354633454865812 ], [ -99.121882735194205, 19.356973574128592 ], [ -99.121968407424134, 19.357631001757412 ], [ -99.121969475293241, 19.357639193451551 ], [ -99.121972039003822, 19.357658859695082 ], [ -99.121972042150674, 19.357658891469075 ], [ -99.121979421153199, 19.357659736988477 ], [ -99.121989694426858, 19.357660914005006 ], [ -99.121991729912736, 19.357661134907683 ], [ -99.121993403454738, 19.357661316295601 ], [ -99.122367121506869, 19.35770191565511 ], [ -99.122378565746601, 19.357703158441183 ], [ -99.122469654778698, 19.357713053787663 ], [ -99.122545655346343, 19.35772130979467 ], [ -99.122690002257954, 19.357736989996607 ], [ -99.123613294226274, 19.357837284290117 ], [ -99.123778003896135, 19.357855174218962 ], [ -99.124616364160474, 19.357946234138105 ], [ -99.125106933628544, 19.357999514318458 ], [ -99.125606093914087, 19.35805373378772 ], [ -99.125858254246211, 19.358081113983904 ], [ -99.126105713863097, 19.358107993873581 ], [ -99.126279963310253, 19.358126654221675 ], [ -99.126575283927451, 19.358158934371506 ], [ -99.126726163104109, 19.358175363784817 ], [ -99.127081033751736, 19.358213913995527 ], [ -99.127162943369612, 19.358222803769401 ], [ -99.127700802969272, 19.358281203535942 ], [ -99.127759663687499, 19.35828760426487 ], [ -99.128269403641127, 19.35834296383473 ], [ -99.128389933264813, 19.358356653637443 ], [ -99.128687362782969, 19.358388343605267 ], [ -99.128922563201954, 19.358414233816191 ], [ -99.129090052594293, 19.358432063840652 ], [ -99.129378362667282, 19.358463373472102 ], [ -99.129518652576209, 19.358478603981521 ], [ -99.129850432365686, 19.358514633966902 ], [ -99.130134712741665, 19.358545504060807 ], [ -99.130320392623759, 19.358565663539363 ], [ -99.130862092271485, 19.358624483782354 ], [ -99.13117022291182, 19.358657944173945 ], [ -99.131353282252206, 19.358372774137209 ], [ -99.131416422735384, 19.358257203680129 ], [ -99.131755281935568, 19.357713793728166 ], [ -99.131905562696204, 19.357517103860566 ], [ -99.132119342398028, 19.357298174428323 ], [ -99.13227974252257, 19.357173853800028 ], [ -99.132361572369462, 19.357116914585035 ], [ -99.132494561721899, 19.357031003775145 ], [ -99.132683391873357, 19.356914773898716 ], [ -99.132907171862854, 19.356798114266144 ], [ -99.133066621763106, 19.356733164260298 ], [ -99.133480481612139, 19.356585174453286 ], [ -99.133666542206996, 19.35654902391359 ], [ -99.133962771691429, 19.356530794655978 ], [ -99.134262820746116, 19.356537774657713 ], [ -99.134388831661667, 19.356543634237017 ], [ -99.134552091597413, 19.356560714705367 ], [ -99.134739531690002, 19.356566314615648 ], [ -99.135023731352419, 19.356586174661835 ], [ -99.135516531659107, 19.356620204755565 ], [ -99.135907531136368, 19.356643454365528 ], [ -99.136246141347897, 19.356671864280589 ], [ -99.136566621335703, 19.356691704132345 ], [ -99.13692942101622, 19.356714364083761 ], [ -99.13727105121454, 19.356739913960112 ], [ -99.137713960489464, 19.35676553423637 ], [ -99.13922419011233, 19.356862374206592 ], [ -99.13982831074911, 19.356914683880568 ], [ -99.139881050041126, 19.357137104548613 ], [ -99.139886140013004, 19.357366684027905 ], [ -99.139648650365558, 19.358350683965796 ], [ -99.139392290681144, 19.359533864024495 ], [ -99.139180310057696, 19.360482933195755 ], [ -99.139032570503446, 19.361123032951486 ], [ -99.138896091037097, 19.361804882728912 ], [ -99.138759290397871, 19.362457803548185 ], [ -99.138629960979543, 19.363077713148968 ], [ -99.13851160031669, 19.363628002510779 ], [ -99.138374790485187, 19.364284592210399 ], [ -99.13821779041254, 19.364908362561749 ], [ -99.138071220819057, 19.365500101843327 ], [ -99.137942601061141, 19.366088431879607 ], [ -99.137821940724621, 19.366701283178561 ], [ -99.137730880939031, 19.367208511452695 ], [ -99.137549679183905, 19.368009822123817 ], [ -99.13741012951094, 19.368617081966228 ], [ -99.137169770523897, 19.369613571419261 ], [ -99.136923228916757, 19.370787461239864 ], [ -99.13671865116406, 19.371623681302975 ], [ -99.136445821381031, 19.372868821464301 ], [ -99.136221340826424, 19.373843740513937 ], [ -99.135992481044696, 19.374868710921671 ], [ -99.135931360956491, 19.375226600003366 ], [ -99.135790761063916, 19.375868370085051 ], [ -99.135722790948762, 19.376188660148124 ], [ -99.13548003176146, 19.377184059365483 ], [ -99.135417000077936, 19.37730332957797 ], [ -99.135023261969835, 19.377397599207189 ], [ -99.134143710837009, 19.37747753958924 ], [ -99.133842771100788, 19.377445419673158 ], [ -99.133323740997895, 19.377393859945059 ], [ -99.13287148245783, 19.377346799387421 ], [ -99.132440772162568, 19.377300029508845 ], [ -99.13199953197423, 19.37725327963793 ], [ -99.13154216132655, 19.377212329617514 ], [ -99.131394791290987, 19.377199849943711 ], [ -99.131062292724451, 19.377166569895227 ], [ -99.130833711774343, 19.377136829936976 ], [ -99.130561092683223, 19.377111759949546 ], [ -99.130190741466535, 19.377075049820938 ], [ -99.130074051303836, 19.377064589565315 ], [ -99.129692172493691, 19.377026219420575 ], [ -99.129572821695319, 19.376995189719754 ], [ -99.129530621432181, 19.376990219847315 ], [ -99.129469893297539, 19.376972739474702 ], [ -99.129097391648727, 19.376902709819461 ], [ -99.128405833301571, 19.376782019903832 ], [ -99.128355312948585, 19.376771299829695 ], [ -99.128270963432115, 19.376755649899582 ], [ -99.12781697351447, 19.376670859658812 ], [ -99.12760829349979, 19.376631429551274 ], [ -99.127440452678798, 19.376595449533397 ], [ -99.127316033267249, 19.376576649654282 ], [ -99.127233282629646, 19.376564740162102 ], [ -99.126793683725708, 19.376495110044118 ], [ -99.126653763620311, 19.376469229740351 ], [ -99.126618178457917, 19.376461099198448 ], [ -99.126437023059751, 19.376419699907959 ], [ -99.126382334005797, 19.376408449547732 ], [ -99.126161203419144, 19.37637705004424 ], [ -99.125988309523009, 19.376343326444466 ], [ -99.125965822739374, 19.376338939841059 ], [ -99.12588497270508, 19.37632548002308 ], [ -99.125590600337745, 19.37628197604166 ], [ -99.125426943561109, 19.376257789695462 ], [ -99.125259002976961, 19.376229019996092 ], [ -99.125009823894302, 19.376187969467733 ], [ -99.124572024270535, 19.376093389507634 ], [ -99.12444881249472, 19.376063882516451 ], [ -99.124400113383146, 19.376052219869646 ], [ -99.124086654579301, 19.375996959613772 ], [ -99.123973533179438, 19.375973789685197 ], [ -99.12354656372446, 19.375897399654406 ], [ -99.123162024093148, 19.375833859667189 ], [ -99.122656001480394, 19.37573505115153 ], [ -99.122526232097073, 19.375696590158306 ], [ -99.12252967944282, 19.3759137311981 ], [ -99.122553723954169, 19.377429309960746 ], [ -99.122556121573737, 19.377580406716838 ], [ -99.122558294492592, 19.37771733902531 ], [ -99.122561480686528, 19.377880498839513 ], [ -99.122562747018222, 19.377945335284394 ], [ -99.122565288547023, 19.378075492234327 ], [ -99.122581463400593, 19.37890378949896 ], [ -99.122570428620762, 19.379949789338269 ], [ -99.122569459003344, 19.380041753930403 ], [ -99.122568794256367, 19.380104758700615 ], [ -99.122585313367424, 19.380271738500134 ], [ -99.122585094491185, 19.380279200012193 ], [ -99.122554943581946, 19.381309078790597 ], [ -99.122549514788474, 19.381495018693528 ], [ -99.122475681018784, 19.38235765874407 ], [ -99.122468824174092, 19.382437768794709 ], [ -99.121118914158018, 19.382345228099673 ], [ -99.12084397485566, 19.382326768315156 ], [ -99.120546194880291, 19.38231275870849 ], [ -99.120380225409477, 19.382306588525331 ], [ -99.120106464863298, 19.38229167837434 ], [ -99.119778344152948, 19.38227542804977 ], [ -99.119358575788681, 19.382250188055934 ], [ -99.119074895608179, 19.382237028793721 ], [ -99.118795765757895, 19.382222858421731 ], [ -99.118423114636016, 19.38219632858651 ], [ -99.118166265051784, 19.382179158517058 ], [ -99.118081225713297, 19.382173248834469 ], [ -99.117922605830429, 19.382165508039989 ], [ -99.117816735954818, 19.382160698763442 ], [ -99.117775365918661, 19.382158128214087 ], [ -99.117706864592677, 19.382157768541258 ], [ -99.117655334437984, 19.38215467885794 ], [ -99.117558205875127, 19.382149708112774 ], [ -99.117361205778209, 19.382143448318605 ], [ -99.117188564387277, 19.382134828531491 ], [ -99.117021054914943, 19.382125418438516 ], [ -99.116913465792592, 19.382119418584264 ], [ -99.116761255980649, 19.38210279816364 ], [ -99.116663265075587, 19.382089768380762 ], [ -99.116467536471362, 19.38207789819803 ], [ -99.116312166178176, 19.382061818692456 ], [ -99.116134175733293, 19.382049328788952 ], [ -99.116010665960687, 19.382033798115401 ], [ -99.115827695816947, 19.382014108659178 ], [ -99.115722005544725, 19.381996598139438 ], [ -99.115581426025344, 19.381972368547721 ], [ -99.115403336338289, 19.381959478090629 ], [ -99.115299226269116, 19.381950218863601 ], [ -99.115119485325408, 19.381929958612737 ], [ -99.11503339638125, 19.381915738694612 ], [ -99.114797465149152, 19.381890528795477 ], [ -99.114731836416937, 19.381881328838176 ], [ -99.11445708688268, 19.381833278223979 ], [ -99.114396976294472, 19.381824798763947 ], [ -99.1140891157889, 19.381779618328185 ], [ -99.113907485575581, 19.381752018860563 ], [ -99.113752565895027, 19.381728228620304 ], [ -99.1135583766943, 19.381706568736256 ], [ -99.113371796602664, 19.381691128732456 ], [ -99.113106796225878, 19.381676598848138 ], [ -99.113050066959872, 19.381675498732275 ], [ -99.112824916369249, 19.381668848329696 ], [ -99.112712837354934, 19.381655768807541 ], [ -99.112591025537228, 19.381638819760735 ], [ -99.112373096485939, 19.381606658330806 ], [ -99.112202137176737, 19.381576228773543 ], [ -99.112038657279598, 19.381552458938852 ], [ -99.11195196740313, 19.381540618896175 ], [ -99.111722575961522, 19.381506598241856 ], [ -99.111552697256641, 19.381479658219423 ], [ -99.111326336633425, 19.381438758381357 ], [ -99.111115497026503, 19.381397598562547 ], [ -99.110928337344902, 19.381352998406161 ], [ -99.110681005038785, 19.381324003853823 ], [ -99.110575097888059, 19.381311588968533 ], [ -99.110548766027506, 19.381308618944306 ], [ -99.110518407358597, 19.381306108351335 ], [ -99.110451257836885, 19.381299078468167 ], [ -99.110407697989075, 19.381292538616794 ], [ -99.110379176772256, 19.381289878279699 ], [ -99.109428066913509, 19.38117609852393 ], [ -99.109406042813731, 19.38117266067562 ], [ -99.109390396968735, 19.381170218356552 ], [ -99.109176098280585, 19.381145898259174 ], [ -99.108921516919196, 19.381117018577687 ], [ -99.108746068203018, 19.381093198313295 ], [ -99.108561666822723, 19.381067538330253 ], [ -99.108514716895087, 19.381064258603136 ], [ -99.107997998511792, 19.380998708666535 ], [ -99.107663717377193, 19.380959228302256 ], [ -99.107426037054381, 19.380937958597144 ], [ -99.107354686163958, 19.380923398425548 ], [ -99.1073070585458, 19.380918358308197 ], [ -99.107193027344465, 19.380906788625182 ], [ -99.107030778568216, 19.3808903087148 ], [ -99.106921028183407, 19.38087953844644 ], [ -99.106845898198912, 19.380872338760788 ], [ -99.106737598893943, 19.380861358732403 ], [ -99.106550968475034, 19.38085312855306 ], [ -99.106292629010042, 19.380859448568614 ], [ -99.106081668410084, 19.38084536849869 ], [ -99.105930058866235, 19.380828298284346 ], [ -99.105716839003207, 19.380806818374975 ], [ -99.105659038595036, 19.38080684847986 ], [ -99.105395098934764, 19.380772678389857 ], [ -99.105099377506647, 19.380734998412425 ], [ -99.104746367697231, 19.380687158794242 ], [ -99.104257567574422, 19.380624508666283 ], [ -99.10374765947104, 19.380554258523397 ], [ -99.103361839352289, 19.38050721849547 ], [ -99.103010168998495, 19.380444459116216 ], [ -99.101242749304873, 19.38023665855691 ], [ -99.101136569928869, 19.380239158691122 ], [ -99.101083859037303, 19.380240399233617 ], [ -99.100786038570575, 19.380229099056525 ], [ -99.099505549983746, 19.380085019120791 ], [ -99.099128139192558, 19.380042308798089 ], [ -99.098712340828783, 19.379995758764018 ], [ -99.098306409264552, 19.379950679244679 ], [ -99.097959780518025, 19.379906799181637 ], [ -99.097606550551902, 19.379865678496532 ], [ -99.097280180767058, 19.379832198860743 ], [ -99.097012830392742, 19.379807199376035 ], [ -99.096655839514142, 19.379777728780073 ], [ -99.096292890108984, 19.379750159004363 ], [ -99.095978501056081, 19.379737629333629 ], [ -99.095724796897386, 19.379631459380594 ], [ -99.095639971246655, 19.379595959239172 ], [ -99.095540148983147, 19.379751310557108 ], [ -99.095254670997832, 19.380195588579085 ], [ -99.095065381686751, 19.380490188479214 ], [ -99.094874320053279, 19.380787528793078 ], [ -99.094819231297265, 19.380873258257989 ], [ -99.094704701732397, 19.381051498424323 ], [ -99.094549061879405, 19.381293728310922 ], [ -99.094345551534133, 19.381610428807807 ], [ -99.093903611737431, 19.382298197965262 ], [ -99.093526300985104, 19.382885387790456 ], [ -99.093237341975652, 19.383335108059185 ], [ -99.093137429762493, 19.383490568280109 ], [ -99.092971571346993, 19.38372607830653 ], [ -99.092943064971948, 19.383787346310076 ], [ -99.092902210493804, 19.383875150670857 ], [ -99.092889752233248, 19.383901927756636 ], [ -99.092877374887891, 19.383937611101935 ], [ -99.092838271518701, 19.384050358218261 ], [ -99.092815725561408, 19.384084841924537 ], [ -99.092309411262065, 19.38485921754787 ], [ -99.092229862397701, 19.384996897420251 ], [ -99.091886671647956, 19.385537367432224 ], [ -99.091549502465838, 19.386067967182782 ], [ -99.091158751953017, 19.386699337440017 ], [ -99.090930661377087, 19.387052556913641 ], [ -99.090730411957935, 19.38736287679534 ], [ -99.090540521865123, 19.38764985691213 ], [ -99.090470182069041, 19.387756156959874 ], [ -99.090380612894492, 19.387896196983419 ], [ -99.090209231150297, 19.388170626937374 ], [ -99.089859291686352, 19.388712506918093 ], [ -99.089670553051661, 19.388995926606569 ], [ -99.089495751313407, 19.389263906437357 ], [ -99.089318662962924, 19.3895516569618 ], [ -99.089127543019259, 19.389854956727053 ], [ -99.088987923217488, 19.3900762765008 ], [ -99.088793691870677, 19.390379386536456 ], [ -99.088662487137981, 19.390356986922669 ], [ -99.088604366494224, 19.390347062094744 ], [ -99.088235273179137, 19.390284046499936 ], [ -99.087852551799543, 19.390234096899611 ], [ -99.08748458335134, 19.390181506507414 ], [ -99.087119172464227, 19.390126996349853 ], [ -99.08685630322546, 19.390088956917051 ], [ -99.086759813597013, 19.390069476653849 ], [ -99.08665027252259, 19.390060196290097 ], [ -99.086562801273388, 19.390054447636054 ], [ -99.086518862102778, 19.390149166205017 ], [ -99.086366693025099, 19.39009990615115 ], [ -99.084899343900091, 19.389667556293887 ], [ -99.084576062685201, 19.389472357711874 ], [ -99.084517724180728, 19.389925416328403 ], [ -99.084376752867101, 19.390632136439518 ], [ -99.084316543895241, 19.39095695669732 ], [ -99.084297553960027, 19.391072936072486 ], [ -99.084221613713098, 19.391464936145844 ], [ -99.084135463897084, 19.39189735599361 ], [ -99.084024464433583, 19.392493225661006 ], [ -99.084010304226197, 19.392569226344968 ], [ -99.083825451833377, 19.392520360553526 ], [ -99.083640603352706, 19.392471496423891 ], [ -99.083575232958566, 19.392424826451652 ], [ -99.083200503592451, 19.392243366515537 ], [ -99.083131954269078, 19.392213056366497 ], [ -99.082791404099609, 19.392027356474532 ], [ -99.082432014019076, 19.391830615773504 ], [ -99.082367463950789, 19.391796046539508 ], [ -99.082105094059685, 19.391654196500152 ], [ -99.081906003365134, 19.391556496181263 ], [ -99.081767754516633, 19.391497025961186 ], [ -99.081421033212052, 19.391315876029218 ], [ -99.081359973225148, 19.391288416421968 ], [ -99.081044344710875, 19.391111966515279 ], [ -99.080905295077642, 19.391045615924718 ], [ -99.080684924882988, 19.390930726418027 ], [ -99.080440524825974, 19.390813016343341 ], [ -99.0803646349584, 19.390773246055794 ], [ -99.079933184587148, 19.390529477873354 ], [ -99.079379325121678, 19.390244366317575 ], [ -99.079354045575087, 19.390228306375096 ], [ -99.078852103982882, 19.389973016598894 ], [ -99.078803754193032, 19.389945506265811 ], [ -99.078346904348763, 19.389723766965112 ], [ -99.077845324502363, 19.389451936348504 ], [ -99.077254474482842, 19.389140026398678 ], [ -99.076750475955606, 19.388896527106894 ], [ -99.076309975897288, 19.388680707148204 ], [ -99.075885725252505, 19.388466826907951 ], [ -99.074834865049226, 19.387894426722287 ], [ -99.0745070956592, 19.387728152893125 ], [ -99.074504800285823, 19.38772698845095 ], [ -99.07432198666605, 19.387634247475336 ], [ -99.074109799048657, 19.387530120798182 ], [ -99.074104504613075, 19.387527522741959 ], [ -99.073902835316829, 19.387428556998714 ], [ -99.073481576998105, 19.387208737532152 ], [ -99.073006785558988, 19.386952567264807 ], [ -99.072517357163434, 19.386721307547099 ], [ -99.072119476030949, 19.386510677089174 ], [ -99.071727496862948, 19.386324297144107 ], [ -99.071369546072575, 19.386139477310223 ], [ -99.070914376661023, 19.385879797148018 ], [ -99.070718707705595, 19.385774757260407 ], [ -99.070436416091241, 19.385622677706209 ], [ -99.069941616382337, 19.385373567779073 ], [ -99.069470347099283, 19.385128077782404 ], [ -99.068947947905784, 19.384860137871495 ], [ -99.06759787669256, 19.384169338030048 ], [ -99.066726927473809, 19.383713857600089 ], [ -99.066542413589644, 19.383624023035122 ], [ -99.066357898040096, 19.383534188216878 ], [ -99.066151631264418, 19.38350438826799 ], [ -99.06614932478864, 19.383504055331503 ], [ -99.065827757520523, 19.383457597648565 ], [ -99.065541897712777, 19.383405080072031 ], [ -99.065537191649923, 19.383404215737752 ], [ -99.065535241878649, 19.383403858003565 ], [ -99.064989956897506, 19.383303677816816 ], [ -99.06411877885958, 19.383140057854934 ], [ -99.063651927892479, 19.383069567969716 ], [ -99.063343647852747, 19.383012251977917 ], [ -99.06324083907063, 19.382993137706208 ], [ -99.06238438858712, 19.382847538166885 ], [ -99.061518669520964, 19.382693558310297 ], [ -99.061032219788174, 19.38261594922076 ], [ -99.060840730041306, 19.382585398208747 ], [ -99.060828951269343, 19.382965983897961 ], [ -99.060828624814491, 19.382976545066871 ], [ -99.060824894476923, 19.383097091020694 ], [ -99.060823810000755, 19.38313213792879 ], [ -99.060792437902805, 19.383313877727534 ], [ -99.060777571573468, 19.383475814825168 ], [ -99.060775116046486, 19.38350254289848 ], [ -99.060774648657713, 19.383507648119828 ], [ -99.060745477304692, 19.383682760621564 ], [ -99.060745444170877, 19.383682968391692 ], [ -99.060744698073833, 19.383687449292026 ], [ -99.060636679115802, 19.384335877499598 ], [ -99.060502438693774, 19.385248227524585 ], [ -99.060420219825531, 19.385718537814817 ], [ -99.060362499124508, 19.386061937895143 ], [ -99.060341838516393, 19.386154527215496 ], [ -99.060243839395881, 19.38673213758668 ], [ -99.060199820032096, 19.387044137195222 ], [ -99.060158620108652, 19.387323967095188 ], [ -99.060035100131884, 19.387981817321656 ], [ -99.059982648979073, 19.388288736484434 ], [ -99.059927772934614, 19.388674244753719 ], [ -99.059919903833617, 19.388729521201856 ], [ -99.059918271317372, 19.38874099490004 ], [ -99.059862399685016, 19.389133495816832 ], [ -99.059835765862132, 19.389320593661957 ], [ -99.059835400084722, 19.38932315912335 ], [ -99.059789298857879, 19.389647016894813 ], [ -99.059705479694671, 19.390005186521915 ], [ -99.059590239444347, 19.390693556764305 ], [ -99.059521819430387, 19.391208196411458 ], [ -99.05948580903177, 19.391385936437647 ], [ -99.059438360461996, 19.391652185897861 ], [ -99.059410209685467, 19.391886276204939 ], [ -99.059343850059633, 19.392283155838349 ], [ -99.059224789851783, 19.393024475471371 ], [ -99.059180359822108, 19.393249185899442 ], [ -99.05915158987834, 19.393367226136974 ], [ -99.059078779507601, 19.393758696081964 ], [ -99.058969270153526, 19.394251695976749 ], [ -99.058968359428192, 19.39453405546405 ], [ -99.058919210480482, 19.395089495197922 ], [ -99.058816109006102, 19.395702585574337 ], [ -99.0587666100257, 19.396113135421988 ], [ -99.058654899220272, 19.397138755116842 ], [ -99.058590744918448, 19.39780272031215 ], [ -99.058570001075225, 19.398017417567839 ], [ -99.058556389025469, 19.398158290631248 ], [ -99.058550309095722, 19.398221224206054 ], [ -99.058550709311262, 19.398290754843458 ], [ -99.058542847636517, 19.398345062389708 ], [ -99.058523336199499, 19.398479859012642 ], [ -99.058515653845362, 19.398532938580228 ], [ -99.058504578167401, 19.398609444458756 ], [ -99.058366179062489, 19.399773644119247 ], [ -99.058346299715311, 19.399953094246918 ], [ -99.058310310127894, 19.400278294190667 ], [ -99.058259903828784, 19.400732874516539 ], [ -99.0582598989334, 19.400732924260545 ], [ -99.058125708967438, 19.400716714172244 ], [ -99.058125209858119, 19.400716653710987 ], [ -99.058128050002878, 19.400689224007635 ], [ -99.057924680539813, 19.400605784091379 ], [ -99.057603590102218, 19.400474043975816 ], [ -99.05629305104074, 19.399936334427057 ], [ -99.05610541114028, 19.399859354075637 ], [ -99.055562880677613, 19.399636754169688 ], [ -99.054953110811965, 19.399386564077851 ], [ -99.054901550745512, 19.399363023816786 ], [ -99.054901355944565, 19.399362934840767 ], [ -99.054901220752882, 19.399362871492986 ], [ -99.05490099001112, 19.399362766411727 ], [ -99.054170272583448, 19.399029226538413 ], [ -99.05392087137983, 19.398915384643171 ], [ -99.05378430155676, 19.398852704078568 ], [ -99.053311951060991, 19.398635904575766 ], [ -99.05289836172912, 19.398446094324729 ], [ -99.052563761340735, 19.398294474348834 ], [ -99.05245210188987, 19.398243894584699 ], [ -99.051852962116968, 19.397972414273799 ], [ -99.051390871994997, 19.397763024825537 ], [ -99.051310581924341, 19.397726655119754 ], [ -99.050862451641493, 19.397523595088629 ], [ -99.050651081678751, 19.397427825005025 ], [ -99.050500822223597, 19.397359734577229 ], [ -99.050103302652147, 19.397177654651447 ], [ -99.049631712131671, 19.396961655183745 ], [ -99.049240302481905, 19.396782364590578 ], [ -99.049144902361263, 19.396738675030154 ], [ -99.048840282394551, 19.396599135205424 ], [ -99.048445792918201, 19.396418444943841 ], [ -99.0481457924176, 19.396281024680238 ], [ -99.048001332411957, 19.396214854698282 ], [ -99.047903991072829, 19.396170266496949 ], [ -99.047888162313583, 19.396163015158635 ], [ -99.047777282446759, 19.396112225213102 ], [ -99.047389712510054, 19.395937564735831 ], [ -99.047031713197711, 19.395776225403491 ], [ -99.04685853265579, 19.395698185104724 ], [ -99.046306683694567, 19.395449474840973 ], [ -99.045780073374033, 19.395212155321779 ], [ -99.045667423157383, 19.395161385426551 ], [ -99.045242673837549, 19.394969955390568 ], [ -99.044716213864888, 19.394732695873355 ], [ -99.044589053687588, 19.394675385276059 ], [ -99.044465883451352, 19.394619875224112 ], [ -99.044321353599841, 19.394554135372243 ], [ -99.043897733993262, 19.3943614251768 ], [ -99.043475753968067, 19.394169475351205 ], [ -99.043245854092277, 19.394064905228795 ], [ -99.043060014134767, 19.393980365863158 ], [ -99.042691014293965, 19.393812525978138 ], [ -99.042277813947351, 19.393624555994794 ], [ -99.04227279465961, 19.393622275716005 ], [ -99.042268876159341, 19.393620490905139 ], [ -99.042268437407117, 19.393620291117426 ], [ -99.042267793449255, 19.39361999850934 ], [ -99.041825044110496, 19.393418602292808 ], [ -99.041756484814229, 19.393387415744574 ], [ -99.041599454024379, 19.393315985296205 ], [ -99.04119631471319, 19.393130445773284 ], [ -99.040845014183077, 19.392968765556212 ], [ -99.040817244299973, 19.39295599582735 ], [ -99.040438614756908, 19.392781735718849 ], [ -99.040142474856196, 19.392645445604629 ], [ -99.040019674668187, 19.392588936111402 ], [ -99.039710514713775, 19.392446645975006 ], [ -99.039281084821482, 19.392249015626181 ], [ -99.038881415253712, 19.392065055829612 ], [ -99.038497816114074, 19.391888523301759 ], [ -99.038496644711202, 19.391887982926988 ], [ -99.038496381895669, 19.391887860881589 ], [ -99.038495941284964, 19.391887659234357 ], [ -99.038494935307909, 19.391887196406742 ], [ -99.038182060793403, 19.391743201119933 ], [ -99.038096985322369, 19.391704045755446 ], [ -99.037706305382841, 19.391524226274008 ], [ -99.037308965164868, 19.391341366444514 ], [ -99.037121995786976, 19.391255306208642 ], [ -99.036936215954938, 19.391169796455419 ], [ -99.036492505433856, 19.390965585915978 ], [ -99.036145335892115, 19.390805856247812 ], [ -99.035740516137196, 19.390619616107184 ], [ -99.035716025988364, 19.390608356023254 ], [ -99.035312485797704, 19.390422696237216 ], [ -99.034903616211736, 19.390234586584004 ], [ -99.034619356361475, 19.390103796403931 ], [ -99.034582385773803, 19.390086786307435 ], [ -99.033844995829796, 19.38974753650988 ], [ -99.033623736067938, 19.389645736752357 ], [ -99.033446456509878, 19.389564166513328 ], [ -99.033054996635556, 19.389384056199372 ], [ -99.032876316272464, 19.389301857015386 ], [ -99.032662116485184, 19.389203306247278 ], [ -99.032271567137016, 19.389023616869721 ], [ -99.031885137189008, 19.388845817011052 ], [ -99.031481046646505, 19.388659897124327 ], [ -99.031412077251559, 19.388628156924888 ], [ -99.031033077412786, 19.388453786618303 ], [ -99.03079962700545, 19.388346367038157 ], [ -99.030658907234653, 19.388283017113807 ], [ -99.030276357103105, 19.388110787111945 ], [ -99.029946517714521, 19.387962276945938 ], [ -99.029861657107745, 19.387924077241109 ], [ -99.029478017168117, 19.387751337221484 ], [ -99.02907058711375, 19.387567907055526 ], [ -99.029069841037099, 19.387567570701147 ], [ -99.029069440108046, 19.38756738974249 ], [ -99.02906875267611, 19.387567079007368 ], [ -99.029067185829547, 19.387566372208394 ], [ -99.029066122048164, 19.387565891871713 ], [ -99.029066046400501, 19.387565857762787 ], [ -99.029064350948786, 19.387565093159683 ], [ -99.029061516943486, 19.387563817752806 ], [ -99.028711232122475, 19.38740611050941 ], [ -99.028682618044343, 19.387393226840924 ], [ -99.028288877766428, 19.387215957433487 ], [ -99.027919987444406, 19.387049857558264 ], [ -99.027659357833784, 19.386932507217931 ], [ -99.027471847711411, 19.386848097366244 ], [ -99.027035617654732, 19.386651677281023 ], [ -99.026659828264599, 19.386482477320783 ], [ -99.02629568842957, 19.386318527615568 ], [ -99.026236308137044, 19.386291787302351 ], [ -99.025876848225479, 19.38612993765172 ], [ -99.025490198730168, 19.38595584712187 ], [ -99.025220758466617, 19.385834527846189 ], [ -99.024951338529604, 19.38571321755915 ], [ -99.024879818259109, 19.385681017339753 ], [ -99.02479768884703, 19.385644027581733 ], [ -99.024399458545531, 19.385464727863368 ], [ -99.024010279012941, 19.385289477366452 ], [ -99.023626049126804, 19.385116477308401 ], [ -99.023494118938501, 19.385057057207092 ], [ -99.023166889382807, 19.384909727444313 ], [ -99.022755799167925, 19.384724618101711 ], [ -99.022706759227347, 19.384702527568294 ], [ -99.022357019540038, 19.384545047629427 ], [ -99.022344589167162, 19.384539447303332 ], [ -99.021949988851233, 19.384361767721344 ], [ -99.021919969079974, 19.38434824796397 ], [ -99.021544819097983, 19.384179328080137 ], [ -99.021159279726433, 19.384005707939 ], [ -99.021104369006721, 19.383980987485558 ], [ -99.020746739332552, 19.383819957501746 ], [ -99.02034078998372, 19.383637157689961 ], [ -99.020330079621516, 19.383631857526549 ], [ -99.020056449992822, 19.383496617732469 ], [ -99.019941819963378, 19.383439967864668 ], [ -99.019564389958347, 19.383253427822005 ], [ -99.01954422949035, 19.383242928360719 ], [ -99.019138649603761, 19.383031728317356 ], [ -99.018769090008306, 19.382839257661381 ], [ -99.018710390245133, 19.382808698452301 ], [ -99.018320999903196, 19.382605908547166 ], [ -99.017978490627527, 19.382427538522695 ], [ -99.017941719764011, 19.382408397993018 ], [ -99.017893932482593, 19.382383509784844 ], [ -99.017521420204091, 19.382189508096218 ], [ -99.017233549451177, 19.382039590671027 ], [ -99.017196620394444, 19.382020358038609 ], [ -99.017158800190316, 19.382000658353686 ], [ -99.017007760334437, 19.381921587901221 ], [ -99.016911520045639, 19.381871197876965 ] ] ] } },
{ "type": "Feature", "properties": { "CVEGEO": "09008", "alcaldia": "La Magdalena Contreras" }, "geometry": { "type": "Polygon", "coordinates": [ [ [ -99.208186072834678, 19.336732289180745 ], [ -99.208581292301972, 19.336093259942686 ], [ -99.208666312428676, 19.335973578941815 ], [ -99.208329413617207, 19.336092139260799 ], [ -99.20808911395423, 19.336176710189129 ], [ -99.207832842392662, 19.336268660065929 ], [ -99.207098313107622, 19.336541108975712 ], [ -99.206763524449528, 19.336294058658574 ], [ -99.206651073698737, 19.336215469755746 ], [ -99.20677752319051, 19.336105489797806 ], [ -99.206912832587335, 19.335988240059567 ], [ -99.207449202834368, 19.335508949447171 ], [ -99.207964262537558, 19.335079179439937 ], [ -99.208197354044117, 19.334848549404317 ], [ -99.208436032220007, 19.334569710075915 ], [ -99.208624342267925, 19.334326139531996 ], [ -99.208924343831995, 19.333905400703181 ], [ -99.209116233849002, 19.333630521074415 ], [ -99.209361662979617, 19.333275369494558 ], [ -99.209579212392299, 19.332887690017099 ], [ -99.210014731661104, 19.332007713614217 ], [ -99.210228841954518, 19.331575090476203 ], [ -99.210269632070265, 19.331491950028276 ], [ -99.210418570489239, 19.331188439000247 ], [ -99.210446612250678, 19.331131290442144 ], [ -99.210497113319477, 19.331033369969671 ], [ -99.21065174166138, 19.330733430609428 ], [ -99.211789121475221, 19.328430800848547 ], [ -99.212102511448862, 19.32782517167924 ], [ -99.212458973062326, 19.327231812565547 ], [ -99.212679952221407, 19.326920032315595 ], [ -99.212775612464, 19.326794120899713 ], [ -99.213601431251391, 19.325915121011132 ], [ -99.214341812142891, 19.325318491990586 ], [ -99.215932831706482, 19.324208861945763 ], [ -99.217553710965049, 19.323099981797601 ], [ -99.218555771001817, 19.322413492299454 ], [ -99.219050245051207, 19.322070319439071 ], [ -99.219302611318383, 19.321895172725604 ], [ -99.220050550415365, 19.321384972136979 ], [ -99.220345353886785, 19.321165332383579 ], [ -99.220441319755722, 19.32109383382549 ], [ -99.220462262207107, 19.32107823256742 ], [ -99.220511481611453, 19.321034181990655 ], [ -99.220513370695983, 19.321032484353804 ], [ -99.220563689720805, 19.32098744373365 ], [ -99.220592278094898, 19.320961503594422 ], [ -99.220709520540836, 19.320855122349382 ], [ -99.220893290478983, 19.320644692946686 ], [ -99.221025780817939, 19.320442473050882 ], [ -99.221138750017516, 19.320266402704679 ], [ -99.221224570386369, 19.320092692426108 ], [ -99.221302460045663, 19.31990581248094 ], [ -99.221400600598813, 19.319640953171586 ], [ -99.221459400833169, 19.319297743243578 ], [ -99.22147783064095, 19.318966272773086 ], [ -99.221470240553288, 19.318689473137319 ], [ -99.221444940802513, 19.318513443583303 ], [ -99.221416690253562, 19.318316832932414 ], [ -99.221361240692801, 19.318072753527257 ], [ -99.221308120145864, 19.317837272954826 ], [ -99.221283630175023, 19.317728712934471 ], [ -99.221215510153314, 19.317395582946464 ], [ -99.221188660589391, 19.317264183047946 ], [ -99.221148860028833, 19.317050913312869 ], [ -99.221069140393226, 19.316603173582507 ], [ -99.221033780699784, 19.316395573349102 ], [ -99.220964890812709, 19.316028313686957 ], [ -99.220963133532848, 19.316017807300092 ], [ -99.220952610223037, 19.315954893485898 ], [ -99.220835030814072, 19.315290604321227 ], [ -99.220798660238643, 19.315084123745393 ], [ -99.22074717028363, 19.314806694225133 ], [ -99.220724810948141, 19.314686004402407 ], [ -99.220648920700981, 19.314296954437058 ], [ -99.22050964100039, 19.313713634553 ], [ -99.220404070675016, 19.313390574144197 ], [ -99.220295570795741, 19.313080844137634 ], [ -99.220114230808008, 19.312670924615521 ], [ -99.219917720580142, 19.31226072492742 ], [ -99.220464090919535, 19.311319774916175 ], [ -99.220554550203786, 19.31122666523666 ], [ -99.220652870276183, 19.311144214930493 ], [ -99.220700120833044, 19.311126915249194 ], [ -99.220963690570784, 19.311075714461754 ], [ -99.221299490255859, 19.311058144692801 ], [ -99.221732750010673, 19.311035064965239 ], [ -99.222990979628193, 19.310947924577047 ], [ -99.223921229441075, 19.310893664752928 ], [ -99.224044949985498, 19.310857544531771 ], [ -99.224617859194765, 19.310725755028596 ], [ -99.224925709627215, 19.310594875337266 ], [ -99.225009829420671, 19.310332835235915 ], [ -99.225163029375182, 19.30995434527707 ], [ -99.226904409452118, 19.30864637527478 ], [ -99.227231809110265, 19.308404945004458 ], [ -99.227428139332616, 19.308223066720601 ], [ -99.227605718528821, 19.308058575472081 ], [ -99.227715639256402, 19.307911406312929 ], [ -99.22773886934236, 19.30778017534649 ], [ -99.227706238288278, 19.307606205439242 ], [ -99.227638549260149, 19.307375775746255 ], [ -99.227584509339479, 19.307189386018372 ], [ -99.227653259341423, 19.307058525900164 ], [ -99.227668908586892, 19.307028745871214 ], [ -99.227739318882684, 19.306960315869844 ], [ -99.227885168495774, 19.30685415535546 ], [ -99.228017966996958, 19.306801274644695 ], [ -99.228113937709551, 19.306763057386373 ], [ -99.22865933880145, 19.30654587546713 ], [ -99.228941769059503, 19.306480925489208 ], [ -99.229354508387047, 19.3064759856025 ], [ -99.229541508199063, 19.306378955754045 ], [ -99.22979799704396, 19.306183646258624 ], [ -99.229921607938707, 19.306009846322009 ], [ -99.230157288210762, 19.305861146892514 ], [ -99.230398777010194, 19.305765495854796 ], [ -99.230610828036006, 19.305678806421586 ], [ -99.230906028140225, 19.305570066681607 ], [ -99.231189348217356, 19.305446235830154 ], [ -99.231684177503311, 19.305199986370592 ], [ -99.231896887155287, 19.305039417312557 ], [ -99.231922518103318, 19.304794755967706 ], [ -99.231977117931407, 19.304273557414831 ], [ -99.232034507384085, 19.303878126899271 ], [ -99.232034568052882, 19.303878099923701 ], [ -99.232240598147129, 19.303785876344044 ], [ -99.232329658072373, 19.302979836645289 ], [ -99.232539767540004, 19.302997546408772 ], [ -99.232638367818964, 19.302478616425891 ], [ -99.232966197327599, 19.301807216940219 ], [ -99.232221107750135, 19.301465606855952 ], [ -99.232389437688283, 19.301322667150643 ], [ -99.232755317625347, 19.301045266821333 ], [ -99.23293030722121, 19.300920266859887 ], [ -99.233255807706442, 19.300783666782142 ], [ -99.233389397247564, 19.300813326883588 ], [ -99.233354407892136, 19.300228837630989 ], [ -99.233363346766495, 19.30007492801219 ], [ -99.2332045071159, 19.300092277416564 ], [ -99.233057267185799, 19.300095177589046 ], [ -99.23280103762481, 19.299969717826958 ], [ -99.232702377991203, 19.299886577522354 ], [ -99.232718317336591, 19.299796557130183 ], [ -99.232787507927796, 19.299715757392018 ], [ -99.232840148033645, 19.299580617178535 ], [ -99.232823917660738, 19.299453247497528 ], [ -99.232805598041352, 19.299318807768202 ], [ -99.232777827200906, 19.299185837545487 ], [ -99.232733037443211, 19.299051777224832 ], [ -99.232715708085379, 19.298921207268002 ], [ -99.232715487338481, 19.298765437598995 ], [ -99.232715407925298, 19.298716008001254 ], [ -99.232715367219953, 19.298686177679812 ], [ -99.232715137771223, 19.298524497791977 ], [ -99.232682257803731, 19.298381917916704 ], [ -99.232576087366425, 19.298130237986793 ], [ -99.232512907816101, 19.298008667597948 ], [ -99.232475197943245, 19.297873638075814 ], [ -99.232486657413375, 19.297732378112425 ], [ -99.23262342776907, 19.297496648390894 ], [ -99.233178917427551, 19.29669627783824 ], [ -99.233293487956402, 19.296592277763512 ], [ -99.233450087438811, 19.296461008335157 ], [ -99.233627937615381, 19.296358148144162 ], [ -99.233824917261757, 19.296256408256259 ], [ -99.233982317037103, 19.296161278539895 ], [ -99.234081747692812, 19.296063988037425 ], [ -99.23418037695194, 19.295965977909891 ], [ -99.234376486677974, 19.295740897970074 ], [ -99.234442317561744, 19.295687518308995 ], [ -99.234524866837461, 19.295663159787381 ], [ -99.234613336410192, 19.295651849646561 ], [ -99.234684087533168, 19.295631247986503 ], [ -99.23475677636084, 19.295590129225932 ], [ -99.234896237233613, 19.295389219287504 ], [ -99.235112137095371, 19.295252319412828 ], [ -99.235256805789135, 19.295170468079753 ], [ -99.235381767114163, 19.295104899765509 ], [ -99.235466147430543, 19.294992869945162 ], [ -99.235563025577378, 19.294988588185412 ], [ -99.235667196933022, 19.295093018351753 ], [ -99.235796547156397, 19.295140178454279 ], [ -99.235964966121927, 19.295145098267195 ], [ -99.236089365718101, 19.295105209758649 ], [ -99.23615043595295, 19.294993348246017 ], [ -99.236135517182063, 19.294896808878079 ], [ -99.236012966982742, 19.294827269397889 ], [ -99.235910515837816, 19.294717349602273 ], [ -99.235861976055915, 19.2946224092622 ], [ -99.235892936609545, 19.294503498757503 ], [ -99.235960807136252, 19.294453468329042 ], [ -99.236107055717383, 19.294429949499513 ], [ -99.236371945858053, 19.294414749913102 ], [ -99.23651910722613, 19.294365809534387 ], [ -99.236713465838733, 19.294396918260514 ], [ -99.236930946243845, 19.294314189604272 ], [ -99.237063935169417, 19.294265578344373 ], [ -99.23720920659855, 19.294255819570395 ], [ -99.237470546864543, 19.294314349714014 ], [ -99.23762791666887, 19.294334328653765 ], [ -99.237759935656968, 19.294375238900212 ], [ -99.237892066782635, 19.294425959822917 ], [ -99.237959425021984, 19.294450819287412 ], [ -99.237976995405887, 19.294459979898196 ], [ -99.238003005055063, 19.294474498205116 ], [ -99.2380222365815, 19.294485219483519 ], [ -99.238553056562878, 19.294685179003167 ], [ -99.23862183559379, 19.29470021916913 ], [ -99.238685935257976, 19.294696148812022 ], [ -99.239374534711686, 19.294488809660255 ], [ -99.239644604824434, 19.294378019882519 ], [ -99.239777665743489, 19.294315219051352 ], [ -99.239986455281993, 19.294215148780328 ], [ -99.240141914476865, 19.294127248459194 ], [ -99.240158534795825, 19.294117848539052 ], [ -99.240216855427889, 19.294094943289981 ], [ -99.240275176003536, 19.2940720398304 ], [ -99.240366056121701, 19.294047648313956 ], [ -99.240467854653744, 19.294094528329165 ], [ -99.2405569650345, 19.294134389345729 ], [ -99.240628484385809, 19.294178158286289 ], [ -99.240673145033327, 19.294197219075762 ], [ -99.240764056085936, 19.294189948316767 ], [ -99.240819715085792, 19.294167949168152 ], [ -99.24093750482065, 19.294083439722279 ], [ -99.241078034330101, 19.294059639487585 ], [ -99.241219105088703, 19.294038699395642 ], [ -99.241376905269647, 19.294015589459253 ], [ -99.241470795996335, 19.293928869981411 ], [ -99.241498404233084, 19.293789839496206 ], [ -99.241534135086482, 19.293658609750779 ], [ -99.241607024788763, 19.293542039706644 ], [ -99.241771394734187, 19.293320349780444 ], [ -99.241913775158309, 19.293141248559767 ], [ -99.241541865961935, 19.292860439102736 ], [ -99.242244434011496, 19.292901319456789 ], [ -99.242309315751839, 19.292852648787004 ], [ -99.242558165051733, 19.29248011868475 ], [ -99.242656935633406, 19.292269899453185 ], [ -99.242829175633986, 19.291867719504538 ], [ -99.242889455321034, 19.291674479705026 ], [ -99.242988995065488, 19.291434418956268 ], [ -99.242816904995408, 19.290168439412987 ], [ -99.242771315260327, 19.289645819801869 ], [ -99.242753884897937, 19.289357159427578 ], [ -99.242708375153498, 19.289272470081819 ], [ -99.242483625730969, 19.289247549674553 ], [ -99.242366375485929, 19.289231609958037 ], [ -99.242262265457015, 19.289170720062074 ], [ -99.242074935257563, 19.289017349580845 ], [ -99.241890685915678, 19.288897879872003 ], [ -99.241783775626658, 19.288816979604977 ], [ -99.241559205141826, 19.288604520324817 ], [ -99.241487855700839, 19.288519760075154 ], [ -99.241307825856879, 19.288305960394933 ], [ -99.241068065901388, 19.288069649972044 ], [ -99.241006406046509, 19.287986759915526 ], [ -99.241007489137544, 19.287916823443854 ], [ -99.24101306546504, 19.287556610629746 ], [ -99.240965265602895, 19.287445590671133 ], [ -99.240820035258196, 19.287306450652913 ], [ -99.240793575770709, 19.287161760261906 ], [ -99.240798666089177, 19.286989520505749 ], [ -99.240935035586759, 19.286818240444941 ], [ -99.240985135831238, 19.286788780266658 ], [ -99.241128866093533, 19.286734680550495 ], [ -99.241176686039324, 19.286705020101628 ], [ -99.24126368526133, 19.286651050872564 ], [ -99.241507105475733, 19.286446390810216 ], [ -99.24159679588233, 19.286302750381228 ], [ -99.241686305201696, 19.28607355055561 ], [ -99.241726235320996, 19.28591315034387 ], [ -99.241819575425893, 19.285681580590211 ], [ -99.241907145176953, 19.285503300269848 ], [ -99.24192739534692, 19.285462080803669 ], [ -99.242021505820588, 19.285315210413039 ], [ -99.242309536063274, 19.284865651935977 ], [ -99.242648635168109, 19.284336381291816 ], [ -99.242672934878044, 19.284329581294589 ], [ -99.242843854807077, 19.284281720782133 ], [ -99.242917564860349, 19.284200720663083 ], [ -99.242959905058768, 19.284136550737287 ], [ -99.242912335148006, 19.283939840676801 ], [ -99.242846194815741, 19.28376405145093 ], [ -99.242586024866938, 19.28355561090186 ], [ -99.2423258554944, 19.283347180823483 ], [ -99.24209419578078, 19.283310421480181 ], [ -99.242008005289534, 19.283266780785016 ], [ -99.241957165805886, 19.283145041371789 ], [ -99.241949255506626, 19.283005671060561 ], [ -99.24201488532205, 19.28289878110753 ], [ -99.242141115689023, 19.282820241022868 ], [ -99.242777205286629, 19.282512811722949 ], [ -99.242916285287492, 19.282465981762904 ], [ -99.243101625096457, 19.282403581773671 ], [ -99.243223935240096, 19.282362391621977 ], [ -99.243309963892827, 19.282333422729213 ], [ -99.24332900269566, 19.28232183251593 ], [ -99.243340800019595, 19.282314651098517 ], [ -99.243437454616881, 19.282255811570668 ], [ -99.243538466634519, 19.282187971368717 ], [ -99.243620002828507, 19.282062241436908 ], [ -99.243635936810037, 19.281948081786592 ], [ -99.243582194442453, 19.281822497535313 ], [ -99.243494483625199, 19.281715551654251 ], [ -99.243411944279472, 19.281604932893625 ], [ -99.243309764247158, 19.281436012803308 ], [ -99.243300164591588, 19.281355472589539 ], [ -99.243306505050811, 19.281220053022246 ], [ -99.243353603405168, 19.281074012347482 ], [ -99.243451665562134, 19.280986932571569 ], [ -99.243555163911395, 19.280893551838471 ], [ -99.243658064132305, 19.280799592961408 ], [ -99.243760974005667, 19.280705621519004 ], [ -99.243864023393542, 19.280611821085298 ], [ -99.243964505086694, 19.280515522043508 ], [ -99.244052264398022, 19.280408612314538 ], [ -99.244167503915847, 19.280328592763173 ], [ -99.244296774439718, 19.280271072861026 ], [ -99.244429085081094, 19.2802439926053 ], [ -99.244583854454149, 19.280201792837772 ], [ -99.244905205050628, 19.280134412276404 ], [ -99.244926974281057, 19.2800677322684 ], [ -99.244905105056134, 19.279883993013012 ], [ -99.244838365157563, 19.279537533186154 ], [ -99.244817268883892, 19.279427881510959 ], [ -99.244797055035406, 19.279322812280199 ], [ -99.244783203950192, 19.279216011773467 ], [ -99.244790484086892, 19.279123951768355 ], [ -99.244802034855852, 19.279064522932252 ], [ -99.2448619151169, 19.278875612481563 ], [ -99.245014863366478, 19.278429012439258 ], [ -99.245128491930515, 19.278024663986528 ], [ -99.245251314365234, 19.277587592232269 ], [ -99.245347994619863, 19.27707090231975 ], [ -99.245360064975713, 19.276961052393606 ], [ -99.245350134512748, 19.27678881245027 ], [ -99.2452724647884, 19.276613422465342 ], [ -99.245187744599988, 19.276486132883573 ], [ -99.244879704894402, 19.276206523236041 ], [ -99.244754824509215, 19.276321523098797 ], [ -99.244603455198046, 19.276256593195612 ], [ -99.244448665085855, 19.276211302936211 ], [ -99.244201134658681, 19.276088242932332 ], [ -99.244102934803735, 19.276013642563676 ], [ -99.243970305263289, 19.275878812476932 ], [ -99.243819505342103, 19.275941022443639 ], [ -99.243451055157465, 19.275646303122251 ], [ -99.243458345088683, 19.275477533260545 ], [ -99.243470995139973, 19.275367582806069 ], [ -99.243491795189868, 19.275295282890468 ], [ -99.243524964894419, 19.275168452871934 ], [ -99.243618624662659, 19.274913082686538 ], [ -99.243723515387828, 19.274677283563982 ], [ -99.243851565115335, 19.274372993006132 ], [ -99.2439167149318, 19.274256023398031 ], [ -99.244037704892122, 19.274119452922939 ], [ -99.244142535385805, 19.273946013536243 ], [ -99.244276704569472, 19.273650223356807 ], [ -99.244400334733768, 19.273268183263816 ], [ -99.244605504342815, 19.272899423738533 ], [ -99.244523334564278, 19.27285398372786 ], [ -99.244494234370649, 19.272706073590449 ], [ -99.244296315061931, 19.272452284055213 ], [ -99.244074563858618, 19.272330685866368 ], [ -99.243960163046651, 19.272109043357926 ], [ -99.243818825215641, 19.271785783844976 ], [ -99.243764684988662, 19.271634795614347 ], [ -99.243722344381922, 19.271461104318178 ], [ -99.243671514649549, 19.271184843588394 ], [ -99.243649824893794, 19.271005214405012 ], [ -99.243633944907216, 19.27087241604703 ], [ -99.243638315003153, 19.270691954321343 ], [ -99.24359097465495, 19.270386284102226 ], [ -99.243594563975591, 19.270264855571785 ], [ -99.243591551130919, 19.27025636834788 ], [ -99.243525241130598, 19.270069547453307 ], [ -99.24349011542003, 19.269970584346307 ], [ -99.243471353993456, 19.269855767635296 ], [ -99.243460114654056, 19.269786983937486 ], [ -99.243483653448124, 19.269684163956388 ], [ -99.243591064955069, 19.26950058404244 ], [ -99.243735574899702, 19.269348274431017 ], [ -99.243857814242247, 19.269265211240143 ], [ -99.243941821827534, 19.269208127595242 ], [ -99.244155121266502, 19.269063187781132 ], [ -99.244483505278382, 19.268840046501161 ], [ -99.244837382156177, 19.26866773829569 ], [ -99.244866265065042, 19.268653674930668 ], [ -99.244964804615478, 19.268515014454522 ], [ -99.245038230951764, 19.268433407296882 ], [ -99.245145349133637, 19.26831435432036 ], [ -99.245263594294855, 19.268182934334195 ], [ -99.245316303530586, 19.268134378982896 ], [ -99.24531843449968, 19.268132415581604 ], [ -99.24535722357497, 19.268101440120819 ], [ -99.245361897562873, 19.268097706565243 ], [ -99.245377428321177, 19.268085303970011 ], [ -99.245378704458687, 19.268084284435421 ], [ -99.245384626285798, 19.268079609651068 ], [ -99.24538704816527, 19.268077696856047 ], [ -99.24577443372641, 19.267771874533544 ], [ -99.245847421797492, 19.267699817442708 ], [ -99.245884374807162, 19.267663335194683 ], [ -99.245944493189228, 19.26758291012403 ], [ -99.245987104549712, 19.267525904919189 ], [ -99.246043534375531, 19.267350425071033 ], [ -99.246066144367674, 19.267171275215667 ], [ -99.246048364843261, 19.267030885199318 ], [ -99.245960573453686, 19.266837394815479 ], [ -99.245923974484825, 19.266506675034631 ], [ -99.245943914858799, 19.266434484927107 ], [ -99.245966804744029, 19.26637042474524 ], [ -99.246000994640681, 19.266308554806031 ], [ -99.246043944260251, 19.266241595230351 ], [ -99.246368424195353, 19.265821645241264 ], [ -99.246654944352642, 19.26572347483766 ], [ -99.246950204280623, 19.265636704949333 ], [ -99.246989144460159, 19.265592584910554 ], [ -99.247013194480417, 19.265525565042925 ], [ -99.247054254180256, 19.265055105646063 ], [ -99.247082744086043, 19.264746165148349 ], [ -99.246987453991267, 19.264493645359785 ], [ -99.24637530484928, 19.263980995754338 ], [ -99.245898564517901, 19.263603395280882 ], [ -99.245625134565955, 19.263371085720546 ], [ -99.245534964552547, 19.263085826160527 ], [ -99.245520634879398, 19.262930246224734 ], [ -99.245554194423505, 19.262544615624627 ], [ -99.245609434113092, 19.26222196627678 ], [ -99.245646394455591, 19.261716796039234 ], [ -99.24571323491638, 19.261566046447438 ], [ -99.245932344935994, 19.261197245847974 ], [ -99.246221314320593, 19.260886286122538 ], [ -99.246290463940568, 19.260746216792672 ], [ -99.246470463912516, 19.260651766482859 ], [ -99.246833344300583, 19.260534256113697 ], [ -99.247190174639343, 19.260324486409928 ], [ -99.247228824037094, 19.260274426116482 ], [ -99.247182824440287, 19.260198366097637 ], [ -99.246809313881585, 19.259718416859325 ], [ -99.246340484292091, 19.259343886401918 ], [ -99.245966564854172, 19.259037076728006 ], [ -99.245864504150262, 19.258989886351944 ], [ -99.245728604889067, 19.2589385072339 ], [ -99.245573434752544, 19.258908246780724 ], [ -99.245393854343035, 19.258904967199243 ], [ -99.245249534583394, 19.258895186910706 ], [ -99.245086344852268, 19.258943196415768 ], [ -99.244905994288715, 19.258999677181027 ], [ -99.24475205491423, 19.259089847188196 ], [ -99.244601105110576, 19.259188456612289 ], [ -99.24437454474068, 19.259374526375943 ], [ -99.24432073444413, 19.259413386507063 ], [ -99.244049964528855, 19.259458426817879 ], [ -99.243986734879016, 19.259405626349462 ], [ -99.243880535210025, 19.259197786376323 ], [ -99.243863604909293, 19.259056796774633 ], [ -99.243874395001399, 19.258942877015567 ], [ -99.243887145312613, 19.258859276913334 ], [ -99.244364824710686, 19.258276876624063 ], [ -99.244444914928096, 19.258161567063993 ], [ -99.244974504798137, 19.257759566948287 ], [ -99.245276965044383, 19.257514627275363 ], [ -99.245378114940408, 19.257339217296735 ], [ -99.245384835018712, 19.257171857595079 ], [ -99.245283904417775, 19.256904556984637 ], [ -99.245227665112466, 19.25680473764292 ], [ -99.245130485136769, 19.256697357351861 ], [ -99.244967254851971, 19.256530337029034 ], [ -99.244920119538108, 19.2564783825209 ], [ -99.244807864493467, 19.256354647400002 ], [ -99.244813544561936, 19.256282017813465 ], [ -99.244859334999376, 19.256197157155178 ], [ -99.244923234372166, 19.256054337063656 ], [ -99.245026315018123, 19.2559579374485 ], [ -99.245051534259218, 19.25587198750889 ], [ -99.245084024315403, 19.255796327329264 ], [ -99.245156174895641, 19.255607197500009 ], [ -99.245210204863255, 19.25540953784132 ], [ -99.245238945097555, 19.255249627989134 ], [ -99.245212980622739, 19.255174965218895 ], [ -99.24519713478135, 19.255129397300401 ], [ -99.245174884915826, 19.255027197604029 ], [ -99.245106265170733, 19.254941857712954 ], [ -99.244928974621715, 19.25467190768514 ], [ -99.244861945077147, 19.254559187735499 ], [ -99.244794485058378, 19.254388107662116 ], [ -99.244757574916619, 19.254031017729886 ], [ -99.244713714761886, 19.253677078082791 ], [ -99.244647175140756, 19.253351188229498 ], [ -99.244611535047554, 19.253209078194132 ], [ -99.244599134687192, 19.253079938434954 ], [ -99.244596707759314, 19.253040903012931 ], [ -99.244577365152438, 19.252729738113992 ], [ -99.244585342637151, 19.2527011764764 ], [ -99.244604514460121, 19.252632537877886 ], [ -99.244711594398211, 19.252542508523039 ], [ -99.244778314454479, 19.252443658483845 ], [ -99.244757795171864, 19.252323758573439 ], [ -99.244997544330374, 19.251802648292156 ], [ -99.245209254930103, 19.251293188418881 ], [ -99.245242515011469, 19.251034988648968 ], [ -99.245215454578016, 19.250812508695951 ], [ -99.245205204398374, 19.250603928947807 ], [ -99.245192035017908, 19.250466528396984 ], [ -99.245224314898792, 19.250374168403297 ], [ -99.245278174391728, 19.25026948839821 ], [ -99.245336395009019, 19.250185328850861 ], [ -99.245784024536988, 19.249760739023923 ], [ -99.245932394295608, 19.249655848554692 ], [ -99.246133254819938, 19.249562928525549 ], [ -99.246294594249335, 19.249507489311338 ], [ -99.246467454760534, 19.24946219871568 ], [ -99.246561264494872, 19.24943107923194 ], [ -99.246664763964716, 19.249343289341812 ], [ -99.246824664779766, 19.249171368734842 ], [ -99.246994224244347, 19.249063969076925 ], [ -99.247378344069332, 19.248850049452379 ], [ -99.247457204026787, 19.248730219067529 ], [ -99.247503964101838, 19.248524529375938 ], [ -99.247579144182836, 19.248302289042087 ], [ -99.247582464575231, 19.248078509562561 ], [ -99.247642403881642, 19.247853389496861 ], [ -99.247634944085789, 19.247646089178019 ], [ -99.247599944324406, 19.247464709006088 ], [ -99.247642933776504, 19.247336489533414 ], [ -99.24775166393033, 19.247101139899108 ], [ -99.247831914206998, 19.246969369600574 ], [ -99.247914973772467, 19.246863929459952 ], [ -99.247999973667604, 19.246730859532835 ], [ -99.24817522407578, 19.246774859229944 ], [ -99.248288593824128, 19.246812629362175 ], [ -99.248601603868451, 19.246839599825556 ], [ -99.248892993977307, 19.246736189677083 ], [ -99.249108453327679, 19.246585969557845 ], [ -99.249238823511718, 19.246511889761532 ], [ -99.249409663321941, 19.246427079192806 ], [ -99.249588513246636, 19.24632858996172 ], [ -99.249603513507324, 19.246201219248842 ], [ -99.249610053212137, 19.246081999579115 ], [ -99.249642233361627, 19.245937929310156 ], [ -99.249818253872292, 19.245738740011365 ], [ -99.249931823278004, 19.245698760180741 ], [ -99.250160903667322, 19.245722049683419 ], [ -99.25034325343016, 19.245690389781679 ], [ -99.250438283046094, 19.245395629539406 ], [ -99.250469963093764, 19.245206159521082 ], [ -99.250193913445926, 19.244910689827712 ], [ -99.250125933280771, 19.244796369810956 ], [ -99.250138713556282, 19.244685659714417 ], [ -99.250221053230717, 19.244556139954653 ], [ -99.250350133135782, 19.244517260470577 ], [ -99.250583463222782, 19.24428485015908 ], [ -99.250852573716159, 19.243965360442893 ], [ -99.251001882976198, 19.243771490360473 ], [ -99.251200113443673, 19.243361730687454 ], [ -99.251303503036866, 19.243149970275901 ], [ -99.251443163194168, 19.242923400550062 ], [ -99.251760823149141, 19.242430280352604 ], [ -99.251793562798582, 19.2420221902658 ], [ -99.251591203561972, 19.241669160613402 ], [ -99.251379203055677, 19.241467330585948 ], [ -99.251175023044993, 19.241264450415386 ], [ -99.251034203155214, 19.240910990564572 ], [ -99.250985883487118, 19.240453020904067 ], [ -99.251464633223407, 19.240069250933757 ], [ -99.251777452929048, 19.239495031109612 ], [ -99.251871972944883, 19.23897148157991 ], [ -99.25201056315106, 19.238629141195577 ], [ -99.252180913039737, 19.238394801160535 ], [ -99.252401852888525, 19.238160391463282 ], [ -99.252704463010616, 19.237819361449333 ], [ -99.252861112468466, 19.237587261220373 ], [ -99.252795103290993, 19.237189861686499 ], [ -99.252654222740247, 19.236642691589925 ], [ -99.252667932995124, 19.23609139243867 ], [ -99.252819023125994, 19.235744162193978 ], [ -99.252901392853644, 19.235464541700335 ], [ -99.253121632832588, 19.235097392587015 ], [ -99.253424802680158, 19.234808732355514 ], [ -99.253976652317604, 19.234439172009143 ], [ -99.254370082103605, 19.234064562715105 ], [ -99.254738372445289, 19.233927662101298 ], [ -99.25512877237675, 19.233702422929536 ], [ -99.255641362610632, 19.233218803064879 ], [ -99.255961901869725, 19.232773192728615 ], [ -99.256089332379176, 19.232537052654198 ], [ -99.256349361960801, 19.232531173206716 ], [ -99.256944902183506, 19.232541993129821 ], [ -99.257263311554013, 19.232467743090176 ], [ -99.257444231947659, 19.232056883175037 ], [ -99.257630851972891, 19.231790942847436 ], [ -99.257899141978413, 19.2315494330125 ], [ -99.258082341375442, 19.231278172863899 ], [ -99.258382731365757, 19.230977592930863 ], [ -99.258611851031176, 19.230764262922161 ], [ -99.258889101377264, 19.230508743286947 ], [ -99.259964861486893, 19.229857713707304 ], [ -99.26029456070016, 19.229704863603516 ], [ -99.260923310939319, 19.229410143657461 ], [ -99.261266860500683, 19.229332193338209 ], [ -99.261610170858745, 19.229266263672869 ], [ -99.262017160404241, 19.229183464000293 ], [ -99.262441630626768, 19.229123223441636 ], [ -99.262714080709713, 19.228978233948645 ], [ -99.263323700142379, 19.228634573481465 ], [ -99.263764800484367, 19.228490964200944 ], [ -99.264025739758779, 19.228222563878717 ], [ -99.265075759440165, 19.22742789385288 ], [ -99.265129389641785, 19.227216463745822 ], [ -99.265250649392797, 19.227113804489399 ], [ -99.265560940082466, 19.22709414421838 ], [ -99.265763159803086, 19.226991363724292 ], [ -99.26600807987262, 19.226949434148292 ], [ -99.266223799309159, 19.226913424030549 ], [ -99.266496199330859, 19.226791224016743 ], [ -99.266851569817206, 19.226527143915153 ], [ -99.267701909290338, 19.225939654686158 ], [ -99.268230028624401, 19.22558593429148 ], [ -99.26858507872295, 19.225107294835471 ], [ -99.269140858707289, 19.224710264576434 ], [ -99.269479199082937, 19.224485824694963 ], [ -99.269787508332001, 19.224399235056413 ], [ -99.270525198436772, 19.224289034529377 ], [ -99.270670508215389, 19.224200134664919 ], [ -99.270764018758996, 19.223953634724147 ], [ -99.27091589817644, 19.223700454935415 ], [ -99.271106018218063, 19.223545834982513 ], [ -99.271306128613958, 19.223430514589712 ], [ -99.271463168244225, 19.223361634826027 ], [ -99.2717400785275, 19.223144164804062 ], [ -99.271951058319814, 19.222934454679454 ], [ -99.272245877959762, 19.222657535299334 ], [ -99.272546458086836, 19.222135625252943 ], [ -99.272981557930905, 19.221808835130823 ], [ -99.273543967421645, 19.221570234929356 ], [ -99.273776398041306, 19.22137031576198 ], [ -99.273943877824067, 19.221226625546628 ], [ -99.274148877624668, 19.221036005727122 ], [ -99.274165587711295, 19.220698745720238 ], [ -99.274095187419519, 19.220397765425709 ], [ -99.274031337991744, 19.220098235242109 ], [ -99.274008247421278, 19.219703796184515 ], [ -99.273975767908524, 19.219525006251047 ], [ -99.274051857227676, 19.218847596256911 ], [ -99.274122567589387, 19.218630935760228 ], [ -99.274129247284776, 19.21845506641748 ], [ -99.27414689768338, 19.218306626263189 ], [ -99.274198997941397, 19.21814951585436 ], [ -99.274357018021888, 19.218082636287317 ], [ -99.274444217854438, 19.217884316474809 ], [ -99.274608277428072, 19.217515396131969 ], [ -99.275296597436068, 19.217052566008842 ], [ -99.275648797063241, 19.216756296807855 ], [ -99.275869937145799, 19.216576746081863 ], [ -99.276027366751876, 19.216486656574844 ], [ -99.276233996692142, 19.21642019667561 ], [ -99.276271187358574, 19.216351736633577 ], [ -99.276331457179822, 19.215998546857229 ], [ -99.276351216695872, 19.215792036608693 ], [ -99.276404306699803, 19.215704066694041 ], [ -99.276462707397215, 19.215658036474334 ], [ -99.276547337532563, 19.215631096665305 ], [ -99.276607727001704, 19.215564006391013 ], [ -99.276660016807369, 19.215483516877836 ], [ -99.276708277118118, 19.215403037103336 ], [ -99.276769557225037, 19.215300687096633 ], [ -99.277181077297897, 19.214835516986223 ], [ -99.277332856550117, 19.214713117149049 ], [ -99.277446646494937, 19.214676656774163 ], [ -99.277498937158768, 19.214681547058699 ], [ -99.277527136576012, 19.214675837222533 ], [ -99.277555127209709, 19.214647456846997 ], [ -99.277593966523085, 19.214587397316723 ], [ -99.27765536678227, 19.214548227179268 ], [ -99.277740956555093, 19.214511396635928 ], [ -99.277932526699729, 19.214489777340543 ], [ -99.277974326765829, 19.214474827421132 ], [ -99.278008256293688, 19.214447467254065 ], [ -99.278044816746856, 19.214420117376438 ], [ -99.278201997098122, 19.214275767047869 ], [ -99.278595876580852, 19.214183596695079 ], [ -99.278807186151084, 19.214072637245444 ], [ -99.279364426269041, 19.21398588742468 ], [ -99.279568366280643, 19.213918036695507 ], [ -99.279858275924568, 19.213836967054402 ], [ -99.280147856126746, 19.213720936870519 ], [ -99.280313076414416, 19.213646667391995 ], [ -99.280587096153326, 19.213652977456849 ], [ -99.280752396278189, 19.213628057555297 ], [ -99.280887126419628, 19.213681666722845 ], [ -99.280965105660044, 19.213706227268663 ], [ -99.281038366202978, 19.213721807312574 ], [ -99.281134845549872, 19.213694947094723 ], [ -99.281332365522445, 19.213643946736855 ], [ -99.281577845754896, 19.213529466928012 ], [ -99.281882105774088, 19.213392857516201 ], [ -99.282132565388437, 19.213223007345807 ], [ -99.282385856000772, 19.213078576913176 ], [ -99.283092505180988, 19.213052747293787 ], [ -99.283289645744432, 19.213158457707181 ], [ -99.28339322548517, 19.213207567658802 ], [ -99.283528695069833, 19.213420826824834 ], [ -99.283701335300535, 19.213536627437875 ], [ -99.283931475068187, 19.213601597140833 ], [ -99.284098135180784, 19.213648627302366 ], [ -99.284405585182014, 19.213633317235587 ], [ -99.284569215540543, 19.213677916986011 ], [ -99.284629365456652, 19.213686807306175 ], [ -99.284716875250666, 19.2136331369366 ], [ -99.284818324879453, 19.213559686832941 ], [ -99.284956814679319, 19.213482576990742 ], [ -99.285043985141115, 19.213449317601217 ], [ -99.285144164825851, 19.213376696952984 ], [ -99.285253074953403, 19.21330819766337 ], [ -99.285386044717441, 19.213283146981709 ], [ -99.285564824854944, 19.213262166847759 ], [ -99.286021855036779, 19.213307487313703 ], [ -99.286274614691678, 19.213332406993473 ], [ -99.286516104606363, 19.213275626806276 ], [ -99.286809494948741, 19.213199397173227 ], [ -99.287097844097445, 19.213159747154002 ], [ -99.287505854609151, 19.21314669733032 ], [ -99.28781584417743, 19.213119376944892 ], [ -99.288040533968783, 19.213174097658502 ], [ -99.288188423814944, 19.213304026828936 ], [ -99.288568694056664, 19.213603797206918 ], [ -99.288727103857852, 19.213713686946242 ], [ -99.288932893806376, 19.213773427356902 ], [ -99.289048994377396, 19.213815167383405 ], [ -99.289157164182853, 19.213806887263669 ], [ -99.289421813906614, 19.213728067210692 ], [ -99.289882473854689, 19.213912096721238 ], [ -99.290249963922207, 19.214073207118751 ], [ -99.29061947325971, 19.214257836759302 ], [ -99.291053843296993, 19.214450736610647 ], [ -99.291430213725192, 19.214595396683119 ], [ -99.291760162960159, 19.21428005700113 ], [ -99.292385852922592, 19.213822937163055 ], [ -99.292746562820412, 19.213770857331735 ], [ -99.293143623180484, 19.213903777046504 ], [ -99.293393953267781, 19.214140657345133 ], [ -99.293555272455805, 19.214259036661009 ], [ -99.293640872547812, 19.214318227409414 ], [ -99.293713332899372, 19.214393036563077 ], [ -99.293776752995569, 19.214517467048164 ], [ -99.293815622940883, 19.214563946657933 ], [ -99.293938272713831, 19.214641297029967 ], [ -99.294114132666323, 19.214782566944059 ], [ -99.294193962979037, 19.214885197285128 ], [ -99.294300392916824, 19.215022686762648 ], [ -99.294431242580757, 19.215119406971969 ], [ -99.294676443102844, 19.215177667119189 ], [ -99.294828652320618, 19.215242837048145 ], [ -99.294937253028706, 19.215334207138245 ], [ -99.295048052992186, 19.215478026375564 ], [ -99.295263212684134, 19.215954666235461 ], [ -99.295480052381095, 19.21629473673342 ], [ -99.29582655257687, 19.216759666206531 ], [ -99.296120702661071, 19.217107716223445 ], [ -99.296418152390345, 19.217524945899999 ], [ -99.29669809246991, 19.217760466533495 ], [ -99.297015322254182, 19.217829456405223 ], [ -99.297350731908651, 19.217915485814043 ], [ -99.297791501690384, 19.218118975804941 ], [ -99.298136642163115, 19.21807853619644 ], [ -99.298612211826878, 19.217926805993905 ], [ -99.299217091286877, 19.217706695932378 ], [ -99.299800841305682, 19.217738345912075 ], [ -99.300259181169039, 19.21773951611943 ], [ -99.300536051490425, 19.217966235907337 ], [ -99.300966820976512, 19.218195715969546 ], [ -99.301420151275124, 19.218217896186314 ], [ -99.301494921342027, 19.218286576344436 ], [ -99.301993361082424, 19.218624546337949 ], [ -99.302448391086401, 19.2189658557059 ], [ -99.302723130354281, 19.219255426336083 ], [ -99.30308564020703, 19.219585545735594 ], [ -99.303231250504751, 19.219818486177338 ], [ -99.303428640090019, 19.220088195322472 ], [ -99.303686930685501, 19.220330296111708 ], [ -99.303964930458775, 19.220573115411074 ], [ -99.304703960392828, 19.221330095660164 ], [ -99.305422929635569, 19.222010364862822 ], [ -99.305696699943738, 19.222233295420928 ], [ -99.306040179584642, 19.22236123488031 ], [ -99.306483890131204, 19.222406795478339 ], [ -99.30709189997026, 19.222759895374352 ], [ -99.307782989788052, 19.223192395433589 ], [ -99.308047699643168, 19.223429495223563 ], [ -99.30839389959992, 19.223495654865516 ], [ -99.308617719416475, 19.223606765026204 ], [ -99.308938808901019, 19.223926655092292 ], [ -99.309182189269464, 19.22429020435683 ], [ -99.309422438799089, 19.22455076501155 ], [ -99.309616959097625, 19.224745934980042 ], [ -99.309983519022296, 19.224795164637268 ], [ -99.31048886914644, 19.225210464945224 ], [ -99.310825838571773, 19.22516682428202 ], [ -99.311018318638901, 19.225394664737603 ], [ -99.311155578136734, 19.225516114674164 ], [ -99.311275088482191, 19.225630434707465 ], [ -99.311431808321018, 19.225733914433317 ], [ -99.311709748779762, 19.225868334811555 ], [ -99.311983238327244, 19.225938734111338 ], [ -99.312268318521774, 19.226017224694885 ], [ -99.312647778512087, 19.225954714317197 ], [ -99.312965928077261, 19.225801654253225 ], [ -99.313243187815019, 19.225974004644797 ], [ -99.313545587849433, 19.226205254079115 ], [ -99.314003378333197, 19.226473424021364 ], [ -99.314444557535253, 19.226618033870725 ], [ -99.314657577783251, 19.22670160420568 ], [ -99.315048817746259, 19.226894934071101 ], [ -99.315547807274058, 19.227392464409121 ], [ -99.315335617555093, 19.229193603961289 ], [ -99.3212887757077, 19.232662592837819 ], [ -99.322247115627718, 19.232644942468717 ], [ -99.322540556230805, 19.233723292356977 ], [ -99.322543495881575, 19.233824992420431 ], [ -99.322546185831698, 19.233941482415187 ], [ -99.322624715597769, 19.234078202153931 ], [ -99.322713616038442, 19.234672282187283 ], [ -99.322758645693881, 19.235302691942685 ], [ -99.32272888533943, 19.235650572164189 ], [ -99.322987645691612, 19.235905572425835 ], [ -99.322927515764505, 19.23643354186747 ], [ -99.322843715362566, 19.236711601998238 ], [ -99.32272209528891, 19.237508541497409 ], [ -99.322753325825175, 19.237612691510222 ], [ -99.322808355957349, 19.237676081997144 ], [ -99.322846715387215, 19.237759851896143 ], [ -99.32284828569216, 19.237911341754852 ], [ -99.322863556136198, 19.238016221653798 ], [ -99.322929945260896, 19.238109762046893 ], [ -99.323111495870748, 19.238198251507885 ], [ -99.32318637534658, 19.238250141982739 ], [ -99.323231485679855, 19.238307831898517 ], [ -99.323269355692389, 19.23838493149993 ], [ -99.323293755697875, 19.238450391611451 ], [ -99.323306755262337, 19.2385520313921 ], [ -99.32315628568287, 19.239065831534074 ], [ -99.323156606027382, 19.239228331412683 ], [ -99.322883556011362, 19.239814561128863 ], [ -99.322661415380594, 19.240303651528663 ], [ -99.32211694619312, 19.240916230865857 ], [ -99.321250446251355, 19.241815530782894 ], [ -99.320780956659235, 19.242285330515401 ], [ -99.320526295972456, 19.242603370315557 ], [ -99.320344036639767, 19.242861370556245 ], [ -99.32018315615899, 19.243014660174104 ], [ -99.320051036356716, 19.243140490105905 ], [ -99.319806666504249, 19.243278200503987 ], [ -99.319526616358161, 19.243394430682116 ], [ -99.319381156770845, 19.243431570525988 ], [ -99.319252446224837, 19.243440680597338 ], [ -99.319100186429907, 19.243369850739679 ], [ -99.318868206366417, 19.243232490188774 ], [ -99.318782836666671, 19.243189540473619 ], [ -99.318714346524345, 19.243206960014831 ], [ -99.318585546977445, 19.243279370890573 ], [ -99.318383126917098, 19.243475509999062 ], [ -99.318269666467472, 19.243725690226704 ], [ -99.31769829687029, 19.24436831017794 ], [ -99.317628806848276, 19.24448916003368 ], [ -99.317594177198643, 19.24459428998906 ], [ -99.317513206795397, 19.245001880326456 ], [ -99.317498866643504, 19.245295509868757 ], [ -99.317786846695356, 19.245667169609362 ], [ -99.317714647011755, 19.245919770022809 ], [ -99.317690117099517, 19.245946219944596 ], [ -99.317577036922302, 19.246010020084629 ], [ -99.317556386853639, 19.246080229552167 ], [ -99.317572716564129, 19.246161339873854 ], [ -99.317706296675567, 19.246400939856777 ], [ -99.317832977230097, 19.24702647968256 ], [ -99.317840246554326, 19.247120509588463 ], [ -99.317805036792919, 19.247266939409613 ], [ -99.31775751729225, 19.247359689821469 ], [ -99.317515317311006, 19.247607429603626 ], [ -99.317281037017494, 19.248049829370043 ], [ -99.317127816738591, 19.248551369286385 ], [ -99.31698809675693, 19.249143849444057 ], [ -99.316999186886221, 19.249629288540216 ], [ -99.317066327535528, 19.250304988390539 ], [ -99.316809806992097, 19.250722088360376 ], [ -99.316762577397341, 19.250776108849116 ], [ -99.316687087126212, 19.250774358695029 ], [ -99.316621747621326, 19.25073492890861 ], [ -99.316580897050301, 19.250784188538184 ], [ -99.316476096944641, 19.250964428865775 ], [ -99.316434846804455, 19.251029459014951 ], [ -99.316381236861446, 19.251046219007144 ], [ -99.316317607141286, 19.251029908371777 ], [ -99.316171037507416, 19.250848248891089 ], [ -99.316132987143504, 19.250840158909437 ], [ -99.316103977291348, 19.250834618686223 ], [ -99.316068207040317, 19.250835228575312 ], [ -99.316043067636826, 19.250833538700544 ], [ -99.31601792764026, 19.25083308909776 ], [ -99.315988667455827, 19.250838848315546 ], [ -99.315948777237082, 19.250857708386231 ], [ -99.315909087585126, 19.250912858328423 ], [ -99.315909607508331, 19.250978879098913 ], [ -99.31592414728317, 19.251060958455636 ], [ -99.315952417292408, 19.251284108401286 ], [ -99.315928807192947, 19.251522538723421 ], [ -99.315900947362238, 19.251646588660975 ], [ -99.31596531724513, 19.251825798058945 ], [ -99.31605241774578, 19.251937938561824 ], [ -99.316074267034111, 19.252012058416721 ], [ -99.316049667401586, 19.252077988808164 ], [ -99.315958487471576, 19.252172218120855 ], [ -99.315869727226485, 19.252340228250208 ], [ -99.315848207837661, 19.2524467587955 ], [ -99.31594034773731, 19.252623397997091 ], [ -99.315927327299818, 19.252801108665722 ], [ -99.315866747137775, 19.252913227897416 ], [ -99.315725177879969, 19.253005737871543 ], [ -99.315589467293108, 19.253173707889292 ], [ -99.315498387313298, 19.253303707944614 ], [ -99.315252437896163, 19.253953107795688 ], [ -99.315184417453224, 19.254356128316449 ], [ -99.315037887641736, 19.254560997657929 ], [ -99.31487789725773, 19.254833707742449 ], [ -99.314761837323545, 19.254975767816248 ], [ -99.314773698041435, 19.255214907753999 ], [ -99.314862727219946, 19.255342457325508 ], [ -99.314957977303933, 19.255432647752698 ], [ -99.315043177706485, 19.255516597478653 ], [ -99.315152437624235, 19.255638677546241 ], [ -99.315252377306592, 19.255768907870642 ], [ -99.315428837893208, 19.255911137639369 ], [ -99.315462697576592, 19.25598961724836 ], [ -99.315472017484083, 19.256056507882636 ], [ -99.315456837844991, 19.256135077785483 ], [ -99.315355147544807, 19.256356027257524 ], [ -99.315245787607182, 19.256414017429162 ], [ -99.315025517840994, 19.256479597159423 ], [ -99.31476431777952, 19.256510337406006 ], [ -99.314587127467718, 19.256733227097687 ], [ -99.314384917519192, 19.256810586945612 ], [ -99.314193007601247, 19.256821217193732 ], [ -99.314066177574276, 19.256808027721505 ], [ -99.313966618045058, 19.256769257115526 ], [ -99.313754348268375, 19.256654557367796 ], [ -99.313531127623961, 19.256644167127988 ], [ -99.312792618014583, 19.256699507644196 ], [ -99.312529848594494, 19.256944557205429 ], [ -99.312258897830787, 19.257081727113285 ], [ -99.311201578056227, 19.257072687620411 ], [ -99.310758418260974, 19.257180027179633 ], [ -99.310195439257953, 19.2572717572294 ], [ -99.309728048811166, 19.257588187267704 ], [ -99.309233818664566, 19.257828847384076 ], [ -99.308766319000227, 19.258094736733177 ], [ -99.308178809373288, 19.258004166753338 ], [ -99.307542219498373, 19.257903017095078 ], [ -99.30688846962164, 19.257773507473285 ], [ -99.30622795972846, 19.257742027401449 ], [ -99.305292240223864, 19.257939826793251 ], [ -99.303880950088526, 19.258380726535322 ], [ -99.303497950360665, 19.25866425709286 ], [ -99.303017780948039, 19.258664617236576 ], [ -99.302362620481844, 19.258925307043992 ], [ -99.302153930950254, 19.259352686892754 ], [ -99.301903501101052, 19.259509677078565 ], [ -99.301706520657547, 19.260036126748446 ], [ -99.301469820551631, 19.260499996480341 ], [ -99.30100205087318, 19.260876556013045 ], [ -99.300868761483031, 19.261041566503241 ], [ -99.300558901400166, 19.261093686575144 ], [ -99.300226391667309, 19.260934686168383 ], [ -99.299767211605669, 19.260883156457417 ], [ -99.298941521336701, 19.261217225978612 ], [ -99.298383101668051, 19.261318526377714 ], [ -99.297975812141516, 19.261450855971663 ], [ -99.297748162229681, 19.261879306284573 ], [ -99.29728119182451, 19.262284766163909 ], [ -99.296957791788145, 19.262709025845851 ], [ -99.296801012048547, 19.263109255738247 ], [ -99.296229761724874, 19.263301826238951 ], [ -99.295754612485936, 19.263510126054729 ], [ -99.295096552785992, 19.263799125766873 ], [ -99.294786132395743, 19.264042785456368 ], [ -99.294505022359814, 19.264300965592362 ], [ -99.294228992497438, 19.264592555286328 ], [ -99.294180473051782, 19.264888215195125 ], [ -99.293979333022961, 19.265275884992683 ], [ -99.294048502276254, 19.265561735672879 ], [ -99.294007723159126, 19.266019815252651 ], [ -99.293775783257558, 19.266362645434789 ], [ -99.293512102442804, 19.266878884728513 ], [ -99.292735043518945, 19.267635334548785 ], [ -99.292615072904681, 19.268124934649851 ], [ -99.292571073054219, 19.268305504571877 ], [ -99.29222913284589, 19.268545364620422 ], [ -99.291629853740233, 19.268770225010197 ], [ -99.291247223118631, 19.269021244488453 ], [ -99.290913353882658, 19.269199134698901 ], [ -99.290506983479787, 19.269566084525398 ], [ -99.290139933879132, 19.269890934047158 ], [ -99.289948453437006, 19.270075394722372 ], [ -99.289623103733518, 19.270283224676426 ], [ -99.289321763682295, 19.270348074521845 ], [ -99.289005154437476, 19.270291353843643 ], [ -99.288256213783598, 19.270168414073876 ], [ -99.287917454307987, 19.270153273937421 ], [ -99.287520674731638, 19.270168584463015 ], [ -99.286798994650823, 19.270411364545133 ], [ -99.286181874278682, 19.270677784456122 ], [ -99.28564049497497, 19.271422413921343 ], [ -99.285430194651852, 19.271823083666291 ], [ -99.285408304439258, 19.272195553363733 ], [ -99.285239225292585, 19.273104823770051 ], [ -99.284934734742933, 19.27327204360498 ], [ -99.284709535151038, 19.27355382361575 ], [ -99.284495455011083, 19.273907243006711 ], [ -99.284269054825188, 19.274248552961431 ], [ -99.284041615393974, 19.274589053096189 ], [ -99.283728985152138, 19.274754043379133 ], [ -99.283323395025036, 19.275094123219134 ], [ -99.283203535572753, 19.275456853329288 ], [ -99.283170725481185, 19.275733362647696 ], [ -99.283302275774659, 19.275994352686869 ], [ -99.283741704819136, 19.27622345257598 ], [ -99.283909995424978, 19.2766893931603 ], [ -99.283957705463223, 19.276958442407139 ], [ -99.283467455413302, 19.277272152667397 ], [ -99.283034795769382, 19.277765792506816 ], [ -99.282293765657343, 19.279030102070323 ], [ -99.282046585877879, 19.279221992250942 ], [ -99.281501335334895, 19.279487782074174 ], [ -99.28129999588846, 19.280215682141364 ], [ -99.281132095636352, 19.280616901781471 ], [ -99.280800655826695, 19.280754641969651 ], [ -99.280451956024891, 19.280755181586411 ], [ -99.280209016441759, 19.280818181458045 ], [ -99.280047016068863, 19.280927651451876 ], [ -99.279630126391964, 19.281151901312015 ], [ -99.279442705911706, 19.281391191664138 ], [ -99.279192445990518, 19.281667481270983 ], [ -99.279012566112172, 19.281712782045076 ], [ -99.278649366100467, 19.28161882144132 ], [ -99.278457816525503, 19.281466221966117 ], [ -99.278307196674788, 19.281395581616557 ], [ -99.278216276156328, 19.281411131940619 ], [ -99.278127996539496, 19.281480722079205 ], [ -99.277995156800259, 19.281549611390464 ], [ -99.277921706182212, 19.281699811595981 ], [ -99.277893616998824, 19.281931041888562 ], [ -99.277881096233429, 19.282322981442949 ], [ -99.277880740933213, 19.282464947154253 ], [ -99.277880426443517, 19.282590361577732 ], [ -99.276555137005019, 19.283362671213585 ], [ -99.273312568199898, 19.285186330468331 ], [ -99.273440233337709, 19.285361205339367 ], [ -99.273580907825774, 19.285553900877023 ], [ -99.274972597475738, 19.287460220115982 ], [ -99.276161227372498, 19.289095009610012 ], [ -99.274726677722796, 19.291325749303951 ], [ -99.273155597748698, 19.293146439345271 ], [ -99.272453527614559, 19.294208178936302 ], [ -99.272490368083737, 19.294655098211788 ], [ -99.272360328145638, 19.295010758198075 ], [ -99.272319048069875, 19.295331678532701 ], [ -99.272099707793757, 19.295502758824828 ], [ -99.271846328055787, 19.296109778730141 ], [ -99.271709248597588, 19.296824698093772 ], [ -99.271533818022235, 19.297739078184517 ], [ -99.271478458172041, 19.297993808284463 ], [ -99.271656098259939, 19.298338838241577 ], [ -99.271464877826205, 19.29917209718332 ], [ -99.270545708092399, 19.299676897728318 ], [ -99.270325278735356, 19.300056676999738 ], [ -99.270074798549672, 19.300538587016554 ], [ -99.26972892852686, 19.301173377214347 ], [ -99.269751048440966, 19.301181467530348 ], [ -99.270372618686324, 19.301408586841017 ], [ -99.270478198174089, 19.301570377264529 ], [ -99.270570911293902, 19.30163073508286 ], [ -99.270867641128575, 19.301823909957793 ], [ -99.270921768251043, 19.301859147147724 ], [ -99.271148078376143, 19.301991476983012 ], [ -99.271274397771222, 19.302065357157648 ], [ -99.271496357912227, 19.302306216687079 ], [ -99.27164308590676, 19.302330333168506 ], [ -99.271987228469172, 19.302386897141066 ], [ -99.272132678220331, 19.302410807038548 ], [ -99.272209278292422, 19.302455277206555 ], [ -99.272054418404565, 19.302565916488163 ], [ -99.271492338336927, 19.303009746717311 ], [ -99.271405308579048, 19.303078476893749 ], [ -99.271355875944366, 19.303128995313358 ], [ -99.271335436487817, 19.303149884484338 ], [ -99.270976298366818, 19.303516916610921 ], [ -99.270805878767462, 19.303727376708444 ], [ -99.270611848297762, 19.303966986829376 ], [ -99.270414018142233, 19.304122676661461 ], [ -99.269894588208601, 19.304371076541365 ], [ -99.269750598467652, 19.304435406741558 ], [ -99.269373098713942, 19.304604116329397 ], [ -99.269356818696423, 19.30461138655107 ], [ -99.269303678633179, 19.304632576745323 ], [ -99.269037558605433, 19.304738696537807 ], [ -99.268422529202439, 19.305112716444871 ], [ -99.268549998507467, 19.305237805935416 ], [ -99.268692759118096, 19.305328435965261 ], [ -99.269165958659201, 19.30549947662152 ], [ -99.26929982499054, 19.30555318075891 ], [ -99.269325908876525, 19.305563645993907 ], [ -99.269422018760153, 19.305602206056999 ], [ -99.269779938379173, 19.305722585875291 ], [ -99.269847373004126, 19.305730580209406 ], [ -99.269866658412951, 19.305732865925741 ], [ -99.2699546780958, 19.305745436338267 ], [ -99.26999996865294, 19.305765926066904 ], [ -99.270109138880599, 19.305929116108899 ], [ -99.270176618790074, 19.306038046198552 ], [ -99.27031192802599, 19.306320125790499 ], [ -99.270438228022201, 19.306511345684829 ], [ -99.27056624803599, 19.306627495477311 ], [ -99.270765558449469, 19.306731045520188 ], [ -99.270808028667929, 19.306749385660751 ], [ -99.270831138704764, 19.306759355665353 ], [ -99.270878308535671, 19.306786235910963 ], [ -99.27091127861857, 19.30681557589633 ], [ -99.271076873263382, 19.307001477416744 ], [ -99.271092878537885, 19.307019446239487 ], [ -99.271195928033578, 19.307215975377012 ], [ -99.271333938342295, 19.308254015189949 ], [ -99.271327908580048, 19.308275985693523 ], [ -99.271049987472807, 19.30860284482517 ], [ -99.270831328409272, 19.308860005808249 ], [ -99.271137758048766, 19.309046555046837 ], [ -99.271133955901362, 19.309056702938442 ], [ -99.271045908504078, 19.309291745373681 ], [ -99.270901797871772, 19.309587875360531 ], [ -99.270725767963754, 19.309949615355045 ], [ -99.270624787411094, 19.310163889442929 ], [ -99.270549990739113, 19.310322601219116 ], [ -99.270490368158065, 19.310449115332123 ], [ -99.270356678640027, 19.31077526521085 ], [ -99.270228818244149, 19.311149645251508 ], [ -99.270201788622686, 19.311264445173812 ], [ -99.270047588276668, 19.31152094515717 ], [ -99.270331878202427, 19.311797844499278 ], [ -99.270502567975853, 19.311541744507341 ], [ -99.270536938100463, 19.311933774542002 ], [ -99.270264478017921, 19.312201274725382 ], [ -99.270130588223452, 19.312415074843766 ], [ -99.269973078713022, 19.312728494127406 ], [ -99.269822298416642, 19.312922944552984 ], [ -99.269714121451258, 19.313118127823362 ], [ -99.269713647172793, 19.313118982717274 ], [ -99.269713490718416, 19.313119265295416 ], [ -99.269661498346721, 19.313213073990898 ], [ -99.269611418161247, 19.313410444504523 ], [ -99.269580393455968, 19.31346319938822 ], [ -99.269558648487532, 19.313500174600794 ], [ -99.269526199125067, 19.313555344629812 ], [ -99.269432858312641, 19.313622114029506 ], [ -99.268977398647465, 19.313726664195837 ], [ -99.268430449286043, 19.314007094031592 ], [ -99.268074078976284, 19.314079804424569 ], [ -99.267935559194967, 19.314136894630391 ], [ -99.267792159486248, 19.314192233838821 ], [ -99.267639528768896, 19.314199513802556 ], [ -99.267620109239928, 19.314148644645201 ], [ -99.26768042889465, 19.314070353802528 ], [ -99.26768656928607, 19.314026174313209 ], [ -99.267515368679426, 19.313798374564854 ], [ -99.267388648727447, 19.313789414483299 ], [ -99.267207058933224, 19.313726924148124 ], [ -99.266772419383756, 19.313519384143039 ], [ -99.266045739433508, 19.313447344152372 ], [ -99.265892938124082, 19.313434545660566 ], [ -99.265716219923064, 19.313671404405586 ], [ -99.2656727396853, 19.313743574462578 ], [ -99.265584969187117, 19.313889274377509 ], [ -99.265503079723402, 19.314059373822722 ], [ -99.265426249543964, 19.314187354566901 ], [ -99.26528205971816, 19.314341314573092 ], [ -99.265129619318628, 19.314553985030344 ], [ -99.264966309881942, 19.314788664150388 ], [ -99.264644219865374, 19.315019894348708 ], [ -99.264506829532223, 19.315307633498769 ], [ -99.264353659820145, 19.315409913795758 ], [ -99.264137599510789, 19.315576894222321 ], [ -99.263804280167861, 19.315836414026897 ], [ -99.263613278828359, 19.315974693608013 ], [ -99.263162830508804, 19.316303124057622 ], [ -99.262764100018757, 19.316776973823313 ], [ -99.2624327600074, 19.317163273333517 ], [ -99.262228530716357, 19.317309373788593 ], [ -99.261761130279496, 19.317686543750526 ], [ -99.261686360184854, 19.31781901293871 ], [ -99.261595820826855, 19.318279003293075 ], [ -99.261388060878147, 19.318711603227197 ], [ -99.261030770768087, 19.319554543202674 ], [ -99.260809541083049, 19.319882473640618 ], [ -99.260566160748212, 19.320146032556472 ], [ -99.260443619587747, 19.32044235235918 ], [ -99.260366790690568, 19.32056321273236 ], [ -99.259887700565784, 19.321032512298903 ], [ -99.259743760584527, 19.321177462235944 ], [ -99.259613861388885, 19.321308292131352 ], [ -99.259203510613176, 19.321599242077216 ], [ -99.259034791524655, 19.321812323468986 ], [ -99.258727341742542, 19.322050062700743 ], [ -99.258569421439375, 19.322125321957596 ], [ -99.258413961641352, 19.322272181974363 ], [ -99.258067371689592, 19.322382601923149 ], [ -99.257936001757059, 19.32249481241492 ], [ -99.25779110141643, 19.322587092069639 ], [ -99.257612301586803, 19.322759642198541 ], [ -99.25752170200137, 19.322858722551608 ], [ -99.257335331030845, 19.323117491841735 ], [ -99.257335315272954, 19.323117516019359 ], [ -99.257103531229518, 19.323470261991272 ], [ -99.256913111516084, 19.323741031662632 ], [ -99.256524022007952, 19.324340141585409 ], [ -99.256423931512174, 19.324536122179687 ], [ -99.256350851825033, 19.32475897162519 ], [ -99.256321172256108, 19.324949511725183 ], [ -99.256250901544902, 19.325217942046361 ], [ -99.256105281457579, 19.325431201575103 ], [ -99.255907531947344, 19.325722601850742 ], [ -99.255811652441039, 19.3257197211739 ], [ -99.255600991791198, 19.325997121654421 ], [ -99.2553247725658, 19.326384431795272 ], [ -99.255168002058724, 19.326556401640662 ], [ -99.254892902689079, 19.326670140973889 ], [ -99.254681931818098, 19.326757351348924 ], [ -99.254146742158639, 19.326920210831847 ], [ -99.253981821981768, 19.326948781246298 ], [ -99.253868792329357, 19.326937891446768 ], [ -99.253626772652169, 19.326869611070652 ], [ -99.253344932866071, 19.326862201659274 ], [ -99.253093602274362, 19.326983111114419 ], [ -99.252588302652754, 19.327061341025853 ], [ -99.25224454247595, 19.327084951569123 ], [ -99.251373283146336, 19.327076341383599 ], [ -99.251100512932339, 19.327027440866626 ], [ -99.25069860359595, 19.327025291209029 ], [ -99.250376863153164, 19.327025751366556 ], [ -99.249950912519353, 19.32702632247873 ], [ -99.249653390538839, 19.327116624652135 ], [ -99.249344943333909, 19.327210241052367 ], [ -99.248680083798192, 19.327567751188575 ], [ -99.248619763921269, 19.327673261526446 ], [ -99.248342562433436, 19.327792670945957 ], [ -99.248019224079499, 19.327866461435786 ], [ -99.247188574498423, 19.327938140741658 ], [ -99.246378574210766, 19.328076230798267 ], [ -99.245877793189052, 19.328119551110746 ], [ -99.245871983626358, 19.328119350960229 ], [ -99.245515393686219, 19.32810709114889 ], [ -99.245379134888168, 19.328136580806568 ], [ -99.245285934610834, 19.328172341808965 ], [ -99.245020393264426, 19.328431271628048 ], [ -99.244617315105529, 19.328450861039741 ], [ -99.244221734106048, 19.32855678062657 ], [ -99.243823574566164, 19.328448810454791 ], [ -99.243717705428452, 19.328459380748434 ], [ -99.243603834643636, 19.3284707708344 ], [ -99.243528405088668, 19.328461642121965 ], [ -99.243047795163974, 19.328218271738905 ], [ -99.242764364225778, 19.327996321400615 ], [ -99.242722434445483, 19.327949971687971 ], [ -99.242488545573224, 19.327591521491371 ], [ -99.242163425221534, 19.327059141815951 ], [ -99.241093404384657, 19.325306971163172 ], [ -99.241067855684719, 19.325167581761416 ], [ -99.240893490038488, 19.324988165147179 ], [ -99.240893462021731, 19.324988134735236 ], [ -99.240854111350771, 19.324947643258373 ], [ -99.240565804639843, 19.324650983057563 ], [ -99.24046208495507, 19.324544251871142 ], [ -99.240372224878371, 19.324451781612265 ], [ -99.240316026179514, 19.324419091517477 ], [ -99.240251856254361, 19.324393831394861 ], [ -99.240183387848802, 19.324406033769684 ], [ -99.240094234656766, 19.324421921901006 ], [ -99.240048504383978, 19.324432772822949 ], [ -99.239753655986803, 19.324502712156839 ], [ -99.239563257733892, 19.32457566781337 ], [ -99.239309575182219, 19.324672872803035 ], [ -99.239253254642065, 19.324664741738882 ], [ -99.239006970642052, 19.324549369534679 ], [ -99.23882403608691, 19.324463672461764 ], [ -99.238798980018103, 19.324475307734307 ], [ -99.238663465102903, 19.324538241357391 ], [ -99.238219165428106, 19.324538832530273 ], [ -99.238138026504529, 19.324547982648795 ], [ -99.238128463579031, 19.324549697860299 ], [ -99.237389756950407, 19.324682206193497 ], [ -99.237305206820054, 19.324697371382324 ], [ -99.23688105575981, 19.324891271467934 ], [ -99.236445906053959, 19.325168972572591 ], [ -99.236363856481489, 19.325454832769715 ], [ -99.236047907826901, 19.325844247436684 ], [ -99.236005966012428, 19.325895942293602 ], [ -99.23426717117961, 19.326714933897623 ], [ -99.234075796294377, 19.326805072226193 ], [ -99.23348082677812, 19.327224602063488 ], [ -99.232124027933793, 19.328491940898623 ], [ -99.231869796935939, 19.329025260974298 ], [ -99.231755210771666, 19.329110331711693 ], [ -99.231519198111869, 19.329285550266963 ], [ -99.231193746610899, 19.329832270981498 ], [ -99.230565367854823, 19.330105951523294 ], [ -99.230089487357446, 19.330313200023877 ], [ -99.229675197975112, 19.330362290595197 ], [ -99.229282147339262, 19.330512110066795 ], [ -99.229107228359226, 19.330621150716855 ], [ -99.228867458500687, 19.330777800925755 ], [ -99.228155419023764, 19.33111892212704 ], [ -99.227149367997143, 19.331600889771437 ], [ -99.226662039014343, 19.331601490237897 ], [ -99.226263269306259, 19.331559969887163 ], [ -99.226141169729871, 19.331631769721888 ], [ -99.224197149373083, 19.332355170745998 ], [ -99.224107459539013, 19.332494379581899 ], [ -99.224207980118948, 19.332746070187685 ], [ -99.223335319660606, 19.333090029966318 ], [ -99.223203950047676, 19.333152089942644 ], [ -99.222395109997038, 19.333534120396745 ], [ -99.221881948922814, 19.333699720396083 ], [ -99.221319369847564, 19.333819270697099 ], [ -99.22003593967618, 19.333936460890399 ], [ -99.219131070127986, 19.333975999693262 ], [ -99.218555200277279, 19.334388230649591 ], [ -99.217821830182331, 19.334608829856499 ], [ -99.217496861195272, 19.334648750222581 ], [ -99.217130711035239, 19.334688839108825 ], [ -99.217006240493902, 19.334810260508906 ], [ -99.216830121884499, 19.335084120672416 ], [ -99.216578310209741, 19.335224629922266 ], [ -99.216008472054241, 19.33526867017077 ], [ -99.215877141171759, 19.335318670244362 ], [ -99.215726721441712, 19.335393608923113 ], [ -99.215552371950977, 19.335518660287487 ], [ -99.215410430734067, 19.335672319451202 ], [ -99.215303611244394, 19.336106889688967 ], [ -99.215120151876718, 19.336249510216202 ], [ -99.214855871158704, 19.336384839784476 ], [ -99.214764542088147, 19.336404829469465 ], [ -99.214671682359523, 19.336423025830396 ], [ -99.2144294614925, 19.336470489064286 ], [ -99.214267742500056, 19.336488029781606 ], [ -99.214195062168002, 19.336495919783772 ], [ -99.213828411666924, 19.336535718904052 ], [ -99.213713321563162, 19.336548658954165 ], [ -99.213559862337064, 19.336552140262288 ], [ -99.213272981226254, 19.336515739057329 ], [ -99.212332691344457, 19.336187570068255 ], [ -99.211975862679751, 19.336281168779401 ], [ -99.211911186399163, 19.336274683615972 ], [ -99.211733202528436, 19.336256839734315 ], [ -99.211474712649832, 19.336194769715672 ], [ -99.211218952113484, 19.336250429814761 ], [ -99.210498182801217, 19.33665497876633 ], [ -99.210012673328933, 19.336908258821023 ], [ -99.209741982249227, 19.337140769212347 ], [ -99.209456573643848, 19.337337969073626 ], [ -99.208842773549449, 19.337629009908909 ], [ -99.208380072805639, 19.337848398548864 ], [ -99.208145602740615, 19.337883800108401 ], [ -99.207846263162196, 19.337865839074151 ], [ -99.207507414147557, 19.337808209952311 ], [ -99.207778431284353, 19.337379179655141 ], [ -99.207803522591192, 19.337339458589263 ], [ -99.208186072834678, 19.336732289180745 ] ] ] } },
{ "type": "Feature", "properties": { "CVEGEO": "09009", "alcaldia": "Milpa Alta" }, "geometry": { "type": "Polygon", "coordinates": [ [ [ -98.997169365126837, 19.227469683691368 ], [ -98.997226084472885, 19.227307803462715 ], [ -98.99743939524771, 19.227181573913885 ], [ -98.997455943930177, 19.226485647298581 ], [ -98.997455945547074, 19.22648557394519 ], [ -98.99743204623681, 19.22648169931248 ], [ -98.997055514146311, 19.226420634760238 ], [ -98.996673405597633, 19.226323493990552 ], [ -98.996420945584248, 19.226187515224719 ], [ -98.996261796105486, 19.22597428496487 ], [ -98.996172969287073, 19.22588590725757 ], [ -98.996172945952395, 19.225885884143409 ], [ -98.996348097423166, 19.225279515291856 ], [ -98.996368586620491, 19.225208610455173 ], [ -98.99636860521862, 19.225208545593723 ], [ -98.996059268260396, 19.225117167378446 ], [ -98.995784233219638, 19.225035903452831 ], [ -98.995783319740582, 19.225035633408137 ], [ -98.99578322595795, 19.225035604361995 ], [ -98.995434525380006, 19.226239464913331 ], [ -98.995415165056997, 19.226431733796225 ], [ -98.995411038113915, 19.226459793650417 ], [ -98.99525625564911, 19.227512033825892 ], [ -98.995255237815655, 19.227511953771472 ], [ -98.995255133104848, 19.227511944439375 ], [ -98.994386776748584, 19.227445033360031 ], [ -98.994196566137404, 19.227423144442717 ], [ -98.993717766619156, 19.227467573296451 ], [ -98.99366810296641, 19.227303265923634 ], [ -98.993668084504705, 19.22730319488841 ], [ -98.993614651153379, 19.227126419348185 ], [ -98.993611463656819, 19.227115872599928 ], [ -98.993611444241779, 19.227115801545683 ], [ -98.993554446072721, 19.226927216050886 ], [ -98.993554425704431, 19.226927144977619 ], [ -98.993545093760758, 19.22686526902892 ], [ -98.993545083006012, 19.226865194523146 ], [ -98.993535703271164, 19.226802977878343 ], [ -98.993494925570616, 19.226532538126197 ], [ -98.993494915749324, 19.226532464545027 ], [ -98.993494905788054, 19.226532397303071 ], [ -98.993472689487916, 19.226385037879691 ], [ -98.993472677759925, 19.226384964260603 ], [ -98.993464336353568, 19.226329636667483 ], [ -98.993464325578941, 19.226329563067392 ], [ -98.993463766712964, 19.226325844608258 ], [ -98.993451467565038, 19.226244267646003 ], [ -98.993451455837047, 19.226244194026894 ], [ -98.993399977524248, 19.225902738787706 ], [ -98.99339996770307, 19.225902665206636 ], [ -98.993337430689422, 19.225487879778019 ], [ -98.993330850604139, 19.225444237483057 ], [ -98.993330839829639, 19.225444163882983 ], [ -98.993330539464836, 19.225442172869109 ], [ -98.993314266072119, 19.225334239393199 ], [ -98.993255137725143, 19.224942037823801 ], [ -98.993255126950743, 19.224941964223781 ], [ -98.99254308669434, 19.224889225144569 ], [ -98.99186034712406, 19.224838454547186 ], [ -98.991817546668415, 19.224834957985433 ], [ -98.991229607046051, 19.224786884432159 ], [ -98.991065926024973, 19.225591794473278 ], [ -98.990551026153355, 19.225775464178962 ], [ -98.988226256376805, 19.223701885360647 ], [ -98.985711377209554, 19.221431776165694 ], [ -98.984310196609528, 19.22025328759398 ], [ -98.984293324416512, 19.220239096149189 ], [ -98.98426207706656, 19.220212817922164 ], [ -98.984251323577951, 19.220203775136628 ], [ -98.984246919190554, 19.220200071345317 ], [ -98.984043249347081, 19.220028796671393 ], [ -98.984025896820626, 19.220014204215591 ], [ -98.983997369510234, 19.219990214451066 ], [ -98.983866177539056, 19.219879889323252 ], [ -98.983864192564596, 19.21987822069531 ], [ -98.983833933180691, 19.219852772987267 ], [ -98.983796510077696, 19.219821304989438 ], [ -98.98352917774865, 19.219596491166897 ], [ -98.983498128272799, 19.219570378015764 ], [ -98.983466271593031, 19.219543591886971 ], [ -98.983234714343439, 19.219348860089145 ], [ -98.983204581565118, 19.21932351989096 ], [ -98.983173699767704, 19.21929754955222 ], [ -98.982992181538052, 19.219144900370804 ], [ -98.98297512979336, 19.21913056024518 ], [ -98.982955601558459, 19.21911413758475 ], [ -98.98274392124631, 19.218936122835089 ], [ -98.982722480221568, 19.218918091837853 ], [ -98.982698261247663, 19.218897724034814 ], [ -98.982481763498043, 19.218715656210254 ], [ -98.9824632156798, 19.218700057606899 ], [ -98.982446407452542, 19.218685923423944 ], [ -98.982384972266729, 19.218634252665566 ], [ -98.982229412887904, 19.218503408652506 ], [ -98.982207291405558, 19.218484801367296 ], [ -98.98218773160545, 19.218468348087779 ], [ -98.981975591657786, 19.218289903695808 ], [ -98.981959894978473, 19.218276700391872 ], [ -98.981942145981037, 19.21826177091787 ], [ -98.981737299311945, 19.218089460611957 ], [ -98.981698719213071, 19.218057008660598 ], [ -98.981663710090757, 19.218027559876081 ], [ -98.97971517905205, 19.216388485776466 ], [ -98.979704760427651, 19.216379723003584 ], [ -98.97969391960136, 19.21637060297811 ], [ -98.978897422684682, 19.215700584673286 ], [ -98.978884173008439, 19.215689438619979 ], [ -98.978884139292688, 19.215689410765645 ], [ -98.978870820360953, 19.215678205342151 ], [ -98.978316325252251, 19.215211755230094 ], [ -98.978221901418266, 19.215132322766728 ], [ -98.978221794672763, 19.215132233655346 ], [ -98.978219168571002, 19.215130023030785 ], [ -98.978145463649724, 19.215068020570445 ], [ -98.978142380646418, 19.215065426626527 ], [ -98.978132141530281, 19.215065992644849 ], [ -98.977894488471421, 19.215079135370619 ], [ -98.977889028495412, 19.215079437376751 ], [ -98.977802666657738, 19.215064743717583 ], [ -98.977802566904884, 19.215064726318726 ], [ -98.97500266104548, 19.214588316548141 ], [ -98.975000939094528, 19.214588125305646 ], [ -98.974949931101833, 19.214582469008242 ], [ -98.974494440856446, 19.214480317490462 ], [ -98.974341889877962, 19.214440257634049 ], [ -98.974236665333265, 19.214387832837847 ], [ -98.974125068195988, 19.214332233404278 ], [ -98.973708951559004, 19.214124916668872 ], [ -98.97361375104866, 19.214080038129161 ], [ -98.973324610378867, 19.21381960783787 ], [ -98.973205030941386, 19.213661627384525 ], [ -98.973169204698792, 19.213612686225744 ], [ -98.973169186257124, 19.213612657770444 ], [ -98.973169165888862, 19.213612630182549 ], [ -98.973055862003889, 19.213457701804938 ], [ -98.973051381247402, 19.213451578105367 ], [ -98.972820060810619, 19.213167657353917 ], [ -98.972420920454454, 19.212692536714979 ], [ -98.972216612093263, 19.21250802686875 ], [ -98.971962750935035, 19.212323597248833 ], [ -98.971698491031987, 19.212127347545877 ], [ -98.971490131189455, 19.211968668416638 ], [ -98.971489348803857, 19.211968255899439 ], [ -98.971287870987851, 19.211861746930971 ], [ -98.971008372041993, 19.211713197385698 ], [ -98.969970122001186, 19.211272497207659 ], [ -98.969923032442068, 19.211252336997514 ], [ -98.96975341278042, 19.211179686958769 ], [ -98.969465491947503, 19.210971297631712 ], [ -98.969232572438159, 19.210847947641199 ], [ -98.968918412387154, 19.210709567430747 ], [ -98.968569932389698, 19.210586177152113 ], [ -98.968520272282163, 19.210568197224934 ], [ -98.96836890228461, 19.210485967214954 ], [ -98.967649692445974, 19.209793168016731 ], [ -98.966830103177614, 19.209003667595955 ], [ -98.966818862852548, 19.208958458043856 ], [ -98.966855833511374, 19.208739798165105 ], [ -98.966994775803954, 19.207917827022513 ], [ -98.966998372775222, 19.207896548111883 ], [ -98.967044152653315, 19.207625718082472 ], [ -98.967416322765061, 19.207324318045231 ], [ -98.967173702622162, 19.2070393686977 ], [ -98.967160862997289, 19.206614718508895 ], [ -98.967221093247147, 19.206248208216213 ], [ -98.967396903204147, 19.206169548543009 ], [ -98.967501773052007, 19.206122608618202 ], [ -98.967971522840415, 19.205717098411654 ], [ -98.968564322257123, 19.205205348539987 ], [ -98.969326707712355, 19.204547188138225 ], [ -98.969670922070321, 19.204250028793968 ], [ -98.96769424322521, 19.203125969303326 ], [ -98.967672628889389, 19.203023039658305 ], [ -98.967602013204754, 19.202686859596739 ], [ -98.967018183213625, 19.199906980191681 ], [ -98.96697104342077, 19.197918770333896 ], [ -98.967686243238333, 19.189740202048601 ], [ -98.966402693446298, 19.187028782906154 ], [ -98.959841415229789, 19.179165004267198 ], [ -98.956514095878816, 19.176632345733928 ], [ -98.956167035811276, 19.176760185414839 ], [ -98.954908096309168, 19.174060525950367 ], [ -98.952378006923666, 19.168634746920123 ], [ -98.965604523289343, 19.164927588092073 ], [ -98.967358752935567, 19.164435818204257 ], [ -98.965242613188408, 19.161958818813428 ], [ -98.964608383852863, 19.161216418886163 ], [ -98.963730523434862, 19.160188809293597 ], [ -98.963115043763921, 19.159468325431508 ], [ -98.962689804283954, 19.158970529608922 ], [ -98.96201161422934, 19.158176639199979 ], [ -98.96107670486613, 19.157082189987552 ], [ -98.960562974911412, 19.156480759627026 ], [ -98.960009804834627, 19.155833190052487 ], [ -98.959852874468282, 19.155649469884164 ], [ -98.959460675016928, 19.1551903304272 ], [ -98.958476785066097, 19.154038470446682 ], [ -98.958310894978922, 19.153844250858278 ], [ -98.95461866603496, 19.149521481231364 ], [ -98.959474245278471, 19.147295552088018 ], [ -98.959887864457642, 19.147105932444585 ], [ -98.9625965539784, 19.145864081910734 ], [ -98.963029383985784, 19.145639732288345 ], [ -98.966448292772498, 19.143867642535582 ], [ -98.965948413000746, 19.142581622686063 ], [ -98.965655523655641, 19.141828103118005 ], [ -98.965486013682963, 19.141392043125865 ], [ -98.965105073515033, 19.140411953985893 ], [ -98.965081413922476, 19.140383133219263 ], [ -98.964637643702133, 19.139842553388821 ], [ -98.964597903684108, 19.139794154060702 ], [ -98.963881074016072, 19.138214613975908 ], [ -98.96375266382266, 19.137931653937201 ], [ -98.963479903556575, 19.137485214024686 ], [ -98.963167773698132, 19.136974274779217 ], [ -98.962890064219295, 19.136519684784773 ], [ -98.962618573767983, 19.13607528424691 ], [ -98.96246946445757, 19.135831214980641 ], [ -98.962369373998811, 19.135667384321906 ], [ -98.96226503433779, 19.135452935147121 ], [ -98.961937834169987, 19.13478048526882 ], [ -98.961809524280127, 19.134516824994062 ], [ -98.96170775418868, 19.134307675312648 ], [ -98.96161790434995, 19.134123024726129 ], [ -98.961470754146561, 19.133820584803544 ], [ -98.961084244961228, 19.133026245220197 ], [ -98.960846324618771, 19.132302365172528 ], [ -98.96050217465681, 19.131255255877409 ], [ -98.960424814598312, 19.131019905615371 ], [ -98.959534574494882, 19.128311246405023 ], [ -98.958721844737852, 19.125838366849806 ], [ -98.958521325360337, 19.125270937180346 ], [ -98.957789735796183, 19.123200717578616 ], [ -98.957499835759336, 19.122380357741772 ], [ -98.957648385323139, 19.11962815874206 ], [ -98.957995205552166, 19.117912489224743 ], [ -98.958062784896882, 19.117578108728701 ], [ -98.958492605649255, 19.114895079635676 ], [ -98.958555065308786, 19.114505189873963 ], [ -98.958694355246251, 19.113635650071611 ], [ -98.958684375446381, 19.112702390053162 ], [ -98.958682904763918, 19.112565080390592 ], [ -98.958402105004168, 19.111306540709702 ], [ -98.95859873535835, 19.110411020573746 ], [ -98.958668834936745, 19.110091760244515 ], [ -98.958949014894628, 19.1090398608059 ], [ -98.959055864633612, 19.104275092137723 ], [ -98.961232135011855, 19.09558032394029 ], [ -98.963258124306265, 19.092059924691554 ], [ -98.965713833303539, 19.085858316188197 ], [ -98.968275933035315, 19.083138026411973 ], [ -98.971364692042499, 19.081215526933381 ], [ -98.973688971363813, 19.079550317272226 ], [ -98.978987750681526, 19.074453098576399 ], [ -98.982353719099208, 19.077605568040056 ], [ -98.983586839459861, 19.078760398028439 ], [ -99.028986017742312, 19.085365942248277 ], [ -99.030187247998128, 19.084553686312415 ], [ -99.043201194895886, 19.075752608609562 ], [ -99.048720993343906, 19.066598690449148 ], [ -99.056642536725064, 19.053459456646227 ], [ -99.056642700744618, 19.053459183579459 ], [ -99.059792560575858, 19.048233815005876 ], [ -99.062078079884813, 19.048715874870968 ], [ -99.104446179677495, 19.057645183101496 ], [ -99.105120889312161, 19.057787272771741 ], [ -99.1254254345437, 19.062061871962353 ], [ -99.135204931859306, 19.088837695382853 ], [ -99.135364440968061, 19.089274362113329 ], [ -99.135371331634886, 19.089293225476986 ], [ -99.136473791820961, 19.089375125480945 ], [ -99.146803169109006, 19.100580233012639 ], [ -99.154739846847306, 19.108833691152618 ], [ -99.163285155166292, 19.117487709416686 ], [ -99.155001626814098, 19.135306844722368 ], [ -99.153996587306537, 19.138118704281574 ], [ -99.152491887559833, 19.142115213679311 ], [ -99.151949217999629, 19.150764561083641 ], [ -99.151798077833803, 19.151407881564122 ], [ -99.149716058665192, 19.159841218978745 ], [ -99.149600728172885, 19.160310009417152 ], [ -99.148696458116106, 19.160270158871445 ], [ -99.148192388388665, 19.160232159329748 ], [ -99.147570888457039, 19.160137759089963 ], [ -99.147200478381549, 19.160038639342549 ], [ -99.146796198747282, 19.15994181886219 ], [ -99.146502129254841, 19.159808748985331 ], [ -99.146069169465321, 19.159549269319715 ], [ -99.145450139167508, 19.159210849676292 ], [ -99.144914489557038, 19.158925469466066 ], [ -99.144796859048299, 19.15886115964938 ], [ -99.144486459199143, 19.158662579191795 ], [ -99.144222329711297, 19.158396179269314 ], [ -99.14395312916831, 19.158113980078898 ], [ -99.143669389372207, 19.157831779765125 ], [ -99.143438129701252, 19.15753598020417 ], [ -99.143230559775063, 19.157140419968602 ], [ -99.143048509576815, 19.156815639706071 ], [ -99.142930629530738, 19.156511100023206 ], [ -99.142741860241117, 19.156077479943491 ], [ -99.142511539829869, 19.155554730665102 ], [ -99.142275959686742, 19.155133510819333 ], [ -99.142026390487501, 19.154740450200141 ], [ -99.141814830127643, 19.154477190607601 ], [ -99.141516290248177, 19.154056851095092 ], [ -99.141125260303212, 19.153511681046325 ], [ -99.140841400358113, 19.152915530638765 ], [ -99.140687880128226, 19.152493820605443 ], [ -99.140396630064444, 19.152210390838761 ], [ -99.140012510201188, 19.151955700991458 ], [ -99.139766561086788, 19.151804501625634 ], [ -99.139418460815563, 19.151644351045263 ], [ -99.138940961086007, 19.151440581480539 ], [ -99.138524571373381, 19.151335481595691 ], [ -99.137765631368538, 19.150992751589104 ], [ -99.13720366174698, 19.150747511341923 ], [ -99.132398362004636, 19.148608421965502 ], [ -99.131223852859151, 19.150747511061191 ], [ -99.130236633247932, 19.152541300956234 ], [ -99.119122456069974, 19.17287007636552 ], [ -99.118646455893952, 19.173739785849122 ], [ -99.113410667529564, 19.18329941381338 ], [ -99.112652936885326, 19.184689783822325 ], [ -99.112322947282877, 19.185292603562267 ], [ -99.111654767353272, 19.18651041338553 ], [ -99.111476407540991, 19.186831262660252 ], [ -99.110268657836428, 19.189041612691828 ], [ -99.109110332193694, 19.191158422022021 ], [ -99.109009083402441, 19.191343448220344 ], [ -99.108809547104727, 19.191708086291975 ], [ -99.108620484198894, 19.192053583947853 ], [ -99.108429885709668, 19.192401885898306 ], [ -99.108091833264311, 19.193019643010615 ], [ -99.106940380324332, 19.195123762275454 ], [ -99.10692037879069, 19.195160312503923 ], [ -99.106735807259284, 19.195497582526759 ], [ -99.106725197313111, 19.195516971144972 ], [ -99.106707313684325, 19.195549650991186 ], [ -99.10652148807516, 19.19588921339535 ], [ -99.106511701466047, 19.195907097613365 ], [ -99.106501949619073, 19.195924916363378 ], [ -99.106308404803841, 19.196278581248997 ], [ -99.106300565582572, 19.196292905280014 ], [ -99.106291892029631, 19.196308754331877 ], [ -99.105984043079644, 19.196871257245753 ], [ -99.105977792536791, 19.196882702732911 ], [ -99.105972583188233, 19.196892222207037 ], [ -99.105803920699373, 19.197200416095288 ], [ -99.105795462314575, 19.197215871552405 ], [ -99.10579527382454, 19.197216215822326 ], [ -99.105784154683647, 19.197236534124023 ], [ -99.105765596013214, 19.1972704457636 ], [ -99.105737770395351, 19.197321290357355 ], [ -99.105737621571009, 19.197321562911956 ], [ -99.105728718719831, 19.19733783063451 ], [ -99.105525406589024, 19.197655756644647 ], [ -99.105510291114726, 19.197679390174972 ], [ -99.105509936004395, 19.197679946865414 ], [ -99.105498097045029, 19.19769846029374 ], [ -99.105497913597674, 19.197698746679468 ], [ -99.105283713244489, 19.198033694877505 ], [ -99.105273688093888, 19.198049372128981 ], [ -99.105269999197503, 19.198055140226483 ], [ -99.105268945849545, 19.198057502672128 ], [ -99.105267303709624, 19.198061187383328 ], [ -99.105256856125933, 19.198084628673374 ], [ -99.105174149400654, 19.198270200784716 ], [ -99.104746515311305, 19.198210508058157 ], [ -99.104690148330704, 19.19820264036025 ], [ -99.104650668630725, 19.198276410099108 ], [ -99.10462954925606, 19.198333920536999 ], [ -99.104627654365402, 19.198348824207159 ], [ -99.104623799416302, 19.198379140347949 ], [ -99.104601178682543, 19.19842294033338 ], [ -99.104717778297044, 19.198490470609986 ], [ -99.104771239356964, 19.198558041739915 ], [ -99.104816629095978, 19.198653270707016 ], [ -99.104843288552956, 19.198763411102242 ], [ -99.104836548220902, 19.198863230785712 ], [ -99.104792008318086, 19.198961341575686 ], [ -99.104717899677098, 19.199043490366218 ], [ -99.104188669112517, 19.199364301581738 ], [ -99.104115658401639, 19.199407779832374 ], [ -99.104072938795682, 19.199433500959206 ], [ -99.103260238145182, 19.199923320236334 ], [ -99.103106199203609, 19.200015410959427 ], [ -99.102621569630244, 19.200308240353834 ], [ -99.102392169019964, 19.200461890953086 ], [ -99.102265430086518, 19.200625351375603 ], [ -99.102239259346561, 19.200659091241135 ], [ -99.102162659995642, 19.200825089649815 ], [ -99.102109900145564, 19.201048919757291 ], [ -99.102078770281082, 19.201569440969049 ], [ -99.10206238017831, 19.201843519769067 ], [ -99.102014750170369, 19.202277640884226 ], [ -99.10195592005482, 19.202643209188508 ], [ -99.101925500280359, 19.20343136970579 ], [ -99.101892031094835, 19.203820539986509 ], [ -99.101863169496227, 19.204197968929648 ], [ -99.101846630555784, 19.204427548745393 ], [ -99.101807069610629, 19.204618748736305 ], [ -99.101772748859318, 19.204716299122349 ], [ -99.101755979479847, 19.204759917868873 ], [ -99.101738259171228, 19.204806009739528 ], [ -99.101685408698074, 19.204888899275129 ], [ -99.101582340149221, 19.205011978546402 ], [ -99.101139914263854, 19.205528325532626 ], [ -99.10099459940075, 19.205697918622089 ], [ -99.100976739736623, 19.205718768694105 ], [ -99.100878439999491, 19.20582176896178 ], [ -99.100794320548914, 19.205892099080607 ], [ -99.100691199727208, 19.205952408481963 ], [ -99.100627885254937, 19.205981651574593 ], [ -99.100598660310013, 19.205995148880348 ], [ -99.100367440407226, 19.206069599140822 ], [ -99.100248440417175, 19.206112348330407 ], [ -99.100174410161998, 19.206167608362581 ], [ -99.100116270407256, 19.206242968846784 ], [ -99.100076630615092, 19.206318298795946 ], [ -99.100050240054216, 19.206411208848046 ], [ -99.10003707040849, 19.206516668585877 ], [ -99.100018430587923, 19.206990468837098 ], [ -99.100005290672954, 19.207141118496448 ], [ -99.09996834053932, 19.20726416817012 ], [ -99.099912860073985, 19.20738274877796 ], [ -99.099822980252796, 19.207492718661058 ], [ -99.099361460197997, 19.207987967896354 ], [ -99.099298180380615, 19.208066538048371 ], [ -99.099261740186037, 19.208102268287881 ], [ -99.099204830233361, 19.208144398044258 ], [ -99.099155540016284, 19.208161438668238 ], [ -99.099102270633651, 19.208179939315283 ], [ -99.099029690148981, 19.208193688493349 ], [ -99.098937400337718, 19.208206518890304 ], [ -99.09888787102507, 19.208208497758754 ], [ -99.098811780856082, 19.208212138610943 ], [ -99.098480769956637, 19.208212319099257 ], [ -99.098402830766091, 19.208218059554223 ], [ -99.09834294058254, 19.208223779106298 ], [ -99.098261349404297, 19.208235318103593 ], [ -99.098129700041511, 19.208269498642512 ], [ -99.097954075753862, 19.208321884188948 ], [ -99.097936630595612, 19.208327087842832 ], [ -99.097130980516098, 19.208589839082002 ], [ -99.096988241570912, 19.208627867720843 ], [ -99.096865431161618, 19.20865097781282 ], [ -99.096769671524939, 19.208661567670298 ], [ -99.096672060054672, 19.20866194789625 ], [ -99.096543059862796, 19.208649198473282 ], [ -99.096425089992223, 19.208623809139478 ], [ -99.096265499968567, 19.208595888695733 ], [ -99.096115261338113, 19.208570119356082 ], [ -99.095966411813976, 19.208551258278131 ], [ -99.095848441793194, 19.208553038288773 ], [ -99.095766770593286, 19.20857546769756 ], [ -99.09567935158536, 19.208625057741415 ], [ -99.095603841291037, 19.208715009187191 ], [ -99.095547381738015, 19.208800268278903 ], [ -99.095406667393078, 19.20901274575521 ], [ -99.095245471675142, 19.209256148165029 ], [ -99.095151901589063, 19.209435767503667 ], [ -99.095091241344107, 19.2095871380549 ], [ -99.095068551922367, 19.209738488303614 ], [ -99.09505686108858, 19.210076098018924 ], [ -99.094988321463305, 19.211071397631194 ], [ -99.094968101671654, 19.211148287300652 ], [ -99.094937781838283, 19.211217967710997 ], [ -99.094892241782304, 19.211280437252423 ], [ -99.094826471995063, 19.211357917041148 ], [ -99.094735401550963, 19.211430027615194 ], [ -99.094646831863159, 19.211490137842588 ], [ -99.094553201492374, 19.211535827305223 ], [ -99.094477271883761, 19.211550267316518 ], [ -99.094388671732617, 19.211550317654307 ], [ -99.094287401799491, 19.211521547188251 ], [ -99.094196631512574, 19.211471147727899 ], [ -99.094128029386411, 19.211412869076653 ], [ -99.094001630998505, 19.211305487866863 ], [ -99.093762544315453, 19.211136202208891 ], [ -99.093677572210382, 19.211076037253374 ], [ -99.093534470581304, 19.211005827440026 ], [ -99.093381241723051, 19.210961608496621 ], [ -99.093173242143834, 19.210927057690554 ], [ -99.09292167079839, 19.210915887535673 ], [ -99.092384041751174, 19.21088962746153 ], [ -99.092057374752471, 19.210902981542027 ], [ -99.09170937095567, 19.210917208488262 ], [ -99.090957692187956, 19.211016497195899 ], [ -99.09092883103331, 19.211025499830949 ], [ -99.090866318999872, 19.211044999121654 ], [ -99.090865411761172, 19.211045281511652 ], [ -99.090865202459838, 19.211045347237246 ], [ -99.09068712280029, 19.211092767878231 ], [ -99.089384341652789, 19.211359973903054 ], [ -99.089282569090827, 19.211380846357574 ], [ -99.089282299925713, 19.211380901867063 ], [ -99.089024873141497, 19.211433697623253 ], [ -99.088496583487995, 19.21154206729766 ], [ -99.088415658499642, 19.211558664684102 ], [ -99.088220373284372, 19.211598717589236 ], [ -99.086492594780509, 19.211953068752678 ], [ -99.086305503979986, 19.211991437363626 ], [ -99.085737299656174, 19.212107969887185 ], [ -99.084401973972518, 19.212381827332575 ], [ -99.084201416196976, 19.212422954666341 ], [ -99.083762414387806, 19.212512977318248 ], [ -99.083635182612781, 19.212539067208482 ], [ -99.083465005280786, 19.212573966742308 ], [ -99.083043384054506, 19.212660427486533 ], [ -99.0825013543935, 19.212774097212325 ], [ -99.082051575590498, 19.212868484536362 ], [ -99.081958404379378, 19.212888037143408 ], [ -99.081344124177633, 19.213016937857269 ], [ -99.080888013678589, 19.213112638027347 ], [ -99.080347954955982, 19.213224767316301 ], [ -99.080051064865117, 19.213286397060873 ], [ -99.079364244614951, 19.213428977375678 ], [ -99.078826784073442, 19.213540567233316 ], [ -99.078696374521954, 19.213567637023342 ], [ -99.078526095963539, 19.213602996603068 ], [ -99.078120274697, 19.213687221051192 ], [ -99.077812295876058, 19.213751166731594 ], [ -99.07771335471422, 19.213771691323437 ], [ -99.0767458750488, 19.213972540508735 ], [ -99.075782555480458, 19.214172489361513 ], [ -99.073578955636748, 19.214629890642485 ], [ -99.07229950642521, 19.214895460668075 ], [ -99.071056637089683, 19.215153420217717 ], [ -99.069063816904986, 19.215567000100986 ], [ -99.067764127636806, 19.215836709977626 ], [ -99.067317787279237, 19.215929339789611 ], [ -99.06630100822639, 19.216140339650515 ], [ -99.065796147986092, 19.216245090280442 ], [ -99.064322527931154, 19.216550878795168 ], [ -99.0632001283183, 19.216783759811634 ], [ -99.060535729550068, 19.21733554050779 ], [ -99.060149529341416, 19.217415529779451 ], [ -99.059181709329465, 19.217615940030765 ], [ -99.058155640025163, 19.217828419972733 ], [ -99.056708590362476, 19.218128049547399 ], [ -99.056345510126988, 19.21820322989679 ], [ -99.055976070200686, 19.218279729485584 ], [ -99.053831530989711, 19.21872475919654 ], [ -99.053089928421713, 19.218878648041947 ], [ -99.052347021356155, 19.219032799558196 ], [ -99.052345179091986, 19.219033181241407 ], [ -99.049476917543927, 19.219628321328042 ], [ -99.049136011779751, 19.219699049301287 ], [ -99.048257872289156, 19.21988122936936 ], [ -99.047859532753165, 19.219963879393131 ], [ -99.047824338345407, 19.219971181869248 ], [ -99.047654844561549, 19.220006346797046 ], [ -99.046815651758777, 19.220180452437635 ], [ -99.04665585480349, 19.220213600804588 ], [ -99.046636332880382, 19.220217649120848 ], [ -99.04543055279089, 19.220467818995235 ], [ -99.043014933500231, 19.220968968585936 ], [ -99.042777683782447, 19.221018189009154 ], [ -99.042460393370391, 19.221084018575258 ], [ -99.042161153494789, 19.221146138739517 ], [ -99.041778793427653, 19.221225508360195 ], [ -99.041117073906392, 19.221362858500143 ], [ -99.040097645488117, 19.221574465498161 ], [ -99.038032475484485, 19.222003115146318 ], [ -99.037588935186335, 19.222095165353387 ], [ -99.036931995404117, 19.222231514945594 ], [ -99.036723965760828, 19.222274684960894 ], [ -99.036411246070386, 19.222339514532994 ], [ -99.036275986336037, 19.22236754478519 ], [ -99.035778736478406, 19.222470624751875 ], [ -99.035201106639832, 19.222590364683182 ], [ -99.034053386089411, 19.222828264778155 ], [ -99.032866516427632, 19.22307426910233 ], [ -99.030185367441007, 19.223629964798132 ], [ -99.026266228778198, 19.223977885421345 ], [ -99.025320057309074, 19.224061765631539 ], [ -99.022996229159517, 19.2242677452906 ], [ -99.021730659557605, 19.224379965437162 ], [ -99.019616520263966, 19.22456743475156 ], [ -99.01854579931053, 19.224662369142418 ], [ -99.01799897947825, 19.224710847443728 ], [ -99.017781940095588, 19.224730084935938 ], [ -99.017475660954815, 19.224757365473831 ], [ -99.012486561234013, 19.225201605014718 ], [ -99.01159674175274, 19.225280825247303 ], [ -99.009666412384291, 19.225452631005592 ], [ -99.008887313039111, 19.225521975212796 ], [ -99.007142920155871, 19.225680619469529 ], [ -99.007066988271063, 19.225687524404375 ], [ -99.00573108250488, 19.225809004313092 ], [ -99.005521871583383, 19.225828028024257 ], [ -99.004888462266265, 19.225885624262965 ], [ -99.003995182783825, 19.225966854029434 ], [ -99.003962833729446, 19.22596979522497 ], [ -99.00391864562917, 19.225973812420794 ], [ -99.003011362781677, 19.226056285076428 ], [ -99.003009439938438, 19.226056459811346 ], [ -99.001480164930655, 19.226195484603636 ], [ -99.000096095076628, 19.226314694387284 ], [ -99.00009609157442, 19.226314766797188 ], [ -99.000095552006385, 19.226320038016812 ], [ -99.000088470936589, 19.226389946001738 ], [ -99.003121343781089, 19.227057133999661 ], [ -99.00312132512623, 19.227057201578859 ], [ -99.002982947331816, 19.227571020625192 ], [ -99.002207433338455, 19.227354544469517 ], [ -99.000804208379705, 19.22700304918742 ], [ -99.0007580841297, 19.226991493737238 ], [ -98.999839254772951, 19.226781034984089 ], [ -98.999666175200375, 19.227279804119853 ], [ -98.999661902882181, 19.22729146633452 ], [ -98.99956482491487, 19.227556623249392 ], [ -98.999014634934682, 19.227354163413935 ], [ -98.998856283784008, 19.2277018538596 ], [ -98.998787915164101, 19.227685364564028 ], [ -98.998139724478008, 19.227529023454682 ], [ -98.997285294312022, 19.227476773261497 ], [ -98.997285191427935, 19.227476767591135 ], [ -98.997169399388241, 19.227469687090839 ], [ -98.997169365126837, 19.227469683691368 ] ] ] } },
{ "type": "Feature", "properties": { "CVEGEO": "09010", "alcaldia": "Álvaro Obregón" }, "geometry": { "type": "Polygon", "coordinates": [ [ [ -99.189047467934273, 19.395587415133537 ], [ -99.188698918226251, 19.394744725473426 ], [ -99.188672008318719, 19.394672105648265 ], [ -99.188561557170985, 19.394412247068043 ], [ -99.188444098819616, 19.394125137188205 ], [ -99.18840666879143, 19.39401535545581 ], [ -99.188385528144067, 19.393916195968188 ], [ -99.188364758099894, 19.393814445466315 ], [ -99.188356497558473, 19.393630526550126 ], [ -99.188362577051322, 19.393435196988506 ], [ -99.188405548583845, 19.393227226279588 ], [ -99.188704588675023, 19.392348966081347 ], [ -99.188808117657999, 19.39201367631458 ], [ -99.189029868701738, 19.391147766843318 ], [ -99.189307788024195, 19.390092498883877 ], [ -99.189462048559562, 19.389494508002123 ], [ -99.189488748538764, 19.389392186668381 ], [ -99.189650178175597, 19.388765648305984 ], [ -99.18980131851184, 19.388197457277798 ], [ -99.189830977730281, 19.388087757112302 ], [ -99.189979317814576, 19.387523218588878 ], [ -99.190158437907826, 19.386849738673806 ], [ -99.190331147743308, 19.386185848255685 ], [ -99.190394357986662, 19.38600762840278 ], [ -99.190827518209915, 19.385017818191944 ], [ -99.190990297377482, 19.384636257710369 ], [ -99.191238587758249, 19.384054258555448 ], [ -99.191241408079136, 19.384047659044938 ], [ -99.191313467250154, 19.383878758430367 ], [ -99.191383917996333, 19.383713618281025 ], [ -99.191664868051234, 19.383027029476754 ], [ -99.191677517624882, 19.382971658790524 ], [ -99.191690527458562, 19.382911878309102 ], [ -99.191726047453855, 19.382677908868647 ], [ -99.191738207424692, 19.381630938527412 ], [ -99.191740277325593, 19.381336248608847 ], [ -99.191746527607108, 19.380828429266497 ], [ -99.191747157537534, 19.380355228687439 ], [ -99.19174941772053, 19.37963038923796 ], [ -99.191697147968483, 19.378926510597228 ], [ -99.19168738717002, 19.378790968930051 ], [ -99.191631807528069, 19.378055359325504 ], [ -99.191622477658356, 19.377879879142032 ], [ -99.191617817993219, 19.377666079564541 ], [ -99.191629757522051, 19.377412129948464 ], [ -99.191766497966086, 19.37626165017052 ], [ -99.191784207881753, 19.376120419733134 ], [ -99.191900187625109, 19.375281170350629 ], [ -99.192044837415906, 19.374244831495812 ], [ -99.19212669734398, 19.373595100634137 ], [ -99.192132897885614, 19.373400590516383 ], [ -99.192129097918354, 19.373321360975204 ], [ -99.192108777863552, 19.373192960858791 ], [ -99.192094067259617, 19.373094590614571 ], [ -99.191998547296876, 19.372810360749568 ], [ -99.191910897939508, 19.372625110674161 ], [ -99.191819607725947, 19.372412400840005 ], [ -99.19171804718242, 19.372157080919134 ], [ -99.191671158028285, 19.371992832037467 ], [ -99.191647757312793, 19.371866710766749 ], [ -99.191632747760565, 19.371651540514389 ], [ -99.191639346175947, 19.371508200562005 ], [ -99.191733247422988, 19.370679660789477 ], [ -99.191792157161231, 19.370148061130781 ], [ -99.191808177881555, 19.369966731674644 ], [ -99.191805717634665, 19.369726621320979 ], [ -99.191788417886926, 19.369467341743864 ], [ -99.191755007217992, 19.369248941391355 ], [ -99.191719077989902, 19.369086991692605 ], [ -99.191651977949093, 19.368864621682722 ], [ -99.191618617569787, 19.36876766219515 ], [ -99.191523877232996, 19.368542592000878 ], [ -99.191425987329794, 19.368374111951972 ], [ -99.191212637903831, 19.367977481671744 ], [ -99.190997837427204, 19.367592051971563 ], [ -99.190899638290475, 19.367418682018084 ], [ -99.190836418056975, 19.367255682274305 ], [ -99.1907916374211, 19.36708294209458 ], [ -99.190774717648779, 19.366987282273325 ], [ -99.190758188093668, 19.366883912318823 ], [ -99.19074826745053, 19.366785482166353 ], [ -99.19077231802504, 19.366431972141264 ], [ -99.190819077868468, 19.365849031888732 ], [ -99.190928787941175, 19.36483263260159 ], [ -99.191085388026707, 19.363486833271651 ], [ -99.190494157535454, 19.363317082501435 ], [ -99.190143467962457, 19.363227853897467 ], [ -99.189125838586278, 19.36301128255214 ], [ -99.188666638722438, 19.362993484029566 ], [ -99.188437698843501, 19.363025193109152 ], [ -99.18829695852169, 19.363013112488524 ], [ -99.188205878476225, 19.363001032579618 ], [ -99.188106118430966, 19.362977343245387 ], [ -99.187996728899577, 19.362942162715015 ], [ -99.187836878566685, 19.36288030297689 ], [ -99.186997068637979, 19.362260483019202 ], [ -99.186785438729572, 19.36215139296948 ], [ -99.186615818801741, 19.362067023457964 ], [ -99.185677219269365, 19.361721683987817 ], [ -99.185533699105406, 19.361716082976937 ], [ -99.185365808955297, 19.361730853025126 ], [ -99.184991009553428, 19.361769914633875 ], [ -99.184825189039515, 19.361777393102543 ], [ -99.183873749751413, 19.36170237279725 ], [ -99.183704349389885, 19.361715142965966 ], [ -99.183528329938568, 19.361778343380827 ], [ -99.183104864480285, 19.362057051538606 ], [ -99.182668519474561, 19.362344233468637 ], [ -99.182318779754965, 19.362552203152696 ], [ -99.181842670075042, 19.362708142872101 ], [ -99.181535130534769, 19.362818774011259 ], [ -99.18119024026042, 19.362906863137873 ], [ -99.180964699881287, 19.362924482624337 ], [ -99.180539550503596, 19.362901852560412 ], [ -99.180191520784788, 19.362922453280323 ], [ -99.17999285060813, 19.362961543893089 ], [ -99.179789730543163, 19.36303306347035 ], [ -99.179592920512277, 19.363146803171333 ], [ -99.179458640281155, 19.363248142680234 ], [ -99.179359880731127, 19.363444023198269 ], [ -99.17919605099118, 19.363804132799597 ], [ -99.178804411153891, 19.364177712545587 ], [ -99.178372190733569, 19.364593142847404 ], [ -99.178142320945611, 19.364809792747273 ], [ -99.177838987303829, 19.365054147492742 ], [ -99.17773422121067, 19.365138542621619 ], [ -99.177185841305601, 19.364592862615307 ], [ -99.176755721565272, 19.364154495543016 ], [ -99.176713851507287, 19.364111822545723 ], [ -99.176684689391521, 19.364084308909732 ], [ -99.176051663732053, 19.363487065891643 ], [ -99.175708989550159, 19.363163758954311 ], [ -99.175097191579425, 19.362586533824143 ], [ -99.174794422207711, 19.36230079289269 ], [ -99.174652721911471, 19.362162942873717 ], [ -99.174500952048376, 19.362013393162787 ], [ -99.173973346749179, 19.361403584355468 ], [ -99.173699841790963, 19.36108746325321 ], [ -99.173268682004576, 19.360602144194875 ], [ -99.17307452231077, 19.360424593255313 ], [ -99.172851531946563, 19.36026282442262 ], [ -99.171698412844577, 19.359565343526572 ], [ -99.171701252477092, 19.35955866336775 ], [ -99.171784761216372, 19.359362432415889 ], [ -99.172406442590159, 19.357901574378538 ], [ -99.172719852690648, 19.357178744547973 ], [ -99.172767052602822, 19.3570784643533 ], [ -99.172985812126512, 19.356748484555791 ], [ -99.173554531649643, 19.356121704143757 ], [ -99.174195351730745, 19.355443224453712 ], [ -99.174933882174557, 19.354633514422069 ], [ -99.17521439168425, 19.354238864883943 ], [ -99.175419752110315, 19.353982054925922 ], [ -99.175776011322327, 19.353617205488792 ], [ -99.176023281503319, 19.353407605338109 ], [ -99.177034611265313, 19.352597315738983 ], [ -99.177131621500266, 19.352521195265165 ], [ -99.177218281156456, 19.352441175387735 ], [ -99.177276610952973, 19.352346835283019 ], [ -99.177480531164264, 19.35200939571132 ], [ -99.177590750647852, 19.351818565415595 ], [ -99.177654250671395, 19.351741375587814 ], [ -99.178315640943424, 19.351112115719651 ], [ -99.178443990879714, 19.351007255705774 ], [ -99.179239990486806, 19.350339425521529 ], [ -99.179599120644539, 19.350006765576452 ], [ -99.179776251038007, 19.349824435730863 ], [ -99.179923820660107, 19.34963996554929 ], [ -99.180052150675962, 19.349428025645359 ], [ -99.180082610329208, 19.34935440633733 ], [ -99.180119580106123, 19.349265136060275 ], [ -99.180547040789889, 19.347232866787461 ], [ -99.180611680832953, 19.347235026317275 ], [ -99.180629330824004, 19.347232796877428 ], [ -99.180644160414118, 19.347229946679054 ], [ -99.180665440135556, 19.347224106215084 ], [ -99.18068421048784, 19.347217146100316 ], [ -99.180697880755631, 19.347210906297303 ], [ -99.180713379947093, 19.347202366515464 ], [ -99.180723560444065, 19.3471962065627 ], [ -99.180742780480756, 19.347182006957759 ], [ -99.180755380572805, 19.347170746426727 ], [ -99.180778720729975, 19.347140596648796 ], [ -99.180795640303458, 19.347112286945571 ], [ -99.180813980593555, 19.34706188681897 ], [ -99.180814960156056, 19.347059206739832 ], [ -99.180831650507542, 19.347064086732686 ], [ -99.180894747729141, 19.34708252167092 ], [ -99.180896338017504, 19.347082986272458 ], [ -99.181762761786473, 19.347336125622807 ], [ -99.181763443081849, 19.347336324081787 ], [ -99.181768959754365, 19.347337936549419 ], [ -99.181784469895959, 19.347342466414172 ], [ -99.181786640216217, 19.347340136547949 ], [ -99.182327560319877, 19.346758567044244 ], [ -99.182489949439486, 19.346641266835917 ], [ -99.182656529686327, 19.346584486720232 ], [ -99.182867179653954, 19.34658139622487 ], [ -99.183076719956347, 19.346118856688808 ], [ -99.183148380079871, 19.345843716631247 ], [ -99.183154125920467, 19.345819307526142 ], [ -99.183285239594341, 19.345262306933975 ], [ -99.183358809433201, 19.344922007321969 ], [ -99.18340309998996, 19.344772507395739 ], [ -99.183501519515502, 19.34456656750422 ], [ -99.183669989557899, 19.344253507535505 ], [ -99.183828809504377, 19.343916707366819 ], [ -99.184030649339448, 19.34364506706553 ], [ -99.184326979105236, 19.34362020711724 ], [ -99.184493819189868, 19.343584567445323 ], [ -99.184767519262067, 19.343435197233166 ], [ -99.18515533455485, 19.343125908066359 ], [ -99.185222785914362, 19.343072114243942 ], [ -99.185345549466518, 19.342974207575043 ], [ -99.185961378915309, 19.342444907607348 ], [ -99.18649741861357, 19.341929997945261 ], [ -99.186616648512967, 19.341593307620258 ], [ -99.186677299049848, 19.341395467661776 ], [ -99.186752641286063, 19.341322180718606 ], [ -99.186800869167101, 19.341275268018194 ], [ -99.186911775507326, 19.341243585875521 ], [ -99.187318608303229, 19.341127368068136 ], [ -99.187653298763834, 19.341012397633207 ], [ -99.187968583405791, 19.340667736586092 ], [ -99.187992018133158, 19.340642118179005 ], [ -99.188002047223776, 19.340631371976393 ], [ -99.188184575610506, 19.340435792067762 ], [ -99.188216608278154, 19.340401468481662 ], [ -99.188235941300761, 19.340387120664623 ], [ -99.188545167141797, 19.340157639468909 ], [ -99.188561298120902, 19.3401456684994 ], [ -99.188577730414039, 19.340133851734386 ], [ -99.189153378677787, 19.339719868585011 ], [ -99.189303685429564, 19.339559742230445 ], [ -99.189322837809556, 19.339539338259662 ], [ -99.189480918566233, 19.33937090803645 ], [ -99.190036008034596, 19.338586608361926 ], [ -99.190038078027271, 19.338583668554914 ], [ -99.190053677932966, 19.338588808099299 ], [ -99.190295548201732, 19.338668378839479 ], [ -99.190313607681603, 19.338674318872965 ], [ -99.190313206646138, 19.338670579239487 ], [ -99.190241097726144, 19.337976738271752 ], [ -99.190597037792713, 19.337719939596859 ], [ -99.191039557722604, 19.33713996985362 ], [ -99.191165509337708, 19.336962497198375 ], [ -99.19122503376947, 19.336878625782408 ], [ -99.1912263216973, 19.336876808562518 ], [ -99.19122791427381, 19.336874567522326 ], [ -99.191228083379585, 19.336874328741651 ], [ -99.191245577645219, 19.33687674978281 ], [ -99.1912474787528, 19.336877042457616 ], [ -99.191354556508244, 19.336893568699079 ], [ -99.191370678483906, 19.33689578933776 ], [ -99.191521476801142, 19.33688717981795 ], [ -99.191717217992874, 19.336870709010821 ], [ -99.191814216512554, 19.336852877259457 ], [ -99.193149117039198, 19.336607459295053 ], [ -99.194277117518098, 19.336388718595192 ], [ -99.195096077144257, 19.336168168825324 ], [ -99.196181076326283, 19.335884398834054 ], [ -99.196925946749346, 19.335732769112806 ], [ -99.197665205176946, 19.335591969912397 ], [ -99.197859606398396, 19.335540950021535 ], [ -99.198049094947876, 19.335481240036618 ], [ -99.198251955477645, 19.335375370053892 ], [ -99.198390434827104, 19.335256269443352 ], [ -99.198519175952256, 19.335146909742811 ], [ -99.198701954694954, 19.334960139603663 ], [ -99.199171404985222, 19.334314949875388 ], [ -99.199374185382723, 19.3340816892423 ], [ -99.199586064576167, 19.333837979621627 ], [ -99.199813214474759, 19.333502469639335 ], [ -99.19991464610473, 19.333229040715086 ], [ -99.199916645414362, 19.333223629510041 ], [ -99.199896975844439, 19.333226839409637 ], [ -99.198705806312773, 19.333421639564254 ], [ -99.19821021632805, 19.333504409619771 ], [ -99.196926276864033, 19.333717859394095 ], [ -99.196607976830435, 19.333713749645412 ], [ -99.19659031660855, 19.333711569884404 ], [ -99.196513546045324, 19.333702055691177 ], [ -99.196513496541968, 19.333702049336022 ], [ -99.196513446103097, 19.333702042057393 ], [ -99.196495866874287, 19.333699869224851 ], [ -99.196495820214665, 19.333699863828514 ], [ -99.196495778400376, 19.333699854897791 ], [ -99.196382246363413, 19.333673409643485 ], [ -99.196286986464514, 19.333628379913971 ], [ -99.196366746272261, 19.333403909757404 ], [ -99.196380916353689, 19.333322689753352 ], [ -99.196383276073078, 19.333238749783547 ], [ -99.196374866517502, 19.333025999905392 ], [ -99.196351096817679, 19.332882089909393 ], [ -99.19625781663926, 19.332681510190913 ], [ -99.196083646931399, 19.332398169977822 ], [ -99.195750116313874, 19.331944750434747 ], [ -99.195285587105019, 19.33108926016946 ], [ -99.194996156795469, 19.330627030328955 ], [ -99.194696477122193, 19.330230580457556 ], [ -99.194740277172158, 19.329325770897984 ], [ -99.19476947699691, 19.328716800583113 ], [ -99.194784897254294, 19.327124061524533 ], [ -99.194845326468752, 19.324717801894039 ], [ -99.194878586872548, 19.323461381671379 ], [ -99.194873617404724, 19.323137641724522 ], [ -99.194925867182263, 19.322027092113274 ], [ -99.194980077078682, 19.321839602780734 ], [ -99.196591436875337, 19.319224342685832 ], [ -99.198718816063916, 19.315802913769531 ], [ -99.199957585716916, 19.31384066434838 ], [ -99.201134075649463, 19.312031384532677 ], [ -99.201176945364054, 19.311950644516234 ], [ -99.201204925440834, 19.311872494461085 ], [ -99.201221585232659, 19.31172627451684 ], [ -99.201215845753666, 19.311616204427576 ], [ -99.201212114263626, 19.311566576630241 ], [ -99.201210722466513, 19.311548070882544 ], [ -99.201208235695859, 19.311515004428124 ], [ -99.201176500291965, 19.311454954520126 ], [ -99.20115898548228, 19.311453034405702 ], [ -99.201138228511127, 19.311451079581577 ], [ -99.201113835822142, 19.311448782848498 ], [ -99.200638615319505, 19.311404034668534 ], [ -99.200483675562509, 19.311403265091517 ], [ -99.200467975335457, 19.311403184302264 ], [ -99.200466005244778, 19.31140106476057 ], [ -99.20023941578809, 19.3111571246965 ], [ -99.200574116005924, 19.310803294628954 ], [ -99.200626845400905, 19.3107481552438 ], [ -99.200635984581922, 19.310738667866993 ], [ -99.200710982976361, 19.31066081135139 ], [ -99.200722875043482, 19.310648464734253 ], [ -99.200737765120081, 19.310634055316392 ], [ -99.200771005927933, 19.310601883871112 ], [ -99.20170621828251, 19.309696795748604 ], [ -99.20172566511215, 19.309677974824066 ], [ -99.201734553104629, 19.309669279164844 ], [ -99.201770497555884, 19.30963411237877 ], [ -99.201834548268224, 19.309571449216488 ], [ -99.201863956708252, 19.309542676776239 ], [ -99.201887501174795, 19.309519641571544 ], [ -99.202400583309412, 19.309017664719185 ], [ -99.202528264786039, 19.308892745144881 ], [ -99.202646791940296, 19.308778980723943 ], [ -99.20498485948535, 19.306534807488401 ], [ -99.205030537869277, 19.306490961739893 ], [ -99.205203177456511, 19.306325245546052 ], [ -99.20522537395189, 19.306303945444007 ], [ -99.205231034179903, 19.306298496079663 ], [ -99.205243034535982, 19.30630612600887 ], [ -99.205371244850014, 19.306387605685977 ], [ -99.205439034536809, 19.30647384582765 ], [ -99.205485413931683, 19.306554895896252 ], [ -99.205500464467761, 19.306712835609463 ], [ -99.205521391710107, 19.30671659784235 ], [ -99.20552811391947, 19.306717805852063 ], [ -99.205545678630813, 19.306720475688113 ], [ -99.205545770374499, 19.306720004426193 ], [ -99.205546906118883, 19.306714140628909 ], [ -99.205643944737616, 19.306213175796074 ], [ -99.205711294135412, 19.305865515810243 ], [ -99.205734174613994, 19.305742295709884 ], [ -99.205744464667688, 19.305678976413144 ], [ -99.208469753745902, 19.3061595460638 ], [ -99.209308323360247, 19.306313976171722 ], [ -99.210021783623731, 19.306438176135746 ], [ -99.21151940290143, 19.306706775947529 ], [ -99.213296771968842, 19.30701640580746 ], [ -99.213780522466593, 19.307121176014441 ], [ -99.214359032646712, 19.307246465743965 ], [ -99.21484364219593, 19.307406585508396 ], [ -99.215386942229969, 19.307618185815418 ], [ -99.215915141438813, 19.307878245112935 ], [ -99.216404871480805, 19.30817263523123 ], [ -99.216551491219121, 19.308274145013371 ], [ -99.216849441727675, 19.308493745673125 ], [ -99.217190201820699, 19.308769635700909 ], [ -99.217787751464186, 19.309350004983784 ], [ -99.21784670490328, 19.309422270470236 ], [ -99.218224041050092, 19.309884815085631 ], [ -99.218866310647087, 19.310730874901932 ], [ -99.218997440649616, 19.310889924468647 ], [ -99.219185060829474, 19.311136515068792 ], [ -99.219413110657172, 19.311437635040452 ], [ -99.219655741322242, 19.311803045061339 ], [ -99.219841260442934, 19.312120864957723 ], [ -99.219917720580142, 19.31226072492742 ], [ -99.220114230808008, 19.312670924615521 ], [ -99.220295570795741, 19.313080844137634 ], [ -99.220404070675016, 19.313390574144197 ], [ -99.22050964100039, 19.313713634553 ], [ -99.220648920700981, 19.314296954437058 ], [ -99.220724810948141, 19.314686004402407 ], [ -99.22074717028363, 19.314806694225133 ], [ -99.220798660238643, 19.315084123745393 ], [ -99.220835030814072, 19.315290604321227 ], [ -99.220952610223037, 19.315954893485898 ], [ -99.220964890812709, 19.316028313686957 ], [ -99.221033780699784, 19.316395573349102 ], [ -99.221069140393226, 19.316603173582507 ], [ -99.221148860028833, 19.317050913312869 ], [ -99.221188660589391, 19.317264183047946 ], [ -99.221215510153314, 19.317395582946464 ], [ -99.221283630175023, 19.317728712934471 ], [ -99.221308120145864, 19.317837272954826 ], [ -99.221361240692801, 19.318072753527257 ], [ -99.221416690253562, 19.318316832932414 ], [ -99.221444940802513, 19.318513443583303 ], [ -99.221470240553288, 19.318689473137319 ], [ -99.22147783064095, 19.318966272773086 ], [ -99.221459400833169, 19.319297743243578 ], [ -99.221400600598813, 19.319640953171586 ], [ -99.221302460045663, 19.31990581248094 ], [ -99.221224570386369, 19.320092692426108 ], [ -99.221138750017516, 19.320266402704679 ], [ -99.221025780817939, 19.320442473050882 ], [ -99.220893290478983, 19.320644692946686 ], [ -99.220709520540836, 19.320855122349382 ], [ -99.220592278094898, 19.320961503594422 ], [ -99.220563689720805, 19.32098744373365 ], [ -99.220462260298973, 19.321078232532312 ], [ -99.220441319755722, 19.32109383382549 ], [ -99.220345353886785, 19.321165332383579 ], [ -99.220050550415365, 19.321384972136979 ], [ -99.219302611318383, 19.321895172725604 ], [ -99.219050245051207, 19.322070319439071 ], [ -99.218555771001817, 19.322413492299454 ], [ -99.217553710965049, 19.323099981797601 ], [ -99.215932831706482, 19.324208861945763 ], [ -99.214341812142891, 19.325318491990586 ], [ -99.213601431251391, 19.325915121011132 ], [ -99.212775612464, 19.326794120899713 ], [ -99.212679952221407, 19.326920032315595 ], [ -99.212458973062326, 19.327231812565547 ], [ -99.212102511448862, 19.32782517167924 ], [ -99.211789121475221, 19.328430800848547 ], [ -99.21065174166138, 19.330733430609428 ], [ -99.210497113319477, 19.331033369969671 ], [ -99.210446612250678, 19.331131290442144 ], [ -99.210418570489239, 19.331188439000247 ], [ -99.210269632070265, 19.331491950028276 ], [ -99.210228841954518, 19.331575090476203 ], [ -99.210014731661104, 19.332007713614217 ], [ -99.209579212392299, 19.332887690017099 ], [ -99.209361662979617, 19.333275369494558 ], [ -99.209116233849002, 19.333630521074415 ], [ -99.208924343831995, 19.333905400703181 ], [ -99.208624342267925, 19.334326139531996 ], [ -99.208436032220007, 19.334569710075915 ], [ -99.208197354044117, 19.334848549404317 ], [ -99.207964262537558, 19.335079179439937 ], [ -99.207449202834368, 19.335508949447171 ], [ -99.206912832587335, 19.335988240059567 ], [ -99.20677752319051, 19.336105489797806 ], [ -99.206651073698737, 19.336215469755746 ], [ -99.206763524449528, 19.336294058658574 ], [ -99.207098313107622, 19.336541108975712 ], [ -99.207832842392662, 19.336268660065929 ], [ -99.20808911395423, 19.336176710189129 ], [ -99.208329413617207, 19.336092139260799 ], [ -99.208666312428676, 19.335973578941815 ], [ -99.208581292301972, 19.336093259942686 ], [ -99.208186072834678, 19.336732289180745 ], [ -99.207803522591192, 19.337339458589263 ], [ -99.207778431284353, 19.337379179655141 ], [ -99.207507414147557, 19.337808209952311 ], [ -99.207846263162196, 19.337865839074151 ], [ -99.208145602740615, 19.337883800108401 ], [ -99.208380072805639, 19.337848398548864 ], [ -99.208832879103142, 19.337633700925746 ], [ -99.208842773549449, 19.337629009908909 ], [ -99.209456573643848, 19.337337969073626 ], [ -99.209741982249227, 19.337140769212347 ], [ -99.210012673328933, 19.336908258821023 ], [ -99.210498182801217, 19.33665497876633 ], [ -99.211218952113484, 19.336250429814761 ], [ -99.211474712649832, 19.336194769715672 ], [ -99.211733202528436, 19.336256839734315 ], [ -99.211911186399163, 19.336274683615972 ], [ -99.211975862679751, 19.336281168779401 ], [ -99.212332691344457, 19.336187570068255 ], [ -99.213272981226254, 19.336515739057329 ], [ -99.213559862337064, 19.336552140262288 ], [ -99.213713321563162, 19.336548658954165 ], [ -99.213828411666924, 19.336535718904052 ], [ -99.214195062168002, 19.336495919783772 ], [ -99.214267742500056, 19.336488029781606 ], [ -99.2144294614925, 19.336470489064286 ], [ -99.214671682359523, 19.336423025830396 ], [ -99.214764542088147, 19.336404829469465 ], [ -99.214855871158704, 19.336384839784476 ], [ -99.215120151876718, 19.336249510216202 ], [ -99.215303611244394, 19.336106889688967 ], [ -99.215410430734067, 19.335672319451202 ], [ -99.215552371950977, 19.335518660287487 ], [ -99.215726721441712, 19.335393608923113 ], [ -99.215877141171759, 19.335318670244362 ], [ -99.216008472054241, 19.33526867017077 ], [ -99.216578310209741, 19.335224629922266 ], [ -99.216830121884499, 19.335084120672416 ], [ -99.217006240493902, 19.334810260508906 ], [ -99.217130711035239, 19.334688839108825 ], [ -99.217496861195272, 19.334648750222581 ], [ -99.217821830182331, 19.334608829856499 ], [ -99.218555200277279, 19.334388230649591 ], [ -99.219131070127986, 19.333975999693262 ], [ -99.22003593967618, 19.333936460890399 ], [ -99.221319369847564, 19.333819270697099 ], [ -99.221881948922814, 19.333699720396083 ], [ -99.222395109997038, 19.333534120396745 ], [ -99.223203950047676, 19.333152089942644 ], [ -99.223335319660606, 19.333090029966318 ], [ -99.224207980118948, 19.332746070187685 ], [ -99.224107459539013, 19.332494379581899 ], [ -99.224197149373083, 19.332355170745998 ], [ -99.226141169729871, 19.331631769721888 ], [ -99.226263269306259, 19.331559969887163 ], [ -99.226662039014343, 19.331601490237897 ], [ -99.227149367997143, 19.331600889771437 ], [ -99.228155419023764, 19.33111892212704 ], [ -99.228867458500687, 19.330777800925755 ], [ -99.229107228359226, 19.330621150716855 ], [ -99.229282147339262, 19.330512110066795 ], [ -99.229675197975112, 19.330362290595197 ], [ -99.230089487357446, 19.330313200023877 ], [ -99.230565367854823, 19.330105951523294 ], [ -99.231193746610899, 19.329832270981498 ], [ -99.231519198111869, 19.329285550266963 ], [ -99.231755210771666, 19.329110331711693 ], [ -99.231869796935939, 19.329025260974298 ], [ -99.232124027933793, 19.328491940898623 ], [ -99.23348082677812, 19.327224602063488 ], [ -99.234075796294377, 19.326805072226193 ], [ -99.23426717117961, 19.326714933897623 ], [ -99.236005966012428, 19.325895942293602 ], [ -99.236047907826901, 19.325844247436684 ], [ -99.236363856481489, 19.325454832769715 ], [ -99.236445906053959, 19.325168972572591 ], [ -99.23688105575981, 19.324891271467934 ], [ -99.237305206820054, 19.324697371382324 ], [ -99.237389756950407, 19.324682206193497 ], [ -99.238128463579031, 19.324549697860299 ], [ -99.238138026504529, 19.324547982648795 ], [ -99.238219165428106, 19.324538832530273 ], [ -99.238663465102903, 19.324538241357391 ], [ -99.238798980018103, 19.324475307734307 ], [ -99.23882403608691, 19.324463672461764 ], [ -99.239006970642052, 19.324549369534679 ], [ -99.239253254642065, 19.324664741738882 ], [ -99.239309575182219, 19.324672872803035 ], [ -99.239563257733892, 19.32457566781337 ], [ -99.239753655986803, 19.324502712156839 ], [ -99.240048504383978, 19.324432772822949 ], [ -99.240094234656766, 19.324421921901006 ], [ -99.240183387848802, 19.324406033769684 ], [ -99.240251856254361, 19.324393831394861 ], [ -99.240316026179514, 19.324419091517477 ], [ -99.240372224878371, 19.324451781612265 ], [ -99.24046208495507, 19.324544251871142 ], [ -99.240565804639843, 19.324650983057563 ], [ -99.240854111350771, 19.324947643258373 ], [ -99.240893462021731, 19.324988134735236 ], [ -99.240893490038488, 19.324988165147179 ], [ -99.241067855684719, 19.325167581761416 ], [ -99.241093404384657, 19.325306971163172 ], [ -99.242163425221534, 19.327059141815951 ], [ -99.242488545573224, 19.327591521491371 ], [ -99.242722434445483, 19.327949971687971 ], [ -99.242764364225778, 19.327996321400615 ], [ -99.243047795163974, 19.328218271738905 ], [ -99.243528405088668, 19.328461642121965 ], [ -99.243603834643636, 19.3284707708344 ], [ -99.243717705428452, 19.328459380748434 ], [ -99.243823574566164, 19.328448810454791 ], [ -99.244221734106048, 19.32855678062657 ], [ -99.244617315105529, 19.328450861039741 ], [ -99.245020393264426, 19.328431271628048 ], [ -99.245285934610834, 19.328172341808965 ], [ -99.245379134888168, 19.328136580806568 ], [ -99.245515393686219, 19.32810709114889 ], [ -99.245871983626358, 19.328119350960229 ], [ -99.245877793189052, 19.328119551110746 ], [ -99.246378574210766, 19.328076230798267 ], [ -99.247188574498423, 19.327938140741658 ], [ -99.248019224079499, 19.327866461435786 ], [ -99.248342562433436, 19.327792670945957 ], [ -99.248619763921269, 19.327673261526446 ], [ -99.248680083798192, 19.327567751188575 ], [ -99.249344943333909, 19.327210241052367 ], [ -99.249653390538839, 19.327116624652135 ], [ -99.249950912519353, 19.32702632247873 ], [ -99.250376863153164, 19.327025751366556 ], [ -99.25069860359595, 19.327025291209029 ], [ -99.251100512932339, 19.327027440866626 ], [ -99.251373283146336, 19.327076341383599 ], [ -99.25224454247595, 19.327084951569123 ], [ -99.252588302652754, 19.327061341025853 ], [ -99.253093602274362, 19.326983111114419 ], [ -99.253344932866071, 19.326862201659274 ], [ -99.253626772652169, 19.326869611070652 ], [ -99.253868792329357, 19.326937891446768 ], [ -99.253981821981768, 19.326948781246298 ], [ -99.254146742158639, 19.326920210831847 ], [ -99.254681931818098, 19.326757351348924 ], [ -99.254892902689079, 19.326670140973889 ], [ -99.255168002058724, 19.326556401640662 ], [ -99.2553247725658, 19.326384431795272 ], [ -99.255600991791198, 19.325997121654421 ], [ -99.255811652441039, 19.3257197211739 ], [ -99.255907531947344, 19.325722601850742 ], [ -99.256071482083058, 19.325481007467225 ], [ -99.256105281457579, 19.325431201575103 ], [ -99.256250901544902, 19.325217942046361 ], [ -99.256321172256108, 19.324949511725183 ], [ -99.256350851825033, 19.32475897162519 ], [ -99.256423931512174, 19.324536122179687 ], [ -99.256524022007952, 19.324340141585409 ], [ -99.256913111516084, 19.323741031662632 ], [ -99.257103531229518, 19.323470261991272 ], [ -99.257335315272954, 19.323117516019359 ], [ -99.257335331030845, 19.323117491841735 ], [ -99.25752170200137, 19.322858722551608 ], [ -99.257612301586803, 19.322759642198541 ], [ -99.25779110141643, 19.322587092069639 ], [ -99.257936001757059, 19.32249481241492 ], [ -99.258067371689592, 19.322382601923149 ], [ -99.258413961641352, 19.322272181974363 ], [ -99.258569421439375, 19.322125321957596 ], [ -99.258727341742542, 19.322050062700743 ], [ -99.259034791524655, 19.321812323468986 ], [ -99.259203510613176, 19.321599242077216 ], [ -99.259613861388885, 19.321308292131352 ], [ -99.259743760584527, 19.321177462235944 ], [ -99.259887700565784, 19.321032512298903 ], [ -99.260366790690568, 19.32056321273236 ], [ -99.260443619587747, 19.32044235235918 ], [ -99.260566160748212, 19.320146032556472 ], [ -99.260809541083049, 19.319882473640618 ], [ -99.261030770768087, 19.319554543202674 ], [ -99.261388060878147, 19.318711603227197 ], [ -99.261595820826855, 19.318279003293075 ], [ -99.261686360184854, 19.31781901293871 ], [ -99.261761130279496, 19.317686543750526 ], [ -99.262228530716357, 19.317309373788593 ], [ -99.2624327600074, 19.317163273333517 ], [ -99.262764005219751, 19.316777084456376 ], [ -99.262764100018757, 19.316776973823313 ], [ -99.263162830508804, 19.316303124057622 ], [ -99.263613278828359, 19.315974693608013 ], [ -99.263804280167861, 19.315836414026897 ], [ -99.264137599510789, 19.315576894222321 ], [ -99.264353659820145, 19.315409913795758 ], [ -99.264506829532223, 19.315307633498769 ], [ -99.264644219865374, 19.315019894348708 ], [ -99.264966309881942, 19.314788664150388 ], [ -99.265129619318628, 19.314553985030344 ], [ -99.26528205971816, 19.314341314573092 ], [ -99.265426249543964, 19.314187354566901 ], [ -99.265503079723402, 19.314059373822722 ], [ -99.265584969187117, 19.313889274377509 ], [ -99.2656727396853, 19.313743574462578 ], [ -99.265716219923064, 19.313671404405586 ], [ -99.265892936179654, 19.313434547437446 ], [ -99.266045739433508, 19.313447344152372 ], [ -99.266772419383756, 19.313519384143039 ], [ -99.267207058933224, 19.313726924148124 ], [ -99.267388648727447, 19.313789414483299 ], [ -99.267515368679426, 19.313798374564854 ], [ -99.26768656928607, 19.314026174313209 ], [ -99.26768042889465, 19.314070353802528 ], [ -99.267620109239928, 19.314148644645201 ], [ -99.267639525152802, 19.314199503770556 ], [ -99.267792159486248, 19.314192233838821 ], [ -99.267935287964249, 19.314136999356879 ], [ -99.267935556405646, 19.314136890955705 ], [ -99.268074078022281, 19.314079804407296 ], [ -99.268430449267868, 19.314007094937253 ], [ -99.268977397693448, 19.313726664178571 ], [ -99.269432857340448, 19.313622114918026 ], [ -99.269526199125067, 19.313555344629812 ], [ -99.269558647533501, 19.313500174583542 ], [ -99.269580392483789, 19.313463200276669 ], [ -99.269611417189054, 19.313410445393011 ], [ -99.26966149739269, 19.313213073973621 ], [ -99.269713489746223, 19.313119266183897 ], [ -99.269713646218761, 19.313118982700015 ], [ -99.269714121433097, 19.313118128729077 ], [ -99.269822298398481, 19.312922945458713 ], [ -99.269973077759005, 19.312728494110161 ], [ -99.270130588223452, 19.312415074843766 ], [ -99.270264477063989, 19.312201274708137 ], [ -99.270497246361629, 19.31197274409076 ], [ -99.270536938100463, 19.311933774542002 ], [ -99.270502567957706, 19.311541745413024 ], [ -99.270331878184251, 19.311797845404982 ], [ -99.270047587322665, 19.311520945139893 ], [ -99.270201788604524, 19.311264446079537 ], [ -99.270228817290132, 19.311149645234277 ], [ -99.27035667862188, 19.310775266116586 ], [ -99.270490367185914, 19.310449116220642 ], [ -99.270549989766948, 19.310322602107593 ], [ -99.270624786457091, 19.310163889425688 ], [ -99.270725766991603, 19.309949616243546 ], [ -99.270901796917784, 19.309587875343276 ], [ -99.271045907531928, 19.309291746262154 ], [ -99.271137757094763, 19.309046555029596 ], [ -99.270831328391125, 19.308860006713928 ], [ -99.27104998745466, 19.308602845730896 ], [ -99.271327908580048, 19.308275985693523 ], [ -99.271333937351997, 19.308254016984147 ], [ -99.271200258471026, 19.307248554350345 ], [ -99.271195927079674, 19.307215975359771 ], [ -99.271092878519738, 19.307019447145223 ], [ -99.270911277646448, 19.306815576784828 ], [ -99.270878308535671, 19.306786235910963 ], [ -99.270831137732628, 19.306759356553869 ], [ -99.270808027714011, 19.306749385643545 ], [ -99.270765558413146, 19.30673104733162 ], [ -99.270566247063854, 19.306627496365785 ], [ -99.270438227050079, 19.306511346573323 ], [ -99.270311928007828, 19.306320126696221 ], [ -99.270176617817938, 19.306038047087029 ], [ -99.270109137908477, 19.305929116997394 ], [ -99.26999996865294, 19.305765926066904 ], [ -99.269954679031528, 19.30574543726123 ], [ -99.2698666574409, 19.30573286681425 ], [ -99.269779938361012, 19.305722586781016 ], [ -99.269422018741992, 19.305602206962753 ], [ -99.269325907922564, 19.305563645976662 ], [ -99.269165958659201, 19.30549947662152 ], [ -99.268692758164207, 19.305328435948002 ], [ -99.268549998489306, 19.305237806841117 ], [ -99.268422529202439, 19.305112716444871 ], [ -99.269037558587257, 19.304738697443508 ], [ -99.269303678633179, 19.304632576745323 ], [ -99.269356818696423, 19.30461138655107 ], [ -99.26937309774182, 19.30460411721786 ], [ -99.269750597513777, 19.304435406724313 ], [ -99.269894588208601, 19.304371076541365 ], [ -99.270414018124058, 19.304122677567118 ], [ -99.270611848297762, 19.303966986829376 ], [ -99.270805878767462, 19.303727376708444 ], [ -99.270976297412858, 19.303516916593672 ], [ -99.271355875944366, 19.303128995313358 ], [ -99.271405308579048, 19.303078476893749 ], [ -99.27149233831878, 19.303009747622987 ], [ -99.272054417450619, 19.30256591647094 ], [ -99.272209278292422, 19.302455277206555 ], [ -99.272132678220331, 19.302410807038548 ], [ -99.271987228469172, 19.302386897141066 ], [ -99.27164308590676, 19.302330333168506 ], [ -99.271496357912227, 19.302306216687079 ], [ -99.271274397771222, 19.302065357157648 ], [ -99.271148078376143, 19.301991476983012 ], [ -99.270921768251043, 19.301859147147724 ], [ -99.270867641128575, 19.301823909957793 ], [ -99.270570911293902, 19.30163073508286 ], [ -99.270478198174089, 19.301570377264529 ], [ -99.270372618686324, 19.301408586841017 ], [ -99.269751048440966, 19.301181467530348 ], [ -99.26972892852686, 19.301173377214347 ], [ -99.270074798549672, 19.300538587016554 ], [ -99.270325278735356, 19.300056676999738 ], [ -99.270545708092399, 19.299676897728318 ], [ -99.271464877826205, 19.29917209718332 ], [ -99.271656098259939, 19.298338838241577 ], [ -99.271478458172041, 19.297993808284463 ], [ -99.271533818022235, 19.297739078184517 ], [ -99.271709248597588, 19.296824698093772 ], [ -99.271846328055787, 19.296109778730141 ], [ -99.272099707793757, 19.295502758824828 ], [ -99.272319048069875, 19.295331678532701 ], [ -99.272360328145638, 19.295010758198075 ], [ -99.272490368083737, 19.294655098211788 ], [ -99.272453527614559, 19.294208178936302 ], [ -99.273155597748698, 19.293146439345271 ], [ -99.274726677722796, 19.291325749303951 ], [ -99.276161227372498, 19.289095009610012 ], [ -99.274972597475738, 19.287460220115982 ], [ -99.273580907825774, 19.285553900877023 ], [ -99.273440233337709, 19.285361205339367 ], [ -99.273312568199898, 19.285186330468331 ], [ -99.276555137005019, 19.283362671213585 ], [ -99.277880426443517, 19.282590361577732 ], [ -99.277880740933213, 19.282464947154253 ], [ -99.277881096233429, 19.282322981442949 ], [ -99.277893616998824, 19.281931041888562 ], [ -99.277921706182212, 19.281699811595981 ], [ -99.277995156800259, 19.281549611390464 ], [ -99.278127996539496, 19.281480722079205 ], [ -99.278216276156328, 19.281411131940619 ], [ -99.278307196674788, 19.281395581616557 ], [ -99.278457816525503, 19.281466221966117 ], [ -99.278649366100467, 19.28161882144132 ], [ -99.279012566112172, 19.281712782045076 ], [ -99.279192445990518, 19.281667481270983 ], [ -99.279442705911706, 19.281391191664138 ], [ -99.279630126391964, 19.281151901312015 ], [ -99.280047016068863, 19.280927651451876 ], [ -99.280209016441759, 19.280818181458045 ], [ -99.280451956024891, 19.280755181586411 ], [ -99.280800655826695, 19.280754641969651 ], [ -99.281132095636352, 19.280616901781471 ], [ -99.28129999588846, 19.280215682141364 ], [ -99.281501335334895, 19.279487782074174 ], [ -99.282046585877879, 19.279221992250942 ], [ -99.282293765657343, 19.279030102070323 ], [ -99.283034795769382, 19.277765792506816 ], [ -99.283467455413302, 19.277272152667397 ], [ -99.283957705463223, 19.276958442407139 ], [ -99.283909995424978, 19.2766893931603 ], [ -99.283741704819136, 19.27622345257598 ], [ -99.283302275774659, 19.275994352686869 ], [ -99.283170725481185, 19.275733362647696 ], [ -99.283203535572753, 19.275456853329288 ], [ -99.283323395025036, 19.275094123219134 ], [ -99.283728985152138, 19.274754043379133 ], [ -99.284041615393974, 19.274589053096189 ], [ -99.284269054825188, 19.274248552961431 ], [ -99.284495455011083, 19.273907243006711 ], [ -99.284709535151038, 19.27355382361575 ], [ -99.284934734742933, 19.27327204360498 ], [ -99.285239225292585, 19.273104823770051 ], [ -99.285408304439258, 19.272195553363733 ], [ -99.285430194651852, 19.271823083666291 ], [ -99.28564049497497, 19.271422413921343 ], [ -99.286181874278682, 19.270677784456122 ], [ -99.286798994650823, 19.270411364545133 ], [ -99.287520674731638, 19.270168584463015 ], [ -99.287917454307987, 19.270153273937421 ], [ -99.288256213783598, 19.270168414073876 ], [ -99.289005154437476, 19.270291353843643 ], [ -99.289321763682295, 19.270348074521845 ], [ -99.289623103733518, 19.270283224676426 ], [ -99.289948453437006, 19.270075394722372 ], [ -99.290139933879132, 19.269890934047158 ], [ -99.290506983479787, 19.269566084525398 ], [ -99.290913353882658, 19.269199134698901 ], [ -99.291247223118631, 19.269021244488453 ], [ -99.291629853740233, 19.268770225010197 ], [ -99.29222913284589, 19.268545364620422 ], [ -99.292571073054219, 19.268305504571877 ], [ -99.292615072904681, 19.268124934649851 ], [ -99.292735043518945, 19.267635334548785 ], [ -99.293512102442804, 19.266878884728513 ], [ -99.293775783257558, 19.266362645434789 ], [ -99.294007723159126, 19.266019815252651 ], [ -99.294048502276254, 19.265561735672879 ], [ -99.293979333022961, 19.265275884992683 ], [ -99.294180473051782, 19.264888215195125 ], [ -99.294228992497438, 19.264592555286328 ], [ -99.294505022359814, 19.264300965592362 ], [ -99.294786132395743, 19.264042785456368 ], [ -99.295096552785992, 19.263799125766873 ], [ -99.295754612485936, 19.263510126054729 ], [ -99.296229761724874, 19.263301826238951 ], [ -99.296801012048547, 19.263109255738247 ], [ -99.296957791788145, 19.262709025845851 ], [ -99.29728119182451, 19.262284766163909 ], [ -99.297748162229681, 19.261879306284573 ], [ -99.297975812141516, 19.261450855971663 ], [ -99.298383101668051, 19.261318526377714 ], [ -99.298941521336701, 19.261217225978612 ], [ -99.299767211605669, 19.260883156457417 ], [ -99.300226391667309, 19.260934686168383 ], [ -99.300558901400166, 19.261093686575144 ], [ -99.300868761483031, 19.261041566503241 ], [ -99.30100205087318, 19.260876556013045 ], [ -99.301469820551631, 19.260499996480341 ], [ -99.301706520657547, 19.260036126748446 ], [ -99.301903501101052, 19.259509677078565 ], [ -99.302153930950254, 19.259352686892754 ], [ -99.302362620481844, 19.258925307043992 ], [ -99.303017780948039, 19.258664617236576 ], [ -99.303497950360665, 19.25866425709286 ], [ -99.303880950088526, 19.258380726535322 ], [ -99.305292240223864, 19.257939826793251 ], [ -99.30622795972846, 19.257742027401449 ], [ -99.30688846962164, 19.257773507473285 ], [ -99.307542219498373, 19.257903017095078 ], [ -99.308178809373288, 19.258004166753338 ], [ -99.308766319000227, 19.258094736733177 ], [ -99.309233818664566, 19.257828847384076 ], [ -99.309728048811166, 19.257588187267704 ], [ -99.310195439257953, 19.2572717572294 ], [ -99.310758418260974, 19.257180027179633 ], [ -99.311201578056227, 19.257072687620411 ], [ -99.312258897830787, 19.257081727113285 ], [ -99.312529848594494, 19.256944557205429 ], [ -99.312792618014583, 19.256699507644196 ], [ -99.313531127623961, 19.256644167127988 ], [ -99.313754348268375, 19.256654557367796 ], [ -99.313966618045058, 19.256769257115526 ], [ -99.314066177574276, 19.256808027721505 ], [ -99.314193007601247, 19.256821217193732 ], [ -99.314384917519192, 19.256810586945612 ], [ -99.314587127467718, 19.256733227097687 ], [ -99.31476431777952, 19.256510337406006 ], [ -99.315025517840994, 19.256479597159423 ], [ -99.315245787607182, 19.256414017429162 ], [ -99.315355147544807, 19.256356027257524 ], [ -99.315456837844991, 19.256135077785483 ], [ -99.315472017484083, 19.256056507882636 ], [ -99.315462697576592, 19.25598961724836 ], [ -99.315428837893208, 19.255911137639369 ], [ -99.315252377306592, 19.255768907870642 ], [ -99.315152437624235, 19.255638677546241 ], [ -99.315043177706485, 19.255516597478653 ], [ -99.314957977303933, 19.255432647752698 ], [ -99.314862727219946, 19.255342457325508 ], [ -99.314773698041435, 19.255214907753999 ], [ -99.314761837323545, 19.254975767816248 ], [ -99.31487789725773, 19.254833707742449 ], [ -99.315037887641736, 19.254560997657929 ], [ -99.315184417453224, 19.254356128316449 ], [ -99.315252437896163, 19.253953107795688 ], [ -99.315498387313298, 19.253303707944614 ], [ -99.315589467293108, 19.253173707889292 ], [ -99.315725177879969, 19.253005737871543 ], [ -99.315866747137775, 19.252913227897416 ], [ -99.315927327299818, 19.252801108665722 ], [ -99.31594034773731, 19.252623397997091 ], [ -99.315848207837661, 19.2524467587955 ], [ -99.315869727226485, 19.252340228250208 ], [ -99.315958487471576, 19.252172218120855 ], [ -99.316049667401586, 19.252077988808164 ], [ -99.316074267034111, 19.252012058416721 ], [ -99.31605241774578, 19.251937938561824 ], [ -99.31596531724513, 19.251825798058945 ], [ -99.315900947362238, 19.251646588660975 ], [ -99.315928807192947, 19.251522538723421 ], [ -99.315952417292408, 19.251284108401286 ], [ -99.31592414728317, 19.251060958455636 ], [ -99.315909607508331, 19.250978879098913 ], [ -99.315909087585126, 19.250912858328423 ], [ -99.315948777237082, 19.250857708386231 ], [ -99.315988667455827, 19.250838848315546 ], [ -99.31601792764026, 19.25083308909776 ], [ -99.316043067636826, 19.250833538700544 ], [ -99.316068207040317, 19.250835228575312 ], [ -99.316103977291348, 19.250834618686223 ], [ -99.316132987143504, 19.250840158909437 ], [ -99.316171037507416, 19.250848248891089 ], [ -99.316317607141286, 19.251029908371777 ], [ -99.316381236861446, 19.251046219007144 ], [ -99.316434846804455, 19.251029459014951 ], [ -99.316476096944641, 19.250964428865775 ], [ -99.316580897050301, 19.250784188538184 ], [ -99.316621747621326, 19.25073492890861 ], [ -99.316687087126212, 19.250774358695029 ], [ -99.316762577397341, 19.250776108849116 ], [ -99.316809806992097, 19.250722088360376 ], [ -99.317066327535528, 19.250304988390539 ], [ -99.316999186886221, 19.249629288540216 ], [ -99.31698809675693, 19.249143849444057 ], [ -99.317127816738591, 19.248551369286385 ], [ -99.317281037017494, 19.248049829370043 ], [ -99.317515317311006, 19.247607429603626 ], [ -99.31775751729225, 19.247359689821469 ], [ -99.317805036792919, 19.247266939409613 ], [ -99.317840246554326, 19.247120509588463 ], [ -99.317832977230097, 19.24702647968256 ], [ -99.317706296675567, 19.246400939856777 ], [ -99.317572716564129, 19.246161339873854 ], [ -99.317556386853639, 19.246080229552167 ], [ -99.317577036922302, 19.246010020084629 ], [ -99.317690117099517, 19.245946219944596 ], [ -99.317714647011755, 19.245919770022809 ], [ -99.317786846695356, 19.245667169609362 ], [ -99.317498866643504, 19.245295509868757 ], [ -99.317513206795397, 19.245001880326456 ], [ -99.317594177198643, 19.24459428998906 ], [ -99.317628806848276, 19.24448916003368 ], [ -99.31769829687029, 19.24436831017794 ], [ -99.318269666467472, 19.243725690226704 ], [ -99.318383126917098, 19.243475509999062 ], [ -99.318585546977445, 19.243279370890573 ], [ -99.318714346524345, 19.243206960014831 ], [ -99.318782836666671, 19.243189540473619 ], [ -99.318868206366417, 19.243232490188774 ], [ -99.319100186429907, 19.243369850739679 ], [ -99.319252446224837, 19.243440680597338 ], [ -99.319381156770845, 19.243431570525988 ], [ -99.319526616358161, 19.243394430682116 ], [ -99.319806666504249, 19.243278200503987 ], [ -99.320051036356716, 19.243140490105905 ], [ -99.32018315615899, 19.243014660174104 ], [ -99.320344036639767, 19.242861370556245 ], [ -99.320526295972456, 19.242603370315557 ], [ -99.320780956659235, 19.242285330515401 ], [ -99.321250446251355, 19.241815530782894 ], [ -99.32211694619312, 19.240916230865857 ], [ -99.322661415380594, 19.240303651528663 ], [ -99.322883556011362, 19.239814561128863 ], [ -99.323156606027382, 19.239228331412683 ], [ -99.32315628568287, 19.239065831534074 ], [ -99.323306755262337, 19.2385520313921 ], [ -99.323293755697875, 19.238450391611451 ], [ -99.323269355692389, 19.23838493149993 ], [ -99.323231485679855, 19.238307831898517 ], [ -99.32318637534658, 19.238250141982739 ], [ -99.323111495870748, 19.238198251507885 ], [ -99.322929945260896, 19.238109762046893 ], [ -99.322863556136198, 19.238016221653798 ], [ -99.32284828569216, 19.237911341754852 ], [ -99.322846715387215, 19.237759851896143 ], [ -99.322808355957349, 19.237676081997144 ], [ -99.322753325825175, 19.237612691510222 ], [ -99.32272209528891, 19.237508541497409 ], [ -99.322843715362566, 19.236711601998238 ], [ -99.322927515764505, 19.23643354186747 ], [ -99.322987645691612, 19.235905572425835 ], [ -99.32272888533943, 19.235650572164189 ], [ -99.322758645693881, 19.235302691942685 ], [ -99.322713616038442, 19.234672282187283 ], [ -99.322624715597769, 19.234078202153931 ], [ -99.322546185831698, 19.233941482415187 ], [ -99.322543495881575, 19.233824992420431 ], [ -99.322540556230805, 19.233723292356977 ], [ -99.322247115627718, 19.232644942468717 ], [ -99.324312555675846, 19.232606913070285 ], [ -99.324348205338694, 19.234304112748344 ], [ -99.324220525462081, 19.238334991553788 ], [ -99.32351192549757, 19.250739988876038 ], [ -99.323512525227969, 19.251388418936351 ], [ -99.323670215446839, 19.264271535572803 ], [ -99.32363543472114, 19.265083765925297 ], [ -99.31877683670767, 19.273222043973391 ], [ -99.31778200663959, 19.274332953132078 ], [ -99.317375846535157, 19.274867813116899 ], [ -99.317181267065806, 19.275670763198391 ], [ -99.317111036762824, 19.276168412515943 ], [ -99.317147546841227, 19.27704335268157 ], [ -99.316840837115137, 19.277657612996222 ], [ -99.316913407476122, 19.278243642184567 ], [ -99.316693865989805, 19.279302192572587 ], [ -99.316263757467198, 19.27976512239713 ], [ -99.316123576863831, 19.280781751536921 ], [ -99.31572155761009, 19.282196421784644 ], [ -99.315724217516703, 19.282889021372387 ], [ -99.315809617116898, 19.283707150928606 ], [ -99.31624186694026, 19.284393391255573 ], [ -99.316666127275425, 19.286133480824709 ], [ -99.316572327032034, 19.287179210721842 ], [ -99.316190417089899, 19.287696350542554 ], [ -99.316032577075532, 19.288695920283246 ], [ -99.31572732762811, 19.289900159750523 ], [ -99.316134616969151, 19.29030712947144 ], [ -99.316549787581224, 19.290874839782401 ], [ -99.316673317446785, 19.291711559495354 ], [ -99.316952437309084, 19.292320959278403 ], [ -99.31703701730703, 19.292603589287886 ], [ -99.317099126766252, 19.293111038833391 ], [ -99.317114956776493, 19.293401038675039 ], [ -99.317061946847801, 19.293640409271934 ], [ -99.317016726406081, 19.293966778960762 ], [ -99.31710131616245, 19.294249408720862 ], [ -99.316947017154064, 19.294644358747334 ], [ -99.317146377049497, 19.295083588432298 ], [ -99.317152436654411, 19.295813588766059 ], [ -99.316944896869586, 19.296472358735958 ], [ -99.316764067202783, 19.297013498103823 ], [ -99.316456295786466, 19.297415788302224 ], [ -99.316351467382091, 19.297746407671426 ], [ -99.316225957236355, 19.298110527909611 ], [ -99.316225586847679, 19.298337927635007 ], [ -99.31610255756614, 19.298633318055899 ], [ -99.316005017605121, 19.298807637353917 ], [ -99.31592889697599, 19.298981927752187 ], [ -99.315885617276635, 19.29917060788949 ], [ -99.315939296854765, 19.299373177353417 ], [ -99.316141577050558, 19.299591877417864 ], [ -99.316281047346337, 19.299728117683284 ], [ -99.31639223709432, 19.29987266741368 ], [ -99.316429296217095, 19.299950047749235 ], [ -99.316429387486977, 19.299994317184122 ], [ -99.316400347032811, 19.300051527210719 ], [ -99.316097447329298, 19.300255357772155 ], [ -99.315767016225792, 19.300529867356772 ], [ -99.315427777076636, 19.300878127597585 ], [ -99.315135417638189, 19.30128317722399 ], [ -99.314789917170941, 19.301425587484342 ], [ -99.314682957809055, 19.301449816784668 ], [ -99.314402467846449, 19.301376007314623 ], [ -99.314133547389318, 19.301376466782312 ], [ -99.313981147328334, 19.301437677273515 ], [ -99.313909177947068, 19.301586356832857 ], [ -99.31386441768457, 19.301940496933572 ], [ -99.31390764713467, 19.30252001707823 ], [ -99.313876917279089, 19.303065556993815 ], [ -99.313596637031807, 19.303589646272208 ], [ -99.313257128103686, 19.303929676933354 ], [ -99.313087387101362, 19.304085776462138 ], [ -99.312868988176135, 19.304175466567141 ], [ -99.31227268774731, 19.304165576948201 ], [ -99.312087357355864, 19.304165916639796 ], [ -99.311964988655646, 19.304336446756665 ], [ -99.31201952836193, 19.304550266344123 ], [ -99.312132467492219, 19.304923956331752 ], [ -99.3122731284965, 19.305226726686513 ], [ -99.312221087818969, 19.305548015858037 ], [ -99.31204669866402, 19.305958776376876 ], [ -99.311923298613763, 19.306393265682225 ], [ -99.311779528647847, 19.306561516190701 ], [ -99.311564127999105, 19.306802236019081 ], [ -99.311404218258645, 19.306895035738222 ], [ -99.311324208869834, 19.306900675915411 ], [ -99.311196248558076, 19.306873316158001 ], [ -99.31096472808359, 19.306792435737773 ], [ -99.310875918623722, 19.306741715551379 ], [ -99.310798268113615, 19.306731326113098 ], [ -99.310741018218195, 19.306757726283333 ], [ -99.310678288382377, 19.30680694623145 ], [ -99.310625638883451, 19.306887516131269 ], [ -99.310457928539847, 19.307373035903041 ], [ -99.310409268582191, 19.307453125953742 ], [ -99.310362008897641, 19.307496725686157 ], [ -99.310321248567092, 19.307530925905446 ], [ -99.310268898309189, 19.307558645393947 ], [ -99.310207208769313, 19.307577545862131 ], [ -99.310146098707378, 19.30757561587874 ], [ -99.310101349162451, 19.307547415747276 ], [ -99.30949914887411, 19.306954975874923 ], [ -99.309414128733636, 19.306776125812636 ], [ -99.309348128827452, 19.306480375751836 ], [ -99.309324489193614, 19.306184545915674 ], [ -99.309350819048035, 19.30586671617419 ], [ -99.309436409083361, 19.305597725761334 ], [ -99.309433788679428, 19.30551509638261 ], [ -99.309411619131467, 19.305453786680886 ], [ -99.309362868920971, 19.305369675969057 ], [ -99.309285758532354, 19.305265556646845 ], [ -99.309199928602737, 19.305196846674875 ], [ -99.309116247985088, 19.305138606167333 ], [ -99.309032688613073, 19.305101176754523 ], [ -99.308953519438546, 19.305082556042098 ], [ -99.308880977671478, 19.305082676078797 ], [ -99.308784248984054, 19.305093246641455 ], [ -99.308619779326463, 19.305153816646975 ], [ -99.308360179318825, 19.30530401627091 ], [ -99.308155618754313, 19.305434896612645 ], [ -99.307971618780513, 19.305562216389326 ], [ -99.307838889114024, 19.305744446118926 ], [ -99.307742529169033, 19.305935896096766 ], [ -99.307550979328056, 19.306493295652398 ], [ -99.307383639623325, 19.30688561603143 ], [ -99.307386089489455, 19.307820526114391 ], [ -99.307351289308315, 19.307868265684405 ], [ -99.307303449256082, 19.307914276003082 ], [ -99.307246529582329, 19.307950215972262 ], [ -99.307173719369885, 19.307962865513485 ], [ -99.307097849885594, 19.307977866017072 ], [ -99.307012359939463, 19.307965415862146 ], [ -99.306954529830946, 19.307934675683253 ], [ -99.306415499194301, 19.307283095800035 ], [ -99.306365119972469, 19.30723647582828 ], [ -99.306299980007822, 19.307202375925865 ], [ -99.306235759255799, 19.307184955383907 ], [ -99.306181219651705, 19.307174205600923 ], [ -99.306125788735443, 19.307166446144461 ], [ -99.306077988762283, 19.307168606197298 ], [ -99.30602206971497, 19.307182815825684 ], [ -99.305957050191822, 19.307206295904727 ], [ -99.305899979021376, 19.30724424585868 ], [ -99.305841499334903, 19.307317445557828 ], [ -99.305779890025548, 19.307396355461659 ], [ -99.305752549982245, 19.307449215473991 ], [ -99.305597329423776, 19.307791526003836 ], [ -99.305389038591471, 19.308241325750423 ], [ -99.305060450276869, 19.308976775412635 ], [ -99.305020950115107, 19.309060615302066 ], [ -99.304949750227081, 19.309134575459915 ], [ -99.304906148600651, 19.309167345527765 ], [ -99.304855149756278, 19.309195115424117 ], [ -99.304814669756638, 19.309200064944832 ], [ -99.304707980450132, 19.309202245615179 ], [ -99.304507530177872, 19.309308015275032 ], [ -99.30445436055075, 19.309370275608845 ], [ -99.30437759019982, 19.309392835046332 ], [ -99.304283120487042, 19.309418215284293 ], [ -99.30394922034192, 19.310014474824555 ], [ -99.30365381993127, 19.310617805353118 ], [ -99.303444670698937, 19.311014275253214 ], [ -99.303411040403105, 19.311060174905876 ], [ -99.303355119574007, 19.311103095276273 ], [ -99.303294050164311, 19.311141145226003 ], [ -99.303251750609562, 19.31114946497053 ], [ -99.303204470111567, 19.311148355352955 ], [ -99.303149650326304, 19.311135444872416 ], [ -99.30311350089886, 19.311120184928267 ], [ -99.303091050787899, 19.311102474998147 ], [ -99.30305115071836, 19.311071805103531 ], [ -99.303016990539206, 19.311038844822296 ], [ -99.302759359302897, 19.310779954806854 ], [ -99.30256129933997, 19.310574234904326 ], [ -99.30201296033816, 19.309880015489231 ], [ -99.301704381034426, 19.309508925450203 ], [ -99.301606491178831, 19.309479375643363 ], [ -99.301474381057673, 19.309443145724366 ], [ -99.301447560532736, 19.309435215248914 ], [ -99.301387360902851, 19.309435315755671 ], [ -99.301321871335659, 19.309455355255022 ], [ -99.301282290972068, 19.30950657524988 ], [ -99.301257519848804, 19.309572715096827 ], [ -99.301250361302024, 19.309671275299195 ], [ -99.301247730480881, 19.311001345222934 ], [ -99.301258500543014, 19.311353404935982 ], [ -99.301165120938904, 19.311898374843416 ], [ -99.301106700762659, 19.312105064778475 ], [ -99.301082361026687, 19.312204344822881 ], [ -99.301022041181383, 19.312266434766066 ], [ -99.300967849693336, 19.312293064616892 ], [ -99.300907451263996, 19.312316415091008 ], [ -99.30053030125741, 19.312423984814615 ], [ -99.300482450746927, 19.312450205034075 ], [ -99.300464019682735, 19.312490674924245 ], [ -99.300313100794796, 19.312866314799397 ], [ -99.300132901295783, 19.313340244002038 ], [ -99.300068251473178, 19.313544014725363 ], [ -99.300039151025842, 19.313749664014221 ], [ -99.300029120934809, 19.313969914527 ], [ -99.300095040162816, 19.31435374436596 ], [ -99.300223180680291, 19.314581954446261 ], [ -99.300430330745101, 19.315080144127748 ], [ -99.300619761316071, 19.315595343521153 ], [ -99.30072669962999, 19.31607155381413 ], [ -99.301130269860295, 19.316904443953526 ], [ -99.30112684059236, 19.317048833572517 ], [ -99.301147091011273, 19.317172343216441 ], [ -99.301182669683101, 19.317462093715665 ], [ -99.301251090110867, 19.317709743318531 ], [ -99.301314501114945, 19.317805113826893 ], [ -99.301368901023054, 19.317864033210476 ], [ -99.301751240585574, 19.318192033708186 ], [ -99.301781640529413, 19.318247893072645 ], [ -99.301797700626054, 19.318301743074382 ], [ -99.301787250864535, 19.318409523488867 ], [ -99.301767890538684, 19.318488672937175 ], [ -99.301736039977129, 19.318540913294886 ], [ -99.301682731153676, 19.318591893273556 ], [ -99.301602920705008, 19.318607203273295 ], [ -99.301500041204619, 19.318612382786569 ], [ -99.301335869606788, 19.318616382952495 ], [ -99.301241790731055, 19.318713313352688 ], [ -99.301181380914201, 19.318862463133168 ], [ -99.30116550119611, 19.318970913089689 ], [ -99.301129990656634, 19.319069203377818 ], [ -99.301095331375052, 19.319235663157215 ], [ -99.301102091124278, 19.319445043451218 ], [ -99.30104665070283, 19.319657433180772 ], [ -99.300980560776352, 19.319786743167825 ], [ -99.300839560845063, 19.319912943273234 ], [ -99.300790069897616, 19.320030292715376 ], [ -99.300723500567116, 19.320132062702488 ], [ -99.300660700806702, 19.320210112468704 ], [ -99.300589491519219, 19.320446292520405 ], [ -99.300586490412684, 19.320607032901016 ], [ -99.300621361505051, 19.320915753001255 ], [ -99.3005794206167, 19.321138352609296 ], [ -99.300551810739108, 19.321317402366248 ], [ -99.300492191378609, 19.32147655303153 ], [ -99.300492491501629, 19.32163618288077 ], [ -99.300540290333416, 19.321778402745341 ], [ -99.300554611528867, 19.321907912190458 ], [ -99.300563920655478, 19.32202724223577 ], [ -99.300563750424601, 19.322126942604559 ], [ -99.300555119813239, 19.322186572731628 ], [ -99.300521720082031, 19.322251172102053 ], [ -99.300458581512189, 19.322301202463304 ], [ -99.300401531464729, 19.322324742491045 ], [ -99.300337561113849, 19.322336242354602 ], [ -99.300208330716274, 19.322321812377467 ], [ -99.300160091205825, 19.322298072251339 ], [ -99.300098091410732, 19.322251981995205 ], [ -99.300035091194019, 19.322172602510662 ], [ -99.299800471502195, 19.321894412592354 ], [ -99.299734131325408, 19.321740972934982 ], [ -99.299607191126455, 19.321504202670848 ], [ -99.299307441377607, 19.321281373052585 ], [ -99.299070731332478, 19.321184512823809 ], [ -99.298987700969974, 19.321057472361776 ], [ -99.298841151288542, 19.320674442467386 ], [ -99.298804240229515, 19.320468694022907 ], [ -99.298684100838926, 19.3199366029854 ], [ -99.298562960466626, 19.319684523096385 ], [ -99.298396521800257, 19.319437323040173 ], [ -99.298269151855976, 19.319306352624366 ], [ -99.298151380328477, 19.319182553975935 ], [ -99.297964842072147, 19.319093923172538 ], [ -99.297701670377265, 19.318984524405934 ], [ -99.297527850618906, 19.318943983811678 ], [ -99.297328491470921, 19.318909984424565 ], [ -99.297090751859741, 19.318847663360007 ], [ -99.296876071887866, 19.318755372781155 ], [ -99.296731961720127, 19.318631154286081 ], [ -99.296420690630413, 19.3182262040248 ], [ -99.2963937022447, 19.318108573714873 ], [ -99.296386522070804, 19.317996183393607 ], [ -99.296436162161328, 19.317784973006404 ], [ -99.296535751569039, 19.317466243814771 ], [ -99.296546642378985, 19.317377743437916 ], [ -99.296510900844495, 19.317292873486338 ], [ -99.296453622171398, 19.317226494753879 ], [ -99.296337642439681, 19.317170463464674 ], [ -99.296117091382584, 19.317195473099957 ], [ -99.295907451547109, 19.317304813777767 ], [ -99.295664052598354, 19.31747846483535 ], [ -99.295566922500853, 19.317547414269718 ], [ -99.295459821423762, 19.317560803546929 ], [ -99.295351492423677, 19.317533003346007 ], [ -99.295259842498439, 19.317446773197428 ], [ -99.29515810106048, 19.317299923147836 ], [ -99.294985692652844, 19.317013844784679 ], [ -99.294913492806558, 19.316942633574765 ], [ -99.294838562301223, 19.316915864218867 ], [ -99.294764951501108, 19.31691278454511 ], [ -99.294732651740404, 19.316911435021492 ], [ -99.294568041124535, 19.317002784209915 ], [ -99.294527674914292, 19.317089515206536 ], [ -99.294510782628251, 19.317125813543729 ], [ -99.294368782550691, 19.317413004900715 ], [ -99.294264532836138, 19.317637314632023 ], [ -99.294177211874739, 19.317832414731321 ], [ -99.293982041620183, 19.31827383424573 ], [ -99.293884922031751, 19.318498323338005 ], [ -99.29379941276909, 19.318704493441327 ], [ -99.29375181308518, 19.3188285837305 ], [ -99.293709851799704, 19.318965543162506 ], [ -99.293609152490035, 19.319561804025277 ], [ -99.293556052500179, 19.319877093118457 ], [ -99.293430612424856, 19.320165322451381 ], [ -99.293314762641785, 19.320337043545848 ], [ -99.293135752553212, 19.320528143177729 ], [ -99.292979362759567, 19.320656002999637 ], [ -99.292798222404372, 19.320789274043239 ], [ -99.292585391516639, 19.320900814132191 ], [ -99.292382121670329, 19.320975203030603 ], [ -99.292152162808179, 19.321030342454371 ], [ -99.291970982786381, 19.321060752666956 ], [ -99.291751023509718, 19.321100173082218 ], [ -99.291417253652014, 19.321163942291804 ], [ -99.291008783857876, 19.321251032203335 ], [ -99.290745993207224, 19.321325312836258 ], [ -99.290695323859083, 19.321346602450571 ], [ -99.290564753434978, 19.321451912805838 ], [ -99.290476502182486, 19.321566383128058 ], [ -99.290443653102287, 19.321659233814568 ], [ -99.290420873282898, 19.321758783303579 ], [ -99.290415012149055, 19.321892432244759 ], [ -99.290429103811007, 19.322007672837294 ], [ -99.290487933317479, 19.32213189218875 ], [ -99.290556043398794, 19.322221691939045 ], [ -99.290662813616805, 19.322312612738095 ], [ -99.29078183219616, 19.322381029200326 ], [ -99.290833523641496, 19.322410743575187 ], [ -99.291155553536399, 19.322521771972095 ], [ -99.291212892333988, 19.322559643258156 ], [ -99.291294452756986, 19.322613513136311 ], [ -99.291357623102542, 19.322667262514614 ], [ -99.291417692477197, 19.322737471903707 ], [ -99.291474422216254, 19.322840743277329 ], [ -99.291489502541921, 19.322886672697852 ], [ -99.291506332618937, 19.322937912191929 ], [ -99.291523673179995, 19.322990741912864 ], [ -99.291576133415646, 19.323298071853184 ], [ -99.291606732074854, 19.323457922022527 ], [ -99.291638463351575, 19.323640193938889 ], [ -99.291661843500734, 19.323774491602737 ], [ -99.291733522485629, 19.324205032614977 ], [ -99.29174613194138, 19.324357522115829 ], [ -99.291754123273634, 19.324467632129736 ], [ -99.291744583089653, 19.324660002585034 ], [ -99.291703992237572, 19.324863462891525 ], [ -99.291646333231085, 19.325032041928857 ], [ -99.291598039640988, 19.325131217891645 ], [ -99.29157364202689, 19.325181322360145 ], [ -99.291479273623651, 19.325349212404998 ], [ -99.291362552882148, 19.325525122566471 ], [ -99.291330722463272, 19.325573091347248 ], [ -99.290922103318508, 19.326345772718213 ], [ -99.290801093604273, 19.326574632175213 ], [ -99.290774722813666, 19.32664597195118 ], [ -99.290768753717174, 19.326788602428067 ], [ -99.290767012631179, 19.326954741362641 ], [ -99.290791223624353, 19.327056772450181 ], [ -99.291113032918105, 19.327829941491963 ], [ -99.291259322451452, 19.328181412152656 ], [ -99.291351792755563, 19.328444431807426 ], [ -99.291381692975264, 19.328672721818315 ], [ -99.291358853479238, 19.328837511498715 ], [ -99.291314553349594, 19.32898803185665 ], [ -99.291256612588882, 19.329154350430205 ], [ -99.291168982393842, 19.329350781583795 ], [ -99.290856763042598, 19.329796981482506 ], [ -99.290817732107783, 19.329851031456581 ], [ -99.290310103826769, 19.330553870400117 ], [ -99.290139992752714, 19.330790040611447 ], [ -99.289728902278952, 19.331702121543035 ], [ -99.289448562644026, 19.332096711373563 ], [ -99.289431489142231, 19.332116543307258 ], [ -99.289414417543782, 19.332136375273638 ], [ -99.288858723156892, 19.332781870070949 ], [ -99.288544293948931, 19.333082440254202 ], [ -99.28831549323219, 19.333301139612018 ], [ -99.288247962919897, 19.333358260202512 ], [ -99.288163704522745, 19.333412630464018 ], [ -99.288064784477442, 19.333456489823799 ], [ -99.287952184322535, 19.333475210151928 ], [ -99.287886242842134, 19.333468859898034 ], [ -99.287820303492623, 19.333445060551533 ], [ -99.287766933836991, 19.333408950463927 ], [ -99.287721902780177, 19.333363539759176 ], [ -99.287687454202214, 19.333305721046138 ], [ -99.287663123894944, 19.33322774997335 ], [ -99.287649183974992, 19.333150460174284 ], [ -99.287649994491517, 19.333060440366456 ], [ -99.287674437749928, 19.332959996511814 ], [ -99.287675194503692, 19.33295689050064 ], [ -99.287851213270116, 19.332507720884436 ], [ -99.288089354363734, 19.332012550966866 ], [ -99.288178873402742, 19.331827980802306 ], [ -99.288190228999099, 19.331799752218991 ], [ -99.28828145338926, 19.331572969939945 ], [ -99.28836289356083, 19.331319380890257 ], [ -99.288387793126432, 19.331131490750245 ], [ -99.288363854192355, 19.330905071447372 ], [ -99.288314982706424, 19.330666860682925 ], [ -99.288190094084271, 19.330487941125323 ], [ -99.288065413844322, 19.330378781525717 ], [ -99.287983193536192, 19.330297640422621 ], [ -99.287867954181579, 19.330220440432235 ], [ -99.287424753652616, 19.330009230189351 ], [ -99.287093622953805, 19.329854110843943 ], [ -99.286902324407635, 19.329772630280949 ], [ -99.286767023813638, 19.329736010698873 ], [ -99.286690843765811, 19.329767920427511 ], [ -99.286773454325171, 19.329848630677095 ], [ -99.287097704117869, 19.330197040729491 ], [ -99.287106022942169, 19.330205630138796 ], [ -99.287322523953804, 19.330429180428055 ], [ -99.287404813857705, 19.33054475009186 ], [ -99.287408382330113, 19.330551758269657 ], [ -99.287419386345107, 19.330573365329386 ], [ -99.287465254190991, 19.330663430246346 ], [ -99.28750858385385, 19.330817890013794 ], [ -99.287518583971234, 19.330950860134241 ], [ -99.287515724270222, 19.330988180456682 ], [ -99.287512224069346, 19.331033550565337 ], [ -99.287489984021576, 19.331146349909801 ], [ -99.287432164592587, 19.33129255046569 ], [ -99.287289294279205, 19.331576320660218 ], [ -99.286923094396471, 19.332320069838371 ], [ -99.286831783944479, 19.332491599692663 ], [ -99.28675979457266, 19.332626799759399 ], [ -99.286522654145699, 19.333114949470531 ], [ -99.286281274213394, 19.333581689523296 ], [ -99.28597767492559, 19.334241979264778 ], [ -99.285184645242609, 19.336110799318433 ], [ -99.285112824904644, 19.336265439353479 ], [ -99.285078535202032, 19.336318889440538 ], [ -99.28504256442136, 19.336374979510996 ], [ -99.284943824388449, 19.336469139141297 ], [ -99.284841494682141, 19.336533609210942 ], [ -99.284706225030916, 19.336611839376079 ], [ -99.284596044782361, 19.336643599358606 ], [ -99.284470015143256, 19.336661799473895 ], [ -99.284325495072096, 19.336673230345603 ], [ -99.28395252489554, 19.33662205875391 ], [ -99.283807254729496, 19.336600808954863 ], [ -99.283566954752402, 19.336528109532491 ], [ -99.283291845160235, 19.336411969032415 ], [ -99.283148355317962, 19.336324489431515 ], [ -99.283012855109746, 19.336234178753994 ], [ -99.282374785213733, 19.335797368964393 ], [ -99.282217785609276, 19.335713518950023 ], [ -99.28206778585097, 19.335646149336828 ], [ -99.281958995922636, 19.335604269519838 ], [ -99.28182933564814, 19.335550779705027 ], [ -99.280643536107462, 19.335207629867622 ], [ -99.280490056296983, 19.33517285908307 ], [ -99.28037356467344, 19.335179599803197 ], [ -99.280290535953313, 19.335196139518725 ], [ -99.280202925673862, 19.335229108979284 ], [ -99.280132655653716, 19.33528391979404 ], [ -99.280082785916491, 19.335355609252481 ], [ -99.28005424621108, 19.335451579522275 ], [ -99.280022675984313, 19.336095229473308 ], [ -99.280046506272228, 19.336245039340078 ], [ -99.280100196446327, 19.336357979562273 ], [ -99.280149784905305, 19.336452349329246 ], [ -99.280209506393774, 19.336525229126135 ], [ -99.280601455475477, 19.33672982928541 ], [ -99.280956696058624, 19.336917269042001 ], [ -99.281051056209435, 19.337003599278489 ], [ -99.281113795381373, 19.337096229319094 ], [ -99.281152135487105, 19.337209348747209 ], [ -99.281160525211959, 19.3373260291484 ], [ -99.281148525909543, 19.337431168898561 ], [ -99.280948136033373, 19.337377208971475 ], [ -99.280631395467822, 19.337334318793413 ], [ -99.280306215717786, 19.337348638737151 ], [ -99.280029765732166, 19.337422638738836 ], [ -99.279859505970848, 19.33756713842908 ], [ -99.279640165820069, 19.337626209148411 ], [ -99.279200096697991, 19.337601578752711 ], [ -99.278836225964753, 19.337670549069866 ], [ -99.278490446251055, 19.337730908710753 ], [ -99.277998525520999, 19.337952628789886 ], [ -99.277312226816065, 19.338307568511862 ], [ -99.276574017213406, 19.338597238950094 ], [ -99.275980095980003, 19.338859869020471 ], [ -99.275385696739349, 19.33907105838119 ], [ -99.275013936938734, 19.339254538862729 ], [ -99.274500727065842, 19.339447808330238 ], [ -99.274206507173091, 19.339547658531036 ], [ -99.273868107857197, 19.33975656844089 ], [ -99.273595507890633, 19.339910518175625 ], [ -99.2732987274224, 19.340056197973347 ], [ -99.273121528047312, 19.340112118537025 ], [ -99.272953187463941, 19.340150798469214 ], [ -99.272842257984706, 19.340206088300128 ], [ -99.272662708212764, 19.340330608663901 ], [ -99.272486097677046, 19.340440858600463 ], [ -99.272321138198706, 19.340516658454408 ], [ -99.272074987848995, 19.340601798000744 ], [ -99.271763018388654, 19.340738997945085 ], [ -99.27143004771095, 19.340887798161155 ], [ -99.270688648795257, 19.34116317804817 ], [ -99.27035339820921, 19.34137776791335 ], [ -99.269972798809519, 19.34157840760475 ], [ -99.269829798845208, 19.341748438183043 ], [ -99.269479968199789, 19.342011768228524 ], [ -99.269341568762542, 19.342035827599755 ], [ -99.269153957582219, 19.341943107665621 ], [ -99.268930399020846, 19.341879368333633 ], [ -99.268821738902531, 19.341860268160428 ], [ -99.268719169041404, 19.34184686763107 ], [ -99.268631768890316, 19.341841937707763 ], [ -99.268538368696071, 19.341842797840897 ], [ -99.268472339297134, 19.341866207729122 ], [ -99.26840924861672, 19.341886827441467 ], [ -99.268373399147507, 19.341912907733757 ], [ -99.268337658611927, 19.34195605784506 ], [ -99.268295849293551, 19.341993628201436 ], [ -99.26822402860013, 19.342042907910145 ], [ -99.268170218794424, 19.342083368192959 ], [ -99.267976659130795, 19.342313837330241 ], [ -99.26763713877466, 19.342714337683102 ], [ -99.267340799371397, 19.343211717707284 ], [ -99.267091279188605, 19.343571317290788 ], [ -99.266924858988062, 19.343810137666896 ], [ -99.266827399675705, 19.344008377094941 ], [ -99.266767799589701, 19.344071827408218 ], [ -99.266614599791538, 19.344121747173954 ], [ -99.266515199207461, 19.344116916952338 ], [ -99.26637045800004, 19.34410393694812 ], [ -99.266255818974244, 19.344093436906771 ], [ -99.266153249449417, 19.344077237552003 ], [ -99.266035649308378, 19.344063937418902 ], [ -99.265954229331143, 19.344058997294056 ], [ -99.265867049057064, 19.344076937509278 ], [ -99.265774109214078, 19.344123517140073 ], [ -99.265753189801501, 19.344137917669055 ], [ -99.265661259554548, 19.344287437608472 ], [ -99.265632198885328, 19.344393487080467 ], [ -99.265579959355762, 19.344461517248948 ], [ -99.265554859647381, 19.344494267322851 ], [ -99.265458999522693, 19.344555236920062 ], [ -99.265401999715266, 19.344581437562638 ], [ -99.265296739230649, 19.344599577541693 ], [ -99.265209649479829, 19.344620307057539 ], [ -99.265125399455229, 19.344632537209606 ], [ -99.265074199973895, 19.344638666945897 ], [ -99.265017100176593, 19.344650597522058 ], [ -99.264969139352118, 19.344673887296018 ], [ -99.264930259571145, 19.344702867668751 ], [ -99.264888538794011, 19.344754706952951 ], [ -99.264873959650259, 19.344800547323985 ], [ -99.264874400184326, 19.344846366950915 ], [ -99.264887879613013, 19.344992026750205 ], [ -99.264867989737382, 19.345115226769629 ], [ -99.264835760221402, 19.345204117380199 ], [ -99.264767129806302, 19.345276236954469 ], [ -99.264701099911477, 19.345302547511064 ], [ -99.26463472989208, 19.34528882737105 ], [ -99.264538049743308, 19.345263917331241 ], [ -99.264456499528492, 19.345236117136984 ], [ -99.264368989498124, 19.345228286926901 ], [ -99.264300000313483, 19.345251797377497 ], [ -99.264234200292123, 19.345306657209068 ], [ -99.264189539667342, 19.345355706730064 ], [ -99.26416637013611, 19.34545596685621 ], [ -99.264167599861779, 19.345576067223938 ], [ -99.264160029847815, 19.345724827222845 ], [ -99.264155079038702, 19.345839256867524 ], [ -99.264138139858076, 19.34595666700875 ], [ -99.26407841917981, 19.346005827089755 ], [ -99.264018390372371, 19.346032036748568 ], [ -99.263910159999341, 19.346050167335839 ], [ -99.263816660325332, 19.346042436731967 ], [ -99.26373535966178, 19.346051686892363 ], [ -99.263617990447543, 19.346064147277925 ], [ -99.263500940512486, 19.346102367048513 ], [ -99.263423029617428, 19.346148837045508 ], [ -99.26334842007995, 19.346223866851872 ], [ -99.263313129893646, 19.346304257104553 ], [ -99.263290059865724, 19.346413106912134 ], [ -99.263272898816282, 19.34650186709419 ], [ -99.263240770594876, 19.346605117218655 ], [ -99.263187650562585, 19.346722866842008 ], [ -99.263139930475319, 19.346771827199625 ], [ -99.263053200631603, 19.346838376560289 ], [ -99.262966250061666, 19.346884946279296 ], [ -99.262884960234743, 19.346885606490293 ], [ -99.262815510077886, 19.346866286291856 ], [ -99.26272753067407, 19.346804136667963 ], [ -99.262630400153753, 19.346736316709045 ], [ -99.262563800255222, 19.346702626757036 ], [ -99.26250339991698, 19.346683107051902 ], [ -99.262424820437673, 19.346663777101579 ], [ -99.262337530319087, 19.3466703166184 ], [ -99.26223541991817, 19.346699747107323 ], [ -99.262145620454234, 19.346754916950758 ], [ -99.262076990568062, 19.346824146874447 ], [ -99.26203243012813, 19.346887466745404 ], [ -99.261954650848296, 19.346942436623408 ], [ -99.261891560877274, 19.346965936977721 ], [ -99.261693430161117, 19.347036256446742 ], [ -99.261615200702849, 19.347048396303936 ], [ -99.261557970854611, 19.347046036989266 ], [ -99.261458460307807, 19.347035516673557 ], [ -99.261383160621179, 19.347036166867735 ], [ -99.261251420155361, 19.347120206817095 ], [ -99.261185620531933, 19.347175176933039 ], [ -99.260999030504991, 19.347188266920362 ], [ -99.260866399532517, 19.34718945676525 ], [ -99.260764630294076, 19.347256116378151 ], [ -99.260717130420716, 19.347322256721895 ], [ -99.26065813069826, 19.347457166310956 ], [ -99.260619341141734, 19.347494716209422 ], [ -99.26056540053051, 19.347520916258965 ], [ -99.260423940877558, 19.347533597024565 ], [ -99.260336421138604, 19.347520066822081 ], [ -99.260270140466389, 19.347514916144288 ], [ -99.260194960564149, 19.34752994663808 ], [ -99.25996633107998, 19.347615376185509 ], [ -99.259892249920426, 19.347672226129831 ], [ -99.25981134070399, 19.347745376866033 ], [ -99.259712590673089, 19.347787626198336 ], [ -99.259598050575093, 19.347816316670926 ], [ -99.25942797153472, 19.34787480661122 ], [ -99.259024021071923, 19.348029996341594 ], [ -99.258989791162747, 19.34805625625885 ], [ -99.258961431367425, 19.348118006351978 ], [ -99.258966600858187, 19.348170086094171 ], [ -99.259005281607344, 19.348207656636678 ], [ -99.259063231472709, 19.348216236686326 ], [ -99.259152620683253, 19.34817946648641 ], [ -99.259268391016306, 19.348120466414969 ], [ -99.25956490127605, 19.348004456376977 ], [ -99.259664160557307, 19.347971346114363 ], [ -99.25972371053696, 19.347969006662321 ], [ -99.259809930672134, 19.347976546150495 ], [ -99.260078620496827, 19.348049746491316 ], [ -99.260180200719347, 19.3480619063088 ], [ -99.260320420081911, 19.348063116255211 ], [ -99.260563050683885, 19.348009346839209 ], [ -99.260709970521205, 19.3479364067402 ], [ -99.260839301109769, 19.347856336537554 ], [ -99.260949080273818, 19.347762566900702 ], [ -99.261007390584624, 19.347746826075348 ], [ -99.261065730491538, 19.347748826974676 ], [ -99.261115300384688, 19.34777379676801 ], [ -99.261124190511509, 19.347827026627343 ], [ -99.261071860614038, 19.347895336630621 ], [ -99.261010651106915, 19.347950026599964 ], [ -99.260562510990781, 19.348206536408441 ], [ -99.260353461070153, 19.348252946643246 ], [ -99.260203310889381, 19.348268996133228 ], [ -99.25998170095643, 19.3482783763742 ], [ -99.25989130087207, 19.348287886257385 ], [ -99.259790601174998, 19.34832994627773 ], [ -99.259712231148242, 19.348386576143408 ], [ -99.259630731022767, 19.348470796700116 ], [ -99.259559651302339, 19.348560086436159 ], [ -99.25948985066681, 19.348684366251916 ], [ -99.259407661047931, 19.348839796487702 ], [ -99.25931828070226, 19.348950826528512 ], [ -99.259219860858508, 19.349058026506427 ], [ -99.258984400913803, 19.349224465795235 ], [ -99.258612461487928, 19.349429946346671 ], [ -99.258308770980221, 19.349608966304491 ], [ -99.258267251747455, 19.349645195839507 ], [ -99.258218161426484, 19.349707256527399 ], [ -99.258198860955389, 19.349757025771343 ], [ -99.258190961707953, 19.349801376006617 ], [ -99.258194431314294, 19.349845706042 ], [ -99.258199681166815, 19.349890657346275 ], [ -99.258221361379498, 19.34994548602042 ], [ -99.258251371619394, 19.349991685841641 ], [ -99.258281029926408, 19.350025596301791 ], [ -99.258315710931953, 19.350052706175468 ], [ -99.258343171502773, 19.35006430683552 ], [ -99.258374880241746, 19.350071066318122 ], [ -99.258388550140012, 19.350069841076323 ], [ -99.258406791339254, 19.350068205872642 ], [ -99.258512382686931, 19.350049776574199 ], [ -99.258899742238413, 19.349982172103385 ], [ -99.259030701636618, 19.349959316153956 ], [ -99.259079420746261, 19.349963365905669 ], [ -99.259109725951831, 19.349971797784502 ], [ -99.259145481055853, 19.349981745653334 ], [ -99.259213730869163, 19.350021715559116 ], [ -99.259259250803609, 19.350061716177148 ], [ -99.259300261223899, 19.350118165702739 ], [ -99.259323060633861, 19.350171765933677 ], [ -99.259341540745496, 19.350242655766372 ], [ -99.259357399201704, 19.35031512538491 ], [ -99.259367719787633, 19.350362286184385 ], [ -99.259369201544189, 19.350369056194854 ], [ -99.259378301359902, 19.350506716099328 ], [ -99.259317031426335, 19.350713655957108 ], [ -99.259261219786012, 19.350925006044847 ], [ -99.259229680939583, 19.35121790533637 ], [ -99.259223161062607, 19.351515905938339 ], [ -99.259240861519999, 19.351771635522944 ], [ -99.259394991286854, 19.352475975871677 ], [ -99.259458021133611, 19.352814855633735 ], [ -99.259833770785065, 19.354204314971632 ], [ -99.260008480511345, 19.355282315113019 ], [ -99.26014842051417, 19.355869144751271 ], [ -99.260243999958348, 19.356485655873314 ], [ -99.26030590090464, 19.35697230539504 ], [ -99.260586310673574, 19.358329704063266 ], [ -99.260902730699883, 19.35983459339802 ], [ -99.261039340554518, 19.360540223511222 ], [ -99.261125559305199, 19.360822823871437 ], [ -99.261252130916304, 19.361041483588863 ], [ -99.261423360477323, 19.361216253756851 ], [ -99.26167451042997, 19.36142666308832 ], [ -99.261845360903266, 19.361559253232873 ], [ -99.261987929979767, 19.361664883376768 ], [ -99.262235500338718, 19.361814933091555 ], [ -99.262529910638392, 19.361986903390378 ], [ -99.262818960628692, 19.362128133436066 ], [ -99.263216909778592, 19.362281083352819 ], [ -99.263733019909196, 19.362447232951432 ], [ -99.264257059455588, 19.362596312935199 ], [ -99.264835259699694, 19.362757913503469 ], [ -99.265097059483622, 19.362839532656636 ], [ -99.265340789405016, 19.362926453026439 ], [ -99.265631029603483, 19.3630639933331 ], [ -99.265907589825446, 19.36319505336866 ], [ -99.266825388992515, 19.363542362786404 ], [ -99.266569859683031, 19.363958003186504 ], [ -99.266508158876434, 19.364162402348946 ], [ -99.266465619460988, 19.36439130314146 ], [ -99.26644516944009, 19.364687162482753 ], [ -99.266453098976896, 19.365016972461678 ], [ -99.266483829493396, 19.365276792448199 ], [ -99.266524759371407, 19.365531622247918 ], [ -99.266566339746575, 19.365645592436231 ], [ -99.266597429451721, 19.365796512333205 ], [ -99.266649758348692, 19.366145932151948 ], [ -99.266755418247925, 19.366807083510935 ], [ -99.266781328157833, 19.367024793287531 ], [ -99.266771598199966, 19.367512143184324 ], [ -99.266715388302799, 19.367805792799722 ], [ -99.266650078620643, 19.368062502554675 ], [ -99.266568339490036, 19.368315792695604 ], [ -99.266350768535389, 19.36886334189407 ], [ -99.266039248733819, 19.36961526251805 ], [ -99.265796679676839, 19.370202371544583 ], [ -99.265442898424226, 19.371023651458668 ], [ -99.265067229818399, 19.371742730746767 ], [ -99.265306988951252, 19.371956830752236 ], [ -99.265398968624908, 19.3720165319315 ], [ -99.265484228265052, 19.3720342508377 ], [ -99.26558050987164, 19.37201100082034 ], [ -99.265795988743236, 19.371855221254897 ], [ -99.266065818820167, 19.371622401287738 ], [ -99.26617249948599, 19.371497142276148 ], [ -99.266214938070192, 19.371369881873747 ], [ -99.266237768542339, 19.371236021802172 ], [ -99.266259629055057, 19.371144031034859 ], [ -99.266291699205013, 19.371009191924497 ], [ -99.266387619730224, 19.370717912524793 ], [ -99.266437418749973, 19.370632591506272 ], [ -99.266638829560904, 19.370286822307641 ], [ -99.266860219037781, 19.369896571868306 ], [ -99.267091568183417, 19.369503132521821 ], [ -99.267189477870204, 19.369343162716781 ], [ -99.267222766348198, 19.369309483009484 ], [ -99.267307448395812, 19.369223801463523 ], [ -99.267488829250198, 19.369081221586271 ], [ -99.267782448409221, 19.368853651959455 ], [ -99.267907798491109, 19.368784591406065 ], [ -99.268049708170153, 19.368738992127238 ], [ -99.268152018061372, 19.36871379273525 ], [ -99.268274159292474, 19.368697941316913 ], [ -99.268426058800586, 19.368710251417845 ], [ -99.268442974789906, 19.368718772010151 ], [ -99.268610628509037, 19.368803202158354 ], [ -99.269008337509675, 19.368964882566395 ], [ -99.269100928798878, 19.369060931869175 ], [ -99.268941298041455, 19.369238232922751 ], [ -99.268624659236437, 19.369604902519615 ], [ -99.268384759175632, 19.370049701074027 ], [ -99.268317508480678, 19.370249101814856 ], [ -99.268267188736701, 19.370417511595729 ], [ -99.268243737686333, 19.370587532546271 ], [ -99.268233738063273, 19.370694532028768 ], [ -99.268220078905188, 19.370950932065252 ], [ -99.268251598239615, 19.371230861557606 ], [ -99.268287989159219, 19.371459881404249 ], [ -99.268372229223758, 19.371805910893922 ], [ -99.26888689884683, 19.371664561291837 ], [ -99.269770298178202, 19.371441431886165 ], [ -99.270076018889569, 19.372200960519603 ], [ -99.270123878155161, 19.372353051745005 ], [ -99.270148928471315, 19.372500461306696 ], [ -99.270153297429175, 19.372626221723852 ], [ -99.270149847503347, 19.372712251008323 ], [ -99.270135677068367, 19.37280734166221 ], [ -99.270097848675221, 19.372918362068162 ], [ -99.270064188403936, 19.372994082211012 ], [ -99.270019167509062, 19.373066791774498 ], [ -99.269969538350566, 19.373135051511465 ], [ -99.269910218265807, 19.37320026195362 ], [ -99.269841897409407, 19.373254481693021 ], [ -99.269769897634305, 19.373311420326587 ], [ -99.269643257955124, 19.373386541372135 ], [ -99.269516158875859, 19.373438201978676 ], [ -99.269430197896511, 19.373463650810773 ], [ -99.269333698983345, 19.373486961014628 ], [ -99.269231798411226, 19.373507391768577 ], [ -99.269111018504034, 19.373524280856106 ], [ -99.268966097930445, 19.373544600828684 ], [ -99.26890184748359, 19.373553250962097 ], [ -99.268829369101169, 19.373559601235417 ], [ -99.268762858977965, 19.3735630510531 ], [ -99.26868710830216, 19.373562421211229 ], [ -99.268615928630766, 19.373559530746743 ], [ -99.268552758455272, 19.373551460706931 ], [ -99.268478828458925, 19.373539370520575 ], [ -99.268401857415441, 19.373522861477426 ], [ -99.268139999269209, 19.373428192024207 ], [ -99.268072677576171, 19.373406340845339 ], [ -99.267999028584384, 19.373382541262373 ], [ -99.267923308339604, 19.373368700443571 ], [ -99.267820759107877, 19.373350001574419 ], [ -99.267737928993469, 19.373346370866123 ], [ -99.267658928703568, 19.37335086109481 ], [ -99.267569388249925, 19.373369400265499 ], [ -99.267493277789001, 19.373402101972907 ], [ -99.267399298507954, 19.373450361962909 ], [ -99.267323247995122, 19.37351136171451 ], [ -99.26724872834626, 19.373590741558832 ], [ -99.266989629543517, 19.374021561316951 ], [ -99.26694924827521, 19.374071190082507 ], [ -99.266906359027402, 19.374118571618343 ], [ -99.266860899388092, 19.374163770939507 ], [ -99.266813019559336, 19.374206630377898 ], [ -99.266762828256986, 19.374247061285736 ], [ -99.266710478392483, 19.37428496131712 ], [ -99.266656129368528, 19.374320190186602 ], [ -99.266599899010231, 19.374352681158481 ], [ -99.266541959355848, 19.374382330420683 ], [ -99.266482449447352, 19.374409060748199 ], [ -99.266421559757703, 19.374432801283103 ], [ -99.266359429220628, 19.374453480235506 ], [ -99.266295769544371, 19.374471190248322 ], [ -99.265636098300902, 19.374576451358369 ], [ -99.265051429506443, 19.37466406047626 ], [ -99.263773819010879, 19.374855511659138 ], [ -99.263461900286458, 19.374906511640795 ], [ -99.263249339476758, 19.374953460661576 ], [ -99.262970360097611, 19.375036000094266 ], [ -99.262035569668228, 19.375486820493595 ], [ -99.261868099061701, 19.375568138148022 ], [ -99.261681259196607, 19.375658859878666 ], [ -99.261576850709233, 19.375714529763219 ], [ -99.261345770410415, 19.375837740095868 ], [ -99.261022170574364, 19.376030530183883 ], [ -99.260589139810122, 19.376350299935631 ], [ -99.259796541213603, 19.377023930015465 ], [ -99.259089200847029, 19.377654413288621 ], [ -99.258879530983961, 19.377841299227907 ], [ -99.257915361091463, 19.378702829572713 ], [ -99.257644770265344, 19.378948309254678 ], [ -99.257139591464934, 19.379406599220399 ], [ -99.256901451527881, 19.379610138926818 ], [ -99.256072232017985, 19.380170599998017 ], [ -99.2557864821827, 19.380351570195671 ], [ -99.254979341982903, 19.380862729633321 ], [ -99.254597391820326, 19.381102968566278 ], [ -99.254238932462485, 19.381331448817949 ], [ -99.252463232332431, 19.382463219681163 ], [ -99.251181261779152, 19.383277558777102 ], [ -99.250762592145051, 19.383545567907884 ], [ -99.250673262944545, 19.383605278400669 ], [ -99.250317302429607, 19.383831018423141 ], [ -99.250026302472406, 19.38403287819332 ], [ -99.249739262607449, 19.384262129279914 ], [ -99.248773133713584, 19.385036769417656 ], [ -99.247644904295214, 19.385954097696651 ], [ -99.2465620528899, 19.386825897942529 ], [ -99.246230742971278, 19.387082227371348 ], [ -99.245990804503847, 19.387227357341246 ], [ -99.245730743999033, 19.387317308349026 ], [ -99.245469654720736, 19.387391457179955 ], [ -99.245166623279914, 19.387400697759549 ], [ -99.244989854300059, 19.387382897340657 ], [ -99.244744064994848, 19.387340907748992 ], [ -99.243636904463131, 19.386982167570313 ], [ -99.243318115350192, 19.386934567181708 ], [ -99.243190404759275, 19.386915537416847 ], [ -99.242937545011443, 19.386948767936264 ], [ -99.242671255345925, 19.387032257111262 ], [ -99.242101335709563, 19.387351697906929 ], [ -99.24137863566007, 19.387978827618927 ], [ -99.241130835749019, 19.388138307471284 ], [ -99.240458655199077, 19.388496446858355 ], [ -99.240201665311446, 19.388650136756603 ], [ -99.239921336163292, 19.388861136980321 ], [ -99.239664935969287, 19.389133787697094 ], [ -99.239508115712866, 19.389376817022619 ], [ -99.239411994976322, 19.3895861668137 ], [ -99.239125116017846, 19.390402987526276 ], [ -99.239014055325484, 19.390725017774272 ], [ -99.238989116475068, 19.391058306346658 ], [ -99.239008174653776, 19.391698216224441 ], [ -99.239025605729466, 19.392283396967848 ], [ -99.238998915393623, 19.392470456143297 ], [ -99.238913546475885, 19.392671496023201 ], [ -99.238799795510559, 19.392821326181082 ], [ -99.23802046562038, 19.393393586106367 ], [ -99.237834886732102, 19.393488336285245 ], [ -99.237595705340738, 19.393564587164509 ], [ -99.237375146135307, 19.393595796875935 ], [ -99.237091765397253, 19.393601756266399 ], [ -99.236476916521895, 19.39354264629079 ], [ -99.23625083576475, 19.393537556781624 ], [ -99.236031806335632, 19.393559537213466 ], [ -99.235799996819068, 19.393623136301517 ], [ -99.235473995819135, 19.393740215787979 ], [ -99.232834177965771, 19.394811556944138 ], [ -99.232569107783362, 19.394900586492483 ], [ -99.232245507714822, 19.394930505354665 ], [ -99.231929406694377, 19.394903756747777 ], [ -99.231511778134873, 19.394866097056649 ], [ -99.231267858175258, 19.394869216411319 ], [ -99.23105916839458, 19.394895706884068 ], [ -99.230846748322321, 19.394946985968453 ], [ -99.230483397745147, 19.395080596348961 ], [ -99.229973568266814, 19.395253386597822 ], [ -99.229762546837037, 19.395300505273436 ], [ -99.229239598517538, 19.395413926915346 ], [ -99.228175368421546, 19.395642166582128 ], [ -99.227695209203389, 19.395727876865397 ], [ -99.227337429116474, 19.395792925516407 ], [ -99.226971057741764, 19.395800165117766 ], [ -99.226640669163814, 19.395768755733702 ], [ -99.226028369253498, 19.395687645228691 ], [ -99.22570262834752, 19.395662955684166 ], [ -99.225151008770908, 19.395636216776722 ], [ -99.224982828093715, 19.39562981579142 ], [ -99.224211908208048, 19.395743215423341 ], [ -99.223571058678374, 19.39584979625522 ], [ -99.222436718976184, 19.396199555414373 ], [ -99.222052509954693, 19.396324656206836 ], [ -99.219505491237868, 19.397167554864886 ], [ -99.218307870500979, 19.397551754710083 ], [ -99.218064270688274, 19.39763133466743 ], [ -99.217069740507142, 19.39797101570316 ], [ -99.216898740434914, 19.398030614559126 ], [ -99.216284540310127, 19.398249674488898 ], [ -99.215868510846917, 19.398373704548835 ], [ -99.214848400658525, 19.398702784890478 ], [ -99.214472510734225, 19.398836815400543 ], [ -99.213858472201224, 19.399114765624283 ], [ -99.213017692539381, 19.399556354395806 ], [ -99.212666381834424, 19.399761955617699 ], [ -99.212560122059358, 19.399803385753806 ], [ -99.212018912655552, 19.399946674785742 ], [ -99.211467742967386, 19.400126764398756 ], [ -99.21093743325693, 19.400273674199592 ], [ -99.210506944594187, 19.400420208255031 ], [ -99.210502313137184, 19.400421784645328 ], [ -99.210440752884892, 19.400433753994044 ], [ -99.210431541052202, 19.400435206872082 ], [ -99.209040713184223, 19.400654504650394 ], [ -99.208407373814282, 19.400761584289505 ], [ -99.207837514059264, 19.400850994376416 ], [ -99.206164834419681, 19.401062654348699 ], [ -99.205032244185276, 19.40121198447444 ], [ -99.204551354199481, 19.401273653896801 ], [ -99.203730344264287, 19.401362794081667 ], [ -99.203068244315517, 19.401430854233723 ], [ -99.202466554947478, 19.401499274038692 ], [ -99.202202874956512, 19.401524474348928 ], [ -99.201893915356848, 19.401553254263543 ], [ -99.201541235136034, 19.401643723940438 ], [ -99.201408975094424, 19.401679103915981 ], [ -99.20098829511862, 19.401840073946502 ], [ -99.20049369544428, 19.402029734265728 ], [ -99.199858775561907, 19.402275823597986 ], [ -99.199555645973248, 19.402395353740861 ], [ -99.198931525831043, 19.402659933773954 ], [ -99.198426846017426, 19.402882524294444 ], [ -99.19829872627993, 19.402930723425388 ], [ -99.198061016217565, 19.403000733396436 ], [ -99.197605946007286, 19.403088273683434 ], [ -99.196704016236353, 19.403189534113167 ], [ -99.196620046142513, 19.403201934022 ], [ -99.195869446226467, 19.403288764189909 ], [ -99.195441976957511, 19.40334098355299 ], [ -99.19465040661062, 19.403464893828723 ], [ -99.194513126465864, 19.403481553261539 ], [ -99.194313926706741, 19.403504493531429 ], [ -99.194151177247548, 19.403524093289548 ], [ -99.193830206671819, 19.403561583992715 ], [ -99.193724666821467, 19.40357392342278 ], [ -99.192982187651339, 19.403653215931232 ], [ -99.192471919084625, 19.403709444702304 ], [ -99.192357237486462, 19.403722074592011 ], [ -99.192193697604509, 19.403740103518349 ], [ -99.19217800700946, 19.403235104075247 ], [ -99.192189497693207, 19.403092923638745 ], [ -99.192240746996035, 19.402624584309795 ], [ -99.192263927563332, 19.402384104185092 ], [ -99.192336917201743, 19.401650353830178 ], [ -99.192310316940251, 19.401389984279795 ], [ -99.192287927358251, 19.401326443963121 ], [ -99.192217037695571, 19.401128763833547 ], [ -99.19212532771364, 19.400977784144064 ], [ -99.192017237563704, 19.400852934327098 ], [ -99.191880147851265, 19.400724244497756 ], [ -99.191483757468148, 19.400434334320455 ], [ -99.191274147539247, 19.40026176426305 ], [ -99.191145947938324, 19.40010624481944 ], [ -99.190818107785319, 19.399647305172518 ], [ -99.19060632775674, 19.399319304615432 ], [ -99.190468617595783, 19.399018825118393 ], [ -99.190355007621648, 19.398753024348608 ], [ -99.19017092748382, 19.39831233503903 ], [ -99.189915100357368, 19.39770362468516 ], [ -99.189868677805677, 19.397583505090481 ], [ -99.189576578100187, 19.39685072545743 ], [ -99.189250618176047, 19.396071905397232 ], [ -99.189087698025418, 19.395683365894609 ], [ -99.189047467934273, 19.395587415133537 ] ] ] } },
{ "type": "Feature", "properties": { "CVEGEO": "09011", "alcaldia": "Tláhuac" }, "geometry": { "type": "Polygon", "coordinates": [ [ [ -98.978797544331982, 19.323918274205585 ], [ -98.978552659613882, 19.32389958162722 ], [ -98.978552655967803, 19.323899616892174 ], [ -98.978537794910778, 19.324043163832435 ], [ -98.978517309893206, 19.324241033149331 ], [ -98.978489793880826, 19.324506818135877 ], [ -98.978479400095495, 19.324607211806438 ], [ -98.978322630285206, 19.324638641776424 ], [ -98.978243086902665, 19.325069868478447 ], [ -98.978240953765919, 19.325081430237642 ], [ -98.97824093859991, 19.325081511483305 ], [ -98.978195440300823, 19.325328171610092 ], [ -98.977918949262559, 19.325282272520873 ], [ -98.978037969063806, 19.324989442397012 ], [ -98.977486210289314, 19.324765672330475 ], [ -98.977402259325274, 19.325163151583755 ], [ -98.97738972999008, 19.32522247156972 ], [ -98.977389139879449, 19.325222267668181 ], [ -98.977385079162232, 19.325220866223667 ], [ -98.976934170179518, 19.325065261954254 ], [ -98.976582859057302, 19.324944661845933 ], [ -98.976508860398653, 19.324252781124098 ], [ -98.97622052910485, 19.324293291378105 ], [ -98.976284800375183, 19.324935490888841 ], [ -98.976195190768436, 19.32493771838239 ], [ -98.97616128061874, 19.324938560907185 ], [ -98.975948750054357, 19.324943842070454 ], [ -98.975316030471987, 19.325640581448681 ], [ -98.974701501304963, 19.325664321545766 ], [ -98.971175732122219, 19.325428720919291 ], [ -98.970784631982653, 19.32517943121583 ], [ -98.97038500224005, 19.324924691427213 ], [ -98.969856972185639, 19.324850841484306 ], [ -98.969299461945553, 19.324772871663992 ], [ -98.969038182194836, 19.32474781093994 ], [ -98.968952593901463, 19.324739612203025 ], [ -98.968952562323324, 19.324739658686717 ], [ -98.968610122521, 19.325229611607917 ], [ -98.968307042701809, 19.325663261423831 ], [ -98.968267662986364, 19.325719610799993 ], [ -98.968267032437765, 19.325719594520198 ], [ -98.966344272880605, 19.325668830835042 ], [ -98.966251494323757, 19.325664131415998 ], [ -98.966178072784359, 19.325660409679802 ], [ -98.966140144478189, 19.325658489006617 ], [ -98.965941461067302, 19.325648419367752 ], [ -98.965902710025986, 19.325646454926424 ], [ -98.965809556880046, 19.325641733213804 ], [ -98.965685833857691, 19.325635461368691 ], [ -98.96465812083018, 19.325583363708457 ], [ -98.964620382342474, 19.325581450091761 ], [ -98.964595563387334, 19.325580192048232 ], [ -98.964075628787228, 19.325553832015782 ], [ -98.964036481176933, 19.325551847345263 ], [ -98.963980867373778, 19.325549027920673 ], [ -98.963426600105493, 19.325520924520042 ], [ -98.9633865696687, 19.325518894750676 ], [ -98.963364295381936, 19.325517764678164 ], [ -98.962910338436799, 19.32549474756798 ], [ -98.962870708454162, 19.325492737492514 ], [ -98.962834328609858, 19.325490892426725 ], [ -98.962364454859411, 19.32546706525244 ], [ -98.9623390810725, 19.325465778464157 ], [ -98.962265572034966, 19.325462050345212 ], [ -98.962207766438297, 19.325459119137602 ], [ -98.961802664026322, 19.325438574437133 ], [ -98.961771637545525, 19.32543700079334 ], [ -98.961746882503888, 19.325435746284789 ], [ -98.96133161223959, 19.325414684106413 ], [ -98.961300491379404, 19.325413105748737 ], [ -98.961298944961158, 19.325413027522728 ], [ -98.961277236036324, 19.325411927543261 ], [ -98.961185990037933, 19.325407298424697 ], [ -98.961020941410922, 19.325398926463901 ], [ -98.960967731234931, 19.32539622858588 ], [ -98.960960494035021, 19.325395859174268 ], [ -98.960923516801174, 19.325393968102915 ], [ -98.960897519800426, 19.325392636819949 ], [ -98.960867329779674, 19.325391091598409 ], [ -98.960440740833349, 19.325369248329444 ], [ -98.960348291746669, 19.325291374096935 ], [ -98.959000098477787, 19.324155714034596 ], [ -98.958351034154191, 19.323608911676963 ], [ -98.958228940655232, 19.323506053407357 ], [ -98.957894985504112, 19.323224711373541 ], [ -98.958993813516713, 19.32185617295135 ], [ -98.959147874882731, 19.321656752127751 ], [ -98.959263764065824, 19.321506744378684 ], [ -98.959306582721396, 19.321451319439024 ], [ -98.960852784140684, 19.319449862166504 ], [ -98.961123433102401, 19.319099543917957 ], [ -98.961391494553268, 19.318752543073757 ], [ -98.961868492806161, 19.318135072504024 ], [ -98.96255443380565, 19.317247122886492 ], [ -98.962958182974944, 19.31672447409413 ], [ -98.962982934309778, 19.316612663228561 ], [ -98.962983125383559, 19.316611799032483 ], [ -98.962983317431579, 19.316610933949896 ], [ -98.962983422524232, 19.316610458551434 ], [ -98.96298370057356, 19.316609203765449 ], [ -98.963333642782572, 19.315029323603895 ], [ -98.963407814210953, 19.314502773399926 ], [ -98.963435201381316, 19.314308354842197 ], [ -98.96344081380056, 19.31426849363956 ], [ -98.963479480195119, 19.313994004994914 ], [ -98.963548803978227, 19.313501863657919 ], [ -98.963696984502846, 19.312449963469263 ], [ -98.963697127405467, 19.31244894789744 ], [ -98.963739553391477, 19.312147783985143 ], [ -98.96373971091684, 19.312146669037762 ], [ -98.963739765351846, 19.312146282325859 ], [ -98.963739868442119, 19.312145554090357 ], [ -98.963740183492746, 19.312143324195656 ], [ -98.963887792737921, 19.311095383617239 ], [ -98.963887860820989, 19.311094898416538 ], [ -98.963887915376347, 19.311094506270983 ], [ -98.963887936854235, 19.311094356292106 ], [ -98.96388794829231, 19.31109427134977 ], [ -98.963887984554788, 19.311094014749688 ], [ -98.963888259178873, 19.311092056777326 ], [ -98.963888631172651, 19.311089413041444 ], [ -98.963899810865229, 19.311010065124087 ], [ -98.963904630841085, 19.310975854805914 ], [ -98.963913156387235, 19.310915337322434 ], [ -98.963914014636686, 19.310909248448588 ], [ -98.963924698917367, 19.310833412551087 ], [ -98.963927678651245, 19.310812263652075 ], [ -98.963940546783263, 19.310720924102831 ], [ -98.96395553406542, 19.310614542614847 ], [ -98.963965153596519, 19.310546264759928 ], [ -98.964045804681788, 19.310044814537076 ], [ -98.964046367565928, 19.310041313858534 ], [ -98.964046492932283, 19.310040528082904 ], [ -98.964046659128357, 19.310039494860067 ], [ -98.964047232132828, 19.310035925522421 ], [ -98.964222202175549, 19.308948095901002 ], [ -98.964222295271256, 19.308947516065139 ], [ -98.964222332875025, 19.308947284863066 ], [ -98.964222461626221, 19.308946475598052 ], [ -98.964236160665862, 19.3088612980013 ], [ -98.964269009548744, 19.308657065122929 ], [ -98.9642873993606, 19.30854273339844 ], [ -98.964336995654776, 19.308234385523015 ], [ -98.964337070069078, 19.308233915854483 ], [ -98.964347166724863, 19.308171145882863 ], [ -98.964348950494667, 19.308160056824175 ], [ -98.964353668229876, 19.308130722008347 ], [ -98.964357253735983, 19.308108422837826 ], [ -98.964362347984704, 19.308076754267894 ], [ -98.964362520990036, 19.308075672255494 ], [ -98.964365625322955, 19.308056377053273 ], [ -98.96437006157683, 19.308028794387546 ], [ -98.964374387189693, 19.308001893592859 ], [ -98.964377285635464, 19.307983870927412 ], [ -98.964377682190317, 19.307981408910717 ], [ -98.964378885523232, 19.307973923466122 ], [ -98.964378940060556, 19.307973574813541 ], [ -98.964380383412717, 19.307964612744666 ], [ -98.964380567410956, 19.307963465715225 ], [ -98.964382490695755, 19.307951512339965 ], [ -98.964383864681039, 19.307942964769982 ], [ -98.964384117273482, 19.307941395071559 ], [ -98.964384812907142, 19.307937076156016 ], [ -98.964385154253193, 19.307934950093383 ], [ -98.964385663819243, 19.30793178541429 ], [ -98.96440300260781, 19.307884015366685 ], [ -98.96451811700382, 19.307567048344627 ], [ -98.964768413776525, 19.306877866057054 ], [ -98.964880034532456, 19.306778283490228 ], [ -98.965082442104986, 19.30659770189445 ], [ -98.965379123438041, 19.306333016115531 ], [ -98.965978690835655, 19.306081351515978 ], [ -98.966268783344987, 19.305959585920846 ], [ -98.966430060122562, 19.305960840034878 ], [ -98.966742102516776, 19.305963264408518 ], [ -98.966742161699869, 19.3059632637849 ], [ -98.966772831587804, 19.305963468363665 ], [ -98.966813369767664, 19.305963740640884 ], [ -98.966867511072422, 19.305964101247248 ], [ -98.966900864135809, 19.305964325252813 ], [ -98.966917070266476, 19.305964433242821 ], [ -98.967046635287659, 19.305965299037293 ], [ -98.967129274686684, 19.305965851262236 ], [ -98.967165950291047, 19.305966096623152 ], [ -98.96717593313366, 19.305966162980024 ], [ -98.967182606831273, 19.305966206380329 ], [ -98.967200110669935, 19.305966323182449 ], [ -98.967205083946695, 19.305966356901621 ], [ -98.967209124032522, 19.305966383661257 ], [ -98.96721179772895, 19.305966400199388 ], [ -98.967213498109516, 19.3059664116908 ], [ -98.967214440859848, 19.305966417935938 ], [ -98.967214780514027, 19.305966422037887 ], [ -98.967215645063462, 19.305966425806705 ], [ -98.967215771020577, 19.305966426523753 ], [ -98.967216276716499, 19.305966431241572 ], [ -98.967216308227648, 19.305966216226714 ], [ -98.967216312688876, 19.305966187321715 ], [ -98.96721641918829, 19.305965476373505 ], [ -98.967216968576153, 19.305961805993277 ], [ -98.967217604448365, 19.305957552020594 ], [ -98.967217831032556, 19.305956034352374 ], [ -98.967222067739939, 19.305927698346125 ], [ -98.967224715495718, 19.305909985960412 ], [ -98.96722508674172, 19.305907500783078 ], [ -98.967235032762133, 19.305840972082759 ], [ -98.96726065094623, 19.305669607272883 ], [ -98.96729786238474, 19.305420695420544 ], [ -98.967450999316313, 19.304396344116014 ], [ -98.967547578368396, 19.303750308187954 ], [ -98.96754880294732, 19.303742116443342 ], [ -98.967550766709024, 19.303728973316812 ], [ -98.967567461942124, 19.303617302570771 ], [ -98.967569711487045, 19.303602254261879 ], [ -98.967581295560876, 19.303524765148133 ], [ -98.967601867697724, 19.303387149664012 ], [ -98.967769006358097, 19.302269096881965 ], [ -98.967876762545444, 19.301548269015495 ], [ -98.967953016542467, 19.301038163465112 ], [ -98.968165512030993, 19.299616655976056 ], [ -98.9681741272951, 19.29955902131433 ], [ -98.968203900012981, 19.29935984479695 ], [ -98.968205034731824, 19.299352256544552 ], [ -98.968217575690218, 19.299268362008657 ], [ -98.968227834752184, 19.299199731621496 ], [ -98.96822868578937, 19.299194040433072 ], [ -98.968231489042594, 19.299175290214524 ], [ -98.96823374172574, 19.299160223011484 ], [ -98.968234534529927, 19.299154918454448 ], [ -98.968234667037336, 19.299154067591864 ], [ -98.968234699438668, 19.299153855314703 ], [ -98.968234798570691, 19.299153217615796 ], [ -98.96823502306917, 19.299151749750678 ], [ -98.96823512031358, 19.299151111107808 ], [ -98.968235284651684, 19.299150030741174 ], [ -98.968235548565389, 19.299148292750893 ], [ -98.968236326258634, 19.299143195381745 ], [ -98.968236330779931, 19.299143163759847 ], [ -98.968238886712172, 19.299126391975424 ], [ -98.968241528695785, 19.299109055621916 ], [ -98.968245289455467, 19.299084375338669 ], [ -98.968246513222354, 19.299076344899376 ], [ -98.968246893157072, 19.299073853571816 ], [ -98.968249476113655, 19.299056896585771 ], [ -98.968252066633966, 19.299039899884566 ], [ -98.968258459231549, 19.298997952815686 ], [ -98.968258706215053, 19.298996332275564 ], [ -98.968263364490241, 19.298965758780472 ], [ -98.968265298953412, 19.2989530681693 ], [ -98.968267574459475, 19.298938132808789 ], [ -98.968269524595144, 19.298925338314007 ], [ -98.968276862716536, 19.298877184591795 ], [ -98.968293085642102, 19.298770729361511 ], [ -98.968293649965574, 19.298767028502411 ], [ -98.968306372614208, 19.298683540868474 ], [ -98.968320782818992, 19.298588978646197 ], [ -98.968335118144765, 19.298494906928479 ], [ -98.96840163812692, 19.298058379242324 ], [ -98.968408967253524, 19.298010282466088 ], [ -98.968488051686194, 19.297491298126786 ], [ -98.968502024698239, 19.297399602217084 ], [ -98.96857613376956, 19.296913278301844 ], [ -98.968657440466473, 19.296379717882306 ], [ -98.968722541508697, 19.295952482537544 ], [ -98.968744127108792, 19.295810820232624 ], [ -98.968782292094645, 19.295560371662411 ], [ -98.968828315536271, 19.29525834786633 ], [ -98.968903362561818, 19.294765837289557 ], [ -98.968907902142107, 19.294736038956376 ], [ -98.96890828663409, 19.294733513301008 ], [ -98.968908478839737, 19.294732252284632 ], [ -98.968908671105908, 19.294730988551301 ], [ -98.968918306380573, 19.294667757929258 ], [ -98.968984823880135, 19.294231218357925 ], [ -98.968997709583888, 19.294146669762771 ], [ -98.969028332959908, 19.293945696596385 ], [ -98.969035014378363, 19.293901856427354 ], [ -98.969062690416237, 19.293720238503894 ], [ -98.969086765166026, 19.293562277378893 ], [ -98.969151126960867, 19.293139838781379 ], [ -98.969174849173598, 19.292984159406426 ], [ -98.969186837743948, 19.292905479643061 ], [ -98.969237625473824, 19.29257217879519 ], [ -98.969273098021418, 19.292339377982486 ], [ -98.969321788320968, 19.292019820149587 ], [ -98.969405455988436, 19.291470729131326 ], [ -98.969443618682789, 19.291220275315908 ], [ -98.969488081620966, 19.290928468285742 ], [ -98.969569499730767, 19.290394128807534 ], [ -98.969588583903956, 19.290268869471845 ], [ -98.969599472361878, 19.290197409132197 ], [ -98.969644152288936, 19.289904183342134 ], [ -98.969754983988381, 19.289176816844154 ], [ -98.970192916599942, 19.286302677910268 ], [ -98.97027023255653, 19.28579524031484 ], [ -98.971423231613102, 19.278363792164647 ], [ -98.971737892007795, 19.276626552018953 ], [ -98.973355291399017, 19.267696254413035 ], [ -98.974909921158655, 19.259487625975819 ], [ -98.975405501349996, 19.257532107158646 ], [ -98.976522980330529, 19.253122487633352 ], [ -98.965979232793842, 19.249938108570625 ], [ -98.967960153213497, 19.236433431484294 ], [ -98.968578862337665, 19.23221506260607 ], [ -98.968359032575464, 19.232144732860128 ], [ -98.967912662572672, 19.232001932649663 ], [ -98.967911918161718, 19.232001694821669 ], [ -98.967911670024776, 19.232001615545673 ], [ -98.967910678430286, 19.232001298460812 ], [ -98.967867902939403, 19.231987602165692 ], [ -98.966203625309589, 19.231455127825086 ], [ -98.966126442863697, 19.231430432903924 ], [ -98.965234406719716, 19.231145026054563 ], [ -98.964036552892196, 19.230761764006996 ], [ -98.962475204071723, 19.230262193392175 ], [ -98.962127403726385, 19.230150893275869 ], [ -98.960409124552029, 19.229601082900587 ], [ -98.958639845091085, 19.229034933187901 ], [ -98.956368202958942, 19.228307982708536 ], [ -98.956105505393865, 19.228223913847469 ], [ -98.955866375653514, 19.228147393829467 ], [ -98.955682173695209, 19.228088445875319 ], [ -98.955401552627436, 19.227998641761491 ], [ -98.955401523275469, 19.227998632109536 ], [ -98.95496885452981, 19.227860167951434 ], [ -98.953642004526003, 19.227435540956268 ], [ -98.952864355010036, 19.227186665294873 ], [ -98.952677577883264, 19.227126888891895 ], [ -98.952252526718979, 19.226990853870127 ], [ -98.952230574094528, 19.226983828577399 ], [ -98.951432933575617, 19.226728552404317 ], [ -98.951320455884883, 19.226692554188492 ], [ -98.951003735991492, 19.226591189832348 ], [ -98.950321904979702, 19.226372969248523 ], [ -98.950320919146733, 19.226372653977002 ], [ -98.950196281604391, 19.226332763532568 ], [ -98.950120382420565, 19.226308471436795 ], [ -98.950072551345414, 19.22629316402184 ], [ -98.950047485221873, 19.226285141423784 ], [ -98.950013723758715, 19.226274335675352 ], [ -98.950004263236337, 19.22627130785105 ], [ -98.949983811852817, 19.226264761939753 ], [ -98.949982661252974, 19.226264393507073 ], [ -98.949976426220729, 19.226262397550649 ], [ -98.94997352272307, 19.226261468222329 ], [ -98.949971088946128, 19.226260688814264 ], [ -98.949963733598722, 19.226258335002409 ], [ -98.949962845314005, 19.226258050691417 ], [ -98.949954867790353, 19.226255497672632 ], [ -98.949951570333667, 19.22625444260434 ], [ -98.949946787994222, 19.226252911783114 ], [ -98.949946707506584, 19.226252885694912 ], [ -98.949418594353432, 19.226083860371151 ], [ -98.948589933368922, 19.225818635044906 ], [ -98.94810821193208, 19.225664451782976 ], [ -98.947637106362308, 19.225513665321252 ], [ -98.947628078724037, 19.225510775659288 ], [ -98.947614326567745, 19.225506373485075 ], [ -98.947145421110534, 19.225356284112511 ], [ -98.947104323844968, 19.225343127786374 ], [ -98.946999532285616, 19.225309585758289 ], [ -98.946636037905478, 19.225193234190527 ], [ -98.945919668396527, 19.224963934207839 ], [ -98.945762728271376, 19.22495142455805 ], [ -98.945235738073521, 19.224909394035386 ], [ -98.944752378125884, 19.224617394370156 ], [ -98.944151698316759, 19.224426333955861 ], [ -98.942941869046891, 19.224073804677605 ], [ -98.940295179983224, 19.223236764971951 ], [ -98.941851208755708, 19.217964715826707 ], [ -98.942545579437265, 19.215611976094191 ], [ -98.950901727369242, 19.218127775890018 ], [ -98.951077897258443, 19.218180825800523 ], [ -98.952146936355803, 19.216596135914546 ], [ -98.952384806248773, 19.216243535730023 ], [ -98.953267506793296, 19.215493085927168 ], [ -98.952887036053156, 19.215267056759814 ], [ -98.953275466766712, 19.215352866461224 ], [ -98.953624827416348, 19.215430058046504 ], [ -98.953651193105884, 19.215435882915717 ], [ -98.953664106415118, 19.215438736455837 ], [ -98.953669327266979, 19.215423713629914 ], [ -98.953712106847917, 19.215300632371783 ], [ -98.953828876354891, 19.214964669463907 ], [ -98.953833915782809, 19.214950166641103 ], [ -98.953940696190543, 19.214642966626254 ], [ -98.955272061063724, 19.214828563640186 ], [ -98.955300075640636, 19.214832469074558 ], [ -98.955341921628701, 19.214838302378169 ], [ -98.955701255919692, 19.21488839288833 ], [ -98.95652431901469, 19.215003121717494 ], [ -98.956791527855984, 19.215040368883642 ], [ -98.95690120588857, 19.215055656087802 ], [ -98.957453635142812, 19.215132656118584 ], [ -98.958401563678521, 19.214866103550861 ], [ -98.958441834923406, 19.214854779301117 ], [ -98.958673482972685, 19.214789640395928 ], [ -98.959097492981471, 19.214670405942385 ], [ -98.959124986301589, 19.214662674546162 ], [ -98.959193759381634, 19.214643336416799 ], [ -98.959219104809833, 19.214636209516275 ], [ -98.959283657003382, 19.214618057419596 ], [ -98.959479534293635, 19.214562976175195 ], [ -98.959673468923313, 19.214508441728952 ], [ -98.960022204981968, 19.214410376329578 ], [ -98.960022524563939, 19.21441028673107 ], [ -98.959951611515777, 19.214275483881497 ], [ -98.959737244787689, 19.213867976609269 ], [ -98.959738410662553, 19.21386808434761 ], [ -98.960014320147778, 19.213893510306768 ], [ -98.961121774515533, 19.213995566774546 ], [ -98.962534434420022, 19.214125746910302 ], [ -98.962575324125254, 19.214129516868635 ], [ -98.962582333720732, 19.214130162549345 ], [ -98.962686404148627, 19.214139746394018 ], [ -98.963473740122581, 19.213111830505657 ], [ -98.963526912769424, 19.213042409124686 ], [ -98.963527703501256, 19.213041376807315 ], [ -98.964303923912041, 19.213236366720803 ], [ -98.964646303466253, 19.21304456678617 ], [ -98.966790273183847, 19.211843566543021 ], [ -98.967149133291684, 19.211642537161648 ], [ -98.967251073275008, 19.211500097480354 ], [ -98.967270472672126, 19.211472997029379 ], [ -98.967546043116045, 19.211087978213552 ], [ -98.967821633235999, 19.210702947719287 ], [ -98.968059153133851, 19.210596137232653 ], [ -98.968095416824681, 19.210593940211837 ], [ -98.968432722532739, 19.210573497431 ], [ -98.968511773127773, 19.210568712363322 ], [ -98.968520272282163, 19.210568197224934 ], [ -98.968569932389698, 19.210586177152113 ], [ -98.968918412387154, 19.210709567430747 ], [ -98.969232572438159, 19.210847947641199 ], [ -98.969465491947503, 19.210971297631712 ], [ -98.96975341278042, 19.211179686958769 ], [ -98.969923032442068, 19.211252336997514 ], [ -98.969970122001186, 19.211272497207659 ], [ -98.971008372041993, 19.211713197385698 ], [ -98.971287870987851, 19.211861746930971 ], [ -98.971489348803857, 19.211968255899439 ], [ -98.971490131189455, 19.211968668416638 ], [ -98.971698491031987, 19.212127347545877 ], [ -98.971962750935035, 19.212323597248833 ], [ -98.972216612093263, 19.21250802686875 ], [ -98.972420920454454, 19.212692536714979 ], [ -98.972820060810619, 19.213167657353917 ], [ -98.973051381247402, 19.213451578105367 ], [ -98.973055862003889, 19.213457701804938 ], [ -98.973169165888862, 19.213612630182549 ], [ -98.973169186257124, 19.213612657770444 ], [ -98.973169204698792, 19.213612686225744 ], [ -98.973205030941386, 19.213661627384525 ], [ -98.973324610378867, 19.21381960783787 ], [ -98.97361375104866, 19.214080038129161 ], [ -98.973708951559004, 19.214124916668872 ], [ -98.974125068195988, 19.214332233404278 ], [ -98.974236665333265, 19.214387832837847 ], [ -98.974341889877962, 19.214440257634049 ], [ -98.974494440856446, 19.214480317490462 ], [ -98.974949931101833, 19.214582469008242 ], [ -98.975000939094528, 19.214588125305646 ], [ -98.97500266104548, 19.214588316548141 ], [ -98.977802566904884, 19.215064726318726 ], [ -98.977802666657738, 19.215064743717583 ], [ -98.977889028495412, 19.215079437376751 ], [ -98.977894488471421, 19.215079135370619 ], [ -98.978132141530281, 19.215065992644849 ], [ -98.978142380646418, 19.215065426626527 ], [ -98.978145463649724, 19.215068020570445 ], [ -98.978219168571002, 19.215130023030785 ], [ -98.978221794672763, 19.215132233655346 ], [ -98.978221901418266, 19.215132322766728 ], [ -98.978316325252251, 19.215211755230094 ], [ -98.978870820360953, 19.215678205342151 ], [ -98.978884139292688, 19.215689410765645 ], [ -98.978884173008439, 19.215689438619979 ], [ -98.978897422684682, 19.215700584673286 ], [ -98.97969391960136, 19.21637060297811 ], [ -98.979704760427651, 19.216379723003584 ], [ -98.97971517905205, 19.216388485776466 ], [ -98.981663710090757, 19.218027559876081 ], [ -98.981698719213071, 19.218057008660598 ], [ -98.981737299311945, 19.218089460611957 ], [ -98.981942145981037, 19.21826177091787 ], [ -98.981959894978473, 19.218276700391872 ], [ -98.981975591657786, 19.218289903695808 ], [ -98.98218773160545, 19.218468348087779 ], [ -98.982207291405558, 19.218484801367296 ], [ -98.982229412887904, 19.218503408652506 ], [ -98.982384972266729, 19.218634252665566 ], [ -98.982446407452542, 19.218685923423944 ], [ -98.9824632156798, 19.218700057606899 ], [ -98.982481763498043, 19.218715656210254 ], [ -98.982698261247663, 19.218897724034814 ], [ -98.982722480221568, 19.218918091837853 ], [ -98.98274392124631, 19.218936122835089 ], [ -98.982955601558459, 19.21911413758475 ], [ -98.98297512979336, 19.21913056024518 ], [ -98.982992181538052, 19.219144900370804 ], [ -98.983173699767704, 19.21929754955222 ], [ -98.983204581565118, 19.21932351989096 ], [ -98.983234714343439, 19.219348860089145 ], [ -98.983466272586384, 19.219543590094833 ], [ -98.983498128272799, 19.219570378015764 ], [ -98.983529177768702, 19.219596490261299 ], [ -98.983796511051068, 19.219821304102936 ], [ -98.983833933180691, 19.219852772987267 ], [ -98.983866177539056, 19.219879889323252 ], [ -98.984251323577951, 19.220203775136628 ], [ -98.98426207706656, 19.220212817922164 ], [ -98.984293324416512, 19.220239096149189 ], [ -98.984310196609528, 19.22025328759398 ], [ -98.985711377209554, 19.221431776165694 ], [ -98.988226256376805, 19.223701885360647 ], [ -98.990551026153355, 19.225775464178962 ], [ -98.991065926024973, 19.225591794473278 ], [ -98.991229607046051, 19.224786884432159 ], [ -98.991817546668415, 19.224834957985433 ], [ -98.99186034712406, 19.224838454547186 ], [ -98.99254308669434, 19.224889225144569 ], [ -98.993255126950743, 19.224941964223781 ], [ -98.993255137725143, 19.224942037823801 ], [ -98.993330839829639, 19.225444163882983 ], [ -98.993330850604139, 19.225444237483057 ], [ -98.99339996770307, 19.225902665206636 ], [ -98.993399977524248, 19.225902738787706 ], [ -98.993451455837047, 19.226244194026894 ], [ -98.993451467565038, 19.226244267646003 ], [ -98.993464325578941, 19.226329563067392 ], [ -98.993464336353568, 19.226329636667483 ], [ -98.993472677759925, 19.226384964260603 ], [ -98.993472689487916, 19.226385037879691 ], [ -98.993494915749324, 19.226532464545027 ], [ -98.993494925570616, 19.226532538126197 ], [ -98.993545083006012, 19.226865194523146 ], [ -98.993545093760758, 19.22686526902892 ], [ -98.993554425704431, 19.226927144977619 ], [ -98.993554446072721, 19.226927216050886 ], [ -98.993611444241779, 19.227115801545683 ], [ -98.993611463656819, 19.227115872599928 ], [ -98.993668084504705, 19.22730319488841 ], [ -98.99366810296641, 19.227303265923634 ], [ -98.993717766619156, 19.227467573296451 ], [ -98.994196566137404, 19.227423144442717 ], [ -98.994386776748584, 19.227445033360031 ], [ -98.995255133104848, 19.227511944439375 ], [ -98.995255237815655, 19.227511953771472 ], [ -98.99525625564911, 19.227512033825892 ], [ -98.995411038113915, 19.226459793650417 ], [ -98.995415165056997, 19.226431733796225 ], [ -98.995434525380006, 19.226239464913331 ], [ -98.99578322595795, 19.225035604361995 ], [ -98.995783319740582, 19.225035633408137 ], [ -98.995784233219638, 19.225035903452831 ], [ -98.996059268260396, 19.225117167378446 ], [ -98.99636860521862, 19.225208545593723 ], [ -98.996368586620491, 19.225208610455173 ], [ -98.996348097423166, 19.225279515291856 ], [ -98.996172945952395, 19.225885884143409 ], [ -98.996172969287073, 19.22588590725757 ], [ -98.996261796105486, 19.22597428496487 ], [ -98.996420945584248, 19.226187515224719 ], [ -98.996673405597633, 19.226323493990552 ], [ -98.997055514146311, 19.226420634760238 ], [ -98.99743204623681, 19.22648169931248 ], [ -98.997455945547074, 19.22648557394519 ], [ -98.997455943930177, 19.226485647298581 ], [ -98.99743939524771, 19.227181573913885 ], [ -98.997226084472885, 19.227307803462715 ], [ -98.997169365126837, 19.227469683691368 ], [ -98.997169399388241, 19.227469687090839 ], [ -98.997285191427935, 19.227476767591135 ], [ -98.997285294312022, 19.227476773261497 ], [ -98.998139724478008, 19.227529023454682 ], [ -98.998787915164101, 19.227685364564028 ], [ -98.998856283784008, 19.2277018538596 ], [ -98.999014634934682, 19.227354163413935 ], [ -98.99956482491487, 19.227556623249392 ], [ -98.999661902882181, 19.22729146633452 ], [ -98.999666175200375, 19.227279804119853 ], [ -98.999839254772951, 19.226781034984089 ], [ -99.0007580841297, 19.226991493737238 ], [ -99.000804208379705, 19.22700304918742 ], [ -99.002207433338455, 19.227354544469517 ], [ -99.0026899380495, 19.227489232095017 ], [ -99.002982947331816, 19.227571020625192 ], [ -99.00312132512623, 19.227057201578859 ], [ -99.003121343781089, 19.227057133999661 ], [ -99.000088469983211, 19.226389945982799 ], [ -99.000095552006385, 19.226320038016812 ], [ -99.000096090621028, 19.226314766778263 ], [ -99.000096095076628, 19.226314694387284 ], [ -99.001480164930655, 19.226195484603636 ], [ -99.003009439938438, 19.226056459811346 ], [ -99.003011362781677, 19.226056285076428 ], [ -99.00391864562917, 19.225973812420794 ], [ -99.003962833729446, 19.22596979522497 ], [ -99.003995182783825, 19.225966854029434 ], [ -99.004888462266265, 19.225885624262965 ], [ -99.005521871583383, 19.225828028024257 ], [ -99.00573108250488, 19.225809004313092 ], [ -99.007066988271063, 19.225687524404375 ], [ -99.007142920155871, 19.225680619469529 ], [ -99.008887313039111, 19.225521975212796 ], [ -99.009666412384291, 19.225452631005592 ], [ -99.01159674175274, 19.225280825247303 ], [ -99.012486561234013, 19.225201605014718 ], [ -99.017475660954815, 19.224757365473831 ], [ -99.017781940095588, 19.224730084935938 ], [ -99.01799897947825, 19.224710847443728 ], [ -99.01854579931053, 19.224662369142418 ], [ -99.019616520263966, 19.22456743475156 ], [ -99.021730659557605, 19.224379965437162 ], [ -99.022996229159517, 19.2242677452906 ], [ -99.025320057309074, 19.224061765631539 ], [ -99.026266228778198, 19.223977885421345 ], [ -99.030185367441007, 19.223629964798132 ], [ -99.027897162325957, 19.226326421021035 ], [ -99.018196359745716, 19.237673448448106 ], [ -99.017853399489226, 19.238225708486031 ], [ -99.01774532803978, 19.238493241296609 ], [ -99.017741492560788, 19.238502738372429 ], [ -99.017727260229549, 19.238537970785242 ], [ -99.017664436230447, 19.2386006918615 ], [ -99.017653254814945, 19.238611854927459 ], [ -99.017639987487115, 19.238625100461537 ], [ -99.017227685818455, 19.239036723462476 ], [ -99.017221294450977, 19.239043104115741 ], [ -99.016999767809139, 19.239264265436894 ], [ -99.016999706392781, 19.239264325831748 ], [ -99.016772119195608, 19.239491536134867 ], [ -99.016766652231212, 19.239496995511598 ], [ -99.016679390972271, 19.239584110486103 ], [ -99.016669219219935, 19.239594460827607 ], [ -99.016656195726242, 19.239607713830605 ], [ -99.016644493223197, 19.239619622149998 ], [ -99.016466300726435, 19.23980095045976 ], [ -99.016460740681737, 19.239806608215716 ], [ -99.015734919892211, 19.240545190334288 ], [ -99.015687329776796, 19.240617992234228 ], [ -99.015609710389214, 19.24073673122756 ], [ -99.015550490026058, 19.240789571280406 ], [ -99.015482171251563, 19.240854090180715 ], [ -99.015407120638471, 19.240986571468088 ], [ -99.015398054942366, 19.241012821385052 ], [ -99.015274509654688, 19.241370570377143 ], [ -99.015055891010675, 19.241854280226601 ], [ -99.014975001587402, 19.242095400551889 ], [ -99.014946970022152, 19.242251940940253 ], [ -99.014927190667848, 19.242456740891409 ], [ -99.014841921590374, 19.242603450143498 ], [ -99.014631511410229, 19.242918570958171 ], [ -99.014523609421232, 19.243148234384595 ], [ -99.014441574082156, 19.243322840109577 ], [ -99.014388415253492, 19.243435985995465 ], [ -99.014361125441468, 19.243494068798068 ], [ -99.014320413689532, 19.243580723567064 ], [ -99.014295491156901, 19.243633769560464 ], [ -99.014166760551731, 19.244000759996009 ], [ -99.014145097836604, 19.244082067321457 ], [ -99.014140398921072, 19.24409968961751 ], [ -99.014105189986836, 19.244232419676671 ], [ -99.01406574139699, 19.244349940956255 ], [ -99.014055047933581, 19.244392417078998 ], [ -99.014048707349616, 19.244417609249204 ], [ -99.014014540879614, 19.244553340733727 ], [ -99.01398782011465, 19.24467743047364 ], [ -99.013964170594946, 19.244847740437809 ], [ -99.013949890402998, 19.244915450542173 ], [ -99.013909260155756, 19.245108259823432 ], [ -99.012819790482553, 19.244804289979395 ], [ -99.012557620690131, 19.244731140908854 ], [ -99.012467661088635, 19.245011400453738 ], [ -99.012701761195089, 19.245139630685028 ], [ -99.012460391024547, 19.245928789711684 ], [ -99.01238928150228, 19.246119999134514 ], [ -99.012377420907754, 19.246353938922191 ], [ -99.012288371205329, 19.246510989131629 ], [ -99.011183721347777, 19.246049890359785 ], [ -99.011124291134806, 19.246128539058269 ], [ -99.011137760999077, 19.246201279518186 ], [ -99.011115111974391, 19.246525430379837 ], [ -99.011064761393257, 19.2467191595067 ], [ -99.010813721582267, 19.247002649887353 ], [ -99.010618400857922, 19.247000188872029 ], [ -99.010503141824529, 19.247069568841265 ], [ -99.010451721109888, 19.247140079603536 ], [ -99.010344321968802, 19.247317939091882 ], [ -99.010129792556626, 19.247663110030192 ], [ -99.009796591702113, 19.248261658887657 ], [ -99.009762791779067, 19.248480129310156 ], [ -99.009760327785514, 19.248491034241873 ], [ -99.009707061037062, 19.24872682997184 ], [ -99.009592821244382, 19.249067988302127 ], [ -99.009500691097671, 19.249359019816758 ], [ -99.009497432727898, 19.2493687384484 ], [ -99.009494402702018, 19.249377789338368 ], [ -99.009344511930792, 19.249691629186685 ], [ -99.009201232128248, 19.249992138361741 ], [ -99.009057601432829, 19.250294088384823 ], [ -99.008875251827348, 19.250672199541935 ], [ -99.008814313166127, 19.250675738014731 ], [ -99.008644892602732, 19.250764788131843 ], [ -99.008431021464034, 19.250690939511014 ], [ -99.008257321930529, 19.250725108423069 ], [ -99.007939262698258, 19.250543139720445 ], [ -99.007681883317176, 19.251021028454719 ], [ -99.00749789291514, 19.250776248663492 ], [ -99.00747827923314, 19.250811437460133 ], [ -99.007412866751224, 19.250928794990823 ], [ -99.007275893172164, 19.251174539431172 ], [ -99.007037113277917, 19.251602987729662 ], [ -99.007611062664779, 19.252166398109729 ], [ -99.007758893153323, 19.252312537941169 ], [ -99.00812283275576, 19.252714997770642 ], [ -99.008337192331098, 19.252941937874297 ], [ -99.008573512481746, 19.253192567653869 ], [ -99.009233142273033, 19.253923878013975 ], [ -99.009804652838596, 19.254485337510058 ], [ -99.009850312733633, 19.254530187457679 ], [ -99.010685722509322, 19.255338787036106 ], [ -99.010817622215896, 19.255463597300533 ], [ -99.011022142267436, 19.255601617025022 ], [ -99.01127999148234, 19.255726198447263 ], [ -99.01131660194973, 19.255644888145145 ], [ -99.011690661435281, 19.256008226699741 ], [ -99.011821341543168, 19.256241736677755 ], [ -99.011764062172588, 19.256657218294396 ], [ -99.011842821839934, 19.256772256537928 ], [ -99.011977761252737, 19.256958646982937 ], [ -99.012177371506368, 19.257224907463694 ], [ -99.012517561614473, 19.257629106493727 ], [ -99.012669880441081, 19.257784287096893 ], [ -99.012826390988209, 19.257944187533742 ], [ -99.012840725422649, 19.257956033817695 ], [ -99.012957091660169, 19.258052187470586 ], [ -99.013005308408651, 19.25808673675261 ], [ -99.013209510577411, 19.258233047630206 ], [ -99.01343572042569, 19.258370816647826 ], [ -99.013714720243854, 19.258493846441166 ], [ -99.013909091781585, 19.258576286478213 ], [ -99.014181880612796, 19.25870659663558 ], [ -99.014435311416847, 19.258807657552374 ], [ -99.014853400308425, 19.25899096625314 ], [ -99.015552690070749, 19.259335587151988 ], [ -99.015947759761389, 19.259549726616818 ], [ -99.016074800301354, 19.259676306737951 ], [ -99.016146400724466, 19.259747627095425 ], [ -99.016381160272189, 19.259891397417203 ], [ -99.016451869435016, 19.25992563808596 ], [ -99.016507459584474, 19.259952556463883 ], [ -99.016560910565062, 19.259977136681844 ], [ -99.016617180960523, 19.259996434276069 ], [ -99.016851777267235, 19.260076882044757 ], [ -99.016895185070439, 19.260091767653872 ], [ -99.01726463002683, 19.260218456044925 ], [ -99.01727843780553, 19.260222927333274 ], [ -99.017414390238486, 19.260266936766051 ], [ -99.017563570505274, 19.260319077107187 ], [ -99.017936970078495, 19.260455787437486 ], [ -99.018666430025235, 19.260740766386007 ], [ -99.018900118885043, 19.260829657187429 ], [ -99.018984109840133, 19.260861596662149 ], [ -99.019021466915873, 19.260875473394364 ], [ -99.019021866245225, 19.260875622618329 ], [ -99.019066619823235, 19.2608922456626 ], [ -99.019296690503552, 19.260973076884468 ], [ -99.019734920081362, 19.261147847295071 ], [ -99.019817689536595, 19.261026275637629 ], [ -99.020050119335792, 19.260961217468751 ], [ -99.020318678818455, 19.26091659614826 ], [ -99.020510560060345, 19.260931706078058 ], [ -99.020744738781445, 19.260954226282252 ], [ -99.021024628695173, 19.261014416377627 ], [ -99.021087369869221, 19.261027626432632 ], [ -99.02129253840998, 19.261066487177715 ], [ -99.021503988217233, 19.261112855672238 ], [ -99.02174687840278, 19.261170935600198 ], [ -99.022003938870057, 19.261236126059991 ], [ -99.022527859530641, 19.261369505782337 ], [ -99.022893288116151, 19.261457997313162 ], [ -99.024008968379363, 19.261744326893972 ], [ -99.024049588699143, 19.261754285610191 ], [ -99.024342939323375, 19.26181808714875 ], [ -99.024812678006782, 19.261929046968202 ], [ -99.025074418646994, 19.262006955357766 ], [ -99.025380937911308, 19.262081885759279 ], [ -99.025834567518032, 19.262202286599351 ], [ -99.026032108709046, 19.261940756493292 ], [ -99.02646481745505, 19.261765925514293 ], [ -99.026851847819103, 19.261757876089131 ], [ -99.027111626825032, 19.261935556652908 ], [ -99.027192888059986, 19.26183410675911 ], [ -99.02788822686631, 19.262219385999103 ], [ -99.029293086628698, 19.262371735683601 ], [ -99.029558187805776, 19.262481526626424 ], [ -99.029812657143893, 19.262592655471842 ], [ -99.030273277541312, 19.262938275950813 ], [ -99.030422787645591, 19.263141106196763 ], [ -99.030460416341015, 19.263248136069187 ], [ -99.030528217320139, 19.264165566500434 ], [ -99.030838276285664, 19.264634394930788 ], [ -99.031058256802538, 19.264929644889136 ], [ -99.032663245890362, 19.26668930509905 ], [ -99.033014226564092, 19.267114015056812 ], [ -99.033726186667394, 19.267700924208057 ], [ -99.034090297926227, 19.268117548136594 ], [ -99.03434869668726, 19.268413210891868 ], [ -99.034636286063176, 19.268742273954572 ], [ -99.035346120069377, 19.269791074574925 ], [ -99.035663855824282, 19.270260533767392 ], [ -99.035936026387532, 19.27063370340105 ], [ -99.036456246084455, 19.270973933898034 ], [ -99.037311784752873, 19.271702843883702 ], [ -99.037484315653145, 19.27175877712801 ], [ -99.037551265340994, 19.271779692681982 ], [ -99.038364014386929, 19.272033523300596 ], [ -99.038581795583454, 19.27212935310596 ], [ -99.03951999488298, 19.272647473468155 ], [ -99.040219674807432, 19.273053922906811 ], [ -99.040423554559311, 19.27325108346049 ], [ -99.041443764682441, 19.273777612971298 ], [ -99.045092383510635, 19.274861212478505 ], [ -99.047314612828288, 19.275595702950536 ], [ -99.04827930325429, 19.275975333029738 ], [ -99.050559592082635, 19.277500582526873 ], [ -99.050559968362961, 19.277500786487057 ], [ -99.052363931526784, 19.27847908185068 ], [ -99.053863212025774, 19.279082851522045 ], [ -99.054490651824111, 19.279364251876459 ], [ -99.054781411151069, 19.279423872280045 ], [ -99.055152011476352, 19.279455921635112 ], [ -99.056064990612839, 19.279453481583257 ], [ -99.056755280826337, 19.279497451555628 ], [ -99.057592670806187, 19.279625981550826 ], [ -99.058567750036133, 19.279906732113833 ], [ -99.059664960127591, 19.280282051534272 ], [ -99.064362508858181, 19.281989871290158 ], [ -99.064637449288611, 19.282110921174876 ], [ -99.068302948114805, 19.284436360464813 ], [ -99.068959078269998, 19.284952950711272 ], [ -99.068812948006837, 19.285120610731088 ], [ -99.068634347538904, 19.285325500470037 ], [ -99.06855307794055, 19.285418750759042 ], [ -99.068469498356819, 19.285515670064033 ], [ -99.068290558080335, 19.285723220318598 ], [ -99.068111278396032, 19.285931130781929 ], [ -99.068081478490072, 19.285961870693065 ], [ -99.067926378563911, 19.286122840562761 ], [ -99.067767107996332, 19.286288130008536 ], [ -99.067563838159046, 19.286499019890133 ], [ -99.067368617994106, 19.286699419804894 ], [ -99.067194178356644, 19.286878479721004 ], [ -99.067050038763782, 19.287026439776778 ], [ -99.067012548390949, 19.287063520199538 ], [ -99.066703078406334, 19.287369620064805 ], [ -99.066358208911211, 19.287710760051954 ], [ -99.066186128855207, 19.287880980173238 ], [ -99.066022588745611, 19.288042729579672 ], [ -99.065955378299122, 19.288109209985354 ], [ -99.065750698732373, 19.28831303963905 ], [ -99.065689528890701, 19.288373950037116 ], [ -99.065513638592108, 19.288549099643184 ], [ -99.065347508466402, 19.288714639805789 ], [ -99.065007158835513, 19.289058039727077 ], [ -99.06494074916472, 19.289125040012326 ], [ -99.06472294900756, 19.289344759423074 ], [ -99.064386158597969, 19.289684559735104 ], [ -99.064264988892049, 19.289806789276067 ], [ -99.064156899126814, 19.289916549316619 ], [ -99.063729079117422, 19.290350869612173 ], [ -99.063529588838435, 19.290554728949818 ], [ -99.063425379561863, 19.290661218887458 ], [ -99.063378759615588, 19.29070946940314 ], [ -99.063059979354165, 19.291039349321156 ], [ -99.062816039548039, 19.291291809534766 ], [ -99.062498649883977, 19.291644239200064 ], [ -99.062088469774736, 19.292101498765124 ], [ -99.061715949291809, 19.292516718945794 ], [ -99.061676239845738, 19.292560979146533 ], [ -99.061641255112917, 19.292627421809023 ], [ -99.061623989677443, 19.292660208570577 ], [ -99.061610179716538, 19.293066668417488 ], [ -99.061593639575861, 19.293553118196783 ], [ -99.061554379879283, 19.294089348058037 ], [ -99.061711479831061, 19.294216668543505 ], [ -99.061969929558018, 19.294422048537172 ], [ -99.062119709866792, 19.294819248691091 ], [ -99.062333439378065, 19.295651877861534 ], [ -99.062344809859809, 19.295692897954286 ], [ -99.062397239786819, 19.295899527915367 ], [ -99.06244749985197, 19.296097357731057 ], [ -99.062504439608361, 19.296321518014949 ], [ -99.062586819241773, 19.296711637769612 ], [ -99.062601819865435, 19.296831747798603 ], [ -99.062612749558951, 19.296988618167337 ], [ -99.062634499777474, 19.297301097439188 ], [ -99.062794709696377, 19.297603277621153 ], [ -99.062959679558091, 19.297823117759794 ], [ -99.063391589445317, 19.298398647322685 ], [ -99.063595349001133, 19.298670157289518 ], [ -99.063937759402307, 19.299477746923341 ], [ -99.064376618794981, 19.300509476718418 ], [ -99.064414448819335, 19.300601977244344 ], [ -99.064579328889039, 19.301083746773358 ], [ -99.064769758899345, 19.301640177035623 ], [ -99.064492778772788, 19.302517526176526 ], [ -99.064482438874222, 19.302546916412016 ], [ -99.06434037896787, 19.302960266081005 ], [ -99.064165498854848, 19.303477116655522 ], [ -99.064024979036446, 19.303876046486216 ], [ -99.063823479059039, 19.304449125918879 ], [ -99.063709128876241, 19.304773345613846 ], [ -99.063427386651696, 19.305580574482011 ], [ -99.063417577976139, 19.305608675783063 ], [ -99.06339195915632, 19.305682075776819 ], [ -99.062656219105719, 19.305437875728607 ], [ -99.06087787984859, 19.304855316165085 ], [ -99.060478869993275, 19.304687296483362 ], [ -99.059863620089516, 19.304437746237266 ], [ -99.058394610082374, 19.306252666123672 ], [ -99.056922420592855, 19.308053605223666 ], [ -99.056194761335917, 19.308947945077978 ], [ -99.056089820647983, 19.309076925225924 ], [ -99.055762981361411, 19.309476784598569 ], [ -99.055472301189852, 19.309828524577092 ], [ -99.055341130697428, 19.309991605069943 ], [ -99.055180881035582, 19.310190844476352 ], [ -99.055127670963998, 19.310254325022697 ], [ -99.05489173095809, 19.310535814328894 ], [ -99.054648131693583, 19.310840264388254 ], [ -99.054439981171029, 19.311077184307265 ], [ -99.054200411441599, 19.311351584510202 ], [ -99.054177611667086, 19.311378354751607 ], [ -99.053987761263585, 19.311601124850128 ], [ -99.053972871821458, 19.311618605319701 ], [ -99.053774931472617, 19.311856944211815 ], [ -99.052255651729794, 19.310757614889908 ], [ -99.05206309437169, 19.311004227386537 ], [ -99.052042380945068, 19.31103075532609 ], [ -99.050924838980237, 19.312394105961857 ], [ -99.050879272605926, 19.312449694839827 ], [ -99.050662013320405, 19.312689374357085 ], [ -99.050421901339448, 19.312954263897559 ], [ -99.050306681777698, 19.312882784017582 ], [ -99.050301901685117, 19.312879814775364 ], [ -99.049607555099954, 19.312416351145263 ], [ -99.049378762740076, 19.312263635734677 ], [ -99.048859991841184, 19.311881114486479 ], [ -99.048853421594302, 19.311889275818075 ], [ -99.048409764281516, 19.312439732084194 ], [ -99.048120792301162, 19.312798265027077 ], [ -99.047676582703517, 19.313374530488236 ], [ -99.047503579082232, 19.313598962592213 ], [ -99.047091744409556, 19.314133220573197 ], [ -99.046680932754796, 19.314666145048129 ], [ -99.046610071904524, 19.314873583992561 ], [ -99.046306783831966, 19.314521673771928 ], [ -99.046128442278032, 19.314332413391149 ], [ -99.045926332328946, 19.314168745040242 ], [ -99.045802612089162, 19.314029544342183 ], [ -99.045696472090313, 19.31388857534278 ], [ -99.045643452834128, 19.313818175174028 ], [ -99.045605853595816, 19.313773944281504 ], [ -99.045420763268581, 19.313556203572634 ], [ -99.045261623614905, 19.313373973999209 ], [ -99.044926852476365, 19.312858414770442 ], [ -99.044830503991605, 19.312774353805306 ], [ -99.044828652462641, 19.312776553783291 ], [ -99.044668784065479, 19.3129681749067 ], [ -99.044584582487602, 19.312907614117066 ], [ -99.043604853454937, 19.3122048351693 ], [ -99.043497182842827, 19.312335094899939 ], [ -99.043261844425047, 19.312619804675638 ], [ -99.043020534350191, 19.312911723849055 ], [ -99.042798933675542, 19.313179803687028 ], [ -99.042774134688415, 19.313209784186459 ], [ -99.042634243047132, 19.313379033704308 ], [ -99.042599183688026, 19.313421434985109 ], [ -99.042516453951364, 19.313521513568507 ], [ -99.04238699471081, 19.313678124416466 ], [ -99.042223353347637, 19.313876094377914 ], [ -99.042176684767455, 19.313932543556341 ], [ -99.04197799303914, 19.314172893877402 ], [ -99.041945214636328, 19.314212554430021 ], [ -99.041771934901519, 19.314413494797527 ], [ -99.041701704905222, 19.314336204219952 ], [ -99.040737934792659, 19.315154473959272 ], [ -99.040434824353653, 19.315411833613556 ], [ -99.040095365103227, 19.315123783586554 ], [ -99.040044665759964, 19.31508076235674 ], [ -99.039862508483907, 19.314926188608311 ], [ -99.039747274778819, 19.314828403850282 ], [ -99.039577564913174, 19.31468438404341 ], [ -99.039505215302782, 19.314744773468615 ], [ -99.039372314665599, 19.314902873960534 ], [ -99.039348255210115, 19.314931493947181 ], [ -99.039310365557114, 19.314976573647581 ], [ -99.039287584961656, 19.315011513247345 ], [ -99.039234795530504, 19.315092433621945 ], [ -99.039218480076656, 19.31511745058658 ], [ -99.039148315229482, 19.315225033416986 ], [ -99.039101731291808, 19.315296467311924 ], [ -99.039026315394679, 19.315412113699292 ], [ -99.038968747020945, 19.315485528585938 ], [ -99.038845155260077, 19.315643143478681 ], [ -99.038785190241271, 19.315683033382857 ], [ -99.03872522516771, 19.315722924170789 ], [ -99.034908735817567, 19.316800973620012 ], [ -99.025968618735632, 19.319330982899139 ], [ -99.025953478704892, 19.319335262363083 ], [ -99.018732090134378, 19.321624202356308 ], [ -99.009441372373047, 19.324566891465128 ], [ -99.007543373049984, 19.325167982466322 ], [ -99.001346653377425, 19.327130720976289 ], [ -99.001346069827036, 19.32713069398843 ], [ -98.997963795289408, 19.326974381676344 ], [ -98.992932656072227, 19.326741751035016 ], [ -98.989385527172232, 19.326577660535786 ], [ -98.98652705827601, 19.326445341333947 ], [ -98.980884949509999, 19.326184581258868 ], [ -98.979860579693138, 19.326136670749769 ], [ -98.979559780081701, 19.325784121512452 ], [ -98.980079736247305, 19.325218933201118 ], [ -98.980284569937112, 19.324996278330115 ], [ -98.980599689090297, 19.324653741675604 ], [ -98.980256719327201, 19.324187181436539 ], [ -98.980186799934813, 19.324143891042436 ], [ -98.979700350120368, 19.324027001822945 ], [ -98.979331719868767, 19.323959041578856 ], [ -98.97892012964175, 19.323927631359492 ], [ -98.978797544331982, 19.323918274205585 ] ] ] } },
{ "type": "Feature", "properties": { "CVEGEO": "09012", "alcaldia": "Tlalpan" }, "geometry": { "type": "Polygon", "coordinates": [ [ [ -99.196703326790285, 19.302402066747756 ], [ -99.196278376973311, 19.302275267223123 ], [ -99.19594584625068, 19.302196066463043 ], [ -99.195459159573062, 19.302105488431856 ], [ -99.195425726540435, 19.302099266426328 ], [ -99.195388044047135, 19.302094389812993 ], [ -99.195267440664026, 19.302078782414732 ], [ -99.19521834481975, 19.302072429874745 ], [ -99.195112329829911, 19.302058710559624 ], [ -99.195061606531695, 19.302052146535402 ], [ -99.195045272893282, 19.302050068247219 ], [ -99.195043946848983, 19.302049955733906 ], [ -99.195023130394787, 19.302048181979682 ], [ -99.19482751740891, 19.302031517305871 ], [ -99.194460116682748, 19.302009927282992 ], [ -99.194013317217383, 19.302010406783261 ], [ -99.193443437107931, 19.302045516694854 ], [ -99.192926527234746, 19.302102556804961 ], [ -99.191576728206712, 19.302251467246649 ], [ -99.189556188216841, 19.302474876953667 ], [ -99.188275298177132, 19.302619757142441 ], [ -99.188071878527381, 19.302643496810798 ], [ -99.186239269199149, 19.302836496607892 ], [ -99.185973819351148, 19.302862666720582 ], [ -99.185753039162222, 19.302886416885205 ], [ -99.184180929372005, 19.303067406558721 ], [ -99.183640129235869, 19.30312678662121 ], [ -99.183200410166037, 19.303174356778136 ], [ -99.18281589981359, 19.30321946623949 ], [ -99.182341330081798, 19.303276636742499 ], [ -99.181422330560423, 19.303362266670579 ], [ -99.181253640135608, 19.303371846771629 ], [ -99.180653270487412, 19.303407756699752 ], [ -99.180359580668323, 19.303422406694683 ], [ -99.179875790760363, 19.30343464654948 ], [ -99.17939893091463, 19.30343734669859 ], [ -99.17927984046608, 19.303437446670831 ], [ -99.178547920599854, 19.303412276159015 ], [ -99.177388550664105, 19.303333554476662 ], [ -99.177316281579124, 19.30332864671556 ], [ -99.17712489288219, 19.303312729350878 ], [ -99.177124580689636, 19.303312689992062 ], [ -99.177107851614366, 19.303310586965416 ], [ -99.176791301395326, 19.303269916826679 ], [ -99.176766265400786, 19.303265733126043 ], [ -99.176541681324665, 19.30322820672087 ], [ -99.17588050147306, 19.303144666699875 ], [ -99.17528015195326, 19.303058316501883 ], [ -99.174650271652808, 19.302977666884832 ], [ -99.174043611650006, 19.302891326903644 ], [ -99.173408522406945, 19.302808006882184 ], [ -99.172860562155293, 19.302727647012915 ], [ -99.172219152266052, 19.302638346945347 ], [ -99.171671992430845, 19.302562746359797 ], [ -99.171654332236244, 19.302560546464822 ], [ -99.1714855031002, 19.302539553715892 ], [ -99.17148529655141, 19.302539528102539 ], [ -99.171485235632289, 19.302539520619323 ], [ -99.17148505287507, 19.302539498169619 ], [ -99.17147273811463, 19.302537965548204 ], [ -99.17146784287398, 19.302537355610593 ], [ -99.171467669618266, 19.302537335150962 ], [ -99.171467612533718, 19.302537326833455 ], [ -99.171467382212256, 19.302537297150661 ], [ -99.170940902948672, 19.3024682468908 ], [ -99.170347813934711, 19.30238743848032 ], [ -99.170343790597798, 19.302386890143879 ], [ -99.170332243007806, 19.302385316533062 ], [ -99.170187306110705, 19.302361739206368 ], [ -99.170187058845201, 19.302361698331488 ], [ -99.170170502923099, 19.302359676605391 ], [ -99.169846593278166, 19.30232075670002 ], [ -99.169831752929184, 19.302318976381645 ], [ -99.169828933144444, 19.30231855659223 ], [ -99.169813192630684, 19.302316238424424 ], [ -99.169790608893706, 19.30231291133941 ], [ -99.169782070252438, 19.302311655919169 ], [ -99.16967078307232, 19.302295266650887 ], [ -99.169116842817388, 19.302219066733219 ], [ -99.169008733261677, 19.302203976920133 ], [ -99.168478193478109, 19.302130406820691 ], [ -99.168151193238614, 19.302087387055838 ], [ -99.16792490357625, 19.302058877258254 ], [ -99.167563523871578, 19.302011806618488 ], [ -99.167555043844956, 19.302010717072815 ], [ -99.167545843763762, 19.302009606774597 ], [ -99.167277183781721, 19.301977576904246 ], [ -99.167264553724763, 19.301976067019098 ], [ -99.167259503682999, 19.301975377026945 ], [ -99.166636103852071, 19.301889526828095 ], [ -99.16649799423169, 19.301872177197247 ], [ -99.165982923875063, 19.301801866719927 ], [ -99.165912793750095, 19.301792316583189 ], [ -99.165552254592512, 19.301743116797159 ], [ -99.1654665042999, 19.301731206606199 ], [ -99.164893484231541, 19.301651586936654 ], [ -99.164269564241465, 19.301564957005766 ], [ -99.163769424505276, 19.30149603735747 ], [ -99.163294474317652, 19.301430607215938 ], [ -99.163172394356991, 19.301413956983179 ], [ -99.16284695512897, 19.301369586889003 ], [ -99.162705795088172, 19.301346217376576 ], [ -99.162552365267601, 19.30132081689792 ], [ -99.162255195282413, 19.301274516678657 ], [ -99.161991705226271, 19.301219916877745 ], [ -99.161588725047366, 19.30111794712974 ], [ -99.161543045149486, 19.301105377026648 ], [ -99.161288154989805, 19.301026047467399 ], [ -99.160765785796031, 19.300825146757045 ], [ -99.160236554990391, 19.300563117135464 ], [ -99.159965525548088, 19.300412757342524 ], [ -99.159707625723939, 19.300239977305758 ], [ -99.15938796563141, 19.300003267691459 ], [ -99.159038416086304, 19.299744417620726 ], [ -99.158863566190107, 19.299587267549402 ], [ -99.158642825671961, 19.299367617166286 ], [ -99.158410585759697, 19.299130007872762 ], [ -99.15790092582462, 19.29848504779082 ], [ -99.157473245759974, 19.297888838107308 ], [ -99.157326785777144, 19.297696017837982 ], [ -99.156796306442061, 19.297013467949519 ], [ -99.156712655974246, 19.29690583842363 ], [ -99.156661126243606, 19.29683944802256 ], [ -99.156656846224465, 19.296833928439135 ], [ -99.156643446218766, 19.296837237840972 ], [ -99.156416046228941, 19.296893388146742 ], [ -99.155947796163417, 19.296991127972067 ], [ -99.15525765676972, 19.297138187481281 ], [ -99.155207486839856, 19.297148327999849 ], [ -99.154606587272809, 19.29727015763558 ], [ -99.153826487208661, 19.297430727495534 ], [ -99.15213301755422, 19.29782461794019 ], [ -99.15193270765684, 19.297879927861189 ], [ -99.151779787456888, 19.297929837805842 ], [ -99.151613257386032, 19.298003517556644 ], [ -99.151539987558351, 19.298061117742161 ], [ -99.151371107353867, 19.29819260784376 ], [ -99.151092847359763, 19.298380328061729 ], [ -99.150724158076073, 19.298625847648729 ], [ -99.150624707523178, 19.298697297223491 ], [ -99.150086627932566, 19.29908384750755 ], [ -99.149602197868688, 19.299450037585803 ], [ -99.14877890810925, 19.300089747276193 ], [ -99.148326165913161, 19.300450031095249 ], [ -99.148178028070731, 19.300567917563896 ], [ -99.147848988675193, 19.300826267288084 ], [ -99.147634418600973, 19.301025646818456 ], [ -99.147416990135312, 19.301267279394487 ], [ -99.147410368811478, 19.301274636530515 ], [ -99.14740238815466, 19.301283517344746 ], [ -99.147392708146384, 19.301272437407178 ], [ -99.147122418497844, 19.300963616604694 ], [ -99.147120289078515, 19.300961177152224 ], [ -99.147104759059317, 19.300961406598134 ], [ -99.147015507984023, 19.300962725174585 ], [ -99.146922728771528, 19.300964096649921 ], [ -99.146599598961885, 19.300925047272521 ], [ -99.146582328910213, 19.300922927012017 ], [ -99.14609388914198, 19.300824327032593 ], [ -99.146059829481445, 19.300817290330386 ], [ -99.14589764187015, 19.300783781236586 ], [ -99.145638389293524, 19.300730216849558 ], [ -99.14523752881118, 19.300618377323008 ], [ -99.145049279375655, 19.300545816697838 ], [ -99.144690449721068, 19.300406557527889 ], [ -99.144615769702227, 19.30037757718927 ], [ -99.144503489470395, 19.300335436762808 ], [ -99.144088659791493, 19.300174037174067 ], [ -99.143742629089417, 19.300041637416061 ], [ -99.143384169862586, 19.299904177070236 ], [ -99.142622860089446, 19.299609007278054 ], [ -99.142608539568499, 19.299603447718646 ], [ -99.142605199717707, 19.299606807599197 ], [ -99.142357290238962, 19.299855187728259 ], [ -99.142066800335257, 19.300152607434299 ], [ -99.14175956998281, 19.300467126974908 ], [ -99.141247990582471, 19.301019606876515 ], [ -99.140920660530327, 19.301375776536293 ], [ -99.140880510548286, 19.301419327104078 ], [ -99.140665160439099, 19.301652946602392 ], [ -99.140506560447847, 19.301824986584222 ], [ -99.14015351020997, 19.302240947019314 ], [ -99.140152247504517, 19.302242318435976 ], [ -99.140120220027299, 19.302277097097811 ], [ -99.139671990948784, 19.302782946416695 ], [ -99.13964593008437, 19.30281074629649 ], [ -99.139365130334127, 19.303110476616258 ], [ -99.139355060876355, 19.303121726679151 ], [ -99.139340849488491, 19.303137577170048 ], [ -99.139021790340308, 19.303493446497125 ], [ -99.138940261124674, 19.30358238644401 ], [ -99.138791567757167, 19.303748174307369 ], [ -99.138692280327291, 19.303858876490217 ], [ -99.138636880622997, 19.303922516767042 ], [ -99.138441801188762, 19.30414144657356 ], [ -99.13825620069818, 19.304324896061114 ], [ -99.138142080932951, 19.304443616434057 ], [ -99.13789069063894, 19.304715265967836 ], [ -99.137711890764947, 19.304918016013232 ], [ -99.137108931322885, 19.30560177586484 ], [ -99.136393311474833, 19.30631623548026 ], [ -99.136101171209589, 19.306628175555606 ], [ -99.135568341628556, 19.307214155613966 ], [ -99.134720331940898, 19.308286924928421 ], [ -99.134717031344664, 19.308291075507526 ], [ -99.134702651454162, 19.308284725752987 ], [ -99.134159732059231, 19.308045035674862 ], [ -99.132790882533939, 19.307440005987445 ], [ -99.132490392657914, 19.307322525999574 ], [ -99.131890823643985, 19.307066153612308 ], [ -99.131498452306843, 19.306898375571325 ], [ -99.130957422916026, 19.30666511590622 ], [ -99.130447483041763, 19.30644563543904 ], [ -99.130008563175096, 19.306256725986497 ], [ -99.129963853313726, 19.306237436257554 ], [ -99.129465172648992, 19.306022125956318 ], [ -99.128941792867238, 19.305794146235094 ], [ -99.128290713229248, 19.305515206378537 ], [ -99.127806513237601, 19.305307746106749 ], [ -99.127610173875468, 19.305223635681958 ], [ -99.127310143296498, 19.305097666273298 ], [ -99.127074933921989, 19.30499892595515 ], [ -99.126830223211286, 19.304896186394927 ], [ -99.126075713354481, 19.304570816417499 ], [ -99.124985372453693, 19.304108798058547 ], [ -99.12481819376535, 19.304037956585343 ], [ -99.124648574070676, 19.303977646704794 ], [ -99.124602534062817, 19.303960046165461 ], [ -99.124125578571878, 19.303762978734461 ], [ -99.122966454420038, 19.303284046615634 ], [ -99.122430094588097, 19.303084946215993 ], [ -99.122019265241974, 19.302933676623962 ], [ -99.120931425505887, 19.302593216626963 ], [ -99.11984185557634, 19.302256076403005 ], [ -99.11777905625479, 19.301680216928048 ], [ -99.11740776641075, 19.301576777229972 ], [ -99.116800096240496, 19.301417346689085 ], [ -99.116158136536583, 19.30126104721316 ], [ -99.115669776669606, 19.301141586727244 ], [ -99.115555596447393, 19.301113646933743 ], [ -99.11428654655279, 19.300810836915847 ], [ -99.113644066487637, 19.300674437393816 ], [ -99.112955936644894, 19.30053515742884 ], [ -99.112445687346167, 19.300413246677493 ], [ -99.11194999710446, 19.300289867534648 ], [ -99.111422947422227, 19.300156446793448 ], [ -99.110291238160613, 19.299885127634759 ], [ -99.109919567525182, 19.299795746915017 ], [ -99.109414008130514, 19.29966969706442 ], [ -99.109206567502667, 19.299617096854092 ], [ -99.109199738416663, 19.299615356986472 ], [ -99.109188887965374, 19.299614877488267 ], [ -99.108800068096983, 19.299597866876198 ], [ -99.10842313863391, 19.299623316947098 ], [ -99.108208167749083, 19.299639527571042 ], [ -99.107373608052811, 19.299689647486485 ], [ -99.107245668255928, 19.299693047494518 ], [ -99.107068668869417, 19.299704807468604 ], [ -99.106567468628214, 19.299730037114184 ], [ -99.106381628655285, 19.299739777656917 ], [ -99.106076198628074, 19.299756916844998 ], [ -99.105559058402633, 19.299787947273821 ], [ -99.105411659117934, 19.299794697604394 ], [ -99.105008838595367, 19.29981458716837 ], [ -99.104941828781023, 19.299818237098947 ], [ -99.10473805459209, 19.299828748116031 ], [ -99.104494748933121, 19.299841297084342 ], [ -99.104028149474004, 19.299865237268676 ], [ -99.10375880950572, 19.29988094723771 ], [ -99.102918267484981, 19.299925780576249 ], [ -99.102113199531317, 19.299968717602301 ], [ -99.101321319843663, 19.300006556814012 ], [ -99.101018269880612, 19.30001649751237 ], [ -99.100939369999693, 19.300017837138579 ], [ -99.100922546840621, 19.300017529621119 ], [ -99.100921542392868, 19.300017510340695 ], [ -99.100921615788195, 19.30001666277272 ], [ -99.101214869466887, 19.296624808328929 ], [ -99.101249426642909, 19.296275388382739 ], [ -99.101289822064047, 19.295866922544583 ], [ -99.10135605969478, 19.295197158692392 ], [ -99.102175668476377, 19.294824214721348 ], [ -99.102736629825955, 19.294568958182737 ], [ -99.10288476990722, 19.294502648247221 ], [ -99.103750868894835, 19.294107158396816 ], [ -99.103956609301164, 19.294009818930515 ], [ -99.104438028807593, 19.293782038388422 ], [ -99.10461251875229, 19.293699468279918 ], [ -99.105014368947167, 19.293514239028923 ], [ -99.105676289035713, 19.293276698944421 ], [ -99.105724718629261, 19.29325791864315 ], [ -99.106169768685064, 19.29309509918734 ], [ -99.108129428555586, 19.292278238882872 ], [ -99.109286317935485, 19.29178364896941 ], [ -99.110285058133499, 19.291366788908412 ], [ -99.110353888166543, 19.291338719125534 ], [ -99.11159788771495, 19.29080458924367 ], [ -99.112832887470859, 19.290283069149936 ], [ -99.114525456526721, 19.289560809277173 ], [ -99.114899226754204, 19.289401299361142 ], [ -99.115705936860536, 19.289057759534746 ], [ -99.117924546305261, 19.288114979577109 ], [ -99.121638434880225, 19.286528719953708 ], [ -99.122214424590666, 19.286283640525188 ], [ -99.123902494090487, 19.285566220892157 ], [ -99.124329914207649, 19.285428130860353 ], [ -99.124917534050709, 19.285238280532823 ], [ -99.124991333796245, 19.285217850850895 ], [ -99.125192793863178, 19.285164680685135 ], [ -99.125434603879981, 19.285100300457728 ], [ -99.125729793781559, 19.285015720899718 ], [ -99.127576883841101, 19.284498561100886 ], [ -99.12828206346542, 19.284302881166099 ], [ -99.129126592922802, 19.284064760875815 ], [ -99.12951423260921, 19.283955980826189 ], [ -99.13036520310078, 19.283717130883566 ], [ -99.130824282782555, 19.283588241012239 ], [ -99.131408632182868, 19.283424080781316 ], [ -99.131933805376349, 19.283278568761702 ], [ -99.131986741949291, 19.283263901478112 ], [ -99.132476602683553, 19.283128160872874 ], [ -99.134005711558473, 19.282698041362053 ], [ -99.135099361603537, 19.282458551101715 ], [ -99.135921061562414, 19.282332351646261 ], [ -99.13646474111107, 19.282273391707268 ], [ -99.136984601300426, 19.282232011069201 ], [ -99.137451161503179, 19.282207730893621 ], [ -99.1378777406441, 19.282203561159786 ], [ -99.138545560784607, 19.282225451683598 ], [ -99.138896510704456, 19.282240321516554 ], [ -99.139259740575184, 19.282262550931897 ], [ -99.139683480200333, 19.282313251576877 ], [ -99.140225220687526, 19.282382281347545 ], [ -99.140890880508351, 19.282496021505118 ], [ -99.141048260383698, 19.282525700945317 ], [ -99.141072189938569, 19.282289821116727 ], [ -99.141187990325363, 19.281187501548857 ], [ -99.141187110168232, 19.281071131161994 ], [ -99.141339880056009, 19.280066591575324 ], [ -99.141452450253723, 19.279152182456979 ], [ -99.141444229917866, 19.279064212486716 ], [ -99.141424679826585, 19.278855181631826 ], [ -99.141494089708459, 19.278385252572839 ], [ -99.141530659988064, 19.277955421850223 ], [ -99.141550160298465, 19.2775410721034 ], [ -99.141636049705809, 19.277094452486043 ], [ -99.14172275955049, 19.276614082715732 ], [ -99.141764830173315, 19.275684042901524 ], [ -99.141906090340996, 19.275116532680826 ], [ -99.141968989501606, 19.274794722743149 ], [ -99.14199399996788, 19.274672812735005 ], [ -99.142080229781357, 19.273941733185225 ], [ -99.141130989739608, 19.27372719308206 ], [ -99.141180450418446, 19.273531653282838 ], [ -99.141408049874983, 19.272774843813586 ], [ -99.141623770087094, 19.272291183556664 ], [ -99.141752229754758, 19.271889933432178 ], [ -99.141860939678779, 19.271452844221699 ], [ -99.142040130213203, 19.270853954305156 ], [ -99.142131589618543, 19.270690054387305 ], [ -99.142203109690712, 19.270667363907648 ], [ -99.142379999712688, 19.270690794353268 ], [ -99.142510160236, 19.270674674020707 ], [ -99.142602250139191, 19.270621284256222 ], [ -99.142788389557083, 19.270500763773711 ], [ -99.142888090133113, 19.270369553759519 ], [ -99.142992079820218, 19.270242354269204 ], [ -99.143062889326686, 19.270101304503282 ], [ -99.1431571994721, 19.269796793734045 ], [ -99.143360049373442, 19.269467614188418 ], [ -99.143584089746525, 19.26950782406724 ], [ -99.143755739870542, 19.269507684210303 ], [ -99.143938509898163, 19.269537644105956 ], [ -99.144351229830292, 19.268841384731669 ], [ -99.144544079673125, 19.268462614208044 ], [ -99.144672279426075, 19.268228704101638 ], [ -99.144722879440607, 19.268127054198679 ], [ -99.144802539391705, 19.267867704847003 ], [ -99.144902049307774, 19.267556644744793 ], [ -99.144913739069608, 19.267443935080404 ], [ -99.144119169272344, 19.26734098507978 ], [ -99.143846959576834, 19.267303644846027 ], [ -99.143621019832111, 19.267268874534828 ], [ -99.143432829291555, 19.26725032451116 ], [ -99.143215678584383, 19.267229325537237 ], [ -99.143323340078439, 19.266519085287932 ], [ -99.142479819645445, 19.266689734882668 ], [ -99.142395449763342, 19.266621995327071 ], [ -99.142423960015492, 19.265161584819406 ], [ -99.142447310028899, 19.264888325519248 ], [ -99.142491229485884, 19.264374055823549 ], [ -99.142460490217488, 19.264323795467071 ], [ -99.142394929494046, 19.264232185162676 ], [ -99.14236636946373, 19.264157364999178 ], [ -99.142413329718082, 19.263952525722193 ], [ -99.142428419659637, 19.263762105086919 ], [ -99.142422309891558, 19.263593935482969 ], [ -99.142415960177857, 19.263433655475932 ], [ -99.142386849550959, 19.263349755757947 ], [ -99.142349829693075, 19.263289655946213 ], [ -99.14230886022446, 19.263227055981027 ], [ -99.142277969785781, 19.263023845799811 ], [ -99.142246169850722, 19.26254405591019 ], [ -99.14210249003888, 19.261844075978072 ], [ -99.14210723027594, 19.261773485814871 ], [ -99.142119189469611, 19.261721126270718 ], [ -99.142138359483482, 19.261676655956581 ], [ -99.142211309767987, 19.261506706014469 ], [ -99.142258730305556, 19.261397195899921 ], [ -99.142294250022829, 19.261314305702903 ], [ -99.142342629889413, 19.261197306527571 ], [ -99.142405429605276, 19.261052246532184 ], [ -99.142426649540653, 19.260953446139649 ], [ -99.142389130345876, 19.260615646247135 ], [ -99.142391159772984, 19.26046650622856 ], [ -99.142376199757948, 19.260344676242795 ], [ -99.142358989478168, 19.260231566626036 ], [ -99.142251189821977, 19.259989196130849 ], [ -99.14220270987424, 19.25990362636448 ], [ -99.142087570350029, 19.259851936373199 ], [ -99.142014620414372, 19.259781786683781 ], [ -99.14190705044733, 19.259559656145463 ], [ -99.141781160450194, 19.259292566850785 ], [ -99.141713309739032, 19.259220886383012 ], [ -99.141629130290482, 19.259175856928408 ], [ -99.141496600072173, 19.25907745683304 ], [ -99.141411370006011, 19.259012086472591 ], [ -99.141320390534247, 19.258959886606601 ], [ -99.141180510264675, 19.258897616486731 ], [ -99.141052340564897, 19.258830926480105 ], [ -99.140936600408608, 19.258769057035693 ], [ -99.14084832986228, 19.258674586657744 ], [ -99.140746560306198, 19.258539686337581 ], [ -99.140565590747215, 19.258390356485808 ], [ -99.140446540550272, 19.25828565673412 ], [ -99.140325050481238, 19.258131197054094 ], [ -99.140248540007931, 19.258011126937138 ], [ -99.140199990608778, 19.257919417162224 ], [ -99.140165200147422, 19.257859526986771 ], [ -99.140155390792643, 19.257819937054553 ], [ -99.140152740590821, 19.257771056602689 ], [ -99.140166620277554, 19.257699357014701 ], [ -99.140178690827852, 19.257634126497361 ], [ -99.140198860673124, 19.257561216939322 ], [ -99.140242600485593, 19.257472676671075 ], [ -99.140309570809578, 19.25739861678235 ], [ -99.140446110249542, 19.257306726826659 ], [ -99.140630050509131, 19.257195306633893 ], [ -99.140785659963669, 19.257068587270421 ], [ -99.140793110411394, 19.256996796751071 ], [ -99.140773850746015, 19.256940127277552 ], [ -99.140739290129517, 19.256860246967996 ], [ -99.140580860265231, 19.256573796843352 ], [ -99.140528690100908, 19.256522787280161 ], [ -99.140477280192101, 19.256490047243954 ], [ -99.14038293041871, 19.256440166806904 ], [ -99.140214000390301, 19.256375787414907 ], [ -99.140113090401968, 19.256338396902962 ], [ -99.14003677083096, 19.25627770752385 ], [ -99.140001330165617, 19.256229087609427 ], [ -99.139943880284079, 19.256126057298548 ], [ -99.139810600357976, 19.255889487503936 ], [ -99.139725370157365, 19.255720737377665 ], [ -99.139579250593101, 19.255456327292556 ], [ -99.139449341028936, 19.254931137741693 ], [ -99.139386970928911, 19.254690387333188 ], [ -99.139395690659796, 19.254601387985598 ], [ -99.139471060630939, 19.254339337723284 ], [ -99.139486260318691, 19.254229817842774 ], [ -99.139530620288113, 19.254089057787436 ], [ -99.139569760974027, 19.253907197616357 ], [ -99.139604000725285, 19.253783857699158 ], [ -99.139625910808704, 19.253670227619082 ], [ -99.139663290614536, 19.253563478168161 ], [ -99.139684770768199, 19.253431388281328 ], [ -99.13968469072725, 19.253356528159514 ], [ -99.139751000141544, 19.253321487955038 ], [ -99.139790530520472, 19.253321457624423 ], [ -99.139831390728119, 19.253300258317928 ], [ -99.139870170203565, 19.253242908073837 ], [ -99.139936370432892, 19.253090048058777 ], [ -99.139946830238216, 19.253004157698932 ], [ -99.14002126048149, 19.25293844806508 ], [ -99.140076530262988, 19.25285962800714 ], [ -99.140094260118289, 19.252815797965347 ], [ -99.140137050894324, 19.252749488095013 ], [ -99.140181990613684, 19.252590558325341 ], [ -99.140193110245761, 19.252518938273891 ], [ -99.140188680393507, 19.252464818522437 ], [ -99.140168930380526, 19.252408737930544 ], [ -99.140164000743553, 19.252348618226112 ], [ -99.140134820431243, 19.252251998395607 ], [ -99.140125280509281, 19.25220445820494 ], [ -99.140122510137573, 19.252155128230424 ], [ -99.140132930497273, 19.25208918829706 ], [ -99.140150000025699, 19.252014788121119 ], [ -99.140152050569611, 19.25199522830831 ], [ -99.140148530895331, 19.251942558218005 ], [ -99.140148480116252, 19.251898138662892 ], [ -99.14020451036329, 19.251838957989285 ], [ -99.14032745027005, 19.251785387941023 ], [ -99.140413990265358, 19.251623568721378 ], [ -99.140450460673151, 19.251537767928365 ], [ -99.140477060158403, 19.251449628438166 ], [ -99.140506940109631, 19.251399658433119 ], [ -99.140513060019316, 19.25137455848585 ], [ -99.140493970166816, 19.251352508167837 ], [ -99.14047626070743, 19.25128215875101 ], [ -99.140544460256663, 19.251251858065167 ], [ -99.140650690211046, 19.251222968840686 ], [ -99.140682060775205, 19.251218358847265 ], [ -99.140709889867281, 19.251138888613621 ], [ -99.140764800250452, 19.251041418888981 ], [ -99.140791280165587, 19.250974228422713 ], [ -99.140848220652913, 19.250959448027643 ], [ -99.140910570126479, 19.25095242846707 ], [ -99.140943860722203, 19.250944508916017 ], [ -99.140978769930456, 19.250908288433624 ], [ -99.141026220500336, 19.250866658311693 ], [ -99.141066310565293, 19.250825388919704 ], [ -99.141104049823653, 19.250753458504661 ], [ -99.141246959716511, 19.250644768821299 ], [ -99.141255419849514, 19.250609878536093 ], [ -99.141266800447383, 19.250551968605134 ], [ -99.141301200464753, 19.250475598958406 ], [ -99.141345589910514, 19.250391188330767 ], [ -99.141421479959916, 19.25026059817824 ], [ -99.141476290395417, 19.250128489109485 ], [ -99.141556889758974, 19.249997169068063 ], [ -99.141592030298185, 19.249933998453496 ], [ -99.141623760491086, 19.249855739070522 ], [ -99.141683399783517, 19.249748198819333 ], [ -99.141690860526737, 19.249687558320691 ], [ -99.141694929983217, 19.24958805870487 ], [ -99.14170078989217, 19.24954887913697 ], [ -99.141715509860958, 19.249515288802396 ], [ -99.141708060176967, 19.249431359092831 ], [ -99.141703589809055, 19.249361419162341 ], [ -99.141671630218084, 19.249163168497592 ], [ -99.141684230137798, 19.249080689272329 ], [ -99.141717940083964, 19.248992309366603 ], [ -99.141659820491824, 19.248855958809198 ], [ -99.14155549043798, 19.248688019127492 ], [ -99.14137045996263, 19.248581908919046 ], [ -99.141099460540147, 19.248443739098523 ], [ -99.140950909846836, 19.248342559208247 ], [ -99.140804309915239, 19.24826719903211 ], [ -99.140614030267514, 19.248109198926034 ], [ -99.14050980084096, 19.248052459166743 ], [ -99.140356060743699, 19.247978449180646 ], [ -99.140294880184882, 19.247807649461777 ], [ -99.140221140681987, 19.247578559139015 ], [ -99.139981310198138, 19.247346459550794 ], [ -99.139809190474168, 19.247087159584261 ], [ -99.139730450463887, 19.246944799818838 ], [ -99.139602630333641, 19.246720049281375 ], [ -99.139388190286127, 19.246358429366442 ], [ -99.139268260663187, 19.246234969118127 ], [ -99.139033690769267, 19.246039939896988 ], [ -99.1389138205476, 19.245963449196726 ], [ -99.13958173276643, 19.244869015634677 ], [ -99.13999616075553, 19.244189930438015 ], [ -99.140182629408827, 19.243848420079381 ], [ -99.140217429268603, 19.243800430983693 ], [ -99.140278289987762, 19.243671080764116 ], [ -99.140323830043315, 19.243625020097351 ], [ -99.14037640082941, 19.243591830857092 ], [ -99.141039359291455, 19.243584930758402 ], [ -99.141088048769149, 19.243589540126909 ], [ -99.141135819632737, 19.243600740403458 ], [ -99.141613770559587, 19.243751760829301 ], [ -99.141645420185952, 19.243744860204345 ], [ -99.141701109944435, 19.243676941204299 ], [ -99.141699030348249, 19.243651129937497 ], [ -99.141648430437328, 19.243578330319924 ], [ -99.141707000229474, 19.243591621137679 ], [ -99.141997739109598, 19.24364144982291 ], [ -99.142051909619738, 19.243679199692213 ], [ -99.142195338181594, 19.243831263155236 ], [ -99.142228529495171, 19.243866449634538 ], [ -99.142323769006751, 19.244156140953496 ], [ -99.143307708605988, 19.244478310882187 ], [ -99.143330378207523, 19.244487201795494 ], [ -99.14365808889255, 19.24461574018363 ], [ -99.144247709195525, 19.244737369816811 ], [ -99.144184139318895, 19.244576909891151 ], [ -99.144239072340667, 19.244210700584038 ], [ -99.144243189678917, 19.24418324983608 ], [ -99.144243275784731, 19.244175458104966 ], [ -99.144245229300154, 19.243997850502982 ], [ -99.144243709270683, 19.243657850388981 ], [ -99.144232159206936, 19.243555829982892 ], [ -99.144197785276788, 19.243290234796181 ], [ -99.144183950776835, 19.24318334499489 ], [ -99.144159659149679, 19.242995650327128 ], [ -99.144159554116058, 19.242994836570936 ], [ -99.144144874609935, 19.242881301670874 ], [ -99.144121359543917, 19.242699430067677 ], [ -99.144110544867161, 19.242615981113953 ], [ -99.144109229610606, 19.242605829959306 ], [ -99.1440880492394, 19.242554360344634 ], [ -99.144085096141453, 19.242519418348561 ], [ -99.144082451786332, 19.242488130624366 ], [ -99.14407304943478, 19.242376860019878 ], [ -99.14406840265822, 19.242308827251787 ], [ -99.144061366482248, 19.242205809714466 ], [ -99.144049729576736, 19.242035430746817 ], [ -99.144024019067842, 19.241699250995691 ], [ -99.143998359099172, 19.241460290598152 ], [ -99.143995375114628, 19.241398938422119 ], [ -99.143972279783526, 19.24092404233409 ], [ -99.143969679261559, 19.240870560540678 ], [ -99.143967229516946, 19.240805930673247 ], [ -99.143961892583562, 19.240697987876167 ], [ -99.143955092519931, 19.240560473076414 ], [ -99.143939247546584, 19.240240021859172 ], [ -99.143936619332635, 19.240186861210258 ], [ -99.143939426571109, 19.240165706908257 ], [ -99.143940559410254, 19.240157171265764 ], [ -99.144003799475627, 19.239681600607184 ], [ -99.144169529723825, 19.239667260879592 ], [ -99.144390548264113, 19.239622066840724 ], [ -99.145137289178265, 19.239469371093584 ], [ -99.145336998758239, 19.239382680729548 ], [ -99.145597079497051, 19.239322191164021 ], [ -99.146053088987642, 19.239325540868482 ], [ -99.146112629191123, 19.239326091056807 ], [ -99.146208739133826, 19.239459571474271 ], [ -99.14630032893065, 19.239877231310139 ], [ -99.146380613460053, 19.24000359137591 ], [ -99.146416219081871, 19.24005963116748 ], [ -99.146487477572407, 19.240145920828603 ], [ -99.14657564915899, 19.240252691099084 ], [ -99.146675509062533, 19.240333890516638 ], [ -99.146888818887717, 19.240406990726594 ], [ -99.14700992892881, 19.240426450584735 ], [ -99.147129058367071, 19.240417650438914 ], [ -99.147352458855053, 19.240362481315813 ], [ -99.147512138965041, 19.24025633111663 ], [ -99.147333878854752, 19.239949941384054 ], [ -99.147158488699986, 19.239593230982887 ], [ -99.147008218310873, 19.239296531316899 ], [ -99.146327138889291, 19.237990131831225 ], [ -99.146160968541224, 19.237671361322523 ], [ -99.146147728805232, 19.237645661887463 ], [ -99.145930378244273, 19.237236264649585 ], [ -99.145031629667244, 19.235543371600187 ], [ -99.144830169792129, 19.235193492013398 ], [ -99.144444848489869, 19.234521972285986 ], [ -99.144682988578907, 19.234500191992854 ], [ -99.144774479405299, 19.234477132798823 ], [ -99.144796657969493, 19.234448992020479 ], [ -99.144836599411832, 19.234381492412393 ], [ -99.144912089161906, 19.234337853715292 ], [ -99.145054278443936, 19.234334931889208 ], [ -99.145212789603363, 19.234367133694182 ], [ -99.14532439889372, 19.234435423483063 ], [ -99.145390539285188, 19.234453313384478 ], [ -99.145490488227225, 19.234417063117295 ], [ -99.145550138460962, 19.234367792903996 ], [ -99.145629047924359, 19.234319531859285 ], [ -99.145773168123981, 19.234319593027493 ], [ -99.145867398972484, 19.234314512579321 ], [ -99.145914767695061, 19.234279262975146 ], [ -99.145992859320145, 19.234214761942528 ], [ -99.146082738563265, 19.234210693525831 ], [ -99.146203278187869, 19.234222512116904 ], [ -99.146323258729751, 19.234198372448571 ], [ -99.146355334003289, 19.234200993639767 ], [ -99.146377618923779, 19.234202814607734 ], [ -99.146437187552678, 19.234207683159415 ], [ -99.146509516541272, 19.23422651851201 ], [ -99.146579489088367, 19.234244742147116 ], [ -99.146593656025189, 19.234252531377688 ], [ -99.146713249080733, 19.234318282962423 ], [ -99.146814359232138, 19.234351521844729 ], [ -99.146847940735341, 19.234362561706522 ], [ -99.146869163857701, 19.234369539322856 ], [ -99.146878727717848, 19.234372683535181 ], [ -99.146886414067239, 19.234373342486759 ], [ -99.147407257649547, 19.234417962617343 ], [ -99.147503506258886, 19.234444150322862 ], [ -99.147528336634295, 19.234450906087847 ], [ -99.147546364983739, 19.234455811964072 ], [ -99.147563970357695, 19.234460602034559 ], [ -99.1475707676193, 19.234462451828456 ], [ -99.147585394999524, 19.234469300195631 ], [ -99.147734629045829, 19.234539173324986 ], [ -99.147869049027577, 19.234554362153176 ], [ -99.147957927715282, 19.234634892547827 ], [ -99.148093387124206, 19.234720252912329 ], [ -99.148174108595938, 19.234790962255648 ], [ -99.148281001912792, 19.234859442535974 ], [ -99.14833516769383, 19.234894142882165 ], [ -99.148394787561955, 19.234974761817142 ], [ -99.148405755585586, 19.23507212123339 ], [ -99.148412087262727, 19.235128332091275 ], [ -99.148380398584635, 19.235335031718058 ], [ -99.148334908544697, 19.235432363032228 ], [ -99.148256767444195, 19.235524942688158 ], [ -99.148158048869675, 19.235630621908804 ], [ -99.148121556905295, 19.235696886637601 ], [ -99.14810747731498, 19.235722452101683 ], [ -99.148061331408641, 19.235859610759597 ], [ -99.148049397450677, 19.235895082927758 ], [ -99.148007473526107, 19.235997416479652 ], [ -99.148002247483575, 19.236010172773547 ], [ -99.147959369089136, 19.23605317799975 ], [ -99.147948018635375, 19.236064561995452 ], [ -99.147955328761597, 19.236114032777774 ], [ -99.147957868922106, 19.236121862267986 ], [ -99.14796602711526, 19.236147002541276 ], [ -99.147980908284651, 19.23616497210903 ], [ -99.148008398611609, 19.236191891822529 ], [ -99.148055738858744, 19.236222511469453 ], [ -99.148092018244384, 19.236246402693951 ], [ -99.148108451246273, 19.236252850256275 ], [ -99.14813001755418, 19.23626131184847 ], [ -99.148163922666939, 19.236276876597639 ], [ -99.148192557975037, 19.236290022474293 ], [ -99.148226428127714, 19.236305572053556 ], [ -99.148255918591389, 19.236240926267524 ], [ -99.148262489662542, 19.236226522919637 ], [ -99.148269628571995, 19.236210874602495 ], [ -99.148290308563276, 19.236165541977741 ], [ -99.148363287857023, 19.235998793230845 ], [ -99.148362217296437, 19.235830422951317 ], [ -99.148382167893473, 19.235772452571542 ], [ -99.148429277139101, 19.235717332605841 ], [ -99.148522287944644, 19.235676712845645 ], [ -99.148606258297548, 19.235666531871754 ], [ -99.148699398699605, 19.235662092218043 ], [ -99.14878170766093, 19.235579451766768 ], [ -99.148830487033266, 19.235519992766697 ], [ -99.148884167339332, 19.235361002497399 ], [ -99.14893339758062, 19.235189771713287 ], [ -99.149002848017133, 19.235114542116218 ], [ -99.149088857137514, 19.235031361708089 ], [ -99.149159027060492, 19.234954742274482 ], [ -99.149194358679168, 19.234884913060323 ], [ -99.149274876919534, 19.234841311864923 ], [ -99.149405956983429, 19.234797802827881 ], [ -99.149486587946072, 19.234741972881292 ], [ -99.149533878074962, 19.234678261912258 ], [ -99.1495617372167, 19.2346225625991 ], [ -99.149564627537117, 19.234550991963324 ], [ -99.149528647446772, 19.234484823657393 ], [ -99.149428768147416, 19.234416162355735 ], [ -99.149337247137851, 19.234342173087743 ], [ -99.149298967478529, 19.234265572415644 ], [ -99.14930319774939, 19.234172823496333 ], [ -99.149379447850265, 19.234084892604532 ], [ -99.149457368181388, 19.234028992520866 ], [ -99.149488254041003, 19.234029928110147 ], [ -99.149537937185968, 19.234031432413271 ], [ -99.149587817452087, 19.23407903227956 ], [ -99.149605687463719, 19.234092508230127 ], [ -99.149654388492323, 19.234129232141814 ], [ -99.149773768572771, 19.234158092883796 ], [ -99.150018198007331, 19.234178632676677 ], [ -99.150126567983264, 19.23416771197763 ], [ -99.150243246673867, 19.234175343106056 ], [ -99.150301536639091, 19.234191093117936 ], [ -99.150379247756206, 19.234230661950107 ], [ -99.150434646532489, 19.234291513323093 ], [ -99.150456596799572, 19.234410823357923 ], [ -99.150470218367033, 19.234535422974385 ], [ -99.150471813755416, 19.234590516008904 ], [ -99.150472828390306, 19.234625542340471 ], [ -99.150476993100895, 19.234640845085025 ], [ -99.150481661841255, 19.234657997394503 ], [ -99.150484447480039, 19.234668232314739 ], [ -99.150499113385308, 19.234672061483913 ], [ -99.150583798092057, 19.234694172188107 ], [ -99.150671137537429, 19.234686360312185 ], [ -99.15067539380513, 19.234685979496081 ], [ -99.150675477897366, 19.23468597202336 ], [ -99.150684581352053, 19.234663938191002 ], [ -99.150692447004701, 19.234644901544801 ], [ -99.150727038190396, 19.234561182006082 ], [ -99.150736888092808, 19.234537342142186 ], [ -99.150747874166882, 19.23444623728674 ], [ -99.15075672752063, 19.234372823176809 ], [ -99.150740141003311, 19.234269848725898 ], [ -99.1507400920691, 19.234269543392234 ], [ -99.150739933244466, 19.234268563745573 ], [ -99.150729387953646, 19.234203082344504 ], [ -99.150696456562031, 19.23406246299443 ], [ -99.150649506871545, 19.233974972242478 ], [ -99.15055302714326, 19.233752093481247 ], [ -99.150517537378022, 19.233669222083819 ], [ -99.150483398217176, 19.23352799289724 ], [ -99.150469107578147, 19.233410942122557 ], [ -99.150512568122849, 19.233208173869844 ], [ -99.150571908118053, 19.233164683340615 ], [ -99.150593926829643, 19.233080282759538 ], [ -99.150578307781558, 19.232915662907057 ], [ -99.150567568365503, 19.232651832429177 ], [ -99.150595597985856, 19.232558899576635 ], [ -99.150595938223063, 19.232557772616353 ], [ -99.150605061743903, 19.232543983649762 ], [ -99.150607094689491, 19.232540909975494 ], [ -99.150693848321566, 19.232409793077586 ], [ -99.150705288694425, 19.232399601996072 ], [ -99.150736119600452, 19.232372141055976 ], [ -99.150736408261253, 19.232371883769556 ], [ -99.150745594766732, 19.232363700382102 ], [ -99.150778124578792, 19.232334724989631 ], [ -99.150808967142837, 19.232307252479607 ], [ -99.150844188001074, 19.232231883683937 ], [ -99.150858247463589, 19.232080564022379 ], [ -99.150893676702026, 19.231981092851175 ], [ -99.150924937006451, 19.231938933218142 ], [ -99.150968367201912, 19.231905372689372 ], [ -99.1510913876578, 19.23176908292281 ], [ -99.151094551730253, 19.231760539446725 ], [ -99.151162706936773, 19.231576492922535 ], [ -99.151224967736312, 19.231488434237907 ], [ -99.151264835866755, 19.231447321227506 ], [ -99.151358277941526, 19.231350963222354 ], [ -99.151518686723008, 19.231193803702464 ], [ -99.151546322779936, 19.231160101774233 ], [ -99.151604640739478, 19.231088982877946 ], [ -99.151617227488856, 19.231073632987677 ], [ -99.151732386883936, 19.230806864056149 ], [ -99.151747374893631, 19.230753671435867 ], [ -99.151769941457232, 19.23067357833672 ], [ -99.151773197047333, 19.230662023300649 ], [ -99.151786017985032, 19.23047819391606 ], [ -99.151813567317433, 19.230208424125657 ], [ -99.151852617917115, 19.230065432881876 ], [ -99.151856158671848, 19.230059260211423 ], [ -99.151906767559453, 19.229971033241494 ], [ -99.15201244632766, 19.229800173593826 ], [ -99.15212076773058, 19.229619963341168 ], [ -99.152223106621761, 19.229476893986824 ], [ -99.15232547753395, 19.229365313335059 ], [ -99.152367587306074, 19.22927377408169 ], [ -99.152381686059755, 19.229131794394355 ], [ -99.152409566461642, 19.228971493102836 ], [ -99.152448616492322, 19.228825653531146 ], [ -99.152499857735393, 19.228604662165168 ], [ -99.152505647359547, 19.228579694850765 ], [ -99.152554126080247, 19.228423913411806 ], [ -99.15257221053767, 19.228368113892238 ], [ -99.152641257293496, 19.228155065012064 ], [ -99.152692336199877, 19.227942223578331 ], [ -99.152707364854507, 19.227877471575109 ], [ -99.152761366385533, 19.227644803687514 ], [ -99.152824397649724, 19.227361684797618 ], [ -99.152857337679563, 19.227135774289739 ], [ -99.152927615985305, 19.22689934479839 ], [ -99.152976566271377, 19.226647024590992 ], [ -99.153064306232409, 19.226507945232985 ], [ -99.153173016011579, 19.226316535430104 ], [ -99.153253925885934, 19.226156864905722 ], [ -99.153370795857072, 19.225978944854994 ], [ -99.153309276529654, 19.225859654956583 ], [ -99.153204396332526, 19.225600054709233 ], [ -99.153115677779994, 19.225339545235986 ], [ -99.153031447722398, 19.225203624608554 ], [ -99.15296590690339, 19.225096344499793 ], [ -99.152892427301481, 19.225000375202534 ], [ -99.152832876679796, 19.224930764205478 ], [ -99.152777276297485, 19.224870564642423 ], [ -99.152729647338035, 19.224834824455058 ], [ -99.152683356658429, 19.224813085021967 ], [ -99.152629787187152, 19.224781115757246 ], [ -99.15253256742885, 19.224737884537621 ], [ -99.15244867627122, 19.224707294743151 ], [ -99.15235862752634, 19.224681734672469 ], [ -99.152268727662957, 19.224670314145165 ], [ -99.152203927940747, 19.22466868407718 ], [ -99.152112676262092, 19.224659334375211 ], [ -99.151957047452967, 19.224645204197436 ], [ -99.151854757635746, 19.224626434170819 ], [ -99.15173792732827, 19.224617775800009 ], [ -99.151658740411534, 19.224611719261507 ], [ -99.151594487236864, 19.224606804223004 ], [ -99.151544227914655, 19.224603964239993 ], [ -99.151487857483303, 19.224593894331189 ], [ -99.151443677660538, 19.224580914329955 ], [ -99.151401017644957, 19.224562164772518 ], [ -99.15136290742889, 19.224544854579349 ], [ -99.151312618132451, 19.224514534914736 ], [ -99.151265987784342, 19.224482054682817 ], [ -99.151225167645293, 19.224447204434881 ], [ -99.151182787327215, 19.224402634458897 ], [ -99.151156477434881, 19.22436906455167 ], [ -99.151135817364704, 19.22433828474929 ], [ -99.151120597410554, 19.22431220450898 ], [ -99.151107528191488, 19.224286624183197 ], [ -99.151095358108776, 19.22425909486622 ], [ -99.151084528098366, 19.22423019473603 ], [ -99.151076818259085, 19.224205604308331 ], [ -99.151070927802337, 19.224183174531539 ], [ -99.151066687522558, 19.22414819466794 ], [ -99.151065528208989, 19.224110734416495 ], [ -99.151067507955133, 19.224076224361767 ], [ -99.151073077424883, 19.224038484316427 ], [ -99.151082557655101, 19.223999994547224 ], [ -99.151093367648102, 19.223968424317061 ], [ -99.151106197535356, 19.223938684217536 ], [ -99.151125737909155, 19.223897544986276 ], [ -99.151145487840779, 19.223851264697963 ], [ -99.151163727829186, 19.223807864989379 ], [ -99.151179247405082, 19.223774194809632 ], [ -99.15118893786952, 19.223743344539596 ], [ -99.151194538179723, 19.223714114874983 ], [ -99.151196757788739, 19.223687834674184 ], [ -99.151196217398805, 19.223658994662191 ], [ -99.151193047934285, 19.223633054879848 ], [ -99.151176888054479, 19.223558935025945 ], [ -99.151156998245739, 19.223483714699057 ], [ -99.151142527369686, 19.223405085095447 ], [ -99.151213077578461, 19.223241624902215 ], [ -99.151307028183226, 19.223205054411121 ], [ -99.151388167494531, 19.223219595251358 ], [ -99.151400627985552, 19.223227534751825 ], [ -99.15141839756977, 19.223278864429084 ], [ -99.151439847884959, 19.223349885075379 ], [ -99.151470647806605, 19.223419624436914 ], [ -99.151504077738451, 19.223437344557553 ], [ -99.151536137909346, 19.223436055111513 ], [ -99.151572187867089, 19.22341445478418 ], [ -99.151612198090177, 19.223349735203143 ], [ -99.151644167390188, 19.223258375130172 ], [ -99.151664137935981, 19.223183514698462 ], [ -99.151682757599389, 19.223107394851098 ], [ -99.151767167541522, 19.222870775237649 ], [ -99.151834507573668, 19.222728335326394 ], [ -99.151901648065405, 19.222409595357188 ], [ -99.152015188010608, 19.222036575438178 ], [ -99.152028927879414, 19.221879264859766 ], [ -99.152002127349405, 19.221738255223109 ], [ -99.152056107404718, 19.221292975271687 ], [ -99.152282557887048, 19.220874655607592 ], [ -99.152330257057869, 19.220711885047304 ], [ -99.152472827423196, 19.220530945612779 ], [ -99.152609367129656, 19.220465255521159 ], [ -99.152759357452297, 19.220459225106758 ], [ -99.152833877602518, 19.220500405305803 ], [ -99.152926727395297, 19.220577995017837 ], [ -99.153050047302102, 19.22073833512248 ], [ -99.153209417072915, 19.220982285480073 ], [ -99.153276797167848, 19.221181095218153 ], [ -99.15341655733512, 19.221406974866884 ], [ -99.153473827277324, 19.221578684883841 ], [ -99.153511676068931, 19.221803365813404 ], [ -99.154387167019991, 19.220636395257529 ], [ -99.149598477855875, 19.21923943467468 ], [ -99.149585910298143, 19.21923576828879 ], [ -99.149535958574475, 19.219221195721882 ], [ -99.13830817128229, 19.215725366214102 ], [ -99.134438141069964, 19.211613253704066 ], [ -99.133890991829801, 19.211031851977975 ], [ -99.133869515976571, 19.21100903167282 ], [ -99.133595964648109, 19.210718353241614 ], [ -99.13358245774225, 19.210704001839186 ], [ -99.133305457267241, 19.210409655373006 ], [ -99.13328842264589, 19.210391553323117 ], [ -99.133032060373807, 19.210119138462549 ], [ -99.133006651238475, 19.210092138449507 ], [ -99.132965771622864, 19.210073858887814 ], [ -99.132866912536088, 19.210022938011473 ], [ -99.13281379228701, 19.209976458961677 ], [ -99.132862791474082, 19.209919598554453 ], [ -99.132910992066584, 19.209853737669754 ], [ -99.132908002055672, 19.209749489298723 ], [ -99.132857314154705, 19.209638192569574 ], [ -99.132765312748802, 19.209436177531213 ], [ -99.132758651115353, 19.209252828213391 ], [ -99.132760244694538, 19.20923855340618 ], [ -99.132760439874161, 19.209236801366995 ], [ -99.132761004022825, 19.209231745965788 ], [ -99.132788971117904, 19.208981149298939 ], [ -99.132762461983489, 19.208331938608559 ], [ -99.132702391777684, 19.208244979886086 ], [ -99.132696561560593, 19.20823653795912 ], [ -99.132624221744663, 19.208190277278909 ], [ -99.13251745197428, 19.20812199824428 ], [ -99.132477777174145, 19.20807505343997 ], [ -99.132412081202418, 19.207997319105068 ], [ -99.13238869495062, 19.207926795455229 ], [ -99.132312562472791, 19.207697209329279 ], [ -99.132313546010806, 19.207671234313754 ], [ -99.132315311581834, 19.20762459842064 ], [ -99.132331407230737, 19.20758109396964 ], [ -99.132331631700112, 19.207580487619555 ], [ -99.132421003964922, 19.207338923569498 ], [ -99.132490061775471, 19.207152269548171 ], [ -99.132514711222257, 19.207006288255293 ], [ -99.132491881246793, 19.206720598167681 ], [ -99.132426686324933, 19.206487525713047 ], [ -99.132423511385952, 19.206476169949575 ], [ -99.132263992405015, 19.206235839014013 ], [ -99.132142114482406, 19.206100368049306 ], [ -99.132135494844931, 19.206093010950283 ], [ -99.131972341591023, 19.205911659050766 ], [ -99.131635192854858, 19.205606519671779 ], [ -99.131558262866292, 19.205526348472517 ], [ -99.131477431307971, 19.205425318696953 ], [ -99.131433086815065, 19.205348575149028 ], [ -99.131358331792626, 19.205219199359256 ], [ -99.131293109788672, 19.205038532059813 ], [ -99.131206001582157, 19.204797230081674 ], [ -99.131205331746486, 19.204774153588986 ], [ -99.131199201529611, 19.204562600266183 ], [ -99.130916483042512, 19.204201719899373 ], [ -99.130834182806026, 19.204129100760621 ], [ -99.130825002351472, 19.204121000075929 ], [ -99.130757972486961, 19.204074859537585 ], [ -99.130545311465909, 19.204004200464613 ], [ -99.130499851932683, 19.203989949910213 ], [ -99.130430762515743, 19.203967438995537 ], [ -99.130106622928437, 19.203879699058156 ], [ -99.130075652735826, 19.203843439241304 ], [ -99.130071973010644, 19.203797300686297 ], [ -99.130081032081719, 19.203750139630127 ], [ -99.130191742554047, 19.203514060633168 ], [ -99.130220791736534, 19.203429379140776 ], [ -99.130294711564815, 19.203172669746518 ], [ -99.13016490795448, 19.203128834310089 ], [ -99.130053909138169, 19.203091348273297 ], [ -99.129909772120257, 19.20304267046966 ], [ -99.129739593233978, 19.203013779776615 ], [ -99.129629711743306, 19.20301035309231 ], [ -99.129305463040168, 19.203000240406677 ], [ -99.129307003986966, 19.202990740006872 ], [ -99.129384482585721, 19.202512980590463 ], [ -99.129388532003688, 19.202462090601237 ], [ -99.129422083309834, 19.202066179459752 ], [ -99.129457573222865, 19.201813320503888 ], [ -99.129472971795479, 19.201658719391503 ], [ -99.129531342208992, 19.20106920986931 ], [ -99.129532367236351, 19.200744436519017 ], [ -99.129532573367101, 19.200679211187804 ], [ -99.129532571677885, 19.200678793513131 ], [ -99.1295323427141, 19.200379230765968 ], [ -99.129461712189169, 19.200319889610732 ], [ -99.129395862390581, 19.200222469913435 ], [ -99.129352493445154, 19.200155499982404 ], [ -99.129334802316748, 19.200096140969588 ], [ -99.129326891752925, 19.200034940459293 ], [ -99.129332372724008, 19.199879179892353 ], [ -99.129312992466865, 19.199833370747843 ], [ -99.129279773123869, 19.199801900472625 ], [ -99.129145033694158, 19.199740770059559 ], [ -99.12910965246553, 19.199712431260966 ], [ -99.129081803334302, 19.199668580933299 ], [ -99.129076942637283, 19.199582030227553 ], [ -99.129085193175072, 19.199438300869961 ], [ -99.129105081831455, 19.199320601537135 ], [ -99.129132262094117, 19.199188119947774 ], [ -99.129191942070307, 19.199043140204754 ], [ -99.129269462775582, 19.198898090294282 ], [ -99.12937025273844, 19.198739261362547 ], [ -99.129441082126974, 19.198596780262271 ], [ -99.129470433547738, 19.198517640503571 ], [ -99.129490691783914, 19.198452980599164 ], [ -99.12950214317452, 19.198404780052549 ], [ -99.129507692071556, 19.198366441729789 ], [ -99.129504802585515, 19.198322640424536 ], [ -99.129491943253726, 19.198289580669631 ], [ -99.129472633110424, 19.198259460333603 ], [ -99.129449373590475, 19.198233671410751 ], [ -99.129367391833014, 19.19818787126016 ], [ -99.129285232303957, 19.198161371593802 ], [ -99.129261932728895, 19.198124000262265 ], [ -99.129266053036631, 19.198033900719146 ], [ -99.129266513152402, 19.198001610670143 ], [ -99.129301253515266, 19.197934671501265 ], [ -99.129430133319119, 19.197767940796378 ], [ -99.129533402756977, 19.197652410814083 ], [ -99.129500033017806, 19.19751052111868 ], [ -99.129473762078916, 19.197451341581548 ], [ -99.129465293133393, 19.197375010416827 ], [ -99.129498232654356, 19.197268121047561 ], [ -99.12960537288123, 19.19711775138407 ], [ -99.130012942776631, 19.196742240667653 ], [ -99.130215533410279, 19.19660854127827 ], [ -99.130386083208421, 19.196378870955414 ], [ -99.130442972572894, 19.196202601236678 ], [ -99.130418482686238, 19.196093261076602 ], [ -99.130353440587086, 19.196013424778155 ], [ -99.130353026022419, 19.196012915909225 ], [ -99.130212762893308, 19.195840750617219 ], [ -99.130116543443165, 19.195583801029588 ], [ -99.130039652957507, 19.195456210835275 ], [ -99.129935883019698, 19.195354201579306 ], [ -99.130013892656521, 19.194907870876197 ], [ -99.130115693086253, 19.194677351592322 ], [ -99.130085112596134, 19.194564341746517 ], [ -99.130070573463115, 19.194510861102493 ], [ -99.130096112817142, 19.194465151803055 ], [ -99.130228512662868, 19.194363291073547 ], [ -99.130271692619331, 19.1943312417587 ], [ -99.130483462843713, 19.19400966155802 ], [ -99.130460592475274, 19.193757301559867 ], [ -99.130464313199923, 19.193659781553372 ], [ -99.130570002683029, 19.193382341480365 ], [ -99.130608453156128, 19.193161972106946 ], [ -99.130767313180925, 19.192937431547122 ], [ -99.130633862547086, 19.192692701348193 ], [ -99.130646593126059, 19.192447891944525 ], [ -99.130590592624117, 19.192288842235321 ], [ -99.13065062245812, 19.192064371812805 ], [ -99.130650282738245, 19.191643861734189 ], [ -99.130665032734655, 19.19131203210096 ], [ -99.130469492776314, 19.191080211878933 ], [ -99.130141713212637, 19.190899292108497 ], [ -99.129995313418604, 19.190730552185972 ], [ -99.129988263145037, 19.190487431883692 ], [ -99.129927453394217, 19.19029463250633 ], [ -99.129339943571168, 19.189808292307401 ], [ -99.128720743482901, 19.18914237296482 ], [ -99.128154263854483, 19.188807972871004 ], [ -99.127727403990235, 19.188471613006119 ], [ -99.127561973170671, 19.188288402600694 ], [ -99.127404713301175, 19.18810555320913 ], [ -99.127260284075049, 19.187859662857218 ], [ -99.12711356360019, 19.187561523382922 ], [ -99.127068433937183, 19.18726330288758 ], [ -99.127243833678151, 19.186996952878765 ], [ -99.127378133725912, 19.186711382936362 ], [ -99.127478224029375, 19.186404473072773 ], [ -99.127852343701178, 19.186042443125675 ], [ -99.128365973883092, 19.185606503808071 ], [ -99.12873069357957, 19.185027063324046 ], [ -99.128854993673016, 19.184786633622974 ], [ -99.128962773174081, 19.18464866398195 ], [ -99.129107973468635, 19.184605213543996 ], [ -99.129421853492076, 19.184544263535894 ], [ -99.129507452919455, 19.184464753632767 ], [ -99.129586173572719, 19.184314973829942 ], [ -99.129673233333662, 19.184220353518562 ], [ -99.129764483223155, 19.184161184039326 ], [ -99.12985991345839, 19.184149293935111 ], [ -99.129963622653293, 19.184113774168566 ], [ -99.130093543348337, 19.183930873994392 ], [ -99.130188082705985, 19.183700073908064 ], [ -99.130234402704858, 19.183353504008263 ], [ -99.13024962299248, 19.182947973827989 ], [ -99.130326962748583, 19.182549774450919 ], [ -99.130489832826868, 19.182306344245195 ], [ -99.130792492715486, 19.182099674351051 ], [ -99.13104076296348, 19.181804574165895 ], [ -99.131279142612499, 19.181250414009501 ], [ -99.13146819267071, 19.180626754806216 ], [ -99.131615542164141, 19.180390704950213 ], [ -99.13185597263454, 19.180051374538092 ], [ -99.131972112419717, 19.179616274662511 ], [ -99.132065022315658, 19.179269674573149 ], [ -99.132150222727148, 19.179004185062041 ], [ -99.132235432936113, 19.178753435182255 ], [ -99.132386862604434, 19.178529344807647 ], [ -99.132394132595394, 19.178209185092783 ], [ -99.13231853214026, 19.177958695470831 ], [ -99.132288172680163, 19.177701005534342 ], [ -99.132287972148291, 19.177464775720679 ], [ -99.132317942098652, 19.177214205042183 ], [ -99.132430822905647, 19.176970745019673 ], [ -99.132497172006012, 19.176769415008241 ], [ -99.132494512372219, 19.176666465215302 ], [ -99.132406622691633, 19.17653414577714 ], [ -99.132303232728034, 19.176392035893613 ], [ -99.132241762097834, 19.176212075869103 ], [ -99.132153492125013, 19.175834075708032 ], [ -99.132125032385844, 19.175498575718748 ], [ -99.132056052619504, 19.175117215419174 ], [ -99.131942492676657, 19.17486166576052 ], [ -99.131743882649744, 19.174545635670533 ], [ -99.131559492534052, 19.174290155642051 ], [ -99.131375092283562, 19.174034646271121 ], [ -99.131098662464694, 19.173839776184593 ], [ -99.130904232720823, 19.173600446563228 ], [ -99.130787292515066, 19.17341752587372 ], [ -99.130461192973542, 19.1729681462987 ], [ -99.130189033035222, 19.1726678462595 ], [ -99.130065312808071, 19.172512146842266 ], [ -99.13002619297157, 19.172443506103392 ], [ -99.129941712813107, 19.172357406283847 ], [ -99.129942862892122, 19.172243146538232 ], [ -99.129955093258147, 19.172192976550637 ], [ -99.129989462569768, 19.172134636771542 ], [ -99.130063793091196, 19.172080676081851 ], [ -99.130236663064025, 19.172005216520539 ], [ -99.130334232928121, 19.171956556969139 ], [ -99.130402002910742, 19.171906946613255 ], [ -99.130454162837751, 19.171852416515215 ], [ -99.130469713351516, 19.171797867023194 ], [ -99.130501202768713, 19.171641077050367 ], [ -99.130535492647667, 19.171390776286387 ], [ -99.13052533311371, 19.171044636871557 ], [ -99.130511972454457, 19.170834846958847 ], [ -99.130470252575819, 19.170718647132976 ], [ -99.130506853168228, 19.170569896723048 ], [ -99.130513142931278, 19.170399246537972 ], [ -99.130305792836097, 19.16885618679726 ], [ -99.130166532751289, 19.168217607531691 ], [ -99.130194592722447, 19.167261157661116 ], [ -99.130209833318403, 19.166576557617496 ], [ -99.130307082718559, 19.165903188256276 ], [ -99.130463332951976, 19.165406017648419 ], [ -99.130633742424124, 19.164897547947159 ], [ -99.131060763111748, 19.164052618548933 ], [ -99.131642653096932, 19.163182678152992 ], [ -99.131806962205047, 19.16260606895727 ], [ -99.131968662733826, 19.162123758846704 ], [ -99.132240962029741, 19.161606209233796 ], [ -99.132390972658669, 19.161280898968087 ], [ -99.132515602327715, 19.160845159337182 ], [ -99.132687202118433, 19.160131558998962 ], [ -99.13271729203268, 19.159335789049923 ], [ -99.132817022738095, 19.158580809657948 ], [ -99.13288714256953, 19.15772464972931 ], [ -99.132787602810183, 19.156620819617537 ], [ -99.132828932357612, 19.155822150293751 ], [ -99.132787662170003, 19.154877910532356 ], [ -99.132547362300173, 19.154295480549422 ], [ -99.132460162347343, 19.153986780995208 ], [ -99.132603852828154, 19.153378760571776 ], [ -99.132592572188329, 19.153216790966081 ], [ -99.132573942480278, 19.153118271198352 ], [ -99.132501162278459, 19.153023481099581 ], [ -99.132133882376067, 19.152918531128144 ], [ -99.131650462553296, 19.152631640857582 ], [ -99.131395632491447, 19.152650610849062 ], [ -99.131043052947987, 19.152665811414117 ], [ -99.130236633247932, 19.152541300956234 ], [ -99.131223852859151, 19.150747511061191 ], [ -99.132398362004636, 19.148608421965502 ], [ -99.13720366174698, 19.150747511341923 ], [ -99.137765631368538, 19.150992751589104 ], [ -99.138524571373381, 19.151335481595691 ], [ -99.138940961086007, 19.151440581480539 ], [ -99.139418460815563, 19.151644351045263 ], [ -99.139766561086788, 19.151804501625634 ], [ -99.140012510201188, 19.151955700991458 ], [ -99.140396630064444, 19.152210390838761 ], [ -99.140687880128226, 19.152493820605443 ], [ -99.140841400358113, 19.152915530638765 ], [ -99.141125260303212, 19.153511681046325 ], [ -99.141516290248177, 19.154056851095092 ], [ -99.141814830127643, 19.154477190607601 ], [ -99.142026390487501, 19.154740450200141 ], [ -99.142275959686742, 19.155133510819333 ], [ -99.142511539829869, 19.155554730665102 ], [ -99.142741860241117, 19.156077479943491 ], [ -99.142930629530738, 19.156511100023206 ], [ -99.143048509576815, 19.156815639706071 ], [ -99.143230559775063, 19.157140419968602 ], [ -99.143438129701252, 19.15753598020417 ], [ -99.143669389372207, 19.157831779765125 ], [ -99.14395312916831, 19.158113980078898 ], [ -99.144222329711297, 19.158396179269314 ], [ -99.144486459199143, 19.158662579191795 ], [ -99.144796859048299, 19.15886115964938 ], [ -99.144914489557038, 19.158925469466066 ], [ -99.145450139167508, 19.159210849676292 ], [ -99.146069169465321, 19.159549269319715 ], [ -99.146502129254841, 19.159808748985331 ], [ -99.146796198747282, 19.15994181886219 ], [ -99.147200478381549, 19.160038639342549 ], [ -99.147570888457039, 19.160137759089963 ], [ -99.148192388388665, 19.160232159329748 ], [ -99.148696458116106, 19.160270158871445 ], [ -99.149600728172885, 19.160310009417152 ], [ -99.149716058665192, 19.159841218978745 ], [ -99.151798077833803, 19.151407881564122 ], [ -99.151949217999629, 19.150764561083641 ], [ -99.152491887559833, 19.142115213679311 ], [ -99.153996587306537, 19.138118704281574 ], [ -99.155001626814098, 19.135306844722368 ], [ -99.163285155166292, 19.117487709416686 ], [ -99.154739846847306, 19.108833691152618 ], [ -99.146803169109006, 19.100580233012639 ], [ -99.136473791820961, 19.089375125480945 ], [ -99.178222981171487, 19.092471404496948 ], [ -99.221076631100132, 19.095637434252488 ], [ -99.226770069864955, 19.096057143889375 ], [ -99.256621932395277, 19.116554959483668 ], [ -99.278687496879527, 19.131698855745608 ], [ -99.280140666569238, 19.134129009634467 ], [ -99.282581104094419, 19.138209965605878 ], [ -99.285326215821144, 19.142800082365959 ], [ -99.287597524915412, 19.146597702066877 ], [ -99.293107333023826, 19.165296208260148 ], [ -99.295589122293677, 19.172879926586397 ], [ -99.300175391200966, 19.184575634250617 ], [ -99.301323701041554, 19.188414542972509 ], [ -99.302754921023961, 19.190852212392727 ], [ -99.303235590531315, 19.193652922029266 ], [ -99.303907840572535, 19.197176301257194 ], [ -99.303957360802301, 19.198260670737589 ], [ -99.304437100104323, 19.200519150543336 ], [ -99.3046787805837, 19.20264246981106 ], [ -99.306122899650603, 19.206140859254855 ], [ -99.306777009369341, 19.211077947857401 ], [ -99.30712780940226, 19.213725576844119 ], [ -99.308125409259034, 19.214366026992337 ], [ -99.308291959356367, 19.214509516631828 ], [ -99.312292548449406, 19.218028195753337 ], [ -99.313358007608457, 19.21896448618914 ], [ -99.31624201711, 19.221498795229074 ], [ -99.316113977627452, 19.222585944729492 ], [ -99.315547807274058, 19.227392464409121 ], [ -99.315048817746259, 19.226894934071101 ], [ -99.314657577783251, 19.22670160420568 ], [ -99.314444557535253, 19.226618033870725 ], [ -99.314003378333197, 19.226473424021364 ], [ -99.313545587849433, 19.226205254079115 ], [ -99.313243187815019, 19.225974004644797 ], [ -99.312965928077261, 19.225801654253225 ], [ -99.312647778512087, 19.225954714317197 ], [ -99.312268318521774, 19.226017224694885 ], [ -99.311983238327244, 19.225938734111338 ], [ -99.311709748779762, 19.225868334811555 ], [ -99.311431808321018, 19.225733914433317 ], [ -99.311275088482191, 19.225630434707465 ], [ -99.311155578136734, 19.225516114674164 ], [ -99.311018318638901, 19.225394664737603 ], [ -99.310825838571773, 19.22516682428202 ], [ -99.31048886914644, 19.225210464945224 ], [ -99.309983519022296, 19.224795164637268 ], [ -99.309616959097625, 19.224745934980042 ], [ -99.309422438799089, 19.22455076501155 ], [ -99.309182189269464, 19.22429020435683 ], [ -99.308938808901019, 19.223926655092292 ], [ -99.308617719416475, 19.223606765026204 ], [ -99.30839389959992, 19.223495654865516 ], [ -99.308047699643168, 19.223429495223563 ], [ -99.307782989788052, 19.223192395433589 ], [ -99.30709189997026, 19.222759895374352 ], [ -99.306483890131204, 19.222406795478339 ], [ -99.306040179584642, 19.22236123488031 ], [ -99.305696699943738, 19.222233295420928 ], [ -99.305422929635569, 19.222010364862822 ], [ -99.304703960392828, 19.221330095660164 ], [ -99.303964930458775, 19.220573115411074 ], [ -99.303686930685501, 19.220330296111708 ], [ -99.303428640090019, 19.220088195322472 ], [ -99.303231250504751, 19.219818486177338 ], [ -99.30308564020703, 19.219585545735594 ], [ -99.302723130354281, 19.219255426336083 ], [ -99.302448391086401, 19.2189658557059 ], [ -99.301993361082424, 19.218624546337949 ], [ -99.301494921342027, 19.218286576344436 ], [ -99.301420151275124, 19.218217896186314 ], [ -99.300966820976512, 19.218195715969546 ], [ -99.300536051490425, 19.217966235907337 ], [ -99.300259181169039, 19.21773951611943 ], [ -99.299800841305682, 19.217738345912075 ], [ -99.299217091286877, 19.217706695932378 ], [ -99.298612211826878, 19.217926805993905 ], [ -99.298136642163115, 19.21807853619644 ], [ -99.297791501690384, 19.218118975804941 ], [ -99.297350731908651, 19.217915485814043 ], [ -99.297015322254182, 19.217829456405223 ], [ -99.29669809246991, 19.217760466533495 ], [ -99.296418152390345, 19.217524945899999 ], [ -99.296120702661071, 19.217107716223445 ], [ -99.29582655257687, 19.216759666206531 ], [ -99.295480052381095, 19.21629473673342 ], [ -99.295263212684134, 19.215954666235461 ], [ -99.295048052992186, 19.215478026375564 ], [ -99.294937253028706, 19.215334207138245 ], [ -99.294828652320618, 19.215242837048145 ], [ -99.294676443102844, 19.215177667119189 ], [ -99.294431242580757, 19.215119406971969 ], [ -99.294300392916824, 19.215022686762648 ], [ -99.294193962979037, 19.214885197285128 ], [ -99.294114132666323, 19.214782566944059 ], [ -99.293938272713831, 19.214641297029967 ], [ -99.293815622940883, 19.214563946657933 ], [ -99.293776752995569, 19.214517467048164 ], [ -99.293713332899372, 19.214393036563077 ], [ -99.293640872547812, 19.214318227409414 ], [ -99.293555272455805, 19.214259036661009 ], [ -99.293393953267781, 19.214140657345133 ], [ -99.293143623180484, 19.213903777046504 ], [ -99.292746562820412, 19.213770857331735 ], [ -99.292385852922592, 19.213822937163055 ], [ -99.291760162960159, 19.21428005700113 ], [ -99.291430213725192, 19.214595396683119 ], [ -99.291053843296993, 19.214450736610647 ], [ -99.29061947325971, 19.214257836759302 ], [ -99.290249963922207, 19.214073207118751 ], [ -99.289882473854689, 19.213912096721238 ], [ -99.289421813906614, 19.213728067210692 ], [ -99.289157164182853, 19.213806887263669 ], [ -99.289048994377396, 19.213815167383405 ], [ -99.288932893806376, 19.213773427356902 ], [ -99.288727103857852, 19.213713686946242 ], [ -99.288568694056664, 19.213603797206918 ], [ -99.288188423814944, 19.213304026828936 ], [ -99.288040533968783, 19.213174097658502 ], [ -99.28781584417743, 19.213119376944892 ], [ -99.287505854609151, 19.21314669733032 ], [ -99.287097844097445, 19.213159747154002 ], [ -99.286809494948741, 19.213199397173227 ], [ -99.286516104606363, 19.213275626806276 ], [ -99.286274614691678, 19.213332406993473 ], [ -99.286021855036779, 19.213307487313703 ], [ -99.285564824854944, 19.213262166847759 ], [ -99.285386044717441, 19.213283146981709 ], [ -99.285253074953403, 19.21330819766337 ], [ -99.285144164825851, 19.213376696952984 ], [ -99.285043985141115, 19.213449317601217 ], [ -99.284956814679319, 19.213482576990742 ], [ -99.284818324879453, 19.213559686832941 ], [ -99.284716875250666, 19.2136331369366 ], [ -99.284629365456652, 19.213686807306175 ], [ -99.284569215540543, 19.213677916986011 ], [ -99.284405585182014, 19.213633317235587 ], [ -99.284098135180784, 19.213648627302366 ], [ -99.283931475068187, 19.213601597140833 ], [ -99.283701335300535, 19.213536627437875 ], [ -99.283528695069833, 19.213420826824834 ], [ -99.28339322548517, 19.213207567658802 ], [ -99.283289645744432, 19.213158457707181 ], [ -99.283092505180988, 19.213052747293787 ], [ -99.282385856000772, 19.213078576913176 ], [ -99.282132565388437, 19.213223007345807 ], [ -99.281882105774088, 19.213392857516201 ], [ -99.281577845754896, 19.213529466928012 ], [ -99.281332365522445, 19.213643946736855 ], [ -99.281134845549872, 19.213694947094723 ], [ -99.281038366202978, 19.213721807312574 ], [ -99.280965105660044, 19.213706227268663 ], [ -99.280887126419628, 19.213681666722845 ], [ -99.280752396278189, 19.213628057555297 ], [ -99.280587096153326, 19.213652977456849 ], [ -99.280313076414416, 19.213646667391995 ], [ -99.280147856126746, 19.213720936870519 ], [ -99.279858275924568, 19.213836967054402 ], [ -99.279568366280643, 19.213918036695507 ], [ -99.279364426269041, 19.21398588742468 ], [ -99.278807186151084, 19.214072637245444 ], [ -99.278595876580852, 19.214183596695079 ], [ -99.278201997098122, 19.214275767047869 ], [ -99.278044816746856, 19.214420117376438 ], [ -99.278008256293688, 19.214447467254065 ], [ -99.277974326765829, 19.214474827421132 ], [ -99.277932526699729, 19.214489777340543 ], [ -99.277740956555093, 19.214511396635928 ], [ -99.27765536678227, 19.214548227179268 ], [ -99.277593966523085, 19.214587397316723 ], [ -99.277555127209709, 19.214647456846997 ], [ -99.277527136576012, 19.214675837222533 ], [ -99.277498937158768, 19.214681547058699 ], [ -99.277446646494937, 19.214676656774163 ], [ -99.277332856550117, 19.214713117149049 ], [ -99.277181077297897, 19.214835516986223 ], [ -99.276769557225037, 19.215300687096633 ], [ -99.276708277118118, 19.215403037103336 ], [ -99.276660016807369, 19.215483516877836 ], [ -99.276607727001704, 19.215564006391013 ], [ -99.276547337532563, 19.215631096665305 ], [ -99.276462707397215, 19.215658036474334 ], [ -99.276404306699803, 19.215704066694041 ], [ -99.276351216695872, 19.215792036608693 ], [ -99.276331457179822, 19.215998546857229 ], [ -99.276271187358574, 19.216351736633577 ], [ -99.276233996692142, 19.21642019667561 ], [ -99.276027366751876, 19.216486656574844 ], [ -99.275869937145799, 19.216576746081863 ], [ -99.275648797063241, 19.216756296807855 ], [ -99.275296597436068, 19.217052566008842 ], [ -99.274608277428072, 19.217515396131969 ], [ -99.274444217854438, 19.217884316474809 ], [ -99.274357018021888, 19.218082636287317 ], [ -99.274198997941397, 19.21814951585436 ], [ -99.27414689768338, 19.218306626263189 ], [ -99.274129247284776, 19.21845506641748 ], [ -99.274122567589387, 19.218630935760228 ], [ -99.274051857227676, 19.218847596256911 ], [ -99.273975767908524, 19.219525006251047 ], [ -99.274008247421278, 19.219703796184515 ], [ -99.274031337991744, 19.220098235242109 ], [ -99.274095187419519, 19.220397765425709 ], [ -99.274165587711295, 19.220698745720238 ], [ -99.274148877624668, 19.221036005727122 ], [ -99.273943877824067, 19.221226625546628 ], [ -99.273776398041306, 19.22137031576198 ], [ -99.273543967421645, 19.221570234929356 ], [ -99.272981557930905, 19.221808835130823 ], [ -99.272546458086836, 19.222135625252943 ], [ -99.272245877959762, 19.222657535299334 ], [ -99.271951058319814, 19.222934454679454 ], [ -99.2717400785275, 19.223144164804062 ], [ -99.271463168244225, 19.223361634826027 ], [ -99.271306128613958, 19.223430514589712 ], [ -99.271106018218063, 19.223545834982513 ], [ -99.27091589817644, 19.223700454935415 ], [ -99.270764018758996, 19.223953634724147 ], [ -99.270670508215389, 19.224200134664919 ], [ -99.270525198436772, 19.224289034529377 ], [ -99.269787508332001, 19.224399235056413 ], [ -99.269479199082937, 19.224485824694963 ], [ -99.269140858707289, 19.224710264576434 ], [ -99.26858507872295, 19.225107294835471 ], [ -99.268230028624401, 19.22558593429148 ], [ -99.267701909290338, 19.225939654686158 ], [ -99.266851569817206, 19.226527143915153 ], [ -99.266496199330859, 19.226791224016743 ], [ -99.266223799309159, 19.226913424030549 ], [ -99.26600807987262, 19.226949434148292 ], [ -99.265763159803086, 19.226991363724292 ], [ -99.265560940082466, 19.22709414421838 ], [ -99.265250649392797, 19.227113804489399 ], [ -99.265129389641785, 19.227216463745822 ], [ -99.265075759440165, 19.22742789385288 ], [ -99.264025739758779, 19.228222563878717 ], [ -99.263764800484367, 19.228490964200944 ], [ -99.263323700142379, 19.228634573481465 ], [ -99.262714080709713, 19.228978233948645 ], [ -99.262441630626768, 19.229123223441636 ], [ -99.262017160404241, 19.229183464000293 ], [ -99.261610170858745, 19.229266263672869 ], [ -99.261266860500683, 19.229332193338209 ], [ -99.260923310939319, 19.229410143657461 ], [ -99.26029456070016, 19.229704863603516 ], [ -99.259964861486893, 19.229857713707304 ], [ -99.258889101377264, 19.230508743286947 ], [ -99.258611851031176, 19.230764262922161 ], [ -99.258382731365757, 19.230977592930863 ], [ -99.258082341375442, 19.231278172863899 ], [ -99.257899141978413, 19.2315494330125 ], [ -99.257630851972891, 19.231790942847436 ], [ -99.257444231947659, 19.232056883175037 ], [ -99.257263311554013, 19.232467743090176 ], [ -99.256944902183506, 19.232541993129821 ], [ -99.256349361960801, 19.232531173206716 ], [ -99.256089332379176, 19.232537052654198 ], [ -99.255961901869725, 19.232773192728615 ], [ -99.255641362610632, 19.233218803064879 ], [ -99.25512877237675, 19.233702422929536 ], [ -99.254738372445289, 19.233927662101298 ], [ -99.254370082103605, 19.234064562715105 ], [ -99.253976652317604, 19.234439172009143 ], [ -99.253424802680158, 19.234808732355514 ], [ -99.253121632832588, 19.235097392587015 ], [ -99.252901392853644, 19.235464541700335 ], [ -99.252819023125994, 19.235744162193978 ], [ -99.252667932995124, 19.23609139243867 ], [ -99.252654222740247, 19.236642691589925 ], [ -99.252795103290993, 19.237189861686499 ], [ -99.252861112468466, 19.237587261220373 ], [ -99.252704463010616, 19.237819361449333 ], [ -99.252401852888525, 19.238160391463282 ], [ -99.252180913039737, 19.238394801160535 ], [ -99.25201056315106, 19.238629141195577 ], [ -99.251871972944883, 19.23897148157991 ], [ -99.251777452929048, 19.239495031109612 ], [ -99.251464633223407, 19.240069250933757 ], [ -99.250985883487118, 19.240453020904067 ], [ -99.251034203155214, 19.240910990564572 ], [ -99.251175023044993, 19.241264450415386 ], [ -99.251379203055677, 19.241467330585948 ], [ -99.251591203561972, 19.241669160613402 ], [ -99.251793562798582, 19.2420221902658 ], [ -99.251760823149141, 19.242430280352604 ], [ -99.251443163194168, 19.242923400550062 ], [ -99.251303503036866, 19.243149970275901 ], [ -99.251200113443673, 19.243361730687454 ], [ -99.251001882976198, 19.243771490360473 ], [ -99.250852573716159, 19.243965360442893 ], [ -99.250583463222782, 19.24428485015908 ], [ -99.250350133135782, 19.244517260470577 ], [ -99.250221053230717, 19.244556139954653 ], [ -99.250138713556282, 19.244685659714417 ], [ -99.250125933280771, 19.244796369810956 ], [ -99.250193913445926, 19.244910689827712 ], [ -99.250469963093764, 19.245206159521082 ], [ -99.250438283046094, 19.245395629539406 ], [ -99.25034325343016, 19.245690389781679 ], [ -99.250160903667322, 19.245722049683419 ], [ -99.249931823278004, 19.245698760180741 ], [ -99.249818253872292, 19.245738740011365 ], [ -99.249642233361627, 19.245937929310156 ], [ -99.249610053212137, 19.246081999579115 ], [ -99.249603513507324, 19.246201219248842 ], [ -99.249588513246636, 19.24632858996172 ], [ -99.249409663321941, 19.246427079192806 ], [ -99.249238823511718, 19.246511889761532 ], [ -99.249108453327679, 19.246585969557845 ], [ -99.248892993977307, 19.246736189677083 ], [ -99.248601603868451, 19.246839599825556 ], [ -99.248288593824128, 19.246812629362175 ], [ -99.24817522407578, 19.246774859229944 ], [ -99.247999973667604, 19.246730859532835 ], [ -99.247914973772467, 19.246863929459952 ], [ -99.247831914206998, 19.246969369600574 ], [ -99.24775166393033, 19.247101139899108 ], [ -99.247642933776504, 19.247336489533414 ], [ -99.247599944324406, 19.247464709006088 ], [ -99.247634944085789, 19.247646089178019 ], [ -99.247642403881642, 19.247853389496861 ], [ -99.247582464575231, 19.248078509562561 ], [ -99.247579144182836, 19.248302289042087 ], [ -99.247503964101838, 19.248524529375938 ], [ -99.247457204026787, 19.248730219067529 ], [ -99.247378344069332, 19.248850049452379 ], [ -99.246994224244347, 19.249063969076925 ], [ -99.246824664779766, 19.249171368734842 ], [ -99.246664763964716, 19.249343289341812 ], [ -99.246561264494872, 19.24943107923194 ], [ -99.246467454760534, 19.24946219871568 ], [ -99.246294594249335, 19.249507489311338 ], [ -99.246133254819938, 19.249562928525549 ], [ -99.245932394295608, 19.249655848554692 ], [ -99.245784024536988, 19.249760739023923 ], [ -99.245336395009019, 19.250185328850861 ], [ -99.245278174391728, 19.25026948839821 ], [ -99.245224314898792, 19.250374168403297 ], [ -99.245192035017908, 19.250466528396984 ], [ -99.245205204398374, 19.250603928947807 ], [ -99.245215454578016, 19.250812508695951 ], [ -99.245242515011469, 19.251034988648968 ], [ -99.245209254930103, 19.251293188418881 ], [ -99.244997544330374, 19.251802648292156 ], [ -99.244757795171864, 19.252323758573439 ], [ -99.244778314454479, 19.252443658483845 ], [ -99.244711594398211, 19.252542508523039 ], [ -99.244604514460121, 19.252632537877886 ], [ -99.244585342637151, 19.2527011764764 ], [ -99.244577365152438, 19.252729738113992 ], [ -99.244596707759314, 19.253040903012931 ], [ -99.244599134687192, 19.253079938434954 ], [ -99.244611535047554, 19.253209078194132 ], [ -99.244647175140756, 19.253351188229498 ], [ -99.244713714761886, 19.253677078082791 ], [ -99.244757574916619, 19.254031017729886 ], [ -99.244794485058378, 19.254388107662116 ], [ -99.244861945077147, 19.254559187735499 ], [ -99.244928974621715, 19.25467190768514 ], [ -99.245106265170733, 19.254941857712954 ], [ -99.245174884915826, 19.255027197604029 ], [ -99.24519713478135, 19.255129397300401 ], [ -99.245212980622739, 19.255174965218895 ], [ -99.245238945097555, 19.255249627989134 ], [ -99.245210204863255, 19.25540953784132 ], [ -99.245156174895641, 19.255607197500009 ], [ -99.245084024315403, 19.255796327329264 ], [ -99.245051534259218, 19.25587198750889 ], [ -99.245026315018123, 19.2559579374485 ], [ -99.244923234372166, 19.256054337063656 ], [ -99.244859334999376, 19.256197157155178 ], [ -99.244813544561936, 19.256282017813465 ], [ -99.244807864493467, 19.256354647400002 ], [ -99.244920119538108, 19.2564783825209 ], [ -99.244967254851971, 19.256530337029034 ], [ -99.245130485136769, 19.256697357351861 ], [ -99.245227665112466, 19.25680473764292 ], [ -99.245283904417775, 19.256904556984637 ], [ -99.245384835018712, 19.257171857595079 ], [ -99.245378114940408, 19.257339217296735 ], [ -99.245276965044383, 19.257514627275363 ], [ -99.244974504798137, 19.257759566948287 ], [ -99.244444914928096, 19.258161567063993 ], [ -99.244364824710686, 19.258276876624063 ], [ -99.243887145312613, 19.258859276913334 ], [ -99.243874395001399, 19.258942877015567 ], [ -99.243863604909293, 19.259056796774633 ], [ -99.243880535210025, 19.259197786376323 ], [ -99.243986734879016, 19.259405626349462 ], [ -99.244049964528855, 19.259458426817879 ], [ -99.24432073444413, 19.259413386507063 ], [ -99.24437454474068, 19.259374526375943 ], [ -99.244601105110576, 19.259188456612289 ], [ -99.24475205491423, 19.259089847188196 ], [ -99.244905994288715, 19.258999677181027 ], [ -99.245086344852268, 19.258943196415768 ], [ -99.245249534583394, 19.258895186910706 ], [ -99.245393854343035, 19.258904967199243 ], [ -99.245573434752544, 19.258908246780724 ], [ -99.245728604889067, 19.2589385072339 ], [ -99.245864504150262, 19.258989886351944 ], [ -99.245966564854172, 19.259037076728006 ], [ -99.246340484292091, 19.259343886401918 ], [ -99.246809313881585, 19.259718416859325 ], [ -99.247182824440287, 19.260198366097637 ], [ -99.247228824037094, 19.260274426116482 ], [ -99.247190174639343, 19.260324486409928 ], [ -99.246833344300583, 19.260534256113697 ], [ -99.246470463912516, 19.260651766482859 ], [ -99.246290463940568, 19.260746216792672 ], [ -99.246221314320593, 19.260886286122538 ], [ -99.245932344935994, 19.261197245847974 ], [ -99.24571323491638, 19.261566046447438 ], [ -99.245646394455591, 19.261716796039234 ], [ -99.245609434113092, 19.26222196627678 ], [ -99.245554194423505, 19.262544615624627 ], [ -99.245520634879398, 19.262930246224734 ], [ -99.245534964552547, 19.263085826160527 ], [ -99.245625134565955, 19.263371085720546 ], [ -99.245898564517901, 19.263603395280882 ], [ -99.24637530484928, 19.263980995754338 ], [ -99.246987453991267, 19.264493645359785 ], [ -99.247082744086043, 19.264746165148349 ], [ -99.247054254180256, 19.265055105646063 ], [ -99.247013194480417, 19.265525565042925 ], [ -99.246989144460159, 19.265592584910554 ], [ -99.246950204280623, 19.265636704949333 ], [ -99.246654944352642, 19.26572347483766 ], [ -99.246368424195353, 19.265821645241264 ], [ -99.246043944260251, 19.266241595230351 ], [ -99.246000994640681, 19.266308554806031 ], [ -99.245966804744029, 19.26637042474524 ], [ -99.245943914858799, 19.266434484927107 ], [ -99.245923974484825, 19.266506675034631 ], [ -99.245960573453686, 19.266837394815479 ], [ -99.246048364843261, 19.267030885199318 ], [ -99.246066144367674, 19.267171275215667 ], [ -99.246043534375531, 19.267350425071033 ], [ -99.245987104549712, 19.267525904919189 ], [ -99.245944493189228, 19.26758291012403 ], [ -99.245884374807162, 19.267663335194683 ], [ -99.245847421797492, 19.267699817442708 ], [ -99.24577443372641, 19.267771874533544 ], [ -99.245378704458687, 19.268084284435421 ], [ -99.245361897562873, 19.268097706565243 ], [ -99.24531843449968, 19.268132415581604 ], [ -99.245263594294855, 19.268182934334195 ], [ -99.244964804615478, 19.268515014454522 ], [ -99.244866265065042, 19.268653674930668 ], [ -99.244483505278382, 19.268840046501161 ], [ -99.244155121266502, 19.269063187781132 ], [ -99.243941821827534, 19.269208127595242 ], [ -99.243735574899702, 19.269348274431017 ], [ -99.243591064955069, 19.26950058404244 ], [ -99.243483653448124, 19.269684163956388 ], [ -99.243460114654056, 19.269786983937486 ], [ -99.24349011542003, 19.269970584346307 ], [ -99.243594563975591, 19.270264855571785 ], [ -99.24359097465495, 19.270386284102226 ], [ -99.243638315003153, 19.270691954321343 ], [ -99.243633944907216, 19.27087241604703 ], [ -99.243649824893794, 19.271005214405012 ], [ -99.243671514649549, 19.271184843588394 ], [ -99.243722344381922, 19.271461104318178 ], [ -99.243764684988662, 19.271634795614347 ], [ -99.243818825215641, 19.271785783844976 ], [ -99.243960163046651, 19.272109043357926 ], [ -99.244074563840286, 19.272330686772015 ], [ -99.244296315061931, 19.272452284055213 ], [ -99.244494234370649, 19.272706073590449 ], [ -99.244523334564278, 19.27285398372786 ], [ -99.244605504342815, 19.272899423738533 ], [ -99.244400334733768, 19.273268183263816 ], [ -99.244276704569472, 19.273650223356807 ], [ -99.244142535385805, 19.273946013536243 ], [ -99.244037704892122, 19.274119452922939 ], [ -99.2439167149318, 19.274256023398031 ], [ -99.243851565115335, 19.274372993006132 ], [ -99.243723515387828, 19.274677283563982 ], [ -99.243618624662659, 19.274913082686538 ], [ -99.243524964894419, 19.275168452871934 ], [ -99.243491795189868, 19.275295282890468 ], [ -99.243470995139973, 19.275367582806069 ], [ -99.243458345088683, 19.275477533260545 ], [ -99.243451055157465, 19.275646303122251 ], [ -99.243819505342103, 19.275941022443639 ], [ -99.243970305263289, 19.275878812476932 ], [ -99.244102934803735, 19.276013642563676 ], [ -99.244201134658681, 19.276088242932332 ], [ -99.244448665085855, 19.276211302936211 ], [ -99.244603455198046, 19.276256593195612 ], [ -99.244754824509215, 19.276321523098797 ], [ -99.244879704894402, 19.276206523236041 ], [ -99.245187744599988, 19.276486132883573 ], [ -99.2452724647884, 19.276613422465342 ], [ -99.245350134512748, 19.27678881245027 ], [ -99.245360064975713, 19.276961052393606 ], [ -99.245347994619863, 19.27707090231975 ], [ -99.245251314365234, 19.277587592232269 ], [ -99.245128491930515, 19.278024663986528 ], [ -99.245014863366478, 19.278429012439258 ], [ -99.2448619151169, 19.278875612481563 ], [ -99.244802034855852, 19.279064522932252 ], [ -99.244790484086892, 19.279123951768355 ], [ -99.244783203950192, 19.279216011773467 ], [ -99.244797055035406, 19.279322812280199 ], [ -99.244817268883892, 19.279427881510959 ], [ -99.244838365157563, 19.279537533186154 ], [ -99.244905105056134, 19.279883993013012 ], [ -99.244926974281057, 19.2800677322684 ], [ -99.244905205050628, 19.280134412276404 ], [ -99.244583854454149, 19.280201792837772 ], [ -99.244429085081094, 19.2802439926053 ], [ -99.244296774439718, 19.280271072861026 ], [ -99.244167503915847, 19.280328592763173 ], [ -99.244052264398022, 19.280408612314538 ], [ -99.243964505086694, 19.280515522043508 ], [ -99.243864023393542, 19.280611821085298 ], [ -99.243760974005667, 19.280705621519004 ], [ -99.243658064132305, 19.280799592961408 ], [ -99.243555163911395, 19.280893551838471 ], [ -99.243451665562134, 19.280986932571569 ], [ -99.243353603405168, 19.281074012347482 ], [ -99.243306505050811, 19.281220053022246 ], [ -99.243300164591588, 19.281355472589539 ], [ -99.243309764247158, 19.281436012803308 ], [ -99.243411944279472, 19.281604932893625 ], [ -99.243494483625199, 19.281715551654251 ], [ -99.243582194442453, 19.281822497535313 ], [ -99.243635936810037, 19.281948081786592 ], [ -99.243620002828507, 19.282062241436908 ], [ -99.243538466634519, 19.282187971368717 ], [ -99.243437454616881, 19.282255811570668 ], [ -99.243309963892827, 19.282333422729213 ], [ -99.243223935240096, 19.282362391621977 ], [ -99.243101625096457, 19.282403581773671 ], [ -99.242916285287492, 19.282465981762904 ], [ -99.242777205286629, 19.282512811722949 ], [ -99.242141115689023, 19.282820241022868 ], [ -99.24201488532205, 19.28289878110753 ], [ -99.241949255506626, 19.283005671060561 ], [ -99.241957165805886, 19.283145041371789 ], [ -99.242008005289534, 19.283266780785016 ], [ -99.24209419578078, 19.283310421480181 ], [ -99.2423258554944, 19.283347180823483 ], [ -99.242586024866938, 19.28355561090186 ], [ -99.242846194815741, 19.28376405145093 ], [ -99.242912335148006, 19.283939840676801 ], [ -99.242959905058768, 19.284136550737287 ], [ -99.242917564860349, 19.284200720663083 ], [ -99.242843854807077, 19.284281720782133 ], [ -99.242672934878044, 19.284329581294589 ], [ -99.242648635168109, 19.284336381291816 ], [ -99.242360594379605, 19.284785958931884 ], [ -99.242309536063274, 19.284865651935977 ], [ -99.242021505820588, 19.285315210413039 ], [ -99.24192739534692, 19.285462080803669 ], [ -99.241907145176953, 19.285503300269848 ], [ -99.241819575425893, 19.285681580590211 ], [ -99.241726235320996, 19.28591315034387 ], [ -99.241686305201696, 19.28607355055561 ], [ -99.24159679588233, 19.286302750381228 ], [ -99.241507105475733, 19.286446390810216 ], [ -99.24126368526133, 19.286651050872564 ], [ -99.241176686039324, 19.286705020101628 ], [ -99.241128866093533, 19.286734680550495 ], [ -99.240985135831238, 19.286788780266658 ], [ -99.240935035586759, 19.286818240444941 ], [ -99.240798666089177, 19.286989520505749 ], [ -99.240793575770709, 19.287161760261906 ], [ -99.240820035258196, 19.287306450652913 ], [ -99.240965265602895, 19.287445590671133 ], [ -99.24101306546504, 19.287556610629746 ], [ -99.241007489137544, 19.287916823443854 ], [ -99.241006406046509, 19.287986759915526 ], [ -99.241068065901388, 19.288069649972044 ], [ -99.241307825856879, 19.288305960394933 ], [ -99.241487855700839, 19.288519760075154 ], [ -99.241559205141826, 19.288604520324817 ], [ -99.241783775626658, 19.288816979604977 ], [ -99.241890685915678, 19.288897879872003 ], [ -99.242074935257563, 19.289017349580845 ], [ -99.242262265457015, 19.289170720062074 ], [ -99.242366375485929, 19.289231609958037 ], [ -99.242483625730969, 19.289247549674553 ], [ -99.242708375153498, 19.289272470081819 ], [ -99.242753884897937, 19.289357159427578 ], [ -99.242771315260327, 19.289645819801869 ], [ -99.242816904995408, 19.290168439412987 ], [ -99.242988995065488, 19.291434418956268 ], [ -99.242889455321034, 19.291674479705026 ], [ -99.242829175633986, 19.291867719504538 ], [ -99.242656935633406, 19.292269899453185 ], [ -99.242558165051733, 19.29248011868475 ], [ -99.242309315751839, 19.292852648787004 ], [ -99.242244434011496, 19.292901319456789 ], [ -99.241541865961935, 19.292860439102736 ], [ -99.241913775158309, 19.293141248559767 ], [ -99.241771394734187, 19.293320349780444 ], [ -99.241607024788763, 19.293542039706644 ], [ -99.241534135086482, 19.293658609750779 ], [ -99.241498404233084, 19.293789839496206 ], [ -99.241470795996335, 19.293928869981411 ], [ -99.241376905269647, 19.294015589459253 ], [ -99.241219105088703, 19.294038699395642 ], [ -99.241078034330101, 19.294059639487585 ], [ -99.24093750482065, 19.294083439722279 ], [ -99.240819715085792, 19.294167949168152 ], [ -99.240764056085936, 19.294189948316767 ], [ -99.240673145033327, 19.294197219075762 ], [ -99.240628484385809, 19.294178158286289 ], [ -99.2405569650345, 19.294134389345729 ], [ -99.240467854653744, 19.294094528329165 ], [ -99.240366056121701, 19.294047648313956 ], [ -99.240275176003536, 19.2940720398304 ], [ -99.240216855427889, 19.294094943289981 ], [ -99.240158534795825, 19.294117848539052 ], [ -99.240141914476865, 19.294127248459194 ], [ -99.239986455281993, 19.294215148780328 ], [ -99.239777665743489, 19.294315219051352 ], [ -99.239644604824434, 19.294378019882519 ], [ -99.239374534711686, 19.294488809660255 ], [ -99.238685935257976, 19.294696148812022 ], [ -99.23862183559379, 19.29470021916913 ], [ -99.238553056562878, 19.294685179003167 ], [ -99.2380222365815, 19.294485219483519 ], [ -99.238003005055063, 19.294474498205116 ], [ -99.237976995405887, 19.294459979898196 ], [ -99.237959425021984, 19.294450819287412 ], [ -99.237892066782635, 19.294425959822917 ], [ -99.237759935656968, 19.294375238900212 ], [ -99.23762791666887, 19.294334328653765 ], [ -99.237470546864543, 19.294314349714014 ], [ -99.23720920659855, 19.294255819570395 ], [ -99.237063935169417, 19.294265578344373 ], [ -99.236930946243845, 19.294314189604272 ], [ -99.236713465838733, 19.294396918260514 ], [ -99.23651910722613, 19.294365809534387 ], [ -99.236371945858053, 19.294414749913102 ], [ -99.236107055717383, 19.294429949499513 ], [ -99.235960807136252, 19.294453468329042 ], [ -99.235892936609545, 19.294503498757503 ], [ -99.235861976055915, 19.2946224092622 ], [ -99.235910515837816, 19.294717349602273 ], [ -99.236012966982742, 19.294827269397889 ], [ -99.236135517182063, 19.294896808878079 ], [ -99.23615043595295, 19.294993348246017 ], [ -99.236089365718101, 19.295105209758649 ], [ -99.235964966121927, 19.295145098267195 ], [ -99.235796547156397, 19.295140178454279 ], [ -99.235667196933022, 19.295093018351753 ], [ -99.235563025577378, 19.294988588185412 ], [ -99.235466147430543, 19.294992869945162 ], [ -99.235381767114163, 19.295104899765509 ], [ -99.235256805789135, 19.295170468079753 ], [ -99.235112137095371, 19.295252319412828 ], [ -99.234896237233613, 19.295389219287504 ], [ -99.23475677636084, 19.295590129225932 ], [ -99.234684087533168, 19.295631247986503 ], [ -99.234613336410192, 19.295651849646561 ], [ -99.234524866837461, 19.295663159787381 ], [ -99.234442317561744, 19.295687518308995 ], [ -99.234376486677974, 19.295740897970074 ], [ -99.23418037695194, 19.295965977909891 ], [ -99.234081747692812, 19.296063988037425 ], [ -99.233982317037103, 19.296161278539895 ], [ -99.233824917261757, 19.296256408256259 ], [ -99.233627937615381, 19.296358148144162 ], [ -99.233450087438811, 19.296461008335157 ], [ -99.233293487956402, 19.296592277763512 ], [ -99.233178917427551, 19.29669627783824 ], [ -99.23262342776907, 19.297496648390894 ], [ -99.232486657413375, 19.297732378112425 ], [ -99.232475197943245, 19.297873638075814 ], [ -99.232512907816101, 19.298008667597948 ], [ -99.232576087366425, 19.298130237986793 ], [ -99.232682257803731, 19.298381917916704 ], [ -99.232715137771223, 19.298524497791977 ], [ -99.232715367219953, 19.298686177679812 ], [ -99.232715407925298, 19.298716008001254 ], [ -99.232715487338481, 19.298765437598995 ], [ -99.232715708085379, 19.298921207268002 ], [ -99.232733037443211, 19.299051777224832 ], [ -99.232777827200906, 19.299185837545487 ], [ -99.232805598041352, 19.299318807768202 ], [ -99.232823917660738, 19.299453247497528 ], [ -99.232840148033645, 19.299580617178535 ], [ -99.232787507927796, 19.299715757392018 ], [ -99.232718317336591, 19.299796557130183 ], [ -99.232702377991203, 19.299886577522354 ], [ -99.23280103762481, 19.299969717826958 ], [ -99.233057267185799, 19.300095177589046 ], [ -99.2332045071159, 19.300092277416564 ], [ -99.233363346766495, 19.30007492801219 ], [ -99.233354407892136, 19.300228837630989 ], [ -99.233389397247564, 19.300813326883588 ], [ -99.233255807706442, 19.300783666782142 ], [ -99.23293030722121, 19.300920266859887 ], [ -99.232755317625347, 19.301045266821333 ], [ -99.232389437688283, 19.301322667150643 ], [ -99.232221107750135, 19.301465606855952 ], [ -99.232966197327599, 19.301807216940219 ], [ -99.232638367818964, 19.302478616425891 ], [ -99.232539767540004, 19.302997546408772 ], [ -99.232329658072373, 19.302979836645289 ], [ -99.232240598147129, 19.303785876344044 ], [ -99.232034507384085, 19.303878126899271 ], [ -99.231977117931407, 19.304273557414831 ], [ -99.231922518103318, 19.304794755967706 ], [ -99.231896887155287, 19.305039417312557 ], [ -99.231684177503311, 19.305199986370592 ], [ -99.231189348217356, 19.305446235830154 ], [ -99.230906028140225, 19.305570066681607 ], [ -99.230610828036006, 19.305678806421586 ], [ -99.230398777010194, 19.305765495854796 ], [ -99.230157288210762, 19.305861146892514 ], [ -99.229921607938707, 19.306009846322009 ], [ -99.22979799704396, 19.306183646258624 ], [ -99.229541508199063, 19.306378955754045 ], [ -99.229354508387047, 19.3064759856025 ], [ -99.228941769059503, 19.306480925489208 ], [ -99.22865933880145, 19.30654587546713 ], [ -99.228113937709551, 19.306763057386373 ], [ -99.228017966996958, 19.306801274644695 ], [ -99.227885168495774, 19.30685415535546 ], [ -99.227739318882684, 19.306960315869844 ], [ -99.227668908586892, 19.307028745871214 ], [ -99.227653259341423, 19.307058525900164 ], [ -99.227584509339479, 19.307189386018372 ], [ -99.227638549260149, 19.307375775746255 ], [ -99.227706238288278, 19.307606205439242 ], [ -99.22773886934236, 19.30778017534649 ], [ -99.227715639256402, 19.307911406312929 ], [ -99.227605718528821, 19.308058575472081 ], [ -99.227428139332616, 19.308223066720601 ], [ -99.227231809110265, 19.308404945004458 ], [ -99.226904409452118, 19.30864637527478 ], [ -99.225163029375182, 19.30995434527707 ], [ -99.225009829420671, 19.310332835235915 ], [ -99.224925709627215, 19.310594875337266 ], [ -99.224617859194765, 19.310725755028596 ], [ -99.224044949985498, 19.310857544531771 ], [ -99.223921229441075, 19.310893664752928 ], [ -99.222990979628193, 19.310947924577047 ], [ -99.221732750010673, 19.311035064965239 ], [ -99.221299490255859, 19.311058144692801 ], [ -99.220963690570784, 19.311075714461754 ], [ -99.220700120833044, 19.311126915249194 ], [ -99.220652870276183, 19.311144214930493 ], [ -99.220554550203786, 19.31122666523666 ], [ -99.220464090919535, 19.311319774916175 ], [ -99.219917720580142, 19.31226072492742 ], [ -99.219841260442934, 19.312120864957723 ], [ -99.219655741322242, 19.311803045061339 ], [ -99.219413110657172, 19.311437635040452 ], [ -99.219185060829474, 19.311136515068792 ], [ -99.218997440649616, 19.310889924468647 ], [ -99.218866310647087, 19.310730874901932 ], [ -99.218224041050092, 19.309884815085631 ], [ -99.21784670490328, 19.309422270470236 ], [ -99.217787751464186, 19.309350004983784 ], [ -99.217190201820699, 19.308769635700909 ], [ -99.216849441727675, 19.308493745673125 ], [ -99.216551491219121, 19.308274145013371 ], [ -99.216404871480805, 19.30817263523123 ], [ -99.215915141438813, 19.307878245112935 ], [ -99.215386942229969, 19.307618185815418 ], [ -99.21484364219593, 19.307406585508396 ], [ -99.214359032646712, 19.307246465743965 ], [ -99.213780522466593, 19.307121176014441 ], [ -99.213296771968842, 19.30701640580746 ], [ -99.21151940290143, 19.306706775947529 ], [ -99.210021783623731, 19.306438176135746 ], [ -99.209308323360247, 19.306313976171722 ], [ -99.208469753745902, 19.3061595460638 ], [ -99.205744464667688, 19.305678976413144 ], [ -99.205663513984902, 19.305664406281132 ], [ -99.205039634926152, 19.305552176018502 ], [ -99.204582574529837, 19.305467866499981 ], [ -99.204344094912244, 19.30542666596924 ], [ -99.20358300512261, 19.305288926050526 ], [ -99.203195445120457, 19.305214346194724 ], [ -99.202714154347078, 19.305093477107096 ], [ -99.202221644818408, 19.304957785886206 ], [ -99.201263475668213, 19.304636186319321 ], [ -99.200176775491869, 19.304170635932216 ], [ -99.199900845935645, 19.304028516841655 ], [ -99.199498095455937, 19.303821046353793 ], [ -99.199079175606585, 19.303596276563947 ], [ -99.198688345917219, 19.303351786396952 ], [ -99.198452605674632, 19.303200576774099 ], [ -99.198101546321553, 19.302996846669863 ], [ -99.197753807718527, 19.302811953447751 ], [ -99.197149986265941, 19.302556317146191 ], [ -99.196703326790285, 19.302402066747756 ] ] ] } },
{ "type": "Feature", "properties": { "CVEGEO": "09013", "alcaldia": "Xochimilco" }, "geometry": { "type": "Polygon", "coordinates": [ [ [ -99.098792980667184, 19.320445242956445 ], [ -99.098688810751952, 19.319638512898294 ], [ -99.098481060613622, 19.31903517287898 ], [ -99.098637660281312, 19.318954643183485 ], [ -99.098702060755059, 19.318792013156465 ], [ -99.09867780025904, 19.318671512629525 ], [ -99.098638870352445, 19.318587293318465 ], [ -99.098434940344106, 19.318269752583234 ], [ -99.09823035064548, 19.317956832678355 ], [ -99.097702430749962, 19.317170063124493 ], [ -99.097432740987642, 19.316823522923215 ], [ -99.096749181018126, 19.315985543172374 ], [ -99.095842841624076, 19.31481211379398 ], [ -99.094957291832742, 19.313688414004577 ], [ -99.094257721378682, 19.312768614432709 ], [ -99.094081272011792, 19.312865344516947 ], [ -99.09392755213544, 19.312665314420624 ], [ -99.093565301412482, 19.312201554264927 ], [ -99.093215941698332, 19.311754294640412 ], [ -99.093175232336264, 19.311699314515536 ], [ -99.092826632439284, 19.311259944394937 ], [ -99.09272023179085, 19.311119874600038 ], [ -99.092671490933057, 19.311059754578132 ], [ -99.092611351825511, 19.310985574906837 ], [ -99.092341292304255, 19.310676915083523 ], [ -99.092242201665783, 19.310581724799093 ], [ -99.091919271971747, 19.310208574465303 ], [ -99.091786151904074, 19.310049215024925 ], [ -99.091727951864044, 19.309983664668788 ], [ -99.09141163267121, 19.309564245437439 ], [ -99.090832814912275, 19.308802166835289 ], [ -99.090806632322213, 19.308767694915822 ], [ -99.090791082351544, 19.308749512324663 ], [ -99.090565194344606, 19.308485382315805 ], [ -99.090527293008421, 19.308441064893071 ], [ -99.090371086321483, 19.308241456162062 ], [ -99.090357172204179, 19.308223675629968 ], [ -99.090284752357334, 19.308126585195794 ], [ -99.090017514676902, 19.307868046616111 ], [ -99.089869402758552, 19.307724755142431 ], [ -99.08976403274491, 19.307624915780512 ], [ -99.089661307965059, 19.307486742669628 ], [ -99.089593633178595, 19.307395715292856 ], [ -99.089551393381541, 19.307300625931759 ], [ -99.089479183174006, 19.307138065895838 ], [ -99.08936642100889, 19.307012409540349 ], [ -99.089298587448866, 19.306936819304472 ], [ -99.08922487320406, 19.306854675387331 ], [ -99.08903558144074, 19.306591742626225 ], [ -99.089013273274389, 19.306560755574434 ], [ -99.088953924700377, 19.306500670270129 ], [ -99.088833367835335, 19.306378619910468 ], [ -99.088645524827442, 19.306188449187427 ], [ -99.088607522692016, 19.306149975374208 ], [ -99.088534204490486, 19.306065550088992 ], [ -99.088435752780171, 19.305952186171055 ], [ -99.088396170857195, 19.305914673095593 ], [ -99.088382772660793, 19.305901975430363 ], [ -99.088340919798711, 19.30584543738351 ], [ -99.088137093073627, 19.305570095849522 ], [ -99.087942201697857, 19.305338962087706 ], [ -99.087927863176475, 19.305321956037812 ], [ -99.087651203495795, 19.304678956393261 ], [ -99.087457903214556, 19.304480786529687 ], [ -99.087190692229441, 19.304162745768927 ], [ -99.087177703528255, 19.304146756027276 ], [ -99.086710633223618, 19.303792476327388 ], [ -99.086284153704341, 19.303601325991199 ], [ -99.086150243359384, 19.303501526447505 ], [ -99.085867603278459, 19.303187946402712 ], [ -99.085617093703263, 19.302885836929526 ], [ -99.08537609371561, 19.302588416490654 ], [ -99.085125673712113, 19.302266846774373 ], [ -99.084849103623242, 19.301978067092968 ], [ -99.08457750373185, 19.301660006567808 ], [ -99.084463998925628, 19.301512051865128 ], [ -99.084350494366149, 19.3013640971025 ], [ -99.084105063781905, 19.301037067314859 ], [ -99.08383663403265, 19.300720956982346 ], [ -99.083582974614316, 19.300406647318198 ], [ -99.083364374157185, 19.300075976792293 ], [ -99.083160544798403, 19.299649417545943 ], [ -99.082310404405405, 19.298580297279827 ], [ -99.080363445493418, 19.296234277699433 ], [ -99.079963615247536, 19.295764898192786 ], [ -99.079686325536471, 19.295450948353317 ], [ -99.079198705283261, 19.294865238126036 ], [ -99.078962975046409, 19.294585608666843 ], [ -99.078651635892726, 19.294210238641472 ], [ -99.078015275744477, 19.293471118876042 ], [ -99.077712045472467, 19.293225068559764 ], [ -99.077307605901069, 19.292960008959895 ], [ -99.077218035112693, 19.292845788925934 ], [ -99.075902305125126, 19.290983270072925 ], [ -99.075238205774298, 19.290076380145777 ], [ -99.074933435740505, 19.289695240100034 ], [ -99.074479586792208, 19.289368930820984 ], [ -99.074066386537183, 19.289096079230248 ], [ -99.072348807331139, 19.287945269685146 ], [ -99.072177526811032, 19.287815359592248 ], [ -99.071368126918628, 19.287067190276559 ], [ -99.069872248103692, 19.285731840448268 ], [ -99.069145247392044, 19.285082840513081 ], [ -99.068959078269998, 19.284952950711272 ], [ -99.068302948114805, 19.284436360464813 ], [ -99.064637449288611, 19.282110921174876 ], [ -99.064362508858181, 19.281989871290158 ], [ -99.059664960127591, 19.280282051534272 ], [ -99.058567750036133, 19.279906732113833 ], [ -99.057592670806187, 19.279625981550826 ], [ -99.056755280826337, 19.279497451555628 ], [ -99.056064990612839, 19.279453481583257 ], [ -99.055152011476352, 19.279455921635112 ], [ -99.054781411151069, 19.279423872280045 ], [ -99.054490651824111, 19.279364251876459 ], [ -99.053863212025774, 19.279082851522045 ], [ -99.052363931526784, 19.27847908185068 ], [ -99.050559968362961, 19.277500786487057 ], [ -99.050559592082635, 19.277500582526873 ], [ -99.04827930325429, 19.275975333029738 ], [ -99.047314612828288, 19.275595702950536 ], [ -99.045092383510635, 19.274861212478505 ], [ -99.041443764682441, 19.273777612971298 ], [ -99.040423554559311, 19.27325108346049 ], [ -99.040219674807432, 19.273053922906811 ], [ -99.03951999488298, 19.272647473468155 ], [ -99.038581795583454, 19.27212935310596 ], [ -99.038364014386929, 19.272033523300596 ], [ -99.037551265340994, 19.271779692681982 ], [ -99.037484315653145, 19.27175877712801 ], [ -99.037311784752873, 19.271702843883702 ], [ -99.036955589806567, 19.271399371695473 ], [ -99.036456246084455, 19.270973933898034 ], [ -99.035936026387532, 19.27063370340105 ], [ -99.035663855824282, 19.270260533767392 ], [ -99.035353148772842, 19.269801460732282 ], [ -99.035346120069377, 19.269791074574925 ], [ -99.034646408419945, 19.268757230218455 ], [ -99.034636286063176, 19.268742273954572 ], [ -99.033726186667394, 19.267700924208057 ], [ -99.033014226564092, 19.267114015056812 ], [ -99.032663246844038, 19.266689305117779 ], [ -99.031058256802538, 19.264929644889136 ], [ -99.030838277239326, 19.264634394949518 ], [ -99.030528217339878, 19.264165565594805 ], [ -99.030460417314401, 19.26324813518228 ], [ -99.03042278766533, 19.263141105291155 ], [ -99.030273277541312, 19.262938275950813 ], [ -99.029812657143893, 19.262592655471842 ], [ -99.029558187825529, 19.262481525720752 ], [ -99.029293087582332, 19.262371735702398 ], [ -99.027888227819872, 19.26221938601789 ], [ -99.027192888079753, 19.261834105853506 ], [ -99.027111627798448, 19.261935555766044 ], [ -99.026851847819103, 19.261757876089131 ], [ -99.026464818408684, 19.261765925533048 ], [ -99.026032108728828, 19.261940755587673 ], [ -99.025834568491447, 19.262202285712476 ], [ -99.025380938864927, 19.26208188577807 ], [ -99.025074418646994, 19.262006955357766 ], [ -99.024812678980197, 19.261929046081377 ], [ -99.024342938389594, 19.261818086224373 ], [ -99.024049588699143, 19.261754285610191 ], [ -99.024008968379363, 19.261744326893972 ], [ -99.022893288116151, 19.261457997313162 ], [ -99.022527859530641, 19.261369505782337 ], [ -99.022003938870057, 19.261236126059991 ], [ -99.02174687840278, 19.261170935600198 ], [ -99.021503988217233, 19.261112855672238 ], [ -99.02129253840998, 19.261066487177715 ], [ -99.021087369869221, 19.261027626432632 ], [ -99.021024628695173, 19.261014416377627 ], [ -99.020744738781445, 19.260954226282252 ], [ -99.020510560060345, 19.260931706078058 ], [ -99.020318678818455, 19.26091659614826 ], [ -99.020050119335792, 19.260961217468751 ], [ -99.019817689536595, 19.261026275637629 ], [ -99.019734920081362, 19.261147847295071 ], [ -99.019296690503552, 19.260973076884468 ], [ -99.019066619823235, 19.2608922456626 ], [ -99.019021867218598, 19.260875621731511 ], [ -99.019021467869422, 19.260875473413165 ], [ -99.018984109840133, 19.260861596662149 ], [ -99.018900118885043, 19.260829657187429 ], [ -99.01882460367824, 19.260800932885424 ], [ -99.018666430025235, 19.260740766386007 ], [ -99.017936970078495, 19.260455787437486 ], [ -99.017563570505274, 19.260319077107187 ], [ -99.017414390238486, 19.260266936766051 ], [ -99.017278438778916, 19.260222926446474 ], [ -99.01726463002683, 19.260218456044925 ], [ -99.016895185110116, 19.260091765842589 ], [ -99.016851778240692, 19.260076881157936 ], [ -99.016617180980376, 19.259996433370379 ], [ -99.016560910565062, 19.259977136681844 ], [ -99.016507459584474, 19.259952556463883 ], [ -99.016451870388622, 19.259925638104793 ], [ -99.016381160272189, 19.259891397417203 ], [ -99.016146400724466, 19.259747627095425 ], [ -99.016074800301354, 19.259676306737951 ], [ -99.015947759761389, 19.259549726616818 ], [ -99.015552690070749, 19.259335587151988 ], [ -99.015347764352995, 19.259234597163402 ], [ -99.015198646592907, 19.259161109005447 ], [ -99.014853400308425, 19.25899096625314 ], [ -99.014435311416847, 19.258807657552374 ], [ -99.014181880612796, 19.25870659663558 ], [ -99.013909091781585, 19.258576286478213 ], [ -99.013714720243854, 19.258493846441166 ], [ -99.01343572042569, 19.258370816647826 ], [ -99.013209510577411, 19.258233047630206 ], [ -99.013005309382123, 19.258086735865795 ], [ -99.012957091660169, 19.258052187470586 ], [ -99.012840726396121, 19.257956032930963 ], [ -99.012826390988209, 19.257944187533742 ], [ -99.012669880441081, 19.257784287096893 ], [ -99.012517561614473, 19.257629106493727 ], [ -99.012177371506368, 19.257224907463694 ], [ -99.011977761252737, 19.256958646982937 ], [ -99.011842821839934, 19.256772256537928 ], [ -99.011764062172588, 19.256657218294396 ], [ -99.011821341543168, 19.256241736677755 ], [ -99.011690661435281, 19.256008226699741 ], [ -99.01131660194973, 19.255644888145145 ], [ -99.01127999148234, 19.255726198447263 ], [ -99.011022142267436, 19.255601617025022 ], [ -99.010817622215896, 19.255463597300533 ], [ -99.010685722509322, 19.255338787036106 ], [ -99.009850312733633, 19.254530187457679 ], [ -99.009804652838596, 19.254485337510058 ], [ -99.009233142273033, 19.253923878013975 ], [ -99.008573512481746, 19.253192567653869 ], [ -99.008337192331098, 19.252941937874297 ], [ -99.00812283275576, 19.252714997770642 ], [ -99.007758893153323, 19.252312537941169 ], [ -99.007611062664779, 19.252166398109729 ], [ -99.007037113277917, 19.251602987729662 ], [ -99.007275893172164, 19.251174539431172 ], [ -99.007412866751224, 19.250928794990823 ], [ -99.00747827923314, 19.250811437460133 ], [ -99.00749789291514, 19.250776248663492 ], [ -99.007681883317176, 19.251021028454719 ], [ -99.007939262698258, 19.250543139720445 ], [ -99.008257321930529, 19.250725108423069 ], [ -99.008431021464034, 19.250690939511014 ], [ -99.008644892602732, 19.250764788131843 ], [ -99.008814313166127, 19.250675738014731 ], [ -99.008875251827348, 19.250672199541935 ], [ -99.009057602386363, 19.250294088403706 ], [ -99.009201232128248, 19.249992138361741 ], [ -99.009344511930792, 19.249691629186685 ], [ -99.009494402702018, 19.249377789338368 ], [ -99.009497432727898, 19.2493687384484 ], [ -99.009500691097671, 19.249359019816758 ], [ -99.009592822197931, 19.24906798832102 ], [ -99.009707061037062, 19.24872682997184 ], [ -99.009760328778825, 19.248491032449486 ], [ -99.009762791779067, 19.248480129310156 ], [ -99.009796591702113, 19.248261658887657 ], [ -99.010129792556626, 19.247663110030192 ], [ -99.010344321968802, 19.247317939091882 ], [ -99.010451721109888, 19.247140079603536 ], [ -99.010503141824529, 19.247069568841265 ], [ -99.010618400857922, 19.247000188872029 ], [ -99.010813721582267, 19.247002649887353 ], [ -99.011064761393257, 19.2467191595067 ], [ -99.011115111974391, 19.246525430379837 ], [ -99.011137760999077, 19.246201279518186 ], [ -99.011124292088326, 19.24612853907712 ], [ -99.011183722321164, 19.246049889473035 ], [ -99.012288372158778, 19.24651098915048 ], [ -99.012377420907754, 19.246353938922191 ], [ -99.01238928150228, 19.246119999134514 ], [ -99.012460391978067, 19.245928789730538 ], [ -99.012701762168476, 19.245139629798246 ], [ -99.012467662061937, 19.245011399567044 ], [ -99.012557621663504, 19.244731140022093 ], [ -99.012819791436073, 19.244804289998275 ], [ -99.013909261109276, 19.245108259842269 ], [ -99.013949890402998, 19.244915450542173 ], [ -99.013964170594946, 19.244847740437809 ], [ -99.01398782011465, 19.24467743047364 ], [ -99.014014540879614, 19.244553340733727 ], [ -99.014048707349616, 19.244417609249204 ], [ -99.014055047953448, 19.244392416173351 ], [ -99.014065741416843, 19.244349940050675 ], [ -99.014105189986836, 19.244232419676671 ], [ -99.014140398921072, 19.24409968961751 ], [ -99.014145097836604, 19.244082067321457 ], [ -99.014166760551731, 19.244000759996009 ], [ -99.014295491156901, 19.243633769560464 ], [ -99.014320413689532, 19.243580723567064 ], [ -99.014361126414826, 19.243494067911321 ], [ -99.014388415253492, 19.243435985995465 ], [ -99.014441574082156, 19.243322840109577 ], [ -99.014523609421232, 19.243148234384595 ], [ -99.014631511410229, 19.242918570958171 ], [ -99.014841921590374, 19.242603450143498 ], [ -99.014927190667848, 19.242456740891409 ], [ -99.014946970022152, 19.242251940940253 ], [ -99.014975001587402, 19.242095400551889 ], [ -99.015055891010675, 19.241854280226601 ], [ -99.015274509654688, 19.241370570377143 ], [ -99.015398055895858, 19.241012821403903 ], [ -99.015407120638471, 19.240986571468088 ], [ -99.015482171251563, 19.240854090180715 ], [ -99.015550490026058, 19.240789571280406 ], [ -99.015609710389214, 19.24073673122756 ], [ -99.015687329776796, 19.240617992234228 ], [ -99.015734919892211, 19.240545190334288 ], [ -99.016460740681737, 19.239806608215716 ], [ -99.016466300726435, 19.23980095045976 ], [ -99.016644493223197, 19.239619622149998 ], [ -99.016656195726242, 19.239607713830605 ], [ -99.016669219219935, 19.239594460827607 ], [ -99.016679390972271, 19.239584110486103 ], [ -99.016766652231212, 19.239496995511598 ], [ -99.016772119195608, 19.239491536134867 ], [ -99.016999706392781, 19.239264325831748 ], [ -99.016999767809139, 19.239264265436894 ], [ -99.017221294450977, 19.239043104115741 ], [ -99.017227685818455, 19.239036723462476 ], [ -99.017639987487115, 19.238625100461537 ], [ -99.017653254814945, 19.238611854927459 ], [ -99.017664436230447, 19.2386006918615 ], [ -99.017727260229549, 19.238537970785242 ], [ -99.017741492560788, 19.238502738372429 ], [ -99.01774532803978, 19.238493241296609 ], [ -99.017853399489226, 19.238225708486031 ], [ -99.018196359745716, 19.237673448448106 ], [ -99.027897162325957, 19.226326421021035 ], [ -99.030185367441007, 19.223629964798132 ], [ -99.032866516427632, 19.22307426910233 ], [ -99.034053386089411, 19.222828264778155 ], [ -99.035201106639832, 19.222590364683182 ], [ -99.035778736478406, 19.222470624751875 ], [ -99.036275986336037, 19.22236754478519 ], [ -99.036411246070386, 19.222339514532994 ], [ -99.036723965760828, 19.222274684960894 ], [ -99.036931995404117, 19.222231514945594 ], [ -99.037588935186335, 19.222095165353387 ], [ -99.038032475484485, 19.222003115146318 ], [ -99.040097645488117, 19.221574465498161 ], [ -99.041117073906392, 19.221362858500143 ], [ -99.041778793427653, 19.221225508360195 ], [ -99.042161153494789, 19.221146138739517 ], [ -99.042460393370391, 19.221084018575258 ], [ -99.042777683782447, 19.221018189009154 ], [ -99.043014933500231, 19.220968968585936 ], [ -99.04543055279089, 19.220467818995235 ], [ -99.046636332880382, 19.220217649120848 ], [ -99.046655854842754, 19.220213598993386 ], [ -99.046815651758777, 19.220180452437635 ], [ -99.047654844561549, 19.220006346797046 ], [ -99.047824338345407, 19.219971181869248 ], [ -99.047859532753165, 19.219963879393131 ], [ -99.048257872289156, 19.21988122936936 ], [ -99.049136011779751, 19.219699049301287 ], [ -99.049476917543927, 19.219628321328042 ], [ -99.052345179091986, 19.219033181241407 ], [ -99.052347021356155, 19.219032799558196 ], [ -99.053089928421713, 19.218878648041947 ], [ -99.053831530989711, 19.21872475919654 ], [ -99.055976070200686, 19.218279729485584 ], [ -99.056345510126988, 19.21820322989679 ], [ -99.056708590362476, 19.218128049547399 ], [ -99.058155640025163, 19.217828419972733 ], [ -99.059181709329465, 19.217615940030765 ], [ -99.060149529341416, 19.217415529779451 ], [ -99.060535729550068, 19.21733554050779 ], [ -99.0632001283183, 19.216783759811634 ], [ -99.064322527931154, 19.216550878795168 ], [ -99.065796147986092, 19.216245090280442 ], [ -99.06630100822639, 19.216140339650515 ], [ -99.067317787279237, 19.215929339789611 ], [ -99.067764127636806, 19.215836709977626 ], [ -99.069063816904986, 19.215567000100986 ], [ -99.071056637089683, 19.215153420217717 ], [ -99.07229950642521, 19.214895460668075 ], [ -99.073578955636748, 19.214629890642485 ], [ -99.075782555480458, 19.214172489361513 ], [ -99.0767458750488, 19.213972540508735 ], [ -99.07771335471422, 19.213771691323437 ], [ -99.077812295876058, 19.213751166731594 ], [ -99.078120274677573, 19.21368722195675 ], [ -99.078526095963539, 19.213602996603068 ], [ -99.078696374521954, 19.213567637023342 ], [ -99.078826784073442, 19.213540567233316 ], [ -99.079364244614951, 19.213428977375678 ], [ -99.080051064865117, 19.213286397060873 ], [ -99.080347954955982, 19.213224767316301 ], [ -99.080888013678589, 19.213112638027347 ], [ -99.081344124177633, 19.213016937857269 ], [ -99.081958404379378, 19.212888037143408 ], [ -99.082051575590498, 19.212868484536362 ], [ -99.0825013543935, 19.212774097212325 ], [ -99.083043384054506, 19.212660427486533 ], [ -99.083465005280786, 19.212573966742308 ], [ -99.083635182632179, 19.212539066302917 ], [ -99.083762414387806, 19.212512977318248 ], [ -99.084201416196976, 19.212422954666341 ], [ -99.084401973972518, 19.212381827332575 ], [ -99.085737299656174, 19.212107969887185 ], [ -99.086305503979986, 19.211991437363626 ], [ -99.086492594780509, 19.211953068752678 ], [ -99.088220373284372, 19.211598717589236 ], [ -99.088415658499642, 19.211558664684102 ], [ -99.088496583487995, 19.21154206729766 ], [ -99.089024873141497, 19.211433697623253 ], [ -99.089282299925713, 19.211380901867063 ], [ -99.089282569090827, 19.211380846357574 ], [ -99.089384341652789, 19.211359973903054 ], [ -99.09068712280029, 19.211092767878231 ], [ -99.090865202459838, 19.211045347237246 ], [ -99.090865411761172, 19.211045281511652 ], [ -99.090866318999872, 19.211044999121654 ], [ -99.09092883103331, 19.211025499830949 ], [ -99.090957692187956, 19.211016497195899 ], [ -99.09170937095567, 19.210917208488262 ], [ -99.092057374752471, 19.210902981542027 ], [ -99.092384041751174, 19.21088962746153 ], [ -99.09292167079839, 19.210915887535673 ], [ -99.093173242143834, 19.210927057690554 ], [ -99.093381241723051, 19.210961608496621 ], [ -99.093534470581304, 19.211005827440026 ], [ -99.093677572210382, 19.211076037253374 ], [ -99.093762544315453, 19.211136202208891 ], [ -99.094001630998505, 19.211305487866863 ], [ -99.094128029386411, 19.211412869076653 ], [ -99.094196631512574, 19.211471147727899 ], [ -99.094287401799491, 19.211521547188251 ], [ -99.094388671732617, 19.211550317654307 ], [ -99.094477271883761, 19.211550267316518 ], [ -99.094553201492374, 19.211535827305223 ], [ -99.094646831863159, 19.211490137842588 ], [ -99.094735401550963, 19.211430027615194 ], [ -99.094826471995063, 19.211357917041148 ], [ -99.094892241782304, 19.211280437252423 ], [ -99.094937781838283, 19.211217967710997 ], [ -99.094968101671654, 19.211148287300652 ], [ -99.094988321463305, 19.211071397631194 ], [ -99.09505686108858, 19.210076098018924 ], [ -99.095068551922367, 19.209738488303614 ], [ -99.095091241344107, 19.2095871380549 ], [ -99.095151901589063, 19.209435767503667 ], [ -99.095245471675142, 19.209256148165029 ], [ -99.095406667393078, 19.20901274575521 ], [ -99.095547381738015, 19.208800268278903 ], [ -99.095603841291037, 19.208715009187191 ], [ -99.09567935158536, 19.208625057741415 ], [ -99.095766770593286, 19.20857546769756 ], [ -99.095848441793194, 19.208553038288773 ], [ -99.095966411813976, 19.208551258278131 ], [ -99.096115261338113, 19.208570119356082 ], [ -99.096265499968567, 19.208595888695733 ], [ -99.096425089992223, 19.208623809139478 ], [ -99.096543059862796, 19.208649198473282 ], [ -99.096672060054672, 19.20866194789625 ], [ -99.096769671524939, 19.208661567670298 ], [ -99.096865431161618, 19.20865097781282 ], [ -99.096988241570912, 19.208627867720843 ], [ -99.097130980516098, 19.208589839082002 ], [ -99.097936630595612, 19.208327087842832 ], [ -99.097954075753862, 19.208321884188948 ], [ -99.098129700041511, 19.208269498642512 ], [ -99.098261349404297, 19.208235318103593 ], [ -99.09834294058254, 19.208223779106298 ], [ -99.098402830766091, 19.208218059554223 ], [ -99.098480769956637, 19.208212319099257 ], [ -99.098811780856082, 19.208212138610943 ], [ -99.09888787102507, 19.208208497758754 ], [ -99.098937400337718, 19.208206518890304 ], [ -99.099029690148981, 19.208193688493349 ], [ -99.099102270633651, 19.208179939315283 ], [ -99.099155540016284, 19.208161438668238 ], [ -99.099204830233361, 19.208144398044258 ], [ -99.099261740186037, 19.208102268287881 ], [ -99.099298180380615, 19.208066538048371 ], [ -99.099361460197997, 19.207987967896354 ], [ -99.099822980252796, 19.207492718661058 ], [ -99.099912860073985, 19.20738274877796 ], [ -99.09996834053932, 19.20726416817012 ], [ -99.100005290672954, 19.207141118496448 ], [ -99.100018430587923, 19.206990468837098 ], [ -99.10003707040849, 19.206516668585877 ], [ -99.100050240054216, 19.206411208848046 ], [ -99.100076630615092, 19.206318298795946 ], [ -99.100116270407256, 19.206242968846784 ], [ -99.100174410161998, 19.206167608362581 ], [ -99.100248440417175, 19.206112348330407 ], [ -99.100367440407226, 19.206069599140822 ], [ -99.100598660310013, 19.205995148880348 ], [ -99.100627885254937, 19.205981651574593 ], [ -99.100691199727208, 19.205952408481963 ], [ -99.100794320548914, 19.205892099080607 ], [ -99.100878439999491, 19.20582176896178 ], [ -99.100976739736623, 19.205718768694105 ], [ -99.10099459940075, 19.205697918622089 ], [ -99.101139914263854, 19.205528325532626 ], [ -99.101582340149221, 19.205011978546402 ], [ -99.101685408698074, 19.204888899275129 ], [ -99.101738259171228, 19.204806009739528 ], [ -99.101755979479847, 19.204759917868873 ], [ -99.101772748859318, 19.204716299122349 ], [ -99.101807069610629, 19.204618748736305 ], [ -99.101846630555784, 19.204427548745393 ], [ -99.101863169496227, 19.204197968929648 ], [ -99.101892031094835, 19.203820539986509 ], [ -99.101925500280359, 19.20343136970579 ], [ -99.10195592005482, 19.202643209188508 ], [ -99.102014750170369, 19.202277640884226 ], [ -99.10206238017831, 19.201843519769067 ], [ -99.102078770281082, 19.201569440969049 ], [ -99.102109900145564, 19.201048919757291 ], [ -99.102162659995642, 19.200825089649815 ], [ -99.102239259346561, 19.200659091241135 ], [ -99.102265430086518, 19.200625351375603 ], [ -99.102392169019964, 19.200461890953086 ], [ -99.102621569630244, 19.200308240353834 ], [ -99.103106199203609, 19.200015410959427 ], [ -99.103260238145182, 19.199923320236334 ], [ -99.104072938795682, 19.199433500959206 ], [ -99.104115658401639, 19.199407779832374 ], [ -99.104188669112517, 19.199364301581738 ], [ -99.104717899677098, 19.199043490366218 ], [ -99.104792008318086, 19.198961341575686 ], [ -99.104836548220902, 19.198863230785712 ], [ -99.104843288552956, 19.198763411102242 ], [ -99.104816629095978, 19.198653270707016 ], [ -99.104771239356964, 19.198558041739915 ], [ -99.104717778297044, 19.198490470609986 ], [ -99.104601178682543, 19.19842294033338 ], [ -99.104623799416302, 19.198379140347949 ], [ -99.104627654365402, 19.198348824207159 ], [ -99.10462954925606, 19.198333920536999 ], [ -99.104650668630725, 19.198276410099108 ], [ -99.104690148330704, 19.19820264036025 ], [ -99.104746515311305, 19.198210508058157 ], [ -99.105174149400654, 19.198270200784716 ], [ -99.105256856125933, 19.198084628673374 ], [ -99.105267303709624, 19.198061187383328 ], [ -99.105268945849545, 19.198057502672128 ], [ -99.105269999197503, 19.198055140226483 ], [ -99.105273688093888, 19.198049372128981 ], [ -99.105283713244489, 19.198033694877505 ], [ -99.105497913597674, 19.197698746679468 ], [ -99.105498097045029, 19.19769846029374 ], [ -99.105509936004395, 19.197679946865414 ], [ -99.105510291114726, 19.197679390174972 ], [ -99.105525406589024, 19.197655756644647 ], [ -99.105728718719831, 19.19733783063451 ], [ -99.105737621571009, 19.197321562911956 ], [ -99.105737770395351, 19.197321290357355 ], [ -99.105765596013214, 19.1972704457636 ], [ -99.105784154683647, 19.197236534124023 ], [ -99.10579527382454, 19.197216215822326 ], [ -99.105795462314575, 19.197215871552405 ], [ -99.105803920699373, 19.197200416095288 ], [ -99.105972583188233, 19.196892222207037 ], [ -99.105977792536791, 19.196882702732911 ], [ -99.105984043079644, 19.196871257245753 ], [ -99.106291892029631, 19.196308754331877 ], [ -99.106300565582572, 19.196292905280014 ], [ -99.106308404803841, 19.196278581248997 ], [ -99.106501949619073, 19.195924916363378 ], [ -99.106511701466047, 19.195907097613365 ], [ -99.10652148807516, 19.19588921339535 ], [ -99.106707313684325, 19.195549650991186 ], [ -99.106725197313111, 19.195516971144972 ], [ -99.106735807259284, 19.195497582526759 ], [ -99.10692037879069, 19.195160312503923 ], [ -99.106940380324332, 19.195123762275454 ], [ -99.108091833264311, 19.193019643010615 ], [ -99.108429885709668, 19.192401885898306 ], [ -99.108620484198894, 19.192053583947853 ], [ -99.108809547104727, 19.191708086291975 ], [ -99.109009083402441, 19.191343448220344 ], [ -99.109110332193694, 19.191158422022021 ], [ -99.110268657836428, 19.189041612691828 ], [ -99.111476407540991, 19.186831262660252 ], [ -99.111654767353272, 19.18651041338553 ], [ -99.112322947282877, 19.185292603562267 ], [ -99.112652936885326, 19.184689783822325 ], [ -99.113410667529564, 19.18329941381338 ], [ -99.118646455893952, 19.173739785849122 ], [ -99.119122456069974, 19.17287007636552 ], [ -99.130236633247932, 19.152541300956234 ], [ -99.131043052947987, 19.152665811414117 ], [ -99.131395632491447, 19.152650610849062 ], [ -99.131650462553296, 19.152631640857582 ], [ -99.132133882376067, 19.152918531128144 ], [ -99.132501162278459, 19.153023481099581 ], [ -99.132573942480278, 19.153118271198352 ], [ -99.132592572188329, 19.153216790966081 ], [ -99.132603852828154, 19.153378760571776 ], [ -99.132460162347343, 19.153986780995208 ], [ -99.132547362300173, 19.154295480549422 ], [ -99.132787662170003, 19.154877910532356 ], [ -99.132828932357612, 19.155822150293751 ], [ -99.132787602810183, 19.156620819617537 ], [ -99.13288714256953, 19.15772464972931 ], [ -99.132817022738095, 19.158580809657948 ], [ -99.13271729203268, 19.159335789049923 ], [ -99.132687202118433, 19.160131558998962 ], [ -99.132515602327715, 19.160845159337182 ], [ -99.132390972658669, 19.161280898968087 ], [ -99.132240962029741, 19.161606209233796 ], [ -99.131968662733826, 19.162123758846704 ], [ -99.131806962205047, 19.16260606895727 ], [ -99.131642653096932, 19.163182678152992 ], [ -99.131060763111748, 19.164052618548933 ], [ -99.130633742424124, 19.164897547947159 ], [ -99.130463332951976, 19.165406017648419 ], [ -99.130307082718559, 19.165903188256276 ], [ -99.130209833318403, 19.166576557617496 ], [ -99.130194592722447, 19.167261157661116 ], [ -99.130166532751289, 19.168217607531691 ], [ -99.130305792836097, 19.16885618679726 ], [ -99.130513142931278, 19.170399246537972 ], [ -99.130506853168228, 19.170569896723048 ], [ -99.130470252575819, 19.170718647132976 ], [ -99.130511972454457, 19.170834846958847 ], [ -99.13052533311371, 19.171044636871557 ], [ -99.130535492647667, 19.171390776286387 ], [ -99.130501202768713, 19.171641077050367 ], [ -99.130469713351516, 19.171797867023194 ], [ -99.130454162837751, 19.171852416515215 ], [ -99.130402002910742, 19.171906946613255 ], [ -99.130334232928121, 19.171956556969139 ], [ -99.130236663064025, 19.172005216520539 ], [ -99.130063793091196, 19.172080676081851 ], [ -99.129989462569768, 19.172134636771542 ], [ -99.129955093258147, 19.172192976550637 ], [ -99.129942862892122, 19.172243146538232 ], [ -99.129941712813107, 19.172357406283847 ], [ -99.13002619297157, 19.172443506103392 ], [ -99.130065312808071, 19.172512146842266 ], [ -99.130189033035222, 19.1726678462595 ], [ -99.130461192973542, 19.1729681462987 ], [ -99.130787292515066, 19.17341752587372 ], [ -99.130904232720823, 19.173600446563228 ], [ -99.131098662464694, 19.173839776184593 ], [ -99.131375092283562, 19.174034646271121 ], [ -99.131559492534052, 19.174290155642051 ], [ -99.131743882649744, 19.174545635670533 ], [ -99.131942492676657, 19.17486166576052 ], [ -99.132056052619504, 19.175117215419174 ], [ -99.132125032385844, 19.175498575718748 ], [ -99.132153492125013, 19.175834075708032 ], [ -99.132241762097834, 19.176212075869103 ], [ -99.132303232728034, 19.176392035893613 ], [ -99.132406622691633, 19.17653414577714 ], [ -99.132494512372219, 19.176666465215302 ], [ -99.132497172006012, 19.176769415008241 ], [ -99.132430822905647, 19.176970745019673 ], [ -99.132317942098652, 19.177214205042183 ], [ -99.132287972148291, 19.177464775720679 ], [ -99.132288172680163, 19.177701005534342 ], [ -99.13231853214026, 19.177958695470831 ], [ -99.132394132595394, 19.178209185092783 ], [ -99.132386862604434, 19.178529344807647 ], [ -99.132235432936113, 19.178753435182255 ], [ -99.132150222727148, 19.179004185062041 ], [ -99.132065022315658, 19.179269674573149 ], [ -99.131972112419717, 19.179616274662511 ], [ -99.13185597263454, 19.180051374538092 ], [ -99.131615542164141, 19.180390704950213 ], [ -99.13146819267071, 19.180626754806216 ], [ -99.131279142612499, 19.181250414009501 ], [ -99.13104076296348, 19.181804574165895 ], [ -99.130792492715486, 19.182099674351051 ], [ -99.130489832826868, 19.182306344245195 ], [ -99.130326962748583, 19.182549774450919 ], [ -99.13024962299248, 19.182947973827989 ], [ -99.130234402704858, 19.183353504008263 ], [ -99.130188082705985, 19.183700073908064 ], [ -99.130093543348337, 19.183930873994392 ], [ -99.129963622653293, 19.184113774168566 ], [ -99.12985991345839, 19.184149293935111 ], [ -99.129764483223155, 19.184161184039326 ], [ -99.129673233333662, 19.184220353518562 ], [ -99.129586173572719, 19.184314973829942 ], [ -99.129507452919455, 19.184464753632767 ], [ -99.129421853492076, 19.184544263535894 ], [ -99.129107973468635, 19.184605213543996 ], [ -99.128962773174081, 19.18464866398195 ], [ -99.128854993673016, 19.184786633622974 ], [ -99.12873069357957, 19.185027063324046 ], [ -99.128365973883092, 19.185606503808071 ], [ -99.127852343701178, 19.186042443125675 ], [ -99.127478224029375, 19.186404473072773 ], [ -99.127378133725912, 19.186711382936362 ], [ -99.127243833678151, 19.186996952878765 ], [ -99.127068433937183, 19.18726330288758 ], [ -99.12711356360019, 19.187561523382922 ], [ -99.127260284075049, 19.187859662857218 ], [ -99.127404713301175, 19.18810555320913 ], [ -99.127561973170671, 19.188288402600694 ], [ -99.127727403990235, 19.188471613006119 ], [ -99.128154263854483, 19.188807972871004 ], [ -99.128720743482901, 19.18914237296482 ], [ -99.129339943571168, 19.189808292307401 ], [ -99.129927453394217, 19.19029463250633 ], [ -99.129988263145037, 19.190487431883692 ], [ -99.129995313418604, 19.190730552185972 ], [ -99.130141713212637, 19.190899292108497 ], [ -99.130469492776314, 19.191080211878933 ], [ -99.130665032734655, 19.19131203210096 ], [ -99.130650282738245, 19.191643861734189 ], [ -99.13065062245812, 19.192064371812805 ], [ -99.130590592624117, 19.192288842235321 ], [ -99.130646593126059, 19.192447891944525 ], [ -99.130633862547086, 19.192692701348193 ], [ -99.130767313180925, 19.192937431547122 ], [ -99.130608453156128, 19.193161972106946 ], [ -99.130570002683029, 19.193382341480365 ], [ -99.130464313199923, 19.193659781553372 ], [ -99.130460592475274, 19.193757301559867 ], [ -99.130483462843713, 19.19400966155802 ], [ -99.130271692619331, 19.1943312417587 ], [ -99.130228512662868, 19.194363291073547 ], [ -99.130096112817142, 19.194465151803055 ], [ -99.130070573463115, 19.194510861102493 ], [ -99.130085112596134, 19.194564341746517 ], [ -99.130115693086253, 19.194677351592322 ], [ -99.130013892656521, 19.194907870876197 ], [ -99.129935883019698, 19.195354201579306 ], [ -99.130039652957507, 19.195456210835275 ], [ -99.130116543443165, 19.195583801029588 ], [ -99.130212762893308, 19.195840750617219 ], [ -99.130353026022419, 19.196012915909225 ], [ -99.130353440587086, 19.196013424778155 ], [ -99.130418482686238, 19.196093261076602 ], [ -99.130442972572894, 19.196202601236678 ], [ -99.130386083208421, 19.196378870955414 ], [ -99.130215533410279, 19.19660854127827 ], [ -99.130012942776631, 19.196742240667653 ], [ -99.12960537288123, 19.19711775138407 ], [ -99.129498232654356, 19.197268121047561 ], [ -99.129465293133393, 19.197375010416827 ], [ -99.129473762078916, 19.197451341581548 ], [ -99.129500033017806, 19.19751052111868 ], [ -99.129533402756977, 19.197652410814083 ], [ -99.129430133319119, 19.197767940796378 ], [ -99.129301253515266, 19.197934671501265 ], [ -99.129266513152402, 19.198001610670143 ], [ -99.129266053036631, 19.198033900719146 ], [ -99.129261932728895, 19.198124000262265 ], [ -99.129285232303957, 19.198161371593802 ], [ -99.129367391833014, 19.19818787126016 ], [ -99.129449373590475, 19.198233671410751 ], [ -99.129472633110424, 19.198259460333603 ], [ -99.129491943253726, 19.198289580669631 ], [ -99.129504802585515, 19.198322640424536 ], [ -99.129507692071556, 19.198366441729789 ], [ -99.12950214317452, 19.198404780052549 ], [ -99.129490691783914, 19.198452980599164 ], [ -99.129470433547738, 19.198517640503571 ], [ -99.129441082126974, 19.198596780262271 ], [ -99.12937025273844, 19.198739261362547 ], [ -99.129269462775582, 19.198898090294282 ], [ -99.129191942070307, 19.199043140204754 ], [ -99.129132262094117, 19.199188119947774 ], [ -99.129105081831455, 19.199320601537135 ], [ -99.129085193175072, 19.199438300869961 ], [ -99.129076942637283, 19.199582030227553 ], [ -99.129081803334302, 19.199668580933299 ], [ -99.12910965246553, 19.199712431260966 ], [ -99.129145033694158, 19.199740770059559 ], [ -99.129279773123869, 19.199801900472625 ], [ -99.129312992466865, 19.199833370747843 ], [ -99.129332372724008, 19.199879179892353 ], [ -99.129326891752925, 19.200034940459293 ], [ -99.129334802316748, 19.200096140969588 ], [ -99.129352493445154, 19.200155499982404 ], [ -99.129395862390581, 19.200222469913435 ], [ -99.129461712189169, 19.200319889610732 ], [ -99.1295323427141, 19.200379230765968 ], [ -99.129532571677885, 19.200678793513131 ], [ -99.129532573367101, 19.200679211187804 ], [ -99.129531342208992, 19.20106920986931 ], [ -99.129472971795479, 19.201658719391503 ], [ -99.129457573222865, 19.201813320503888 ], [ -99.129422083309834, 19.202066179459752 ], [ -99.129388532003688, 19.202462090601237 ], [ -99.129384482585721, 19.202512980590463 ], [ -99.129307003986966, 19.202990740006872 ], [ -99.129305463040168, 19.203000240406677 ], [ -99.129629711743306, 19.20301035309231 ], [ -99.129739593233978, 19.203013779776615 ], [ -99.129909772120257, 19.20304267046966 ], [ -99.130053909157255, 19.20309134736771 ], [ -99.130164907973565, 19.203128833404499 ], [ -99.130294711564815, 19.203172669746518 ], [ -99.130220791736534, 19.203429379140776 ], [ -99.130191742554047, 19.203514060633168 ], [ -99.130081032081719, 19.203750139630127 ], [ -99.130071973010644, 19.203797300686297 ], [ -99.130075652735826, 19.203843439241304 ], [ -99.130106622928437, 19.203879699058156 ], [ -99.130430762515743, 19.203967438995537 ], [ -99.130499851932683, 19.203989949910213 ], [ -99.130545311465909, 19.204004200464613 ], [ -99.130757972486961, 19.204074859537585 ], [ -99.130825002351472, 19.204121000075929 ], [ -99.130834182806026, 19.204129100760621 ], [ -99.130916483042512, 19.204201719899373 ], [ -99.131199201529611, 19.204562600266183 ], [ -99.131205331746486, 19.204774153588986 ], [ -99.131206001582157, 19.204797230081674 ], [ -99.131293110741836, 19.205038532077936 ], [ -99.131358331792626, 19.205219199359256 ], [ -99.131433087768315, 19.205348575167154 ], [ -99.131477431307971, 19.205425318696953 ], [ -99.131558262866292, 19.205526348472517 ], [ -99.131635192854858, 19.205606519671779 ], [ -99.131972341591023, 19.205911659050766 ], [ -99.132135494863988, 19.206093010044693 ], [ -99.132142114501477, 19.206100367143691 ], [ -99.132263992405015, 19.206235839014013 ], [ -99.132423511385952, 19.206476169949575 ], [ -99.132426687278198, 19.206487525731156 ], [ -99.132491881246793, 19.206720598167681 ], [ -99.132514711222257, 19.207006288255293 ], [ -99.132490061775471, 19.207152269548171 ], [ -99.13242100587145, 19.207338923605725 ], [ -99.132331631719168, 19.207580486713972 ], [ -99.132331407230737, 19.20758109396964 ], [ -99.132315311581834, 19.20762459842064 ], [ -99.132313546010806, 19.207671234313754 ], [ -99.132312562472791, 19.207697209329279 ], [ -99.132388694969677, 19.207926794549611 ], [ -99.132412081202418, 19.207997319105068 ], [ -99.132477777174145, 19.20807505343997 ], [ -99.13251745197428, 19.20812199824428 ], [ -99.132624222697928, 19.208190277297007 ], [ -99.132696561560593, 19.20823653795912 ], [ -99.132702392730891, 19.208244979904201 ], [ -99.132762461983489, 19.208331938608559 ], [ -99.132788971117904, 19.208981149298939 ], [ -99.132761004022825, 19.209231745965788 ], [ -99.132760439912275, 19.209236799555764 ], [ -99.132760244732665, 19.209238551595028 ], [ -99.132758651115353, 19.209252828213391 ], [ -99.132765312748802, 19.209436177531213 ], [ -99.132857315107998, 19.209638192587668 ], [ -99.132908002055672, 19.209749489298723 ], [ -99.132910992066584, 19.209853737669754 ], [ -99.132862791474082, 19.209919598554453 ], [ -99.13281379228701, 19.209976458961677 ], [ -99.132866912536088, 19.210022938011473 ], [ -99.132965771622864, 19.210073858887814 ], [ -99.133006651238475, 19.210092138449507 ], [ -99.133032060373807, 19.210119138462549 ], [ -99.13328842264589, 19.210391553323117 ], [ -99.133305457267241, 19.210409655373006 ], [ -99.13358245774225, 19.210704001839186 ], [ -99.133595964648109, 19.210718353241614 ], [ -99.133869515023292, 19.211009031654729 ], [ -99.133890991829801, 19.211031851977975 ], [ -99.134438141069964, 19.211613253704066 ], [ -99.13830817128229, 19.215725366214102 ], [ -99.149535958574475, 19.219221195721882 ], [ -99.149585910298143, 19.21923576828879 ], [ -99.149598477855875, 19.21923943467468 ], [ -99.154387167019991, 19.220636395257529 ], [ -99.153511676068931, 19.221803365813404 ], [ -99.153473827277324, 19.221578684883841 ], [ -99.15341655733512, 19.221406974866884 ], [ -99.153276797167848, 19.221181095218153 ], [ -99.153209417072915, 19.220982285480073 ], [ -99.153050047302102, 19.22073833512248 ], [ -99.152926727395297, 19.220577995017837 ], [ -99.152833877602518, 19.220500405305803 ], [ -99.152759357452297, 19.220459225106758 ], [ -99.152609367129656, 19.220465255521159 ], [ -99.152472827423196, 19.220530945612779 ], [ -99.152330257057869, 19.220711885047304 ], [ -99.152282557887048, 19.220874655607592 ], [ -99.152056107404718, 19.221292975271687 ], [ -99.152002127349405, 19.221738255223109 ], [ -99.152028927879414, 19.221879264859766 ], [ -99.152015188010608, 19.222036575438178 ], [ -99.151901648065405, 19.222409595357188 ], [ -99.151834507573668, 19.222728335326394 ], [ -99.151767167541522, 19.222870775237649 ], [ -99.151682757599389, 19.223107394851098 ], [ -99.151664137935981, 19.223183514698462 ], [ -99.151644167390188, 19.223258375130172 ], [ -99.151612198090177, 19.223349735203143 ], [ -99.151572187867089, 19.22341445478418 ], [ -99.151536137909346, 19.223436055111513 ], [ -99.151504077738451, 19.223437344557553 ], [ -99.151470647806605, 19.223419624436914 ], [ -99.151439847884959, 19.223349885075379 ], [ -99.15141839756977, 19.223278864429084 ], [ -99.151400627985552, 19.223227534751825 ], [ -99.151388167494531, 19.223219595251358 ], [ -99.151307028183226, 19.223205054411121 ], [ -99.151213077578461, 19.223241624902215 ], [ -99.151142527369686, 19.223405085095447 ], [ -99.151156998245739, 19.223483714699057 ], [ -99.151176888054479, 19.223558935025945 ], [ -99.151193047934285, 19.223633054879848 ], [ -99.151196217398805, 19.223658994662191 ], [ -99.151196757788739, 19.223687834674184 ], [ -99.151194538179723, 19.223714114874983 ], [ -99.15118893786952, 19.223743344539596 ], [ -99.151179247405082, 19.223774194809632 ], [ -99.151163727829186, 19.223807864989379 ], [ -99.151145487840779, 19.223851264697963 ], [ -99.151125737909155, 19.223897544986276 ], [ -99.151106197535356, 19.223938684217536 ], [ -99.151093367648102, 19.223968424317061 ], [ -99.151082557655101, 19.223999994547224 ], [ -99.151073077424883, 19.224038484316427 ], [ -99.151067507955133, 19.224076224361767 ], [ -99.151065528208989, 19.224110734416495 ], [ -99.151066687522558, 19.22414819466794 ], [ -99.151070927802337, 19.224183174531539 ], [ -99.151076818259085, 19.224205604308331 ], [ -99.151084528098366, 19.22423019473603 ], [ -99.151095358108776, 19.22425909486622 ], [ -99.151107528191488, 19.224286624183197 ], [ -99.151120597410554, 19.22431220450898 ], [ -99.151135817364704, 19.22433828474929 ], [ -99.151156477434881, 19.22436906455167 ], [ -99.151182787327215, 19.224402634458897 ], [ -99.151225167645293, 19.224447204434881 ], [ -99.151265987784342, 19.224482054682817 ], [ -99.151312618132451, 19.224514534914736 ], [ -99.15136290742889, 19.224544854579349 ], [ -99.151401017644957, 19.224562164772518 ], [ -99.151443677660538, 19.224580914329955 ], [ -99.151487857483303, 19.224593894331189 ], [ -99.151544227914655, 19.224603964239993 ], [ -99.151594487236864, 19.224606804223004 ], [ -99.151658740411534, 19.224611719261507 ], [ -99.15173792732827, 19.224617775800009 ], [ -99.151854757635746, 19.224626434170819 ], [ -99.151957047452967, 19.224645204197436 ], [ -99.152112676262092, 19.224659334375211 ], [ -99.152203927940747, 19.22466868407718 ], [ -99.152268727662957, 19.224670314145165 ], [ -99.15235862752634, 19.224681734672469 ], [ -99.15244867627122, 19.224707294743151 ], [ -99.15253256742885, 19.224737884537621 ], [ -99.152629787187152, 19.224781115757246 ], [ -99.152683356658429, 19.224813085021967 ], [ -99.152729647338035, 19.224834824455058 ], [ -99.152777276297485, 19.224870564642423 ], [ -99.152832876679796, 19.224930764205478 ], [ -99.152892427301481, 19.225000375202534 ], [ -99.15296590690339, 19.225096344499793 ], [ -99.153031447722398, 19.225203624608554 ], [ -99.153115677779994, 19.225339545235986 ], [ -99.153204396332526, 19.225600054709233 ], [ -99.153309276529654, 19.225859654956583 ], [ -99.153370795857072, 19.225978944854994 ], [ -99.153253925885934, 19.226156864905722 ], [ -99.153173016011579, 19.226316535430104 ], [ -99.153064306232409, 19.226507945232985 ], [ -99.152976566271377, 19.226647024590992 ], [ -99.152927615985305, 19.22689934479839 ], [ -99.152857337679563, 19.227135774289739 ], [ -99.152824397649724, 19.227361684797618 ], [ -99.152761366385533, 19.227644803687514 ], [ -99.152707364854507, 19.227877471575109 ], [ -99.152692336199877, 19.227942223578331 ], [ -99.152641257293496, 19.228155065012064 ], [ -99.15257221053767, 19.228368113892238 ], [ -99.152554126080247, 19.228423913411806 ], [ -99.152505647359547, 19.228579694850765 ], [ -99.152499857735393, 19.228604662165168 ], [ -99.152448616492322, 19.228825653531146 ], [ -99.152409566461642, 19.228971493102836 ], [ -99.152381686059755, 19.229131794394355 ], [ -99.152367587306074, 19.22927377408169 ], [ -99.15232547753395, 19.229365313335059 ], [ -99.152223106621761, 19.229476893986824 ], [ -99.15212076773058, 19.229619963341168 ], [ -99.15201244632766, 19.229800173593826 ], [ -99.151906767559453, 19.229971033241494 ], [ -99.151856157718413, 19.230059260193443 ], [ -99.151852617917115, 19.230065432881876 ], [ -99.151813567317433, 19.230208424125657 ], [ -99.151786017985032, 19.23047819391606 ], [ -99.151773197047333, 19.230662023300649 ], [ -99.151769941457232, 19.23067357833672 ], [ -99.151747374893631, 19.230753671435867 ], [ -99.151732386883936, 19.230806864056149 ], [ -99.151617227488856, 19.231073632987677 ], [ -99.151604640739478, 19.231088982877946 ], [ -99.151546322779936, 19.231160101774233 ], [ -99.151518686723008, 19.231193803702464 ], [ -99.151358277941526, 19.231350963222354 ], [ -99.151264835866755, 19.231447321227506 ], [ -99.151224967736312, 19.231488434237907 ], [ -99.151162706936773, 19.231576492922535 ], [ -99.151094551730253, 19.231760539446725 ], [ -99.1510913876578, 19.23176908292281 ], [ -99.150968367201912, 19.231905372689372 ], [ -99.150924937006451, 19.231938933218142 ], [ -99.150893676702026, 19.231981092851175 ], [ -99.150858247463589, 19.232080564022379 ], [ -99.150844188001074, 19.232231883683937 ], [ -99.150808967142837, 19.232307252479607 ], [ -99.150778124578792, 19.232334724989631 ], [ -99.150745594766732, 19.232363700382102 ], [ -99.150736408261253, 19.232371883769556 ], [ -99.150736119600452, 19.232372141055976 ], [ -99.150705288694425, 19.232399601996072 ], [ -99.150693848321566, 19.232409793077586 ], [ -99.150607094689491, 19.232540909975494 ], [ -99.150605061743903, 19.232543983649762 ], [ -99.150595938223063, 19.232557772616353 ], [ -99.150595597985856, 19.232558899576635 ], [ -99.150567568365503, 19.232651832429177 ], [ -99.150578307781558, 19.232915662907057 ], [ -99.150593926829643, 19.233080282759538 ], [ -99.150571908118053, 19.233164683340615 ], [ -99.150512568122849, 19.233208173869844 ], [ -99.150469107578147, 19.233410942122557 ], [ -99.150483398217176, 19.23352799289724 ], [ -99.150517537378022, 19.233669222083819 ], [ -99.15055302714326, 19.233752093481247 ], [ -99.150649506871545, 19.233974972242478 ], [ -99.150696456562031, 19.23406246299443 ], [ -99.150729387953646, 19.234203082344504 ], [ -99.150739933244466, 19.234268563745573 ], [ -99.1507400920691, 19.234269543392234 ], [ -99.150740141003311, 19.234269848725898 ], [ -99.15075672752063, 19.234372823176809 ], [ -99.150747874166882, 19.23444623728674 ], [ -99.150736888092808, 19.234537342142186 ], [ -99.150727038190396, 19.234561182006082 ], [ -99.150692447004701, 19.234644901544801 ], [ -99.150684581352053, 19.234663938191002 ], [ -99.150675477897366, 19.23468597202336 ], [ -99.15067539380513, 19.234685979496081 ], [ -99.150671137537429, 19.234686360312185 ], [ -99.150583798092057, 19.234694172188107 ], [ -99.150499113385308, 19.234672061483913 ], [ -99.150484447480039, 19.234668232314739 ], [ -99.150481661841255, 19.234657997394503 ], [ -99.150476993100895, 19.234640845085025 ], [ -99.150472828390306, 19.234625542340471 ], [ -99.150471813755416, 19.234590516008904 ], [ -99.150470218367033, 19.234535422974385 ], [ -99.150456596799572, 19.234410823357923 ], [ -99.150434646532489, 19.234291513323093 ], [ -99.150379247756206, 19.234230661950107 ], [ -99.150301536639091, 19.234191093117936 ], [ -99.150243246673867, 19.234175343106056 ], [ -99.150126567983264, 19.23416771197763 ], [ -99.150018198007331, 19.234178632676677 ], [ -99.149773768572771, 19.234158092883796 ], [ -99.149654388492323, 19.234129232141814 ], [ -99.149605687463719, 19.234092508230127 ], [ -99.149587817452087, 19.23407903227956 ], [ -99.149537937185968, 19.234031432413271 ], [ -99.149488254041003, 19.234029928110147 ], [ -99.149457368181388, 19.234028992520866 ], [ -99.149379447850265, 19.234084892604532 ], [ -99.14930319774939, 19.234172823496333 ], [ -99.149298967478529, 19.234265572415644 ], [ -99.149337247137851, 19.234342173087743 ], [ -99.149428768147416, 19.234416162355735 ], [ -99.149528647446772, 19.234484823657393 ], [ -99.149564627537117, 19.234550991963324 ], [ -99.1495617372167, 19.2346225625991 ], [ -99.149533878074962, 19.234678261912258 ], [ -99.149486587946072, 19.234741972881292 ], [ -99.149405956983429, 19.234797802827881 ], [ -99.149274876919534, 19.234841311864923 ], [ -99.149194358679168, 19.234884913060323 ], [ -99.149159027060492, 19.234954742274482 ], [ -99.149088857137514, 19.235031361708089 ], [ -99.149002848017133, 19.235114542116218 ], [ -99.14893339758062, 19.235189771713287 ], [ -99.148884167339332, 19.235361002497399 ], [ -99.148830487033266, 19.235519992766697 ], [ -99.14878170766093, 19.235579451766768 ], [ -99.148699398699605, 19.235662092218043 ], [ -99.148606258297548, 19.235666531871754 ], [ -99.148522287944644, 19.235676712845645 ], [ -99.148429277139101, 19.235717332605841 ], [ -99.148382167893473, 19.235772452571542 ], [ -99.148362217296437, 19.235830422951317 ], [ -99.148363287857023, 19.235998793230845 ], [ -99.148290308563276, 19.236165541977741 ], [ -99.148269628571995, 19.236210874602495 ], [ -99.148262489662542, 19.236226522919637 ], [ -99.148255918591389, 19.236240926267524 ], [ -99.148226428127714, 19.236305572053556 ], [ -99.148192557975037, 19.236290022474293 ], [ -99.148163922666939, 19.236276876597639 ], [ -99.14813001755418, 19.23626131184847 ], [ -99.148108451246273, 19.236252850256275 ], [ -99.148092018244384, 19.236246402693951 ], [ -99.148055738858744, 19.236222511469453 ], [ -99.148008398611609, 19.236191891822529 ], [ -99.147980908284651, 19.23616497210903 ], [ -99.14796602711526, 19.236147002541276 ], [ -99.147957868922106, 19.236121862267986 ], [ -99.147955328761597, 19.236114032777774 ], [ -99.147948018635375, 19.236064561995452 ], [ -99.147959369089136, 19.23605317799975 ], [ -99.148002247483575, 19.236010172773547 ], [ -99.148007473526107, 19.235997416479652 ], [ -99.148049397450677, 19.235895082927758 ], [ -99.148061331408641, 19.235859610759597 ], [ -99.14810747731498, 19.235722452101683 ], [ -99.148121556905295, 19.235696886637601 ], [ -99.148158048869675, 19.235630621908804 ], [ -99.148256767444195, 19.235524942688158 ], [ -99.148334908544697, 19.235432363032228 ], [ -99.148380398584635, 19.235335031718058 ], [ -99.148412087262727, 19.235128332091275 ], [ -99.148405755585586, 19.23507212123339 ], [ -99.148394787561955, 19.234974761817142 ], [ -99.14833516769383, 19.234894142882165 ], [ -99.148281001912792, 19.234859442535974 ], [ -99.148174108595938, 19.234790962255648 ], [ -99.148093387124206, 19.234720252912329 ], [ -99.147957927715282, 19.234634892547827 ], [ -99.147869049027577, 19.234554362153176 ], [ -99.147734629045829, 19.234539173324986 ], [ -99.147585394999524, 19.234469300195631 ], [ -99.1475707676193, 19.234462451828456 ], [ -99.147563970357695, 19.234460602034559 ], [ -99.147546364983739, 19.234455811964072 ], [ -99.147528336634295, 19.234450906087847 ], [ -99.147503506258886, 19.234444150322862 ], [ -99.147407257649547, 19.234417962617343 ], [ -99.146886414067239, 19.234373342486759 ], [ -99.146878727717848, 19.234372683535181 ], [ -99.146869163857701, 19.234369539322856 ], [ -99.146847940735341, 19.234362561706522 ], [ -99.146814359232138, 19.234351521844729 ], [ -99.146713249080733, 19.234318282962423 ], [ -99.146593656025189, 19.234252531377688 ], [ -99.146579489088367, 19.234244742147116 ], [ -99.146509516541272, 19.23422651851201 ], [ -99.146437187552678, 19.234207683159415 ], [ -99.146377618923779, 19.234202814607734 ], [ -99.146355334003289, 19.234200993639767 ], [ -99.146323258729751, 19.234198372448571 ], [ -99.146203278187869, 19.234222512116904 ], [ -99.146082738563265, 19.234210693525831 ], [ -99.145992859320145, 19.234214761942528 ], [ -99.145914767695061, 19.234279262975146 ], [ -99.145867398972484, 19.234314512579321 ], [ -99.145773168123981, 19.234319593027493 ], [ -99.145629047924359, 19.234319531859285 ], [ -99.145550138460962, 19.234367792903996 ], [ -99.145490488227225, 19.234417063117295 ], [ -99.145390539285188, 19.234453313384478 ], [ -99.14532439889372, 19.234435423483063 ], [ -99.145212789603363, 19.234367133694182 ], [ -99.145054278443936, 19.234334931889208 ], [ -99.144912089161906, 19.234337853715292 ], [ -99.144836599411832, 19.234381492412393 ], [ -99.144796657969493, 19.234448992020479 ], [ -99.144774479405299, 19.234477132798823 ], [ -99.144682988578907, 19.234500191992854 ], [ -99.144444848489869, 19.234521972285986 ], [ -99.144830169792129, 19.235193492013398 ], [ -99.145031629667244, 19.235543371600187 ], [ -99.145930378244273, 19.237236264649585 ], [ -99.146147728805232, 19.237645661887463 ], [ -99.146160968541224, 19.237671361322523 ], [ -99.146327138889291, 19.237990131831225 ], [ -99.147008218310873, 19.239296531316899 ], [ -99.147158488699986, 19.239593230982887 ], [ -99.147333878854752, 19.239949941384054 ], [ -99.147512138965041, 19.24025633111663 ], [ -99.147352458855053, 19.240362481315813 ], [ -99.147129058367071, 19.240417650438914 ], [ -99.14700992892881, 19.240426450584735 ], [ -99.146888818887717, 19.240406990726594 ], [ -99.146675509062533, 19.240333890516638 ], [ -99.14657564915899, 19.240252691099084 ], [ -99.146487477572407, 19.240145920828603 ], [ -99.146416219081871, 19.24005963116748 ], [ -99.146380613460053, 19.24000359137591 ], [ -99.14630032893065, 19.239877231310139 ], [ -99.146208739133826, 19.239459571474271 ], [ -99.146112629191123, 19.239326091056807 ], [ -99.146053088987642, 19.239325540868482 ], [ -99.145597079497051, 19.239322191164021 ], [ -99.145336998758239, 19.239382680729548 ], [ -99.145137289178265, 19.239469371093584 ], [ -99.144390548264113, 19.239622066840724 ], [ -99.144169529723825, 19.239667260879592 ], [ -99.144003799475627, 19.239681600607184 ], [ -99.143940559410254, 19.240157171265764 ], [ -99.143939426571109, 19.240165706908257 ], [ -99.143936619332635, 19.240186861210258 ], [ -99.143939247546584, 19.240240021859172 ], [ -99.143955092519931, 19.240560473076414 ], [ -99.143961892583562, 19.240697987876167 ], [ -99.143967229516946, 19.240805930673247 ], [ -99.143969679261559, 19.240870560540678 ], [ -99.143972279783526, 19.24092404233409 ], [ -99.143995375114628, 19.241398938422119 ], [ -99.143998359099172, 19.241460290598152 ], [ -99.144024019067842, 19.241699250995691 ], [ -99.144049729576736, 19.242035430746817 ], [ -99.144061366482248, 19.242205809714466 ], [ -99.14406840265822, 19.242308827251787 ], [ -99.14407304943478, 19.242376860019878 ], [ -99.144082451786332, 19.242488130624366 ], [ -99.144085096141453, 19.242519418348561 ], [ -99.1440880492394, 19.242554360344634 ], [ -99.144109229610606, 19.242605829959306 ], [ -99.144110544867161, 19.242615981113953 ], [ -99.144121359543917, 19.242699430067677 ], [ -99.144144874609935, 19.242881301670874 ], [ -99.144159554116058, 19.242994836570936 ], [ -99.144159659149679, 19.242995650327128 ], [ -99.144183950776835, 19.24318334499489 ], [ -99.144197785276788, 19.243290234796181 ], [ -99.144232159206936, 19.243555829982892 ], [ -99.144243709270683, 19.243657850388981 ], [ -99.144245229300154, 19.243997850502982 ], [ -99.144243275784731, 19.244175458104966 ], [ -99.144243189678917, 19.24418324983608 ], [ -99.144239072340667, 19.244210700584038 ], [ -99.144184139318895, 19.244576909891151 ], [ -99.144247709195525, 19.244737369816811 ], [ -99.14365808889255, 19.24461574018363 ], [ -99.143330378207523, 19.244487201795494 ], [ -99.143307708605988, 19.244478310882187 ], [ -99.142323769006751, 19.244156140953496 ], [ -99.142228529495171, 19.243866449634538 ], [ -99.142195338181594, 19.243831263155236 ], [ -99.142051909619738, 19.243679199692213 ], [ -99.141997739109598, 19.24364144982291 ], [ -99.141707000229474, 19.243591621137679 ], [ -99.141648430437328, 19.243578330319924 ], [ -99.141699030348249, 19.243651129937497 ], [ -99.141701109944435, 19.243676941204299 ], [ -99.141645420185952, 19.243744860204345 ], [ -99.141613770559587, 19.243751760829301 ], [ -99.141135819632737, 19.243600740403458 ], [ -99.141088048769149, 19.243589540126909 ], [ -99.141039359291455, 19.243584930758402 ], [ -99.14037640082941, 19.243591830857092 ], [ -99.140323830043315, 19.243625020097351 ], [ -99.140278289987762, 19.243671080764116 ], [ -99.140217429268603, 19.243800430983693 ], [ -99.140182629408827, 19.243848420079381 ], [ -99.13999616075553, 19.244189930438015 ], [ -99.13958173276643, 19.244869015634677 ], [ -99.1389138205476, 19.245963449196726 ], [ -99.139033690769267, 19.246039939896988 ], [ -99.139268260663187, 19.246234969118127 ], [ -99.139388190286127, 19.246358429366442 ], [ -99.139602630333641, 19.246720049281375 ], [ -99.139730450463887, 19.246944799818838 ], [ -99.139809190474168, 19.247087159584261 ], [ -99.139981310198138, 19.247346459550794 ], [ -99.140221140681987, 19.247578559139015 ], [ -99.140294880184882, 19.247807649461777 ], [ -99.140356060743699, 19.247978449180646 ], [ -99.14050980084096, 19.248052459166743 ], [ -99.140614030267514, 19.248109198926034 ], [ -99.140804309915239, 19.24826719903211 ], [ -99.140950909846836, 19.248342559208247 ], [ -99.141099460540147, 19.248443739098523 ], [ -99.14137045996263, 19.248581908919046 ], [ -99.14155549043798, 19.248688019127492 ], [ -99.141659820491824, 19.248855958809198 ], [ -99.141717940083964, 19.248992309366603 ], [ -99.141684230137798, 19.249080689272329 ], [ -99.141671630218084, 19.249163168497592 ], [ -99.141703589809055, 19.249361419162341 ], [ -99.141708060176967, 19.249431359092831 ], [ -99.141715509860958, 19.249515288802396 ], [ -99.14170078989217, 19.24954887913697 ], [ -99.141694929983217, 19.24958805870487 ], [ -99.141690860526737, 19.249687558320691 ], [ -99.141683399783517, 19.249748198819333 ], [ -99.141623760491086, 19.249855739070522 ], [ -99.141592030298185, 19.249933998453496 ], [ -99.141556889758974, 19.249997169068063 ], [ -99.141476290395417, 19.250128489109485 ], [ -99.141421479959916, 19.25026059817824 ], [ -99.141345589910514, 19.250391188330767 ], [ -99.141301200464753, 19.250475598958406 ], [ -99.141266800447383, 19.250551968605134 ], [ -99.141255419849514, 19.250609878536093 ], [ -99.141246959716511, 19.250644768821299 ], [ -99.141104049823653, 19.250753458504661 ], [ -99.141066310565293, 19.250825388919704 ], [ -99.141026220500336, 19.250866658311693 ], [ -99.140978769930456, 19.250908288433624 ], [ -99.140943860722203, 19.250944508916017 ], [ -99.140910570126479, 19.25095242846707 ], [ -99.140848220652913, 19.250959448027643 ], [ -99.140791280165587, 19.250974228422713 ], [ -99.140764800250452, 19.251041418888981 ], [ -99.140709889867281, 19.251138888613621 ], [ -99.140682060775205, 19.251218358847265 ], [ -99.140650690211046, 19.251222968840686 ], [ -99.140544460256663, 19.251251858065167 ], [ -99.14047626070743, 19.25128215875101 ], [ -99.140493970166816, 19.251352508167837 ], [ -99.140513060019316, 19.25137455848585 ], [ -99.140506940109631, 19.251399658433119 ], [ -99.140477060158403, 19.251449628438166 ], [ -99.140450460673151, 19.251537767928365 ], [ -99.140413990265358, 19.251623568721378 ], [ -99.14032745027005, 19.251785387941023 ], [ -99.14020451036329, 19.251838957989285 ], [ -99.140148480116252, 19.251898138662892 ], [ -99.140148530895331, 19.251942558218005 ], [ -99.140152050569611, 19.25199522830831 ], [ -99.140150000025699, 19.252014788121119 ], [ -99.140132930497273, 19.25208918829706 ], [ -99.140122510137573, 19.252155128230424 ], [ -99.140125280509281, 19.25220445820494 ], [ -99.140134820431243, 19.252251998395607 ], [ -99.140164000743553, 19.252348618226112 ], [ -99.140168930380526, 19.252408737930544 ], [ -99.140188680393507, 19.252464818522437 ], [ -99.140193110245761, 19.252518938273891 ], [ -99.140181990613684, 19.252590558325341 ], [ -99.140137050894324, 19.252749488095013 ], [ -99.140094260118289, 19.252815797965347 ], [ -99.140076530262988, 19.25285962800714 ], [ -99.14002126048149, 19.25293844806508 ], [ -99.139946830238216, 19.253004157698932 ], [ -99.139936370432892, 19.253090048058777 ], [ -99.139870170203565, 19.253242908073837 ], [ -99.139831390728119, 19.253300258317928 ], [ -99.139790530520472, 19.253321457624423 ], [ -99.139751000141544, 19.253321487955038 ], [ -99.13968469072725, 19.253356528159514 ], [ -99.139684770768199, 19.253431388281328 ], [ -99.139663290614536, 19.253563478168161 ], [ -99.139625910808704, 19.253670227619082 ], [ -99.139604000725285, 19.253783857699158 ], [ -99.139569760974027, 19.253907197616357 ], [ -99.139530620288113, 19.254089057787436 ], [ -99.139486260318691, 19.254229817842774 ], [ -99.139471060630939, 19.254339337723284 ], [ -99.139395690659796, 19.254601387985598 ], [ -99.139386970928911, 19.254690387333188 ], [ -99.139449341028936, 19.254931137741693 ], [ -99.139579250593101, 19.255456327292556 ], [ -99.139725370157365, 19.255720737377665 ], [ -99.139810600357976, 19.255889487503936 ], [ -99.139943880284079, 19.256126057298548 ], [ -99.140001330165617, 19.256229087609427 ], [ -99.14003677083096, 19.25627770752385 ], [ -99.140113090401968, 19.256338396902962 ], [ -99.140214000390301, 19.256375787414907 ], [ -99.14038293041871, 19.256440166806904 ], [ -99.140477280192101, 19.256490047243954 ], [ -99.140528690100908, 19.256522787280161 ], [ -99.140580860265231, 19.256573796843352 ], [ -99.140739290129517, 19.256860246967996 ], [ -99.140773850746015, 19.256940127277552 ], [ -99.140793110411394, 19.256996796751071 ], [ -99.140785659963669, 19.257068587270421 ], [ -99.140630050509131, 19.257195306633893 ], [ -99.140446110249542, 19.257306726826659 ], [ -99.140309570809578, 19.25739861678235 ], [ -99.140242600485593, 19.257472676671075 ], [ -99.140198860673124, 19.257561216939322 ], [ -99.140178690827852, 19.257634126497361 ], [ -99.140166620277554, 19.257699357014701 ], [ -99.140152740590821, 19.257771056602689 ], [ -99.140155390792643, 19.257819937054553 ], [ -99.140165200147422, 19.257859526986771 ], [ -99.140199990608778, 19.257919417162224 ], [ -99.140248540007931, 19.258011126937138 ], [ -99.140325050481238, 19.258131197054094 ], [ -99.140446540550272, 19.25828565673412 ], [ -99.140565590747215, 19.258390356485808 ], [ -99.140746560306198, 19.258539686337581 ], [ -99.14084832986228, 19.258674586657744 ], [ -99.140936600408608, 19.258769057035693 ], [ -99.141052340564897, 19.258830926480105 ], [ -99.141180510264675, 19.258897616486731 ], [ -99.141320390534247, 19.258959886606601 ], [ -99.141411370006011, 19.259012086472591 ], [ -99.141496600072173, 19.25907745683304 ], [ -99.141629130290482, 19.259175856928408 ], [ -99.141713309739032, 19.259220886383012 ], [ -99.141781160450194, 19.259292566850785 ], [ -99.14190705044733, 19.259559656145463 ], [ -99.142014620414372, 19.259781786683781 ], [ -99.142087570350029, 19.259851936373199 ], [ -99.14220270987424, 19.25990362636448 ], [ -99.142251189821977, 19.259989196130849 ], [ -99.142358989478168, 19.260231566626036 ], [ -99.142376199757948, 19.260344676242795 ], [ -99.142391159772984, 19.26046650622856 ], [ -99.142389130345876, 19.260615646247135 ], [ -99.142426649540653, 19.260953446139649 ], [ -99.142405429605276, 19.261052246532184 ], [ -99.142342629889413, 19.261197306527571 ], [ -99.142294250022829, 19.261314305702903 ], [ -99.142258730305556, 19.261397195899921 ], [ -99.142211309767987, 19.261506706014469 ], [ -99.142138359483482, 19.261676655956581 ], [ -99.142119189469611, 19.261721126270718 ], [ -99.14210723027594, 19.261773485814871 ], [ -99.14210249003888, 19.261844075978072 ], [ -99.142246169850722, 19.26254405591019 ], [ -99.142277969785781, 19.263023845799811 ], [ -99.14230886022446, 19.263227055981027 ], [ -99.142349829693075, 19.263289655946213 ], [ -99.142386849550959, 19.263349755757947 ], [ -99.142415960177857, 19.263433655475932 ], [ -99.142422309891558, 19.263593935482969 ], [ -99.142428419659637, 19.263762105086919 ], [ -99.142413329718082, 19.263952525722193 ], [ -99.14236636946373, 19.264157364999178 ], [ -99.142394929494046, 19.264232185162676 ], [ -99.142460490217488, 19.264323795467071 ], [ -99.142491229485884, 19.264374055823549 ], [ -99.142447310028899, 19.264888325519248 ], [ -99.142423960015492, 19.265161584819406 ], [ -99.142395449763342, 19.266621995327071 ], [ -99.142479819645445, 19.266689734882668 ], [ -99.143323340078439, 19.266519085287932 ], [ -99.143215678584383, 19.267229325537237 ], [ -99.143432829291555, 19.26725032451116 ], [ -99.143621019832111, 19.267268874534828 ], [ -99.143846959576834, 19.267303644846027 ], [ -99.144119169272344, 19.26734098507978 ], [ -99.144913739069608, 19.267443935080404 ], [ -99.144902049307774, 19.267556644744793 ], [ -99.144802539391705, 19.267867704847003 ], [ -99.144722879440607, 19.268127054198679 ], [ -99.144672279426075, 19.268228704101638 ], [ -99.144544079673125, 19.268462614208044 ], [ -99.144351229830292, 19.268841384731669 ], [ -99.143938509898163, 19.269537644105956 ], [ -99.143755739870542, 19.269507684210303 ], [ -99.143584089746525, 19.26950782406724 ], [ -99.143360049373442, 19.269467614188418 ], [ -99.1431571994721, 19.269796793734045 ], [ -99.143062889326686, 19.270101304503282 ], [ -99.142992079820218, 19.270242354269204 ], [ -99.142888090133113, 19.270369553759519 ], [ -99.142788389557083, 19.270500763773711 ], [ -99.142602250139191, 19.270621284256222 ], [ -99.142510160236, 19.270674674020707 ], [ -99.142379999712688, 19.270690794353268 ], [ -99.142203109690712, 19.270667363907648 ], [ -99.142131589618543, 19.270690054387305 ], [ -99.142040130213203, 19.270853954305156 ], [ -99.141860939678779, 19.271452844221699 ], [ -99.141752229754758, 19.271889933432178 ], [ -99.141623770087094, 19.272291183556664 ], [ -99.141408049874983, 19.272774843813586 ], [ -99.141180450418446, 19.273531653282838 ], [ -99.141130989739608, 19.27372719308206 ], [ -99.142080229781357, 19.273941733185225 ], [ -99.14199399996788, 19.274672812735005 ], [ -99.141968989501606, 19.274794722743149 ], [ -99.141906090340996, 19.275116532680826 ], [ -99.141764830173315, 19.275684042901524 ], [ -99.14172275955049, 19.276614082715732 ], [ -99.141636049705809, 19.277094452486043 ], [ -99.141550160298465, 19.2775410721034 ], [ -99.141530659988064, 19.277955421850223 ], [ -99.141494089708459, 19.278385252572839 ], [ -99.141424679826585, 19.278855181631826 ], [ -99.141444229917866, 19.279064212486716 ], [ -99.141452450253723, 19.279152182456979 ], [ -99.141339880056009, 19.280066591575324 ], [ -99.141187110168232, 19.281071131161994 ], [ -99.141187990325363, 19.281187501548857 ], [ -99.141072189938569, 19.282289821116727 ], [ -99.141048260383698, 19.282525700945317 ], [ -99.140890880508351, 19.282496021505118 ], [ -99.140225220687526, 19.282382281347545 ], [ -99.139683480200333, 19.282313251576877 ], [ -99.139259740575184, 19.282262550931897 ], [ -99.138896510704456, 19.282240321516554 ], [ -99.138545560784607, 19.282225451683598 ], [ -99.1378777406441, 19.282203561159786 ], [ -99.137451161503179, 19.282207730893621 ], [ -99.136984601300426, 19.282232011069201 ], [ -99.13646474111107, 19.282273391707268 ], [ -99.135921061562414, 19.282332351646261 ], [ -99.135099361603537, 19.282458551101715 ], [ -99.134005711558473, 19.282698041362053 ], [ -99.132476602683553, 19.283128160872874 ], [ -99.131986741949291, 19.283263901478112 ], [ -99.131933805376349, 19.283278568761702 ], [ -99.131408632182868, 19.283424080781316 ], [ -99.130824282782555, 19.283588241012239 ], [ -99.130782217767546, 19.283600051137832 ], [ -99.13036520310078, 19.283717130883566 ], [ -99.12951423260921, 19.283955980826189 ], [ -99.129126592922802, 19.284064760875815 ], [ -99.12828206346542, 19.284302881166099 ], [ -99.127576883841101, 19.284498561100886 ], [ -99.125729793781559, 19.285015720899718 ], [ -99.125434603879981, 19.285100300457728 ], [ -99.125192793863178, 19.285164680685135 ], [ -99.124991333796245, 19.285217850850895 ], [ -99.124917534050709, 19.285238280532823 ], [ -99.124329914207649, 19.285428130860353 ], [ -99.123902494090487, 19.285566220892157 ], [ -99.122214424590666, 19.286283640525188 ], [ -99.121638434880225, 19.286528719953708 ], [ -99.117924546305261, 19.288114979577109 ], [ -99.115705936860536, 19.289057759534746 ], [ -99.114899226754204, 19.289401299361142 ], [ -99.114525456526721, 19.289560809277173 ], [ -99.112832887470859, 19.290283069149936 ], [ -99.11159788771495, 19.29080458924367 ], [ -99.110353888166543, 19.291338719125534 ], [ -99.110285058133499, 19.291366788908412 ], [ -99.109286317935485, 19.29178364896941 ], [ -99.108129428555586, 19.292278238882872 ], [ -99.106169768685064, 19.29309509918734 ], [ -99.105724718629261, 19.29325791864315 ], [ -99.105676289035713, 19.293276698944421 ], [ -99.105014368947167, 19.293514239028923 ], [ -99.10461251875229, 19.293699468279918 ], [ -99.104438028807593, 19.293782038388422 ], [ -99.103956609301164, 19.294009818930515 ], [ -99.103750868894835, 19.294107158396816 ], [ -99.10288476990722, 19.294502648247221 ], [ -99.102736629825955, 19.294568958182737 ], [ -99.102175668476377, 19.294824214721348 ], [ -99.10135605969478, 19.295197158692392 ], [ -99.101289822064047, 19.295866922544583 ], [ -99.101249426642909, 19.296275388382739 ], [ -99.101214869466887, 19.296624808328929 ], [ -99.100921615788195, 19.30001666277272 ], [ -99.100921542392868, 19.300017510340695 ], [ -99.100785689555579, 19.301250576947474 ], [ -99.100638889858303, 19.302710916259972 ], [ -99.10048940876986, 19.30445403586782 ], [ -99.100322288844254, 19.306463815939665 ], [ -99.100313980513135, 19.306585065568218 ], [ -99.100305289049956, 19.30671211573836 ], [ -99.100224890281225, 19.307762545765371 ], [ -99.100061500069017, 19.309896645159029 ], [ -99.099871230015665, 19.31296651464228 ], [ -99.099657410657059, 19.315501034054989 ], [ -99.099586400500698, 19.316343573654105 ], [ -99.099342630807612, 19.319270352550305 ], [ -99.099286840138603, 19.320446632653567 ], [ -99.099068580112018, 19.320438582153717 ], [ -99.099051500311887, 19.320439002558974 ], [ -99.098792980667184, 19.320445242956445 ] ] ] } },
{ "type": "Feature", "properties": { "CVEGEO": "09014", "alcaldia": "Benito Juárez" }, "geometry": { "type": "Polygon", "coordinates": [ [ [ -99.147616028280595, 19.404011583357534 ], [ -99.146800938321036, 19.403978213795284 ], [ -99.146018528930426, 19.403938013780166 ], [ -99.145902078866612, 19.403933493084871 ], [ -99.145155426601804, 19.403884625879499 ], [ -99.144967479246233, 19.403872323752768 ], [ -99.144818073566469, 19.40386459165277 ], [ -99.144159829264623, 19.403830523601428 ], [ -99.143402199090659, 19.403790763759734 ], [ -99.142782657488922, 19.403760668916004 ], [ -99.142665199204316, 19.403754963151606 ], [ -99.142584683877558, 19.403750458698472 ], [ -99.14174193947224, 19.403703303564932 ], [ -99.140886060333941, 19.403654653798764 ], [ -99.140161156110054, 19.403619562739458 ], [ -99.140039510368396, 19.403613673295649 ], [ -99.139960557212163, 19.403609003992162 ], [ -99.139133110113249, 19.403560053199989 ], [ -99.138310391096539, 19.40351299428195 ], [ -99.138195510746527, 19.403506423160369 ], [ -99.138108327356747, 19.40350180545633 ], [ -99.137633330519634, 19.40347664396506 ], [ -99.13739846126559, 19.40346061377107 ], [ -99.137336371081233, 19.403435273999822 ], [ -99.137324031279647, 19.403420849781568 ], [ -99.137262878550189, 19.403349365182869 ], [ -99.137227330927246, 19.403307814004751 ], [ -99.137193579857524, 19.403237204559218 ], [ -99.137166391146806, 19.403180323612091 ], [ -99.137116311049539, 19.403058584631832 ], [ -99.137027111437618, 19.402955273500492 ], [ -99.136884940661957, 19.402880893817567 ], [ -99.136792130530978, 19.402853917075753 ], [ -99.13669259066728, 19.40282498414355 ], [ -99.136579960704552, 19.402808893524067 ], [ -99.136786941210033, 19.40155379483582 ], [ -99.136812540438982, 19.401339045317652 ], [ -99.136878790934773, 19.400922444410771 ], [ -99.137049759546628, 19.399851844551986 ], [ -99.137174629776354, 19.399197394845807 ], [ -99.13630885115127, 19.399134364457868 ], [ -99.135835621262345, 19.39910865521853 ], [ -99.135258601523617, 19.399089154249058 ], [ -99.134705291115424, 19.399067424715629 ], [ -99.13403668218163, 19.399031875236563 ], [ -99.133443571196835, 19.399020644384077 ], [ -99.132940730698351, 19.399010054517031 ], [ -99.132438331380612, 19.398984015026404 ], [ -99.131856161906995, 19.398960904663983 ], [ -99.131514562189977, 19.398957364414684 ], [ -99.130934802829756, 19.398951394524559 ], [ -99.130959492823663, 19.397634984966686 ], [ -99.131026371114913, 19.396726305178536 ], [ -99.131155422708545, 19.39653770502629 ], [ -99.131284080938144, 19.396272985808032 ], [ -99.131424030740533, 19.39574273493961 ], [ -99.131469451223751, 19.395549655729084 ], [ -99.131648202163476, 19.394679755248141 ], [ -99.131680681511014, 19.39452047564674 ], [ -99.131689720012773, 19.394475897762717 ], [ -99.131694732028379, 19.39445118424857 ], [ -99.131816334627644, 19.39385149910785 ], [ -99.131825742798412, 19.393805099652809 ], [ -99.131853771015159, 19.393666876217893 ], [ -99.131877001798301, 19.393544726586779 ], [ -99.131889613925281, 19.393484227523594 ], [ -99.132034252063178, 19.392790455873246 ], [ -99.132057082212782, 19.392659526294203 ], [ -99.132072695951834, 19.392596650323441 ], [ -99.13209270795366, 19.392516063748445 ], [ -99.132095427478902, 19.39250510381866 ], [ -99.132095440976101, 19.392505052424216 ], [ -99.132099451058949, 19.392488905715261 ], [ -99.132102274970165, 19.392475802002597 ], [ -99.132353832074799, 19.391308706622134 ], [ -99.132361518935539, 19.391276000957259 ], [ -99.132390131361618, 19.391154276305528 ], [ -99.132403464727986, 19.391107427693438 ], [ -99.13266640239965, 19.390183586664573 ], [ -99.132670161735035, 19.390165511475608 ], [ -99.13270943176839, 19.389976696797234 ], [ -99.13275115287928, 19.389754847022321 ], [ -99.132755161781333, 19.38973353709828 ], [ -99.132871221942906, 19.389203417516246 ], [ -99.132998341665541, 19.388560358418093 ], [ -99.133009278425064, 19.388505547430338 ], [ -99.133037402432549, 19.388364617994849 ], [ -99.133208111180821, 19.387487276969139 ], [ -99.133402560102965, 19.386650228361226 ], [ -99.133446690531002, 19.386467027617616 ], [ -99.133569660381312, 19.385956768288047 ], [ -99.133605348759019, 19.385817427053603 ], [ -99.133617732148281, 19.38576907725901 ], [ -99.133627881552712, 19.385724197302515 ], [ -99.133632293209018, 19.385704698322005 ], [ -99.133868510913189, 19.38466058774053 ], [ -99.133885147529497, 19.384591407620338 ], [ -99.133907598699679, 19.384498045025815 ], [ -99.133910948754647, 19.38448410867144 ], [ -99.133914771558011, 19.384468218580199 ], [ -99.134137479827558, 19.383411528470997 ], [ -99.134155139566488, 19.383331566630339 ], [ -99.13416788686142, 19.383273851623027 ], [ -99.134192861247115, 19.383160768623117 ], [ -99.134316431039778, 19.38250670861094 ], [ -99.134384731760846, 19.38216707876364 ], [ -99.13439367665282, 19.382125324035336 ], [ -99.134428110246787, 19.38196458815516 ], [ -99.134434465364762, 19.381930052466512 ], [ -99.134552659959468, 19.381287828754253 ], [ -99.134698770814339, 19.380578048490108 ], [ -99.134955634790799, 19.379424513952205 ], [ -99.134962135938039, 19.379395320977519 ], [ -99.134988328487736, 19.379277692726212 ], [ -99.134991230571387, 19.379264659514632 ], [ -99.135324331300794, 19.377957858998119 ], [ -99.135436000182452, 19.377402889747223 ], [ -99.13548003176146, 19.377184059365483 ], [ -99.135722790948762, 19.376188660148124 ], [ -99.135790761063916, 19.375868370085051 ], [ -99.135931360956491, 19.375226600003366 ], [ -99.135992481044696, 19.374868710921671 ], [ -99.136221340826424, 19.373843740513937 ], [ -99.136445821381031, 19.372868821464301 ], [ -99.13671865116406, 19.371623681302975 ], [ -99.136923228916757, 19.370787461239864 ], [ -99.137169770523897, 19.369613571419261 ], [ -99.137410128556553, 19.368617081948162 ], [ -99.137549679183905, 19.368009822123817 ], [ -99.137730880939031, 19.367208511452695 ], [ -99.137821940724621, 19.366701283178561 ], [ -99.137942601061141, 19.366088431879607 ], [ -99.138071220819057, 19.365500101843327 ], [ -99.13821779041254, 19.364908362561749 ], [ -99.138374790485187, 19.364284592210399 ], [ -99.13851160031669, 19.363628002510779 ], [ -99.138629960979543, 19.363077713148968 ], [ -99.138759290397871, 19.362457803548185 ], [ -99.138896091037097, 19.361804882728912 ], [ -99.139032570503446, 19.361123032951486 ], [ -99.139180310057696, 19.360482933195755 ], [ -99.139392290681144, 19.359533864024495 ], [ -99.139648650365558, 19.358350683965796 ], [ -99.139886140013004, 19.357366684027905 ], [ -99.139881050041126, 19.357137104548613 ], [ -99.13982831074911, 19.356914683880568 ], [ -99.140416472894785, 19.35695902247069 ], [ -99.140765250590064, 19.356985314053819 ], [ -99.140917279606427, 19.356996775562493 ], [ -99.141106140467969, 19.357019624181699 ], [ -99.141485340228499, 19.357065683935904 ], [ -99.141966859921823, 19.35712377421703 ], [ -99.142269759871638, 19.357159454379143 ], [ -99.142368399286298, 19.357165304241633 ], [ -99.142886159447357, 19.357196003843914 ], [ -99.143491999900377, 19.357238544434949 ], [ -99.143849339831988, 19.357259854011289 ], [ -99.144046959744827, 19.357268914016299 ], [ -99.144374169103912, 19.357293233752969 ], [ -99.144784629157954, 19.35731710452438 ], [ -99.145066528098297, 19.35732657429174 ], [ -99.145377102154526, 19.357337071903189 ], [ -99.145595798308008, 19.357344463966371 ], [ -99.146197907703637, 19.35736139438492 ], [ -99.146400107324666, 19.357367363699488 ], [ -99.146727678750452, 19.357377034236602 ], [ -99.146927135247594, 19.357381928040393 ], [ -99.147224907331235, 19.357389234329634 ], [ -99.147428775325551, 19.357397412062053 ], [ -99.14761150833597, 19.357404741078827 ], [ -99.148046648344945, 19.357422194235081 ], [ -99.1481082382533, 19.357425527853522 ], [ -99.148891358265161, 19.357467914386788 ], [ -99.149674648350341, 19.357509173765322 ], [ -99.150063017671954, 19.35752993495402 ], [ -99.150464787446069, 19.357553454184977 ], [ -99.150726069296695, 19.357566369169469 ], [ -99.151256857793413, 19.357592603852485 ], [ -99.151357772532947, 19.357596002554004 ], [ -99.151457927918656, 19.357599374185856 ], [ -99.152007987192007, 19.35763608447774 ], [ -99.153153026770454, 19.357694773935112 ], [ -99.153467419760673, 19.357716041626468 ], [ -99.153697057022725, 19.357731574683175 ], [ -99.153964200503623, 19.357742556639284 ], [ -99.154284757281644, 19.357755733890976 ], [ -99.154442034013513, 19.357762581508709 ], [ -99.154597386953796, 19.35776934380204 ], [ -99.155558435271956, 19.357823036605382 ], [ -99.155572358292716, 19.357823814303515 ], [ -99.15619298596836, 19.35785848524915 ], [ -99.156787906078932, 19.357891703955161 ], [ -99.156865086487926, 19.357893975465686 ], [ -99.156946056432488, 19.357896364457176 ], [ -99.15714953634523, 19.357909004285844 ], [ -99.157683397514404, 19.357942172399312 ], [ -99.158072486210628, 19.357966344352388 ], [ -99.158770535347458, 19.358008944183226 ], [ -99.159096335374656, 19.35802883439279 ], [ -99.159508995272361, 19.358051144324509 ], [ -99.160084746213883, 19.358082285244247 ], [ -99.160461365678785, 19.358102653826322 ], [ -99.161694924681242, 19.358166564682652 ], [ -99.161808084949371, 19.358172423624818 ], [ -99.163492794464005, 19.358269703894234 ], [ -99.164098535377875, 19.358307168071786 ], [ -99.164936244276902, 19.358358974403036 ], [ -99.166333923478774, 19.358432423653188 ], [ -99.167146043352929, 19.358479373954598 ], [ -99.167318764047707, 19.358488065288071 ], [ -99.167761213173122, 19.358510333952417 ], [ -99.168542643448561, 19.358549033925879 ], [ -99.169136314227373, 19.358590280240328 ], [ -99.169191923392404, 19.358594143779477 ], [ -99.169757242950794, 19.358654963960959 ], [ -99.16977406455841, 19.358656979838578 ], [ -99.170151533373044, 19.35874700375172 ], [ -99.17039644250076, 19.35882836360452 ], [ -99.170505773863027, 19.3588691455668 ], [ -99.170549652853325, 19.358885505290463 ], [ -99.170824423047449, 19.35904214339396 ], [ -99.171683592521759, 19.359556463475048 ], [ -99.171698412825748, 19.35956534443233 ], [ -99.172851531946563, 19.36026282442262 ], [ -99.17307452231077, 19.360424593255313 ], [ -99.173268682004576, 19.360602144194875 ], [ -99.173699841790963, 19.36108746325321 ], [ -99.173973346749179, 19.361403584355468 ], [ -99.174500952048376, 19.362013393162787 ], [ -99.174652721911471, 19.362162942873717 ], [ -99.174794422207711, 19.36230079289269 ], [ -99.175097191579425, 19.362586533824143 ], [ -99.175708989550159, 19.363163758954311 ], [ -99.176051663732053, 19.363487065891643 ], [ -99.176684689372721, 19.364084309815496 ], [ -99.176713851507287, 19.364111822545723 ], [ -99.176755721565272, 19.364154495543016 ], [ -99.177185841305601, 19.364592862615307 ], [ -99.17773422121067, 19.365138542621619 ], [ -99.177838987303829, 19.365054147492742 ], [ -99.178142320945611, 19.364809792747273 ], [ -99.178372190733569, 19.364593142847404 ], [ -99.178804411153891, 19.364177712545587 ], [ -99.17919605099118, 19.363804132799597 ], [ -99.179359880731127, 19.363444023198269 ], [ -99.179458640281155, 19.363248142680234 ], [ -99.179592920512277, 19.363146803171333 ], [ -99.179789730543163, 19.36303306347035 ], [ -99.17999285060813, 19.362961543893089 ], [ -99.180191520784788, 19.362922453280323 ], [ -99.180539550503596, 19.362901852560412 ], [ -99.180964699881287, 19.362924482624337 ], [ -99.18119024026042, 19.362906863137873 ], [ -99.181535130534769, 19.362818774011259 ], [ -99.181842670075042, 19.362708142872101 ], [ -99.182318779754965, 19.362552203152696 ], [ -99.182668519474561, 19.362344233468637 ], [ -99.183104864480285, 19.362057051538606 ], [ -99.183528329938568, 19.361778343380827 ], [ -99.183704349389885, 19.361715142965966 ], [ -99.183873749751413, 19.36170237279725 ], [ -99.184825189039515, 19.361777393102543 ], [ -99.184991009553428, 19.361769914633875 ], [ -99.185365808955297, 19.361730853025126 ], [ -99.185533699105406, 19.361716082976937 ], [ -99.185677219269365, 19.361721683987817 ], [ -99.186615818801741, 19.362067023457964 ], [ -99.186785438729572, 19.36215139296948 ], [ -99.186997068637979, 19.362260483019202 ], [ -99.187836878566685, 19.36288030297689 ], [ -99.187996728899577, 19.362942162715015 ], [ -99.188106118430966, 19.362977343245387 ], [ -99.188205878476225, 19.363001032579618 ], [ -99.18829695852169, 19.363013112488524 ], [ -99.188437698843501, 19.363025193109152 ], [ -99.188666638722438, 19.362993484029566 ], [ -99.189125838586278, 19.36301128255214 ], [ -99.190143467962457, 19.363227853897467 ], [ -99.190494157535454, 19.363317082501435 ], [ -99.191085388026707, 19.363486833271651 ], [ -99.190928787941175, 19.36483263260159 ], [ -99.190819077868468, 19.365849031888732 ], [ -99.19077231802504, 19.366431972141264 ], [ -99.19074826745053, 19.366785482166353 ], [ -99.190758188093668, 19.366883912318823 ], [ -99.190774717648779, 19.366987282273325 ], [ -99.1907916374211, 19.36708294209458 ], [ -99.190836418056975, 19.367255682274305 ], [ -99.190899638290475, 19.367418682018084 ], [ -99.190997837427204, 19.367592051971563 ], [ -99.191212637903831, 19.367977481671744 ], [ -99.191425987329794, 19.368374111951972 ], [ -99.191523877232996, 19.368542592000878 ], [ -99.191618617569787, 19.36876766219515 ], [ -99.191651977949093, 19.368864621682722 ], [ -99.191719077989902, 19.369086991692605 ], [ -99.191755007217992, 19.369248941391355 ], [ -99.191788417886926, 19.369467341743864 ], [ -99.191805717634665, 19.369726621320979 ], [ -99.191808177881555, 19.369966731674644 ], [ -99.191792157161231, 19.370148061130781 ], [ -99.191733247422988, 19.370679660789477 ], [ -99.191639346175947, 19.371508200562005 ], [ -99.19163274772319, 19.371651542325946 ], [ -99.191647757312793, 19.371866710766749 ], [ -99.191671158028285, 19.371992832037467 ], [ -99.19171804718242, 19.372157080919134 ], [ -99.191819607725947, 19.372412400840005 ], [ -99.191910897939508, 19.372625110674161 ], [ -99.191998547296876, 19.372810360749568 ], [ -99.192094067259617, 19.373094590614571 ], [ -99.192108777863552, 19.373192960858791 ], [ -99.192129097918354, 19.373321360975204 ], [ -99.192132897885614, 19.373400590516383 ], [ -99.19212669734398, 19.373595100634137 ], [ -99.192044837415906, 19.374244831495812 ], [ -99.191900187625109, 19.375281170350629 ], [ -99.191784207881753, 19.376120419733134 ], [ -99.191766497966086, 19.37626165017052 ], [ -99.191629757522051, 19.377412129948464 ], [ -99.191617817993219, 19.377666079564541 ], [ -99.191622477658356, 19.377879879142032 ], [ -99.191631807528069, 19.378055359325504 ], [ -99.19168738717002, 19.378790968930051 ], [ -99.191697147968483, 19.378926510597228 ], [ -99.19174941772053, 19.37963038923796 ], [ -99.191747157537534, 19.380355228687439 ], [ -99.191746527607108, 19.380828429266497 ], [ -99.191740277325593, 19.381336248608847 ], [ -99.191738207424692, 19.381630938527412 ], [ -99.191726047453855, 19.382677908868647 ], [ -99.191690527458562, 19.382911878309102 ], [ -99.191677517624882, 19.382971658790524 ], [ -99.191664868051234, 19.383027029476754 ], [ -99.191383917996333, 19.383713618281025 ], [ -99.191313467250154, 19.383878758430367 ], [ -99.191241408079136, 19.384047659044938 ], [ -99.191238587758249, 19.384054258555448 ], [ -99.190990297377482, 19.384636257710369 ], [ -99.190827518209915, 19.385017818191944 ], [ -99.190394357986662, 19.38600762840278 ], [ -99.190331147743308, 19.386185848255685 ], [ -99.190158437907826, 19.386849738673806 ], [ -99.189979317814576, 19.387523218588878 ], [ -99.189830977730281, 19.388087757112302 ], [ -99.18980131851184, 19.388197457277798 ], [ -99.189650178175597, 19.388765648305984 ], [ -99.189488748538764, 19.389392186668381 ], [ -99.189462048559562, 19.389494508002123 ], [ -99.189307788024195, 19.390092498883877 ], [ -99.189029868701738, 19.391147766843318 ], [ -99.188808117657999, 19.39201367631458 ], [ -99.188704588675023, 19.392348966081347 ], [ -99.188405548583845, 19.393227226279588 ], [ -99.188362577051322, 19.393435196988506 ], [ -99.188356497558473, 19.393630526550126 ], [ -99.188364758099894, 19.393814445466315 ], [ -99.188385528144067, 19.393916195968188 ], [ -99.18840666879143, 19.39401535545581 ], [ -99.188444098819616, 19.394125137188205 ], [ -99.188561557170985, 19.394412247068043 ], [ -99.188672008318719, 19.394672105648265 ], [ -99.188698918226251, 19.394744725473426 ], [ -99.189047467934273, 19.395587415133537 ], [ -99.188608978548828, 19.395630495574242 ], [ -99.188502518082231, 19.395642045603129 ], [ -99.187814418207935, 19.395676395788509 ], [ -99.187590468249368, 19.395689385223328 ], [ -99.18754091888988, 19.395689725363091 ], [ -99.186481958756289, 19.395638525431021 ], [ -99.18636831909609, 19.395645675069048 ], [ -99.185953958569939, 19.395749125091982 ], [ -99.185304048790613, 19.39593039544603 ], [ -99.18520058916279, 19.395960595008802 ], [ -99.184517209567275, 19.396101794957001 ], [ -99.184291349273778, 19.396130996601915 ], [ -99.184089359227698, 19.396154495385872 ], [ -99.183409079793421, 19.396407675554741 ], [ -99.182455589573777, 19.396758415058841 ], [ -99.182235019737774, 19.39686450478337 ], [ -99.182093549839266, 19.3969584751 ], [ -99.181705780427507, 19.396991364798577 ], [ -99.18120184989931, 19.397089654799256 ], [ -99.180949850146106, 19.397092996326112 ], [ -99.180141790226003, 19.397269024915175 ], [ -99.179503900784482, 19.397397424748355 ], [ -99.178895470979114, 19.39736610480638 ], [ -99.178193611059839, 19.397517536331719 ], [ -99.177769672912262, 19.397606502789266 ], [ -99.177719810648995, 19.397616964636537 ], [ -99.17671547110983, 19.397828785007231 ], [ -99.176632721270892, 19.397846224733982 ], [ -99.176038501154508, 19.397977585330914 ], [ -99.175524671241021, 19.398091184975097 ], [ -99.174511051967258, 19.398536855512084 ], [ -99.174461301602889, 19.398552154528051 ], [ -99.174444582120259, 19.398557305116224 ], [ -99.174068651857368, 19.398672934463136 ], [ -99.173980221710423, 19.398700134543166 ], [ -99.173374441960647, 19.398886475138134 ], [ -99.173099392421449, 19.398970525678781 ], [ -99.172246652318123, 19.399231104558684 ], [ -99.170427822473144, 19.399786874210776 ], [ -99.170237823022646, 19.399831654537259 ], [ -99.17009655491853, 19.399864946440893 ], [ -99.168941213123929, 19.400137214221783 ], [ -99.168188551367209, 19.400314592139843 ], [ -99.168061413548486, 19.400344554048981 ], [ -99.168027342924262, 19.400352581154966 ], [ -99.167955867704961, 19.400369421933824 ], [ -99.167889643869316, 19.400385024512715 ], [ -99.167747514960425, 19.400423323662217 ], [ -99.167535133420458, 19.400480554022433 ], [ -99.167114643695214, 19.400625224510495 ], [ -99.166470223734436, 19.400875924698074 ], [ -99.165864153825325, 19.401100654273066 ], [ -99.165561192910474, 19.401214012266294 ], [ -99.165258244014112, 19.401327364464738 ], [ -99.164755103684598, 19.401528964305026 ], [ -99.164324224731544, 19.401712644489891 ], [ -99.163798934654551, 19.401903924116375 ], [ -99.163239584722859, 19.402098254352332 ], [ -99.163008794951182, 19.402171423893886 ], [ -99.162677334966574, 19.402279613605362 ], [ -99.162396665684511, 19.402366003578038 ], [ -99.162277724909345, 19.40240261361518 ], [ -99.162154451614626, 19.402443190915985 ], [ -99.161763455034489, 19.402571893402985 ], [ -99.161322395174366, 19.402703243866227 ], [ -99.160877475000646, 19.402839963845537 ], [ -99.160758474991013, 19.402876534456968 ], [ -99.160468823896977, 19.402965461625641 ], [ -99.160330025622144, 19.403008073708236 ], [ -99.160194971527275, 19.40304740414475 ], [ -99.159678965565277, 19.403197674019861 ], [ -99.158981125659096, 19.403410383663434 ], [ -99.158529506020571, 19.403543953480686 ], [ -99.158139645985059, 19.403658014755433 ], [ -99.157720566007043, 19.403782593344292 ], [ -99.157165985994965, 19.403930193855331 ], [ -99.156949156235527, 19.403980024251034 ], [ -99.156692955809277, 19.404021103197909 ], [ -99.156321535952586, 19.404060353599576 ], [ -99.156158166492986, 19.404057193465533 ], [ -99.155568572657316, 19.404057255416031 ], [ -99.155387366043854, 19.404057273726593 ], [ -99.155219035080563, 19.404056912557394 ], [ -99.153100936965927, 19.40405233389491 ], [ -99.152410387577177, 19.404054993528817 ], [ -99.15176539699776, 19.404055853575723 ], [ -99.151226077316679, 19.404049473537285 ], [ -99.151133737615666, 19.40404830381128 ], [ -99.15036815298879, 19.404047012376591 ], [ -99.150197327856262, 19.404046723635847 ], [ -99.150191938965847, 19.404046622926103 ], [ -99.150154333330789, 19.404045913807906 ], [ -99.150047077093888, 19.404043893070135 ], [ -99.149728598028915, 19.40403789334751 ], [ -99.1487661883925, 19.40403001362251 ], [ -99.148599488583272, 19.404028644643461 ], [ -99.14848699787963, 19.404025443895712 ], [ -99.147937937932269, 19.404016704430948 ], [ -99.147616028280595, 19.404011583357534 ] ] ] } },
{ "type": "Feature", "properties": { "CVEGEO": "09015", "alcaldia": "Cuauhtémoc" }, "geometry": { "type": "Polygon", "coordinates": [ [ [ -99.129504432917798, 19.462647510300982 ], [ -99.129183252955585, 19.462463580303044 ], [ -99.128834832500615, 19.462264060042212 ], [ -99.128463533225343, 19.462051440009951 ], [ -99.128103732878813, 19.461845410075817 ], [ -99.127543003342439, 19.461524310525697 ], [ -99.127369863149653, 19.461457839991645 ], [ -99.126397773800718, 19.461149520635157 ], [ -99.125457054063062, 19.460828890544647 ], [ -99.124614633818254, 19.460546660328326 ], [ -99.12415471388249, 19.460394770282612 ], [ -99.123710963873037, 19.460248180660688 ], [ -99.123298764476289, 19.460115710893543 ], [ -99.122864064661712, 19.459974640420377 ], [ -99.122403544163703, 19.459827110684149 ], [ -99.122233870187699, 19.459779097453239 ], [ -99.122233966462275, 19.459778972415037 ], [ -99.122832254651854, 19.458999441132097 ], [ -99.12317223399701, 19.458508890676658 ], [ -99.123323894124141, 19.458151400655499 ], [ -99.123351833862216, 19.458025751378266 ], [ -99.123576083885567, 19.45702574153955 ], [ -99.123682343089854, 19.456426611666021 ], [ -99.123682374651153, 19.456426474521582 ], [ -99.123773343892992, 19.456026831211041 ], [ -99.124098544266147, 19.454792151666691 ], [ -99.124158034242654, 19.454542381518834 ], [ -99.124270393697316, 19.454094861709542 ], [ -99.12441505422963, 19.453332751883341 ], [ -99.12477468415895, 19.452006112140364 ], [ -99.125008464076615, 19.451497312635421 ], [ -99.125016823519886, 19.451480352374208 ], [ -99.125060363510102, 19.451392012831192 ], [ -99.125204974171538, 19.45108332260315 ], [ -99.12547360348907, 19.450201373081974 ], [ -99.125544893731941, 19.449832352545776 ], [ -99.12567816355967, 19.449212713158076 ], [ -99.125881343641893, 19.448184013350883 ], [ -99.125921510117564, 19.447791541780468 ], [ -99.125922373458167, 19.447615668780916 ], [ -99.125858893940801, 19.447401983494295 ], [ -99.125822140535959, 19.447336952171685 ], [ -99.125700003925644, 19.447120843977771 ], [ -99.125580913080896, 19.44694683256872 ], [ -99.125374233435565, 19.446644833998402 ], [ -99.124474573964235, 19.444974463779598 ], [ -99.124186864283686, 19.444408384486081 ], [ -99.124048872013987, 19.444126812419906 ], [ -99.123962959834543, 19.443951506666771 ], [ -99.123846483802183, 19.443713834419178 ], [ -99.123777162696726, 19.443571324440697 ], [ -99.123106992887372, 19.442656754760652 ], [ -99.123071175583902, 19.442492340431432 ], [ -99.123071169493471, 19.442492312223255 ], [ -99.123154514737152, 19.441577865007904 ], [ -99.123260163402648, 19.440850294845443 ], [ -99.123348713262715, 19.440187885474476 ], [ -99.123357688221731, 19.440123454170745 ], [ -99.123437204546562, 19.439552555400919 ], [ -99.123593624052276, 19.43863594565611 ], [ -99.123757233486543, 19.437492215530028 ], [ -99.12393185419694, 19.436415846290576 ], [ -99.124061193897759, 19.43558408595155 ], [ -99.124062048464609, 19.435577551324162 ], [ -99.124062054081421, 19.435577511558453 ], [ -99.124062665779562, 19.435572840885154 ], [ -99.124175634210204, 19.434709496106798 ], [ -99.124326962834417, 19.433921386401497 ], [ -99.124511374118086, 19.432803526898386 ], [ -99.124622253038211, 19.431982716784599 ], [ -99.124725173148093, 19.431256487354108 ], [ -99.124774144253365, 19.430824867792204 ], [ -99.12490560332671, 19.429982727641466 ], [ -99.124936282596806, 19.429780577573347 ], [ -99.125028934148773, 19.429161647478651 ], [ -99.125110454285903, 19.42869598805018 ], [ -99.125174914270659, 19.428316037829251 ], [ -99.125263293323258, 19.427629838138362 ], [ -99.125422293684096, 19.426773488069305 ], [ -99.12546602351388, 19.426535548730367 ], [ -99.125481372884536, 19.426434518175057 ], [ -99.125531173160667, 19.425846418334366 ], [ -99.125583143919044, 19.425549648730833 ], [ -99.125611562399797, 19.425395548707616 ], [ -99.125620684121955, 19.425342158496132 ], [ -99.125758823346914, 19.424359468599043 ], [ -99.125886603919909, 19.423498359193715 ], [ -99.125998462968269, 19.422869728762855 ], [ -99.126071682967691, 19.422758319432841 ], [ -99.126213202779212, 19.422483179378734 ], [ -99.126575062724044, 19.421696529620103 ], [ -99.127000003019404, 19.420747529640185 ], [ -99.127131602981478, 19.42037513000291 ], [ -99.127364942469598, 19.418984920478824 ], [ -99.127401593130756, 19.418675359858852 ], [ -99.12761009284975, 19.417397870199288 ], [ -99.127764577727987, 19.416343402986733 ], [ -99.127821482225443, 19.41595499035671 ], [ -99.127892943357011, 19.4155377807954 ], [ -99.128071542832146, 19.414552440905865 ], [ -99.128191988374255, 19.413757044423427 ], [ -99.128146891990497, 19.413434951204078 ], [ -99.128124444583563, 19.413373384319929 ], [ -99.128015162434195, 19.413073668268915 ], [ -99.12799548317507, 19.413019691527516 ], [ -99.127848621203256, 19.412319951473602 ], [ -99.127839603240034, 19.412276981634658 ], [ -99.127749452736069, 19.41181099173955 ], [ -99.127683822646375, 19.411446811396317 ], [ -99.127594003553256, 19.411089989884324 ], [ -99.127582863114071, 19.411045731952079 ], [ -99.127576677900933, 19.411025522799456 ], [ -99.127576598365877, 19.411025263935592 ], [ -99.127409893515164, 19.410480562201016 ], [ -99.127289592116171, 19.410042381970406 ], [ -99.127269362255547, 19.409956663522667 ], [ -99.127183342831387, 19.409592182212364 ], [ -99.127174540952453, 19.409462870493336 ], [ -99.127174537269269, 19.409462818771743 ], [ -99.127168326558703, 19.409371587301305 ], [ -99.127168282896164, 19.409370941279558 ], [ -99.127161173485362, 19.409266502550857 ], [ -99.12716066399453, 19.409118569075716 ], [ -99.127160663216813, 19.409118424980203 ], [ -99.127160283771971, 19.409008162495699 ], [ -99.126732792538476, 19.408819752041715 ], [ -99.126535513180258, 19.408258422904449 ], [ -99.126385262574317, 19.407739132531681 ], [ -99.126264114043906, 19.407168102618808 ], [ -99.126179883595412, 19.406823673017019 ], [ -99.126142132978842, 19.406675242909856 ], [ -99.125859573328128, 19.405190623317882 ], [ -99.125690773601008, 19.40432775362072 ], [ -99.125691716169769, 19.40432757400351 ], [ -99.125731087179815, 19.404320079415896 ], [ -99.125864091361478, 19.40429476067871 ], [ -99.125932462264814, 19.404281745343717 ], [ -99.125949021853756, 19.404278593277692 ], [ -99.126396792237301, 19.404193353504613 ], [ -99.126468232889593, 19.404181673082814 ], [ -99.127056463633608, 19.404064843571536 ], [ -99.127508112442499, 19.403924473566036 ], [ -99.127687403417866, 19.403873353762251 ], [ -99.127914742870217, 19.403807783794743 ], [ -99.128135883313121, 19.403738993903129 ], [ -99.128307403323333, 19.403687583447578 ], [ -99.128659639623862, 19.403589605238238 ], [ -99.12866270795169, 19.403588750122282 ], [ -99.128703830161939, 19.403577312711466 ], [ -99.128827533047584, 19.403542903499282 ], [ -99.128877847926333, 19.403527355443934 ], [ -99.129007315801545, 19.403487346788705 ], [ -99.129054861227445, 19.403472654039618 ], [ -99.129063193538556, 19.403470078433628 ], [ -99.129496831993677, 19.40333607336882 ], [ -99.129783562819554, 19.403258563670448 ], [ -99.130031681663894, 19.403204643390826 ], [ -99.130303310501972, 19.403161953356715 ], [ -99.130521692750335, 19.403133363918208 ], [ -99.130580761266344, 19.403127304103148 ], [ -99.13084893225961, 19.403108183760875 ], [ -99.131049532189664, 19.403102693836722 ], [ -99.131111592420112, 19.403100134021216 ], [ -99.13149065214013, 19.403115623320545 ], [ -99.13161169193198, 19.403122183246104 ], [ -99.131967881838889, 19.403145353770864 ], [ -99.132175591137553, 19.403159783300698 ], [ -99.132491231646227, 19.403188493629312 ], [ -99.132727601649052, 19.403202693243909 ], [ -99.132904761272201, 19.403210293281624 ], [ -99.133233771562502, 19.403233903906326 ], [ -99.133701417214752, 19.403257212683712 ], [ -99.133703744024643, 19.403257328400304 ], [ -99.133734857763784, 19.40325887902484 ], [ -99.133792530847302, 19.403261753424704 ], [ -99.13381201879109, 19.403263104389005 ], [ -99.133868243562617, 19.403267001533461 ], [ -99.133904527424022, 19.403269516462924 ], [ -99.133909308793108, 19.403269849084001 ], [ -99.134290261278068, 19.40329625386607 ], [ -99.134711400966168, 19.403319953538826 ], [ -99.1351550906993, 19.403346853259695 ], [ -99.135413530356942, 19.40335964382454 ], [ -99.13549502509052, 19.403329220034479 ], [ -99.135631890440479, 19.403278124067363 ], [ -99.135651675000986, 19.403263026344355 ], [ -99.135705170128205, 19.403222205489435 ], [ -99.135742140927917, 19.403193993299286 ], [ -99.135865761704835, 19.403051723754341 ], [ -99.136031710771363, 19.402907903888341 ], [ -99.136242860729311, 19.402839303542034 ], [ -99.136434230743518, 19.402807723553149 ], [ -99.136579960704552, 19.402808893524067 ], [ -99.13669259066728, 19.40282498414355 ], [ -99.136792130530978, 19.402853917075753 ], [ -99.136884940661957, 19.402880893817567 ], [ -99.137027111437618, 19.402955273500492 ], [ -99.137116311049539, 19.403058584631832 ], [ -99.137166391146806, 19.403180323612091 ], [ -99.137193579857524, 19.403237204559218 ], [ -99.137227330927246, 19.403307814004751 ], [ -99.137262878550189, 19.403349365182869 ], [ -99.137324031279647, 19.403420849781568 ], [ -99.137336371081233, 19.403435273999822 ], [ -99.13739846126559, 19.40346061377107 ], [ -99.137633330519634, 19.40347664396506 ], [ -99.138108327356747, 19.40350180545633 ], [ -99.138195510746527, 19.403506423160369 ], [ -99.138310391096539, 19.40351299428195 ], [ -99.139133110113249, 19.403560053199989 ], [ -99.139960557212163, 19.403609003992162 ], [ -99.140039510368396, 19.403613673295649 ], [ -99.140161156110054, 19.403619562739458 ], [ -99.140886060333941, 19.403654653798764 ], [ -99.14174193947224, 19.403703303564932 ], [ -99.142584683877558, 19.403750458698472 ], [ -99.142665199204316, 19.403754963151606 ], [ -99.142782657488922, 19.403760668916004 ], [ -99.143402199090659, 19.403790763759734 ], [ -99.144159829264623, 19.403830523601428 ], [ -99.144818073566469, 19.40386459165277 ], [ -99.144967479246233, 19.403872323752768 ], [ -99.145155426601804, 19.403884625879499 ], [ -99.145902078866612, 19.403933493084871 ], [ -99.146018528930426, 19.403938013780166 ], [ -99.146800938321036, 19.403978213795284 ], [ -99.147616028280595, 19.404011583357534 ], [ -99.147937937932269, 19.404016704430948 ], [ -99.14848699787963, 19.404025443895712 ], [ -99.148599488583272, 19.404028644643461 ], [ -99.1487661883925, 19.40403001362251 ], [ -99.149728598028915, 19.40403789334751 ], [ -99.150047077093888, 19.404043893070135 ], [ -99.150154333330789, 19.404045913807906 ], [ -99.150191938965847, 19.404046622926103 ], [ -99.150197327856262, 19.404046723635847 ], [ -99.15036815298879, 19.404047012376591 ], [ -99.151133737615666, 19.40404830381128 ], [ -99.151226077316679, 19.404049473537285 ], [ -99.15176539699776, 19.404055853575723 ], [ -99.152410387577177, 19.404054993528817 ], [ -99.153100936965927, 19.40405233389491 ], [ -99.155219035080563, 19.404056912557394 ], [ -99.155387366043854, 19.404057273726593 ], [ -99.155568572657316, 19.404057255416031 ], [ -99.156158166492986, 19.404057193465533 ], [ -99.156321535952586, 19.404060353599576 ], [ -99.156692955809277, 19.404021103197909 ], [ -99.156949156235527, 19.403980024251034 ], [ -99.157165985994965, 19.403930193855331 ], [ -99.157720566007043, 19.403782593344292 ], [ -99.158139645985059, 19.403658014755433 ], [ -99.158529506020571, 19.403543953480686 ], [ -99.158981125659096, 19.403410383663434 ], [ -99.159678965565277, 19.403197674019861 ], [ -99.160194971527275, 19.40304740414475 ], [ -99.160330025622144, 19.403008073708236 ], [ -99.160468823896977, 19.402965461625641 ], [ -99.160758474991013, 19.402876534456968 ], [ -99.160877475000646, 19.402839963845537 ], [ -99.161322395174366, 19.402703243866227 ], [ -99.161763455034489, 19.402571893402985 ], [ -99.162154451614626, 19.402443190915985 ], [ -99.162277724909345, 19.40240261361518 ], [ -99.162396665684511, 19.402366003578038 ], [ -99.162677334966574, 19.402279613605362 ], [ -99.163008794951182, 19.402171423893886 ], [ -99.163239584722859, 19.402098254352332 ], [ -99.163798934654551, 19.401903924116375 ], [ -99.164324224731544, 19.401712644489891 ], [ -99.164755103684598, 19.401528964305026 ], [ -99.165258244014112, 19.401327364464738 ], [ -99.165561192910474, 19.401214012266294 ], [ -99.165864153825325, 19.401100654273066 ], [ -99.166470223734436, 19.400875924698074 ], [ -99.167114643695214, 19.400625224510495 ], [ -99.167535133420458, 19.400480554022433 ], [ -99.167747514960425, 19.400423323662217 ], [ -99.167889643869316, 19.400385024512715 ], [ -99.167955867704961, 19.400369421933824 ], [ -99.168027342924262, 19.400352581154966 ], [ -99.168061413548486, 19.400344554048981 ], [ -99.168188551367209, 19.400314592139843 ], [ -99.168941213123929, 19.400137214221783 ], [ -99.17009655491853, 19.399864946440893 ], [ -99.170237823022646, 19.399831654537259 ], [ -99.170427822473144, 19.399786874210776 ], [ -99.170386952758889, 19.399947134225798 ], [ -99.170351412335179, 19.400198014244502 ], [ -99.170355985534442, 19.400237378002071 ], [ -99.170366612511117, 19.400328854734308 ], [ -99.170367295636723, 19.40033141109809 ], [ -99.170419126447342, 19.400525230992887 ], [ -99.170720792535391, 19.401653304156497 ], [ -99.170741355980581, 19.401730200319474 ], [ -99.170758672857119, 19.401794953941927 ], [ -99.170765793155923, 19.401837304099381 ], [ -99.170844962022514, 19.402203389542308 ], [ -99.170846792464417, 19.402211853772936 ], [ -99.170883170009702, 19.402376326912378 ], [ -99.170964752460691, 19.402745183402459 ], [ -99.170983915647255, 19.402880485982429 ], [ -99.171070842275, 19.403494243593428 ], [ -99.171669212636743, 19.403631783885753 ], [ -99.171765482621069, 19.403661813189661 ], [ -99.172606811915472, 19.403927583972035 ], [ -99.173458822187129, 19.404206783371546 ], [ -99.173565174142482, 19.404242780469094 ], [ -99.174142297525009, 19.404438119729942 ], [ -99.174379851536244, 19.404518523598721 ], [ -99.17486498137194, 19.40467762369332 ], [ -99.175289701941537, 19.404821703594404 ], [ -99.176194331232935, 19.405119923582113 ], [ -99.177120950650163, 19.405444473193814 ], [ -99.177688668062714, 19.405653323506677 ], [ -99.177939081187873, 19.40574544297338 ], [ -99.178908500866328, 19.406067563119596 ], [ -99.179811390418294, 19.406373302775002 ], [ -99.180674580246119, 19.406645613155934 ], [ -99.182464220148873, 19.407214953237851 ], [ -99.183218085788994, 19.407465605365264 ], [ -99.183805626570077, 19.407660947126853 ], [ -99.183805722371758, 19.407660978815251 ], [ -99.184296209453464, 19.407824052348865 ], [ -99.183539949395765, 19.409316992776454 ], [ -99.18349335947147, 19.409403562770287 ], [ -99.183002520129307, 19.41024941206647 ], [ -99.182931239682503, 19.410374132459491 ], [ -99.182650572620389, 19.41073507021575 ], [ -99.182513129543324, 19.410911822303312 ], [ -99.18228549357076, 19.411262645915041 ], [ -99.182141559500437, 19.411484471681543 ], [ -99.181616130018767, 19.41235513163101 ], [ -99.181352330074802, 19.412710042016677 ], [ -99.181134779797119, 19.413075961039546 ], [ -99.18099798023799, 19.413294321826651 ], [ -99.180494220473676, 19.414141931591978 ], [ -99.180315220574315, 19.41446252148036 ], [ -99.179741590708659, 19.415544210862279 ], [ -99.179524820052492, 19.415928301249597 ], [ -99.178969300762361, 19.416926790622213 ], [ -99.178321548786144, 19.418109318749792 ], [ -99.178321530943563, 19.418109350132667 ], [ -99.178092731004156, 19.418521220374277 ], [ -99.177889151274869, 19.418951180084207 ], [ -99.177758410493411, 19.419282889780334 ], [ -99.177622225429687, 19.41937423984708 ], [ -99.177486041137882, 19.419465589818277 ], [ -99.177140581147157, 19.420024019975788 ], [ -99.176978221205857, 19.42012764959042 ], [ -99.176848471516621, 19.420155330119773 ], [ -99.176737021145897, 19.42022335989714 ], [ -99.176665331298281, 19.420298239917958 ], [ -99.176637316683284, 19.420336309629615 ], [ -99.176609301079026, 19.42037438022567 ], [ -99.17654139115794, 19.420450930207547 ], [ -99.176464981467106, 19.420559839420942 ], [ -99.176430881463631, 19.420684579673736 ], [ -99.176408241290943, 19.420834889669113 ], [ -99.176369811084356, 19.420970240095979 ], [ -99.176324921590805, 19.421037559369335 ], [ -99.176317791434727, 19.421112949430722 ], [ -99.176346081755, 19.421190649540197 ], [ -99.176338410922028, 19.421262499966151 ], [ -99.176265761198692, 19.421455289690126 ], [ -99.175653671000163, 19.422593219611009 ], [ -99.175582931612567, 19.422667959437721 ], [ -99.175499881503299, 19.422718818906986 ], [ -99.175418641864056, 19.422732018876033 ], [ -99.175332621962312, 19.42271838912481 ], [ -99.175282851485647, 19.422691498879935 ], [ -99.175253501925482, 19.422746669323868 ], [ -99.175047321364701, 19.423039869546997 ], [ -99.175088421406414, 19.423156359123464 ], [ -99.17519647187558, 19.423204898876882 ], [ -99.175670441465186, 19.423335528969101 ], [ -99.17592844166019, 19.423329008865814 ], [ -99.176212181480153, 19.423355038777444 ], [ -99.176518073024894, 19.423403661526333 ], [ -99.176518102547476, 19.423403665702519 ], [ -99.176518140606561, 19.423403672756731 ], [ -99.176518185348968, 19.423403679935763 ], [ -99.176774335273834, 19.423444395420773 ], [ -99.176935981527848, 19.423470088971111 ], [ -99.177628520584662, 19.423592759206898 ], [ -99.177058421185492, 19.424520888631534 ], [ -99.176647530929969, 19.425175811373997 ], [ -99.176449130796541, 19.425463378231875 ], [ -99.176177810868765, 19.42591332828599 ], [ -99.175650391422593, 19.426719848452066 ], [ -99.175571531115637, 19.426837417939169 ], [ -99.174735151567475, 19.428084357824417 ], [ -99.174676561902132, 19.428175357912572 ], [ -99.17438255202795, 19.428632157943042 ], [ -99.174257722103945, 19.428826048133477 ], [ -99.173774871426673, 19.42954231753221 ], [ -99.173005452549759, 19.430936407158338 ], [ -99.172627822223617, 19.431628287190662 ], [ -99.172201392369345, 19.432399587364095 ], [ -99.171739081993366, 19.43314304645444 ], [ -99.171425642793778, 19.433600157047522 ], [ -99.171184722964938, 19.43397752695051 ], [ -99.170573842519758, 19.434888986614645 ], [ -99.169670523132012, 19.436322576090301 ], [ -99.169103443313062, 19.437157836402882 ], [ -99.168790273458924, 19.437630185675733 ], [ -99.168478853029669, 19.43814908583682 ], [ -99.168170272815217, 19.438786985800174 ], [ -99.167932183229041, 19.43928223569343 ], [ -99.16763181346515, 19.439915895147724 ], [ -99.167410523211572, 19.440355895446501 ], [ -99.166881993951762, 19.441458924588296 ], [ -99.16640692812841, 19.442521245131356 ], [ -99.16589382417331, 19.443381864960283 ], [ -99.165773284036177, 19.443645744533409 ], [ -99.165712924053665, 19.443817524550298 ], [ -99.165526323462871, 19.444583694034261 ], [ -99.165377614023399, 19.445181174006098 ], [ -99.165293903807225, 19.44553411430044 ], [ -99.165212043594394, 19.445902914368435 ], [ -99.16512767378623, 19.446290213799891 ], [ -99.165031283927192, 19.446694976089997 ], [ -99.164910044320393, 19.447273723602528 ], [ -99.164831384388194, 19.447668183549304 ], [ -99.164726473656216, 19.448169633307611 ], [ -99.164499353726512, 19.449183582796707 ], [ -99.164388333796225, 19.449659662704239 ], [ -99.164322924599816, 19.449981743339908 ], [ -99.164297884296872, 19.450623972468456 ], [ -99.164264564628581, 19.451846143022419 ], [ -99.164220274112296, 19.452332952164877 ], [ -99.16419213430099, 19.452679492686585 ], [ -99.164073534078156, 19.453710882538584 ], [ -99.1640041242796, 19.454270082471009 ], [ -99.16381522382612, 19.455813913141487 ], [ -99.163711821764892, 19.456393960132075 ], [ -99.163705074387963, 19.456431831894822 ], [ -99.163563704676648, 19.457061091014264 ], [ -99.163450254696613, 19.457550661468069 ], [ -99.163309054262058, 19.458159781044451 ], [ -99.16314645466845, 19.458880540951366 ], [ -99.163073954816809, 19.459059981094754 ], [ -99.16292708486354, 19.459338380732444 ], [ -99.162818474740192, 19.459486891049355 ], [ -99.162691614936278, 19.459634371003208 ], [ -99.162563214938999, 19.459768881224154 ], [ -99.162313454469924, 19.4599689808527 ], [ -99.162092674623196, 19.460132201062276 ], [ -99.161615084662941, 19.460490030636009 ], [ -99.161261685083829, 19.460765080815865 ], [ -99.16104598492268, 19.460965950484695 ], [ -99.160858154819351, 19.461185740387482 ], [ -99.160708754975715, 19.461403119971756 ], [ -99.160438625550839, 19.461869920200627 ], [ -99.160250784922653, 19.462208630538093 ], [ -99.160036905253037, 19.46259763974226 ], [ -99.159722075569292, 19.463064540373743 ], [ -99.159541215080438, 19.463321520002371 ], [ -99.159442795748433, 19.463424119874414 ], [ -99.159296134940718, 19.46355061015235 ], [ -99.159093965477354, 19.463695319873505 ], [ -99.158845415314303, 19.463836060304541 ], [ -99.158643015414029, 19.463922009499669 ], [ -99.158237755989177, 19.464035339460452 ], [ -99.157931995832683, 19.464077289966191 ], [ -99.157569645755387, 19.464079139610618 ], [ -99.157303596262253, 19.464051709420218 ], [ -99.157072486397354, 19.464011999480675 ], [ -99.156520486455506, 19.463901519424184 ], [ -99.156077506427451, 19.463788410213869 ], [ -99.155676366269034, 19.463693609521933 ], [ -99.154986446572622, 19.463564459982567 ], [ -99.154542276375963, 19.463475879709527 ], [ -99.153613566989691, 19.463299739568342 ], [ -99.153464507073991, 19.46326806008457 ], [ -99.153215086390233, 19.46323929007071 ], [ -99.152872076578603, 19.463199710422643 ], [ -99.152358856714983, 19.463137150422028 ], [ -99.151679786945934, 19.463050509671472 ], [ -99.150820337010131, 19.462945349967796 ], [ -99.150546357897895, 19.462937490442975 ], [ -99.150306307489345, 19.462957180136403 ], [ -99.150020557570983, 19.463013980405279 ], [ -99.148728538170133, 19.463334540257659 ], [ -99.148318048342659, 19.463434110046649 ], [ -99.148029128124804, 19.463504180040722 ], [ -99.147727648263697, 19.463593400229531 ], [ -99.147298688698214, 19.463720340153746 ], [ -99.146821478470756, 19.463857479498245 ], [ -99.146608058152381, 19.463918800218959 ], [ -99.14630198832451, 19.464006750207325 ], [ -99.145796858308813, 19.464151909603171 ], [ -99.145237059058033, 19.464312749437699 ], [ -99.143110429493689, 19.465059749824945 ], [ -99.142463879671993, 19.46556996954487 ], [ -99.142362709144052, 19.465645879268319 ], [ -99.142134229716021, 19.46576700908782 ], [ -99.141924940028929, 19.465821429020277 ], [ -99.141732729935015, 19.46581299962055 ], [ -99.14164232972243, 19.465796059651353 ], [ -99.141471659274899, 19.465720429238782 ], [ -99.141416739728925, 19.465674149465883 ], [ -99.14131630934348, 19.465563568987097 ], [ -99.14120512958894, 19.465465439697091 ], [ -99.141092360312726, 19.465415349076974 ], [ -99.140981879976451, 19.465387639155999 ], [ -99.140799570113288, 19.465349879178913 ], [ -99.139802629866125, 19.465243199231459 ], [ -99.139215860162281, 19.465180399282968 ], [ -99.138584590082374, 19.465155229453163 ], [ -99.13748965093383, 19.465102709420776 ], [ -99.136130050587084, 19.465056579515693 ], [ -99.13491316106844, 19.465005969118842 ], [ -99.134221391094869, 19.46497794986232 ], [ -99.133830571755055, 19.464958539317784 ], [ -99.133673451413188, 19.46493623991034 ], [ -99.133328991877221, 19.464851230032671 ], [ -99.133112941642224, 19.46476183957628 ], [ -99.132853942055775, 19.464638549911999 ], [ -99.13241800155204, 19.464372839351572 ], [ -99.131410961911172, 19.46378028009207 ], [ -99.130898281996167, 19.463473780079248 ], [ -99.130424452693546, 19.463192780133738 ], [ -99.129504432917798, 19.462647510300982 ] ] ] } },
{ "type": "Feature", "properties": { "CVEGEO": "09016", "alcaldia": "Miguel Hidalgo" }, "geometry": { "type": "Polygon", "coordinates": [ [ [ -99.190437564562799, 19.470437001506287 ], [ -99.190571717706163, 19.467933379398044 ], [ -99.190652957534653, 19.465943059364513 ], [ -99.190663097583112, 19.46571671968179 ], [ -99.19069615615453, 19.465142164296935 ], [ -99.190723408107004, 19.464668510062864 ], [ -99.190705015977301, 19.464662321404219 ], [ -99.190006408312925, 19.464427259486381 ], [ -99.189134238024138, 19.464148519556847 ], [ -99.187992528484742, 19.463811679979177 ], [ -99.187995733424458, 19.463792571312378 ], [ -99.188018558614786, 19.463656459946428 ], [ -99.188236608103139, 19.462343550280227 ], [ -99.188475548472894, 19.460774320630588 ], [ -99.188455191708698, 19.460769241536852 ], [ -99.187275918271723, 19.460475000233817 ], [ -99.187237039304051, 19.46046548754585 ], [ -99.185380018798142, 19.460011110899249 ], [ -99.185265068825913, 19.460017481956427 ], [ -99.184181148578531, 19.459849605013314 ], [ -99.184094479155789, 19.459836180999392 ], [ -99.184090439011356, 19.45983557108347 ], [ -99.183106929714668, 19.459643680632357 ], [ -99.182004449547364, 19.459471751232506 ], [ -99.18107432960521, 19.459298400541339 ], [ -99.179907840438759, 19.459122981372794 ], [ -99.178775580662744, 19.458925781317607 ], [ -99.17797670109465, 19.458752691082907 ], [ -99.177754991159574, 19.458713068775531 ], [ -99.17744747071653, 19.458658111363238 ], [ -99.176883921211655, 19.45856664155426 ], [ -99.175758181465639, 19.458384001032382 ], [ -99.175016151130393, 19.458263801500692 ], [ -99.174596011262807, 19.458195741481894 ], [ -99.173753301728311, 19.458059921401976 ], [ -99.171106102701316, 19.457629341216016 ], [ -99.168298393490488, 19.457173751618459 ], [ -99.167437043715864, 19.457028681642427 ], [ -99.165598254143134, 19.456734521738138 ], [ -99.165052484416591, 19.456655721732503 ], [ -99.164182844617827, 19.456508311874405 ], [ -99.163705074387963, 19.456431831894822 ], [ -99.163708953361038, 19.456410060442199 ], [ -99.163711821764892, 19.456393960132075 ], [ -99.163815223863878, 19.455813911329759 ], [ -99.1640041242796, 19.454270082471009 ], [ -99.164073534078156, 19.453710882538584 ], [ -99.16419213430099, 19.452679492686585 ], [ -99.164220274112296, 19.452332952164877 ], [ -99.164264564628581, 19.451846143022419 ], [ -99.164297884296872, 19.450623972468456 ], [ -99.164322924599816, 19.449981743339908 ], [ -99.164388333796225, 19.449659662704239 ], [ -99.164499353726512, 19.449183582796707 ], [ -99.164726473656216, 19.448169633307611 ], [ -99.164831384388194, 19.447668183549304 ], [ -99.164910044320393, 19.447273723602528 ], [ -99.165031283983836, 19.446694973372423 ], [ -99.16512767378623, 19.446290213799891 ], [ -99.165212043594394, 19.445902914368435 ], [ -99.165293903807225, 19.44553411430044 ], [ -99.165377614023399, 19.445181174006098 ], [ -99.165526323462871, 19.444583694034261 ], [ -99.165712924053665, 19.443817524550298 ], [ -99.165773284036177, 19.443645744533409 ], [ -99.16589382417331, 19.443381864960283 ], [ -99.166406923353904, 19.442521245041863 ], [ -99.166881993951762, 19.441458924588296 ], [ -99.167410523211572, 19.440355895446501 ], [ -99.16763181346515, 19.439915895147724 ], [ -99.167932183229041, 19.43928223569343 ], [ -99.168170272815217, 19.438786985800174 ], [ -99.168478853029669, 19.43814908583682 ], [ -99.168790273458924, 19.437630185675733 ], [ -99.169103443313062, 19.437157836402882 ], [ -99.169670523132012, 19.436322576090301 ], [ -99.170573842519758, 19.434888986614645 ], [ -99.171184722964938, 19.43397752695051 ], [ -99.171425642793778, 19.433600157047522 ], [ -99.171739081993366, 19.43314304645444 ], [ -99.172201392369345, 19.432399587364095 ], [ -99.172627822223617, 19.431628287190662 ], [ -99.173005452549759, 19.430936407158338 ], [ -99.173774871426673, 19.42954231753221 ], [ -99.174257722103945, 19.428826048133477 ], [ -99.17438255202795, 19.428632157943042 ], [ -99.174676561902132, 19.428175357912572 ], [ -99.174735151567475, 19.428084357824417 ], [ -99.175571531115637, 19.426837417939169 ], [ -99.175650391422593, 19.426719848452066 ], [ -99.176177810868765, 19.42591332828599 ], [ -99.176449130796541, 19.425463378231875 ], [ -99.176647530986358, 19.42517580865653 ], [ -99.177058421185492, 19.424520888631534 ], [ -99.177628520584662, 19.423592759206898 ], [ -99.177598987351303, 19.423587528243218 ], [ -99.176935981527848, 19.423470088971111 ], [ -99.176774335273834, 19.423444395420773 ], [ -99.176518185348968, 19.423403679935763 ], [ -99.176518140606561, 19.423403672756731 ], [ -99.176518102547476, 19.423403665702519 ], [ -99.176518073024894, 19.423403661526333 ], [ -99.176212181480153, 19.423355038777444 ], [ -99.17592844166019, 19.423329008865814 ], [ -99.175670441465186, 19.423335528969101 ], [ -99.17519647187558, 19.423204898876882 ], [ -99.175088421406414, 19.423156359123464 ], [ -99.175081130144832, 19.423135693428218 ], [ -99.175047321364701, 19.423039869546997 ], [ -99.175253501925482, 19.422746669323868 ], [ -99.175282851485647, 19.422691498879935 ], [ -99.175332621962312, 19.42271838912481 ], [ -99.175418641864056, 19.422732018876033 ], [ -99.175499881503299, 19.422718818906986 ], [ -99.175582931612567, 19.422667959437721 ], [ -99.175653671000163, 19.422593219611009 ], [ -99.176265761198692, 19.421455289690126 ], [ -99.176338410922028, 19.421262499966151 ], [ -99.176346081755, 19.421190649540197 ], [ -99.176317791434727, 19.421112949430722 ], [ -99.176324921590805, 19.421037559369335 ], [ -99.176369811084356, 19.420970240095979 ], [ -99.176408241290943, 19.420834889669113 ], [ -99.176430881463631, 19.420684579673736 ], [ -99.176464981467106, 19.420559839420942 ], [ -99.17654139115794, 19.420450930207547 ], [ -99.176609301079026, 19.42037438022567 ], [ -99.176637316683284, 19.420336309629615 ], [ -99.176665331298281, 19.420298239917958 ], [ -99.176737021145897, 19.42022335989714 ], [ -99.176848471516621, 19.420155330119773 ], [ -99.176978221205857, 19.42012764959042 ], [ -99.177140581147157, 19.420024019975788 ], [ -99.177486041137882, 19.419465589818277 ], [ -99.177622225429687, 19.41937423984708 ], [ -99.177758410493411, 19.419282889780334 ], [ -99.177889151274869, 19.418951180084207 ], [ -99.178092731004156, 19.418521220374277 ], [ -99.178321530943563, 19.418109350132667 ], [ -99.178321548786144, 19.418109318749792 ], [ -99.178969300762361, 19.416926790622213 ], [ -99.179524820052492, 19.415928301249597 ], [ -99.179741590708659, 19.415544210862279 ], [ -99.180315220574315, 19.41446252148036 ], [ -99.180494220473676, 19.414141931591978 ], [ -99.18099798023799, 19.413294321826651 ], [ -99.181134779797119, 19.413075961039546 ], [ -99.181352330074802, 19.412710042016677 ], [ -99.181616130018767, 19.41235513163101 ], [ -99.182141559500437, 19.411484471681543 ], [ -99.18228549357076, 19.411262645915041 ], [ -99.182513129543324, 19.410911822303312 ], [ -99.182650572620389, 19.41073507021575 ], [ -99.182931239682503, 19.410374132459491 ], [ -99.183002520129307, 19.41024941206647 ], [ -99.18349335947147, 19.409403562770287 ], [ -99.183539949395765, 19.409316992776454 ], [ -99.184296209453464, 19.407824052348865 ], [ -99.184270503189992, 19.40781550588963 ], [ -99.183805722371758, 19.407660978815251 ], [ -99.183805626570077, 19.407660947126853 ], [ -99.183218085788994, 19.407465605365264 ], [ -99.182464220148873, 19.407214953237851 ], [ -99.180674580246119, 19.406645613155934 ], [ -99.179811390418294, 19.406373302775002 ], [ -99.178908500866328, 19.406067563119596 ], [ -99.177939081187873, 19.40574544297338 ], [ -99.177688668062714, 19.405653323506677 ], [ -99.177120950650163, 19.405444473193814 ], [ -99.176194331232935, 19.405119923582113 ], [ -99.175289701941537, 19.404821703594404 ], [ -99.17486498137194, 19.40467762369332 ], [ -99.174379851536244, 19.404518523598721 ], [ -99.174142297525009, 19.404438119729942 ], [ -99.173565174142482, 19.404242780469094 ], [ -99.173458822187129, 19.404206783371546 ], [ -99.172606811915472, 19.403927583972035 ], [ -99.171765482621069, 19.403661813189661 ], [ -99.171669212636743, 19.403631783885753 ], [ -99.171070842275, 19.403494243593428 ], [ -99.171067742078193, 19.403472346277983 ], [ -99.170983915647255, 19.402880485982429 ], [ -99.170964752460691, 19.402745183402459 ], [ -99.170883170009702, 19.402376326912378 ], [ -99.170846792464417, 19.402211853772936 ], [ -99.170844962022514, 19.402203389542308 ], [ -99.170765793155923, 19.401837304099381 ], [ -99.170758672857119, 19.401794953941927 ], [ -99.170741355980581, 19.401730200319474 ], [ -99.170720792535391, 19.401653304156497 ], [ -99.170419126447342, 19.400525230992887 ], [ -99.170367295636723, 19.40033141109809 ], [ -99.170366612511117, 19.400328854734308 ], [ -99.170355985534442, 19.400237378002071 ], [ -99.170351412335179, 19.400198014244502 ], [ -99.170386952758889, 19.399947134225798 ], [ -99.170427822473144, 19.399786874210776 ], [ -99.172246652318123, 19.399231104558684 ], [ -99.173099392421449, 19.398970525678781 ], [ -99.173374441960647, 19.398886475138134 ], [ -99.173980221710423, 19.398700134543166 ], [ -99.174068651857368, 19.398672934463136 ], [ -99.174444582120259, 19.398557305116224 ], [ -99.174461301602889, 19.398552154528051 ], [ -99.174511051986073, 19.398536854606313 ], [ -99.175524671241021, 19.398091184975097 ], [ -99.176038501154508, 19.397977585330914 ], [ -99.176632721270892, 19.397846224733982 ], [ -99.17671547110983, 19.397828785007231 ], [ -99.177719810648995, 19.397616964636537 ], [ -99.177769671003134, 19.397606502753604 ], [ -99.178193611078626, 19.397517535425944 ], [ -99.178895470979114, 19.39736610480638 ], [ -99.179503900784482, 19.397397424748355 ], [ -99.180141790226003, 19.397269024915175 ], [ -99.180949850164879, 19.397092995420355 ], [ -99.18120184989931, 19.397089654799256 ], [ -99.181705780427507, 19.396991364798577 ], [ -99.182093549839266, 19.3969584751 ], [ -99.182235019737774, 19.39686450478337 ], [ -99.182455589573777, 19.396758415058841 ], [ -99.183409079793421, 19.396407675554741 ], [ -99.184089359227698, 19.396154495385872 ], [ -99.184291349273778, 19.396130996601915 ], [ -99.184517209567275, 19.396101794957001 ], [ -99.18520058916279, 19.395960595008802 ], [ -99.185304048790613, 19.39593039544603 ], [ -99.185953958569939, 19.395749125091982 ], [ -99.18636831909609, 19.395645675069048 ], [ -99.186481958756289, 19.395638525431021 ], [ -99.18754091888988, 19.395689725363091 ], [ -99.187590468249368, 19.395689385223328 ], [ -99.187814418207935, 19.395676395788509 ], [ -99.188502518082231, 19.395642045603129 ], [ -99.188608978548828, 19.395630495574242 ], [ -99.189040990804699, 19.395588051288566 ], [ -99.189047467934273, 19.395587415133537 ], [ -99.189087698025418, 19.395683365894609 ], [ -99.189250618176047, 19.396071905397232 ], [ -99.189576578100187, 19.39685072545743 ], [ -99.189868677805677, 19.397583505090481 ], [ -99.189915098448168, 19.397703624649665 ], [ -99.19017092748382, 19.39831233503903 ], [ -99.190355007621648, 19.398753024348608 ], [ -99.190468617595783, 19.399018825118393 ], [ -99.19060632775674, 19.399319304615432 ], [ -99.190811732317883, 19.399637411113389 ], [ -99.190818117350048, 19.39964730444418 ], [ -99.191145947938324, 19.40010624481944 ], [ -99.191274147539247, 19.40026176426305 ], [ -99.191483757468148, 19.400434334320455 ], [ -99.191880147851265, 19.400724244497756 ], [ -99.192017237563704, 19.400852934327098 ], [ -99.192118583033135, 19.400969993695483 ], [ -99.19212532771364, 19.400977784144064 ], [ -99.192217037695571, 19.401128763833547 ], [ -99.192287927358251, 19.401326443963121 ], [ -99.192310316940251, 19.401389984279795 ], [ -99.192336917201743, 19.401650353830178 ], [ -99.192263927563332, 19.402384104185092 ], [ -99.192240746996035, 19.402624584309795 ], [ -99.192189497693207, 19.403092923638745 ], [ -99.19217800700946, 19.403235104075247 ], [ -99.19219285984677, 19.403713133485063 ], [ -99.192193697604509, 19.403740103518349 ], [ -99.192357237486462, 19.403722074592011 ], [ -99.192471919084625, 19.403709444702304 ], [ -99.192982187651339, 19.403653215931232 ], [ -99.193724666821467, 19.40357392342278 ], [ -99.193830206671819, 19.403561583992715 ], [ -99.194151177247548, 19.403524093289548 ], [ -99.194313926706741, 19.403504493531429 ], [ -99.194513126465864, 19.403481553261539 ], [ -99.19465040661062, 19.403464893828723 ], [ -99.195441976957511, 19.40334098355299 ], [ -99.195869446226467, 19.403288764189909 ], [ -99.196620046142513, 19.403201934022 ], [ -99.196704016236353, 19.403189534113167 ], [ -99.197605946007286, 19.403088273683434 ], [ -99.198061016217565, 19.403000733396436 ], [ -99.19829872627993, 19.402930723425388 ], [ -99.198426846017426, 19.402882524294444 ], [ -99.198931525831043, 19.402659933773954 ], [ -99.199555645973248, 19.402395353740861 ], [ -99.199858775561907, 19.402275823597986 ], [ -99.20049369544428, 19.402029734265728 ], [ -99.20098829511862, 19.401840073946502 ], [ -99.201408975094424, 19.401679103915981 ], [ -99.201541235136034, 19.401643723940438 ], [ -99.201893915356848, 19.401553254263543 ], [ -99.202202874956512, 19.401524474348928 ], [ -99.202466554947478, 19.401499274038692 ], [ -99.203068244315517, 19.401430854233723 ], [ -99.203730344264287, 19.401362794081667 ], [ -99.204551354199481, 19.401273653896801 ], [ -99.205032244185276, 19.40121198447444 ], [ -99.206164834419681, 19.401062654348699 ], [ -99.207837514059264, 19.400850994376416 ], [ -99.208407373814282, 19.400761584289505 ], [ -99.209040713184223, 19.400654504650394 ], [ -99.210431541052202, 19.400435206872082 ], [ -99.210440752884892, 19.400433753994044 ], [ -99.210502313137184, 19.400421784645328 ], [ -99.210506944594187, 19.400420208255031 ], [ -99.21093743325693, 19.400273674199592 ], [ -99.211467742967386, 19.400126764398756 ], [ -99.212018912655552, 19.399946674785742 ], [ -99.212560122059358, 19.399803385753806 ], [ -99.212666382807598, 19.399761954729517 ], [ -99.213017692539381, 19.399556354395806 ], [ -99.213858472201224, 19.399114765624283 ], [ -99.214472510734225, 19.398836815400543 ], [ -99.214848401613139, 19.398702784908075 ], [ -99.215868511801517, 19.398373704566424 ], [ -99.216284541264741, 19.398249674506491 ], [ -99.216898741389443, 19.398030614576705 ], [ -99.217069740507142, 19.39797101570316 ], [ -99.218064270688274, 19.39763133466743 ], [ -99.218307871455579, 19.397551754727655 ], [ -99.219505491237868, 19.397167554864886 ], [ -99.222052509973167, 19.396324655301033 ], [ -99.222436718976184, 19.396199555414373 ], [ -99.223571058678374, 19.39584979625522 ], [ -99.224211908208048, 19.395743215423341 ], [ -99.22498282904823, 19.395629815808981 ], [ -99.225151009743911, 19.395636215888434 ], [ -99.22570262834752, 19.395662955684166 ], [ -99.226028369253498, 19.395687645228691 ], [ -99.226640669163814, 19.395768755733702 ], [ -99.226971057741764, 19.395800165117766 ], [ -99.227337429116474, 19.395792925516407 ], [ -99.227695209203389, 19.395727876865397 ], [ -99.228175368421546, 19.395642166582128 ], [ -99.229239598517538, 19.395413926915346 ], [ -99.229762547791623, 19.395300505290926 ], [ -99.229973568266814, 19.395253386597822 ], [ -99.230483397763592, 19.395080595443133 ], [ -99.230846748322321, 19.394946985968453 ], [ -99.23105916839458, 19.394895706884068 ], [ -99.231267858175258, 19.394869216411319 ], [ -99.231511778134873, 19.394866097056649 ], [ -99.23192940766738, 19.394903755859477 ], [ -99.232245507714822, 19.394930505354665 ], [ -99.232569107801794, 19.394900585586687 ], [ -99.232834177965771, 19.394811556944138 ], [ -99.235473995819135, 19.393740215787979 ], [ -99.235799996819068, 19.393623136301517 ], [ -99.236031806335632, 19.393559537213466 ], [ -99.23625083576475, 19.393537556781624 ], [ -99.236476916521895, 19.39354264629079 ], [ -99.237091765397253, 19.393601756266399 ], [ -99.237375146135307, 19.393595796875935 ], [ -99.237595705340738, 19.393564587164509 ], [ -99.237834886732102, 19.393488336285245 ], [ -99.23802046562038, 19.393393586106367 ], [ -99.238799795510559, 19.392821326181082 ], [ -99.238913546475885, 19.392671496023201 ], [ -99.238998915393623, 19.392470456143297 ], [ -99.239025605729466, 19.392283396967848 ], [ -99.239008174653776, 19.391698216224441 ], [ -99.238989116475068, 19.391058306346658 ], [ -99.239014055325484, 19.390725017774272 ], [ -99.239125116017846, 19.390402987526276 ], [ -99.239411994976322, 19.3895861668137 ], [ -99.239508115712866, 19.389376817022619 ], [ -99.239664935969287, 19.389133787697094 ], [ -99.239921336163292, 19.388861136980321 ], [ -99.240201665311446, 19.388650136756603 ], [ -99.240458655199077, 19.388496446858355 ], [ -99.241130835749019, 19.388138307471284 ], [ -99.24137863566007, 19.387978827618927 ], [ -99.242101335709563, 19.387351697906929 ], [ -99.242671255345925, 19.387032257111262 ], [ -99.242937545011443, 19.386948767936264 ], [ -99.243190404759275, 19.386915537416847 ], [ -99.243318115350192, 19.386934567181708 ], [ -99.243636904463131, 19.386982167570313 ], [ -99.244744064994848, 19.387340907748992 ], [ -99.244989854300059, 19.387382897340657 ], [ -99.245166623279914, 19.387400697759549 ], [ -99.245469654720736, 19.387391457179955 ], [ -99.245730743999033, 19.387317308349026 ], [ -99.245990804503847, 19.387227357341246 ], [ -99.246230742971278, 19.387082227371348 ], [ -99.246562053844357, 19.386825897959916 ], [ -99.247623806770022, 19.3859710830274 ], [ -99.247644904295214, 19.385954097696651 ], [ -99.247626546698825, 19.386157921566262 ], [ -99.247625513650576, 19.386169387943646 ], [ -99.24764200020519, 19.386213679913148 ], [ -99.247680163873838, 19.386316197710535 ], [ -99.247771510735163, 19.386501251227024 ], [ -99.247775743994978, 19.386509827825243 ], [ -99.247969136346185, 19.386755072781433 ], [ -99.247983633788209, 19.386773457591225 ], [ -99.248125853611867, 19.387116387381134 ], [ -99.248270463375817, 19.387465496994967 ], [ -99.248322974156835, 19.387682187556443 ], [ -99.248396113950093, 19.388786137493319 ], [ -99.248500174007049, 19.390188997098207 ], [ -99.24851568335842, 19.390307017061435 ], [ -99.248519373657274, 19.390406446356263 ], [ -99.248496023367323, 19.390560696461417 ], [ -99.24841951478497, 19.390679529286317 ], [ -99.248404373926221, 19.390703046872446 ], [ -99.248384862703887, 19.390733354284961 ], [ -99.248352833928692, 19.39078310685311 ], [ -99.248182903655177, 19.391136096264731 ], [ -99.248088933651701, 19.3913312564611 ], [ -99.247850462714069, 19.391790386413259 ], [ -99.247804903510939, 19.391859256635737 ], [ -99.247714822786065, 19.391956166458694 ], [ -99.247174253852862, 19.392422626166475 ], [ -99.246946424416123, 19.392657786432625 ], [ -99.246907774481059, 19.392825996126398 ], [ -99.246796112878187, 19.393173825788992 ], [ -99.246728424282523, 19.393540506008819 ], [ -99.246745533893076, 19.393703125959355 ], [ -99.246798103711669, 19.393847756341358 ], [ -99.246848108631411, 19.39396808450438 ], [ -99.246850573600952, 19.39397401568187 ], [ -99.246920155342281, 19.394064142799216 ], [ -99.246925624110503, 19.394071226030661 ], [ -99.247017085586592, 19.394167419595799 ], [ -99.247028084345544, 19.394178985646146 ], [ -99.24722328443373, 19.394248725753055 ], [ -99.247638503952047, 19.394303825511116 ], [ -99.247800574170441, 19.394301055810693 ], [ -99.247983054024274, 19.394269385727579 ], [ -99.248193203409329, 19.39414361576204 ], [ -99.248361304123961, 19.394006476291661 ], [ -99.248535373421191, 19.393840825887096 ], [ -99.248731193262572, 19.39367310570422 ], [ -99.248895563005121, 19.393532325816182 ], [ -99.249051703637548, 19.393452255758575 ], [ -99.24924390331374, 19.393423455994917 ], [ -99.249418143823775, 19.393480256261679 ], [ -99.249584063769788, 19.393548325845174 ], [ -99.249855743780572, 19.393627695721328 ], [ -99.249985963409969, 19.393652535805021 ], [ -99.2501995632025, 19.393675936247401 ], [ -99.250617742801154, 19.393692395948875 ], [ -99.250859032948753, 19.393648326270615 ], [ -99.251020772613032, 19.393575985713451 ], [ -99.251271633163881, 19.393482676030381 ], [ -99.25146819247756, 19.393457896248037 ], [ -99.251585343207097, 19.393457726198342 ], [ -99.251887082426336, 19.393466955883298 ], [ -99.252548963096913, 19.393521955909957 ], [ -99.252876942942422, 19.393569296152521 ], [ -99.25294692934871, 19.393625040761343 ], [ -99.252953112332577, 19.393629965645161 ], [ -99.253009056406398, 19.393731705095028 ], [ -99.253016062319205, 19.393744445866556 ], [ -99.253217252048159, 19.393986856267205 ], [ -99.253447202866568, 19.394203906266302 ], [ -99.253918832765336, 19.394678625843749 ], [ -99.254293621858508, 19.394985055588407 ], [ -99.254433001987309, 19.395073185276935 ], [ -99.254586992332293, 19.395155795476782 ], [ -99.254746532230953, 19.395213825852714 ], [ -99.254839572062593, 19.395192185611201 ], [ -99.254898771723788, 19.395155935323768 ], [ -99.254938932505198, 19.395087565462312 ], [ -99.254920512473404, 19.394960535588652 ], [ -99.254874252469136, 19.394841225943399 ], [ -99.25481003247188, 19.394738996048542 ], [ -99.25480520872452, 19.394733715349794 ], [ -99.25439666231803, 19.394286456186421 ], [ -99.254390295276082, 19.394273280355421 ], [ -99.254362932408768, 19.394216656185037 ], [ -99.254350032134568, 19.394143595575869 ], [ -99.254370501845614, 19.394063186271673 ], [ -99.254434562315865, 19.393977825831271 ], [ -99.25455762235454, 19.393877795822192 ], [ -99.254831961696212, 19.393704476278515 ], [ -99.255066882238665, 19.393605955887889 ], [ -99.255293732465688, 19.393542846267735 ], [ -99.255465392263289, 19.393519926056523 ], [ -99.25565796226951, 19.393491395817385 ], [ -99.255841591671356, 19.393448026300646 ], [ -99.255952772092385, 19.393398896470817 ], [ -99.256075391498754, 19.393312395897169 ], [ -99.256539971483051, 19.392895336435799 ], [ -99.256664512020876, 19.392862325968959 ], [ -99.256800451907324, 19.392840226503221 ], [ -99.257837311006313, 19.392757556227803 ], [ -99.25836810083868, 19.392702596477115 ], [ -99.25846334102927, 19.392666656252604 ], [ -99.258679541242316, 19.39245335597294 ], [ -99.258786711412483, 19.392423076024436 ], [ -99.2588801913395, 19.392431556779243 ], [ -99.259208161069594, 19.392564276281096 ], [ -99.259235063564645, 19.392588559291656 ], [ -99.25924380065392, 19.392596446172615 ], [ -99.25926816116646, 19.392645526575578 ], [ -99.259276390794241, 19.392739106492314 ], [ -99.259381770532002, 19.393174476431454 ], [ -99.259567680669306, 19.393707825721719 ], [ -99.25957733119273, 19.393760926310833 ], [ -99.259612510701558, 19.393954325663572 ], [ -99.259652571159577, 19.394128366057707 ], [ -99.259647031109949, 19.394225505813061 ], [ -99.259635730829118, 19.394274096350404 ], [ -99.259618680908559, 19.394310076132662 ], [ -99.259558051079836, 19.394389305700841 ], [ -99.259482220984808, 19.394464965800335 ], [ -99.259263281075349, 19.394601365872244 ], [ -99.259176931348904, 19.394648195695858 ], [ -99.258993861306337, 19.394747445545189 ], [ -99.258435681539893, 19.395049096071507 ], [ -99.258157755045062, 19.395245333330323 ], [ -99.257686141107271, 19.395578325749231 ], [ -99.256346571955177, 19.396510935104168 ], [ -99.256207331689609, 19.396671615524006 ], [ -99.255675831949773, 19.397259785056271 ], [ -99.255399302441191, 19.398186274808452 ], [ -99.255242932381279, 19.398672854490673 ], [ -99.255199140653573, 19.399136965144336 ], [ -99.255238821767307, 19.399511924371055 ], [ -99.255360652294655, 19.400056444334737 ], [ -99.255397261906666, 19.400360154250432 ], [ -99.255348512075301, 19.400679624131254 ], [ -99.25528953152633, 19.400953497818474 ], [ -99.255250332065174, 19.401135524324296 ], [ -99.255235268296289, 19.401322624133151 ], [ -99.255220171589613, 19.401510123898369 ], [ -99.25535707933328, 19.401860047903337 ], [ -99.255362031525266, 19.401872704254714 ], [ -99.25539657185476, 19.402007504396991 ], [ -99.255370214785714, 19.402245018388765 ], [ -99.255363201608588, 19.402308214263233 ], [ -99.255365231051158, 19.402407726841858 ], [ -99.255366872737397, 19.402488208772706 ], [ -99.255368601636818, 19.402572983799704 ], [ -99.255561342078906, 19.403092504062812 ], [ -99.25566413185696, 19.403308793783374 ], [ -99.255800191926184, 19.403569493432968 ], [ -99.255713354420479, 19.403666303312647 ], [ -99.255566233624535, 19.403830322905286 ], [ -99.255301901678891, 19.404125013246102 ], [ -99.254849702104678, 19.404551353151678 ], [ -99.254339031805927, 19.404860183360572 ], [ -99.253708802127449, 19.405008553509052 ], [ -99.253328882794989, 19.405091593663496 ], [ -99.252831192466815, 19.405736193730192 ], [ -99.25220940308914, 19.406040192931513 ], [ -99.251660862998136, 19.406229762950066 ], [ -99.250933963419783, 19.406413503439104 ], [ -99.25064804076311, 19.406630914446758 ], [ -99.250605804022243, 19.406663030286719 ], [ -99.250562913534722, 19.406695643479885 ], [ -99.250533381500574, 19.406733654771422 ], [ -99.250467401839188, 19.406818577695049 ], [ -99.250335653067864, 19.40698815275174 ], [ -99.250063683693654, 19.407229623087492 ], [ -99.249734943712497, 19.407367132963927 ], [ -99.249405903354287, 19.407516822614259 ], [ -99.249174133226546, 19.40772652311313 ], [ -99.248947113822993, 19.408017502807461 ], [ -99.248742843848376, 19.408200282293048 ], [ -99.248686606060815, 19.408250603833572 ], [ -99.248671743466389, 19.408263902898906 ], [ -99.24862861886659, 19.408318435709532 ], [ -99.248617472383586, 19.408332530967346 ], [ -99.248508543948603, 19.408470272979375 ], [ -99.248304253301768, 19.408645652876537 ], [ -99.248086424105011, 19.408729830952215 ], [ -99.247963063948418, 19.408777502883758 ], [ -99.247679887947371, 19.408798968144389 ], [ -99.247523913762336, 19.408810792823633 ], [ -99.246611083687796, 19.409075212737751 ], [ -99.24605430415329, 19.409281252107487 ], [ -99.245016534532112, 19.409666612065887 ], [ -99.244218254949004, 19.409938652567952 ], [ -99.243983664337847, 19.410201982323269 ], [ -99.243692484369561, 19.410523752563602 ], [ -99.243354305045116, 19.410716762241588 ], [ -99.243007064806747, 19.410800821976025 ], [ -99.24267377497975, 19.411053992097173 ], [ -99.242323574948799, 19.411298581644044 ], [ -99.241873035340319, 19.411477652032456 ], [ -99.241428544194036, 19.411662872876644 ], [ -99.240822545694755, 19.411915392096834 ], [ -99.240157395602324, 19.41213562174584 ], [ -99.239904135604576, 19.412190751671115 ], [ -99.239614855729798, 19.412200922201478 ], [ -99.238910454615066, 19.412038892971637 ], [ -99.238630336038767, 19.412008721936036 ], [ -99.238392636483994, 19.412004362585723 ], [ -99.238097365811143, 19.412077531875994 ], [ -99.237606105120165, 19.412199251648627 ], [ -99.237296996175701, 19.412356691960888 ], [ -99.237039366828384, 19.412551891787089 ], [ -99.236907176643641, 19.412703672467643 ], [ -99.236739825968456, 19.413075762455957 ], [ -99.236489655986603, 19.413592842313324 ], [ -99.236195235985562, 19.414082182776323 ], [ -99.235926237176031, 19.41449398108848 ], [ -99.235662395367441, 19.415010450730136 ], [ -99.235566376943822, 19.4152387814467 ], [ -99.23543948685851, 19.415432870924818 ], [ -99.23494179570568, 19.415745890815309 ], [ -99.234619457233904, 19.415967991004734 ], [ -99.23449711580443, 19.416393790808868 ], [ -99.234376425813167, 19.41658316148062 ], [ -99.234244865630743, 19.416685521011079 ], [ -99.234052916317196, 19.416760960568425 ], [ -99.233884976202418, 19.416764920788822 ], [ -99.233755055813972, 19.416720411910237 ], [ -99.233604807656988, 19.416581951462234 ], [ -99.233434237534752, 19.417218781494135 ], [ -99.233376737618684, 19.417479690821686 ], [ -99.233371567567119, 19.417557291543613 ], [ -99.233355747504206, 19.417794670546787 ], [ -99.233226935883735, 19.417835980677996 ], [ -99.233183467494499, 19.418043820131984 ], [ -99.233152197692633, 19.418154850875087 ], [ -99.233114056703897, 19.41826899084797 ], [ -99.233052456554859, 19.418384731181128 ], [ -99.23306128727188, 19.418479789999306 ], [ -99.233083236565932, 19.418583051447904 ], [ -99.233048506388997, 19.418657490491448 ], [ -99.232983267192495, 19.418891101581231 ], [ -99.232963036691416, 19.419020040956315 ], [ -99.232979457294974, 19.41926017991306 ], [ -99.232966337009827, 19.419392100305224 ], [ -99.23290288700845, 19.419426980535938 ], [ -99.232627516104955, 19.419377011277486 ], [ -99.232537867912797, 19.419388210225357 ], [ -99.232458707467174, 19.419417590351532 ], [ -99.232408836631024, 19.419470610348775 ], [ -99.232368577174597, 19.419564420669115 ], [ -99.232348946484123, 19.419681869999444 ], [ -99.232349106763891, 19.41978982084078 ], [ -99.232096907017464, 19.419870181021661 ], [ -99.231809406841137, 19.419987550924315 ], [ -99.23166780625607, 19.420162331385708 ], [ -99.231618506561063, 19.420303240750858 ], [ -99.231562026816931, 19.420596719480443 ], [ -99.231551406329331, 19.420733950591597 ], [ -99.231499437613195, 19.420752781243458 ], [ -99.23129910721515, 19.420807021258248 ], [ -99.231208286434935, 19.420854760909954 ], [ -99.231104826999882, 19.420930779719026 ], [ -99.231052947674769, 19.420976560368075 ], [ -99.231016918020771, 19.421066990065437 ], [ -99.23096086820243, 19.421257610398197 ], [ -99.230950308166385, 19.42136386987859 ], [ -99.230918508146118, 19.421543810403303 ], [ -99.230883537123603, 19.421634210592206 ], [ -99.230835746528882, 19.421703959953671 ], [ -99.230762336696472, 19.421730869325639 ], [ -99.230656166857472, 19.421739919561173 ], [ -99.230525316781154, 19.421757789423381 ], [ -99.230381837962, 19.421795559197957 ], [ -99.230277866804514, 19.421807420520281 ], [ -99.230090518013185, 19.421822779446444 ], [ -99.229754225502077, 19.421992209934416 ], [ -99.229675147575392, 19.422100269224906 ], [ -99.22953416697446, 19.422156789140899 ], [ -99.229375827354062, 19.422201609255406 ], [ -99.229355408681556, 19.422234069087146 ], [ -99.229161748330597, 19.422456358988558 ], [ -99.228961378768801, 19.42262152041809 ], [ -99.228861227208597, 19.422726329535816 ], [ -99.228731138515954, 19.422973849673212 ], [ -99.228644537446939, 19.423189619328504 ], [ -99.228487547603649, 19.423323018790672 ], [ -99.228449087444474, 19.423416179189328 ], [ -99.228295407460649, 19.423508329606623 ], [ -99.228158367773617, 19.423533898802155 ], [ -99.228061397324851, 19.423540359394043 ], [ -99.227930978942595, 19.423562720544112 ], [ -99.227867518272248, 19.423600869962829 ], [ -99.227844139008681, 19.423642098734131 ], [ -99.227847628824478, 19.423675579582131 ], [ -99.227854427634526, 19.423789760319121 ], [ -99.227841339027776, 19.423970580396425 ], [ -99.227824738444141, 19.424059379699198 ], [ -99.227778028442614, 19.424126039980759 ], [ -99.227721268367176, 19.42418004882509 ], [ -99.22763099875678, 19.424218190363547 ], [ -99.227530737856227, 19.424246889331695 ], [ -99.227413708069079, 19.424250208702112 ], [ -99.227181719245991, 19.424254408593434 ], [ -99.227009457415377, 19.424316648579968 ], [ -99.226788769042926, 19.424536189301985 ], [ -99.226691828700012, 19.424662960158123 ], [ -99.226323028275914, 19.425235290253379 ], [ -99.226062178677111, 19.425825498913639 ], [ -99.225862798725601, 19.426223359581957 ], [ -99.225697348091984, 19.426406759939645 ], [ -99.225455168838508, 19.426584389441224 ], [ -99.22515203835809, 19.426710988534051 ], [ -99.22483943970542, 19.426846208537011 ], [ -99.224632579443139, 19.426962819237481 ], [ -99.224459838316079, 19.427077118372917 ], [ -99.224314339557694, 19.427015498151768 ], [ -99.223776540028922, 19.426806688068872 ], [ -99.223237520038225, 19.426561958311545 ], [ -99.222795938655665, 19.426364589363828 ], [ -99.222764209878562, 19.426383098565935 ], [ -99.222660779726297, 19.426578188546728 ], [ -99.22255394971944, 19.426711528229688 ], [ -99.222320579641888, 19.426942689297725 ], [ -99.22226671994153, 19.427020038307411 ], [ -99.222305255331023, 19.42711011339069 ], [ -99.222312568547324, 19.427127209557746 ], [ -99.222534545778728, 19.427306274522483 ], [ -99.222544319427087, 19.427314158411328 ], [ -99.222695768727917, 19.427661548646828 ], [ -99.222860860260951, 19.428109269324203 ], [ -99.22294817869404, 19.428470549197758 ], [ -99.222992349624235, 19.428610359029527 ], [ -99.223012598652076, 19.428735419049609 ], [ -99.223098780253011, 19.429063147849323 ], [ -99.223144950009711, 19.42918038896401 ], [ -99.22320176165816, 19.429302110884812 ], [ -99.223202609996648, 19.429303928854491 ], [ -99.223278090163944, 19.429410977454747 ], [ -99.223370629564201, 19.429502127892295 ], [ -99.223545769469084, 19.429620387770317 ], [ -99.223705778551505, 19.429703037706069 ], [ -99.224291289691024, 19.430005447421102 ], [ -99.224423069532861, 19.430073717348055 ], [ -99.224760609158068, 19.430248557292803 ], [ -99.225167439541707, 19.43045780742483 ], [ -99.226500668951417, 19.43107004741687 ], [ -99.226614198788766, 19.431151177287227 ], [ -99.22672336849412, 19.431242748716862 ], [ -99.226797599263151, 19.431321776421775 ], [ -99.226810317594413, 19.431335316985038 ], [ -99.226852168014062, 19.431441317456034 ], [ -99.226864598275426, 19.431583047075669 ], [ -99.226793869043888, 19.431889007461251 ], [ -99.226656857704057, 19.432268207148702 ], [ -99.22640799769637, 19.432761177082178 ], [ -99.226149808706253, 19.433716187589788 ], [ -99.226144309525992, 19.433856546516694 ], [ -99.226163638373265, 19.433962407856232 ], [ -99.226207243639607, 19.434040354837332 ], [ -99.226217348227095, 19.434058417396901 ], [ -99.226287889154861, 19.434127896496371 ], [ -99.226385489448433, 19.434206547856423 ], [ -99.227012169235067, 19.43454584743635 ], [ -99.227201737468249, 19.434656756325705 ], [ -99.227324013891931, 19.434779919209927 ], [ -99.227329867589063, 19.434785816176458 ], [ -99.22742260914012, 19.434941786551008 ], [ -99.227485438688973, 19.435087526616815 ], [ -99.22749553907812, 19.435227576540097 ], [ -99.227284192347142, 19.435841442765252 ], [ -99.227276258611155, 19.435864486456079 ], [ -99.227354711698737, 19.435871042696036 ], [ -99.228041974116593, 19.436195002438069 ], [ -99.228152659971656, 19.436043024513737 ], [ -99.22866819651162, 19.436684661157617 ], [ -99.228687417350386, 19.436708583372546 ], [ -99.228547956919499, 19.43679812649783 ], [ -99.228534057145666, 19.436807050388932 ], [ -99.228649774366602, 19.436867236563039 ], [ -99.22952604904998, 19.437322986867194 ], [ -99.229588822745157, 19.437355635401676 ], [ -99.229619767234496, 19.43737172999025 ], [ -99.229052907293749, 19.437748216388346 ], [ -99.22893772543523, 19.437823208586995 ], [ -99.22866476708549, 19.438000926767394 ], [ -99.228557739429618, 19.43807109868111 ], [ -99.228501943121259, 19.438107680560307 ], [ -99.228090997389728, 19.438376615382829 ], [ -99.227843688591321, 19.43855574590555 ], [ -99.223576549728932, 19.441560775437381 ], [ -99.221957289893894, 19.442683604700054 ], [ -99.22093049008015, 19.443431034591534 ], [ -99.220575110796219, 19.443672384137894 ], [ -99.220128120617758, 19.443807884296017 ], [ -99.219729780143268, 19.443844324971867 ], [ -99.219498040985002, 19.443865544812258 ], [ -99.218681580616391, 19.443970124413312 ], [ -99.218171970818602, 19.444054574529119 ], [ -99.218125240760699, 19.444108894449101 ], [ -99.218142218247706, 19.444145082119768 ], [ -99.218146071072312, 19.444153294251873 ], [ -99.218208631353207, 19.444232094389083 ], [ -99.218297120988581, 19.444296124045827 ], [ -99.219218070831147, 19.444771204349625 ], [ -99.219401780701958, 19.444902774536327 ], [ -99.21952846018759, 19.445014264605486 ], [ -99.219630040769232, 19.445117013974169 ], [ -99.219753210559077, 19.445246844106883 ], [ -99.219839440141087, 19.44535122490749 ], [ -99.219845470693272, 19.44535852464595 ], [ -99.21996884101948, 19.445553914164911 ], [ -99.22005257082796, 19.445756233806961 ], [ -99.220105170778481, 19.445968094121937 ], [ -99.220141010703841, 19.446113414358305 ], [ -99.220139690572864, 19.446268844057048 ], [ -99.220138260387941, 19.44643835401919 ], [ -99.220128350930636, 19.447274383872415 ], [ -99.220119940114103, 19.447984343986839 ], [ -99.220107950869533, 19.448995293746965 ], [ -99.219947030433389, 19.451546402656252 ], [ -99.219951490564881, 19.451875682560257 ], [ -99.219955230975714, 19.452151552410186 ], [ -99.219965070145818, 19.452877202133397 ], [ -99.219764000465716, 19.45288097249297 ], [ -99.219393831068189, 19.452917974718073 ], [ -99.219187970601965, 19.452938552314446 ], [ -99.219006610759948, 19.452968892458227 ], [ -99.218843950416144, 19.452996112894446 ], [ -99.218574637335891, 19.453041158768102 ], [ -99.218533321850799, 19.453048069618252 ], [ -99.218514890503997, 19.453051152321187 ], [ -99.218192231025284, 19.45321457269279 ], [ -99.21812869068458, 19.45324674263291 ], [ -99.218080840822253, 19.453270972063002 ], [ -99.217907400998598, 19.453358811963838 ], [ -99.217357111435305, 19.453668171921482 ], [ -99.216970690957041, 19.454064282583417 ], [ -99.216946751153031, 19.454088832222059 ], [ -99.216758801213686, 19.454281512431319 ], [ -99.216413491258521, 19.454711351958476 ], [ -99.216266211597699, 19.454894711727167 ], [ -99.216069321240454, 19.455154751522894 ], [ -99.215967011380272, 19.455289881861773 ], [ -99.2157206313953, 19.455615311481122 ], [ -99.215277411675586, 19.456220921295557 ], [ -99.215244872045488, 19.456307951928817 ], [ -99.215213121312729, 19.456392891981732 ], [ -99.21519429167077, 19.456443261805084 ], [ -99.215158151785516, 19.456539921614155 ], [ -99.214848432033804, 19.457368401907761 ], [ -99.214240211923368, 19.458555881548573 ], [ -99.214215841756257, 19.458670840717986 ], [ -99.214036841756965, 19.459515171034081 ], [ -99.213931641937421, 19.460402911009218 ], [ -99.212631627894254, 19.462436139319589 ], [ -99.212623781897889, 19.462448410668326 ], [ -99.212956182120465, 19.462618689797591 ], [ -99.213514784554803, 19.462904822609385 ], [ -99.213536721756014, 19.46291605978152 ], [ -99.212385352255396, 19.466375799168983 ], [ -99.212140691946487, 19.46711096939849 ], [ -99.21193417199855, 19.467076239261811 ], [ -99.211777572919132, 19.4670789789879 ], [ -99.21172111293518, 19.46713491882069 ], [ -99.211631492478404, 19.467403238740673 ], [ -99.211528952415932, 19.467990409374757 ], [ -99.211427002986468, 19.467997939218709 ], [ -99.211363832158852, 19.468033478600468 ], [ -99.210952972733182, 19.468264568656 ], [ -99.21071569250087, 19.468477889286461 ], [ -99.210556923090095, 19.468655369068347 ], [ -99.210442872695509, 19.468782838605183 ], [ -99.209904342600424, 19.469378678674243 ], [ -99.208893523478807, 19.470053608406815 ], [ -99.20885494343861, 19.470079378649885 ], [ -99.208697743455346, 19.470031518992403 ], [ -99.208684913537581, 19.470027608315025 ], [ -99.208203803511793, 19.469881148562632 ], [ -99.208161864867137, 19.469868381249878 ], [ -99.208144340426799, 19.469863046260972 ], [ -99.208006896701434, 19.469821202784733 ], [ -99.207677953132645, 19.469721058841021 ], [ -99.207165943301504, 19.469565178605809 ], [ -99.206817263382831, 19.4712121387076 ], [ -99.206488633612281, 19.471353568290429 ], [ -99.205277714170123, 19.472021408457181 ], [ -99.20495949400383, 19.472189317731686 ], [ -99.204331954229829, 19.472399778105626 ], [ -99.20343646408152, 19.472688707891368 ], [ -99.202319185117929, 19.473011707990153 ], [ -99.201439324804426, 19.473233678240888 ], [ -99.201007315602325, 19.473356657904155 ], [ -99.200835750705807, 19.473349417339843 ], [ -99.200667973880485, 19.473342337337261 ], [ -99.200296433875806, 19.473238313527649 ], [ -99.200086154364357, 19.47317943904573 ], [ -99.199757143982467, 19.47307985900596 ], [ -99.199081014456098, 19.472872949317765 ], [ -99.198361154874632, 19.47263930922735 ], [ -99.198283425169237, 19.47261502752713 ], [ -99.198247731676602, 19.472603878386252 ], [ -99.197943294480751, 19.472508777929484 ], [ -99.19782060165582, 19.472471899015847 ], [ -99.197737024698398, 19.472446778249864 ], [ -99.197452606171126, 19.472361287685612 ], [ -99.19707551587021, 19.472248878376107 ], [ -99.19665067595146, 19.472123317976642 ], [ -99.196124786248575, 19.471969598388284 ], [ -99.195617186793456, 19.471825777783579 ], [ -99.195278540710021, 19.471724593782735 ], [ -99.195224549926323, 19.471708461928529 ], [ -99.195139696440521, 19.471683108525106 ], [ -99.194985416762051, 19.47164022484338 ], [ -99.194919025089746, 19.471621770346356 ], [ -99.19460811672279, 19.47153534799665 ], [ -99.194126016474698, 19.471401378556337 ], [ -99.193507168414172, 19.471256659843721 ], [ -99.19333795709305, 19.471217088679339 ], [ -99.193002539282531, 19.471138660392192 ], [ -99.192715061417573, 19.471071441549629 ], [ -99.192687988915367, 19.471065110964705 ], [ -99.192562451842093, 19.471035757346037 ], [ -99.19248755867055, 19.471018244983135 ], [ -99.191402817365855, 19.470764598638784 ], [ -99.190948157505915, 19.470626538789041 ], [ -99.190576425574832, 19.470502666675635 ], [ -99.190436543257263, 19.470456053973802 ], [ -99.190437564562799, 19.470437001506287 ] ] ] } },
{ "type": "Feature", "properties": { "CVEGEO": "09017", "alcaldia": "Venustiano Carranza" }, "geometry": { "type": "Polygon", "coordinates": [ [ [ -99.10945337765186, 19.452915001995834 ], [ -99.108938207794608, 19.452730691856413 ], [ -99.1088836074005, 19.452875612583444 ], [ -99.108704628103837, 19.452810292463095 ], [ -99.108534896088443, 19.452747881237823 ], [ -99.108559972529434, 19.452660089212159 ], [ -99.108559999399517, 19.452659993667318 ], [ -99.108585338925224, 19.452571284152114 ], [ -99.108585300996367, 19.452571270739714 ], [ -99.108109628069414, 19.452397952537105 ], [ -99.107916797752836, 19.452328112768132 ], [ -99.107687738176509, 19.452245142730913 ], [ -99.107279037825833, 19.452097092551597 ], [ -99.107107597419912, 19.452034987790718 ], [ -99.106855167875409, 19.451943542046028 ], [ -99.106730307015724, 19.451898310269499 ], [ -99.106643578329681, 19.451866892128987 ], [ -99.106439658836294, 19.451793012215727 ], [ -99.106022548289545, 19.451641912302119 ], [ -99.105568628628021, 19.451477462998518 ], [ -99.105375208921402, 19.451406752353073 ], [ -99.104741068311114, 19.45117489274622 ], [ -99.104308228482282, 19.451016632291349 ], [ -99.104111778698623, 19.450944802637174 ], [ -99.103885089269411, 19.450861913059803 ], [ -99.103486149492156, 19.450716042416119 ], [ -99.103131870923377, 19.450586981342891 ], [ -99.103015569598071, 19.450544612868779 ], [ -99.10253665895705, 19.450370153125657 ], [ -99.102194609030391, 19.450245552640446 ], [ -99.101954419557373, 19.450157712663248 ], [ -99.101947321252538, 19.450155119843036 ], [ -99.101947291861549, 19.45015510931124 ], [ -99.101855769465331, 19.450121722497244 ], [ -99.101435739143824, 19.449968322944233 ], [ -99.101388069711163, 19.449950982920516 ], [ -99.101358610067237, 19.449939462849279 ], [ -99.101329829318544, 19.449932352734091 ], [ -99.10106549994056, 19.449872293319057 ], [ -99.100786569475588, 19.449834152913628 ], [ -99.10054902996589, 19.449824603032145 ], [ -99.10045353982585, 19.44982464286177 ], [ -99.100250119406539, 19.449835602948905 ], [ -99.099780720412269, 19.449916802803699 ], [ -99.099691519846573, 19.449940512573011 ], [ -99.099359788240236, 19.450062986858107 ], [ -99.098973460662478, 19.450205612707979 ], [ -99.098839209859733, 19.450255172635849 ], [ -99.098428000530888, 19.450409973098193 ], [ -99.097962570898446, 19.450585152728145 ], [ -99.097850300738742, 19.450627412824716 ], [ -99.097445541001036, 19.450779772670447 ], [ -99.096956100889585, 19.450964002662349 ], [ -99.096532470920877, 19.451123442340176 ], [ -99.095941500951142, 19.451345982267199 ], [ -99.095912441361961, 19.451356942927589 ], [ -99.095366070945801, 19.451564522192445 ], [ -99.095261431264362, 19.451604282717653 ], [ -99.094891971141436, 19.451717602091353 ], [ -99.094730030808165, 19.451753812516237 ], [ -99.094517371423578, 19.451783742100552 ], [ -99.094211831558738, 19.451792232124713 ], [ -99.093927691433166, 19.45177286260542 ], [ -99.093772173394086, 19.45175068294245 ], [ -99.093718921381623, 19.451743082795112 ], [ -99.093443231547525, 19.451676092789864 ], [ -99.093212121449014, 19.45159729238776 ], [ -99.092976871248538, 19.451473382178893 ], [ -99.092890891764739, 19.451408492191955 ], [ -99.092645781790225, 19.451223583024767 ], [ -99.092480641396008, 19.451076123043222 ], [ -99.092124702055528, 19.450758462376879 ], [ -99.091918101572134, 19.450574112522183 ], [ -99.091762701935949, 19.450429802533947 ], [ -99.091543752478387, 19.450226523072789 ], [ -99.091448040198898, 19.450137656045687 ], [ -99.091276951637539, 19.449978802600988 ], [ -99.091146501801106, 19.449857682734724 ], [ -99.09079367253932, 19.449530062708483 ], [ -99.090622602171976, 19.449371233419352 ], [ -99.090414352402718, 19.449177892960652 ], [ -99.090056501951324, 19.448845612875424 ], [ -99.089745662850092, 19.448557003065595 ], [ -99.089681172722948, 19.448497123219617 ], [ -99.089397172414976, 19.448233412927813 ], [ -99.088990122184256, 19.447855463524913 ], [ -99.088850202621572, 19.44772554326741 ], [ -99.088638462818466, 19.447536063652475 ], [ -99.08846557797952, 19.447369983788327 ], [ -99.088215952905003, 19.447130183344154 ], [ -99.087927153028232, 19.446853263444687 ], [ -99.087735769510118, 19.446641616517315 ], [ -99.087524143284185, 19.44640758383354 ], [ -99.08729380326362, 19.446055143698434 ], [ -99.087148663084591, 19.445763923851352 ], [ -99.08686257301737, 19.44596675418958 ], [ -99.085307353813263, 19.447069293711021 ], [ -99.085298360488821, 19.447075401266556 ], [ -99.084195634045201, 19.447824203271836 ], [ -99.083863893473719, 19.448063183167903 ], [ -99.082998463065422, 19.448686481460893 ], [ -99.082734844293057, 19.448876342832957 ], [ -99.081896926799843, 19.449484176355277 ], [ -99.08152181449752, 19.449756283061802 ], [ -99.081145524265352, 19.450007972733658 ], [ -99.080869074939102, 19.450154382387467 ], [ -99.080583404518507, 19.450132112656195 ], [ -99.080302784397261, 19.450068213226135 ], [ -99.079313505240748, 19.449792493096389 ], [ -99.07906504466925, 19.449769042673505 ], [ -99.078688244845893, 19.449743752520153 ], [ -99.078090495683455, 19.449744153218514 ], [ -99.076970005758625, 19.449360952718621 ], [ -99.075737515679307, 19.448939427648337 ], [ -99.07544412562568, 19.448839083382957 ], [ -99.07529426617576, 19.448790913267501 ], [ -99.074489906440306, 19.448518033162777 ], [ -99.07094490943895, 19.447289858245664 ], [ -99.070434601020551, 19.447113052357587 ], [ -99.069836957330168, 19.446905983552728 ], [ -99.069234725050208, 19.446697321841949 ], [ -99.068588007303902, 19.446473244039552 ], [ -99.06850126767867, 19.446457243825567 ], [ -99.068370077809433, 19.446437233359028 ], [ -99.068207177571296, 19.446423283862682 ], [ -99.068080187770235, 19.44643361397431 ], [ -99.067794758121124, 19.446499883462373 ], [ -99.067376018000942, 19.44663935387738 ], [ -99.067220547821591, 19.446527844022604 ], [ -99.065241278193156, 19.445831043410028 ], [ -99.064647038336858, 19.44562183351221 ], [ -99.064017507990798, 19.445400204053751 ], [ -99.06342580845309, 19.445191864281217 ], [ -99.062799129180945, 19.444971233967916 ], [ -99.062615178868896, 19.444906464057222 ], [ -99.062277497840654, 19.444787584303256 ], [ -99.062192550257237, 19.444818645911475 ], [ -99.061311701786764, 19.44514072216278 ], [ -99.060402698199198, 19.445473091544805 ], [ -99.059473099959831, 19.445812943658929 ], [ -99.058588788470232, 19.446136309299838 ], [ -99.057991099831071, 19.44635484244229 ], [ -99.057982379525072, 19.446358032068098 ], [ -99.057336909639631, 19.446594013562844 ], [ -99.057041546951794, 19.446706795779967 ], [ -99.056202765465386, 19.447027074216919 ], [ -99.056040469332999, 19.447089044292138 ], [ -99.055828135236609, 19.447169600342068 ], [ -99.055497510394474, 19.447295033303234 ], [ -99.05537899463954, 19.447340471507694 ], [ -99.054659701520706, 19.447616243191369 ], [ -99.053891301699451, 19.447906482921226 ], [ -99.053294621093158, 19.44812772293028 ], [ -99.052556650795438, 19.448419213557926 ], [ -99.052250422070401, 19.448739663106075 ], [ -99.0520403115422, 19.448962572637384 ], [ -99.051945871500394, 19.449058343341051 ], [ -99.051513792178241, 19.449508783047019 ], [ -99.051130652178614, 19.449909683727576 ], [ -99.051087787702713, 19.449952310758995 ], [ -99.050860953460642, 19.450178238559616 ], [ -99.05086092217104, 19.450178183576025 ], [ -99.050827089245331, 19.450116691751361 ], [ -99.050825242054927, 19.45011332264006 ], [ -99.05081409721214, 19.450093001647037 ], [ -99.050738895664281, 19.449955878035055 ], [ -99.050726956833458, 19.449934108815846 ], [ -99.050685466428575, 19.449858454713816 ], [ -99.049935916875597, 19.448491694197134 ], [ -99.049798611135714, 19.448241323574411 ], [ -99.049743111202915, 19.448140153238892 ], [ -99.049346030009744, 19.447416080195818 ], [ -99.048888672783335, 19.446582083980761 ], [ -99.048808131408094, 19.446435213487259 ], [ -99.048714902952369, 19.446265213331245 ], [ -99.047920812806453, 19.444817184027357 ], [ -99.047887332365121, 19.444756123758292 ], [ -99.047826445405775, 19.444645095176323 ], [ -99.04748341176807, 19.444019553848388 ], [ -99.047394151759534, 19.443856785337164 ], [ -99.047378303020082, 19.443827885645554 ], [ -99.047133112395187, 19.443127984577455 ], [ -99.046451399306576, 19.442361626524416 ], [ -99.046644319353931, 19.442060670210559 ], [ -99.046644383623729, 19.442060569970508 ], [ -99.046862932241694, 19.441720003474067 ], [ -99.047195378846027, 19.441201945568135 ], [ -99.047246072632561, 19.44112294819179 ], [ -99.047770951483386, 19.440305005268979 ], [ -99.048201412450155, 19.439634174913515 ], [ -99.048443681204233, 19.439128235104697 ], [ -99.049921923721726, 19.43604116083975 ], [ -99.050554381896319, 19.434720326320345 ], [ -99.050946356028973, 19.433798140582677 ], [ -99.051285949010989, 19.432999181507526 ], [ -99.05232450208031, 19.430555727194083 ], [ -99.052426420356383, 19.430329917010663 ], [ -99.052594350709498, 19.429957887507076 ], [ -99.053990471311735, 19.426825267925324 ], [ -99.05404994979601, 19.426698467862504 ], [ -99.054229253773528, 19.426316171603979 ], [ -99.054386150442269, 19.425981648192053 ], [ -99.054391870098058, 19.425969468034026 ], [ -99.054675361152249, 19.42536501862909 ], [ -99.054722960564135, 19.425263558030892 ], [ -99.054812477549191, 19.425072696295604 ], [ -99.054926711518149, 19.424829128949931 ], [ -99.055188761218815, 19.424270438528929 ], [ -99.055287780791673, 19.42391258841889 ], [ -99.055292479935574, 19.423895609118127 ], [ -99.055614219743291, 19.422732979448945 ], [ -99.055778821250826, 19.422138158844287 ], [ -99.055902120189884, 19.42218263408413 ], [ -99.056037650852033, 19.422231520475755 ], [ -99.056113275012748, 19.422107897463526 ], [ -99.056132310976622, 19.422076779924087 ], [ -99.056199209017905, 19.421947848836709 ], [ -99.056278130032823, 19.421832038829784 ], [ -99.056380280114979, 19.421711408982006 ], [ -99.056550819631738, 19.421561788915369 ], [ -99.056702678993403, 19.421440960671337 ], [ -99.056817979771907, 19.421356929410241 ], [ -99.056915609698947, 19.421301010149634 ], [ -99.057018808584985, 19.421239809250867 ], [ -99.057118948871064, 19.421183119554012 ], [ -99.057255709469956, 19.421128219336801 ], [ -99.05739761879893, 19.421070639052108 ], [ -99.057568129820666, 19.421009689837121 ], [ -99.057744418432833, 19.420943390398747 ], [ -99.05785437836181, 19.420903420282578 ], [ -99.05791448066924, 19.42088378954265 ], [ -99.059853209792308, 19.420840639493822 ], [ -99.061653648222105, 19.420825920103457 ], [ -99.063669638904642, 19.420809409728584 ], [ -99.064778408827635, 19.420822900825989 ], [ -99.065722447708822, 19.420816249200225 ], [ -99.067870837716555, 19.420801129428938 ], [ -99.067944877577347, 19.420800249524749 ], [ -99.068227925402667, 19.42077459079205 ], [ -99.068434278193166, 19.420730920578197 ], [ -99.068735616394036, 19.420632609582324 ], [ -99.06901320796743, 19.420521250576385 ], [ -99.069284906250644, 19.420372409287754 ], [ -99.069487786736588, 19.420249871059802 ], [ -99.069752046384664, 19.420051670685766 ], [ -99.069912976808354, 19.419871389309417 ], [ -99.070302376995755, 19.419282219692796 ], [ -99.070609016643743, 19.418807410030283 ], [ -99.070691692593599, 19.418681029156904 ], [ -99.071330235585393, 19.417704920202851 ], [ -99.07140064349592, 19.417588444322426 ], [ -99.07142304588497, 19.417551380514123 ], [ -99.071445922985305, 19.417514448237149 ], [ -99.07197219712522, 19.416664820680683 ], [ -99.071972451412606, 19.416664410575219 ], [ -99.072205009726034, 19.416288959682991 ], [ -99.072257675619511, 19.416203931523359 ], [ -99.073141430855856, 19.414794556267367 ], [ -99.073191634496951, 19.414714492350619 ], [ -99.073224453119266, 19.414662064658792 ], [ -99.073250634939541, 19.414620242153404 ], [ -99.073269985368157, 19.414589502249871 ], [ -99.073315435512072, 19.414509920782983 ], [ -99.073385062966906, 19.414402220203641 ], [ -99.073398955642261, 19.414380730921373 ], [ -99.073472085095247, 19.414303676275377 ], [ -99.073504756980171, 19.414269250602942 ], [ -99.073769606588812, 19.413855180708097 ], [ -99.074010236698655, 19.413486272350859 ], [ -99.074431016669834, 19.412851991438124 ], [ -99.074749324880173, 19.412360042676696 ], [ -99.074995600687387, 19.411985631693991 ], [ -99.075094726515388, 19.411834931652557 ], [ -99.075282046461794, 19.411538921906892 ], [ -99.075450154576217, 19.411269122079258 ], [ -99.075635476445456, 19.410977531838952 ], [ -99.075890865785865, 19.410575721476768 ], [ -99.076108274579312, 19.410253651770848 ], [ -99.076317907936982, 19.409969728258964 ], [ -99.076337066141789, 19.409943781723786 ], [ -99.07661880214215, 19.409535000775705 ], [ -99.076676244784494, 19.409451652746988 ], [ -99.076702267584722, 19.409412956780674 ], [ -99.076729564067563, 19.409372365263422 ], [ -99.076808259790212, 19.409255344334962 ], [ -99.076861470424234, 19.409176216929129 ], [ -99.076893445039715, 19.409128672181826 ], [ -99.076914899263741, 19.409094887198378 ], [ -99.076938641881526, 19.409057496402323 ], [ -99.076999744452792, 19.408961273483094 ], [ -99.077107944656689, 19.408792873031455 ], [ -99.077219356390898, 19.408648081576988 ], [ -99.077300757277982, 19.408542292285389 ], [ -99.077304732347642, 19.408537126941567 ], [ -99.077117645468661, 19.408439902915468 ], [ -99.077084034456163, 19.40842216969757 ], [ -99.077544004272127, 19.407685253341747 ], [ -99.07797086522875, 19.407144652693784 ], [ -99.078084355155809, 19.407102485224968 ], [ -99.078114129057099, 19.407091424696784 ], [ -99.078232745352366, 19.407047352683431 ], [ -99.078513783418842, 19.406989223049184 ], [ -99.078970604203207, 19.407036153902848 ], [ -99.079065803808263, 19.406998303517522 ], [ -99.079451463248745, 19.406898182268488 ], [ -99.079718414816, 19.406865363966372 ], [ -99.079782403614146, 19.406866982791964 ], [ -99.079901143205603, 19.406867993922102 ], [ -99.080219275059676, 19.406882072987731 ], [ -99.080823573085041, 19.406955453097478 ], [ -99.080870473247472, 19.40696175795442 ], [ -99.081054923787761, 19.406986553020978 ], [ -99.081277044053152, 19.407016412295111 ], [ -99.081403407819906, 19.407033183728476 ], [ -99.081562478226672, 19.407054295600265 ], [ -99.081927664939286, 19.407102763656383 ], [ -99.082494492465472, 19.40717799254676 ], [ -99.083048234128952, 19.407257122445301 ], [ -99.083608041737875, 19.407337103175212 ], [ -99.083626938456831, 19.407339803932484 ], [ -99.083710738354242, 19.407351779424356 ], [ -99.084113043509731, 19.407409273458804 ], [ -99.08470137324116, 19.407490782708493 ], [ -99.085258972707891, 19.40756804331907 ], [ -99.085727638596879, 19.407634426513411 ], [ -99.085737734242812, 19.407635856297706 ], [ -99.08582158340046, 19.407647732793308 ], [ -99.08584847115084, 19.407651541555378 ], [ -99.086374323787325, 19.407726022862533 ], [ -99.086867233335951, 19.407795843949899 ], [ -99.087451701634038, 19.407878622762812 ], [ -99.088248901784155, 19.407993363659358 ], [ -99.088890443220677, 19.408087692776281 ], [ -99.089520702056632, 19.408180352012391 ], [ -99.09021459596913, 19.408282353095618 ], [ -99.090253172055398, 19.408288023560178 ], [ -99.09029922932254, 19.408294794963858 ], [ -99.090362730026413, 19.408304131359259 ], [ -99.090464786814678, 19.408319136847137 ], [ -99.091044010133061, 19.408404292732687 ], [ -99.091587272456962, 19.408484153731553 ], [ -99.091635581719771, 19.408491243540404 ], [ -99.092026367550901, 19.408548698672458 ], [ -99.092328520436439, 19.408593122270826 ], [ -99.092579906383705, 19.40863007411706 ], [ -99.092647269913513, 19.408639975912006 ], [ -99.093007341634035, 19.408692903055559 ], [ -99.093018324448607, 19.408694521589197 ], [ -99.093046630704109, 19.408698693447562 ], [ -99.093111992093398, 19.408707542518801 ], [ -99.093493032088006, 19.408759131950415 ], [ -99.093899341515709, 19.408814182185154 ], [ -99.094318410656498, 19.408870931953306 ], [ -99.094749659924446, 19.408929331947888 ], [ -99.095162870894569, 19.408985303439298 ], [ -99.095585441120377, 19.409042551939407 ], [ -99.09569906038675, 19.409057932851951 ], [ -99.096115629838195, 19.409113152528121 ], [ -99.096420230041261, 19.409143703395774 ], [ -99.096971680495344, 19.409160379909956 ], [ -99.097018410417519, 19.40916179311262 ], [ -99.097046243440431, 19.409162460931199 ], [ -99.097102207320361, 19.409163803179762 ], [ -99.097182018025904, 19.409165715796345 ], [ -99.097212300427685, 19.409166443315485 ], [ -99.097529501030664, 19.409160051908479 ], [ -99.097781998648912, 19.409148261664924 ], [ -99.097895384001887, 19.409142966651231 ], [ -99.097959068863645, 19.409139992132975 ], [ -99.097969533779292, 19.409139298684924 ], [ -99.098035749282374, 19.40913490201001 ], [ -99.098073949389885, 19.408921702862539 ], [ -99.098109995427421, 19.408918490282936 ], [ -99.098901399167374, 19.408847962620815 ], [ -99.099146264440208, 19.408803777503248 ], [ -99.099672640138252, 19.408708792001011 ], [ -99.101077229921614, 19.40842678296233 ], [ -99.101898429582505, 19.408261533770567 ], [ -99.102816487951017, 19.408070953674759 ], [ -99.103523139168274, 19.407925382093463 ], [ -99.10478491886937, 19.40765747319367 ], [ -99.105599608586516, 19.407483443711449 ], [ -99.106068577185496, 19.407386413443223 ], [ -99.107383548459183, 19.407114412678517 ], [ -99.110145537423719, 19.40654029299505 ], [ -99.112182036449639, 19.406136022552506 ], [ -99.112830774907863, 19.406007292588868 ], [ -99.113188005386405, 19.405936383777579 ], [ -99.113474285502804, 19.405862794228252 ], [ -99.113477324133072, 19.405861815609736 ], [ -99.11355585574411, 19.405836552773142 ], [ -99.113626716699287, 19.405807052965077 ], [ -99.113844195753003, 19.405775824134299 ], [ -99.114409196735409, 19.405647623284629 ], [ -99.114429736791905, 19.405642964489033 ], [ -99.114563795159626, 19.405612554070039 ], [ -99.114571191615411, 19.405611706657275 ], [ -99.115059495517031, 19.405555752972212 ], [ -99.115543374983645, 19.405545361382018 ], [ -99.116372323752088, 19.40554015624074 ], [ -99.116372826138743, 19.405540154046239 ], [ -99.116727752638653, 19.405537933827002 ], [ -99.116728255006166, 19.405537932537118 ], [ -99.117211642932972, 19.405534905139572 ], [ -99.117212145338868, 19.405534902036454 ], [ -99.118073913822386, 19.405523571716092 ], [ -99.118802055017795, 19.405513993338491 ], [ -99.119657803799171, 19.405370963133425 ], [ -99.120138434564112, 19.405288933271592 ], [ -99.120424064000758, 19.405243623279695 ], [ -99.121011894176021, 19.405150363274466 ], [ -99.12110954323451, 19.405138103556713 ], [ -99.121596601584386, 19.405047215084092 ], [ -99.121596970726699, 19.405047145996861 ], [ -99.121597464507559, 19.405047053910813 ], [ -99.121607706854519, 19.405045482868459 ], [ -99.121712464317667, 19.405029413614731 ], [ -99.122273653724974, 19.404946524419152 ], [ -99.123267143074571, 19.404764333408355 ], [ -99.123729226005494, 19.40467429753263 ], [ -99.123928374579592, 19.404635493292417 ], [ -99.125560220576489, 19.404350102209644 ], [ -99.125600605298501, 19.404343039240246 ], [ -99.125663592654377, 19.404332023026633 ], [ -99.125689926554401, 19.404327887027918 ], [ -99.125690773601008, 19.40432775362072 ], [ -99.125859573328128, 19.405190623317882 ], [ -99.126142132978842, 19.406675242909856 ], [ -99.126179883595412, 19.406823673017019 ], [ -99.126264114043906, 19.407168102618808 ], [ -99.126385262574317, 19.407739132531681 ], [ -99.126535513180258, 19.408258422904449 ], [ -99.126732792538476, 19.408819752041715 ], [ -99.127160283771971, 19.409008162495699 ], [ -99.127160663216813, 19.409118424980203 ], [ -99.12716066399453, 19.409118569075716 ], [ -99.127161173485362, 19.409266502550857 ], [ -99.127168282896164, 19.409370941279558 ], [ -99.127168326558703, 19.409371587301305 ], [ -99.127174537269269, 19.409462818771743 ], [ -99.127174540952453, 19.409462870493336 ], [ -99.127183342831387, 19.409592182212364 ], [ -99.127269362255547, 19.409956663522667 ], [ -99.127289592116171, 19.410042381970406 ], [ -99.127409893515164, 19.410480562201016 ], [ -99.127576598365877, 19.411025263935592 ], [ -99.127576677900933, 19.411025522799456 ], [ -99.127582863114071, 19.411045731952079 ], [ -99.127594003553256, 19.411089989884324 ], [ -99.127683822646375, 19.411446811396317 ], [ -99.127749452736069, 19.41181099173955 ], [ -99.127839603240034, 19.412276981634658 ], [ -99.127848621203256, 19.412319951473602 ], [ -99.12799548317507, 19.413019691527516 ], [ -99.128015162434195, 19.413073668268915 ], [ -99.128124444583563, 19.413373384319929 ], [ -99.128146891990497, 19.413434951204078 ], [ -99.128191988374255, 19.413757044423427 ], [ -99.128071542832146, 19.414552440905865 ], [ -99.127892943357011, 19.4155377807954 ], [ -99.127821482225443, 19.41595499035671 ], [ -99.127764577727987, 19.416343402986733 ], [ -99.12761009284975, 19.417397870199288 ], [ -99.127401593130756, 19.418675359858852 ], [ -99.127364942469598, 19.418984920478824 ], [ -99.127131602981478, 19.42037513000291 ], [ -99.127000003019404, 19.420747529640185 ], [ -99.126575062724044, 19.421696529620103 ], [ -99.126213202779212, 19.422483179378734 ], [ -99.126071682967691, 19.422758319432841 ], [ -99.125998462968269, 19.422869728762855 ], [ -99.125886603919909, 19.423498359193715 ], [ -99.125758823346914, 19.424359468599043 ], [ -99.125620684121955, 19.425342158496132 ], [ -99.125611562399797, 19.425395548707616 ], [ -99.125583143919044, 19.425549648730833 ], [ -99.125531173160667, 19.425846418334366 ], [ -99.125481372884536, 19.426434518175057 ], [ -99.12546602351388, 19.426535548730367 ], [ -99.125422293684096, 19.426773488069305 ], [ -99.125263293323258, 19.427629838138362 ], [ -99.125174914270659, 19.428316037829251 ], [ -99.125110454285903, 19.42869598805018 ], [ -99.125028934148773, 19.429161647478651 ], [ -99.124936282596806, 19.429780577573347 ], [ -99.12490560332671, 19.429982727641466 ], [ -99.124774144253365, 19.430824867792204 ], [ -99.124725173148093, 19.431256487354108 ], [ -99.124622253038211, 19.431982716784599 ], [ -99.124511374118086, 19.432803526898386 ], [ -99.124326962834417, 19.433921386401497 ], [ -99.124175634210204, 19.434709496106798 ], [ -99.124062665779562, 19.435572840885154 ], [ -99.124062054081421, 19.435577511558453 ], [ -99.124062048464609, 19.435577551324162 ], [ -99.124061193897759, 19.43558408595155 ], [ -99.12393185419694, 19.436415846290576 ], [ -99.123757233486543, 19.437492215530028 ], [ -99.123593624052276, 19.43863594565611 ], [ -99.123437204546562, 19.439552555400919 ], [ -99.123357688221731, 19.440123454170745 ], [ -99.123348713262715, 19.440187885474476 ], [ -99.123260163402648, 19.440850294845443 ], [ -99.123154514737152, 19.441577865007904 ], [ -99.123071169493471, 19.442492312223255 ], [ -99.123071175583902, 19.442492340431432 ], [ -99.123106992887372, 19.442656754760652 ], [ -99.123777162696726, 19.443571324440697 ], [ -99.123846483802183, 19.443713834419178 ], [ -99.123962959834543, 19.443951506666771 ], [ -99.124048872013987, 19.444126812419906 ], [ -99.124186864283686, 19.444408384486081 ], [ -99.124474573964235, 19.444974463779598 ], [ -99.125374233435565, 19.446644833998402 ], [ -99.125580913080896, 19.44694683256872 ], [ -99.125700003925644, 19.447120843977771 ], [ -99.125822140535959, 19.447336952171685 ], [ -99.125858893940801, 19.447401983494295 ], [ -99.125922373458167, 19.447615668780916 ], [ -99.125921510117564, 19.447791541780468 ], [ -99.125881343641893, 19.448184013350883 ], [ -99.12567816355967, 19.449212713158076 ], [ -99.125544893731941, 19.449832352545776 ], [ -99.12547360348907, 19.450201373081974 ], [ -99.125204974171538, 19.45108332260315 ], [ -99.125060363510102, 19.451392012831192 ], [ -99.125016823519886, 19.451480352374208 ], [ -99.125008464076615, 19.451497312635421 ], [ -99.12477468415895, 19.452006112140364 ], [ -99.12441505422963, 19.453332751883341 ], [ -99.124270393697316, 19.454094861709542 ], [ -99.124158034242654, 19.454542381518834 ], [ -99.124098544266147, 19.454792151666691 ], [ -99.123773343892992, 19.456026831211041 ], [ -99.123682374651153, 19.456426474521582 ], [ -99.123682343089854, 19.456426611666021 ], [ -99.123576083885567, 19.45702574153955 ], [ -99.123351833862216, 19.458025751378266 ], [ -99.123323894124141, 19.458151400655499 ], [ -99.12317223399701, 19.458508890676658 ], [ -99.122832254651854, 19.458999441132097 ], [ -99.122233966462275, 19.459778972415037 ], [ -99.122233870187699, 19.459779097453239 ], [ -99.122169464760333, 19.459748980281784 ], [ -99.12209328410259, 19.45971272040855 ], [ -99.121986624640925, 19.459668770990799 ], [ -99.121814570253974, 19.459612309505204 ], [ -99.121580454442565, 19.459535480647169 ], [ -99.121108144744056, 19.459380480921055 ], [ -99.120315883315328, 19.459120484512706 ], [ -99.120253344671298, 19.45909997086364 ], [ -99.119805775224336, 19.458953080491153 ], [ -99.119379344713138, 19.458813140829946 ], [ -99.118970924366565, 19.458679101936333 ], [ -99.118961995262012, 19.458676170526303 ], [ -99.118488425601399, 19.458517601666809 ], [ -99.118443695186272, 19.458502041163424 ], [ -99.117997745080189, 19.458347081071576 ], [ -99.117680175169824, 19.458236721020217 ], [ -99.117503174298434, 19.458172781002215 ], [ -99.117456575583759, 19.458154910883046 ], [ -99.117341315365408, 19.458104521375819 ], [ -99.117261335858302, 19.458064091454052 ], [ -99.117141165238522, 19.457996881176388 ], [ -99.117045825986352, 19.457935721201657 ], [ -99.116954086238977, 19.457869941036645 ], [ -99.116897035481244, 19.45782540077581 ], [ -99.116727495391743, 19.457693031296557 ], [ -99.116270776105438, 19.457336401173087 ], [ -99.116161455696357, 19.457251041663742 ], [ -99.116013157079152, 19.457135253530822 ], [ -99.115826496159073, 19.456989511495166 ], [ -99.115455236319988, 19.45669960125684 ], [ -99.114963116291719, 19.45631532114615 ], [ -99.114707266258094, 19.456115541862523 ], [ -99.114382515826421, 19.455847832855806 ], [ -99.113983745297901, 19.455483861901268 ], [ -99.113872406707188, 19.455394291920456 ], [ -99.113489626648388, 19.455103311775765 ], [ -99.11341809689975, 19.455045481480362 ], [ -99.113023826496629, 19.454726691992548 ], [ -99.112686716407921, 19.454454121901957 ], [ -99.112623486485091, 19.454403001716276 ], [ -99.112290997258611, 19.454136771953429 ], [ -99.112169407294104, 19.454046782064736 ], [ -99.112016917140593, 19.453933942422093 ], [ -99.111853197421794, 19.453826841936024 ], [ -99.111767456763758, 19.453778341681321 ], [ -99.111607547334515, 19.453703232448596 ], [ -99.111421667197533, 19.453617481743393 ], [ -99.111354036734014, 19.453592142168258 ], [ -99.11120620724131, 19.45353948192011 ], [ -99.110850286262689, 19.453412678398337 ], [ -99.110720487002979, 19.453366432082859 ], [ -99.110481354099903, 19.453281237461809 ], [ -99.110417287529131, 19.453258412369554 ], [ -99.110264607693495, 19.45320403184132 ], [ -99.110130517675756, 19.453156242186271 ], [ -99.109860747812334, 19.45306014186551 ], [ -99.109780584229341, 19.453031583258809 ], [ -99.109659407353064, 19.452988412550472 ], [ -99.10945337765186, 19.452915001995834 ] ] ] } }
]
}
