cve_colonia,colonia,alcaldia_col,pueblo_originario,nombre_pueblo,etnia,lengua,POBTOT,POBFEM,POBMAS,PHOG_IND,P3YM_HLI,P3YM_HLI_F,P3YM_HLI_M,P3HLINHE,P3HLINHE_F,P3HLINHE_M,P3HLI_HE,P3HLI_HE_F,P3HLI_HE_M,PNACOE,PNACOE_F,PNACOE_M,PRESOE15,PRESOE15_F,PRESOE15_M,VPH_INTER,den_VPH_INTER,VPH_PC,den_VPH_PC,VPH_CEL,den_VPH_CEL,VPH_RADIO,den_VPH_RADIO,VPH_STVP,den_VPH_STVP,VPH_SPMVPI,den_VPH_SPMVPI,VPH_SINTIC,den_VPH_SINTIC,PSINDER,den_PSINDER,manzanas,manzanas_sin_dato,GRAPROES,tasa_phog_ind,tasa_p3ym_hli,tasa_p3ym_hli_f,tasa_p3ym_hli_m,tasa_p3hlinhe,tasa_p3hlinhe_f,tasa_p3hlinhe_m,tasa_p3hli_he,tasa_p3hli_he_f,tasa_p3hli_he_m,tasa_pnacoe,tasa_pnacoe_f,tasa_pnacoe_m,tasa_presoe15,tasa_presoe15_f,tasa_presoe15_m,tasa_vph_inter,tasa_vph_pc,tasa_vph_cel,tasa_vph_radio,tasa_vph_stvp,tasa_vph_spmvpi,tasa_vph_sintic,tasa_psinder
10-001,ABRAHAM GONZALEZ,ALVARO OBREGON,False,,,,630,315,315,0,0,0,0,0,0,0,0,0,0,65,34,28,0,0,0,129,194,45,175,171,194,101,194,109,194,28,175,0,138,153,494,3,0,9.3,0.0,0.0,0.0,0.0,0.0,0.0,0.0,0.0,0.0,0.0,10.32,10.79,8.89,0.0,0.0,0.0,66.49,25.71,88.14,52.06,56.19,16.0,0.0,30.97
10-002,ACUEDUCTO,ALVARO OBREGON,False,,,,3039,1605,1415,76,30,7,10,0,0,0,30,7,10,444,257,188,80,34,38,609,846,415,846,761,846,628,846,558,846,211,846,3,504,733,2877,11,2,10.48,2.5,0.99,0.44,0.71,0.0,0.0,0.0,0.99,0.44,0.71,14.61,16.01,13.29,2.63,2.12,2.69,71.99,49.05,89.95,74.23,65.96,24.94,0.6,25.48
10-003,ACUILOTLA,ALVARO OBREGON,False,,,,1923,1010,913,10,0,0,0,0,0,0,0,0,0,236,137,87,3,0,0,233,344,149,340,316,344,275,344,161,326,55,281,0,330,759,1904,19,0,9.17,0.52,0.0,0.0,0.0,0.0,0.0,0.0,0.0,0.0,0.0,12.27,13.56,9.53,0.16,0.0,0.0,67.73,43.82,91.86,79.94,49.39,19.57,0.0,39.86
10-004,HACIENDA DE GUADALUPE CHIMALISTAC,ALVARO OBREGON,False,,,,1251,686,564,7,7,0,0,0,0,0,7,0,0,297,176,119,66,39,25,425,445,412,445,436,445,327,445,331,445,335,445,0,445,257,1244,10,2,15.0,0.56,0.56,0.0,0.0,0.0,0.0,0.0,0.56,0.0,0.0,23.74,25.66,21.1,5.28,5.69,4.43,95.51,92.58,97.98,73.48,74.38,75.28,0.0,20.66
10-005,AGUILAS 3ER PARQUE,ALVARO OBREGON,False,,,,3824,2021,1803,32,3,3,0,0,0,0,3,3,0,542,320,214,22,8,0,621,892,468,892,830,892,731,892,418,891,240,845,0,661,1147,3797,15,0,9.89,0.84,0.08,0.15,0.0,0.0,0.0,0.0,0.08,0.15,0.0,14.17,15.83,11.87,0.58,0.4,0.0,69.62,52.47,93.05,81.95,46.91,28.4,0.0,30.21
10-006,AGUILAS PILARES,ALVARO OBREGON,False,,,,2003,1071,927,18,11,10,0,0,0,0,11,10,0,301,182,120,40,19,13,598,668,545,668,645,668,537,668,510,668,382,668,0,668,485,1991,14,2,13.58,0.9,0.55,0.93,0.0,0.0,0.0,0.0,0.55,0.93,0.0,15.03,16.99,12.94,2.0,1.77,1.4,89.52,81.59,96.56,80.39,76.35,57.19,0.0,24.36
10-007,ALCANTARILLA,ALVARO OBREGON,False,,,,842,459,383,8,5,4,0,0,0,0,5,4,0,134,84,50,17,10,7,224,267,210,267,255,267,239,267,193,267,146,267,0,267,198,522,1,0,13.06,0.95,0.59,0.87,0.0,0.0,0.0,0.0,0.59,0.87,0.0,15.91,18.3,13.05,2.02,2.18,1.83,83.9,78.65,95.51,89.51,72.28,54.68,0.0,37.93
10-008,ALFALFAR,ALVARO OBREGON,False,,,,1903,1021,882,58,17,4,9,0,0,0,17,4,9,271,162,106,34,15,17,370,519,285,519,468,519,399,519,231,519,147,513,0,485,462,1903,11,4,10.75,3.05,0.89,0.39,1.02,0.0,0.0,0.0,0.89,0.39,1.02,14.24,15.87,12.02,1.79,1.47,1.93,71.29,54.91,90.17,76.88,44.51,28.65,0.0,24.28
10-009,ALFONSO XIII,ALVARO OBREGON,False,,,,9653,5191,4460,108,27,13,6,0,0,0,27,13,6,1388,779,594,324,141,149,2743,3335,2330,3335,3115,3335,2689,3335,2044,3335,1431,3328,0,3229,2121,9621,56,11,12.69,1.12,0.28,0.25,0.13,0.0,0.0,0.0,0.28,0.25,0.13,14.38,15.01,13.32,3.36,2.72,3.34,82.25,69.87,93.4,80.63,61.29,43.0,0.0,22.05
10-010,ALPES,ALVARO OBREGON,False,,,,4196,2247,1949,42,32,21,8,0,0,0,30,19,8,695,408,283,170,86,74,1490,1591,1408,1591,1559,1591,1306,1591,1226,1591,1154,1591,0,1202,589,4092,22,2,14.64,1.0,0.76,0.93,0.41,0.0,0.0,0.0,0.71,0.85,0.41,16.56,18.16,14.52,4.05,3.83,3.8,93.65,88.5,97.99,82.09,77.06,72.53,0.0,14.39
10-011,ALPES (AMPL),ALVARO OBREGON,False,,,,2641,1417,1208,12,0,0,0,0,0,0,0,0,0,361,217,102,17,9,3,860,914,789,914,873,914,752,914,757,914,631,907,0,645,513,2428,43,5,14.46,0.45,0.0,0.0,0.0,0.0,0.0,0.0,0.0,0.0,0.0,13.67,15.31,8.44,0.64,0.64,0.25,94.09,86.32,95.51,82.28,82.82,69.57,0.0,21.13
10-013,LA MEXICANA (AMPL),ALVARO OBREGON,False,,,,1490,766,723,35,16,3,8,0,0,0,16,3,8,300,170,130,47,21,23,324,448,241,448,413,448,351,448,261,448,135,448,0,448,416,1441,6,1,10.65,2.35,1.07,0.39,1.11,0.0,0.0,0.0,1.07,0.39,1.11,20.13,22.19,17.98,3.15,2.74,3.18,72.32,53.79,92.19,78.35,58.26,30.13,0.0,28.87
10-014,JALALPA (AMPL),ALVARO OBREGON,False,,,,1558,831,728,54,19,0,3,0,0,0,19,0,3,296,155,140,17,10,6,278,446,197,446,390,446,339,446,131,446,89,432,0,361,477,1548,9,1,9.32,3.47,1.22,0.0,0.41,0.0,0.0,0.0,1.22,0.0,0.41,19.0,18.65,19.23,1.09,1.2,0.82,62.33,44.17,87.44,76.01,29.37,20.6,0.0,30.81
10-015,ARBOLEDAS POLITOCO,ALVARO OBREGON,False,,,,459,232,228,24,0,0,0,0,0,0,0,0,0,93,52,41,3,0,2,67,118,45,118,106,118,76,118,44,118,19,74,0,45,181,395,5,1,9.8,5.23,0.0,0.0,0.0,0.0,0.0,0.0,0.0,0.0,0.0,20.26,22.41,17.98,0.65,0.0,0.88,56.78,38.14,89.83,64.41,37.29,25.68,0.0,45.82
10-016,ARCOS DE CENTENARIO,ALVARO OBREGON,False,,,,218,109,109,0,0,0,0,0,0,0,0,0,0,26,12,14,3,0,0,44,54,37,54,52,54,49,54,33,54,21,54,0,54,63,217,2,0,12.34,0.0,0.0,0.0,0.0,0.0,0.0,0.0,0.0,0.0,0.0,11.93,11.01,12.84,1.38,0.0,0.0,81.48,68.52,96.3,90.74,61.11,38.89,0.0,29.03
10-017,ARTURO GAMIZ,ALVARO OBREGON,False,,,,278,146,132,8,0,0,0,0,0,0,0,0,0,40,27,12,4,0,0,41,57,30,57,54,57,43,57,38,57,14,57,0,57,83,250,3,0,9.77,2.88,0.0,0.0,0.0,0.0,0.0,0.0,0.0,0.0,0.0,14.39,18.49,9.09,1.44,0.0,0.0,71.93,52.63,94.74,75.44,66.67,24.56,0.0,33.2
10-018,ARTURO MARTINEZ,ALVARO OBREGON,False,,,,1679,905,774,19,0,0,0,0,0,0,0,0,0,122,69,49,11,6,1,332,499,222,499,446,499,371,499,186,483,103,483,0,243,446,1571,10,1,10.17,1.13,0.0,0.0,0.0,0.0,0.0,0.0,0.0,0.0,0.0,7.27,7.62,6.33,0.66,0.66,0.13,66.53,44.49,89.38,74.35,38.51,21.33,0.0,28.39
10-019,ARVIDE,ALVARO OBREGON,False,,,,737,376,361,4,0,0,0,0,0,0,0,0,0,113,56,52,0,0,0,92,165,53,165,141,165,114,165,78,165,31,147,0,61,207,697,9,1,9.1,0.54,0.0,0.0,0.0,0.0,0.0,0.0,0.0,0.0,0.0,15.33,14.89,14.4,0.0,0.0,0.0,55.76,32.12,85.45,69.09,47.27,21.09,0.0,29.7
10-020,ATLAMAXAC,ALVARO OBREGON,False,,,,639,331,309,76,23,13,5,0,0,0,22,12,5,162,82,77,22,9,10,100,147,69,141,150,154,116,154,58,147,18,103,0,153,170,595,9,0,9.52,11.89,3.6,3.93,1.62,0.0,0.0,0.0,3.44,3.63,1.62,25.35,24.77,24.92,3.44,2.72,3.24,68.03,48.94,97.4,75.32,39.46,17.48,0.0,28.57
10-021,ATLAMAYA,ALVARO OBREGON,False,,,,1327,731,596,7,8,5,3,0,0,0,8,5,3,241,156,80,73,51,19,436,457,409,457,446,457,404,457,396,457,343,457,0,457,223,1266,7,0,14.12,0.53,0.6,0.68,0.5,0.0,0.0,0.0,0.6,0.68,0.5,18.16,21.34,13.42,5.5,6.98,3.19,95.4,89.5,97.59,88.4,86.65,75.05,0.0,17.61
10-022,AVE REAL,ALVARO OBREGON,False,,,,1369,691,673,19,7,4,3,0,0,0,7,4,3,216,122,91,30,16,10,240,363,171,363,319,363,287,363,143,363,60,335,0,182,359,1343,10,2,10.59,1.39,0.51,0.58,0.45,0.0,0.0,0.0,0.51,0.58,0.45,15.78,17.66,13.52,2.19,2.32,1.49,66.12,47.11,87.88,79.06,39.39,17.91,0.0,26.73
10-023,AVE REAL (AMPL),ALVARO OBREGON,False,,,,327,160,167,14,0,0,0,0,0,0,0,0,0,54,21,27,0,0,0,57,77,43,77,68,77,71,77,37,77,9,63,0,77,48,306,5,0,10.41,4.28,0.0,0.0,0.0,0.0,0.0,0.0,0.0,0.0,0.0,16.51,13.12,16.17,0.0,0.0,0.0,74.03,55.84,88.31,92.21,48.05,14.29,0.0,15.69
10-024,AXOTLA,ALVARO OBREGON,False,,,,2352,1265,1087,21,7,3,3,0,0,0,7,3,3,424,254,170,88,45,39,664,758,624,758,717,758,668,758,507,758,425,749,0,758,511,2234,11,2,13.4,0.89,0.3,0.24,0.28,0.0,0.0,0.0,0.3,0.24,0.28,18.03,20.08,15.64,3.74,3.56,3.59,87.6,82.32,94.59,88.13,66.89,56.74,0.0,22.87
10-025,BALCONES DE CEHUAYO,ALVARO OBREGON,False,,,,1173,619,554,26,9,5,0,0,0,0,9,5,0,206,110,92,4,0,3,213,303,162,298,285,308,249,308,124,303,58,255,0,205,348,1009,11,0,10.39,2.22,0.77,0.81,0.0,0.0,0.0,0.0,0.77,0.81,0.0,17.56,17.77,16.61,0.34,0.0,0.54,70.3,54.36,92.53,80.84,40.92,22.75,0.0,34.49
10-026,BARRIO NORTE,ALVARO OBREGON,False,,,,13895,7063,6832,156,36,14,14,0,0,0,36,14,14,1310,715,577,43,11,10,2401,3540,1599,3540,3175,3540,2737,3543,1296,3512,724,3406,0,2823,3187,13818,65,3,9.55,1.12,0.26,0.2,0.2,0.0,0.0,0.0,0.26,0.2,0.2,9.43,10.12,8.45,0.31,0.16,0.15,67.82,45.17,89.69,77.25,36.9,21.26,0.0,23.06
10-027,BATALLON DE SAN PATRICIO (U HAB),ALVARO OBREGON,False,,,,1064,604,460,1,1,0,0,0,0,0,1,0,0,135,70,48,20,9,3,319,363,278,363,350,363,332,363,269,363,100,331,0,363,213,1019,22,1,13.42,0.09,0.09,0.0,0.0,0.0,0.0,0.0,0.09,0.0,0.0,12.69,11.59,10.43,1.88,1.49,0.65,87.88,76.58,96.42,91.46,74.1,30.21,0.0,20.9
10-028,BEJERO,ALVARO OBREGON,False,,,,1778,925,853,54,23,9,11,0,0,0,23,9,11,283,146,131,53,20,24,378,498,269,498,466,498,366,498,244,498,154,474,0,388,476,1717,13,1,10.55,3.04,1.29,0.97,1.29,0.0,0.0,0.0,1.29,0.97,1.29,15.92,15.78,15.36,2.98,2.16,2.81,75.9,54.02,93.57,73.49,49.0,32.49,0.0,27.72
10-029,BELEN DE LAS FLORES,ALVARO OBREGON,False,,,,2421,1262,1157,27,12,3,8,0,0,0,12,3,8,362,209,149,41,14,23,425,592,329,579,564,601,512,607,306,588,172,524,0,506,583,2342,27,0,10.43,1.12,0.5,0.24,0.69,0.0,0.0,0.0,0.5,0.24,0.69,14.95,16.56,12.88,1.69,1.11,1.99,71.79,56.82,93.84,84.35,52.04,32.82,0.0,24.89
10-030,BELEN DE LAS FLORES SECCION RELLENO,ALVARO OBREGON,False,,,,833,425,407,11,7,0,5,0,0,0,7,0,5,111,58,53,22,8,12,144,193,105,193,179,193,149,193,122,193,57,193,0,135,187,832,3,0,9.87,1.32,0.84,0.0,1.23,0.0,0.0,0.0,0.84,0.0,1.23,13.33,13.65,13.02,2.64,1.88,2.95,74.61,54.4,92.75,77.2,63.21,29.53,0.0,22.48
10-031,BELLA VISTA,ALVARO OBREGON,False,,,,9034,4671,4363,189,75,22,26,0,0,0,68,16,26,1222,657,549,243,105,119,1977,2931,1470,2927,2573,2931,2238,2931,1162,2901,708,2887,10,1704,2275,8969,39,3,10.75,2.09,0.83,0.47,0.6,0.0,0.0,0.0,0.75,0.34,0.6,13.53,14.07,12.58,2.69,2.25,2.73,67.45,50.22,87.79,76.36,40.06,24.52,0.59,25.37
10-032,BONANZA,ALVARO OBREGON,False,,,,1508,796,711,27,4,3,0,0,0,0,4,3,0,106,57,46,24,15,6,313,439,225,439,393,439,327,439,189,439,123,439,0,318,403,1399,6,0,10.52,1.79,0.27,0.38,0.0,0.0,0.0,0.0,0.27,0.38,0.0,7.03,7.16,6.47,1.59,1.88,0.84,71.3,51.25,89.52,74.49,43.05,28.02,0.0,28.81
10-033,BOSQUES DE TARANGO,ALVARO OBREGON,False,,,,5124,2664,2456,124,39,18,15,0,0,0,38,17,15,906,509,382,219,111,75,1419,1563,1301,1563,1515,1563,1336,1559,1068,1559,932,1524,0,1365,954,4627,51,5,13.68,2.42,0.76,0.68,0.61,0.0,0.0,0.0,0.74,0.64,0.61,17.68,19.11,15.55,4.27,4.17,3.05,90.79,83.24,96.93,85.7,68.51,61.15,0.0,20.62
10-034,CALZADA JALALPA,ALVARO OBREGON,False,,,,5089,2649,2435,233,85,48,18,0,0,0,80,43,18,1197,655,537,151,74,57,799,1348,464,1298,1208,1348,1060,1348,445,1310,178,1090,3,947,1417,5001,43,4,8.97,4.58,1.67,1.81,0.74,0.0,0.0,0.0,1.57,1.62,0.74,23.52,24.73,22.05,2.97,2.79,2.34,59.27,35.75,89.61,78.64,33.97,16.33,0.32,28.33
10-035,CAMPO DE TIRO LOS GAMITOS,ALVARO OBREGON,False,,,,269,127,143,0,0,0,0,0,0,0,0,0,0,28,12,16,2,0,0,53,71,33,68,65,71,60,71,43,68,24,71,0,71,54,149,4,0,10.98,0.0,0.0,0.0,0.0,0.0,0.0,0.0,0.0,0.0,0.0,10.41,9.45,11.19,0.74,0.0,0.0,74.65,48.53,91.55,84.51,63.24,33.8,0.0,36.24
10-036,CAÑADA DEL OLIVAR (U HAB),ALVARO OBREGON,False,,,,962,525,437,7,1,0,1,0,0,0,1,0,1,147,83,57,51,28,14,317,355,289,354,347,355,297,355,267,355,216,355,0,355,247,924,13,0,13.95,0.73,0.1,0.0,0.23,0.0,0.0,0.0,0.1,0.0,0.23,15.28,15.81,13.04,5.3,5.33,3.2,89.3,81.64,97.75,83.66,75.21,60.85,0.0,26.73
10-037,CANUTILLO(AGUASCALIENTES),ALVARO OBREGON,False,,,,142,74,68,0,0,0,0,0,0,0,0,0,0,26,15,11,0,0,0,20,28,18,28,27,28,28,28,13,28,,,0,28,40,117,2,0,9.17,0.0,0.0,0.0,0.0,0.0,0.0,0.0,0.0,0.0,0.0,18.31,20.27,16.18,0.0,0.0,0.0,71.43,64.29,96.43,100.0,46.43,,0.0,34.19
10-038,CANUTILLO 3RA SECCION,ALVARO OBREGON,False,,,,3804,1987,1809,148,55,27,18,0,0,0,55,27,18,630,348,269,101,41,46,917,1090,719,1090,1042,1090,903,1087,670,1088,455,1078,0,898,824,3687,29,2,11.65,3.89,1.45,1.36,1.0,0.0,0.0,0.0,1.45,1.36,1.0,16.56,17.51,14.87,2.66,2.06,2.54,84.13,65.96,95.6,83.07,61.58,42.21,0.0,22.35
10-039,CANUTILLO PREDIO LA PRESA,ALVARO OBREGON,False,,,,287,159,128,4,0,0,0,0,0,0,0,0,0,20,15,6,0,0,0,54,72,48,72,63,72,58,72,41,72,16,72,0,41,81,273,3,0,11.27,1.39,0.0,0.0,0.0,0.0,0.0,0.0,0.0,0.0,0.0,6.97,9.43,4.69,0.0,0.0,0.0,75.0,66.67,87.5,80.56,56.94,22.22,0.0,29.67
10-040,CAROLA (U HAB),ALVARO OBREGON,False,,,,2461,1303,1158,86,23,11,8,0,0,0,21,11,6,506,267,239,182,87,92,779,886,698,886,838,886,692,886,600,886,567,841,0,886,519,1574,11,0,13.06,3.49,0.93,0.84,0.69,0.0,0.0,0.0,0.85,0.84,0.52,20.56,20.49,20.64,7.4,6.68,7.94,87.92,78.78,94.58,78.1,67.72,67.42,0.0,32.97
10-041,CEDRO CHICO,ALVARO OBREGON,False,,,,264,127,131,4,0,0,0,0,0,0,0,0,0,59,28,31,15,8,7,44,65,28,59,59,65,41,65,31,65,11,64,0,35,70,211,5,1,7.98,1.52,0.0,0.0,0.0,0.0,0.0,0.0,0.0,0.0,0.0,22.35,22.05,23.66,5.68,6.3,5.34,67.69,47.46,90.77,63.08,47.69,17.19,0.0,33.18
10-042,CHIMALISTAC,ALVARO OBREGON,False,,,,999,554,437,7,6,6,0,0,0,0,6,6,0,187,115,64,38,19,9,322,335,303,335,323,335,278,335,248,335,219,331,0,335,236,960,30,2,14.87,0.7,0.6,1.08,0.0,0.0,0.0,0.0,0.6,1.08,0.0,18.72,20.76,14.65,3.8,3.43,2.06,96.12,90.45,96.42,82.99,74.03,66.16,0.0,24.58
10-043,COLINAS DE TARANGO,ALVARO OBREGON,False,,,,524,284,240,0,3,0,0,0,0,0,3,0,0,99,50,46,21,10,4,157,167,151,167,165,167,141,167,146,167,114,167,0,152,87,464,6,1,14.96,0.0,0.57,0.0,0.0,0.0,0.0,0.0,0.57,0.0,0.0,18.89,17.61,19.17,4.01,3.52,1.67,94.01,90.42,98.8,84.43,87.43,68.26,0.0,18.75
10-044,COLINAS DEL SUR,ALVARO OBREGON,False,,,,10976,5735,5210,87,22,5,13,0,0,0,15,4,8,1672,938,695,283,114,126,3495,3759,3237,3756,3675,3759,3221,3759,2895,3756,2266,3743,0,2776,2356,10793,103,13,14.19,0.79,0.2,0.09,0.25,0.0,0.0,0.0,0.14,0.07,0.15,15.23,16.36,13.34,2.58,1.99,2.42,92.98,86.18,97.77,85.69,77.08,60.54,0.0,21.83
10-045,CONCIENCIA PROLETARIA,ALVARO OBREGON,False,,,,571,294,277,29,3,0,0,0,0,0,3,0,0,122,70,50,0,0,0,107,153,86,146,142,153,113,153,86,143,48,144,0,153,149,559,9,1,10.3,5.08,0.53,0.0,0.0,0.0,0.0,0.0,0.53,0.0,0.0,21.37,23.81,18.05,0.0,0.0,0.0,69.93,58.9,92.81,73.86,60.14,33.33,0.0,26.65
10-046,COOPERATIVA CEHUAYO,ALVARO OBREGON,False,,,,1272,661,611,16,6,0,0,0,0,0,6,0,0,132,82,50,0,0,0,258,343,217,343,311,343,259,343,156,329,95,289,0,343,303,1227,15,0,9.84,1.26,0.47,0.0,0.0,0.0,0.0,0.0,0.47,0.0,0.0,10.38,12.41,8.18,0.0,0.0,0.0,75.22,63.27,90.67,75.51,47.42,32.87,0.0,24.69
10-047,CORPUS CHRISTY,ALVARO OBREGON,False,,,,9044,4686,4357,151,24,14,7,0,0,0,24,14,7,1360,788,567,284,130,119,1632,2340,1184,2336,2136,2340,1848,2336,1202,2330,617,2249,0,1855,2828,8762,62,5,10.11,1.67,0.27,0.3,0.16,0.0,0.0,0.0,0.27,0.3,0.16,15.04,16.82,13.01,3.14,2.77,2.73,69.74,50.68,91.28,79.11,51.59,27.43,0.0,32.28
10-048,CORPUS CHRISTY AMPL XOCOMECATLA,ALVARO OBREGON,False,,,,2987,1507,1480,56,13,5,0,0,0,0,13,5,0,453,233,217,116,50,59,685,886,568,876,830,886,719,886,512,886,295,817,0,831,631,2795,22,1,11.47,1.87,0.44,0.33,0.0,0.0,0.0,0.0,0.44,0.33,0.0,15.17,15.46,14.66,3.88,3.32,3.99,77.31,64.84,93.68,81.15,57.79,36.11,0.0,22.58
10-049,COVE,ALVARO OBREGON,False,,,,3869,2078,1779,14,0,0,0,0,0,0,0,0,0,408,242,148,111,56,41,1018,1210,892,1210,1124,1213,1011,1213,791,1209,596,1206,0,1113,732,3638,40,3,12.88,0.36,0.0,0.0,0.0,0.0,0.0,0.0,0.0,0.0,0.0,10.55,11.65,8.32,2.87,2.69,2.3,84.13,73.72,92.66,83.35,65.43,49.42,0.0,20.12
10-050,CRISTO REY,ALVARO OBREGON,False,,,,844,434,409,22,6,4,0,0,0,0,6,4,0,121,74,47,32,13,13,188,250,154,250,235,250,210,250,128,250,71,250,0,150,206,820,4,0,11.6,2.61,0.71,0.92,0.0,0.0,0.0,0.0,0.71,0.92,0.0,14.34,17.05,11.49,3.79,3.0,3.18,75.2,61.6,94.0,84.0,51.2,28.4,0.0,25.12
10-051,DE TARANGO (RCNDA),ALVARO OBREGON,False,,,,74,42,32,0,0,0,0,0,0,0,0,0,0,11,8,1,1,0,0,22,23,20,23,22,23,21,23,20,23,15,23,0,23,14,60,1,0,14.51,0.0,0.0,0.0,0.0,0.0,0.0,0.0,0.0,0.0,0.0,14.86,19.05,3.12,1.35,0.0,0.0,95.65,86.96,95.65,91.3,86.96,65.22,0.0,23.33
10-052,DESARROLLO URBANO,ALVARO OBREGON,False,,,,5140,2651,2489,134,38,17,7,0,0,0,38,17,7,704,383,315,47,17,19,889,1373,419,1360,1232,1373,1088,1373,606,1373,325,1263,0,1179,1034,5126,36,2,8.94,2.61,0.74,0.64,0.28,0.0,0.0,0.0,0.74,0.64,0.28,13.7,14.45,12.66,0.91,0.64,0.76,64.75,30.81,89.73,79.24,44.14,25.73,0.0,20.17
10-053,DOS RIOS,ALVARO OBREGON,False,,,,1188,607,581,34,18,7,3,0,0,0,18,7,3,228,125,102,22,12,8,209,326,160,326,294,326,218,326,127,326,54,326,0,239,399,1181,4,1,9.87,2.86,1.52,1.15,0.52,0.0,0.0,0.0,1.52,1.15,0.52,19.19,20.59,17.56,1.85,1.98,1.38,64.11,49.08,90.18,66.87,38.96,16.56,0.0,33.78
10-054,EL ARBOL,ALVARO OBREGON,False,,,,872,445,423,5,2,2,0,0,0,0,2,2,0,98,52,40,5,1,3,165,234,90,234,205,234,185,234,133,234,85,230,0,189,215,750,8,1,9.61,0.57,0.23,0.45,0.0,0.0,0.0,0.0,0.23,0.45,0.0,11.24,11.69,9.46,0.57,0.22,0.71,70.51,38.46,87.61,79.06,56.84,36.96,0.0,28.67
10-055,EL BATAN,ALVARO OBREGON,False,,,,333,172,160,6,2,0,0,0,0,0,2,0,0,63,40,22,3,0,2,61,89,40,89,84,89,64,89,48,89,16,66,0,89,54,252,4,0,9.28,1.8,0.6,0.0,0.0,0.0,0.0,0.0,0.6,0.0,0.0,18.92,23.26,13.75,0.9,0.0,1.25,68.54,44.94,94.38,71.91,53.93,24.24,0.0,21.43
10-056,EL BOSQUE,ALVARO OBREGON,False,,,,789,408,381,18,5,3,0,0,0,0,5,3,0,127,71,57,19,9,4,113,148,77,148,142,148,125,148,88,148,38,148,0,148,251,780,6,0,9.69,2.28,0.63,0.74,0.0,0.0,0.0,0.0,0.63,0.74,0.0,16.1,17.4,14.96,2.41,2.21,1.05,76.35,52.03,95.95,84.46,59.46,25.68,0.0,32.18
10-057,EL BOSQUE 2DA SECCION (AMPL),ALVARO OBREGON,False,,,,436,231,205,0,0,0,0,0,0,0,0,0,0,51,33,19,5,3,0,63,71,48,71,66,71,56,71,28,71,19,71,0,71,168,426,3,0,10.15,0.0,0.0,0.0,0.0,0.0,0.0,0.0,0.0,0.0,0.0,11.7,14.29,9.27,1.15,1.3,0.0,88.73,67.61,92.96,78.87,39.44,26.76,0.0,39.44
10-058,EL BOSQUE SECCION TORRES,ALVARO OBREGON,False,,,,245,130,115,0,0,0,0,0,0,0,0,0,0,24,15,9,0,0,0,31,41,17,41,37,41,24,41,18,41,11,41,0,41,97,220,1,0,9.74,0.0,0.0,0.0,0.0,0.0,0.0,0.0,0.0,0.0,0.0,9.8,11.54,7.83,0.0,0.0,0.0,75.61,41.46,90.24,58.54,43.9,26.83,0.0,44.09
10-059,EL CAPULIN,ALVARO OBREGON,False,,,,1530,786,738,26,6,0,0,0,0,0,6,0,0,178,101,71,7,3,1,233,363,170,363,339,363,292,363,208,363,90,363,0,267,426,1449,12,3,9.78,1.7,0.39,0.0,0.0,0.0,0.0,0.0,0.39,0.0,0.0,11.63,12.85,9.62,0.46,0.38,0.14,64.19,46.83,93.39,80.44,57.3,24.79,0.0,29.4
10-060,EL CAPULIN (AMPL),ALVARO OBREGON,False,,,,774,411,363,10,2,1,1,0,0,0,2,1,1,81,46,35,12,9,4,153,212,105,212,194,212,150,212,143,212,48,212,0,170,184,640,2,0,10.25,1.29,0.26,0.24,0.28,0.0,0.0,0.0,0.26,0.24,0.28,10.47,11.19,9.64,1.55,2.19,1.1,72.17,49.53,91.51,70.75,67.45,22.64,0.0,28.75
10-061,BOSCOSO (U HAB),ALVARO OBREGON,False,,,,1822,955,867,19,6,1,2,0,0,0,6,1,2,382,220,162,96,54,39,599,624,582,624,621,624,550,624,485,624,488,624,0,624,153,1575,10,0,14.56,1.04,0.33,0.1,0.23,0.0,0.0,0.0,0.33,0.1,0.23,20.97,23.04,18.69,5.27,5.65,4.5,95.99,93.27,99.52,88.14,77.72,78.21,0.0,9.71
10-062,EL MIRADOR,ALVARO OBREGON,False,,,,794,402,392,43,15,7,8,0,0,0,15,7,8,153,84,69,7,3,4,149,216,100,211,200,216,163,216,90,216,50,211,0,69,208,745,5,0,9.58,5.42,1.89,1.74,2.04,0.0,0.0,0.0,1.89,1.74,2.04,19.27,20.9,17.6,0.88,0.75,1.02,68.98,47.39,92.59,75.46,41.67,23.7,0.0,27.92
10-063,EL PARAISO,ALVARO OBREGON,False,,,,4488,2333,2146,91,31,16,11,0,0,0,31,16,11,721,405,316,160,65,72,1026,1345,793,1342,1234,1342,1092,1345,590,1342,445,1332,0,930,1123,4473,23,3,11.33,2.03,0.69,0.69,0.51,0.0,0.0,0.0,0.69,0.69,0.51,16.07,17.36,14.73,3.57,2.79,3.36,76.28,59.09,91.95,81.19,43.96,33.41,0.0,25.11
10-064,EL PIRU (FRACC),ALVARO OBREGON,False,,,,1540,791,748,54,20,11,9,0,0,0,20,11,9,294,161,133,24,10,15,270,416,166,416,396,416,339,416,176,416,97,416,0,208,501,1507,3,0,9.33,3.51,1.3,1.39,1.2,0.0,0.0,0.0,1.3,1.39,1.2,19.09,20.35,17.78,1.56,1.26,2.01,64.9,39.9,95.19,81.49,42.31,23.32,0.0,33.24
10-065,EL PIRUL,ALVARO OBREGON,False,,,,1796,962,829,33,10,0,2,0,0,0,10,0,2,266,148,118,40,21,20,351,478,262,478,423,478,404,478,291,478,104,455,0,478,384,1591,10,1,10.23,1.84,0.56,0.0,0.24,0.0,0.0,0.0,0.56,0.0,0.24,14.81,15.38,14.23,2.23,2.18,2.41,73.43,54.81,88.49,84.52,60.88,22.86,0.0,24.14
10-066,EL POCITO,ALVARO OBREGON,False,,,,1196,633,559,27,6,3,3,0,0,0,6,3,3,205,114,89,21,10,11,176,278,83,261,257,279,199,279,182,278,49,277,0,279,424,1108,7,1,9.6,2.26,0.5,0.47,0.54,0.0,0.0,0.0,0.5,0.47,0.54,17.14,18.01,15.92,1.76,1.58,1.97,63.31,31.8,92.11,71.33,65.47,17.69,0.0,38.27
10-067,EL RODEO,ALVARO OBREGON,False,,,,287,148,140,7,3,0,0,0,0,0,3,0,0,25,13,7,0,0,0,35,64,23,64,65,75,62,75,30,64,3,27,0,75,110,284,4,0,8.3,2.44,1.05,0.0,0.0,0.0,0.0,0.0,1.05,0.0,0.0,8.71,8.78,5.0,0.0,0.0,0.0,54.69,35.94,86.67,82.67,46.88,11.11,0.0,38.73
10-068,EL RUEDO,ALVARO OBREGON,False,,,,131,62,69,0,0,0,0,0,0,0,0,0,0,6,0,4,0,0,0,30,36,25,34,34,36,30,36,22,30,15,23,0,29,17,125,6,0,8.8,0.0,0.0,0.0,0.0,0.0,0.0,0.0,0.0,0.0,0.0,4.58,0.0,5.8,0.0,0.0,0.0,83.33,73.53,94.44,83.33,73.33,65.22,0.0,13.6
10-069,EMANCIPACION DEL PUEBLO (U HAB),ALVARO OBREGON,False,,,,794,407,381,24,4,0,0,0,0,0,3,0,0,130,74,45,14,7,4,111,150,79,145,137,150,126,150,78,144,32,120,0,148,179,701,19,1,10.31,3.02,0.5,0.0,0.0,0.0,0.0,0.0,0.38,0.0,0.0,16.37,18.18,11.81,1.76,1.72,1.05,74.0,54.48,91.33,84.0,54.17,26.67,0.0,25.53
10-070,ESTADO DE HIDALGO (AMPL),ALVARO OBREGON,False,,,,418,217,201,0,0,0,0,0,0,0,0,0,0,40,22,10,0,0,0,74,106,48,106,100,106,81,106,72,106,17,74,0,106,86,414,4,0,10.15,0.0,0.0,0.0,0.0,0.0,0.0,0.0,0.0,0.0,0.0,9.57,10.14,4.98,0.0,0.0,0.0,69.81,45.28,94.34,76.42,67.92,22.97,0.0,20.77
10-071,ESTADO DE HIDALGO,ALVARO OBREGON,False,,,,1393,741,648,12,0,0,0,0,0,0,0,0,0,181,109,66,45,23,17,310,400,237,400,362,400,298,400,222,394,123,394,0,271,348,1298,16,2,11.58,0.86,0.0,0.0,0.0,0.0,0.0,0.0,0.0,0.0,0.0,12.99,14.71,10.19,3.23,3.1,2.62,77.5,59.25,90.5,74.5,56.35,31.22,0.0,26.81
10-072,FLOR DE MARIA,ALVARO OBREGON,False,,,,1024,563,461,4,3,0,0,0,0,0,3,0,0,147,95,52,19,10,4,305,335,291,335,320,335,307,335,274,326,224,335,0,335,176,998,6,0,14.0,0.39,0.29,0.0,0.0,0.0,0.0,0.0,0.29,0.0,0.0,14.36,16.87,11.28,1.86,1.78,0.87,91.04,86.87,95.52,91.64,84.05,66.87,0.0,17.64
10-073,FLORIDA,ALVARO OBREGON,False,,,,6271,3468,2770,48,77,66,7,0,0,0,77,66,7,1280,865,408,258,190,50,1962,2036,1879,2036,2007,2036,1688,2036,1743,2036,1478,2036,0,2011,1069,6098,49,11,14.9,0.77,1.23,1.9,0.25,0.0,0.0,0.0,1.23,1.9,0.25,20.41,24.94,14.73,4.11,5.48,1.81,96.37,92.29,98.58,82.91,85.61,72.59,0.0,17.53
10-074,FRANCISCO VILLA,ALVARO OBREGON,False,,,,3552,1852,1680,33,6,3,0,0,0,0,6,3,0,632,360,269,43,19,15,489,704,281,704,600,704,546,704,423,704,178,696,0,552,1102,3490,22,4,9.11,0.93,0.17,0.16,0.0,0.0,0.0,0.0,0.17,0.16,0.0,17.79,19.44,16.01,1.21,1.03,0.89,69.46,39.91,85.23,77.56,60.09,25.57,0.0,31.58
10-075,GALEANA,ALVARO OBREGON,False,,,,592,313,280,13,3,0,0,0,0,0,3,0,0,80,48,28,0,0,0,106,163,67,166,156,166,140,166,35,135,15,75,0,166,205,576,7,0,10.02,2.2,0.51,0.0,0.0,0.0,0.0,0.0,0.51,0.0,0.0,13.51,15.34,10.0,0.0,0.0,0.0,65.03,40.36,93.98,84.34,25.93,20.0,0.0,35.59
10-076,GARCIMARRERO,ALVARO OBREGON,False,,,,2845,1497,1348,67,21,9,9,0,0,0,21,9,9,513,292,216,63,23,25,528,798,410,798,718,798,657,795,400,798,198,798,0,623,760,2676,21,4,10.54,2.36,0.74,0.6,0.67,0.0,0.0,0.0,0.74,0.6,0.67,18.03,19.51,16.02,2.21,1.54,1.85,66.17,51.38,89.97,82.64,50.13,24.81,0.0,28.4
10-077,GARCIMARRERO NORTE,ALVARO OBREGON,False,,,,4061,2100,1955,36,11,8,0,0,0,0,11,8,0,477,254,213,75,16,35,921,1182,679,1186,1106,1186,967,1186,696,1171,471,1160,0,711,997,4042,30,2,10.85,0.89,0.27,0.38,0.0,0.0,0.0,0.0,0.27,0.38,0.0,11.75,12.1,10.9,1.85,0.76,1.79,77.92,57.25,93.25,81.53,59.44,40.6,0.0,24.67
10-078,GARCIMARRERO REACOMODO,ALVARO OBREGON,False,,,,760,395,365,16,7,3,4,0,0,0,7,3,4,175,100,74,29,21,7,127,221,97,221,200,221,176,221,89,221,39,211,0,220,193,743,5,1,10.0,2.11,0.92,0.76,1.1,0.0,0.0,0.0,0.92,0.76,1.1,23.03,25.32,20.27,3.82,5.32,1.92,57.47,43.89,90.5,79.64,40.27,18.48,0.0,25.98
10-079,GOLONDRINAS,ALVARO OBREGON,False,,,,4030,2067,1963,185,51,19,19,0,0,0,51,19,19,791,456,324,72,33,32,620,982,375,956,894,982,767,982,393,935,188,821,0,863,1136,3984,33,2,9.29,4.59,1.27,0.92,0.97,0.0,0.0,0.0,1.27,0.92,0.97,19.63,22.06,16.51,1.79,1.6,1.63,63.14,39.23,91.04,78.11,42.03,22.9,0.0,28.51
10-080,GOLONDRINAS 1RA SECCION,ALVARO OBREGON,False,,,,2419,1236,1177,48,15,11,0,0,0,0,15,11,0,319,179,137,6,3,3,369,610,214,608,543,613,493,610,247,608,109,588,0,361,687,2382,17,3,9.39,1.98,0.62,0.89,0.0,0.0,0.0,0.0,0.62,0.89,0.0,13.19,14.48,11.64,0.25,0.24,0.25,60.49,35.2,88.58,80.82,40.62,18.54,0.0,28.84
10-081,GOLONDRINAS 2DA SECCION,ALVARO OBREGON,False,,,,2876,1471,1405,168,38,10,10,0,0,0,35,10,10,511,284,218,63,21,17,418,676,241,664,602,676,517,676,267,672,84,579,0,576,908,2802,20,0,8.55,5.84,1.32,0.68,0.71,0.0,0.0,0.0,1.22,0.68,0.71,17.77,19.31,15.52,2.19,1.43,1.21,61.83,36.3,89.05,76.48,39.73,14.51,0.0,32.41
10-082,GRAL A ROSALES,ALVARO OBREGON,False,,,,249,130,120,0,0,0,0,0,0,0,0,0,0,33,16,17,8,4,0,48,68,33,68,60,68,51,68,39,68,19,68,0,68,48,244,2,0,10.07,0.0,0.0,0.0,0.0,0.0,0.0,0.0,0.0,0.0,0.0,13.25,12.31,14.17,3.21,3.08,0.0,70.59,48.53,88.24,75.0,57.35,27.94,0.0,19.67
10-083,GRAL C  A  MADRAZO,ALVARO OBREGON,False,,,,904,448,456,73,18,3,8,0,0,0,18,3,8,110,54,45,24,3,14,152,243,105,229,212,243,183,243,81,226,55,231,5,175,244,895,14,0,9.85,8.08,1.99,0.67,1.75,0.0,0.0,0.0,1.99,0.67,1.75,12.17,12.05,9.87,2.65,0.67,3.07,62.55,45.85,87.24,75.31,35.84,23.81,2.86,27.26
10-084,GUADALUPE INN,ALVARO OBREGON,False,,,,4103,2243,1851,34,24,16,0,0,0,0,24,16,0,689,404,259,167,92,59,1615,1682,1505,1678,1625,1682,1288,1678,1354,1682,1143,1671,0,1569,667,3949,46,7,15.28,0.83,0.58,0.71,0.0,0.0,0.0,0.0,0.58,0.71,0.0,16.79,18.01,13.99,4.07,4.1,3.19,96.02,89.69,96.61,76.76,80.5,68.4,0.0,16.89
10-085,HERON PROAL,ALVARO OBREGON,False,,,,2578,1326,1251,79,28,12,11,0,0,0,28,12,11,413,224,187,19,9,2,552,717,438,717,640,717,620,717,411,717,200,694,0,524,647,2394,19,1,11.08,3.06,1.09,0.9,0.88,0.0,0.0,0.0,1.09,0.9,0.88,16.02,16.89,14.95,0.74,0.68,0.16,76.99,61.09,89.26,86.47,57.32,28.82,0.0,27.03
10-086,HOGAR Y REDENCION,ALVARO OBREGON,False,,,,3116,1604,1512,97,37,11,11,0,0,0,37,11,11,354,209,143,30,9,12,664,876,431,869,798,876,739,876,493,876,297,876,0,620,858,2948,20,0,10.69,3.11,1.19,0.69,0.73,0.0,0.0,0.0,1.19,0.69,0.73,11.36,13.03,9.46,0.96,0.56,0.79,75.8,49.6,91.1,84.36,56.28,33.9,0.0,29.1
10-087,ISIDRO FABELA,ALVARO OBREGON,False,,,,1693,871,823,11,6,4,0,0,0,0,5,4,0,274,151,122,18,12,3,278,369,195,369,317,369,286,369,184,369,67,330,0,335,351,1574,12,1,10.42,0.65,0.35,0.46,0.0,0.0,0.0,0.0,0.3,0.46,0.0,16.18,17.34,14.82,1.06,1.38,0.36,75.34,52.85,85.91,77.51,49.86,20.3,0.0,22.3
10-088,JALALPA,ALVARO OBREGON,False,,,,4805,2490,2302,320,130,45,71,0,0,0,129,42,71,1025,544,481,90,29,40,739,1374,517,1374,1231,1374,931,1374,356,1374,216,1344,0,974,1261,4595,26,2,9.56,6.66,2.71,1.81,3.08,0.0,0.0,0.0,2.68,1.69,3.08,21.33,21.85,20.89,1.87,1.16,1.74,53.78,37.63,89.59,67.76,25.91,16.07,0.0,27.44
10-089,JALALPA EL GRANDE,ALVARO OBREGON,False,,,,11451,5866,5582,345,68,34,25,0,0,0,64,33,16,1603,880,709,78,35,35,1795,2753,1211,2734,2466,2753,2128,2753,739,2711,430,2432,10,1675,2515,11332,71,8,9.32,3.01,0.59,0.58,0.45,0.0,0.0,0.0,0.56,0.56,0.29,14.0,15.0,12.7,0.68,0.6,0.63,65.2,44.29,89.58,77.3,27.26,17.68,0.6,22.19
10-090,JALALPA TEPITO,ALVARO OBREGON,False,,,,3938,1992,1940,152,54,27,23,0,0,0,53,26,23,712,393,318,40,14,9,666,982,471,982,854,982,732,982,321,982,231,961,3,802,1068,3896,17,2,9.67,3.86,1.37,1.36,1.19,0.0,0.0,0.0,1.35,1.31,1.19,18.08,19.73,16.39,1.02,0.7,0.46,67.82,47.96,86.97,74.54,32.69,24.04,0.37,27.41
10-091,JARDINES DEL PEDREGAL,ALVARO OBREGON,False,,,,15116,8613,6479,67,402,322,35,0,0,0,391,316,31,3681,2595,1060,850,664,125,4053,4155,3879,4155,4102,4155,3532,4155,3752,4155,3201,4151,0,4155,2566,14835,105,10,14.06,0.44,2.66,3.74,0.54,0.0,0.0,0.0,2.59,3.67,0.48,24.35,30.13,16.36,5.62,7.71,1.93,97.55,93.36,98.72,85.01,90.3,77.11,0.0,17.3
10-092,JOSE MARIA PINO SUAREZ,ALVARO OBREGON,False,,,,6033,3090,2936,167,61,14,27,0,0,0,59,8,27,1088,543,545,217,78,120,1177,1766,880,1755,1597,1766,1332,1766,706,1766,448,1755,9,1423,1649,5986,33,3,10.4,2.77,1.01,0.45,0.92,0.0,0.0,0.0,0.98,0.26,0.92,18.03,17.57,18.56,3.6,2.52,4.09,66.65,50.14,90.43,75.42,39.98,25.53,0.63,27.55
10-093,JURISTAS,ALVARO OBREGON,False,,,,692,366,325,3,0,0,0,0,0,0,0,0,0,129,68,61,5,0,3,123,156,92,156,143,156,124,156,99,156,40,155,0,156,223,517,3,0,10.48,0.43,0.0,0.0,0.0,0.0,0.0,0.0,0.0,0.0,0.0,18.64,18.58,18.77,0.72,0.0,0.92,78.85,58.97,91.67,79.49,63.46,25.81,0.0,43.13
10-094,LA ANGOSTURA,ALVARO OBREGON,False,,,,1785,954,830,8,7,2,0,0,0,0,7,2,0,275,168,107,53,35,12,418,521,345,521,485,521,394,521,338,521,205,521,0,521,493,1468,6,0,11.82,0.45,0.39,0.21,0.0,0.0,0.0,0.0,0.39,0.21,0.0,15.41,17.61,12.89,2.97,3.67,1.45,80.23,66.22,93.09,75.62,64.88,39.35,0.0,33.58
10-095,LA ARAÑA,ALVARO OBREGON,False,,,,959,500,460,45,13,6,2,0,0,0,13,6,2,143,76,59,21,5,0,141,221,91,212,213,221,188,221,123,221,58,196,0,192,281,903,11,0,9.16,4.69,1.36,1.2,0.43,0.0,0.0,0.0,1.36,1.2,0.43,14.91,15.2,12.83,2.19,1.0,0.0,63.8,42.92,96.38,85.07,55.66,29.59,0.0,31.12
10-096,LA CAÑADA,ALVARO OBREGON,False,,,,3754,1933,1821,106,40,13,13,0,0,0,40,13,13,585,309,272,81,31,21,677,1052,428,1046,949,1052,857,1052,529,1046,199,995,0,769,828,3384,30,0,9.6,2.82,1.07,0.67,0.71,0.0,0.0,0.0,1.07,0.67,0.71,15.58,15.99,14.94,2.16,1.6,1.15,64.35,40.92,90.21,81.46,50.57,20.0,0.0,24.47
10-097,LA CASCADA,ALVARO OBREGON,False,,,,2194,1129,1058,29,2,0,1,0,0,0,2,0,1,248,140,93,21,9,3,424,573,320,573,530,573,479,573,269,565,141,506,0,560,449,2085,28,2,10.64,1.32,0.09,0.0,0.09,0.0,0.0,0.0,0.09,0.0,0.09,11.3,12.4,8.79,0.96,0.8,0.28,74.0,55.85,92.5,83.6,47.61,27.87,0.0,21.53
10-098,LA CEBADA (AMPL),ALVARO OBREGON,False,,,,1115,571,544,27,12,0,0,0,0,0,12,0,0,187,107,77,22,3,11,221,327,153,327,292,327,248,327,187,327,90,320,0,45,245,1107,9,0,9.95,2.42,1.08,0.0,0.0,0.0,0.0,0.0,1.08,0.0,0.0,16.77,18.74,14.15,1.97,0.53,2.02,67.58,46.79,89.3,75.84,57.19,28.12,0.0,22.13
10-100,LA CONCHITA,ALVARO OBREGON,False,,,,3157,1638,1516,84,41,18,16,0,0,0,41,18,16,407,216,184,3,0,0,672,919,502,913,825,919,722,919,367,906,391,916,3,873,687,3126,28,3,10.51,2.66,1.3,1.1,1.06,0.0,0.0,0.0,1.3,1.1,1.06,12.89,13.19,12.14,0.1,0.0,0.0,73.12,54.98,89.77,78.56,40.51,42.69,0.34,21.98
10-101,LA HERRADURA,ALVARO OBREGON,False,,,,529,279,250,13,5,4,0,0,0,0,5,4,0,101,60,35,28,10,13,106,157,89,157,142,157,119,157,80,157,57,157,3,99,197,526,4,0,10.76,2.46,0.95,1.43,0.0,0.0,0.0,0.0,0.95,1.43,0.0,19.09,21.51,14.0,5.29,3.58,5.2,67.52,56.69,90.45,75.8,50.96,36.31,3.03,37.45
10-102,LA HUERTA,ALVARO OBREGON,False,,,,469,237,232,11,0,0,0,0,0,0,0,0,0,56,26,24,8,6,0,61,81,32,67,76,81,71,81,52,81,12,33,0,81,119,422,8,0,9.91,2.35,0.0,0.0,0.0,0.0,0.0,0.0,0.0,0.0,0.0,11.94,10.97,10.34,1.71,2.53,0.0,75.31,47.76,93.83,87.65,64.2,36.36,0.0,28.2
10-103,LA JOYA,ALVARO OBREGON,False,,,,2646,1299,1347,65,9,6,0,0,0,0,9,6,0,313,164,145,27,11,8,395,599,243,599,548,603,456,603,334,599,113,536,0,338,870,2546,20,3,9.4,2.46,0.34,0.46,0.0,0.0,0.0,0.0,0.34,0.46,0.0,11.83,12.63,10.76,1.02,0.85,0.59,65.94,40.57,90.88,75.62,55.76,21.08,0.0,34.17
10-104,LA LOMA,ALVARO OBREGON,False,,,,6623,3745,2877,42,55,52,0,0,0,0,55,52,0,1285,922,346,376,274,72,1508,1667,1362,1665,1626,1667,1305,1667,1272,1666,1148,1660,0,1343,1028,6312,48,0,12.85,0.63,0.83,1.39,0.0,0.0,0.0,0.0,0.83,1.39,0.0,19.4,24.62,12.03,5.68,7.32,2.5,90.46,81.8,97.54,78.28,76.35,69.16,0.0,16.29
10-105,LA MARTINICA,ALVARO OBREGON,False,,,,3586,1861,1709,60,17,9,0,0,0,0,17,9,0,490,282,200,72,27,26,880,1038,733,1036,1004,1046,854,1046,748,1038,475,1038,0,989,861,3000,32,4,12.09,1.67,0.47,0.48,0.0,0.0,0.0,0.0,0.47,0.48,0.0,13.66,15.15,11.7,2.01,1.45,1.52,84.78,70.75,95.98,81.64,72.06,45.76,0.0,28.7
10-106,LA MEXICANA,ALVARO OBREGON,False,,,,6403,3298,3105,149,53,23,10,0,0,0,49,23,9,1087,631,448,290,142,124,1278,1861,881,1861,1695,1862,1467,1862,1069,1862,475,1843,3,1095,1453,6349,32,1,10.51,2.33,0.83,0.7,0.32,0.0,0.0,0.0,0.77,0.7,0.29,16.98,19.13,14.43,4.53,4.31,3.99,68.67,47.34,91.03,78.79,57.41,25.77,0.27,22.89
10-107,LA MILAGROSA,ALVARO OBREGON,False,,,,724,374,345,9,0,0,0,0,0,0,0,0,0,133,71,55,1,1,0,120,195,89,195,175,195,170,195,77,195,12,109,0,195,215,613,12,3,9.2,1.24,0.0,0.0,0.0,0.0,0.0,0.0,0.0,0.0,0.0,18.37,18.98,15.94,0.14,0.27,0.0,61.54,45.64,89.74,87.18,39.49,11.01,0.0,35.07
10-108,LA OTRA BANDA,ALVARO OBREGON,False,,,,750,396,354,4,3,3,0,0,0,0,3,3,0,105,63,43,35,18,15,266,287,246,287,280,287,235,287,208,287,151,287,0,284,129,743,2,0,14.4,0.53,0.4,0.76,0.0,0.0,0.0,0.0,0.4,0.76,0.0,14.0,15.91,12.15,4.67,4.55,4.24,92.68,85.71,97.56,81.88,72.47,52.61,0.0,17.36
10-109,LA PALMITA,ALVARO OBREGON,False,,,,1545,820,721,40,15,3,5,0,0,0,15,3,5,259,136,123,21,10,0,319,418,236,418,390,419,350,419,261,418,127,416,0,399,406,1424,11,2,10.81,2.59,0.97,0.37,0.69,0.0,0.0,0.0,0.97,0.37,0.69,16.76,16.59,17.06,1.36,1.22,0.0,76.32,56.46,93.08,83.53,62.44,30.53,0.0,28.51
10-110,LA PERA XOCHINAHUAC (U HAB),ALVARO OBREGON,False,,,,1057,564,493,9,3,0,0,0,0,0,3,0,0,205,114,91,43,21,22,246,291,194,291,281,291,236,291,167,291,124,290,0,110,285,1031,2,0,11.73,0.85,0.28,0.0,0.0,0.0,0.0,0.0,0.28,0.0,0.0,19.39,20.21,18.46,4.07,3.72,4.46,84.54,66.67,96.56,81.1,57.39,42.76,0.0,27.64
10-111,LA PRESA,ALVARO OBREGON,False,,,,967,510,456,6,4,0,3,0,0,0,4,0,3,112,61,47,0,0,0,166,271,108,271,237,271,208,271,118,271,33,235,0,271,246,944,5,1,9.87,0.62,0.41,0.0,0.66,0.0,0.0,0.0,0.41,0.0,0.66,11.58,11.96,10.31,0.0,0.0,0.0,61.25,39.85,87.45,76.75,43.54,14.04,0.0,26.06
10-112,LA PRESA SECCION HORNOS,ALVARO OBREGON,False,,,,962,487,476,17,0,0,0,0,0,0,0,0,0,104,47,52,1,0,0,107,230,46,202,178,230,162,230,87,230,22,127,3,128,296,922,12,0,8.82,1.77,0.0,0.0,0.0,0.0,0.0,0.0,0.0,0.0,0.0,10.81,9.65,10.92,0.1,0.0,0.0,46.52,22.77,77.39,70.43,37.83,17.32,2.34,32.1
10-113,LADERA GRANDE O LA CEBADITA,ALVARO OBREGON,False,,,,369,172,197,0,0,0,0,0,0,0,0,0,0,42,19,18,0,0,0,62,94,41,94,82,94,72,94,40,94,24,77,0,94,62,242,3,0,9.91,0.0,0.0,0.0,0.0,0.0,0.0,0.0,0.0,0.0,0.0,11.38,11.05,9.14,0.0,0.0,0.0,65.96,43.62,87.23,76.6,42.55,31.17,0.0,25.62
10-114,LAS AGUILAS,ALVARO OBREGON,False,,,,6701,3636,3060,60,68,49,6,0,0,0,68,49,6,1072,689,373,224,135,66,2001,2223,1819,2226,2119,2226,1888,2223,1692,2223,1409,2222,0,1741,1560,6532,35,4,13.62,0.9,1.01,1.35,0.2,0.0,0.0,0.0,1.01,1.35,0.2,16.0,18.95,12.19,3.34,3.71,2.16,90.01,81.72,95.19,84.93,76.11,63.41,0.0,23.88
10-115,LAS AGUILAS (AMPL),ALVARO OBREGON,False,,,,8741,4516,4224,196,81,34,36,0,0,0,77,32,34,1353,790,556,160,73,72,2080,2629,1700,2629,2468,2629,2109,2629,1654,2629,1145,2629,0,2048,2266,8615,41,4,11.3,2.24,0.93,0.75,0.85,0.0,0.0,0.0,0.88,0.71,0.8,15.48,17.49,13.16,1.83,1.62,1.7,79.12,64.66,93.88,80.22,62.91,43.55,0.0,26.3
10-116,LAS AGUILAS SECC HORNOS,ALVARO OBREGON,False,,,,900,457,443,0,0,0,0,0,0,0,0,0,0,75,41,26,0,0,0,175,244,93,230,212,244,174,225,142,239,50,213,0,214,294,886,14,0,8.8,0.0,0.0,0.0,0.0,0.0,0.0,0.0,0.0,0.0,0.0,8.33,8.97,5.87,0.0,0.0,0.0,71.72,40.43,86.89,77.33,59.41,23.47,0.0,33.18
10-118,LAS CUEVITAS,ALVARO OBREGON,False,,,,3538,1837,1701,53,18,4,11,0,0,0,18,4,11,541,276,247,105,43,44,1005,1128,904,1128,1093,1128,923,1128,752,1128,670,1128,0,1128,542,3374,21,1,12.87,1.5,0.51,0.22,0.65,0.0,0.0,0.0,0.51,0.22,0.65,15.29,15.02,14.52,2.97,2.34,2.59,89.1,80.14,96.9,81.83,66.67,59.4,0.0,16.06
10-119,LAS PALMAS,ALVARO OBREGON,False,,,,1624,850,774,32,10,6,3,0,0,0,10,6,3,202,110,92,41,14,19,387,492,284,492,463,492,414,492,337,492,231,492,0,342,384,1618,5,0,11.9,1.97,0.62,0.71,0.39,0.0,0.0,0.0,0.62,0.71,0.39,12.44,12.94,11.89,2.52,1.65,2.45,78.66,57.72,94.11,84.15,68.5,46.95,0.0,23.73
10-120,LIBERACION PROLETARIA,ALVARO OBREGON,False,,,,2037,1046,991,80,22,10,6,0,0,0,22,10,6,446,256,186,50,24,12,337,584,239,584,530,584,462,584,323,584,112,527,0,457,408,1938,19,1,9.44,3.93,1.08,0.96,0.61,0.0,0.0,0.0,1.08,0.96,0.61,21.89,24.47,18.77,2.45,2.29,1.21,57.71,40.92,90.75,79.11,55.31,21.25,0.0,21.05
10-121,LIBERALES DE 1857,ALVARO OBREGON,False,,,,5531,2852,2679,44,4,0,0,0,0,0,4,0,0,715,388,315,90,25,38,1015,1353,730,1353,1252,1353,1068,1353,651,1347,373,1331,0,1166,1450,5511,37,0,10.5,0.8,0.07,0.0,0.0,0.0,0.0,0.0,0.07,0.0,0.0,12.93,13.6,11.76,1.63,0.88,1.42,75.02,53.95,92.54,78.94,48.33,28.02,0.0,26.31
10-122,LLANO REDONDO,ALVARO OBREGON,False,,,,1213,628,585,22,2,1,1,0,0,0,2,1,1,128,75,45,14,6,6,289,342,247,342,321,342,320,342,199,342,112,337,0,215,259,984,11,0,11.25,1.81,0.16,0.16,0.17,0.0,0.0,0.0,0.16,0.16,0.17,10.55,11.94,7.69,1.15,0.96,1.03,84.5,72.22,93.86,93.57,58.19,33.23,0.0,26.32
10-123,LOMAS DE AXOMIATLA,ALVARO OBREGON,False,,,,1923,1057,866,15,11,9,1,0,0,0,11,9,1,373,242,123,75,50,22,538,570,510,570,561,570,459,570,475,570,389,570,0,472,265,1548,16,0,14.59,0.78,0.57,0.85,0.12,0.0,0.0,0.0,0.57,0.85,0.12,19.4,22.89,14.2,3.9,4.73,2.54,94.39,89.47,98.42,80.53,83.33,68.25,0.0,17.12
10-124,LOMAS DE BECERRA,ALVARO OBREGON,False,,,,9527,4862,4657,121,19,12,0,0,0,0,19,12,0,1136,568,540,52,14,17,1509,2271,920,2196,2017,2271,1802,2271,1175,2230,509,1994,12,2098,2717,9328,88,9,9.3,1.27,0.2,0.25,0.0,0.0,0.0,0.0,0.2,0.25,0.0,11.92,11.68,11.6,0.55,0.29,0.37,66.45,41.89,88.82,79.35,52.69,25.53,0.57,29.13
10-125,LOMAS DE BECERRA (U HAB),ALVARO OBREGON,False,,,,1923,1035,888,7,0,0,0,0,0,0,0,0,0,182,90,69,24,8,4,586,662,521,662,631,666,547,666,517,662,336,662,0,644,285,1855,39,8,13.45,0.36,0.0,0.0,0.0,0.0,0.0,0.0,0.0,0.0,0.0,9.46,8.7,7.77,1.25,0.77,0.45,88.52,78.7,94.74,82.13,78.1,50.76,0.0,15.36
10-126,LOMAS DE BECERRA ARVIDE (U HAB),ALVARO OBREGON,False,,,,2387,1285,1102,37,9,3,3,0,0,0,9,3,3,373,211,163,38,19,19,665,786,535,786,765,786,623,786,570,786,431,786,0,527,537,2266,6,0,11.72,1.55,0.38,0.23,0.27,0.0,0.0,0.0,0.38,0.23,0.27,15.63,16.42,14.79,1.59,1.48,1.72,84.61,68.07,97.33,79.26,72.52,54.83,0.0,23.7
10-127,LOMAS DE CAPULA,ALVARO OBREGON,False,,,,5245,2723,2522,83,15,7,0,0,0,0,15,7,0,959,527,423,96,33,42,943,1353,689,1351,1208,1359,1105,1353,638,1350,312,1284,0,1205,1333,5202,44,1,10.18,1.58,0.29,0.26,0.0,0.0,0.0,0.0,0.29,0.26,0.0,18.28,19.35,16.77,1.83,1.21,1.67,69.7,51.0,88.89,81.67,47.26,24.3,0.0,25.62
10-128,LOMAS DE CAPULIN,ALVARO OBREGON,False,,,,1912,972,933,42,10,3,4,0,0,0,10,3,4,362,202,161,5,3,0,344,516,235,516,468,516,455,516,147,516,122,516,3,431,682,1850,9,1,9.63,2.2,0.52,0.31,0.43,0.0,0.0,0.0,0.52,0.31,0.43,18.93,20.78,17.26,0.26,0.31,0.0,66.67,45.54,90.7,88.18,28.49,23.64,0.7,36.86
10-129,LOMAS DE CENTENARIO (U HAB),ALVARO OBREGON,False,,,,366,192,174,4,2,2,0,0,0,0,2,2,0,63,37,27,11,5,6,97,111,82,111,107,111,98,111,78,111,51,111,0,111,104,152,0,0,12.28,1.09,0.55,1.04,0.0,0.0,0.0,0.0,0.55,1.04,0.0,17.21,19.27,15.52,3.01,2.6,3.45,87.39,73.87,96.4,88.29,70.27,45.95,0.0,68.42
10-130,LOMAS DE CHAMONTOYA,ALVARO OBREGON,False,,,,6665,3396,3269,543,203,109,76,0,0,0,201,107,76,1609,904,705,131,59,46,1119,1763,763,1763,1599,1763,1407,1763,455,1736,292,1596,0,1318,2348,6488,31,3,9.47,8.15,3.05,3.21,2.32,0.0,0.0,0.0,3.02,3.15,2.32,24.14,26.62,21.57,1.97,1.74,1.41,63.47,43.28,90.7,79.81,26.21,18.3,0.0,36.19
10-131,LOMAS DE GUADALUPE,ALVARO OBREGON,False,,,,1665,894,771,8,8,5,0,0,0,0,8,5,0,259,166,90,52,35,15,488,505,463,505,499,505,437,505,433,505,344,504,0,505,373,1486,13,2,14.93,0.48,0.48,0.56,0.0,0.0,0.0,0.0,0.48,0.56,0.0,15.56,18.57,11.67,3.12,3.91,1.95,96.63,91.68,98.81,86.53,85.74,68.25,0.0,25.1
10-132,LOMAS DE LA ERA,ALVARO OBREGON,False,,,,14936,7706,7225,745,295,144,110,0,0,0,291,141,109,3049,1687,1355,305,125,144,2696,3980,1786,3963,3598,3980,3190,3980,1378,3939,724,3681,0,2896,4452,14364,82,5,9.7,4.99,1.98,1.87,1.52,0.0,0.0,0.0,1.95,1.83,1.51,20.41,21.89,18.75,2.04,1.62,1.99,67.74,45.07,90.4,80.15,34.98,19.67,0.0,30.99
10-133,LOMAS DE LAS AGUILAS,ALVARO OBREGON,False,,,,2957,1554,1402,11,26,20,0,0,0,0,26,20,0,489,288,197,70,46,16,861,908,829,908,886,908,777,908,771,908,579,907,0,764,651,2928,18,2,14.52,0.37,0.88,1.29,0.0,0.0,0.0,0.0,0.88,1.29,0.0,16.54,18.53,14.05,2.37,2.96,1.14,94.82,91.3,97.58,85.57,84.91,63.84,0.0,22.23
10-134,LOMAS DE LOS ANGELES TETELPAN,ALVARO OBREGON,False,,,,3874,2060,1813,51,22,11,3,0,0,0,22,11,3,606,345,261,38,17,15,848,1172,625,1172,1064,1172,902,1172,509,1172,326,1172,3,1026,1184,3803,15,0,10.77,1.32,0.57,0.53,0.17,0.0,0.0,0.0,0.57,0.53,0.17,15.64,16.75,14.4,0.98,0.83,0.83,72.35,53.33,90.78,76.96,43.43,27.82,0.29,31.13
10-135,LOMAS DE LOS CEDROS,ALVARO OBREGON,False,,,,4551,2336,2215,158,57,30,13,0,0,0,56,29,13,871,476,393,51,19,20,775,1254,517,1251,1107,1263,1012,1263,467,1254,224,1108,0,604,1396,4232,29,1,9.54,3.47,1.25,1.28,0.59,0.0,0.0,0.0,1.23,1.24,0.59,19.14,20.38,17.74,1.12,0.81,0.9,61.8,41.33,87.65,80.13,37.24,20.22,0.0,32.99
10-136,LOMAS DE NUEVO MEXICO,ALVARO OBREGON,False,,,,1472,770,703,29,16,5,8,0,0,0,16,5,8,192,98,94,26,7,15,316,418,223,418,372,418,329,418,255,418,126,418,0,296,251,1469,4,1,10.02,1.97,1.09,0.65,1.14,0.0,0.0,0.0,1.09,0.65,1.14,13.04,12.73,13.37,1.77,0.91,2.13,75.6,53.35,89.0,78.71,61.0,30.14,0.0,17.09
10-138,LOMAS DE PUERTA GRANDE,ALVARO OBREGON,False,,,,3635,1896,1739,99,38,10,9,0,0,0,38,10,9,585,331,247,23,11,10,680,939,498,924,869,939,759,939,535,938,215,862,0,742,893,3209,20,0,10.31,2.72,1.05,0.53,0.52,0.0,0.0,0.0,1.05,0.53,0.52,16.09,17.46,14.2,0.63,0.58,0.58,72.42,53.9,92.55,80.83,57.04,24.94,0.0,27.83
10-139,LOMAS DE SAN ANGEL INN,ALVARO OBREGON,False,,,,2630,1455,1175,1,13,10,0,0,0,0,13,10,0,464,268,181,130,57,62,893,964,839,964,932,964,823,964,756,964,598,964,0,764,490,2442,26,3,14.06,0.04,0.49,0.69,0.0,0.0,0.0,0.0,0.49,0.69,0.0,17.64,18.42,15.4,4.94,3.92,5.28,92.63,87.03,96.68,85.37,78.42,62.03,0.0,20.07
10-140,LOMAS DE SANTA FE,ALVARO OBREGON,False,,,,294,165,129,0,4,4,0,0,0,0,4,4,0,75,59,16,37,24,13,85,90,88,90,90,90,73,90,77,90,66,90,0,90,72,271,2,0,13.77,0.0,1.36,2.42,0.0,0.0,0.0,0.0,1.36,2.42,0.0,25.51,35.76,12.4,12.59,14.55,10.08,94.44,97.78,100.0,81.11,85.56,73.33,0.0,26.57
10-141,LOMAS DE SANTO DOMINGO,ALVARO OBREGON,False,,,,711,370,341,44,12,5,3,0,0,0,12,5,3,114,66,49,19,8,11,125,178,86,178,165,178,139,178,66,178,41,155,0,178,152,644,5,0,10.02,6.19,1.69,1.35,0.88,0.0,0.0,0.0,1.69,1.35,0.88,16.03,17.84,14.37,2.67,2.16,3.23,70.22,48.31,92.7,78.09,37.08,26.45,0.0,23.6
10-142,LOMAS DE SANTO DOMINGO (AMPL),ALVARO OBREGON,False,,,,1339,652,687,68,14,6,4,0,0,0,14,6,4,202,109,91,35,4,20,203,315,135,308,293,315,259,315,103,306,79,310,0,242,313,1212,11,1,9.41,5.08,1.05,0.92,0.58,0.0,0.0,0.0,1.05,0.92,0.58,15.09,16.72,13.25,2.61,0.61,2.91,64.44,43.83,93.02,82.22,33.66,25.48,0.0,25.83
10-143,LOMAS DE TARANGO,ALVARO OBREGON,False,,,,3165,1693,1466,76,17,10,6,0,0,0,17,10,6,519,302,217,47,24,17,865,980,758,971,949,980,841,980,727,980,529,980,3,980,712,2966,23,1,13.51,2.4,0.54,0.59,0.41,0.0,0.0,0.0,0.54,0.59,0.41,16.4,17.84,14.8,1.48,1.42,1.16,88.27,78.06,96.84,85.82,74.18,53.98,0.31,24.01
10-144,LOMAS DE TETELPAN,ALVARO OBREGON,False,,,,4143,2230,1913,37,32,25,2,0,0,0,31,24,2,743,457,286,185,111,64,1365,1494,1245,1494,1463,1494,1240,1494,1129,1494,1019,1494,0,1291,664,3963,20,1,13.59,0.89,0.77,1.12,0.1,0.0,0.0,0.0,0.75,1.08,0.1,17.93,20.49,14.95,4.47,4.98,3.35,91.37,83.33,97.93,83.0,75.57,68.21,0.0,16.75
10-145,LORETO,ALVARO OBREGON,False,,,,871,446,423,19,4,0,3,0,0,0,4,0,3,131,66,58,38,15,18,249,280,223,280,267,280,236,280,193,280,161,280,0,280,159,860,11,1,12.97,2.18,0.46,0.0,0.71,0.0,0.0,0.0,0.46,0.0,0.71,15.04,14.8,13.71,4.36,3.36,4.26,88.93,79.64,95.36,84.29,68.93,57.5,0.0,18.49
10-146,LOS CEDROS,ALVARO OBREGON,False,,,,908,482,426,41,14,3,7,0,0,0,8,0,4,201,110,91,31,10,13,180,250,127,250,236,250,176,250,152,250,52,250,0,250,295,908,6,0,9.23,4.52,1.54,0.62,1.64,0.0,0.0,0.0,0.88,0.0,0.94,22.14,22.82,21.36,3.41,2.07,3.05,72.0,50.8,94.4,70.4,60.8,20.8,0.0,32.49
10-147,LOS GAMITOS,ALVARO OBREGON,False,,,,741,385,356,4,0,0,0,0,0,0,0,0,0,85,50,35,10,6,4,111,189,72,189,162,189,150,189,114,189,40,189,0,118,158,722,3,0,9.96,0.54,0.0,0.0,0.0,0.0,0.0,0.0,0.0,0.0,0.0,11.47,12.99,9.83,1.35,1.56,1.12,58.73,38.1,85.71,79.37,60.32,21.16,0.0,21.88
10-148,MARGARITA M DE JUAREZ,ALVARO OBREGON,False,,,,848,413,435,18,9,6,2,0,0,0,8,5,2,133,68,65,26,13,11,182,220,120,220,190,220,183,220,168,220,149,204,0,195,190,656,5,0,10.64,2.12,1.06,1.45,0.46,0.0,0.0,0.0,0.94,1.21,0.46,15.68,16.46,14.94,3.07,3.15,2.53,82.73,54.55,86.36,83.18,76.36,73.04,0.0,28.96
10-149,MARIA G DE GARCIA RUIZ,ALVARO OBREGON,False,,,,2828,1475,1353,26,5,0,3,0,0,0,5,0,3,353,190,163,43,20,19,566,778,407,778,674,778,629,778,347,778,228,766,0,588,538,2730,12,0,10.8,0.92,0.18,0.0,0.22,0.0,0.0,0.0,0.18,0.0,0.22,12.48,12.88,12.05,1.52,1.36,1.4,72.75,52.31,86.63,80.85,44.6,29.77,0.0,19.71
10-150,MARTIRES DE TACUBAYA,ALVARO OBREGON,False,,,,621,326,295,4,0,0,0,0,0,0,0,0,0,71,48,23,13,6,0,134,194,111,194,170,194,154,194,89,194,58,194,0,152,161,619,5,1,11.3,0.64,0.0,0.0,0.0,0.0,0.0,0.0,0.0,0.0,0.0,11.43,14.72,7.8,2.09,1.84,0.0,69.07,57.22,87.63,79.38,45.88,29.9,0.0,26.01
10-151,MERCED GOMEZ,ALVARO OBREGON,False,,,,6539,3474,3059,110,48,20,18,0,0,0,48,20,18,1022,581,404,181,58,67,1924,2244,1610,2237,2131,2254,1865,2254,1462,2241,1100,2194,0,2056,1398,6315,86,3,12.97,1.68,0.73,0.58,0.59,0.0,0.0,0.0,0.73,0.58,0.59,15.63,16.72,13.21,2.77,1.67,2.19,85.74,71.97,94.54,82.74,65.24,50.14,0.0,22.14
10-152,METROPOLITANO (U HAB),ALVARO OBREGON,False,,,,1686,877,809,3,0,0,0,0,0,0,0,0,0,231,132,91,51,22,9,544,608,470,608,598,608,454,608,480,608,325,608,0,608,280,1594,24,0,13.06,0.18,0.0,0.0,0.0,0.0,0.0,0.0,0.0,0.0,0.0,13.7,15.05,11.25,3.02,2.51,1.11,89.47,77.3,98.36,74.67,78.95,53.45,0.0,17.57
10-153,MIGUEL GAONA ARMENTA,ALVARO OBREGON,False,,,,2307,1166,1128,227,54,26,19,0,0,0,52,25,19,428,228,194,17,4,4,266,503,147,467,478,526,425,526,123,442,56,407,0,435,710,2214,26,3,8.54,9.84,2.34,2.23,1.68,0.0,0.0,0.0,2.25,2.14,1.68,18.55,19.55,17.2,0.74,0.34,0.35,52.88,31.48,90.87,80.8,27.83,13.76,0.0,32.07
10-154,MIGUEL HIDALGO,ALVARO OBREGON,False,,,,1698,858,839,30,3,0,0,0,0,0,3,0,0,238,115,117,115,56,56,486,611,446,611,577,611,486,611,396,611,300,555,0,175,348,1684,9,0,13.09,1.77,0.18,0.0,0.0,0.0,0.0,0.0,0.18,0.0,0.0,14.02,13.4,13.95,6.77,6.53,6.67,79.54,73.0,94.44,79.54,64.81,54.05,0.0,20.67
10-155,MILPA DEL CEDRO,ALVARO OBREGON,False,,,,231,115,111,0,0,0,0,0,0,0,0,0,0,36,25,7,0,0,0,35,55,20,48,52,55,35,55,21,48,9,38,0,36,62,203,5,1,9.51,0.0,0.0,0.0,0.0,0.0,0.0,0.0,0.0,0.0,0.0,15.58,21.74,6.31,0.0,0.0,0.0,63.64,41.67,94.55,63.64,43.75,23.68,0.0,30.54
10-156,MINAS DE CRISTO,ALVARO OBREGON,False,,,,3501,1795,1706,22,0,0,0,0,0,0,0,0,0,390,210,179,25,7,8,567,853,431,857,764,857,671,857,403,857,160,849,0,562,926,3492,23,0,9.7,0.63,0.0,0.0,0.0,0.0,0.0,0.0,0.0,0.0,0.0,11.14,11.7,10.49,0.71,0.39,0.47,66.47,50.29,89.15,78.3,47.02,18.85,0.0,26.52
10-157,MOLINO DE ROSAS,ALVARO OBREGON,False,,,,6824,3659,3149,62,8,0,0,0,0,0,8,0,0,906,520,366,145,53,56,1750,2171,1425,2171,2006,2171,1763,2171,1246,2171,818,2151,0,2139,1576,6769,74,11,12.3,0.91,0.12,0.0,0.0,0.0,0.0,0.0,0.12,0.0,0.0,13.28,14.21,11.62,2.12,1.45,1.78,80.61,65.64,92.4,81.21,57.39,38.03,0.0,23.28
10-158,MOLINO DE ROSAS (AMPL),ALVARO OBREGON,False,,,,1195,643,552,26,5,4,0,0,0,0,5,4,0,113,68,39,0,0,0,241,319,169,319,285,319,247,315,157,315,74,305,4,319,338,1173,11,0,10.59,2.18,0.42,0.62,0.0,0.0,0.0,0.0,0.42,0.62,0.0,9.46,10.58,7.07,0.0,0.0,0.0,75.55,52.98,89.34,78.41,49.84,24.26,1.25,28.82
10-159,MOLINO DE SANTO DOMINGO,ALVARO OBREGON,False,,,,4762,2453,2302,70,4,0,0,0,0,0,4,0,0,570,305,253,47,7,20,991,1415,797,1415,1256,1418,1150,1415,680,1406,446,1405,0,1297,1082,4705,42,2,11.19,1.47,0.08,0.0,0.0,0.0,0.0,0.0,0.08,0.0,0.0,11.97,12.43,10.99,0.99,0.29,0.87,70.04,56.33,88.58,81.27,48.36,31.74,0.0,23.0
10-160,MOLINO DE SANTO DOMINGO (U HAB),ALVARO OBREGON,False,,,,1476,780,696,10,0,0,0,0,0,0,0,0,0,175,84,56,4,3,0,327,416,261,416,373,421,346,422,187,397,104,320,0,414,334,1383,33,0,11.44,0.68,0.0,0.0,0.0,0.0,0.0,0.0,0.0,0.0,0.0,11.86,10.77,8.05,0.27,0.38,0.0,78.61,62.74,88.6,81.99,47.1,32.5,0.0,24.15
10-161,OCHO DE AGOSTO,ALVARO OBREGON,False,,,,2082,1052,1029,149,75,35,40,0,0,0,74,34,40,492,261,230,130,71,55,503,639,410,639,598,639,506,639,328,639,318,639,0,604,458,2021,10,3,11.11,7.16,3.6,3.33,3.89,0.0,0.0,0.0,3.55,3.23,3.89,23.63,24.81,22.35,6.24,6.75,5.34,78.72,64.16,93.58,79.19,51.33,49.77,0.0,22.66
10-162,OCOTILLOS,ALVARO OBREGON,False,,,,1058,562,497,12,2,2,0,0,0,0,2,2,0,173,102,72,13,5,6,241,312,197,312,297,312,267,312,201,312,128,312,0,312,308,739,5,1,10.99,1.13,0.19,0.36,0.0,0.0,0.0,0.0,0.19,0.36,0.0,16.35,18.15,14.49,1.23,0.89,1.21,77.24,63.14,95.19,85.58,64.42,41.03,0.0,41.68
10-163,OLIVAR DE LOS PADRES,ALVARO OBREGON,False,,,,15280,8210,7066,111,123,86,28,0,0,0,121,85,28,2494,1543,939,636,378,251,4349,4981,3932,4981,4751,4981,4062,4981,3557,4978,2872,4962,2,3519,3434,13549,47,3,13.12,0.73,0.8,1.05,0.4,0.0,0.0,0.0,0.79,1.04,0.4,16.32,18.79,13.29,4.16,4.6,3.55,87.31,78.94,95.38,81.55,71.45,57.88,0.06,25.35
10-166,PALMAS,ALVARO OBREGON,False,,,,3215,1675,1540,108,42,17,12,0,0,0,42,17,12,476,282,192,47,24,12,622,890,461,890,813,890,781,890,387,890,221,867,0,840,947,3199,19,2,10.12,3.36,1.31,1.01,0.78,0.0,0.0,0.0,1.31,1.01,0.78,14.81,16.84,12.47,1.46,1.43,0.78,69.89,51.8,91.35,87.75,43.48,25.49,0.0,29.6
10-167,PALMAS AXOTITLA,ALVARO OBREGON,False,,,,2239,1200,1039,42,13,0,4,0,0,0,13,0,4,349,201,148,12,6,0,343,498,223,479,452,498,408,498,249,498,96,479,0,457,783,2209,13,0,9.1,1.88,0.58,0.0,0.38,0.0,0.0,0.0,0.58,0.0,0.38,15.59,16.75,14.24,0.54,0.5,0.0,68.88,46.56,90.76,81.93,50.0,20.04,0.0,35.45
10-168,PARAJE EL CABALLITO,ALVARO OBREGON,False,,,,3712,1874,1838,368,112,59,41,0,0,0,112,59,41,887,451,436,72,29,33,585,922,336,894,811,922,729,922,252,894,105,776,0,408,1317,3298,17,0,8.92,9.91,3.02,3.15,2.23,0.0,0.0,0.0,3.02,3.15,2.23,23.9,24.07,23.72,1.94,1.55,1.8,63.45,37.58,87.96,79.07,28.19,13.53,0.0,39.93
10-169,PARQUE RESIDENCIAL SAN ANTONIO (U HAB),ALVARO OBREGON,False,,,,6605,3427,3178,61,22,5,9,0,0,0,15,2,6,1383,691,692,703,370,332,2589,2687,2449,2687,2644,2687,2018,2687,1943,2687,2054,2687,0,2455,884,6124,11,1,14.69,0.92,0.33,0.15,0.28,0.0,0.0,0.0,0.23,0.06,0.19,20.94,20.16,21.77,10.64,10.8,10.45,96.35,91.14,98.4,75.1,72.31,76.44,0.0,14.44
10-170,PASEO DE LAS LOMAS-SAN GABRIEL,ALVARO OBREGON,False,,,,3740,2012,1728,30,41,35,6,0,0,0,38,34,4,769,489,278,340,224,111,1137,1196,1063,1196,1178,1196,932,1192,922,1192,864,1191,0,600,616,3425,17,1,13.93,0.8,1.1,1.74,0.35,0.0,0.0,0.0,1.02,1.69,0.23,20.56,24.3,16.09,9.09,11.13,6.42,95.07,88.88,98.49,78.19,77.35,72.54,0.0,17.99
10-171,PILOTO (ADOLFO LOPEZ MATEOS),ALVARO OBREGON,False,,,,5324,2751,2573,48,8,0,3,0,0,0,8,0,3,754,421,312,65,27,15,1056,1462,802,1448,1333,1462,1208,1462,688,1448,334,1244,0,1355,1308,5315,48,2,11.09,0.9,0.15,0.0,0.12,0.0,0.0,0.0,0.15,0.0,0.12,14.16,15.3,12.13,1.22,0.98,0.58,72.23,55.39,91.18,82.63,47.51,26.85,0.0,24.61
10-172,PILOTO (ADOLFO LOPEZ MATEOS) (AMPL),ALVARO OBREGON,False,,,,8341,4340,3984,153,39,12,14,0,0,0,34,9,13,1210,666,535,89,40,28,1702,2395,1240,2389,2166,2395,1949,2395,1123,2389,695,2339,0,1807,2474,8043,58,5,10.62,1.83,0.47,0.28,0.35,0.0,0.0,0.0,0.41,0.21,0.33,14.51,15.35,13.43,1.07,0.92,0.7,71.06,51.9,90.44,81.38,47.01,29.71,0.0,30.76
10-173,PODER POPULAR,ALVARO OBREGON,False,,,,1304,696,607,61,4,0,0,0,0,0,4,0,0,235,136,96,17,3,9,266,342,199,342,305,342,284,342,198,342,127,329,0,320,298,1242,19,0,10.89,4.68,0.31,0.0,0.0,0.0,0.0,0.0,0.31,0.0,0.0,18.02,19.54,15.82,1.3,0.43,1.48,77.78,58.19,89.18,83.04,57.89,38.6,0.0,23.99
10-174,POLVORA,ALVARO OBREGON,False,,,,1983,1017,965,53,17,7,6,0,0,0,17,7,6,241,128,106,26,8,10,317,472,232,472,433,472,356,473,177,472,95,451,0,344,470,1971,15,0,9.95,2.67,0.86,0.69,0.62,0.0,0.0,0.0,0.86,0.69,0.62,12.15,12.59,10.98,1.31,0.79,1.04,67.16,49.15,91.74,75.26,37.5,21.06,0.0,23.85
10-175,PONCIANO ARRIAGA,ALVARO OBREGON,False,,,,1553,790,763,123,26,5,9,0,0,0,26,5,9,291,173,118,7,0,0,218,278,170,274,264,278,242,278,161,278,94,251,0,244,539,1526,12,0,10.11,7.92,1.67,0.63,1.18,0.0,0.0,0.0,1.67,0.63,1.18,18.74,21.9,15.47,0.45,0.0,0.0,78.42,62.04,94.96,87.05,57.91,37.45,0.0,35.32
10-176,PRADOS LA PROVIDENCIA,ALVARO OBREGON,False,,,,1909,989,920,70,11,3,0,0,0,0,11,3,0,353,204,148,23,8,11,390,525,274,521,487,525,423,525,221,515,146,515,0,309,569,1878,9,0,10.47,3.67,0.58,0.3,0.0,0.0,0.0,0.0,0.58,0.3,0.0,18.49,20.63,16.09,1.2,0.81,1.2,74.29,52.59,92.76,80.57,42.91,28.35,0.0,30.3
10-177,PRESIDENTES,ALVARO OBREGON,False,,,,4993,2599,2386,70,10,3,0,0,0,0,10,3,0,770,446,323,82,39,22,1126,1496,878,1496,1385,1496,1226,1496,752,1496,393,1272,0,1409,1298,4929,33,5,11.33,1.4,0.2,0.12,0.0,0.0,0.0,0.0,0.2,0.12,0.0,15.42,17.16,13.54,1.64,1.5,0.92,75.27,58.69,92.58,81.95,50.27,30.9,0.0,26.33
10-178,PRESIDENTES 1RA (AMPL),ALVARO OBREGON,False,,,,2328,1198,1128,28,8,6,0,0,0,0,8,6,0,272,146,115,25,0,7,521,676,418,676,604,676,540,676,358,676,236,676,1,537,618,2000,17,2,11.24,1.2,0.34,0.5,0.0,0.0,0.0,0.0,0.34,0.5,0.0,11.68,12.19,10.2,1.07,0.0,0.62,77.07,61.83,89.35,79.88,52.96,34.91,0.19,30.9
10-179,PRESIDENTES 2DA (AMPL),ALVARO OBREGON,False,,,,5874,3025,2849,146,43,14,13,0,0,0,43,14,13,849,453,393,55,21,18,1147,1647,785,1641,1504,1647,1337,1647,713,1647,427,1627,9,1281,1793,5382,34,3,10.11,2.49,0.73,0.46,0.46,0.0,0.0,0.0,0.73,0.46,0.46,14.45,14.98,13.79,0.94,0.69,0.63,69.64,47.84,91.32,81.18,43.29,26.24,0.7,33.31
10-180,PRIVADA CENTENARIO,ALVARO OBREGON,False,,,,1119,603,516,12,1,1,0,0,0,0,1,1,0,198,115,79,38,22,13,292,347,239,347,338,353,270,353,203,336,160,347,0,290,213,1022,9,2,12.16,1.07,0.09,0.17,0.0,0.0,0.0,0.0,0.09,0.17,0.0,17.69,19.07,15.31,3.4,3.65,2.52,84.15,68.88,95.75,76.49,60.42,46.11,0.0,20.84
10-181,PROF JOSE ARTURO LOPEZ,ALVARO OBREGON,False,,,,2539,1318,1220,153,53,20,16,0,0,0,53,20,16,596,337,256,48,23,9,512,636,391,636,615,636,523,636,397,636,195,636,0,536,545,2430,21,0,11.0,6.03,2.09,1.52,1.31,0.0,0.0,0.0,2.09,1.52,1.31,23.47,25.57,20.98,1.89,1.75,0.74,80.5,61.48,96.7,82.23,62.42,30.66,0.0,22.43
10-182,PROGRESO TIZAPAN,ALVARO OBREGON,False,,,,8620,4591,4028,95,36,16,12,0,0,0,36,16,12,1052,544,495,388,163,202,2342,2872,1997,2872,2659,2872,2401,2872,1858,2867,1277,2867,6,2277,1901,8504,49,4,12.27,1.1,0.42,0.35,0.3,0.0,0.0,0.0,0.42,0.35,0.3,12.2,11.85,12.29,4.5,3.55,5.01,81.55,69.53,92.58,83.6,64.81,44.54,0.26,22.35
10-183,PUEBLO NUEVO,ALVARO OBREGON,False,,,,930,489,441,29,11,2,5,0,0,0,11,2,5,127,76,51,26,17,7,196,276,134,276,251,276,236,276,155,276,76,276,0,219,203,525,2,0,10.28,3.12,1.18,0.41,1.13,0.0,0.0,0.0,1.18,0.41,1.13,13.66,15.54,11.56,2.8,3.48,1.59,71.01,48.55,90.94,85.51,56.16,27.54,0.0,38.67
10-184,PUENTE COLORADO,ALVARO OBREGON,False,,,,2763,1425,1332,44,21,12,5,0,0,0,21,12,5,430,241,184,39,14,10,584,800,457,800,721,800,565,800,412,792,196,788,0,562,974,2664,19,2,10.51,1.59,0.76,0.84,0.38,0.0,0.0,0.0,0.76,0.84,0.38,15.56,16.91,13.81,1.41,0.98,0.75,73.0,57.12,90.12,70.62,52.02,24.87,0.0,36.56
10-185,PUENTE COLORADO (AMPL),ALVARO OBREGON,False,,,,2976,1556,1419,83,34,12,10,0,0,0,33,12,10,458,250,204,27,10,7,597,835,501,835,756,835,643,835,481,835,197,823,0,786,890,2917,18,1,9.84,2.79,1.14,0.77,0.7,0.0,0.0,0.0,1.11,0.77,0.7,15.39,16.07,14.38,0.91,0.64,0.49,71.5,60.0,90.54,77.01,57.6,23.94,0.0,30.51
10-186,PUNTA DE CEHUAYO,ALVARO OBREGON,False,,,,2271,1200,1070,85,31,14,10,0,0,0,30,11,10,472,269,197,51,28,9,360,623,237,616,569,623,426,623,208,616,82,588,0,538,728,2259,19,2,9.81,3.74,1.37,1.17,0.93,0.0,0.0,0.0,1.32,0.92,0.93,20.78,22.42,18.41,2.25,2.33,0.84,57.78,38.47,91.33,68.38,33.77,13.95,0.0,32.23
10-187,REACOMODO EL CUERNITO,ALVARO OBREGON,False,,,,2827,1455,1368,61,10,3,4,0,0,0,8,3,3,377,208,169,9,3,3,465,666,304,666,595,666,511,666,389,666,140,666,0,626,703,2700,9,1,9.88,2.16,0.35,0.21,0.29,0.0,0.0,0.0,0.28,0.21,0.22,13.34,14.3,12.35,0.32,0.21,0.22,69.82,45.65,89.34,76.73,58.41,21.02,0.0,26.04
10-188,REACOMODO PINO SUAREZ,ALVARO OBREGON,False,,,,748,370,378,13,4,0,3,0,0,0,4,0,3,108,59,44,19,6,6,108,144,80,141,137,144,107,144,86,137,52,144,0,144,183,682,10,0,9.93,1.74,0.53,0.0,0.79,0.0,0.0,0.0,0.53,0.0,0.79,14.44,15.95,11.64,2.54,1.62,1.59,75.0,56.74,95.14,74.31,62.77,36.11,0.0,26.83
10-189,REAL DEL MONTE,ALVARO OBREGON,False,,,,1156,571,585,39,24,6,16,0,0,0,19,6,11,297,128,168,61,22,36,198,291,152,291,269,291,210,291,115,291,67,291,0,291,243,1128,7,0,9.66,3.37,2.08,1.05,2.74,0.0,0.0,0.0,1.64,1.05,1.88,25.69,22.42,28.72,5.28,3.85,6.15,68.04,52.23,92.44,72.16,39.52,23.02,0.0,21.54
10-190,RINCON DE LA BOLSA,ALVARO OBREGON,False,,,,1918,994,924,64,16,5,6,0,0,0,16,5,6,349,199,144,20,8,6,372,522,281,522,475,522,421,522,210,522,137,512,0,492,591,1781,20,0,10.44,3.34,0.83,0.5,0.65,0.0,0.0,0.0,0.83,0.5,0.65,18.2,20.02,15.58,1.04,0.8,0.65,71.26,53.83,91.0,80.65,40.23,26.76,0.0,33.18
10-192,SAN ANGEL,ALVARO OBREGON,False,,,,2253,1327,899,28,30,18,0,0,0,0,30,18,0,450,307,135,106,63,30,634,686,607,689,665,689,587,689,533,689,463,689,0,689,443,2198,40,7,13.82,1.24,1.33,1.36,0.0,0.0,0.0,0.0,1.33,1.36,0.0,19.97,23.13,15.02,4.7,4.75,3.34,92.42,88.1,96.52,85.2,77.36,67.2,0.0,20.15
10-193,SAN ANGEL INN,ALVARO OBREGON,False,,,,1714,964,751,21,21,19,0,0,0,0,21,19,0,327,220,83,59,45,12,526,544,505,544,535,544,474,544,474,544,425,544,0,544,327,1655,30,1,14.3,1.23,1.23,1.97,0.0,0.0,0.0,0.0,1.23,1.97,0.0,19.08,22.82,11.05,3.44,4.67,1.6,96.69,92.83,98.35,87.13,87.13,78.12,0.0,19.76
10-194,SAN BARTOLO AMEYALCO (PBLO),ALVARO OBREGON,True,SAN BARTOLO AMEYALCO (PBLO),NAHUAS,NAHUATL,25060,12878,12182,841,306,154,113,0,0,0,301,152,113,3654,2044,1593,362,167,167,4708,6619,3447,6608,5979,6619,5380,6619,2357,6600,1777,6571,6,3608,7544,23812,86,5,10.35,3.36,1.22,1.2,0.93,0.0,0.0,0.0,1.2,1.18,0.93,14.58,15.87,13.08,1.44,1.3,1.37,71.13,52.16,90.33,81.28,35.71,27.04,0.17,31.68
10-195,SAN CLEMENTE,ALVARO OBREGON,False,,,,8995,4729,4266,95,38,21,7,0,0,0,37,20,7,1717,958,750,122,50,47,2046,2800,1600,2781,2558,2800,2174,2800,1464,2792,956,2734,9,2113,2703,8902,46,3,10.76,1.06,0.42,0.44,0.16,0.0,0.0,0.0,0.41,0.42,0.16,19.09,20.26,17.58,1.36,1.06,1.1,73.07,57.53,91.36,77.64,52.44,34.97,0.43,30.36
10-196,SAN GABRIEL,ALVARO OBREGON,False,,,,173,93,80,1,2,2,0,0,0,0,2,2,0,31,19,12,14,8,6,46,52,40,52,50,52,40,52,32,52,32,52,,,40,31,0,0,12.46,0.58,1.16,2.15,0.0,0.0,0.0,0.0,1.16,2.15,0.0,17.92,20.43,15.0,8.09,8.6,7.5,88.46,76.92,96.15,76.92,61.54,61.54,,129.03
10-197,SAN PEDRO DE LOS PINOS,ALVARO OBREGON,False,,,,146,71,64,6,0,0,0,0,0,0,0,0,0,36,23,11,8,0,7,22,28,17,28,25,28,18,28,12,28,7,28,0,28,26,135,14,2,10.35,4.11,0.0,0.0,0.0,0.0,0.0,0.0,0.0,0.0,0.0,24.66,32.39,17.19,5.48,0.0,10.94,78.57,60.71,89.29,64.29,42.86,25.0,0.0,19.26
10-198,SANTA FE,ALVARO OBREGON,False,,,,7639,4003,3634,168,56,23,24,4,0,0,51,20,20,1428,765,654,296,153,125,1601,2080,1332,2080,1912,2080,1600,2080,1070,2080,758,2033,3,1853,1138,7254,43,3,11.3,2.2,0.73,0.57,0.66,0.05,0.0,0.0,0.67,0.5,0.55,18.69,19.11,18.0,3.87,3.82,3.44,76.97,64.04,91.92,76.92,51.44,37.28,0.16,15.69
10-199,SANTA FE (U HAB),ALVARO OBREGON,False,,,,5531,3015,2509,25,0,0,0,0,0,0,0,0,0,629,372,176,118,52,40,1649,2006,1404,2003,1852,2006,1621,2006,1261,1991,801,1918,0,2010,960,5312,105,4,12.76,0.45,0.0,0.0,0.0,0.0,0.0,0.0,0.0,0.0,0.0,11.37,12.34,7.01,2.13,1.72,1.59,82.2,70.09,92.32,80.81,63.34,41.76,0.0,18.07
10-200,SANTA LUCIA,ALVARO OBREGON,False,,,,7562,3879,3669,246,67,26,26,0,0,0,66,23,26,1242,686,523,205,96,81,1341,1974,979,1925,1835,2004,1619,2004,1016,1979,520,1822,3,1611,2038,6973,69,5,10.24,3.25,0.89,0.67,0.71,0.0,0.0,0.0,0.87,0.59,0.71,16.42,17.68,14.25,2.71,2.47,2.21,67.93,50.86,91.57,80.79,51.34,28.54,0.19,29.23
10-201,SANTA LUCIA REACOMODO,ALVARO OBREGON,False,,,,923,490,432,33,0,0,0,0,0,0,0,0,0,137,77,57,17,10,5,218,257,139,257,241,257,218,257,146,257,92,250,0,121,145,871,7,1,10.08,3.58,0.0,0.0,0.0,0.0,0.0,0.0,0.0,0.0,0.0,14.84,15.71,13.19,1.84,2.04,1.16,84.82,54.09,93.77,84.82,56.81,36.8,0.0,16.65
10-202,SANTA LUCIA (PBLO),ALVARO OBREGON,False,,,,539,289,250,9,3,,,0,0,0,3,,,64,38,26,6,5,,90,136,68,136,119,136,113,136,57,136,32,136,0,136,176,406,1,0,10.45,1.67,0.56,,,0.0,0.0,0.0,0.56,,,11.87,13.15,10.4,1.11,1.73,,66.18,50.0,87.5,83.09,41.91,23.53,0.0,43.35
10-203,SANTA MARIA NONOALCO,ALVARO OBREGON,False,,,,4239,2220,2015,46,7,4,3,0,0,0,7,4,3,587,354,222,66,30,22,1179,1475,950,1475,1364,1475,1171,1475,885,1475,634,1475,0,1187,960,4223,40,6,11.63,1.09,0.17,0.18,0.15,0.0,0.0,0.0,0.17,0.18,0.15,13.85,15.95,11.02,1.56,1.35,1.09,79.93,64.41,92.47,79.39,60.0,42.98,0.0,22.73
10-204,SANTA ROSA XOCHIAC (PBLO),ALVARO OBREGON,True,SANTA ROSA XOCHIAC (PBLO),NAHUAS,NAHUATL,17547,8867,8665,716,264,112,106,0,0,0,262,112,106,2211,1186,997,285,128,121,3190,4423,2213,4413,4011,4428,3830,4428,1264,4406,1078,4178,0,3118,4694,17262,76,2,10.43,4.08,1.5,1.26,1.22,0.0,0.0,0.0,1.49,1.26,1.22,12.6,13.38,11.51,1.62,1.44,1.4,72.12,50.15,90.58,86.5,28.69,25.8,0.0,27.19
10-205,SEARS ROEBUCK (U HAB),ALVARO OBREGON,False,,,,646,342,291,3,0,0,0,0,0,0,0,0,0,99,49,32,21,10,4,214,233,199,233,221,233,183,233,168,225,130,228,0,233,140,553,21,2,14.52,0.46,0.0,0.0,0.0,0.0,0.0,0.0,0.0,0.0,0.0,15.33,14.33,11.0,3.25,2.92,1.37,91.85,85.41,94.85,78.54,74.67,57.02,0.0,25.32
10-206,TARANGO (U HAB),ALVARO OBREGON,False,,,,964,506,458,6,2,0,0,0,0,0,2,0,0,144,81,63,28,12,14,288,313,263,313,311,313,264,313,250,313,182,313,0,313,173,466,2,0,13.37,0.62,0.21,0.0,0.0,0.0,0.0,0.0,0.21,0.0,0.0,14.94,16.01,13.76,2.9,2.37,3.06,92.01,84.03,99.36,84.35,79.87,58.15,0.0,37.12
10-208,TECOLALCO,ALVARO OBREGON,False,,,,1197,602,595,4,0,0,0,0,0,0,0,0,0,190,99,88,12,0,6,230,340,152,340,305,340,263,340,197,326,97,289,0,340,243,1016,9,1,9.9,0.33,0.0,0.0,0.0,0.0,0.0,0.0,0.0,0.0,0.0,15.87,16.45,14.79,1.0,0.0,1.01,67.65,44.71,89.71,77.35,60.43,33.56,0.0,23.92
10-209,TEJOCOTE,ALVARO OBREGON,False,,,,406,204,202,27,9,6,3,0,0,0,9,6,3,72,41,30,13,6,7,65,113,31,113,105,113,95,113,54,113,19,113,0,113,108,399,1,0,8.85,6.65,2.22,2.94,1.49,0.0,0.0,0.0,2.22,2.94,1.49,17.73,20.1,14.85,3.2,2.94,3.47,57.52,27.43,92.92,84.07,47.79,16.81,0.0,27.07
10-210,TEPEACA,ALVARO OBREGON,False,,,,1270,661,610,21,9,4,0,0,0,0,9,4,0,221,126,96,22,7,12,220,332,152,314,297,332,267,332,147,325,58,274,0,257,339,1162,7,1,10.25,1.65,0.71,0.61,0.0,0.0,0.0,0.0,0.71,0.61,0.0,17.4,19.06,15.74,1.73,1.06,1.97,66.27,48.41,89.46,80.42,45.23,21.17,0.0,29.17
10-211,TEPEACA (AMPL),ALVARO OBREGON,False,,,,1404,739,665,16,4,0,0,0,0,0,4,0,0,93,49,34,8,1,5,251,359,217,359,325,359,300,359,164,359,88,348,4,247,297,1314,12,0,10.65,1.14,0.28,0.0,0.0,0.0,0.0,0.0,0.28,0.0,0.0,6.62,6.63,5.11,0.57,0.14,0.75,69.92,60.45,90.53,83.57,45.68,25.29,1.62,22.6
10-212,TEPOPOTLA,ALVARO OBREGON,False,,,,684,352,331,5,0,0,0,0,0,0,0,0,0,74,44,24,0,0,0,111,156,76,156,143,156,128,156,72,156,53,156,0,156,195,586,6,0,9.81,0.73,0.0,0.0,0.0,0.0,0.0,0.0,0.0,0.0,0.0,10.82,12.5,7.25,0.0,0.0,0.0,71.15,48.72,91.67,82.05,46.15,33.97,0.0,33.28
10-213,TETELPAN,ALVARO OBREGON,False,,,,6260,3372,2888,96,47,24,13,0,0,0,46,24,13,1022,606,412,141,82,50,1430,1879,1225,1879,1738,1879,1435,1879,1128,1879,799,1849,3,1500,1739,5351,21,0,11.77,1.53,0.75,0.71,0.45,0.0,0.0,0.0,0.73,0.71,0.45,16.33,17.97,14.27,2.25,2.43,1.73,76.1,65.19,92.5,76.37,60.03,43.21,0.2,32.5
10-214,TETELPAN (PBLO),ALVARO OBREGON,False,,,,4077,2110,1963,105,39,21,13,0,0,0,39,20,13,644,369,271,70,48,22,940,1241,777,1241,1133,1241,812,1219,617,1235,450,1219,5,697,1127,3221,12,1,11.03,2.58,0.96,1.0,0.66,0.0,0.0,0.0,0.96,0.95,0.66,15.8,17.49,13.81,1.72,2.27,1.12,75.75,62.61,91.3,66.61,49.96,36.92,0.72,34.99
10-215,TETLALPAN,ALVARO OBREGON,False,,,,518,270,248,15,7,1,0,0,0,0,7,1,0,88,56,31,6,2,3,96,134,66,134,124,134,99,134,76,134,23,110,0,91,121,308,4,1,9.46,2.9,1.35,0.37,0.0,0.0,0.0,0.0,1.35,0.37,0.0,16.99,20.74,12.5,1.16,0.74,1.21,71.64,49.25,92.54,73.88,56.72,20.91,0.0,39.29
10-216,TIZAMPAMPANO,ALVARO OBREGON,False,,,,972,504,468,3,1,1,0,0,0,0,1,1,0,149,86,63,17,12,6,241,293,192,293,277,293,250,293,165,283,134,293,0,293,253,573,4,1,11.66,0.31,0.1,0.2,0.0,0.0,0.0,0.0,0.1,0.2,0.0,15.33,17.06,13.46,1.75,2.38,1.28,82.25,65.53,94.54,85.32,58.3,45.73,0.0,44.15
10-217,TIZAPAN_TIZAPAN SAN ANGEL,ALVARO OBREGON,False,,,,8995,4850,4138,63,39,21,10,0,0,0,39,21,10,1284,755,507,415,217,173,2868,3226,2567,3217,3044,3230,2687,3227,2344,3221,1651,3195,0,2962,1597,8920,64,8,13.51,0.7,0.43,0.43,0.24,0.0,0.0,0.0,0.43,0.43,0.24,14.27,15.57,12.25,4.61,4.47,4.18,88.9,79.79,94.24,83.27,72.77,51.67,0.0,17.9
10-218,TLACOPAC,ALVARO OBREGON,False,,,,2501,1374,1043,55,34,24,0,0,0,0,34,24,0,464,334,116,86,58,15,698,777,671,777,741,777,687,777,622,777,448,771,0,646,525,2405,21,4,14.16,2.2,1.36,1.75,0.0,0.0,0.0,0.0,1.36,1.75,0.0,18.55,24.31,11.12,3.44,4.22,1.44,89.83,86.36,95.37,88.42,80.05,58.11,0.0,21.83
10-219,TLACOYAQUE,ALVARO OBREGON,False,,,,1853,946,898,134,58,35,18,0,0,0,57,34,17,420,231,186,39,20,17,314,484,225,484,430,484,381,484,156,478,90,478,0,273,645,1702,13,3,10.0,7.23,3.13,3.7,2.0,0.0,0.0,0.0,3.08,3.59,1.89,22.67,24.42,20.71,2.1,2.11,1.89,64.88,46.49,88.84,78.72,32.64,18.83,0.0,37.9
10-220,TLACOYAQUE (AMPL),ALVARO OBREGON,False,,,,4453,2287,2165,423,136,73,57,0,0,0,135,72,57,1024,556,463,25,8,7,752,1121,476,1121,1043,1121,894,1121,324,1121,184,1090,0,850,1385,4076,23,1,9.55,9.5,3.05,3.19,2.63,0.0,0.0,0.0,3.03,3.15,2.63,23.0,24.31,21.39,0.56,0.35,0.32,67.08,42.46,93.04,79.75,28.9,16.88,0.0,33.98
10-221,TLACOYAQUE (BARR),ALVARO OBREGON,False,,,,871,439,433,47,15,10,3,0,0,0,15,10,3,204,107,97,4,0,0,109,189,69,189,154,189,131,189,53,189,36,154,0,162,256,782,6,0,9.87,5.4,1.72,2.28,0.69,0.0,0.0,0.0,1.72,2.28,0.69,23.42,24.37,22.4,0.46,0.0,0.0,57.67,36.51,81.48,69.31,28.04,23.38,0.0,32.74
10-222,TLACUITLAPA,ALVARO OBREGON,False,,,,2462,1271,1191,29,8,3,3,0,0,0,8,3,3,311,176,133,20,9,9,483,623,413,622,589,623,543,623,376,618,201,618,0,623,441,2231,16,0,10.91,1.18,0.32,0.24,0.25,0.0,0.0,0.0,0.32,0.24,0.25,12.63,13.85,11.17,0.81,0.71,0.76,77.53,66.4,94.54,87.16,60.84,32.52,0.0,19.77
10-223,TLACUITLAPA 2DO REACOMODO (AMPL),ALVARO OBREGON,False,,,,4234,2191,2043,142,34,4,4,0,0,0,34,4,4,818,447,370,34,7,4,767,1046,565,1046,953,1046,844,1046,560,1046,213,1022,0,929,1280,4048,32,2,9.54,3.35,0.8,0.18,0.2,0.0,0.0,0.0,0.8,0.18,0.2,19.32,20.4,18.11,0.8,0.32,0.2,73.33,54.02,91.11,80.69,53.54,20.84,0.0,31.62
10-224,TLAPECHICO,ALVARO OBREGON,False,,,,3605,1896,1708,70,17,9,8,0,0,0,13,9,0,524,293,227,79,40,23,540,783,371,774,721,783,672,783,380,759,179,734,0,691,867,3599,28,2,9.09,1.94,0.47,0.47,0.47,0.0,0.0,0.0,0.36,0.47,0.0,14.54,15.45,13.29,2.19,2.11,1.35,68.97,47.93,92.08,85.82,50.07,24.39,0.0,24.09
10-226,TOLTECA,ALVARO OBREGON,False,,,,1721,899,817,8,0,0,0,0,0,0,0,0,0,229,129,95,29,13,14,338,411,269,411,389,411,359,411,214,411,158,411,0,277,494,1606,14,2,11.05,0.46,0.0,0.0,0.0,0.0,0.0,0.0,0.0,0.0,0.0,13.31,14.35,11.63,1.69,1.45,1.71,82.24,65.45,94.65,87.35,52.07,38.44,0.0,30.76
10-227,TORRES DE MIXCOAC (U HAB),ALVARO OBREGON,False,,,,1560,844,716,22,7,0,3,0,0,0,7,0,3,349,198,151,77,29,27,613,650,577,650,631,650,572,650,495,650,399,650,0,650,259,1560,16,0,14.9,1.41,0.45,0.0,0.42,0.0,0.0,0.0,0.45,0.0,0.42,22.37,23.46,21.09,4.94,3.44,3.77,94.31,88.77,97.08,88.0,76.15,61.38,0.0,16.6
10-228,TORRES DE POTRERO,ALVARO OBREGON,False,,,,12909,6705,6173,362,120,43,45,0,0,0,120,43,45,2048,1119,900,129,70,43,2389,3466,1757,3460,3166,3474,2765,3473,1395,3418,771,3217,0,3035,3932,12686,103,10,9.94,2.8,0.93,0.64,0.73,0.0,0.0,0.0,0.93,0.64,0.73,15.86,16.69,14.58,1.0,1.04,0.7,68.93,50.78,91.13,79.61,40.81,23.97,0.0,30.99
10-229,TORRES SAN ANTONIO (U HAB),ALVARO OBREGON,False,,,,5910,3148,2762,80,32,16,10,0,0,0,31,16,10,1194,639,555,450,223,227,2216,2326,2038,2326,2276,2326,1890,2326,1655,2326,1600,2326,0,2046,930,5108,7,0,14.15,1.35,0.54,0.51,0.36,0.0,0.0,0.0,0.52,0.51,0.36,20.2,20.3,20.09,7.61,7.08,8.22,95.27,87.62,97.85,81.26,71.15,68.79,0.0,18.21
10-230,TORRES SAN PEDRO (U HAB),ALVARO OBREGON,False,,,,3288,1761,1527,13,6,0,0,0,0,0,6,0,0,661,356,305,222,116,106,1177,1252,1097,1252,1240,1252,974,1252,875,1252,839,1252,0,1252,615,3240,7,1,14.29,0.4,0.18,0.0,0.0,0.0,0.0,0.0,0.18,0.0,0.0,20.1,20.22,19.97,6.75,6.59,6.94,94.01,87.62,99.04,77.8,69.89,67.01,0.0,18.98
10-231,BELEN DE LAS FLORES (U HAB),ALVARO OBREGON,False,,,,3950,2069,1881,35,7,3,0,0,0,0,7,3,0,641,365,248,102,25,56,1055,1220,835,1220,1158,1224,1020,1224,827,1215,418,1118,0,1147,675,3683,58,3,11.85,0.89,0.18,0.14,0.0,0.0,0.0,0.0,0.18,0.14,0.0,16.23,17.64,13.18,2.58,1.21,2.98,86.48,68.44,94.61,83.33,68.07,37.39,0.0,18.33
10-232,UNIDAD POPULAR TEPEACA,ALVARO OBREGON,False,,,,2178,1112,1066,70,31,15,10,0,0,0,14,6,0,498,266,232,52,17,23,337,509,211,509,474,509,378,509,185,509,48,337,0,264,659,1990,16,1,9.05,3.21,1.42,1.35,0.94,0.0,0.0,0.0,0.64,0.54,0.0,22.87,23.92,21.76,2.39,1.53,2.16,66.21,41.45,93.12,74.26,36.35,14.24,0.0,33.12
10-233,UNION OLIVOS,ALVARO OBREGON,False,,,,747,385,362,0,0,0,0,0,0,0,0,0,0,43,17,21,0,0,0,125,168,90,168,162,168,131,168,75,168,35,151,0,138,210,638,5,0,9.67,0.0,0.0,0.0,0.0,0.0,0.0,0.0,0.0,0.0,0.0,5.76,4.42,5.8,0.0,0.0,0.0,74.4,53.57,96.43,77.98,44.64,23.18,0.0,32.92
10-234,UNION POPULAR EMILIANO ZAPATA (U HAB),ALVARO OBREGON,False,,,,2753,1464,1284,79,9,0,2,0,0,0,6,0,2,477,292,175,29,9,10,581,708,492,702,669,708,598,708,405,702,288,689,0,708,859,2618,38,2,11.03,2.87,0.33,0.0,0.16,0.0,0.0,0.0,0.22,0.0,0.16,17.33,19.95,13.63,1.05,0.61,0.78,82.06,70.09,94.49,84.46,57.69,41.8,0.0,32.81
10-235,VALENTIN GOMEZ FARIAS,ALVARO OBREGON,False,,,,1658,874,783,34,4,3,0,0,0,0,3,0,0,237,130,99,2,1,1,291,384,197,381,356,384,287,384,156,378,69,290,0,384,358,1579,22,2,10.3,2.05,0.24,0.34,0.0,0.0,0.0,0.0,0.18,0.0,0.0,14.29,14.87,12.64,0.12,0.11,0.13,75.78,51.71,92.71,74.74,41.27,23.79,0.0,22.67
10-236,VILLA PROGRESISTA,ALVARO OBREGON,False,,,,2403,1233,1168,92,6,3,0,0,0,0,6,3,0,385,203,160,5,0,0,449,586,312,566,542,592,535,592,268,557,161,513,0,545,782,2225,37,1,9.51,3.83,0.25,0.24,0.0,0.0,0.0,0.0,0.25,0.24,0.0,16.02,16.46,13.7,0.21,0.0,0.0,76.62,55.12,91.55,90.37,48.11,31.38,0.0,35.15
10-237,VILLA SOLIDARIDAD,ALVARO OBREGON,False,,,,888,463,425,20,3,0,0,0,0,0,3,0,0,127,66,59,6,3,0,165,259,68,259,240,259,182,259,139,259,63,259,0,226,209,871,8,1,8.5,2.25,0.34,0.0,0.0,0.0,0.0,0.0,0.34,0.0,0.0,14.3,14.25,13.88,0.68,0.65,0.0,63.71,26.25,92.66,70.27,53.67,24.32,0.0,24.0
10-238,VILLA VERDUN,ALVARO OBREGON,False,,,,3407,1809,1598,32,49,38,2,0,0,0,49,38,2,645,393,252,97,63,21,910,990,866,990,959,990,836,990,744,990,621,990,0,652,651,2883,18,1,14.19,0.94,1.44,2.1,0.13,0.0,0.0,0.0,1.44,2.1,0.13,18.93,21.72,15.77,2.85,3.48,1.31,91.92,87.47,96.87,84.44,75.15,62.73,0.0,22.58
10-239,ZENON DELGADO,ALVARO OBREGON,False,,,,2222,1136,1072,32,0,0,0,0,0,0,0,0,0,252,138,109,27,13,8,383,531,283,525,474,531,431,531,223,531,124,514,0,345,638,2186,19,1,10.51,1.44,0.0,0.0,0.0,0.0,0.0,0.0,0.0,0.0,0.0,11.34,12.15,10.17,1.22,1.14,0.75,72.13,53.9,89.27,81.17,42.0,24.12,0.0,29.19
10-240,ZOTOLTITLA,ALVARO OBREGON,False,,,,901,469,426,31,3,0,0,0,0,0,3,0,0,162,94,63,10,3,4,134,179,108,179,168,179,156,182,97,168,39,174,0,178,257,857,9,1,9.48,3.44,0.33,0.0,0.0,0.0,0.0,0.0,0.33,0.0,0.0,17.98,20.04,14.79,1.11,0.64,0.94,74.86,60.34,93.85,85.71,57.74,22.41,0.0,29.99
10-241,19 DE MAYO,ALVARO OBREGON,False,,,,1497,732,765,19,0,0,0,0,0,0,0,0,0,170,83,87,15,5,4,233,340,142,337,324,340,274,340,174,337,81,313,0,340,394,1469,12,1,9.62,1.27,0.0,0.0,0.0,0.0,0.0,0.0,0.0,0.0,0.0,11.36,11.34,11.37,1.0,0.68,0.52,68.53,42.14,95.29,80.59,51.63,25.88,0.0,26.82
10-242,1RA VICTORIA,ALVARO OBREGON,False,,,,2114,1064,1047,43,8,4,0,0,0,0,8,4,0,316,179,135,42,12,18,385,573,252,573,493,573,423,573,267,573,109,554,0,442,485,2048,17,3,9.96,2.03,0.38,0.38,0.0,0.0,0.0,0.0,0.38,0.38,0.0,14.95,16.82,12.89,1.99,1.13,1.72,67.19,43.98,86.04,73.82,46.6,19.68,0.0,23.68
10-243,1RA VICTORIA SECCION BOSQUES,ALVARO OBREGON,False,,,,3583,1848,1735,79,19,7,7,0,0,0,19,7,7,639,349,290,39,18,10,485,640,322,640,587,640,506,640,218,640,119,596,0,600,851,3452,23,1,9.77,2.2,0.53,0.38,0.4,0.0,0.0,0.0,0.53,0.38,0.4,17.83,18.89,16.71,1.09,0.97,0.58,75.78,50.31,91.72,79.06,34.06,19.97,0.0,24.65
10-244,26 DE JULIO,ALVARO OBREGON,False,,,,619,326,293,58,14,6,6,0,0,0,14,6,6,162,89,71,19,10,4,38,119,34,98,130,141,113,141,59,124,5,62,0,141,215,301,10,0,8.27,9.37,2.26,1.84,2.05,0.0,0.0,0.0,2.26,1.84,2.05,26.17,27.3,24.23,3.07,3.07,1.37,31.93,34.69,92.2,80.14,47.58,8.06,0.0,71.43
10-245,2DA EL PIRUL (AMPL),ALVARO OBREGON,False,,,,1041,540,501,22,13,9,4,0,0,0,13,9,4,154,78,74,35,20,13,177,239,119,239,218,239,204,239,130,239,53,201,0,211,220,984,6,0,10.33,2.11,1.25,1.67,0.8,0.0,0.0,0.0,1.25,1.67,0.8,14.79,14.44,14.77,3.36,3.7,2.59,74.06,49.79,91.21,85.36,54.39,26.37,0.0,22.36
10-246,2DA  JALALPA TEPITO (AMPL),ALVARO OBREGON,False,,,,4744,2440,2303,247,81,35,18,0,0,0,81,35,18,1080,589,489,115,47,41,847,1265,516,1256,1167,1272,975,1272,404,1272,230,1064,0,900,1273,4697,41,3,9.44,5.21,1.71,1.43,0.78,0.0,0.0,0.0,1.71,1.43,0.78,22.77,24.14,21.23,2.42,1.93,1.78,66.96,41.08,91.75,76.65,31.76,21.62,0.0,27.1
10-247,ESTADO DE HIDALGO_,ALVARO OBREGON,False,,,,1982,1022,960,96,49,14,30,0,0,0,48,13,30,368,196,172,102,41,58,425,576,328,576,528,576,488,576,318,576,209,575,0,576,510,1676,8,0,10.98,4.84,2.47,1.37,3.12,0.0,0.0,0.0,2.42,1.27,3.12,18.57,19.18,17.92,5.15,4.01,6.04,73.78,56.94,91.67,84.72,55.21,36.35,0.0,30.43
10-248,LOMAS DE SANTA FE II,ALVARO OBREGON,False,,,,3155,1626,1519,30,31,24,0,0,0,0,31,24,0,574,336,238,221,127,86,855,957,797,957,929,957,714,957,697,957,677,957,0,615,449,2975,32,4,13.06,0.95,0.98,1.48,0.0,0.0,0.0,0.0,0.98,1.48,0.0,18.19,20.66,15.67,7.0,7.81,5.66,89.34,83.28,97.07,74.61,72.83,70.74,0.0,15.09
10-249,BELEN DE LAS FLORES_,ALVARO OBREGON,False,,,,580,300,281,6,0,0,0,0,0,0,0,0,0,79,38,33,0,0,0,129,148,102,148,144,148,133,148,96,144,48,97,0,139,126,508,15,0,10.94,1.03,0.0,0.0,0.0,0.0,0.0,0.0,0.0,0.0,0.0,13.62,12.67,11.74,0.0,0.0,0.0,87.16,68.92,97.3,89.86,66.67,49.48,0.0,24.8
10-250,LOMAS DE PLATEROS (U HAB) I,ALVARO OBREGON,False,,,,8606,4713,3873,77,17,5,2,0,0,0,17,5,2,1586,943,615,376,186,162,2769,3288,2448,3288,3087,3288,2702,3288,1957,3288,1481,3288,0,3087,1670,8412,86,9,12.85,0.89,0.2,0.11,0.05,0.0,0.0,0.0,0.2,0.11,0.05,18.43,20.01,15.88,4.37,3.95,4.18,84.22,74.45,93.89,82.18,59.52,45.04,0.0,19.85
10-251,LOMAS DE PLATEROS (U HAB) II,ALVARO OBREGON,False,,,,6496,3559,2918,62,18,0,6,0,0,0,18,0,6,1181,689,462,261,107,112,2120,2483,1870,2483,2346,2483,1990,2483,1503,2482,1160,2482,0,2444,1327,6372,73,11,13.4,0.95,0.28,0.0,0.21,0.0,0.0,0.0,0.28,0.0,0.21,18.18,19.36,15.83,4.02,3.01,3.84,85.38,75.31,94.48,80.14,60.56,46.74,0.0,20.83
10-252,OLIVAR DEL CONDE 1RA SECCION I,ALVARO OBREGON,False,,,,7144,3779,3354,244,119,49,49,0,0,0,117,48,48,878,503,355,73,18,29,1411,1994,1037,1987,1816,1994,1604,1994,894,1994,491,1927,3,1767,2025,7082,54,4,10.52,3.42,1.67,1.3,1.46,0.0,0.0,0.0,1.64,1.27,1.43,12.29,13.31,10.58,1.02,0.48,0.86,70.76,52.19,91.07,80.44,44.83,25.48,0.17,28.59
10-253,OLIVAR DEL CONDE 1RA SECCION II,ALVARO OBREGON,False,,,,7814,4077,3737,381,173,83,77,0,0,0,170,81,74,1087,602,473,105,43,42,1460,2099,984,2093,1892,2099,1660,2099,876,2093,595,2042,0,2025,2120,7809,47,4,10.14,4.88,2.21,2.04,2.06,0.0,0.0,0.0,2.18,1.99,1.98,13.91,14.77,12.66,1.34,1.05,1.12,69.56,47.01,90.14,79.09,41.85,29.14,0.0,27.15
10-254,OLIVAR DEL CONDE 2DA SECCION I,ALVARO OBREGON,False,,,,7833,4090,3743,355,143,67,55,0,0,0,143,67,55,1231,710,521,168,72,85,1661,2271,1246,2271,2090,2271,1893,2271,1064,2271,780,2271,3,1998,2030,7787,29,2,10.92,4.53,1.83,1.64,1.47,0.0,0.0,0.0,1.83,1.64,1.47,15.72,17.36,13.92,2.14,1.76,2.27,73.14,54.87,92.03,83.36,46.85,34.35,0.15,26.07
10-255,OLIVAR DEL CONDE 2DA SECCION II,ALVARO OBREGON,False,,,,7911,4122,3790,392,142,74,50,0,0,0,141,71,50,1277,729,545,152,61,62,1595,2194,1105,2189,2005,2194,1894,2194,973,2189,573,2179,0,1757,2042,7862,27,0,10.37,4.96,1.79,1.8,1.32,0.0,0.0,0.0,1.78,1.72,1.32,16.14,17.69,14.38,1.92,1.48,1.64,72.7,50.48,91.39,86.33,44.45,26.3,0.0,25.97
10-256,SANTA FE KM 8.5,ALVARO OBREGON,False,,,,420,223,198,0,0,0,0,0,0,0,0,0,0,50,28,15,0,0,0,81,97,66,97,91,97,85,97,39,91,21,82,0,97,118,402,7,0,10.56,0.0,0.0,0.0,0.0,0.0,0.0,0.0,0.0,0.0,0.0,11.9,12.56,7.58,0.0,0.0,0.0,83.51,68.04,93.81,87.63,42.86,25.61,0.0,29.35
10-257,PREDIO LA ANGOSTURA,ALVARO OBREGON,False,,,,3569,1845,1719,397,104,54,26,0,0,0,103,53,26,1183,668,509,88,37,27,546,908,420,879,869,915,637,890,321,877,135,637,0,890,1446,3522,49,2,9.74,11.12,2.91,2.93,1.51,0.0,0.0,0.0,2.89,2.87,1.51,33.15,36.21,29.61,2.47,2.01,1.57,60.13,47.78,94.97,71.57,36.6,21.19,0.0,41.06
10-258,RESIDENCIAL MARIA ISABEL,ALVARO OBREGON,False,,,,216,120,96,1,2,1,0,0,0,0,2,1,0,41,26,14,9,6,3,69,74,65,74,72,74,60,74,62,74,56,74,0,74,42,19,0,0,14.37,0.46,0.93,0.83,0.0,0.0,0.0,0.0,0.93,0.83,0.0,18.98,21.67,14.58,4.17,5.0,3.12,93.24,87.84,97.3,81.08,83.78,75.68,0.0,221.05
10-259,RESIDENCIAL LOS PINOS (U HAB),ALVARO OBREGON,False,,,,574,293,278,,,0,0,0,0,0,,0,0,148,73,75,77,41,36,216,226,209,226,224,226,188,226,157,226,173,226,0,226,94,571,3,3,15.11,,,0.0,0.0,0.0,0.0,0.0,,0.0,0.0,25.78,24.91,26.98,13.41,13.99,12.95,95.58,92.48,99.12,83.19,69.47,76.55,0.0,16.46
10-260,SEARS SEGUNDA SECCION (U HAB),ALVARO OBREGON,False,,,,291,154,133,5,0,0,0,0,0,0,0,0,0,57,32,23,21,13,7,95,105,85,105,95,105,80,105,83,105,75,105,0,105,49,270,6,1,14.96,1.72,0.0,0.0,0.0,0.0,0.0,0.0,0.0,0.0,0.0,19.59,20.78,17.29,7.22,8.44,5.26,90.48,80.95,90.48,76.19,79.05,71.43,0.0,18.15
02-001,AGUILERA,AZCAPOTZALCO,False,,,,1951,1029,923,33,7,5,0,0,0,0,7,5,0,308,185,123,87,48,36,433,606,342,595,558,606,480,606,265,606,168,595,0,533,494,1946,10,1,11.27,1.69,0.36,0.49,0.0,0.0,0.0,0.0,0.36,0.49,0.0,15.79,17.98,13.33,4.46,4.66,3.9,71.45,57.48,92.08,79.21,43.73,28.24,0.0,25.39
02-002,ALDANA,AZCAPOTZALCO,False,,,,3526,1880,1644,114,41,18,15,0,0,0,41,18,15,557,293,262,137,68,46,769,1073,569,1073,961,1073,886,1073,523,1073,345,1073,3,841,771,3447,22,1,11.33,3.23,1.16,0.96,0.91,0.0,0.0,0.0,1.16,0.96,0.91,15.8,15.59,15.94,3.89,3.62,2.8,71.67,53.03,89.56,82.57,48.74,32.15,0.36,22.37
02-003,PETROLERA (AMPL),AZCAPOTZALCO,False,,,,1832,977,855,40,15,10,3,0,0,0,13,8,3,370,207,163,112,66,46,519,619,446,619,582,619,489,619,344,619,262,619,0,619,318,1830,3,0,12.87,2.18,0.82,1.02,0.35,0.0,0.0,0.0,0.71,0.82,0.35,20.2,21.19,19.06,6.11,6.76,5.38,83.84,72.05,94.02,79.0,55.57,42.33,0.0,17.38
02-005,ANGEL ZIMBRON,AZCAPOTZALCO,False,,,,2330,1251,1079,12,7,4,0,0,0,0,7,4,0,416,229,187,139,67,65,691,820,581,820,774,820,693,820,475,820,369,820,0,820,497,2330,13,1,12.6,0.52,0.3,0.32,0.0,0.0,0.0,0.0,0.3,0.32,0.0,17.85,18.31,17.33,5.97,5.36,6.02,84.27,70.85,94.39,84.51,57.93,45.0,0.0,21.33
02-006,ARENAL,AZCAPOTZALCO,False,,,,4306,2277,2020,89,37,10,12,0,0,0,37,10,12,739,414,316,167,63,84,951,1345,705,1336,1195,1345,1070,1345,633,1335,373,1307,3,1339,855,4197,37,1,11.12,2.07,0.86,0.44,0.59,0.0,0.0,0.0,0.86,0.44,0.59,17.16,18.18,15.64,3.88,2.77,4.16,70.71,52.77,88.85,79.55,47.42,28.54,0.22,20.37
02-007,CENTRO DE AZCAPOTZALCO,AZCAPOTZALCO,False,,,,3157,1680,1463,48,16,0,3,0,0,0,16,0,3,528,291,225,127,55,60,909,1126,779,1126,1024,1126,829,1126,576,1121,449,1116,17,1018,751,3138,33,6,12.55,1.52,0.51,0.0,0.21,0.0,0.0,0.0,0.51,0.0,0.21,16.72,17.32,15.38,4.02,3.27,4.1,80.73,69.18,90.94,73.62,51.38,40.23,1.67,23.93
02-008,CLAVERIA,AZCAPOTZALCO,False,,,,9350,4979,4368,77,18,7,3,0,0,0,15,7,3,1601,931,646,413,198,151,2849,3254,2602,3254,3112,3257,2744,3257,2123,3254,1657,3257,0,3257,1995,9313,99,11,13.86,0.82,0.19,0.14,0.07,0.0,0.0,0.0,0.16,0.14,0.07,17.12,18.7,14.79,4.42,3.98,3.46,87.55,79.96,95.55,84.25,65.24,50.88,0.0,21.42
02-009,COLTONGO,AZCAPOTZALCO,False,,,,3648,1869,1777,44,22,12,9,0,0,0,21,11,9,474,254,212,59,25,19,700,990,482,990,899,990,843,990,443,990,231,938,0,732,793,3646,28,1,10.0,1.21,0.6,0.64,0.51,0.0,0.0,0.0,0.58,0.59,0.51,12.99,13.59,11.93,1.62,1.34,1.07,70.71,48.69,90.81,85.15,44.75,24.63,0.0,21.75
02-010,COSMOPOLITA,AZCAPOTZALCO,False,,,,2792,1546,1246,15,0,0,0,0,0,0,0,0,0,375,231,140,50,31,6,585,747,431,747,680,747,627,747,376,747,230,730,0,702,604,2792,24,4,11.41,0.54,0.0,0.0,0.0,0.0,0.0,0.0,0.0,0.0,0.0,13.43,14.94,11.24,1.79,2.01,0.48,78.31,57.7,91.03,83.94,50.33,31.51,0.0,21.63
02-011,COSMOPOLITA (AMPL),AZCAPOTZALCO,False,,,,1006,539,445,26,3,0,0,0,0,0,3,0,0,184,108,72,23,7,3,215,293,172,293,263,293,244,296,135,293,86,293,0,256,166,912,17,6,12.03,2.58,0.3,0.0,0.0,0.0,0.0,0.0,0.3,0.0,0.0,18.29,20.04,16.18,2.29,1.3,0.67,73.38,58.7,89.76,82.43,46.08,29.35,0.0,18.2
02-012,CRUZ ROJA TEPANTONGO (U HAB),AZCAPOTZALCO,False,,,,515,268,247,5,0,0,0,0,0,0,0,0,0,95,55,38,7,4,3,121,152,73,152,144,152,140,152,68,150,45,133,0,140,106,244,8,0,10.81,0.97,0.0,0.0,0.0,0.0,0.0,0.0,0.0,0.0,0.0,18.45,20.52,15.38,1.36,1.49,1.21,79.61,48.03,94.74,92.11,45.33,33.83,0.0,43.44
02-013,CUITLAHUAC 1 Y 2 (U HAB),AZCAPOTZALCO,False,,,,2096,1131,965,54,9,0,4,0,0,0,9,0,4,396,219,146,103,36,36,644,779,547,779,717,779,617,779,452,779,324,752,0,779,465,2036,45,4,13.2,2.58,0.43,0.0,0.41,0.0,0.0,0.0,0.43,0.0,0.41,18.89,19.36,15.13,4.91,3.18,3.73,82.67,70.22,92.04,79.2,58.02,43.09,0.0,22.84
02-014,CUITLAHUAC 3 Y 4 (U HAB),AZCAPOTZALCO,False,,,,4142,2231,1906,45,0,0,0,0,0,0,0,0,0,861,488,341,125,44,44,1226,1503,1049,1503,1392,1503,1187,1503,843,1503,686,1478,0,1467,596,3399,82,6,13.12,1.09,0.0,0.0,0.0,0.0,0.0,0.0,0.0,0.0,0.0,20.79,21.87,17.89,3.02,1.97,2.31,81.57,69.79,92.61,78.98,56.09,46.41,0.0,17.53
02-015,DEL GAS,AZCAPOTZALCO,False,,,,7808,4070,3738,120,42,22,8,0,0,0,38,18,8,1499,884,604,714,343,338,2117,2539,1786,2534,2419,2542,1966,2539,1403,2524,1285,2516,0,2114,1894,7791,56,3,12.57,1.54,0.54,0.54,0.21,0.0,0.0,0.0,0.49,0.44,0.21,19.2,21.72,16.16,9.14,8.43,9.04,83.38,70.48,95.16,77.43,55.59,51.07,0.0,24.31
02-016,DEL GAS (AMPL),AZCAPOTZALCO,False,,,,6326,3204,3121,49,15,0,4,0,0,0,15,0,4,1469,783,686,1143,581,558,2180,2329,2010,2329,2283,2329,1803,2329,1598,2329,1748,2329,0,1822,1196,6325,27,4,14.25,0.77,0.24,0.0,0.13,0.0,0.0,0.0,0.24,0.0,0.13,23.22,24.44,21.98,18.07,18.13,17.88,93.6,86.3,98.02,77.42,68.61,75.05,0.0,18.91
02-017,DEL MAESTRO,AZCAPOTZALCO,False,,,,652,376,276,4,4,3,0,0,0,0,4,3,0,116,67,50,26,13,13,165,212,135,212,195,212,168,212,108,212,65,212,0,180,174,649,6,0,12.51,0.61,0.61,0.8,0.0,0.0,0.0,0.0,0.61,0.8,0.0,17.79,17.82,18.12,3.99,3.46,4.71,77.83,63.68,91.98,79.25,50.94,30.66,0.0,26.81
02-018,DEL RECREO,AZCAPOTZALCO,False,,,,9570,5044,4525,102,42,22,15,0,0,0,41,22,14,1708,948,738,464,228,195,2756,3208,2425,3208,3055,3208,2460,3208,1908,3188,1455,3190,0,2842,1562,9474,76,5,13.02,1.07,0.44,0.44,0.33,0.0,0.0,0.0,0.43,0.44,0.31,17.85,18.79,16.31,4.85,4.52,4.31,85.91,75.59,95.23,76.68,59.85,45.61,0.0,16.49
02-019,DEMET (U HAB),AZCAPOTZALCO,False,,,,1635,836,799,29,9,5,3,0,0,0,9,5,2,296,158,138,98,53,44,490,551,410,551,536,551,426,551,315,551,267,551,0,495,284,674,3,0,12.94,1.77,0.55,0.6,0.38,0.0,0.0,0.0,0.55,0.6,0.25,18.1,18.9,17.27,5.99,6.34,5.51,88.93,74.41,97.28,77.31,57.17,48.46,0.0,42.14
02-020,ECOLOGICA NOVEDADES IMPACTO (U HAB),AZCAPOTZALCO,False,,,,191,99,92,2,0,0,0,0,0,0,0,0,0,34,10,18,10,2,5,50,60,40,60,54,60,46,60,28,51,23,49,0,60,19,66,6,0,11.97,1.05,0.0,0.0,0.0,0.0,0.0,0.0,0.0,0.0,0.0,17.8,10.1,19.57,5.24,2.02,5.43,83.33,66.67,90.0,76.67,54.9,46.94,0.0,28.79
02-021,EL JAGUEY-ESTACION PANTACO,AZCAPOTZALCO,False,,,,2616,1369,1247,48,8,0,3,0,0,0,8,0,3,575,301,257,175,73,93,634,779,524,771,715,779,586,779,373,748,338,712,0,495,497,2397,34,1,11.55,1.83,0.31,0.0,0.24,0.0,0.0,0.0,0.31,0.0,0.24,21.98,21.99,20.61,6.69,5.33,7.46,81.39,67.96,91.78,75.22,49.87,47.47,0.0,20.73
02-023,EL ROSARIO A (U HAB),AZCAPOTZALCO,False,,,,6073,3219,2849,19,0,0,0,0,0,0,0,0,0,1208,690,512,137,61,45,1270,1667,946,1667,1487,1667,1390,1667,534,1667,445,1667,0,1528,1259,6068,46,4,10.86,0.31,0.0,0.0,0.0,0.0,0.0,0.0,0.0,0.0,0.0,19.89,21.44,17.97,2.26,1.89,1.58,76.18,56.75,89.2,83.38,32.03,26.69,0.0,20.75
02-024,EL ROSARIO B (U HAB),AZCAPOTZALCO,False,,,,10093,5292,4783,107,21,6,6,0,0,0,21,6,6,2096,1170,915,264,112,107,2243,3102,1724,3088,2703,3102,2367,3050,911,2995,742,2717,5,2334,1866,9943,91,11,10.86,1.06,0.21,0.11,0.13,0.0,0.0,0.0,0.21,0.11,0.13,20.77,22.11,19.13,2.62,2.12,2.24,72.31,55.83,87.14,77.61,30.42,27.31,0.21,18.77
02-025,EL ROSARIO C (U HAB),AZCAPOTZALCO,False,,,,9629,5168,4439,273,62,18,10,0,0,0,60,17,9,2189,1242,930,326,138,127,2093,2632,1672,2625,2427,2635,2078,2632,973,2514,973,2445,0,2635,1912,9479,125,11,11.43,2.84,0.64,0.35,0.23,0.0,0.0,0.0,0.62,0.33,0.2,22.73,24.03,20.95,3.39,2.67,2.86,79.52,63.7,92.11,78.95,38.7,39.8,0.0,20.17
02-026,EUZKADI,AZCAPOTZALCO,False,,,,3994,2112,1871,127,40,12,20,0,0,0,36,12,19,612,357,256,127,64,55,907,1189,676,1189,1073,1189,1033,1189,545,1189,380,1189,0,1189,722,3978,21,3,11.63,3.18,1.0,0.57,1.07,0.0,0.0,0.0,0.9,0.57,1.02,15.32,16.9,13.68,3.18,3.03,2.94,76.28,56.85,90.24,86.88,45.84,31.96,0.0,18.15
02-027,EX-HACIENDA EL ROSARIO,AZCAPOTZALCO,False,,,,2070,1051,1006,28,5,3,0,0,0,0,5,3,0,430,227,194,57,21,20,545,631,501,631,598,631,496,631,376,631,294,631,0,631,389,2057,31,2,13.7,1.35,0.24,0.29,0.0,0.0,0.0,0.0,0.24,0.29,0.0,20.77,21.6,19.28,2.75,2.0,1.99,86.37,79.4,94.77,78.61,59.59,46.59,0.0,18.91
02-028,FERRERIA,AZCAPOTZALCO,False,,,,3486,1788,1695,51,18,12,6,0,0,0,16,10,6,753,388,360,269,128,111,898,1050,799,1050,993,1050,854,1050,532,1050,541,1050,0,744,459,2911,44,2,12.56,1.46,0.52,0.67,0.35,0.0,0.0,0.0,0.46,0.56,0.35,21.6,21.7,21.24,7.72,7.16,6.55,85.52,76.1,94.57,81.33,50.67,51.52,0.0,15.77
02-029,FERRERIA (U HAB),AZCAPOTZALCO,False,,,,1620,848,771,26,3,0,0,0,0,0,3,0,0,319,178,138,56,21,26,441,518,376,518,500,518,386,518,222,514,202,514,0,518,266,810,13,0,12.56,1.6,0.19,0.0,0.0,0.0,0.0,0.0,0.19,0.0,0.0,19.69,20.99,17.9,3.46,2.48,3.37,85.14,72.59,96.53,74.52,43.19,39.3,0.0,32.84
02-030,FRANCISCO VILLA (U HAB),AZCAPOTZALCO,False,,,,3639,1958,1672,17,0,0,0,0,0,0,0,0,0,657,355,283,77,32,23,961,1099,820,1099,1028,1099,880,1099,675,1090,487,1021,0,1021,553,3542,50,2,12.66,0.47,0.0,0.0,0.0,0.0,0.0,0.0,0.0,0.0,0.0,18.05,18.13,16.93,2.12,1.63,1.38,87.44,74.61,93.54,80.07,61.93,47.7,0.0,15.61
02-031,FUENTES DE AZCAPOTZALCO-PARQUES DE AZCAPOTZALCO (U HAB),AZCAPOTZALCO,False,,,,702,363,339,8,2,0,0,0,0,0,2,0,0,115,61,54,35,16,14,267,281,256,281,275,281,233,281,204,281,177,281,0,281,68,345,3,0,14.91,1.14,0.28,0.0,0.0,0.0,0.0,0.0,0.28,0.0,0.0,16.38,16.8,15.93,4.99,4.41,4.13,95.02,91.1,97.86,82.92,72.6,62.99,0.0,19.71
02-032,HOGAR Y SEGURIDAD/NUEVA SANTA MARIA,AZCAPOTZALCO,False,,,,3153,1734,1420,23,0,0,0,0,0,0,0,0,0,578,348,210,125,51,35,975,1097,875,1090,1035,1097,943,1097,717,1090,535,1090,0,1073,718,3083,39,4,13.9,0.73,0.0,0.0,0.0,0.0,0.0,0.0,0.0,0.0,0.0,18.33,20.07,14.79,3.96,2.94,2.46,88.88,80.28,94.35,85.96,65.78,49.08,0.0,23.29
02-033,HOGARES FERROCARRILEROS (U HAB),AZCAPOTZALCO,False,,,,1374,738,633,12,3,0,0,0,0,0,3,0,0,254,139,115,83,32,44,387,451,304,451,422,451,375,451,258,451,183,451,0,451,267,1371,10,3,12.63,0.87,0.22,0.0,0.0,0.0,0.0,0.0,0.22,0.0,0.0,18.49,18.83,18.17,6.04,4.34,6.95,85.81,67.41,93.57,83.15,57.21,40.58,0.0,19.47
02-034,HUAUTLA DE LAS SALINAS (BARR),AZCAPOTZALCO,False,,,,164,80,84,17,6,3,3,0,0,0,6,3,3,31,16,15,6,0,4,31,49,22,49,45,49,40,49,8,49,10,49,0,0,39,164,2,0,10.11,10.37,3.66,3.75,3.57,0.0,0.0,0.0,3.66,3.75,3.57,18.9,20.0,17.86,3.66,0.0,4.76,63.27,44.9,91.84,81.63,16.33,20.41,,23.78
02-035,IGNACIO ALLENDE,AZCAPOTZALCO,False,,,,1429,750,679,15,8,0,8,0,0,0,8,0,8,114,65,47,42,7,20,353,455,277,455,417,455,398,455,258,455,173,455,0,453,294,1411,10,1,11.75,1.05,0.56,0.0,1.18,0.0,0.0,0.0,0.56,0.0,1.18,7.98,8.67,6.92,2.94,0.93,2.95,77.58,60.88,91.65,87.47,56.7,38.02,0.0,20.84
02-036,INDUSTRIAL VALLEJO (U HAB),AZCAPOTZALCO,False,,,,998,523,462,34,14,6,7,0,0,0,14,6,7,174,96,77,51,21,26,206,309,165,285,281,309,225,309,111,304,100,304,0,290,265,960,56,2,11.08,3.41,1.4,1.15,1.52,0.0,0.0,0.0,1.4,1.15,1.52,17.43,18.36,16.67,5.11,4.02,5.63,66.67,57.89,90.94,72.82,36.51,32.89,0.0,27.6
02-037,ISSFAM LAS ARMAS (U HAB),AZCAPOTZALCO,False,,,,2331,1186,1145,55,3,1,2,0,0,0,3,1,2,932,478,453,409,197,192,699,758,666,758,743,758,592,751,520,753,413,719,1,758,211,1400,42,3,13.81,2.36,0.13,0.08,0.17,0.0,0.0,0.0,0.13,0.08,0.17,39.98,40.3,39.56,17.55,16.61,16.77,92.22,87.86,98.02,78.83,69.06,57.44,0.13,15.07
02-038,JARDIN AZPEITIA,AZCAPOTZALCO,False,,,,2350,1247,1103,24,0,0,0,0,0,0,0,0,0,420,241,177,88,48,38,597,747,481,747,693,747,576,747,401,747,299,747,4,747,498,2309,10,1,12.61,1.02,0.0,0.0,0.0,0.0,0.0,0.0,0.0,0.0,0.0,17.87,19.33,16.05,3.74,3.85,3.45,79.92,64.39,92.77,77.11,53.68,40.03,0.54,21.57
02-039,JARDINES CEYLAN (U HAB),AZCAPOTZALCO,False,,,,25,14,11,1,0,0,0,0,0,0,0,0,0,5,3,2,2,1,1,7,9,5,9,8,9,6,9,4,9,3,9,0,9,6,1,0,0,11.92,4.0,0.0,0.0,0.0,0.0,0.0,0.0,0.0,0.0,0.0,20.0,21.43,18.18,8.0,7.14,9.09,77.78,55.56,88.89,66.67,44.44,33.33,0.0,600.0
02-040,LA PRECIOSA,AZCAPOTZALCO,False,,,,3543,1860,1683,15,6,3,3,0,0,0,6,3,3,595,342,244,74,31,33,838,1071,643,1062,964,1071,730,1071,488,1071,331,1053,0,997,723,3419,21,0,11.48,0.42,0.17,0.16,0.18,0.0,0.0,0.0,0.17,0.16,0.18,16.79,18.39,14.5,2.09,1.67,1.96,78.24,60.55,90.01,68.16,45.56,31.43,0.0,21.15
02-041,LA RAZA,AZCAPOTZALCO,False,,,,2249,1202,1035,23,12,7,3,0,0,0,11,6,3,353,209,133,74,35,25,535,705,410,710,649,710,644,710,387,710,217,675,0,671,543,2202,30,5,11.81,1.02,0.53,0.58,0.29,0.0,0.0,0.0,0.49,0.5,0.29,15.7,17.39,12.85,3.29,2.91,2.42,75.89,57.75,91.41,90.7,54.51,32.15,0.0,24.66
02-042,LAS SALINAS,AZCAPOTZALCO,False,,,,929,480,449,6,0,0,0,0,0,0,0,0,0,106,56,43,9,0,5,162,253,113,239,223,253,173,248,79,233,42,218,0,253,193,910,11,0,9.99,0.65,0.0,0.0,0.0,0.0,0.0,0.0,0.0,0.0,0.0,11.41,11.67,9.58,0.97,0.0,1.11,64.03,47.28,88.14,69.76,33.91,19.27,0.0,21.21
02-043,LIBERACION,AZCAPOTZALCO,False,,,,2579,1351,1227,15,3,0,0,0,0,0,3,0,0,443,253,184,116,53,40,558,785,438,785,694,785,649,785,349,785,257,785,0,758,558,2571,23,2,11.48,0.58,0.12,0.0,0.0,0.0,0.0,0.0,0.12,0.0,0.0,17.18,18.73,15.0,4.5,3.92,3.26,71.08,55.8,88.41,82.68,44.46,32.74,0.0,21.7
02-044,LIBERTAD,AZCAPOTZALCO,False,,,,1416,756,656,16,3,0,0,0,0,0,3,0,0,240,133,107,77,35,38,416,476,360,476,456,476,364,476,267,476,231,476,0,476,288,1410,10,2,13.4,1.13,0.21,0.0,0.0,0.0,0.0,0.0,0.21,0.0,0.0,16.95,17.59,16.31,5.44,4.63,5.79,87.39,75.63,95.8,76.47,56.09,48.53,0.0,20.43
02-045,LOS REYES (BARR),AZCAPOTZALCO,False,,,,3529,1899,1630,41,20,12,6,0,0,0,20,12,6,624,374,239,156,85,63,947,1158,774,1158,1078,1158,914,1152,571,1147,441,1144,0,1101,767,3494,19,1,12.34,1.16,0.57,0.63,0.37,0.0,0.0,0.0,0.57,0.63,0.37,17.68,19.69,14.66,4.42,4.48,3.87,81.78,66.84,93.09,79.34,49.78,38.55,0.0,21.95
02-046,MANUEL RIVERA ANAYA CROC I (U HAB),AZCAPOTZALCO,False,,,,2658,1411,1243,30,6,4,0,0,0,0,6,4,0,593,342,245,124,66,36,622,765,484,765,697,765,635,765,270,747,295,765,0,765,465,2654,31,1,11.46,1.13,0.23,0.28,0.0,0.0,0.0,0.0,0.23,0.28,0.0,22.31,24.24,19.71,4.67,4.68,2.9,81.31,63.27,91.11,83.01,36.14,38.56,0.0,17.52
02-047,MIGUEL HIDALGO (U HAB),AZCAPOTZALCO,False,,,,2675,1427,1248,24,3,3,0,0,0,0,0,0,0,431,247,167,45,18,15,562,765,442,765,656,765,608,765,327,751,208,715,0,711,477,2647,33,1,11.29,0.9,0.11,0.21,0.0,0.0,0.0,0.0,0.0,0.0,0.0,16.11,17.31,13.38,1.68,1.26,1.2,73.46,57.78,85.75,79.48,43.54,29.09,0.0,18.02
02-048,MONTE ALTO,AZCAPOTZALCO,False,,,,1011,537,474,14,7,0,0,0,0,0,7,0,0,140,87,51,32,14,8,232,291,180,291,266,291,232,291,142,291,110,291,0,106,236,1011,6,2,11.65,1.38,0.69,0.0,0.0,0.0,0.0,0.0,0.69,0.0,0.0,13.85,16.2,10.76,3.17,2.61,1.69,79.73,61.86,91.41,79.73,48.8,37.8,0.0,23.34
02-049,NEXTENGO (BARR),AZCAPOTZALCO,False,,,,2867,1530,1335,40,14,4,7,0,0,0,14,4,7,463,265,188,128,56,59,872,1011,758,1011,965,1011,798,1011,609,999,438,1011,0,583,527,2507,16,2,12.96,1.4,0.49,0.26,0.52,0.0,0.0,0.0,0.49,0.26,0.52,16.15,17.32,14.08,4.46,3.66,4.42,86.25,74.98,95.45,78.93,60.96,43.32,0.0,21.02
02-050,NUEVA EL ROSARIO,AZCAPOTZALCO,False,,,,274,138,136,0,0,0,0,0,0,0,0,0,0,50,30,20,5,1,4,53,70,37,70,67,70,61,70,31,70,31,70,0,70,67,260,2,0,11.24,0.0,0.0,0.0,0.0,0.0,0.0,0.0,0.0,0.0,0.0,18.25,21.74,14.71,1.82,0.72,2.94,75.71,52.86,95.71,87.14,44.29,44.29,0.0,25.77
02-051,NUEVA ESPAÑA,AZCAPOTZALCO,False,,,,1715,882,834,9,0,0,0,0,0,0,0,0,0,322,158,164,63,25,37,388,529,297,529,474,529,409,529,214,529,170,529,0,394,381,1714,6,0,10.93,0.52,0.0,0.0,0.0,0.0,0.0,0.0,0.0,0.0,0.0,18.78,17.91,19.66,3.67,2.83,4.44,73.35,56.14,89.6,77.32,40.45,32.14,0.0,22.23
02-052,NUEVA SANTA MARIA,AZCAPOTZALCO,False,,,,9481,5138,4338,129,48,19,6,0,0,0,48,19,6,1614,957,630,303,140,102,2902,3315,2550,3314,3110,3315,2614,3315,2111,3304,1541,3219,0,3208,1954,9176,108,11,13.8,1.36,0.51,0.37,0.14,0.0,0.0,0.0,0.51,0.37,0.14,17.02,18.63,14.52,3.2,2.72,2.35,87.54,76.95,93.82,78.85,63.89,47.87,0.0,21.29
02-053,NUEVO SAN RAFAEL (BARR),AZCAPOTZALCO,False,,,,2547,1283,1263,26,4,0,0,0,0,0,4,0,0,359,210,146,33,9,15,451,638,361,638,568,642,492,642,253,638,149,596,0,642,519,2543,20,2,10.43,1.02,0.16,0.0,0.0,0.0,0.0,0.0,0.16,0.0,0.0,14.1,16.37,11.56,1.3,0.7,1.19,70.69,56.58,88.47,76.64,39.66,25.0,0.0,20.41
02-054,OBRERO POPULAR,AZCAPOTZALCO,False,,,,5072,2688,2384,52,20,4,7,0,0,0,20,4,7,855,485,368,234,103,115,1406,1704,1216,1704,1586,1704,1398,1704,934,1704,714,1704,0,1428,1156,5072,22,1,12.72,1.03,0.39,0.15,0.29,0.0,0.0,0.0,0.39,0.15,0.29,16.86,18.04,15.44,4.61,3.83,4.82,82.51,71.36,93.08,82.04,54.81,41.9,0.0,22.79
02-055,PANTACO (U HAB),AZCAPOTZALCO,False,,,,355,196,159,6,0,0,0,0,0,0,0,0,0,88,48,35,6,3,3,105,122,87,122,115,122,94,122,68,122,56,115,0,76,70,147,6,0,12.78,1.69,0.0,0.0,0.0,0.0,0.0,0.0,0.0,0.0,0.0,24.79,24.49,22.01,1.69,1.53,1.89,86.07,71.31,94.26,77.05,55.74,48.7,0.0,47.62
02-056,PASTEROS,AZCAPOTZALCO,False,,,,7178,3797,3381,158,63,23,26,0,0,0,62,20,26,1465,791,668,462,215,230,1743,2279,1424,2269,2091,2279,1739,2279,1033,2276,776,2269,0,2109,1572,7178,39,5,11.82,2.2,0.88,0.61,0.77,0.0,0.0,0.0,0.86,0.53,0.77,20.41,20.83,19.76,6.44,5.66,6.8,76.48,62.76,91.75,76.31,45.39,34.2,0.0,21.9
02-057,PATRIMONIO FAMILIAR,AZCAPOTZALCO,False,,,,928,499,427,15,3,0,0,0,0,0,3,0,0,116,73,43,39,17,14,202,267,144,267,231,267,248,267,152,267,92,267,0,213,215,926,8,1,11.37,1.62,0.32,0.0,0.0,0.0,0.0,0.0,0.32,0.0,0.0,12.5,14.63,10.07,4.2,3.41,3.28,75.66,53.93,86.52,92.88,56.93,34.46,0.0,23.22
02-058,PEMEX PRADOS DEL ROSARIO (U HAB),AZCAPOTZALCO,False,,,,3035,1629,1406,12,3,0,0,0,0,0,3,0,0,594,323,240,121,52,39,897,1008,778,1008,967,1008,769,1008,671,1008,470,1008,0,1008,442,2870,53,1,12.79,0.4,0.1,0.0,0.0,0.0,0.0,0.0,0.1,0.0,0.0,19.57,19.83,17.07,3.99,3.19,2.77,88.99,77.18,95.93,76.29,66.57,46.63,0.0,15.4
02-059,PETROLERA,AZCAPOTZALCO,False,,,,2844,1521,1318,25,4,0,3,0,0,0,4,0,3,453,284,167,90,38,35,822,963,728,963,891,963,790,963,587,963,367,931,0,914,473,2817,23,2,12.72,0.88,0.14,0.0,0.23,0.0,0.0,0.0,0.14,0.0,0.23,15.93,18.67,12.67,3.16,2.5,2.66,85.36,75.6,92.52,82.04,60.96,39.42,0.0,16.79
02-060,PLENITUD,AZCAPOTZALCO,False,,,,3887,2025,1862,59,12,4,5,0,0,0,12,4,5,602,325,265,103,44,48,833,1178,647,1178,1066,1178,953,1178,541,1178,355,1130,3,1046,879,3887,33,2,11.31,1.52,0.31,0.2,0.27,0.0,0.0,0.0,0.31,0.2,0.27,15.49,16.05,14.23,2.65,2.17,2.58,70.71,54.92,90.49,80.9,45.93,31.42,0.29,22.61
02-061,PORVENIR,AZCAPOTZALCO,False,,,,3201,1685,1507,51,11,3,3,0,0,0,11,3,3,486,266,218,117,43,51,680,920,547,920,822,920,731,920,488,911,274,913,0,776,714,3116,24,3,11.56,1.59,0.34,0.18,0.2,0.0,0.0,0.0,0.34,0.18,0.2,15.18,15.79,14.47,3.66,2.55,3.38,73.91,59.46,89.35,79.46,53.57,30.01,0.0,22.91
02-062,POTRERO DEL LLANO,AZCAPOTZALCO,False,,,,1151,613,532,33,3,0,0,0,0,0,3,0,0,140,71,61,22,3,8,256,310,181,310,271,310,264,310,138,310,96,301,3,310,263,1140,14,1,11.14,2.87,0.26,0.0,0.0,0.0,0.0,0.0,0.26,0.0,0.0,12.16,11.58,11.47,1.91,0.49,1.5,82.58,58.39,87.42,85.16,44.52,31.89,0.97,23.07
02-063,PRADOS DEL ROSARIO,AZCAPOTZALCO,False,,,,2047,1113,887,26,0,0,0,0,0,0,0,0,0,320,197,123,25,9,15,604,644,524,644,617,644,506,644,486,644,310,644,0,644,384,2000,18,3,13.49,1.27,0.0,0.0,0.0,0.0,0.0,0.0,0.0,0.0,0.0,15.63,17.7,13.87,1.22,0.81,1.69,93.79,81.37,95.81,78.57,75.47,48.14,0.0,19.2
02-064,PRESIDENTE MADERO (U HAB),AZCAPOTZALCO,False,,,,4647,2450,2185,85,12,0,4,0,0,0,12,0,4,889,481,374,162,56,82,1099,1385,910,1385,1273,1385,1070,1385,796,1385,601,1344,0,1326,856,4498,66,3,11.9,1.83,0.26,0.0,0.18,0.0,0.0,0.0,0.26,0.0,0.18,19.13,19.63,17.12,3.49,2.29,3.75,79.35,65.7,91.91,77.26,57.47,44.72,0.0,19.03
02-066,PROVIDENCIA,AZCAPOTZALCO,False,,,,8068,4198,3867,174,53,28,12,0,0,0,52,27,12,1505,846,659,332,166,157,1693,2309,1344,2306,2114,2309,1830,2309,991,2306,697,2309,3,1729,2140,8063,35,4,11.08,2.16,0.66,0.67,0.31,0.0,0.0,0.0,0.64,0.64,0.31,18.65,20.15,17.04,4.12,3.95,4.06,73.32,58.28,91.55,79.26,42.97,30.19,0.17,26.54
02-067,REYNOSA TAMAULIPAS,AZCAPOTZALCO,False,,,,7252,3751,3493,181,59,25,30,0,0,0,59,25,30,1170,624,542,200,102,94,1596,2119,1260,2119,1920,2123,1669,2123,888,2110,643,2119,0,1604,1541,7243,31,3,11.34,2.5,0.81,0.67,0.86,0.0,0.0,0.0,0.81,0.67,0.86,16.13,16.64,15.52,2.76,2.72,2.69,75.32,59.46,90.44,78.62,42.09,30.34,0.0,21.28
02-068,ROSENDO SALAZAR (CONJ HAB),AZCAPOTZALCO,False,,,,585,317,268,2,1,0,0,0,0,0,1,0,0,82,40,35,33,17,7,163,188,143,188,179,188,151,188,123,188,80,188,0,188,100,258,8,0,12.62,0.34,0.17,0.0,0.0,0.0,0.0,0.0,0.17,0.0,0.0,14.02,12.62,13.06,5.64,5.36,2.61,86.7,76.06,95.21,80.32,65.43,42.55,0.0,38.76
02-069,SAN  MIGUEL AMANTLA (PBLO),AZCAPOTZALCO,False,,,,7883,4122,3760,107,21,3,6,0,0,0,20,0,6,1236,704,528,219,104,97,1548,2142,1142,2137,1892,2142,1644,2142,946,2137,604,2142,3,1928,1980,7866,27,1,10.55,1.36,0.27,0.07,0.16,0.0,0.0,0.0,0.25,0.0,0.16,15.68,17.08,14.04,2.78,2.52,2.58,72.27,53.44,88.33,76.75,44.27,28.2,0.16,25.17
02-070,SAN ALVARO,AZCAPOTZALCO,False,,,,7317,3852,3466,107,40,13,15,0,0,0,40,13,15,1252,735,515,289,147,118,2055,2544,1720,2544,2364,2544,1939,2544,1387,2544,934,2533,0,1890,1862,7288,34,1,12.2,1.46,0.55,0.34,0.43,0.0,0.0,0.0,0.55,0.34,0.43,17.11,19.08,14.86,3.95,3.82,3.4,80.78,67.61,92.92,76.22,54.52,36.87,0.0,25.55
02-071,SAN ANDRES (BARR),AZCAPOTZALCO,False,,,,6779,3543,3234,128,37,9,15,0,0,0,37,9,15,1099,606,479,229,107,98,1443,1930,1151,1913,1794,1930,1558,1930,871,1908,695,1863,0,1462,1497,6695,44,1,11.44,1.89,0.55,0.25,0.46,0.0,0.0,0.0,0.55,0.25,0.46,16.21,17.1,14.81,3.38,3.02,3.03,74.77,60.17,92.95,80.73,45.65,37.31,0.0,22.36
02-072,SAN ANDRES (PBLO),AZCAPOTZALCO,False,,,,6284,3230,3052,105,33,11,9,0,0,0,33,11,9,913,509,400,136,58,61,1325,1740,996,1740,1579,1740,1304,1740,742,1740,546,1740,0,1677,1482,6199,32,1,11.03,1.67,0.53,0.34,0.29,0.0,0.0,0.0,0.53,0.34,0.29,14.53,15.76,13.11,2.16,1.8,2.0,76.15,57.24,90.75,74.94,42.64,31.38,0.0,23.91
02-073,SAN ANDRES DE LAS SALINAS (PBLO),AZCAPOTZALCO,False,,,,283,137,144,4,4,0,0,0,0,0,4,0,0,38,23,14,8,3,0,52,70,38,70,60,70,57,70,28,62,21,64,0,70,101,281,5,1,10.85,1.41,1.41,0.0,0.0,0.0,0.0,0.0,1.41,0.0,0.0,13.43,16.79,9.72,2.83,2.19,0.0,74.29,54.29,85.71,81.43,45.16,32.81,0.0,35.94
02-074,SAN ANTONIO (FRACC),AZCAPOTZALCO,False,,,,4046,2164,1867,31,7,0,0,0,0,0,7,0,0,738,429,300,134,49,58,1021,1174,887,1174,1101,1174,1002,1174,755,1169,448,1164,0,1057,778,3944,56,5,13.05,0.77,0.17,0.0,0.0,0.0,0.0,0.0,0.17,0.0,0.0,18.24,19.82,16.07,3.31,2.26,3.11,86.97,75.55,93.78,85.35,64.59,38.49,0.0,19.73
02-075,SAN BARTOLO CAHUALTONGO (PBLO),AZCAPOTZALCO,False,,,,3134,1659,1475,21,10,3,0,0,0,0,9,0,0,484,269,201,139,58,54,738,916,620,916,854,916,794,916,498,916,369,909,0,613,570,3023,36,3,11.63,0.67,0.32,0.18,0.0,0.0,0.0,0.0,0.29,0.0,0.0,15.44,16.21,13.63,4.44,3.5,3.66,80.57,67.69,93.23,86.68,54.37,40.59,0.0,18.86
02-076,SAN BERNABE (BARR),AZCAPOTZALCO,False,,,,680,355,325,9,8,3,5,0,0,0,8,3,5,116,59,48,32,14,15,155,200,122,200,179,200,172,200,95,200,81,191,0,123,143,643,7,0,11.43,1.32,1.18,0.85,1.54,0.0,0.0,0.0,1.18,0.85,1.54,17.06,16.62,14.77,4.71,3.94,4.62,77.5,61.0,89.5,86.0,47.5,42.41,0.0,22.24
02-077,SAN FRANCISCO TETECALA (PBLO),AZCAPOTZALCO,False,,,,3615,1889,1726,36,13,5,6,0,0,0,13,5,6,705,394,298,192,105,74,947,1200,808,1200,1098,1200,951,1200,566,1167,465,1183,0,1196,778,3527,25,3,11.88,1.0,0.36,0.26,0.35,0.0,0.0,0.0,0.36,0.26,0.35,19.5,20.86,17.27,5.31,5.56,4.29,78.92,67.33,91.5,79.25,48.5,39.31,0.0,22.06
02-078,SAN FRANCISCO XOCOTITLA,AZCAPOTZALCO,False,,,,1978,993,974,16,0,0,0,0,0,0,0,0,0,328,169,157,141,69,69,408,562,312,547,512,568,453,568,278,555,206,525,3,568,306,1945,16,2,10.97,0.81,0.0,0.0,0.0,0.0,0.0,0.0,0.0,0.0,0.0,16.58,17.02,16.12,7.13,6.95,7.08,72.6,57.04,90.14,79.75,50.09,39.24,0.53,15.73
02-079,SAN JUAN TLIHUACA (PBLO),AZCAPOTZALCO,False,,,,12014,6312,5700,182,68,32,26,0,0,0,67,31,26,1970,1107,838,592,291,262,2828,3579,2384,3579,3351,3579,2775,3579,1799,3570,1313,3524,5,3025,2681,11561,74,4,11.8,1.51,0.57,0.51,0.46,0.0,0.0,0.0,0.56,0.49,0.46,16.4,17.54,14.7,4.93,4.61,4.6,79.02,66.61,93.63,77.54,50.39,37.26,0.17,23.19
02-080,SAN MARCOS (BARR),AZCAPOTZALCO,False,,,,6405,3345,3060,93,35,15,10,0,0,0,34,15,10,1153,624,517,362,176,169,1717,2038,1396,2038,1921,2038,1581,2038,1018,2021,881,2000,0,1955,1287,5411,30,2,12.24,1.45,0.55,0.45,0.33,0.0,0.0,0.0,0.53,0.45,0.33,18.0,18.65,16.9,5.65,5.26,5.52,84.25,68.5,94.26,77.58,50.37,44.05,0.0,23.78
02-081,SAN MARTIN XOCHINAHUAC (PBLO),AZCAPOTZALCO,False,,,,11455,5911,5508,202,92,34,46,0,0,0,91,34,45,2371,1202,1155,826,448,363,2915,3621,2430,3621,3423,3625,2929,3625,1735,3608,1431,3569,0,2125,2284,10265,60,5,12.27,1.76,0.8,0.58,0.84,0.0,0.0,0.0,0.79,0.58,0.82,20.7,20.33,20.97,7.21,7.58,6.59,80.5,67.11,94.43,80.8,48.09,40.1,0.0,22.25
02-082,SAN MATEO,AZCAPOTZALCO,False,,,,3080,1607,1473,52,27,14,10,0,0,0,27,14,10,623,361,262,121,69,52,841,1048,699,1048,987,1048,805,1048,536,1048,396,1048,0,421,645,3066,4,0,12.05,1.69,0.88,0.87,0.68,0.0,0.0,0.0,0.88,0.87,0.68,20.23,22.46,17.79,3.93,4.29,3.53,80.25,66.7,94.18,76.81,51.15,37.79,0.0,21.04
02-083,SAN PABLO 396-CONJ HAB SAN PABLO (U HAB),AZCAPOTZALCO,False,,,,1426,743,682,37,24,11,8,0,0,0,24,11,8,293,164,129,96,50,45,361,477,271,477,444,477,389,477,201,477,159,477,0,444,317,706,7,0,11.52,2.59,1.68,1.48,1.17,0.0,0.0,0.0,1.68,1.48,1.17,20.55,22.07,18.91,6.73,6.73,6.6,75.68,56.81,93.08,81.55,42.14,33.33,0.0,44.9
02-084,SAN PABLO XALPA (U HAB),AZCAPOTZALCO,False,,,,4456,2305,2151,91,10,0,0,0,0,0,10,0,0,1114,587,527,166,74,68,1088,1309,788,1309,1217,1309,941,1309,453,1309,410,1236,0,1197,713,4351,50,4,11.18,2.04,0.22,0.0,0.0,0.0,0.0,0.0,0.22,0.0,0.0,25.0,25.47,24.5,3.73,3.21,3.16,83.12,60.2,92.97,71.89,34.61,33.17,0.0,16.39
02-085,SAN PEDRO XALPA (PBLO),AZCAPOTZALCO,False,,,,9527,4953,4575,83,27,16,8,0,0,0,27,16,8,1866,1048,809,719,367,320,2675,3121,2321,3121,2989,3121,2545,3121,1850,3121,1588,3102,6,2843,1794,8896,57,5,12.62,0.87,0.28,0.32,0.17,0.0,0.0,0.0,0.28,0.32,0.17,19.59,21.16,17.68,7.55,7.41,6.99,85.71,74.37,95.77,81.54,59.28,51.19,0.21,20.17
02-086,SAN RAFAEL,AZCAPOTZALCO,False,,,,2197,1184,1013,14,3,0,0,0,0,0,3,0,0,222,133,85,52,27,20,599,727,499,727,661,727,608,727,328,727,314,727,0,634,364,2193,10,2,12.18,0.64,0.14,0.0,0.0,0.0,0.0,0.0,0.14,0.0,0.0,10.1,11.23,8.39,2.37,2.28,1.97,82.39,68.64,90.92,83.63,45.12,43.19,0.0,16.6
02-087,SAN SALVADOR XOCHIMANCA,AZCAPOTZALCO,False,,,,931,500,431,37,19,10,9,0,0,0,18,9,9,157,101,53,45,20,17,219,285,174,285,259,285,231,285,126,285,87,285,0,216,195,931,13,0,10.95,3.97,2.04,2.0,2.09,0.0,0.0,0.0,1.93,1.8,2.09,16.86,20.2,12.3,4.83,4.0,3.94,76.84,61.05,90.88,81.05,44.21,30.53,0.0,20.95
02-088,SAN SEBASTIAN,AZCAPOTZALCO,False,,,,5476,2947,2523,45,20,8,3,0,0,0,20,8,3,893,553,338,226,130,94,1115,1484,900,1484,1345,1484,1139,1484,691,1477,491,1422,0,948,1154,5437,15,1,11.04,0.82,0.37,0.27,0.12,0.0,0.0,0.0,0.37,0.27,0.12,16.31,18.76,13.4,4.13,4.41,3.73,75.13,60.65,90.63,76.75,46.78,34.53,0.0,21.22
02-089,SANTA APOLONIA (BARR),AZCAPOTZALCO,False,,,,4176,2166,2010,119,51,26,21,0,0,0,48,24,20,766,431,334,219,120,94,993,1312,784,1312,1227,1312,1039,1312,631,1312,459,1312,0,400,924,4172,9,0,11.43,2.85,1.22,1.2,1.04,0.0,0.0,0.0,1.15,1.11,1.0,18.34,19.9,16.62,5.24,5.54,4.68,75.69,59.76,93.52,79.19,48.09,34.98,0.0,22.15
02-090,SANTA BARBARA (PBLO),AZCAPOTZALCO,False,,,,8242,4278,3950,132,46,14,18,0,0,0,45,14,17,1530,836,690,404,188,200,1957,2406,1531,2380,2272,2406,1936,2406,1070,2389,961,2389,3,1642,1303,7417,35,4,11.62,1.6,0.56,0.33,0.46,0.0,0.0,0.0,0.55,0.33,0.43,18.56,19.54,17.47,4.9,4.39,5.06,81.34,64.33,94.43,80.47,44.79,40.23,0.18,17.57
02-091,SANTA CATARINA (PBLO),AZCAPOTZALCO,False,,,,4393,2226,2167,96,44,22,20,0,0,0,43,21,20,1020,505,513,336,140,197,1039,1314,838,1314,1245,1314,1002,1314,572,1314,520,1314,0,888,995,4380,9,0,11.84,2.19,1.0,0.99,0.92,0.0,0.0,0.0,0.98,0.94,0.92,23.22,22.69,23.67,7.65,6.29,9.09,79.07,63.77,94.75,76.26,43.53,39.57,0.0,22.72
02-092,SANTA CRUZ ACAYUCAN (PBLO),AZCAPOTZALCO,False,,,,1639,853,786,13,9,4,5,0,0,0,8,4,4,262,144,119,47,19,28,380,506,291,506,463,506,395,506,208,502,139,506,0,326,385,1635,9,2,11.1,0.79,0.55,0.47,0.64,0.0,0.0,0.0,0.49,0.47,0.51,15.99,16.88,15.14,2.87,2.23,3.56,75.1,57.51,91.5,78.06,41.43,27.47,0.0,23.55
02-093,SANTA CRUZ DE LAS SALINAS,AZCAPOTZALCO,False,,,,374,185,189,9,8,0,6,0,0,0,8,0,6,43,25,18,6,,,52,93,29,93,68,93,73,93,19,93,11,93,0,93,116,374,2,0,9.29,2.41,2.14,0.0,3.17,0.0,0.0,0.0,2.14,0.0,3.17,11.5,13.51,9.52,1.6,,,55.91,31.18,73.12,78.49,20.43,11.83,0.0,31.02
02-094,SANTA INES,AZCAPOTZALCO,False,,,,3671,1941,1730,125,52,34,13,0,0,0,51,33,13,886,507,379,241,133,105,845,1123,680,1113,1046,1123,908,1123,453,1106,383,1107,0,931,854,3671,13,1,11.37,3.41,1.42,1.75,0.75,0.0,0.0,0.0,1.39,1.7,0.75,24.14,26.12,21.91,6.56,6.85,6.07,75.24,61.1,93.14,80.85,40.96,34.6,0.0,23.26
02-095,SANTA LUCIA (BARR),AZCAPOTZALCO,False,,,,1798,903,892,7,0,0,0,0,0,0,0,0,0,299,163,136,227,107,114,710,766,647,766,746,766,554,766,554,766,493,766,0,722,271,1795,11,1,13.91,0.39,0.0,0.0,0.0,0.0,0.0,0.0,0.0,0.0,0.0,16.63,18.05,15.25,12.63,11.85,12.78,92.69,84.46,97.39,72.32,72.32,64.36,0.0,15.1
02-096,SANTA MARIA MALINALCO (PBLO),AZCAPOTZALCO,False,,,,7372,3853,3519,143,48,23,13,0,0,0,48,23,13,1138,628,500,293,129,151,1697,2199,1353,2196,2031,2202,1965,2202,1066,2202,815,2194,0,1168,1677,7254,33,3,11.4,1.94,0.65,0.6,0.37,0.0,0.0,0.0,0.65,0.6,0.37,15.44,16.3,14.21,3.97,3.35,4.29,77.17,61.61,92.23,89.24,48.41,37.15,0.0,23.12
02-097,SANTIAGO AHUIZOTLA (PBLO),AZCAPOTZALCO,False,,,,11629,6051,5575,300,103,44,36,0,0,0,102,44,35,2150,1191,940,407,213,172,2301,3354,1697,3357,3101,3363,2689,3366,1304,3346,951,3365,0,1974,3110,11537,63,1,10.59,2.58,0.89,0.73,0.65,0.0,0.0,0.0,0.88,0.73,0.63,18.49,19.68,16.86,3.5,3.52,3.09,68.6,50.55,92.21,79.89,38.97,28.26,0.0,26.96
02-098,SANTO DOMINGO (PBLO),AZCAPOTZALCO,False,,,,5337,2818,2519,61,23,12,12,0,0,0,23,12,12,951,526,418,291,141,140,1538,1833,1374,1822,1705,1833,1470,1833,1069,1822,851,1822,0,1650,1018,4947,24,2,12.71,1.14,0.43,0.43,0.48,0.0,0.0,0.0,0.43,0.43,0.48,17.82,18.67,16.59,5.45,5.0,5.56,83.91,75.41,93.02,80.2,58.67,46.71,0.0,20.58
02-099,SANTO TOMAS,AZCAPOTZALCO,False,,,,3647,1898,1749,70,26,9,11,0,0,0,25,9,8,668,347,310,141,70,68,770,983,656,990,909,990,801,990,472,983,384,971,0,893,715,3570,14,1,11.34,1.92,0.71,0.47,0.63,0.0,0.0,0.0,0.69,0.47,0.46,18.32,18.28,17.72,3.87,3.69,3.89,78.33,66.26,91.82,80.91,48.02,39.55,0.0,20.03
02-100,SECTOR NAVAL,AZCAPOTZALCO,False,,,,425,227,198,0,0,0,0,0,0,0,0,0,0,67,35,32,9,5,4,129,140,112,140,139,140,125,140,84,140,76,140,0,140,78,425,3,0,15.19,0.0,0.0,0.0,0.0,0.0,0.0,0.0,0.0,0.0,0.0,15.76,15.42,16.16,2.12,2.2,2.02,92.14,80.0,99.29,89.29,60.0,54.29,0.0,18.35
02-101,SINDICATO MEXICANO DE ELECTRICISTAS,AZCAPOTZALCO,False,,,,4042,2165,1869,38,11,6,5,0,0,0,11,6,5,713,415,295,175,74,73,1122,1293,1031,1293,1222,1293,1099,1293,839,1293,679,1293,0,1293,744,4034,24,5,13.71,0.94,0.27,0.28,0.27,0.0,0.0,0.0,0.27,0.28,0.27,17.64,19.17,15.78,4.33,3.42,3.91,86.77,79.74,94.51,85.0,64.89,52.51,0.0,18.44
02-102,TEZOZOMOC,AZCAPOTZALCO,False,,,,9401,4868,4528,95,9,0,0,0,0,0,6,0,0,1396,795,591,191,70,82,1947,2475,1550,2475,2265,2475,1983,2475,1180,2475,744,2475,3,2160,2038,9334,62,4,10.97,1.01,0.1,0.0,0.0,0.0,0.0,0.0,0.06,0.0,0.0,14.85,16.33,13.05,2.03,1.44,1.81,78.67,62.63,91.52,80.12,47.68,30.06,0.14,21.83
02-103,TIERRA NUEVA,AZCAPOTZALCO,False,,,,3049,1560,1489,28,0,0,0,0,0,0,0,0,0,695,379,314,200,98,91,662,915,512,915,832,915,727,915,400,915,269,872,0,915,723,3049,23,0,11.18,0.92,0.0,0.0,0.0,0.0,0.0,0.0,0.0,0.0,0.0,22.79,24.29,21.09,6.56,6.28,6.11,72.35,55.96,90.93,79.45,43.72,30.85,0.0,23.71
02-104,TLATILCO,AZCAPOTZALCO,False,,,,4019,2141,1865,70,16,10,0,0,0,0,13,7,0,544,325,210,155,78,54,925,1254,736,1254,1141,1254,1007,1254,617,1254,417,1186,0,1197,799,4002,39,8,11.97,1.74,0.4,0.47,0.0,0.0,0.0,0.0,0.32,0.33,0.0,13.54,15.18,11.26,3.86,3.64,2.9,73.76,58.69,90.99,80.3,49.2,35.16,0.0,19.97
02-105,TLATILCO (U HAB),AZCAPOTZALCO,False,,,,1701,896,800,11,3,3,0,0,0,0,3,3,0,241,116,79,40,16,10,483,690,387,679,615,690,510,684,355,681,187,584,0,671,302,1500,47,3,11.91,0.65,0.18,0.33,0.0,0.0,0.0,0.0,0.18,0.33,0.0,14.17,12.95,9.88,2.35,1.79,1.25,70.0,57.0,89.13,74.56,52.13,32.02,0.0,20.13
02-106,TRABAJADORES DEL HIERRO,AZCAPOTZALCO,False,,,,2863,1521,1342,48,3,0,0,0,0,0,3,0,0,395,233,159,107,54,39,716,931,607,931,867,931,744,931,500,928,306,894,0,751,572,2863,18,0,12.46,1.68,0.1,0.0,0.0,0.0,0.0,0.0,0.1,0.0,0.0,13.8,15.32,11.85,3.74,3.55,2.91,76.91,65.2,93.13,79.91,53.88,34.23,0.0,19.98
02-107,UN HOGAR PARA CADA TRABAJADOR,AZCAPOTZALCO,False,,,,1542,818,724,4,0,0,0,0,0,0,0,0,0,253,143,110,93,52,41,415,508,349,508,476,508,407,508,280,508,208,508,0,397,293,1542,6,1,12.87,0.26,0.0,0.0,0.0,0.0,0.0,0.0,0.0,0.0,0.0,16.41,17.48,15.19,6.03,6.36,5.66,81.69,68.7,93.7,80.12,55.12,40.94,0.0,19.0
02-108,VICTORIA DE LAS DEMOCRACIAS,AZCAPOTZALCO,False,,,,3635,1974,1662,85,33,17,11,0,0,0,33,17,11,609,338,265,126,61,50,871,1174,698,1174,1097,1174,966,1174,588,1174,388,1163,0,967,775,3622,32,1,11.98,2.34,0.91,0.86,0.66,0.0,0.0,0.0,0.91,0.86,0.66,16.75,17.12,15.94,3.47,3.09,3.01,74.19,59.45,93.44,82.28,50.09,33.36,0.0,21.4
02-109,VILLAS AZCAPOTZALCO (U HAB),AZCAPOTZALCO,False,,,,767,411,356,8,2,0,2,0,0,0,2,0,2,170,98,71,48,24,21,224,258,195,258,247,258,225,258,166,258,121,258,0,258,148,380,6,1,13.35,1.04,0.26,0.0,0.56,0.0,0.0,0.0,0.26,0.0,0.56,22.16,23.84,19.94,6.26,5.84,5.9,86.82,75.58,95.74,87.21,64.34,46.9,0.0,38.95
02-110,XOCHINAHUAC (U HAB),AZCAPOTZALCO,False,,,,7076,3751,3317,106,19,10,0,0,0,0,19,10,0,1248,707,529,275,109,106,1843,2172,1561,2172,2048,2172,1832,2172,846,2162,880,2152,0,2002,995,6645,72,7,12.21,1.5,0.27,0.27,0.0,0.0,0.0,0.0,0.27,0.27,0.0,17.64,18.85,15.95,3.89,2.91,3.2,84.85,71.87,94.29,84.35,39.13,40.89,0.0,14.97
02-111,SAN PEDRO XALPA (AMPL) I,AZCAPOTZALCO,False,,,,11356,5878,5475,321,98,31,30,0,0,0,98,31,30,2558,1363,1193,481,222,221,2177,3288,1605,3288,2953,3288,2549,3288,1169,3288,894,3273,6,2398,2842,11343,62,7,10.59,2.83,0.86,0.53,0.55,0.0,0.0,0.0,0.86,0.53,0.55,22.53,23.19,21.79,4.24,3.78,4.04,66.21,48.81,89.81,77.52,35.55,27.31,0.25,25.06
02-112,SAN PEDRO XALPA (AMPL) II,AZCAPOTZALCO,False,,,,8267,4242,4025,371,127,57,47,0,0,0,126,56,47,2370,1239,1131,326,153,156,1527,2515,1117,2515,2270,2515,2078,2515,769,2515,506,2515,3,1988,2232,8267,38,1,10.12,4.49,1.54,1.34,1.17,0.0,0.0,0.0,1.52,1.32,1.17,28.67,29.21,28.1,3.94,3.61,3.88,60.72,44.41,90.26,82.62,30.58,20.12,0.15,27.0
02-113,PRO HOGAR I,AZCAPOTZALCO,False,,,,5545,2931,2605,91,28,13,8,0,0,0,28,13,8,811,465,342,214,83,100,1305,1672,1038,1672,1530,1672,1357,1672,875,1672,520,1642,0,1248,1258,5502,37,5,11.98,1.64,0.5,0.44,0.31,0.0,0.0,0.0,0.5,0.44,0.31,14.63,15.86,13.13,3.86,2.83,3.84,78.05,62.08,91.51,81.16,52.33,31.67,0.0,22.86
02-114,PRO HOGAR II,AZCAPOTZALCO,False,,,,6967,3658,3309,125,32,5,13,0,0,0,32,5,13,1147,670,470,339,162,157,1613,2198,1251,2198,2023,2198,1727,2198,1011,2192,692,2198,0,1916,1632,6942,37,6,11.55,1.79,0.46,0.14,0.39,0.0,0.0,0.0,0.46,0.14,0.39,16.46,18.32,14.2,4.87,4.43,4.74,73.38,56.92,92.04,78.57,46.12,31.48,0.0,23.51
14-001,ACACIAS,BENITO JUAREZ,False,,,,6374,3426,2948,41,33,23,6,0,0,0,33,23,6,1526,833,694,446,231,206,2596,2707,2461,2707,2652,2707,2209,2707,2117,2707,1972,2707,0,2520,958,6311,24,1,15.37,0.64,0.52,0.67,0.2,0.0,0.0,0.0,0.52,0.67,0.2,23.94,24.31,23.54,7.0,6.74,6.99,95.9,90.91,97.97,81.6,78.2,72.85,0.0,15.18
14-002,ACTIPAN,BENITO JUAREZ,False,,,,4385,2418,1967,39,26,16,3,0,0,0,26,16,3,1116,647,467,301,157,123,1714,1837,1577,1837,1779,1837,1487,1837,1446,1837,1297,1833,0,1837,868,4345,29,5,15.26,0.89,0.59,0.66,0.15,0.0,0.0,0.0,0.59,0.66,0.15,25.45,26.76,23.74,6.86,6.49,6.25,93.3,85.85,96.84,80.95,78.72,70.76,0.0,19.98
14-004,ALBERT,BENITO JUAREZ,False,,,,4078,2102,1967,67,36,4,19,0,0,0,36,4,19,757,396,348,238,116,106,1352,1501,1258,1501,1458,1501,1252,1501,929,1494,872,1484,0,1493,833,3928,32,2,14.05,1.64,0.88,0.19,0.97,0.0,0.0,0.0,0.88,0.19,0.97,18.56,18.84,17.69,5.84,5.52,5.39,90.07,83.81,97.14,83.41,62.18,58.76,0.0,21.21
14-005,AMERICAS UNIDAS-DEL LAGO,BENITO JUAREZ,False,,,,4642,2443,2193,93,31,15,4,0,0,0,31,15,4,829,470,355,243,118,116,1614,1808,1472,1808,1750,1808,1523,1808,1153,1808,1046,1808,0,1535,982,4636,20,1,13.94,2.0,0.67,0.61,0.18,0.0,0.0,0.0,0.67,0.61,0.18,17.86,19.24,16.19,5.23,4.83,5.29,89.27,81.42,96.79,84.24,63.77,57.85,0.0,21.18
14-006,NAPOLES (AMPL),BENITO JUAREZ,False,,,,4226,2175,2049,56,24,3,7,0,0,0,21,3,7,1050,563,483,362,184,172,1828,1922,1736,1922,1882,1922,1505,1922,1479,1922,1418,1922,0,1835,726,4122,27,1,15.23,1.33,0.57,0.14,0.34,0.0,0.0,0.0,0.5,0.14,0.34,24.85,25.89,23.57,8.57,8.46,8.39,95.11,90.32,97.92,78.3,76.95,73.78,0.0,17.61
14-007,ATENOR SALAS,BENITO JUAREZ,False,,,,1922,968,954,22,11,7,0,0,0,0,11,7,0,392,220,170,115,49,53,717,786,653,786,750,786,640,786,523,786,485,786,0,551,417,1868,16,2,14.4,1.14,0.57,0.72,0.0,0.0,0.0,0.0,0.57,0.72,0.0,20.4,22.73,17.82,5.98,5.06,5.56,91.22,83.08,95.42,81.42,66.54,61.7,0.0,22.32
14-008,CENTRO URBANO PRESIDENTE ALEMAN (U HAB),BENITO JUAREZ,False,,,,2159,1135,1021,6,3,0,0,0,0,0,3,0,0,316,160,152,49,17,28,825,937,771,937,892,937,794,937,606,937,492,937,0,246,326,2156,11,2,14.14,0.28,0.14,0.0,0.0,0.0,0.0,0.0,0.14,0.0,0.0,14.64,14.1,14.89,2.27,1.5,2.74,88.05,82.28,95.2,84.74,64.67,52.51,0.0,15.12
14-009,CIUDAD DE LOS DEPORTES,BENITO JUAREZ,False,,,,4957,2588,2365,57,32,15,9,0,0,0,31,15,9,965,528,435,366,189,172,2198,2316,2062,2316,2268,2316,1741,2312,1705,2312,1658,2316,0,1818,845,4905,31,3,15.12,1.15,0.65,0.58,0.38,0.0,0.0,0.0,0.63,0.58,0.38,19.47,20.4,18.39,7.38,7.3,7.27,94.91,89.03,97.93,75.3,73.75,71.59,0.0,17.23
14-010,CREDITO CONSTRUCTOR,BENITO JUAREZ,False,,,,810,442,361,4,0,0,0,0,0,0,0,0,0,162,90,66,42,14,17,308,334,288,334,321,334,264,330,267,334,215,325,0,258,162,803,19,2,14.89,0.49,0.0,0.0,0.0,0.0,0.0,0.0,0.0,0.0,0.0,20.0,20.36,18.28,5.19,3.17,4.71,92.22,86.23,96.11,80.0,79.94,66.15,0.0,20.17
14-013,ERMITA,BENITO JUAREZ,False,,,,1465,803,662,32,15,5,0,0,0,0,15,5,0,255,140,114,76,34,37,485,529,468,529,511,529,446,529,362,529,329,529,0,529,264,1465,8,1,14.74,2.18,1.02,0.62,0.0,0.0,0.0,0.0,1.02,0.62,0.0,17.41,17.43,17.22,5.19,4.23,5.59,91.68,88.47,96.6,84.31,68.43,62.19,0.0,18.02
14-014,EXTREMADURA INSURGENTES,BENITO JUAREZ,False,,,,2010,1116,894,12,16,13,0,0,0,0,16,13,0,391,225,165,107,53,49,777,820,728,820,804,820,648,820,628,820,582,820,0,460,392,1979,10,1,15.19,0.6,0.8,1.16,0.0,0.0,0.0,0.0,0.8,1.16,0.0,19.45,20.16,18.46,5.32,4.75,5.48,94.76,88.78,98.05,79.02,76.59,70.98,0.0,19.81
14-015,GENERAL PEDRO MARIA ANAYA,BENITO JUAREZ,False,,,,6521,3523,2996,67,38,12,15,0,0,0,38,12,15,1227,693,507,296,133,129,2412,2566,2284,2566,2503,2566,2011,2566,1921,2562,1754,2558,0,2566,1212,6468,56,4,14.97,1.03,0.58,0.34,0.5,0.0,0.0,0.0,0.58,0.34,0.5,18.82,19.67,16.92,4.54,3.78,4.31,94.0,89.01,97.54,78.37,74.98,68.57,0.0,18.74
14-016,INDEPENDENCIA,BENITO JUAREZ,False,,,,10762,5854,4884,154,59,20,20,0,0,0,59,20,20,1994,1181,808,627,341,268,3765,4231,3404,4230,4074,4231,3540,4231,2722,4231,2361,4220,0,3570,2023,10633,55,13,13.73,1.43,0.55,0.34,0.41,0.0,0.0,0.0,0.55,0.34,0.41,18.53,20.17,16.54,5.83,5.83,5.49,88.99,80.47,96.29,83.67,64.33,55.95,0.0,19.03
14-017,INSURGENTES MIXCOAC,BENITO JUAREZ,False,,,,6024,3278,2746,54,36,14,8,0,0,0,36,14,8,1503,875,624,548,279,253,2403,2541,2288,2541,2469,2541,1935,2541,1928,2541,1781,2541,0,2184,1053,6024,37,8,15.08,0.9,0.6,0.43,0.29,0.0,0.0,0.0,0.6,0.43,0.29,24.95,26.69,22.72,9.1,8.51,9.21,94.57,90.04,97.17,76.15,75.88,70.09,0.0,17.48
14-018,INSURGENTES SAN BORJA,BENITO JUAREZ,False,,,,693,368,311,11,0,0,0,0,0,0,0,0,0,163,100,43,19,8,3,223,234,202,234,226,234,179,228,187,231,146,234,0,234,140,628,24,6,14.52,1.59,0.0,0.0,0.0,0.0,0.0,0.0,0.0,0.0,0.0,23.52,27.17,13.83,2.74,2.17,0.96,95.3,86.32,96.58,78.51,80.95,62.39,0.0,22.29
14-019,IZTACCIHUATL,BENITO JUAREZ,False,,,,2769,1524,1246,42,18,16,0,0,0,0,18,16,0,536,318,215,85,33,32,864,977,778,977,936,977,778,977,612,977,485,947,0,929,626,2765,24,0,13.71,1.52,0.65,1.05,0.0,0.0,0.0,0.0,0.65,1.05,0.0,19.36,20.87,17.26,3.07,2.17,2.57,88.43,79.63,95.8,79.63,62.64,51.21,0.0,22.64
14-020,JOSEFA ORTIZ DE DOMINGUEZ,BENITO JUAREZ,False,,,,1570,822,748,0,0,0,0,0,0,0,0,0,0,296,158,135,61,36,16,523,577,480,577,550,577,405,577,347,577,304,577,0,408,272,1564,12,1,13.89,0.0,0.0,0.0,0.0,0.0,0.0,0.0,0.0,0.0,0.0,18.85,19.22,18.05,3.89,4.38,2.14,90.64,83.19,95.32,70.19,60.14,52.69,0.0,17.39
14-021,LETRAN VALLE,BENITO JUAREZ,False,,,,11068,5906,5162,122,51,27,12,0,0,0,48,27,12,2090,1216,872,551,264,243,4093,4391,3812,4391,4249,4391,3676,4386,3244,4391,2815,4391,0,4092,2352,11012,62,8,14.86,1.1,0.46,0.46,0.23,0.0,0.0,0.0,0.43,0.46,0.23,18.88,20.59,16.89,4.98,4.47,4.71,93.21,86.81,96.77,83.81,73.88,64.11,0.0,21.36
14-022,MARIA DEL CARMEN,BENITO JUAREZ,False,,,,3479,1836,1643,84,42,13,18,0,0,0,38,12,18,488,251,233,188,102,83,1177,1316,1072,1316,1275,1316,1115,1316,861,1316,773,1311,0,1112,749,3479,16,2,13.93,2.41,1.21,0.71,1.1,0.0,0.0,0.0,1.09,0.65,1.1,14.03,13.67,14.18,5.4,5.56,5.05,89.44,81.46,96.88,84.73,65.43,58.96,0.0,21.53
14-023,MERCED GOMEZ,BENITO JUAREZ,False,,,,2240,1168,1072,25,9,3,3,0,0,0,9,3,3,431,220,211,155,85,66,980,1061,923,1061,1026,1061,810,1061,703,1061,717,1060,0,858,304,2237,8,1,15.47,1.12,0.4,0.26,0.28,0.0,0.0,0.0,0.4,0.26,0.28,19.24,18.84,19.68,6.92,7.28,6.16,92.37,86.99,96.7,76.34,66.26,67.64,0.0,13.59
14-024,MIGUEL ALEMAN,BENITO JUAREZ,False,,,,943,497,446,16,3,0,0,0,0,0,3,0,0,116,61,44,4,0,0,295,337,267,337,319,337,260,337,221,337,202,327,0,285,208,925,12,2,13.54,1.7,0.32,0.0,0.0,0.0,0.0,0.0,0.32,0.0,0.0,12.3,12.27,9.87,0.42,0.0,0.0,87.54,79.23,94.66,77.15,65.58,61.77,0.0,22.49
14-025,MIRAVALLE,BENITO JUAREZ,False,,,,1950,1022,928,44,22,6,4,0,0,0,22,6,4,367,193,174,104,53,51,746,820,685,820,790,820,658,820,507,820,478,820,0,820,409,1950,13,1,14.1,2.26,1.13,0.59,0.43,0.0,0.0,0.0,1.13,0.59,0.43,18.82,18.88,18.75,5.33,5.19,5.5,90.98,83.54,96.34,80.24,61.83,58.29,0.0,20.97
14-026,MIXCOAC,BENITO JUAREZ,False,,,,4904,2633,2271,57,18,3,6,0,0,0,18,3,6,907,512,385,277,141,125,1714,1907,1551,1902,1846,1907,1489,1907,1227,1899,1115,1896,0,1735,1094,4883,34,3,13.96,1.16,0.37,0.11,0.26,0.0,0.0,0.0,0.37,0.11,0.26,18.5,19.45,16.95,5.65,5.36,5.5,89.88,81.55,96.8,78.08,64.61,58.81,0.0,22.4
14-027,MODERNA,BENITO JUAREZ,False,,,,9793,5196,4595,134,38,15,13,0,0,0,36,14,12,1748,939,786,432,179,192,3175,3687,2858,3684,3500,3687,2759,3687,2072,3676,1791,3658,0,3180,2369,9750,84,12,13.56,1.37,0.39,0.29,0.28,0.0,0.0,0.0,0.37,0.27,0.26,17.85,18.07,17.11,4.41,3.44,4.18,86.11,77.58,94.93,74.83,56.37,48.96,0.0,24.3
14-028,NAPOLES,BENITO JUAREZ,False,,,,16956,8938,8018,210,127,49,43,0,0,0,126,46,43,3814,2107,1704,1446,745,677,7144,7472,6783,7472,7315,7472,5891,7472,5585,7472,5633,7472,0,6254,2737,16906,75,13,15.41,1.24,0.75,0.55,0.54,0.0,0.0,0.0,0.74,0.51,0.54,22.49,23.57,21.25,8.53,8.34,8.44,95.61,90.78,97.9,78.84,74.75,75.39,0.0,16.19
14-030,NATIVITAS,BENITO JUAREZ,False,,,,9489,5094,4387,96,39,13,10,0,0,0,39,13,10,1484,841,622,371,180,158,2911,3440,2547,3440,3254,3440,2778,3440,2006,3435,1438,3410,0,3122,2258,9481,82,12,13.25,1.01,0.41,0.26,0.23,0.0,0.0,0.0,0.41,0.26,0.23,15.64,16.51,14.18,3.91,3.53,3.6,84.62,74.04,94.59,80.76,58.4,42.17,0.0,23.82
14-031,NIÑOS HEROES DE CHAPULTEPEC,BENITO JUAREZ,False,,,,13183,7090,6085,175,69,27,29,0,0,0,68,27,28,2084,1127,941,605,288,286,4435,5002,4044,5002,4827,5002,4226,5002,3230,5002,2873,4977,0,4321,2866,13145,49,5,13.62,1.33,0.52,0.38,0.48,0.0,0.0,0.0,0.52,0.38,0.46,15.81,15.9,15.46,4.59,4.06,4.7,88.66,80.85,96.5,84.49,64.57,57.73,0.0,21.8
14-032,NOCHE BUENA,BENITO JUAREZ,False,,,,2894,1530,1356,28,11,7,0,0,0,0,11,7,0,669,387,282,229,122,102,1268,1332,1179,1332,1305,1332,1014,1332,996,1332,970,1332,0,1259,528,2853,17,5,15.13,0.97,0.38,0.46,0.0,0.0,0.0,0.0,0.38,0.46,0.0,23.12,25.29,20.8,7.91,7.97,7.52,95.2,88.51,97.97,76.13,74.77,72.82,0.0,18.51
14-033,NONOALCO,BENITO JUAREZ,False,,,,10419,5454,4960,85,26,11,6,0,0,0,26,11,6,2184,1157,1014,787,366,403,3950,4306,3660,4306,4174,4306,3278,4303,3016,4301,2756,4300,0,3933,1895,10365,59,6,14.43,0.82,0.25,0.2,0.12,0.0,0.0,0.0,0.25,0.2,0.12,20.96,21.21,20.44,7.55,6.71,8.12,91.73,85.0,96.93,76.18,70.12,64.09,0.0,18.28
14-034,OCHO DE AGOSTO,BENITO JUAREZ,False,,,,3559,1927,1632,41,26,16,5,0,0,0,25,15,5,709,404,304,282,150,126,1232,1358,1085,1358,1299,1362,1007,1362,921,1358,710,1342,0,572,713,3538,12,0,13.67,1.15,0.73,0.83,0.31,0.0,0.0,0.0,0.7,0.78,0.31,19.92,20.97,18.63,7.92,7.78,7.72,90.72,79.9,95.37,73.94,67.82,52.91,0.0,20.15
14-035,PERIODISTA FRANCISCO ZARCO,BENITO JUAREZ,False,,,,916,507,399,0,0,0,0,0,0,0,0,0,0,115,69,43,27,7,7,274,300,240,297,293,300,258,300,220,300,148,300,0,300,176,894,15,3,14.07,0.0,0.0,0.0,0.0,0.0,0.0,0.0,0.0,0.0,0.0,12.55,13.61,10.78,2.95,1.38,1.75,91.33,80.81,97.67,86.0,73.33,49.33,0.0,19.69
14-036,PIEDAD NARVARTE,BENITO JUAREZ,False,,,,4710,2461,2249,79,28,3,3,0,0,0,28,3,3,1152,610,542,435,214,217,1887,2040,1738,2040,1980,2040,1581,2040,1414,2040,1343,2040,0,1718,903,4673,16,2,14.77,1.68,0.59,0.12,0.13,0.0,0.0,0.0,0.59,0.12,0.13,24.46,24.79,24.1,9.24,8.7,9.65,92.5,85.2,97.06,77.5,69.31,65.83,0.0,19.32
14-038,PORTALES ORIENTE,BENITO JUAREZ,False,,,,6408,3417,2991,128,51,19,14,0,0,0,51,19,14,1239,709,524,359,169,180,2259,2544,2039,2544,2436,2544,2127,2544,1660,2544,1476,2544,0,2194,1243,6408,30,8,14.0,2.0,0.8,0.56,0.47,0.0,0.0,0.0,0.8,0.56,0.47,19.34,20.75,17.52,5.6,4.95,6.02,88.8,80.15,95.75,83.61,65.25,58.02,0.0,19.4
14-039,POSTAL,BENITO JUAREZ,False,,,,3618,1935,1684,31,6,6,0,0,0,0,6,6,0,485,290,180,84,43,32,1256,1398,1101,1398,1350,1398,1151,1398,922,1398,786,1398,0,1140,753,3550,34,0,14.05,0.86,0.17,0.31,0.0,0.0,0.0,0.0,0.17,0.31,0.0,13.41,14.99,10.69,2.32,2.22,1.9,89.84,78.76,96.57,82.33,65.95,56.22,0.0,21.21
14-040,RESIDENCIAL EMPERADORES,BENITO JUAREZ,False,,,,1282,657,622,12,4,0,4,0,0,0,4,0,4,308,160,145,89,46,39,522,549,491,549,542,549,420,549,413,549,365,549,0,549,247,1267,13,2,15.23,0.94,0.31,0.0,0.64,0.0,0.0,0.0,0.31,0.0,0.64,24.02,24.35,23.31,6.94,7.0,6.27,95.08,89.44,98.72,76.5,75.23,66.48,0.0,19.49
14-041,SAN JOSE INSURGENTES,BENITO JUAREZ,False,,,,6670,3664,2999,16,47,40,0,0,0,0,47,40,0,1236,768,455,411,235,141,2836,2970,2705,2970,2903,2970,2509,2970,2433,2970,2125,2965,0,2944,1017,6562,69,12,15.43,0.24,0.7,1.09,0.0,0.0,0.0,0.0,0.7,1.09,0.0,18.53,20.96,15.17,6.16,6.41,4.7,95.49,91.08,97.74,84.48,81.92,71.67,0.0,15.5
14-042,SAN JUAN,BENITO JUAREZ,False,,,,3463,1857,1606,31,20,9,8,0,0,0,20,9,8,604,373,231,161,84,73,1271,1388,1197,1388,1336,1388,1100,1388,1020,1388,921,1388,0,1179,570,3445,12,3,14.53,0.9,0.58,0.48,0.5,0.0,0.0,0.0,0.58,0.48,0.5,17.44,20.09,14.38,4.65,4.52,4.55,91.57,86.24,96.25,79.25,73.49,66.35,0.0,16.55
14-043,SAN PEDRO DE LOS  PINOS,BENITO JUAREZ,False,,,,13982,7461,6519,123,35,14,3,0,0,0,35,14,3,2957,1662,1278,1019,511,460,5507,5876,5149,5876,5704,5876,4668,5876,4163,5876,3816,5871,0,5416,2609,13880,94,12,14.83,0.88,0.25,0.19,0.05,0.0,0.0,0.0,0.25,0.19,0.05,21.15,22.28,19.6,7.29,6.85,7.06,93.72,87.63,97.07,79.44,70.85,65.0,0.0,18.8
14-044,SAN SIMON TICUMAC,BENITO JUAREZ,False,,,,12156,6483,5673,230,90,39,34,0,0,0,89,38,34,2277,1303,954,520,271,217,3769,4378,3314,4378,4172,4378,3697,4378,2621,4372,2264,4372,0,3735,2794,12111,66,5,13.04,1.89,0.74,0.6,0.6,0.0,0.0,0.0,0.73,0.59,0.6,18.73,20.1,16.82,4.28,4.18,3.83,86.09,75.7,95.29,84.44,59.95,51.78,0.0,23.07
14-045,STA CRUZ ATOYAC,BENITO JUAREZ,False,,,,10120,5379,4724,75,37,21,9,0,0,0,37,21,9,2147,1188,939,634,308,295,3793,4094,3525,4094,3978,4098,3207,4098,2925,4090,2591,4084,0,3790,1975,10047,64,9,14.59,0.74,0.37,0.39,0.19,0.0,0.0,0.0,0.37,0.39,0.19,21.22,22.09,19.88,6.26,5.73,6.24,92.65,86.1,97.07,78.26,71.52,63.44,0.0,19.66
14-046,TLACOQUEMECATL DEL VALLE,BENITO JUAREZ,False,,,,7411,4057,3345,58,38,18,6,0,0,0,38,18,6,1443,855,586,301,161,130,2849,3001,2662,3001,2948,3001,2483,2997,2391,2997,2089,2992,0,2674,1638,7321,42,6,14.86,0.78,0.51,0.44,0.18,0.0,0.0,0.0,0.51,0.44,0.18,19.47,21.07,17.52,4.06,3.97,3.89,94.94,88.7,98.23,82.85,79.78,69.82,0.0,22.37
14-047,VERTIZ NARVARTE,BENITO JUAREZ,False,,,,7140,3829,3311,119,56,35,0,0,0,0,55,35,0,1452,802,647,389,203,162,2644,2845,2460,2845,2762,2845,2337,2845,2103,2845,1736,2843,0,2606,1509,7046,41,4,14.75,1.67,0.78,0.91,0.0,0.0,0.0,0.0,0.77,0.91,0.0,20.34,20.95,19.54,5.45,5.3,4.89,92.93,86.47,97.08,82.14,73.92,61.06,0.0,21.42
14-048,VILLA DE CORTES,BENITO JUAREZ,False,,,,2543,1399,1144,39,10,7,0,0,0,0,10,7,0,510,312,196,115,46,47,767,880,691,887,844,887,702,887,536,880,445,880,0,846,725,2523,21,3,13.71,1.53,0.39,0.5,0.0,0.0,0.0,0.0,0.39,0.5,0.0,20.06,22.3,17.13,4.52,3.29,4.11,87.16,77.9,95.15,79.14,60.91,50.57,0.0,28.74
14-049,XOCO,BENITO JUAREZ,False,,,,5860,3131,2729,41,23,13,4,0,0,0,23,13,4,1070,571,495,342,177,159,2008,2166,1857,2159,2107,2166,1704,2166,1581,2166,1442,2166,0,1547,1104,5860,22,3,14.35,0.7,0.39,0.42,0.15,0.0,0.0,0.0,0.39,0.42,0.15,18.26,18.24,18.14,5.84,5.65,5.83,92.71,86.01,97.28,78.67,72.99,66.57,0.0,18.84
14-050,ZACAHUITZCO,BENITO JUAREZ,False,,,,2718,1458,1260,37,19,8,4,0,0,0,19,8,4,450,248,202,157,71,75,999,1073,932,1073,1048,1073,792,1073,763,1073,704,1073,0,1028,499,2718,12,3,14.44,1.36,0.7,0.55,0.32,0.0,0.0,0.0,0.7,0.55,0.32,16.56,17.01,16.03,5.78,4.87,5.95,93.1,86.86,97.67,73.81,71.11,65.61,0.0,18.36
14-051,ALAMOS I,BENITO JUAREZ,False,,,,11270,6008,5262,169,68,23,12,0,0,0,68,23,12,1991,1164,812,567,283,261,4188,4604,3810,4601,4482,4604,3543,4597,3043,4601,2799,4595,0,4177,2491,11252,53,7,14.32,1.5,0.6,0.38,0.23,0.0,0.0,0.0,0.6,0.38,0.23,17.67,19.37,15.43,5.03,4.71,4.96,90.96,82.81,97.35,77.07,66.14,60.91,0.0,22.14
14-052,ALAMOS II,BENITO JUAREZ,False,,,,10359,5526,4820,88,34,7,6,0,0,0,34,7,6,1900,1063,837,603,295,301,3758,4169,3447,4169,4011,4169,3274,4169,2723,4169,2407,4169,0,3710,2292,10283,42,6,14.33,0.85,0.33,0.13,0.12,0.0,0.0,0.0,0.33,0.13,0.12,18.34,19.24,17.37,5.82,5.34,6.24,90.14,82.68,96.21,78.53,65.32,57.74,0.0,22.29
14-053,DEL VALLE I,BENITO JUAREZ,False,,,,11252,6019,5231,105,71,37,12,0,0,0,71,37,12,2738,1513,1211,879,452,404,4326,4579,4048,4579,4485,4579,3618,4576,3318,4579,3208,4568,0,4407,2238,11168,53,8,15.04,0.93,0.63,0.61,0.23,0.0,0.0,0.0,0.63,0.61,0.23,24.33,25.14,23.15,7.81,7.51,7.72,94.47,88.4,97.95,79.06,72.46,70.23,0.0,20.04
14-054,DEL VALLE II,BENITO JUAREZ,False,,,,12035,6338,5693,126,91,58,13,0,0,0,90,57,13,2844,1607,1235,883,476,397,4773,5010,4445,5010,4889,5010,3856,5010,3636,5010,3583,5010,0,4802,2465,11943,49,11,15.14,1.05,0.76,0.92,0.23,0.0,0.0,0.0,0.75,0.9,0.23,23.63,25.36,21.69,7.34,7.51,6.97,95.27,88.72,97.58,76.97,72.57,71.52,0.0,20.64
14-055,DEL VALLE III,BENITO JUAREZ,False,,,,9762,5222,4539,92,72,40,7,0,0,0,72,40,7,2062,1173,872,536,285,229,3849,4047,3624,4047,3962,4047,3267,4047,3163,4047,2956,4040,0,3548,1788,9548,49,5,15.19,0.94,0.74,0.77,0.15,0.0,0.0,0.0,0.74,0.77,0.15,21.12,22.46,19.21,5.49,5.46,5.05,95.11,89.55,97.9,80.73,78.16,73.17,0.0,18.73
14-056,DEL VALLE IV,BENITO JUAREZ,False,,,,8877,4810,3979,58,55,29,13,0,0,0,55,29,13,1814,1073,738,513,260,238,3486,3683,3264,3683,3589,3683,2774,3683,2915,3683,2512,3683,0,3409,1733,8481,39,8,15.15,0.65,0.62,0.6,0.33,0.0,0.0,0.0,0.62,0.6,0.33,20.43,22.31,18.55,5.78,5.41,5.98,94.65,88.62,97.45,75.32,79.15,68.21,0.0,20.43
14-057,DEL VALLE V,BENITO JUAREZ,False,,,,8473,4621,3848,37,30,19,0,0,0,0,30,19,0,1684,962,708,471,253,204,3348,3527,3098,3527,3432,3527,2963,3521,2818,3523,2339,3527,0,3446,1403,8377,47,6,15.01,0.44,0.35,0.41,0.0,0.0,0.0,0.0,0.35,0.41,0.0,19.87,20.82,18.4,5.56,5.48,5.3,94.92,87.84,97.31,84.15,79.99,66.32,0.0,16.75
14-058,DEL VALLE VI,BENITO JUAREZ,False,,,,7961,4232,3728,95,57,29,14,0,0,0,57,29,14,1815,1006,809,533,266,263,3133,3334,2937,3334,3274,3334,2733,3334,2511,3334,2255,3334,0,2777,1577,7900,26,4,15.11,1.19,0.72,0.69,0.38,0.0,0.0,0.0,0.72,0.69,0.38,22.8,23.77,21.7,6.7,6.29,7.05,93.97,88.09,98.2,81.97,75.31,67.64,0.0,19.96
14-059,DEL VALLE VII,BENITO JUAREZ,False,,,,11208,6047,5161,142,100,57,19,0,0,0,98,55,19,2409,1359,1049,717,370,343,4447,4655,4207,4655,4563,4655,3712,4655,3666,4655,3305,4655,0,3359,1696,11177,30,1,15.22,1.27,0.89,0.94,0.37,0.0,0.0,0.0,0.87,0.91,0.37,21.49,22.47,20.33,6.4,6.12,6.65,95.53,90.38,98.02,79.74,78.75,71.0,0.0,15.17
14-060,NARVARTE I,BENITO JUAREZ,False,,,,12263,6567,5691,271,130,62,44,0,0,0,130,62,44,3147,1829,1312,953,493,449,4629,5087,4210,5081,4909,5087,4171,5087,3280,5087,3198,5081,0,4454,2868,11895,64,9,14.33,2.21,1.06,0.94,0.77,0.0,0.0,0.0,1.06,0.94,0.77,25.66,27.85,23.05,7.77,7.51,7.89,91.0,82.86,96.5,81.99,64.48,62.94,0.0,24.11
14-061,NARVARTE II,BENITO JUAREZ,False,,,,8773,4652,4121,143,84,40,34,0,0,0,84,40,34,2152,1203,949,750,379,366,3391,3669,3150,3669,3547,3669,3024,3669,2478,3669,2364,3669,12,3058,2051,8533,30,3,14.88,1.63,0.96,0.86,0.83,0.0,0.0,0.0,0.96,0.86,0.83,24.53,25.86,23.03,8.55,8.15,8.88,92.42,85.85,96.67,82.42,67.54,64.43,0.39,24.04
14-062,NARVARTE III,BENITO JUAREZ,False,,,,8040,4335,3701,126,60,27,7,0,0,0,60,27,7,1972,1143,828,503,263,235,3038,3362,2796,3362,3215,3362,2531,3362,2117,3362,2149,3362,0,2319,2001,8035,33,5,14.55,1.57,0.75,0.62,0.19,0.0,0.0,0.0,0.75,0.62,0.19,24.53,26.37,22.37,6.26,6.07,6.35,90.36,83.16,95.63,75.28,62.97,63.92,0.0,24.9
14-063,NARVARTE IV,BENITO JUAREZ,False,,,,10394,5535,4859,91,40,19,3,0,0,0,40,19,3,2177,1215,958,585,307,265,4104,4450,3757,4450,4315,4450,3576,4450,2945,4450,2830,4444,0,4153,2117,10177,38,5,14.63,0.88,0.38,0.34,0.06,0.0,0.0,0.0,0.38,0.34,0.06,20.94,21.95,19.72,5.63,5.55,5.45,92.22,84.43,96.97,80.36,66.18,63.68,0.0,20.8
14-064,NARVARTE V,BENITO JUAREZ,False,,,,9254,4864,4386,167,75,23,22,0,0,0,75,23,22,2192,1210,981,665,356,302,3568,3806,3375,3806,3713,3806,3245,3806,2644,3806,2597,3806,0,3806,1867,9099,40,6,15.1,1.8,0.81,0.47,0.5,0.0,0.0,0.0,0.81,0.47,0.5,23.69,24.88,22.37,7.19,7.32,6.89,93.75,88.68,97.56,85.26,69.47,68.23,0.0,20.52
14-065,NARVARTE VI,BENITO JUAREZ,False,,,,7761,4164,3597,67,34,21,6,0,0,0,34,21,6,1535,891,638,404,200,192,2911,3144,2708,3144,3061,3144,2412,3140,2244,3140,2128,3140,0,2582,1554,7642,34,4,14.55,0.86,0.44,0.5,0.17,0.0,0.0,0.0,0.44,0.5,0.17,19.78,21.4,17.74,5.21,4.8,5.34,92.59,86.13,97.36,76.82,71.46,67.77,0.0,20.33
14-066,PORTALES I,BENITO JUAREZ,False,,,,9969,5223,4667,116,35,17,3,0,0,0,32,14,3,1779,1027,743,438,219,193,3368,3845,3036,3837,3673,3849,3126,3848,2397,3849,2129,3836,0,3441,2193,9711,54,5,13.86,1.16,0.35,0.33,0.06,0.0,0.0,0.0,0.32,0.27,0.06,17.85,19.66,15.92,4.39,4.19,4.14,87.59,79.12,95.43,81.24,62.28,55.5,0.0,22.58
14-067,PORTALES II,BENITO JUAREZ,False,,,,13416,7080,6333,153,58,11,10,0,0,0,55,11,10,2410,1336,1061,697,347,339,4751,5318,4404,5318,5091,5315,4336,5315,3437,5315,3072,5315,0,4855,2650,13413,58,5,14.35,1.14,0.43,0.16,0.16,0.0,0.0,0.0,0.41,0.16,0.16,17.96,18.87,16.75,5.2,4.9,5.35,89.34,82.81,95.79,81.58,64.67,57.8,0.0,19.76
14-068,PORTALES III,BENITO JUAREZ,False,,,,11558,6206,5330,192,89,48,18,0,0,0,88,48,18,2105,1196,901,657,326,299,4046,4460,3734,4464,4307,4464,3638,4464,2858,4458,2757,4444,3,3915,2346,11512,60,10,14.31,1.66,0.77,0.77,0.34,0.0,0.0,0.0,0.76,0.77,0.34,18.21,19.27,16.9,5.68,5.25,5.61,90.72,83.65,96.48,81.5,64.11,62.04,0.08,20.38
14-069,PORTALES IV,BENITO JUAREZ,False,,,,6308,3428,2880,41,23,11,0,0,0,0,23,11,0,1156,667,488,305,155,117,2257,2468,2110,2468,2387,2468,2004,2468,1667,2468,1637,2468,0,2316,1364,6308,36,6,14.43,0.65,0.36,0.32,0.0,0.0,0.0,0.0,0.36,0.32,0.0,18.33,19.46,16.94,4.84,4.52,4.06,91.45,85.49,96.72,81.2,67.54,66.33,0.0,21.62
03-003,AJUSCO HUAYAMILPAS,COYOACAN,False,,,,2720,1424,1295,43,12,4,6,0,0,0,12,4,6,470,262,205,46,19,13,543,724,383,717,658,724,560,724,269,724,195,692,0,657,762,2678,17,2,10.67,1.58,0.44,0.28,0.46,0.0,0.0,0.0,0.44,0.28,0.46,17.28,18.4,15.83,1.69,1.33,1.0,75.0,53.42,90.88,77.35,37.15,28.18,0.0,28.45
03-005,ALTILLO (COND ALTILLO UNIVERSIDAD),COYOACAN,False,,,,2150,1161,988,21,8,3,0,0,0,0,8,3,0,796,423,368,345,168,162,856,916,833,916,888,916,704,916,505,916,594,916,0,916,425,2147,31,8,15.59,0.98,0.37,0.26,0.0,0.0,0.0,0.0,0.37,0.26,0.0,37.02,36.43,37.25,16.05,14.47,16.4,93.45,90.94,96.94,76.86,55.13,64.85,0.0,19.8
03-006,AMPLIACION CANDELARIA,COYOACAN,False,,,,4900,2546,2354,59,12,3,5,0,0,0,12,3,5,757,438,319,85,47,34,1068,1404,892,1404,1305,1404,1096,1404,649,1404,433,1372,0,587,1278,4893,14,0,11.39,1.2,0.24,0.12,0.21,0.0,0.0,0.0,0.24,0.12,0.21,15.45,17.2,13.55,1.73,1.85,1.44,76.07,63.53,92.95,78.06,46.23,31.56,0.0,26.12
03-007,ATLANTIDA,COYOACAN,False,,,,1098,588,493,22,8,6,0,0,0,0,8,6,0,204,128,70,70,32,25,322,370,284,363,349,370,306,370,200,370,185,363,0,370,252,1079,14,3,13.67,2.0,0.73,1.02,0.0,0.0,0.0,0.0,0.73,1.02,0.0,18.58,21.77,14.2,6.38,5.44,5.07,87.03,78.24,94.32,82.7,54.05,50.96,0.0,23.35
03-008,AVANTE,COYOACAN,False,,,,9205,4916,4267,82,42,16,10,0,0,0,42,16,10,1563,909,644,183,80,86,2715,3034,2455,3034,2871,3034,2523,3034,2052,3034,1499,3034,0,2939,2288,9110,49,7,14.17,0.89,0.46,0.33,0.23,0.0,0.0,0.0,0.46,0.33,0.23,16.98,18.49,15.09,1.99,1.63,2.02,89.49,80.92,94.63,83.16,67.63,49.41,0.0,25.12
03-009,SANTA URSULA - BOSQUES DE TETLAMEYA,COYOACAN,False,,,,2163,1206,944,13,23,15,1,0,0,0,23,15,1,465,289,156,97,48,31,658,700,608,700,684,700,568,700,538,700,464,700,0,700,575,2015,35,6,14.52,0.6,1.06,1.24,0.11,0.0,0.0,0.0,1.06,1.24,0.11,21.5,23.96,16.53,4.48,3.98,3.28,94.0,86.86,97.71,81.14,76.86,66.29,0.0,28.54
03-010,CAFETALES I (RDCIAL),COYOACAN,False,,,,1305,693,612,0,4,0,0,0,0,0,4,0,0,187,96,79,10,3,4,384,410,358,410,401,410,321,410,237,402,251,410,0,321,325,1305,17,1,14.44,0.0,0.31,0.0,0.0,0.0,0.0,0.0,0.31,0.0,0.0,14.33,13.85,12.91,0.77,0.43,0.65,93.66,87.32,97.8,78.29,58.96,61.22,0.0,24.9
03-011,CAFETALES II (RDCIAL),COYOACAN,False,,,,1433,719,714,6,0,0,0,0,0,0,0,0,0,251,127,124,40,16,17,414,442,399,442,430,442,384,442,278,442,260,442,0,378,314,1330,16,2,14.52,0.42,0.0,0.0,0.0,0.0,0.0,0.0,0.0,0.0,0.0,17.52,17.66,17.37,2.79,2.23,2.38,93.67,90.27,97.29,86.88,62.9,58.82,0.0,23.61
03-012,CAMPESTRE CHURUBUSCO,COYOACAN,False,,,,11667,6281,5364,113,46,17,11,0,0,0,45,16,11,2170,1259,891,388,178,162,3729,4025,3483,4025,3909,4025,3602,4025,2867,4021,2266,4021,0,3926,2913,11519,132,12,14.57,0.97,0.39,0.27,0.21,0.0,0.0,0.0,0.39,0.25,0.21,18.6,20.04,16.61,3.33,2.83,3.02,92.65,86.53,97.12,89.49,71.3,56.35,0.0,25.29
03-013,CAMPESTRE COYOACAN (FRACC),COYOACAN,False,,,,2012,1059,953,9,1,0,0,0,0,0,1,0,0,324,195,128,26,9,7,612,662,549,662,649,662,568,662,489,662,338,662,0,662,608,1768,19,0,14.26,0.45,0.05,0.0,0.0,0.0,0.0,0.0,0.05,0.0,0.0,16.1,18.41,13.43,1.29,0.85,0.73,92.45,82.93,98.04,85.8,73.87,51.06,0.0,34.39
03-014,CANAL NACIONAL (U HAB),COYOACAN,False,,,,1766,992,774,11,0,0,0,0,0,0,0,0,0,346,221,118,114,70,30,516,613,415,613,587,613,405,613,322,613,271,613,0,494,432,1766,21,2,12.3,0.62,0.0,0.0,0.0,0.0,0.0,0.0,0.0,0.0,0.0,19.59,22.28,15.25,6.46,7.06,3.88,84.18,67.7,95.76,66.07,52.53,44.21,0.0,24.46
03-015,CANAL NACIONAL 260 (U HAB),COYOACAN,False,,,,1070,559,511,35,6,2,0,0,0,0,6,2,0,174,101,66,33,11,13,318,372,256,372,356,372,285,372,180,367,156,372,0,334,274,528,14,0,12.15,3.27,0.56,0.36,0.0,0.0,0.0,0.0,0.56,0.36,0.0,16.26,18.07,12.92,3.08,1.97,2.54,85.48,68.82,95.7,76.61,49.05,41.94,0.0,51.89
03-016,CANTIL DEL PEDREGAL,COYOACAN,False,,,,445,240,206,3,3,0,0,0,0,0,3,0,0,83,49,34,7,0,0,132,138,128,138,135,138,115,138,120,138,94,138,0,138,144,420,4,0,14.54,0.67,0.67,0.0,0.0,0.0,0.0,0.0,0.67,0.0,0.0,18.65,20.42,16.5,1.57,0.0,0.0,95.65,92.75,97.83,83.33,86.96,68.12,0.0,34.29
03-017,CARMEN SERDAN,COYOACAN,False,,,,7824,4061,3749,151,17,3,0,0,0,0,16,3,0,1559,837,710,152,66,42,1412,2213,951,2213,1976,2213,1716,2213,672,2169,421,1909,3,2037,2300,7810,73,7,10.05,1.93,0.22,0.07,0.0,0.0,0.0,0.0,0.2,0.07,0.0,19.93,20.61,18.94,1.94,1.63,1.12,63.8,42.97,89.29,77.54,30.98,22.05,0.15,29.45
03-018,CENTRO URBANO TLALPAN (U HAB),COYOACAN,False,,,,496,262,234,0,0,0,0,0,0,0,0,0,0,77,53,19,16,6,0,168,216,148,216,206,216,170,216,100,216,94,216,0,198,96,492,11,1,13.09,0.0,0.0,0.0,0.0,0.0,0.0,0.0,0.0,0.0,0.0,15.52,20.23,8.12,3.23,2.29,0.0,77.78,68.52,95.37,78.7,46.3,43.52,0.0,19.51
03-019,CHIMALISTAC,COYOACAN,False,,,,692,383,309,6,8,3,3,0,0,0,8,3,3,124,78,47,27,18,7,230,239,218,239,232,239,204,239,186,239,156,239,0,239,138,559,6,0,14.93,0.87,1.16,0.78,0.97,0.0,0.0,0.0,1.16,0.78,0.97,17.92,20.37,15.21,3.9,4.7,2.27,96.23,91.21,97.07,85.36,77.82,65.27,0.0,24.69
03-020,CIUDAD JARDIN,COYOACAN,False,,,,2869,1533,1336,16,3,0,3,0,0,0,3,0,3,495,305,176,104,30,51,868,949,781,949,906,949,756,949,644,949,526,949,0,858,714,2843,42,5,14.65,0.56,0.1,0.0,0.22,0.0,0.0,0.0,0.1,0.0,0.22,17.25,19.9,13.17,3.62,1.96,3.82,91.46,82.3,95.47,79.66,67.86,55.43,0.0,25.11
03-021,CIUDAD UNIVERSITARIA,COYOACAN,False,,,,449,227,221,5,5,3,2,0,0,0,5,3,2,135,70,65,43,24,16,166,177,153,177,169,177,157,177,113,177,116,177,0,167,99,340,21,1,14.46,1.11,1.11,1.32,0.9,0.0,0.0,0.0,1.11,1.32,0.9,30.07,30.84,29.41,9.58,10.57,7.24,93.79,86.44,95.48,88.7,63.84,65.54,0.0,29.12
03-022,COPILCO EL ALTO,COYOACAN,False,,,,3344,1724,1620,85,39,17,16,0,0,0,39,17,16,584,288,295,132,64,62,912,1081,688,1081,1021,1081,857,1081,389,1075,380,1081,0,759,882,3317,21,4,11.88,2.54,1.17,0.99,0.99,0.0,0.0,0.0,1.17,0.99,0.99,17.46,16.71,18.21,3.95,3.71,3.83,84.37,63.64,94.45,79.28,36.19,35.15,0.0,26.59
03-023,COPILCO EL BAJO,COYOACAN,False,,,,1702,927,775,26,0,0,0,0,0,0,0,0,0,346,189,143,89,43,29,532,585,473,585,553,585,453,585,354,585,298,578,0,585,430,1659,33,1,13.62,1.53,0.0,0.0,0.0,0.0,0.0,0.0,0.0,0.0,0.0,20.33,20.39,18.45,5.23,4.64,3.74,90.94,80.85,94.53,77.44,60.51,51.56,0.0,25.92
03-024,COPILCO UNIVERSIDAD I,COYOACAN,False,,,,1709,941,769,34,3,3,0,0,0,0,3,3,0,548,287,247,195,75,78,653,685,619,685,671,685,538,685,433,672,438,666,0,685,340,1551,44,2,15.55,1.99,0.18,0.32,0.0,0.0,0.0,0.0,0.18,0.32,0.0,32.07,30.5,32.12,11.41,7.97,10.14,95.33,90.36,97.96,78.54,64.43,65.77,0.0,21.92
03-025,COUNTRY CLUB,COYOACAN,False,,,,2825,1522,1299,30,14,5,0,0,0,0,14,5,0,568,340,226,181,94,73,971,1053,881,1053,1010,1053,863,1053,724,1053,643,1053,0,1053,742,2798,21,3,14.44,1.06,0.5,0.33,0.0,0.0,0.0,0.0,0.5,0.33,0.0,20.11,22.34,17.4,6.41,6.18,5.62,92.21,83.67,95.92,81.96,68.76,61.06,0.0,26.52
03-026,CROC CULHUACAN SECC 6 (U HAB),COYOACAN,False,,,,2441,1310,1131,24,8,3,5,0,0,0,8,3,5,507,303,204,129,66,56,677,824,539,824,775,824,621,824,455,824,339,824,0,824,538,2441,15,2,12.37,0.98,0.33,0.23,0.44,0.0,0.0,0.0,0.33,0.23,0.44,20.77,23.13,18.04,5.28,5.04,4.95,82.16,65.41,94.05,75.36,55.22,41.14,0.0,22.04
03-027,CTM IX CULHUACAN ZONA 29-30 (U HAB),COYOACAN,False,,,,3953,2162,1785,44,4,3,0,0,0,0,4,3,0,642,378,258,124,56,42,994,1171,810,1171,1095,1171,934,1171,581,1159,476,1171,0,1139,884,3912,35,2,12.23,1.11,0.1,0.14,0.0,0.0,0.0,0.0,0.1,0.14,0.0,16.24,17.48,14.45,3.14,2.59,2.35,84.88,69.17,93.51,79.76,50.13,40.65,0.0,22.6
03-028,CTM IX A CULHUACAN (U HAB),COYOACAN,False,,,,3037,1663,1374,24,0,0,0,0,0,0,0,0,0,501,303,193,63,34,23,834,978,694,978,928,978,743,978,485,978,418,978,0,567,619,3037,22,2,12.42,0.79,0.0,0.0,0.0,0.0,0.0,0.0,0.0,0.0,0.0,16.5,18.22,14.05,2.07,2.04,1.67,85.28,70.96,94.89,75.97,49.59,42.74,0.0,20.38
03-029,CTM V CULHUACAN (U HAB),COYOACAN,False,,,,6679,3613,3061,38,0,0,0,0,0,0,0,0,0,917,550,347,66,18,22,1545,1922,1263,1922,1705,1922,1578,1922,776,1899,607,1817,0,1773,1619,6557,75,8,11.92,0.57,0.0,0.0,0.0,0.0,0.0,0.0,0.0,0.0,0.0,13.73,15.22,11.34,0.99,0.5,0.72,80.39,65.71,88.71,82.1,40.86,33.41,0.0,24.69
03-030,CTM VI CULHUACAN (U HAB),COYOACAN,False,,,,15291,8163,7107,101,14,7,0,0,0,0,14,7,0,2535,1430,1064,328,131,106,3948,4638,3260,4638,4341,4638,3855,4638,2225,4613,1621,4475,0,4221,3405,15214,168,10,12.46,0.66,0.09,0.09,0.0,0.0,0.0,0.0,0.09,0.09,0.0,16.58,17.52,14.97,2.15,1.6,1.49,85.12,70.29,93.6,83.12,48.23,36.22,0.0,22.38
03-031,CTM VII CULHUACAN (U HAB),COYOACAN,False,,,,9616,5098,4506,181,67,30,32,0,0,0,66,30,31,1653,953,666,206,61,85,2493,2974,2101,2971,2783,2974,2399,2966,1434,2963,1219,2944,0,2542,2239,8760,107,6,12.12,1.88,0.7,0.59,0.71,0.0,0.0,0.0,0.69,0.59,0.69,17.19,18.69,14.78,2.14,1.2,1.89,83.83,70.72,93.58,80.88,48.4,41.41,0.0,25.56
03-032,CTM VII A CULHUACAN (U HAB),COYOACAN,False,,,,1157,647,510,12,0,0,0,0,0,0,0,0,0,144,85,59,13,3,0,297,367,234,367,345,367,273,367,136,367,74,239,0,328,235,1142,15,1,11.76,1.04,0.0,0.0,0.0,0.0,0.0,0.0,0.0,0.0,0.0,12.45,13.14,11.57,1.12,0.46,0.0,80.93,63.76,94.01,74.39,37.06,30.96,0.0,20.58
03-033,CTM VIII CULHUACAN (U HAB),COYOACAN,False,,,,6728,3622,3092,68,11,4,0,0,0,0,11,4,0,1158,675,471,193,90,76,1717,2089,1408,2089,1931,2089,1607,2089,936,2089,670,2015,0,2028,1421,6595,66,8,12.21,1.01,0.16,0.11,0.0,0.0,0.0,0.0,0.16,0.11,0.0,17.21,18.64,15.23,2.87,2.48,2.46,82.19,67.4,92.44,76.93,44.81,33.25,0.0,21.55
03-034,CTM X CULHUACAN (U HAB),COYOACAN,False,,,,5399,2832,2562,66,9,3,0,0,0,0,6,3,0,939,541,397,154,69,66,1304,1618,1042,1618,1509,1618,1253,1618,675,1618,632,1618,0,1477,1282,5128,50,6,11.76,1.22,0.17,0.11,0.0,0.0,0.0,0.0,0.11,0.11,0.0,17.39,19.1,15.5,2.85,2.44,2.58,80.59,64.4,93.26,77.44,41.72,39.06,0.0,25.0
03-035,CUADRANTE DE SAN FRANCISCO,COYOACAN,False,,,,3223,1782,1434,76,61,36,25,0,0,0,61,36,25,487,309,168,82,46,36,776,897,669,897,839,897,743,897,521,890,459,892,2,876,1015,2533,14,2,12.48,2.36,1.89,2.02,1.74,0.0,0.0,0.0,1.89,2.02,1.74,15.11,17.34,11.72,2.54,2.58,2.51,86.51,74.58,93.53,82.83,58.54,51.46,0.23,40.07
03-036,DE LA CANDELARIA (PBLO),COYOACAN,False,,,,9004,4742,4262,221,99,57,39,0,0,0,99,57,39,1233,690,534,204,110,86,2123,2655,1710,2655,2465,2655,2084,2655,1235,2655,1197,2655,0,1949,2373,8490,25,0,12.02,2.45,1.1,1.2,0.92,0.0,0.0,0.0,1.1,1.2,0.92,13.69,14.55,12.53,2.27,2.32,2.02,79.96,64.41,92.84,78.49,46.52,45.08,0.0,27.95
03-037,DEL CARMEN,COYOACAN,False,,,,9563,5227,4307,176,101,53,24,0,0,0,101,53,24,1756,1033,684,356,170,100,3285,3581,3077,3581,3436,3584,2868,3584,2447,3581,1995,3553,0,3007,2349,9447,133,20,14.72,1.84,1.06,1.01,0.56,0.0,0.0,0.0,1.06,1.01,0.56,18.36,19.76,15.88,3.72,3.25,2.32,91.73,85.93,95.87,80.02,68.33,56.15,0.0,24.87
03-038,DEL NIÑO JESUS (BARR),COYOACAN,False,,,,2563,1418,1145,27,15,12,3,0,0,0,14,12,3,407,250,156,101,58,34,764,812,686,812,784,812,680,812,537,812,489,812,0,809,633,2126,12,0,14.06,1.05,0.59,0.85,0.26,0.0,0.0,0.0,0.55,0.85,0.26,15.88,17.63,13.62,3.94,4.09,2.97,94.09,84.48,96.55,83.74,66.13,60.22,0.0,29.77
03-039,EDUCACION,COYOACAN,False,,,,7711,4173,3531,67,26,15,6,0,0,0,26,15,6,1232,727,488,180,86,63,2213,2427,2073,2427,2335,2427,2237,2424,1619,2424,1205,2427,0,2225,1917,7590,68,4,14.39,0.87,0.34,0.36,0.17,0.0,0.0,0.0,0.34,0.36,0.17,15.98,17.42,13.82,2.33,2.06,1.78,91.18,85.41,96.21,92.29,66.79,49.65,0.0,25.26
03-040,EX EJIDO SAN FRANCISCO CULHUACAN I,COYOACAN,False,,,,679,377,302,15,4,0,0,0,0,0,4,0,0,87,48,33,6,0,0,159,178,136,178,173,178,169,178,113,178,89,178,0,178,208,661,9,0,13.29,2.21,0.59,0.0,0.0,0.0,0.0,0.0,0.59,0.0,0.0,12.81,12.73,10.93,0.88,0.0,0.0,89.33,76.4,97.19,94.94,63.48,50.0,0.0,31.47
03-041,EL CARACOL,COYOACAN,False,,,,2764,1371,1391,23,5,3,0,0,0,0,5,3,0,530,266,262,107,44,54,797,876,710,876,848,876,721,876,567,876,456,876,0,876,755,2725,20,2,13.72,0.83,0.18,0.22,0.0,0.0,0.0,0.0,0.18,0.22,0.0,19.18,19.4,18.84,3.87,3.21,3.88,90.98,81.05,96.8,82.31,64.73,52.05,0.0,27.71
03-042,EL CENTINELA,COYOACAN,False,,,,1921,1059,853,6,1,0,0,0,0,0,1,0,0,271,158,86,22,6,5,588,633,540,630,613,637,550,640,438,623,347,613,0,643,338,1750,46,2,14.64,0.31,0.05,0.0,0.0,0.0,0.0,0.0,0.05,0.0,0.0,14.11,14.92,10.08,1.15,0.57,0.59,92.89,85.71,96.23,85.94,70.3,56.61,0.0,19.31
03-043,EL MIRADOR,COYOACAN,False,,,,2727,1487,1241,15,8,3,0,0,0,0,8,3,0,478,276,186,149,74,59,986,1051,931,1051,1033,1051,902,1051,788,1051,750,1051,0,618,527,2398,23,1,14.89,0.55,0.29,0.2,0.0,0.0,0.0,0.0,0.29,0.2,0.0,17.53,18.56,14.99,5.46,4.98,4.75,93.82,88.58,98.29,85.82,74.98,71.36,0.0,21.98
03-044,EL PARQUE DE COYOACAN (FRACC),COYOACAN,False,,,,1491,785,706,4,5,4,0,0,0,0,5,4,0,267,149,113,10,2,3,424,453,389,453,444,453,343,453,351,453,269,453,0,415,439,1278,17,0,14.41,0.27,0.34,0.51,0.0,0.0,0.0,0.0,0.34,0.51,0.0,17.91,18.98,16.01,0.67,0.25,0.42,93.6,85.87,98.01,75.72,77.48,59.38,0.0,34.35
03-045,EL RELOJ,COYOACAN,False,,,,3406,1823,1579,18,7,0,0,0,0,0,7,0,0,454,264,148,48,13,11,970,1122,862,1122,1063,1122,904,1122,653,1102,444,1073,0,1102,789,3216,51,3,13.57,0.53,0.21,0.0,0.0,0.0,0.0,0.0,0.21,0.0,0.0,13.33,14.48,9.37,1.41,0.71,0.7,86.45,76.83,94.74,80.57,59.26,41.38,0.0,24.53
03-046,EL ROSEDAL I,COYOACAN,False,,,,1862,1029,830,13,14,8,3,0,0,0,14,8,3,254,161,80,58,31,18,594,658,513,658,628,658,533,658,449,651,336,647,0,608,365,1698,21,1,13.72,0.7,0.75,0.78,0.36,0.0,0.0,0.0,0.75,0.78,0.36,13.64,15.65,9.64,3.11,3.01,2.17,90.27,77.96,95.44,81.0,68.97,51.93,0.0,21.5
03-047,EL VERGEL DE COYOACAN ( INFONAVIT EL HUESO) (U HAB),COYOACAN,False,,,,660,378,282,3,0,0,0,0,0,0,0,0,0,107,60,45,26,10,8,198,222,166,222,206,222,171,222,140,222,109,222,0,222,162,660,10,0,13.5,0.45,0.0,0.0,0.0,0.0,0.0,0.0,0.0,0.0,0.0,16.21,15.87,15.96,3.94,2.65,2.84,89.19,74.77,92.79,77.03,63.06,49.1,0.0,24.55
03-048,EMILIANO ZAPATA,COYOACAN,False,,,,1325,702,623,54,23,10,12,0,0,0,23,10,12,263,141,122,58,27,31,334,430,261,430,406,430,323,430,227,430,143,430,0,324,434,1325,6,1,12.08,4.08,1.74,1.42,1.93,0.0,0.0,0.0,1.74,1.42,1.93,19.85,20.09,19.58,4.38,3.85,4.98,77.67,60.7,94.42,75.12,52.79,33.26,0.0,32.75
03-049,EMILIANO ZAPATA (U HAB),COYOACAN,False,,,,6044,3123,2912,184,44,18,3,0,0,0,44,18,3,1185,676,505,242,131,85,1189,1654,820,1651,1491,1651,1307,1651,600,1651,410,1621,0,1506,1366,6035,55,5,10.44,3.04,0.73,0.58,0.1,0.0,0.0,0.0,0.73,0.58,0.1,19.61,21.65,17.34,4.0,4.19,2.92,71.89,49.67,90.31,79.16,36.34,25.29,0.0,22.63
03-050,ESPARTACO,COYOACAN,False,,,,4496,2448,2039,27,3,0,0,0,0,0,3,0,0,739,430,291,153,70,59,1315,1484,1199,1484,1426,1484,1216,1484,1001,1484,757,1484,0,1412,1100,4401,48,3,13.65,0.6,0.07,0.0,0.0,0.0,0.0,0.0,0.07,0.0,0.0,16.44,17.57,14.27,3.4,2.86,2.89,88.61,80.8,96.09,81.94,67.45,51.01,0.0,24.99
03-051,EX HACIENDA COAPA,COYOACAN,False,,,,1557,805,752,17,6,4,2,0,0,0,6,4,2,271,150,117,46,12,16,444,498,393,498,475,498,405,498,339,498,290,498,0,355,433,1306,16,0,13.46,1.09,0.39,0.5,0.27,0.0,0.0,0.0,0.39,0.5,0.27,17.41,18.63,15.56,2.95,1.49,2.13,89.16,78.92,95.38,81.33,68.07,58.23,0.0,33.15
03-052,HACIENDAS DE COYOACAN (FRACC),COYOACAN,False,,,,1761,941,820,22,2,0,0,0,0,0,2,0,0,303,173,129,72,35,27,534,577,492,577,567,577,476,577,411,577,322,577,0,541,466,1562,18,0,14.57,1.25,0.11,0.0,0.0,0.0,0.0,0.0,0.11,0.0,0.0,17.21,18.38,15.73,4.09,3.72,3.29,92.55,85.27,98.27,82.5,71.23,55.81,0.0,29.83
03-053,HERMOSILLO,COYOACAN,False,,,,1633,903,730,16,5,3,0,0,0,0,5,3,0,216,139,77,21,13,4,377,475,338,475,455,475,350,475,267,475,222,475,0,475,462,1631,8,0,12.71,0.98,0.31,0.33,0.0,0.0,0.0,0.0,0.31,0.33,0.0,13.23,15.39,10.55,1.29,1.44,0.55,79.37,71.16,95.79,73.68,56.21,46.74,0.0,28.33
03-054,IMAN,COYOACAN,False,,,,561,328,234,12,0,0,0,0,0,0,0,0,0,153,90,61,48,22,3,196,228,174,228,215,228,175,228,132,228,116,228,0,228,114,539,13,2,14.39,2.14,0.0,0.0,0.0,0.0,0.0,0.0,0.0,0.0,0.0,27.27,27.44,26.07,8.56,6.71,1.28,85.96,76.32,94.3,76.75,57.89,50.88,0.0,21.15
03-055,IMAN 580 (U HAB),COYOACAN,False,,,,2504,1357,1141,11,3,3,0,0,0,0,3,3,0,601,335,254,115,44,38,840,932,726,932,902,932,696,932,540,923,465,932,0,932,434,2442,56,7,13.45,0.44,0.12,0.22,0.0,0.0,0.0,0.0,0.12,0.22,0.0,24.0,24.69,22.26,4.59,3.24,3.33,90.13,77.9,96.78,74.68,58.5,49.89,0.0,17.77
03-056,INFONAVIT CULHUACAN ZONA 1 (U HAB),COYOACAN,False,,,,901,478,423,9,0,0,0,0,0,0,0,0,0,167,84,81,23,8,10,231,298,201,298,264,298,233,298,145,298,96,298,0,298,182,901,10,0,12.14,1.0,0.0,0.0,0.0,0.0,0.0,0.0,0.0,0.0,0.0,18.53,17.57,19.15,2.55,1.67,2.36,77.52,67.45,88.59,78.19,48.66,32.21,0.0,20.2
03-057,INFONAVIT CULHUACAN ZONA 2 (U HAB),COYOACAN,False,,,,1828,959,858,18,3,0,0,0,0,0,3,0,0,332,195,134,45,17,16,459,579,383,579,535,579,463,579,257,579,239,579,0,517,402,1729,18,2,12.03,0.98,0.16,0.0,0.0,0.0,0.0,0.0,0.16,0.0,0.0,18.16,20.33,15.62,2.46,1.77,1.86,79.27,66.15,92.4,79.97,44.39,41.28,0.0,23.25
03-058,INFONAVIT CULHUACAN ZONA 3 (U HAB),COYOACAN,False,,,,1753,932,815,19,0,0,0,0,0,0,0,0,0,311,171,138,58,19,26,473,586,414,586,532,586,474,586,296,586,171,521,0,552,384,1734,17,1,12.01,1.08,0.0,0.0,0.0,0.0,0.0,0.0,0.0,0.0,0.0,17.74,18.35,16.93,3.31,2.04,3.19,80.72,70.65,90.78,80.89,50.51,32.82,0.0,22.15
03-059,INSURGENTES CUICUILCO,COYOACAN,False,,,,4331,2308,1948,41,27,14,8,0,0,0,27,14,8,1127,611,515,429,220,202,1784,1847,1703,1847,1819,1847,1543,1847,1369,1847,1376,1847,0,1460,796,4244,22,2,15.93,0.95,0.62,0.61,0.41,0.0,0.0,0.0,0.62,0.61,0.41,26.02,26.47,26.44,9.91,9.53,10.37,96.59,92.2,98.48,83.54,74.12,74.5,0.0,18.76
03-060,INTEGRACION LATINOAMERICANA (U HAB),COYOACAN,False,,,,3743,2001,1740,54,28,7,9,0,0,0,28,7,9,1062,553,510,344,138,181,1302,1394,1221,1394,1344,1394,1160,1394,862,1394,815,1394,0,1394,663,3706,31,6,14.92,1.44,0.75,0.35,0.52,0.0,0.0,0.0,0.75,0.35,0.52,28.37,27.64,29.31,9.19,6.9,10.4,93.4,87.59,96.41,83.21,61.84,58.46,0.0,17.89
03-061,JARDINES DE COYOACAN (FRACC),COYOACAN,False,,,,2170,1142,1028,7,5,5,0,0,0,0,5,5,0,443,251,188,44,20,10,649,710,603,710,678,710,611,710,532,710,405,694,0,676,513,1873,23,0,14.64,0.32,0.23,0.44,0.0,0.0,0.0,0.0,0.23,0.44,0.0,20.41,21.98,18.29,2.03,1.75,0.97,91.41,84.93,95.49,86.06,74.93,58.36,0.0,27.39
03-062,JARDINES DEL PEDREGAL,COYOACAN,False,,,,1241,651,590,0,4,0,0,0,0,0,4,0,0,288,182,105,53,38,7,361,373,336,373,366,373,300,373,319,373,246,373,0,373,255,1241,19,1,14.82,0.0,0.32,0.0,0.0,0.0,0.0,0.0,0.32,0.0,0.0,23.21,27.96,17.8,4.27,5.84,1.19,96.78,90.08,98.12,80.43,85.52,65.95,0.0,20.55
03-064,LA CANTERA (U HAB),COYOACAN,False,,,,1366,698,668,0,0,0,0,0,0,0,0,0,0,168,74,78,46,22,9,430,485,391,485,471,485,364,485,254,485,230,485,0,485,296,1289,21,0,13.61,0.0,0.0,0.0,0.0,0.0,0.0,0.0,0.0,0.0,0.0,12.3,10.6,11.68,3.37,3.15,1.35,88.66,80.62,97.11,75.05,52.37,47.42,0.0,22.96
03-065,LA CONCEPCION (BARR),COYOACAN,False,,,,1265,715,547,12,18,10,4,0,0,0,18,10,4,212,134,76,23,11,6,432,474,402,474,457,474,399,474,341,474,277,474,0,472,216,1249,14,5,14.65,0.95,1.42,1.4,0.73,0.0,0.0,0.0,1.42,1.4,0.73,16.76,18.74,13.89,1.82,1.54,1.1,91.14,84.81,96.41,84.18,71.94,58.44,0.0,17.29
03-066,LA MAGDALENA CULHUACAN (BARR),COYOACAN,False,,,,11329,5939,5390,335,114,50,48,0,0,0,112,48,48,1654,916,715,274,117,120,2439,3226,1912,3189,2987,3226,2655,3226,1417,3191,1037,3079,0,1620,2841,11202,55,4,11.28,2.96,1.01,0.84,0.89,0.0,0.0,0.0,0.99,0.81,0.89,14.6,15.42,13.27,2.42,1.97,2.23,75.6,59.96,92.59,82.3,44.41,33.68,0.0,25.36
03-067,LA VIRGEN 1170 (U HAB),COYOACAN,False,,,,545,304,241,0,0,0,0,0,0,0,0,0,0,86,44,25,9,2,0,172,201,143,198,196,201,138,193,109,195,82,187,0,201,136,244,15,0,12.74,0.0,0.0,0.0,0.0,0.0,0.0,0.0,0.0,0.0,0.0,15.78,14.47,10.37,1.65,0.66,0.0,85.57,72.22,97.51,71.5,55.9,43.85,0.0,55.74
03-068,LAS CABAÑAS,COYOACAN,False,,,,430,210,220,4,1,1,0,0,0,0,1,1,0,96,47,49,14,4,9,71,98,52,90,89,98,68,98,39,98,34,98,0,64,178,311,3,0,10.09,0.93,0.23,0.48,0.0,0.0,0.0,0.0,0.23,0.48,0.0,22.33,22.38,22.27,3.26,1.9,4.09,72.45,57.78,90.82,69.39,39.8,34.69,0.0,57.23
03-069,LAS CAMPANAS,COYOACAN,False,,,,809,425,384,4,0,0,0,0,0,0,0,0,0,100,62,35,10,6,0,242,253,233,253,248,253,206,253,190,253,134,253,0,253,157,775,10,0,14.91,0.49,0.0,0.0,0.0,0.0,0.0,0.0,0.0,0.0,0.0,12.36,14.59,9.11,1.24,1.41,0.0,95.65,92.09,98.02,81.42,75.1,52.96,0.0,20.26
03-070,LAS TROJES COAPA (U HAB),COYOACAN,False,,,,41,23,18,1,0,0,,0,0,0,0,0,,8,5,3,2,1,1,11,13,10,13,13,13,10,13,8,13,7,13,0,13,11,2,0,0,12.42,2.44,0.0,0.0,,0.0,0.0,0.0,0.0,0.0,,19.51,21.74,16.67,4.88,4.35,5.56,84.62,76.92,100.0,76.92,61.54,53.85,0.0,550.0
03-071,LOS CEDROS (FRACC),COYOACAN,False,,,,892,471,422,10,13,3,7,0,0,0,13,3,7,156,84,66,8,4,0,280,296,251,296,284,296,246,296,242,296,189,296,0,296,195,820,9,3,14.82,1.12,1.46,0.64,1.66,0.0,0.0,0.0,1.46,0.64,1.66,17.49,17.83,15.64,0.9,0.85,0.0,94.59,84.8,95.95,83.11,81.76,63.85,0.0,23.78
03-072,LOS CIPRESES,COYOACAN,False,,,,1646,899,746,20,0,0,0,0,0,0,0,0,0,253,150,97,46,24,12,535,572,492,572,552,572,471,572,436,572,363,572,0,572,361,1595,20,1,14.08,1.22,0.0,0.0,0.0,0.0,0.0,0.0,0.0,0.0,0.0,15.37,16.69,13.0,2.79,2.67,1.61,93.53,86.01,96.5,82.34,76.22,63.46,0.0,22.63
03-073,LOS GIRASOLES I,COYOACAN,False,,,,875,477,398,10,7,5,0,0,0,0,7,5,0,168,102,67,12,6,5,276,289,247,289,284,289,229,289,213,289,152,289,0,289,221,806,2,0,14.61,1.14,0.8,1.05,0.0,0.0,0.0,0.0,0.8,1.05,0.0,19.2,21.38,16.83,1.37,1.26,1.26,95.5,85.47,98.27,79.24,73.7,52.6,0.0,27.42
03-074,LOS GIRASOLES II,COYOACAN,False,,,,1240,684,555,3,0,0,0,0,0,0,0,0,0,196,106,83,52,15,14,466,504,429,504,489,504,384,504,335,504,289,504,0,504,262,1223,26,5,14.8,0.24,0.0,0.0,0.0,0.0,0.0,0.0,0.0,0.0,0.0,15.81,15.5,14.95,4.19,2.19,2.52,92.46,85.12,97.02,76.19,66.47,57.34,0.0,21.42
03-075,LOS GIRASOLES III,COYOACAN,False,,,,3086,1682,1404,22,4,0,0,0,0,0,4,0,0,578,334,225,185,90,52,1109,1200,1016,1200,1174,1200,922,1200,602,1200,687,1200,0,1200,743,3086,50,5,14.65,0.71,0.13,0.0,0.0,0.0,0.0,0.0,0.13,0.0,0.0,18.73,19.86,16.03,5.99,5.35,3.7,92.42,84.67,97.83,76.83,50.17,57.25,0.0,24.08
03-076,LOS OLIVOS (FRACC),COYOACAN,False,,,,1168,651,511,8,8,2,0,0,0,0,8,2,0,224,126,88,25,8,6,352,385,310,385,369,385,279,385,295,385,235,385,0,385,317,1009,17,1,14.14,0.68,0.68,0.31,0.0,0.0,0.0,0.0,0.68,0.31,0.0,19.18,19.35,17.22,2.14,1.23,1.17,91.43,80.52,95.84,72.47,76.62,61.04,0.0,31.42
03-077,LOS OLIVOS (U HAB),COYOACAN,False,,,,510,284,226,0,0,0,0,0,0,0,0,0,0,86,56,24,23,14,6,170,185,152,185,179,185,133,185,129,185,110,185,0,185,97,510,10,0,14.33,0.0,0.0,0.0,0.0,0.0,0.0,0.0,0.0,0.0,0.0,16.86,19.72,10.62,4.51,4.93,2.65,91.89,82.16,96.76,71.89,69.73,59.46,0.0,19.02
03-078,PUEBLO DE LOS REYES HUEYTLILAC,COYOACAN,False,,,,16927,9079,7844,302,126,69,42,0,0,0,125,67,42,2688,1526,1123,513,209,228,4817,5524,4300,5524,5263,5524,4588,5524,3258,5520,2892,5520,0,4368,4317,16609,113,16,13.24,1.78,0.74,0.76,0.54,0.0,0.0,0.0,0.74,0.74,0.54,15.88,16.81,14.32,3.03,2.3,2.91,87.2,77.84,95.28,83.06,59.02,52.39,0.0,25.99
03-079,LOS ROBLES (FRACC),COYOACAN,False,,,,643,368,275,9,0,0,0,0,0,0,0,0,0,104,55,30,6,0,0,228,235,207,235,228,235,203,235,184,235,167,235,0,235,128,582,23,0,15.23,1.4,0.0,0.0,0.0,0.0,0.0,0.0,0.0,0.0,0.0,16.17,14.95,10.91,0.93,0.0,0.0,97.02,88.09,97.02,86.38,78.3,71.06,0.0,21.99
03-080,LOS SAUCES (FRACC),COYOACAN,False,,,,1315,711,604,14,5,3,0,0,0,0,5,3,0,227,128,96,19,6,7,407,424,363,424,420,424,327,424,316,424,237,424,0,424,394,1104,12,0,14.57,1.06,0.38,0.42,0.0,0.0,0.0,0.0,0.38,0.42,0.0,17.26,18.0,15.89,1.44,0.84,1.16,95.99,85.61,99.06,77.12,74.53,55.9,0.0,35.69
03-081,MEDIA LUNA,COYOACAN,False,,,,745,378,367,14,0,0,0,0,0,0,0,0,0,171,87,82,26,11,6,187,207,162,207,199,207,161,207,112,207,93,207,0,207,198,740,10,0,13.45,1.88,0.0,0.0,0.0,0.0,0.0,0.0,0.0,0.0,0.0,22.95,23.02,22.34,3.49,2.91,1.63,90.34,78.26,96.14,77.78,54.11,44.93,0.0,26.76
03-082,NUEVA DIAZ ORDAZ,COYOACAN,False,,,,2178,1153,1022,94,32,16,6,0,0,0,32,16,6,424,246,178,36,19,11,396,611,259,611,540,611,487,611,195,611,104,585,0,540,675,2171,14,1,10.03,4.32,1.47,1.39,0.59,0.0,0.0,0.0,1.47,1.39,0.59,19.47,21.34,17.42,1.65,1.65,1.08,64.81,42.39,88.38,79.71,31.91,17.78,0.0,31.09
03-083,OLIMPICA,COYOACAN,False,,,,1291,683,608,12,3,0,0,0,0,0,3,0,0,227,123,92,39,23,11,397,425,380,425,418,425,345,425,327,425,264,421,0,405,206,1247,25,0,14.92,0.93,0.23,0.0,0.0,0.0,0.0,0.0,0.23,0.0,0.0,17.58,18.01,15.13,3.02,3.37,1.81,93.41,89.41,98.35,81.18,76.94,62.71,0.0,16.52
03-084,BARRIO OXTOPULCO UNIVERSIDAD,COYOACAN,False,,,,1993,1075,918,15,13,7,0,0,0,0,13,7,0,509,272,237,214,103,101,825,865,792,865,845,865,691,865,580,865,551,865,0,865,345,1748,12,4,15.82,0.75,0.65,0.65,0.0,0.0,0.0,0.0,0.65,0.65,0.0,25.54,25.3,25.82,10.74,9.58,11.0,95.38,91.56,97.69,79.88,67.05,63.7,0.0,19.74
03-085,PARQUE SAN ANDRES,COYOACAN,False,,,,5472,2993,2472,77,41,17,10,0,0,0,41,17,10,1094,648,432,269,147,98,1929,2080,1771,2080,2028,2080,1766,2080,1443,2080,1327,2080,0,2080,1190,5457,40,7,14.6,1.41,0.75,0.57,0.4,0.0,0.0,0.0,0.75,0.57,0.4,19.99,21.65,17.48,4.92,4.91,3.96,92.74,85.14,97.5,84.9,69.38,63.8,0.0,21.81
03-087,PEDREGAL DE LA ZORRA,COYOACAN,False,,,,1720,880,840,22,6,3,3,0,0,0,6,3,3,297,164,128,61,33,17,480,539,412,539,509,539,488,539,351,539,241,539,0,304,563,1478,9,0,12.72,1.28,0.35,0.34,0.36,0.0,0.0,0.0,0.35,0.34,0.36,17.27,18.64,15.24,3.55,3.75,2.02,89.05,76.44,94.43,90.54,65.12,44.71,0.0,38.09
03-088,PEDREGAL DE SAN ANGEL (AMPL),COYOACAN,False,,,,1554,816,738,0,14,14,0,0,0,0,14,14,0,267,168,93,38,17,14,456,468,437,468,455,468,389,468,427,468,389,468,0,453,282,1554,16,0,15.19,0.0,0.9,1.72,0.0,0.0,0.0,0.0,0.9,1.72,0.0,17.18,20.59,12.6,2.45,2.08,1.9,97.44,93.38,97.22,83.12,91.24,83.12,0.0,18.15
03-089,PEDREGAL DE SAN FRANCISCO (FRACC),COYOACAN,False,,,,2869,1613,1256,50,55,43,8,0,0,0,54,43,8,580,386,181,99,68,19,752,817,670,817,781,817,686,817,606,817,457,817,1,817,740,1994,34,1,13.42,1.74,1.92,2.67,0.64,0.0,0.0,0.0,1.88,2.67,0.64,20.22,23.93,14.41,3.45,4.22,1.51,92.04,82.01,95.59,83.97,74.17,55.94,0.12,37.11
03-091,PEDREGAL DEL MAUREL,COYOACAN,False,,,,1864,1004,860,13,3,0,0,0,0,0,3,0,0,498,251,232,178,59,72,801,838,760,838,821,838,668,838,478,838,495,838,0,838,301,1775,53,5,15.87,0.7,0.16,0.0,0.0,0.0,0.0,0.0,0.16,0.0,0.0,26.72,25.0,26.98,9.55,5.88,8.37,95.58,90.69,97.97,79.71,57.04,59.07,0.0,16.96
03-092,PETROLERA TAXQUEÑA,COYOACAN,False,,,,1229,652,577,11,4,3,0,0,0,0,4,3,0,151,91,57,3,0,0,359,390,320,390,375,390,368,390,269,390,223,384,0,390,272,1212,13,0,14.11,0.9,0.33,0.46,0.0,0.0,0.0,0.0,0.33,0.46,0.0,12.29,13.96,9.88,0.24,0.0,0.0,92.05,82.05,96.15,94.36,68.97,58.07,0.0,22.44
03-093,PILOTO CULHUACAN (U HAB),COYOACAN,False,,,,2908,1491,1417,13,3,0,0,0,0,0,3,0,0,454,259,185,55,12,22,700,919,524,919,839,919,689,915,368,906,292,870,0,792,591,2908,42,5,11.64,0.45,0.1,0.0,0.0,0.0,0.0,0.0,0.1,0.0,0.0,15.61,17.37,13.06,1.89,0.8,1.55,76.17,57.02,91.29,75.3,40.62,33.56,0.0,20.32
03-094,PRADO CHURUBUSCO,COYOACAN,False,,,,10523,5524,4993,132,44,21,4,0,0,0,44,21,4,1732,1047,663,334,144,130,3078,3493,2763,3493,3315,3499,2987,3499,2254,3486,1701,3481,0,3034,2661,10467,75,10,13.65,1.25,0.42,0.38,0.08,0.0,0.0,0.0,0.42,0.38,0.08,16.46,18.95,13.28,3.17,2.61,2.6,88.12,79.1,94.74,85.37,64.66,48.87,0.0,25.42
03-095,PRADOS DE COYOACAN 1,COYOACAN,False,,,,1572,873,700,8,10,6,0,0,0,0,10,6,0,324,186,134,44,21,2,491,535,447,535,507,535,467,535,371,535,260,535,0,535,323,1478,22,2,14.67,0.51,0.64,0.69,0.0,0.0,0.0,0.0,0.64,0.69,0.0,20.61,21.31,19.14,2.8,2.41,0.29,91.78,83.55,94.77,87.29,69.35,48.6,0.0,21.85
03-096,PRESIDENTES EJIDALES PRIMERA SECCION,COYOACAN,False,,,,3411,1758,1654,17,6,0,0,0,0,0,6,0,0,586,319,259,110,48,44,963,1042,871,1042,998,1042,855,1042,733,1042,524,1042,0,988,944,3369,25,2,13.97,0.5,0.18,0.0,0.0,0.0,0.0,0.0,0.18,0.0,0.0,17.18,18.15,15.66,3.22,2.73,2.66,92.42,83.59,95.78,82.05,70.35,50.29,0.0,28.02
03-097,RANCHO EL ROSARIO,COYOACAN,False,,,,509,279,229,0,0,0,0,0,0,0,0,0,0,63,42,21,5,0,3,147,162,139,162,157,162,126,162,110,162,84,162,0,6,153,495,1,1,14.98,0.0,0.0,0.0,0.0,0.0,0.0,0.0,0.0,0.0,0.0,12.38,15.05,9.17,0.98,0.0,1.31,90.74,85.8,96.91,77.78,67.9,51.85,0.0,30.91
03-098,ROMERO DE TERREROS,COYOACAN,False,,,,1957,1038,919,22,19,7,5,0,0,0,19,7,5,339,197,138,91,44,38,581,629,528,629,591,629,516,629,420,629,326,629,0,629,496,1749,19,2,13.9,1.12,0.97,0.67,0.54,0.0,0.0,0.0,0.97,0.67,0.54,17.32,18.98,15.02,4.65,4.24,4.13,92.37,83.94,93.96,82.03,66.77,51.83,0.0,28.36
03-099,ROMERO DE TERREROS (FRACC),COYOACAN,False,,,,2380,1311,1070,26,37,25,3,0,0,0,37,25,3,448,286,156,92,51,29,727,768,673,768,733,768,648,768,598,768,466,768,0,700,510,2269,19,3,15.6,1.09,1.55,1.91,0.28,0.0,0.0,0.0,1.55,1.91,0.28,18.82,21.82,14.58,3.87,3.89,2.71,94.66,87.63,95.44,84.38,77.86,60.68,0.0,22.48
03-100,SAN DIEGO CHURUBUSCO,COYOACAN,False,,,,1467,817,648,5,9,4,5,0,0,0,9,4,5,265,158,107,58,23,33,482,516,450,516,498,516,485,516,324,516,296,516,0,429,361,1454,11,1,14.27,0.34,0.61,0.49,0.77,0.0,0.0,0.0,0.61,0.49,0.77,18.06,19.34,16.51,3.95,2.82,5.09,93.41,87.21,96.51,93.99,62.79,57.36,0.0,24.83
03-101,SAN FRANCISCO CULHUACAN (PBLO),COYOACAN,False,,,,12747,6638,6098,690,336,176,153,7,6,0,321,168,146,1946,1090,833,256,115,118,2359,3698,1689,3687,3298,3701,2942,3698,1286,3648,894,3662,23,2693,4264,12684,50,4,10.21,5.41,2.64,2.65,2.51,0.05,0.09,0.0,2.52,2.53,2.39,15.27,16.42,13.66,2.01,1.73,1.94,63.79,45.81,89.11,79.56,35.25,24.41,0.85,33.62
03-102,AMPLIACION SAN FRANCISCO CULHUACAN (EJ),COYOACAN,False,,,,3899,2086,1813,99,22,10,5,0,0,0,22,10,5,652,381,264,47,12,14,914,1089,755,1086,1026,1089,883,1089,620,1086,507,1086,0,1089,982,3899,37,2,12.66,2.54,0.56,0.48,0.28,0.0,0.0,0.0,0.56,0.48,0.28,16.72,18.26,14.56,1.21,0.58,0.77,83.93,69.52,94.21,81.08,57.09,46.69,0.0,25.19
03-103,SAN LUCAS (BARR),COYOACAN,False,,,,4334,2350,1984,45,21,10,3,0,0,0,21,10,3,641,383,257,133,64,60,1317,1477,1209,1477,1402,1477,1251,1477,964,1477,868,1477,0,1342,972,4289,19,3,13.82,1.04,0.48,0.43,0.15,0.0,0.0,0.0,0.48,0.43,0.15,14.79,16.3,12.95,3.07,2.72,3.02,89.17,81.86,94.92,84.7,65.27,58.77,0.0,22.66
03-104,SAN MATEO (BARR),COYOACAN,False,,,,3393,1857,1536,62,36,20,10,0,0,0,35,20,10,495,302,190,120,70,43,978,1149,866,1149,1092,1149,1003,1149,675,1149,499,1149,0,1149,940,3379,13,1,13.28,1.83,1.06,1.08,0.65,0.0,0.0,0.0,1.03,1.08,0.65,14.59,16.26,12.37,3.54,3.77,2.8,85.12,75.37,95.04,87.29,58.75,43.43,0.0,27.82
03-105,SAN PABLO TEPETLAPA (PBLO),COYOACAN,False,,,,6544,3455,3086,71,31,19,8,0,0,0,25,17,4,948,573,373,195,93,93,1649,2043,1435,2043,1913,2043,1606,2043,1060,2043,931,2043,0,1382,1844,5999,20,1,12.36,1.08,0.47,0.55,0.26,0.0,0.0,0.0,0.38,0.49,0.13,14.49,16.58,12.09,2.98,2.69,3.01,80.71,70.24,93.64,78.61,51.88,45.57,0.0,30.74
03-106,SANTA CATARINA (BARR),COYOACAN,False,,,,3177,1758,1414,42,48,23,10,0,0,0,48,23,10,579,383,180,129,91,26,897,973,858,972,936,972,786,973,681,969,513,973,0,942,639,3118,37,7,14.58,1.32,1.51,1.31,0.71,0.0,0.0,0.0,1.51,1.31,0.71,18.22,21.79,12.73,4.06,5.18,1.84,92.19,88.27,96.3,80.78,70.28,52.72,0.0,20.49
03-107,SANTA CECILIA I,COYOACAN,False,,,,2173,1152,1021,20,10,3,0,0,0,0,10,3,0,373,216,157,31,7,11,653,703,598,703,677,703,624,703,534,703,420,703,0,680,487,1933,22,3,14.32,0.92,0.46,0.26,0.0,0.0,0.0,0.0,0.46,0.26,0.0,17.17,18.75,15.38,1.43,0.61,1.08,92.89,85.06,96.3,88.76,75.96,59.74,0.0,25.19
03-108,SANTA MARTHA DEL SUR,COYOACAN,False,,,,2225,1140,1085,371,81,57,13,0,0,0,81,57,13,478,274,199,42,17,12,312,446,220,440,411,446,375,446,166,414,132,416,0,384,981,2112,23,1,9.4,16.67,3.64,5.0,1.2,0.0,0.0,0.0,3.64,5.0,1.2,21.48,24.04,18.34,1.89,1.49,1.11,69.96,50.0,92.15,84.08,40.1,31.73,0.0,46.45
03-109,PUEBLO SANTA URSULA COAPA,COYOACAN,False,,,,12665,6663,5993,402,152,81,56,0,0,0,142,79,52,1994,1093,879,314,139,147,2926,3806,2472,3806,3508,3806,2894,3806,1899,3809,1423,3809,4,2917,3410,12593,63,6,11.78,3.17,1.2,1.22,0.93,0.0,0.0,0.0,1.12,1.19,0.87,15.74,16.4,14.67,2.48,2.09,2.45,76.88,64.95,92.17,76.04,49.86,37.36,0.14,27.08
03-110,SANTA URSULA COYOACAN,COYOACAN,False,,,,740,416,324,3,0,0,0,0,0,0,0,0,0,148,96,29,30,3,16,304,309,277,309,304,309,246,309,259,309,238,309,0,309,134,560,32,1,15.68,0.41,0.0,0.0,0.0,0.0,0.0,0.0,0.0,0.0,0.0,20.0,23.08,8.95,4.05,0.72,4.94,98.38,89.64,98.38,79.61,83.82,77.02,0.0,23.93
03-112,STUNAM CULHUACAN (U HAB),COYOACAN,False,,,,2849,1497,1352,35,9,0,0,0,0,0,9,0,0,392,223,142,102,41,34,1008,1119,930,1119,1085,1119,812,1119,708,1119,566,1119,0,1119,568,2738,54,5,14.01,1.23,0.32,0.0,0.0,0.0,0.0,0.0,0.32,0.0,0.0,13.76,14.9,10.5,3.58,2.74,2.51,90.08,83.11,96.96,72.56,63.27,50.58,0.0,20.75
03-113,VIEJO EJIDO SANTA URSULA COAPA,COYOACAN,False,,,,8855,4721,4134,224,105,62,22,0,0,0,104,61,22,1438,852,581,212,112,74,1956,2515,1618,2515,2349,2515,2032,2515,1289,2446,967,2421,0,2183,2803,8814,51,5,11.85,2.53,1.19,1.31,0.53,0.0,0.0,0.0,1.17,1.29,0.53,16.24,18.05,14.05,2.39,2.37,1.79,77.77,64.33,93.4,80.8,52.7,39.94,0.0,31.8
03-114,VILLA COYOACAN,COYOACAN,False,,,,2581,1431,1150,40,25,12,4,0,0,0,23,11,3,427,272,146,71,39,12,824,924,771,924,875,924,777,924,612,924,492,924,0,884,691,2535,29,2,14.25,1.55,0.97,0.84,0.35,0.0,0.0,0.0,0.89,0.77,0.26,16.54,19.01,12.7,2.75,2.73,1.04,89.18,83.44,94.7,84.09,66.23,53.25,0.0,27.26
03-115,VILLA PANAMERICANA 1ERA. SECCION (U HAB),COYOACAN,False,,,,2356,1259,1096,29,7,0,0,0,0,0,7,0,0,493,285,189,99,38,50,701,822,634,822,768,822,687,822,472,813,406,816,0,822,525,2337,39,1,13.43,1.23,0.3,0.0,0.0,0.0,0.0,0.0,0.3,0.0,0.0,20.93,22.64,17.24,4.2,3.02,4.56,85.28,77.13,93.43,83.58,58.06,49.75,0.0,22.46
03-116,VILLA PANAMERICANA 2DA. SECCIÓN (U HAB),COYOACAN,False,,,,1616,875,740,32,6,0,0,0,0,0,6,0,0,356,203,145,72,29,12,489,563,404,563,530,563,472,563,314,556,240,563,0,563,334,1607,31,3,12.8,1.98,0.37,0.0,0.0,0.0,0.0,0.0,0.37,0.0,0.0,22.03,23.2,19.59,4.46,3.31,1.62,86.86,71.76,94.14,83.84,56.47,42.63,0.0,20.78
03-117,VILLA PANAMERICANA 3ERA. SECCIÓN (U HAB),COYOACAN,False,,,,2328,1245,1079,29,3,0,3,0,0,0,3,0,3,435,263,146,76,25,24,708,810,627,810,762,810,649,810,445,810,377,810,0,810,381,2264,42,2,13.24,1.25,0.13,0.0,0.28,0.0,0.0,0.0,0.13,0.0,0.28,18.69,21.12,13.53,3.26,2.01,2.22,87.41,77.41,94.07,80.12,54.94,46.54,0.0,16.83
03-118,VILLA PANAMERICANA 4TA. SECCIÓN (U HAB),COYOACAN,False,,,,1807,976,831,6,0,0,0,0,0,0,0,0,0,320,175,128,55,16,14,562,611,478,611,582,611,482,611,424,611,327,611,0,611,391,1798,33,0,13.21,0.33,0.0,0.0,0.0,0.0,0.0,0.0,0.0,0.0,0.0,17.71,17.93,15.4,3.04,1.64,1.68,91.98,78.23,95.25,78.89,69.39,53.52,0.0,21.75
03-119,VILLA PANAMERICANA 5TA. SECCIÓN (U HAB),COYOACAN,False,,,,2403,1327,1075,14,3,0,0,0,0,0,3,0,0,450,255,168,102,33,32,761,847,668,847,812,847,650,847,519,847,405,847,0,847,467,2237,46,4,13.57,0.58,0.12,0.0,0.0,0.0,0.0,0.0,0.12,0.0,0.0,18.73,19.22,15.63,4.24,2.49,2.98,89.85,78.87,95.87,76.74,61.28,47.82,0.0,20.88
03-120,VILLA PANAMERICANA 6TA. SECCIÓN (U HAB),COYOACAN,False,,,,293,178,115,3,0,0,0,0,0,0,0,0,0,51,29,17,4,3,0,101,115,94,115,110,115,87,115,73,115,76,115,0,115,58,291,7,0,13.73,1.02,0.0,0.0,0.0,0.0,0.0,0.0,0.0,0.0,0.0,17.41,16.29,14.78,1.37,1.69,0.0,87.83,81.74,95.65,75.65,63.48,66.09,0.0,19.93
03-121,VILLA PANAMERICANA 7MA. SECCIÓN (U HAB),COYOACAN,False,,,,1754,938,813,3,0,0,0,0,0,0,0,0,0,315,185,114,41,16,4,593,631,529,631,612,631,496,631,440,631,411,631,0,631,348,1751,36,2,13.8,0.17,0.0,0.0,0.0,0.0,0.0,0.0,0.0,0.0,0.0,17.96,19.72,14.02,2.34,1.71,0.49,93.98,83.84,96.99,78.61,69.73,65.13,0.0,19.87
03-122,VILLA QUIETUD (FRACC),COYOACAN,False,,,,3623,1703,1920,52,24,16,3,0,0,0,24,16,3,696,338,357,115,47,55,953,985,866,985,969,985,910,985,733,985,589,985,0,985,1088,3377,27,5,12.97,1.44,0.66,0.94,0.16,0.0,0.0,0.0,0.66,0.94,0.16,19.21,19.85,18.59,3.17,2.76,2.86,96.75,87.92,98.38,92.39,74.42,59.8,0.0,32.22
03-123,VILLAS DEL PEDREGAL (U HAB),COYOACAN,False,,,,1015,561,454,3,0,0,0,0,0,0,0,0,0,239,141,98,89,33,47,381,418,358,418,411,418,316,418,259,418,247,418,0,418,164,1014,10,2,14.77,0.3,0.0,0.0,0.0,0.0,0.0,0.0,0.0,0.0,0.0,23.55,25.13,21.59,8.77,5.88,10.35,91.15,85.65,98.33,75.6,61.96,59.09,0.0,16.17
03-124,VISTAS DEL MAUREL (U HAB),COYOACAN,False,,,,1399,742,657,14,4,0,0,0,0,0,4,0,0,296,162,135,88,33,36,538,576,514,576,564,576,459,576,342,576,345,576,0,576,281,1390,18,3,15.21,1.0,0.29,0.0,0.0,0.0,0.0,0.0,0.29,0.0,0.0,21.16,21.83,20.55,6.29,4.45,5.48,93.4,89.24,97.92,79.69,59.38,59.9,0.0,20.22
03-125,XOTEPINGO,COYOACAN,False,,,,1444,811,629,14,13,4,3,0,0,0,13,4,3,292,176,114,74,42,28,494,530,450,530,515,530,442,530,368,530,317,530,0,530,296,1428,15,3,14.67,0.97,0.9,0.49,0.48,0.0,0.0,0.0,0.9,0.49,0.48,20.22,21.7,18.12,5.12,5.18,4.45,93.21,84.91,97.17,83.4,69.43,59.81,0.0,20.73
03-126,ADOLFO RUIZ CORTINES I,COYOACAN,False,,,,7213,3738,3475,132,50,12,18,0,0,0,48,12,17,1000,560,440,155,71,56,1548,2112,1227,2112,1956,2112,1761,2112,821,2112,635,2112,0,1724,2050,7168,35,2,11.52,1.83,0.69,0.32,0.52,0.0,0.0,0.0,0.67,0.32,0.49,13.86,14.98,12.66,2.15,1.9,1.61,73.3,58.1,92.61,83.38,38.87,30.07,0.0,28.6
03-127,ADOLFO RUIZ CORTINES II,COYOACAN,False,,,,7583,4006,3570,210,64,27,26,0,0,0,63,27,25,1287,712,572,163,60,71,1511,2176,1128,2166,1946,2176,1679,2176,770,2166,505,2159,0,1796,2398,7533,38,2,11.02,2.77,0.84,0.67,0.73,0.0,0.0,0.0,0.83,0.67,0.7,16.97,17.77,16.02,2.15,1.5,1.99,69.44,52.08,89.43,77.16,35.55,23.39,0.0,31.83
03-128,AJUSCO I,COYOACAN,False,,,,13192,6868,6324,265,86,22,19,0,0,0,86,21,19,2246,1275,966,230,116,94,2577,3568,1925,3561,3209,3568,2737,3568,1301,3561,949,3550,6,3068,4132,13128,47,5,10.95,2.01,0.65,0.32,0.3,0.0,0.0,0.0,0.65,0.31,0.3,17.03,18.56,15.28,1.74,1.69,1.49,72.23,54.06,89.94,76.71,36.53,26.73,0.2,31.47
03-129,AJUSCO II,COYOACAN,False,,,,11572,6051,5520,314,140,59,42,0,0,0,136,55,42,1860,1064,797,232,104,107,2387,3386,1833,3386,3033,3386,2537,3386,1380,3380,778,3279,9,2159,3698,11562,30,2,11.04,2.71,1.21,0.98,0.76,0.0,0.0,0.0,1.18,0.91,0.76,16.07,17.58,14.44,2.0,1.72,1.94,70.5,54.13,89.57,74.93,40.83,23.73,0.42,31.98
03-130,AJUSCO III,COYOACAN,False,,,,9281,4793,4484,332,151,70,71,0,0,0,150,69,71,1661,930,729,210,90,98,1861,2602,1477,2602,2341,2602,2065,2602,1066,2602,679,2539,0,1279,2615,8977,31,1,11.1,3.58,1.63,1.46,1.58,0.0,0.0,0.0,1.62,1.44,1.58,17.9,19.4,16.26,2.26,1.88,2.19,71.52,56.76,89.97,79.36,40.97,26.74,0.0,29.13
03-131,ALIANZA POPULAR REVOLUCIONARIA NORTE (U HAB),COYOACAN,False,,,,3324,1830,1489,45,3,0,0,0,0,0,3,0,0,654,379,270,139,61,60,981,1129,904,1129,1067,1129,924,1129,701,1129,515,1129,0,1059,708,3230,36,3,13.64,1.35,0.09,0.0,0.0,0.0,0.0,0.0,0.09,0.0,0.0,19.68,20.71,18.13,4.18,3.33,4.03,86.89,80.07,94.51,81.84,62.09,45.62,0.0,21.92
03-132,ALIANZA POPULAR REVOLUCIONARIA PONIENTE (U HAB),COYOACAN,False,,,,5007,2667,2336,55,6,3,0,0,0,0,6,3,0,864,481,357,119,53,47,1487,1684,1313,1684,1589,1684,1420,1684,963,1677,735,1627,0,1684,1083,4950,63,4,13.71,1.1,0.12,0.11,0.0,0.0,0.0,0.0,0.12,0.11,0.0,17.26,18.04,15.28,2.38,1.99,2.01,88.3,77.97,94.36,84.32,57.42,45.18,0.0,21.88
03-133,PASEOS DE TAXQUEÑA I,COYOACAN,False,,,,7650,4074,3577,53,19,8,3,0,0,0,19,8,3,1295,721,574,325,167,147,2670,2816,2473,2816,2774,2816,2342,2816,2212,2816,1835,2816,0,2664,1838,7649,35,5,14.48,0.69,0.25,0.2,0.08,0.0,0.0,0.0,0.25,0.2,0.08,16.93,17.7,16.05,4.25,4.1,4.11,94.82,87.82,98.51,83.17,78.55,65.16,0.0,24.03
03-134,PASEOS DE TAXQUEÑA II,COYOACAN,False,,,,6261,3295,2966,85,37,21,4,0,0,0,37,21,4,1151,669,478,238,123,94,2028,2164,1817,2164,2115,2167,1741,2167,1623,2162,1286,2162,0,2164,1540,6035,44,1,14.31,1.36,0.59,0.64,0.13,0.0,0.0,0.0,0.59,0.64,0.13,18.38,20.3,16.12,3.8,3.73,3.17,93.72,83.96,97.6,80.34,75.07,59.48,0.0,25.52
03-135,PEDREGAL DE SANTA URSULA I,COYOACAN,False,,,,10163,5287,4866,272,116,54,38,0,0,0,116,54,38,1611,915,694,235,94,102,2110,2833,1606,2833,2624,2833,2315,2833,1208,2833,879,2799,0,2558,2992,10086,44,5,10.94,2.68,1.14,1.02,0.78,0.0,0.0,0.0,1.14,1.02,0.78,15.85,17.31,14.26,2.31,1.78,2.1,74.48,56.69,92.62,81.72,42.64,31.4,0.0,29.66
03-136,PEDREGAL DE SANTA URSULA II,COYOACAN,False,,,,9027,4736,4286,395,147,70,58,0,0,0,146,70,57,1586,886,693,248,109,120,1819,2473,1412,2473,2248,2473,2031,2473,1115,2473,653,2473,3,1991,2616,9001,42,2,11.17,4.38,1.63,1.48,1.35,0.0,0.0,0.0,1.62,1.48,1.33,17.57,18.71,16.17,2.75,2.3,2.8,73.55,57.1,90.9,82.13,45.09,26.41,0.15,29.06
03-137,PEDREGAL DE SANTA URSULA III,COYOACAN,False,,,,9471,4896,4571,303,124,46,44,0,0,0,123,45,44,1672,932,737,230,102,90,1951,2641,1510,2641,2453,2641,2123,2641,1095,2641,659,2641,0,1987,2858,9208,42,3,10.93,3.2,1.31,0.94,0.96,0.0,0.0,0.0,1.3,0.92,0.96,17.65,19.04,16.12,2.43,2.08,1.97,73.87,57.18,92.88,80.39,41.46,24.95,0.0,31.04
03-138,PEDREGAL DE SANTA URSULA IV,COYOACAN,False,,,,11371,5893,5478,285,134,68,31,0,0,0,134,68,31,1983,1152,830,200,97,73,2331,3209,1836,3209,2947,3214,2604,3214,1322,3209,854,3127,3,2525,3382,11348,48,3,11.2,2.51,1.18,1.15,0.57,0.0,0.0,0.0,1.18,1.15,0.57,17.44,19.55,15.15,1.76,1.65,1.33,72.64,57.21,91.69,81.02,41.2,27.31,0.12,29.8
03-139,PEDREGAL DE STO DOMINGO I,COYOACAN,False,,,,9553,4971,4582,455,170,86,81,0,0,0,166,85,79,1718,953,759,248,112,122,1971,2581,1439,2581,2331,2581,2017,2581,948,2581,649,2517,6,1587,3011,9458,30,1,10.78,4.76,1.78,1.73,1.77,0.0,0.0,0.0,1.74,1.71,1.72,17.98,19.17,16.56,2.6,2.25,2.66,76.37,55.75,90.31,78.15,36.73,25.78,0.38,31.84
03-140,PEDREGAL DE STO DOMINGO II,COYOACAN,False,,,,11999,6197,5802,333,141,68,58,0,0,0,140,68,57,1893,1040,841,324,159,146,2459,3274,1830,3274,2976,3274,2638,3274,1249,3260,982,3260,6,2593,3559,11787,47,3,11.08,2.78,1.18,1.1,1.0,0.0,0.0,0.0,1.17,1.1,0.98,15.78,16.78,14.5,2.7,2.57,2.52,75.11,55.89,90.9,80.57,38.31,30.12,0.23,30.19
03-141,PEDREGAL DE STO DOMINGO III,COYOACAN,False,,,,9623,4909,4714,406,154,80,68,0,0,0,153,80,67,1594,885,709,242,111,123,1831,2543,1382,2543,2285,2543,2070,2543,872,2527,595,2543,0,1627,2851,9542,25,2,10.84,4.22,1.6,1.63,1.44,0.0,0.0,0.0,1.59,1.63,1.42,16.56,18.03,15.04,2.51,2.26,2.61,72.0,54.35,89.85,81.4,34.51,23.4,0.0,29.88
03-142,PEDREGAL DE STO DOMINGO IV,COYOACAN,False,,,,10273,5315,4958,539,226,112,100,0,0,0,223,110,99,2117,1161,954,172,80,75,1938,2827,1405,2827,2575,2827,2115,2827,859,2827,644,2817,3,1858,3174,10263,28,3,10.38,5.25,2.2,2.11,2.02,0.0,0.0,0.0,2.17,2.07,2.0,20.61,21.84,19.24,1.67,1.51,1.51,68.55,49.7,91.09,74.81,30.39,22.86,0.16,30.93
03-143,PEDREGAL DE STO DOMINGO V,COYOACAN,False,,,,11001,5655,5335,779,339,171,159,0,0,0,333,167,157,2608,1447,1161,250,122,114,2008,2947,1400,2947,2673,2947,2186,2947,961,2947,632,2887,4,2251,3114,10951,28,2,10.19,7.08,3.08,3.02,2.98,0.0,0.0,0.0,3.03,2.95,2.94,23.71,25.59,21.76,2.27,2.16,2.14,68.14,47.51,90.7,74.18,32.61,21.89,0.18,28.44
03-144,PEDREGAL DE STO DOMINGO VI,COYOACAN,False,,,,13782,7020,6758,1192,556,280,253,0,0,0,551,277,249,3279,1804,1472,386,178,170,2530,3668,1804,3668,3289,3672,2884,3672,1189,3668,894,3655,8,1847,4390,13701,38,2,10.19,8.65,4.03,3.99,3.74,0.0,0.0,0.0,4.0,3.95,3.68,23.79,25.7,21.78,2.8,2.54,2.52,68.97,49.18,89.57,78.54,32.42,24.46,0.43,32.04
03-145,PEDREGAL DE STO DOMINGO VII,COYOACAN,False,,,,11858,6097,5761,1206,612,317,291,3,0,0,602,308,289,3175,1741,1434,503,258,243,2162,3251,1454,3251,2930,3251,2357,3251,995,3251,715,3251,3,2216,4237,11576,29,0,10.16,10.17,5.16,5.2,5.05,0.03,0.0,0.0,5.08,5.05,5.02,26.78,28.56,24.89,4.24,4.23,4.22,66.5,44.72,90.13,72.5,30.61,21.99,0.14,36.6
03-146,PEDREGAL DE STO DOMINGO VIII,COYOACAN,False,,,,7363,3800,3564,389,191,97,83,0,0,0,189,96,80,1790,949,841,174,86,82,1503,2032,1006,2032,1853,2032,1496,2032,675,2032,485,2032,7,767,2045,6589,16,0,10.5,5.28,2.59,2.55,2.33,0.0,0.0,0.0,2.57,2.53,2.24,24.31,24.97,23.6,2.36,2.26,2.3,73.97,49.51,91.19,73.62,33.22,23.87,0.91,31.04
03-147,PEDREGAL DE STO DOMINGO IX,COYOACAN,False,,,,7610,3870,3740,359,159,87,63,0,0,0,156,86,61,1624,907,717,225,103,114,1552,2176,1117,2176,1966,2176,1621,2176,766,2176,540,2158,7,1069,2048,6944,18,0,10.52,4.72,2.09,2.25,1.68,0.0,0.0,0.0,2.05,2.22,1.63,21.34,23.44,19.17,2.96,2.66,3.05,71.32,51.33,90.35,74.49,35.2,25.02,0.65,29.49
03-148,ALIANZA POPULAR REVOLUCIONARIA ORIENTE (U HAB),COYOACAN,False,,,,4984,2738,2238,33,0,0,0,0,0,0,0,0,0,832,477,315,109,45,32,1546,1706,1353,1706,1633,1706,1462,1706,1088,1706,767,1580,0,1617,746,4768,70,5,13.52,0.66,0.0,0.0,0.0,0.0,0.0,0.0,0.0,0.0,0.0,16.69,17.42,14.08,2.19,1.64,1.43,90.62,79.31,95.72,85.7,63.77,48.54,0.0,15.65
03-149,EL ROSEDAL II,COYOACAN,False,,,,2332,1265,1068,26,12,5,4,0,0,0,12,5,4,307,178,126,71,38,31,740,842,646,842,811,842,655,842,559,842,398,822,0,506,493,2215,14,1,13.25,1.11,0.51,0.4,0.37,0.0,0.0,0.0,0.51,0.4,0.37,13.16,14.07,11.8,3.04,3.0,2.9,87.89,76.72,96.32,77.79,66.39,48.42,0.0,22.26
03-150,EX EJIDO DE CHURUBUSCO,COYOACAN,False,,,,155,82,74,0,0,0,0,0,0,0,0,0,0,26,14,12,4,3,0,48,52,44,52,49,52,45,52,31,52,26,52,0,52,48,150,3,0,13.46,0.0,0.0,0.0,0.0,0.0,0.0,0.0,0.0,0.0,0.0,16.77,17.07,16.22,2.58,3.66,0.0,92.31,84.62,94.23,86.54,59.62,50.0,0.0,32.0
03-151,MONTE DE PIEDAD I,COYOACAN,False,,,,1373,781,590,10,6,6,0,0,0,0,6,6,0,262,160,102,70,29,26,446,490,394,490,463,490,380,490,339,490,257,490,0,471,335,1363,20,2,14.73,0.73,0.44,0.77,0.0,0.0,0.0,0.0,0.44,0.77,0.0,19.08,20.49,17.29,5.1,3.71,4.41,91.02,80.41,94.49,77.55,69.18,52.45,0.0,24.58
03-152,PRESIDENTES EJIDALES SEGUNDA SECCION,COYOACAN,False,,,,3341,1782,1559,28,3,0,0,0,0,0,3,0,0,334,176,143,95,37,47,999,1077,953,1077,1059,1077,940,1074,829,1077,715,1067,0,975,876,3168,27,0,14.0,0.84,0.09,0.0,0.0,0.0,0.0,0.0,0.09,0.0,0.0,10.0,9.88,9.17,2.84,2.08,3.01,92.76,88.49,98.33,87.52,76.97,67.01,0.0,27.65
03-153,TAXQUEÑA,COYOACAN,False,,,,855,471,384,12,0,0,0,0,0,0,0,0,0,145,88,52,21,8,5,267,300,256,300,289,300,268,300,203,300,152,300,0,300,186,821,15,2,14.43,1.4,0.0,0.0,0.0,0.0,0.0,0.0,0.0,0.0,0.0,16.96,18.68,13.54,2.46,1.7,1.3,89.0,85.33,96.33,89.33,67.67,50.67,0.0,22.66
03-154,ACASULCO UNIVERSIDAD,COYOACAN,False,,,,154,94,60,3,,,0,0,0,0,,,0,49,30,19,17,8,9,67,74,67,74,72,74,59,74,48,74,38,74,0,74,28,154,2,0,15.23,1.95,,,0.0,0.0,0.0,0.0,,,0.0,31.82,31.91,31.67,11.04,8.51,15.0,90.54,90.54,97.3,79.73,64.86,51.35,0.0,18.18
03-155,CENTRO URBANO (U HAB),COYOACAN,False,,,,386,208,176,0,0,0,0,0,0,0,0,0,0,63,16,3,3,0,3,130,150,112,145,143,150,120,150,82,133,58,105,0,150,70,233,20,1,13.66,0.0,0.0,0.0,0.0,0.0,0.0,0.0,0.0,0.0,0.0,16.32,7.69,1.7,0.78,0.0,1.7,86.67,77.24,95.33,80.0,61.65,55.24,0.0,30.04
03-156,CTM IX CULHUACAN ZONA 32-33 (U HAB),COYOACAN,False,,,,4257,2233,2020,56,13,8,3,0,0,0,13,8,3,663,387,274,72,45,19,977,1230,769,1230,1133,1230,1015,1230,556,1230,454,1230,3,1029,1066,4253,31,3,11.54,1.32,0.31,0.36,0.15,0.0,0.0,0.0,0.31,0.36,0.15,15.57,17.33,13.56,1.69,2.02,0.94,79.43,62.52,92.11,82.52,45.2,36.91,0.29,25.06
03-157,EX EJIDO SAN FRANCISCO CULHUACAN II,COYOACAN,False,,,,1207,651,552,5,0,0,0,0,0,0,0,0,0,174,89,73,11,3,0,334,360,295,360,345,360,329,360,249,354,186,354,0,358,243,1193,20,2,13.56,0.41,0.0,0.0,0.0,0.0,0.0,0.0,0.0,0.0,0.0,14.42,13.67,13.22,0.91,0.46,0.0,92.78,81.94,95.83,91.39,70.34,52.54,0.0,20.37
03-158,EX EJIDO SAN FRANCISCO CULHUACAN III,COYOACAN,False,,,,1315,686,628,26,9,0,3,0,0,0,9,0,3,178,96,74,54,27,25,332,385,291,385,369,385,330,385,225,385,169,385,0,341,278,1239,15,1,12.86,1.98,0.68,0.0,0.48,0.0,0.0,0.0,0.68,0.0,0.48,13.54,13.99,11.78,4.11,3.94,3.98,86.23,75.58,95.84,85.71,58.44,43.9,0.0,22.44
03-159,ROMERO DE TERREROS (COND),COYOACAN,False,,,,446,245,202,0,0,0,0,0,0,0,0,0,0,132,77,40,54,30,9,153,167,143,167,158,167,128,167,99,160,85,160,0,167,104,365,15,2,15.05,0.0,0.0,0.0,0.0,0.0,0.0,0.0,0.0,0.0,0.0,29.6,31.43,19.8,12.11,12.24,4.46,91.62,85.63,94.61,76.65,61.88,53.12,0.0,28.49
03-160,CAFETALES III (RDCIAL),COYOACAN,False,,,,325,179,146,8,2,1,1,0,0,0,2,1,1,48,24,21,0,0,0,99,105,91,105,102,105,94,105,81,105,57,105,0,82,92,266,6,0,14.68,2.46,0.62,0.56,0.68,0.0,0.0,0.0,0.62,0.56,0.68,14.77,13.41,14.38,0.0,0.0,0.0,94.29,86.67,97.14,89.52,77.14,54.29,0.0,34.59
03-161,COPILCO UNIVERSIDAD II,COYOACAN,False,,,,1271,689,573,22,6,3,0,0,0,0,6,3,0,309,176,119,60,24,18,445,485,429,485,467,485,430,485,327,482,267,465,0,485,268,1140,34,4,15.28,1.73,0.47,0.44,0.0,0.0,0.0,0.0,0.47,0.44,0.0,24.31,25.54,20.77,4.72,3.48,3.14,91.75,88.45,96.29,88.66,67.84,57.42,0.0,23.51
03-162,CTM VIII B CULHUACAN ZONA 25-26 (U HAB),COYOACAN,False,,,,4331,2231,2094,49,12,4,7,0,0,0,12,4,7,645,359,282,86,32,38,1130,1350,898,1350,1258,1350,1188,1350,643,1350,507,1350,0,1320,956,4299,35,2,12.01,1.13,0.28,0.18,0.33,0.0,0.0,0.0,0.28,0.18,0.33,14.89,16.09,13.47,1.99,1.43,1.81,83.7,66.52,93.19,88.0,47.63,37.56,0.0,22.24
03-163,EL CARACOL BAJO,COYOACAN,False,,,,441,212,229,13,4,0,0,0,0,0,4,0,0,70,36,27,12,3,5,90,109,76,109,106,109,92,109,66,100,38,103,0,109,131,407,6,0,11.56,2.95,0.91,0.0,0.0,0.0,0.0,0.0,0.91,0.0,0.0,15.87,16.98,11.79,2.72,1.42,2.18,82.57,69.72,97.25,84.4,66.0,36.89,0.0,32.19
03-164,FOVISSSTE UNIVERSIDAD,COYOACAN,False,,,,2489,1341,1147,28,5,4,0,0,0,0,5,4,0,758,422,332,218,76,95,914,998,864,998,962,998,759,998,614,998,566,998,0,998,392,2423,41,6,15.0,1.12,0.2,0.3,0.0,0.0,0.0,0.0,0.2,0.3,0.0,30.45,31.47,28.95,8.76,5.67,8.28,91.58,86.57,96.39,76.05,61.52,56.71,0.0,16.18
03-165,INVI PRESIDENTES EJIDALES (U HAB),COYOACAN,False,,,,282,154,128,4,0,0,0,0,0,0,0,0,0,55,34,18,19,10,7,67,95,62,95,92,95,59,92,41,95,35,85,0,95,75,130,5,0,12.69,1.42,0.0,0.0,0.0,0.0,0.0,0.0,0.0,0.0,0.0,19.5,22.08,14.06,6.74,6.49,5.47,70.53,65.26,96.84,64.13,43.16,41.18,0.0,57.69
03-166,LIBERTAD 100,COYOACAN,False,,,,549,286,262,12,5,3,,0,0,0,5,3,,108,54,54,26,11,15,199,223,181,223,215,223,162,223,142,223,123,223,0,223,121,526,2,0,14.2,2.19,0.91,1.05,,0.0,0.0,0.0,0.91,1.05,,19.67,18.88,20.61,4.74,3.85,5.73,89.24,81.17,96.41,72.65,63.68,55.16,0.0,23.0
03-167,MONTE DE PIEDAD II,COYOACAN,False,,,,586,319,267,4,0,0,0,0,0,0,0,0,0,104,61,43,21,8,7,203,228,178,228,213,228,192,228,137,228,100,228,0,228,157,570,7,1,14.08,0.68,0.0,0.0,0.0,0.0,0.0,0.0,0.0,0.0,0.0,17.75,19.12,16.1,3.58,2.51,2.62,89.04,78.07,93.42,84.21,60.09,43.86,0.0,27.54
03-168,PRADOS DE COYOACAN 2,COYOACAN,False,,,,627,338,289,0,0,0,0,0,0,0,0,0,0,98,58,40,25,12,5,177,198,172,198,187,198,165,198,150,198,125,198,0,127,164,543,5,0,14.05,0.0,0.0,0.0,0.0,0.0,0.0,0.0,0.0,0.0,0.0,15.63,17.16,13.84,3.99,3.55,1.73,89.39,86.87,94.44,83.33,75.76,63.13,0.0,30.2
03-169,SANTA CECILIA II,COYOACAN,False,,,,1046,560,486,7,1,0,0,0,0,0,1,0,0,167,96,70,13,1,5,316,336,278,336,327,336,259,336,245,336,151,336,0,311,284,827,12,2,14.61,0.67,0.1,0.0,0.0,0.0,0.0,0.0,0.1,0.0,0.0,15.97,17.14,14.4,1.24,0.18,1.03,94.05,82.74,97.32,77.08,72.92,44.94,0.0,34.34
03-170,VILLAS DE COYOACAN (CONDOMINIO),COYOACAN,False,,,,85,44,41,0,0,0,0,0,0,0,0,0,0,7,3,2,0,0,0,29,31,30,31,30,31,29,31,26,31,26,31,0,31,17,35,3,0,14.51,0.0,0.0,0.0,0.0,0.0,0.0,0.0,0.0,0.0,0.0,8.24,6.82,4.88,0.0,0.0,0.0,93.55,96.77,96.77,93.55,83.87,83.87,0.0,48.57
04-001,ABDIAS GARCIA SOTO,CUAJIMALPA DE MORELOS,False,,,,2378,1260,1118,38,23,8,13,0,0,0,23,8,13,329,201,128,81,50,31,563,690,448,690,643,690,567,690,387,690,316,690,0,363,624,2352,3,0,11.86,1.6,0.97,0.63,1.16,0.0,0.0,0.0,0.97,0.63,1.16,13.84,15.95,11.45,3.41,3.97,2.77,81.59,64.93,93.19,82.17,56.09,45.8,0.0,26.53
04-002,ADOLFO LOPEZ MATEOS,CUAJIMALPA DE MORELOS,False,,,,1564,824,740,24,5,2,3,0,0,0,5,2,3,219,129,90,34,14,13,350,423,305,423,413,423,351,423,223,423,223,423,0,418,224,1261,5,0,11.97,1.53,0.32,0.24,0.41,0.0,0.0,0.0,0.32,0.24,0.41,14.0,15.66,12.16,2.17,1.7,1.76,82.74,72.1,97.64,82.98,52.72,52.72,0.0,17.76
04-003,AGUA BENDITA,CUAJIMALPA DE MORELOS,False,,,,3907,2026,1881,117,39,22,11,0,0,0,39,22,11,529,290,237,99,42,57,616,980,391,980,913,987,740,987,347,987,182,978,7,776,1296,3503,11,1,9.38,2.99,1.0,1.09,0.58,0.0,0.0,0.0,1.0,1.09,0.58,13.54,14.31,12.6,2.53,2.07,3.03,62.86,39.9,92.5,74.97,35.16,18.61,0.9,37.0
04-004,AHUATENCO,CUAJIMALPA DE MORELOS,False,,,,3969,2053,1916,90,31,14,13,0,0,0,31,14,13,681,378,303,171,90,78,790,1075,628,1075,1002,1075,808,1075,472,1075,367,1075,0,607,1182,3947,7,0,11.48,2.27,0.78,0.68,0.68,0.0,0.0,0.0,0.78,0.68,0.68,17.16,18.41,15.81,4.31,4.38,4.07,73.49,58.42,93.21,75.16,43.91,34.14,0.0,29.95
04-005,AMADO NERVO,CUAJIMALPA DE MORELOS,False,,,,734,378,356,11,5,,1,0,0,0,5,,1,111,71,39,12,7,3,132,191,97,191,180,191,149,191,73,191,57,191,0,169,187,484,1,0,10.72,1.5,0.68,,0.28,0.0,0.0,0.0,0.68,,0.28,15.12,18.78,10.96,1.63,1.85,0.84,69.11,50.79,94.24,78.01,38.22,29.84,0.0,38.64
04-006,BOSQUES DE LAS LOMAS,CUAJIMALPA DE MORELOS,False,,,,13962,7764,6198,178,178,127,25,0,0,0,174,124,25,2792,1878,893,848,572,223,3217,3585,2893,3576,3416,3585,2670,3578,2648,3577,2305,3579,0,2360,3489,12330,89,7,12.44,1.27,1.27,1.64,0.4,0.0,0.0,0.0,1.25,1.6,0.4,20.0,24.19,14.41,6.07,7.37,3.6,89.74,80.9,95.29,74.62,74.03,64.4,0.0,28.3
04-008,COLA DE PATO,CUAJIMALPA DE MORELOS,False,,,,1560,792,762,10,8,3,3,0,0,0,8,3,3,151,66,80,24,10,14,210,377,146,377,331,377,281,377,123,377,65,351,3,328,468,1537,8,1,9.9,0.64,0.51,0.38,0.39,0.0,0.0,0.0,0.51,0.38,0.39,9.68,8.33,10.5,1.54,1.26,1.84,55.7,38.73,87.8,74.54,32.63,18.52,0.91,30.45
04-011,CRUZ BLANCA,CUAJIMALPA DE MORELOS,False,,,,1869,976,891,41,11,5,5,0,0,0,11,5,5,207,105,94,27,11,16,318,464,225,463,441,467,371,467,160,437,107,452,1,450,490,1589,6,1,10.19,2.19,0.59,0.51,0.56,0.0,0.0,0.0,0.59,0.51,0.56,11.08,10.76,10.55,1.44,1.13,1.8,68.53,48.6,94.43,79.44,36.61,23.67,0.22,30.84
04-012,CORREDOR SANTA FE,CUAJIMALPA DE MORELOS,False,,,,12990,6574,6396,32,48,37,3,0,0,0,48,37,3,2030,1192,823,1009,584,402,5416,5458,5340,5455,5434,5458,4336,5449,4680,5452,4408,5452,0,5458,689,12665,88,6,15.8,0.25,0.37,0.56,0.05,0.0,0.0,0.0,0.37,0.56,0.05,15.63,18.13,12.87,7.77,8.88,6.29,99.23,97.89,99.56,79.57,85.84,80.85,0.0,5.44
04-014,EBANO (U HAB),CUAJIMALPA DE MORELOS,False,,,,1739,883,856,24,6,1,0,0,0,0,5,1,0,209,115,91,26,10,11,330,443,206,437,418,443,376,443,156,443,118,422,0,443,396,1361,13,0,10.08,1.38,0.35,0.11,0.0,0.0,0.0,0.0,0.29,0.11,0.0,12.02,13.02,10.63,1.5,1.13,1.29,74.49,47.14,94.36,84.88,35.21,27.96,0.0,29.1
04-015,EL CONTADERO,CUAJIMALPA DE MORELOS,False,,,,8450,4359,4087,132,73,38,29,0,0,0,72,37,29,1119,655,452,314,155,143,1934,2381,1586,2381,2247,2381,1971,2381,1451,2370,1053,2370,0,2208,1912,8329,27,2,11.81,1.56,0.86,0.87,0.71,0.0,0.0,0.0,0.85,0.85,0.71,13.24,15.03,11.06,3.72,3.56,3.5,81.23,66.61,94.37,82.78,61.22,44.43,0.0,22.96
04-016,EL MOLINITO,CUAJIMALPA DE MORELOS,False,,,,340,158,183,0,0,0,0,0,0,0,0,0,0,45,23,22,0,0,0,72,88,62,88,83,88,73,88,41,72,29,72,0,88,62,338,3,0,11.49,0.0,0.0,0.0,0.0,0.0,0.0,0.0,0.0,0.0,0.0,13.24,14.56,12.02,0.0,0.0,0.0,81.82,70.45,94.32,82.95,56.94,40.28,0.0,18.34
04-017,EL MOLINO,CUAJIMALPA DE MORELOS,False,,,,1470,792,678,7,7,0,0,0,0,0,7,0,0,193,119,73,50,31,18,358,441,326,441,412,441,361,441,318,441,219,441,0,441,275,1459,4,1,12.56,0.48,0.48,0.0,0.0,0.0,0.0,0.0,0.48,0.0,0.0,13.13,15.03,10.77,3.4,3.91,2.65,81.18,73.92,93.42,81.86,72.11,49.66,0.0,18.85
04-018,EL TIANGUILLO,CUAJIMALPA DE MORELOS,False,,,,1918,976,943,36,13,3,7,0,0,0,13,3,7,217,116,101,29,15,13,409,550,324,550,502,550,449,550,259,550,199,545,8,550,472,1671,5,0,10.57,1.88,0.68,0.31,0.74,0.0,0.0,0.0,0.68,0.31,0.74,11.31,11.89,10.71,1.51,1.54,1.38,74.36,58.91,91.27,81.64,47.09,36.51,1.45,28.25
04-019,EL YAQUI,CUAJIMALPA DE MORELOS,False,,,,1852,982,870,6,0,0,0,0,0,0,0,0,0,257,146,112,48,22,24,526,583,463,583,567,583,485,583,403,582,359,582,0,583,217,1702,12,0,13.19,0.32,0.0,0.0,0.0,0.0,0.0,0.0,0.0,0.0,0.0,13.88,14.87,12.87,2.59,2.24,2.76,90.22,79.42,97.26,83.19,69.24,61.68,0.0,12.75
04-021,JARDINES DE LA PALMA (HUIZACHITO),CUAJIMALPA DE MORELOS,False,,,,3871,1997,1852,46,27,5,14,0,0,0,27,5,14,585,322,249,129,55,62,799,1010,668,1004,948,1010,805,1010,597,1010,366,901,0,989,651,3757,44,9,11.48,1.19,0.7,0.25,0.76,0.0,0.0,0.0,0.7,0.25,0.76,15.11,16.12,13.44,3.33,2.75,3.35,79.11,66.53,93.86,79.7,59.11,40.62,0.0,17.33
04-022,JESUS DEL MONTE,CUAJIMALPA DE MORELOS,False,,,,1975,1020,950,18,7,1,5,0,0,0,7,1,5,234,124,84,29,11,15,489,602,406,602,585,602,484,602,319,597,298,586,0,602,316,1345,29,1,11.89,0.91,0.35,0.1,0.53,0.0,0.0,0.0,0.35,0.1,0.53,11.85,12.16,8.84,1.47,1.08,1.58,81.23,67.44,97.18,80.4,53.43,50.85,0.0,23.49
04-023,LA PILA,CUAJIMALPA DE MORELOS,False,,,,4703,2374,2321,166,47,20,22,0,0,0,46,20,21,772,410,360,83,38,40,644,1148,428,1153,1039,1153,856,1148,379,1153,188,1060,0,930,1513,4418,18,4,9.48,3.53,1.0,0.84,0.95,0.0,0.0,0.0,0.98,0.84,0.9,16.42,17.27,15.51,1.76,1.6,1.72,56.1,37.12,90.11,74.56,32.87,17.74,0.0,34.25
04-025,LA VENTA,CUAJIMALPA DE MORELOS,False,,,,,,,,,,,,,,,,,,,,,,,,,,,,,,,,,,,,,,,,,,,,,,,,,,,,,,,,,,,,,,,,,
04-026,LAS LAJAS,CUAJIMALPA DE MORELOS,False,,,,2597,1319,1277,118,29,12,15,0,0,0,25,9,15,379,201,169,58,28,22,358,628,228,615,574,632,475,628,252,628,81,542,3,632,809,2477,11,0,9.3,4.54,1.12,0.91,1.17,0.0,0.0,0.0,0.96,0.68,1.17,14.59,15.24,13.23,2.23,2.12,1.72,57.01,37.07,90.82,75.64,40.13,14.94,0.47,32.66
04-027,TEXCALCO,CUAJIMALPA DE MORELOS,False,,,,768,386,382,30,10,5,5,0,0,0,8,4,4,122,68,53,13,7,6,137,210,109,210,193,210,162,210,63,210,30,173,1,115,180,316,2,0,9.98,3.91,1.3,1.3,1.31,0.0,0.0,0.0,1.04,1.04,1.05,15.89,17.62,13.87,1.69,1.81,1.57,65.24,51.9,91.9,77.14,30.0,17.34,0.87,56.96
04-028,LAS TINAJAS,CUAJIMALPA DE MORELOS,False,,,,2136,1100,1033,19,3,0,0,0,0,0,3,0,0,247,136,111,71,27,39,470,587,347,585,536,587,439,587,355,585,217,587,0,421,609,2048,9,1,11.03,0.89,0.14,0.0,0.0,0.0,0.0,0.0,0.14,0.0,0.0,11.56,12.36,10.75,3.32,2.45,3.78,80.07,59.32,91.31,74.79,60.68,36.97,0.0,29.74
04-030,LOMA DEL PADRE,CUAJIMALPA DE MORELOS,False,,,,4532,2264,2268,104,46,19,19,0,0,0,46,19,19,503,269,234,48,15,25,665,1119,450,1119,1027,1119,849,1119,286,1119,129,1008,3,957,1306,4396,11,1,9.95,2.29,1.02,0.84,0.84,0.0,0.0,0.0,1.02,0.84,0.84,11.1,11.88,10.32,1.06,0.66,1.1,59.43,40.21,91.78,75.87,25.56,12.8,0.31,29.71
04-031,LOMAS DE MEMETLA,CUAJIMALPA DE MORELOS,False,,,,5080,2642,2438,90,41,15,21,0,0,0,41,15,21,861,458,399,247,130,112,1313,1537,1111,1531,1458,1542,1126,1542,966,1536,842,1542,0,1252,1020,4908,14,0,12.58,1.77,0.81,0.57,0.86,0.0,0.0,0.0,0.81,0.57,0.86,16.95,17.34,16.37,4.86,4.92,4.59,85.43,72.57,94.55,73.02,62.89,54.6,0.0,20.78
04-032,LOMAS DE VISTA HERMOSA,CUAJIMALPA DE MORELOS,False,,,,9278,4933,4286,86,94,52,24,0,0,0,87,47,23,1364,875,467,340,239,86,2210,2511,2059,2503,2408,2518,2140,2515,1848,2463,1641,2476,0,1889,1934,8463,65,18,12.93,0.93,1.01,1.05,0.56,0.0,0.0,0.0,0.94,0.95,0.54,14.7,17.74,10.9,3.66,4.84,2.01,88.01,82.26,95.63,85.09,75.03,66.28,0.0,22.85
04-033,LOMAS DEL CHAMIZAL,CUAJIMALPA DE MORELOS,False,,,,6177,3296,2861,165,79,40,28,0,0,0,76,39,26,1102,673,421,283,158,96,1403,1632,1258,1624,1540,1632,1248,1628,1066,1624,909,1606,0,1406,1585,5393,42,4,12.09,2.67,1.28,1.21,0.98,0.0,0.0,0.0,1.23,1.18,0.91,17.84,20.42,14.72,4.58,4.79,3.36,85.97,77.46,94.36,76.66,65.64,56.6,0.0,29.39
04-034,MANZANASTITLA,CUAJIMALPA DE MORELOS,False,,,,4270,2248,2022,56,18,0,11,0,0,0,18,0,11,675,334,320,241,119,117,1090,1321,918,1321,1253,1321,965,1317,754,1313,652,1321,0,1033,995,4088,31,0,12.55,1.31,0.42,0.0,0.54,0.0,0.0,0.0,0.42,0.0,0.54,15.81,14.86,15.83,5.64,5.29,5.79,82.51,69.49,94.85,73.27,57.43,49.36,0.0,24.34
04-035,MEMETLA,CUAJIMALPA DE MORELOS,False,,,,700,383,316,8,,0,0,0,0,0,,0,0,97,61,36,10,7,0,138,185,102,185,173,185,152,185,87,185,54,185,0,71,194,682,3,0,10.48,1.14,,0.0,0.0,0.0,0.0,0.0,,0.0,0.0,13.86,15.93,11.39,1.43,1.83,0.0,74.59,55.14,93.51,82.16,47.03,29.19,0.0,28.45
04-036,NAVIDAD (GRANJAS DE NAVIDAD),CUAJIMALPA DE MORELOS,False,,,,9741,5136,4605,172,58,19,18,0,0,0,57,19,18,1666,914,749,250,119,114,1914,2775,1424,2775,2523,2775,2172,2775,1166,2749,729,2744,0,2142,2588,8965,49,3,10.61,1.77,0.6,0.37,0.39,0.0,0.0,0.0,0.59,0.37,0.39,17.1,17.8,16.26,2.57,2.32,2.48,68.97,51.32,90.92,78.27,42.42,26.57,0.0,28.87
04-038,PALO ALTO (GRANJAS),CUAJIMALPA DE MORELOS,False,,,,3285,1709,1577,45,13,10,0,0,0,0,13,10,0,512,308,191,101,56,29,576,720,391,683,658,724,514,724,350,696,290,678,0,619,1280,2915,24,0,10.36,1.37,0.4,0.59,0.0,0.0,0.0,0.0,0.4,0.59,0.0,15.59,18.02,12.11,3.07,3.28,1.84,80.0,57.25,90.88,70.99,50.29,42.77,0.0,43.91
04-045,SAN LORENZO ACOPILCO (PBLO),CUAJIMALPA DE MORELOS,True,SAN LORENZO ACOPILCO (PBLO),NAHUAS,NAHUATL,8852,4642,4204,193,68,24,26,0,0,0,56,20,21,1129,623,501,232,110,92,1520,2271,1140,2271,2085,2271,1842,2267,737,2258,484,2238,5,1458,2295,8005,30,1,10.26,2.18,0.77,0.52,0.62,0.0,0.0,0.0,0.63,0.43,0.5,12.75,13.42,11.92,2.62,2.37,2.19,66.93,50.2,91.81,81.25,32.64,21.63,0.34,28.67
04-046,SAN MATEO TLALTENANGO (PBLO),CUAJIMALPA DE MORELOS,True,SAN MATEO TLALTENANGO (PBLO),NAHUAS,NAHUATL,22636,11539,11087,388,162,65,65,0,0,0,158,63,64,2818,1521,1280,437,237,166,4029,5801,2740,5698,5338,5807,4591,5807,2047,5689,1478,5558,11,4034,6181,21732,89,9,10.32,1.71,0.72,0.56,0.59,0.0,0.0,0.0,0.7,0.55,0.58,12.45,13.18,11.55,1.93,2.05,1.5,69.45,48.09,91.92,79.06,35.98,26.59,0.27,28.44
04-047,SAN PABLO CHIMALPA (PBLO),CUAJIMALPA DE MORELOS,True,SAN PABLO CHIMALPA (PBLO),NAHUAS,NAHUATL,9070,4615,4438,232,57,25,20,0,0,0,55,24,19,1299,714,572,147,65,59,1411,2209,822,2198,1990,2211,1724,2211,515,2149,340,1992,11,1663,2575,8615,46,3,9.57,2.56,0.63,0.54,0.45,0.0,0.0,0.0,0.61,0.52,0.43,14.32,15.47,12.89,1.62,1.41,1.33,63.88,37.4,90.0,77.97,23.96,17.07,0.66,29.89
04-050,TEPETONGO,CUAJIMALPA DE MORELOS,False,,,,3498,1828,1663,46,14,5,8,0,0,0,13,5,8,523,289,217,83,30,45,917,1122,778,1122,1073,1122,861,1116,625,1122,538,1122,0,946,826,3223,32,3,11.82,1.32,0.4,0.27,0.48,0.0,0.0,0.0,0.37,0.27,0.48,14.95,15.81,13.05,2.37,1.64,2.71,81.73,69.34,95.63,77.15,55.7,47.95,0.0,25.63
04-051,XALPA,CUAJIMALPA DE MORELOS,False,,,,3130,1616,1510,64,16,5,0,0,0,0,16,5,0,419,251,167,52,24,19,501,791,348,733,728,792,637,792,225,782,192,765,0,628,782,2833,15,3,9.9,2.04,0.51,0.31,0.0,0.0,0.0,0.0,0.51,0.31,0.0,13.39,15.53,11.06,1.66,1.49,1.26,63.34,47.48,91.92,80.43,28.77,25.1,0.0,27.6
04-052,ZENTLAPATL,CUAJIMALPA DE MORELOS,False,,,,4163,2156,2004,135,51,18,27,0,0,0,51,18,27,653,370,273,118,63,52,681,1046,476,1046,952,1049,796,1049,395,1046,249,1027,0,349,1107,4012,15,1,10.11,3.24,1.23,0.83,1.35,0.0,0.0,0.0,1.23,0.83,1.35,15.69,17.16,13.62,2.83,2.92,2.59,65.11,45.51,90.75,75.88,37.76,24.25,0.0,27.59
04-054,1o DE MAYO,CUAJIMALPA DE MORELOS,False,,,,469,234,235,22,10,5,5,0,0,0,10,5,5,96,45,50,10,4,6,57,120,46,120,101,120,91,120,25,112,12,112,0,16,160,398,3,0,9.51,4.69,2.13,2.14,2.13,0.0,0.0,0.0,2.13,2.14,2.13,20.47,19.23,21.28,2.13,1.71,2.55,47.5,38.33,84.17,75.83,22.32,10.71,0.0,40.2
04-055,PORTAL DEL SOL,CUAJIMALPA DE MORELOS,False,,,,4139,2340,1790,25,41,38,0,0,0,0,41,38,0,690,514,146,157,133,20,859,940,788,935,912,940,826,940,734,930,716,935,0,854,516,3684,47,3,13.03,0.6,0.99,1.62,0.0,0.0,0.0,0.0,0.99,1.62,0.0,16.67,21.97,8.16,3.79,5.68,1.12,91.38,84.28,97.02,87.87,78.92,76.58,0.0,14.01
04-056,SAN PEDRO CUAJIMALPA (PBLO),CUAJIMALPA DE MORELOS,True,SAN PEDRO CUAJIMALPA (PBLO),NAHUAS,NAHUATL,21131,11135,9986,356,152,60,66,0,0,0,146,60,63,3056,1756,1298,799,413,379,4629,5908,3705,5908,5524,5908,4674,5908,3093,5904,2202,5871,0,4512,5406,20760,60,3,11.5,1.68,0.72,0.54,0.66,0.0,0.0,0.0,0.69,0.54,0.63,14.46,15.77,13.0,3.78,3.71,3.8,78.35,62.71,93.5,79.11,52.39,37.51,0.0,26.04
04-058,SAN JOSE DE LOS CEDROS I,CUAJIMALPA DE MORELOS,False,,,,6821,3535,3278,65,16,4,4,0,0,0,16,4,4,956,530,408,162,78,67,1150,1807,887,1807,1645,1807,1367,1799,755,1724,453,1765,0,1394,1487,6078,43,3,10.43,0.95,0.23,0.11,0.12,0.0,0.0,0.0,0.23,0.11,0.12,14.02,14.99,12.45,2.38,2.21,2.04,63.64,49.09,91.03,75.99,43.79,25.67,0.0,24.47
04-059,SAN JOSE DE LOS CEDROS II,CUAJIMALPA DE MORELOS,False,,,,7090,3688,3398,106,34,14,10,0,0,0,34,14,10,1048,608,430,165,68,61,1606,2132,1325,2125,1976,2132,1561,2132,1186,2132,819,2132,3,2037,1611,6948,40,4,11.94,1.5,0.48,0.38,0.29,0.0,0.0,0.0,0.48,0.38,0.29,14.78,16.49,12.65,2.33,1.84,1.8,75.33,62.35,92.68,73.22,55.63,38.41,0.15,23.19
04-060,PUERTO LAS CRUCES,CUAJIMALPA DE MORELOS,False,,,,,,,,,,,,,,,,,,,,,,,,,,,,,,,,,,,,,,,,,,,,,,,,,,,,,,,,,,,,,,,,,
15-001,ALGARIN,CUAUHTEMOC,False,,,,6019,3187,2832,75,24,13,3,0,0,0,24,13,3,996,556,435,234,107,115,1912,2332,1711,2332,2203,2332,1770,2332,1310,2332,1038,2313,9,1940,1615,6019,30,3,13.06,1.25,0.4,0.41,0.11,0.0,0.0,0.0,0.4,0.41,0.11,16.55,17.45,15.36,3.89,3.36,4.06,81.99,73.37,94.47,75.9,56.17,44.88,0.46,26.83
15-002,ASTURIAS,CUAUHTEMOC,False,,,,4597,2414,2164,80,23,14,3,0,0,0,23,14,3,638,361,273,111,62,32,1283,1558,1106,1558,1438,1558,1221,1558,920,1558,738,1558,0,1296,1126,4576,30,6,12.85,1.74,0.5,0.58,0.14,0.0,0.0,0.0,0.5,0.58,0.14,13.88,14.95,12.62,2.41,2.57,1.48,82.35,70.99,92.3,78.37,59.05,47.37,0.0,24.61
15-003,ASTURIAS (AMPL),CUAUHTEMOC,False,,,,5737,3029,2707,111,37,16,11,0,0,0,37,16,11,822,439,377,149,63,43,1579,1936,1328,1936,1810,1936,1457,1936,1005,1920,746,1927,3,1542,1415,5732,38,5,12.64,1.93,0.64,0.53,0.41,0.0,0.0,0.0,0.64,0.53,0.41,14.33,14.49,13.93,2.6,2.08,1.59,81.56,68.6,93.49,75.26,52.34,38.71,0.19,24.69
15-004,ATLAMPA,CUAUHTEMOC,False,,,,13958,7369,6582,367,120,61,45,0,0,0,120,61,44,2473,1413,1049,561,283,257,3454,4561,2554,4532,4245,4569,3652,4565,1968,4474,1603,4431,12,3395,3427,13294,75,4,11.33,2.63,0.86,0.83,0.68,0.0,0.0,0.0,0.86,0.83,0.67,17.72,19.17,15.94,4.02,3.84,3.9,75.73,56.35,92.91,80.0,43.99,36.18,0.35,25.78
15-006,BUENOS AIRES,CUAUHTEMOC,False,,,,8002,4110,3884,343,226,97,120,0,0,0,224,95,120,1361,722,636,308,153,144,2134,2714,1655,2714,2511,2714,1970,2711,1256,2695,1031,2695,7,1709,2844,7994,30,1,11.84,4.29,2.82,2.36,3.09,0.0,0.0,0.0,2.8,2.31,3.09,17.01,17.57,16.37,3.85,3.72,3.71,78.63,60.98,92.52,72.67,46.6,38.26,0.41,35.58
15-008,CONDESA,CUAUHTEMOC,False,,,,8896,4594,4302,137,72,34,23,0,0,0,71,33,23,1875,1066,798,503,271,199,3675,3953,3438,3953,3834,3953,3151,3953,2598,3953,2642,3953,0,2831,1695,8816,64,9,14.88,1.54,0.81,0.74,0.53,0.0,0.0,0.0,0.8,0.72,0.53,21.08,23.2,18.55,5.65,5.9,4.63,92.97,86.97,96.99,79.71,65.72,66.84,0.0,19.23
15-009,CUAUHTEMOC,CUAUHTEMOC,False,,,,11566,5675,5886,104,38,7,12,0,0,0,37,6,12,2995,1490,1489,1179,559,577,5419,5726,5148,5726,5591,5726,4810,5726,3880,5723,4076,5723,6,5319,1870,11150,94,15,15.38,0.9,0.33,0.12,0.2,0.0,0.0,0.0,0.32,0.11,0.2,25.89,26.26,25.3,10.19,9.85,9.8,94.64,89.91,97.64,84.0,67.8,71.22,0.11,16.77
15-011,ESPERANZA,CUAUHTEMOC,False,,,,5572,2967,2605,218,103,47,38,0,0,0,95,44,36,1215,677,538,371,200,164,1434,1789,1159,1789,1698,1789,1351,1789,850,1789,747,1789,0,1789,1937,5572,15,1,11.97,3.91,1.85,1.58,1.46,0.0,0.0,0.0,1.7,1.48,1.38,21.81,22.82,20.65,6.66,6.74,6.3,80.16,64.78,94.91,75.52,47.51,41.76,0.0,34.76
15-012,EX HIPODROMO DE PERALVILLO,CUAUHTEMOC,False,,,,10844,5783,5046,196,37,21,3,0,0,0,37,21,3,1457,820,588,284,102,118,2638,3457,2026,3447,3176,3470,2598,3473,1666,3375,988,3198,0,3211,3010,10823,131,9,11.74,1.81,0.34,0.36,0.06,0.0,0.0,0.0,0.34,0.36,0.06,13.44,14.18,11.65,2.62,1.76,2.34,76.31,58.78,91.53,74.81,49.36,30.89,0.0,27.81
15-013,FELIPE PESCADOR,CUAUHTEMOC,False,,,,2739,1411,1328,51,14,3,6,0,0,0,14,3,6,348,182,155,83,49,34,810,899,658,895,863,899,733,899,517,872,463,852,0,801,619,2657,23,0,13.02,1.86,0.51,0.21,0.45,0.0,0.0,0.0,0.51,0.21,0.45,12.71,12.9,11.67,3.03,3.47,2.56,90.1,73.52,96.0,81.54,59.29,54.34,0.0,23.3
15-016,HIPODROMO CONDESA,CUAUHTEMOC,False,,,,3267,1692,1575,28,7,0,3,0,0,0,7,0,3,567,302,255,148,79,56,1421,1500,1367,1500,1464,1500,1153,1500,987,1488,906,1482,0,1453,562,3204,37,3,15.16,0.86,0.21,0.0,0.19,0.0,0.0,0.0,0.21,0.0,0.19,17.36,17.85,16.19,4.53,4.67,3.56,94.73,91.13,97.6,76.87,66.33,61.13,0.0,17.54
15-017,JUAREZ,CUAUHTEMOC,False,,,,8542,4057,4447,307,131,55,56,0,0,0,131,55,56,2043,1013,1012,539,249,249,3697,4106,3450,4106,3958,4106,3189,4106,2044,4048,2642,4091,0,3635,2039,8508,112,18,14.37,3.59,1.53,1.36,1.26,0.0,0.0,0.0,1.53,1.36,1.26,23.92,24.97,22.76,6.31,6.14,5.6,90.04,84.02,96.4,77.67,50.49,64.58,0.0,23.97
15-018,MAZA,CUAUHTEMOC,False,,,,2569,1393,1176,44,6,3,3,0,0,0,6,3,3,383,209,171,91,42,31,587,805,424,805,732,805,573,805,353,805,176,716,0,670,918,2568,22,0,11.27,1.71,0.23,0.22,0.26,0.0,0.0,0.0,0.23,0.22,0.26,14.91,15.0,14.54,3.54,3.02,2.64,72.92,52.67,90.93,71.18,43.85,24.58,0.0,35.75
15-022,PAULINO NAVARRO,CUAUHTEMOC,False,,,,4934,2619,2314,50,14,0,0,0,0,0,14,0,0,480,277,180,66,20,25,1106,1470,917,1455,1368,1477,1141,1477,725,1470,519,1427,0,1295,1307,4820,44,3,11.47,1.01,0.28,0.0,0.0,0.0,0.0,0.0,0.28,0.0,0.0,9.73,10.58,7.78,1.34,0.76,1.08,75.24,63.02,92.62,77.25,49.32,36.37,0.0,27.12
15-027,SAN SIMON TOLNAHUAC,CUAUHTEMOC,False,,,,11144,5859,5279,158,64,34,18,0,0,0,64,34,18,1795,974,815,496,234,246,3306,4023,2761,4023,3760,4023,3255,4023,2026,4015,1781,4015,0,2340,2111,11085,40,5,12.31,1.42,0.57,0.58,0.34,0.0,0.0,0.0,0.57,0.58,0.34,16.11,16.62,15.44,4.45,3.99,4.66,82.18,68.63,93.46,80.91,50.46,44.36,0.0,19.04
15-028,SANTA MARIA (U HAB),CUAUHTEMOC,False,,,,1172,638,533,19,7,3,3,0,0,0,6,3,3,211,117,95,63,36,27,355,403,299,403,390,403,300,403,238,403,199,403,0,35,259,555,1,0,12.73,1.62,0.6,0.47,0.56,0.0,0.0,0.0,0.51,0.47,0.56,18.0,18.34,17.82,5.38,5.64,5.07,88.09,74.19,96.77,74.44,59.06,49.38,0.0,46.67
15-029,SANTA MARIA INSURGENTES,CUAUHTEMOC,False,,,,1351,750,577,14,7,3,0,0,0,0,7,3,0,265,163,102,112,79,27,449,515,397,515,490,515,387,515,321,515,298,515,3,196,201,1327,33,9,13.53,1.04,0.52,0.4,0.0,0.0,0.0,0.0,0.52,0.4,0.0,19.62,21.73,17.68,8.29,10.53,4.68,87.18,77.09,95.15,75.15,62.33,57.86,1.53,15.15
15-031,TABACALERA,CUAUHTEMOC,False,,,,3250,1613,1626,65,30,4,14,0,0,0,30,4,14,973,491,474,346,162,171,1139,1378,1021,1378,1316,1382,1037,1378,603,1375,748,1371,0,1350,978,3227,40,9,13.34,2.0,0.92,0.25,0.86,0.0,0.0,0.0,0.92,0.25,0.86,29.94,30.44,29.15,10.65,10.04,10.52,82.66,74.09,95.22,75.25,43.85,54.56,0.0,30.31
15-032,TRANSITO,CUAUHTEMOC,False,,,,11146,5784,5329,533,228,84,106,0,0,0,228,84,106,2598,1413,1172,538,266,244,2801,3643,2193,3615,3393,3643,2929,3643,1706,3619,1328,3592,0,2400,3580,11100,62,8,11.73,4.78,2.05,1.45,1.99,0.0,0.0,0.0,2.05,1.45,1.99,23.31,24.43,21.99,4.83,4.6,4.58,76.89,60.66,93.14,80.4,47.14,36.97,0.0,32.25
15-033,VALLE GOMEZ,CUAUHTEMOC,False,,,,7228,3791,3431,390,167,90,72,0,0,0,165,88,72,1251,684,552,454,217,229,1929,2442,1517,2418,2302,2449,1914,2436,1162,2391,1008,2401,0,978,1876,7215,31,4,11.62,5.4,2.31,2.37,2.1,0.0,0.0,0.0,2.28,2.32,2.1,17.31,18.04,16.09,6.28,5.72,6.67,78.99,62.74,94.0,78.57,48.6,41.98,0.0,26.0
15-034,VISTA ALEGRE,CUAUHTEMOC,False,,,,2987,1580,1408,84,26,7,19,0,0,0,25,6,19,405,225,176,51,23,7,821,1008,726,1008,962,1008,848,1008,570,1008,522,1007,0,856,791,2966,31,0,12.95,2.81,0.87,0.44,1.35,0.0,0.0,0.0,0.84,0.38,1.35,13.56,14.24,12.5,1.71,1.46,0.5,81.45,72.02,95.44,84.13,56.55,51.84,0.0,26.67
15-035,BUENAVISTA I,CUAUHTEMOC,False,,,,7710,4048,3661,106,49,20,19,0,0,0,49,20,19,1300,749,544,246,114,117,2019,2694,1677,2694,2486,2694,1965,2694,1232,2688,987,2688,20,1853,2013,7694,31,4,11.88,1.37,0.64,0.49,0.52,0.0,0.0,0.0,0.64,0.49,0.52,16.86,18.5,14.86,3.19,2.82,3.2,74.94,62.25,92.28,72.94,45.83,36.72,1.08,26.16
15-036,BUENAVISTA II,CUAUHTEMOC,False,,,,8946,4684,4262,373,173,82,80,0,0,0,173,82,80,2280,1223,1057,548,262,283,2337,3094,1920,3094,2859,3094,2299,3094,1226,3094,1147,3094,3,1611,2652,8946,31,2,12.03,4.17,1.93,1.75,1.88,0.0,0.0,0.0,1.93,1.75,1.88,25.49,26.11,24.8,6.13,5.59,6.64,75.53,62.06,92.4,74.31,39.63,37.07,0.19,29.64
15-037,CENTRO I,CUAUHTEMOC,False,,,,7108,3701,3391,363,142,65,66,0,0,0,138,58,65,1093,597,489,175,73,87,1360,2145,785,2135,1904,2148,1666,2148,588,2138,411,1930,0,1066,3017,7082,39,3,9.58,5.11,2.0,1.76,1.95,0.0,0.0,0.0,1.94,1.57,1.92,15.38,16.13,14.42,2.46,1.97,2.57,63.4,36.77,88.64,77.56,27.5,21.3,0.0,42.6
15-038,CENTRO II,CUAUHTEMOC,False,,,,7740,4066,3673,535,239,113,125,0,0,0,230,109,121,1583,901,680,266,130,136,1516,2348,986,2348,2087,2348,1810,2348,531,2324,500,2348,8,948,3512,7733,18,2,9.88,6.91,3.09,2.78,3.4,0.0,0.0,0.0,2.97,2.68,3.29,20.45,22.16,18.51,3.44,3.2,3.7,64.57,41.99,88.88,77.09,22.85,21.29,0.84,45.42
15-039,CENTRO III,CUAUHTEMOC,False,,,,4849,2545,2294,367,160,77,66,0,0,0,158,76,63,1056,581,466,125,48,61,1019,1511,606,1502,1362,1511,1073,1495,376,1481,304,1459,0,561,2098,4834,33,2,10.21,7.57,3.3,3.03,2.88,0.0,0.0,0.0,3.26,2.99,2.75,21.78,22.83,20.31,2.58,1.89,2.66,67.44,40.35,90.14,71.77,25.39,20.84,0.0,43.4
15-040,CENTRO IV,CUAUHTEMOC,False,,,,6946,3501,3360,688,346,170,166,6,0,0,337,164,163,1831,968,846,338,137,178,1685,2397,1228,2380,2207,2414,1785,2404,583,2328,631,2386,3,1467,2705,6798,87,19,10.99,9.9,4.98,4.86,4.94,0.09,0.0,0.0,4.85,4.68,4.85,26.36,27.65,25.18,4.87,3.91,5.3,70.3,51.6,91.43,74.25,25.04,26.45,0.2,39.79
15-041,CENTRO V,CUAUHTEMOC,False,,,,2789,1517,1272,123,58,23,25,0,0,0,58,23,25,732,412,319,98,46,48,677,873,527,873,803,873,694,876,241,876,224,873,0,263,1111,2746,14,0,11.41,4.41,2.08,1.52,1.97,0.0,0.0,0.0,2.08,1.52,1.97,26.25,27.16,25.08,3.51,3.03,3.77,77.55,60.37,91.98,79.22,27.51,25.66,0.0,40.46
15-042,CENTRO VI,CUAUHTEMOC,False,,,,8320,4320,3988,555,256,126,116,0,0,0,251,122,112,2271,1239,1028,466,247,206,1822,2602,1342,2576,2384,2602,2030,2602,852,2546,781,2551,8,1829,3417,8278,48,5,10.51,6.67,3.08,2.92,2.91,0.0,0.0,0.0,3.02,2.82,2.81,27.3,28.68,25.78,5.6,5.72,5.17,70.02,52.1,91.62,78.02,33.46,30.62,0.44,41.28
15-043,CENTRO VII,CUAUHTEMOC,False,,,,8452,4332,4108,1363,628,295,304,0,0,0,619,291,299,2903,1559,1336,381,181,176,1311,2141,822,2129,1966,2141,1678,2141,364,2058,462,2055,0,1777,4495,8408,53,3,9.38,16.13,7.43,6.81,7.4,0.0,0.0,0.0,7.32,6.72,7.28,34.35,35.99,32.52,4.51,4.18,4.28,61.23,38.61,91.83,78.37,17.69,22.48,0.0,53.46
15-044,CENTRO VIII,CUAUHTEMOC,False,,,,12295,4957,4917,669,335,165,133,3,3,0,318,151,130,2547,1320,1220,705,295,382,3106,3801,2784,3798,3576,3804,2678,3801,1722,3791,1802,3784,0,2653,3195,9854,75,8,12.64,5.44,2.72,3.33,2.7,0.02,0.06,0.0,2.59,3.05,2.64,20.72,26.63,24.81,5.73,5.95,7.77,81.72,73.3,94.01,70.46,45.42,47.62,0.0,32.42
15-045,DOCTORES I,CUAUHTEMOC,False,,,,10393,5428,4952,351,140,55,59,0,0,0,139,54,59,1967,1079,883,498,237,255,2820,3441,2327,3441,3266,3441,2525,3441,1992,3441,1483,3441,0,2346,2884,10380,42,5,11.94,3.38,1.35,1.01,1.19,0.0,0.0,0.0,1.34,0.99,1.19,18.93,19.88,17.83,4.79,4.37,5.15,81.95,67.63,94.91,73.38,57.89,43.1,0.0,27.78
15-046,DOCTORES II,CUAUHTEMOC,False,,,,13173,6932,6239,319,133,52,53,0,0,0,130,52,53,2756,1554,1174,803,411,354,4312,4989,3713,4989,4776,4989,3819,4977,2995,4989,2537,4948,0,4087,3286,13082,81,6,13.2,2.42,1.01,0.75,0.85,0.0,0.0,0.0,0.99,0.75,0.85,20.92,22.42,18.82,6.1,5.93,5.67,86.43,74.42,95.73,76.73,60.03,51.27,0.0,25.12
15-047,DOCTORES III,CUAUHTEMOC,False,,,,8059,4279,3774,179,82,26,44,0,0,0,82,26,44,1346,745,597,366,185,175,2292,2901,1864,2901,2694,2901,2216,2901,1563,2901,1259,2901,6,1613,2261,8045,23,3,11.93,2.22,1.02,0.61,1.17,0.0,0.0,0.0,1.02,0.61,1.17,16.7,17.41,15.82,4.54,4.32,4.64,79.01,64.25,92.86,76.39,53.88,43.4,0.37,28.1
15-048,DOCTORES IV,CUAUHTEMOC,False,,,,8700,4562,3917,222,84,33,38,0,0,0,83,32,38,1605,920,679,350,174,170,2419,3074,1865,3074,2844,3074,2565,3074,1586,3074,1201,3074,0,2033,2439,8475,32,3,12.03,2.55,0.97,0.72,0.97,0.0,0.0,0.0,0.95,0.7,0.97,18.45,20.17,17.33,4.02,3.81,4.34,78.69,60.67,92.52,83.44,51.59,39.07,0.0,28.78
15-049,DOCTORES V,CUAUHTEMOC,False,,,,9463,5000,4461,380,219,125,85,0,0,0,212,119,82,1668,963,704,373,188,180,2338,3114,1828,3138,2904,3143,2459,3143,1545,3113,1101,3077,3,2013,2857,9404,38,5,11.53,4.02,2.31,2.5,1.91,0.0,0.0,0.0,2.24,2.38,1.84,17.63,19.26,15.78,3.94,3.76,4.03,75.08,58.25,92.4,78.24,49.63,35.78,0.15,30.38
15-050,GUERRERO I,CUAUHTEMOC,False,,,,12821,6811,6007,377,142,78,59,0,0,0,141,77,59,2170,1247,917,516,266,233,3134,4167,2388,4163,3911,4172,3167,4168,2030,4152,1566,4163,6,2881,3019,12779,38,3,11.41,2.94,1.11,1.15,0.98,0.0,0.0,0.0,1.1,1.13,0.98,16.93,18.31,15.27,4.02,3.91,3.88,75.21,57.36,93.74,75.98,48.89,37.62,0.21,23.62
15-051,GUERRERO II,CUAUHTEMOC,False,,,,12957,6820,6137,223,97,55,31,0,0,0,96,54,31,2528,1428,1096,698,345,343,3245,4319,2486,4319,3992,4319,3234,4319,2000,4312,1572,4302,6,2642,3781,12948,37,3,11.39,1.72,0.75,0.81,0.51,0.0,0.0,0.0,0.74,0.79,0.51,19.51,20.94,17.86,5.39,5.06,5.59,75.13,57.56,92.43,74.88,46.38,36.54,0.23,29.2
15-052,GUERRERO III,CUAUHTEMOC,False,,,,12670,6562,6103,630,244,107,121,0,0,0,239,103,120,2934,1600,1334,764,368,392,3042,4133,2353,4133,3867,4133,3115,4133,1542,4133,1466,4133,4,2912,3617,12653,29,3,11.35,4.97,1.93,1.63,1.98,0.0,0.0,0.0,1.89,1.57,1.97,23.16,24.38,21.86,6.03,5.61,6.42,73.6,56.93,93.56,75.37,37.31,35.47,0.14,28.59
15-053,GUERRERO IV,CUAUHTEMOC,False,,,,8668,4485,4183,364,167,83,73,0,0,0,165,82,70,1868,999,866,411,185,214,2164,2957,1736,2957,2746,2957,2245,2957,1065,2948,1024,2923,0,1230,2563,8668,31,1,11.3,4.2,1.93,1.85,1.75,0.0,0.0,0.0,1.9,1.83,1.67,21.55,22.27,20.7,4.74,4.12,5.12,73.18,58.71,92.86,75.92,36.13,35.03,0.0,29.57
15-054,HIPODROMO I,CUAUHTEMOC,False,,,,5527,2680,2847,90,44,11,13,0,0,0,42,11,9,1285,659,624,447,189,229,2450,2590,2324,2590,2517,2590,1899,2590,1680,2590,1903,2590,0,2202,1077,5481,43,8,15.36,1.63,0.8,0.41,0.46,0.0,0.0,0.0,0.76,0.41,0.32,23.25,24.59,21.92,8.09,7.05,8.04,94.59,89.73,97.18,73.32,64.86,73.47,0.0,19.65
15-055,HIPODROMO II,CUAUHTEMOC,False,,,,6977,3476,3501,101,53,21,16,0,0,0,52,20,16,1696,918,771,523,236,260,3027,3194,2851,3194,3114,3194,2489,3194,2075,3194,2166,3179,0,2993,1394,6907,65,11,15.08,1.45,0.76,0.6,0.46,0.0,0.0,0.0,0.75,0.58,0.46,24.31,26.41,22.02,7.5,6.79,7.43,94.77,89.26,97.5,77.93,64.97,68.13,0.0,20.18
15-056,MORELOS I,CUAUHTEMOC,False,,,,11809,6309,5497,571,232,118,103,0,0,0,227,114,102,1789,1019,760,356,183,166,2344,3525,1552,3525,3159,3530,2546,3525,1006,3530,862,3530,6,2109,4521,11794,30,1,10.28,4.84,1.96,1.87,1.87,0.0,0.0,0.0,1.92,1.81,1.86,15.15,16.15,13.83,3.01,2.9,3.02,66.5,44.03,89.49,72.23,28.5,24.42,0.28,38.33
15-057,MORELOS II,CUAUHTEMOC,False,,,,12603,6614,5988,521,230,107,102,0,0,0,228,106,101,1670,950,713,327,166,152,2170,3736,1222,3736,3311,3736,2740,3736,971,3736,720,3736,15,2242,5620,12602,36,3,9.6,4.13,1.82,1.62,1.7,0.0,0.0,0.0,1.81,1.6,1.69,13.25,14.36,11.91,2.59,2.51,2.54,58.08,32.71,88.62,73.34,25.99,19.27,0.67,44.6
15-058,MORELOS III,CUAUHTEMOC,False,,,,10593,5551,5041,509,215,107,93,0,0,0,213,107,92,1600,897,691,211,87,107,2144,3371,1396,3355,3158,3391,2306,3384,1097,3333,763,3201,3,2215,4403,10571,38,4,10.44,4.81,2.03,1.93,1.84,0.0,0.0,0.0,2.01,1.93,1.83,15.1,16.16,13.71,1.99,1.57,2.12,63.6,41.61,93.13,68.14,32.91,23.84,0.14,41.65
15-059,NONOALCO-TLATELOLCO (U HAB) I,CUAUHTEMOC,False,,,,9945,5333,4595,154,63,23,23,0,0,0,61,21,23,1942,1114,828,587,282,286,3316,3926,2798,3926,3658,3926,3152,3926,2437,3926,1786,3926,0,3482,2109,9928,47,10,13.36,1.55,0.63,0.43,0.5,0.0,0.0,0.0,0.61,0.39,0.5,19.53,20.89,18.02,5.9,5.29,6.22,84.46,71.27,93.17,80.29,62.07,45.49,0.0,21.24
15-060,NONOALCO-TLATELOLCO (U HAB) II,CUAUHTEMOC,False,,,,7873,4156,3695,99,40,17,13,0,0,0,40,17,13,1800,1013,787,576,276,291,2687,3103,2349,3103,2943,3103,2353,3103,1887,3103,1495,3103,0,3002,1743,7851,50,11,13.72,1.26,0.51,0.41,0.35,0.0,0.0,0.0,0.51,0.41,0.35,22.86,24.37,21.3,7.32,6.64,7.88,86.59,75.7,94.84,75.83,60.81,48.18,0.0,22.2
15-061,NONOALCO-TLATELOLCO (U HAB) III,CUAUHTEMOC,False,,,,7196,3815,3365,83,41,13,17,0,0,0,41,13,17,1597,882,713,422,219,192,2416,2910,2113,2910,2719,2910,2229,2910,1649,2910,1329,2910,0,2525,1625,7180,46,10,13.44,1.15,0.57,0.34,0.51,0.0,0.0,0.0,0.57,0.34,0.51,22.19,23.12,21.19,5.86,5.74,5.71,83.02,72.61,93.44,76.6,56.67,45.67,0.0,22.63
15-062,OBRERA I,CUAUHTEMOC,False,,,,10612,5581,5021,254,111,45,48,0,0,0,111,45,48,2084,1167,913,552,281,248,2960,3684,2312,3684,3427,3684,2985,3684,1806,3674,1460,3676,0,2381,3556,10601,52,6,12.04,2.39,1.05,0.81,0.96,0.0,0.0,0.0,1.05,0.81,0.96,19.64,20.91,18.18,5.2,5.03,4.94,80.35,62.76,93.02,81.03,49.16,39.72,0.0,33.54
15-063,OBRERA II,CUAUHTEMOC,False,,,,9331,4849,4481,281,109,56,33,3,0,0,104,53,30,1695,960,733,366,187,159,2367,3131,1815,3131,2870,3131,2519,3131,1543,3116,1172,3115,0,2421,2934,9329,30,0,11.58,3.01,1.17,1.15,0.74,0.03,0.0,0.0,1.11,1.09,0.67,18.17,19.8,16.36,3.92,3.86,3.55,75.6,57.97,91.66,80.45,49.52,37.62,0.0,31.45
15-064,OBRERA III,CUAUHTEMOC,False,,,,8970,4679,4292,155,72,31,29,0,0,0,71,30,29,1412,810,601,249,119,126,2276,3010,1816,3010,2739,3010,2472,3010,1457,3010,1020,3010,0,1584,2839,8960,19,0,11.59,1.73,0.8,0.66,0.68,0.0,0.0,0.0,0.79,0.64,0.68,15.74,17.31,14.0,2.78,2.54,2.94,75.61,60.33,91.0,82.13,48.41,33.89,0.0,31.69
15-065,OBRERA IV,CUAUHTEMOC,False,,,,7038,3736,3299,156,57,22,24,0,0,0,57,22,24,1028,589,439,160,69,73,1779,2444,1435,2444,2207,2444,1974,2444,1177,2444,870,2444,8,1834,2114,7023,29,3,11.71,2.22,0.81,0.59,0.73,0.0,0.0,0.0,0.81,0.59,0.73,14.61,15.77,13.31,2.27,1.85,2.21,72.79,58.72,90.3,80.77,48.16,35.6,0.44,30.1
15-066,PERALVILLO I,CUAUHTEMOC,False,,,,10470,5569,4900,128,39,8,9,0,0,0,39,8,9,1540,858,680,409,197,195,2651,3498,2131,3498,3192,3498,2607,3498,1776,3498,1215,3476,0,2853,2807,10463,49,8,11.83,1.22,0.37,0.14,0.18,0.0,0.0,0.0,0.37,0.14,0.18,14.71,15.41,13.88,3.91,3.54,3.98,75.79,60.92,91.25,74.53,50.77,34.95,0.0,26.83
15-067,PERALVILLO II,CUAUHTEMOC,False,,,,10069,5281,4788,131,40,8,10,0,0,0,40,8,10,1271,739,529,262,132,105,2436,3266,1875,3266,2979,3266,2443,3266,1507,3261,1083,3261,0,2455,2925,10069,39,2,11.52,1.3,0.4,0.15,0.21,0.0,0.0,0.0,0.4,0.15,0.21,12.62,13.99,11.05,2.6,2.5,2.19,74.59,57.41,91.21,74.8,46.21,33.21,0.0,29.05
15-068,ROMA NORTE I,CUAUHTEMOC,False,,,,6224,3112,3091,368,205,109,90,0,0,0,204,108,90,1658,862,780,575,266,277,2644,2890,2415,2887,2768,2890,2292,2890,1852,2887,2005,2872,0,2563,1492,6168,62,11,14.58,5.91,3.29,3.5,2.91,0.0,0.0,0.0,3.28,3.47,2.91,26.64,27.7,25.23,9.24,8.55,8.96,91.49,83.65,95.78,79.31,64.15,69.81,0.0,24.19
15-069,ROMA NORTE II,CUAUHTEMOC,False,,,,7239,3757,3472,159,75,36,15,0,0,0,75,36,15,1624,874,747,575,302,259,2730,3027,2520,3027,2915,3027,2383,3027,1831,3027,2008,3027,0,2585,1571,7201,52,10,14.43,2.2,1.04,0.96,0.43,0.0,0.0,0.0,1.04,0.96,0.43,22.43,23.26,21.51,7.94,8.04,7.46,90.19,83.25,96.3,78.72,60.49,66.34,0.0,21.82
15-070,ROMA NORTE III,CUAUHTEMOC,False,,,,12119,6087,6028,643,378,206,143,0,0,0,370,200,141,2851,1528,1320,736,355,353,4778,5288,4452,5288,5083,5288,4192,5288,3362,5288,3470,5283,13,4236,2894,12052,77,14,13.98,5.31,3.12,3.38,2.37,0.0,0.0,0.0,3.05,3.29,2.34,23.53,25.1,21.9,6.07,5.83,5.86,90.36,84.19,96.12,79.27,63.58,65.68,0.31,24.01
15-071,ROMA SUR I,CUAUHTEMOC,False,,,,8058,4226,3831,154,61,16,16,0,0,0,61,16,16,1910,1074,827,373,174,138,3010,3342,2737,3346,3205,3346,2515,3346,2044,3346,1801,3346,0,2600,2100,7971,66,13,14.22,1.91,0.76,0.38,0.42,0.0,0.0,0.0,0.76,0.38,0.42,23.7,25.41,21.59,4.63,4.12,3.6,90.07,81.8,95.79,75.16,61.09,53.83,0.0,26.35
15-072,ROMA SUR II,CUAUHTEMOC,False,,,,10696,5517,5179,166,67,15,22,0,0,0,67,15,22,2517,1368,1147,674,304,328,4121,4507,3830,4507,4355,4507,3614,4507,2927,4507,2739,4507,0,3661,2379,10696,69,15,14.5,1.55,0.63,0.27,0.42,0.0,0.0,0.0,0.63,0.27,0.42,23.53,24.8,22.15,6.3,5.51,6.33,91.44,84.98,96.63,80.19,64.94,60.77,0.0,22.24
15-073,SAN RAFAEL I,CUAUHTEMOC,False,,,,6979,3625,3352,143,75,28,34,0,0,0,73,26,34,1917,1055,863,637,320,314,2386,2715,2114,2715,2615,2715,2234,2715,1380,2715,1563,2715,0,1895,1502,6973,18,1,13.83,2.05,1.07,0.77,1.01,0.0,0.0,0.0,1.05,0.72,1.01,27.47,29.1,25.75,9.13,8.83,9.37,87.88,77.86,96.32,82.28,50.83,57.57,0.0,21.54
15-074,SAN RAFAEL II,CUAUHTEMOC,False,,,,15579,8131,7439,341,147,72,46,0,0,0,147,72,46,3697,2020,1677,1224,616,603,5517,6188,4861,6188,5952,6188,4988,6188,3616,6188,3468,6188,7,5514,2918,15565,36,5,13.96,2.19,0.94,0.89,0.62,0.0,0.0,0.0,0.94,0.89,0.62,23.73,24.84,22.54,7.86,7.58,8.11,89.16,78.56,96.19,80.61,58.44,56.04,0.13,18.75
15-075,SANTA MARIA LA RIBERA I,CUAUHTEMOC,False,,,,15644,8287,7355,515,213,114,82,0,0,0,211,113,81,3197,1834,1351,811,409,381,4581,5623,3739,5608,5217,5623,4199,5623,2855,5623,2364,5615,3,4160,3876,15642,45,6,12.33,3.29,1.36,1.38,1.11,0.0,0.0,0.0,1.35,1.36,1.1,20.44,22.13,18.37,5.18,4.94,5.18,81.47,66.67,92.78,74.68,50.77,42.1,0.07,24.78
15-076,SANTA MARIA LA RIBERA II,CUAUHTEMOC,False,,,,11544,6181,5343,390,168,96,55,0,0,0,167,95,55,2457,1420,1030,689,343,324,3527,4180,2980,4180,3966,4180,3306,4180,2268,4170,2022,4183,3,3049,2646,11513,48,5,12.94,3.38,1.46,1.55,1.03,0.0,0.0,0.0,1.45,1.54,1.03,21.28,22.97,19.28,5.97,5.55,6.06,84.38,71.29,94.88,79.09,54.39,48.34,0.1,22.98
15-078,SANTA MARIA LA RIBERA IV,CUAUHTEMOC,False,,,,15167,8003,7159,369,168,75,82,0,0,0,168,75,82,3757,2055,1702,1050,499,538,4676,5525,4081,5525,5248,5525,4641,5525,2848,5525,2839,5525,0,3956,3383,15161,48,7,13.44,2.43,1.11,0.94,1.15,0.0,0.0,0.0,1.11,0.94,1.15,24.77,25.68,23.77,6.92,6.24,7.52,84.63,73.86,94.99,84.0,51.55,51.38,0.0,22.31
05-001,ACUEDUCTO DE GUADALUPE (RDCIAL),GUSTAVO A. MADERO,False,,,,5681,2953,2726,46,10,3,0,0,0,0,10,3,0,1004,533,468,144,48,68,1713,1862,1581,1862,1808,1862,1596,1862,1213,1862,974,1862,0,1830,1202,5678,41,7,14.33,0.81,0.18,0.1,0.0,0.0,0.0,0.0,0.18,0.1,0.0,17.67,18.05,17.17,2.53,1.63,2.49,92.0,84.91,97.1,85.71,65.15,52.31,0.0,21.17
05-002,ACUEDUCTO DE GUADALUPE (U HAB),GUSTAVO A. MADERO,False,,,,10946,5866,5064,99,6,3,3,0,0,0,6,3,3,2299,1278,991,479,186,216,3235,3873,2751,3873,3595,3873,2980,3873,2124,3873,1808,3873,3,3655,2190,10930,148,15,13.04,0.9,0.05,0.05,0.06,0.0,0.0,0.0,0.05,0.05,0.06,21.0,21.79,19.57,4.38,3.17,4.27,83.53,71.03,92.82,76.94,54.84,46.68,0.08,20.04
05-003,AHUEHUETES,GUSTAVO A. MADERO,False,,,,4161,2095,2066,262,95,42,36,0,0,0,92,38,33,927,489,436,91,28,45,626,1084,383,1083,914,1088,849,1088,215,1083,133,983,0,717,1170,4128,21,0,9.37,6.3,2.28,2.0,1.74,0.0,0.0,0.0,2.21,1.81,1.6,22.28,23.34,21.1,2.19,1.34,2.18,57.75,35.36,84.01,78.03,19.85,13.53,0.0,28.34
05-004,AIDEE SOLIS CARDENAS-MATIAS ROMERO (U HAB),GUSTAVO A. MADERO,False,,,,2469,1274,1195,62,19,6,3,0,0,0,19,6,3,598,329,260,120,60,31,581,762,482,762,726,762,588,762,324,735,273,735,0,762,649,2414,36,4,11.73,2.51,0.77,0.47,0.25,0.0,0.0,0.0,0.77,0.47,0.25,24.22,25.82,21.76,4.86,4.71,2.59,76.25,63.25,95.28,77.17,44.08,37.14,0.0,26.88
05-005,ARAGON INGUARAN,GUSTAVO A. MADERO,False,,,,2999,1579,1420,33,16,6,3,0,0,0,13,6,3,461,262,199,110,55,51,726,892,579,892,821,892,721,892,467,892,281,892,0,809,841,2999,13,2,12.35,1.1,0.53,0.38,0.21,0.0,0.0,0.0,0.43,0.38,0.21,15.37,16.59,14.01,3.67,3.48,3.59,81.39,64.91,92.04,80.83,52.35,31.5,0.0,28.04
05-006,ARAGON LA VILLA (ARAGON),GUSTAVO A. MADERO,False,,,,4252,2293,1956,138,40,8,14,0,0,0,40,8,14,738,445,282,182,91,62,1015,1309,851,1306,1218,1312,1026,1305,675,1303,498,1309,3,1183,1256,4196,47,3,12.31,3.25,0.94,0.35,0.72,0.0,0.0,0.0,0.94,0.35,0.72,17.36,19.41,14.42,4.28,3.97,3.17,77.54,65.16,92.84,78.62,51.8,38.04,0.25,29.93
05-007,ARBOLEDAS DE CUAUTEPEC,GUSTAVO A. MADERO,False,,,,7644,3885,3742,317,76,31,21,0,0,0,75,30,21,1646,886,749,82,35,18,1289,2066,778,2059,1817,2075,1597,2078,363,1910,278,1640,0,1375,1571,6978,70,6,9.38,4.15,0.99,0.8,0.56,0.0,0.0,0.0,0.98,0.77,0.56,21.53,22.81,20.02,1.07,0.9,0.48,62.39,37.79,87.57,76.85,19.01,16.95,0.0,22.51
05-008,ARBOLEDAS DE CUAUTEPEC (AMPL),GUSTAVO A. MADERO,False,,,,1617,851,766,50,11,4,0,0,0,0,11,4,0,314,166,144,22,13,0,233,420,131,398,367,426,328,426,59,378,29,271,0,322,504,1602,14,0,9.17,3.09,0.68,0.47,0.0,0.0,0.0,0.0,0.68,0.47,0.0,19.42,19.51,18.8,1.36,1.53,0.0,55.48,32.91,86.15,77.0,15.61,10.7,0.0,31.46
05-009,ARROYO GUADALUPE (U HAB),GUSTAVO A. MADERO,False,,,,1152,628,524,22,11,4,2,0,0,0,11,4,2,317,185,130,124,70,51,362,409,305,409,390,409,338,409,244,409,199,409,0,301,242,448,10,0,13.43,1.91,0.95,0.64,0.38,0.0,0.0,0.0,0.95,0.64,0.38,27.52,29.46,24.81,10.76,11.15,9.73,88.51,74.57,95.35,82.64,59.66,48.66,0.0,54.02
05-010,BELISARIO DOMINGUEZ,GUSTAVO A. MADERO,False,,,,1235,629,587,10,5,4,0,0,0,0,4,3,0,154,89,65,29,15,14,261,342,216,342,318,342,243,342,166,342,99,312,0,342,302,1214,9,1,11.75,0.81,0.4,0.64,0.0,0.0,0.0,0.0,0.32,0.48,0.0,12.47,14.15,11.07,2.35,2.38,2.39,76.32,63.16,92.98,71.05,48.54,31.73,0.0,24.88
05-011,BENITO JUAREZ,GUSTAVO A. MADERO,False,,,,6206,3159,3047,179,49,17,20,0,0,0,46,17,20,1203,657,542,80,29,24,1123,1746,715,1740,1480,1746,1294,1746,587,1739,349,1611,0,1445,1529,6072,35,2,9.63,2.88,0.79,0.54,0.66,0.0,0.0,0.0,0.74,0.54,0.66,19.38,20.8,17.79,1.29,0.92,0.79,64.32,41.09,84.77,74.11,33.76,21.66,0.0,25.18
05-012,BENITO JUAREZ (AMPL),GUSTAVO A. MADERO,False,,,,2976,1526,1450,198,53,14,21,0,0,0,53,14,21,641,380,257,38,20,8,473,756,248,751,611,756,598,756,152,607,102,503,0,659,765,2939,31,1,8.94,6.65,1.78,0.92,1.45,0.0,0.0,0.0,1.78,0.92,1.45,21.54,24.9,17.72,1.28,1.31,0.55,62.57,33.02,80.82,79.1,25.04,20.28,0.0,26.03
05-013,BONDOJITO,GUSTAVO A. MADERO,False,,,,4778,2555,2218,83,31,17,9,0,0,0,31,17,9,713,424,285,327,177,141,1456,1678,1225,1678,1609,1678,1291,1678,984,1678,863,1677,0,1533,1090,4749,29,11,13.2,1.74,0.65,0.67,0.41,0.0,0.0,0.0,0.65,0.67,0.41,14.92,16.59,12.85,6.84,6.93,6.36,86.77,73.0,95.89,76.94,58.64,51.46,0.0,22.95
05-014,C T M ARAGON (U),GUSTAVO A. MADERO,False,,,,6148,3304,2837,60,24,10,14,0,0,0,23,10,13,735,450,245,128,46,36,1459,1825,1207,1825,1653,1825,1472,1825,1014,1818,672,1761,0,1786,1414,6122,78,3,11.98,0.98,0.39,0.3,0.49,0.0,0.0,0.0,0.37,0.3,0.46,11.96,13.62,8.64,2.08,1.39,1.27,79.95,66.14,90.58,80.66,55.78,38.16,0.0,23.1
05-015,C T M ARAGON AMPLIACION (U),GUSTAVO A. MADERO,False,,,,432,228,204,9,3,0,0,0,0,0,3,0,0,81,46,19,20,6,3,80,102,55,93,93,102,79,102,36,71,16,54,0,102,154,432,15,1,11.6,2.08,0.69,0.0,0.0,0.0,0.0,0.0,0.69,0.0,0.0,18.75,20.18,9.31,4.63,2.63,1.47,78.43,59.14,91.18,77.45,50.7,29.63,0.0,35.65
05-016,CAMINO A SAN JUAN DE ARAGON (PBLO),GUSTAVO A. MADERO,False,,,,4326,2219,2107,99,28,15,9,0,0,0,21,12,5,607,330,277,161,71,76,874,1243,639,1243,1119,1243,934,1243,451,1239,296,1223,0,578,991,4314,19,0,10.77,2.29,0.65,0.68,0.43,0.0,0.0,0.0,0.49,0.54,0.24,14.03,14.87,13.15,3.72,3.2,3.61,70.31,51.41,90.02,75.14,36.4,24.2,0.0,22.97
05-018,CAPULTITLAN,GUSTAVO A. MADERO,False,,,,3790,1945,1834,389,246,128,115,0,0,0,241,124,114,868,475,392,199,86,106,878,1179,597,1169,1092,1179,900,1179,428,1179,357,1166,0,883,1275,3779,14,2,10.89,10.26,6.49,6.58,6.27,0.0,0.0,0.0,6.36,6.38,6.22,22.9,24.42,21.37,5.25,4.42,5.78,74.47,51.07,92.62,76.34,36.3,30.62,0.0,33.74
05-020,CASTILLO CHICO,GUSTAVO A. MADERO,False,,,,4655,2392,2258,329,106,52,37,0,0,0,102,50,35,1078,586,487,91,33,40,777,1181,428,1167,1030,1184,925,1187,233,1138,149,1047,0,844,1313,4570,38,5,9.55,7.07,2.28,2.17,1.64,0.0,0.0,0.0,2.19,2.09,1.55,23.16,24.5,21.57,1.95,1.38,1.77,65.79,36.68,86.99,77.93,20.47,14.23,0.0,28.73
05-021,CASTILLO GRANDE,GUSTAVO A. MADERO,False,,,,4113,2164,1949,173,84,30,28,0,0,0,81,26,27,835,449,383,71,36,17,714,1118,414,1091,968,1118,919,1118,240,1109,181,1082,0,735,1009,4067,23,0,9.55,4.21,2.04,1.39,1.44,0.0,0.0,0.0,1.97,1.2,1.39,20.3,20.75,19.65,1.73,1.66,0.87,63.86,37.95,86.58,82.2,21.64,16.73,0.0,24.81
05-022,CASTILLO GRANDE (AMPL),GUSTAVO A. MADERO,False,,,,1968,981,977,290,121,59,33,0,0,0,118,54,33,579,285,288,48,17,20,311,492,133,442,425,512,391,512,27,271,25,285,0,379,458,1845,31,2,8.57,14.74,6.15,6.01,3.38,0.0,0.0,0.0,6.0,5.5,3.38,29.42,29.05,29.48,2.44,1.73,2.05,63.21,30.09,83.01,76.37,9.96,8.77,0.0,24.82
05-023,CERRO PRIETO,GUSTAVO A. MADERO,False,,,,4405,2292,2109,73,23,6,7,0,0,0,23,6,7,699,374,321,181,102,79,847,1165,603,1165,1053,1165,924,1165,467,1165,301,1141,0,877,1034,4387,17,5,11.07,1.66,0.52,0.26,0.33,0.0,0.0,0.0,0.52,0.26,0.33,15.87,16.32,15.22,4.11,4.45,3.75,72.7,51.76,90.39,79.31,40.09,26.38,0.0,23.57
05-025,CHURUBUSCO TEPEYAC,GUSTAVO A. MADERO,False,,,,1666,884,782,24,9,3,3,0,0,0,9,3,3,316,165,151,86,36,43,482,529,425,529,502,529,441,529,373,529,249,529,0,498,352,1666,13,1,14.23,1.44,0.54,0.34,0.38,0.0,0.0,0.0,0.54,0.34,0.38,18.97,18.67,19.31,5.16,4.07,5.5,91.12,80.34,94.9,83.36,70.51,47.07,0.0,21.13
05-026,COCOYOTES,GUSTAVO A. MADERO,False,,,,5259,2714,2544,198,61,28,16,0,0,0,61,28,16,1102,591,509,123,51,52,811,1333,456,1333,1162,1333,1019,1333,248,1188,158,1149,3,841,1607,5243,29,2,9.3,3.76,1.16,1.03,0.63,0.0,0.0,0.0,1.16,1.03,0.63,20.95,21.78,20.01,2.34,1.88,2.04,60.84,34.21,87.17,76.44,20.88,13.75,0.36,30.65
05-027,COCOYOTES (AMPL),GUSTAVO A. MADERO,False,,,,1433,749,684,102,30,11,9,0,0,0,30,11,9,351,185,161,31,13,12,219,360,125,360,312,360,269,360,51,266,34,273,0,276,328,1393,13,0,9.27,7.12,2.09,1.47,1.32,0.0,0.0,0.0,2.09,1.47,1.32,24.49,24.7,23.54,2.16,1.74,1.75,60.83,34.72,86.67,74.72,19.17,12.45,0.0,23.55
05-028,COMPOSITORES MEXICANOS,GUSTAVO A. MADERO,False,,,,11983,6182,5801,683,216,101,61,0,0,0,215,100,61,3042,1636,1398,235,106,83,1873,3235,1110,3185,2760,3244,2486,3248,523,2771,362,2804,42,2517,2883,11937,91,7,9.33,5.7,1.8,1.63,1.05,0.0,0.0,0.0,1.79,1.62,1.05,25.39,26.46,24.1,1.96,1.71,1.43,57.9,34.85,85.08,76.54,18.87,12.91,1.67,24.15
05-029,CONSTITUCION DE LA REPUBLICA,GUSTAVO A. MADERO,False,,,,12518,6538,5956,436,156,70,50,0,0,0,153,66,49,2083,1165,906,615,310,247,2702,3691,2049,3694,3373,3691,2917,3693,1833,3676,1098,3641,0,2903,3013,12441,93,11,11.34,3.48,1.25,1.07,0.84,0.0,0.0,0.0,1.22,1.01,0.82,16.64,17.82,15.21,4.91,4.74,4.15,73.21,55.47,91.38,78.99,49.86,30.16,0.0,24.22
05-030,COOPERATIVA LUIS ENRIQUE RODRÍGUEZ OROZCO (U HAB),GUSTAVO A. MADERO,False,,,,1,1,0,0,0,0,0,0,0,0,0,0,0,0,0,0,0,0,0,0,0,0,0,0,0,0,0,0,0,0,0,0,0,0,0,0,0,11.62,0.0,0.0,0.0,,0.0,0.0,,0.0,0.0,,0.0,0.0,,0.0,0.0,,,,,,,,,
05-031,CTM ATZACOALCO (U HAB),GUSTAVO A. MADERO,False,,,,8579,4608,3966,65,7,0,0,0,0,0,7,0,0,1303,719,540,231,92,92,2071,2551,1627,2543,2273,2551,1992,2551,1544,2551,811,2484,0,1930,1793,8450,104,5,11.9,0.76,0.08,0.0,0.0,0.0,0.0,0.0,0.08,0.0,0.0,15.19,15.6,13.62,2.69,2.0,2.32,81.18,63.98,89.1,78.09,60.53,32.65,0.0,21.22
05-032,CTM EL RISCO (U HAB),GUSTAVO A. MADERO,False,,,,8818,4742,4065,52,4,3,0,0,0,0,4,3,0,1197,701,425,175,69,48,2101,2588,1706,2576,2334,2591,2062,2591,1570,2588,952,2516,0,2433,1883,8702,132,6,11.91,0.59,0.05,0.06,0.0,0.0,0.0,0.0,0.05,0.06,0.0,13.57,14.78,10.46,1.98,1.46,1.18,81.18,66.23,90.08,79.58,60.66,37.84,0.0,21.64
05-033,CUAUTEPEC DE MADERO,GUSTAVO A. MADERO,False,,,,9222,4785,4428,285,112,45,37,0,0,0,111,45,37,1706,915,777,180,91,80,1694,2481,1208,2481,2215,2485,1880,2485,664,2436,415,2396,0,1856,2576,9023,43,2,10.33,3.09,1.21,0.94,0.84,0.0,0.0,0.0,1.2,0.94,0.84,18.5,19.12,17.55,1.95,1.9,1.81,68.28,48.69,89.13,75.65,27.26,17.32,0.0,28.55
05-034,CUAUTEPEC EL ALTO (PBLO),GUSTAVO A. MADERO,False,,,,5899,3142,2758,195,68,21,34,0,0,0,68,21,34,1042,566,466,83,22,43,1062,1628,795,1628,1425,1625,1268,1628,423,1551,321,1502,12,1345,1665,5899,39,1,10.43,3.31,1.15,0.67,1.23,0.0,0.0,0.0,1.15,0.67,1.23,17.66,18.01,16.9,1.41,0.7,1.56,65.23,48.83,87.69,77.89,27.27,21.37,0.89,28.23
05-035,CUCHILLA DEL TESORO,GUSTAVO A. MADERO,False,,,,11478,5992,5479,151,36,15,3,0,0,0,36,15,3,1809,1019,768,263,130,89,2238,3118,1628,3105,2778,3118,2377,3116,1303,3090,793,2988,0,2489,3311,11396,82,5,10.99,1.32,0.31,0.25,0.05,0.0,0.0,0.0,0.31,0.25,0.05,15.76,17.01,14.02,2.29,2.17,1.62,71.78,52.43,89.1,76.28,42.17,26.54,0.0,29.05
05-036,CUCHILLA LA JOYA,GUSTAVO A. MADERO,False,,,,2301,1236,1064,30,12,4,3,0,0,0,12,4,3,280,158,118,42,18,11,525,718,386,718,662,718,558,718,328,718,262,718,0,555,523,2299,13,1,11.47,1.3,0.52,0.32,0.28,0.0,0.0,0.0,0.52,0.32,0.28,12.17,12.78,11.09,1.83,1.46,1.03,73.12,53.76,92.2,77.72,45.68,36.49,0.0,22.75
05-037,DEFENSORES DE LA REPUBLICA,GUSTAVO A. MADERO,False,,,,4045,2110,1927,89,33,12,12,0,0,0,27,8,9,636,371,258,140,63,47,965,1246,760,1246,1124,1246,998,1246,682,1246,417,1246,0,1036,1008,4037,34,3,11.94,2.2,0.82,0.57,0.62,0.0,0.0,0.0,0.67,0.38,0.47,15.72,17.58,13.39,3.46,2.99,2.44,77.45,61.0,90.21,80.1,54.74,33.47,0.0,24.97
05-038,DEL BOSQUE,GUSTAVO A. MADERO,False,,,,5699,2955,2734,164,60,24,25,0,0,0,58,23,24,1096,607,484,100,46,43,1092,1480,782,1480,1350,1480,1198,1480,476,1480,322,1480,0,845,1355,5683,20,2,10.62,2.88,1.05,0.81,0.91,0.0,0.0,0.0,1.02,0.78,0.88,19.23,20.54,17.7,1.75,1.56,1.57,73.78,52.84,91.22,80.95,32.16,21.76,0.0,23.84
05-039,DEL OBRERO,GUSTAVO A. MADERO,False,,,,4097,2148,1948,109,54,19,27,0,0,0,50,15,23,587,334,246,96,40,45,807,1174,578,1165,1044,1174,846,1174,502,1174,311,1134,0,968,1220,4094,27,0,10.84,2.66,1.32,0.88,1.39,0.0,0.0,0.0,1.22,0.7,1.18,14.33,15.55,12.63,2.34,1.86,2.31,68.74,49.61,88.93,72.06,42.76,27.43,0.0,29.8
05-040,DM NACIONAL,GUSTAVO A. MADERO,False,,,,7790,4077,3710,117,52,17,32,0,0,0,52,17,32,1397,747,650,429,207,222,2594,2921,2369,2921,2871,2921,2169,2921,1472,2921,1599,2921,0,2921,1110,7760,7,0,14.04,1.5,0.67,0.42,0.86,0.0,0.0,0.0,0.67,0.42,0.86,17.93,18.32,17.52,5.51,5.08,5.98,88.81,81.1,98.29,74.26,50.39,54.74,0.0,14.3
05-041,EDUARDO MOLINA I (U HAB),GUSTAVO A. MADERO,False,,,,1519,787,731,18,3,0,0,0,0,0,3,0,0,245,144,101,52,15,14,344,420,266,420,383,420,305,420,223,420,143,416,0,377,358,1492,12,0,11.2,1.18,0.2,0.0,0.0,0.0,0.0,0.0,0.2,0.0,0.0,16.13,18.3,13.82,3.42,1.91,1.92,81.9,63.33,91.19,72.62,53.1,34.38,0.0,23.99
05-042,EDUARDO MOLINA II (U HAB),GUSTAVO A. MADERO,False,,,,522,271,251,9,3,0,0,0,0,0,3,0,0,95,60,33,3,0,0,141,168,120,168,156,168,132,168,93,168,67,168,0,168,112,516,5,0,12.48,1.72,0.57,0.0,0.0,0.0,0.0,0.0,0.57,0.0,0.0,18.2,22.14,13.15,0.57,0.0,0.0,83.93,71.43,92.86,78.57,55.36,39.88,0.0,21.71
05-043,EJIDOS SAN JUAN DE ARAGON 1A SECCION (U HAB),GUSTAVO A. MADERO,False,,,,3187,1638,1550,11,3,0,0,0,0,0,3,0,0,273,154,118,56,30,17,508,810,360,766,727,810,537,810,218,810,92,717,0,717,855,3175,13,0,10.55,0.35,0.09,0.0,0.0,0.0,0.0,0.0,0.09,0.0,0.0,8.57,9.4,7.61,1.76,1.83,1.1,62.72,47.0,89.75,66.3,26.91,12.83,0.0,26.93
05-044,EJIDOS SAN JUAN DE ARAGON 2A SECCION (U HAB),GUSTAVO A. MADERO,False,,,,995,500,495,5,0,0,0,0,0,0,0,0,0,88,55,33,21,5,12,174,237,125,237,214,237,193,237,84,237,53,237,0,237,312,992,4,0,11.17,0.5,0.0,0.0,0.0,0.0,0.0,0.0,0.0,0.0,0.0,8.84,11.0,6.67,2.11,1.0,2.42,73.42,52.74,90.3,81.43,35.44,22.36,0.0,31.45
05-045,EL ARBOLILLO,GUSTAVO A. MADERO,False,,,,1251,645,605,21,4,0,3,0,0,0,4,0,3,161,91,70,7,4,3,215,305,110,305,273,305,282,305,125,305,117,305,0,305,243,1240,3,0,9.75,1.68,0.32,0.0,0.5,0.0,0.0,0.0,0.32,0.0,0.5,12.87,14.11,11.57,0.56,0.62,0.5,70.49,36.07,89.51,92.46,40.98,38.36,0.0,19.6
05-046,EL ARBOLILLO 1 (U HAB),GUSTAVO A. MADERO,False,,,,7939,4138,3792,112,21,4,0,0,0,0,20,3,0,1497,816,671,173,63,66,1632,2305,1265,2305,2104,2305,1921,2305,697,2248,612,2207,0,2181,1680,7888,68,5,11.15,1.41,0.26,0.1,0.0,0.0,0.0,0.0,0.25,0.07,0.0,18.86,19.72,17.7,2.18,1.52,1.74,70.8,54.88,91.28,83.34,31.01,27.73,0.0,21.3
05-047,EL ARBOLILLO 2 (U HAB),GUSTAVO A. MADERO,False,,,,4774,2527,2245,138,22,3,0,0,0,0,22,3,0,1070,591,477,257,116,104,1058,1464,769,1464,1368,1464,1233,1464,605,1442,434,1457,0,1362,936,4765,50,8,10.88,2.89,0.46,0.12,0.0,0.0,0.0,0.0,0.46,0.12,0.0,22.41,23.39,21.25,5.38,4.59,4.63,72.27,52.53,93.44,84.22,41.96,29.79,0.0,19.64
05-048,EL ARBOLILLO 3 (U HAB),GUSTAVO A. MADERO,False,,,,2216,1188,1029,55,21,10,11,0,0,0,21,10,11,382,224,157,63,27,27,522,752,429,752,700,752,638,752,226,752,217,752,0,752,621,2213,14,3,11.47,2.48,0.95,0.84,1.07,0.0,0.0,0.0,0.95,0.84,1.07,17.24,18.86,15.26,2.84,2.27,2.62,69.41,57.05,93.09,84.84,30.05,28.86,0.0,28.06
05-049,EL CARMEN,GUSTAVO A. MADERO,False,,,,7974,4070,3904,628,224,106,97,4,3,0,220,102,96,1870,1002,856,173,74,77,1142,1984,701,1926,1755,2005,1541,1994,330,1826,268,1838,0,1318,2542,7886,52,3,9.36,7.88,2.81,2.6,2.48,0.05,0.07,0.0,2.76,2.51,2.46,23.45,24.62,21.93,2.17,1.82,1.97,57.56,36.4,87.53,77.28,18.07,14.58,0.0,32.23
05-050,EL COYOL (U HAB),GUSTAVO A. MADERO,False,,,,2470,1270,1188,4,0,0,0,0,0,0,0,0,0,337,159,125,22,7,3,545,662,449,657,602,665,546,662,357,622,216,500,0,648,549,2378,58,3,12.65,0.16,0.0,0.0,0.0,0.0,0.0,0.0,0.0,0.0,0.0,13.64,12.52,10.52,0.89,0.55,0.25,82.33,68.34,90.53,82.48,57.4,43.2,0.0,23.09
05-051,EL OLIVO,GUSTAVO A. MADERO,False,,,,1895,990,898,0,0,0,0,0,0,0,0,0,0,272,143,127,19,6,6,364,509,281,509,476,509,404,509,203,509,111,462,0,509,540,1878,14,2,11.09,0.0,0.0,0.0,0.0,0.0,0.0,0.0,0.0,0.0,0.0,14.35,14.44,14.14,1.0,0.61,0.67,71.51,55.21,93.52,79.37,39.88,24.03,0.0,28.75
05-052,EMILIANO ZAPATA,GUSTAVO A. MADERO,False,,,,4533,2409,2120,49,17,6,6,0,0,0,17,6,6,556,333,221,66,28,20,972,1354,785,1354,1185,1354,1060,1354,644,1354,348,1277,5,1065,1108,4511,27,3,12.02,1.08,0.38,0.25,0.28,0.0,0.0,0.0,0.38,0.25,0.28,12.27,13.82,10.42,1.46,1.16,0.94,71.79,57.98,87.52,78.29,47.56,27.25,0.47,24.56
05-053,EMILIANO ZAPATA (AMPL),GUSTAVO A. MADERO,False,,,,1328,695,633,13,6,3,3,0,0,0,6,3,3,224,131,93,15,7,3,299,381,238,381,334,381,291,381,181,381,105,381,0,337,374,1298,10,0,11.8,0.98,0.45,0.43,0.47,0.0,0.0,0.0,0.45,0.43,0.47,16.87,18.85,14.69,1.13,1.01,0.47,78.48,62.47,87.66,76.38,47.51,27.56,0.0,28.81
05-054,ESTANZUELA,GUSTAVO A. MADERO,False,,,,3594,1915,1670,143,73,36,32,0,0,0,70,34,31,568,293,270,134,53,75,731,1015,475,1015,906,1015,805,1015,654,1015,250,991,0,516,1111,3553,18,4,10.98,3.98,2.03,1.88,1.92,0.0,0.0,0.0,1.95,1.78,1.86,15.8,15.3,16.17,3.73,2.77,4.49,72.02,46.8,89.26,79.31,64.43,25.23,0.0,31.27
05-055,ESTRELLA,GUSTAVO A. MADERO,False,,,,8729,4861,3868,96,20,12,3,0,0,0,20,12,3,1376,853,514,356,166,150,2355,2821,2011,2821,2627,2821,2270,2821,1672,2813,1179,2788,0,2673,2377,8729,76,4,13.31,1.1,0.23,0.25,0.08,0.0,0.0,0.0,0.23,0.25,0.08,15.76,17.55,13.29,4.08,3.41,3.88,83.48,71.29,93.12,80.47,59.44,42.29,0.0,27.23
05-056,EX-ESCUELA DE TIRO,GUSTAVO A. MADERO,False,,,,2007,1054,948,34,6,3,0,0,0,0,6,3,0,264,156,108,60,32,21,401,546,269,546,498,546,428,546,219,546,133,546,0,546,449,1988,16,2,10.77,1.69,0.3,0.28,0.0,0.0,0.0,0.0,0.3,0.28,0.0,13.15,14.8,11.39,2.99,3.04,2.22,73.44,49.27,91.21,78.39,40.11,24.36,0.0,22.59
05-057,FOVISSSTE ARAGON (U HAB),GUSTAVO A. MADERO,False,,,,1534,793,732,7,0,0,0,0,0,0,0,0,0,218,127,89,16,10,3,326,397,249,397,364,397,315,397,184,397,143,366,0,397,233,1522,20,3,11.72,0.46,0.0,0.0,0.0,0.0,0.0,0.0,0.0,0.0,0.0,14.21,16.02,12.16,1.04,1.26,0.41,82.12,62.72,91.69,79.35,46.35,39.07,0.0,15.31
05-058,FAJA DE ORO,GUSTAVO A. MADERO,False,,,,1728,924,804,42,14,3,8,0,0,0,14,3,8,298,187,111,56,21,31,395,513,300,513,465,513,411,513,254,513,152,513,0,513,571,1726,8,1,11.57,2.43,0.81,0.32,1.0,0.0,0.0,0.0,0.81,0.32,1.0,17.25,20.24,13.81,3.24,2.27,3.86,77.0,58.48,90.64,80.12,49.51,29.63,0.0,33.08
05-059,FERNANDO CASAS ALEMAN,GUSTAVO A. MADERO,False,,,,1449,781,669,22,5,4,0,0,0,0,5,4,0,210,124,86,100,48,48,289,415,231,415,392,415,336,415,185,415,147,415,0,415,381,1448,7,1,11.35,1.52,0.35,0.51,0.0,0.0,0.0,0.0,0.35,0.51,0.0,14.49,15.88,12.86,6.9,6.15,7.17,69.64,55.66,94.46,80.96,44.58,35.42,0.0,26.31
05-060,FERROCARRILERA INSURGENTES,GUSTAVO A. MADERO,False,,,,226,125,101,0,0,0,0,0,0,0,0,0,0,26,11,11,0,0,0,52,59,45,59,55,59,49,59,34,59,23,59,0,59,79,214,4,0,13.48,0.0,0.0,0.0,0.0,0.0,0.0,0.0,0.0,0.0,0.0,11.5,8.8,10.89,0.0,0.0,0.0,88.14,76.27,93.22,83.05,57.63,38.98,0.0,36.92
05-061,FOVISSSTE CUCHILLA (U HAB),GUSTAVO A. MADERO,False,,,,533,294,239,0,0,0,0,0,0,0,0,0,0,96,58,37,28,14,14,153,173,129,173,165,173,119,173,108,173,80,173,0,171,102,527,7,0,13.69,0.0,0.0,0.0,0.0,0.0,0.0,0.0,0.0,0.0,0.0,18.01,19.73,15.48,5.25,4.76,5.86,88.44,74.57,95.38,68.79,62.43,46.24,0.0,19.35
05-062,FOVISSSTE RIO DE GUADALUPE (U HAB),GUSTAVO A. MADERO,False,,,,751,406,346,7,0,0,0,0,0,0,0,0,0,113,66,45,14,5,0,185,226,151,226,210,226,170,226,117,226,82,226,0,226,145,694,8,0,12.36,0.93,0.0,0.0,0.0,0.0,0.0,0.0,0.0,0.0,0.0,15.05,16.26,13.01,1.86,1.23,0.0,81.86,66.81,92.92,75.22,51.77,36.28,0.0,20.89
05-063,GABRIEL HERNANDEZ,GUSTAVO A. MADERO,False,,,,12948,6748,6189,1063,476,243,192,0,0,0,466,239,186,2582,1436,1139,223,98,86,1877,3452,1326,3439,2891,3460,2495,3460,1328,3446,442,3102,41,2213,3809,12610,69,4,9.69,8.21,3.68,3.6,3.1,0.0,0.0,0.0,3.6,3.54,3.01,19.94,21.28,18.4,1.72,1.45,1.39,54.37,38.56,83.55,72.11,38.54,14.25,1.85,30.21
05-065,GENERAL FELIPE BERRIOZABAL,GUSTAVO A. MADERO,False,,,,5196,2685,2509,152,61,21,26,0,0,0,61,21,26,1100,593,502,135,58,64,853,1401,557,1380,1221,1401,1168,1401,310,1365,206,1219,0,838,1427,5142,26,3,9.76,2.93,1.17,0.78,1.04,0.0,0.0,0.0,1.17,0.78,1.04,21.17,22.09,20.01,2.6,2.16,2.55,60.89,40.36,87.15,83.37,22.71,16.9,0.0,27.75
05-066,GERTRUDIS SANCHEZ 1A SECCION,GUSTAVO A. MADERO,False,,,,3813,1999,1814,71,22,6,4,0,0,0,19,6,4,583,362,211,121,64,36,837,1103,653,1103,994,1108,875,1108,509,1083,293,1088,0,927,1066,3772,36,2,11.78,1.86,0.58,0.3,0.22,0.0,0.0,0.0,0.5,0.3,0.22,15.29,18.11,11.63,3.17,3.2,1.98,75.88,59.2,89.71,78.97,47.0,26.93,0.0,28.26
05-067,GERTRUDIS SANCHEZ 2A SECCION,GUSTAVO A. MADERO,False,,,,7462,3975,3485,204,49,20,10,0,0,0,48,20,10,986,565,400,169,56,57,1533,2188,1116,2184,1982,2188,1659,2188,889,2184,616,2104,0,1760,1599,7363,68,6,11.34,2.73,0.66,0.5,0.29,0.0,0.0,0.0,0.64,0.5,0.29,13.21,14.21,11.48,2.26,1.41,1.64,70.06,51.1,90.59,75.82,40.71,29.28,0.0,21.72
05-068,GERTRUDIS SANCHEZ 3A SECCION,GUSTAVO A. MADERO,False,,,,7855,4094,3755,137,43,5,20,0,0,0,41,5,16,1051,604,433,188,92,44,1600,2243,1210,2243,2050,2243,1788,2243,955,2234,595,2178,0,1901,1879,7764,61,7,11.36,1.74,0.55,0.12,0.53,0.0,0.0,0.0,0.52,0.12,0.43,13.38,14.75,11.53,2.39,2.25,1.17,71.33,53.95,91.4,79.71,42.75,27.32,0.0,24.2
05-069,GRACIANO SANCHEZ,GUSTAVO A. MADERO,False,,,,464,237,226,20,5,3,2,0,0,0,4,2,2,120,60,60,15,6,5,90,122,53,122,113,122,97,122,38,122,34,122,0,122,110,375,3,0,10.35,4.31,1.08,1.27,0.88,0.0,0.0,0.0,0.86,0.84,0.88,25.86,25.32,26.55,3.23,2.53,2.21,73.77,43.44,92.62,79.51,31.15,27.87,0.0,29.33
05-070,GRANJAS MODERNAS-SAN JUAN DE ARAGON (AMPL),GUSTAVO A. MADERO,False,,,,2366,1267,1091,62,31,7,13,0,0,0,30,6,13,410,234,173,181,94,87,582,757,472,757,709,757,568,757,376,757,291,757,0,757,516,2252,27,4,11.91,2.62,1.31,0.55,1.19,0.0,0.0,0.0,1.27,0.47,1.19,17.33,18.47,15.86,7.65,7.42,7.97,76.88,62.35,93.66,75.03,49.67,38.44,0.0,22.91
05-071,GUADALUPE INSURGENTES,GUSTAVO A. MADERO,False,,,,4128,2189,1939,61,15,5,3,0,0,0,15,5,3,845,467,378,212,96,94,1212,1428,1090,1428,1330,1428,1189,1428,811,1428,647,1424,0,1316,916,4128,30,0,13.91,1.48,0.36,0.23,0.15,0.0,0.0,0.0,0.36,0.23,0.15,20.47,21.33,19.49,5.14,4.39,4.85,84.87,76.33,93.14,83.26,56.79,45.44,0.0,22.19
05-072,GUADALUPE PROLETARIA,GUSTAVO A. MADERO,False,,,,7990,4142,3848,238,85,42,32,0,0,0,84,41,32,1528,846,673,175,87,72,1627,2362,1204,2351,2120,2362,1848,2362,932,2357,590,2338,4,1745,2252,7986,51,3,10.93,2.98,1.06,1.01,0.83,0.0,0.0,0.0,1.05,0.99,0.83,19.12,20.42,17.49,2.19,2.1,1.87,68.88,51.21,89.75,78.24,39.54,25.24,0.23,28.2
05-073,GUADALUPE PROLETARIA (AMPL),GUSTAVO A. MADERO,False,,,,3823,1953,1871,108,33,15,13,0,0,0,33,15,13,820,439,379,79,41,31,719,1032,516,1032,940,1035,827,1032,453,1035,262,1035,0,896,975,3733,21,1,10.74,2.83,0.86,0.77,0.69,0.0,0.0,0.0,0.86,0.77,0.69,21.45,22.48,20.26,2.07,2.1,1.66,69.67,50.0,90.82,80.14,43.77,25.31,0.0,26.12
05-074,GUADALUPE TEPEYAC,GUSTAVO A. MADERO,False,,,,7723,4131,3562,103,34,18,8,0,0,0,34,18,8,1261,721,532,376,163,161,2272,2678,1973,2678,2536,2678,2124,2678,1556,2670,1235,2663,0,2346,2078,7693,74,11,13.22,1.33,0.44,0.44,0.22,0.0,0.0,0.0,0.44,0.44,0.22,16.33,17.45,14.94,4.87,3.95,4.52,84.84,73.67,94.7,79.31,58.28,46.38,0.0,27.01
05-075,GUADALUPE VICTORIA,GUSTAVO A. MADERO,False,,,,1349,714,636,46,10,4,4,0,0,0,10,4,4,208,116,90,23,8,9,282,380,195,380,352,380,306,380,122,380,99,380,0,380,417,1348,7,0,10.66,3.41,0.74,0.56,0.63,0.0,0.0,0.0,0.74,0.56,0.63,15.42,16.25,14.15,1.7,1.12,1.42,74.21,51.32,92.63,80.53,32.11,26.05,0.0,30.93
05-076,GUADALUPE VICTORIA II,GUSTAVO A. MADERO,False,,,,3407,1777,1630,70,22,9,0,0,0,0,19,9,0,607,327,272,136,67,58,904,1181,766,1181,1088,1181,899,1178,532,1174,399,1151,3,1001,824,3372,30,5,12.03,2.05,0.65,0.51,0.0,0.0,0.0,0.0,0.56,0.51,0.0,17.82,18.4,16.69,3.99,3.77,3.56,76.55,64.86,92.13,76.32,45.32,34.67,0.3,24.44
05-077,HEROE DE NACOZARI,GUSTAVO A. MADERO,False,,,,2341,1203,1138,12,6,3,0,0,0,0,6,3,0,426,236,183,104,46,51,558,772,441,772,700,772,557,772,387,762,237,744,0,687,587,2341,19,1,11.7,0.51,0.26,0.25,0.0,0.0,0.0,0.0,0.26,0.25,0.0,18.2,19.62,16.08,4.44,3.82,4.48,72.28,57.12,90.67,72.15,50.79,31.85,0.0,25.07
05-078,HEROES DE CHAPULTEPEC,GUSTAVO A. MADERO,False,,,,1342,687,655,29,7,0,3,0,0,0,7,0,3,193,102,91,44,25,13,264,395,237,395,355,395,278,395,170,395,108,395,0,212,395,1342,8,1,11.22,2.16,0.52,0.0,0.46,0.0,0.0,0.0,0.52,0.0,0.46,14.38,14.85,13.89,3.28,3.64,1.98,66.84,60.0,89.87,70.38,43.04,27.34,0.0,29.43
05-079,HORNOS DE ARAGON (U HAB),GUSTAVO A. MADERO,False,,,,745,381,361,9,0,0,0,0,0,0,0,0,0,134,75,44,8,1,1,123,228,80,188,193,228,171,228,70,186,25,135,0,177,224,585,20,3,9.39,1.21,0.0,0.0,0.0,0.0,0.0,0.0,0.0,0.0,0.0,17.99,19.69,12.19,1.07,0.26,0.28,53.95,42.55,84.65,75.0,37.63,18.52,0.0,38.29
05-080,INDECO (U HAB),GUSTAVO A. MADERO,False,,,,2021,1059,958,26,0,0,0,0,0,0,0,0,0,323,168,120,48,18,11,351,520,235,512,472,523,394,520,208,481,116,404,0,491,450,1951,43,5,10.35,1.29,0.0,0.0,0.0,0.0,0.0,0.0,0.0,0.0,0.0,15.98,15.86,12.53,2.38,1.7,1.15,67.5,45.9,90.25,75.77,43.24,28.71,0.0,23.07
05-082,INFONAVIT (U HAB),GUSTAVO A. MADERO,False,,,,585,302,284,14,3,0,0,0,0,0,3,0,0,105,58,46,9,2,4,134,156,109,156,153,156,124,156,102,156,72,156,0,156,119,285,3,0,12.49,2.39,0.51,0.0,0.0,0.0,0.0,0.0,0.51,0.0,0.0,17.95,19.21,16.2,1.54,0.66,1.41,85.9,69.87,98.08,79.49,65.38,46.15,0.0,41.75
05-083,INFONAVIT CAMINO SAN JUAN DE ARAGON (U HAB),GUSTAVO A. MADERO,False,,,,1230,673,557,26,6,0,0,0,0,0,6,0,0,223,132,89,17,7,6,279,354,213,354,319,354,314,354,170,354,119,354,0,322,269,1191,14,1,11.0,2.11,0.49,0.0,0.0,0.0,0.0,0.0,0.49,0.0,0.0,18.13,19.61,15.98,1.38,1.04,1.08,78.81,60.17,90.11,88.7,48.02,33.62,0.0,22.59
05-084,INFONAVIT LORETO FABELA (U HAB),GUSTAVO A. MADERO,False,,,,331,175,156,1,0,0,0,0,0,0,0,0,0,64,35,29,12,6,4,80,104,57,104,91,104,77,104,47,104,30,90,0,80,69,233,3,0,11.05,0.3,0.0,0.0,0.0,0.0,0.0,0.0,0.0,0.0,0.0,19.34,20.0,18.59,3.63,3.43,2.56,76.92,54.81,87.5,74.04,45.19,33.33,0.0,29.61
05-085,JAIME S EMILIANO G,GUSTAVO A. MADERO,False,,,,539,263,276,48,16,3,7,0,0,0,16,3,7,150,70,79,19,7,12,86,140,60,140,121,140,110,140,19,108,17,128,0,79,150,388,4,0,9.96,8.91,2.97,1.14,2.54,0.0,0.0,0.0,2.97,1.14,2.54,27.83,26.62,28.62,3.53,2.66,4.35,61.43,42.86,86.43,78.57,17.59,13.28,0.0,38.66
05-086,JORGE NEGRETE,GUSTAVO A. MADERO,False,,,,9076,4739,4337,231,52,18,16,0,0,0,51,18,15,2063,1107,954,394,159,193,1810,2488,1350,2488,2252,2491,1879,2491,997,2453,794,2418,0,2194,2310,8966,78,3,11.0,2.55,0.57,0.38,0.37,0.0,0.0,0.0,0.56,0.38,0.35,22.73,23.36,22.0,4.34,3.36,4.45,72.75,54.26,90.41,75.43,40.64,32.84,0.0,25.76
05-088,JOSE MARIA MORELOS Y PAVON I (U HAB),GUSTAVO A. MADERO,False,,,,499,274,225,12,0,0,0,0,0,0,0,0,0,80,43,31,47,23,22,150,184,128,184,175,184,145,184,113,184,77,184,0,184,121,499,8,0,12.72,2.4,0.0,0.0,0.0,0.0,0.0,0.0,0.0,0.0,0.0,16.03,15.69,13.78,9.42,8.39,9.78,81.52,69.57,95.11,78.8,61.41,41.85,0.0,24.25
05-089,JOSE MARIA MORELOS Y PAVON II (U HAB),GUSTAVO A. MADERO,False,,,,1878,1009,869,15,3,0,0,0,0,0,3,0,0,289,177,110,41,19,9,540,656,417,656,616,656,479,656,369,656,255,656,0,655,410,1876,14,2,12.35,0.8,0.16,0.0,0.0,0.0,0.0,0.0,0.16,0.0,0.0,15.39,17.54,12.66,2.18,1.88,1.04,82.32,63.57,93.9,73.02,56.25,38.87,0.0,21.86
05-090,JUAN DE DIOS BATIZ (U HAB),GUSTAVO A. MADERO,False,,,,1435,731,704,13,6,0,0,0,0,0,6,0,0,497,235,254,198,75,105,517,571,478,571,552,571,401,571,319,571,341,571,0,571,159,1219,33,3,14.86,0.91,0.42,0.0,0.0,0.0,0.0,0.0,0.42,0.0,0.0,34.63,32.15,36.08,13.8,10.26,14.91,90.54,83.71,96.67,70.23,55.87,59.72,0.0,13.04
05-091,JUAN GONZALEZ ROMERO,GUSTAVO A. MADERO,False,,,,8298,4368,3912,219,84,27,19,0,0,0,83,26,19,1569,873,691,249,125,97,1562,2375,1003,2348,2118,2381,1779,2377,823,2342,437,2267,5,2002,2312,7989,56,3,10.52,2.64,1.01,0.62,0.49,0.0,0.0,0.0,1.0,0.6,0.49,18.91,19.99,17.66,3.0,2.86,2.48,65.77,42.72,88.95,74.84,35.14,19.28,0.25,28.94
05-092,JUVENTINO ROSAS,GUSTAVO A. MADERO,False,,,,1162,575,588,22,10,3,0,0,0,0,10,3,0,178,87,89,16,0,9,197,357,138,357,322,357,265,357,63,309,67,357,6,247,294,1162,8,0,10.05,1.89,0.86,0.52,0.0,0.0,0.0,0.0,0.86,0.52,0.0,15.32,15.13,15.14,1.38,0.0,1.53,55.18,38.66,90.2,74.23,20.39,18.77,2.43,25.3
05-093,LA CANDELARIA TICOMAN (BARR),GUSTAVO A. MADERO,False,,,,9206,4767,4421,515,215,76,95,0,0,0,208,76,90,2072,1081,960,188,80,80,1582,2468,940,2425,2179,2499,1922,2494,1009,2462,374,2006,9,2218,2643,9084,84,5,9.63,5.59,2.34,1.59,2.15,0.0,0.0,0.0,2.26,1.59,2.04,22.51,22.68,21.71,2.04,1.68,1.81,64.1,38.76,87.19,77.06,40.98,18.64,0.41,29.1
05-094,LA CASILDA,GUSTAVO A. MADERO,False,,,,8209,4151,4058,416,140,65,45,0,0,0,137,65,42,1877,977,897,162,67,66,1296,2105,758,2059,1846,2111,1697,2111,383,1950,259,1762,0,1710,2120,8178,58,6,9.29,5.07,1.71,1.57,1.11,0.0,0.0,0.0,1.67,1.57,1.03,22.87,23.54,22.1,1.97,1.61,1.63,61.57,36.81,87.45,80.39,19.64,14.7,0.0,25.92
05-095,LA CRUZ (BARR),GUSTAVO A. MADERO,False,,,,2988,1478,1510,192,97,43,43,0,0,0,97,43,43,681,358,323,19,3,12,414,784,203,768,661,784,594,784,252,784,67,667,14,599,1134,2663,16,2,9.19,6.43,3.25,2.91,2.85,0.0,0.0,0.0,3.25,2.91,2.85,22.79,24.22,21.39,0.64,0.2,0.79,52.81,26.43,84.31,75.77,32.14,10.04,2.34,42.58
05-096,LA ESMERALDA I,GUSTAVO A. MADERO,False,,,,3043,1645,1398,74,19,3,8,0,0,0,19,3,8,541,306,216,121,52,35,732,941,563,934,885,941,742,941,400,934,297,858,0,941,852,3034,38,0,11.64,2.43,0.62,0.18,0.57,0.0,0.0,0.0,0.62,0.18,0.57,17.78,18.6,15.45,3.98,3.16,2.5,77.79,60.28,94.05,78.85,42.83,34.62,0.0,28.08
05-097,LA ESMERALDA (U HAB),GUSTAVO A. MADERO,False,,,,1812,971,836,4,0,0,0,0,0,0,0,0,0,73,44,20,5,0,3,396,531,361,558,490,562,489,558,197,538,137,502,0,562,292,1756,23,1,11.21,0.22,0.0,0.0,0.0,0.0,0.0,0.0,0.0,0.0,0.0,4.03,4.53,2.39,0.28,0.0,0.36,74.58,64.7,87.19,87.63,36.62,27.29,0.0,16.63
05-098,LA FORESTAL,GUSTAVO A. MADERO,False,,,,6321,3266,3045,212,61,28,21,0,0,0,58,25,21,1191,670,518,134,67,54,1059,1708,704,1685,1437,1708,1287,1705,462,1663,275,1624,28,1175,1605,6307,37,3,9.97,3.35,0.97,0.86,0.69,0.0,0.0,0.0,0.92,0.77,0.69,18.84,20.51,17.01,2.12,2.05,1.77,62.0,41.78,84.13,75.48,27.78,16.93,2.38,25.45
05-099,LA FORESTAL 1,GUSTAVO A. MADERO,False,,,,512,261,252,28,7,3,4,0,0,0,7,3,4,119,55,64,3,0,0,80,133,52,133,110,130,90,130,38,130,25,112,0,106,130,492,4,0,9.44,5.47,1.37,1.15,1.59,0.0,0.0,0.0,1.37,1.15,1.59,23.24,21.07,25.4,0.59,0.0,0.0,60.15,39.1,84.62,69.23,29.23,22.32,0.0,26.42
05-100,LA FORESTAL 2,GUSTAVO A. MADERO,False,,,,4750,2477,2273,215,77,36,35,0,0,0,75,35,34,878,454,414,48,13,7,791,1366,464,1356,1169,1366,1049,1366,241,1281,125,1059,3,934,1435,4734,29,2,9.29,4.53,1.62,1.45,1.54,0.0,0.0,0.0,1.58,1.41,1.5,18.48,18.33,18.21,1.01,0.52,0.31,57.91,34.22,85.58,76.79,18.81,11.8,0.32,30.31
05-101,LA FORESTAL 3,GUSTAVO A. MADERO,False,,,,3477,1752,1725,310,84,38,36,0,0,0,82,32,36,858,436,422,36,10,18,488,869,282,860,772,887,690,887,121,771,78,686,0,727,1153,3471,23,1,9.18,8.92,2.42,2.17,2.09,0.0,0.0,0.0,2.36,1.83,2.09,24.68,24.89,24.46,1.04,0.57,1.04,56.16,32.79,87.03,77.79,15.69,11.37,0.0,33.22
05-102,LA JOYA,GUSTAVO A. MADERO,False,,,,6910,3662,3248,163,62,23,22,0,0,0,62,23,22,827,460,364,176,86,74,1454,1968,1138,1968,1777,1968,1562,1968,938,1968,538,1923,0,1777,1738,6904,35,3,11.48,2.36,0.9,0.63,0.68,0.0,0.0,0.0,0.9,0.63,0.68,11.97,12.56,11.21,2.55,2.35,2.28,73.88,57.83,90.29,79.37,47.66,27.98,0.0,25.17
05-103,LA JOYITA,GUSTAVO A. MADERO,False,,,,1758,901,855,40,9,5,4,0,0,0,9,5,4,188,102,80,26,12,12,395,556,331,556,504,556,478,556,258,556,172,556,0,459,452,1623,17,2,11.75,2.28,0.51,0.55,0.47,0.0,0.0,0.0,0.51,0.55,0.47,10.69,11.32,9.36,1.48,1.33,1.4,71.04,59.53,90.65,85.97,46.4,30.94,0.0,27.85
05-104,LA LAGUNA TICOMAN (BARR),GUSTAVO A. MADERO,False,,,,7880,4039,3831,195,63,27,17,0,0,0,63,27,17,1802,936,841,753,307,398,1985,2500,1589,2493,2321,2505,2046,2494,1190,2494,713,2386,5,2256,1752,7683,93,11,12.02,2.47,0.8,0.67,0.44,0.0,0.0,0.0,0.8,0.67,0.44,22.87,23.17,21.95,9.56,7.6,10.39,79.4,63.74,92.65,82.04,47.71,29.88,0.22,22.8
05-105,LA MALINCHE,GUSTAVO A. MADERO,False,,,,4343,2270,2069,68,19,0,10,0,0,0,19,0,10,514,282,229,83,31,31,874,1253,632,1248,1113,1259,955,1250,552,1259,394,1250,0,982,1151,4339,31,5,10.96,1.57,0.44,0.0,0.48,0.0,0.0,0.0,0.44,0.0,0.48,11.84,12.42,11.07,1.91,1.37,1.5,69.75,50.64,88.4,76.4,43.84,31.52,0.0,26.53
05-106,LA PASTORA,GUSTAVO A. MADERO,False,,,,9975,5164,4804,210,67,32,16,0,0,0,66,31,16,1571,873,696,88,36,35,1734,2765,1060,2729,2429,2773,2098,2773,849,2710,397,2460,3,2178,2640,9554,64,1,9.44,2.11,0.67,0.62,0.33,0.0,0.0,0.0,0.66,0.6,0.33,15.75,16.91,14.49,0.88,0.7,0.73,62.71,38.84,87.59,75.66,31.33,16.14,0.14,27.63
05-107,LA PATERA-CONDOMODULOS (U HAB),GUSTAVO A. MADERO,False,,,,4705,2542,2157,79,24,9,6,0,0,0,24,9,6,1037,578,459,303,137,160,1431,1637,1233,1637,1546,1637,1309,1637,970,1637,778,1637,0,1364,715,4699,23,5,13.42,1.68,0.51,0.35,0.28,0.0,0.0,0.0,0.51,0.35,0.28,22.04,22.74,21.28,6.44,5.39,7.42,87.42,75.32,94.44,79.96,59.25,47.53,0.0,15.22
05-108,LA PRADERA,GUSTAVO A. MADERO,False,,,,8894,4647,4242,104,25,5,9,0,0,0,21,3,7,1215,671,543,103,52,33,1784,2450,1314,2450,2186,2450,1917,2450,916,2428,569,2420,8,2079,2540,8866,44,2,10.94,1.17,0.28,0.11,0.21,0.0,0.0,0.0,0.24,0.06,0.17,13.66,14.44,12.8,1.16,1.12,0.78,72.82,53.63,89.22,78.24,37.73,23.51,0.38,28.65
05-109,LA PRADERA I (U HAB),GUSTAVO A. MADERO,False,,,,3793,1990,1803,40,3,0,0,0,0,0,3,0,0,620,338,269,83,29,30,815,1056,583,1056,956,1056,674,1056,415,1046,240,935,0,669,925,3793,31,3,11.36,1.05,0.08,0.0,0.0,0.0,0.0,0.0,0.08,0.0,0.0,16.35,16.98,14.92,2.19,1.46,1.66,77.18,55.21,90.53,63.83,39.67,25.67,0.0,24.39
05-110,LA PRADERA II (U HAB),GUSTAVO A. MADERO,False,,,,2047,1040,1007,31,3,0,0,0,0,0,3,0,0,341,180,159,50,23,22,412,543,288,543,485,543,377,543,189,543,130,482,0,468,470,1940,18,4,11.13,1.51,0.15,0.0,0.0,0.0,0.0,0.0,0.15,0.0,0.0,16.66,17.31,15.79,2.44,2.21,2.18,75.87,53.04,89.32,69.43,34.81,26.97,0.0,24.23
05-111,LA PURISIMA TICOMAN (BARR),GUSTAVO A. MADERO,False,,,,8150,4238,3911,192,60,23,10,0,0,0,60,23,10,1807,947,848,478,197,241,2058,2561,1716,2561,2402,2561,1986,2561,1395,2553,987,2528,0,2032,1824,6829,66,6,12.19,2.36,0.74,0.54,0.26,0.0,0.0,0.0,0.74,0.54,0.26,22.17,22.35,21.68,5.87,4.65,6.16,80.36,67.01,93.79,77.55,54.64,39.04,0.0,26.71
05-113,LINDAVISTA VALLEJO (U HAB),GUSTAVO A. MADERO,False,,,,9617,5070,4537,94,39,20,13,0,0,0,39,20,13,2160,1158,981,625,271,282,3132,3740,2737,3740,3482,3740,2923,3740,2069,3740,1582,3721,0,3529,1662,9511,103,13,13.46,0.98,0.41,0.39,0.29,0.0,0.0,0.0,0.41,0.39,0.29,22.46,22.84,21.62,6.5,5.35,6.22,83.74,73.18,93.1,78.16,55.32,42.52,0.0,17.47
05-114,LOMA DE LA PALMA,GUSTAVO A. MADERO,False,,,,21025,6585,14441,445,203,55,118,0,0,0,124,54,40,3762,1524,2237,278,117,112,2183,3630,1544,3611,3100,3627,2823,3630,851,3518,519,3211,7,2710,3563,12838,82,4,5.4,2.12,0.97,0.84,0.82,0.0,0.0,0.0,0.59,0.82,0.28,17.89,23.14,15.49,1.32,1.78,0.78,60.14,42.76,85.47,77.77,24.19,16.16,0.26,27.75
05-115,LOMAS DE CUAUTEPEC,GUSTAVO A. MADERO,False,,,,10770,5440,5329,610,210,82,63,0,0,0,207,80,62,2550,1334,1207,221,93,75,1741,3086,976,3023,2650,3089,2365,3086,503,2786,319,2431,19,2274,2887,10753,85,8,9.28,5.66,1.95,1.51,1.18,0.0,0.0,0.0,1.92,1.47,1.16,23.68,24.52,22.65,2.05,1.71,1.41,56.42,32.29,85.79,76.64,18.05,13.12,0.84,26.85
05-116,LOMAS DE SAN JUAN IXHUATEPEC (2A SECCION),GUSTAVO A. MADERO,False,,,,2409,1217,1192,389,133,54,68,0,0,0,133,54,68,1111,561,546,116,46,59,309,605,186,590,554,615,449,611,314,599,27,273,0,509,1060,2409,30,1,9.0,16.15,5.52,4.44,5.7,0.0,0.0,0.0,5.52,4.44,5.7,46.12,46.1,45.81,4.82,3.78,4.95,51.07,31.53,90.08,73.49,52.42,9.89,0.0,44.0
05-117,LOS OLIVOS (U HAB),GUSTAVO A. MADERO,False,,,,269,152,117,1,0,0,0,0,0,0,0,0,0,36,21,14,1,0,0,80,90,66,90,84,90,77,90,54,90,46,90,0,70,51,122,5,0,12.83,0.37,0.0,0.0,0.0,0.0,0.0,0.0,0.0,0.0,0.0,13.38,13.82,11.97,0.37,0.0,0.0,88.89,73.33,93.33,85.56,60.0,51.11,0.0,41.8
05-118,LUIS DONALDO COLOSIO,GUSTAVO A. MADERO,False,,,,5877,2981,2897,341,112,45,33,0,0,0,110,42,33,1611,865,741,70,27,24,924,1556,459,1516,1358,1556,1264,1556,282,1405,155,1262,3,1353,1363,5847,51,2,9.32,5.8,1.91,1.51,1.14,0.0,0.0,0.0,1.87,1.41,1.14,27.41,29.02,25.58,1.19,0.91,0.83,59.38,30.28,87.28,81.23,20.07,12.28,0.22,23.31
05-119,MAGDALENA DE LAS SALINAS,GUSTAVO A. MADERO,False,,,,3303,1718,1580,71,33,14,18,0,0,0,33,14,18,591,325,256,134,61,51,715,984,561,984,879,984,768,984,451,984,303,973,0,775,849,3291,37,2,11.74,2.15,1.0,0.81,1.14,0.0,0.0,0.0,1.0,0.81,1.14,17.89,18.92,16.2,4.06,3.55,3.23,72.66,57.01,89.33,78.05,45.83,31.14,0.0,25.8
05-120,MALACATES,GUSTAVO A. MADERO,False,,,,6931,3582,3348,357,153,66,49,0,0,0,151,65,48,1793,976,810,116,44,46,1082,1911,595,1893,1644,1925,1428,1925,254,1676,158,1635,0,1270,1701,6925,44,1,9.02,5.15,2.21,1.84,1.46,0.0,0.0,0.0,2.18,1.81,1.43,25.87,27.25,24.19,1.67,1.23,1.37,56.62,31.43,85.4,74.18,15.16,9.66,0.0,24.56
05-121,MALACATES (AMPL),GUSTAVO A. MADERO,False,,,,7269,3628,3633,471,176,84,69,0,0,0,171,81,69,1896,967,915,136,59,53,991,1938,489,1861,1690,1960,1542,1957,310,1752,152,1456,0,853,1876,7121,55,1,8.63,6.48,2.42,2.32,1.9,0.0,0.0,0.0,2.35,2.23,1.9,26.08,26.65,25.19,1.87,1.63,1.46,51.14,26.28,86.22,78.79,17.69,10.44,0.0,26.34
05-122,MALVINAS MEXICANAS,GUSTAVO A. MADERO,False,,,,443,235,208,2,0,0,0,0,0,0,0,0,0,68,37,31,6,3,3,89,115,56,106,99,115,86,115,31,104,19,95,0,36,117,288,4,0,10.44,0.45,0.0,0.0,0.0,0.0,0.0,0.0,0.0,0.0,0.0,15.35,15.74,14.9,1.35,1.28,1.44,77.39,52.83,86.09,74.78,29.81,20.0,0.0,40.62
05-124,MARTIRES DE RIO BLANCO,GUSTAVO A. MADERO,False,,,,5430,2911,2513,143,50,15,24,0,0,0,50,15,24,766,412,354,118,34,60,1244,1648,953,1648,1521,1648,1321,1648,806,1648,586,1648,3,1262,1295,5424,27,4,11.54,2.63,0.92,0.52,0.96,0.0,0.0,0.0,0.92,0.52,0.96,14.11,14.15,14.09,2.17,1.17,2.39,75.49,57.83,92.29,80.16,48.91,35.56,0.24,23.88
05-125,MARTIRES DE RIO BLANCO (AMPL),GUSTAVO A. MADERO,False,,,,1118,616,502,46,18,6,0,0,0,0,18,6,0,149,96,52,18,12,0,211,292,154,292,260,292,158,292,114,292,45,270,0,185,337,1109,10,0,11.32,4.11,1.61,0.97,0.0,0.0,0.0,0.0,1.61,0.97,0.0,13.33,15.58,10.36,1.61,1.95,0.0,72.26,52.74,89.04,54.11,39.04,16.67,0.0,30.39
05-126,MAXIMINO AVILA CAMACHO,GUSTAVO A. MADERO,False,,,,2030,1016,1014,54,27,8,16,0,0,0,27,8,16,465,246,215,143,70,65,425,575,307,575,538,578,435,578,244,575,154,578,0,578,577,2030,12,1,11.19,2.66,1.33,0.79,1.58,0.0,0.0,0.0,1.33,0.79,1.58,22.91,24.21,21.2,7.04,6.89,6.41,73.91,53.39,93.08,75.26,42.43,26.64,0.0,28.42
05-127,NARCISO BASSOLS (U HAB),GUSTAVO A. MADERO,False,,,,4716,2453,2258,54,5,0,3,0,0,0,5,0,3,827,488,335,151,74,50,997,1288,762,1288,1166,1288,1123,1288,517,1288,339,1253,0,1206,884,4708,49,3,11.23,1.15,0.11,0.0,0.13,0.0,0.0,0.0,0.11,0.0,0.13,17.54,19.89,14.84,3.2,3.02,2.21,77.41,59.16,90.53,87.19,40.14,27.06,0.0,18.78
05-129,NUEVA INDUSTRIAL VALLEJO (FRACC),GUSTAVO A. MADERO,False,,,,4912,2571,2305,36,12,3,0,0,0,0,12,3,0,1223,660,550,470,210,242,1700,1919,1520,1919,1862,1919,1499,1919,1015,1910,1035,1893,0,1856,822,4160,62,6,13.97,0.73,0.24,0.12,0.0,0.0,0.0,0.0,0.24,0.12,0.0,24.9,25.67,23.86,9.57,8.17,10.5,88.59,79.21,97.03,78.11,53.14,54.68,0.0,19.76
05-130,NUEVA TENOCHTITLAN,GUSTAVO A. MADERO,False,,,,8007,4171,3836,159,46,17,18,0,0,0,44,17,17,949,557,388,172,73,74,1579,2206,1163,2206,1967,2206,1712,2206,937,2206,656,2206,4,1636,1986,8005,42,4,10.47,1.99,0.57,0.41,0.47,0.0,0.0,0.0,0.55,0.41,0.44,11.85,13.35,10.11,2.15,1.75,1.93,71.58,52.72,89.17,77.61,42.48,29.74,0.24,24.81
05-131,NUEVA VALLEJO,GUSTAVO A. MADERO,False,,,,3538,1898,1640,44,18,6,3,0,0,0,18,6,3,428,242,169,66,32,14,953,1177,791,1177,1068,1177,933,1177,649,1177,424,1177,22,979,833,3536,41,1,12.51,1.24,0.51,0.32,0.18,0.0,0.0,0.0,0.51,0.32,0.18,12.1,12.75,10.3,1.87,1.69,0.85,80.97,67.2,90.74,79.27,55.14,36.02,2.25,23.56
05-132,PALMATITLA,GUSTAVO A. MADERO,False,,,,11460,5895,5552,388,139,45,57,0,0,0,138,44,57,2244,1243,992,230,102,81,2090,3155,1380,3106,2827,3162,2503,3162,799,3099,504,2887,0,2183,3086,11349,71,3,9.91,3.39,1.21,0.76,1.03,0.0,0.0,0.0,1.2,0.75,1.03,19.58,21.09,17.87,2.01,1.73,1.46,66.24,44.43,89.41,79.16,25.78,17.46,0.0,27.19
05-133,PANAMERICANA,GUSTAVO A. MADERO,False,,,,5662,2963,2693,130,39,11,12,0,0,0,39,11,12,958,521,437,125,65,49,1193,1627,865,1627,1444,1627,1314,1627,834,1627,460,1627,0,1526,1505,5653,31,3,11.07,2.3,0.69,0.37,0.45,0.0,0.0,0.0,0.69,0.37,0.45,16.92,17.58,16.23,2.21,2.19,1.82,73.33,53.17,88.75,80.76,51.26,28.27,0.0,26.62
05-134,PANAMERICANA (AMPL),GUSTAVO A. MADERO,False,,,,1297,663,633,14,3,0,0,0,0,0,3,0,0,201,98,102,53,26,25,305,385,227,385,338,385,298,385,195,385,122,372,0,201,324,1296,11,1,11.34,1.08,0.23,0.0,0.0,0.0,0.0,0.0,0.23,0.0,0.0,15.5,14.78,16.11,4.09,3.92,3.95,79.22,58.96,87.79,77.4,50.65,32.8,0.0,25.0
05-135,PARQUE METROPOLITANO,GUSTAVO A. MADERO,False,,,,3340,1732,1608,233,76,35,29,0,0,0,75,35,28,890,479,409,86,37,33,516,876,281,816,770,876,717,876,171,785,89,639,4,628,931,3336,35,4,9.18,6.98,2.28,2.02,1.8,0.0,0.0,0.0,2.25,2.02,1.74,26.65,27.66,25.44,2.57,2.14,2.05,58.9,34.44,87.9,81.85,21.78,13.93,0.64,27.91
05-136,PEMEX LINDAVISTA (U HAB),GUSTAVO A. MADERO,False,,,,1231,641,590,1,0,0,0,0,0,0,0,0,0,346,186,160,86,46,36,404,428,376,428,408,428,285,428,342,428,282,428,0,428,170,1214,8,1,13.94,0.08,0.0,0.0,0.0,0.0,0.0,0.0,0.0,0.0,0.0,28.11,29.02,27.12,6.99,7.18,6.1,94.39,87.85,95.33,66.59,79.91,65.89,0.0,14.0
05-137,PLANETARIO LINDAVISTA,GUSTAVO A. MADERO,False,,,,691,369,322,3,12,10,0,0,0,0,12,10,0,124,72,52,28,16,13,223,231,208,231,226,231,186,231,197,231,159,231,0,231,130,639,8,0,14.36,0.43,1.74,2.71,0.0,0.0,0.0,0.0,1.74,2.71,0.0,17.95,19.51,16.15,4.05,4.34,4.04,96.54,90.04,97.84,80.52,85.28,68.83,0.0,20.34
05-138,PLAZA ORIENTE (RDCIAL),GUSTAVO A. MADERO,False,,,,893,475,418,0,0,0,0,0,0,0,0,0,0,134,53,62,47,19,7,266,290,240,290,286,290,220,290,186,290,144,290,0,272,232,891,17,1,13.81,0.0,0.0,0.0,0.0,0.0,0.0,0.0,0.0,0.0,0.0,15.01,11.16,14.83,5.26,4.0,1.67,91.72,82.76,98.62,75.86,64.14,49.66,0.0,26.04
05-139,PRADOS DE CUAUTEPEC,GUSTAVO A. MADERO,False,,,,541,260,276,104,41,9,26,0,0,0,41,9,26,185,90,95,33,16,16,93,134,64,134,127,137,130,137,16,87,21,88,0,116,164,536,11,1,10.07,19.22,7.58,3.46,9.42,0.0,0.0,0.0,7.58,3.46,9.42,34.2,34.62,34.42,6.1,6.15,5.8,69.4,47.76,92.7,94.89,18.39,23.86,0.0,30.6
05-141,PROGRESO NACIONAL (AMPL),GUSTAVO A. MADERO,False,,,,5587,2961,2626,89,26,7,11,0,0,0,25,7,11,1073,612,457,264,120,125,1227,1637,925,1634,1485,1637,1325,1637,655,1634,468,1622,3,1579,1389,5587,42,3,11.44,1.59,0.47,0.24,0.42,0.0,0.0,0.0,0.45,0.24,0.42,19.21,20.67,17.4,4.73,4.05,4.76,74.95,56.61,90.71,80.94,40.09,28.85,0.19,24.86
05-143,PROVIDENCIA (AMPL),GUSTAVO A. MADERO,False,,,,7098,3681,3397,120,7,0,3,0,0,0,7,0,3,1049,585,448,227,122,70,1131,1782,801,1782,1565,1782,1300,1782,614,1754,334,1635,4,1516,2074,7074,57,5,10.1,1.69,0.1,0.0,0.09,0.0,0.0,0.0,0.1,0.0,0.09,14.78,15.89,13.19,3.2,3.31,2.06,63.47,44.95,87.82,72.95,35.01,20.43,0.26,29.32
05-144,QUETZALCOATL 3,GUSTAVO A. MADERO,False,,,,557,143,115,17,9,4,0,0,0,0,9,4,0,62,39,22,0,0,0,32,57,23,57,53,57,49,57,11,50,9,50,0,57,64,258,4,1,9.67,3.05,1.62,2.8,0.0,0.0,0.0,0.0,1.62,2.8,0.0,11.13,27.27,19.13,0.0,0.0,0.0,56.14,40.35,92.98,85.96,22.0,18.0,0.0,24.81
05-145,RESIDENCIAL LA ESCALERA (FRACC),GUSTAVO A. MADERO,False,,,,2195,1143,1052,15,6,3,0,0,0,0,6,3,0,596,304,286,219,91,113,671,723,618,723,703,723,564,723,513,723,387,723,0,677,514,2163,29,3,14.46,0.68,0.27,0.26,0.0,0.0,0.0,0.0,0.27,0.26,0.0,27.15,26.6,27.19,9.98,7.96,10.74,92.81,85.48,97.23,78.01,70.95,53.53,0.0,23.76
05-146,RESIDENCIAL ZACATENCO,GUSTAVO A. MADERO,False,,,,4793,2501,2267,88,14,7,3,0,0,0,14,7,3,1030,530,487,407,166,220,1374,1569,1173,1569,1474,1569,1220,1569,886,1565,704,1562,0,1429,1120,4767,63,12,13.74,1.84,0.29,0.28,0.13,0.0,0.0,0.0,0.29,0.28,0.13,21.49,21.19,21.48,8.49,6.64,9.7,87.57,74.76,93.95,77.76,56.61,45.07,0.0,23.49
05-147,REVOLUCION IMSS (U HAB),GUSTAVO A. MADERO,False,,,,396,214,177,0,0,0,0,0,0,0,0,0,0,80,42,28,13,6,7,122,142,99,136,136,152,122,142,82,127,53,104,0,152,57,274,18,0,14.35,0.0,0.0,0.0,0.0,0.0,0.0,0.0,0.0,0.0,0.0,20.2,19.63,15.82,3.28,2.8,3.95,85.92,72.79,89.47,85.92,64.57,50.96,0.0,20.8
05-148,ROSAS DEL TEPEYAC,GUSTAVO A. MADERO,False,,,,1232,602,615,114,48,20,27,0,0,0,48,20,27,325,163,162,92,42,50,209,316,127,316,281,316,219,316,126,316,56,316,4,221,396,1050,6,1,9.79,9.25,3.9,3.32,4.39,0.0,0.0,0.0,3.9,3.32,4.39,26.38,27.08,26.34,7.47,6.98,8.13,66.14,40.19,88.92,69.3,39.87,17.72,1.81,37.71
05-149,SALVADOR DIAZ MIRON,GUSTAVO A. MADERO,False,,,,7748,4053,3666,204,73,25,20,0,0,0,73,25,20,1302,755,534,222,102,69,1626,2211,1210,2204,2011,2211,1615,2205,1178,2211,523,2033,0,1676,2243,7677,67,11,11.39,2.63,0.94,0.62,0.55,0.0,0.0,0.0,0.94,0.62,0.55,16.8,18.63,14.57,2.87,2.52,1.88,73.54,54.9,90.95,73.24,53.28,25.73,0.0,29.22
05-150,SAN ANTONIO,GUSTAVO A. MADERO,False,,,,553,266,287,17,3,0,0,0,0,0,3,0,0,120,66,54,6,0,,92,150,63,150,129,150,106,150,39,150,24,128,0,85,162,553,5,0,9.94,3.07,0.54,0.0,0.0,0.0,0.0,0.0,0.54,0.0,0.0,21.7,24.81,18.82,1.08,0.0,,61.33,42.0,86.0,70.67,26.0,18.75,0.0,29.29
05-151,SAN BARTOLO ATEPEHUACAN (PBLO),GUSTAVO A. MADERO,False,,,,6873,3557,3314,91,37,20,7,0,0,0,37,20,7,1353,702,636,363,156,185,2102,2444,1839,2435,2281,2444,1925,2441,1437,2413,1033,2395,8,2156,1361,6632,56,4,13.27,1.32,0.54,0.56,0.21,0.0,0.0,0.0,0.54,0.56,0.21,19.69,19.74,19.19,5.28,4.39,5.58,86.01,75.52,93.33,78.86,59.55,43.13,0.37,20.52
05-153,SAN JOSE DE LA ESCALERA,GUSTAVO A. MADERO,False,,,,4186,2168,2013,108,48,15,14,0,0,0,48,15,13,1021,545,475,235,110,110,829,1276,685,1276,1096,1276,913,1276,440,1276,275,1276,8,1115,1080,3996,26,2,11.23,2.58,1.15,0.69,0.7,0.0,0.0,0.0,1.15,0.69,0.65,24.39,25.14,23.6,5.61,5.07,5.46,64.97,53.68,85.89,71.55,34.48,21.55,0.72,27.03
05-154,SAN JOSE TICOMAN,GUSTAVO A. MADERO,False,,,,3282,1690,1592,70,4,0,0,0,0,0,4,0,0,835,427,402,218,87,120,833,933,700,933,885,933,720,928,531,917,380,817,0,917,800,3230,41,2,12.24,2.13,0.12,0.0,0.0,0.0,0.0,0.0,0.12,0.0,0.0,25.44,25.27,25.25,6.64,5.15,7.54,89.28,75.03,94.86,77.59,57.91,46.51,0.0,24.77
05-156,SAN JUAN DE ARAGON (PBLO),GUSTAVO A. MADERO,False,,,,12620,6570,6050,171,49,16,14,0,0,0,46,16,14,1480,847,607,212,111,87,2442,3366,1766,3353,3021,3369,2698,3366,1314,3329,863,3275,0,2496,3629,12260,69,6,10.69,1.35,0.39,0.24,0.23,0.0,0.0,0.0,0.36,0.24,0.23,11.73,12.89,10.03,1.68,1.69,1.44,72.55,52.67,89.67,80.15,39.47,26.35,0.0,29.6
05-159,SAN JUAN DE ARAGON 3A SECCION (U HAB) I,GUSTAVO A. MADERO,False,,,,5370,2827,2542,85,9,0,3,0,0,0,9,0,3,691,375,298,127,50,44,1107,1451,847,1443,1285,1451,1129,1451,699,1451,417,1389,0,1428,1413,5362,51,3,11.56,1.58,0.17,0.0,0.12,0.0,0.0,0.0,0.17,0.0,0.12,12.87,13.26,11.72,2.36,1.77,1.73,76.29,58.7,88.56,77.81,48.17,30.02,0.0,26.35
05-161,SAN JUAN DE ARAGON 6A SECCION (U HAB) I,GUSTAVO A. MADERO,False,,,,5457,2956,2496,50,4,0,3,0,0,0,4,0,3,911,541,369,169,70,61,1272,1524,1054,1524,1411,1524,1216,1524,832,1524,532,1524,0,1488,1276,5452,41,3,12.33,0.92,0.07,0.0,0.12,0.0,0.0,0.0,0.07,0.0,0.12,16.69,18.3,14.78,3.1,2.37,2.44,83.46,69.16,92.59,79.79,54.59,34.91,0.0,23.4
05-163,SAN JUAN III (U HAB),GUSTAVO A. MADERO,False,,,,4912,2603,2309,25,7,0,3,0,0,0,7,0,3,823,441,381,395,214,179,1514,1664,1301,1664,1629,1664,1209,1664,955,1664,805,1664,0,1345,924,3972,15,3,13.56,0.51,0.14,0.0,0.13,0.0,0.0,0.0,0.14,0.0,0.13,16.75,16.94,16.5,8.04,8.22,7.75,90.99,78.19,97.9,72.66,57.39,48.38,0.0,23.26
05-164,SAN JUAN Y GUADALUPE TICOMAN (BARR),GUSTAVO A. MADERO,False,,,,8112,4153,3959,539,199,96,74,0,0,0,197,94,74,1628,920,696,103,51,32,1468,2193,898,2120,1937,2199,1633,2199,1067,2171,275,1553,10,1640,2201,8077,65,2,9.68,6.64,2.45,2.31,1.87,0.0,0.0,0.0,2.43,2.26,1.87,20.07,22.15,17.58,1.27,1.23,0.81,66.94,42.36,88.09,74.26,49.15,17.71,0.61,27.25
05-165,SAN MIGUEL CUAUTEPEC,GUSTAVO A. MADERO,False,,,,1063,531,532,26,8,0,6,0,0,0,8,0,6,211,120,91,27,11,13,168,279,100,279,247,279,198,279,51,279,51,279,0,234,313,1063,5,0,9.84,2.45,0.75,0.0,1.13,0.0,0.0,0.0,0.75,0.0,1.13,19.85,22.6,17.11,2.54,2.07,2.44,60.22,35.84,88.53,70.97,18.28,18.28,0.0,29.44
05-166,SAN MIGUEL-LA ESCALERA (BARR),GUSTAVO A. MADERO,False,,,,1876,1009,867,78,17,4,7,0,0,0,11,4,3,347,202,126,59,25,25,301,450,206,434,412,450,354,444,153,444,79,398,0,346,540,1836,18,1,10.09,4.16,0.91,0.4,0.81,0.0,0.0,0.0,0.59,0.4,0.35,18.5,20.02,14.53,3.14,2.48,2.88,66.89,47.47,91.56,79.73,34.46,19.85,0.0,29.41
05-167,SAN PEDRO EL CHICO,GUSTAVO A. MADERO,False,,,,4485,2414,2060,39,17,0,3,0,0,0,17,0,3,794,457,337,140,64,57,1180,1400,1049,1400,1312,1400,1085,1400,828,1400,639,1400,0,1331,1192,4473,24,4,13.31,0.87,0.38,0.0,0.15,0.0,0.0,0.0,0.38,0.0,0.15,17.7,18.93,16.36,3.12,2.65,2.77,84.29,74.93,93.71,77.5,59.14,45.64,0.0,26.65
05-168,SAN PEDRO ZACATENCO (PBLO),GUSTAVO A. MADERO,False,,,,9021,4628,4389,273,101,40,43,0,0,0,97,39,41,1736,974,756,433,223,182,1978,2562,1549,2562,2335,2562,2194,2562,1269,2548,800,2551,0,2067,2136,9014,56,4,11.49,3.03,1.12,0.86,0.98,0.0,0.0,0.0,1.08,0.84,0.93,19.24,21.05,17.22,4.8,4.82,4.15,77.21,60.46,91.14,85.64,49.8,31.36,0.0,23.7
05-169,SAN RAFAEL TICOMAN (BARR),GUSTAVO A. MADERO,False,,,,1513,779,734,63,40,19,21,0,0,0,40,19,21,362,197,161,83,44,37,341,468,265,458,428,468,336,468,147,461,77,445,0,429,347,1485,11,0,11.04,4.16,2.64,2.44,2.86,0.0,0.0,0.0,2.64,2.44,2.86,23.93,25.29,21.93,5.49,5.65,5.04,72.86,57.86,91.45,71.79,31.89,17.3,0.0,23.37
05-170,SANTA ISABEL TOLA (PBLO),GUSTAVO A. MADERO,False,,,,14320,7439,6854,573,280,121,126,0,0,0,278,121,124,2924,1639,1266,651,342,258,3000,4016,2301,3996,3672,4013,3106,4013,2289,4002,1130,3913,0,3099,4182,14105,123,11,11.43,4.0,1.96,1.63,1.84,0.0,0.0,0.0,1.94,1.63,1.81,20.42,22.03,18.47,4.55,4.6,3.76,74.7,57.58,91.5,77.4,57.2,28.88,0.0,29.65
05-171,SANTA ROSA,GUSTAVO A. MADERO,False,,,,7792,4081,3701,100,33,0,3,0,0,0,30,0,3,1665,905,758,319,148,137,1785,2476,1491,2476,2174,2473,1824,2473,1073,2472,691,2404,11,2008,1928,7782,64,7,11.52,1.28,0.42,0.0,0.08,0.0,0.0,0.0,0.39,0.0,0.08,21.37,22.18,20.48,4.09,3.63,3.7,72.09,60.22,87.91,73.76,43.41,28.74,0.55,24.78
05-172,SANTIAGO ATEPETLAC,GUSTAVO A. MADERO,False,,,,3965,2072,1883,127,47,24,17,0,0,0,45,23,17,795,438,357,106,60,37,757,1157,564,1157,1016,1157,880,1157,419,1157,177,1045,0,896,1152,3767,23,4,10.47,3.2,1.19,1.16,0.9,0.0,0.0,0.0,1.13,1.11,0.9,20.05,21.14,18.96,2.67,2.9,1.96,65.43,48.75,87.81,76.06,36.21,16.94,0.0,30.58
05-173,SANTIAGO ATEPETLAC (LA SELVITA) (U HAB),GUSTAVO A. MADERO,False,,,,1609,841,768,17,3,1,1,0,0,0,3,1,1,347,181,137,50,19,10,344,463,250,447,425,463,385,463,208,428,137,367,0,413,311,1368,41,1,10.95,1.06,0.19,0.12,0.13,0.0,0.0,0.0,0.19,0.12,0.13,21.57,21.52,17.84,3.11,2.26,1.3,74.3,55.93,91.79,83.15,48.6,37.33,0.0,22.73
05-174,SANTIAGO ATZACOALCO (PBLO),GUSTAVO A. MADERO,False,,,,5410,2805,2605,162,72,32,22,0,0,0,71,32,21,1172,653,516,270,135,111,1080,1567,774,1558,1443,1574,1186,1574,728,1567,438,1547,0,1310,1407,5293,48,1,10.75,2.99,1.33,1.14,0.84,0.0,0.0,0.0,1.31,1.14,0.81,21.66,23.28,19.81,4.99,4.81,4.26,68.92,49.68,91.68,75.35,46.46,28.31,0.0,26.58
05-175,SCT (U HAB),GUSTAVO A. MADERO,False,,,,1298,698,600,6,2,0,0,0,0,0,2,0,0,265,156,109,74,37,35,410,474,350,474,454,474,382,474,207,465,199,470,0,441,212,636,11,2,13.29,0.46,0.15,0.0,0.0,0.0,0.0,0.0,0.15,0.0,0.0,20.42,22.35,18.17,5.7,5.3,5.83,86.5,73.84,95.78,80.59,44.52,42.34,0.0,33.33
05-176,SIETE MARAVILLAS,GUSTAVO A. MADERO,False,,,,1746,936,809,28,5,0,3,0,0,0,5,0,3,444,230,212,116,51,45,502,581,419,581,558,581,475,581,334,581,258,581,0,581,311,1688,22,1,12.77,1.6,0.29,0.0,0.37,0.0,0.0,0.0,0.29,0.0,0.37,25.43,24.57,26.21,6.64,5.45,5.56,86.4,72.12,96.04,81.76,57.49,44.41,0.0,18.42
05-177,SOLIDARIDAD NACIONAL,GUSTAVO A. MADERO,False,,,,2091,1066,1025,54,17,3,3,0,0,0,17,3,3,571,287,284,146,55,71,488,578,420,578,538,578,438,578,264,570,224,572,0,578,554,2091,30,1,12.7,2.58,0.81,0.28,0.29,0.0,0.0,0.0,0.81,0.28,0.29,27.31,26.92,27.71,6.98,5.16,6.93,84.43,72.66,93.08,75.78,46.32,39.16,0.0,26.49
05-178,SUTIC VALLEJO (U HAB),GUSTAVO A. MADERO,False,,,,409,210,199,13,5,0,0,0,0,0,5,0,0,79,38,39,8,2,6,90,117,68,117,112,117,89,117,59,117,40,117,0,117,90,184,6,1,10.88,3.18,1.22,0.0,0.0,0.0,0.0,0.0,1.22,0.0,0.0,19.32,18.1,19.6,1.96,0.95,3.02,76.92,58.12,95.73,76.07,50.43,34.19,0.0,48.91
05-179,TABLAS DE SAN AGUSTIN,GUSTAVO A. MADERO,False,,,,4848,2532,2316,89,13,6,4,0,0,0,13,6,4,542,303,224,72,30,29,1059,1468,915,1468,1283,1468,1135,1468,708,1468,426,1426,6,1146,1103,4258,41,0,11.57,1.84,0.27,0.24,0.17,0.0,0.0,0.0,0.27,0.24,0.17,11.18,11.97,9.67,1.49,1.18,1.25,72.14,62.33,87.4,77.32,48.23,29.87,0.52,25.9
05-180,TEPETATAL,GUSTAVO A. MADERO,False,,,,3119,1632,1484,116,46,18,7,0,0,0,46,18,7,686,363,323,64,29,27,539,882,346,882,780,882,643,885,191,866,137,866,0,800,882,3116,20,3,9.88,3.72,1.47,1.1,0.47,0.0,0.0,0.0,1.47,1.1,0.47,21.99,22.24,21.77,2.05,1.78,1.82,61.11,39.23,88.44,72.66,22.06,15.82,0.0,28.31
05-181,TEPEYAC INSURGENTES,GUSTAVO A. MADERO,False,,,,7706,4119,3575,133,47,12,16,0,0,0,47,12,16,1731,1040,670,469,245,174,2281,2620,1947,2617,2484,2620,2159,2620,1516,2620,1198,2617,0,2551,1900,7562,90,12,13.4,1.73,0.61,0.29,0.45,0.0,0.0,0.0,0.61,0.29,0.45,22.46,25.25,18.74,6.09,5.95,4.87,87.06,74.4,94.81,82.4,57.86,45.78,0.0,25.13
05-182,TLACAELEL,GUSTAVO A. MADERO,False,,,,4482,2273,2190,609,219,94,93,0,0,0,217,90,93,1391,754,636,56,17,22,699,1189,345,1127,1005,1189,866,1189,175,1050,142,1004,0,696,1081,4457,42,2,8.76,13.59,4.89,4.14,4.25,0.0,0.0,0.0,4.84,3.96,4.25,31.04,33.17,29.04,1.25,0.75,1.0,58.79,30.61,84.52,72.83,16.67,14.14,0.0,24.25
05-183,TLACAMACA,GUSTAVO A. MADERO,False,,,,1620,828,792,46,16,8,7,0,0,0,16,8,7,334,173,156,87,43,43,325,430,241,430,381,430,324,430,186,430,116,430,0,257,461,1620,6,0,10.61,2.84,0.99,0.97,0.88,0.0,0.0,0.0,0.99,0.97,0.88,20.62,20.89,19.7,5.37,5.19,5.43,75.58,56.05,88.6,75.35,43.26,26.98,0.0,28.46
05-184,TLALPEXCO,GUSTAVO A. MADERO,False,,,,12757,6417,6331,1390,497,223,206,0,0,0,494,221,206,3859,2033,1815,274,140,110,1832,3417,988,3328,2948,3434,2554,3419,485,3054,274,2583,6,2628,3608,12607,105,8,8.87,10.9,3.9,3.48,3.25,0.0,0.0,0.0,3.87,3.44,3.25,30.25,31.68,28.67,2.15,2.18,1.74,53.61,29.69,85.85,74.7,15.88,10.61,0.23,28.62
05-185,TORRES DE QUIROGA (U HAB),GUSTAVO A. MADERO,False,,,,9238,4909,4329,239,116,66,50,0,0,0,115,66,49,1553,849,704,450,224,226,2122,2769,1640,2769,2578,2769,1956,2769,1533,2769,918,2769,7,1439,2481,9055,7,0,11.21,2.59,1.26,1.34,1.16,0.0,0.0,0.0,1.24,1.34,1.13,16.81,17.29,16.26,4.87,4.56,5.22,76.63,59.23,93.1,70.64,55.36,33.15,0.49,27.4
05-186,TORRES DE SAN JUAN (U HAB),GUSTAVO A. MADERO,False,,,,837,435,401,3,0,0,0,0,0,0,0,0,0,126,64,61,54,29,25,272,292,240,292,288,292,215,292,186,292,159,292,0,292,160,410,2,0,13.84,0.36,0.0,0.0,0.0,0.0,0.0,0.0,0.0,0.0,0.0,15.05,14.71,15.21,6.45,6.67,6.23,93.15,82.19,98.63,73.63,63.7,54.45,0.0,39.02
05-187,TORRES DE SAN JUAN 1B (U HAB),GUSTAVO A. MADERO,False,,,,853,455,398,8,3,0,2,0,0,0,3,0,2,149,78,71,74,39,35,275,299,249,299,292,299,221,299,168,299,168,299,0,299,151,396,2,0,13.95,0.94,0.35,0.0,0.5,0.0,0.0,0.0,0.35,0.0,0.5,17.47,17.14,17.84,8.68,8.57,8.79,91.97,83.28,97.66,73.91,56.19,56.19,0.0,38.13
05-188,TORRES LINDAVISTA (FRACC),GUSTAVO A. MADERO,False,,,,3367,1832,1535,12,25,20,0,0,0,0,25,20,0,703,436,254,189,111,58,1004,1073,909,1073,1050,1073,812,1073,765,1073,589,1073,0,1073,756,3194,39,3,14.02,0.36,0.74,1.09,0.0,0.0,0.0,0.0,0.74,1.09,0.0,20.88,23.8,16.55,5.61,6.06,3.78,93.57,84.72,97.86,75.68,71.3,54.89,0.0,23.67
05-189,TRES ESTRELLAS,GUSTAVO A. MADERO,False,,,,4540,2398,2141,91,26,8,3,0,0,0,26,8,3,714,425,287,135,58,64,1059,1399,831,1399,1297,1399,1081,1399,667,1399,457,1399,0,1191,1275,4538,25,2,11.86,2.0,0.57,0.33,0.14,0.0,0.0,0.0,0.57,0.33,0.14,15.73,17.72,13.4,2.97,2.42,2.99,75.7,59.4,92.71,77.27,47.68,32.67,0.0,28.1
05-190,TRIUNFO DE LA REPUBLICA,GUSTAVO A. MADERO,False,,,,2965,1521,1444,175,79,35,40,0,0,0,78,35,37,574,323,248,49,14,26,574,806,400,802,717,806,617,802,476,806,169,752,0,727,809,2711,19,0,10.51,5.9,2.66,2.3,2.77,0.0,0.0,0.0,2.63,2.3,2.56,19.36,21.24,17.17,1.65,0.92,1.8,71.22,49.88,88.96,76.93,59.06,22.47,0.0,29.84
05-192,VALLE DE MADERO,GUSTAVO A. MADERO,False,,,,4033,2053,1966,152,40,14,10,0,0,0,40,14,10,698,380,317,77,37,35,734,1084,513,1073,947,1084,816,1084,238,1073,204,1028,0,526,991,4019,19,3,10.15,3.77,0.99,0.68,0.51,0.0,0.0,0.0,0.99,0.68,0.51,17.31,18.51,16.12,1.91,1.8,1.78,67.71,47.81,87.36,75.28,22.18,19.84,0.0,24.66
05-193,VALLE DEL TEPEYAC,GUSTAVO A. MADERO,False,,,,2156,1159,997,16,0,0,0,0,0,0,0,0,0,383,212,169,74,30,35,660,731,567,731,685,731,572,731,486,731,307,731,0,697,424,2156,21,0,14.39,0.74,0.0,0.0,0.0,0.0,0.0,0.0,0.0,0.0,0.0,17.76,18.29,16.95,3.43,2.59,3.51,90.29,77.56,93.71,78.25,66.48,42.0,0.0,19.67
05-195,VALLEJO PONIENTE,GUSTAVO A. MADERO,False,,,,2238,1198,1037,89,20,8,9,0,0,0,20,8,9,599,334,261,224,128,93,509,716,396,693,666,716,535,716,279,693,227,693,0,573,469,2235,19,2,11.55,3.98,0.89,0.67,0.87,0.0,0.0,0.0,0.89,0.67,0.87,26.76,27.88,25.17,10.01,10.68,8.97,71.09,57.14,93.02,74.72,40.26,32.76,0.0,20.98
05-196,VASCO DE QUIROGA,GUSTAVO A. MADERO,False,,,,9483,4984,4492,216,68,30,9,0,0,0,68,30,9,1616,912,680,252,116,117,1951,2763,1374,2745,2496,2768,2167,2768,1124,2724,619,2695,3,1938,2488,9219,66,5,10.99,2.28,0.72,0.6,0.2,0.0,0.0,0.0,0.72,0.6,0.2,17.04,18.3,15.14,2.66,2.33,2.6,70.61,50.05,90.17,78.29,41.26,22.97,0.15,26.99
05-197,VERONICA CASTRO,GUSTAVO A. MADERO,False,,,,1480,740,740,330,140,66,60,4,0,0,135,64,57,521,273,249,80,40,31,193,365,80,274,321,372,295,372,33,260,26,257,0,254,437,1362,17,1,8.43,22.3,9.46,8.92,8.11,0.27,0.0,0.0,9.12,8.65,7.7,35.2,36.89,33.65,5.41,5.41,4.19,52.88,29.2,86.29,79.3,12.69,10.12,0.0,32.09
05-198,VILLA DE ARAGON (FRACC),GUSTAVO A. MADERO,False,,,,4305,2183,2112,21,14,10,0,0,0,0,14,10,0,665,340,324,112,60,44,1132,1295,968,1295,1210,1295,1024,1295,683,1295,429,1295,0,1244,1175,4229,26,4,12.83,0.49,0.33,0.46,0.0,0.0,0.0,0.0,0.33,0.46,0.0,15.45,15.57,15.34,2.6,2.75,2.08,87.41,74.75,93.44,79.07,52.74,33.13,0.0,27.78
05-199,VILLA GUSTAVO A MADERO,GUSTAVO A. MADERO,False,,,,3859,2062,1796,224,48,15,23,0,0,0,48,15,23,712,412,291,185,102,76,816,1058,603,1054,988,1058,835,1058,503,1044,332,1044,0,974,1070,3837,26,0,11.38,5.8,1.24,0.73,1.28,0.0,0.0,0.0,1.24,0.73,1.28,18.45,19.98,16.2,4.79,4.95,4.23,77.13,57.21,93.38,78.92,48.18,31.8,0.0,27.89
05-200,VILLA HERMOSA,GUSTAVO A. MADERO,False,,,,1608,844,764,17,5,1,0,0,0,0,5,1,0,252,146,106,19,8,5,312,458,235,458,412,458,317,458,183,458,105,458,0,198,529,1339,6,0,10.86,1.06,0.31,0.12,0.0,0.0,0.0,0.0,0.31,0.12,0.0,15.67,17.3,13.87,1.18,0.95,0.65,68.12,51.31,89.96,69.21,39.96,22.93,0.0,39.51
05-202,VISTA HERMOSA,GUSTAVO A. MADERO,False,,,,2140,1047,1092,211,67,29,30,0,0,0,66,28,30,664,367,293,58,27,25,289,575,131,554,448,575,392,575,67,448,29,402,0,499,920,2137,14,2,8.21,9.86,3.13,2.77,2.75,0.0,0.0,0.0,3.08,2.67,2.75,31.03,35.05,26.83,2.71,2.58,2.29,50.26,23.65,77.91,68.17,14.96,7.21,0.0,43.05
05-205,ZONA ESCOLAR ORIENTE,GUSTAVO A. MADERO,False,,,,3003,1593,1409,56,17,4,7,0,0,0,17,4,7,626,341,284,59,32,21,588,822,419,818,752,822,715,818,250,818,192,818,0,822,630,2985,18,0,10.58,1.86,0.57,0.25,0.5,0.0,0.0,0.0,0.57,0.25,0.5,20.85,21.41,20.16,1.96,2.01,1.49,71.53,51.22,91.48,87.41,30.56,23.47,0.0,21.11
05-206,15 DE AGOSTO,GUSTAVO A. MADERO,False,,,,3748,1961,1786,140,49,20,24,0,0,0,49,20,24,511,280,230,64,28,36,746,1088,525,1088,947,1088,831,1088,523,1088,263,1079,0,755,993,3707,16,1,10.81,3.74,1.31,1.02,1.34,0.0,0.0,0.0,1.31,1.02,1.34,13.63,14.28,12.88,1.71,1.43,2.02,68.57,48.25,87.04,76.38,48.07,24.37,0.0,26.79
05-208,25 DE JULIO,GUSTAVO A. MADERO,False,,,,3447,1809,1629,120,50,22,23,0,0,0,49,21,23,531,283,241,120,55,56,626,951,433,938,878,954,690,951,316,933,258,929,0,825,1157,3367,31,3,10.54,3.48,1.45,1.22,1.41,0.0,0.0,0.0,1.42,1.16,1.41,15.4,15.64,14.79,3.48,3.04,3.44,65.83,46.16,92.03,72.56,33.87,27.77,0.0,34.36
05-210,51 LEGISLATURA,GUSTAVO A. MADERO,False,,,,611,326,285,3,0,0,0,0,0,0,0,0,0,75,37,33,15,11,3,146,171,110,171,162,171,135,171,95,171,61,155,0,171,151,608,10,0,12.34,0.49,0.0,0.0,0.0,0.0,0.0,0.0,0.0,0.0,0.0,12.27,11.35,11.58,2.45,3.37,1.05,85.38,64.33,94.74,78.95,55.56,39.35,0.0,24.84
05-211,6 DE JUNIO,GUSTAVO A. MADERO,False,,,,2709,1356,1352,282,82,36,30,0,0,0,82,36,30,790,424,363,41,13,12,418,705,202,678,625,708,570,708,118,596,89,636,0,578,624,2675,27,0,8.77,10.41,3.03,2.65,2.22,0.0,0.0,0.0,3.03,2.65,2.22,29.16,31.27,26.85,1.51,0.96,0.89,59.29,29.79,88.28,80.51,19.8,13.99,0.0,23.33
05-212,7 DE NOVIEMBRE,GUSTAVO A. MADERO,False,,,,3667,1936,1722,70,15,3,0,0,0,0,15,3,0,406,237,165,85,35,30,815,1088,610,1082,989,1091,875,1088,508,1083,369,1070,0,654,913,3583,36,2,11.64,1.91,0.41,0.15,0.0,0.0,0.0,0.0,0.41,0.15,0.0,11.07,12.24,9.58,2.32,1.81,1.74,74.91,56.38,90.65,80.42,46.91,34.49,0.0,25.48
05-213,VILLA DE ARAGON,GUSTAVO A. MADERO,False,,,,763,373,365,37,5,4,0,0,0,0,5,4,0,143,69,51,29,14,6,109,143,56,129,148,161,111,146,38,93,9,76,0,167,238,698,36,4,10.01,4.85,0.66,1.07,0.0,0.0,0.0,0.0,0.66,1.07,0.0,18.74,18.5,13.97,3.8,3.75,1.64,76.22,43.41,91.93,76.03,40.86,11.84,0.0,34.1
05-214,JOYAS VALLEJO (U HAB),GUSTAVO A. MADERO,False,,,,8067,4175,3892,112,48,20,14,0,0,0,48,20,14,1844,983,861,753,391,362,2807,3059,2560,3059,3002,3059,2313,3059,1903,3059,1759,3059,0,3059,1277,8067,17,1,14.01,1.39,0.6,0.48,0.36,0.0,0.0,0.0,0.6,0.48,0.36,22.86,23.54,22.12,9.33,9.37,9.3,91.76,83.69,98.14,75.61,62.21,57.5,0.0,15.83
05-215,CAMPESTRE ARAGON I,GUSTAVO A. MADERO,False,,,,11248,5943,5299,236,74,27,13,0,0,0,74,27,13,1948,1112,834,208,82,91,2405,3257,1710,3257,2963,3257,2610,3257,1323,3257,681,3146,3,2417,2665,11186,44,4,10.77,2.1,0.66,0.45,0.25,0.0,0.0,0.0,0.66,0.45,0.25,17.32,18.71,15.74,1.85,1.38,1.72,73.84,52.5,90.97,80.14,40.62,21.65,0.12,23.82
05-216,CAMPESTRE ARAGON II,GUSTAVO A. MADERO,False,,,,12131,6380,5750,159,56,12,19,0,0,0,56,12,19,2089,1184,895,240,102,91,2420,3443,1831,3447,3121,3447,2703,3447,1423,3443,761,3401,0,2436,3407,12078,60,6,11.07,1.31,0.46,0.19,0.33,0.0,0.0,0.0,0.46,0.19,0.33,17.22,18.56,15.57,1.98,1.6,1.58,70.29,53.12,90.54,78.42,41.33,22.38,0.0,28.21
05-217,CASAS ALEMAN (AMPL) I,GUSTAVO A. MADERO,False,,,,11002,5759,5243,291,121,49,43,0,0,0,119,48,42,1688,977,705,330,172,135,2139,3177,1544,3177,2894,3177,2505,3177,1315,3173,799,3134,0,2780,2968,10965,51,2,10.89,2.64,1.1,0.85,0.82,0.0,0.0,0.0,1.08,0.83,0.8,15.34,16.96,13.45,3.0,2.99,2.57,67.33,48.6,91.09,78.85,41.44,25.49,0.0,27.07
05-218,CASAS ALEMAN (AMPL) II,GUSTAVO A. MADERO,False,,,,10833,5664,5158,174,68,25,13,0,0,0,62,19,10,1700,975,725,245,111,105,2260,3139,1773,3139,2886,3142,2536,3139,1323,3139,757,3141,0,2836,2408,10800,51,5,11.46,1.61,0.63,0.44,0.25,0.0,0.0,0.0,0.57,0.34,0.19,15.69,17.21,14.06,2.26,1.96,2.04,72.0,56.48,91.85,80.79,42.15,24.1,0.0,22.3
05-219,CHALMA DE GUADALUPE I,GUSTAVO A. MADERO,False,,,,11781,5996,5783,354,92,17,31,0,0,0,91,17,31,3328,1705,1622,241,90,103,1999,3236,1311,3221,2748,3239,2522,3236,848,3181,416,2844,0,2397,3409,11684,72,7,9.62,3.0,0.78,0.28,0.54,0.0,0.0,0.0,0.77,0.28,0.54,28.25,28.44,28.05,2.05,1.5,1.78,61.77,40.7,84.84,77.94,26.66,14.63,0.0,29.18
05-220,CHALMA DE GUADALUPE II,GUSTAVO A. MADERO,False,,,,10089,5115,4951,279,92,43,28,0,0,0,91,43,27,3107,1691,1416,231,98,106,1746,2872,1151,2872,2456,2878,2076,2878,819,2871,389,2328,0,2284,2493,10063,70,5,9.82,2.77,0.91,0.84,0.57,0.0,0.0,0.0,0.9,0.84,0.55,30.8,33.06,28.6,2.29,1.92,2.14,60.79,40.08,85.34,72.13,28.53,16.71,0.0,24.77
05-221,GABRIEL HERNANDEZ (AMPL) I,GUSTAVO A. MADERO,False,,,,7326,3807,3516,232,77,39,32,0,0,0,73,35,32,1307,687,613,123,47,47,1241,2010,878,1995,1779,2010,1507,2010,735,1994,376,1915,16,1526,1917,7207,48,5,10.12,3.17,1.05,1.02,0.91,0.0,0.0,0.0,1.0,0.92,0.91,17.84,18.05,17.43,1.68,1.23,1.34,61.74,44.01,88.51,74.98,36.86,19.63,1.05,26.6
05-222,GABRIEL HERNANDEZ (AMPL) II,GUSTAVO A. MADERO,False,,,,7262,3777,3476,308,121,44,54,0,0,0,117,42,53,1301,743,556,131,43,54,1202,1993,801,1993,1691,1993,1526,1997,650,1993,338,1915,6,1355,1844,7230,41,4,9.78,4.24,1.67,1.16,1.55,0.0,0.0,0.0,1.61,1.11,1.52,17.92,19.67,16.0,1.8,1.14,1.55,60.31,40.19,84.85,76.41,32.61,17.65,0.44,25.5
05-223,INDUSTRIAL I,GUSTAVO A. MADERO,False,,,,8852,4774,4072,108,45,6,19,0,0,0,45,6,19,1503,872,619,388,172,158,2472,2962,2132,2962,2781,2962,2487,2962,1711,2962,1239,2907,0,2622,2364,8846,76,9,13.38,1.22,0.51,0.13,0.47,0.0,0.0,0.0,0.51,0.13,0.47,16.98,18.27,15.2,4.38,3.6,3.88,83.46,71.98,93.89,83.96,57.77,42.62,0.0,26.72
05-224,INDUSTRIAL II,GUSTAVO A. MADERO,False,,,,8701,4689,4012,99,25,9,4,0,0,0,25,9,4,1554,919,630,306,136,119,2542,2975,2262,2975,2776,2975,2532,2975,1843,2970,1361,2975,0,2803,2169,8701,66,8,13.58,1.14,0.29,0.19,0.1,0.0,0.0,0.0,0.29,0.19,0.1,17.86,19.6,15.7,3.52,2.9,2.97,85.45,76.03,93.31,85.11,62.05,45.75,0.0,24.93
05-225,LINDAVISTA I,GUSTAVO A. MADERO,False,,,,9382,5036,4345,102,29,9,8,0,0,0,29,9,8,1833,979,820,559,262,253,2863,3251,2641,3258,3101,3261,2606,3251,2281,3251,1693,3177,0,2711,2253,9195,104,2,14.07,1.09,0.31,0.18,0.18,0.0,0.0,0.0,0.31,0.18,0.18,19.54,19.44,18.87,5.96,5.2,5.82,88.07,81.06,95.09,80.16,70.16,53.29,0.0,24.5
05-226,LINDAVISTA II,GUSTAVO A. MADERO,False,,,,9392,4776,4213,45,21,13,0,0,0,0,21,13,0,1534,869,658,461,229,207,2757,2957,2550,2957,2875,2957,2507,2957,2246,2957,1559,2957,0,2957,2650,8985,76,4,14.2,0.48,0.22,0.27,0.0,0.0,0.0,0.0,0.22,0.27,0.0,16.33,18.2,15.62,4.91,4.79,4.91,93.24,86.24,97.23,84.78,75.96,52.72,0.0,29.49
05-227,MARTIN CARRERA I,GUSTAVO A. MADERO,False,,,,9691,5159,4531,255,92,48,29,0,0,0,92,48,29,1369,803,563,316,170,140,1866,2757,1282,2757,2446,2757,2183,2757,1425,2757,628,2676,0,2122,2905,9640,26,2,10.39,2.63,0.95,0.93,0.64,0.0,0.0,0.0,0.95,0.93,0.64,14.13,15.57,12.43,3.26,3.3,3.09,67.68,46.5,88.72,79.18,51.69,23.47,0.0,30.13
05-228,MARTIN CARRERA II,GUSTAVO A. MADERO,False,,,,8329,4361,3968,190,60,15,35,0,0,0,60,15,35,1011,544,450,65,28,27,1738,2484,1257,2484,2198,2484,1794,2484,1472,2484,552,2346,4,2190,2536,8115,43,3,10.72,2.28,0.72,0.34,0.88,0.0,0.0,0.0,0.72,0.34,0.88,12.14,12.47,11.34,0.78,0.64,0.68,69.97,50.6,88.49,72.22,59.26,23.53,0.18,31.25
05-229,NUEVA ATZACOALCO I,GUSTAVO A. MADERO,False,,,,10391,5393,4991,341,124,55,55,0,0,0,122,52,54,1708,933,770,288,130,127,1921,2947,1201,2947,2611,2947,2116,2947,1001,2947,643,2947,0,1567,2676,10239,41,3,10.3,3.28,1.19,1.02,1.1,0.0,0.0,0.0,1.17,0.96,1.08,16.44,17.3,15.43,2.77,2.41,2.54,65.18,40.75,88.6,71.8,33.97,21.82,0.0,26.14
05-230,NUEVA ATZACOALCO II,GUSTAVO A. MADERO,False,,,,9898,5200,4694,174,52,18,14,0,0,0,52,18,14,1637,929,705,229,106,109,1903,2869,1342,2868,2542,2869,2155,2868,947,2859,575,2868,0,2249,2797,9884,36,5,10.63,1.76,0.53,0.35,0.3,0.0,0.0,0.0,0.53,0.35,0.3,16.54,17.87,15.02,2.31,2.04,2.32,66.33,46.79,88.6,75.14,33.12,20.05,0.0,28.3
05-231,NUEVA ATZACOALCO III,GUSTAVO A. MADERO,False,,,,10229,5410,4814,196,76,25,26,0,0,0,74,24,25,1512,865,643,253,107,121,1974,2983,1390,2981,2644,2983,2266,2979,1018,2981,620,2981,3,2087,2843,10158,41,4,10.64,1.92,0.74,0.46,0.54,0.0,0.0,0.0,0.72,0.44,0.52,14.78,15.99,13.36,2.47,1.98,2.51,66.17,46.63,88.64,76.07,34.15,20.8,0.14,27.99
05-232,PROGRESO NACIONAL I,GUSTAVO A. MADERO,False,,,,6200,3265,2933,121,37,7,15,0,0,0,37,7,15,1341,735,605,233,124,95,1387,1859,962,1859,1683,1859,1507,1859,763,1859,574,1859,3,1724,1576,6194,33,3,11.07,1.95,0.6,0.21,0.51,0.0,0.0,0.0,0.6,0.21,0.51,21.63,22.51,20.63,3.76,3.8,3.24,74.61,51.75,90.53,81.07,41.04,30.88,0.17,25.44
05-233,PROGRESO NACIONAL II,GUSTAVO A. MADERO,False,,,,6252,3305,2943,175,50,16,15,0,0,0,49,16,15,1037,569,458,177,76,83,1266,1892,971,1892,1689,1892,1514,1892,751,1888,392,1872,3,1278,1568,6122,39,5,11.07,2.8,0.8,0.48,0.51,0.0,0.0,0.0,0.78,0.48,0.51,16.59,17.22,15.56,2.83,2.3,2.82,66.91,51.32,89.27,80.02,39.78,20.94,0.23,25.61
05-234,PROVIDENCIA I,GUSTAVO A. MADERO,False,,,,8322,4393,3924,128,32,11,8,0,0,0,32,11,8,1344,750,589,185,84,75,1721,2394,1229,2394,2176,2394,1925,2394,930,2394,626,2383,0,1778,2286,8289,50,5,10.62,1.54,0.38,0.25,0.2,0.0,0.0,0.0,0.38,0.25,0.2,16.15,17.07,15.01,2.22,1.91,1.91,71.89,51.34,90.89,80.41,38.85,26.27,0.0,27.58
05-235,PROVIDENCIA II,GUSTAVO A. MADERO,False,,,,8186,4249,3936,143,56,18,22,0,0,0,56,18,22,1445,788,654,254,113,118,1486,2175,1009,2175,1969,2175,1709,2175,753,2142,550,2175,0,1900,2339,8177,36,0,10.33,1.75,0.68,0.42,0.56,0.0,0.0,0.0,0.68,0.42,0.56,17.65,18.55,16.62,3.1,2.66,3.0,68.32,46.39,90.53,78.57,35.15,25.29,0.0,28.6
05-236,PROVIDENCIA III,GUSTAVO A. MADERO,False,,,,8571,4529,4038,156,54,22,12,0,0,0,54,22,12,1617,899,718,295,135,149,1629,2340,1046,2340,2102,2340,1678,2340,754,2340,512,2311,0,1636,2413,8553,29,2,10.34,1.82,0.63,0.49,0.3,0.0,0.0,0.0,0.63,0.49,0.3,18.87,19.85,17.78,3.44,2.98,3.69,69.62,44.7,89.83,71.71,32.22,22.15,0.0,28.21
05-237,SAN FELIPE DE JESUS I,GUSTAVO A. MADERO,False,,,,11277,5811,5466,294,100,43,33,0,0,0,100,43,33,2020,1126,880,211,67,89,1857,2939,1170,2923,2608,2939,2148,2933,952,2893,574,2675,3,2202,3579,11275,89,8,10.15,2.61,0.89,0.74,0.6,0.0,0.0,0.0,0.89,0.74,0.6,17.91,19.38,16.1,1.87,1.15,1.63,63.18,40.03,88.74,73.24,32.91,21.46,0.14,31.74
05-238,SAN FELIPE DE JESUS II,GUSTAVO A. MADERO,False,,,,10734,5610,5109,166,26,5,10,0,0,0,26,5,10,1560,849,685,141,55,57,1981,3047,1444,3041,2742,3047,2291,3038,998,3005,619,2790,0,2831,3391,10694,93,7,10.45,1.55,0.24,0.09,0.2,0.0,0.0,0.0,0.24,0.09,0.2,14.53,15.13,13.41,1.31,0.98,1.12,65.01,47.48,89.99,75.41,33.21,22.19,0.0,31.71
05-239,SAN FELIPE DE JESUS III,GUSTAVO A. MADERO,False,,,,11173,5835,5333,201,50,16,17,0,0,0,42,15,14,1635,907,721,215,106,71,2151,3237,1445,3237,2874,3237,2532,3237,1085,3237,612,3015,0,2769,3396,11162,78,6,10.46,1.8,0.45,0.27,0.32,0.0,0.0,0.0,0.38,0.26,0.26,14.63,15.54,13.52,1.92,1.82,1.33,66.45,44.64,88.79,78.22,33.52,20.3,0.0,30.42
05-240,SAN FELIPE DE JESUS IV,GUSTAVO A. MADERO,False,,,,12229,6381,5840,288,98,45,31,0,0,0,94,44,31,2068,1158,891,261,112,102,2107,3440,1459,3440,3066,3440,2571,3440,1092,3421,568,3301,0,2959,3834,12220,84,7,10.35,2.36,0.8,0.71,0.53,0.0,0.0,0.0,0.77,0.69,0.53,16.91,18.15,15.26,2.13,1.76,1.75,61.25,42.41,89.13,74.74,31.92,17.21,0.0,31.37
05-241,SAN JUAN DE ARAGON 1A SECCION (U HAB) I,GUSTAVO A. MADERO,False,,,,8200,4371,3824,88,14,4,3,0,0,0,13,4,3,1083,638,437,221,96,86,1742,2231,1381,2231,2050,2231,1785,2231,1071,2231,768,2217,0,1917,2177,8193,64,5,11.67,1.07,0.17,0.09,0.08,0.0,0.0,0.0,0.16,0.09,0.08,13.21,14.6,11.43,2.7,2.2,2.25,78.08,61.9,91.89,80.01,48.01,34.64,0.0,26.57
05-242,SAN JUAN DE ARAGON 1A SECCION (U HAB) II,GUSTAVO A. MADERO,False,,,,8570,4574,3996,83,7,4,0,0,0,0,7,4,0,1168,705,449,172,63,65,1803,2295,1419,2295,2096,2295,1714,2295,1091,2295,745,2243,0,2122,2287,8561,64,2,11.72,0.97,0.08,0.09,0.0,0.0,0.0,0.0,0.08,0.09,0.0,13.63,15.41,11.24,2.01,1.38,1.63,78.56,61.83,91.33,74.68,47.54,33.21,0.0,26.71
05-243,SAN JUAN DE ARAGON 2A SECCION (U HAB) I,GUSTAVO A. MADERO,False,,,,7339,3939,3394,39,3,0,0,0,0,0,3,0,0,930,538,370,248,95,87,1590,1962,1256,1962,1775,1962,1538,1962,1010,1962,638,1962,0,1845,1888,7330,71,7,12.09,0.53,0.04,0.0,0.0,0.0,0.0,0.0,0.04,0.0,0.0,12.67,13.66,10.9,3.38,2.41,2.56,81.04,64.02,90.47,78.39,51.48,32.52,0.0,25.76
05-244,SAN JUAN DE ARAGON 2A SECCION (U HAB) II,GUSTAVO A. MADERO,False,,,,6037,3189,2848,34,0,0,0,0,0,0,0,0,0,730,426,287,110,36,47,1268,1575,981,1575,1427,1575,1242,1575,831,1575,560,1553,0,1418,1577,6034,46,2,11.58,0.56,0.0,0.0,0.0,0.0,0.0,0.0,0.0,0.0,0.0,12.09,13.36,10.08,1.82,1.13,1.65,80.51,62.29,90.6,78.86,52.76,36.06,0.0,26.14
05-245,SAN JUAN DE ARAGON 4A  Y 5A SECCION (U HAB) I,GUSTAVO A. MADERO,False,,,,7070,3766,3293,59,7,0,0,0,0,0,7,0,0,1045,602,403,145,53,45,1749,2073,1452,2070,1870,2073,1609,2070,1199,2061,760,1986,0,1924,1610,7022,100,3,12.92,0.83,0.1,0.0,0.0,0.0,0.0,0.0,0.1,0.0,0.0,14.78,15.99,12.24,2.05,1.41,1.37,84.37,70.14,90.21,77.73,58.18,38.27,0.0,22.93
05-246,SAN JUAN DE ARAGON 4A  Y 5A SECCION (U HAB) II,GUSTAVO A. MADERO,False,,,,6204,3296,2891,34,0,0,0,0,0,0,0,0,0,1001,578,419,227,100,100,1516,1818,1235,1818,1643,1818,1464,1818,1085,1818,619,1818,0,1617,1359,6038,60,4,12.98,0.55,0.0,0.0,0.0,0.0,0.0,0.0,0.0,0.0,0.0,16.13,17.54,14.49,3.66,3.03,3.46,83.39,67.93,90.37,80.53,59.68,34.05,0.0,22.51
05-247,SAN JUAN DE ARAGON 7 SECC (U HAB) I,GUSTAVO A. MADERO,False,,,,6050,3112,2924,79,15,0,3,0,0,0,15,0,3,782,442,340,142,56,64,1055,1475,797,1475,1323,1475,1288,1475,562,1475,419,1475,0,1362,1479,6034,30,2,10.58,1.31,0.25,0.0,0.1,0.0,0.0,0.0,0.25,0.0,0.1,12.93,14.2,11.63,2.35,1.8,2.19,71.53,54.03,89.69,87.32,38.1,28.41,0.0,24.51
05-248,SAN JUAN DE ARAGON 7 SECC (U HAB) II,GUSTAVO A. MADERO,False,,,,6377,3289,3067,94,8,0,6,0,0,0,8,0,6,852,495,357,139,55,50,1122,1501,806,1501,1350,1501,1157,1501,613,1501,375,1501,0,1292,1450,6354,39,5,10.57,1.47,0.13,0.0,0.2,0.0,0.0,0.0,0.13,0.0,0.2,13.36,15.05,11.64,2.18,1.67,1.63,74.75,53.7,89.94,77.08,40.84,24.98,0.0,22.82
05-249,VALLEJO I,GUSTAVO A. MADERO,False,,,,9903,5284,4603,236,83,33,27,0,0,0,82,32,27,1848,1058,788,531,249,255,2356,3183,1796,3179,2920,3183,2476,3179,1387,3175,1054,3168,0,2744,2492,9879,56,5,11.52,2.38,0.84,0.62,0.59,0.0,0.0,0.0,0.83,0.61,0.59,18.66,20.02,17.12,5.36,4.71,5.54,74.02,56.5,91.74,77.89,43.69,33.27,0.0,25.23
05-250,VALLEJO II,GUSTAVO A. MADERO,False,,,,9194,4830,4364,126,49,16,14,0,0,0,49,16,14,1396,757,630,279,130,115,2085,2854,1595,2854,2594,2854,2247,2854,1254,2854,910,2846,7,2415,2497,9194,49,4,11.51,1.37,0.53,0.33,0.32,0.0,0.0,0.0,0.53,0.33,0.32,15.18,15.67,14.44,3.03,2.69,2.64,73.06,55.89,90.89,78.73,43.94,31.97,0.29,27.16
05-251,ZONA ESCOLAR I,GUSTAVO A. MADERO,False,,,,6822,3580,3242,107,22,7,3,0,0,0,22,7,3,1648,897,747,181,64,81,1299,1890,980,1890,1658,1890,1390,1890,657,1890,381,1755,0,1299,1964,6814,49,3,10.82,1.57,0.32,0.2,0.09,0.0,0.0,0.0,0.32,0.2,0.09,24.16,25.06,23.04,2.65,1.79,2.5,68.73,51.85,87.72,73.54,34.76,21.71,0.0,28.82
05-252,ZONA ESCOLAR II,GUSTAVO A. MADERO,False,,,,7208,3709,3499,222,68,32,12,0,0,0,67,29,12,1678,921,756,174,87,51,1435,2063,1040,2063,1802,2063,1598,2063,594,2008,375,1897,0,1860,1972,7200,59,2,10.51,3.08,0.94,0.86,0.34,0.0,0.0,0.0,0.93,0.78,0.34,23.28,24.83,21.61,2.41,2.35,1.46,69.56,50.41,87.35,77.46,29.58,19.77,0.0,27.39
05-253,LA ESMERALDA II,GUSTAVO A. MADERO,False,,,,1618,849,765,12,0,0,0,0,0,0,0,0,0,260,147,112,57,29,13,332,423,246,423,401,423,342,423,208,423,138,408,0,423,357,1607,15,1,11.68,0.74,0.0,0.0,0.0,0.0,0.0,0.0,0.0,0.0,0.0,16.07,17.31,14.64,3.52,3.42,1.7,78.49,58.16,94.8,80.85,49.17,33.82,0.0,22.22
05-254,LA ESMERALDA III,GUSTAVO A. MADERO,False,,,,2959,1524,1421,28,4,3,0,0,0,0,4,3,0,558,317,242,114,49,48,688,894,525,894,841,894,754,894,447,894,373,894,0,894,625,2938,24,6,11.42,0.95,0.14,0.2,0.0,0.0,0.0,0.0,0.14,0.2,0.0,18.86,20.8,17.03,3.85,3.22,3.38,76.96,58.72,94.07,84.34,50.0,41.72,0.0,21.27
05-255,SAN JUAN DE ARAGON 3A SECCION (U HAB) II,GUSTAVO A. MADERO,False,,,,5174,2734,2440,42,6,0,0,0,0,0,6,0,0,459,256,194,74,28,30,1077,1372,780,1372,1241,1372,1143,1372,655,1372,317,1292,0,1329,1442,5165,43,1,11.29,0.81,0.12,0.0,0.0,0.0,0.0,0.0,0.12,0.0,0.0,8.87,9.36,7.95,1.43,1.02,1.23,78.5,56.85,90.45,83.31,47.74,24.54,0.0,27.92
05-256,SAN JUAN DE ARAGON 6A SECCION (U HAB) II,GUSTAVO A. MADERO,False,,,,4349,2314,2028,17,4,0,3,0,0,0,4,0,3,600,357,225,99,49,38,1106,1306,945,1306,1204,1306,1065,1306,786,1306,486,1290,0,1259,1004,4311,45,3,12.5,0.39,0.09,0.0,0.15,0.0,0.0,0.0,0.09,0.0,0.15,13.8,15.43,11.09,2.28,2.12,1.87,84.69,72.36,92.19,81.55,60.18,37.67,0.0,23.29
06-002,AMPLIACION RAMOS MILLAN,IZTACALCO,False,,,,8869,4583,4285,359,129,46,40,0,0,0,127,43,39,1367,772,584,173,62,52,1660,2276,1267,2264,2109,2276,1857,2276,931,2264,711,2160,0,2042,1976,8828,75,2,10.54,4.05,1.45,1.0,0.93,0.0,0.0,0.0,1.43,0.94,0.91,15.41,16.84,13.63,1.95,1.35,1.21,72.93,55.96,92.66,81.59,41.12,32.92,0.0,22.38
06-004,CARLOS ZAPATA VELA,IZTACALCO,False,,,,9472,4846,4605,387,169,52,83,3,0,0,162,50,76,1509,771,706,213,84,89,1486,2171,1023,2112,1991,2191,1722,2186,685,2087,440,1998,0,1972,3046,9349,90,5,10.18,4.09,1.78,1.07,1.8,0.03,0.0,0.0,1.71,1.03,1.65,15.93,15.91,15.33,2.25,1.73,1.93,68.45,48.44,90.87,78.77,32.82,22.02,0.0,32.58
06-005,COYUYA (FRACC),IZTACALCO,False,,,,1738,952,786,44,20,4,17,0,0,0,20,4,17,304,188,114,53,25,23,547,649,445,649,598,649,496,649,424,649,292,649,0,472,404,1499,13,0,12.92,2.53,1.15,0.42,2.16,0.0,0.0,0.0,1.15,0.42,2.16,17.49,19.75,14.5,3.05,2.63,2.93,84.28,68.57,92.14,76.43,65.33,44.99,0.0,26.95
06-006,CUCHILLA AGRICOLA ORIENTAL,IZTACALCO,False,,,,2472,1242,1224,149,69,30,33,0,0,0,69,30,33,497,269,228,127,63,59,509,758,361,758,688,758,570,758,253,758,178,758,0,430,804,2465,11,3,11.25,6.03,2.79,2.42,2.7,0.0,0.0,0.0,2.79,2.42,2.7,20.11,21.66,18.63,5.14,5.07,4.82,67.15,47.63,90.77,75.2,33.38,23.48,0.0,32.62
06-007,CUCHILLA RAMOS MILLAN,IZTACALCO,False,,,,5220,2699,2517,180,48,16,16,0,0,0,46,13,16,665,345,290,47,16,6,941,1223,695,1223,1117,1223,1015,1220,456,1183,196,1025,0,1176,1386,5174,63,1,10.48,3.45,0.92,0.59,0.64,0.0,0.0,0.0,0.88,0.48,0.64,12.74,12.78,11.52,0.9,0.59,0.24,76.94,56.83,91.33,83.2,38.55,19.12,0.0,26.79
06-008,EL RODEO,IZTACALCO,False,,,,5841,3117,2724,181,71,24,23,0,0,0,67,23,23,942,528,409,181,87,71,1138,1559,851,1559,1452,1559,1312,1559,644,1559,482,1544,0,1349,1778,5841,34,3,11.03,3.1,1.22,0.77,0.84,0.0,0.0,0.0,1.15,0.74,0.84,16.13,16.94,15.01,3.1,2.79,2.61,73.0,54.59,93.14,84.16,41.31,31.22,0.0,30.44
06-009,EX EJIDOS DE LA MAGDALENA MIXIHUCA,IZTACALCO,False,,,,1639,862,777,43,12,0,7,0,0,0,12,0,7,222,129,92,23,7,8,319,446,253,446,405,446,346,446,174,446,133,433,0,444,583,1631,10,1,11.08,2.62,0.73,0.0,0.9,0.0,0.0,0.0,0.73,0.0,0.9,13.54,14.97,11.84,1.4,0.81,1.03,71.52,56.73,90.81,77.58,39.01,30.72,0.0,35.74
06-010,GABRIEL RAMOS MILLAN,IZTACALCO,False,,,,7415,3879,3532,140,30,10,4,0,0,0,30,10,4,983,543,400,104,22,42,1508,2027,1152,2013,1834,2027,1604,2027,863,2001,584,1902,0,1699,2300,7411,86,7,11.09,1.89,0.4,0.26,0.11,0.0,0.0,0.0,0.4,0.26,0.11,13.26,14.0,11.33,1.4,0.57,1.19,74.4,57.23,90.48,79.13,43.13,30.7,0.0,31.03
06-013,INPI PICOS,IZTACALCO,False,,,,2619,1408,1205,33,3,0,0,0,0,0,3,0,0,422,246,156,51,19,13,669,769,559,769,722,769,637,769,448,769,358,769,0,769,521,2534,29,3,12.57,1.26,0.11,0.0,0.0,0.0,0.0,0.0,0.11,0.0,0.0,16.11,17.47,12.95,1.95,1.35,1.08,87.0,72.69,93.89,82.83,58.26,46.55,0.0,20.56
06-014,JARDINES TECMA,IZTACALCO,False,,,,1756,883,873,28,12,4,7,0,0,0,12,4,7,247,132,115,48,17,30,358,472,277,472,446,472,378,472,219,472,155,472,3,472,513,1522,4,0,11.41,1.59,0.68,0.45,0.8,0.0,0.0,0.0,0.68,0.45,0.8,14.07,14.95,13.17,2.73,1.93,3.44,75.85,58.69,94.49,80.08,46.4,32.84,0.64,33.71
06-016,LA ASUNCION (BARR),IZTACALCO,False,,,,1880,990,890,21,4,3,0,0,0,0,4,3,0,160,99,57,18,4,7,358,463,262,451,412,463,350,460,198,457,118,466,0,279,672,1403,11,0,11.16,1.12,0.21,0.3,0.0,0.0,0.0,0.0,0.21,0.3,0.0,8.51,10.0,6.4,0.96,0.4,0.79,77.32,58.09,88.98,76.09,43.33,25.32,0.0,47.9
06-017,LA CRUZ,IZTACALCO,False,,,,4169,2188,1974,248,105,51,49,3,3,0,99,44,48,780,422,356,157,81,76,879,1254,643,1254,1146,1254,939,1254,528,1254,379,1254,7,1174,1098,3922,13,3,11.01,5.95,2.52,2.33,2.48,0.07,0.14,0.0,2.37,2.01,2.43,18.71,19.29,18.03,3.77,3.7,3.85,70.1,51.28,91.39,74.88,42.11,30.22,0.6,28.0
06-018,LOS REYES (BARR),IZTACALCO,False,,,,7257,3768,3484,221,62,36,15,0,0,0,62,36,15,989,563,398,314,157,133,1637,2161,1294,2155,1991,2161,1571,2154,1018,2138,768,2086,0,1882,1882,7123,46,1,11.26,3.05,0.85,0.96,0.43,0.0,0.0,0.0,0.85,0.96,0.43,13.63,14.94,11.42,4.33,4.17,3.82,75.75,60.05,92.13,72.93,47.61,36.82,0.0,26.42
06-019,MILITAR MARTE,IZTACALCO,False,,,,6919,3779,3140,40,20,6,7,0,0,0,20,6,7,1152,709,415,149,47,39,1951,2185,1765,2185,2071,2185,1886,2185,1517,2185,1042,2185,0,2011,1516,6867,84,4,13.98,0.58,0.29,0.16,0.22,0.0,0.0,0.0,0.29,0.16,0.22,16.65,18.76,13.22,2.15,1.24,1.24,89.29,80.78,94.78,86.32,69.43,47.69,0.0,22.08
06-020,MOSCO CHINAMPA,IZTACALCO,False,,,,1217,628,589,31,3,0,0,0,0,0,3,0,0,136,78,54,13,3,3,220,294,167,294,262,294,246,294,138,294,91,294,0,294,429,1164,10,1,10.42,2.55,0.25,0.0,0.0,0.0,0.0,0.0,0.25,0.0,0.0,11.18,12.42,9.17,1.07,0.48,0.51,74.83,56.8,89.12,83.67,46.94,30.95,0.0,36.86
06-021,NUEVA STA ANITA,IZTACALCO,False,,,,2465,1317,1148,66,18,3,3,0,0,0,18,3,3,393,242,148,91,42,44,646,788,520,788,733,788,636,788,421,788,270,765,0,708,627,2465,17,3,12.33,2.68,0.73,0.23,0.26,0.0,0.0,0.0,0.73,0.23,0.26,15.94,18.38,12.89,3.69,3.19,3.83,81.98,65.99,93.02,80.71,53.43,35.29,0.0,25.44
06-023,PICOS IZTACALCO 1-A,IZTACALCO,False,,,,2023,1062,961,34,6,0,3,0,0,0,6,0,3,228,134,86,25,4,11,382,483,309,483,452,483,400,483,229,483,180,483,0,483,756,2017,22,1,10.2,1.68,0.3,0.0,0.31,0.0,0.0,0.0,0.3,0.0,0.31,11.27,12.62,8.95,1.24,0.38,1.14,79.09,63.98,93.58,82.82,47.41,37.27,0.0,37.48
06-024,PICOS IZTACALCO 1B,IZTACALCO,False,,,,1593,860,731,9,0,0,0,0,0,0,0,0,0,189,108,74,27,5,9,341,427,262,427,381,427,336,427,185,420,121,401,0,350,343,1591,22,2,10.62,0.56,0.0,0.0,0.0,0.0,0.0,0.0,0.0,0.0,0.0,11.86,12.56,10.12,1.69,0.58,1.23,79.86,61.36,89.23,78.69,44.05,30.17,0.0,21.56
06-025,PICOS IZTACALCO 2A,IZTACALCO,False,,,,2088,1128,958,36,0,0,0,0,0,0,0,0,0,237,135,82,24,12,10,394,522,264,503,460,522,409,522,233,499,130,465,0,460,731,2028,32,2,10.36,1.72,0.0,0.0,0.0,0.0,0.0,0.0,0.0,0.0,0.0,11.35,11.97,8.56,1.15,1.06,1.04,75.48,52.49,88.12,78.35,46.69,27.96,0.0,36.05
06-027,REFORMA IZTACCIHUATL NORTE,IZTACALCO,False,,,,5689,3094,2595,80,20,7,0,0,0,0,20,7,0,886,531,347,166,86,42,1668,1868,1500,1868,1766,1868,1513,1868,1239,1868,936,1864,6,1711,1457,5671,48,2,13.93,1.41,0.35,0.23,0.0,0.0,0.0,0.0,0.35,0.23,0.0,15.57,17.16,13.37,2.92,2.78,1.62,89.29,80.3,94.54,81.0,66.33,50.21,0.35,25.69
06-028,REFORMA IZTACCIHUATL SUR,IZTACALCO,False,,,,3383,1848,1535,68,32,12,6,0,0,0,32,12,6,599,346,252,78,22,37,1042,1188,979,1188,1119,1188,1046,1188,740,1188,577,1188,0,1140,696,3376,24,2,13.83,2.01,0.95,0.65,0.39,0.0,0.0,0.0,0.95,0.65,0.39,17.71,18.72,16.42,2.31,1.19,2.41,87.71,82.41,94.19,88.05,62.29,48.57,0.0,20.62
06-029,SAN FCO XICALTONGO (BARR),IZTACALCO,False,,,,3050,1536,1502,108,38,14,18,0,0,0,38,14,18,439,246,192,126,60,64,595,852,405,857,775,857,684,857,359,852,251,847,0,857,864,3038,9,1,10.7,3.54,1.25,0.91,1.2,0.0,0.0,0.0,1.25,0.91,1.2,14.39,16.02,12.78,4.13,3.91,4.26,69.84,47.26,90.43,79.81,42.14,29.63,0.0,28.44
06-030,SAN MIGUEL (BARR),IZTACALCO,False,,,,7041,3677,3364,164,64,37,24,0,0,0,62,36,23,880,485,365,125,65,53,1332,1906,983,1892,1712,1912,1485,1912,772,1883,440,1793,3,1673,2197,6501,41,0,10.7,2.33,0.91,1.01,0.71,0.0,0.0,0.0,0.88,0.98,0.68,12.5,13.19,10.85,1.78,1.77,1.58,69.88,51.96,89.54,77.67,41.0,24.54,0.18,33.79
06-031,SAN PEDRO IZTACALCO (BARR),IZTACALCO,False,,,,5200,2690,2510,104,49,20,12,0,0,0,48,17,12,809,470,329,172,84,61,1246,1641,970,1641,1497,1641,1302,1641,728,1633,545,1624,0,1358,1529,5200,41,7,11.52,2.0,0.94,0.74,0.48,0.0,0.0,0.0,0.92,0.63,0.48,15.56,17.47,13.11,3.31,3.12,2.43,75.93,59.11,91.22,79.34,44.58,33.56,0.0,29.4
06-032,SANTA ANITA,IZTACALCO,False,,,,11136,5843,5293,255,108,62,31,0,0,0,107,62,30,1668,930,697,360,189,153,2591,3348,2045,3327,3110,3348,2679,3348,1613,3327,1336,3312,0,1975,2820,11111,53,1,11.27,2.29,0.97,1.06,0.59,0.0,0.0,0.0,0.96,1.06,0.57,14.98,15.92,13.17,3.23,3.23,2.89,77.39,61.47,92.89,80.02,48.48,40.34,0.0,25.38
06-033,SANTA CRUZ (BARR),IZTACALCO,False,,,,2232,1164,1067,39,15,5,8,0,0,0,15,5,8,259,139,115,37,13,14,409,581,310,581,513,584,460,584,198,581,129,532,0,404,639,2013,11,0,10.89,1.75,0.67,0.43,0.75,0.0,0.0,0.0,0.67,0.43,0.75,11.6,11.94,10.78,1.66,1.12,1.31,70.4,53.36,87.84,78.77,34.08,24.25,0.0,31.74
06-034,SANTIAGO NORTE (BARR),IZTACALCO,False,,,,4306,2187,2119,139,57,27,27,0,0,0,57,27,27,629,336,293,111,50,57,900,1215,670,1219,1120,1219,1004,1219,541,1215,384,1219,0,878,1315,4306,12,3,11.03,3.23,1.32,1.23,1.27,0.0,0.0,0.0,1.32,1.23,1.27,14.61,15.36,13.83,2.58,2.29,2.69,74.07,54.96,91.88,82.36,44.53,31.5,0.0,30.54
06-035,SANTIAGO SUR (BARR),IZTACALCO,False,,,,7785,4139,3646,171,51,20,6,0,0,0,51,20,6,965,525,406,189,85,65,1938,2374,1645,2374,2190,2374,1908,2374,1387,2374,957,2361,8,2180,1911,7768,64,1,12.36,2.2,0.66,0.48,0.16,0.0,0.0,0.0,0.66,0.48,0.16,12.4,12.68,11.14,2.43,2.05,1.78,81.63,69.29,92.25,80.37,58.42,40.53,0.37,24.6
06-036,TLACOTAL RAMOS MILLAN,IZTACALCO,False,,,,7909,4150,3752,100,15,9,0,0,0,0,14,8,0,961,558,360,127,62,20,1648,2163,1252,2163,2006,2163,1743,2163,989,2145,544,2056,0,1979,1996,7902,85,6,11.19,1.26,0.19,0.22,0.0,0.0,0.0,0.0,0.18,0.19,0.0,12.15,13.45,9.59,1.61,1.49,0.53,76.19,57.88,92.74,80.58,46.11,26.46,0.0,25.26
06-037,TLAZINTLA,IZTACALCO,False,,,,2680,1381,1299,102,51,12,23,0,0,0,49,11,22,330,186,137,57,28,19,561,753,418,747,684,753,605,753,376,753,182,722,0,479,570,2680,16,0,10.89,3.81,1.9,0.87,1.77,0.0,0.0,0.0,1.83,0.8,1.69,12.31,13.47,10.55,2.13,2.03,1.46,74.5,55.96,90.84,80.35,49.93,25.21,0.0,21.27
06-038,VIADUCTO PIEDAD,IZTACALCO,False,,,,10649,5329,5317,274,138,50,72,0,0,0,138,50,72,2301,1164,1137,586,312,262,3231,3723,2742,3723,3572,3723,2902,3723,2136,3723,1762,3723,0,3723,3237,10646,37,7,12.86,2.57,1.3,0.94,1.35,0.0,0.0,0.0,1.3,0.94,1.35,21.61,21.84,21.38,5.5,5.85,4.93,86.78,73.65,95.94,77.95,57.37,47.33,0.0,30.41
06-039,ZAPOTLA (BARR),IZTACALCO,False,,,,3613,1927,1677,50,27,6,6,0,0,0,27,6,6,502,294,189,68,27,27,870,1133,705,1131,1045,1137,902,1132,590,1128,353,1053,0,1060,1093,3599,34,3,11.58,1.38,0.75,0.31,0.36,0.0,0.0,0.0,0.75,0.31,0.36,13.89,15.26,11.27,1.88,1.4,1.61,76.79,62.33,91.91,79.68,52.3,33.52,0.0,30.37
06-040,AGRICOLA ORIENTAL I,IZTACALCO,False,,,,16458,8624,7834,400,137,56,60,0,0,0,127,56,55,3078,1692,1373,1044,532,480,4303,5263,3563,5260,4987,5263,4144,5260,2643,5226,2267,5246,0,3749,4350,16409,81,6,12.19,2.43,0.83,0.65,0.77,0.0,0.0,0.0,0.77,0.65,0.7,18.7,19.62,17.53,6.34,6.17,6.13,81.76,67.74,94.76,78.78,50.57,43.21,0.0,26.51
06-041,AGRICOLA ORIENTAL II,IZTACALCO,False,,,,10146,5350,4795,167,57,22,9,0,0,0,56,19,9,1582,874,699,417,224,177,2449,3134,1970,3134,2912,3134,2398,3134,1556,3126,1092,3134,4,2659,2783,10084,43,3,11.81,1.65,0.56,0.41,0.19,0.0,0.0,0.0,0.55,0.36,0.19,15.59,16.34,14.58,4.11,4.19,3.69,78.14,62.86,92.92,76.52,49.78,34.84,0.15,27.6
06-042,AGRICOLA ORIENTAL III,IZTACALCO,False,,,,11658,6189,5465,192,72,37,24,0,0,0,70,36,21,1966,1099,832,308,151,112,2586,3482,1985,3467,3168,3482,2643,3478,1524,3448,1003,3401,0,2928,3426,11594,71,2,11.46,1.65,0.62,0.6,0.44,0.0,0.0,0.0,0.6,0.58,0.38,16.86,17.76,15.22,2.64,2.44,2.05,74.27,57.25,90.98,75.99,44.2,29.49,0.0,29.55
06-043,AGRICOLA ORIENTAL IV,IZTACALCO,False,,,,9102,4817,4285,154,55,19,15,0,0,0,55,19,15,1649,986,659,478,259,206,2139,2743,1706,2743,2549,2743,2089,2746,1211,2746,927,2746,0,2077,2517,9084,38,4,11.9,1.69,0.6,0.39,0.35,0.0,0.0,0.0,0.6,0.39,0.35,18.12,20.47,15.38,5.25,5.38,4.81,77.98,62.19,92.93,76.07,44.1,33.76,0.0,27.71
06-044,AGRICOLA ORIENTAL V,IZTACALCO,False,,,,11035,5844,5188,160,36,6,6,0,0,0,36,6,6,1728,977,746,314,155,119,2498,3258,1941,3251,3009,3277,2518,3273,1539,3258,1005,3225,0,2553,3410,11011,60,7,11.52,1.45,0.33,0.1,0.12,0.0,0.0,0.0,0.33,0.1,0.12,15.66,16.72,14.38,2.85,2.65,2.29,76.67,59.7,91.82,76.93,47.24,31.16,0.0,30.97
06-045,AGRICOLA ORIENTAL VI,IZTACALCO,False,,,,13096,6845,6247,168,44,10,25,0,0,0,44,10,25,2349,1293,1037,581,276,272,2977,3812,2406,3812,3564,3812,2980,3812,1766,3804,1423,3771,0,3501,3346,12982,71,5,11.65,1.28,0.34,0.15,0.4,0.0,0.0,0.0,0.34,0.15,0.4,17.94,18.89,16.6,4.44,4.03,4.35,78.1,63.12,93.49,78.17,46.42,37.74,0.0,25.77
06-046,AGRICOLA ORIENTAL VII,IZTACALCO,False,,,,9514,5022,4483,158,44,16,18,0,0,0,44,16,18,1670,946,656,230,79,86,2003,2678,1509,2653,2472,2684,2147,2676,1139,2596,667,2476,0,2536,2980,9436,113,12,11.23,1.66,0.46,0.32,0.4,0.0,0.0,0.0,0.46,0.32,0.4,17.55,18.84,14.63,2.42,1.57,1.92,74.79,56.88,92.1,80.23,43.88,26.94,0.0,31.58
06-047,AGRICOLA ORIENTAL VIII,IZTACALCO,False,,,,11150,5847,5301,158,38,25,8,0,0,0,38,25,8,1789,960,744,335,142,140,2380,3076,1851,3053,2846,3087,2560,3079,1415,3003,908,2878,0,2332,3175,11035,121,4,11.42,1.42,0.34,0.43,0.15,0.0,0.0,0.0,0.34,0.43,0.15,16.04,16.42,14.04,3.0,2.43,2.64,77.37,60.63,92.19,83.14,47.12,31.55,0.0,28.77
06-048,CAMPAMENTO 2 DE OCTUBRE I,IZTACALCO,False,,,,11361,5923,5415,257,78,32,33,3,0,0,72,29,26,1547,878,628,134,50,46,1708,2246,1273,2239,2025,2250,1827,2253,844,2179,546,2071,0,2142,3691,11308,115,7,10.38,2.26,0.69,0.54,0.61,0.03,0.0,0.0,0.63,0.49,0.48,13.62,14.82,11.6,1.18,0.84,0.85,76.05,56.86,90.0,81.09,38.73,26.36,0.0,32.64
06-049,CAMPAMENTO 2 DE OCTUBRE II,IZTACALCO,False,,,,9340,4921,4419,437,94,40,34,0,0,0,92,39,33,1392,790,592,106,47,36,1620,2251,1159,2238,1990,2251,1687,2248,890,2250,647,2233,3,1621,2673,8888,56,2,10.42,4.68,1.01,0.81,0.77,0.0,0.0,0.0,0.99,0.79,0.75,14.9,16.05,13.4,1.13,0.96,0.81,71.97,51.79,88.41,75.04,39.56,28.97,0.19,30.07
06-050,GRANJAS MEXICO I,IZTACALCO,False,,,,9859,5137,4719,266,104,39,46,0,0,0,104,39,46,1402,762,629,277,125,141,2205,2993,1825,2993,2747,2993,2221,2993,1163,2993,890,2748,3,2703,2456,9856,58,5,11.41,2.7,1.05,0.76,0.97,0.0,0.0,0.0,1.05,0.76,0.97,14.22,14.83,13.33,2.81,2.43,2.99,73.67,60.98,91.78,74.21,38.86,32.39,0.11,24.92
06-051,GRANJAS MEXICO II,IZTACALCO,False,,,,8651,4586,4061,213,96,42,44,0,0,0,96,42,44,1597,856,727,591,281,280,2300,2767,1933,2761,2612,2767,2203,2767,1227,2739,1283,2737,0,2291,2227,8586,67,6,12.23,2.46,1.11,0.92,1.08,0.0,0.0,0.0,1.11,0.92,1.08,18.46,18.67,17.9,6.83,6.13,6.89,83.12,70.01,94.4,79.62,44.8,46.88,0.0,25.94
06-052,INFONAVIT IZTACALCO (U HAB) I,IZTACALCO,False,,,,8353,4497,3851,70,10,4,3,0,0,0,10,4,3,1364,776,580,186,71,72,1984,2419,1621,2419,2233,2419,1983,2419,1044,2419,900,2413,0,2281,1830,8329,61,3,11.64,0.84,0.12,0.09,0.08,0.0,0.0,0.0,0.12,0.09,0.08,16.33,17.26,15.06,2.23,1.58,1.87,82.02,67.01,92.31,81.98,43.16,37.3,0.0,21.97
06-053,INFONAVIT IZTACALCO (U HAB) II,IZTACALCO,False,,,,2727,1426,1295,15,0,0,0,0,0,0,0,0,0,428,229,178,94,44,37,612,788,464,784,732,788,637,785,401,785,262,765,0,788,620,2682,32,1,10.94,0.55,0.0,0.0,0.0,0.0,0.0,0.0,0.0,0.0,0.0,15.69,16.06,13.75,3.45,3.09,2.86,77.66,59.18,92.89,81.15,51.08,34.25,0.0,23.12
06-054,JUVENTINO ROSAS I,IZTACALCO,False,,,,7715,3989,3724,257,100,47,49,0,0,0,100,47,49,1231,677,546,247,110,131,1507,2112,1107,2103,1911,2112,1601,2112,883,2087,584,2086,3,1152,2317,7688,34,2,10.79,3.33,1.3,1.18,1.32,0.0,0.0,0.0,1.3,1.18,1.32,15.96,16.97,14.66,3.2,2.76,3.52,71.35,52.64,90.48,75.8,42.31,28.0,0.26,30.14
06-055,JUVENTINO ROSAS II,IZTACALCO,False,,,,7208,3740,3462,114,21,12,0,0,0,0,21,12,0,856,507,343,66,25,18,1424,1983,1058,1973,1774,1980,1561,1980,847,1980,499,1966,0,1717,2084,7135,36,1,10.88,1.58,0.29,0.32,0.0,0.0,0.0,0.0,0.29,0.32,0.0,11.88,13.56,9.91,0.92,0.67,0.52,71.81,53.62,89.6,78.84,42.78,25.38,0.0,29.21
06-056,PANTITLAN I,IZTACALCO,False,,,,13124,6802,6312,394,140,61,35,0,0,0,139,60,35,2737,1502,1198,826,438,365,3191,4058,2584,4053,3827,4058,3052,4058,1663,3985,1512,3944,0,3331,3301,13050,78,3,11.85,3.0,1.07,0.9,0.55,0.0,0.0,0.0,1.06,0.88,0.55,20.85,22.08,18.98,6.29,6.44,5.78,78.63,63.76,94.31,75.21,41.73,38.34,0.0,25.3
06-057,PANTITLAN II,IZTACALCO,False,,,,11563,6087,5474,531,199,87,91,0,0,0,198,86,91,2406,1343,1045,521,268,221,2412,3241,1857,3241,2973,3241,2539,3238,1163,3222,1003,3206,0,2000,3067,11530,59,3,11.08,4.59,1.72,1.43,1.66,0.0,0.0,0.0,1.71,1.41,1.66,20.81,22.06,19.09,4.51,4.4,4.04,74.42,57.3,91.73,78.41,36.1,31.29,0.0,26.6
06-058,PANTITLAN III,IZTACALCO,False,,,,10478,5490,4986,370,182,89,75,0,0,0,181,88,75,2217,1227,962,536,244,244,2684,3321,2069,3321,3091,3321,2616,3321,1394,3287,1157,3231,3,2709,2593,10300,91,5,11.9,3.53,1.74,1.62,1.5,0.0,0.0,0.0,1.73,1.6,1.5,21.16,22.35,19.29,5.12,4.44,4.89,80.82,62.3,93.07,78.77,42.41,35.81,0.11,25.17
06-059,PANTITLAN IV,IZTACALCO,False,,,,17952,9430,8522,267,80,37,32,0,0,0,78,35,32,3610,2001,1542,865,395,406,4340,5528,3533,5469,5226,5576,4219,5565,2433,5439,1955,5361,4,4074,4412,17561,130,9,11.85,1.49,0.45,0.39,0.38,0.0,0.0,0.0,0.43,0.37,0.38,20.11,21.22,18.09,4.82,4.19,4.76,78.51,64.6,93.72,75.81,44.73,36.47,0.1,25.12
06-060,PANTITLAN V,IZTACALCO,False,,,,20862,10902,9954,636,244,112,98,0,0,0,236,109,95,4599,2496,2063,1568,772,730,5136,6429,4390,6434,6115,6454,4823,6434,3056,6363,2586,6272,0,3481,5075,20522,125,12,11.97,3.05,1.17,1.03,0.98,0.0,0.0,0.0,1.13,1.0,0.95,22.04,22.89,20.73,7.52,7.08,7.33,79.89,68.23,94.75,74.96,48.03,41.23,0.0,24.73
06-061,RAMOS MILLAN BRAMADERO I,IZTACALCO,False,,,,7995,4211,3766,334,119,45,41,0,0,0,110,44,38,1306,722,570,167,74,40,1516,2115,1072,2115,1909,2115,1554,2112,811,2039,525,2002,0,1860,2263,7960,86,8,10.87,4.18,1.49,1.07,1.09,0.0,0.0,0.0,1.38,1.04,1.01,16.34,17.15,15.14,2.09,1.76,1.06,71.68,50.69,90.26,73.58,39.77,26.22,0.0,28.43
06-062,RAMOS MILLAN BRAMADERO II,IZTACALCO,False,,,,8787,4619,4168,188,52,23,6,0,0,0,52,23,6,1109,657,437,142,67,37,1667,2290,1235,2281,2073,2290,1783,2285,917,2273,538,2105,0,1986,2376,8778,73,3,10.82,2.14,0.59,0.5,0.14,0.0,0.0,0.0,0.59,0.5,0.14,12.62,14.22,10.48,1.62,1.45,0.89,72.79,54.14,90.52,78.03,40.34,25.56,0.0,27.07
06-063,INFONAVIT IZTACALCO (U HAB) III,IZTACALCO,False,,,,2852,1507,1343,4,5,0,3,0,0,0,5,0,3,384,224,144,36,21,10,713,903,582,899,830,903,710,903,476,891,297,890,0,903,746,2815,35,1,11.33,0.14,0.18,0.0,0.22,0.0,0.0,0.0,0.18,0.0,0.22,13.46,14.86,10.72,1.26,1.39,0.74,78.96,64.74,91.92,78.63,53.42,33.37,0.0,26.5
06-064,INFONAVIT IZTACALCO (U HAB) ZONA DEL LAGO,IZTACALCO,False,,,,2334,1253,1075,8,0,0,0,0,0,0,0,0,0,316,179,121,41,7,16,598,727,485,727,675,731,604,731,410,722,269,706,0,731,519,2319,38,2,12.05,0.34,0.0,0.0,0.0,0.0,0.0,0.0,0.0,0.0,0.0,13.54,14.29,11.26,1.76,0.56,1.49,82.26,66.71,92.34,82.63,56.79,38.1,0.0,22.38
07-001,ACULCO (PBLO),IZTAPALAPA,False,,,,5811,3012,2797,80,22,11,3,0,0,0,22,11,3,736,402,320,97,47,34,1182,1611,883,1611,1443,1611,1216,1611,730,1605,445,1561,0,1407,1910,5768,41,3,11.12,1.38,0.38,0.37,0.11,0.0,0.0,0.0,0.38,0.37,0.11,12.67,13.35,11.44,1.67,1.56,1.22,73.37,54.81,89.57,75.48,45.48,28.51,0.0,33.11
07-002,ALBARRADAS (U HAB),IZTAPALAPA,False,,,,4859,2542,2317,37,7,0,0,0,0,0,7,0,0,661,383,270,55,19,22,1265,1494,1034,1494,1452,1494,1246,1494,747,1494,682,1494,0,1419,1096,4853,44,4,11.54,0.76,0.14,0.0,0.0,0.0,0.0,0.0,0.14,0.0,0.0,13.6,15.07,11.65,1.13,0.75,0.95,84.67,69.21,97.19,83.4,50.0,45.65,0.0,22.58
07-003,ALCANFORES (U HAB),IZTAPALAPA,False,,,,499,260,239,11,0,0,0,0,0,0,0,0,0,92,46,43,22,6,9,123,152,97,152,141,152,117,152,84,152,57,152,0,152,101,497,9,0,11.49,2.2,0.0,0.0,0.0,0.0,0.0,0.0,0.0,0.0,0.0,18.44,17.69,17.99,4.41,2.31,3.77,80.92,63.82,92.76,76.97,55.26,37.5,0.0,20.32
07-004,ALLEPETLALI (U HAB),IZTAPALAPA,False,,,,2317,1224,1092,86,19,17,0,0,0,0,19,17,0,464,284,163,27,5,13,388,578,266,556,534,578,442,578,204,546,101,443,0,576,729,2263,32,3,9.94,3.71,0.82,1.39,0.0,0.0,0.0,0.0,0.82,1.39,0.0,20.03,23.2,14.93,1.17,0.41,1.19,67.13,47.84,92.39,76.47,37.36,22.8,0.0,32.21
07-005,ALVARO OBREGON,IZTAPALAPA,False,,,,4172,2186,1980,127,38,18,11,0,0,0,37,17,11,963,524,427,264,123,104,977,1277,736,1277,1218,1277,1029,1282,431,1244,411,1233,0,1282,1425,4161,52,5,11.49,3.04,0.91,0.82,0.56,0.0,0.0,0.0,0.89,0.78,0.56,23.08,23.97,21.57,6.33,5.63,5.25,76.51,57.64,95.38,80.27,34.65,33.33,0.0,34.25
07-006,ALVARO OBREGON_(FRACC),IZTAPALAPA,False,,,,7178,3658,3518,199,32,7,0,0,0,0,29,7,0,1215,683,528,128,42,50,1118,1686,754,1672,1435,1686,1188,1686,612,1686,276,1500,0,1351,2350,7011,65,4,9.67,2.77,0.45,0.19,0.0,0.0,0.0,0.0,0.4,0.19,0.0,16.93,18.67,15.01,1.78,1.15,1.42,66.31,45.1,85.11,70.46,36.3,18.4,0.0,33.52
07-007,AÑO DE JUAREZ,IZTAPALAPA,False,,,,3188,1666,1522,64,32,12,12,0,0,0,31,11,12,616,335,281,77,38,31,611,937,449,937,860,937,676,937,328,937,212,937,0,774,1207,3188,16,1,10.53,2.01,1.0,0.72,0.79,0.0,0.0,0.0,0.97,0.66,0.79,19.32,20.11,18.46,2.42,2.28,2.04,65.21,47.92,91.78,72.15,35.01,22.63,0.0,37.86
07-008,ANTORCHA POPULAR I (U HAB),IZTAPALAPA,False,,,,324,163,161,23,6,2,2,0,0,0,6,2,2,97,55,42,2,0,0,61,100,41,100,88,100,69,100,22,100,8,94,0,100,138,158,4,0,10.33,7.1,1.85,1.23,1.24,0.0,0.0,0.0,1.85,1.23,1.24,29.94,33.74,26.09,0.62,0.0,0.0,61.0,41.0,88.0,69.0,22.0,8.51,0.0,87.34
07-009,APATLACO,IZTAPALAPA,False,,,,9362,4899,4454,244,121,52,42,0,0,0,115,50,41,1268,722,539,134,63,51,1825,2667,1432,2667,2375,2667,1959,2667,1073,2667,675,2563,4,1633,3176,9305,50,3,10.61,2.61,1.29,1.06,0.94,0.0,0.0,0.0,1.23,1.02,0.92,13.54,14.74,12.1,1.43,1.29,1.15,68.43,53.69,89.05,73.45,40.23,26.34,0.24,34.13
07-010,ARBOLEDAS,IZTAPALAPA,False,,,,2621,1342,1279,159,60,29,27,0,0,0,59,29,26,610,336,274,72,35,31,415,711,296,711,654,711,544,711,253,711,126,700,0,568,818,2230,11,0,9.88,6.07,2.29,2.16,2.11,0.0,0.0,0.0,2.25,2.16,2.03,23.27,25.04,21.42,2.75,2.61,2.42,58.37,41.63,91.98,76.51,35.58,18.0,0.0,36.68
07-011,ART 4TO CONSTITUCIONAL (U HAB),IZTAPALAPA,False,,,,2771,1460,1310,44,12,3,0,0,0,0,12,3,0,430,210,165,18,6,0,510,770,315,726,720,785,615,782,222,617,87,416,0,788,1119,2701,75,3,10.81,1.59,0.43,0.21,0.0,0.0,0.0,0.0,0.43,0.21,0.0,15.52,14.38,12.6,0.65,0.41,0.0,66.23,43.39,91.72,78.64,35.98,20.91,0.0,41.43
07-012,BANJIDAL,IZTAPALAPA,False,,,,3284,1716,1568,18,3,0,0,0,0,0,3,0,0,498,286,212,98,43,50,1058,1219,974,1219,1162,1219,885,1219,764,1219,566,1219,0,975,744,3284,19,1,13.72,0.55,0.09,0.0,0.0,0.0,0.0,0.0,0.09,0.0,0.0,15.16,16.67,13.52,2.98,2.51,3.19,86.79,79.9,95.32,72.6,62.67,46.43,0.0,22.66
07-013,BARRANCAS DE GUADALUPE,IZTAPALAPA,False,,,,1001,517,484,86,23,14,0,0,0,0,23,14,0,219,120,100,12,7,0,145,272,91,272,240,272,209,272,59,250,36,205,0,217,450,985,11,0,9.42,8.59,2.3,2.71,0.0,0.0,0.0,0.0,2.3,2.71,0.0,21.88,23.21,20.66,1.2,1.35,0.0,53.31,33.46,88.24,76.84,23.6,17.56,0.0,45.69
07-014,BELLAVISTA (U HAB),IZTAPALAPA,False,,,,4364,2302,2057,99,21,10,5,0,0,0,21,10,5,798,457,334,81,19,20,1017,1317,798,1317,1212,1317,998,1317,675,1317,465,1300,0,1151,1216,4337,42,3,11.88,2.27,0.48,0.43,0.24,0.0,0.0,0.0,0.48,0.43,0.24,18.29,19.85,16.24,1.86,0.83,0.97,77.22,60.59,92.03,75.78,51.25,35.77,0.0,28.04
07-015,BENITO JUAREZ,IZTAPALAPA,False,,,,1153,615,538,17,0,0,0,0,0,0,0,0,0,91,55,28,0,0,0,272,365,215,365,326,365,264,365,167,365,123,365,3,227,292,1124,12,1,10.98,1.47,0.0,0.0,0.0,0.0,0.0,0.0,0.0,0.0,0.0,7.89,8.94,5.2,0.0,0.0,0.0,74.52,58.9,89.32,72.33,45.75,33.7,1.32,25.98
07-017,CABEZA DE JUAREZ I (U HAB),IZTAPALAPA,False,,,,407,213,194,10,4,0,0,0,0,0,4,0,0,83,43,41,20,10,10,106,138,94,138,128,138,116,138,47,138,56,138,0,138,112,199,1,0,11.75,2.46,0.98,0.0,0.0,0.0,0.0,0.0,0.98,0.0,0.0,20.39,20.19,21.13,4.91,4.69,5.15,76.81,68.12,92.75,84.06,34.06,40.58,0.0,56.28
07-018,CABEZA DE JUAREZ II (U HAB),IZTAPALAPA,False,,,,473,245,228,7,0,0,0,0,0,0,0,0,0,67,30,35,11,6,4,100,152,73,144,129,152,97,152,46,152,37,136,0,119,119,236,5,0,11.36,1.48,0.0,0.0,0.0,0.0,0.0,0.0,0.0,0.0,0.0,14.16,12.24,15.35,2.33,2.45,1.75,65.79,50.69,84.87,63.82,30.26,27.21,0.0,50.42
07-019,CABEZA DE JUAREZ III (U HAB),IZTAPALAPA,False,,,,863,449,414,18,3,0,0,0,0,0,3,0,0,175,102,69,41,16,10,210,278,163,278,261,278,214,278,91,259,93,269,0,278,251,431,12,2,11.36,2.09,0.35,0.0,0.0,0.0,0.0,0.0,0.35,0.0,0.0,20.28,22.72,16.67,4.75,3.56,2.42,75.54,58.63,93.88,76.98,35.14,34.57,0.0,58.24
07-020,CACAMA,IZTAPALAPA,False,,,,1823,967,850,30,0,0,0,0,0,0,0,0,0,273,144,114,19,4,8,509,590,433,585,563,595,502,595,339,590,284,572,0,595,476,1756,26,4,12.66,1.65,0.0,0.0,0.0,0.0,0.0,0.0,0.0,0.0,0.0,14.98,14.89,13.41,1.04,0.41,0.94,86.27,74.02,94.62,84.37,57.46,49.65,0.0,27.11
07-021,CAMPESTRE POTRERO,IZTAPALAPA,False,,,,16333,8406,7926,1763,522,228,197,0,0,0,515,223,193,6329,3334,2988,780,368,314,2391,3913,1160,3793,3486,3939,2798,3939,935,3635,263,2435,0,3131,6435,16193,140,6,8.95,10.79,3.2,2.71,2.49,0.0,0.0,0.0,3.15,2.65,2.44,38.75,39.66,37.7,4.78,4.38,3.96,61.1,30.58,88.5,71.03,25.72,10.8,0.0,39.74
07-022,CANANEA (U HAB),IZTAPALAPA,False,,,,5614,2929,2655,237,25,0,6,0,0,0,25,0,6,1027,599,399,70,34,11,997,1357,666,1354,1229,1357,982,1354,414,1244,227,965,0,1270,1706,5489,91,16,10.15,4.22,0.45,0.0,0.23,0.0,0.0,0.0,0.45,0.0,0.23,18.29,20.45,15.03,1.25,1.16,0.41,73.47,49.19,90.57,72.53,33.28,23.52,0.0,31.08
07-023,CARLOS HANK GONZALEZ,IZTAPALAPA,False,,,,12100,6254,5843,233,54,6,20,0,0,0,54,6,20,2248,1254,985,180,58,73,2134,3139,1461,3139,2843,3139,2560,3139,990,3134,519,2830,0,2291,3915,12063,82,5,10.3,1.93,0.45,0.1,0.34,0.0,0.0,0.0,0.45,0.1,0.34,18.58,20.05,16.86,1.49,0.93,1.25,67.98,46.54,90.57,81.55,31.59,18.34,0.0,32.45
07-024,CARMEN SERDAN ( U HAB),IZTAPALAPA,False,,,,1191,625,563,37,3,0,2,0,0,0,3,0,2,222,114,91,11,7,1,289,323,245,323,321,326,249,323,191,318,154,305,0,319,271,1048,29,2,13.04,3.11,0.25,0.0,0.36,0.0,0.0,0.0,0.25,0.0,0.36,18.64,18.24,16.16,0.92,1.12,0.18,89.47,75.85,98.47,77.09,60.06,50.49,0.0,25.86
07-025,CASA BLANCA,IZTAPALAPA,False,,,,4146,2160,1978,188,59,21,20,0,0,0,58,21,19,743,417,313,59,24,19,908,1221,696,1221,1118,1221,926,1221,557,1195,343,1177,0,940,1357,4062,50,3,10.88,4.53,1.42,0.97,1.01,0.0,0.0,0.0,1.4,0.97,0.96,17.92,19.31,15.82,1.42,1.11,0.96,74.37,57.0,91.56,75.84,46.61,29.14,0.0,33.41
07-026,CE CUALLI OHTLI (U HAB),IZTAPALAPA,False,,,,1178,563,527,25,0,0,0,0,0,0,0,0,0,190,91,41,4,0,3,176,215,96,154,245,260,193,231,45,123,12,125,0,267,305,940,65,12,10.65,2.12,0.0,0.0,0.0,0.0,0.0,0.0,0.0,0.0,0.0,16.13,16.16,7.78,0.34,0.0,0.57,81.86,62.34,94.23,83.55,36.59,9.6,0.0,32.45
07-029,CHINAMPAS DE SANTA MA TOMATLAN,IZTAPALAPA,False,,,,1433,721,712,21,9,5,4,0,0,0,9,5,4,254,133,118,38,20,12,277,376,231,376,351,376,284,376,172,376,117,371,0,282,581,1271,12,0,11.25,1.47,0.63,0.69,0.56,0.0,0.0,0.0,0.63,0.69,0.56,17.73,18.45,16.57,2.65,2.77,1.69,73.67,61.44,93.35,75.53,45.74,31.54,0.0,45.71
07-030,CITLALLI,IZTAPALAPA,False,,,,14137,7337,6800,408,142,73,45,0,0,0,142,73,45,3045,1656,1374,327,150,136,2682,3990,1897,3977,3678,3994,3129,3991,1082,3892,886,3864,4,2919,4628,14012,78,4,10.41,2.89,1.0,0.99,0.66,0.0,0.0,0.0,1.0,0.99,0.66,21.54,22.57,20.21,2.31,2.04,2.0,67.22,47.7,92.09,78.4,27.8,22.93,0.14,33.03
07-031,COLONIAL IZTAPALAPA (FRACC),IZTAPALAPA,False,,,,4624,2461,2163,35,3,0,0,0,0,0,3,0,0,749,423,288,75,11,24,1298,1446,1138,1446,1359,1446,1135,1446,930,1446,668,1436,0,1426,1460,4523,66,1,13.87,0.76,0.06,0.0,0.0,0.0,0.0,0.0,0.06,0.0,0.0,16.2,17.19,13.31,1.62,0.45,1.11,89.76,78.7,93.98,78.49,64.32,46.52,0.0,32.28
07-032,CONCORDIA ZARAGOZA (U HAB),IZTAPALAPA,False,,,,3090,1571,1519,95,30,3,15,0,0,0,30,3,15,757,390,367,243,139,95,708,999,557,999,973,999,798,999,252,999,296,999,0,863,820,3090,15,0,11.11,3.07,0.97,0.19,0.99,0.0,0.0,0.0,0.97,0.19,0.99,24.5,24.82,24.16,7.86,8.85,6.25,70.87,55.76,97.4,79.88,25.23,29.63,0.0,26.54
07-035,CUCHILLAS DEL MORAL (U HAB),IZTAPALAPA,False,,,,3426,1829,1597,50,7,0,4,0,0,0,7,0,4,700,366,324,178,81,77,921,1155,733,1147,1084,1155,908,1155,614,1130,406,1111,0,1155,1152,3426,40,2,12.13,1.46,0.2,0.0,0.25,0.0,0.0,0.0,0.2,0.0,0.25,20.43,20.01,20.29,5.2,4.43,4.82,79.74,63.91,93.85,78.61,54.34,36.54,0.0,33.63
07-036,CUITLAHUAC (U HAB),IZTAPALAPA,False,,,,1023,535,486,20,0,0,0,0,0,0,0,0,0,180,92,54,25,6,2,226,320,161,298,300,320,236,316,101,228,70,206,0,311,286,491,35,1,11.0,1.96,0.0,0.0,0.0,0.0,0.0,0.0,0.0,0.0,0.0,17.6,17.2,11.11,2.44,1.12,0.41,70.62,54.03,93.75,74.68,44.3,33.98,0.0,58.25
07-037,CULHUACAN (PBLO),IZTAPALAPA,False,,,,4704,2390,2309,183,92,42,47,7,4,3,85,37,44,715,382,333,118,60,47,1040,1367,813,1367,1268,1367,1050,1367,618,1367,489,1367,6,685,1487,4131,20,3,11.25,3.89,1.96,1.76,2.04,0.15,0.17,0.13,1.81,1.55,1.91,15.2,15.98,14.42,2.51,2.51,2.04,76.08,59.47,92.76,76.81,45.21,35.77,0.88,36.0
07-038,DEGOLLADO,IZTAPALAPA,False,,,,2965,1560,1404,161,32,9,3,0,0,0,32,9,3,631,340,271,62,36,13,518,836,283,799,765,845,662,845,243,811,135,651,0,660,1020,2937,37,4,9.56,5.43,1.08,0.58,0.21,0.0,0.0,0.0,1.08,0.58,0.21,21.28,21.79,19.3,2.09,2.31,0.93,61.96,35.42,90.53,78.34,29.96,20.74,0.0,34.73
07-039,DEGOLLADO CHICO,IZTAPALAPA,False,,,,2364,1205,1159,268,100,41,50,0,0,0,99,38,50,754,387,367,68,26,38,306,571,153,571,516,571,450,571,120,571,56,534,0,496,759,2139,12,0,8.77,11.34,4.23,3.4,4.31,0.0,0.0,0.0,4.19,3.15,4.31,31.9,32.12,31.67,2.88,2.16,3.28,53.59,26.8,90.37,78.81,21.02,10.49,0.0,35.48
07-041,DR ALFONSO ORTIZ TIRADO,IZTAPALAPA,False,,,,3968,2099,1861,53,10,3,0,0,0,0,10,3,0,812,462,349,48,20,11,883,1086,715,1086,1009,1086,813,1086,509,1089,301,1075,0,947,1307,3958,34,6,12.04,1.34,0.25,0.14,0.0,0.0,0.0,0.0,0.25,0.14,0.0,20.46,22.01,18.75,1.21,0.95,0.59,81.31,65.84,92.91,74.86,46.74,28.0,0.0,33.02
07-042,EJERCITO DE AGUA PRIETA,IZTAPALAPA,False,,,,8298,4237,4014,399,99,51,32,0,0,0,99,51,32,1768,925,813,136,53,52,1373,1966,897,1904,1864,2034,1555,2011,595,1830,490,1820,0,1674,3033,8161,109,9,10.18,4.81,1.19,1.2,0.8,0.0,0.0,0.0,1.19,1.2,0.8,21.31,21.83,20.25,1.64,1.25,1.3,69.84,47.11,91.64,77.32,32.51,26.92,0.0,37.16
07-044,EJTO CONSTITUCIONALISTA,IZTAPALAPA,False,,,,12390,6431,5927,755,255,122,102,3,3,0,250,118,99,2830,1526,1224,327,150,115,2287,3401,1691,3343,3190,3465,2640,3444,998,3156,778,3023,0,3136,4680,9771,179,13,10.26,6.09,2.06,1.9,1.72,0.02,0.05,0.0,2.02,1.83,1.67,22.84,23.73,20.65,2.64,2.33,1.94,67.24,50.58,92.06,76.66,31.62,25.74,0.0,47.9
07-045,EJTO CONSTITUCIONALISTA II ( U HAB),IZTAPALAPA,False,,,,426,228,198,10,2,2,0,0,0,0,2,2,0,84,48,34,12,4,2,104,136,86,136,125,136,122,136,51,136,45,136,0,128,98,213,7,0,10.82,2.35,0.47,0.88,0.0,0.0,0.0,0.0,0.47,0.88,0.0,19.72,21.05,17.17,2.82,1.75,1.01,76.47,63.24,91.91,89.71,37.5,33.09,0.0,46.01
07-046,"EJTO CONSTITUCIONALISTA, SUPERMANZANA I ( U HAB)",IZTAPALAPA,False,,,,7690,4071,3610,92,21,13,0,0,0,0,21,13,0,1233,682,490,106,28,35,1381,2046,1018,2008,1787,2050,1645,2050,748,1903,438,1637,0,1860,2515,7624,120,11,10.28,1.2,0.27,0.32,0.0,0.0,0.0,0.0,0.27,0.32,0.0,16.03,16.75,13.57,1.38,0.69,0.97,67.5,50.7,87.17,80.24,39.31,26.76,0.0,32.99
07-047,"EJTO CONSTITUCIONALISTA, SUPERMANZANA II ( U HAB)",IZTAPALAPA,False,,,,5817,3110,2682,78,8,3,0,0,0,0,8,3,0,878,533,318,103,54,18,1107,1576,813,1576,1406,1576,1254,1576,598,1544,367,1409,0,1485,1989,5773,78,10,10.18,1.34,0.14,0.1,0.0,0.0,0.0,0.0,0.14,0.1,0.0,15.09,17.14,11.86,1.77,1.74,0.67,70.24,51.59,89.21,79.57,38.73,26.05,0.0,34.45
07-048,"EJTO CONSTITUCIONALISTA, SUPERMANZANA III (U HAB)",IZTAPALAPA,False,,,,3315,1776,1539,30,3,0,0,0,0,0,3,0,0,425,239,174,47,14,16,613,897,400,883,779,902,728,902,206,749,111,552,0,888,1082,3293,46,3,10.48,0.9,0.09,0.0,0.0,0.0,0.0,0.0,0.09,0.0,0.0,12.82,13.46,11.31,1.42,0.79,1.04,68.34,45.3,86.36,80.71,27.5,20.11,0.0,32.86
07-049,EJTO DE OTE II (U HAB),IZTAPALAPA,False,,,,7622,3979,3633,111,7,3,0,0,0,0,7,3,0,1537,825,658,168,66,50,1695,2088,1252,2080,1885,2092,1650,2088,1024,2024,433,1660,0,2002,2222,7585,140,9,11.62,1.46,0.09,0.08,0.0,0.0,0.0,0.0,0.09,0.08,0.0,20.17,20.73,18.11,2.2,1.66,1.38,81.18,60.19,90.11,79.02,50.59,26.08,0.0,29.29
07-050,EL EDEN,IZTAPALAPA,False,,,,1389,711,677,17,8,3,5,0,0,0,8,3,5,332,179,153,12,4,4,257,365,187,365,313,365,287,365,118,365,72,365,5,365,490,1374,2,0,10.33,1.22,0.58,0.42,0.74,0.0,0.0,0.0,0.58,0.42,0.74,23.9,25.18,22.6,0.86,0.56,0.59,70.41,51.23,85.75,78.63,32.33,19.73,1.37,35.66
07-051,EL MANTO,IZTAPALAPA,False,,,,11781,6108,5660,373,89,29,30,0,0,0,89,29,30,2074,1115,888,288,118,116,2523,3384,1881,3377,3096,3384,2703,3378,1337,3281,904,3082,0,2810,3549,11552,128,9,11.02,3.17,0.76,0.47,0.53,0.0,0.0,0.0,0.76,0.47,0.53,17.6,18.25,15.69,2.44,1.93,2.05,74.56,55.7,91.49,80.02,40.75,29.33,0.0,30.72
07-052,EL MANTO_PLAN DE IGUALA,IZTAPALAPA,False,,,,1941,963,977,56,21,7,9,0,0,0,20,6,9,370,202,163,21,10,11,359,515,302,512,467,512,417,515,186,515,142,498,0,335,645,1931,10,1,10.77,2.89,1.08,0.73,0.92,0.0,0.0,0.0,1.03,0.62,0.92,19.06,20.98,16.68,1.08,1.04,1.13,69.71,58.98,91.21,80.97,36.12,28.51,0.0,33.4
07-053,EL MIRADOR,IZTAPALAPA,False,,,,5428,2794,2635,389,128,67,44,0,0,0,128,67,44,1125,624,485,140,55,59,1176,1609,796,1593,1553,1635,1272,1635,669,1566,428,1556,0,1136,1960,4785,49,3,10.45,7.17,2.36,2.4,1.67,0.0,0.0,0.0,2.36,2.4,1.67,20.73,22.33,18.41,2.58,1.97,2.24,73.09,49.97,94.98,77.8,42.72,27.51,0.0,40.96
07-054,EL MOLINO,IZTAPALAPA,False,,,,6874,3557,3310,174,59,22,17,0,0,0,59,22,17,1241,681,554,88,21,21,1315,1845,900,1849,1680,1846,1425,1836,547,1807,297,1603,0,1672,2300,6834,56,3,10.34,2.53,0.86,0.62,0.51,0.0,0.0,0.0,0.86,0.62,0.51,18.05,19.15,16.74,1.28,0.59,0.63,71.27,48.67,91.01,77.61,30.27,18.53,0.0,33.66
07-055,EL MOLINO_,IZTAPALAPA,False,,,,955,519,436,9,0,0,0,0,0,0,0,0,0,132,78,53,14,8,3,234,289,194,289,270,289,234,289,122,289,115,289,0,289,211,949,5,0,11.7,0.94,0.0,0.0,0.0,0.0,0.0,0.0,0.0,0.0,0.0,13.82,15.03,12.16,1.47,1.54,0.69,80.97,67.13,93.43,80.97,42.21,39.79,0.0,22.23
07-056,EL PRADO,IZTAPALAPA,False,,,,2112,1113,999,37,10,5,3,0,0,0,9,5,0,266,157,105,49,5,25,718,791,654,791,753,791,641,791,564,791,491,791,0,614,511,2112,18,2,14.19,1.75,0.47,0.45,0.3,0.0,0.0,0.0,0.43,0.45,0.0,12.59,14.11,10.51,2.32,0.45,2.5,90.77,82.68,95.2,81.04,71.3,62.07,0.0,24.2
07-057,EL RETOÑO,IZTAPALAPA,False,,,,7592,4096,3482,111,29,17,7,0,0,0,29,17,7,732,434,282,86,46,30,1926,2493,1701,2490,2313,2493,2072,2490,1378,2490,1099,2490,7,2065,1644,7529,52,7,12.16,1.46,0.38,0.42,0.2,0.0,0.0,0.0,0.38,0.42,0.2,9.64,10.6,8.1,1.13,1.12,0.86,77.26,68.31,92.78,83.21,55.34,44.14,0.34,21.84
07-058,EL RODEO,IZTAPALAPA,False,,,,2715,1408,1295,108,31,16,14,0,0,0,31,16,14,563,311,249,82,36,34,477,701,329,701,634,705,532,705,259,695,149,667,5,362,1175,2616,15,3,10.0,3.98,1.14,1.14,1.08,0.0,0.0,0.0,1.14,1.14,1.08,20.74,22.09,19.23,3.02,2.56,2.63,68.05,46.93,89.93,75.46,37.27,22.34,1.38,44.92
07-059,EL ROSARIO,IZTAPALAPA,False,,,,5975,3094,2865,234,68,18,27,0,0,0,68,18,27,1076,573,469,143,56,47,1173,1694,848,1663,1506,1698,1194,1688,541,1638,357,1566,0,1500,1794,5914,74,5,10.92,3.92,1.14,0.58,0.94,0.0,0.0,0.0,1.14,0.58,0.94,18.01,18.52,16.37,2.39,1.81,1.64,69.24,50.99,88.69,70.73,33.03,22.8,0.0,30.33
07-060,EL SANTUARIO,IZTAPALAPA,False,,,,6110,3159,2944,212,62,25,21,0,0,0,62,25,21,935,504,394,78,25,35,1256,1704,945,1698,1557,1719,1381,1722,709,1630,451,1607,2,1509,1862,5942,66,4,10.93,3.47,1.01,0.79,0.71,0.0,0.0,0.0,1.01,0.79,0.71,15.3,15.95,13.38,1.28,0.79,1.19,73.71,55.65,90.58,80.2,43.5,28.06,0.13,31.34
07-061,EL SANTUARIO (AMPL),IZTAPALAPA,False,,,,4410,2316,2094,224,92,37,30,0,0,0,90,34,29,690,369,313,63,20,24,922,1227,737,1220,1129,1228,992,1227,534,1216,340,1176,0,1225,1291,4205,41,1,10.86,5.08,2.09,1.6,1.43,0.0,0.0,0.0,2.04,1.47,1.38,15.65,15.93,14.95,1.43,0.86,1.15,75.14,60.41,91.94,80.85,43.91,28.91,0.0,30.7
07-062,EL SIFON,IZTAPALAPA,False,,,,9840,5218,4622,178,53,28,16,0,0,0,53,28,16,1427,841,556,174,74,74,2384,3188,2044,3188,2931,3188,2466,3188,1595,3188,1000,3153,6,2284,2741,9766,61,4,12.2,1.81,0.54,0.54,0.35,0.0,0.0,0.0,0.54,0.54,0.35,14.5,16.12,12.03,1.77,1.42,1.6,74.78,64.12,91.94,77.35,50.03,31.72,0.26,28.07
07-063,EL TRIANGULO,IZTAPALAPA,False,,,,7527,3811,3696,755,281,135,95,0,0,0,278,135,95,1819,953,861,92,46,37,886,1825,431,1445,1728,1851,1417,1845,383,1618,131,1347,0,1400,2838,7264,58,4,8.92,10.03,3.73,3.54,2.57,0.0,0.0,0.0,3.69,3.54,2.57,24.17,25.01,23.3,1.22,1.21,1.0,48.55,29.83,93.35,76.8,23.67,9.73,0.0,39.07
07-064,EL TRIUNFO,IZTAPALAPA,False,,,,3012,1589,1423,42,20,4,13,0,0,0,20,4,13,342,188,154,38,9,21,648,850,493,850,785,850,707,850,416,850,315,850,0,529,620,3012,6,0,11.59,1.39,0.66,0.25,0.91,0.0,0.0,0.0,0.66,0.25,0.91,11.35,11.83,10.82,1.26,0.57,1.48,76.24,58.0,92.35,83.18,48.94,37.06,0.0,20.58
07-065,EL TRIUNFO (AMPL),IZTAPALAPA,False,,,,5786,3037,2749,230,84,46,24,0,0,0,82,45,24,735,420,302,97,44,31,1264,1817,1040,1811,1628,1822,1380,1822,674,1803,487,1656,7,987,1539,5628,42,3,11.23,3.98,1.45,1.51,0.87,0.0,0.0,0.0,1.42,1.48,0.87,12.7,13.83,10.99,1.68,1.45,1.13,69.57,57.43,89.35,75.74,37.38,29.41,0.71,27.35
07-066,EL VERGEL,IZTAPALAPA,False,,,,5136,2735,2357,125,37,13,18,0,0,0,37,13,18,921,492,380,139,59,46,1130,1426,877,1387,1374,1472,1059,1457,784,1379,556,1392,0,1213,1319,4833,80,8,11.4,2.43,0.72,0.48,0.76,0.0,0.0,0.0,0.72,0.48,0.76,17.93,17.99,16.12,2.71,2.16,1.95,79.24,63.23,93.34,72.68,56.85,39.94,0.0,27.29
07-067,EL VERGEL TRIANGULO DE LAS AGUJAS I (U HAB),IZTAPALAPA,False,,,,1370,719,651,29,4,0,3,0,0,0,4,0,3,275,155,109,10,3,3,305,364,226,354,344,364,297,364,194,364,128,335,0,364,367,1316,19,1,11.54,2.12,0.29,0.0,0.46,0.0,0.0,0.0,0.29,0.0,0.46,20.07,21.56,16.74,0.73,0.42,0.46,83.79,63.84,94.51,81.59,53.3,38.21,0.0,27.89
07-068,EL VERGEL TRIANGULO DE LAS AGUJAS II (U HAB),IZTAPALAPA,False,,,,1366,727,639,27,0,0,0,0,0,0,0,0,0,279,159,110,36,13,14,312,377,253,377,356,377,299,377,231,377,161,366,0,377,351,1330,21,1,11.67,1.98,0.0,0.0,0.0,0.0,0.0,0.0,0.0,0.0,0.0,20.42,21.87,17.21,2.64,1.79,2.19,82.76,67.11,94.43,79.31,61.27,43.99,0.0,26.39
07-069,EMILIANO ZAPATA (AMPL),IZTAPALAPA,False,,,,9896,5100,4796,917,316,125,146,4,3,0,311,120,144,4097,2150,1945,447,201,181,1577,2569,866,2530,2269,2575,1806,2575,417,2192,221,2006,0,1953,3039,9811,87,3,9.39,9.27,3.19,2.45,3.04,0.04,0.06,0.0,3.14,2.35,3.0,41.4,42.16,40.55,4.52,3.94,3.77,61.39,34.23,88.12,70.14,19.02,11.02,0.0,30.98
07-071,ESCUADRON 201,IZTAPALAPA,False,,,,13212,6914,6291,211,84,24,27,0,0,0,84,24,27,1676,1001,672,193,83,77,2980,3841,2331,3841,3534,3841,2945,3841,1867,3841,1123,3841,0,3011,3865,13191,72,9,11.59,1.6,0.64,0.35,0.43,0.0,0.0,0.0,0.64,0.35,0.43,12.69,14.48,10.68,1.46,1.2,1.22,77.58,60.69,92.01,76.67,48.61,29.24,0.0,29.3
07-072,ESTADO DE VERACRUZ,IZTAPALAPA,False,,,,793,410,383,30,12,6,4,0,0,0,12,6,4,168,85,83,6,3,4,155,211,122,211,195,211,161,211,85,211,72,211,0,116,242,765,7,0,10.92,3.78,1.51,1.46,1.04,0.0,0.0,0.0,1.51,1.46,1.04,21.19,20.73,21.67,0.76,0.73,1.04,73.46,57.82,92.42,76.3,40.28,34.12,0.0,31.63
07-073,ESTRELLA CULHUACAN,IZTAPALAPA,False,,,,2249,1144,1101,140,89,49,38,3,0,0,86,47,37,282,144,125,15,7,5,435,632,355,632,587,632,518,632,255,632,195,632,0,601,657,2124,17,1,10.58,6.22,3.96,4.28,3.45,0.13,0.0,0.0,3.82,4.11,3.36,12.54,12.59,11.35,0.67,0.61,0.45,68.83,56.17,92.88,81.96,40.35,30.85,0.0,30.93
07-074,ESTRELLA DEL SUR,IZTAPALAPA,False,,,,7963,4082,3877,369,171,67,80,0,0,0,170,66,80,1445,800,622,163,74,66,1502,2320,1141,2320,2121,2320,1821,2320,857,2320,581,2236,6,1896,2592,7480,65,5,10.71,4.63,2.15,1.64,2.06,0.0,0.0,0.0,2.13,1.62,2.06,18.15,19.6,16.04,2.05,1.81,1.7,64.74,49.18,91.42,78.49,36.94,25.98,0.32,34.65
07-075,F P F V (PREDIO EL MOLINO) ( U HAB),IZTAPALAPA,False,,,,2912,1533,1379,192,30,16,0,0,0,0,30,16,0,732,419,294,26,8,7,567,758,389,731,733,765,593,765,233,618,153,510,0,698,822,2786,66,6,10.13,6.59,1.03,1.04,0.0,0.0,0.0,0.0,1.03,1.04,0.0,25.14,27.33,21.32,0.89,0.52,0.51,74.8,53.21,95.82,77.52,37.7,30.0,0.0,29.5
07-076,FRANCISCO VILLA,IZTAPALAPA,False,,,,10250,5261,4983,274,108,41,43,0,0,0,108,41,43,1559,819,720,122,46,45,1877,2831,1365,2817,2502,2834,2151,2834,1032,2813,640,2562,0,2103,2913,10042,88,7,10.35,2.67,1.05,0.78,0.86,0.0,0.0,0.0,1.05,0.78,0.86,15.21,15.57,14.45,1.19,0.87,0.9,66.3,48.46,88.29,75.9,36.69,24.98,0.0,29.01
07-077,FUEGO NUEVO,IZTAPALAPA,False,,,,12587,6505,6082,673,282,134,112,4,3,0,270,123,111,2296,1270,1011,179,76,78,2531,3533,1802,3510,3258,3533,2772,3533,1753,3533,916,3517,2,2522,3351,11257,78,5,10.48,5.35,2.24,2.06,1.84,0.03,0.05,0.0,2.15,1.89,1.83,18.24,19.52,16.62,1.42,1.17,1.28,71.64,51.34,92.22,78.46,49.62,26.04,0.08,29.77
07-078,FUENTES DE ZARAGOZA (U HAB),IZTAPALAPA,False,,,,1516,793,723,19,3,0,0,0,0,0,3,0,0,290,156,120,138,73,36,440,514,397,514,499,514,431,514,185,514,252,514,0,477,455,1516,32,2,12.97,1.25,0.2,0.0,0.0,0.0,0.0,0.0,0.2,0.0,0.0,19.13,19.67,16.6,9.1,9.21,4.98,85.6,77.24,97.08,83.85,35.99,49.03,0.0,30.01
07-079,FUERTE DE LORETO - LA ANTENA (U HAB),IZTAPALAPA,False,,,,7820,4087,3733,214,71,31,36,0,0,0,68,31,31,1321,721,586,134,55,55,1725,2704,1243,2704,2472,2704,2228,2704,1028,2704,649,2678,0,2047,2907,7734,47,7,10.52,2.74,0.91,0.76,0.96,0.0,0.0,0.0,0.87,0.76,0.83,16.89,17.64,15.7,1.71,1.35,1.47,63.79,45.97,91.42,82.4,38.02,24.23,0.0,37.59
07-080,GAMA GAVILAN (U HAB),IZTAPALAPA,False,,,,576,300,276,2,0,0,0,0,0,0,0,0,0,108,63,41,15,5,4,143,172,111,172,163,172,141,172,85,172,73,172,0,172,139,260,8,0,11.42,0.35,0.0,0.0,0.0,0.0,0.0,0.0,0.0,0.0,0.0,18.75,21.0,14.86,2.6,1.67,1.45,83.14,64.53,94.77,81.98,49.42,42.44,0.0,53.46
07-081,GAVILAN (U HAB),IZTAPALAPA,False,,,,1410,748,662,15,1,1,0,0,0,0,1,1,0,241,142,99,28,12,10,343,445,266,445,413,445,345,445,196,445,145,444,2,445,366,691,8,1,11.3,1.06,0.07,0.13,0.0,0.0,0.0,0.0,0.07,0.13,0.0,17.09,18.98,14.95,1.99,1.6,1.51,77.08,59.78,92.81,77.53,44.04,32.66,0.45,52.97
07-082,GRANJAS ESMERALDA,IZTAPALAPA,False,,,,2062,1069,987,0,0,0,0,0,0,0,0,0,0,304,176,113,41,24,2,623,731,564,731,689,731,570,731,439,718,318,708,0,634,543,1934,36,2,13.69,0.0,0.0,0.0,0.0,0.0,0.0,0.0,0.0,0.0,0.0,14.74,16.46,11.45,1.99,2.25,0.2,85.23,77.15,94.25,77.98,61.14,44.92,0.0,28.08
07-083,GRANJAS ESTRELLA I,IZTAPALAPA,False,,,,5853,3043,2802,70,20,5,9,0,0,0,19,5,8,1058,585,447,182,68,89,1431,1750,1126,1750,1636,1750,1297,1750,1123,1743,674,1719,0,1613,1309,5543,40,4,11.9,1.2,0.34,0.16,0.32,0.0,0.0,0.0,0.32,0.16,0.29,18.08,19.22,15.95,3.11,2.23,3.18,81.77,64.34,93.49,74.11,64.43,39.21,0.0,23.62
07-084,GRANJAS ESTRELLA II,IZTAPALAPA,False,,,,707,372,335,24,5,0,1,0,0,0,5,0,1,146,82,57,13,6,2,177,220,131,220,209,220,163,220,132,220,72,217,0,220,194,324,9,1,11.56,3.39,0.71,0.0,0.3,0.0,0.0,0.0,0.71,0.0,0.3,20.65,22.04,17.01,1.84,1.61,0.6,80.45,59.55,95.0,74.09,60.0,33.18,0.0,59.88
07-085,GRANJAS ESTRELLA III,IZTAPALAPA,False,,,,1340,699,640,12,0,0,0,0,0,0,0,0,0,156,90,66,29,13,14,375,467,315,467,450,467,355,467,296,467,218,467,0,392,360,1208,6,3,11.73,0.9,0.0,0.0,0.0,0.0,0.0,0.0,0.0,0.0,0.0,11.64,12.88,10.31,2.16,1.86,2.19,80.3,67.45,96.36,76.02,63.38,46.68,0.0,29.8
07-086,GRANJAS SAN ANTONIO,IZTAPALAPA,False,,,,3269,1735,1520,46,9,3,0,0,0,0,9,3,0,517,281,213,90,40,32,918,1069,817,1069,1016,1069,837,1069,632,1060,464,1055,0,958,870,3197,45,4,13.08,1.41,0.28,0.17,0.0,0.0,0.0,0.0,0.28,0.17,0.0,15.82,16.2,14.01,2.75,2.31,2.11,85.87,76.43,95.04,78.3,59.62,43.98,0.0,27.21
07-087,GUADALUPE (BARR),IZTAPALAPA,False,,,,2288,1138,1149,10,4,0,0,0,0,0,4,0,0,182,94,71,20,8,4,331,621,186,621,515,621,472,621,140,605,29,347,7,481,686,2274,20,2,9.71,0.44,0.17,0.0,0.0,0.0,0.0,0.0,0.17,0.0,0.0,7.95,8.26,6.18,0.87,0.7,0.35,53.3,29.95,82.93,76.01,23.14,8.36,1.46,30.17
07-088,GUADALUPE DEL MORAL,IZTAPALAPA,False,,,,9984,5126,4839,272,80,39,32,0,0,0,78,38,31,2182,1159,1022,272,111,123,1864,2769,1379,2769,2489,2769,2097,2766,1074,2761,537,2674,15,2237,3536,9693,62,9,10.87,2.72,0.8,0.76,0.66,0.0,0.0,0.0,0.78,0.74,0.64,21.85,22.61,21.12,2.72,2.17,2.54,67.32,49.8,89.89,75.81,38.9,20.08,0.67,36.48
07-089,GUELATAO DE JUAREZ I (U HAB),IZTAPALAPA,False,,,,1034,550,484,20,2,0,0,0,0,0,2,0,0,218,108,86,35,18,10,218,286,158,281,254,289,226,286,76,194,58,180,0,289,291,495,30,2,11.01,1.93,0.19,0.0,0.0,0.0,0.0,0.0,0.19,0.0,0.0,21.08,19.64,17.77,3.38,3.27,2.07,76.22,56.23,87.89,79.02,39.18,32.22,0.0,58.79
07-090,GUELATAO DE JUAREZ II (U HAB),IZTAPALAPA,False,,,,517,270,247,16,0,0,0,0,0,0,0,0,0,115,64,47,5,2,2,113,149,82,149,135,149,123,149,58,136,39,114,0,131,127,254,10,0,11.0,3.09,0.0,0.0,0.0,0.0,0.0,0.0,0.0,0.0,0.0,22.24,23.7,19.03,0.97,0.74,0.81,75.84,55.03,90.6,82.55,42.65,34.21,0.0,50.0
07-091,HEROES DE CHURUBUSCO,IZTAPALAPA,False,,,,6338,3415,2923,100,39,17,18,0,0,0,37,15,18,851,514,334,101,42,35,1667,1988,1457,1988,1872,1988,1616,1988,1245,1988,647,1988,0,1644,1565,6326,39,3,13.14,1.58,0.62,0.5,0.62,0.0,0.0,0.0,0.58,0.44,0.62,13.43,15.05,11.43,1.59,1.23,1.2,83.85,73.29,94.16,81.29,62.63,32.55,0.0,24.74
07-092,HUASIPUNGO (U HAB),IZTAPALAPA,False,,,,626,333,293,42,3,0,0,0,0,0,3,0,0,119,66,43,3,0,0,114,158,60,131,151,158,118,153,56,141,21,98,0,158,190,589,15,1,10.38,6.71,0.48,0.0,0.0,0.0,0.0,0.0,0.48,0.0,0.0,19.01,19.82,14.68,0.48,0.0,0.0,72.15,45.8,95.57,77.12,39.72,21.43,0.0,32.26
07-093,HUITZICO-LA POBLANITA,IZTAPALAPA,False,,,,1932,955,977,227,56,19,18,0,0,0,56,19,18,893,463,429,91,49,36,269,468,110,460,399,468,345,468,109,451,10,168,0,377,659,1927,19,0,8.72,11.75,2.9,1.99,1.84,0.0,0.0,0.0,2.9,1.99,1.84,46.22,48.48,43.91,4.71,5.13,3.68,57.48,23.91,85.26,73.72,24.17,5.95,0.0,34.2
07-094,IGNACIO ZARAGOZA (U HAB),IZTAPALAPA,False,,,,832,448,380,28,3,1,2,0,0,0,3,1,2,170,96,69,16,8,2,182,240,130,240,216,240,186,240,75,229,63,196,0,225,210,398,15,1,10.53,3.37,0.36,0.22,0.53,0.0,0.0,0.0,0.36,0.22,0.53,20.43,21.43,18.16,1.92,1.79,0.53,75.83,54.17,90.0,77.5,32.75,32.14,0.0,52.76
07-095,INSURGENTES,IZTAPALAPA,False,,,,5801,3015,2776,163,43,16,16,0,0,0,43,16,16,971,522,419,90,44,30,1118,1599,838,1587,1457,1603,1228,1597,554,1540,365,1470,0,869,2047,5755,48,4,10.36,2.81,0.74,0.53,0.58,0.0,0.0,0.0,0.74,0.53,0.58,16.74,17.31,15.09,1.55,1.46,1.08,69.92,52.8,90.89,76.89,35.97,24.83,0.0,35.57
07-096,IXTLAHUACAN,IZTAPALAPA,False,,,,17125,8783,8342,870,277,105,98,3,0,0,271,102,93,4681,2499,2176,293,129,130,3010,4852,1572,4793,4266,4855,3920,4850,734,4600,316,3747,3,3775,5675,17047,106,9,9.43,5.08,1.62,1.2,1.17,0.02,0.0,0.0,1.58,1.16,1.11,27.33,28.45,26.08,1.71,1.47,1.56,62.04,32.8,87.87,80.82,15.96,8.43,0.08,33.29
07-097,JACARANDAS,IZTAPALAPA,False,,,,8329,4410,3913,162,26,6,11,0,0,0,26,6,11,1241,701,526,132,62,52,1816,2358,1413,2358,2177,2361,1918,2358,950,2338,612,2279,0,1999,2767,8297,55,3,11.51,1.95,0.31,0.14,0.28,0.0,0.0,0.0,0.31,0.14,0.28,14.9,15.9,13.44,1.58,1.41,1.33,77.01,59.92,92.21,81.34,40.63,26.85,0.0,33.35
07-098,JARDINES DE CHURUBUSCO,IZTAPALAPA,False,,,,1713,886,826,14,3,0,0,0,0,0,3,0,0,276,159,117,31,12,13,426,504,360,504,470,504,424,504,298,497,160,496,0,405,448,1691,14,0,12.79,0.82,0.18,0.0,0.0,0.0,0.0,0.0,0.18,0.0,0.0,16.11,17.95,14.16,1.81,1.35,1.57,84.52,71.43,93.25,84.13,59.96,32.26,0.0,26.49
07-099,JARDINES DE SAN LORENZO,IZTAPALAPA,False,,,,7275,3775,3500,215,61,18,32,0,0,0,61,18,32,1367,754,613,143,72,57,1324,1962,954,1962,1728,1962,1469,1962,562,1961,325,1954,7,1036,2236,7209,29,3,10.24,2.96,0.84,0.48,0.91,0.0,0.0,0.0,0.84,0.48,0.91,18.79,19.97,17.51,1.97,1.91,1.63,67.48,48.62,88.07,74.87,28.66,16.63,0.68,31.02
07-101,JOSE MA MORELOS Y PAVON (U HAB),IZTAPALAPA,False,,,,1801,934,867,39,6,0,0,0,0,0,6,0,0,277,152,113,20,7,9,275,458,148,392,407,461,360,458,211,447,46,356,0,461,726,1777,21,1,9.69,2.17,0.33,0.0,0.0,0.0,0.0,0.0,0.33,0.0,0.0,15.38,16.27,13.03,1.11,0.75,1.04,60.04,37.76,88.29,78.6,47.2,12.92,0.0,40.86
07-103,JUSTO SIERRA,IZTAPALAPA,False,,,,1028,535,493,8,3,3,0,0,0,0,3,3,0,151,89,62,8,0,6,348,371,319,371,362,371,340,371,275,371,233,371,0,262,318,1028,8,1,14.45,0.78,0.29,0.56,0.0,0.0,0.0,0.0,0.29,0.56,0.0,14.69,16.64,12.58,0.78,0.0,1.22,93.8,85.98,97.57,91.64,74.12,62.8,0.0,30.93
07-104,LA ASUNCION (BARR),IZTAPALAPA,False,,,,4719,2404,2315,214,92,38,47,0,0,0,92,38,47,487,249,237,44,18,14,682,1068,456,1068,940,1068,846,1068,277,1068,159,1045,0,567,1717,4708,17,0,10.16,4.53,1.95,1.58,2.03,0.0,0.0,0.0,1.95,1.58,2.03,10.32,10.36,10.24,0.93,0.75,0.6,63.86,42.7,88.01,79.21,25.94,15.22,0.0,36.47
07-105,LA COLMENA (U HAB),IZTAPALAPA,False,,,,3528,1835,1692,14,0,0,0,0,0,0,0,0,0,493,287,185,34,16,0,710,970,546,970,859,970,805,970,299,901,297,896,0,900,923,3512,50,5,10.33,0.4,0.0,0.0,0.0,0.0,0.0,0.0,0.0,0.0,0.0,13.97,15.64,10.93,0.96,0.87,0.0,73.2,56.29,88.56,82.99,33.19,33.15,0.0,26.28
07-106,LA ERA,IZTAPALAPA,False,,,,6934,3544,3390,154,34,10,10,0,0,0,33,10,10,1180,668,501,90,32,24,1430,1952,1059,1943,1787,1952,1553,1952,703,1926,456,1839,0,1885,2207,6897,61,5,10.78,2.22,0.49,0.28,0.29,0.0,0.0,0.0,0.48,0.28,0.29,17.02,18.85,14.78,1.3,0.9,0.71,73.26,54.5,91.55,79.56,36.5,24.8,0.0,32.0
07-107,LA ESPERANZA,IZTAPALAPA,False,,,,1302,674,628,30,6,3,3,0,0,0,6,3,3,234,139,95,23,7,11,261,379,190,379,326,379,288,379,133,374,91,379,0,355,334,1263,12,0,11.03,2.3,0.46,0.45,0.48,0.0,0.0,0.0,0.46,0.45,0.48,17.97,20.62,15.13,1.77,1.04,1.75,68.87,50.13,86.02,75.99,35.56,24.01,0.0,26.44
07-108,LA ESTACION,IZTAPALAPA,False,,,,1476,746,730,104,34,16,16,0,0,0,33,16,16,341,183,158,29,13,11,265,387,170,387,343,387,261,387,116,387,60,387,0,297,549,1136,4,0,9.39,7.05,2.3,2.14,2.19,0.0,0.0,0.0,2.24,2.14,2.19,23.1,24.53,21.64,1.96,1.74,1.51,68.48,43.93,88.63,67.44,29.97,15.5,0.0,48.33
07-109,LA JOYA,IZTAPALAPA,False,,,,1553,801,752,85,20,5,11,0,0,0,17,5,5,202,118,82,6,3,3,187,401,102,401,313,401,276,401,150,401,32,401,5,117,446,1469,4,0,8.76,5.47,1.29,0.62,1.46,0.0,0.0,0.0,1.09,0.62,0.66,13.01,14.73,10.9,0.39,0.37,0.4,46.63,25.44,78.05,68.83,37.41,7.98,4.27,30.36
07-110,LA JOYITA,IZTAPALAPA,False,,,,671,352,319,75,35,11,17,0,0,0,34,11,17,226,117,109,14,4,7,86,157,49,136,134,157,120,157,58,146,13,84,0,157,315,657,7,0,9.0,11.18,5.22,3.12,5.33,0.0,0.0,0.0,5.07,3.12,5.33,33.68,33.24,34.17,2.09,1.14,2.19,54.78,36.03,85.35,76.43,39.73,15.48,0.0,47.95
07-111,LA MAGUEYERA,IZTAPALAPA,False,,,,3842,2026,1816,298,82,39,31,0,0,0,82,39,31,844,445,387,42,9,19,644,985,355,961,902,994,695,985,241,958,175,912,2,782,1486,3607,27,1,9.5,7.76,2.13,1.92,1.71,0.0,0.0,0.0,2.13,1.92,1.71,21.97,21.96,21.31,1.09,0.44,1.05,65.38,36.94,90.74,70.56,25.16,19.19,0.26,41.2
07-112,LA NUEVA ROSITA,IZTAPALAPA,False,,,,3871,2023,1848,48,13,3,3,0,0,0,13,3,3,500,285,211,28,14,4,674,909,463,912,827,912,743,912,384,912,172,857,0,689,1457,3839,28,1,10.39,1.24,0.34,0.15,0.16,0.0,0.0,0.0,0.34,0.15,0.16,12.92,14.09,11.42,0.72,0.69,0.22,74.15,50.77,90.68,81.47,42.11,20.07,0.0,37.95
07-113,LA PLANTA,IZTAPALAPA,False,,,,6152,3159,2954,268,70,38,24,0,0,0,69,37,24,1108,601,481,107,51,33,1128,1608,636,1597,1493,1622,1198,1597,470,1559,352,1414,0,1061,1725,5995,60,8,9.57,4.36,1.14,1.2,0.81,0.0,0.0,0.0,1.12,1.17,0.81,18.01,19.03,16.28,1.74,1.61,1.12,70.15,39.82,92.05,75.02,30.15,24.89,0.0,28.77
07-114,LA POLVORILLA,IZTAPALAPA,False,,,,4255,2203,2048,146,47,14,19,0,0,0,47,14,19,923,479,440,63,25,23,691,1105,403,1072,976,1105,814,1100,269,1100,126,988,0,833,1514,4245,29,2,9.65,3.43,1.1,0.64,0.93,0.0,0.0,0.0,1.1,0.64,0.93,21.69,21.74,21.48,1.48,1.13,1.12,62.53,37.59,88.33,74.0,24.45,12.75,0.0,35.67
07-115,POLVORILLA (AMPL),IZTAPALAPA,False,,,,5735,2904,2831,559,189,97,83,3,0,0,181,93,77,1422,735,687,139,52,67,902,1465,549,1465,1315,1465,1036,1465,323,1465,212,1432,7,1044,2192,5314,18,1,9.45,9.75,3.3,3.34,2.93,0.05,0.0,0.0,3.16,3.2,2.72,24.8,25.31,24.27,2.42,1.79,2.37,61.57,37.47,89.76,70.72,22.05,14.8,0.67,41.25
07-116,LA REGADERA,IZTAPALAPA,False,,,,655,338,312,7,4,0,3,0,0,0,4,0,3,97,53,40,22,15,3,123,196,111,196,173,196,164,196,91,196,44,187,0,176,176,630,11,1,11.42,1.07,0.61,0.0,0.96,0.0,0.0,0.0,0.61,0.0,0.96,14.81,15.68,12.82,3.36,4.44,0.96,62.76,56.63,88.27,83.67,46.43,23.53,0.0,27.94
07-117,LAS AMERICAS (U HAB),IZTAPALAPA,False,,,,6973,3615,3358,37,3,0,0,0,0,0,3,0,0,849,460,373,148,49,50,1966,2365,1668,2365,2274,2365,1964,2365,1241,2365,968,2365,0,2183,1604,6952,70,4,12.37,0.53,0.04,0.0,0.0,0.0,0.0,0.0,0.04,0.0,0.0,12.18,12.72,11.11,2.12,1.36,1.49,83.13,70.53,96.15,83.04,52.47,40.93,0.0,23.07
07-118,LAS PEÑAS I,IZTAPALAPA,False,,,,11945,6179,5757,261,88,26,33,0,0,0,88,26,33,2090,1112,942,258,110,110,2299,3249,1659,3229,2964,3261,2570,3258,1155,3166,702,3137,3,3005,3748,11856,97,7,10.55,2.19,0.74,0.42,0.57,0.0,0.0,0.0,0.74,0.42,0.57,17.5,18.0,16.36,2.16,1.78,1.91,70.76,51.38,90.89,78.88,36.48,22.38,0.1,31.61
07-119,LEYES DE REFORMA 1A SECCION,IZTAPALAPA,False,,,,7277,3697,3579,72,33,18,9,0,0,0,32,17,9,789,444,344,135,57,65,1430,2115,1134,2115,1929,2115,1725,2115,828,2115,540,2114,3,1875,1877,7261,32,4,10.76,0.99,0.45,0.49,0.25,0.0,0.0,0.0,0.44,0.46,0.25,10.84,12.01,9.61,1.86,1.54,1.82,67.61,53.62,91.21,81.56,39.15,25.54,0.16,25.85
07-120,LEYES DE REFORMA 2A SECCION,IZTAPALAPA,False,,,,5190,2617,2574,83,15,0,0,0,0,0,12,0,0,650,336,310,60,24,21,937,1422,677,1422,1282,1426,1088,1426,509,1422,256,1380,0,1092,1838,5179,29,0,10.41,1.6,0.29,0.0,0.0,0.0,0.0,0.0,0.23,0.0,0.0,12.52,12.84,12.04,1.16,0.92,0.82,65.89,47.61,89.9,76.3,35.79,18.55,0.0,35.49
07-124,LOMAS DE SANTA CRUZ MEYEHUALCO,IZTAPALAPA,False,,,,6090,3204,2886,292,121,64,46,0,0,0,120,63,46,1334,691,644,105,40,47,1061,1644,639,1644,1453,1644,1251,1644,403,1599,223,1496,6,1324,2318,6069,28,1,9.53,4.79,1.99,2.0,1.59,0.0,0.0,0.0,1.97,1.97,1.59,21.9,21.57,22.31,1.72,1.25,1.63,64.54,38.87,88.38,76.09,25.2,14.91,0.45,38.19
07-125,LOMAS DE ZARAGOZA,IZTAPALAPA,False,,,,17762,9158,8604,1185,482,220,180,3,3,0,470,212,179,5393,2854,2537,634,277,273,2781,4785,1735,4765,4245,4794,3438,4794,1032,4661,674,4434,3,3769,6644,17655,100,1,9.65,6.67,2.71,2.4,2.09,0.02,0.03,0.0,2.65,2.31,2.08,30.36,31.16,29.49,3.57,3.02,3.17,58.12,36.41,88.55,71.71,22.14,15.2,0.08,37.63
07-126,LOMAS EL MANTO,IZTAPALAPA,False,,,,1230,640,590,56,24,8,9,0,0,0,24,8,9,261,150,111,4,0,3,227,326,192,326,295,326,243,326,108,326,80,326,0,325,348,1210,9,0,10.39,4.55,1.95,1.25,1.53,0.0,0.0,0.0,1.95,1.25,1.53,21.22,23.44,18.81,0.33,0.0,0.51,69.63,58.9,90.49,74.54,33.13,24.54,0.0,28.76
07-127,LOMAS ESTRELLA  III (U HAB),IZTAPALAPA,False,,,,948,476,462,28,4,1,1,0,0,0,4,0,0,191,93,85,10,4,6,192,245,131,227,232,245,200,245,165,235,55,159,0,237,201,881,23,2,11.27,2.95,0.42,0.21,0.22,0.0,0.0,0.0,0.42,0.0,0.0,20.15,19.54,18.4,1.05,0.84,1.3,78.37,57.71,94.69,81.63,70.21,34.59,0.0,22.81
07-128,LOMAS ESTRELLA 1A SECC (FRACC),IZTAPALAPA,False,,,,2636,1371,1265,80,34,17,14,2,0,0,32,16,13,490,286,201,99,44,49,669,748,586,748,727,748,616,748,584,748,360,748,0,597,651,2292,11,0,13.29,3.03,1.29,1.24,1.11,0.08,0.0,0.0,1.21,1.17,1.03,18.59,20.86,15.89,3.76,3.21,3.87,89.44,78.34,97.19,82.35,78.07,48.13,0.0,28.4
07-130,LOS ANGELES,IZTAPALAPA,False,,,,14469,7576,6889,294,86,24,27,0,0,0,85,23,27,2328,1302,964,207,79,76,3018,4180,2166,4140,3858,4180,3167,4169,1745,4044,1207,3942,9,3327,4589,13777,128,8,10.94,2.03,0.59,0.32,0.39,0.0,0.0,0.0,0.59,0.3,0.39,16.09,17.19,13.99,1.43,1.04,1.1,72.2,52.32,92.3,75.97,43.15,30.62,0.27,33.31
07-131,LOS ANGELES APANOAYA,IZTAPALAPA,False,,,,4326,2264,2060,117,36,13,19,0,0,0,34,12,18,864,487,357,118,58,35,967,1254,774,1254,1172,1254,1009,1254,565,1234,389,1192,0,899,1333,4324,51,4,11.48,2.7,0.83,0.57,0.92,0.0,0.0,0.0,0.79,0.53,0.87,19.97,21.51,17.33,2.73,2.56,1.7,77.11,61.72,93.46,80.46,45.79,32.63,0.0,30.83
07-132,LOS CIPRESES,IZTAPALAPA,False,,,,2381,1265,1115,58,11,6,0,0,0,0,11,6,0,474,280,192,73,21,35,613,766,530,766,716,766,617,766,393,766,292,766,0,766,721,2379,19,2,12.89,2.44,0.46,0.47,0.0,0.0,0.0,0.0,0.46,0.47,0.0,19.91,22.13,17.22,3.07,1.66,3.14,80.03,69.19,93.47,80.55,51.31,38.12,0.0,30.31
07-133,LOS PICOS VI B,IZTAPALAPA,False,,,,3080,1602,1477,32,10,3,7,0,0,0,10,3,7,459,258,196,50,17,17,523,686,376,686,630,686,528,686,278,674,145,619,0,426,929,3074,20,1,10.45,1.04,0.32,0.19,0.47,0.0,0.0,0.0,0.32,0.19,0.47,14.9,16.1,13.27,1.62,1.06,1.15,76.24,54.81,91.84,76.97,41.25,23.42,0.0,30.22
07-134,LOS REYES (AMPL),IZTAPALAPA,False,,,,7564,3888,3667,376,109,29,48,0,0,0,108,26,48,957,532,404,61,21,12,1316,2001,938,1990,1782,2010,1495,2010,679,1989,383,1800,3,1488,2100,7527,63,7,10.18,4.97,1.44,0.75,1.31,0.0,0.0,0.0,1.43,0.67,1.31,12.65,13.68,11.02,0.81,0.54,0.33,65.77,47.14,88.66,74.38,34.14,21.28,0.2,27.9
07-135,LOS REYES (PBLO),IZTAPALAPA,False,,,,6420,3312,3107,207,92,42,35,0,0,0,90,41,35,831,459,364,65,40,19,1232,1825,940,1825,1654,1825,1469,1825,688,1825,438,1815,7,1267,2210,6417,25,1,10.63,3.22,1.43,1.27,1.13,0.0,0.0,0.0,1.4,1.24,1.13,12.94,13.86,11.72,1.01,1.21,0.61,67.51,51.51,90.63,80.49,37.7,24.13,0.55,34.44
07-136,M MAZA DE JUAREZ (U HAB),IZTAPALAPA,False,,,,2297,1234,1055,47,13,6,3,0,0,0,12,3,3,426,237,176,60,21,27,588,694,483,694,653,694,579,694,418,694,266,671,0,642,552,2072,30,1,12.3,2.05,0.57,0.49,0.28,0.0,0.0,0.0,0.52,0.24,0.28,18.55,19.21,16.68,2.61,1.7,2.56,84.73,69.6,94.09,83.43,60.23,39.64,0.0,26.64
07-137,MAGDALENA ATLAZOLPA (PBLO),IZTAPALAPA,False,,,,6248,3255,2987,210,96,41,46,0,0,0,94,39,46,956,536,408,89,50,31,1362,1787,1039,1787,1653,1787,1370,1787,822,1787,547,1782,0,1225,1853,6234,33,5,11.31,3.36,1.54,1.26,1.54,0.0,0.0,0.0,1.5,1.2,1.54,15.3,16.47,13.66,1.42,1.54,1.04,76.22,58.14,92.5,76.66,46.0,30.7,0.0,29.72
07-138,MEXICALTZINGO (PBLO),IZTAPALAPA,False,,,,1164,589,574,17,8,4,4,0,0,0,7,4,3,170,93,76,19,10,8,275,362,229,359,335,362,271,362,186,354,154,355,0,362,383,1075,6,0,12.13,1.46,0.69,0.68,0.7,0.0,0.0,0.0,0.6,0.68,0.52,14.6,15.79,13.24,1.63,1.7,1.39,75.97,63.79,92.54,74.86,52.54,43.38,0.0,35.63
07-139,MIGUEL DE LA MADRID HURTADO,IZTAPALAPA,False,,,,15777,8169,7602,885,282,128,95,0,0,0,280,125,95,4026,2184,1834,242,121,90,2604,4164,1487,4139,3661,4169,3284,4164,837,4046,434,3547,0,2928,5368,15593,89,4,9.37,5.61,1.79,1.57,1.25,0.0,0.0,0.0,1.77,1.53,1.25,25.52,26.74,24.13,1.53,1.48,1.18,62.54,35.93,87.81,78.87,20.69,12.24,0.0,34.43
07-140,MINAS POLVORILLA (U HAB) I,IZTAPALAPA,False,,,,2727,1396,1331,212,48,22,18,0,0,0,47,21,18,652,351,288,14,1,3,383,598,264,582,576,612,439,612,98,500,52,454,0,604,978,2536,30,3,8.87,7.77,1.76,1.58,1.35,0.0,0.0,0.0,1.72,1.5,1.35,23.91,25.14,21.64,0.51,0.07,0.23,64.05,45.36,94.12,71.73,19.6,11.45,0.0,38.56
07-141,MINERVA,IZTAPALAPA,False,,,,1485,788,697,16,3,0,0,0,0,0,3,0,0,221,117,104,61,25,34,383,473,340,473,435,473,373,473,254,473,173,473,0,332,471,1485,9,1,12.8,1.08,0.2,0.0,0.0,0.0,0.0,0.0,0.2,0.0,0.0,14.88,14.85,14.92,4.11,3.17,4.88,80.97,71.88,91.97,78.86,53.7,36.58,0.0,31.72
07-142,MIRASOLES (U HAB),IZTAPALAPA,False,,,,10571,5543,5021,155,39,19,3,0,0,0,39,19,3,1892,1085,804,242,118,105,2320,2894,1815,2894,2670,2894,2221,2894,1235,2894,882,2894,0,2279,2605,10543,50,1,11.61,1.47,0.37,0.34,0.06,0.0,0.0,0.0,0.37,0.34,0.06,17.9,19.57,16.01,2.29,2.13,2.09,80.17,62.72,92.26,76.74,42.67,30.48,0.0,24.71
07-143,MIRAVALLE,IZTAPALAPA,False,,,,14004,7238,6766,1754,600,295,255,0,0,0,596,292,252,4259,2282,1969,330,142,133,2199,3506,1081,3446,2979,3517,2724,3517,544,3077,229,2563,7,2951,4660,13931,94,6,8.92,12.52,4.28,4.08,3.77,0.0,0.0,0.0,4.26,4.03,3.72,30.41,31.53,29.1,2.36,1.96,1.97,62.72,31.37,84.7,77.45,17.68,8.93,0.24,33.45
07-144,MIXCOATL,IZTAPALAPA,False,,,,6781,3490,3285,204,74,22,29,0,0,0,70,22,28,959,516,418,96,30,42,1117,1779,772,1762,1599,1787,1295,1784,482,1725,252,1380,0,1328,2000,6643,71,7,9.84,3.01,1.09,0.63,0.88,0.0,0.0,0.0,1.03,0.63,0.85,14.14,14.79,12.72,1.42,0.86,1.28,62.79,43.81,89.48,72.59,27.94,18.26,0.0,30.11
07-145,MODELO (U),IZTAPALAPA,False,,,,5836,3152,2626,33,6,6,0,0,0,0,6,6,0,685,366,204,43,22,11,1730,1956,1542,1946,1832,1962,1638,1943,1306,1906,927,1809,0,1968,1298,5432,178,14,13.92,0.57,0.1,0.19,0.0,0.0,0.0,0.0,0.1,0.19,0.0,11.74,11.61,7.77,0.74,0.7,0.42,88.45,79.24,93.37,84.3,68.52,51.24,0.0,23.9
07-146,MONTE ALBAN,IZTAPALAPA,False,,,,1454,729,725,123,58,30,28,0,0,0,56,29,27,422,223,199,62,32,30,226,374,139,374,339,374,295,374,130,374,47,374,3,354,518,1372,4,0,9.64,8.46,3.99,4.12,3.86,0.0,0.0,0.0,3.85,3.98,3.72,29.02,30.59,27.45,4.26,4.39,4.14,60.43,37.17,90.64,78.88,34.76,12.57,0.85,37.76
07-147,MOYOCOYANI (U HAB),IZTAPALAPA,False,,,,362,197,165,22,0,0,0,0,0,0,0,0,0,85,43,35,4,0,0,66,99,51,87,96,103,82,103,36,87,25,74,0,103,115,322,10,1,10.31,6.08,0.0,0.0,0.0,0.0,0.0,0.0,0.0,0.0,0.0,23.48,21.83,21.21,1.1,0.0,0.0,66.67,58.62,93.2,79.61,41.38,33.78,0.0,35.71
07-148,NA HAL TI (U HAB),IZTAPALAPA,False,,,,829,449,380,44,10,0,0,0,0,0,10,0,0,188,103,82,10,6,4,135,216,96,216,211,219,207,219,86,216,53,212,0,219,247,797,8,0,9.87,5.31,1.21,0.0,0.0,0.0,0.0,0.0,1.21,0.0,0.0,22.68,22.94,21.58,1.21,1.34,1.05,62.5,44.44,96.35,94.52,39.81,25.0,0.0,30.99
07-149,NORMA ISSSTE (U HAB),IZTAPALAPA,False,,,,885,452,432,4,0,0,0,0,0,0,0,0,0,130,62,54,22,9,4,282,323,238,316,311,323,248,319,185,304,102,270,0,323,203,420,25,1,12.87,0.45,0.0,0.0,0.0,0.0,0.0,0.0,0.0,0.0,0.0,14.69,13.72,12.5,2.49,1.99,0.93,87.31,75.32,96.28,77.74,60.86,37.78,0.0,48.33
07-150,NUEVA GENERACION (U HAB),IZTAPALAPA,False,,,,1945,987,955,113,31,12,13,0,0,0,31,12,13,501,263,219,29,5,9,308,449,211,431,437,457,388,457,130,378,90,333,0,457,677,1854,39,2,9.9,5.81,1.59,1.22,1.36,0.0,0.0,0.0,1.59,1.22,1.36,25.76,26.65,22.93,1.49,0.51,0.94,68.6,48.96,95.62,84.9,34.39,27.03,0.0,36.52
07-151,PALMITAS,IZTAPALAPA,False,,,,10429,5379,5043,683,231,94,101,3,0,0,216,86,96,2673,1432,1237,173,79,63,1672,2694,1013,2659,2437,2701,2237,2701,597,2587,466,2420,3,1886,3623,10287,67,4,9.44,6.55,2.21,1.75,2.0,0.03,0.0,0.0,2.07,1.6,1.9,25.63,26.62,24.53,1.66,1.47,1.25,62.06,38.1,90.23,82.82,23.08,19.26,0.16,35.22
07-152,PARAISO,IZTAPALAPA,False,,,,7861,4148,3709,223,40,13,15,0,0,0,39,13,15,1782,975,799,117,54,47,1454,2132,914,2131,1909,2138,1666,2138,804,2088,323,1820,6,1908,3322,7587,65,2,10.17,2.84,0.51,0.31,0.4,0.0,0.0,0.0,0.5,0.31,0.4,22.67,23.51,21.54,1.49,1.3,1.27,68.2,42.89,89.29,77.92,38.51,17.75,0.31,43.79
07-153,PARAISO (AMPL),IZTAPALAPA,False,,,,342,175,167,23,7,2,2,0,0,0,7,2,2,119,63,56,0,0,0,46,84,30,83,81,90,74,90,10,60,5,55,0,80,168,168,6,1,9.16,6.73,2.05,1.14,1.2,0.0,0.0,0.0,2.05,1.14,1.2,34.8,36.0,33.53,0.0,0.0,0.0,54.76,36.14,90.0,82.22,16.67,9.09,0.0,100.0
07-154,PARAJE SAN JUAN,IZTAPALAPA,False,,,,10500,5426,5074,298,92,34,29,0,0,0,90,34,27,1621,906,689,195,81,71,2033,2876,1541,2857,2635,2876,2232,2876,1191,2863,712,2796,0,2345,3679,10362,75,5,10.68,2.84,0.88,0.63,0.57,0.0,0.0,0.0,0.86,0.63,0.53,15.44,16.7,13.58,1.86,1.49,1.4,70.69,53.94,91.62,77.61,41.6,25.46,0.0,35.5
07-155,PARAJE ZACATEPEC,IZTAPALAPA,False,,,,10449,5424,5024,397,120,45,49,0,0,0,115,44,48,2003,1069,914,98,37,35,1912,2813,1231,2813,2475,2813,1951,2813,921,2804,514,2719,19,1962,3511,10125,54,2,9.98,3.8,1.15,0.83,0.98,0.0,0.0,0.0,1.1,0.81,0.96,19.17,19.71,18.19,0.94,0.68,0.7,67.97,43.76,87.98,69.36,32.85,18.9,0.97,34.68
07-156,PARAJES BUENAVISTA (TETECON),IZTAPALAPA,False,,,,8945,4449,4496,1162,382,187,165,0,0,0,373,180,160,2703,1383,1319,253,108,97,1312,2203,630,2141,1949,2209,1767,2203,348,2003,216,1820,4,1596,3409,8917,54,3,8.8,12.99,4.27,4.2,3.67,0.0,0.0,0.0,4.17,4.05,3.56,30.22,31.09,29.34,2.83,2.43,2.16,59.56,29.43,88.23,80.21,17.37,11.87,0.25,38.23
07-157,PASEOS DE CHURUBUSCO,IZTAPALAPA,False,,,,11226,5950,5229,134,43,15,17,0,0,0,41,15,15,2082,1218,843,378,162,145,3149,3506,2779,3516,3358,3516,2864,3516,2363,3516,1675,3503,0,3332,3190,11152,169,16,13.38,1.19,0.38,0.25,0.33,0.0,0.0,0.0,0.37,0.25,0.29,18.55,20.47,16.12,3.37,2.72,2.77,89.82,79.04,95.51,81.46,67.21,47.82,0.0,28.6
07-158,PEÑON VIEJO (U HAB),IZTAPALAPA,False,,,,5120,2677,2441,98,28,9,3,0,0,0,28,9,3,820,451,366,182,77,85,1128,1643,726,1643,1473,1643,1228,1643,956,1643,345,1643,22,1254,2202,5076,24,4,10.57,1.91,0.55,0.34,0.12,0.0,0.0,0.0,0.55,0.34,0.12,16.02,16.85,14.99,3.55,2.88,3.48,68.65,44.19,89.65,74.74,58.19,21.0,1.75,43.38
07-159,PLENITUD (U HAB),IZTAPALAPA,False,,,,696,387,309,27,6,0,1,0,0,0,6,0,1,148,83,59,13,3,4,185,207,170,207,204,207,188,207,115,207,108,191,0,190,132,653,13,1,13.09,3.88,0.86,0.0,0.32,0.0,0.0,0.0,0.86,0.0,0.32,21.26,21.45,19.09,1.87,0.78,1.29,89.37,82.13,98.55,90.82,55.56,56.54,0.0,20.21
07-160,PLUTARCO ELIAS CALLES (U HAB),IZTAPALAPA,False,,,,1277,675,602,14,3,3,0,0,0,0,3,3,0,244,138,107,13,4,3,324,414,263,414,391,414,355,414,205,414,124,414,0,381,330,1267,14,2,11.73,1.1,0.23,0.44,0.0,0.0,0.0,0.0,0.23,0.44,0.0,19.11,20.44,17.77,1.02,0.59,0.5,78.26,63.53,94.44,85.75,49.52,29.95,0.0,26.05
07-161,PREDIO DEGOLLADO,IZTAPALAPA,False,,,,7851,3975,3876,979,270,124,113,0,0,0,268,121,112,2028,1085,932,73,40,12,1123,1821,434,1770,1647,1837,1467,1837,337,1685,96,1029,3,1510,2500,7437,67,1,8.18,12.47,3.44,3.12,2.92,0.0,0.0,0.0,3.41,3.04,2.89,25.83,27.3,24.05,0.93,1.01,0.31,61.67,24.52,89.66,79.86,20.0,9.33,0.2,33.62
07-162,PRESIDENTES DE MEXICO,IZTAPALAPA,False,,,,15200,7924,7269,454,110,42,27,0,0,0,109,41,27,2696,1477,1192,281,114,99,3016,4331,2230,4296,3976,4331,3340,4331,1576,4303,911,3875,0,3883,4893,15005,128,6,10.81,2.99,0.72,0.53,0.37,0.0,0.0,0.0,0.72,0.52,0.37,17.74,18.64,16.4,1.85,1.44,1.36,69.64,51.91,91.8,77.12,36.63,23.51,0.0,32.61
07-163,PRIVADA GAVILAN (U HAB),IZTAPALAPA,False,,,,1068,554,513,10,0,0,0,0,0,0,0,0,0,94,51,34,12,2,3,265,318,228,314,297,318,260,318,178,292,158,291,0,318,242,488,28,0,10.59,0.94,0.0,0.0,0.0,0.0,0.0,0.0,0.0,0.0,0.0,8.8,9.21,6.63,1.12,0.36,0.58,83.33,72.61,93.4,81.76,60.96,54.3,0.0,49.59
07-164,PROGRESISTA,IZTAPALAPA,False,,,,9551,4874,4666,196,73,20,27,0,0,0,73,20,27,1562,831,725,258,117,115,1901,2781,1494,2781,2507,2781,2205,2781,1051,2781,666,2781,0,2316,3187,9534,58,3,10.93,2.05,0.76,0.41,0.58,0.0,0.0,0.0,0.76,0.41,0.58,16.35,17.05,15.54,2.7,2.4,2.46,68.36,53.72,90.15,79.29,37.79,23.95,0.0,33.43
07-165,PROGRESO DEL SUR,IZTAPALAPA,False,,,,2017,1062,951,43,16,0,0,0,0,0,16,0,0,276,159,117,49,26,20,515,636,385,636,573,636,511,636,282,636,204,636,0,570,529,2013,19,3,11.77,2.13,0.79,0.0,0.0,0.0,0.0,0.0,0.79,0.0,0.0,13.68,14.97,12.3,2.43,2.45,2.1,80.97,60.53,90.09,80.35,44.34,32.08,0.0,26.28
07-166,PUENTE BLANCO,IZTAPALAPA,False,,,,8568,4423,4130,285,68,26,23,0,0,0,68,26,23,1716,940,757,205,91,79,1485,2227,974,2170,2013,2253,1719,2246,758,2209,432,2037,3,1817,3129,8344,73,8,10.19,3.33,0.79,0.59,0.56,0.0,0.0,0.0,0.79,0.59,0.56,20.03,21.25,18.33,2.39,2.06,1.91,66.68,44.88,89.35,76.54,34.31,21.21,0.17,37.5
07-167,PURISIMA ATLAZOLPA,IZTAPALAPA,False,,,,2327,1182,1144,28,4,0,0,0,0,0,4,0,0,355,190,163,31,15,11,499,629,356,629,571,629,505,629,311,629,166,603,0,629,797,2301,18,1,10.82,1.2,0.17,0.0,0.0,0.0,0.0,0.0,0.17,0.0,0.0,15.26,16.07,14.25,1.33,1.27,0.96,79.33,56.6,90.78,80.29,49.44,27.53,0.0,34.64
07-168,PURISIMA I,IZTAPALAPA,False,,,,1005,501,496,40,7,0,0,0,0,0,7,0,0,117,54,61,23,3,14,172,269,115,269,251,269,227,269,74,269,43,254,0,269,378,997,13,2,10.49,3.98,0.7,0.0,0.0,0.0,0.0,0.0,0.7,0.0,0.0,11.64,10.78,12.3,2.29,0.6,2.82,63.94,42.75,93.31,84.39,27.51,16.93,0.0,37.91
07-169,REAL DEL MORAL (FRACC),IZTAPALAPA,False,,,,3701,2004,1697,52,12,7,0,0,0,0,12,7,0,667,388,278,124,53,43,1032,1195,871,1195,1116,1195,976,1195,689,1195,532,1195,0,1195,986,3701,25,0,13.36,1.41,0.32,0.35,0.0,0.0,0.0,0.0,0.32,0.35,0.0,18.02,19.36,16.38,3.35,2.64,2.53,86.36,72.89,93.39,81.67,57.66,44.52,0.0,26.64
07-171,RENOVACION,IZTAPALAPA,False,,,,14346,7298,7047,225,71,21,24,0,0,0,71,21,24,1778,938,809,116,36,43,2232,3592,1284,3534,3229,3607,2875,3611,1001,3499,652,3390,23,3182,5904,14344,96,4,9.06,1.57,0.49,0.29,0.34,0.0,0.0,0.0,0.49,0.29,0.34,12.39,12.85,11.48,0.81,0.49,0.61,62.14,36.33,89.52,79.62,28.61,19.23,0.72,41.16
07-172,RICARDO FLORES MAGON,IZTAPALAPA,False,,,,1722,890,831,62,21,5,12,0,0,0,20,5,12,227,124,100,67,29,29,365,487,275,487,453,487,354,487,215,487,146,487,0,455,557,1704,10,1,11.74,3.6,1.22,0.56,1.44,0.0,0.0,0.0,1.16,0.56,1.44,13.18,13.93,12.03,3.89,3.26,3.49,74.95,56.47,93.02,72.69,44.15,29.98,0.0,32.69
07-173,RICARDO FLORES MAGON (AMPL),IZTAPALAPA,False,,,,2746,1501,1245,80,31,15,8,0,0,0,29,14,8,463,276,178,81,44,28,613,840,517,840,764,840,636,840,379,840,260,785,0,708,809,2727,27,0,11.46,2.91,1.13,1.0,0.64,0.0,0.0,0.0,1.06,0.93,0.64,16.86,18.39,14.3,2.95,2.93,2.25,72.98,61.55,90.95,75.71,45.12,33.12,0.0,29.67
07-174,RINCONADA EL MOLINO,IZTAPALAPA,False,,,,1836,933,903,50,11,3,0,0,0,0,11,3,0,430,217,213,26,5,15,355,495,243,495,453,495,333,495,164,480,116,477,0,233,675,1807,12,0,10.0,2.72,0.6,0.32,0.0,0.0,0.0,0.0,0.6,0.32,0.0,23.42,23.26,23.59,1.42,0.54,1.66,71.72,49.09,91.52,67.27,34.17,24.32,0.0,37.35
07-175,SAN ANDRES TETEPILCO (PBLO),IZTAPALAPA,False,,,,13026,7019,6006,514,180,97,68,0,0,0,179,94,68,1801,1051,723,271,158,99,3118,4097,2572,4097,3701,4097,3151,4097,2101,4091,1429,4078,21,2729,3746,13017,68,3,11.64,3.95,1.38,1.38,1.13,0.0,0.0,0.0,1.37,1.34,1.13,13.83,14.97,12.04,2.08,2.25,1.65,76.1,62.78,90.33,76.91,51.36,35.04,0.77,28.78
07-176,SAN ANDRES TOMATLAN (PBLO),IZTAPALAPA,False,,,,4983,2585,2398,181,88,38,34,0,0,0,84,37,34,596,322,249,51,18,17,886,1278,653,1274,1149,1278,1015,1278,529,1278,305,1137,0,1116,1300,4730,39,1,10.59,3.63,1.77,1.47,1.42,0.0,0.0,0.0,1.69,1.43,1.42,11.96,12.46,10.38,1.02,0.7,0.71,69.33,51.26,89.91,79.42,41.39,26.82,0.0,27.48
07-177,SAN ANTONIO (BARR),IZTAPALAPA,False,,,,14621,7469,7144,734,298,123,128,0,0,0,294,123,128,2740,1502,1227,383,155,163,2572,3909,1485,3909,3512,3909,3077,3909,943,3836,526,3482,7,2607,4980,14474,86,6,9.88,5.02,2.04,1.65,1.79,0.0,0.0,0.0,2.01,1.65,1.79,18.74,20.11,17.18,2.62,2.08,2.28,65.8,37.99,89.84,78.72,24.58,15.11,0.27,34.41
07-178,SAN ANTONIO CULHUACAN (BARR),IZTAPALAPA,False,,,,6429,3331,3098,320,152,76,67,0,0,0,152,76,67,1076,584,485,198,96,86,1321,1800,968,1800,1674,1796,1450,1800,596,1790,420,1761,0,1344,1913,6415,24,0,10.92,4.98,2.36,2.28,2.16,0.0,0.0,0.0,2.36,2.28,2.16,16.74,17.53,15.66,3.08,2.88,2.78,73.39,53.78,93.21,80.56,33.3,23.85,0.0,29.82
07-179,SAN FRANCISCO APOLOCALCO,IZTAPALAPA,False,,,,5854,3037,2770,759,261,97,115,0,0,0,255,94,110,2309,1240,1049,356,177,138,822,1373,446,1343,1261,1439,947,1425,389,1352,115,1115,3,1112,2260,5633,68,10,9.22,12.97,4.46,3.19,4.15,0.0,0.0,0.0,4.36,3.1,3.97,39.44,40.83,37.87,6.08,5.83,4.98,59.87,33.21,87.63,66.46,28.77,10.31,0.27,40.12
07-180,SAN IGNACIO (BARR),IZTAPALAPA,False,,,,8905,4597,4308,602,267,123,142,0,0,0,267,123,142,1423,757,661,237,123,103,1274,2255,865,2255,1992,2255,1644,2255,602,2255,322,2218,12,1256,3193,8895,17,0,9.86,6.76,3.0,2.68,3.3,0.0,0.0,0.0,3.0,2.68,3.3,15.98,16.47,15.34,2.66,2.68,2.39,56.5,38.36,88.34,72.9,26.7,14.52,0.96,35.9
07-181,SAN JOSE (BARR),IZTAPALAPA,False,,,,3661,1871,1767,247,96,46,46,0,0,0,95,46,45,468,241,222,85,34,36,578,917,370,928,827,928,688,928,288,895,143,845,4,871,1339,3584,43,4,9.95,6.75,2.62,2.46,2.6,0.0,0.0,0.0,2.59,2.46,2.55,12.78,12.88,12.56,2.32,1.82,2.04,63.03,39.87,89.12,74.14,32.18,16.92,0.46,37.36
07-182,SAN JOSE ACULCO,IZTAPALAPA,False,,,,8896,4378,4510,1211,604,235,345,9,0,0,582,228,336,2983,1402,1582,438,174,240,1301,2351,901,2351,2148,2372,1693,2372,604,2333,393,2272,4,1551,3817,8797,56,2,9.78,13.61,6.79,5.37,7.65,0.1,0.0,0.0,6.54,5.21,7.45,33.53,32.02,35.08,4.92,3.97,5.32,55.34,38.32,90.56,71.37,25.89,17.3,0.26,43.39
07-183,SAN JOSE BUENAVISTA,IZTAPALAPA,False,,,,4991,2546,2445,465,139,63,67,0,0,0,138,60,67,1359,722,634,77,36,27,727,1210,328,1205,1080,1213,872,1213,235,1175,133,1122,0,892,1931,4967,21,0,8.89,9.32,2.79,2.47,2.74,0.0,0.0,0.0,2.76,2.36,2.74,27.23,28.36,25.93,1.54,1.41,1.1,60.08,27.22,89.04,71.89,20.0,11.85,0.0,38.88
07-184,SAN JUAN 2A AMPLIACIÓN (PJE),IZTAPALAPA,False,,,,3563,1807,1756,118,23,7,6,0,0,0,23,7,6,634,327,304,76,22,32,650,944,443,944,844,944,723,944,364,944,220,900,0,652,1269,3542,23,3,10.15,3.31,0.65,0.39,0.34,0.0,0.0,0.0,0.65,0.39,0.34,17.79,18.1,17.31,2.13,1.22,1.82,68.86,46.93,89.41,76.59,38.56,24.44,0.0,35.83
07-185,SAN JUAN CERRO (PJE),IZTAPALAPA,False,,,,5210,2764,2446,190,71,22,28,0,0,0,69,21,25,959,526,428,78,38,25,979,1402,716,1386,1245,1402,1063,1402,584,1395,370,1382,0,1130,1751,5123,42,1,10.76,3.65,1.36,0.8,1.14,0.0,0.0,0.0,1.32,0.76,1.02,18.41,19.03,17.5,1.5,1.37,1.02,69.83,51.66,88.8,75.82,41.86,26.77,0.0,34.18
07-186,SAN JUAN JOYA (PJE),IZTAPALAPA,False,,,,3915,2058,1857,88,20,13,7,0,0,0,20,13,7,755,424,326,61,13,22,684,1065,490,1037,954,1065,800,1065,394,1055,191,1005,0,986,1422,3890,34,3,10.17,2.25,0.51,0.63,0.38,0.0,0.0,0.0,0.51,0.63,0.38,19.28,20.6,17.56,1.56,0.63,1.18,64.23,47.25,89.58,75.12,37.35,19.0,0.0,36.56
07-188,SAN JUANICO NEXTIPAC (PBLO),IZTAPALAPA,False,,,,2957,1495,1428,26,3,0,0,0,0,0,3,0,0,260,132,120,13,6,7,623,972,506,963,867,972,799,972,394,932,259,897,6,829,814,2921,30,5,11.52,0.88,0.1,0.0,0.0,0.0,0.0,0.0,0.1,0.0,0.0,8.79,8.83,8.4,0.44,0.4,0.49,64.09,52.54,89.2,82.2,42.27,28.87,0.72,27.87
07-189,SAN LORENZO 870 (U HAB),IZTAPALAPA,False,,,,1003,498,449,21,1,0,1,0,0,0,1,0,1,170,78,44,10,2,2,144,214,80,171,227,259,160,212,53,120,31,142,0,235,468,835,50,7,9.58,2.09,0.1,0.0,0.22,0.0,0.0,0.0,0.1,0.0,0.22,16.95,15.66,9.8,1.0,0.4,0.45,67.29,46.78,87.64,75.47,44.17,21.83,0.0,56.05
07-190,SAN LORENZO TEZONCO (BARR),IZTAPALAPA,False,,,,3583,1824,1759,119,45,13,14,0,0,0,45,13,14,454,259,189,39,20,12,613,925,379,925,804,925,738,925,204,925,110,796,3,612,1340,3563,23,1,9.96,3.32,1.26,0.71,0.8,0.0,0.0,0.0,1.26,0.71,0.8,12.67,14.2,10.74,1.09,1.1,0.68,66.27,40.97,86.92,79.78,22.05,13.82,0.49,37.61
07-191,SAN LORENZO TEZONCO (PBLO),IZTAPALAPA,False,,,,8515,4373,4142,474,270,130,127,0,0,0,256,123,121,1279,695,567,140,62,62,1462,2119,914,2110,1916,2123,1629,2119,588,2066,360,1929,9,1599,2948,8446,44,1,9.98,5.57,3.17,2.97,3.07,0.0,0.0,0.0,3.01,2.81,2.92,15.02,15.89,13.69,1.64,1.42,1.5,68.99,43.32,90.25,76.88,28.46,18.66,0.56,34.9
07-192,SAN LORENZO TEZONCO I (U HAB),IZTAPALAPA,False,,,,1820,974,846,41,3,0,0,0,0,0,3,0,0,343,184,142,50,24,4,546,670,454,670,646,670,550,670,344,670,240,670,0,670,354,1796,36,2,12.88,2.25,0.16,0.0,0.0,0.0,0.0,0.0,0.16,0.0,0.0,18.85,18.89,16.78,2.75,2.46,0.47,81.49,67.76,96.42,82.09,51.34,35.82,0.0,19.71
07-193,SAN LORENZO TEZONCO II (U HAB),IZTAPALAPA,False,,,,1009,530,479,27,4,0,0,0,0,0,4,0,0,183,97,69,12,4,6,308,379,245,371,355,379,288,379,201,379,162,371,0,361,219,977,24,0,12.81,2.68,0.4,0.0,0.0,0.0,0.0,0.0,0.4,0.0,0.0,18.14,18.3,14.41,1.19,0.75,1.25,81.27,66.04,93.67,75.99,53.03,43.67,0.0,22.42
07-194,SAN LORENZO XICOTENCATL (PBLO),IZTAPALAPA,False,,,,4451,2393,2054,73,19,9,3,0,0,0,16,9,3,769,447,320,169,74,70,914,1275,706,1269,1112,1275,1012,1275,518,1275,500,1275,3,1139,1890,4417,31,3,11.09,1.64,0.43,0.38,0.15,0.0,0.0,0.0,0.36,0.38,0.15,17.28,18.68,15.58,3.8,3.09,3.41,71.69,55.63,87.22,79.37,40.63,39.22,0.26,42.79
07-195,SAN LUCAS (BARR),IZTAPALAPA,False,,,,7270,3742,3510,207,88,46,36,0,0,0,84,42,36,829,467,352,143,73,64,1396,1931,1001,1931,1766,1931,1533,1931,717,1905,504,1879,12,1758,2449,7156,29,4,10.55,2.85,1.21,1.23,1.03,0.0,0.0,0.0,1.16,1.12,1.03,11.4,12.48,10.03,1.97,1.95,1.82,72.29,51.84,91.46,79.39,37.64,26.82,0.68,34.22
07-196,SAN MIGUEL (BARR),IZTAPALAPA,False,,,,24298,12596,11685,349,116,48,33,0,0,0,116,48,33,3183,1731,1385,661,299,299,5626,7245,4520,7236,6736,7251,5674,7238,3202,7183,2517,7072,4,5990,6617,22136,160,11,11.37,1.44,0.48,0.38,0.28,0.0,0.0,0.0,0.48,0.38,0.28,13.1,13.74,11.85,2.72,2.37,2.56,77.65,62.47,92.9,78.39,44.58,35.59,0.07,29.89
07-198,SAN NICOLAS TOLENTINO I,IZTAPALAPA,False,,,,5578,2849,2725,208,89,41,28,0,0,0,85,37,28,1086,577,487,203,111,53,1265,1695,1002,1677,1585,1695,1265,1695,775,1670,497,1571,0,1455,1752,5491,64,6,11.01,3.73,1.6,1.44,1.03,0.0,0.0,0.0,1.52,1.3,1.03,19.47,20.25,17.87,3.64,3.9,1.94,74.63,59.75,93.51,74.63,46.41,31.64,0.0,31.91
07-199,SAN NICOLAS TOLENTINO II,IZTAPALAPA,False,,,,8082,4278,3804,163,23,4,10,0,0,0,23,4,10,1320,701,550,147,51,46,2264,2736,1825,2736,2624,2736,2050,2736,1768,2736,1044,2691,0,2462,1976,7366,100,14,12.25,2.02,0.28,0.09,0.26,0.0,0.0,0.0,0.28,0.09,0.26,16.33,16.39,14.46,1.82,1.19,1.21,82.75,66.7,95.91,74.93,64.62,38.8,0.0,26.83
07-200,SAN PABLO (BARR),IZTAPALAPA,False,,,,4371,2285,2086,57,17,1,8,0,0,0,17,1,8,423,245,168,54,24,30,867,1174,621,1174,1086,1176,934,1177,451,1172,303,1160,1,1081,1561,4241,23,0,11.05,1.3,0.39,0.04,0.38,0.0,0.0,0.0,0.39,0.04,0.38,9.68,10.72,8.05,1.24,1.05,1.44,73.85,52.9,92.35,79.35,38.48,26.12,0.09,36.81
07-201,"SAN PABLO I, II Y V-LOMAS DEL PARAISO",IZTAPALAPA,False,,,,6875,3476,3390,768,227,107,104,0,0,0,225,106,103,2029,1053,974,98,29,48,1123,1708,496,1660,1486,1708,1269,1703,306,1569,127,1210,0,1157,2475,6668,51,4,9.14,11.17,3.3,3.08,3.07,0.0,0.0,0.0,3.27,3.05,3.04,29.51,30.29,28.73,1.43,0.83,1.42,65.75,29.88,87.0,74.52,19.5,10.5,0.0,37.12
07-202,SAN PEDRO (BARR),IZTAPALAPA,False,,,,5375,2737,2632,363,150,56,86,0,0,0,145,54,83,713,360,348,94,39,49,815,1375,572,1375,1241,1379,1081,1379,380,1347,251,1315,4,704,1775,5363,19,4,10.12,6.75,2.79,2.05,3.27,0.0,0.0,0.0,2.7,1.97,3.15,13.27,13.15,13.22,1.75,1.42,1.86,59.27,41.6,89.99,78.39,28.21,19.09,0.57,33.1
07-203,SAN SEBASTIAN TECOLOXTITLAN (PBLO),IZTAPALAPA,False,,,,8906,4603,4299,184,57,26,21,0,0,0,57,26,21,1358,755,596,225,114,89,1665,2442,1136,2442,2119,2442,1756,2442,820,2442,489,2420,15,1498,2835,8535,36,2,10.5,2.07,0.64,0.56,0.49,0.0,0.0,0.0,0.64,0.56,0.49,15.25,16.4,13.86,2.53,2.48,2.07,68.18,46.52,86.77,71.91,33.58,20.21,1.0,33.22
07-204,SAN SIMON CULHUACAN (BARR),IZTAPALAPA,False,,,,5159,2631,2524,333,186,85,96,1,1,0,182,84,93,1039,558,469,111,52,54,981,1413,730,1413,1296,1413,1167,1413,590,1413,359,1403,0,976,1553,4702,24,1,10.66,6.45,3.61,3.23,3.8,0.02,0.04,0.0,3.53,3.19,3.68,20.14,21.21,18.58,2.15,1.98,2.14,69.43,51.66,91.72,82.59,41.76,25.59,0.0,33.03
07-205,SANTA BARBARA (BARR) I,IZTAPALAPA,False,,,,12292,6324,5968,533,243,102,131,0,0,0,237,98,129,1511,791,709,240,99,114,2129,3141,1488,3141,2846,3141,2509,3141,1122,3123,705,3114,6,2136,3546,12215,33,1,10.34,4.34,1.98,1.61,2.2,0.0,0.0,0.0,1.93,1.55,2.16,12.29,12.51,11.88,1.95,1.57,1.91,67.78,47.37,90.61,79.88,35.93,22.64,0.28,29.03
07-206,SANTA CRUZ MEYEHUALCO (PBLO),IZTAPALAPA,False,,,,13272,6850,6418,469,178,81,69,0,0,0,177,81,69,1550,851,663,194,93,73,2060,3446,1359,3432,2969,3443,2460,3443,890,3367,528,3038,12,2565,5586,13268,82,5,9.89,3.53,1.34,1.18,1.08,0.0,0.0,0.0,1.33,1.18,1.08,11.68,12.42,10.33,1.46,1.36,1.14,59.78,39.6,86.23,71.45,26.43,17.38,0.47,42.1
07-208,SANTA CRUZ VI (U HAB),IZTAPALAPA,False,,,,172,87,85,0,0,0,0,0,0,0,0,0,0,29,17,11,3,1,2,41,55,31,55,53,55,42,55,23,55,17,51,0,51,42,54,1,0,11.36,0.0,0.0,0.0,0.0,0.0,0.0,0.0,0.0,0.0,0.0,16.86,19.54,12.94,1.74,1.15,2.35,74.55,56.36,96.36,76.36,41.82,33.33,0.0,77.78
07-209,SANTA CRUZ VII (U HAB),IZTAPALAPA,False,,,,225,119,106,0,0,0,0,0,0,0,0,0,0,33,19,14,2,0,1,49,71,38,71,68,71,51,71,29,71,20,66,0,66,52,79,1,0,11.02,0.0,0.0,0.0,0.0,0.0,0.0,0.0,0.0,0.0,0.0,14.67,15.97,13.21,0.89,0.0,0.94,69.01,53.52,95.77,71.83,40.85,30.3,0.0,65.82
07-211,SANTA MARIA DEL MONTE,IZTAPALAPA,False,,,,1413,735,678,38,17,5,6,0,0,0,17,5,6,221,125,92,22,9,11,265,356,198,356,326,363,304,356,115,342,114,336,0,363,482,1384,10,0,10.62,2.69,1.2,0.68,0.88,0.0,0.0,0.0,1.2,0.68,0.88,15.64,17.01,13.57,1.56,1.22,1.62,74.44,55.62,89.81,85.39,33.63,33.93,0.0,34.83
07-212,SANTA MARIA TOMATLAN,IZTAPALAPA,False,,,,2293,1175,1114,90,35,15,15,0,0,0,35,15,15,395,213,182,53,21,28,461,643,333,643,594,643,488,643,403,643,154,643,0,394,553,2262,9,1,10.48,3.92,1.53,1.28,1.35,0.0,0.0,0.0,1.53,1.28,1.35,17.23,18.13,16.34,2.31,1.79,2.51,71.7,51.79,92.38,75.89,62.67,23.95,0.0,24.45
07-213,SANTA MARIA TOMATLAN (AMPL),IZTAPALAPA,False,,,,2418,1257,1151,147,65,24,25,1,0,0,63,23,24,540,307,230,55,18,20,446,643,305,643,590,643,477,643,351,637,125,597,3,537,735,2070,17,3,10.33,6.08,2.69,1.91,2.17,0.04,0.0,0.0,2.61,1.83,2.09,22.33,24.42,19.98,2.27,1.43,1.74,69.36,47.43,91.76,74.18,55.1,20.94,0.56,35.51
07-214,SANTA MARIA TOMATLAN (PBLO),IZTAPALAPA,False,,,,4835,2504,2331,228,102,50,38,0,0,0,102,50,38,678,387,291,86,44,37,821,1271,576,1271,1151,1271,990,1271,529,1271,230,1271,0,726,1428,4835,14,1,10.11,4.72,2.11,2.0,1.63,0.0,0.0,0.0,2.11,2.0,1.63,14.02,15.46,12.48,1.78,1.76,1.59,64.59,45.32,90.56,77.89,41.62,18.1,0.0,29.53
07-215,SANTA MARTHA ACATITLA,IZTAPALAPA,False,,,,13724,7059,6646,453,157,70,55,0,0,0,156,70,52,2866,1524,1330,449,222,185,2590,3857,1747,3844,3415,3865,2921,3865,1324,3826,699,3649,6,3395,5411,13657,86,7,10.35,3.3,1.14,0.99,0.83,0.0,0.0,0.0,1.14,0.99,0.78,20.88,21.59,20.01,3.27,3.14,2.78,67.15,45.45,88.36,75.58,34.61,19.16,0.18,39.62
07-216,SANTA MARTHA ACATITLA SUR (AMPL),IZTAPALAPA,False,,,,5938,3071,2867,157,40,20,11,0,0,0,40,20,11,912,502,410,87,34,35,1003,1510,644,1510,1325,1510,1142,1510,576,1510,236,1510,0,1182,2494,5938,22,0,10.14,2.64,0.67,0.65,0.38,0.0,0.0,0.0,0.67,0.65,0.38,15.36,16.35,14.3,1.47,1.11,1.22,66.42,42.65,87.75,75.63,38.15,15.63,0.0,42.0
07-217,SANTA MARTHA ACATITLA_(PBLO),IZTAPALAPA,False,,,,14264,5563,5402,317,121,52,55,0,0,0,121,52,55,1739,924,810,158,75,63,1752,2818,1167,2818,2412,2818,2096,2818,733,2741,455,2428,18,2439,3580,10883,66,6,9.82,2.22,0.85,0.93,1.02,0.0,0.0,0.0,0.85,0.93,1.02,12.19,16.61,14.99,1.11,1.35,1.17,62.17,41.41,85.59,74.38,26.74,18.74,0.74,32.9
07-219,SANTIAGO ACAHUALTEPEC (PBLO),IZTAPALAPA,False,,,,7390,3814,3575,441,184,92,80,0,0,0,179,91,79,1573,858,711,134,53,63,1218,1935,731,1924,1641,1938,1471,1938,352,1905,252,1835,3,1284,2810,7352,28,1,9.83,5.97,2.49,2.41,2.24,0.0,0.0,0.0,2.42,2.39,2.21,21.29,22.5,19.89,1.81,1.39,1.76,62.95,37.99,84.67,75.9,18.48,13.73,0.23,38.22
07-220,SECTOR POPULAR,IZTAPALAPA,False,,,,9974,5261,4713,202,63,19,25,0,0,0,63,19,25,1307,748,559,124,47,43,2399,3071,2012,3071,2865,3071,2555,3071,1655,3071,1073,3071,0,2536,2621,9974,58,8,12.28,2.03,0.63,0.36,0.53,0.0,0.0,0.0,0.63,0.36,0.53,13.1,14.22,11.86,1.24,0.89,0.91,78.12,65.52,93.29,83.2,53.89,34.94,0.0,26.28
07-221,SIDERAL,IZTAPALAPA,False,,,,2432,1251,1181,94,22,9,9,0,0,0,22,9,9,548,300,248,80,35,34,439,611,325,611,554,611,483,611,252,611,150,611,0,504,799,2412,9,1,11.01,3.87,0.9,0.72,0.76,0.0,0.0,0.0,0.9,0.72,0.76,22.53,23.98,21.0,3.29,2.8,2.88,71.85,53.19,90.67,79.05,41.24,24.55,0.0,33.13
07-222,SIERRA DEL VALLE,IZTAPALAPA,False,,,,861,418,443,26,13,5,6,0,0,0,13,5,6,177,106,72,21,11,10,152,230,121,230,201,230,176,230,74,230,52,218,0,134,287,858,6,2,10.7,3.02,1.51,1.2,1.35,0.0,0.0,0.0,1.51,1.2,1.35,20.56,25.36,16.25,2.44,2.63,2.26,66.09,52.61,87.39,76.52,32.17,23.85,0.0,33.45
07-223,SINATEL,IZTAPALAPA,False,,,,2320,1259,1061,13,8,6,0,0,0,0,8,6,0,334,195,138,42,14,13,739,830,684,830,794,830,674,830,542,823,497,819,0,588,610,2320,20,1,14.44,0.56,0.34,0.48,0.0,0.0,0.0,0.0,0.34,0.48,0.0,14.4,15.49,13.01,1.81,1.11,1.23,89.04,82.41,95.66,81.2,65.86,60.68,0.0,26.29
07-224,SINATEL (AMPL),IZTAPALAPA,False,,,,2678,1417,1250,12,7,3,0,0,0,0,7,3,0,448,268,174,57,18,9,771,847,702,847,796,844,710,847,660,844,448,844,0,764,635,2659,33,4,14.18,0.45,0.26,0.21,0.0,0.0,0.0,0.0,0.26,0.21,0.0,16.73,18.91,13.92,2.13,1.27,0.72,91.03,82.88,94.31,83.83,78.2,53.08,0.0,23.88
07-225,SOLIDARIDAD EL SALADO (U HAB),IZTAPALAPA,False,,,,11071,5737,5330,218,22,3,6,0,0,0,20,0,3,3095,1656,1420,375,166,135,2294,2991,1642,2970,2803,3008,2397,3008,1048,2977,870,2866,0,2929,3203,11029,144,8,10.5,1.97,0.2,0.05,0.11,0.0,0.0,0.0,0.18,0.0,0.06,27.96,28.87,26.64,3.39,2.89,2.53,76.7,55.29,93.18,79.69,35.2,30.36,0.0,29.04
07-226,STA ISABEL INDUSTRIAL,IZTAPALAPA,False,,,,1185,618,562,80,27,11,17,0,0,0,27,11,17,244,133,105,43,22,21,247,348,199,348,325,348,285,348,135,348,106,333,0,94,313,790,12,1,10.83,6.75,2.28,1.78,3.02,0.0,0.0,0.0,2.28,1.78,3.02,20.59,21.52,18.68,3.63,3.56,3.74,70.98,57.18,93.39,81.9,38.79,31.83,0.0,39.62
07-227,STA MA AZTAHUACAN (PBLO),IZTAPALAPA,False,,,,13435,6932,6484,224,72,26,19,0,0,0,72,26,19,1548,808,713,154,65,57,2149,3477,1550,3463,3062,3477,2525,3477,1130,3410,495,3056,6,2275,4624,13318,69,7,10.14,1.67,0.54,0.38,0.29,0.0,0.0,0.0,0.54,0.38,0.29,11.52,11.66,11.0,1.15,0.94,0.88,61.81,44.76,88.06,72.62,33.14,16.2,0.26,34.72
07-229,TENORIOS,IZTAPALAPA,False,,,,12836,6625,6211,677,206,76,75,0,0,0,205,75,75,2922,1566,1350,160,69,55,2148,3356,1197,3311,2928,3369,2757,3369,641,3167,413,2862,4,2889,4382,12713,76,3,9.27,5.27,1.6,1.15,1.21,0.0,0.0,0.0,1.6,1.13,1.21,22.76,23.64,21.74,1.25,1.04,0.89,64.0,36.15,86.91,81.83,20.24,14.43,0.14,34.47
07-231,TEXCOCO EL SALADO,IZTAPALAPA,False,,,,548,291,257,15,7,0,0,0,0,0,7,0,0,148,72,76,20,11,5,98,130,59,126,128,139,109,139,37,118,31,118,0,139,203,535,8,0,10.32,2.74,1.28,0.0,0.0,0.0,0.0,0.0,1.28,0.0,0.0,27.01,24.74,29.57,3.65,3.78,1.95,75.38,46.83,92.09,78.42,31.36,26.27,0.0,37.94
07-232,TLALTENCO (U HAB),IZTAPALAPA,False,,,,1599,858,738,96,12,3,0,0,0,0,12,3,0,419,231,159,33,15,9,326,448,231,421,419,456,327,432,106,359,94,317,0,438,461,1552,42,1,10.48,6.0,0.75,0.35,0.0,0.0,0.0,0.0,0.75,0.35,0.0,26.2,26.92,21.54,2.06,1.75,1.22,72.77,54.87,91.89,75.69,29.53,29.65,0.0,29.7
07-233,TLANEZICALLI (U HAB),IZTAPALAPA,False,,,,516,262,252,34,2,2,0,0,0,0,2,2,0,97,61,33,3,0,3,87,112,58,97,109,112,83,108,32,71,17,53,0,112,181,493,12,0,9.69,6.59,0.39,0.76,0.0,0.0,0.0,0.0,0.39,0.76,0.0,18.8,23.28,13.1,0.58,0.0,1.19,77.68,59.79,97.32,76.85,45.07,32.08,0.0,36.71
07-234,TULA (BARR),IZTAPALAPA,False,,,,888,464,424,105,56,22,34,0,0,0,56,22,34,153,86,67,17,10,6,182,257,139,257,239,257,178,257,93,257,71,257,0,225,289,888,3,0,10.63,11.82,6.31,4.74,8.02,0.0,0.0,0.0,6.31,4.74,8.02,17.23,18.53,15.8,1.91,2.16,1.42,70.82,54.09,93.0,69.26,36.19,27.63,0.0,32.55
07-235,USCOVI (U HAB),IZTAPALAPA,False,,,,1278,663,615,9,3,0,0,0,0,0,3,0,0,255,144,104,32,15,4,243,321,195,321,314,324,252,321,118,304,89,300,0,324,381,1245,15,0,10.73,0.7,0.23,0.0,0.0,0.0,0.0,0.0,0.23,0.0,0.0,19.95,21.72,16.91,2.5,2.26,0.65,75.7,60.75,96.91,78.5,38.82,29.67,0.0,30.6
07-236,VALLE DE LUCES (U HAB),IZTAPALAPA,False,,,,4634,2460,2174,126,32,12,4,0,0,0,30,9,4,940,551,386,73,30,22,920,1352,630,1345,1228,1352,1115,1352,532,1345,301,1289,0,1309,1332,4597,44,5,10.0,2.72,0.69,0.49,0.18,0.0,0.0,0.0,0.65,0.37,0.18,20.28,22.4,17.76,1.58,1.22,1.01,68.05,46.84,90.83,82.47,39.55,23.35,0.0,28.98
07-237,VALLE DE LUCES I,IZTAPALAPA,False,,,,8168,4200,3967,265,104,37,46,0,0,0,104,37,46,1242,680,552,72,29,19,1683,2175,1250,2175,2024,2175,1872,2175,958,2175,612,2097,0,1762,2339,8052,52,2,10.63,3.24,1.27,0.88,1.16,0.0,0.0,0.0,1.27,0.88,1.16,15.21,16.19,13.91,0.88,0.69,0.48,77.38,57.47,93.06,86.07,44.05,29.18,0.0,29.05
07-238,VALLE DE LUCES II,IZTAPALAPA,False,,,,968,493,474,95,32,16,7,0,0,0,29,13,7,199,112,79,10,3,0,180,264,118,264,239,264,234,264,88,231,50,223,3,264,316,770,13,0,10.22,9.81,3.31,3.25,1.48,0.0,0.0,0.0,3.0,2.64,1.48,20.56,22.72,16.67,1.03,0.61,0.0,68.18,44.7,90.53,88.64,38.1,22.42,1.14,41.04
07-240,VALLE DEL SUR,IZTAPALAPA,False,,,,6486,3437,3043,230,90,39,34,0,0,0,89,38,34,1189,678,508,128,48,65,1367,1845,1037,1845,1689,1845,1456,1845,725,1845,474,1809,0,1258,1928,6478,34,5,11.11,3.55,1.39,1.13,1.12,0.0,0.0,0.0,1.37,1.11,1.12,18.33,19.73,16.69,1.97,1.4,2.14,74.09,56.21,91.54,78.92,39.3,26.2,0.0,29.76
07-241,VERACRUZANA (AMPL),IZTAPALAPA,False,,,,1225,639,585,9,0,0,0,0,0,0,0,0,0,165,92,71,12,0,0,254,331,186,331,308,331,277,331,154,331,122,331,0,277,428,1196,7,0,10.71,0.73,0.0,0.0,0.0,0.0,0.0,0.0,0.0,0.0,0.0,13.47,14.4,12.14,0.98,0.0,0.0,76.74,56.19,93.05,83.69,46.53,36.86,0.0,35.79
07-242,VICENTE GUERRERO SUPER MANZANA 1 (U HAB),IZTAPALAPA,False,,,,3365,1710,1645,9,0,0,0,0,0,0,0,0,0,271,166,89,19,3,12,779,947,475,924,850,947,840,947,489,947,265,869,0,780,870,3342,36,3,10.52,0.27,0.0,0.0,0.0,0.0,0.0,0.0,0.0,0.0,0.0,8.05,9.71,5.41,0.56,0.18,0.73,82.26,51.41,89.76,88.7,51.64,30.49,0.0,26.03
07-243,VICENTE GUERRERO SUPER MANZANA 2 (U HAB),IZTAPALAPA,False,,,,3484,1838,1643,0,0,0,0,0,0,0,0,0,0,365,213,147,39,16,17,770,997,630,997,897,997,843,997,444,997,268,996,0,888,956,3466,25,2,11.25,0.0,0.0,0.0,0.0,0.0,0.0,0.0,0.0,0.0,0.0,10.48,11.59,8.95,1.12,0.87,1.03,77.23,63.19,89.97,84.55,44.53,26.91,0.0,27.58
07-244,VICENTE GUERRERO SUPER MANZANA 3 (U HAB),IZTAPALAPA,False,,,,3960,2112,1840,15,0,0,0,0,0,0,0,0,0,524,318,200,41,29,3,794,1084,621,1076,973,1084,896,1084,520,1076,340,1076,0,847,1164,3932,25,3,11.11,0.38,0.0,0.0,0.0,0.0,0.0,0.0,0.0,0.0,0.0,13.23,15.06,10.87,1.04,1.37,0.16,73.25,57.71,89.76,82.66,48.33,31.6,0.0,29.6
07-245,VICENTE GUERRERO SUPER MANZANA 4 (U HAB),IZTAPALAPA,False,,,,6194,3213,2978,113,34,7,11,0,0,0,34,7,11,918,531,382,52,20,17,1162,1555,808,1555,1399,1555,1243,1555,683,1555,399,1538,3,1148,2162,6165,33,3,10.56,1.82,0.55,0.22,0.37,0.0,0.0,0.0,0.55,0.22,0.37,14.82,16.53,12.83,0.84,0.62,0.57,74.73,51.96,89.97,79.94,43.92,25.94,0.26,35.07
07-246,VICENTE GUERRERO SUPER MANZANA 5 (U HAB),IZTAPALAPA,False,,,,8010,4176,3825,123,12,6,0,0,0,0,12,6,0,1028,577,432,81,23,34,1657,2125,1213,2125,1919,2125,1799,2125,1000,2104,614,2088,3,2124,2461,7905,40,3,10.82,1.54,0.15,0.14,0.0,0.0,0.0,0.0,0.15,0.14,0.0,12.83,13.82,11.29,1.01,0.55,0.89,77.98,57.08,90.31,84.66,47.53,29.41,0.14,31.13
07-247,VICENTE GUERRERO SUPER MANZANA 6 (U HAB),IZTAPALAPA,False,,,,6521,3480,3031,19,0,0,0,0,0,0,0,0,0,796,502,283,33,23,3,1316,1846,1025,1846,1602,1846,1461,1846,867,1846,548,1836,0,1528,2105,6444,47,5,10.92,0.29,0.0,0.0,0.0,0.0,0.0,0.0,0.0,0.0,0.0,12.21,14.43,9.34,0.51,0.66,0.1,71.29,55.53,86.78,79.14,46.97,29.85,0.0,32.67
07-248,VICENTE GUERRERO SUPER MANZANA 7 (U HAB),IZTAPALAPA,False,,,,4248,2252,1995,17,3,0,0,0,0,0,3,0,0,458,268,186,35,12,11,935,1184,653,1184,1070,1184,1018,1184,590,1184,361,1184,0,971,1265,4239,24,2,11.1,0.4,0.07,0.0,0.0,0.0,0.0,0.0,0.07,0.0,0.0,10.78,11.9,9.32,0.82,0.53,0.55,78.97,55.15,90.37,85.98,49.83,30.49,0.0,29.84
07-250,XOPA (U HAB),IZTAPALAPA,False,,,,1915,1053,862,67,17,6,4,0,0,0,17,6,4,412,244,168,100,53,46,562,693,467,693,666,693,530,693,339,693,267,693,0,693,420,1848,11,0,12.34,3.5,0.89,0.57,0.46,0.0,0.0,0.0,0.89,0.57,0.46,21.51,23.17,19.49,5.22,5.03,5.34,81.1,67.39,96.1,76.48,48.92,38.53,0.0,22.73
07-251,ZACAHUITZCO,IZTAPALAPA,False,,,,4219,2259,1957,25,12,3,3,0,0,0,12,3,3,499,282,203,54,19,23,1120,1450,992,1450,1325,1450,1173,1450,799,1450,531,1313,12,1341,1069,4165,28,2,11.84,0.59,0.28,0.13,0.15,0.0,0.0,0.0,0.28,0.13,0.15,11.83,12.48,10.37,1.28,0.84,1.18,77.24,68.41,91.38,80.9,55.1,40.44,0.89,25.67
07-252,ZONA MILITAR FAVE SEDENA (U HAB),IZTAPALAPA,False,,,,3036,1572,1452,137,16,3,0,0,0,0,15,0,0,1418,726,685,780,387,359,630,763,617,756,755,763,553,759,346,726,344,694,0,763,18,1970,82,6,12.32,4.51,0.53,0.19,0.0,0.0,0.0,0.0,0.49,0.0,0.0,46.71,46.18,47.18,25.69,24.62,24.72,82.57,81.61,98.95,72.86,47.66,49.57,0.0,0.91
07-253,12 DE DICIEMBRE,IZTAPALAPA,False,,,,3190,1671,1518,208,79,36,33,0,0,0,78,36,30,691,393,298,97,36,48,618,930,422,929,818,930,717,930,492,930,203,909,2,593,871,2945,13,1,10.38,6.52,2.48,2.15,2.17,0.0,0.0,0.0,2.45,2.15,1.98,21.66,23.52,19.63,3.04,2.15,3.16,66.45,45.43,87.96,77.1,52.9,22.33,0.34,29.58
07-254,1A AMPLIACION SANTIAGO ACAHUALTEPEC,IZTAPALAPA,False,,,,7036,3605,3432,361,149,63,65,0,0,0,145,61,63,1598,894,701,147,56,66,1243,1870,721,1870,1572,1870,1401,1870,448,1861,311,1836,4,1476,2505,7032,35,1,9.94,5.13,2.12,1.75,1.89,0.0,0.0,0.0,2.06,1.69,1.84,22.71,24.8,20.43,2.09,1.55,1.92,66.47,38.56,84.06,74.92,24.07,16.94,0.27,35.62
07-256,8A DE SAN MIGUEL (AMPL),IZTAPALAPA,False,,,,1750,938,800,34,4,0,0,0,0,0,4,0,0,336,195,128,50,27,13,391,525,329,525,499,525,404,525,211,508,163,514,0,492,499,1703,21,2,11.68,1.94,0.23,0.0,0.0,0.0,0.0,0.0,0.23,0.0,0.0,19.2,20.79,16.0,2.86,2.88,1.62,74.48,62.67,95.05,76.95,41.54,31.71,0.0,29.3
07-257,9 1/2 - FRANCISCO VILLA (EJERCITO CONSTITUCIONALISTA) (CONJ HAB),IZTAPALAPA,False,,,,1480,768,712,94,20,13,2,0,0,0,20,13,2,330,180,144,21,12,3,192,331,106,284,309,339,253,337,90,296,66,300,0,313,622,721,18,0,8.79,6.35,1.35,1.69,0.28,0.0,0.0,0.0,1.35,1.69,0.28,22.3,23.44,20.22,1.42,1.56,0.42,58.01,37.32,91.15,75.07,30.41,22.0,0.0,86.27
07-258,BUENAVISTA I,IZTAPALAPA,False,,,,12760,6617,6125,1079,354,154,170,4,0,0,340,147,166,3165,1734,1428,212,102,80,1865,3166,1177,3140,2837,3166,2598,3166,720,3100,399,2871,0,2022,4911,12731,56,2,9.26,8.46,2.77,2.33,2.78,0.03,0.0,0.0,2.66,2.22,2.71,24.8,26.21,23.31,1.66,1.54,1.31,58.91,37.48,89.61,82.06,23.23,13.9,0.0,38.58
07-259,BUENAVISTA II,IZTAPALAPA,False,,,,14700,7526,7175,1247,435,195,178,0,0,0,423,183,176,3829,2049,1776,256,115,113,2315,3780,1239,3691,3364,3780,2893,3777,763,3710,308,2738,8,2783,5786,14656,78,3,9.14,8.48,2.96,2.59,2.48,0.0,0.0,0.0,2.88,2.43,2.45,26.05,27.23,24.75,1.74,1.53,1.57,61.24,33.57,88.99,76.6,20.57,11.25,0.29,39.48
07-260,CERRO DE LA ESTRELLA I,IZTAPALAPA,False,,,,11594,5995,5599,236,65,32,17,0,0,0,64,32,14,1885,1021,863,185,66,83,2368,3354,1733,3354,3069,3354,2444,3354,1572,3354,980,3306,3,2578,3404,11503,77,6,10.54,2.04,0.56,0.53,0.3,0.0,0.0,0.0,0.55,0.53,0.25,16.26,17.03,15.41,1.6,1.1,1.48,70.6,51.67,91.5,72.87,46.87,29.64,0.12,29.59
07-261,CERRO DE LA ESTRELLA II,IZTAPALAPA,False,,,,8898,4681,4217,74,23,4,10,0,0,0,23,4,10,1494,844,641,168,68,81,2242,2860,1886,2860,2692,2860,2033,2860,1506,2860,1132,2860,3,2629,2281,8824,58,6,12.03,0.83,0.26,0.09,0.24,0.0,0.0,0.0,0.26,0.09,0.24,16.79,18.03,15.2,1.89,1.45,1.92,78.39,65.94,94.13,71.08,52.66,39.58,0.11,25.85
07-262,CHINAMPAC DE JUAREZ I,IZTAPALAPA,False,,,,4158,2212,1940,228,65,39,26,0,0,0,63,39,24,695,373,296,109,50,36,1044,1371,783,1361,1334,1371,950,1371,635,1352,365,1254,0,1177,1142,4150,51,3,11.96,5.48,1.56,1.76,1.34,0.0,0.0,0.0,1.52,1.76,1.24,16.71,16.86,15.26,2.62,2.26,1.86,76.15,57.53,97.3,69.29,46.97,29.11,0.0,27.52
07-263,CHINAMPAC DE JUAREZ II,IZTAPALAPA,False,,,,18236,9546,8672,1873,579,273,219,0,0,0,568,267,213,5106,2619,2193,537,250,215,2262,4485,1292,3755,4386,4747,3627,4692,918,3592,414,3221,7,3555,7575,16848,388,14,9.24,10.27,3.18,2.86,2.53,0.0,0.0,0.0,3.11,2.8,2.46,28.0,27.44,25.29,2.94,2.62,2.48,50.43,34.41,92.4,77.3,25.56,12.85,0.2,44.96
07-264,CONSEJO AGRARISTA MEXICANO I,IZTAPALAPA,False,,,,16031,8281,7741,658,199,96,54,0,0,0,191,94,54,3208,1784,1370,243,118,73,2957,4225,1973,4219,3753,4229,3206,4222,1338,4122,756,3889,14,3388,4923,15519,118,10,9.95,4.1,1.24,1.16,0.7,0.0,0.0,0.0,1.19,1.14,0.7,20.01,21.54,17.7,1.52,1.42,0.94,69.99,46.76,88.74,75.94,32.46,19.44,0.41,31.72
07-265,CONSEJO AGRARISTA MEXICANO II,IZTAPALAPA,False,,,,12295,6426,5862,259,51,5,24,0,0,0,47,5,21,2155,1187,920,145,40,56,2518,3450,1753,3434,3144,3450,2737,3450,1291,3380,891,3256,0,2944,3652,12016,117,8,10.57,2.11,0.41,0.08,0.41,0.0,0.0,0.0,0.38,0.08,0.36,17.53,18.47,15.69,1.18,0.62,0.96,72.99,51.05,91.13,79.33,38.2,27.36,0.0,30.39
07-266,CONSTITUCION DE 1917 I,IZTAPALAPA,False,,,,8939,4730,4181,106,19,5,0,0,0,0,19,5,0,1272,713,507,164,64,36,2167,2628,1798,2619,2443,2634,2163,2634,1371,2577,858,2478,0,2412,2255,8454,116,9,12.34,1.19,0.21,0.11,0.0,0.0,0.0,0.0,0.21,0.11,0.0,14.23,15.07,12.13,1.83,1.35,0.86,82.46,68.65,92.75,82.12,53.2,34.62,0.0,26.67
07-267,CONSTITUCION DE 1917 II,IZTAPALAPA,False,,,,5735,3035,2688,54,10,6,0,0,0,0,10,6,0,857,486,350,68,10,20,1327,1601,1040,1595,1484,1601,1303,1601,829,1596,473,1546,0,1532,1768,5638,72,4,12.21,0.94,0.17,0.2,0.0,0.0,0.0,0.0,0.17,0.2,0.0,14.94,16.01,13.02,1.19,0.33,0.74,82.89,65.2,92.69,81.39,51.94,30.6,0.0,31.36
07-268,DESARROLLO URBANO QUETZALCOATL  I,IZTAPALAPA,False,,,,16076,8258,7818,702,225,97,83,0,0,0,223,94,82,3267,1776,1477,339,150,148,2660,4031,1640,4015,3679,4046,3200,4043,1088,3952,725,3778,0,3073,4765,15885,91,3,9.85,4.37,1.4,1.17,1.06,0.0,0.0,0.0,1.39,1.14,1.05,20.32,21.51,18.89,2.11,1.82,1.89,65.99,40.85,90.93,79.15,27.53,19.19,0.0,30.0
07-269,DESARROLLO URBANO QUETZALCOATL  II,IZTAPALAPA,False,,,,16502,8470,8012,572,136,48,37,0,0,0,135,47,37,2917,1568,1330,192,84,55,2541,4187,1601,4174,3788,4198,3191,4198,1114,4061,516,3437,0,3760,5559,16353,131,7,9.6,3.47,0.82,0.57,0.46,0.0,0.0,0.0,0.82,0.55,0.46,17.68,18.51,16.6,1.16,0.99,0.69,60.69,38.36,90.23,76.01,27.43,15.01,0.0,33.99
07-270,DESARROLLO URBANO QUETZALCOATL  III,IZTAPALAPA,False,,,,20386,10483,9884,1799,557,276,183,0,0,0,549,275,175,5044,2717,2294,414,176,177,3105,5144,1778,5022,4691,5179,4221,5170,1075,4695,663,4233,2,3900,6559,19891,159,8,9.31,8.82,2.73,2.63,1.85,0.0,0.0,0.0,2.69,2.62,1.77,24.74,25.92,23.21,2.03,1.68,1.79,60.36,35.4,90.58,81.64,22.9,15.66,0.05,32.97
07-271,EJERCITO DE ORIENTE (U HAB) I,IZTAPALAPA,False,,,,7970,4169,3785,148,29,17,3,0,0,0,21,13,3,1061,564,491,70,16,32,1290,2019,847,2019,1757,2019,1608,2019,1092,2019,392,1931,3,1794,2820,7900,58,5,10.17,1.86,0.36,0.41,0.08,0.0,0.0,0.0,0.26,0.31,0.08,13.31,13.53,12.97,0.88,0.38,0.85,63.89,41.95,87.02,79.64,54.09,20.3,0.17,35.7
07-272,EJERCITO DE ORIENTE (U HAB) II,IZTAPALAPA,False,,,,9049,4803,4232,147,19,7,3,0,0,0,19,7,3,1372,745,616,124,31,47,1669,2567,1105,2553,2250,2567,1908,2567,1279,2567,492,2464,0,2213,3054,8983,78,7,10.37,1.62,0.21,0.15,0.07,0.0,0.0,0.0,0.21,0.15,0.07,15.16,15.51,14.56,1.37,0.65,1.11,65.02,43.28,87.65,74.33,49.82,19.97,0.0,34.0
07-273,ERMITA ZARAGOZA (U HAB) I,IZTAPALAPA,False,,,,10702,5591,5098,173,10,5,0,0,0,0,9,4,0,2116,1137,938,180,69,47,1922,2680,1308,2648,2390,2690,2135,2681,598,2437,317,2132,0,2441,3091,10595,146,7,10.23,1.62,0.09,0.09,0.0,0.0,0.0,0.0,0.08,0.07,0.0,19.77,20.34,18.4,1.68,1.23,0.92,71.72,49.4,88.85,79.63,24.54,14.87,0.0,29.17
07-274,ERMITA ZARAGOZA (U HAB) II,IZTAPALAPA,False,,,,11912,6239,5658,172,13,4,3,0,0,0,12,4,3,2166,1175,962,238,104,70,1937,2861,1264,2826,2480,2878,2221,2857,576,2630,456,2189,6,2639,4192,11824,129,6,9.97,1.44,0.11,0.06,0.05,0.0,0.0,0.0,0.1,0.06,0.05,18.18,18.83,17.0,2.0,1.67,1.24,67.7,44.73,86.17,77.74,21.9,20.83,0.23,35.45
07-275,JOSE LOPEZ PORTILLO I,IZTAPALAPA,False,,,,11222,5810,5404,456,178,90,57,5,0,3,173,86,52,2410,1328,1079,203,94,81,2156,3487,1360,3487,3192,3487,2686,3487,1249,3487,553,3217,0,2832,3209,11177,57,6,9.67,4.06,1.59,1.55,1.05,0.04,0.0,0.06,1.54,1.48,0.96,21.48,22.86,19.97,1.81,1.62,1.5,61.83,39.0,91.54,77.03,35.82,17.19,0.0,28.71
07-276,JOSE LOPEZ PORTILLO II,IZTAPALAPA,False,,,,9229,4725,4504,284,107,29,40,0,0,0,101,28,37,2055,1107,945,197,87,75,1943,2876,1231,2873,2559,2876,1995,2876,1049,2873,572,2861,6,2263,2999,9176,50,2,9.76,3.08,1.16,0.61,0.89,0.0,0.0,0.0,1.09,0.59,0.82,22.27,23.43,20.98,2.13,1.84,1.67,67.56,42.85,88.98,69.37,36.51,19.99,0.27,32.68
07-277,JUAN ESCUTIA I,IZTAPALAPA,False,,,,9728,5141,4578,340,128,51,41,0,0,0,128,51,41,2308,1312,992,474,254,181,2008,2722,1494,2719,2503,2722,2039,2722,1004,2705,745,2612,3,2397,3469,9719,73,7,11.3,3.5,1.32,0.99,0.9,0.0,0.0,0.0,1.32,0.99,0.9,23.73,25.52,21.67,4.87,4.94,3.95,73.77,54.95,91.95,74.91,37.12,28.52,0.13,35.69
07-278,JUAN ESCUTIA II,IZTAPALAPA,False,,,,6748,3549,3183,88,15,6,0,0,0,0,15,6,0,1522,852,635,122,42,39,1687,2062,1316,2059,1913,2065,1681,2065,868,2043,648,1986,0,1887,1861,6639,95,10,12.07,1.3,0.22,0.17,0.0,0.0,0.0,0.0,0.22,0.17,0.0,22.55,24.01,19.95,1.81,1.18,1.23,81.81,63.91,92.64,81.4,42.49,32.63,0.0,28.03
07-279,LEYES DE REFORMA 3A SECCION I,IZTAPALAPA,False,,,,16810,8763,8047,469,178,61,91,0,0,0,175,60,89,2629,1438,1191,284,116,117,2864,4496,2082,4493,4001,4493,3435,4490,1512,4490,785,4456,6,3631,6385,16785,68,1,10.47,2.79,1.06,0.7,1.13,0.0,0.0,0.0,1.04,0.68,1.11,15.64,16.41,14.8,1.69,1.32,1.45,63.7,46.34,89.05,76.5,33.67,17.62,0.17,38.04
07-280,LEYES DE REFORMA 3A SECCION II,IZTAPALAPA,False,,,,13691,6987,6694,365,113,40,46,0,0,0,112,40,45,2211,1150,1053,284,121,138,2253,3509,1352,3492,3158,3509,2709,3509,1071,3466,584,3089,13,3013,4942,13629,78,3,9.97,2.67,0.83,0.57,0.69,0.0,0.0,0.0,0.82,0.57,0.67,16.15,16.46,15.73,2.07,1.73,2.06,64.21,38.72,90.0,77.2,30.9,18.91,0.43,36.26
07-281,LOMAS DE LA ESTANCIA I,IZTAPALAPA,False,,,,7733,3990,3743,469,159,64,67,0,0,0,158,64,66,1937,1050,884,88,37,37,1287,2065,658,2037,1791,2065,1556,2065,347,1994,208,1980,3,1278,2998,7592,35,1,9.24,6.06,2.06,1.6,1.79,0.0,0.0,0.0,2.04,1.6,1.76,25.05,26.32,23.62,1.14,0.93,0.99,62.32,32.3,86.73,75.35,17.4,10.51,0.23,39.49
07-282,LOMAS DE LA ESTANCIA II,IZTAPALAPA,False,,,,16183,8267,7914,1663,525,247,231,0,0,0,518,243,226,4769,2508,2258,306,140,137,2460,4037,1150,3943,3485,4037,3066,4037,640,3687,367,3314,0,2179,6031,15541,86,2,8.97,10.28,3.24,2.99,2.92,0.0,0.0,0.0,3.2,2.94,2.86,29.47,30.34,28.53,1.89,1.69,1.73,60.94,29.17,86.33,75.95,17.36,11.07,0.0,38.81
07-283,LOMAS DE SAN LORENZO I,IZTAPALAPA,False,,,,14251,7402,6839,602,188,84,52,0,0,0,184,80,52,2724,1476,1230,236,95,90,2589,3830,1611,3635,3491,3827,3059,3816,1306,3704,607,3292,0,3317,4541,13972,114,5,9.93,4.22,1.32,1.13,0.76,0.0,0.0,0.0,1.29,1.08,0.76,19.11,19.94,17.99,1.66,1.28,1.32,67.6,44.32,91.22,80.16,35.26,18.44,0.0,32.5
07-284,LOMAS DE SAN LORENZO II,IZTAPALAPA,False,,,,26085,9485,16599,814,452,163,239,0,0,0,301,138,113,4758,2056,2680,335,128,147,3008,4450,2147,4427,4079,4450,3533,4450,1372,4382,911,4129,5,3864,5531,26021,113,4,5.92,3.12,1.73,1.72,1.44,0.0,0.0,0.0,1.15,1.45,0.68,18.24,21.68,16.15,1.28,1.35,0.89,67.6,48.5,91.66,79.39,31.31,22.06,0.13,21.26
07-285,LOMAS ESTRELLA 2A SECC I,IZTAPALAPA,False,,,,10063,5330,4720,90,23,12,3,0,0,0,23,12,3,1497,828,555,233,98,73,2814,3242,2318,3242,3075,3242,2579,3242,2288,3242,1405,3156,0,2802,2347,9589,145,12,12.89,0.89,0.23,0.23,0.06,0.0,0.0,0.0,0.23,0.23,0.06,14.88,15.53,11.76,2.32,1.84,1.55,86.8,71.5,94.85,79.55,70.57,44.52,0.0,24.48
07-286,LOMAS ESTRELLA 2A SECC II,IZTAPALAPA,False,,,,12578,6726,5850,100,20,12,0,0,0,0,20,12,0,1802,984,701,239,86,91,3877,4237,3503,4237,4102,4237,3293,4233,3195,4232,2216,4227,0,3951,3064,11601,175,11,13.78,0.8,0.16,0.18,0.0,0.0,0.0,0.0,0.16,0.18,0.0,14.33,14.63,11.98,1.9,1.28,1.56,91.5,82.68,96.81,77.79,75.5,52.42,0.0,26.41
07-287,REFORMA POLITICA I,IZTAPALAPA,False,,,,6205,3204,2994,249,99,36,45,0,0,0,98,36,44,1425,772,650,119,55,46,1138,1701,761,1693,1506,1701,1302,1701,431,1679,319,1540,4,1107,1902,6130,31,3,9.74,4.01,1.6,1.12,1.5,0.0,0.0,0.0,1.58,1.12,1.47,22.97,24.09,21.71,1.92,1.72,1.54,66.9,44.95,88.54,76.54,25.67,20.71,0.36,31.03
07-288,REFORMA POLITICA II,IZTAPALAPA,False,,,,10278,5333,4916,751,226,103,104,3,0,0,214,94,99,2333,1312,1007,229,101,97,1663,2521,1140,2504,2238,2535,1925,2532,726,2494,459,2428,3,1730,3765,10232,60,7,10.1,7.31,2.2,1.93,2.12,0.03,0.0,0.0,2.08,1.76,2.01,22.7,24.6,20.48,2.23,1.89,1.97,65.97,45.53,88.28,76.03,29.11,18.9,0.17,36.8
07-289,SAN JUAN XALPA I,IZTAPALAPA,False,,,,13162,6857,6277,233,42,20,4,0,0,0,42,20,4,2401,1306,957,279,110,89,2848,3915,2098,3860,3609,3928,2927,3928,2144,3882,960,3322,3,3352,3598,12962,209,15,10.88,1.77,0.32,0.29,0.06,0.0,0.0,0.0,0.32,0.29,0.06,18.24,19.05,15.25,2.12,1.6,1.42,72.75,54.35,91.88,74.52,55.23,28.9,0.09,27.76
07-290,SAN JUAN XALPA II,IZTAPALAPA,False,,,,16586,8651,7930,558,126,59,27,0,0,0,125,59,27,3162,1706,1412,340,154,134,3308,4574,2353,4559,4225,4574,3418,4574,2297,4567,1106,4365,3,3443,5259,16344,132,8,10.64,3.36,0.76,0.68,0.34,0.0,0.0,0.0,0.75,0.68,0.34,19.06,19.72,17.81,2.05,1.78,1.69,72.32,51.61,92.37,74.73,50.3,25.34,0.09,32.18
07-291,SAN MIGUEL TEOTONGO I,IZTAPALAPA,False,,,,13061,6708,6346,886,302,110,145,0,0,0,301,110,144,4205,2219,1986,536,253,222,2097,3512,1190,3455,3025,3512,2532,3508,675,3268,400,2986,0,2354,4590,12993,89,6,9.43,6.78,2.31,1.64,2.28,0.0,0.0,0.0,2.3,1.64,2.27,32.2,33.08,31.3,4.1,3.77,3.5,59.71,34.44,86.13,72.18,20.65,13.4,0.0,35.33
07-292,SAN MIGUEL TEOTONGO II,IZTAPALAPA,False,,,,17849,9261,8566,918,331,114,136,0,0,0,331,114,136,5656,3022,2634,541,231,217,2757,4656,1583,4639,4023,4656,3459,4656,840,4369,461,3739,3,3520,5890,17701,127,16,9.25,5.14,1.85,1.23,1.59,0.0,0.0,0.0,1.85,1.23,1.59,31.69,32.63,30.75,3.03,2.49,2.53,59.21,34.12,86.4,74.29,19.23,12.33,0.09,33.27
07-293,SAN MIGUEL TEOTONGO III,IZTAPALAPA,False,,,,14179,7319,6860,806,226,83,72,0,0,0,222,82,72,4225,2270,1955,294,126,110,2182,3792,1143,3760,3168,3792,2771,3792,599,3580,252,2619,3,3034,5158,13980,110,8,9.08,5.68,1.59,1.13,1.05,0.0,0.0,0.0,1.57,1.12,1.05,29.8,31.02,28.5,2.07,1.72,1.6,57.54,30.4,83.54,73.07,16.73,9.62,0.1,36.9
07-294,SAN MIGUEL TEOTONGO IV,IZTAPALAPA,False,,,,9221,4749,4472,444,119,34,28,0,0,0,115,34,25,2654,1421,1226,192,67,72,1498,2468,693,2408,1957,2468,1752,2468,304,1995,147,1757,60,2119,2850,9059,89,6,9.02,4.82,1.29,0.72,0.63,0.0,0.0,0.0,1.25,0.72,0.56,28.78,29.92,27.42,2.08,1.41,1.61,60.7,28.78,79.29,70.99,15.24,8.37,2.83,31.46
07-295,SANTA CRUZ MEYEHUALCO (U HAB) I,IZTAPALAPA,False,,,,10511,5468,5028,102,6,3,3,0,0,0,6,3,3,1267,737,501,154,60,60,1818,2634,1297,2617,2310,2641,2073,2641,1074,2617,430,2081,0,2404,3475,10444,107,8,10.55,0.97,0.06,0.05,0.06,0.0,0.0,0.0,0.06,0.05,0.06,12.05,13.48,9.96,1.47,1.1,1.19,69.02,49.56,87.47,78.49,41.04,20.66,0.0,33.27
07-296,SANTA CRUZ MEYEHUALCO (U HAB) II,IZTAPALAPA,False,,,,7812,4065,3724,46,3,3,0,0,0,0,3,3,0,595,328,237,51,20,16,1367,1874,921,1874,1693,1874,1438,1874,836,1874,358,1692,0,1846,3157,7729,78,7,10.37,0.59,0.04,0.07,0.0,0.0,0.0,0.0,0.04,0.07,0.0,7.62,8.07,6.36,0.65,0.49,0.43,72.95,49.15,90.34,76.73,44.61,21.16,0.0,40.85
07-297,SANTA MARIA AZTAHUACAN (EJ) I,IZTAPALAPA,False,,,,16746,8645,8093,158,31,7,9,0,0,0,31,7,9,1773,934,818,127,39,49,2778,4577,1886,4449,4128,4581,3507,4578,1634,4476,925,4069,45,3535,6117,16726,116,4,9.89,0.94,0.19,0.08,0.11,0.0,0.0,0.0,0.19,0.08,0.11,10.59,10.8,10.11,0.76,0.45,0.61,60.69,42.39,90.11,76.61,36.51,22.73,1.27,36.57
07-298,SANTA MARIA AZTAHUACAN (EJ) II,IZTAPALAPA,False,,,,14212,7413,6784,302,95,27,20,0,0,0,94,27,20,2189,1194,974,174,69,58,2387,3732,1620,3727,3404,3732,2856,3725,1248,3653,639,3429,0,2790,5519,14194,99,7,10.1,2.12,0.67,0.36,0.29,0.0,0.0,0.0,0.66,0.36,0.29,15.4,16.11,14.36,1.22,0.93,0.85,63.96,43.47,91.21,76.67,34.16,18.64,0.0,38.88
07-299,STA MARTHA ACATITLA NTE (AMPL) I,IZTAPALAPA,False,,,,7830,4255,3565,204,53,20,18,0,0,0,53,20,18,2064,1166,898,300,150,129,1359,2086,986,2086,1861,2086,1640,2086,674,2086,374,2072,0,1524,2750,7802,35,2,10.02,2.61,0.68,0.47,0.5,0.0,0.0,0.0,0.68,0.47,0.5,26.36,27.4,25.19,3.83,3.53,3.62,65.15,47.27,89.21,78.62,32.31,18.05,0.0,35.25
07-300,STA MARTHA ACATITLA NTE (AMPL) II,IZTAPALAPA,False,,,,8567,4429,4127,350,156,57,66,0,0,0,155,56,66,2275,1197,1073,222,100,95,1525,2447,1061,2450,2125,2462,1821,2459,649,2372,391,2354,12,1605,3139,8529,59,6,10.12,4.09,1.82,1.29,1.6,0.0,0.0,0.0,1.81,1.26,1.6,26.56,27.03,26.0,2.59,2.26,2.3,62.32,43.31,86.31,74.05,27.36,16.61,0.75,36.8
07-301,TEPALCATES I,IZTAPALAPA,False,,,,11055,5827,5228,315,104,42,48,0,0,0,103,42,47,2189,1207,970,402,197,166,2699,3373,2194,3373,3182,3379,2427,3383,1603,3377,1099,3324,0,2267,3280,11054,50,3,11.83,2.85,0.94,0.72,0.92,0.0,0.0,0.0,0.93,0.72,0.9,19.8,20.71,18.55,3.64,3.38,3.18,80.02,65.05,94.17,71.74,47.47,33.06,0.0,29.67
07-302,TEPALCATES II,IZTAPALAPA,False,,,,6735,3536,3199,169,53,13,32,0,0,0,53,13,32,1184,628,544,140,61,53,1482,2030,1151,2030,1853,2030,1499,2030,851,2030,652,1978,6,1544,2195,6735,34,3,11.14,2.51,0.79,0.37,1.0,0.0,0.0,0.0,0.79,0.37,1.0,17.58,17.76,17.01,2.08,1.73,1.66,73.0,56.7,91.28,73.84,41.92,32.96,0.39,32.59
07-303,VALLE DE SAN LORENZO I,IZTAPALAPA,False,,,,8741,4516,4225,297,71,29,31,0,0,0,71,29,31,1919,1044,872,141,47,59,1526,2356,1091,2356,2151,2356,1824,2356,727,2351,421,2189,3,2225,2798,8658,69,4,10.2,3.4,0.81,0.64,0.73,0.0,0.0,0.0,0.81,0.64,0.73,21.95,23.12,20.64,1.61,1.04,1.4,64.77,46.31,91.3,77.42,30.92,19.23,0.13,32.32
07-304,VALLE DE SAN LORENZO II,IZTAPALAPA,False,,,,8118,4169,3950,414,157,66,66,0,0,0,153,63,65,1923,1048,875,222,94,84,1397,2200,942,2200,1997,2200,1606,2200,644,2200,413,2121,0,1621,2348,7912,50,3,9.91,5.1,1.93,1.58,1.67,0.0,0.0,0.0,1.88,1.51,1.65,23.69,25.14,22.15,2.73,2.25,2.13,63.5,42.82,90.77,73.0,29.27,19.47,0.0,29.68
07-305,XALPA I,IZTAPALAPA,False,,,,7808,3979,3820,353,107,48,50,0,0,0,107,47,50,2010,1089,917,139,59,57,1362,1990,630,1972,1683,1990,1650,1990,275,1738,192,1579,0,1448,2843,7490,54,6,9.11,4.52,1.37,1.21,1.31,0.0,0.0,0.0,1.37,1.18,1.31,25.74,27.37,24.01,1.78,1.48,1.49,68.44,31.95,84.57,82.91,15.82,12.16,0.0,37.96
07-306,XALPA II,IZTAPALAPA,False,,,,12739,6580,6159,528,185,87,76,0,0,0,185,87,76,3107,1661,1440,227,114,89,2144,3303,1315,3278,2940,3306,2586,3306,694,3271,452,3202,0,2793,4161,12533,58,5,9.68,4.14,1.45,1.32,1.23,0.0,0.0,0.0,1.45,1.32,1.23,24.39,25.24,23.38,1.78,1.73,1.45,64.91,40.12,88.93,78.22,21.22,14.12,0.0,33.2
07-307,XALPA III,IZTAPALAPA,False,,,,15893,8130,7763,653,217,95,90,0,0,0,217,95,90,3612,1939,1657,401,182,174,2697,4172,1749,4146,3618,4176,3178,4176,823,4032,702,3730,3,2719,5762,15787,89,8,9.64,4.11,1.37,1.17,1.16,0.0,0.0,0.0,1.37,1.17,1.16,22.73,23.85,21.34,2.52,2.24,2.24,64.65,42.19,86.64,76.1,20.41,18.82,0.11,36.5
07-308,2A AMPLIACION SANTIAGO ACAHUALTEPEC I,IZTAPALAPA,False,,,,7996,4099,3887,287,101,42,40,0,0,0,100,41,40,1940,1063,873,145,70,53,1597,2211,1105,2199,1992,2208,1657,2211,711,2208,508,2163,7,1427,2878,7976,44,5,10.33,3.59,1.26,1.02,1.03,0.0,0.0,0.0,1.25,1.0,1.03,24.26,25.93,22.46,1.81,1.71,1.36,72.23,50.25,90.22,74.94,32.2,23.49,0.49,36.08
07-309,2A AMPLIACION SANTIAGO ACAHUALTEPEC II,IZTAPALAPA,False,,,,14846,7646,7195,689,248,104,94,0,0,0,240,96,90,3658,1965,1689,306,141,124,2496,3955,1633,3959,3471,3959,2898,3959,861,3833,560,3686,3,2763,5373,14779,90,5,9.89,4.64,1.67,1.36,1.31,0.0,0.0,0.0,1.62,1.26,1.25,24.64,25.7,23.47,2.06,1.84,1.72,63.11,41.25,87.67,73.2,22.46,15.19,0.11,36.36
07-313,JUAN ESCUTIA III,IZTAPALAPA,False,,,,7397,3933,3456,133,36,15,9,0,0,0,36,15,9,1505,851,612,213,92,75,1505,2088,1049,2072,1827,2088,1588,2088,744,1996,460,1849,3,1786,2710,7372,78,5,10.71,1.8,0.49,0.38,0.26,0.0,0.0,0.0,0.49,0.38,0.26,20.35,21.64,17.71,2.88,2.34,2.17,72.08,50.63,87.5,76.05,37.27,24.88,0.17,36.76
07-314,LAS PEÑAS II,IZTAPALAPA,False,,,,1622,836,783,14,0,0,0,0,0,0,0,0,0,161,83,70,3,0,0,331,436,226,422,396,436,360,436,157,387,81,382,0,409,364,1583,18,1,10.01,0.86,0.0,0.0,0.0,0.0,0.0,0.0,0.0,0.0,0.0,9.93,9.93,8.94,0.18,0.0,0.0,75.92,53.55,90.83,82.57,40.57,21.2,0.0,22.99
07-315,ROTARIOS (U HAB),IZTAPALAPA,False,,,,145,78,68,0,0,0,0,0,0,0,0,0,0,36,21,15,6,3,2,35,45,34,45,44,45,31,45,15,45,15,45,0,45,31,71,3,1,12.12,0.0,0.0,0.0,0.0,0.0,0.0,0.0,0.0,0.0,0.0,24.83,26.92,22.06,4.14,3.85,2.94,77.78,75.56,97.78,68.89,33.33,33.33,0.0,43.66
07-316,SANTA BARBARA (BARR) II,IZTAPALAPA,False,,,,4839,2452,2387,502,229,110,119,7,4,3,219,104,115,989,521,464,166,82,81,658,1241,448,1241,1094,1247,931,1247,321,1215,171,1216,0,387,1998,4818,13,0,9.5,10.37,4.73,4.49,4.99,0.14,0.16,0.13,4.53,4.24,4.82,20.44,21.25,19.44,3.43,3.34,3.39,53.02,36.1,87.73,74.66,26.42,14.06,0.0,41.47
07-317,SANTA MARIA AZTAHUACAN (U HAB),IZTAPALAPA,False,,,,2180,1175,1005,48,17,0,3,0,0,0,17,0,3,459,253,204,96,44,37,489,648,387,648,626,648,504,648,225,637,210,648,0,611,598,2177,22,3,11.36,2.2,0.78,0.0,0.3,0.0,0.0,0.0,0.78,0.0,0.3,21.06,21.53,20.3,4.4,3.74,3.68,75.46,59.72,96.6,77.78,35.32,32.41,0.0,27.47
07-318,TENORIOS (AMPL),IZTAPALAPA,False,,,,4981,2592,2390,350,115,49,49,0,0,0,114,48,49,1425,770,653,140,70,59,786,1337,473,1327,1193,1341,1058,1341,311,1302,191,1295,3,1192,1758,4900,29,2,9.26,7.03,2.31,1.89,2.05,0.0,0.0,0.0,2.29,1.85,2.05,28.61,29.71,27.32,2.81,2.7,2.47,58.79,35.64,88.96,78.9,23.89,14.75,0.25,35.88
07-319,CARLOS PACHECO (U HAB),IZTAPALAPA,False,,,,489,246,243,20,4,2,2,0,0,0,4,2,2,79,38,22,9,0,4,122,159,103,159,153,159,136,159,68,151,37,121,0,129,131,320,17,2,11.82,4.09,0.82,0.81,0.82,0.0,0.0,0.0,0.82,0.81,0.82,16.16,15.45,9.05,1.84,0.0,1.65,76.73,64.78,96.23,85.53,45.03,30.58,0.0,40.94
07-320,CHINAMPAC DE JUAREZ III,IZTAPALAPA,False,,,,8702,4525,3967,297,23,0,0,0,0,0,23,0,0,1175,531,289,58,19,3,1454,2046,597,1264,2150,2379,1907,2276,349,1041,195,1126,0,2437,2202,7270,471,36,9.75,3.41,0.26,0.0,0.0,0.0,0.0,0.0,0.26,0.0,0.0,13.5,11.73,7.29,0.67,0.42,0.08,71.07,47.23,90.37,83.79,33.53,17.32,0.0,30.29
07-321,PREDIO SANTA CRUZ MEYEHUALCO,IZTAPALAPA,False,,,,2586,1322,1264,84,21,9,4,0,0,0,21,9,4,405,224,176,56,29,22,474,630,350,630,597,630,464,630,198,581,171,523,0,597,995,2586,14,0,10.16,3.25,0.81,0.68,0.32,0.0,0.0,0.0,0.81,0.68,0.32,15.66,16.94,13.92,2.17,2.19,1.74,75.24,55.56,94.76,73.65,34.08,32.7,0.0,38.48
07-322,MINAS POLVORILLA (U HAB) II,IZTAPALAPA,False,,,,779,398,380,98,16,8,7,0,0,0,16,8,7,216,115,95,4,0,0,84,167,58,155,182,186,140,181,34,150,3,94,0,186,242,755,14,0,7.68,12.58,2.05,2.01,1.84,0.0,0.0,0.0,2.05,2.01,1.84,27.73,28.89,25.0,0.51,0.0,0.0,50.3,37.42,97.85,77.35,22.67,3.19,0.0,32.05
07-323,NUEVA GENERACION 103,IZTAPALAPA,False,,,,524,287,237,14,7,3,4,0,0,0,7,3,4,103,55,47,23,10,13,83,118,49,116,114,119,89,117,46,116,20,116,0,119,200,505,3,0,10.07,2.67,1.34,1.05,1.69,0.0,0.0,0.0,1.34,1.05,1.69,19.66,19.16,19.83,4.39,3.48,5.49,70.34,42.24,95.8,76.07,39.66,17.24,0.0,39.6
08-001,ATACAXCO,LA MAGDALENA CONTRERAS,False,,,,1678,844,830,40,11,3,0,0,0,0,10,3,0,203,120,82,12,1,3,294,396,200,391,357,396,327,396,180,390,97,369,0,257,503,1629,15,2,9.88,2.38,0.66,0.36,0.0,0.0,0.0,0.0,0.6,0.36,0.0,12.1,14.22,9.88,0.72,0.12,0.36,74.24,51.15,90.15,82.58,46.15,26.29,0.0,30.88
08-002,BARRANCA SECA,LA MAGDALENA CONTRERAS,False,,,,4949,2650,2284,27,12,7,0,0,0,0,12,7,0,459,280,162,62,33,11,1094,1394,917,1394,1279,1394,1156,1394,854,1394,475,1362,0,1204,1177,4912,29,4,11.82,0.55,0.24,0.26,0.0,0.0,0.0,0.0,0.24,0.26,0.0,9.27,10.57,7.09,1.25,1.25,0.48,78.48,65.78,91.75,82.93,61.26,34.88,0.0,23.96
08-003,BARROS SIERRA,LA MAGDALENA CONTRERAS,False,,,,4572,2387,2185,66,23,4,4,0,0,0,23,4,4,575,362,212,27,8,10,928,1277,663,1277,1161,1277,974,1277,606,1260,286,1256,0,1125,1280,4522,24,2,10.73,1.44,0.5,0.17,0.18,0.0,0.0,0.0,0.5,0.17,0.18,12.58,15.17,9.7,0.59,0.34,0.46,72.67,51.92,90.92,76.27,48.1,22.77,0.0,28.31
08-004,CAZULCO (BARR),LA MAGDALENA CONTRERAS,False,,,,1752,898,854,64,23,13,11,0,0,0,23,13,11,179,98,80,28,12,13,242,447,146,447,411,447,372,447,146,420,80,420,3,382,575,1499,3,0,8.97,3.65,1.31,1.45,1.29,0.0,0.0,0.0,1.31,1.45,1.29,10.22,10.91,9.37,1.6,1.34,1.52,54.14,32.66,91.95,83.22,34.76,19.05,0.79,38.36
08-005,CUAUHTEMOC,LA MAGDALENA CONTRERAS,False,,,,6200,3256,2943,193,58,22,23,0,0,0,58,22,23,894,522,372,94,49,31,1222,1648,907,1648,1496,1648,1302,1642,842,1648,534,1642,0,1151,1734,6186,32,2,10.94,3.11,0.94,0.68,0.78,0.0,0.0,0.0,0.94,0.68,0.78,14.42,16.03,12.64,1.52,1.5,1.05,74.15,55.04,90.78,79.29,51.09,32.52,0.0,28.03
08-006,EL ERMITAÑO,LA MAGDALENA CONTRERAS,False,,,,4987,2561,2426,275,68,36,27,0,0,0,67,36,24,920,496,404,53,23,23,872,1223,500,1142,1101,1223,954,1223,418,1176,178,1073,0,836,1545,4926,34,0,9.32,5.51,1.36,1.41,1.11,0.0,0.0,0.0,1.34,1.41,0.99,18.45,19.37,16.65,1.06,0.9,0.95,71.3,43.78,90.02,78.0,35.54,16.59,0.0,31.36
08-007,EL GAVILLERO,LA MAGDALENA CONTRERAS,False,,,,4459,2263,2197,352,122,60,45,0,0,0,118,56,45,1011,547,462,122,59,47,680,1124,420,1073,1043,1124,906,1124,385,1116,196,1055,0,686,1499,4393,25,1,8.73,7.89,2.74,2.65,2.05,0.0,0.0,0.0,2.65,2.47,2.05,22.67,24.17,21.03,2.74,2.61,2.14,60.5,39.14,92.79,80.6,34.5,18.58,0.0,34.12
08-008,BATAN VIEJO (EL MAESTRO),LA MAGDALENA CONTRERAS,False,,,,952,513,439,10,3,0,0,0,0,0,3,0,0,157,99,58,34,19,15,300,350,262,350,339,350,313,350,264,350,185,350,0,106,199,901,3,1,13.27,1.05,0.32,0.0,0.0,0.0,0.0,0.0,0.32,0.0,0.0,16.49,19.3,13.21,3.57,3.7,3.42,85.71,74.86,96.86,89.43,75.43,52.86,0.0,22.09
08-009,EL OCOTAL,LA MAGDALENA CONTRERAS,False,,,,10030,5154,4873,286,84,37,24,0,0,0,78,34,23,1339,733,589,68,23,15,1864,2651,1121,2614,2375,2651,1958,2647,892,2604,533,2546,9,1598,2994,9940,62,4,9.42,2.85,0.84,0.72,0.49,0.0,0.0,0.0,0.78,0.66,0.47,13.35,14.22,12.09,0.68,0.45,0.31,70.31,42.88,89.59,73.97,34.25,20.93,0.56,30.12
08-010,EL ROSAL,LA MAGDALENA CONTRERAS,False,,,,7140,3725,3415,166,42,10,16,0,0,0,39,7,16,821,472,341,52,31,6,1396,1971,964,1971,1753,1971,1633,1971,883,1971,433,1971,0,1458,2043,6988,36,0,10.55,2.32,0.59,0.27,0.47,0.0,0.0,0.0,0.55,0.19,0.47,11.5,12.67,9.99,0.73,0.83,0.18,70.83,48.91,88.94,82.85,44.8,21.97,0.0,29.24
08-011,EL TANQUE,LA MAGDALENA CONTRERAS,False,,,,10918,5660,5258,473,153,71,58,0,0,0,152,71,57,2196,1217,963,188,97,58,1941,2887,1299,2861,2583,2887,2291,2887,1167,2873,587,2731,0,2484,3254,10639,74,3,9.69,4.33,1.4,1.25,1.1,0.0,0.0,0.0,1.39,1.25,1.08,20.11,21.5,18.31,1.72,1.71,1.1,67.23,45.4,89.47,79.36,40.62,21.49,0.0,30.59
08-012,EL TORO,LA MAGDALENA CONTRERAS,False,,,,3962,2074,1888,55,16,5,7,0,0,0,16,5,7,436,260,173,65,19,29,866,1159,684,1159,1071,1159,1043,1159,579,1159,297,1159,3,1115,938,3847,20,0,11.53,1.39,0.4,0.24,0.37,0.0,0.0,0.0,0.4,0.24,0.37,11.0,12.54,9.16,1.64,0.92,1.54,74.72,59.02,92.41,89.99,49.96,25.63,0.27,24.38
08-013,HEROES DE PADIERNA,LA MAGDALENA CONTRERAS,False,,,,4916,2500,2242,48,34,19,4,0,0,0,34,19,4,675,394,271,113,35,47,1253,1511,1039,1511,1405,1511,1169,1511,994,1511,691,1505,0,921,1208,4686,35,4,12.38,0.98,0.69,0.76,0.18,0.0,0.0,0.0,0.69,0.76,0.18,13.73,15.76,12.09,2.3,1.4,2.1,82.93,68.76,92.98,77.37,65.78,45.91,0.0,25.78
08-014,HUAYATLA,LA MAGDALENA CONTRERAS,False,,,,4539,2298,2241,84,26,11,11,0,0,0,26,11,11,651,378,270,33,10,15,885,1210,601,1210,1089,1210,969,1210,591,1210,249,1195,0,584,1349,4525,14,0,10.6,1.85,0.57,0.48,0.49,0.0,0.0,0.0,0.57,0.48,0.49,14.34,16.45,12.05,0.73,0.44,0.67,73.14,49.67,90.0,80.08,48.84,20.84,0.0,29.81
08-015,INDEPENDENCIA BATAN NORTE (U HAB),LA MAGDALENA CONTRERAS,False,,,,1864,1043,813,7,0,0,0,0,0,0,0,0,0,263,166,92,60,24,29,620,710,543,707,665,714,555,703,489,711,378,703,0,651,321,1785,29,2,13.2,0.38,0.0,0.0,0.0,0.0,0.0,0.0,0.0,0.0,0.0,14.11,15.92,11.32,3.22,2.3,3.57,87.32,76.8,93.14,78.95,68.78,53.77,0.0,17.98
08-016,INDEPENDENCIA BATAN SUR (U HAB),LA MAGDALENA CONTRERAS,False,,,,1558,857,688,7,0,0,0,0,0,0,0,0,0,188,120,50,20,8,4,504,568,451,557,543,571,457,561,403,551,233,517,0,534,296,1439,44,4,13.17,0.45,0.0,0.0,0.0,0.0,0.0,0.0,0.0,0.0,0.0,12.07,14.0,7.27,1.28,0.93,0.58,88.73,80.97,95.1,81.46,73.14,45.07,0.0,20.57
08-017,INDEPENDENCIA SAN RAMON (U HAB),LA MAGDALENA CONTRERAS,False,,,,1273,714,552,9,0,0,0,0,0,0,0,0,0,160,88,59,33,14,9,423,483,387,479,457,483,406,483,344,481,230,452,0,446,187,539,29,1,13.34,0.71,0.0,0.0,0.0,0.0,0.0,0.0,0.0,0.0,0.0,12.57,12.32,10.69,2.59,1.96,1.63,87.58,80.79,94.62,84.06,71.52,50.88,0.0,34.69
08-018,INFONAVIT (U HAB),LA MAGDALENA CONTRERAS,False,,,,303,173,130,0,0,0,0,0,0,0,0,0,0,30,14,7,0,0,0,95,109,77,109,103,109,96,109,82,109,61,100,0,72,65,253,5,0,13.12,0.0,0.0,0.0,0.0,0.0,0.0,0.0,0.0,0.0,0.0,9.9,8.09,5.38,0.0,0.0,0.0,87.16,70.64,94.5,88.07,75.23,61.0,0.0,25.69
08-019,IXTLAHUALTONGO,LA MAGDALENA CONTRERAS,False,,,,964,499,465,78,28,9,16,0,0,0,28,9,16,228,112,116,23,12,10,119,247,61,238,229,247,211,247,57,234,26,236,0,210,351,901,5,0,8.05,8.09,2.9,1.8,3.44,0.0,0.0,0.0,2.9,1.8,3.44,23.65,22.44,24.95,2.39,2.4,2.15,48.18,25.63,92.71,85.43,24.36,11.02,0.0,38.96
08-020,LA CARBONERA,LA MAGDALENA CONTRERAS,False,,,,6053,3095,2958,156,39,13,11,0,0,0,37,13,10,673,366,295,42,7,12,1034,1604,642,1572,1430,1607,1271,1607,607,1572,316,1494,32,1416,1794,5989,39,3,9.61,2.58,0.64,0.42,0.37,0.0,0.0,0.0,0.61,0.42,0.34,11.12,11.83,9.97,0.69,0.23,0.41,64.46,40.84,88.99,79.09,38.61,21.15,2.26,29.95
08-021,LA CONCEPCION,LA MAGDALENA CONTRERAS,False,,,,1894,966,925,10,3,3,0,0,0,0,3,3,0,151,81,66,33,13,17,379,505,294,505,445,505,399,505,256,501,165,500,4,428,502,1798,11,1,10.85,0.53,0.16,0.31,0.0,0.0,0.0,0.0,0.16,0.31,0.0,7.97,8.39,7.14,1.74,1.35,1.84,75.05,58.22,88.12,79.01,51.1,33.0,0.93,27.92
08-022,LA CRUZ,LA MAGDALENA CONTRERAS,False,,,,4651,2508,2142,48,21,10,6,0,0,0,21,10,6,456,269,184,76,35,29,915,1257,690,1247,1138,1257,1020,1257,694,1253,345,1253,0,706,1182,4622,22,3,10.79,1.03,0.45,0.4,0.28,0.0,0.0,0.0,0.45,0.4,0.28,9.8,10.73,8.59,1.63,1.4,1.35,72.79,55.33,90.53,81.15,55.39,27.53,0.0,25.57
08-023,LA GUADALUPE,LA MAGDALENA CONTRERAS,False,,,,1547,791,749,4,0,0,0,0,0,0,0,0,0,153,97,51,19,4,6,312,400,255,400,368,400,320,400,257,400,138,393,0,400,309,1537,20,3,11.98,0.26,0.0,0.0,0.0,0.0,0.0,0.0,0.0,0.0,0.0,9.89,12.26,6.81,1.23,0.51,0.8,78.0,63.75,92.0,80.0,64.25,35.11,0.0,20.1
08-024,LA MAGDALENA ATLITIC (PBLO),LA MAGDALENA CONTRERAS,True,LA MAGDALENA ATLITIC (PBLO),NAHUAS,NAHUATL,3451,1822,1622,44,8,3,0,0,0,0,8,3,0,294,171,106,40,18,12,713,945,566,945,854,945,807,945,560,945,344,927,0,777,929,3310,21,2,11.71,1.27,0.23,0.16,0.0,0.0,0.0,0.0,0.23,0.16,0.0,8.52,9.39,6.54,1.16,0.99,0.74,75.45,59.89,90.37,85.4,59.26,37.11,0.0,28.07
08-025,LA MALINCHE,LA MAGDALENA CONTRERAS,False,,,,10169,5265,4902,232,79,24,33,0,0,0,76,24,33,1426,808,615,162,65,75,1982,2735,1469,2731,2496,2731,2307,2735,1324,2723,783,2712,0,2303,2177,10131,56,3,10.57,2.28,0.78,0.46,0.67,0.0,0.0,0.0,0.75,0.46,0.67,14.02,15.35,12.55,1.59,1.23,1.53,72.47,53.79,91.4,84.35,48.62,28.87,0.0,21.49
08-026,LAS CALLES (BARR),LA MAGDALENA CONTRERAS,False,,,,353,192,161,0,0,0,0,0,0,0,0,0,0,14,1,3,9,4,3,77,93,55,93,88,93,72,93,63,93,35,93,0,93,40,343,5,0,10.34,0.0,0.0,0.0,0.0,0.0,0.0,0.0,0.0,0.0,0.0,3.97,0.52,1.86,2.55,2.08,1.86,82.8,59.14,94.62,77.42,67.74,37.63,0.0,11.66
08-027,LAS CRUCES,LA MAGDALENA CONTRERAS,False,,,,10749,5508,5234,322,101,45,36,0,0,0,99,44,36,1828,1002,826,123,59,48,1900,2852,1252,2841,2539,2857,2104,2857,1358,2848,565,2814,12,2248,3581,10545,45,6,9.42,3.0,0.94,0.82,0.69,0.0,0.0,0.0,0.92,0.8,0.69,17.01,18.19,15.78,1.14,1.07,0.92,66.62,44.07,88.87,73.64,47.68,20.08,0.53,33.96
08-028,LAS HUERTAS,LA MAGDALENA CONTRERAS,False,,,,705,375,330,13,0,0,0,0,0,0,0,0,0,67,43,23,0,0,0,178,198,124,198,188,198,171,198,96,198,56,198,0,21,191,691,2,0,10.73,1.84,0.0,0.0,0.0,0.0,0.0,0.0,0.0,0.0,0.0,9.5,11.47,6.97,0.0,0.0,0.0,89.9,62.63,94.95,86.36,48.48,28.28,0.0,27.64
08-029,LAS PALMAS,LA MAGDALENA CONTRERAS,False,,,,2883,1525,1358,86,16,8,4,0,0,0,16,8,4,420,244,173,20,12,3,583,778,400,778,700,778,635,778,324,769,191,777,0,470,762,2856,19,1,10.42,2.98,0.55,0.52,0.29,0.0,0.0,0.0,0.55,0.52,0.29,14.57,16.0,12.74,0.69,0.79,0.22,74.94,51.41,89.97,81.62,42.13,24.58,0.0,26.68
08-030,LOMAS DE SAN BERNABE,LA MAGDALENA CONTRERAS,False,,,,8034,4172,3862,230,63,35,21,0,0,0,62,34,21,1230,696,527,55,24,14,1448,2052,973,2044,1849,2052,1671,2049,774,2047,416,2024,0,1505,2438,7970,26,0,10.13,2.86,0.78,0.84,0.54,0.0,0.0,0.0,0.77,0.81,0.54,15.31,16.68,13.65,0.68,0.58,0.36,70.57,47.6,90.11,81.55,37.81,20.55,0.0,30.59
08-031,LOMAS DE SAN BERNABE (AMPL),LA MAGDALENA CONTRERAS,False,,,,6418,3262,3156,256,66,31,28,0,0,0,66,31,28,1122,579,540,27,8,14,1069,1684,689,1686,1528,1684,1452,1684,505,1681,237,1599,0,765,2222,6319,22,2,9.66,3.99,1.03,0.95,0.89,0.0,0.0,0.0,1.03,0.95,0.89,17.48,17.75,17.11,0.42,0.25,0.44,63.48,40.87,90.74,86.22,30.04,14.82,0.0,35.16
08-032,LOMAS QUEBRADAS,LA MAGDALENA CONTRERAS,False,,,,4590,2448,2143,43,16,8,0,0,0,0,15,5,0,579,344,229,68,35,19,1120,1321,939,1321,1246,1321,1132,1321,903,1321,648,1311,0,890,1037,4443,27,2,12.5,0.94,0.35,0.33,0.0,0.0,0.0,0.0,0.33,0.2,0.0,12.61,14.05,10.69,1.48,1.43,0.89,84.78,71.08,94.32,85.69,68.36,49.43,0.0,23.34
08-033,LOS PADRES,LA MAGDALENA CONTRERAS,False,,,,7069,3711,3358,363,137,77,33,0,0,0,128,67,30,1370,790,572,121,67,24,1284,1836,881,1829,1673,1839,1497,1839,787,1827,367,1759,0,1468,2096,6918,38,4,10.05,5.14,1.94,2.07,0.98,0.0,0.0,0.0,1.81,1.81,0.89,19.38,21.29,17.03,1.71,1.81,0.71,69.93,48.17,90.97,81.4,43.08,20.86,0.0,30.3
08-034,PEDREGAL 2 (CONJ HAB),LA MAGDALENA CONTRERAS,False,,,,1020,611,409,0,0,0,0,0,0,0,0,0,0,178,107,56,32,14,6,396,406,373,406,399,406,312,406,298,406,264,406,0,386,179,957,27,0,15.4,0.0,0.0,0.0,0.0,0.0,0.0,0.0,0.0,0.0,0.0,17.45,17.51,13.69,3.14,2.29,1.47,97.54,91.87,98.28,76.85,73.4,65.02,0.0,18.7
08-035,PLAZUELA DEL PEDREGAL,LA MAGDALENA CONTRERAS,False,,,,587,300,287,0,1,1,0,0,0,0,1,1,0,51,31,17,13,5,4,129,156,104,156,146,156,121,156,84,156,52,156,0,133,151,567,4,1,11.27,0.0,0.17,0.33,0.0,0.0,0.0,0.0,0.17,0.33,0.0,8.69,10.33,5.92,2.21,1.67,1.39,82.69,66.67,93.59,77.56,53.85,33.33,0.0,26.63
08-036,POTRERILLO,LA MAGDALENA CONTRERAS,False,,,,3086,1581,1505,56,20,7,5,0,0,0,19,6,5,318,186,120,37,14,17,588,824,424,823,756,824,713,825,478,821,246,809,0,814,719,2997,27,3,10.57,1.81,0.65,0.44,0.33,0.0,0.0,0.0,0.62,0.38,0.33,10.3,11.76,7.97,1.2,0.89,1.13,71.36,51.52,91.75,86.42,58.22,30.41,0.0,23.99
08-037,POTRERILLO (AMPL),LA MAGDALENA CONTRERAS,False,,,,2171,1124,1047,13,5,4,0,0,0,0,5,4,0,232,129,104,19,12,3,405,596,295,596,546,596,514,596,313,596,164,596,0,467,747,2097,8,2,10.49,0.6,0.23,0.36,0.0,0.0,0.0,0.0,0.23,0.36,0.0,10.69,11.48,9.93,0.88,1.07,0.29,67.95,49.5,91.61,86.24,52.52,27.52,0.0,35.62
08-038,PUEBLO NUEVO ALTO,LA MAGDALENA CONTRERAS,False,,,,6261,3302,2959,92,22,6,0,0,0,0,22,6,0,672,364,287,59,35,12,1211,1698,872,1698,1534,1700,1406,1698,749,1690,423,1656,0,1249,1756,6181,45,3,10.5,1.47,0.35,0.18,0.0,0.0,0.0,0.0,0.35,0.18,0.0,10.73,11.02,9.7,0.94,1.06,0.41,71.32,51.35,90.24,82.8,44.32,25.54,0.0,28.41
08-039,PUEBLO NUEVO BAJO,LA MAGDALENA CONTRERAS,False,,,,3950,2126,1824,48,22,15,4,0,0,0,22,15,4,427,254,174,87,53,31,883,1061,726,1061,994,1061,935,1061,685,1061,466,1054,0,548,929,3931,7,1,12.25,1.22,0.56,0.71,0.22,0.0,0.0,0.0,0.56,0.71,0.22,10.81,11.95,9.54,2.2,2.49,1.7,83.22,68.43,93.69,88.12,64.56,44.21,0.0,23.63
08-040,PUENTE SIERRA,LA MAGDALENA CONTRERAS,False,,,,112,59,53,0,0,0,0,0,0,0,0,0,0,11,9,2,,,0,29,35,26,35,32,35,24,35,19,35,11,35,0,35,24,83,1,0,12.1,0.0,0.0,0.0,0.0,0.0,0.0,0.0,0.0,0.0,0.0,9.82,15.25,3.77,,,0.0,82.86,74.29,91.43,68.57,54.29,31.43,0.0,28.92
08-041,SAN BARTOLO AMEYALCO,LA MAGDALENA CONTRERAS,False,,,,4653,2450,2203,88,26,23,0,0,0,0,26,23,0,734,423,307,77,42,27,885,1206,672,1202,1119,1206,966,1206,520,1202,271,1157,0,996,1050,4623,23,1,10.2,1.89,0.56,0.94,0.0,0.0,0.0,0.0,0.56,0.94,0.0,15.77,17.27,13.94,1.65,1.71,1.23,73.38,55.91,92.79,80.1,43.26,23.42,0.0,22.71
08-042,SAN BERNABE OCOTEPEC (PBLO),LA MAGDALENA CONTRERAS,True,SAN BERNABE OCOTEPEC (PBLO),NAHUAS,NAHUATL,12650,6463,6187,528,185,102,68,0,0,0,181,99,67,1903,1068,822,152,65,70,2236,3218,1453,3173,2888,3226,2553,3223,1389,3216,674,3140,0,1806,3995,12396,48,2,9.82,4.17,1.46,1.58,1.1,0.0,0.0,0.0,1.43,1.53,1.08,15.04,16.52,13.29,1.2,1.01,1.13,69.48,45.79,89.52,79.21,43.19,21.46,0.0,32.23
08-043,SAN FRANCISCO,LA MAGDALENA CONTRERAS,False,,,,3637,1883,1754,97,45,29,13,0,0,0,45,29,13,521,310,210,95,40,42,815,1063,615,1063,985,1063,838,1063,661,1063,375,1063,0,980,1007,3611,14,2,11.08,2.67,1.24,1.54,0.74,0.0,0.0,0.0,1.24,1.54,0.74,14.32,16.46,11.97,2.61,2.12,2.39,76.67,57.86,92.66,78.83,62.18,35.28,0.0,27.89
08-044,SAN FRANCISCO (BARR),LA MAGDALENA CONTRERAS,False,,,,5158,2788,2368,28,42,35,6,0,0,0,41,35,3,696,433,259,151,111,36,1290,1475,1115,1471,1413,1475,1273,1475,1031,1471,793,1471,0,1110,1100,5084,13,1,12.75,0.54,0.81,1.26,0.25,0.0,0.0,0.0,0.79,1.26,0.13,13.49,15.53,10.94,2.93,3.98,1.52,87.46,75.8,95.8,86.31,70.09,53.91,0.0,21.64
08-045,SAN JERONIMO ACULCO - LIDICE (PBLO),LA MAGDALENA CONTRERAS,True,SAN JERONIMO ACULCO - LIDICE (PBLO),NAHUAS,NAHUATL,24812,13240,11338,206,198,127,18,0,0,0,193,126,15,3751,2390,1277,662,425,160,7025,7761,6401,7757,7456,7761,6608,7761,5814,7753,4641,7658,0,6895,5011,23800,188,23,13.73,0.83,0.8,0.96,0.16,0.0,0.0,0.0,0.78,0.95,0.13,15.12,18.05,11.26,2.67,3.21,1.41,90.52,82.52,96.07,85.14,74.99,60.6,0.0,21.05
08-047,SAN NICOLAS TOTOLAPAN,LA MAGDALENA CONTRERAS,False,,,,3136,1653,1484,18,6,3,0,0,0,0,6,3,0,365,225,135,78,39,22,742,866,561,866,797,866,691,866,511,861,377,861,0,617,786,2963,15,2,11.69,0.57,0.19,0.18,0.0,0.0,0.0,0.0,0.19,0.18,0.0,11.64,13.61,9.1,2.49,2.36,1.48,85.68,64.78,92.03,79.79,59.35,43.79,0.0,26.53
08-048,SAN NICOLAS TOTOLAPAN (PBLO),LA MAGDALENA CONTRERAS,True,SAN NICOLAS TOTOLAPAN (PBLO),NAHUAS,NAHUATL,13310,6904,6395,298,116,54,41,0,0,0,115,54,40,1439,855,571,243,124,103,2603,3452,1746,3452,3125,3455,2810,3455,1704,3449,1291,3412,13,2622,4034,12803,49,5,10.47,2.24,0.87,0.78,0.64,0.0,0.0,0.0,0.86,0.78,0.63,10.81,12.38,8.93,1.83,1.8,1.61,75.41,50.58,90.45,81.33,49.41,37.84,0.5,31.51
08-049,SANTA TERESA,LA MAGDALENA CONTRERAS,False,,,,2503,1321,1182,18,3,0,3,0,0,0,3,0,3,256,150,97,32,5,11,530,660,413,660,609,660,519,660,373,660,244,660,0,623,588,2383,23,1,11.65,0.72,0.12,0.0,0.25,0.0,0.0,0.0,0.12,0.0,0.25,10.23,11.36,8.21,1.28,0.38,0.93,80.3,62.58,92.27,78.64,56.52,36.97,0.0,24.67
08-050,SUBESTACION,LA MAGDALENA CONTRERAS,False,,,,2143,1066,1071,123,38,13,12,0,0,0,38,13,12,389,205,181,40,19,11,387,540,238,540,508,540,425,540,257,540,129,533,0,537,792,2099,12,1,9.93,5.74,1.77,1.22,1.12,0.0,0.0,0.0,1.77,1.22,1.12,18.15,19.23,16.9,1.87,1.78,1.03,71.67,44.07,94.07,78.7,47.59,24.2,0.0,37.73
08-051,TIERRA COLORADA,LA MAGDALENA CONTRERAS,False,,,,6110,3044,3046,721,292,139,137,3,0,0,285,134,136,1765,920,842,175,81,76,838,1529,461,1523,1394,1541,1213,1541,203,1285,135,1175,3,1340,2141,6000,34,2,8.68,11.8,4.78,4.57,4.5,0.05,0.0,0.0,4.66,4.4,4.46,28.89,30.22,27.64,2.86,2.66,2.5,54.81,30.27,90.46,78.72,15.8,11.49,0.22,35.68
08-052,TIERRA UNIDA,LA MAGDALENA CONTRERAS,False,,,,3757,1977,1780,172,36,9,3,0,0,0,33,9,3,657,360,291,60,23,15,681,996,366,996,903,996,725,996,329,996,162,913,0,934,1175,3738,26,0,8.97,4.58,0.96,0.46,0.17,0.0,0.0,0.0,0.88,0.46,0.17,17.49,18.21,16.35,1.6,1.16,0.84,68.37,36.75,90.66,72.79,33.03,17.74,0.0,31.43
08-053,VISTA HERMOSA,LA MAGDALENA CONTRERAS,False,,,,1982,1024,958,85,12,6,0,0,0,0,12,6,0,381,226,154,16,4,5,277,432,172,432,371,432,351,432,145,429,77,375,0,376,597,1959,15,1,9.16,4.29,0.61,0.59,0.0,0.0,0.0,0.0,0.61,0.59,0.0,19.22,22.07,16.08,0.81,0.39,0.52,64.12,39.81,85.88,81.25,33.8,20.53,0.0,30.47
16-001,AGRICULTURA,MIGUEL HIDALGO,False,,,,4470,2431,2039,112,33,10,14,0,0,0,33,10,14,957,529,424,260,126,126,1343,1581,1190,1581,1508,1581,1282,1581,845,1572,730,1581,0,1276,1065,4461,21,3,12.92,2.51,0.74,0.41,0.69,0.0,0.0,0.0,0.74,0.41,0.69,21.41,21.76,20.79,5.82,5.18,6.18,84.95,75.27,95.38,81.09,53.75,46.17,0.0,23.87
16-002,AHUEHUETES ANAHUAC,MIGUEL HIDALGO,False,,,,1908,982,926,6,0,0,0,0,0,0,0,0,0,285,160,125,80,35,39,443,592,324,592,534,592,446,592,300,592,182,564,0,264,452,1895,8,0,11.54,0.31,0.0,0.0,0.0,0.0,0.0,0.0,0.0,0.0,0.0,14.94,16.29,13.5,4.19,3.56,4.21,74.83,54.73,90.2,75.34,50.68,32.27,0.0,23.85
16-003,AMERICA,MIGUEL HIDALGO,False,,,,4912,2608,2303,79,35,14,14,0,0,0,35,14,14,502,293,202,96,47,36,1075,1458,882,1458,1353,1458,1192,1458,652,1458,383,1447,0,1031,1310,4900,29,1,10.98,1.61,0.71,0.54,0.61,0.0,0.0,0.0,0.71,0.54,0.61,10.22,11.23,8.77,1.95,1.8,1.56,73.73,60.49,92.8,81.76,44.72,26.47,0.0,26.73
16-004,TORRE BLANCA (AMPL),MIGUEL HIDALGO,False,,,,2603,1406,1197,39,11,3,7,0,0,0,11,3,7,437,240,192,121,62,44,630,798,470,798,740,798,684,798,412,798,334,798,0,493,568,2585,20,0,11.57,1.5,0.42,0.21,0.58,0.0,0.0,0.0,0.42,0.21,0.58,16.79,17.07,16.04,4.65,4.41,3.68,78.95,58.9,92.73,85.71,51.63,41.85,0.0,21.97
16-006,ANAHUAC DOS LAGOS,MIGUEL HIDALGO,False,,,,1319,699,620,17,3,0,0,0,0,0,3,0,0,172,99,73,47,21,23,283,386,205,386,346,386,292,386,185,386,125,386,0,294,449,1311,6,1,10.32,1.29,0.23,0.0,0.0,0.0,0.0,0.0,0.23,0.0,0.0,13.04,14.16,11.77,3.56,3.0,3.71,73.32,53.11,89.64,75.65,47.93,32.38,0.0,34.25
16-007,ANAHUAC LAGO NORTE,MIGUEL HIDALGO,False,,,,1138,612,526,0,0,0,0,0,0,0,0,0,0,154,86,68,37,17,20,271,364,216,364,331,364,269,364,173,364,88,364,0,149,248,1137,3,1,11.4,0.0,0.0,0.0,0.0,0.0,0.0,0.0,0.0,0.0,0.0,13.53,14.05,12.93,3.25,2.78,3.8,74.45,59.34,90.93,73.9,47.53,24.18,0.0,21.81
16-008,ANAHUAC LAGO SUR,MIGUEL HIDALGO,False,,,,1780,943,838,27,15,4,4,0,0,0,12,4,4,275,152,123,41,19,22,489,576,423,576,539,576,425,576,325,576,265,576,0,202,227,1778,4,1,12.51,1.52,0.84,0.42,0.48,0.0,0.0,0.0,0.67,0.42,0.48,15.45,16.12,14.68,2.3,2.01,2.63,84.9,73.44,93.58,73.78,56.42,46.01,0.0,12.77
16-009,ANAHUAC LOS MANZANOS,MIGUEL HIDALGO,False,,,,8798,4667,4130,159,58,17,25,0,0,0,55,17,20,2068,1151,916,845,462,374,2909,3296,2583,3296,3149,3296,2496,3296,2121,3296,2054,3296,0,2602,1696,8787,37,2,13.55,1.81,0.66,0.36,0.61,0.0,0.0,0.0,0.63,0.36,0.48,23.51,24.66,22.18,9.6,9.9,9.06,88.26,78.37,95.54,75.73,64.35,62.32,0.0,19.3
16-010,ANAHUAC MARIANO ESCOBEDO,MIGUEL HIDALGO,False,,,,2502,1336,1167,43,20,13,3,0,0,0,20,13,3,482,271,210,210,108,96,754,928,597,928,866,928,745,928,473,928,367,919,0,198,503,2472,11,1,12.35,1.72,0.8,0.97,0.26,0.0,0.0,0.0,0.8,0.97,0.26,19.26,20.28,17.99,8.39,8.08,8.23,81.25,64.33,93.32,80.28,50.97,39.93,0.0,20.35
16-011,ANAHUAC PERALITOS,MIGUEL HIDALGO,False,,,,1368,724,644,12,7,4,3,0,0,0,7,4,3,190,108,82,46,25,19,310,411,269,411,372,411,332,411,200,411,148,411,0,411,316,1366,3,1,11.46,0.88,0.51,0.55,0.47,0.0,0.0,0.0,0.51,0.55,0.47,13.89,14.92,12.73,3.36,3.45,2.95,75.43,65.45,90.51,80.78,48.66,36.01,0.0,23.13
16-012,ANGEL ZIMBRON,MIGUEL HIDALGO,False,,,,1349,694,655,21,10,5,5,0,0,0,10,5,5,252,136,116,57,20,37,394,478,333,478,444,478,362,478,261,478,158,468,0,478,280,1349,5,0,12.5,1.56,0.74,0.72,0.76,0.0,0.0,0.0,0.74,0.72,0.76,18.68,19.6,17.71,4.23,2.88,5.65,82.43,69.67,92.89,75.73,54.6,33.76,0.0,20.76
16-013,ANZURES,MIGUEL HIDALGO,False,,,,6053,3169,2866,95,38,16,5,0,0,0,38,16,5,1437,835,568,498,261,198,2547,2680,2410,2680,2625,2680,2030,2680,1960,2680,1888,2663,0,2126,1006,5898,87,8,15.21,1.57,0.63,0.5,0.17,0.0,0.0,0.0,0.63,0.5,0.17,23.74,26.35,19.82,8.23,8.24,6.91,95.04,89.93,97.95,75.75,73.13,70.9,0.0,17.06
16-014,ARGENTINA ANTIGUA,MIGUEL HIDALGO,False,,,,7179,3712,3447,105,33,16,10,0,0,0,33,16,10,1396,777,613,273,110,147,1682,2163,1364,2163,2021,2163,1737,2163,1034,2158,759,2158,0,1668,1682,7144,33,2,11.62,1.46,0.46,0.43,0.29,0.0,0.0,0.0,0.46,0.43,0.29,19.45,20.93,17.78,3.8,2.96,4.26,77.76,63.06,93.44,80.31,47.91,35.17,0.0,23.54
16-018,BOSQUES DE CHAPULTEPEC (POLANCO),MIGUEL HIDALGO,False,,,,3711,1958,1747,3,9,9,0,0,0,0,9,9,0,528,358,154,78,52,20,1550,1595,1476,1595,1567,1595,1348,1595,1308,1595,1235,1591,0,1594,379,3500,53,2,15.32,0.08,0.24,0.46,0.0,0.0,0.0,0.0,0.24,0.46,0.0,14.23,18.28,8.82,2.1,2.66,1.14,97.18,92.54,98.24,84.51,82.01,77.62,0.0,10.83
16-019,BOSQUES DE LAS LOMAS I,MIGUEL HIDALGO,False,,,,4178,2347,1814,0,23,20,0,0,0,0,18,15,0,834,604,194,185,128,22,1065,1181,1016,1173,1073,1181,834,1175,957,1181,858,1173,0,1181,578,3945,67,3,14.1,0.0,0.55,0.85,0.0,0.0,0.0,0.0,0.43,0.64,0.0,19.96,25.73,10.69,4.43,5.45,1.21,90.18,86.62,90.86,70.98,81.03,73.15,0.0,14.65
16-021,CHAPULTEPEC MORALES (POLANCO),MIGUEL HIDALGO,False,,,,7289,3976,3312,51,53,34,0,0,0,0,50,31,0,1610,967,638,540,305,218,3091,3224,2935,3224,3160,3224,2585,3224,2592,3224,2451,3224,0,3057,840,7235,46,7,15.17,0.7,0.73,0.86,0.0,0.0,0.0,0.0,0.69,0.78,0.0,22.09,24.32,19.26,7.41,7.67,6.58,95.87,91.04,98.01,80.18,80.4,76.02,0.0,11.61
16-022,CHAPULTEPEC POLANCO (POLANCO),MIGUEL HIDALGO,False,,,,3447,1808,1638,21,18,10,0,0,0,0,15,10,0,612,396,198,135,83,28,1495,1553,1409,1550,1521,1553,1278,1550,1302,1553,1156,1550,0,1553,453,3262,45,5,15.02,0.61,0.52,0.55,0.0,0.0,0.0,0.0,0.44,0.55,0.0,17.75,21.9,12.09,3.92,4.59,1.71,96.27,90.9,97.94,82.45,83.84,74.58,0.0,13.89
16-023,CUAUHTEMOC PENSIL,MIGUEL HIDALGO,False,,,,13745,7246,6499,170,81,35,43,0,0,0,79,33,43,2048,1131,917,361,171,186,3479,4353,2589,4353,3973,4353,3425,4353,2050,4353,1455,4353,19,4099,3357,13706,13,0,11.28,1.24,0.59,0.48,0.66,0.0,0.0,0.0,0.57,0.46,0.66,14.9,15.61,14.11,2.63,2.36,2.86,79.92,59.48,91.27,78.68,47.09,33.43,0.46,24.49
16-024,DANIEL GARZA,MIGUEL HIDALGO,False,,,,5476,2837,2639,71,22,10,0,0,0,0,22,10,0,701,379,314,106,49,42,1232,1600,936,1600,1474,1600,1340,1600,805,1600,433,1538,0,1041,1366,5474,27,0,11.18,1.3,0.4,0.35,0.0,0.0,0.0,0.0,0.4,0.35,0.0,12.8,13.36,11.9,1.94,1.73,1.59,77.0,58.5,92.12,83.75,50.31,28.15,0.0,24.95
16-025,DANIEL GARZA (AMPL),MIGUEL HIDALGO,False,,,,6227,3344,2877,87,20,8,9,0,0,0,20,8,9,958,535,407,156,65,72,1566,2004,1238,2001,1852,2004,1627,2000,1069,2001,813,1913,0,1424,1626,6181,44,4,11.75,1.4,0.32,0.24,0.31,0.0,0.0,0.0,0.32,0.24,0.31,15.38,16.0,14.15,2.51,1.94,2.5,78.14,61.87,92.42,81.35,53.42,42.5,0.0,26.31
16-026,DEL BOSQUE (POLANCO),MIGUEL HIDALGO,False,,,,993,522,472,0,3,3,0,0,0,0,3,3,0,149,90,60,45,26,16,357,387,334,387,367,387,269,387,291,387,239,387,0,387,112,946,9,1,14.08,0.0,0.3,0.57,0.0,0.0,0.0,0.0,0.3,0.57,0.0,15.01,17.24,12.71,4.53,4.98,3.39,92.25,86.3,94.83,69.51,75.19,61.76,0.0,11.84
16-027,TORRES TOREO,MIGUEL HIDALGO,False,,,,8058,4052,4006,124,48,13,30,0,0,0,48,13,30,2063,1053,1010,896,459,437,3165,3318,2979,3318,3263,3318,2349,3318,2025,3318,2248,3318,0,2700,1108,8058,13,1,14.68,1.54,0.6,0.32,0.75,0.0,0.0,0.0,0.6,0.32,0.75,25.6,25.99,25.21,11.12,11.33,10.91,95.39,89.78,98.34,70.8,61.03,67.75,0.0,13.75
16-028,DEPORTIVA PENSIL,MIGUEL HIDALGO,False,,,,2930,1550,1380,15,14,11,0,0,0,0,14,11,0,533,317,214,129,67,55,741,976,557,976,863,976,790,976,486,976,307,976,4,718,727,2881,19,2,11.52,0.51,0.48,0.71,0.0,0.0,0.0,0.0,0.48,0.71,0.0,18.19,20.45,15.51,4.4,4.32,3.99,75.92,57.07,88.42,80.94,49.8,31.45,0.56,25.23
16-030,FRANCISCO I MADERO,MIGUEL HIDALGO,False,,,,1460,765,696,8,0,0,0,0,0,0,0,0,0,187,104,83,21,11,7,308,434,228,434,383,434,367,434,180,434,109,434,4,391,388,1418,8,0,10.49,0.55,0.0,0.0,0.0,0.0,0.0,0.0,0.0,0.0,0.0,12.81,13.59,11.93,1.44,1.44,1.01,70.97,52.53,88.25,84.56,41.47,25.12,1.02,27.36
16-031,GRANADA,MIGUEL HIDALGO,False,,,,8954,4625,4329,118,42,22,13,0,0,0,41,21,13,1753,995,755,895,465,426,3639,3837,3442,3837,3760,3837,2947,3837,2785,3837,2819,3837,0,3044,1328,8794,49,4,15.03,1.32,0.47,0.48,0.3,0.0,0.0,0.0,0.46,0.45,0.3,19.58,21.51,17.44,10.0,10.05,9.84,94.84,89.71,97.99,76.8,72.58,73.47,0.0,15.1
16-032,GRANADA (AMPL),MIGUEL HIDALGO,False,,,,17462,8626,8824,115,66,28,27,0,0,0,66,28,27,3305,1803,1497,1575,805,758,6689,6970,6349,6970,6860,6970,5406,6970,5250,6959,5401,6933,0,5085,2149,17220,35,6,15.19,0.66,0.38,0.32,0.31,0.0,0.0,0.0,0.38,0.32,0.31,18.93,20.9,16.97,9.02,9.33,8.59,95.97,91.09,98.42,77.56,75.44,77.9,0.0,12.48
16-033,HUICHAPAN,MIGUEL HIDALGO,False,,,,1823,965,857,58,19,9,7,0,0,0,19,9,7,313,173,140,102,51,51,424,543,332,543,514,543,469,543,258,543,199,543,0,543,438,1822,2,0,11.27,3.18,1.04,0.93,0.82,0.0,0.0,0.0,1.04,0.93,0.82,17.17,17.93,16.34,5.6,5.28,5.95,78.08,61.14,94.66,86.37,47.51,36.65,0.0,24.04
16-034,IGNACIO MANUEL ALTAMIRANO,MIGUEL HIDALGO,False,,,,1241,619,622,35,11,7,4,0,0,0,11,7,4,211,121,90,21,4,13,248,374,184,374,342,374,291,374,163,374,83,374,0,328,276,1240,7,0,11.05,2.82,0.89,1.13,0.64,0.0,0.0,0.0,0.89,1.13,0.64,17.0,19.55,14.47,1.69,0.65,2.09,66.31,49.2,91.44,77.81,43.58,22.19,0.0,22.26
16-035,IRRIGACION,MIGUEL HIDALGO,False,,,,5293,2707,2564,36,26,12,3,0,0,0,26,12,3,1030,599,425,386,197,158,2107,2197,2010,2197,2151,2197,1677,2197,1632,2197,1570,2197,0,2197,822,4998,53,9,15.25,0.68,0.49,0.44,0.12,0.0,0.0,0.0,0.49,0.44,0.12,19.46,22.13,16.58,7.29,7.28,6.16,95.9,91.49,97.91,76.33,74.28,71.46,0.0,16.45
16-036,LEGARIA,MIGUEL HIDALGO,False,,,,6649,3505,3143,142,52,18,25,0,0,0,52,18,25,1576,822,752,545,282,258,1834,2216,1489,2206,2096,2216,1593,2216,1109,2208,982,2193,0,1867,1427,6559,19,1,12.43,2.14,0.78,0.51,0.8,0.0,0.0,0.0,0.78,0.51,0.8,23.7,23.45,23.93,8.2,8.05,8.21,82.76,67.5,94.58,71.89,50.23,44.78,0.0,21.76
16-037,LEGARIA (U HAB),MIGUEL HIDALGO,False,,,,1490,786,704,12,0,0,0,0,0,0,0,0,0,185,99,53,21,7,2,396,582,231,541,489,582,426,578,194,494,84,350,6,376,265,1244,42,2,10.53,0.81,0.0,0.0,0.0,0.0,0.0,0.0,0.0,0.0,0.0,12.42,12.6,7.53,1.41,0.89,0.28,68.04,42.7,84.02,73.7,39.27,24.0,1.6,21.3
16-038,LOMA HERMOSA (CONJ HAB),MIGUEL HIDALGO,False,,,,3670,2033,1629,22,6,0,0,0,0,0,6,0,0,1050,592,427,291,128,88,1303,1511,1189,1511,1426,1511,1171,1511,853,1496,753,1496,0,1462,764,3494,82,7,14.04,0.6,0.16,0.0,0.0,0.0,0.0,0.0,0.16,0.0,0.0,28.61,29.12,26.21,7.93,6.3,5.4,86.23,78.69,94.37,77.5,57.02,50.33,0.0,21.87
16-039,LOMAS ALTAS,MIGUEL HIDALGO,False,,,,1912,1007,893,0,6,5,0,0,0,0,6,5,0,151,90,61,52,32,20,272,574,275,574,278,574,224,574,244,574,234,574,0,605,135,1785,11,4,14.58,0.0,0.31,0.5,0.0,0.0,0.0,0.0,0.31,0.5,0.0,7.9,8.94,6.83,2.72,3.18,2.24,47.39,47.91,48.43,39.02,42.51,40.77,0.0,7.56
16-040,LOMAS DE BARRILACO (LOMAS DE CHAPULTEPEC),MIGUEL HIDALGO,False,,,,5087,2989,2098,22,66,52,6,0,0,0,66,52,6,1099,846,234,336,262,52,1719,1776,1617,1776,1748,1776,1367,1776,1515,1776,1287,1776,0,1776,654,4970,38,1,13.95,0.43,1.3,1.74,0.29,0.0,0.0,0.0,1.3,1.74,0.29,21.6,28.3,11.15,6.61,8.77,2.48,96.79,91.05,98.42,76.97,85.3,72.47,0.0,13.16
16-041,LOMAS DE BEZARES I,MIGUEL HIDALGO,False,,,,3571,2007,1563,4,37,33,2,0,0,0,36,32,2,506,404,99,202,168,32,587,1009,564,1009,599,1009,505,1009,538,1009,497,1009,0,1009,409,3334,11,0,13.7,0.11,1.04,1.64,0.13,0.0,0.0,0.0,1.01,1.59,0.13,14.17,20.13,6.33,5.66,8.37,2.05,58.18,55.9,59.37,50.05,53.32,49.26,0.0,12.27
16-042,LOMAS DE CHAPULTEPEC I,MIGUEL HIDALGO,False,,,,5605,3079,2491,14,48,33,3,0,0,0,48,33,3,1078,755,275,346,228,90,1536,1747,1467,1747,1579,1747,1301,1748,1317,1735,1180,1728,0,1711,724,4725,98,12,14.22,0.25,0.86,1.07,0.12,0.0,0.0,0.0,0.86,1.07,0.12,19.23,24.52,11.04,6.17,7.41,3.61,87.92,83.97,90.38,74.43,75.91,68.29,0.0,15.32
16-043,LOMAS DE REFORMA,MIGUEL HIDALGO,False,,,,2312,1302,1010,8,26,22,0,0,0,0,25,21,0,387,300,76,115,89,18,457,658,442,658,466,658,388,653,405,670,387,667,0,582,272,2099,31,1,13.93,0.35,1.12,1.69,0.0,0.0,0.0,0.0,1.08,1.61,0.0,16.74,23.04,7.52,4.97,6.84,1.78,69.45,67.17,70.82,59.42,60.45,58.02,0.0,12.96
16-044,LOMAS DE REFORMA (LOMAS DE CHAPULTEPEC),MIGUEL HIDALGO,False,,,,1562,872,683,0,0,0,0,0,0,0,0,0,0,239,150,66,28,15,3,324,446,309,446,323,446,274,442,294,446,254,446,0,446,141,1209,39,5,13.94,0.0,0.0,0.0,0.0,0.0,0.0,0.0,0.0,0.0,0.0,15.3,17.2,9.66,1.79,1.72,0.44,72.65,69.28,72.42,61.99,65.92,56.95,0.0,11.66
16-045,LOMAS DE SOTELO,MIGUEL HIDALGO,False,,,,5963,3267,2688,79,7,0,0,0,0,0,7,0,0,1695,992,697,655,330,263,2126,2399,1911,2399,2256,2399,1829,2399,1502,2399,1296,2399,3,2251,1044,5754,120,9,14.33,1.32,0.12,0.0,0.0,0.0,0.0,0.0,0.12,0.0,0.0,28.43,30.36,25.93,10.98,10.1,9.78,88.62,79.66,94.04,76.24,62.61,54.02,0.13,18.14
16-046,LOMAS VIRREYES (LOMAS DE CHAPULTEPEC),MIGUEL HIDALGO,False,,,,3193,1819,1367,23,16,10,0,0,0,0,16,10,0,725,504,184,208,130,55,923,1043,883,1043,947,1046,805,1027,822,1040,703,1040,0,1045,395,2628,76,5,14.15,0.72,0.5,0.55,0.0,0.0,0.0,0.0,0.5,0.55,0.0,22.71,27.71,13.46,6.51,7.15,4.02,88.49,84.66,90.54,78.38,79.04,67.6,0.0,15.03
16-047,LOS MORALES (POLANCO),MIGUEL HIDALGO,False,,,,4289,2313,1976,24,27,19,0,0,0,0,27,19,0,788,497,291,320,194,126,1362,1497,1240,1497,1456,1497,1003,1497,1023,1497,828,1497,0,1225,635,4240,16,4,14.01,0.56,0.63,0.82,0.0,0.0,0.0,0.0,0.63,0.82,0.0,18.37,21.49,14.73,7.46,8.39,6.38,90.98,82.83,97.26,67.0,68.34,55.31,0.0,14.98
16-048,MANUEL AVILA CAMACHO,MIGUEL HIDALGO,False,,,,44,21,17,0,0,0,0,0,0,0,0,0,0,7,3,0,0,0,0,12,13,11,13,11,13,9,13,3,8,3,8,0,13,6,38,5,2,14.86,0.0,0.0,0.0,0.0,0.0,0.0,0.0,0.0,0.0,0.0,15.91,14.29,0.0,0.0,0.0,0.0,92.31,84.62,84.62,69.23,37.5,37.5,0.0,15.79
16-049,MARINA NACIONAL (U HAB),MIGUEL HIDALGO,False,,,,1765,964,801,14,4,3,0,0,0,0,4,3,0,413,235,179,136,69,60,574,622,512,622,601,622,525,622,418,622,356,622,0,622,276,1753,12,3,13.41,0.79,0.23,0.31,0.0,0.0,0.0,0.0,0.23,0.31,0.0,23.4,24.38,22.35,7.71,7.16,7.49,92.28,82.32,96.62,84.41,67.2,57.23,0.0,15.74
16-050,MEXICO NUEVO,MIGUEL HIDALGO,False,,,,4261,2274,1987,66,21,7,0,0,0,0,21,7,0,774,419,351,172,94,63,964,1273,751,1266,1126,1273,985,1266,562,1266,400,1250,3,877,1112,4240,22,1,11.44,1.55,0.49,0.31,0.0,0.0,0.0,0.0,0.49,0.31,0.0,18.16,18.43,17.66,4.04,4.13,3.17,75.73,59.32,88.45,77.8,44.39,32.0,0.34,26.23
16-051,MILITAR 1 K LOMAS DE SOTELO (U HAB),MIGUEL HIDALGO,False,,,,5367,2392,2337,66,16,3,8,0,0,0,13,3,8,2757,1397,1360,1638,776,846,1072,1108,1063,1108,1099,1108,892,1108,808,1108,815,1108,0,1091,98,3415,83,6,14.0,1.23,0.3,0.13,0.34,0.0,0.0,0.0,0.24,0.13,0.34,51.37,58.4,58.19,30.52,32.44,36.2,96.75,95.94,99.19,80.51,72.92,73.56,0.0,2.87
16-052,MODELO PENSIL,MIGUEL HIDALGO,False,,,,2474,1335,1138,32,7,3,4,0,0,0,7,3,4,330,191,137,122,58,63,602,787,493,787,718,787,569,787,376,787,292,787,4,672,489,2459,8,1,11.94,1.29,0.28,0.22,0.35,0.0,0.0,0.0,0.28,0.22,0.35,13.34,14.31,12.04,4.93,4.34,5.54,76.49,62.64,91.23,72.3,47.78,37.1,0.6,19.89
16-053,MOLINO DEL REY,MIGUEL HIDALGO,False,,,,534,292,233,12,7,0,0,0,0,0,7,0,0,88,52,33,15,11,0,137,162,135,162,158,162,149,162,110,155,77,155,0,162,170,513,35,1,13.26,2.25,1.31,0.0,0.0,0.0,0.0,0.0,1.31,0.0,0.0,16.48,17.81,14.16,2.81,3.77,0.0,84.57,83.33,97.53,91.98,70.97,49.68,0.0,33.14
16-054,MORALES SECCION ALAMEDA (POLANCO),MIGUEL HIDALGO,False,,,,1281,704,577,0,1,1,0,0,0,0,1,1,0,181,115,56,95,54,28,451,467,432,467,460,467,359,467,351,467,332,467,0,467,155,1219,19,0,14.56,0.0,0.08,0.14,0.0,0.0,0.0,0.0,0.08,0.14,0.0,14.13,16.34,9.71,7.42,7.67,4.85,96.57,92.51,98.5,76.87,75.16,71.09,0.0,12.72
16-055,MORALES SECCION PALMAS (POLANCO),MIGUEL HIDALGO,False,,,,2023,1059,962,3,13,13,0,0,0,0,13,13,0,282,175,107,100,56,38,699,748,655,748,733,748,566,748,579,748,526,748,0,631,259,1983,12,1,14.25,0.15,0.64,1.23,0.0,0.0,0.0,0.0,0.64,1.23,0.0,13.94,16.53,11.12,4.94,5.29,3.95,93.45,87.57,97.99,75.67,77.41,70.32,0.0,13.06
16-056,NEXTITLA,MIGUEL HIDALGO,False,,,,1706,927,779,16,12,5,4,0,0,0,12,5,4,270,164,105,95,52,33,616,682,580,682,666,682,535,682,439,682,374,682,0,682,289,1698,12,0,14.14,0.94,0.7,0.54,0.51,0.0,0.0,0.0,0.7,0.54,0.51,15.83,17.69,13.48,5.57,5.61,4.24,90.32,85.04,97.65,78.45,64.37,54.84,0.0,17.02
16-057,NUEVA ARGENTINA (ARGENTINA PONIENTE),MIGUEL HIDALGO,False,,,,5629,2951,2676,90,35,18,15,0,0,0,35,18,15,910,509,399,166,63,75,1272,1747,968,1747,1551,1747,1397,1747,643,1730,466,1730,21,1289,1341,5620,33,5,11.24,1.6,0.62,0.61,0.56,0.0,0.0,0.0,0.62,0.61,0.56,16.17,17.25,14.91,2.95,2.13,2.8,72.81,55.41,88.78,79.97,37.17,26.94,1.63,23.86
16-058,OBSERVATORIO,MIGUEL HIDALGO,False,,,,4173,2192,1981,50,14,10,0,0,0,0,14,10,0,778,415,363,212,92,78,1111,1333,920,1333,1248,1333,1081,1333,719,1319,587,1323,0,1332,555,3452,39,2,12.68,1.2,0.34,0.46,0.0,0.0,0.0,0.0,0.34,0.46,0.0,18.64,18.93,18.32,5.08,4.2,3.94,83.35,69.02,93.62,81.1,54.51,44.37,0.0,16.08
16-059,PALMITAS (POLANCO),MIGUEL HIDALGO,False,,,,2109,1157,949,25,19,12,0,0,0,0,18,11,0,428,283,145,116,72,36,758,804,718,804,792,804,573,804,613,804,525,804,0,804,349,2104,10,2,14.56,1.19,0.9,1.04,0.0,0.0,0.0,0.0,0.85,0.95,0.0,20.29,24.46,15.28,5.5,6.22,3.79,94.28,89.3,98.51,71.27,76.24,65.3,0.0,16.59
16-060,PENSIL NORTE,MIGUEL HIDALGO,False,,,,10123,5246,4877,430,183,101,79,3,0,0,179,98,78,1566,883,683,379,186,176,2263,3092,1676,3092,2819,3092,2506,3092,1484,3092,989,3092,3,2174,2628,10071,23,5,10.98,4.25,1.81,1.93,1.62,0.03,0.0,0.0,1.77,1.87,1.6,15.47,16.83,14.0,3.74,3.55,3.61,73.19,54.2,91.17,81.05,47.99,31.99,0.14,26.09
16-061,PENSIL SAN JUANICO,MIGUEL HIDALGO,False,,,,6009,3182,2815,117,39,13,17,0,0,0,38,13,16,1006,560,420,287,142,127,1543,1937,1255,1930,1789,1937,1578,1937,983,1911,740,1929,0,1334,1408,5869,56,7,11.56,1.95,0.65,0.41,0.6,0.0,0.0,0.0,0.63,0.41,0.57,16.74,17.6,14.92,4.78,4.46,4.51,79.66,65.03,92.36,81.47,51.44,38.36,0.0,23.99
16-062,PENSIL SUR,MIGUEL HIDALGO,False,,,,2841,1509,1332,50,17,7,10,0,0,0,17,7,10,470,252,218,98,44,48,585,828,434,828,760,828,688,828,355,828,237,828,0,359,791,2787,8,1,10.54,1.76,0.6,0.46,0.75,0.0,0.0,0.0,0.6,0.46,0.75,16.54,16.7,16.37,3.45,2.92,3.6,70.65,52.42,91.79,83.09,42.87,28.62,0.0,28.38
16-063,PERIODISTA,MIGUEL HIDALGO,False,,,,785,428,350,3,3,0,0,0,0,0,3,0,0,208,130,76,49,18,16,247,271,225,271,266,271,228,271,192,271,163,265,0,271,154,775,18,3,14.88,0.38,0.38,0.0,0.0,0.0,0.0,0.0,0.38,0.0,0.0,26.5,30.37,21.71,6.24,4.21,4.57,91.14,83.03,98.15,84.13,70.85,61.51,0.0,19.87
16-064,PLUTARCO ELIAS CALLES,MIGUEL HIDALGO,False,,,,1100,591,504,27,10,0,3,0,0,0,8,0,3,130,66,61,18,12,6,297,399,283,399,356,399,313,399,220,399,156,387,0,347,246,1017,17,3,12.84,2.45,0.91,0.0,0.6,0.0,0.0,0.0,0.73,0.0,0.6,11.82,11.17,12.1,1.64,2.03,1.19,74.44,70.93,89.22,78.45,55.14,40.31,0.0,24.19
16-065,POLANCO REFORMA (POLANCO),MIGUEL HIDALGO,False,,,,6184,3128,3049,19,17,14,0,0,0,0,17,14,0,1012,624,372,360,218,127,2594,2677,2506,2677,2651,2677,2212,2677,2310,2677,2118,2677,0,2628,629,6106,45,4,15.41,0.31,0.27,0.45,0.0,0.0,0.0,0.0,0.27,0.45,0.0,16.36,19.95,12.2,5.82,6.97,4.17,96.9,93.61,99.03,82.63,86.29,79.12,0.0,10.3
16-066,POPO,MIGUEL HIDALGO,False,,,,2031,1078,952,28,9,5,0,0,0,0,9,5,0,327,187,140,109,54,39,477,617,302,617,552,617,514,617,242,617,118,590,8,329,531,1997,13,1,11.44,1.38,0.44,0.46,0.0,0.0,0.0,0.0,0.44,0.46,0.0,16.1,17.35,14.71,5.37,5.01,4.1,77.31,48.95,89.47,83.31,39.22,20.0,2.43,26.59
16-067,POPO (AMPL),MIGUEL HIDALGO,False,,,,545,275,270,9,0,0,0,0,0,0,0,0,0,128,67,60,18,9,10,122,152,94,152,141,152,99,152,79,152,28,118,3,152,136,531,4,0,11.67,1.65,0.0,0.0,0.0,0.0,0.0,0.0,0.0,0.0,0.0,23.49,24.36,22.22,3.3,3.27,3.7,80.26,61.84,92.76,65.13,51.97,23.73,1.97,25.61
16-069,REFORMA PENSIL,MIGUEL HIDALGO,False,,,,3704,1947,1750,56,14,3,3,0,0,0,14,3,3,577,328,247,61,23,21,844,1048,582,1030,942,1048,806,1048,493,1005,337,968,0,810,1001,3621,30,3,10.69,1.51,0.38,0.15,0.17,0.0,0.0,0.0,0.38,0.15,0.17,15.58,16.85,14.11,1.65,1.18,1.2,80.53,56.5,89.89,76.91,49.05,34.81,0.0,27.64
16-070,REFORMA SOCIAL,MIGUEL HIDALGO,False,,,,6748,3589,3154,150,83,56,10,0,0,0,83,56,10,1497,924,570,421,230,172,1889,2153,1670,2153,2074,2153,1632,2153,1481,2153,1246,2153,0,1942,1614,6586,42,5,13.04,2.22,1.23,1.56,0.32,0.0,0.0,0.0,1.23,1.56,0.32,22.18,25.75,18.07,6.24,6.41,5.45,87.74,77.57,96.33,75.8,68.79,57.87,0.0,24.51
16-071,RINCON DEL BOSQUE,MIGUEL HIDALGO,False,,,,695,395,300,0,7,7,0,0,0,0,7,7,0,141,93,48,35,25,10,305,313,291,313,308,313,189,313,263,313,258,313,0,313,114,684,2,0,14.93,0.0,1.01,1.77,0.0,0.0,0.0,0.0,1.01,1.77,0.0,20.29,23.54,16.0,5.04,6.33,3.33,97.44,92.97,98.4,60.38,84.03,82.43,0.0,16.67
16-072,SAN DIEGO OCOYOACAC,MIGUEL HIDALGO,False,,,,5587,2856,2715,257,114,48,50,0,0,0,114,48,50,897,492,394,335,178,144,1522,2054,1266,2046,1890,2061,1574,2061,927,2025,709,1988,7,1919,1127,5509,37,7,11.67,4.6,2.04,1.68,1.84,0.0,0.0,0.0,2.04,1.68,1.84,16.06,17.23,14.51,6.0,6.23,5.3,74.1,61.88,91.7,76.37,45.78,35.66,0.36,20.46
16-073,SAN JOAQUIN,MIGUEL HIDALGO,False,,,,3523,1818,1705,87,32,16,11,0,0,0,32,16,11,713,373,340,185,96,88,797,1047,645,1047,975,1047,855,1047,490,1047,375,1047,3,1047,750,3501,5,0,11.22,2.47,0.91,0.88,0.65,0.0,0.0,0.0,0.91,0.88,0.65,20.24,20.52,19.94,5.25,5.28,5.16,76.12,61.6,93.12,81.66,46.8,35.82,0.29,21.42
16-074,SAN LORENZO TLALTENANGO,MIGUEL HIDALGO,False,,,,1399,676,723,51,18,10,8,0,0,0,18,10,8,173,93,80,57,25,32,303,433,253,433,401,433,371,433,150,433,128,433,0,362,438,1399,5,0,10.83,3.65,1.29,1.48,1.11,0.0,0.0,0.0,1.29,1.48,1.11,12.37,13.76,11.07,4.07,3.7,4.43,69.98,58.43,92.61,85.68,34.64,29.56,0.0,31.31
16-076,SANTO TOMAS,MIGUEL HIDALGO,False,,,,531,289,235,0,0,0,0,0,0,0,0,0,0,100,63,37,23,18,0,208,248,222,248,237,248,110,248,106,248,49,248,0,172,59,524,12,3,14.26,0.0,0.0,0.0,0.0,0.0,0.0,0.0,0.0,0.0,0.0,18.83,21.8,15.74,4.33,6.23,0.0,83.87,89.52,95.56,44.35,42.74,19.76,0.0,11.26
16-077,TACUBA,MIGUEL HIDALGO,False,,,,11678,6094,5583,200,62,27,21,0,0,0,62,27,21,2255,1240,1001,683,350,311,3501,4149,3012,4149,3903,4149,3264,4149,2343,4149,2134,4097,0,3443,2589,11569,68,1,12.84,1.71,0.53,0.44,0.38,0.0,0.0,0.0,0.53,0.44,0.38,19.31,20.35,17.93,5.85,5.74,5.57,84.38,72.6,94.07,78.67,56.47,52.09,0.0,22.38
16-078,TACUBAYA,MIGUEL HIDALGO,False,,,,9525,4996,4498,165,55,30,18,0,0,0,54,30,17,1586,900,675,398,198,178,2681,3257,2180,3254,3019,3257,2674,3257,1758,3250,1521,3254,0,1915,2145,9443,50,7,12.25,1.73,0.58,0.6,0.4,0.0,0.0,0.0,0.57,0.6,0.38,16.65,18.01,15.01,4.18,3.96,3.96,82.32,66.99,92.69,82.1,54.09,46.74,0.0,22.72
16-079,TATA LÁZARO (U HAB),MIGUEL HIDALGO,False,,,,508,283,224,5,3,0,0,0,0,0,3,0,0,145,88,58,50,26,22,152,192,146,192,180,192,146,192,107,192,97,192,0,192,117,450,3,0,13.37,0.98,0.59,0.0,0.0,0.0,0.0,0.0,0.59,0.0,0.0,28.54,31.1,25.89,9.84,9.19,9.82,79.17,76.04,93.75,76.04,55.73,50.52,0.0,26.0
16-080,TLAXPANA,MIGUEL HIDALGO,False,,,,8115,4241,3872,167,56,26,18,0,0,0,56,26,18,1413,761,648,315,146,159,2216,2913,1757,2913,2657,2913,2338,2913,1402,2913,1005,2913,0,1966,1742,8040,29,2,11.67,2.06,0.69,0.61,0.46,0.0,0.0,0.0,0.69,0.61,0.46,17.41,17.94,16.74,3.88,3.44,4.11,76.07,60.32,91.21,80.26,48.13,34.5,0.0,21.67
16-081,TORRE BLANCA,MIGUEL HIDALGO,False,,,,6360,3411,2946,44,10,3,3,0,0,0,9,3,0,1149,607,520,292,144,123,1604,2034,1395,2034,1868,2034,1541,2034,1023,2034,874,2026,4,1749,1285,6281,42,5,12.13,0.69,0.16,0.09,0.1,0.0,0.0,0.0,0.14,0.09,0.0,18.07,17.8,17.65,4.59,4.22,4.18,78.86,68.58,91.84,75.76,50.29,43.14,0.23,20.46
16-082,UN HOGAR PARA NOSOTROS,MIGUEL HIDALGO,False,,,,772,411,345,15,7,4,3,0,0,0,7,4,3,206,124,79,93,42,46,235,276,205,276,264,276,216,276,153,276,127,276,0,276,150,756,13,3,14.0,1.94,0.91,0.97,0.87,0.0,0.0,0.0,0.91,0.97,0.87,26.68,30.17,22.9,12.05,10.22,13.33,85.14,74.28,95.65,78.26,55.43,46.01,0.0,19.84
16-083,VENTURA PEREZ DE ALBA,MIGUEL HIDALGO,False,,,,2850,1504,1346,22,11,6,3,0,0,0,11,6,3,482,268,213,193,109,85,682,828,551,828,771,828,679,828,480,828,326,828,0,434,548,2844,3,0,11.7,0.77,0.39,0.4,0.22,0.0,0.0,0.0,0.39,0.4,0.22,16.91,17.82,15.82,6.77,7.25,6.32,82.37,66.55,93.12,82.0,57.97,39.37,0.0,19.27
16-084,VERONICA ANZURES,MIGUEL HIDALGO,False,,,,3124,1651,1466,25,8,8,0,0,0,0,8,8,0,796,435,351,296,141,141,1129,1250,1008,1243,1200,1250,946,1247,832,1250,755,1244,0,1234,621,3037,34,3,14.3,0.8,0.26,0.48,0.0,0.0,0.0,0.0,0.26,0.48,0.0,25.48,26.35,23.94,9.48,8.54,9.62,90.32,81.09,96.0,75.86,66.56,60.69,0.0,20.45
16-085,10 DE ABRIL,MIGUEL HIDALGO,False,,,,349,186,162,10,0,0,0,0,0,0,0,0,0,49,23,26,8,0,4,69,108,51,108,96,108,94,108,41,108,24,90,0,108,123,347,5,0,10.57,2.87,0.0,0.0,0.0,0.0,0.0,0.0,0.0,0.0,0.0,14.04,12.37,16.05,2.29,0.0,2.47,63.89,47.22,88.89,87.04,37.96,26.67,0.0,35.45
16-086,16 DE SEPTIEMBRE,MIGUEL HIDALGO,False,,,,2303,1198,1106,22,17,13,0,0,0,0,17,13,0,306,170,131,68,33,31,550,688,460,688,642,688,579,688,411,688,300,688,0,347,576,2292,8,1,11.59,0.96,0.74,1.09,0.0,0.0,0.0,0.0,0.74,1.09,0.0,13.29,14.19,11.84,2.95,2.75,2.8,79.94,66.86,93.31,84.16,59.74,43.6,0.0,25.13
16-087,5 DE MAYO,MIGUEL HIDALGO,False,,,,3508,1866,1642,46,9,5,3,0,0,0,9,5,3,548,309,237,117,49,53,817,1094,631,1094,978,1094,893,1094,496,1090,325,1091,0,816,804,3424,17,1,11.5,1.31,0.26,0.27,0.18,0.0,0.0,0.0,0.26,0.27,0.18,15.62,16.56,14.43,3.34,2.63,3.23,74.68,57.68,89.4,81.63,45.5,29.79,0.0,23.48
16-088,ANAHUAC I,MIGUEL HIDALGO,False,,,,18782,9907,8875,310,128,59,45,0,0,0,126,57,45,4382,2373,2004,1377,710,655,5776,6726,5048,6726,6411,6726,5001,6726,3858,6719,3463,6711,0,5782,3344,18695,46,5,13.26,1.65,0.68,0.6,0.51,0.0,0.0,0.0,0.67,0.58,0.51,23.33,23.95,22.58,7.33,7.17,7.38,85.88,75.05,95.32,74.35,57.42,51.6,0.0,17.89
16-089,ANAHUAC II,MIGUEL HIDALGO,False,,,,17923,9305,8610,292,145,74,42,0,0,0,137,71,41,3695,2031,1659,1552,766,775,5346,6396,4720,6396,6014,6396,4860,6396,3637,6396,3427,6395,7,4689,3370,17738,45,6,12.84,1.63,0.81,0.8,0.49,0.0,0.0,0.0,0.76,0.76,0.48,20.62,21.83,19.27,8.66,8.23,9.0,83.58,73.8,94.03,75.98,56.86,53.59,0.15,19.0
16-090,ESCANDON I,MIGUEL HIDALGO,False,,,,10987,5831,5147,154,82,30,15,0,0,0,82,30,15,2429,1337,1090,780,403,371,4060,4471,3699,4471,4320,4471,3524,4471,2832,4471,2804,4471,0,3661,2342,10823,36,9,14.29,1.4,0.75,0.51,0.29,0.0,0.0,0.0,0.75,0.51,0.29,22.11,22.93,21.18,7.1,6.91,7.21,90.81,82.73,96.62,78.82,63.34,62.72,0.0,21.64
16-091,ESCANDON II,MIGUEL HIDALGO,False,,,,8288,4372,3917,120,46,25,9,0,0,0,42,22,9,1568,872,692,403,186,209,2674,3021,2349,3021,2887,3021,2407,3021,1933,3021,1685,3017,0,2911,1890,8215,30,2,13.24,1.45,0.56,0.57,0.23,0.0,0.0,0.0,0.51,0.5,0.23,18.92,19.95,17.67,4.86,4.25,5.34,88.51,77.76,95.56,79.68,63.99,55.85,0.0,23.01
16-092,POPOTLA I,MIGUEL HIDALGO,False,,,,4635,2509,2126,68,26,13,6,0,0,0,23,12,3,865,503,357,270,144,119,1495,1734,1347,1734,1644,1738,1351,1730,975,1710,811,1720,0,1702,992,4569,30,3,13.35,1.47,0.56,0.52,0.28,0.0,0.0,0.0,0.5,0.48,0.14,18.66,20.05,16.79,5.83,5.74,5.6,86.22,77.68,94.59,78.09,57.02,47.15,0.0,21.71
16-093,POPOTLA II,MIGUEL HIDALGO,False,,,,9867,5225,4642,213,81,30,23,0,0,0,81,30,23,2153,1181,971,735,372,352,3084,3603,2744,3603,3396,3603,2713,3603,2018,3603,1859,3597,0,2049,1889,9841,37,1,13.46,2.16,0.82,0.57,0.5,0.0,0.0,0.0,0.82,0.57,0.5,21.82,22.6,20.92,7.45,7.12,7.58,85.6,76.16,94.25,75.3,56.01,51.68,0.0,19.2
16-094,SAN MIGUEL CHAPULTEPEC I,MIGUEL HIDALGO,False,,,,5389,2881,2508,55,23,3,8,0,0,0,23,3,8,1094,618,462,296,159,127,1840,2082,1659,2082,1988,2082,1680,2082,1321,2082,1258,2074,0,1362,1275,5334,36,2,13.95,1.02,0.43,0.1,0.32,0.0,0.0,0.0,0.43,0.1,0.32,20.3,21.45,18.42,5.49,5.52,5.06,88.38,79.68,95.49,80.69,63.45,60.66,0.0,23.9
16-095,SAN MIGUEL CHAPULTEPEC II,MIGUEL HIDALGO,False,,,,2919,1465,1450,54,18,8,6,0,0,0,18,8,6,533,281,247,182,90,82,1148,1332,1076,1332,1222,1332,991,1332,813,1325,819,1332,56,1218,663,2879,27,6,14.6,1.85,0.62,0.55,0.41,0.0,0.0,0.0,0.62,0.55,0.41,18.26,19.18,17.03,6.24,6.14,5.66,86.19,80.78,91.74,74.4,61.36,61.49,4.6,23.03
16-097,LOMAS DE CHAPULTEPEC III,MIGUEL HIDALGO,False,,,,3386,1922,1458,14,45,27,0,0,0,0,45,27,0,873,636,203,253,162,48,930,950,880,950,933,950,783,942,830,946,710,945,0,945,498,3112,72,5,13.97,0.41,1.33,1.4,0.0,0.0,0.0,0.0,1.33,1.4,0.0,25.78,33.09,13.92,7.47,8.43,3.29,97.89,92.63,98.21,83.12,87.74,75.13,0.0,16.0
16-098,LOMAS DE BEZARES II,MIGUEL HIDALGO,False,,,,296,175,121,1,6,6,0,0,0,0,6,6,0,47,39,5,12,10,2,52,76,49,76,55,76,47,76,42,76,42,76,0,76,42,151,2,0,13.45,0.34,2.03,3.43,0.0,0.0,0.0,0.0,2.03,3.43,0.0,15.88,22.29,4.13,4.05,5.71,1.65,68.42,64.47,72.37,61.84,55.26,55.26,0.0,27.81
16-099,ESCANDON III,MIGUEL HIDALGO,False,,,,8958,4692,4252,135,52,17,24,0,0,0,52,17,24,1978,1088,890,608,314,286,3227,3605,2867,3605,3452,3605,2824,3605,2279,3605,2290,3605,0,1546,1759,8840,26,2,13.92,1.51,0.58,0.36,0.56,0.0,0.0,0.0,0.58,0.36,0.56,22.08,23.19,20.93,6.79,6.69,6.73,89.51,79.53,95.76,78.34,63.22,63.52,0.0,19.9
16-100,SAN MIGUEL CHAPULTEPEC III,MIGUEL HIDALGO,False,,,,3954,2167,1785,55,19,10,3,0,0,0,19,10,3,810,491,310,221,122,89,1359,1541,1213,1537,1462,1541,1214,1541,937,1537,840,1537,0,1398,859,3918,26,4,13.92,1.39,0.48,0.46,0.17,0.0,0.0,0.0,0.48,0.46,0.17,20.49,22.66,17.37,5.59,5.63,4.99,88.19,78.92,94.87,78.78,60.96,54.65,0.0,21.92
16-101,BOSQUES DE LAS LOMAS II,MIGUEL HIDALGO,False,,,,3033,1648,1377,0,22,19,0,0,0,0,22,19,0,469,340,108,81,64,6,458,866,433,866,466,875,404,859,417,853,344,848,0,875,336,2799,52,2,13.64,0.0,0.73,1.15,0.0,0.0,0.0,0.0,0.73,1.15,0.0,15.46,20.63,7.84,2.67,3.88,0.44,52.89,50.0,53.26,47.03,48.89,40.57,0.0,12.0
09-001,SAN AGUSTIN OHTENCO (PBLO),MILPA ALTA,True,SAN AGUSTIN OHTENCO (PBLO),NAHUAS,NAHUATL,1675,839,836,174,61,32,25,0,0,0,60,32,25,252,136,112,34,17,11,223,433,158,429,396,434,348,433,120,402,54,392,5,348,536,1500,11,0,10.12,10.39,3.64,3.81,2.99,0.0,0.0,0.0,3.58,3.81,2.99,15.04,16.21,13.4,2.03,2.03,1.32,51.5,36.83,91.24,80.37,29.85,13.78,1.44,35.73
09-002,SAN ANTONIO TECOMITL (PBLO),MILPA ALTA,True,SAN ANTONIO TECOMITL (PBLO),NAHUAS,NAHUATL,27485,14137,13336,1173,378,166,175,0,0,0,373,165,169,4620,2436,2138,460,220,194,4661,7136,3244,7082,6469,7148,5421,7135,1998,7001,1089,6652,9,4928,8233,26973,146,10,10.45,4.27,1.38,1.17,1.31,0.0,0.0,0.0,1.36,1.17,1.27,16.81,17.23,16.03,1.67,1.56,1.45,65.32,45.81,90.5,75.98,28.54,16.37,0.18,30.52
09-003,SAN BARTOLOME XICOMULCO (PBLO),MILPA ALTA,True,SAN BARTOLOME XICOMULCO (PBLO),NAHUAS,NAHUATL,4141,2167,1973,174,65,34,23,0,0,0,64,33,23,583,316,265,66,36,28,635,1114,446,1114,989,1114,875,1118,296,1110,160,1053,0,971,926,3977,18,2,10.4,4.2,1.57,1.57,1.17,0.0,0.0,0.0,1.55,1.52,1.17,14.08,14.58,13.43,1.59,1.66,1.42,57.0,40.04,88.78,78.26,26.67,15.19,0.0,23.28
09-004,SAN FRANCISCO TECOXPA (PBLO),MILPA ALTA,True,SAN FRANCISCO TECOXPA (PBLO),NAHUAS,NAHUATL,5317,2701,2601,448,166,70,71,0,0,0,159,68,69,811,393,391,123,54,46,652,1308,385,1244,1224,1347,1018,1341,358,1290,123,997,7,949,1482,5095,53,6,9.81,8.43,3.12,2.59,2.73,0.0,0.0,0.0,2.99,2.52,2.65,15.25,14.55,15.03,2.31,2.0,1.77,49.85,30.95,90.87,75.91,27.75,12.34,0.74,29.09
09-005,SAN JERONIMO MIACATLAN (PBLO),MILPA ALTA,True,SAN JERONIMO MIACATLAN (PBLO),NAHUAS,NAHUATL,3648,1878,1761,341,125,52,54,0,0,0,122,51,54,415,228,177,45,16,7,441,942,326,932,841,945,778,942,184,906,82,739,0,749,992,3465,27,4,10.17,9.35,3.43,2.77,3.07,0.0,0.0,0.0,3.34,2.72,3.07,11.38,12.14,10.05,1.23,0.85,0.4,46.82,34.98,88.99,82.59,20.31,11.1,0.0,28.63
09-006,SAN JUAN TEPENAHUAC (PBLO),MILPA ALTA,True,SAN JUAN TEPENAHUAC (PBLO),NAHUAS,NAHUATL,1948,1007,938,238,85,44,27,0,0,0,85,44,26,311,166,141,40,17,18,208,503,180,514,462,522,419,522,77,405,28,314,0,245,489,1798,20,3,10.1,12.22,4.36,4.37,2.88,0.0,0.0,0.0,4.36,4.37,2.77,15.97,16.48,15.03,2.05,1.69,1.92,41.35,35.02,88.51,80.27,19.01,8.92,0.0,27.2
09-007,SAN LORENZO TLACOYUCAN (PBLO),MILPA ALTA,True,SAN LORENZO TLACOYUCAN (PBLO),NAHUAS,NAHUATL,4106,2072,2005,317,93,36,39,0,0,0,93,36,39,334,159,141,36,17,10,260,946,207,949,867,1042,791,1047,54,710,30,513,0,859,1198,4038,50,7,9.26,7.72,2.26,1.74,1.95,0.0,0.0,0.0,2.26,1.74,1.95,8.13,7.67,7.03,0.88,0.82,0.5,27.48,21.81,83.21,75.55,7.61,5.85,0.0,29.67
09-008,SAN PABLO OZTOTEPEC (PBLO),MILPA ALTA,True,SAN PABLO OZTOTEPEC (PBLO),NAHUAS,NAHUATL,17936,9304,8606,816,269,98,107,0,0,0,268,95,107,2011,1050,911,196,68,75,2646,4488,1716,4431,3838,4515,3710,4512,657,4074,518,3823,22,3497,3983,17511,133,12,10.04,4.55,1.5,1.05,1.24,0.0,0.0,0.0,1.49,1.02,1.24,11.21,11.29,10.59,1.09,0.73,0.87,58.96,38.73,85.01,82.23,16.13,13.55,0.63,22.75
09-009,SAN PEDRO ATOCPAN (PBLO),MILPA ALTA,True,SAN PEDRO ATOCPAN (PBLO),NAHUAS,NAHUATL,9075,4615,4451,895,331,127,140,0,0,0,324,126,135,905,474,372,108,53,31,957,2251,703,2113,1874,2268,1624,2284,409,1917,155,1646,9,1442,3796,9007,101,8,9.79,9.86,3.65,2.75,3.15,0.0,0.0,0.0,3.57,2.73,3.03,9.97,10.27,8.36,1.19,1.15,0.7,42.51,33.27,82.63,71.1,21.34,9.42,0.62,42.14
09-010,SAN SALVADOR CUAUHTENCO (PBLO),MILPA ALTA,True,SAN SALVADOR CUAUHTENCO (PBLO),NAHUAS,NAHUATL,14892,7627,7255,1047,355,167,151,0,0,0,347,166,150,2309,1247,1045,274,126,103,2257,3747,1421,3711,3213,3750,2998,3750,690,3536,430,3255,4,2706,3860,14751,67,3,9.97,7.03,2.38,2.19,2.08,0.0,0.0,0.0,2.33,2.18,2.07,15.5,16.35,14.4,1.84,1.65,1.42,60.23,38.29,85.68,79.95,19.51,13.21,0.15,26.17
09-011,SANTA ANA TLACOTENCO (PBLO),MILPA ALTA,True,SANTA ANA TLACOTENCO (PBLO),NAHUAS,NAHUATL,11637,6050,5529,1850,690,299,308,0,0,0,690,299,308,903,455,376,119,30,45,980,2810,937,2817,2421,2978,2523,2984,206,1843,146,2044,3,1832,2679,11450,142,18,10.18,15.9,5.93,4.94,5.57,0.0,0.0,0.0,5.93,4.94,5.57,7.76,7.52,6.8,1.02,0.5,0.81,34.88,33.26,81.3,84.55,11.18,7.14,0.16,23.4
09-012,VILLA MILPA ALTA (PBLO),MILPA ALTA,False,,,,20031,10268,9735,2115,676,272,315,0,0,0,672,269,312,2461,1258,1108,226,82,82,2831,4996,1979,4980,4369,5073,3872,5056,1616,4942,524,3903,41,3724,8473,19896,180,20,10.24,10.56,3.37,2.65,3.24,0.0,0.0,0.0,3.35,2.62,3.2,12.29,12.25,11.38,1.13,0.8,0.84,56.67,39.74,86.12,76.58,32.7,13.43,1.1,42.59
11-001,AGRICOLA METROPOLITANA,TLAHUAC,False,,,,9381,4807,4574,230,70,20,30,0,0,0,67,19,28,1684,905,778,220,87,94,1720,2538,1098,2538,2301,2538,1938,2538,1034,2538,459,2388,3,1781,2369,9286,49,5,9.95,2.45,0.75,0.42,0.66,0.0,0.0,0.0,0.71,0.4,0.61,17.95,18.83,17.01,2.35,1.81,2.06,67.77,43.26,90.66,76.36,40.74,19.22,0.17,25.51
11-003,DEL MAR NORTE,TLAHUAC,False,,,,2813,1444,1368,90,21,0,0,0,0,0,21,0,0,532,289,232,31,4,16,548,776,392,769,694,776,588,776,316,751,176,661,0,548,764,2772,33,2,10.53,3.2,0.75,0.0,0.0,0.0,0.0,0.0,0.75,0.0,0.0,18.91,20.01,16.96,1.1,0.28,1.17,70.62,50.98,89.43,75.77,42.08,26.63,0.0,27.56
11-004,DEL MAR SUR,TLAHUAC,False,,,,15427,7984,7442,591,119,40,29,0,0,0,117,38,29,2804,1538,1208,255,111,81,3061,4205,2102,4186,3855,4211,3460,4208,1798,4126,1010,3820,0,3808,3791,15226,178,10,10.54,3.83,0.77,0.5,0.39,0.0,0.0,0.0,0.76,0.48,0.39,18.18,19.26,16.23,1.65,1.39,1.09,72.79,50.22,91.55,82.22,43.58,26.44,0.0,24.9
11-005,EL MIRADOR - SANTA CATARINA,TLAHUAC,False,,,,57,29,28,2,1,0,0,0,0,0,1,0,0,13,7,6,1,1,1,9,13,5,9,12,13,10,13,7,13,2,9,0,13,17,12,1,0,10.33,3.51,1.75,0.0,0.0,0.0,0.0,0.0,1.75,0.0,0.0,22.81,24.14,21.43,1.75,3.45,3.57,69.23,55.56,92.31,76.92,53.85,22.22,0.0,141.67
11-006,EL ROSARIO,TLAHUAC,False,,,,3366,1707,1659,175,56,24,28,0,0,0,56,24,28,818,395,421,91,45,44,593,857,364,851,784,857,665,857,210,851,137,792,0,708,1053,2987,14,0,10.15,5.2,1.66,1.41,1.69,0.0,0.0,0.0,1.66,1.41,1.69,24.3,23.14,25.38,2.7,2.64,2.65,69.19,42.77,91.48,77.6,24.68,17.3,0.0,35.25
11-007,EL TRIANGULO,TLAHUAC,False,,,,4126,2086,2030,380,139,57,69,0,0,0,136,55,68,1085,543,530,104,48,44,355,1031,187,932,1025,1094,820,1088,302,1070,41,686,3,745,1379,4116,37,3,8.64,9.21,3.37,2.73,3.4,0.0,0.0,0.0,3.3,2.64,3.35,26.3,26.03,26.11,2.52,2.3,2.17,34.43,20.06,93.69,75.37,28.22,5.98,0.4,33.5
11-008,EMILIANO ZAPATA 1A,TLAHUAC,False,,,,2518,1268,1247,55,7,3,0,0,0,0,6,0,0,365,191,159,48,13,13,302,593,175,545,518,593,429,593,92,478,35,374,0,571,600,2485,32,1,9.88,2.18,0.28,0.24,0.0,0.0,0.0,0.0,0.24,0.0,0.0,14.5,15.06,12.75,1.91,1.03,1.04,50.93,32.11,87.35,72.34,19.25,9.36,0.0,24.14
11-009,EMILIANO ZAPATA 2A,TLAHUAC,False,,,,1486,747,739,0,7,0,3,0,0,0,4,0,3,316,153,162,27,8,9,204,387,120,351,339,387,294,387,46,244,29,257,3,387,386,1459,20,2,9.79,0.0,0.47,0.0,0.41,0.0,0.0,0.0,0.27,0.0,0.41,21.27,20.48,21.92,1.82,1.07,1.22,52.71,34.19,87.6,75.97,18.85,11.28,0.78,26.46
11-010,FRANCISCO VILLA,TLAHUAC,False,,,,1577,809,769,12,4,3,0,0,0,0,4,3,0,254,135,112,23,7,12,285,412,200,401,374,419,345,415,165,398,118,382,0,415,482,1523,11,0,10.88,0.76,0.25,0.37,0.0,0.0,0.0,0.0,0.25,0.37,0.0,16.11,16.69,14.56,1.46,0.87,1.56,69.17,49.88,89.26,83.13,41.46,30.89,0.0,31.65
11-011,GRANJAS CABRERA,TLAHUAC,False,,,,2204,1153,1052,71,29,13,8,0,0,0,29,13,8,385,219,165,39,14,15,476,635,357,635,571,635,456,635,266,625,183,625,3,563,730,2152,17,2,11.33,3.22,1.32,1.13,0.76,0.0,0.0,0.0,1.32,1.13,0.76,17.47,18.99,15.68,1.77,1.21,1.43,74.96,56.22,89.92,71.81,42.56,29.28,0.53,33.92
11-012,JAIME TORRES BODET,TLAHUAC,False,,,,8214,4194,4020,421,137,62,59,0,0,0,133,61,56,1654,889,764,158,71,72,1390,2112,948,2114,1884,2112,1645,2112,586,2107,341,1980,3,1710,2634,7538,34,3,10.19,5.13,1.67,1.48,1.47,0.0,0.0,0.0,1.62,1.45,1.39,20.14,21.2,19.0,1.92,1.69,1.79,65.81,44.84,89.2,77.89,27.81,17.22,0.18,34.94
11-013,JARDINES DEL LLANO-U.H. VILLA TLATEMPA,TLAHUAC,False,,,,2830,1421,1397,85,30,14,11,0,0,0,29,13,11,425,220,197,37,18,9,479,745,360,746,679,751,597,751,236,736,131,638,0,750,759,2657,26,2,10.19,3.0,1.06,0.99,0.79,0.0,0.0,0.0,1.02,0.91,0.79,15.02,15.48,14.1,1.31,1.27,0.64,64.3,48.26,90.41,79.49,32.07,20.53,0.0,28.57
11-014,LA DRAGA,TLAHUAC,False,,,,7148,3692,3456,133,34,6,13,0,0,0,33,6,10,1251,701,545,247,112,113,1811,2304,1358,2314,2210,2320,1783,2320,1150,2294,738,2320,0,1991,1769,7148,41,4,11.65,1.86,0.48,0.16,0.38,0.0,0.0,0.0,0.46,0.16,0.29,17.5,18.99,15.77,3.46,3.03,3.27,78.6,58.69,95.26,76.85,50.13,31.81,0.0,24.75
11-015,LA ESTACION,TLAHUAC,False,,,,10111,5198,4913,534,161,59,54,0,0,0,161,59,54,2006,1060,944,108,37,48,1573,2549,900,2549,2255,2558,1960,2558,746,2558,399,2450,9,1914,2908,10080,46,1,9.16,5.28,1.59,1.14,1.1,0.0,0.0,0.0,1.59,1.14,1.1,19.84,20.39,19.21,1.07,0.71,0.98,61.71,35.31,88.15,76.62,29.16,16.29,0.47,28.85
11-016,LA HABANA,TLAHUAC,False,,,,4954,2532,2423,131,42,17,15,0,0,0,41,17,15,944,509,435,108,46,55,867,1264,541,1264,1095,1264,998,1264,460,1264,208,1264,0,445,1387,4940,15,2,10.32,2.64,0.85,0.67,0.62,0.0,0.0,0.0,0.83,0.67,0.62,19.06,20.1,17.95,2.18,1.82,2.27,68.59,42.8,86.63,78.96,36.39,16.46,0.0,28.08
11-017,LA JOYITA,TLAHUAC,False,,,,532,278,254,10,0,0,0,0,0,0,0,0,0,120,62,49,24,13,7,107,130,75,127,119,130,99,127,50,122,35,114,0,130,159,496,7,0,11.27,1.88,0.0,0.0,0.0,0.0,0.0,0.0,0.0,0.0,0.0,22.56,22.3,19.29,4.51,4.68,2.76,82.31,59.06,91.54,77.95,40.98,30.7,0.0,32.06
11-018,LA MESA,TLAHUAC,False,,,,1366,663,658,36,7,0,3,0,0,0,7,0,3,390,191,199,7,0,3,236,374,176,374,335,374,314,374,140,374,31,290,0,194,321,1219,9,3,10.56,2.64,0.51,0.0,0.46,0.0,0.0,0.0,0.51,0.0,0.46,28.55,28.81,30.24,0.51,0.0,0.46,63.1,47.06,89.57,83.96,37.43,10.69,0.0,26.33
11-019,LA NOPALERA,TLAHUAC,False,,,,6441,3378,3054,91,24,7,9,0,0,0,24,7,9,858,493,332,73,22,29,1396,1853,1015,1846,1713,1856,1526,1856,903,1819,444,1628,0,1414,1638,6418,69,3,11.14,1.41,0.37,0.21,0.29,0.0,0.0,0.0,0.37,0.21,0.29,13.32,14.59,10.87,1.13,0.65,0.95,75.34,54.98,92.3,82.22,49.64,27.27,0.0,25.52
11-020,LA TURBA,TLAHUAC,False,,,,2141,1084,1057,92,19,0,4,0,0,0,19,0,4,411,241,168,37,18,0,443,592,315,592,547,592,500,592,270,592,154,549,0,532,477,2105,21,0,10.41,4.3,0.89,0.0,0.38,0.0,0.0,0.0,0.89,0.0,0.38,19.2,22.23,15.89,1.73,1.66,0.0,74.83,53.21,92.4,84.46,45.61,28.05,0.0,22.66
11-021,LAS ARBOLEDAS,TLAHUAC,False,,,,11761,6190,5571,382,106,47,29,0,0,0,105,44,29,2155,1266,875,519,257,215,2668,3602,2155,3590,3390,3602,2625,3602,1790,3582,1202,3575,3,2635,3199,11573,67,4,11.19,3.25,0.9,0.76,0.52,0.0,0.0,0.0,0.89,0.71,0.52,18.32,20.45,15.71,4.41,4.15,3.86,74.07,60.03,94.11,72.88,49.97,33.62,0.11,27.64
11-022,LOPEZ PORTILLO,TLAHUAC,False,,,,4417,2300,2116,376,138,66,58,0,0,0,138,66,58,1019,568,448,84,40,32,692,1180,475,1169,1078,1192,936,1188,480,1179,153,1117,4,484,1232,4413,13,0,9.87,8.51,3.12,2.87,2.74,0.0,0.0,0.0,3.12,2.87,2.74,23.07,24.7,21.17,1.9,1.74,1.51,58.64,40.63,90.44,78.79,40.71,13.7,0.83,27.92
11-024,LOS OLIVOS,TLAHUAC,False,,,,8814,4616,4198,438,145,62,63,0,0,0,142,61,61,1559,860,679,174,75,64,1758,2507,1294,2491,2270,2510,1908,2507,1035,2479,667,2365,8,2014,2510,8540,69,3,10.68,4.97,1.65,1.34,1.5,0.0,0.0,0.0,1.61,1.32,1.45,17.69,18.63,16.17,1.97,1.62,1.52,70.12,51.95,90.44,76.11,41.75,28.2,0.4,29.39
11-025,MIGUEL HIDALGO,TLAHUAC,False,,,,10472,5558,4882,212,46,24,6,0,0,0,43,21,6,1636,937,691,182,80,65,2071,2840,1554,2834,2555,2840,2066,2840,1351,2840,720,2755,3,1721,2717,10440,61,3,10.75,2.02,0.44,0.43,0.12,0.0,0.0,0.0,0.41,0.38,0.12,15.62,16.86,14.15,1.74,1.44,1.33,72.92,54.83,89.96,72.75,47.57,26.13,0.17,26.02
11-026,MIGUEL HIDALGO OTE,TLAHUAC,False,,,,13286,6940,6346,374,90,40,27,0,0,0,88,40,24,2093,1127,933,377,176,147,2963,3878,2178,3870,3637,3878,3009,3878,1898,3858,1112,3726,8,2952,3186,13234,102,3,11.13,2.81,0.68,0.58,0.43,0.0,0.0,0.0,0.66,0.58,0.38,15.75,16.24,14.7,2.84,2.54,2.32,76.41,56.28,93.79,77.59,49.2,29.84,0.27,24.07
11-027,OJO DE AGUA,TLAHUAC,False,,,,3128,1647,1464,51,18,11,3,0,0,0,18,11,3,409,230,176,46,14,11,544,858,380,858,759,858,700,858,380,858,164,825,0,762,620,3111,27,4,10.79,1.63,0.58,0.67,0.2,0.0,0.0,0.0,0.58,0.67,0.2,13.08,13.96,12.02,1.47,0.85,0.75,63.4,44.29,88.46,81.59,44.29,19.88,0.0,19.93
11-028,PARAISO SANTA CATARINA,TLAHUAC,False,,,,48,25,23,1,,,,0,0,0,,,,20,10,10,2,1,1,7,11,3,11,10,11,8,11,2,11,1,11,0,11,18,11,0,0,8.94,2.08,,,,0.0,0.0,0.0,,,,41.67,40.0,43.48,4.17,4.0,4.35,63.64,27.27,90.91,72.73,18.18,9.09,0.0,163.64
11-029,PEÑA ALTA,TLAHUAC,False,,,,6583,3362,3205,362,133,83,44,0,0,0,132,82,43,1417,770,630,134,65,61,1189,1717,759,1719,1575,1732,1348,1729,454,1676,280,1575,6,1613,1692,6456,41,3,10.21,5.5,2.02,2.47,1.37,0.0,0.0,0.0,2.01,2.44,1.34,21.53,22.9,19.66,2.04,1.93,1.9,69.25,44.15,90.94,77.96,27.09,17.78,0.37,26.21
11-030,QUIAHUATLA,TLAHUAC,False,,,,4420,2265,2155,229,68,33,24,0,0,0,65,31,21,1045,568,477,85,36,41,731,1106,479,1106,997,1106,836,1106,454,1106,135,974,0,963,1199,4416,20,0,10.12,5.18,1.54,1.46,1.11,0.0,0.0,0.0,1.47,1.37,0.97,23.64,25.08,22.13,1.92,1.59,1.9,66.09,43.31,90.14,75.59,41.05,13.86,0.0,27.15
11-031,SAN ANDRES MIXQUIC (PBLO),TLAHUAC,True,SAN ANDRES MIXQUIC (PBLO),NAHUAS,NAHUATL,14293,7270,6992,158,20,4,7,0,0,0,20,4,7,1495,788,680,197,107,57,1862,3250,1267,3189,2797,3275,2524,3269,813,3053,397,2810,0,2464,3178,13860,104,11,10.31,1.11,0.14,0.06,0.1,0.0,0.0,0.0,0.14,0.06,0.1,10.46,10.84,9.73,1.38,1.47,0.82,57.29,39.73,85.4,77.21,26.63,14.13,0.0,22.93
11-032,SAN FRANCISCO TLALTENCO (PBLO),TLAHUAC,True,SAN FRANCISCO TLALTENCO (PBLO),NAHUAS,NAHUATL,16724,8657,8047,311,79,31,27,0,0,0,79,31,27,2237,1211,975,244,95,102,3113,4617,2116,4589,4109,4630,3413,4620,2137,4586,886,4028,20,3603,4212,16590,126,13,10.7,1.86,0.47,0.36,0.34,0.0,0.0,0.0,0.47,0.36,0.34,13.38,13.99,12.12,1.46,1.1,1.27,67.42,46.11,88.75,73.87,46.6,22.0,0.56,25.39
11-033,SAN JOSE,TLAHUAC,False,,,,8332,4317,4007,164,21,0,3,0,0,0,21,0,3,1013,531,442,58,15,18,1463,2118,1036,2118,1830,2121,1567,2118,908,2102,268,1453,0,1810,1692,8262,98,6,10.87,1.97,0.25,0.0,0.07,0.0,0.0,0.0,0.25,0.0,0.07,12.16,12.3,11.03,0.7,0.35,0.45,69.07,48.91,86.28,73.98,43.2,18.44,0.0,20.48
11-034,SAN JUAN IXTAYOPAN (PBLO),TLAHUAC,True,SAN JUAN IXTAYOPAN (PBLO),NAHUAS,NAHUATL,9855,5046,4800,133,18,4,6,0,0,0,18,4,6,1054,557,451,127,62,47,1649,2519,1138,2489,2167,2519,2022,2519,879,2479,357,1986,0,2105,2794,9578,78,6,10.4,1.35,0.18,0.08,0.12,0.0,0.0,0.0,0.18,0.08,0.12,10.7,11.04,9.4,1.29,1.23,0.98,65.46,45.72,86.03,80.27,35.46,17.98,0.0,29.17
11-035,SAN MIGUEL (AMPL),TLAHUAC,False,,,,,,,,,,,,,,,,,,,,,,,,,,,,,,,,,,,,,,,,,,,,,,,,,,,,,,,,,,,,,,,,,
11-036,SAN MIGUEL ZAPOTITLA,TLAHUAC,False,,,,13534,7034,6495,386,100,27,26,0,0,0,100,27,26,2131,1175,901,219,101,77,2599,3778,1800,3765,3417,3778,2882,3778,1402,3558,752,3316,12,2450,3973,13225,115,14,10.15,2.85,0.74,0.38,0.4,0.0,0.0,0.0,0.74,0.38,0.4,15.75,16.7,13.87,1.62,1.44,1.19,68.79,47.81,90.44,76.28,39.4,22.68,0.49,30.04
11-037,SAN NICOLAS TETELCO (PBLO),TLAHUAC,True,SAN NICOLAS TETELCO (PBLO),NAHUAS,NAHUATL,4270,2244,2020,167,50,19,18,0,0,0,49,16,18,757,398,339,113,61,33,647,1115,460,1074,1019,1129,937,1129,261,1093,121,864,0,824,934,4020,33,2,10.33,3.91,1.17,0.85,0.89,0.0,0.0,0.0,1.15,0.71,0.89,17.73,17.74,16.78,2.65,2.72,1.63,58.03,42.83,90.26,82.99,23.88,14.0,0.0,23.23
11-038,SAN PEDRO TLAHUAC (PBLO),TLAHUAC,True,SAN PEDRO TLAHUAC (PBLO),NAHUAS,NAHUATL,18496,9545,8948,287,65,14,24,0,0,0,64,14,24,2334,1302,976,228,105,71,3324,4683,2497,4651,4206,4686,3661,4683,1949,4668,942,4498,3,3701,4780,18244,125,5,10.98,1.55,0.35,0.15,0.27,0.0,0.0,0.0,0.35,0.15,0.27,12.62,13.64,10.91,1.23,1.1,0.79,70.98,53.69,89.76,78.18,41.75,20.94,0.08,26.2
11-039,SANTA CATARINA (AMPL),TLAHUAC,False,,,,1574,782,771,106,30,6,10,0,0,0,29,6,10,489,240,232,177,66,75,217,373,124,327,403,432,296,412,139,324,49,305,0,379,688,1497,43,6,9.82,6.73,1.91,0.77,1.3,0.0,0.0,0.0,1.84,0.77,1.3,31.07,30.69,30.09,11.25,8.44,9.73,58.18,37.92,93.29,71.84,42.9,16.07,0.0,45.96
11-040,SANTA CATARINA YECAHUIZOTL (PBLO),TLAHUAC,True,SANTA CATARINA YECAHUIZOTL (PBLO),NAHUAS,NAHUATL,6682,3407,3250,128,36,17,9,0,0,0,36,17,9,1150,607,526,115,57,36,1206,1751,783,1744,1514,1748,1298,1751,718,1734,262,1477,0,1477,1717,6611,68,5,10.25,1.92,0.54,0.5,0.28,0.0,0.0,0.0,0.54,0.5,0.28,17.21,17.82,16.18,1.72,1.67,1.11,68.87,44.9,86.61,74.13,41.41,17.74,0.0,25.97
11-041,SANTA CECILIA,TLAHUAC,False,,,,6122,3157,2932,66,7,0,0,0,0,0,4,0,0,779,430,315,58,14,17,1136,1618,829,1593,1449,1618,1264,1618,773,1589,271,1323,0,1558,1523,6089,90,8,11.01,1.08,0.11,0.0,0.0,0.0,0.0,0.0,0.07,0.0,0.0,12.72,13.62,10.74,0.95,0.44,0.58,70.21,52.04,89.56,78.12,48.65,20.48,0.0,25.01
11-042,SANTIAGO ZAPOTITLAN (PBLO),TLAHUAC,True,SANTIAGO ZAPOTITLAN (PBLO),NAHUAS,NAHUATL,13859,6991,6863,738,230,106,102,0,0,0,225,104,100,2086,1087,974,228,95,111,2448,3466,1630,3426,3134,3466,2699,3466,1379,3407,676,3339,3,2984,4479,13436,66,6,10.43,5.33,1.66,1.52,1.49,0.0,0.0,0.0,1.62,1.49,1.46,15.05,15.55,14.19,1.65,1.36,1.62,70.63,47.58,90.42,77.87,40.48,20.25,0.1,33.34
11-043,SELENE (AMPL),TLAHUAC,False,,,,5746,2981,2761,72,15,3,3,0,0,0,15,3,3,929,511,412,82,35,33,966,1498,649,1498,1274,1498,1122,1498,747,1493,213,1375,0,1032,1317,5742,40,6,10.36,1.25,0.26,0.1,0.11,0.0,0.0,0.0,0.26,0.1,0.11,16.17,17.14,14.92,1.43,1.17,1.2,64.49,43.32,85.05,74.9,50.03,15.49,0.0,22.94
11-044,SELENE 1a SECC,TLAHUAC,False,,,,9046,4716,4329,129,31,11,7,0,0,0,31,11,7,1041,523,486,83,19,34,1678,2520,1210,2506,2179,2520,1864,2520,948,2494,264,1892,11,1866,2260,8628,74,2,10.75,1.43,0.34,0.23,0.16,0.0,0.0,0.0,0.34,0.23,0.16,11.51,11.09,11.23,0.92,0.4,0.79,66.59,48.28,86.47,73.97,38.01,13.95,0.59,26.19
11-045,SELENE 2da SECC,TLAHUAC,False,,,,8585,4424,4157,115,26,0,14,0,0,0,26,0,14,1419,770,647,200,92,59,1577,2407,1135,2407,2141,2407,1834,2407,1086,2399,398,2202,0,1684,2238,8581,64,7,10.83,1.34,0.3,0.0,0.34,0.0,0.0,0.0,0.3,0.0,0.34,16.53,17.41,15.56,2.33,2.08,1.42,65.52,47.15,88.95,76.19,45.27,18.07,0.0,26.08
11-047,TEOZOMA,TLAHUAC,False,,,,784,385,399,34,7,0,1,0,0,0,7,0,1,225,112,109,17,2,7,122,202,83,197,188,202,158,202,66,175,18,162,0,172,195,641,10,0,10.06,4.34,0.89,0.0,0.25,0.0,0.0,0.0,0.89,0.0,0.25,28.7,29.09,27.32,2.17,0.52,1.75,60.4,42.13,93.07,78.22,37.71,11.11,0.0,30.42
11-048,TEPANTITLAMILCO,TLAHUAC,False,,,,347,184,163,11,3,1,2,0,0,0,3,1,2,54,27,27,3,2,1,49,85,37,85,78,85,72,85,18,85,16,85,,,102,120,0,0,10.38,3.17,0.86,0.54,1.23,0.0,0.0,0.0,0.86,0.54,1.23,15.56,14.67,16.56,0.86,1.09,0.61,57.65,43.53,91.76,84.71,21.18,18.82,,85.0
11-049,TEZONTITLA-ZOMPANTITLA,TLAHUAC,False,,,,681,342,339,46,20,10,7,0,0,0,20,10,7,82,45,36,8,0,3,156,241,130,241,200,241,185,241,90,241,54,241,13,229,239,670,4,0,10.8,6.75,2.94,2.92,2.06,0.0,0.0,0.0,2.94,2.92,2.06,12.04,13.16,10.62,1.17,0.0,0.88,64.73,53.94,82.99,76.76,37.34,22.41,5.68,35.67
11-050,TIERRA BLANCA,TLAHUAC,False,,,,3105,1555,1542,147,49,25,22,0,0,0,48,25,21,721,375,343,92,51,38,556,842,344,842,784,842,661,842,204,801,161,755,0,406,841,3067,21,2,10.23,4.73,1.58,1.61,1.43,0.0,0.0,0.0,1.55,1.61,1.36,23.22,24.12,22.24,2.96,3.28,2.46,66.03,40.86,93.11,78.5,25.47,21.32,0.0,27.42
11-051,TIERRA Y LIBERTAD,TLAHUAC,False,,,,2045,1045,1001,36,6,0,0,0,0,0,6,0,0,349,158,191,43,18,19,324,492,220,492,442,492,372,492,191,492,65,412,0,407,576,2041,13,1,10.55,1.76,0.29,0.0,0.0,0.0,0.0,0.0,0.29,0.0,0.0,17.07,15.12,19.08,2.1,1.72,1.9,65.85,44.72,89.84,75.61,38.82,15.78,0.0,28.22
11-052,VILLA CENTROAMERICANA (U HAB),TLAHUAC,False,,,,6670,3431,3235,91,22,5,7,0,0,0,22,5,7,1108,593,373,176,47,68,1803,2230,1507,2230,2147,2243,1843,2236,1118,2158,789,2003,0,2217,1425,6251,168,6,12.17,1.36,0.33,0.15,0.22,0.0,0.0,0.0,0.33,0.15,0.22,16.61,17.28,11.53,2.64,1.37,2.1,80.85,67.58,95.72,82.42,51.81,39.39,0.0,22.8
11-053,VILLAS DE LOS TRABAJADORES (GDF) (U HAB),TLAHUAC,False,,,,3707,1937,1760,76,29,15,14,0,0,0,29,15,14,601,303,219,89,21,27,981,1230,797,1225,1173,1233,1020,1233,591,1171,326,1032,0,1184,681,3369,100,3,11.93,2.05,0.78,0.77,0.8,0.0,0.0,0.0,0.78,0.77,0.8,16.21,15.64,12.44,2.4,1.08,1.53,79.76,65.06,95.13,82.73,50.47,31.59,0.0,20.21
11-054,3 DE MAYO,TLAHUAC,False,,,,804,441,363,42,16,8,0,0,0,0,16,8,0,227,131,88,20,12,3,122,188,76,189,182,204,164,204,79,181,16,158,0,135,280,786,11,0,10.39,5.22,1.99,1.81,0.0,0.0,0.0,0.0,1.99,1.81,0.0,28.23,29.71,24.24,2.49,2.72,0.83,64.89,40.21,89.22,80.39,43.65,10.13,0.0,35.62
11-055,UNIDADES HABITACIONALES DE SANTA ANA PONIENTE I,TLAHUAC,False,,,,12973,6707,6264,381,120,62,45,0,0,0,120,62,45,2382,1264,1062,440,217,179,3008,4066,2340,4040,3870,4066,3155,4066,1900,4043,1227,3875,10,3487,3607,12689,107,7,11.23,2.94,0.92,0.92,0.72,0.0,0.0,0.0,0.92,0.92,0.72,18.36,18.85,16.95,3.39,3.24,2.86,73.98,57.92,95.18,77.59,46.99,31.66,0.29,28.43
11-056,LA CONCHITA I,TLAHUAC,False,,,,11453,5871,5560,257,55,28,9,0,0,0,54,27,9,1723,915,753,179,59,70,1975,2996,1310,2926,2785,3085,2300,3065,1178,2984,490,2538,6,2698,3007,11359,114,11,10.37,2.24,0.48,0.48,0.16,0.0,0.0,0.0,0.47,0.46,0.16,15.04,15.59,13.54,1.56,1.0,1.26,65.92,44.77,90.28,75.04,39.48,19.31,0.22,26.47
11-057,LA CONCHITA II,TLAHUAC,False,,,,19918,10074,9790,517,142,30,47,0,0,0,140,27,47,2992,1547,1389,295,110,71,3269,5016,2099,4936,4651,5168,3951,5153,1847,4863,769,4411,0,4384,5985,19809,213,23,10.22,2.6,0.71,0.3,0.48,0.0,0.0,0.0,0.7,0.27,0.48,15.02,15.36,14.19,1.48,1.09,0.73,65.17,42.52,90.0,76.67,37.98,17.43,0.0,30.21
11-058,UNIDADES HABITACIONALES DE SANTA ANA PONIENTE II,TLAHUAC,False,,,,12408,6413,5994,311,75,27,24,0,0,0,69,27,20,2020,1111,824,272,134,83,2804,3795,2102,3699,3493,3814,3022,3818,1703,3651,1129,3534,0,3183,3043,11672,147,11,11.03,2.51,0.6,0.42,0.4,0.0,0.0,0.0,0.56,0.42,0.33,16.28,17.32,13.75,2.19,2.09,1.38,73.89,56.83,91.58,79.15,46.64,31.95,0.0,26.07
11-059,ATOTOLCO,TLAHUAC,False,,,,1915,958,953,100,27,12,10,0,0,0,27,11,10,503,256,248,18,5,4,332,473,109,451,439,476,373,471,81,438,19,366,0,424,850,1751,14,2,9.23,5.22,1.41,1.25,1.05,0.0,0.0,0.0,1.41,1.15,1.05,26.27,26.72,26.02,0.94,0.52,0.42,70.19,24.17,92.23,79.19,18.49,5.19,0.0,48.54
11-060,CUITLAHUAC,TLAHUAC,False,,,,1570,773,797,54,16,7,6,0,0,0,15,7,6,315,160,152,29,11,12,177,402,137,401,380,410,297,410,73,383,35,320,0,223,625,1399,12,1,9.85,3.44,1.02,0.91,0.75,0.0,0.0,0.0,0.96,0.91,0.75,20.06,20.7,19.07,1.85,1.42,1.51,44.03,34.16,92.68,72.44,19.06,10.94,0.0,44.67
11-061,TEMPILULI,TLAHUAC,False,,,,3651,1851,1787,378,115,56,44,0,0,0,111,56,43,1030,502,526,111,45,50,249,842,211,878,841,897,724,897,243,861,48,689,0,555,1410,3569,28,4,9.02,10.35,3.15,3.03,2.46,0.0,0.0,0.0,3.04,3.03,2.41,28.21,27.12,29.43,3.04,2.43,2.8,29.57,24.03,93.76,80.71,28.22,6.97,0.0,39.51
11-062,OLIVAR SANTA MARIA,TLAHUAC,False,,,,7001,3607,3388,524,156,79,66,3,0,0,152,76,65,1851,1004,843,149,75,59,1246,1781,735,1772,1621,1781,1476,1781,458,1742,289,1686,3,1041,2152,6612,34,3,10.05,7.48,2.23,2.19,1.95,0.04,0.0,0.0,2.17,2.11,1.92,26.44,27.83,24.88,2.13,2.08,1.74,69.96,41.48,91.02,82.87,26.29,17.14,0.29,32.55
12-001,AHUACATITLA,TLALPAN,False,,,,475,247,228,113,45,24,18,0,0,0,44,24,18,142,72,69,16,4,6,61,117,46,121,116,121,95,121,54,117,7,89,0,113,163,406,5,0,9.47,23.79,9.47,9.72,7.89,0.0,0.0,0.0,9.26,9.72,7.89,29.89,29.15,30.26,3.37,1.62,2.63,52.14,38.02,95.87,78.51,46.15,7.87,0.0,40.15
12-002,AMPLIACION MIGUEL HIDALGO 2A SECC,TLALPAN,False,,,,16812,8829,7980,257,73,22,30,0,0,0,73,22,30,2201,1192,979,227,105,109,4396,5282,3695,5282,5042,5282,4351,5282,2868,5282,2427,5245,3,4745,4227,16670,100,8,12.04,1.53,0.43,0.25,0.38,0.0,0.0,0.0,0.43,0.25,0.38,13.09,13.5,12.27,1.35,1.19,1.37,83.23,69.95,95.46,82.37,54.3,46.27,0.06,25.36
12-003,AMPLIACION MIGUEL HIDALGO 3A SECC,TLALPAN,False,,,,17273,8849,8423,608,175,62,70,0,0,0,172,62,70,3058,1699,1337,312,148,116,3535,4662,2692,4667,4332,4667,3909,4667,1929,4633,1485,4590,3,3111,4881,17243,86,5,11.25,3.52,1.01,0.7,0.83,0.0,0.0,0.0,1.0,0.7,0.83,17.7,19.2,15.87,1.81,1.67,1.38,75.83,57.68,92.82,83.76,41.64,32.35,0.1,28.31
12-004,AMPLIACION MIGUEL HIDALGO 4A SECC,TLALPAN,False,,,,9276,4778,4498,273,93,39,35,0,0,0,93,39,35,1719,987,714,212,93,97,2131,2746,1745,2746,2573,2749,2127,2746,1203,2714,1038,2742,17,1904,2109,8828,49,5,11.41,2.94,1.0,0.82,0.78,0.0,0.0,0.0,1.0,0.82,0.78,18.53,20.66,15.87,2.29,1.95,2.16,77.6,63.55,93.6,77.46,44.33,37.86,0.89,23.89
12-005,AMSA,TLALPAN,False,,,,695,364,320,12,4,4,0,0,0,0,4,4,0,172,95,69,14,8,0,157,188,126,188,166,188,157,179,115,184,59,150,0,188,157,675,27,5,11.93,1.73,0.58,1.1,0.0,0.0,0.0,0.0,0.58,1.1,0.0,24.75,26.1,21.56,2.01,2.2,0.0,83.51,67.02,88.3,87.71,62.5,39.33,0.0,23.26
12-007,ARBOLEDAS DEL SUR,TLALPAN,False,,,,5467,2890,2577,131,54,18,23,0,0,0,54,18,23,1007,566,434,139,68,52,1327,1594,1123,1594,1511,1594,1290,1594,930,1594,657,1587,0,1411,1709,5338,35,3,12.29,2.4,0.99,0.62,0.89,0.0,0.0,0.0,0.99,0.62,0.89,18.42,19.58,16.84,2.54,2.35,2.02,83.25,70.45,94.79,80.93,58.34,41.4,0.0,32.02
12-008,ARENAL GUADALUPE TLALPAN,TLALPAN,False,,,,2240,1222,1009,50,20,16,0,0,0,0,20,16,0,407,256,151,46,24,21,511,614,460,614,576,618,520,614,323,614,253,591,0,618,629,2231,15,1,12.08,2.23,0.89,1.31,0.0,0.0,0.0,0.0,0.89,1.31,0.0,18.17,20.95,14.97,2.05,1.96,2.08,83.22,74.92,93.2,84.69,52.61,42.81,0.0,28.19
12-009,ARENAL PUERTA TEPEPAN,TLALPAN,False,,,,728,381,344,17,4,0,0,0,0,0,4,0,0,144,85,59,59,33,20,232,257,207,257,251,257,217,257,183,257,179,257,0,257,156,723,9,2,13.87,2.34,0.55,0.0,0.0,0.0,0.0,0.0,0.55,0.0,0.0,19.78,22.31,17.15,8.1,8.66,5.81,90.27,80.54,97.67,84.44,71.21,69.65,0.0,21.58
12-010,ATOCPA SUR,TLALPAN,False,,,,672,323,340,66,20,11,9,0,0,0,19,10,8,135,68,66,19,11,8,105,154,74,143,142,154,125,154,38,143,43,154,0,11,240,356,2,1,10.39,9.82,2.98,3.41,2.65,0.0,0.0,0.0,2.83,3.1,2.35,20.09,21.05,19.41,2.83,3.41,2.35,68.18,51.75,92.21,81.17,26.57,27.92,0.0,67.42
12-011,"AYOCATITLA,  ASUNCIÓN",TLALPAN,False,,,,800,396,404,135,39,16,21,0,0,0,38,15,21,234,129,104,15,7,0,100,189,58,189,182,196,160,196,80,189,18,128,0,196,245,796,5,0,8.94,16.88,4.88,4.04,5.2,0.0,0.0,0.0,4.75,3.79,5.2,29.25,32.58,25.74,1.88,1.77,0.0,52.91,30.69,92.86,81.63,42.33,14.06,0.0,30.78
12-013,BELVEDERE,TLALPAN,False,,,,3862,1965,1897,199,79,37,28,0,0,0,78,36,28,832,448,384,60,17,26,693,1018,428,1018,935,1018,776,1018,290,998,199,954,3,929,1114,3858,26,3,9.89,5.15,2.05,1.88,1.48,0.0,0.0,0.0,2.02,1.83,1.48,21.54,22.8,20.24,1.55,0.87,1.37,68.07,42.04,91.85,76.23,29.06,20.86,0.32,28.88
12-014,BOSQUES DE TEPEXIMILPA,TLALPAN,False,,,,2199,1111,1088,104,36,16,19,0,0,0,36,16,19,542,297,245,41,22,8,410,558,288,558,524,558,401,558,145,558,120,526,0,381,789,2078,15,1,10.52,4.73,1.64,1.44,1.75,0.0,0.0,0.0,1.64,1.44,1.75,24.65,26.73,22.52,1.86,1.98,0.74,73.48,51.61,93.91,71.86,25.99,22.81,0.0,37.97
12-016,BOSQUES DEL PEDREGAL,TLALPAN,False,,,,5938,3003,2931,230,66,22,18,0,0,0,66,22,18,1252,681,568,72,34,26,968,1618,615,1618,1450,1621,1243,1618,332,1571,264,1560,0,1204,1676,5780,43,4,9.39,3.87,1.11,0.73,0.61,0.0,0.0,0.0,1.11,0.73,0.61,21.08,22.68,19.38,1.21,1.13,0.89,59.83,38.01,89.45,76.82,21.13,16.92,0.0,29.0
12-017,CALVARIO CAMISETAS,TLALPAN,False,,,,660,357,303,1,0,0,0,0,0,0,0,0,0,68,39,28,10,5,0,167,206,144,206,199,206,182,206,114,206,94,206,0,197,165,623,5,1,12.21,0.15,0.0,0.0,0.0,0.0,0.0,0.0,0.0,0.0,0.0,10.3,10.92,9.24,1.52,1.4,0.0,81.07,69.9,96.6,88.35,55.34,45.63,0.0,26.48
12-018,CANTERA PUENTE DE PIEDRA,TLALPAN,False,,,,4567,2367,2200,134,37,11,10,0,0,0,37,11,10,813,459,354,116,48,49,948,1286,692,1286,1181,1286,968,1286,720,1286,390,1286,0,1020,1418,4256,23,0,10.86,2.93,0.81,0.46,0.45,0.0,0.0,0.0,0.81,0.46,0.45,17.8,19.39,16.09,2.54,2.03,2.23,73.72,53.81,91.84,75.27,55.99,30.33,0.0,33.32
12-019,CHICHICASPATL,TLALPAN,False,,,,2694,1389,1305,114,43,23,16,0,0,0,43,23,16,601,333,260,32,13,18,450,728,269,697,650,728,560,728,227,696,147,669,0,375,795,2664,15,0,9.58,4.23,1.6,1.66,1.23,0.0,0.0,0.0,1.6,1.66,1.23,22.31,23.97,19.92,1.19,0.94,1.38,61.81,38.59,89.29,76.92,32.61,21.97,0.0,29.84
12-020,CHIMALCOYOC,TLALPAN,False,,,,4910,2546,2354,113,48,22,23,0,0,0,48,22,23,915,506,396,159,79,55,1369,1552,1149,1552,1476,1552,1384,1552,816,1529,730,1546,0,1429,1236,4646,48,8,12.91,2.3,0.98,0.86,0.98,0.0,0.0,0.0,0.98,0.86,0.98,18.64,19.87,16.82,3.24,3.1,2.34,88.21,74.03,95.1,89.18,53.37,47.22,0.0,26.6
12-022,CHIMILLI,TLALPAN,False,,,,1927,996,931,68,13,7,0,0,0,0,13,7,0,310,181,124,53,27,16,396,566,302,560,515,566,443,566,219,566,137,560,0,417,545,1921,16,0,10.75,3.53,0.67,0.7,0.0,0.0,0.0,0.0,0.67,0.7,0.0,16.09,18.17,13.32,2.75,2.71,1.72,69.96,53.93,90.99,78.27,38.69,24.46,0.0,28.37
12-023,CLUB DE GOLF MEXICO-SAN BUENAVENTURA,TLALPAN,False,,,,2803,1519,1275,11,26,19,2,0,0,0,26,19,2,549,327,203,101,60,38,933,967,898,967,952,967,863,967,809,962,692,956,0,893,572,2398,25,3,14.92,0.39,0.93,1.25,0.16,0.0,0.0,0.0,0.93,1.25,0.16,19.59,21.53,15.92,3.6,3.95,2.98,96.48,92.86,98.45,89.25,84.1,72.38,0.0,23.85
12-024,COAPA 2A SECCION-RAMOS MILLAN,TLALPAN,False,,,,3062,1673,1389,16,10,6,0,0,0,0,10,6,0,495,268,218,118,55,53,1053,1090,946,1090,1075,1090,992,1090,858,1090,746,1090,0,1090,614,2919,27,2,14.61,0.52,0.33,0.36,0.0,0.0,0.0,0.0,0.33,0.36,0.0,16.17,16.02,15.69,3.85,3.29,3.82,96.61,86.79,98.62,91.01,78.72,68.44,0.0,21.03
12-025,COLINAS DEL BOSQUE-LAS TORTOLAS,TLALPAN,False,,,,3363,1790,1574,50,32,21,11,0,0,0,32,21,11,513,309,202,96,54,35,969,1045,912,1045,1019,1045,881,1045,765,1045,653,1045,0,630,733,2182,10,0,14.26,1.49,0.95,1.17,0.7,0.0,0.0,0.0,0.95,1.17,0.7,15.25,17.26,12.83,2.85,3.02,2.22,92.73,87.27,97.51,84.31,73.21,62.49,0.0,33.59
12-026,CONDOMINIO DEL BOSQUE (FRACC)-BOSQUE DE TLALPAN,TLALPAN,False,,,,947,538,405,14,5,1,0,0,0,0,5,1,0,202,138,57,50,31,9,281,292,272,292,291,292,244,292,264,292,221,292,0,292,150,755,15,2,14.42,1.48,0.53,0.19,0.0,0.0,0.0,0.0,0.53,0.19,0.0,21.33,25.65,14.07,5.28,5.76,2.22,96.23,93.15,99.66,83.56,90.41,75.68,0.0,19.87
12-027,CONJUNTO URBANO CUEMANCO (U HAB),TLALPAN,False,,,,1846,1012,829,16,6,4,0,0,0,0,6,4,0,378,239,128,123,52,41,566,656,465,656,628,656,475,656,367,656,311,656,0,656,379,1757,31,3,12.94,0.87,0.33,0.4,0.0,0.0,0.0,0.0,0.33,0.4,0.0,20.48,23.62,15.44,6.66,5.14,4.95,86.28,70.88,95.73,72.41,55.95,47.41,0.0,21.57
12-029,CRUZ DEL FAROL,TLALPAN,False,,,,4099,2137,1962,238,96,41,45,0,0,0,95,41,44,906,516,388,97,46,51,818,1128,649,1128,1066,1128,916,1128,451,1115,367,1107,2,999,1246,3681,16,0,11.25,5.81,2.34,1.92,2.29,0.0,0.0,0.0,2.32,1.92,2.24,22.1,24.15,19.78,2.37,2.15,2.6,72.52,57.54,94.5,81.21,40.45,33.15,0.2,33.85
12-030,CUCHILLA DE PADIERNA,TLALPAN,False,,,,3404,1767,1632,122,34,20,5,0,0,0,33,20,4,692,391,295,64,29,12,690,973,483,970,895,973,781,973,320,942,250,942,0,756,863,3389,34,4,10.55,3.58,1.0,1.13,0.31,0.0,0.0,0.0,0.97,1.13,0.25,20.33,22.13,18.08,1.88,1.64,0.74,70.91,49.79,91.98,80.27,33.97,26.54,0.0,25.46
12-031,CUILOTEPEC II,TLALPAN,False,,,,489,252,236,32,19,8,8,0,0,0,18,8,7,109,56,52,6,0,4,105,129,50,129,120,129,111,129,25,119,22,98,0,129,126,484,5,0,9.5,6.54,3.89,3.17,3.39,0.0,0.0,0.0,3.68,3.17,2.97,22.29,22.22,22.03,1.23,0.0,1.69,81.4,38.76,93.02,86.05,21.01,22.45,0.0,26.03
12-032,CULTURA MAYA,TLALPAN,False,,,,3873,2004,1866,95,47,14,22,0,0,0,47,14,22,900,481,414,68,23,27,758,1112,518,1104,996,1112,944,1112,332,1094,299,1102,4,913,1039,3868,27,5,10.36,2.45,1.21,0.7,1.18,0.0,0.0,0.0,1.21,0.7,1.18,23.24,24.0,22.19,1.76,1.15,1.45,68.17,46.92,89.57,84.89,30.35,27.13,0.44,26.86
12-033,DIAMANTE,TLALPAN,False,,,,1262,667,595,40,6,0,0,0,0,0,6,0,0,201,115,85,0,0,0,210,310,155,310,273,310,234,310,92,310,56,276,0,310,399,1238,7,1,10.22,3.17,0.48,0.0,0.0,0.0,0.0,0.0,0.48,0.0,0.0,15.93,17.24,14.29,0.0,0.0,0.0,67.74,50.0,88.06,75.48,29.68,20.29,0.0,32.23
12-034,DOLORES TLALI,TLALPAN,False,,,,1212,605,608,98,29,17,5,0,0,0,29,17,5,318,161,156,13,5,8,229,325,185,325,314,325,262,325,141,325,71,310,0,325,461,1108,7,0,10.6,8.09,2.39,2.81,0.82,0.0,0.0,0.0,2.39,2.81,0.82,26.24,26.61,25.66,1.07,0.83,1.32,70.46,56.92,96.62,80.62,43.38,22.9,0.0,41.61
12-035,EJIDOS DE SAN PEDRO MARTIR I (NORTE),TLALPAN,False,,,,6803,3524,3278,381,153,70,57,0,0,0,153,70,57,1251,697,547,154,57,64,1471,1875,1181,1875,1797,1878,1535,1878,829,1878,582,1878,2,1773,2006,5935,44,0,11.55,5.6,2.25,1.99,1.74,0.0,0.0,0.0,2.25,1.99,1.74,18.39,19.78,16.69,2.26,1.62,1.95,78.45,62.99,95.69,81.74,44.14,30.99,0.11,33.8
12-036,EL ARENAL,TLALPAN,False,,,,1996,1033,963,124,33,19,14,0,0,0,33,19,14,303,160,143,20,2,9,353,531,183,525,492,531,453,531,191,525,64,531,0,279,686,1780,5,0,9.09,6.21,1.65,1.84,1.45,0.0,0.0,0.0,1.65,1.84,1.45,15.18,15.49,14.85,1.0,0.19,0.93,66.48,34.86,92.66,85.31,36.38,12.05,0.0,38.54
12-037,EL DIVISADERO,TLALPAN,False,,,,709,356,353,33,10,5,5,0,0,0,6,4,2,185,98,86,14,8,5,120,177,87,177,148,180,125,180,48,167,15,123,7,136,247,508,7,0,10.58,4.65,1.41,1.4,1.42,0.0,0.0,0.0,0.85,1.12,0.57,26.09,27.53,24.36,1.97,2.25,1.42,67.8,49.15,82.22,69.44,28.74,12.2,5.15,48.62
12-039,EL ZACATON,TLALPAN,False,,,,4249,2192,2057,222,59,25,24,0,0,0,54,24,23,992,533,456,26,7,8,700,1036,350,1035,940,1036,842,1036,222,959,153,865,4,966,1079,3963,25,1,9.14,5.22,1.39,1.14,1.17,0.0,0.0,0.0,1.27,1.09,1.12,23.35,24.32,22.17,0.61,0.32,0.39,67.57,33.82,90.73,81.27,23.15,17.69,0.41,27.23
12-040,EMILIO PORTES GIL PEMEX PICACHO (U HAB),TLALPAN,False,,,,3866,2129,1737,40,14,0,0,0,0,0,4,0,0,1098,668,414,201,89,100,1334,1395,1224,1395,1369,1395,1151,1395,1004,1394,908,1395,0,1395,682,3787,60,4,14.11,1.03,0.36,0.0,0.0,0.0,0.0,0.0,0.1,0.0,0.0,28.4,31.38,23.83,5.2,4.18,5.76,95.63,87.74,98.14,82.51,72.02,65.09,0.0,18.01
12-042,EX HACIENDA SAN JUAN DE DIOS,TLALPAN,False,,,,4678,2421,2258,234,110,51,47,0,0,0,110,51,47,769,416,349,122,61,47,984,1334,781,1334,1217,1334,957,1334,625,1319,451,1319,0,1026,1453,4609,20,0,11.14,5.0,2.35,2.11,2.08,0.0,0.0,0.0,2.35,2.11,2.08,16.44,17.18,15.46,2.61,2.52,2.08,73.76,58.55,91.23,71.74,47.38,34.19,0.0,31.53
12-043,FLORESTA-PRADO-VERGEL COAPA,TLALPAN,False,,,,3188,1759,1429,29,20,9,7,0,0,0,20,9,7,632,372,260,75,44,24,970,1049,898,1049,1010,1049,958,1049,804,1049,566,1049,0,1049,810,3186,36,1,14.62,0.91,0.63,0.51,0.49,0.0,0.0,0.0,0.63,0.51,0.49,19.82,21.15,18.19,2.35,2.5,1.68,92.47,85.61,96.28,91.33,76.64,53.96,0.0,25.42
12-044,UNIDADES HABITACIONALES DE TENORIOS,TLALPAN,False,,,,1383,729,655,11,0,0,0,0,0,0,0,0,0,263,141,113,73,22,23,419,465,384,465,454,465,319,465,298,453,256,465,0,465,297,1288,28,3,13.5,0.8,0.0,0.0,0.0,0.0,0.0,0.0,0.0,0.0,0.0,19.02,19.34,17.25,5.28,3.02,3.51,90.11,82.58,97.63,68.6,65.78,55.05,0.0,23.06
12-045,FOVISSSTE SAN PEDRO MARTIR ( U HAB),TLALPAN,False,,,,924,489,436,9,2,0,0,0,0,0,2,0,0,194,104,85,22,8,7,285,314,250,314,306,314,267,314,212,314,183,308,0,310,208,899,15,2,13.88,0.97,0.22,0.0,0.0,0.0,0.0,0.0,0.22,0.0,0.0,21.0,21.27,19.5,2.38,1.64,1.61,90.76,79.62,97.45,85.03,67.52,59.42,0.0,23.14
12-046,FRESNO,TLALPAN,False,,,,426,223,204,1,0,0,0,0,0,0,0,0,0,89,54,33,3,0,0,87,121,66,121,116,121,97,121,26,72,36,88,0,111,143,407,10,0,10.38,0.23,0.0,0.0,0.0,0.0,0.0,0.0,0.0,0.0,0.0,20.89,24.22,16.18,0.7,0.0,0.0,71.9,54.55,95.87,80.17,36.11,40.91,0.0,35.14
12-047,FUENTES BROTANTES MIGUEL HIDALGO (U HAB),TLALPAN,False,,,,6942,3755,3187,152,39,15,7,0,0,0,39,15,7,1374,784,575,280,127,122,2248,2517,1984,2517,2440,2517,1946,2517,1542,2517,1379,2517,0,2082,1547,6420,61,8,13.68,2.19,0.56,0.4,0.22,0.0,0.0,0.0,0.56,0.4,0.22,19.79,20.88,18.04,4.03,3.38,3.83,89.31,78.82,96.94,77.31,61.26,54.79,0.0,24.1
12-048,FUENTES Y PEDREGAL DE TEPEPAN,TLALPAN,False,,,,5749,2959,2790,193,91,53,36,0,0,0,89,52,35,1043,566,475,175,90,83,1459,1708,1281,1708,1631,1708,1399,1708,974,1703,860,1707,1,1702,1441,5118,14,0,12.74,3.36,1.58,1.79,1.29,0.0,0.0,0.0,1.55,1.76,1.25,18.14,19.13,17.03,3.04,3.04,2.97,85.42,75.0,95.49,81.91,57.19,50.38,0.06,28.16
12-049,FUENTES DEL PEDREGAL,TLALPAN,False,,,,4273,2345,1928,36,48,36,0,0,0,0,48,36,0,828,548,275,178,117,55,1369,1460,1280,1460,1424,1460,1080,1450,1090,1459,973,1460,0,1112,858,4128,37,1,14.26,0.84,1.12,1.54,0.0,0.0,0.0,0.0,1.12,1.54,0.0,19.38,23.37,14.26,4.17,4.99,2.85,93.77,87.67,97.53,74.48,74.71,66.64,0.0,20.78
12-050,GRANJAS COAPA,TLALPAN,False,,,,4870,2620,2249,53,21,3,3,0,0,0,21,3,3,777,432,331,148,66,72,1698,1784,1571,1784,1750,1784,1405,1780,1394,1766,1230,1762,0,1694,1066,4788,36,2,14.51,1.09,0.43,0.11,0.13,0.0,0.0,0.0,0.43,0.11,0.13,15.95,16.49,14.72,3.04,2.52,3.2,95.18,88.06,98.09,78.93,78.94,69.81,0.0,22.26
12-051,GRANJAS COAPA ORIENTE,TLALPAN,False,,,,1034,550,483,6,3,0,0,0,0,0,3,0,0,177,105,73,39,17,22,316,341,290,341,333,341,322,341,240,341,190,341,0,341,281,931,1,0,14.67,0.58,0.29,0.0,0.0,0.0,0.0,0.0,0.29,0.0,0.0,17.12,19.09,15.11,3.77,3.09,4.55,92.67,85.04,97.65,94.43,70.38,55.72,0.0,30.18
12-053,HACIENDA SAN JUAN-RINCON DE SAN JUAN,TLALPAN,False,,,,2611,1406,1205,25,2,0,2,0,0,0,2,0,2,490,256,226,122,54,52,823,870,769,870,842,870,735,870,691,870,533,870,0,870,525,2440,33,2,14.86,0.96,0.08,0.0,0.17,0.0,0.0,0.0,0.08,0.0,0.17,18.77,18.21,18.76,4.67,3.84,4.32,94.6,88.39,96.78,84.48,79.43,61.26,0.0,21.52
12-055,HEROES DE 1910,TLALPAN,False,,,,5,2,3,0,0,0,0,0,0,0,0,0,0,1,1,1,0,0,0,0,1,0,1,1,1,1,1,0,1,0,1,0,0,2,0,0,0,8.81,0.0,0.0,0.0,0.0,0.0,0.0,0.0,0.0,0.0,0.0,20.0,50.0,33.33,0.0,0.0,0.0,0.0,0.0,100.0,100.0,0.0,0.0,,
12-057,HUESO PERIFERICO-ISSSFAM NO. 7 (U HABS),TLALPAN,False,,,,3260,1716,1530,22,0,0,0,0,0,0,0,0,0,1465,775,674,848,434,391,976,1057,921,1057,1033,1057,885,1057,768,1057,694,1057,0,1057,303,2633,41,7,14.08,0.67,0.0,0.0,0.0,0.0,0.0,0.0,0.0,0.0,0.0,44.94,45.16,44.05,26.01,25.29,25.56,92.34,87.13,97.73,83.73,72.66,65.66,0.0,11.51
12-059,IGNACIO CHAVEZ (U HAB),TLALPAN,False,,,,1517,818,692,9,0,0,0,0,0,0,0,0,0,285,174,97,60,42,12,432,492,369,492,468,492,388,492,314,492,254,492,0,468,324,1391,28,4,13.1,0.59,0.0,0.0,0.0,0.0,0.0,0.0,0.0,0.0,0.0,18.79,21.27,14.02,3.96,5.13,1.73,87.8,75.0,95.12,78.86,63.82,51.63,0.0,23.29
12-060,ISIDRO FABELA I (PONIENTE),TLALPAN,False,,,,5185,2729,2456,138,68,31,30,0,0,0,68,31,30,893,503,384,148,77,64,1145,1516,876,1516,1380,1516,1234,1516,908,1516,500,1516,0,1225,1334,5148,27,0,10.94,2.66,1.31,1.14,1.22,0.0,0.0,0.0,1.31,1.14,1.22,17.22,18.43,15.64,2.85,2.82,2.61,75.53,57.78,91.03,81.4,59.89,32.98,0.0,25.91
12-061,ISIDRO  FABELA (AMPL),TLALPAN,False,,,,1642,869,771,52,15,5,6,0,0,0,15,5,6,319,180,134,50,29,20,332,435,223,418,390,435,330,435,249,435,132,401,0,349,408,1402,16,1,10.81,3.17,0.91,0.58,0.78,0.0,0.0,0.0,0.91,0.58,0.78,19.43,20.71,17.38,3.05,3.34,2.59,76.32,53.35,89.66,75.86,57.24,32.92,0.0,29.1
12-062,ISSSFAM No. 1 (U HAB)-VILLA TLALPAN,TLALPAN,False,,,,1845,963,879,30,12,8,3,0,0,0,11,8,3,532,295,231,138,62,59,613,642,577,642,632,642,543,642,465,642,429,642,0,449,353,1589,23,3,14.72,1.63,0.65,0.83,0.34,0.0,0.0,0.0,0.6,0.83,0.34,28.83,30.63,26.28,7.48,6.44,6.71,95.48,89.88,98.44,84.58,72.43,66.82,0.0,22.22
12-064,JARDINES COAPA-BELISARIO DOMINGUEZ,TLALPAN,False,,,,1602,879,721,18,0,0,0,0,0,0,0,0,0,273,159,86,30,15,9,532,574,502,574,564,574,446,569,389,568,349,574,0,574,343,1524,37,3,14.64,1.12,0.0,0.0,0.0,0.0,0.0,0.0,0.0,0.0,0.0,17.04,18.09,11.93,1.87,1.71,1.25,92.68,87.46,98.26,78.38,68.49,60.8,0.0,22.51
12-065,JARDINES DE SAN JUAN,TLALPAN,False,,,,5706,2821,2857,859,318,148,130,0,0,0,312,144,128,1751,920,808,101,35,41,420,1342,303,1266,1430,1511,1217,1514,634,1457,53,943,0,950,1991,5490,80,7,8.83,15.05,5.57,5.25,4.55,0.0,0.0,0.0,5.47,5.1,4.48,30.69,32.61,28.28,1.77,1.24,1.44,31.3,23.93,94.64,80.38,43.51,5.62,0.0,36.27
12-066,JARDINES DEL AJUSCO,TLALPAN,False,,,,4054,2105,1907,54,9,0,0,0,0,0,9,0,0,702,407,248,76,26,17,1130,1191,1037,1191,1176,1194,1051,1186,881,1191,705,1174,0,1194,1091,3877,93,13,14.18,1.33,0.22,0.0,0.0,0.0,0.0,0.0,0.22,0.0,0.0,17.32,19.33,13.0,1.87,1.24,0.89,94.88,87.07,98.49,88.62,73.97,60.05,0.0,28.14
12-067,JARDINES EN LA MONTAÑA,TLALPAN,False,,,,4340,2490,1850,6,38,32,0,0,0,0,38,32,0,836,589,232,148,100,35,1333,1358,1278,1358,1343,1358,1085,1358,1224,1358,1087,1358,0,1358,877,4215,41,4,14.49,0.14,0.88,1.29,0.0,0.0,0.0,0.0,0.88,1.29,0.0,19.26,23.65,12.54,3.41,4.02,1.89,98.16,94.11,98.9,79.9,90.13,80.04,0.0,20.81
12-068,JUVENTUD UNIDA,TLALPAN,False,,,,930,465,465,76,13,3,3,0,0,0,13,3,3,232,127,104,15,7,4,179,223,147,223,214,223,174,223,91,214,68,199,0,187,301,671,11,0,11.15,8.17,1.4,0.65,0.65,0.0,0.0,0.0,1.4,0.65,0.65,24.95,27.31,22.37,1.61,1.51,0.86,80.27,65.92,95.96,78.03,42.52,34.17,0.0,44.86
12-069,BARRIO LA  LONJA,TLALPAN,False,,,,2486,1295,1190,23,15,5,10,0,0,0,15,5,10,439,239,201,121,52,66,681,817,573,817,765,817,671,817,414,817,343,817,0,164,554,2134,6,0,12.55,0.93,0.6,0.39,0.84,0.0,0.0,0.0,0.6,0.39,0.84,17.66,18.46,16.89,4.87,4.02,5.55,83.35,70.13,93.64,82.13,50.67,41.98,0.0,25.96
12-070,LA FAMA,TLALPAN,False,,,,1406,781,626,14,10,7,0,0,0,0,10,7,0,212,124,86,43,23,19,390,466,337,466,441,466,379,466,261,466,218,466,0,452,371,1399,8,0,12.91,1.0,0.71,0.9,0.0,0.0,0.0,0.0,0.71,0.9,0.0,15.08,15.88,13.74,3.06,2.94,3.04,83.69,72.32,94.64,81.33,56.01,46.78,0.0,26.52
12-071,LA GUADALUPANA,TLALPAN,False,,,,1458,747,712,142,61,29,25,0,0,0,61,29,25,411,223,189,63,34,24,218,389,132,373,360,389,312,389,177,366,42,352,0,130,291,1188,7,0,9.42,9.74,4.18,3.88,3.51,0.0,0.0,0.0,4.18,3.88,3.51,28.19,29.85,26.54,4.32,4.55,3.37,56.04,35.39,92.54,80.21,48.36,11.93,0.0,24.49
12-072,LA JOYA,TLALPAN,False,,,,2375,1286,1089,21,14,10,0,0,0,0,14,10,0,512,303,209,168,95,70,779,850,718,850,825,850,759,850,524,850,517,850,0,850,540,2331,16,1,14.19,0.88,0.59,0.78,0.0,0.0,0.0,0.0,0.59,0.78,0.0,21.56,23.56,19.19,7.07,7.39,6.43,91.65,84.47,97.06,89.29,61.65,60.82,0.0,23.17
12-073,LA LIBERTAD - IXTLAHUACA,TLALPAN,False,,,,729,372,357,83,23,9,8,0,0,0,23,9,8,201,103,98,6,4,3,98,173,56,165,169,179,140,179,76,165,20,148,0,178,232,568,8,0,9.23,11.39,3.16,2.42,2.24,0.0,0.0,0.0,3.16,2.42,2.24,27.57,27.69,27.45,0.82,1.08,0.84,56.65,33.94,94.41,78.21,46.06,13.51,0.0,40.85
12-074,LA MAGDALENA PETLACALCO (PBLO),TLALPAN,True,LA MAGDALENA PETLACALCO (PBLO),NAHUAS,NAHUATL,8288,4279,4001,343,129,61,47,0,0,0,128,60,47,979,543,412,142,80,47,874,1901,556,1883,1639,1912,1462,1913,261,1688,143,1364,3,1445,3851,8252,51,3,9.44,4.14,1.56,1.43,1.17,0.0,0.0,0.0,1.54,1.4,1.17,11.81,12.69,10.3,1.71,1.87,1.17,45.98,29.53,85.72,76.42,15.46,10.48,0.21,46.67
12-075,LA PALMA,TLALPAN,False,,,,2358,1194,1155,210,76,33,35,0,0,0,76,33,35,604,315,283,60,30,26,479,666,352,666,630,668,533,671,214,648,156,635,0,495,883,2158,16,1,10.81,8.91,3.22,2.76,3.03,0.0,0.0,0.0,3.22,2.76,3.03,25.61,26.38,24.5,2.54,2.51,2.25,71.92,52.85,94.31,79.43,33.02,24.57,0.0,40.92
12-076,LA PRIMAVERA,TLALPAN,False,,,,2763,1415,1347,74,24,10,4,0,0,0,21,10,4,535,283,252,36,12,18,628,812,488,812,744,812,697,812,321,812,231,812,0,523,705,2757,13,1,11.35,2.68,0.87,0.71,0.3,0.0,0.0,0.0,0.76,0.71,0.3,19.36,20.0,18.71,1.3,0.85,1.34,77.34,60.1,91.63,85.84,39.53,28.45,0.0,25.57
12-077,LA TORTUGA XOLALPA-HCO COLEGIO MILITAR,TLALPAN,False,,,,5415,1738,1742,464,126,56,59,0,0,0,124,55,58,1532,739,792,666,335,331,661,869,603,869,849,869,693,869,287,846,303,825,0,793,379,2984,67,29,11.33,8.57,2.33,3.22,3.39,0.0,0.0,0.0,2.29,3.16,3.33,28.29,42.52,45.46,12.3,19.28,19.0,76.06,69.39,97.7,79.75,33.92,36.73,0.0,12.7
12-079,LOMAS ALTAS DE PADIERNA SUR,TLALPAN,False,,,,6076,3114,2962,326,103,49,42,0,0,0,103,49,42,1247,683,562,100,49,31,1159,1595,816,1591,1453,1591,1229,1595,525,1591,374,1546,0,1384,1551,6036,36,4,10.17,5.37,1.7,1.57,1.42,0.0,0.0,0.0,1.7,1.57,1.42,20.52,21.93,18.97,1.65,1.57,1.05,72.66,51.29,91.33,77.05,33.0,24.19,0.0,25.7
12-080,LOMAS DE CUILOTEPEC,TLALPAN,False,,,,1977,1000,977,139,36,21,13,0,0,0,36,21,13,363,181,181,29,16,11,329,511,202,511,459,511,444,511,126,501,100,485,0,364,592,1968,11,0,9.62,7.03,1.82,2.1,1.33,0.0,0.0,0.0,1.82,2.1,1.33,18.36,18.1,18.53,1.47,1.6,1.13,64.38,39.53,89.82,86.89,25.15,20.62,0.0,30.08
12-082,AMPLIACION LOMAS DE PADIERNA,TLALPAN,False,,,,702,373,329,29,5,5,0,0,0,0,5,5,0,142,83,59,13,3,10,183,212,173,209,203,215,160,213,109,206,114,209,0,215,160,667,7,0,12.07,4.13,0.71,1.34,0.0,0.0,0.0,0.0,0.71,1.34,0.0,20.23,22.25,17.93,1.85,0.8,3.04,86.32,82.78,94.42,75.12,52.91,54.55,0.0,23.99
12-084,LOMAS DE TEXCALATLACO,TLALPAN,False,,,,861,459,402,82,22,12,10,0,0,0,22,12,10,211,119,92,18,8,6,161,220,122,220,205,220,173,220,69,220,62,220,0,118,253,607,5,0,11.07,9.52,2.56,2.61,2.49,0.0,0.0,0.0,2.56,2.61,2.49,24.51,25.93,22.89,2.09,1.74,1.49,73.18,55.45,93.18,78.64,31.36,28.18,0.0,41.68
12-085,LOMAS DEL PEDREGAL,TLALPAN,False,,,,962,499,463,31,3,3,0,0,0,0,3,3,0,197,112,84,47,23,16,215,267,166,267,250,267,208,267,118,267,86,267,0,267,258,957,7,0,11.96,3.22,0.31,0.6,0.0,0.0,0.0,0.0,0.31,0.6,0.0,20.48,22.44,18.14,4.89,4.61,3.46,80.52,62.17,93.63,77.9,44.19,32.21,0.0,26.96
12-086,LOMAS HIDALGO,TLALPAN,False,,,,2365,1270,1096,34,4,4,0,0,0,0,4,4,0,479,274,203,41,22,6,521,650,380,650,610,650,542,650,266,650,197,650,0,590,747,2362,21,3,11.25,1.44,0.17,0.31,0.0,0.0,0.0,0.0,0.17,0.31,0.0,20.25,21.57,18.52,1.73,1.73,0.55,80.15,58.46,93.85,83.38,40.92,30.31,0.0,31.63
12-087,LOS  ENCINOS,TLALPAN,False,,,,2274,1162,1112,93,9,3,3,0,0,0,9,3,3,429,227,201,73,30,27,435,609,321,609,555,609,443,609,217,609,151,609,0,527,766,2266,20,1,11.04,4.09,0.4,0.26,0.27,0.0,0.0,0.0,0.4,0.26,0.27,18.87,19.54,18.08,3.21,2.58,2.43,71.43,52.71,91.13,72.74,35.63,24.79,0.0,33.8
12-088,LOS PASTORES,TLALPAN,False,,,,620,287,333,65,15,8,7,0,0,0,15,8,7,118,60,58,14,4,10,91,160,69,156,147,160,148,160,48,156,27,154,0,160,198,596,4,0,10.38,10.48,2.42,2.79,2.1,0.0,0.0,0.0,2.42,2.79,2.1,19.03,20.91,17.42,2.26,1.39,3.0,56.88,44.23,91.88,92.5,30.77,17.53,0.0,33.22
12-089,LOS VOLCANES,TLALPAN,False,,,,4556,2367,2190,178,55,26,13,0,0,0,55,26,13,789,459,325,138,54,62,1026,1341,777,1341,1235,1341,1059,1341,532,1341,386,1308,0,1132,1295,4532,31,1,11.38,3.91,1.21,1.1,0.59,0.0,0.0,0.0,1.21,1.1,0.59,17.32,19.39,14.84,3.03,2.28,2.83,76.51,57.94,92.1,78.97,39.67,29.51,0.0,28.57
12-092,MA ESTHER ZUNO DE ECHEVERRIA-TLALPUENTE,TLALPAN,False,,,,2112,1094,1005,112,42,24,13,0,0,0,42,24,13,449,250,192,39,21,8,425,588,340,585,550,588,456,588,173,585,182,585,0,392,657,1652,14,2,11.07,5.3,1.99,2.19,1.29,0.0,0.0,0.0,1.99,2.19,1.29,21.26,22.85,19.1,1.85,1.92,0.8,72.28,58.12,93.54,77.55,29.57,31.11,0.0,39.77
12-093,COAPA-VILLA CUEMANCO,TLALPAN,False,,,,2055,1093,963,13,0,0,0,0,0,0,0,0,0,378,209,159,31,7,14,581,624,537,624,597,624,518,624,447,624,331,624,0,624,547,1975,27,0,14.22,0.63,0.0,0.0,0.0,0.0,0.0,0.0,0.0,0.0,0.0,18.39,19.12,16.51,1.51,0.64,1.45,93.11,86.06,95.67,83.01,71.63,53.04,0.0,27.7
12-094,"MESA LOS HORNOS, TEXCALTENCO",TLALPAN,False,,,,10490,5309,5173,366,95,30,35,0,0,0,95,30,35,1688,915,757,167,68,58,1961,2838,1264,2807,2616,2845,2183,2845,907,2814,747,2792,21,2104,3665,10439,58,5,9.9,3.49,0.91,0.57,0.68,0.0,0.0,0.0,0.91,0.57,0.68,16.09,17.23,14.63,1.59,1.28,1.12,69.1,45.03,91.95,76.73,32.23,26.76,1.0,35.11
12-095,MIGUEL HIDALGO,TLALPAN,False,,,,14231,7611,6620,221,67,30,14,0,0,0,66,29,14,2200,1245,926,362,183,161,3482,4386,2875,4386,4117,4386,3432,4386,2284,4386,1656,4304,7,3349,3662,13533,75,5,11.92,1.55,0.47,0.39,0.21,0.0,0.0,0.0,0.46,0.38,0.21,15.46,16.36,13.99,2.54,2.4,2.43,79.39,65.55,93.87,78.25,52.07,38.48,0.21,27.06
12-096,MIRADOR 1A SECC,TLALPAN,False,,,,1972,1033,939,67,20,4,7,0,0,0,20,4,7,371,195,175,23,9,12,447,537,345,537,487,537,448,537,272,537,263,500,3,437,362,1960,16,1,11.5,3.4,1.01,0.39,0.75,0.0,0.0,0.0,1.01,0.39,0.75,18.81,18.88,18.64,1.17,0.87,1.28,83.24,64.25,90.69,83.43,50.65,52.6,0.69,18.47
12-097,EL MIRADOR 2A y 3A SECC,TLALPAN,False,,,,2320,1248,1072,118,27,15,7,0,0,0,26,14,7,462,286,175,50,33,9,521,661,411,661,607,661,521,661,259,661,223,661,0,661,735,2314,12,0,11.86,5.09,1.16,1.2,0.65,0.0,0.0,0.0,1.12,1.12,0.65,19.91,22.92,16.32,2.16,2.64,0.84,78.82,62.18,91.83,78.82,39.18,33.74,0.0,31.76
12-099,MIRADOR DEL VALLE,TLALPAN,False,,,,1500,789,711,88,29,14,11,0,0,0,28,11,11,332,185,147,24,9,5,285,398,231,398,367,398,313,398,120,398,95,398,0,257,454,1087,8,1,10.8,5.87,1.93,1.77,1.55,0.0,0.0,0.0,1.87,1.39,1.55,22.13,23.45,20.68,1.6,1.14,0.7,71.61,58.04,92.21,78.64,30.15,23.87,0.0,41.77
12-100,MIRADOR I,TLALPAN,False,,,,1872,950,921,52,14,7,0,0,0,0,14,7,0,431,236,195,51,20,18,401,556,323,556,511,556,445,556,203,556,137,556,0,503,479,1871,15,0,11.33,2.78,0.75,0.74,0.0,0.0,0.0,0.0,0.75,0.74,0.0,23.02,24.84,21.17,2.72,2.11,1.95,72.12,58.09,91.91,80.04,36.51,24.64,0.0,25.6
12-101,MIRADOR II,TLALPAN,False,,,,4489,2340,2147,232,70,22,26,0,0,0,70,22,26,1023,558,463,84,40,27,776,1234,559,1234,1125,1234,987,1234,381,1234,250,1217,0,1021,992,4457,36,1,10.04,5.17,1.56,0.94,1.21,0.0,0.0,0.0,1.56,0.94,1.21,22.79,23.85,21.56,1.87,1.71,1.26,62.88,45.3,91.17,79.98,30.88,20.54,0.0,22.26
12-102,MOVIMIENTO ORGANIZADO DE TLALPAN-EL MIRADOR (RNCDA),TLALPAN,False,,,,774,400,374,47,11,5,4,0,0,0,11,5,4,171,89,76,17,6,5,158,203,121,203,192,203,163,203,86,203,46,162,0,139,245,425,10,0,11.59,6.07,1.42,1.25,1.07,0.0,0.0,0.0,1.42,1.25,1.07,22.09,22.25,20.32,2.2,1.5,1.34,77.83,59.61,94.58,80.3,42.36,28.4,0.0,57.65
12-103,NARCISO MENDOZA-VILLA COAPA SUPER MANZANA 1 (U HAB),TLALPAN,False,,,,3337,1875,1456,20,0,0,0,0,0,0,0,0,0,654,375,257,148,67,48,1110,1263,993,1263,1189,1263,1088,1263,824,1256,665,1263,0,1191,754,3309,47,9,13.68,0.6,0.0,0.0,0.0,0.0,0.0,0.0,0.0,0.0,0.0,19.6,20.0,17.65,4.44,3.57,3.3,87.89,78.62,94.14,86.14,65.61,52.65,0.0,22.79
12-104,NARCISO MENDOZA-VILLA COAPA SUPER MANZANA 2 (U HAB),TLALPAN,False,,,,3424,1901,1519,26,6,0,0,0,0,0,6,0,0,596,361,228,97,40,27,1087,1248,931,1248,1165,1248,921,1248,823,1242,632,1248,0,1226,849,3402,49,3,13.82,0.76,0.18,0.0,0.0,0.0,0.0,0.0,0.18,0.0,0.0,17.41,18.99,15.01,2.83,2.1,1.78,87.1,74.6,93.35,73.8,66.26,50.64,0.0,24.96
12-105,NARCISO MENDOZA-VILLA COAPA SUPER MANZANA 3 (U HAB),TLALPAN,False,,,,3549,1977,1570,6,0,0,0,0,0,0,0,0,0,497,303,166,64,25,18,1173,1340,1033,1340,1267,1346,1059,1346,910,1340,636,1327,0,1334,777,3504,55,5,13.98,0.17,0.0,0.0,0.0,0.0,0.0,0.0,0.0,0.0,0.0,14.0,15.33,10.57,1.8,1.26,1.15,87.54,77.09,94.13,78.68,67.91,47.93,0.0,22.17
12-106,NARCISO MENDOZA-VILLA COAPA SUPER MANZANA 6 (U HAB),TLALPAN,False,,,,2872,1587,1283,17,0,0,0,0,0,0,0,0,0,525,323,190,110,57,25,897,1043,783,1043,956,1043,850,1043,702,1043,492,1032,0,1024,726,2859,42,4,13.66,0.59,0.0,0.0,0.0,0.0,0.0,0.0,0.0,0.0,0.0,18.28,20.35,14.81,3.83,3.59,1.95,86.0,75.07,91.66,81.5,67.31,47.67,0.0,25.39
12-107,NARCISO MENDOZA-VILLA COAPA SUPER MANZANA 7 (U HAB),TLALPAN,False,,,,2980,1666,1309,20,3,0,0,0,0,0,3,0,0,569,345,210,84,30,31,948,1093,821,1093,1023,1093,860,1093,704,1093,500,1037,0,1093,629,2929,48,6,13.69,0.67,0.1,0.0,0.0,0.0,0.0,0.0,0.1,0.0,0.0,19.09,20.71,16.04,2.82,1.8,2.37,86.73,75.11,93.6,78.68,64.41,48.22,0.0,21.47
12-108,NIÑO JESUS (BARR),TLALPAN,False,,,,1644,885,740,3,7,0,0,0,0,0,7,0,0,267,157,108,75,41,26,468,530,433,530,500,530,466,530,348,530,255,530,0,484,448,1625,12,2,13.48,0.18,0.43,0.0,0.0,0.0,0.0,0.0,0.43,0.0,0.0,16.24,17.74,14.59,4.56,4.63,3.51,88.3,81.7,94.34,87.92,65.66,48.11,0.0,27.57
12-109,NUEVA ORIENTAL COAPA-EX HACIENDA COAPA,TLALPAN,False,,,,3538,1910,1628,39,19,9,5,0,0,0,19,9,5,661,393,261,135,68,52,1173,1241,1068,1241,1207,1241,1089,1241,958,1241,741,1241,0,1092,875,3522,26,3,14.73,1.1,0.54,0.47,0.31,0.0,0.0,0.0,0.54,0.47,0.31,18.68,20.58,16.03,3.82,3.56,3.19,94.52,86.06,97.26,87.75,77.2,59.71,0.0,24.84
12-110,NUEVO RENACIMIENTO DE AXALCO,TLALPAN,False,,,,1171,610,561,82,23,6,6,0,0,0,22,5,6,282,145,133,19,9,10,230,310,185,310,286,310,245,310,114,310,98,282,5,310,411,1006,16,1,11.27,7.0,1.96,0.98,1.07,0.0,0.0,0.0,1.88,0.82,1.07,24.08,23.77,23.71,1.62,1.48,1.78,74.19,59.68,92.26,79.03,36.77,34.75,1.61,40.85
12-111,OCOTLA - OCOTLA CHICO,TLALPAN,False,,,,2046,1003,1043,382,157,75,81,0,0,0,156,75,80,610,298,306,38,13,21,243,494,169,480,491,513,387,510,196,487,53,463,0,433,780,1695,12,0,9.2,18.67,7.67,7.48,7.77,0.0,0.0,0.0,7.62,7.48,7.67,29.81,29.71,29.34,1.86,1.3,2.01,49.19,35.21,95.71,75.88,40.25,11.45,0.0,46.02
12-112,ORIENTE (AMPL),TLALPAN,False,,,,663,342,321,62,22,8,11,0,0,0,19,8,11,146,82,65,12,6,3,135,179,113,179,167,179,144,179,61,174,46,172,0,68,223,458,3,0,11.44,9.35,3.32,2.34,3.43,0.0,0.0,0.0,2.87,2.34,3.43,22.02,23.98,20.25,1.81,1.75,0.93,75.42,63.13,93.3,80.45,35.06,26.74,0.0,48.69
12-113,PARAJE 38,TLALPAN,False,,,,3032,1537,1479,203,87,47,37,0,0,0,85,47,35,612,329,283,43,20,17,620,870,470,870,781,870,678,870,310,870,235,870,5,305,949,3014,8,1,11.0,6.7,2.87,3.06,2.5,0.0,0.0,0.0,2.8,3.06,2.37,20.18,21.41,19.13,1.42,1.3,1.15,71.26,54.02,89.77,77.93,35.63,27.01,1.64,31.49
12-114,PARQUES DEL PEDREGAL,TLALPAN,False,,,,1916,1040,871,18,44,30,8,0,0,0,44,30,8,450,277,169,85,61,18,641,656,613,656,645,656,562,656,547,656,476,656,0,656,297,1911,18,2,14.99,0.94,2.3,2.88,0.92,0.0,0.0,0.0,2.3,2.88,0.92,23.49,26.63,19.4,4.44,5.87,2.07,97.71,93.45,98.32,85.67,83.38,72.56,0.0,15.54
12-115,PARRES EL GUARDA (PBLO),TLALPAN,True,PARRES EL GUARDA (PBLO),NAHUAS,NAHUATL,3197,1594,1584,24,5,0,4,0,0,0,5,0,4,452,215,215,78,27,32,334,782,182,631,696,792,566,794,314,762,33,446,0,649,767,3178,53,7,8.91,0.75,0.16,0.0,0.25,0.0,0.0,0.0,0.16,0.0,0.25,14.14,13.49,13.57,2.44,1.69,2.02,42.71,28.84,87.88,71.28,41.21,7.4,0.0,24.13
12-116,PEDREGAL DE LAS AGUILAS,TLALPAN,False,,,,2007,1042,964,52,13,4,3,0,0,0,12,3,3,392,225,161,19,7,7,494,593,393,593,555,593,522,593,265,576,233,557,0,576,577,1987,18,2,12.21,2.59,0.65,0.38,0.31,0.0,0.0,0.0,0.6,0.29,0.31,19.53,21.59,16.7,0.95,0.67,0.73,83.31,66.27,93.59,88.03,46.01,41.83,0.0,29.04
12-117,PEDREGAL DE SN NICOLAS 1A SECC,TLALPAN,False,,,,12062,6252,5807,312,137,59,52,3,0,0,134,57,51,1693,962,721,153,73,49,2301,3310,1648,3310,2999,3310,2684,3310,1454,3310,868,3284,0,2752,3787,11990,61,5,10.44,2.59,1.14,0.94,0.9,0.02,0.0,0.0,1.11,0.91,0.88,14.04,15.39,12.42,1.27,1.17,0.84,69.52,49.79,90.6,81.09,43.93,26.43,0.0,31.58
12-118,PEDREGAL DE SN NICOLAS 2A SECC,TLALPAN,False,,,,8143,4225,3918,206,57,32,12,0,0,0,57,32,12,1104,599,496,90,27,41,1715,2298,1316,2298,2163,2301,1838,2298,1031,2298,616,2276,3,1985,2346,8119,54,5,10.94,2.53,0.7,0.76,0.31,0.0,0.0,0.0,0.7,0.76,0.31,13.56,14.18,12.66,1.11,0.64,1.05,74.63,57.27,94.0,79.98,44.87,27.07,0.15,28.9
12-119,PEDREGAL DE SN NICOLAS 3A SECC,TLALPAN,False,,,,10558,5444,5113,312,109,42,37,0,0,0,109,42,37,1862,1051,787,186,69,89,2076,2978,1524,2965,2748,2978,2428,2978,1110,2935,746,2772,0,2623,3111,10531,75,4,10.42,2.96,1.03,0.77,0.72,0.0,0.0,0.0,1.03,0.77,0.72,17.64,19.31,15.39,1.76,1.27,1.74,69.71,51.4,92.28,81.53,37.82,26.91,0.0,29.54
12-121,PEDREGAL DE STA URSULA XITLA,TLALPAN,False,,,,5652,2977,2675,246,66,26,18,0,0,0,66,25,17,1086,590,484,75,31,24,1143,1499,780,1499,1381,1499,1225,1499,572,1472,441,1480,1,1421,1536,5442,39,3,10.63,4.35,1.17,0.87,0.67,0.0,0.0,0.0,1.17,0.84,0.64,19.21,19.82,18.09,1.33,1.04,0.9,76.25,52.03,92.13,81.72,38.86,29.8,0.07,28.22
12-124,PIEDRA LARGA,TLALPAN,False,,,,357,169,188,51,19,10,9,0,0,0,19,10,9,91,48,43,7,4,2,36,89,24,89,85,89,74,89,31,89,8,89,0,89,91,117,1,0,9.08,14.29,5.32,5.92,4.79,0.0,0.0,0.0,5.32,5.92,4.79,25.49,28.4,22.87,1.96,2.37,1.06,40.45,26.97,95.51,83.15,34.83,8.99,0.0,77.78
12-125,PLAN DE AYALA,TLALPAN,False,,,,1373,693,680,92,37,16,19,0,0,0,37,16,19,319,170,138,14,4,4,254,374,171,371,351,381,301,381,126,378,80,318,0,381,480,1351,16,3,10.72,6.7,2.69,2.31,2.79,0.0,0.0,0.0,2.69,2.31,2.79,23.23,24.53,20.29,1.02,0.58,0.59,67.91,46.09,92.13,79.0,33.33,25.16,0.0,35.53
12-127,POPULAR STA TERESA,TLALPAN,False,,,,7874,3987,3886,379,131,60,52,0,0,0,128,57,52,1846,1028,813,212,106,90,1459,2199,1048,2199,1996,2202,1643,2199,684,2179,496,2197,0,1215,2406,7853,36,4,10.11,4.81,1.66,1.5,1.34,0.0,0.0,0.0,1.63,1.43,1.34,23.44,25.78,20.92,2.69,2.66,2.32,66.35,47.66,90.64,74.72,31.39,22.58,0.0,30.64
12-130,PRADO COAPA 2A SECCION,TLALPAN,False,,,,1853,1013,839,27,17,10,0,0,0,0,17,10,0,356,209,141,47,25,16,592,643,538,643,618,643,527,643,480,643,348,643,0,517,464,1838,20,4,14.56,1.46,0.92,0.99,0.0,0.0,0.0,0.0,0.92,0.99,0.0,19.21,20.63,16.81,2.54,2.47,1.91,92.07,83.67,96.11,81.96,74.65,54.12,0.0,25.24
12-131,PRADO COAPA 3A SECCION-POTRERO ACOXPA,TLALPAN,False,,,,2354,1262,1092,20,13,0,3,0,0,0,13,0,3,378,215,155,23,7,5,725,793,667,793,767,793,592,793,584,793,345,793,0,693,493,2169,25,2,14.5,0.85,0.55,0.0,0.27,0.0,0.0,0.0,0.55,0.0,0.27,16.06,17.04,14.19,0.98,0.55,0.46,91.42,84.11,96.72,74.65,73.64,43.51,0.0,22.73
12-132,PROGRESO TLALPAN,TLALPAN,False,,,,651,342,308,59,9,3,0,0,0,0,9,3,0,188,107,81,24,9,10,130,161,98,161,152,161,120,161,61,161,40,161,0,108,205,607,5,0,10.99,9.06,1.38,0.88,0.0,0.0,0.0,0.0,1.38,0.88,0.0,28.88,31.29,26.3,3.69,2.63,3.25,80.75,60.87,94.41,74.53,37.89,24.84,0.0,33.77
12-133,PUEBLO QUIETO,TLALPAN,False,,,,886,474,413,4,0,0,0,0,0,0,0,0,0,171,98,72,13,6,4,130,195,108,195,174,195,157,195,102,195,43,157,0,152,295,841,9,1,10.7,0.45,0.0,0.0,0.0,0.0,0.0,0.0,0.0,0.0,0.0,19.3,20.68,17.43,1.47,1.27,0.97,66.67,55.38,89.23,80.51,52.31,27.39,0.0,35.08
12-136,RANCHO LOS COLORINES (FRACC),TLALPAN,False,,,,574,330,243,8,3,0,0,0,0,0,3,0,0,109,69,37,36,22,14,220,226,208,226,222,226,173,226,172,226,154,226,0,226,108,571,3,0,15.16,1.39,0.52,0.0,0.0,0.0,0.0,0.0,0.52,0.0,0.0,18.99,20.91,15.23,6.27,6.67,5.76,97.35,92.04,98.23,76.55,76.11,68.14,0.0,18.91
12-137,REAL DEL SUR-VILLAS DEL SUR-RESIDENCIAL ACOXPA,TLALPAN,False,,,,1420,784,636,20,4,0,3,0,0,0,4,0,3,298,184,109,50,24,11,437,463,403,466,451,466,395,466,376,466,266,463,0,466,310,1350,23,0,14.58,1.41,0.28,0.0,0.47,0.0,0.0,0.0,0.28,0.0,0.47,20.99,23.47,17.14,3.52,3.06,1.73,94.38,86.48,96.78,84.76,80.69,57.45,0.0,22.96
12-139,RESIDENCIAL INSURGENTES SUR (U HAB),TLALPAN,False,,,,2050,1126,924,6,0,0,0,0,0,0,0,0,0,519,287,222,169,82,76,816,859,757,859,841,859,738,859,531,859,538,859,0,809,508,2039,30,4,14.98,0.29,0.0,0.0,0.0,0.0,0.0,0.0,0.0,0.0,0.0,25.32,25.49,24.03,8.24,7.28,8.23,94.99,88.13,97.9,85.91,61.82,62.63,0.0,24.91
12-142,RINCON LAS HADAS-VILLA ROYALE-FUENTES Y ARCONADA COAPA,TLALPAN,False,,,,1530,813,718,3,5,3,0,0,0,0,5,3,0,240,129,103,62,20,28,523,559,492,559,541,559,464,559,436,559,374,559,0,559,347,1457,14,0,14.66,0.2,0.33,0.37,0.0,0.0,0.0,0.0,0.33,0.37,0.0,15.69,15.87,14.35,4.05,2.46,3.9,93.56,88.01,96.78,83.01,78.0,66.91,0.0,23.82
12-143,RINCONADA (U HAB),TLALPAN,False,,,,865,464,401,4,0,0,0,0,0,0,0,0,0,144,84,51,64,39,25,299,330,254,330,317,330,239,330,193,330,166,330,0,330,178,828,11,0,13.81,0.46,0.0,0.0,0.0,0.0,0.0,0.0,0.0,0.0,0.0,16.65,18.1,12.72,7.4,8.41,6.23,90.61,76.97,96.06,72.42,58.48,50.3,0.0,21.5
12-145,ROCA DE CRISTAL,TLALPAN,False,,,,435,236,199,7,3,0,0,0,0,0,3,0,0,136,77,59,11,6,5,88,110,62,110,105,110,80,110,40,110,24,89,0,110,130,435,4,0,10.79,1.61,0.69,0.0,0.0,0.0,0.0,0.0,0.69,0.0,0.0,31.26,32.63,29.65,2.53,2.54,2.51,80.0,56.36,95.45,72.73,36.36,26.97,0.0,29.89
12-146,ROMULO SANCHEZ-SAN FERNANDO (BARR)-PEÑA POBRE,TLALPAN,False,,,,1063,558,505,1,5,0,5,0,0,0,5,0,5,125,57,56,23,0,14,255,293,192,293,275,293,251,296,191,268,115,267,0,301,194,979,23,0,11.49,0.09,0.47,0.0,0.99,0.0,0.0,0.0,0.47,0.0,0.99,11.76,10.22,11.09,2.16,0.0,2.77,87.03,65.53,93.86,84.8,71.27,43.07,0.0,19.82
12-147,SAN ANDRES TOTOLTEPEC (PBLO),TLALPAN,True,SAN ANDRES TOTOLTEPEC (PBLO),NAHUAS,NAHUATL,27674,14317,13345,1605,559,271,219,0,0,0,556,268,216,5064,2697,2339,572,246,247,5327,7436,3981,7426,6848,7448,5938,7448,2108,7289,1802,7300,3,5038,9842,26330,124,5,11.09,5.8,2.02,1.89,1.64,0.0,0.0,0.0,2.01,1.87,1.62,18.3,18.84,17.53,2.07,1.72,1.85,71.64,53.61,91.94,79.73,28.92,24.68,0.06,37.38
12-148,SAN BARTOLO EL CHICO,TLALPAN,False,,,,1798,898,900,31,10,3,4,0,0,0,10,3,4,325,169,150,90,42,45,366,446,311,446,415,446,350,446,247,446,173,446,3,407,606,1790,19,0,12.08,1.72,0.56,0.33,0.44,0.0,0.0,0.0,0.56,0.33,0.44,18.08,18.82,16.67,5.01,4.68,5.0,82.06,69.73,93.05,78.48,55.38,38.79,0.74,33.85
12-151,SN JUAN TEPEXIMILPA,TLALPAN,False,,,,2385,1236,1148,101,32,4,21,0,0,0,32,4,21,476,269,205,27,10,9,464,653,327,635,598,653,520,653,236,639,164,589,0,548,713,2263,23,0,10.53,4.23,1.34,0.32,1.83,0.0,0.0,0.0,1.34,0.32,1.83,19.96,21.76,17.86,1.13,0.81,0.78,71.06,51.5,91.58,79.63,36.93,27.84,0.0,31.51
12-152,SN JUAN  TEPEXIMILPA (AMPL),TLALPAN,False,,,,1281,638,642,37,8,0,6,0,0,0,8,0,6,204,99,97,12,6,0,234,329,149,329,287,329,256,329,121,312,91,303,0,321,451,1197,16,1,10.13,2.89,0.62,0.0,0.93,0.0,0.0,0.0,0.62,0.0,0.93,15.93,15.52,15.11,0.94,0.94,0.0,71.12,45.29,87.23,77.81,38.78,30.03,0.0,37.68
12-153,SAN LORENZO HUIPULCO,TLALPAN,False,,,,6928,3608,3259,148,77,35,27,0,0,0,77,35,27,1458,803,630,439,225,194,1947,2256,1693,2256,2140,2256,1878,2256,1333,2249,1111,2243,0,2004,1751,6746,67,9,13.23,2.14,1.11,0.97,0.83,0.0,0.0,0.0,1.11,0.97,0.83,21.05,22.26,19.33,6.34,6.24,5.95,86.3,75.04,94.86,83.24,59.27,49.53,0.0,25.96
12-154,SAN MIGUEL  XICALCO (PBLO),TLALPAN,True,SAN MIGUEL XICALCO (PBLO),NAHUAS,NAHUATL,15004,7679,7319,1043,360,196,146,0,0,0,356,192,146,2717,1449,1254,273,132,120,2245,3814,1525,3805,3419,3831,3056,3831,874,3777,595,3623,3,2669,6140,13843,53,2,10.15,6.95,2.4,2.55,1.99,0.0,0.0,0.0,2.37,2.5,1.99,18.11,18.87,17.13,1.82,1.72,1.64,58.86,40.08,89.25,79.77,23.14,16.42,0.11,44.35
12-155,SAN MIGUEL AJUSCO (PBLO),TLALPAN,True,SAN MIGUEL AJUSCO (PBLO),NAHUAS,NAHUATL,14423,7454,6930,753,236,101,86,3,0,0,231,99,81,2385,1315,1040,174,80,64,2605,3830,1573,3804,3528,3855,3127,3858,955,3733,631,3593,3,3223,5349,14310,87,7,9.92,5.22,1.64,1.35,1.24,0.02,0.0,0.0,1.6,1.33,1.17,16.54,17.64,15.01,1.21,1.07,0.92,68.02,41.35,91.52,81.05,25.58,17.56,0.09,37.38
12-156,SAN MIGUEL TEHUISCO-LOS ANGELES-AYOMETITLA,TLALPAN,False,,,,2563,1271,1292,345,144,70,66,0,0,0,141,67,66,738,395,339,84,38,44,373,669,283,659,628,669,512,669,301,669,103,641,3,270,956,2201,8,1,9.92,13.46,5.62,5.51,5.11,0.0,0.0,0.0,5.5,5.27,5.11,28.79,31.08,26.24,3.28,2.99,3.41,55.75,42.94,93.87,76.53,44.99,16.07,1.11,43.43
12-157,SAN MIGUEL TOPILEJO (PBLO),TLALPAN,True,SAN MIGUEL TOPILEJO (PBLO),NAHUAS,NAHUATL,24482,12590,11876,1576,553,256,240,0,0,0,546,253,239,3639,1923,1687,306,124,122,3102,6060,1962,6020,5430,6074,4839,6074,2394,6026,664,5422,24,4288,7797,22581,117,7,9.45,6.44,2.26,2.03,2.02,0.0,0.0,0.0,2.23,2.01,2.01,14.86,15.27,14.21,1.25,0.98,1.03,51.19,32.59,89.4,79.67,39.73,12.25,0.56,34.53
12-158,SAN NICOLAS II,TLALPAN,False,,,,4527,2284,2234,222,67,15,24,0,0,0,63,14,23,868,442,419,35,16,8,836,1228,545,1228,1134,1228,959,1228,317,1166,286,1106,3,1071,820,4188,44,7,9.97,4.9,1.48,0.66,1.07,0.0,0.0,0.0,1.39,0.61,1.03,19.17,19.35,18.76,0.77,0.7,0.36,68.08,44.38,92.35,78.09,27.19,25.86,0.28,19.58
12-159,SAN PEDRO APOSTOL (BARR),TLALPAN,False,,,,1442,797,645,37,18,8,9,0,0,0,17,8,8,272,160,112,33,20,11,366,424,292,424,398,424,332,424,278,424,184,424,0,145,359,799,3,0,12.53,2.57,1.25,1.0,1.4,0.0,0.0,0.0,1.18,1.0,1.24,18.86,20.08,17.36,2.29,2.51,1.71,86.32,68.87,93.87,78.3,65.57,43.4,0.0,44.93
12-160,SAN PEDRO MARTIR (PBLO),TLALPAN,True,SAN PEDRO MARTIR (PBLO),NAHUAS,NAHUATL,14126,7393,6727,1102,487,230,229,0,0,0,476,224,227,2848,1539,1295,401,191,177,2902,3960,2153,3964,3664,3964,3153,3960,1398,3945,1144,3938,6,2222,4321,13839,61,3,11.23,7.8,3.45,3.11,3.4,0.0,0.0,0.0,3.37,3.03,3.37,20.16,20.82,19.25,2.84,2.58,2.63,73.28,54.31,92.43,79.62,35.44,29.05,0.27,31.22
12-161,SANTA URSULA XITLA,TLALPAN,False,,,,10289,5461,4827,322,112,56,45,3,0,0,107,54,42,1888,1086,784,354,174,162,2741,3164,2359,3164,3006,3164,2603,3164,1827,3141,1528,3158,9,2239,2710,9949,40,2,12.84,3.13,1.09,1.03,0.93,0.03,0.0,0.0,1.04,0.99,0.87,18.35,19.89,16.24,3.44,3.19,3.36,86.63,74.56,95.01,82.27,58.17,48.39,0.4,27.24
12-162,SANTISIMA TRINIDAD,TLALPAN,False,,,,1505,768,737,23,7,3,3,0,0,0,7,3,3,321,175,145,25,10,11,271,384,200,384,345,384,297,384,120,368,75,324,0,167,615,1503,10,0,10.79,1.53,0.47,0.39,0.41,0.0,0.0,0.0,0.47,0.39,0.41,21.33,22.79,19.67,1.66,1.3,1.49,70.57,52.08,89.84,77.34,32.61,23.15,0.0,40.92
12-163,SANTO TOMAS AJUSCO (PBLO),TLALPAN,True,SANTO TOMAS AJUSCO (PBLO),NAHUAS,NAHUATL,15888,8142,7713,827,279,113,105,0,0,0,273,113,105,2558,1356,1170,223,92,89,2549,4135,1636,4127,3774,4147,3297,4144,1160,4004,576,3851,14,2715,5461,15298,100,12,9.86,5.21,1.76,1.39,1.36,0.0,0.0,0.0,1.72,1.39,1.36,16.1,16.65,15.17,1.4,1.13,1.15,61.64,39.64,91.01,79.56,28.97,14.96,0.52,35.7
12-164,SAUZALES CEBADALES (U HAB),TLALPAN,False,,,,1991,1102,880,3,0,0,0,0,0,0,0,0,0,322,166,139,75,36,24,690,764,601,759,735,761,624,761,504,759,435,760,0,764,416,1953,36,4,14.1,0.15,0.0,0.0,0.0,0.0,0.0,0.0,0.0,0.0,0.0,16.17,15.06,15.8,3.77,3.27,2.73,90.31,79.18,96.58,82.0,66.4,57.24,0.0,21.3
12-165,SECCION XVI,TLALPAN,False,,,,1276,679,598,3,0,0,0,0,0,0,0,0,0,190,102,82,29,6,10,330,385,272,385,364,385,326,385,236,385,168,385,0,385,285,1170,16,1,13.19,0.24,0.0,0.0,0.0,0.0,0.0,0.0,0.0,0.0,0.0,14.89,15.02,13.71,2.27,0.88,1.67,85.71,70.65,94.55,84.68,61.3,43.64,0.0,24.36
12-166,SOLIDARIDAD,TLALPAN,False,,,,1732,853,871,116,40,15,17,0,0,0,40,15,17,486,264,222,40,21,14,292,452,154,452,427,452,384,452,153,452,70,452,0,309,534,1724,11,2,8.92,6.7,2.31,1.76,1.95,0.0,0.0,0.0,2.31,1.76,1.95,28.06,30.95,25.49,2.31,2.46,1.61,64.6,34.07,94.47,84.96,33.85,15.49,0.0,30.97
12-167,TECORRAL,TLALPAN,False,,,,1466,749,718,165,66,27,33,0,0,0,66,27,33,258,123,135,36,14,15,256,379,175,368,356,382,308,382,108,360,80,349,0,73,692,1234,7,1,10.68,11.26,4.5,3.6,4.6,0.0,0.0,0.0,4.5,3.6,4.6,17.6,16.42,18.8,2.46,1.87,2.09,67.55,47.55,93.19,80.63,30.0,22.92,0.0,56.08
12-168,TENORIOS INFONAVIT 1 Y 2 (U HAB),TLALPAN,False,,,,1719,934,785,3,0,0,0,0,0,0,0,0,0,334,196,127,18,4,0,526,588,445,588,556,588,474,588,366,588,281,588,0,572,354,1669,32,2,13.07,0.17,0.0,0.0,0.0,0.0,0.0,0.0,0.0,0.0,0.0,19.43,20.99,16.18,1.05,0.43,0.0,89.46,75.68,94.56,80.61,62.24,47.79,0.0,21.21
12-170,TEPETLICA EL ALTO-3 DE MAYO,TLALPAN,False,,,,1696,890,800,210,86,51,35,0,0,0,85,50,35,525,280,245,68,43,25,214,427,148,427,413,437,353,437,96,405,43,415,0,392,593,1543,6,1,9.77,12.38,5.07,5.73,4.38,0.0,0.0,0.0,5.01,5.62,4.38,30.96,31.46,30.62,4.01,4.83,3.12,50.12,34.66,94.51,80.78,23.7,10.36,0.0,38.43
12-171,TEPETONGO,TLALPAN,False,,,,1812,947,865,40,14,8,6,0,0,0,14,8,6,299,167,132,56,30,26,362,504,281,504,449,504,390,504,180,504,169,504,0,462,514,1769,9,0,10.77,2.21,0.77,0.84,0.69,0.0,0.0,0.0,0.77,0.84,0.69,16.5,17.63,15.26,3.09,3.17,3.01,71.83,55.75,89.09,77.38,35.71,33.53,0.0,29.06
12-172,TETENCO (PJE),TLALPAN,False,,,,980,513,467,23,12,8,3,0,0,0,12,8,3,211,118,92,37,12,18,245,274,225,274,265,274,213,274,140,274,132,274,0,274,230,817,5,0,13.59,2.35,1.22,1.56,0.64,0.0,0.0,0.0,1.22,1.56,0.64,21.53,23.0,19.7,3.78,2.34,3.85,89.42,82.12,96.72,77.74,51.09,48.18,0.0,28.15
12-173,TEZONTITLA,TLALPAN,False,,,,548,281,267,47,14,6,7,0,0,0,14,6,7,130,71,57,11,4,4,77,135,55,131,123,135,99,135,57,135,13,135,0,135,181,541,2,0,10.03,8.58,2.55,2.14,2.62,0.0,0.0,0.0,2.55,2.14,2.62,23.72,25.27,21.35,2.01,1.42,1.5,57.04,41.98,91.11,73.33,42.22,9.63,0.0,33.46
12-174,TEZONTITLA - EL CALVARIO (AMPL),TLALPAN,False,,,,981,502,479,58,21,11,11,0,0,0,21,10,11,155,78,77,15,7,7,97,231,54,231,199,231,165,231,79,231,22,231,4,231,357,400,0,0,8.68,5.91,2.14,2.19,2.3,0.0,0.0,0.0,2.14,1.99,2.3,15.8,15.54,16.08,1.53,1.39,1.46,41.99,23.38,86.15,71.43,34.2,9.52,1.73,89.25
12-175,TLALCOLIGIA,TLALPAN,False,,,,7519,3942,3566,160,66,31,24,0,0,0,66,31,24,1281,742,532,206,92,96,1617,2150,1263,2150,1986,2150,1811,2150,923,2150,679,2099,0,1973,2037,7459,37,3,11.29,2.13,0.88,0.79,0.67,0.0,0.0,0.0,0.88,0.79,0.67,17.04,18.82,14.92,2.74,2.33,2.69,75.21,58.74,92.37,84.23,42.93,32.35,0.0,27.31
12-176,TLALMILLE,TLALPAN,False,,,,3072,1602,1470,76,23,10,5,0,0,0,21,8,5,695,395,298,47,19,11,558,788,329,784,673,788,587,788,154,684,96,536,0,567,1153,3040,29,5,9.81,2.47,0.75,0.62,0.34,0.0,0.0,0.0,0.68,0.5,0.34,22.62,24.66,20.27,1.53,1.19,0.75,70.81,41.96,85.41,74.49,22.51,17.91,0.0,37.93
12-177,TLALPAN CENTRO,TLALPAN,False,,,,9029,4835,3952,92,70,39,14,0,0,0,70,39,14,1765,1118,621,402,226,156,2289,2620,2042,2616,2491,2623,2237,2619,1599,2605,1261,2579,0,2570,2329,8755,79,11,13.38,1.02,0.78,0.81,0.35,0.0,0.0,0.0,0.78,0.81,0.35,19.55,23.12,15.71,4.45,4.67,3.95,87.37,78.06,94.97,85.41,61.38,48.89,0.0,26.6
12-180,TORIELLO GUERRA,TLALPAN,False,,,,6728,3587,3012,85,40,21,12,0,0,0,40,21,11,1382,797,562,313,157,125,1857,2074,1617,2077,1971,2074,1652,2071,1424,2066,1046,2057,0,1166,1757,5492,67,6,13.48,1.26,0.59,0.59,0.4,0.0,0.0,0.0,0.59,0.59,0.37,20.54,22.22,18.66,4.65,4.38,4.15,89.54,77.85,95.03,79.77,68.93,50.85,0.0,31.99
12-181,TORRES DE PADIERNA,TLALPAN,False,,,,2266,1166,1100,69,16,4,5,0,0,0,16,4,5,475,288,183,45,24,17,435,633,302,633,578,633,466,633,215,633,164,606,0,531,611,2259,18,0,10.27,3.05,0.71,0.34,0.45,0.0,0.0,0.0,0.71,0.34,0.45,20.96,24.7,16.64,1.99,2.06,1.55,68.72,47.71,91.31,73.62,33.97,27.06,0.0,27.05
12-182,TRES FUENTES (U HAB),TLALPAN,False,,,,1123,645,478,0,0,0,0,0,0,0,0,0,0,197,115,51,20,1,5,428,472,388,472,460,472,360,472,325,472,221,443,0,472,236,966,33,1,14.55,0.0,0.0,0.0,0.0,0.0,0.0,0.0,0.0,0.0,0.0,17.54,17.83,10.67,1.78,0.16,1.05,90.68,82.2,97.46,76.27,68.86,49.89,0.0,24.43
12-183,VALLE DE TEPEPAN,TLALPAN,False,,,,2671,1416,1253,86,44,26,18,0,0,0,44,26,18,514,288,222,71,40,28,604,748,515,745,713,748,586,740,445,745,340,740,0,109,825,2378,12,1,12.63,3.22,1.65,1.84,1.44,0.0,0.0,0.0,1.65,1.84,1.44,19.24,20.34,17.72,2.66,2.82,2.23,80.75,69.13,95.32,79.19,59.73,45.95,0.0,34.69
12-184,VALLE ESCONDIDO,TLALPAN,False,,,,4274,2207,1932,90,43,27,15,0,0,0,43,27,15,743,438,296,162,93,63,1249,1352,1141,1352,1311,1352,1124,1352,931,1352,849,1344,0,686,1033,3032,24,4,13.94,2.11,1.01,1.22,0.78,0.0,0.0,0.0,1.01,1.22,0.78,17.38,19.85,15.32,3.79,4.21,3.26,92.38,84.39,96.97,83.14,68.86,63.17,0.0,34.07
12-185,VALLE VERDE,TLALPAN,False,,,,927,459,418,7,0,0,0,0,0,0,0,0,0,149,78,71,7,0,0,175,220,129,220,202,220,190,220,124,220,52,220,0,220,330,870,6,0,10.95,0.76,0.0,0.0,0.0,0.0,0.0,0.0,0.0,0.0,0.0,16.07,16.99,16.99,0.76,0.0,0.0,79.55,58.64,91.82,86.36,56.36,23.64,0.0,37.93
12-186,VERANO,TLALPAN,False,,,,1242,644,598,52,16,10,6,0,0,0,16,10,6,245,144,100,11,4,0,261,347,185,347,324,347,317,347,144,347,96,347,0,275,346,1238,8,2,9.92,4.19,1.29,1.55,1.0,0.0,0.0,0.0,1.29,1.55,1.0,19.73,22.36,16.72,0.89,0.62,0.0,75.22,53.31,93.37,91.35,41.5,27.67,0.0,27.95
12-188,VERGEL DE COYOACAN-VERGEL DEL SUR,TLALPAN,False,,,,2250,1224,1025,5,0,0,0,0,0,0,0,0,0,469,255,211,64,37,18,657,713,611,713,688,713,574,713,537,713,410,713,0,713,483,2249,31,0,14.56,0.22,0.0,0.0,0.0,0.0,0.0,0.0,0.0,0.0,0.0,20.84,20.83,20.59,2.84,3.02,1.76,92.15,85.69,96.49,80.5,75.32,57.5,0.0,21.48
12-191,VILLA COAPA (RDCIAL),TLALPAN,False,,,,2163,1154,1009,12,0,0,0,0,0,0,0,0,0,405,240,162,55,31,19,660,701,593,701,680,701,599,701,450,701,395,701,0,671,517,2162,22,1,14.42,0.55,0.0,0.0,0.0,0.0,0.0,0.0,0.0,0.0,0.0,18.72,20.8,16.06,2.54,2.69,1.88,94.15,84.59,97.0,85.45,64.19,56.35,0.0,23.91
12-193,VILLA DEL PUENTE FOVISSSTE  (U HAB),TLALPAN,False,,,,783,445,338,12,4,4,0,0,0,0,4,4,0,152,90,63,36,17,17,249,263,226,263,258,263,185,263,196,263,159,263,0,181,178,643,3,0,14.35,1.53,0.51,0.9,0.0,0.0,0.0,0.0,0.51,0.9,0.0,19.41,20.22,18.64,4.6,3.82,5.03,94.68,85.93,98.1,70.34,74.52,60.46,0.0,27.68
12-194,VILLA LAZARO CARDENAS,TLALPAN,False,,,,3859,2032,1821,57,27,10,14,0,0,0,27,10,14,668,346,309,155,66,71,1097,1247,1003,1247,1201,1247,992,1247,823,1247,603,1238,0,1247,947,3853,36,4,13.34,1.48,0.7,0.49,0.77,0.0,0.0,0.0,0.7,0.49,0.77,17.31,17.03,16.97,4.02,3.25,3.9,87.97,80.43,96.31,79.55,66.0,48.71,0.0,24.58
12-195,VILLA OLIMPICA LIBERADOR MIGUEL HIDALGO (U HAB),TLALPAN,False,,,,1875,1051,824,31,6,3,0,0,0,0,6,3,0,424,232,192,155,78,68,770,800,729,800,777,800,665,800,554,800,571,800,0,800,378,1875,19,4,16.15,1.65,0.32,0.29,0.0,0.0,0.0,0.0,0.32,0.29,0.0,22.61,22.07,23.3,8.27,7.42,8.25,96.25,91.12,97.12,83.12,69.25,71.38,0.0,20.16
12-198,VISTAS DEL PEDREGAL,TLALPAN,False,,,,2378,1223,1155,85,19,4,3,0,0,0,19,4,3,510,269,240,37,20,15,385,641,234,641,579,641,491,641,150,641,113,616,3,594,836,2270,15,2,9.56,3.57,0.8,0.33,0.26,0.0,0.0,0.0,0.8,0.33,0.26,21.45,22.0,20.78,1.56,1.64,1.3,60.06,36.51,90.33,76.6,23.4,18.34,0.51,36.83
12-199,VIVEROS DE COACTETLAN,TLALPAN,False,,,,3964,2074,1885,369,121,62,50,0,0,0,119,61,48,1009,561,439,108,54,46,768,1038,573,1023,967,1038,808,1035,321,1023,265,1019,0,905,1257,3899,26,1,10.98,9.31,3.05,2.99,2.65,0.0,0.0,0.0,3.0,2.94,2.55,25.45,27.05,23.29,2.72,2.6,2.44,73.99,56.01,93.16,78.07,31.38,26.01,0.0,32.24
12-200,XAXALCO,TLALPAN,False,,,,2076,1035,1041,176,59,29,28,0,0,0,58,28,27,488,250,238,37,18,18,233,524,140,515,479,524,378,524,220,515,40,486,6,524,687,1473,7,0,9.06,8.48,2.84,2.8,2.69,0.0,0.0,0.0,2.79,2.71,2.59,23.51,24.15,22.86,1.78,1.74,1.73,44.47,27.18,91.41,72.14,42.72,8.23,1.15,46.64
12-201,XAXALIPAC,TLALPAN,False,,,,1393,714,679,267,95,50,44,0,0,0,93,50,43,348,184,161,26,10,16,169,344,110,348,329,348,281,348,144,344,38,348,2,348,362,1182,3,0,9.37,19.17,6.82,7.0,6.48,0.0,0.0,0.0,6.68,7.0,6.33,24.98,25.77,23.71,1.87,1.4,2.36,49.13,31.61,94.54,80.75,41.86,10.92,0.57,30.63
12-202,ZACATIENDA,TLALPAN,False,,,,889,481,408,48,14,8,6,0,0,0,14,8,6,242,134,108,42,27,16,169,233,126,225,223,233,194,233,74,225,78,225,0,174,285,868,6,1,11.22,5.4,1.57,1.66,1.47,0.0,0.0,0.0,1.57,1.66,1.47,27.22,27.86,26.47,4.72,5.61,3.92,72.53,56.0,95.71,83.26,32.89,34.67,0.0,32.83
12-204,ZAPOTE-LUIS DONALDO COLOSIO (U HABS),TLALPAN,False,,,,1424,782,635,9,0,0,0,0,0,0,0,0,0,301,163,117,76,31,34,420,514,344,514,488,514,426,514,316,514,218,498,0,514,279,1319,34,2,12.29,0.63,0.0,0.0,0.0,0.0,0.0,0.0,0.0,0.0,0.0,21.14,20.84,18.43,5.34,3.96,5.35,81.71,66.93,94.94,82.88,61.48,43.78,0.0,21.15
12-205,2 DE OCTUBRE,TLALPAN,False,,,,5791,2954,2829,317,94,45,16,0,0,0,93,44,16,1388,760,626,104,43,37,1035,1593,664,1593,1451,1593,1335,1593,402,1593,316,1566,0,1355,1643,5771,33,5,9.67,5.47,1.62,1.52,0.57,0.0,0.0,0.0,1.61,1.49,0.57,23.97,25.73,22.13,1.8,1.46,1.31,64.97,41.68,91.09,83.8,25.24,20.18,0.0,28.47
12-208,SAN MIGUEL TOXIAC,TLALPAN,False,,,,693,328,365,21,8,0,4,0,0,0,8,0,4,177,93,84,29,12,15,110,163,80,163,154,163,118,163,67,163,25,133,0,163,247,693,5,1,10.07,3.03,1.15,0.0,1.1,0.0,0.0,0.0,1.15,0.0,1.1,25.54,28.35,23.01,4.18,3.66,4.11,67.48,49.08,94.48,72.39,41.1,18.8,0.0,35.64
12-209,HEROES DE PADIERNA I,TLALPAN,False,,,,8203,4315,3886,196,50,21,21,0,0,0,50,21,21,1551,885,657,180,79,56,1876,2389,1541,2389,2235,2389,1908,2389,1095,2389,775,2331,0,2185,2386,8159,77,6,11.77,2.39,0.61,0.49,0.54,0.0,0.0,0.0,0.61,0.49,0.54,18.91,20.51,16.91,2.19,1.83,1.44,78.53,64.5,93.55,79.87,45.84,33.25,0.0,29.24
12-210,HEROES DE PADIERNA II,TLALPAN,False,,,,8498,4403,4079,153,42,8,10,0,0,0,42,8,10,1627,898,707,155,65,46,1937,2437,1560,2437,2283,2440,1964,2435,1147,2406,913,2407,0,2107,2280,8371,81,8,11.74,1.8,0.49,0.18,0.25,0.0,0.0,0.0,0.49,0.18,0.25,19.15,20.4,17.33,1.82,1.48,1.13,79.48,64.01,93.57,80.66,47.67,37.93,0.0,27.24
12-211,LOMAS DE  PADIERNA I,TLALPAN,False,,,,10327,5408,4915,198,70,28,21,0,0,0,68,27,21,1787,1047,733,136,62,49,2234,2953,1692,2948,2678,2953,2373,2953,1188,2918,780,2719,0,2609,2898,10291,70,7,11.1,1.92,0.68,0.52,0.43,0.0,0.0,0.0,0.66,0.5,0.43,17.3,19.36,14.91,1.32,1.15,1.0,75.65,57.39,90.69,80.36,40.71,28.69,0.0,28.16
12-212,LOMAS DE  PADIERNA II,TLALPAN,False,,,,8773,4516,4245,361,96,30,42,0,0,0,96,30,42,1847,1030,811,221,91,85,1998,2543,1563,2531,2345,2543,2029,2543,1169,2537,934,2532,0,2141,2329,8746,71,6,11.47,4.11,1.09,0.66,0.99,0.0,0.0,0.0,1.09,0.66,0.99,21.05,22.81,19.1,2.52,2.02,2.0,78.57,61.75,92.21,79.79,46.08,36.89,0.0,26.63
12-213,PEDREGAL DE SN NICOLAS 4A SECC I,TLALPAN,False,,,,10685,5497,5188,321,133,49,45,0,0,0,132,48,45,1923,1090,831,98,23,41,1807,2967,1192,2967,2592,2967,2254,2967,816,2967,470,2874,10,2320,3497,10611,54,3,9.84,3.0,1.24,0.89,0.87,0.0,0.0,0.0,1.24,0.87,0.87,18.0,19.83,16.02,0.92,0.42,0.79,60.9,40.18,87.36,75.97,27.5,16.35,0.43,32.96
12-214,PEDREGAL DE SN NICOLAS 4A SECC II,TLALPAN,False,,,,10378,5403,4975,150,38,12,11,0,0,0,38,12,11,1564,884,677,207,88,85,2165,2970,1645,2970,2728,2970,2418,2970,1243,2970,882,2943,0,2442,2841,10326,64,4,10.87,1.45,0.37,0.22,0.22,0.0,0.0,0.0,0.37,0.22,0.22,15.07,16.36,13.61,1.99,1.63,1.71,72.9,55.39,91.85,81.41,41.85,29.97,0.0,27.51
12-215,BELISARIO DOMINGUEZ,TLALPAN,False,,,,877,460,376,3,0,0,0,0,0,0,0,0,0,130,85,44,11,0,3,223,251,175,251,239,251,217,251,136,251,79,241,0,251,239,834,13,2,12.5,0.34,0.0,0.0,0.0,0.0,0.0,0.0,0.0,0.0,0.0,14.82,18.48,11.7,1.25,0.0,0.8,88.84,69.72,95.22,86.45,54.18,32.78,0.0,28.66
12-216,LA MAGUEYERA,TLALPAN,False,,,,433,227,206,38,10,4,3,0,0,0,10,4,3,108,53,51,4,2,1,80,106,53,94,96,106,88,106,37,101,20,106,0,88,196,331,4,0,10.77,8.78,2.31,1.76,1.46,0.0,0.0,0.0,2.31,1.76,1.46,24.94,23.35,24.76,0.92,0.88,0.49,75.47,56.38,90.57,83.02,36.63,18.87,0.0,59.21
12-217,NARCISO MENDOZA VILLA COAPA SUPERMANZANA 8 (U HAB),TLALPAN,False,,,,1785,941,843,4,1,1,0,0,0,0,1,1,0,362,201,161,72,30,36,575,612,527,612,590,612,535,612,431,612,336,612,0,376,461,1717,11,0,14.97,0.22,0.06,0.11,0.0,0.0,0.0,0.0,0.06,0.11,0.0,20.28,21.36,19.1,4.03,3.19,4.27,93.95,86.11,96.41,87.42,70.42,54.9,0.0,26.85
12-218,CONJUNTO HABITACIONAL PEDREGAL DEL LAGO,TLALPAN,False,,,,977,559,418,10,12,7,4,0,0,0,12,7,4,176,111,65,74,49,26,415,426,397,426,421,426,313,426,364,426,322,426,0,426,164,889,1,0,15.17,1.02,1.23,1.25,0.96,0.0,0.0,0.0,1.23,1.25,0.96,18.01,19.86,15.55,7.57,8.77,6.22,97.42,93.19,98.83,73.47,85.45,75.59,0.0,18.45
12-219,EJIDOS DE SAN PEDRO MARTIR II (SUR),TLALPAN,False,,,,7668,4009,3659,428,165,87,63,0,0,0,164,87,63,1543,879,659,171,87,64,1484,2105,1116,2101,1959,2105,1622,2105,792,2083,511,2049,5,1665,2314,6693,32,2,11.15,5.58,2.15,2.17,1.72,0.0,0.0,0.0,2.14,2.17,1.72,20.12,21.93,18.01,2.23,2.17,1.75,70.5,53.12,93.06,77.05,38.02,24.94,0.3,34.57
12-220,ISIDRO FABELA II (ORIENTE),TLALPAN,False,,,,6719,3505,3215,119,44,12,18,0,0,0,44,12,18,1143,653,490,173,81,73,1536,2009,1197,2009,1860,2009,1531,2009,1113,2009,639,1999,0,1549,1825,6618,29,0,11.42,1.77,0.65,0.34,0.56,0.0,0.0,0.0,0.65,0.34,0.56,17.01,18.63,15.24,2.57,2.31,2.27,76.46,59.58,92.58,76.21,55.4,31.97,0.0,27.58
12-221,LOMA BONITA-AMPLIACION TEPEXIMILPA,TLALPAN,False,,,,537,290,247,11,0,0,0,0,0,0,0,0,0,80,44,30,0,0,0,111,145,82,141,131,145,115,145,56,145,38,118,0,123,175,439,9,1,10.62,2.05,0.0,0.0,0.0,0.0,0.0,0.0,0.0,0.0,0.0,14.9,15.17,12.15,0.0,0.0,0.0,76.55,58.16,90.34,79.31,38.62,32.2,0.0,39.86
12-222,LOMAS DE TEPEMECATL,TLALPAN,False,,,,3818,1917,1901,412,147,60,70,0,0,0,146,59,70,1131,567,538,103,47,34,265,826,194,825,913,969,766,947,397,878,40,646,0,783,1111,3760,46,0,8.92,10.79,3.85,3.13,3.68,0.0,0.0,0.0,3.82,3.08,3.68,29.62,29.58,28.3,2.7,2.45,1.79,32.08,23.52,94.22,80.89,45.22,6.19,0.0,29.55
12-223,RESIDENCIAL FUENTES DE CANTERA (U HAB),TLALPAN,False,,,,673,382,289,4,0,0,0,0,0,0,0,0,0,123,67,41,16,6,5,252,277,240,277,272,277,216,277,161,271,177,273,0,277,133,629,17,0,14.55,0.59,0.0,0.0,0.0,0.0,0.0,0.0,0.0,0.0,0.0,18.28,17.54,14.19,2.38,1.57,1.73,90.97,86.64,98.19,77.98,59.41,64.84,0.0,21.14
12-224,ATOCPA,TLALPAN,False,,,,603,293,310,65,19,11,9,0,0,0,18,10,8,131,64,67,20,11,8,100,143,76,143,133,143,117,143,39,143,44,143,0,4,210,281,1,0,10.52,10.78,3.15,3.75,2.9,0.0,0.0,0.0,2.99,3.41,2.58,21.72,21.84,21.61,3.32,3.75,2.58,69.93,53.15,93.01,81.82,27.27,30.77,0.0,74.73
12-225,CHIMALI,TLALPAN,False,,,,918,491,428,7,2,0,2,0,0,0,2,0,2,177,99,78,48,17,20,291,306,268,306,295,306,263,306,259,306,188,306,0,306,198,795,10,3,14.8,0.76,0.22,0.0,0.47,0.0,0.0,0.0,0.22,0.0,0.47,19.28,20.16,18.22,5.23,3.46,4.67,95.1,87.58,96.41,85.95,84.64,61.44,0.0,24.91
12-226,LA VENTA-AMPLIACION LA VENTA,TLALPAN,False,,,,928,476,448,126,47,21,12,0,0,0,47,21,12,240,132,107,19,9,4,100,231,52,218,222,236,175,236,102,223,10,125,0,165,293,759,11,2,9.21,13.58,5.06,4.41,2.68,0.0,0.0,0.0,5.06,4.41,2.68,25.86,27.73,23.88,2.05,1.89,0.89,43.29,23.85,94.07,74.15,45.74,8.0,0.0,38.6
17-001,AARON SAENZ,VENUSTIANO CARRANZA,False,,,,433,234,199,8,8,4,4,0,0,0,8,4,4,57,33,22,0,0,0,112,129,94,129,120,129,104,129,84,129,57,129,0,129,144,433,5,1,12.57,1.85,1.85,1.71,2.01,0.0,0.0,0.0,1.85,1.71,2.01,13.16,14.1,11.06,0.0,0.0,0.0,86.82,72.87,93.02,80.62,65.12,44.19,0.0,33.26
17-002,ADOLFO LOPEZ MATEOS,VENUSTIANO CARRANZA,False,,,,7129,3770,3352,79,11,3,3,0,0,0,11,3,3,1213,696,507,77,26,28,1335,1845,1040,1845,1650,1845,1396,1845,628,1803,387,1672,0,1700,1897,7085,52,4,10.99,1.11,0.15,0.08,0.09,0.0,0.0,0.0,0.15,0.08,0.09,17.02,18.46,15.13,1.08,0.69,0.84,72.36,56.37,89.43,75.66,34.83,23.15,0.0,26.77
17-003,AERONAUTICA MILITAR,VENUSTIANO CARRANZA,False,,,,2400,1250,1144,12,8,4,0,0,0,0,8,4,0,325,192,126,52,21,10,794,927,685,927,888,927,858,927,543,927,356,927,0,833,533,2394,26,2,12.65,0.5,0.33,0.32,0.0,0.0,0.0,0.0,0.33,0.32,0.0,13.54,15.36,11.01,2.17,1.68,0.87,85.65,73.89,95.79,92.56,58.58,38.4,0.0,22.26
17-004,ALVARO OBREGON,VENUSTIANO CARRANZA,False,,,,3107,1651,1456,62,20,0,9,0,0,0,20,0,9,340,197,136,34,16,9,681,852,541,852,788,852,629,852,484,852,356,852,0,750,796,3105,24,2,11.98,2.0,0.64,0.0,0.62,0.0,0.0,0.0,0.64,0.0,0.62,10.94,11.93,9.34,1.09,0.97,0.62,79.93,63.5,92.49,73.83,56.81,41.78,0.0,25.64
17-005,AQUILES SERDAN,VENUSTIANO CARRANZA,False,,,,8584,4456,4127,131,19,8,3,0,0,0,19,8,3,1173,674,485,325,142,140,1821,2543,1406,2538,2356,2549,1935,2549,1241,2538,777,2527,0,2372,2284,8564,61,2,11.32,1.53,0.22,0.18,0.07,0.0,0.0,0.0,0.22,0.18,0.07,13.66,15.13,11.75,3.79,3.19,3.39,71.61,55.4,92.43,75.91,48.9,30.75,0.0,26.67
17-006,ARTES GRAFICAS,VENUSTIANO CARRANZA,False,,,,10768,5596,5165,342,176,92,81,0,0,0,172,88,81,1883,975,892,450,204,244,2615,3162,2071,3154,3014,3166,2484,3166,1667,3157,1443,3138,0,1165,2564,10725,28,5,11.57,3.18,1.63,1.64,1.57,0.0,0.0,0.0,1.6,1.57,1.57,17.49,17.42,17.27,4.18,3.65,4.72,82.7,65.66,95.2,78.46,52.8,45.98,0.0,23.91
17-007,AVIACION CIVIL,VENUSTIANO CARRANZA,False,,,,6036,3181,2854,216,93,33,29,0,0,0,91,33,27,1269,708,557,249,114,122,1340,1870,1028,1870,1703,1870,1408,1870,751,1870,554,1870,3,1396,1850,6027,35,2,11.36,3.58,1.54,1.04,1.02,0.0,0.0,0.0,1.51,1.04,0.95,21.02,22.26,19.52,4.13,3.58,4.27,71.66,54.97,91.07,75.29,40.16,29.63,0.21,30.7
17-008,AVIACION CIVIL (AMPL),VENUSTIANO CARRANZA,False,,,,1985,1006,979,59,27,10,14,0,0,0,27,10,14,461,256,205,138,64,68,505,666,389,666,618,666,554,666,307,666,243,666,0,509,646,1983,12,2,11.77,2.97,1.36,0.99,1.43,0.0,0.0,0.0,1.36,0.99,1.43,23.22,25.45,20.94,6.95,6.36,6.95,75.83,58.41,92.79,83.18,46.1,36.49,0.0,32.58
17-009,AZTECA,VENUSTIANO CARRANZA,False,,,,1848,952,892,29,4,0,0,0,0,0,4,0,0,229,123,94,29,14,7,367,501,260,501,456,501,379,501,194,472,107,377,0,501,441,1748,21,5,10.8,1.57,0.22,0.0,0.0,0.0,0.0,0.0,0.22,0.0,0.0,12.39,12.92,10.54,1.57,1.47,0.78,73.25,51.9,91.02,75.65,41.1,28.38,0.0,25.23
17-010,BAHIA (U HAB),VENUSTIANO CARRANZA,False,,,,2314,1249,1060,23,3,0,0,0,0,0,3,0,0,491,299,188,112,46,37,748,827,643,827,801,827,640,827,508,827,400,827,0,827,501,2298,27,2,13.45,0.99,0.13,0.0,0.0,0.0,0.0,0.0,0.13,0.0,0.0,21.22,23.94,17.74,4.84,3.68,3.49,90.45,77.75,96.86,77.39,61.43,48.37,0.0,21.8
17-011,CANDELARIA DE LOS PATOS (U HAB),VENUSTIANO CARRANZA,False,,,,1883,1033,850,22,8,3,3,0,0,0,8,3,3,445,251,194,51,28,20,492,599,408,599,565,599,486,599,310,599,223,599,0,599,539,1883,6,0,11.66,1.17,0.42,0.29,0.35,0.0,0.0,0.0,0.42,0.29,0.35,23.63,24.3,22.82,2.71,2.71,2.35,82.14,68.11,94.32,81.14,51.75,37.23,0.0,28.62
17-012,CARACOL,VENUSTIANO CARRANZA,False,,,,5046,2675,2362,93,36,0,17,0,0,0,36,0,17,909,477,423,121,55,37,1102,1510,846,1510,1360,1510,1105,1510,529,1505,370,1477,0,1386,1501,5030,45,3,10.95,1.84,0.71,0.0,0.72,0.0,0.0,0.0,0.71,0.0,0.72,18.01,17.83,17.91,2.4,2.06,1.57,72.98,56.03,90.07,73.18,35.15,25.05,0.0,29.84
17-013,CARACOL (AMPL),VENUSTIANO CARRANZA,False,,,,4496,2354,2142,39,8,0,3,0,0,0,7,0,0,734,402,330,126,52,39,877,1187,599,1187,1037,1187,909,1187,403,1164,310,1111,0,985,1308,4496,29,2,10.46,0.87,0.18,0.0,0.14,0.0,0.0,0.0,0.16,0.0,0.0,16.33,17.08,15.41,2.8,2.21,1.82,73.88,50.46,87.36,76.58,34.62,27.9,0.0,29.09
17-015,CUATRO ARBOLES,VENUSTIANO CARRANZA,False,,,,2351,1252,1096,35,10,0,3,0,0,0,10,0,3,367,215,144,58,34,15,581,728,458,728,661,728,552,728,347,728,232,728,0,721,598,2309,19,1,11.65,1.49,0.43,0.0,0.27,0.0,0.0,0.0,0.43,0.0,0.27,15.61,17.17,13.14,2.47,2.72,1.37,79.81,62.91,90.8,75.82,47.66,31.87,0.0,25.9
17-016,CUCHILLA PANTITLAN,VENUSTIANO CARRANZA,False,,,,8398,4380,4018,262,84,40,27,0,0,0,84,40,27,1590,905,664,283,148,120,1787,2471,1247,2433,2221,2471,1765,2471,831,2409,599,2373,3,1473,2175,8345,48,3,10.61,3.12,1.0,0.91,0.67,0.0,0.0,0.0,1.0,0.91,0.67,18.93,20.66,16.53,3.37,3.38,2.99,72.32,51.25,89.88,71.43,34.5,25.24,0.2,26.06
17-017,DAMIAN CARMONA,VENUSTIANO CARRANZA,False,,,,2871,1473,1398,77,23,3,8,0,0,0,23,3,8,336,171,156,36,9,19,553,850,351,842,727,850,688,850,348,850,152,699,0,682,892,2825,23,1,10.31,2.68,0.8,0.2,0.57,0.0,0.0,0.0,0.8,0.2,0.57,11.7,11.61,11.16,1.25,0.61,1.36,65.06,41.69,85.53,80.94,40.94,21.75,0.0,31.58
17-018,EL ARENAL 1A SECCION,VENUSTIANO CARRANZA,False,,,,5124,2644,2479,56,31,12,12,0,0,0,31,12,12,762,408,340,51,24,18,1188,1560,858,1560,1430,1560,1250,1560,512,1543,349,1543,9,1245,1644,5084,34,1,10.88,1.09,0.6,0.45,0.48,0.0,0.0,0.0,0.6,0.45,0.48,14.87,15.43,13.72,1.0,0.91,0.73,76.15,55.0,91.67,80.13,33.18,22.62,0.72,32.34
17-019,EL ARENAL 2A SECCION,VENUSTIANO CARRANZA,False,,,,752,402,340,30,4,1,3,0,0,0,4,1,3,151,86,66,28,17,9,127,194,90,194,181,194,150,194,64,194,52,194,0,147,192,632,6,1,9.95,3.99,0.53,0.25,0.88,0.0,0.0,0.0,0.53,0.25,0.88,20.08,21.39,19.41,3.72,4.23,2.65,65.46,46.39,93.3,77.32,32.99,26.8,0.0,30.38
17-020,EL ARENAL 3A SECCION,VENUSTIANO CARRANZA,False,,,,2045,1053,986,60,33,16,13,0,0,0,32,15,13,397,225,168,42,16,17,378,551,269,551,486,551,404,551,182,551,130,532,0,478,427,2039,15,1,10.37,2.93,1.61,1.52,1.32,0.0,0.0,0.0,1.56,1.42,1.32,19.41,21.37,17.04,2.05,1.52,1.72,68.6,48.82,88.2,73.32,33.03,24.44,0.0,20.94
17-021,EL ARENAL 4A SECCION,VENUSTIANO CARRANZA,False,,,,10847,5635,5188,445,222,109,83,5,4,0,210,103,77,2121,1156,965,261,117,121,1931,2858,1442,2858,2554,2858,2232,2858,864,2858,595,2821,0,2061,2898,10814,58,5,10.42,4.1,2.05,1.93,1.6,0.05,0.07,0.0,1.94,1.83,1.48,19.55,20.51,18.6,2.41,2.08,2.33,67.56,50.45,89.36,78.1,30.23,21.09,0.0,26.8
17-022,EL ARENAL PTO AEREO (FRACC),VENUSTIANO CARRANZA,False,,,,4523,2348,2156,208,40,11,13,0,0,0,38,9,13,585,290,179,57,23,19,717,1156,441,974,1008,1182,899,1169,334,843,126,547,0,1037,1298,3984,135,9,9.14,4.6,0.88,0.47,0.6,0.0,0.0,0.0,0.84,0.38,0.6,12.93,12.35,8.3,1.26,0.98,0.88,62.02,45.28,85.28,76.9,39.62,23.03,0.0,32.58
17-023,EL PARQUE,VENUSTIANO CARRANZA,False,,,,2661,1415,1222,38,10,4,6,0,0,0,10,4,6,307,149,120,37,15,15,723,865,611,858,800,865,729,865,525,865,348,837,0,828,613,2478,68,5,12.66,1.43,0.38,0.28,0.49,0.0,0.0,0.0,0.38,0.28,0.49,11.54,10.53,9.82,1.39,1.06,1.23,83.58,71.21,92.49,84.28,60.69,41.58,0.0,24.74
17-024,EMILIANO ZAPATA (U HAB),VENUSTIANO CARRANZA,False,,,,516,266,249,16,8,3,3,0,0,0,8,3,3,118,69,49,32,17,16,138,172,117,172,161,172,136,172,79,172,69,172,0,148,175,249,3,0,12.09,3.1,1.55,1.13,1.2,0.0,0.0,0.0,1.55,1.13,1.2,22.87,25.94,19.68,6.2,6.39,6.43,80.23,68.02,93.6,79.07,45.93,40.12,0.0,70.28
17-025,EMILIO CARRANZA,VENUSTIANO CARRANZA,False,,,,4690,2407,2283,74,39,22,9,0,0,0,37,21,9,509,275,229,101,51,28,896,1364,649,1364,1211,1364,1009,1364,556,1364,359,1335,0,992,1584,4680,26,0,10.55,1.58,0.83,0.91,0.39,0.0,0.0,0.0,0.79,0.87,0.39,10.85,11.43,10.03,2.15,2.12,1.23,65.69,47.58,88.78,73.97,40.76,26.89,0.0,33.85
17-026,FEDERAL,VENUSTIANO CARRANZA,False,,,,10768,5643,5110,189,48,18,3,0,0,0,48,18,3,1970,1122,834,474,223,187,2776,3522,2290,3522,3274,3522,2475,3522,1661,3522,1207,3354,3,3032,2926,10710,95,6,12.1,1.76,0.45,0.32,0.06,0.0,0.0,0.0,0.45,0.32,0.06,18.29,19.88,16.32,4.4,3.95,3.66,78.82,65.02,92.96,70.27,47.16,35.99,0.1,27.32
17-027,FELIPE ANGELES,VENUSTIANO CARRANZA,False,,,,2875,1483,1389,98,49,17,11,0,0,0,46,14,11,450,259,181,70,31,24,606,835,464,831,768,835,645,835,358,831,222,835,0,835,877,2865,31,0,11.01,3.41,1.7,1.15,0.79,0.0,0.0,0.0,1.6,0.94,0.79,15.65,17.46,13.03,2.43,2.09,1.73,72.57,55.84,91.98,77.25,43.08,26.59,0.0,30.61
17-028,FIVIPORT (U HAB),VENUSTIANO CARRANZA,False,,,,5065,2713,2352,113,28,14,10,0,0,0,28,14,10,823,449,327,126,43,39,1297,1623,1101,1623,1559,1623,1266,1623,786,1600,694,1552,0,1623,885,4712,92,6,12.18,2.23,0.55,0.52,0.43,0.0,0.0,0.0,0.55,0.52,0.43,16.25,16.55,13.9,2.49,1.58,1.66,79.91,67.84,96.06,78.0,49.12,44.72,0.0,18.78
17-030,INDUSTRIAL PUERTO AEREO (FRACC),VENUSTIANO CARRANZA,False,,,,93,49,41,8,6,0,4,0,0,0,6,0,4,23,14,9,0,0,0,22,38,12,38,33,38,31,38,11,38,8,38,0,0,24,86,9,1,9.6,8.6,6.45,0.0,9.76,0.0,0.0,0.0,6.45,0.0,9.76,24.73,28.57,21.95,0.0,0.0,0.0,57.89,31.58,86.84,81.58,28.95,21.05,,27.91
17-031,JAMAICA,VENUSTIANO CARRANZA,False,,,,4440,2294,2146,85,38,20,15,0,0,0,37,19,15,997,553,432,309,157,149,1319,1547,1161,1530,1487,1547,1205,1547,802,1520,766,1492,0,686,1156,4422,20,0,12.84,1.91,0.86,0.87,0.7,0.0,0.0,0.0,0.83,0.83,0.7,22.45,24.11,20.13,6.96,6.84,6.94,85.26,75.88,96.12,77.89,52.76,51.34,0.0,26.14
17-032,JANITZIO,VENUSTIANO CARRANZA,False,,,,2460,1291,1168,30,10,3,4,0,0,0,10,3,4,272,143,113,48,20,19,516,720,368,704,649,720,575,720,291,720,130,622,0,720,908,2459,24,2,10.86,1.22,0.41,0.23,0.34,0.0,0.0,0.0,0.41,0.23,0.34,11.06,11.08,9.67,1.95,1.55,1.63,71.67,52.27,90.14,79.86,40.42,20.9,0.0,36.93
17-034,KENNEDY (U HAB),VENUSTIANO CARRANZA,False,,,,7458,4103,3353,39,18,7,3,0,0,0,18,7,3,1162,693,422,217,66,85,2385,2807,2020,2807,2606,2807,2166,2807,1684,2807,1270,2796,0,2740,1769,7229,103,14,13.03,0.52,0.24,0.17,0.09,0.0,0.0,0.0,0.24,0.17,0.09,15.58,16.89,12.59,2.91,1.61,2.54,84.97,71.96,92.84,77.16,59.99,45.42,0.0,24.47
17-035,LORENZO BOTURINI,VENUSTIANO CARRANZA,False,,,,8246,4372,3875,111,48,20,16,0,0,0,48,20,16,1407,760,638,292,144,133,2313,2838,1997,2838,2694,2838,2237,2838,1587,2802,1335,2808,0,2728,2212,8168,40,4,12.89,1.35,0.58,0.46,0.41,0.0,0.0,0.0,0.58,0.46,0.41,17.06,17.38,16.46,3.54,3.29,3.43,81.5,70.37,94.93,78.82,56.64,47.54,0.0,27.08
17-036,MAGDALENA  MIXHUCA,VENUSTIANO CARRANZA,False,,,,4869,2557,2305,166,75,26,28,0,0,0,75,26,28,751,428,320,103,42,47,1037,1399,808,1399,1283,1402,1143,1399,623,1402,412,1402,3,1277,1328,4862,24,2,10.87,3.41,1.54,1.02,1.21,0.0,0.0,0.0,1.54,1.02,1.21,15.42,16.74,13.88,2.12,1.64,2.04,74.12,57.76,91.51,81.7,44.44,29.39,0.23,27.31
17-037,MAGDALENA  MIXHUCA (PBLO),VENUSTIANO CARRANZA,False,,,,6970,3594,3374,230,89,39,35,0,0,0,88,39,34,665,373,279,80,33,35,1315,1759,1013,1759,1587,1759,1273,1759,777,1759,530,1751,4,1330,2089,6962,32,2,10.38,3.3,1.28,1.09,1.04,0.0,0.0,0.0,1.26,1.09,1.01,9.54,10.38,8.27,1.15,0.92,1.04,74.76,57.59,90.22,72.37,44.17,30.27,0.3,30.01
17-038,MERCED BALBUENA,VENUSTIANO CARRANZA,False,,,,4439,2334,2098,163,91,36,37,0,0,0,89,36,35,729,385,323,108,45,55,978,1279,709,1230,1183,1279,1134,1282,565,1233,437,1203,0,926,1433,4423,46,3,10.91,3.67,2.05,1.54,1.76,0.0,0.0,0.0,2.0,1.54,1.67,16.42,16.5,15.4,2.43,1.93,2.62,76.47,57.64,92.49,88.46,45.82,36.33,0.0,32.4
17-039,MICHOACANA,VENUSTIANO CARRANZA,False,,,,944,477,462,9,0,0,0,0,0,0,0,0,0,96,49,43,15,9,6,223,293,213,293,267,297,240,297,149,293,116,297,0,266,244,938,12,1,11.99,0.95,0.0,0.0,0.0,0.0,0.0,0.0,0.0,0.0,0.0,10.17,10.27,9.31,1.59,1.89,1.3,76.11,72.7,89.9,80.81,50.85,39.06,0.0,26.01
17-040,MICHOACANA (AMPL),VENUSTIANO CARRANZA,False,,,,2320,1222,1097,63,30,11,11,0,0,0,30,11,11,331,196,135,67,23,30,541,704,422,704,650,704,570,704,381,704,251,704,0,542,629,2319,16,2,11.58,2.72,1.29,0.9,1.0,0.0,0.0,0.0,1.29,0.9,1.0,14.27,16.04,12.31,2.89,1.88,2.73,76.85,59.94,92.33,80.97,54.12,35.65,0.0,27.12
17-041,MIGUEL HIDALGO,VENUSTIANO CARRANZA,False,,,,337,176,161,41,20,11,9,0,0,0,20,11,9,85,51,35,23,10,9,56,94,32,94,82,94,63,94,35,94,14,94,0,94,81,336,3,0,10.45,12.17,5.93,6.25,5.59,0.0,0.0,0.0,5.93,6.25,5.59,25.22,28.98,21.74,6.82,5.68,5.59,59.57,34.04,87.23,67.02,37.23,14.89,0.0,24.11
17-042,MOCTEZUMA 1A SECCION,VENUSTIANO CARRANZA,False,,,,10771,5672,5082,244,101,41,18,0,0,0,101,41,18,2062,1161,895,522,251,233,2660,3513,2120,3513,3250,3513,2797,3513,1701,3507,1327,3505,0,3110,3052,10754,66,7,11.95,2.27,0.94,0.72,0.35,0.0,0.0,0.0,0.94,0.72,0.35,19.14,20.47,17.61,4.85,4.43,4.58,75.72,60.35,92.51,79.62,48.5,37.86,0.0,28.38
17-045,NICOLAS BRAVO,VENUSTIANO CARRANZA,False,,,,4238,2209,2028,59,29,3,13,0,0,0,27,3,11,731,382,345,302,134,151,1219,1441,1006,1441,1367,1444,1083,1441,807,1444,604,1441,0,1127,969,4237,29,4,12.46,1.39,0.68,0.14,0.64,0.0,0.0,0.0,0.64,0.14,0.54,17.25,17.29,17.01,7.13,6.07,7.45,84.59,69.81,94.67,75.16,55.89,41.92,0.0,22.87
17-046,PENITENCIARIA (AMPL),VENUSTIANO CARRANZA,False,,,,7051,3717,3333,121,48,14,27,0,0,0,48,14,27,995,523,472,198,82,98,1458,2119,1028,2119,1893,2122,1679,2122,706,2122,592,2119,3,755,2209,7038,28,2,10.39,1.72,0.68,0.38,0.81,0.0,0.0,0.0,0.68,0.38,0.81,14.11,14.07,14.16,2.81,2.21,2.94,68.81,48.51,89.21,79.12,33.27,27.94,0.4,31.39
17-047,PEÑON DE LOS BAÑOS,VENUSTIANO CARRANZA,False,,,,8890,4682,4202,89,23,4,12,0,0,0,23,4,12,677,375,273,159,62,63,1459,2288,1008,2287,1967,2302,1722,2301,895,2283,483,2049,0,1874,2313,8780,81,5,10.23,1.0,0.26,0.09,0.29,0.0,0.0,0.0,0.26,0.09,0.29,7.62,8.01,6.5,1.79,1.32,1.5,63.77,44.08,85.45,74.84,39.2,23.57,0.0,26.34
17-049,PINO (U HAB),VENUSTIANO CARRANZA,False,,,,494,271,223,1,0,0,0,0,0,0,0,0,0,77,47,28,9,2,1,156,176,139,176,168,176,140,176,117,176,85,176,0,176,95,237,6,0,13.76,0.2,0.0,0.0,0.0,0.0,0.0,0.0,0.0,0.0,0.0,15.59,17.34,12.56,1.82,0.74,0.45,88.64,78.98,95.45,79.55,66.48,48.3,0.0,40.08
17-050,POPULAR RASTRO,VENUSTIANO CARRANZA,False,,,,6040,3139,2901,62,38,15,18,0,0,0,24,4,10,865,471,382,338,157,178,1749,2033,1525,2033,1957,2033,1609,2033,1177,2033,1025,2004,0,1723,1504,6040,18,1,12.82,1.03,0.63,0.48,0.62,0.0,0.0,0.0,0.4,0.13,0.34,14.32,15.0,13.17,5.6,5.0,6.14,86.03,75.01,96.26,79.14,57.89,51.15,0.0,24.9
17-051,PRIMERO DE MAYO,VENUSTIANO CARRANZA,False,,,,2569,1375,1183,38,18,6,5,0,0,0,18,6,5,290,157,131,43,9,16,524,711,376,711,654,711,589,711,327,711,196,703,0,487,671,2551,14,1,11.1,1.48,0.7,0.44,0.42,0.0,0.0,0.0,0.7,0.44,0.42,11.29,11.42,11.07,1.67,0.65,1.35,73.7,52.88,91.98,82.84,45.99,27.88,0.0,26.3
17-052,PROGRESISTA,VENUSTIANO CARRANZA,False,,,,683,326,345,12,5,0,3,0,0,0,5,0,3,67,29,34,3,3,0,119,172,81,172,146,175,115,172,54,172,44,175,0,106,142,671,11,1,10.59,1.76,0.73,0.0,0.87,0.0,0.0,0.0,0.73,0.0,0.87,9.81,8.9,9.86,0.44,0.92,0.0,69.19,47.09,83.43,66.86,31.4,25.14,0.0,21.16
17-053,PUEBLA,VENUSTIANO CARRANZA,False,,,,6489,3452,3028,174,53,19,17,0,0,0,52,19,16,1226,706,515,195,87,69,1492,1974,1115,1974,1816,1977,1606,1977,894,1968,636,1957,0,1794,2096,6476,65,4,11.63,2.68,0.82,0.55,0.56,0.0,0.0,0.0,0.8,0.55,0.53,18.89,20.45,17.01,3.01,2.52,2.28,75.58,56.48,91.86,81.23,45.43,32.5,0.0,32.37
17-054,REVOLUCION,VENUSTIANO CARRANZA,False,,,,6099,3166,2923,90,35,9,15,0,0,0,34,8,15,807,459,341,134,65,57,1391,1872,1087,1872,1710,1872,1508,1872,929,1872,597,1872,0,1503,1499,6041,29,5,11.12,1.48,0.57,0.28,0.51,0.0,0.0,0.0,0.56,0.25,0.51,13.23,14.5,11.67,2.2,2.05,1.95,74.31,58.07,91.35,80.56,49.63,31.89,0.0,24.81
17-055,ROMERO RUBIO,VENUSTIANO CARRANZA,False,,,,11403,5946,5446,95,28,4,12,0,0,0,27,3,12,1455,786,649,396,172,183,2603,3465,2007,3469,3182,3469,2724,3465,1798,3457,1140,3441,0,2949,2805,11306,67,10,11.45,0.83,0.25,0.07,0.22,0.0,0.0,0.0,0.24,0.05,0.22,12.76,13.22,11.92,3.47,2.89,3.36,75.12,57.86,91.73,78.61,52.01,33.13,0.0,24.81
17-056,SANTA CRUZ AVIACION,VENUSTIANO CARRANZA,False,,,,2319,1230,1089,83,37,18,16,0,0,0,37,18,16,503,270,206,116,59,54,564,715,468,712,684,715,512,706,376,702,269,673,0,715,637,2249,19,0,11.77,3.58,1.6,1.46,1.47,0.0,0.0,0.0,1.6,1.46,1.47,21.69,21.95,18.92,5.0,4.8,4.96,78.88,65.73,95.66,72.52,53.56,39.97,0.0,28.32
17-057,SEVILLA,VENUSTIANO CARRANZA,False,,,,1750,927,823,40,19,11,4,0,0,0,19,11,4,317,187,125,63,24,21,427,559,350,559,512,559,424,559,295,559,185,559,0,504,532,1724,14,2,11.77,2.29,1.09,1.19,0.49,0.0,0.0,0.0,1.09,1.19,0.49,18.11,20.17,15.19,3.6,2.59,2.55,76.39,62.61,91.59,75.85,52.77,33.09,0.0,30.86
17-058,SIMON  BOLIVAR,VENUSTIANO CARRANZA,False,,,,6355,3287,3068,106,38,11,16,0,0,0,38,11,16,824,439,370,211,88,95,1343,1801,1006,1801,1659,1807,1478,1807,887,1793,606,1748,0,1729,1768,6304,52,2,11.06,1.67,0.6,0.33,0.52,0.0,0.0,0.0,0.6,0.33,0.52,12.97,13.36,12.06,3.32,2.68,3.1,74.57,55.86,91.81,81.79,49.47,34.67,0.0,28.05
17-059,TRES MOSQUETEROS,VENUSTIANO CARRANZA,False,,,,210,102,105,0,0,0,0,0,0,0,0,0,0,13,,10,6,0,5,48,65,35,65,61,65,59,65,33,65,26,65,0,65,40,204,4,1,11.19,0.0,0.0,0.0,0.0,0.0,0.0,0.0,0.0,0.0,0.0,6.19,,9.52,2.86,0.0,4.76,73.85,53.85,93.85,90.77,50.77,40.0,0.0,19.61
17-060,VALENTIN GOMEZ FARIAS,VENUSTIANO CARRANZA,False,,,,5506,2901,2601,112,40,13,14,0,0,0,40,13,14,975,557,414,154,56,51,1213,1607,951,1607,1478,1607,1278,1607,737,1607,498,1551,0,1586,1717,5496,60,3,11.79,2.03,0.73,0.45,0.54,0.0,0.0,0.0,0.73,0.45,0.54,17.71,19.2,15.92,2.8,1.93,1.96,75.48,59.18,91.97,79.53,45.86,32.11,0.0,31.24
17-061,VALLE GOMEZ,VENUSTIANO CARRANZA,False,,,,10046,5294,4749,163,51,15,17,0,0,0,51,15,17,1449,813,625,424,210,189,2156,3039,1597,3039,2722,3039,2377,3039,1310,3038,794,3016,9,2140,2510,10006,46,4,10.89,1.62,0.51,0.28,0.36,0.0,0.0,0.0,0.51,0.28,0.36,14.42,15.36,13.16,4.22,3.97,3.98,70.94,52.55,89.57,78.22,43.12,26.33,0.42,25.08
17-062,VENUSTIANO CARRANZA,VENUSTIANO CARRANZA,False,,,,3150,1631,1507,80,28,13,6,0,0,0,28,13,6,449,238,207,57,22,27,656,896,484,896,789,896,701,896,389,896,220,834,0,774,783,3137,24,1,11.23,2.54,0.89,0.8,0.4,0.0,0.0,0.0,0.89,0.8,0.4,14.25,14.59,13.74,1.81,1.35,1.79,73.21,54.02,88.06,78.24,43.42,26.38,0.0,24.96
17-063,VENUSTIANO CARRANZA (AMPL),VENUSTIANO CARRANZA,False,,,,2007,1055,952,34,8,0,4,0,0,0,8,0,4,208,123,82,68,29,32,393,573,290,573,512,573,411,573,237,573,168,573,0,480,460,1863,12,0,10.9,1.69,0.4,0.0,0.42,0.0,0.0,0.0,0.4,0.0,0.42,10.36,11.66,8.61,3.39,2.75,3.36,68.59,50.61,89.35,71.73,41.36,29.32,0.0,24.69
17-064,VIADUCTO  - BALBUENA (CONJ HAB),VENUSTIANO CARRANZA,False,,,,5520,2883,2613,131,40,13,12,0,0,0,40,13,12,1254,686,528,230,92,112,1654,2002,1378,1991,1899,2009,1668,2012,1053,1970,870,1947,0,1973,1334,5377,77,6,12.98,2.37,0.72,0.45,0.46,0.0,0.0,0.0,0.72,0.45,0.46,22.72,23.79,20.21,4.17,3.19,4.29,82.62,69.21,94.52,82.9,53.45,44.68,0.0,24.81
17-065,10 DE MAYO,VENUSTIANO CARRANZA,False,,,,2342,1206,1133,99,53,22,26,0,0,0,52,21,26,393,211,168,86,36,35,501,728,413,728,663,728,545,728,245,699,214,712,0,548,764,2073,25,1,11.2,4.23,2.26,1.82,2.29,0.0,0.0,0.0,2.22,1.74,2.29,16.78,17.5,14.83,3.67,2.99,3.09,68.82,56.73,91.07,74.86,35.05,30.06,0.0,36.85
17-066,20 DE NOVIEMBRE,VENUSTIANO CARRANZA,False,,,,12512,6555,5951,176,36,16,7,0,0,0,36,16,7,1602,920,634,296,102,123,2676,3555,2020,3551,3218,3561,2620,3561,1633,3553,958,3367,3,3304,3418,12429,116,8,11.29,1.41,0.29,0.24,0.12,0.0,0.0,0.0,0.29,0.24,0.12,12.8,14.04,10.65,2.37,1.56,2.07,75.27,56.89,90.37,73.57,45.96,28.45,0.09,27.5
17-067,20 DE NOVIEMBRE (AMPL),VENUSTIANO CARRANZA,False,,,,963,389,350,0,0,0,0,0,0,0,0,0,0,83,49,33,0,0,0,152,216,112,216,187,216,157,216,87,216,58,216,0,216,173,739,8,2,11.18,0.0,0.0,0.0,0.0,0.0,0.0,0.0,0.0,0.0,0.0,8.62,12.6,9.43,0.0,0.0,0.0,70.37,51.85,86.57,72.69,40.28,26.85,0.0,23.41
17-068,24 DE ABRIL,VENUSTIANO CARRANZA,False,,,,221,122,99,0,0,0,0,0,0,0,0,0,0,12,10,0,6,4,0,58,66,43,66,63,66,66,66,46,66,40,66,0,66,14,150,5,0,12.83,0.0,0.0,0.0,0.0,0.0,0.0,0.0,0.0,0.0,0.0,5.43,8.2,0.0,2.71,3.28,0.0,87.88,65.15,95.45,100.0,69.7,60.61,0.0,9.33
17-069,5TO TRAMO DE 20 DE NOVIEMBRE,VENUSTIANO CARRANZA,False,,,,7562,4051,3511,167,68,19,34,0,0,0,66,19,32,916,509,398,247,117,114,1769,2277,1313,2271,2082,2277,1738,2277,1096,2277,604,2165,0,2097,2110,7539,52,5,11.6,2.21,0.9,0.47,0.97,0.0,0.0,0.0,0.87,0.47,0.91,12.11,12.56,11.34,3.27,2.89,3.25,77.69,57.82,91.44,76.33,48.13,27.9,0.0,27.99
17-070,7 DE JULIO,VENUSTIANO CARRANZA,False,,,,1143,600,543,16,7,6,0,0,0,0,7,6,0,163,90,70,40,14,24,225,292,181,292,266,292,251,292,119,280,94,280,0,292,239,1141,12,1,11.03,1.4,0.61,1.0,0.0,0.0,0.0,0.0,0.61,1.0,0.0,14.26,15.0,12.89,3.5,2.33,4.42,77.05,61.99,91.1,85.96,42.5,33.57,0.0,20.95
17-071,7 DE JULIO (AMPL),VENUSTIANO CARRANZA,False,,,,1932,1026,906,59,17,7,10,0,0,0,16,6,10,442,237,191,88,34,35,517,611,432,581,585,611,490,611,332,566,283,550,0,611,433,1877,25,0,12.66,3.05,0.88,0.68,1.1,0.0,0.0,0.0,0.83,0.58,1.1,22.88,23.1,21.08,4.55,3.31,3.86,84.62,74.35,95.74,80.2,58.66,51.45,0.0,23.07
17-072,CENTRO I,VENUSTIANO CARRANZA,False,,,,7695,4099,3584,481,197,88,85,0,0,0,194,87,83,1886,1060,808,296,147,120,1358,2137,779,2101,1904,2150,1658,2150,502,1990,373,1930,3,1229,3210,7658,68,8,9.51,6.25,2.56,2.15,2.37,0.0,0.0,0.0,2.52,2.12,2.32,24.51,25.86,22.54,3.85,3.59,3.35,63.55,37.08,88.56,77.12,25.23,19.33,0.24,41.92
17-073,CENTRO II,VENUSTIANO CARRANZA,False,,,,4041,2032,1988,432,305,142,146,0,0,0,302,137,146,1214,634,578,47,14,10,697,1050,456,1025,951,1050,801,1050,357,1032,256,957,3,786,1930,4020,48,7,9.58,10.69,7.55,6.99,7.34,0.0,0.0,0.0,7.47,6.74,7.34,30.04,31.2,29.07,1.16,0.69,0.5,66.38,44.49,90.57,76.29,34.59,26.75,0.38,48.01
17-074,IGNACIO ZARAGOZA I,VENUSTIANO CARRANZA,False,,,,11066,5777,5273,356,133,45,60,0,0,0,129,44,60,1899,1052,820,412,174,188,2725,3483,2231,3483,3226,3483,2846,3483,1725,3473,1303,3433,0,3275,3157,11035,110,8,12.13,3.22,1.2,0.78,1.14,0.0,0.0,0.0,1.17,0.76,1.14,17.16,18.21,15.55,3.72,3.01,3.57,78.24,64.05,92.62,81.71,49.67,37.96,0.0,28.61
17-075,IGNACIO ZARAGOZA II,VENUSTIANO CARRANZA,False,,,,6451,3506,2945,210,83,38,25,0,0,0,82,37,25,1140,689,447,275,146,97,1637,2060,1310,2060,1932,2060,1658,2060,1032,2060,720,2060,0,1737,1968,6441,42,3,12.1,3.26,1.29,1.08,0.85,0.0,0.0,0.0,1.27,1.06,0.85,17.67,19.65,15.18,4.26,4.16,3.29,79.47,63.59,93.79,80.49,50.1,34.95,0.0,30.55
17-076,JARDIN BALBUENA I,VENUSTIANO CARRANZA,False,,,,11775,6345,5410,136,30,19,0,0,0,0,30,19,0,2024,1181,729,378,173,105,3575,4114,3149,4106,3872,4114,3312,4103,2594,4096,1870,4003,0,4044,3176,11401,213,14,13.47,1.15,0.25,0.3,0.0,0.0,0.0,0.0,0.25,0.3,0.0,17.19,18.61,13.48,3.21,2.73,1.94,86.9,76.69,94.12,80.72,63.33,46.71,0.0,27.86
17-077,JARDIN BALBUENA II,VENUSTIANO CARRANZA,False,,,,4469,2431,2018,76,21,6,4,0,0,0,20,6,4,698,391,234,133,60,48,1320,1542,1169,1542,1449,1542,1314,1542,943,1525,724,1521,0,1501,1121,4306,87,3,13.4,1.7,0.47,0.25,0.2,0.0,0.0,0.0,0.45,0.25,0.2,15.62,16.08,11.6,2.98,2.47,2.38,85.6,75.81,93.97,85.21,61.84,47.6,0.0,26.03
17-078,JARDIN BALBUENA III,VENUSTIANO CARRANZA,False,,,,14147,7674,6404,114,16,0,0,0,0,0,16,0,0,2135,1171,743,341,148,79,4145,4683,3615,4668,4425,4687,3912,4683,3087,4654,2173,4493,0,4594,3891,13422,302,24,13.66,0.81,0.11,0.0,0.0,0.0,0.0,0.0,0.11,0.0,0.0,15.09,15.26,11.6,2.41,1.93,1.23,88.51,77.44,94.41,83.54,66.33,48.36,0.0,28.99
17-079,MOCTEZUMA 2A SECCION I,VENUSTIANO CARRANZA,False,,,,12581,6639,5928,227,87,37,34,0,0,0,87,37,34,1990,1180,803,343,168,147,3129,3992,2437,3992,3713,3992,3064,3992,1923,3973,1523,3971,0,2983,3437,12491,50,8,11.83,1.8,0.69,0.56,0.57,0.0,0.0,0.0,0.69,0.56,0.57,15.82,17.77,13.55,2.73,2.53,2.48,78.38,61.05,93.01,76.75,48.4,38.35,0.0,27.52
17-080,MOCTEZUMA 2A SECCION II,VENUSTIANO CARRANZA,False,,,,10232,5357,4871,187,77,25,24,0,0,0,77,25,24,1765,1026,740,354,173,151,2412,3231,1975,3225,2988,3231,2509,3231,1543,3225,974,3225,3,2597,2902,10187,52,4,11.81,1.83,0.75,0.47,0.49,0.0,0.0,0.0,0.75,0.47,0.49,17.25,19.15,15.19,3.46,3.23,3.1,74.65,61.24,92.48,77.65,47.84,30.2,0.12,28.49
17-081,MOCTEZUMA 2A SECCION III,VENUSTIANO CARRANZA,False,,,,12141,6372,5757,189,81,34,24,0,0,0,78,34,24,1955,1100,846,571,296,247,3071,3934,2501,3931,3689,3938,3001,3938,2053,3931,1552,3911,0,3220,3145,12052,67,6,12.06,1.56,0.67,0.53,0.42,0.0,0.0,0.0,0.64,0.53,0.42,16.1,17.26,14.7,4.7,4.65,4.29,78.06,63.62,93.68,76.21,52.23,39.68,0.0,26.1
17-082,MOCTEZUMA 2A SECCION IV,VENUSTIANO CARRANZA,False,,,,10239,5435,4797,220,79,26,28,0,0,0,79,26,28,1880,1053,825,444,218,207,2279,3173,1779,3173,2882,3173,2443,3173,1437,3173,1064,3155,0,2771,2802,10199,54,5,11.54,2.15,0.77,0.48,0.58,0.0,0.0,0.0,0.77,0.48,0.58,18.36,19.37,17.2,4.34,4.01,4.32,71.82,56.07,90.83,76.99,45.29,33.72,0.0,27.47
17-083,MORELOS I,VENUSTIANO CARRANZA,False,,,,18041,9398,8631,479,218,101,99,0,0,0,215,99,98,1869,1046,823,344,176,148,3100,5178,1929,5178,4605,5178,4047,5178,1435,5154,1024,5178,0,2887,6223,18029,38,2,9.74,2.66,1.21,1.07,1.15,0.0,0.0,0.0,1.19,1.05,1.14,10.36,11.13,9.54,1.91,1.87,1.71,59.87,37.25,88.93,78.16,27.84,19.78,0.0,34.52
17-084,MORELOS II,VENUSTIANO CARRANZA,False,,,,18815,9891,8923,498,204,99,75,0,0,0,199,97,73,2427,1310,1097,509,244,245,3672,5602,2457,5586,5059,5608,4283,5608,1660,5567,1364,5574,15,3003,6481,18805,66,3,10.06,2.65,1.08,1.0,0.84,0.0,0.0,0.0,1.06,0.98,0.82,12.9,13.24,12.29,2.71,2.47,2.75,65.55,43.98,90.21,76.37,29.82,24.47,0.5,34.46
17-085,PENSADOR MEXICANO I,VENUSTIANO CARRANZA,False,,,,5090,2682,2408,109,23,6,8,0,0,0,23,6,8,571,335,228,136,53,69,999,1422,691,1422,1243,1422,1110,1422,546,1422,278,1361,0,1249,1414,5090,29,1,10.58,2.14,0.45,0.22,0.33,0.0,0.0,0.0,0.45,0.22,0.33,11.22,12.49,9.47,2.67,1.98,2.87,70.25,48.59,87.41,78.06,38.4,20.43,0.0,27.78
17-086,PENSADOR MEXICANO II,VENUSTIANO CARRANZA,False,,,,6689,3445,3241,127,34,15,14,0,0,0,34,15,14,980,543,423,208,95,84,1379,2012,1013,2012,1814,2012,1510,2012,877,2012,569,1955,0,1789,1669,6684,52,6,10.94,1.9,0.51,0.44,0.43,0.0,0.0,0.0,0.51,0.44,0.43,14.65,15.76,13.05,3.11,2.76,2.59,68.54,50.35,90.16,75.05,43.59,29.1,0.0,24.97
13-001,ALTOS TEPETLICA,XOCHIMILCO,False,,,,501,256,245,54,23,13,11,0,0,0,23,13,11,149,83,66,9,6,4,61,120,48,120,116,124,99,124,25,124,12,124,0,45,211,288,3,0,9.4,10.78,4.59,5.08,4.49,0.0,0.0,0.0,4.59,5.08,4.49,29.74,32.42,26.94,1.8,2.34,1.63,50.83,40.0,93.55,79.84,20.16,9.68,0.0,73.26
13-003,BARRIO 18,XOCHIMILCO,False,,,,6405,3278,3123,135,27,10,9,0,0,0,27,10,9,824,444,330,100,38,35,1711,1861,1549,1861,1816,1861,1569,1861,1145,1849,962,1855,0,1838,1600,6359,100,1,13.92,2.11,0.42,0.31,0.29,0.0,0.0,0.0,0.42,0.31,0.29,12.86,13.54,10.57,1.56,1.16,1.12,91.94,83.23,97.58,84.31,61.93,51.86,0.0,25.16
13-004,BELEM (BARR),XOCHIMILCO,False,,,,1205,617,588,26,9,3,4,0,0,0,9,3,4,29,15,10,3,0,3,239,379,184,379,311,382,281,379,120,379,96,368,6,259,421,1172,12,0,10.98,2.16,0.75,0.49,0.68,0.0,0.0,0.0,0.75,0.49,0.68,2.41,2.43,1.7,0.25,0.0,0.51,63.06,48.55,81.41,74.14,31.66,26.09,2.32,35.92
13-005,BOSQUE RESIDENCIAL DEL SUR (FRACC),XOCHIMILCO,False,,,,2983,1590,1393,35,0,0,0,0,0,0,0,0,0,614,346,262,89,39,20,921,982,829,982,956,982,755,982,746,982,581,982,0,941,820,2847,27,5,14.53,1.17,0.0,0.0,0.0,0.0,0.0,0.0,0.0,0.0,0.0,20.58,21.76,18.81,2.98,2.45,1.44,93.79,84.42,97.35,76.88,75.97,59.16,0.0,28.8
13-006,SAN LORENZO,XOCHIMILCO,False,,,,941,469,472,45,16,6,10,0,0,0,16,6,10,124,63,61,7,3,,207,276,186,276,251,276,196,276,177,276,125,276,0,158,143,937,2,0,12.72,4.78,1.7,1.28,2.12,0.0,0.0,0.0,1.7,1.28,2.12,13.18,13.43,12.92,0.74,0.64,,75.0,67.39,90.94,71.01,64.13,45.29,0.0,15.26
13-007,CALTONGO (BARR),XOCHIMILCO,False,,,,9011,4559,4409,856,294,120,140,0,0,0,285,115,135,1337,679,634,115,44,46,1166,2136,834,2134,1953,2206,1633,2200,400,1861,217,1523,60,1543,3370,8887,103,10,9.99,9.5,3.26,2.63,3.18,0.0,0.0,0.0,3.16,2.52,3.06,14.84,14.89,14.38,1.28,0.97,1.04,54.59,39.08,88.53,74.23,21.49,14.25,3.89,37.92
13-008,CERRO GRANDE,XOCHIMILCO,False,,,,2144,1134,1010,35,6,3,2,0,0,0,5,3,2,266,154,111,31,14,12,376,565,259,565,501,565,429,565,161,552,125,565,0,376,568,1675,9,1,10.41,1.63,0.28,0.26,0.2,0.0,0.0,0.0,0.23,0.26,0.2,12.41,13.58,10.99,1.45,1.23,1.19,66.55,45.84,88.67,75.93,29.17,22.12,0.0,33.91
13-009,CRISTO REY,XOCHIMILCO,False,,,,2334,1215,1112,45,9,4,3,0,0,0,9,4,3,312,166,145,32,15,14,444,574,277,574,512,574,513,574,154,561,107,561,0,477,458,2137,11,1,10.81,1.93,0.39,0.33,0.27,0.0,0.0,0.0,0.39,0.33,0.27,13.37,13.66,13.04,1.37,1.23,1.26,77.35,48.26,89.2,89.37,27.45,19.07,0.0,21.43
13-011,EL CARMEN,XOCHIMILCO,False,,,,7942,4165,3777,498,152,65,63,0,0,0,151,64,63,2065,1107,957,117,57,37,1282,1967,748,1952,1796,1967,1619,1967,437,1832,297,1885,0,1292,2767,7804,35,4,9.49,6.27,1.91,1.56,1.67,0.0,0.0,0.0,1.9,1.54,1.67,26.0,26.58,25.34,1.47,1.37,0.98,65.18,38.32,91.31,82.31,23.85,15.76,0.0,35.46
13-012,EL ROSARIO (BARR),XOCHIMILCO,False,,,,625,322,303,37,16,3,12,0,0,0,16,3,12,98,59,39,13,4,8,143,190,112,190,181,190,148,190,67,156,45,178,0,190,215,625,10,0,12.17,5.92,2.56,0.93,3.96,0.0,0.0,0.0,2.56,0.93,3.96,15.68,18.32,12.87,2.08,1.24,2.64,75.26,58.95,95.26,77.89,42.95,25.28,0.0,34.4
13-013,GUADALUPE,XOCHIMILCO,False,,,,5403,2710,2686,386,147,67,68,0,0,0,145,66,67,1004,524,469,113,49,61,737,1352,532,1347,1256,1358,1091,1358,349,1306,168,1155,3,1202,1832,5362,28,5,9.9,7.14,2.72,2.47,2.53,0.0,0.0,0.0,2.68,2.44,2.49,18.58,19.34,17.46,2.09,1.81,2.27,54.51,39.5,92.49,80.34,26.72,14.55,0.25,34.17
13-014,HUICHAPAN,XOCHIMILCO,False,,,,991,530,461,26,19,7,8,0,0,0,19,7,8,125,69,56,15,4,5,251,314,199,310,283,314,246,310,165,310,110,314,0,314,305,989,9,0,11.9,2.62,1.92,1.32,1.74,0.0,0.0,0.0,1.92,1.32,1.74,12.61,13.02,12.15,1.51,0.75,1.08,79.94,64.19,90.13,79.35,53.23,35.03,0.0,30.84
13-015,JARDINES DEL SUR,XOCHIMILCO,False,,,,5028,2703,2315,30,14,6,0,0,0,0,13,3,0,914,551,358,128,59,53,1496,1632,1362,1632,1568,1632,1348,1632,1151,1635,794,1627,0,1541,1187,4960,42,6,14.41,0.6,0.28,0.22,0.0,0.0,0.0,0.0,0.26,0.11,0.0,18.18,20.38,15.46,2.55,2.18,2.29,91.67,83.46,96.08,82.6,70.4,48.8,0.0,23.93
13-016,JOYA DE VARGAS,XOCHIMILCO,False,,,,217,108,109,19,7,3,5,0,0,0,7,3,5,51,26,23,1,1,1,27,51,15,45,47,53,43,54,10,46,3,51,0,54,85,56,4,0,9.04,8.76,3.23,2.78,4.59,0.0,0.0,0.0,3.23,2.78,4.59,23.5,24.07,21.1,0.46,0.93,0.92,52.94,33.33,88.68,79.63,21.74,5.88,0.0,151.79
13-017,LA ASUNCION (BARR),XOCHIMILCO,False,,,,6074,3068,2982,396,129,53,62,0,0,0,128,52,62,756,398,328,58,28,7,878,1421,654,1376,1273,1455,1212,1455,403,1326,218,1172,0,1206,1719,5932,69,9,10.64,6.52,2.12,1.73,2.08,0.0,0.0,0.0,2.11,1.69,2.08,12.45,12.97,11.0,0.95,0.91,0.23,61.79,47.53,87.49,83.3,30.39,18.6,0.0,28.98
13-018,LA CAÑADA,XOCHIMILCO,False,,,,1226,637,589,28,11,6,3,0,0,0,11,6,3,190,105,85,3,0,2,186,327,144,327,298,327,252,327,84,312,51,327,0,156,302,852,2,0,10.39,2.28,0.9,0.94,0.51,0.0,0.0,0.0,0.9,0.94,0.51,15.5,16.48,14.43,0.24,0.0,0.34,56.88,44.04,91.13,77.06,26.92,15.6,0.0,35.45
13-019,LA CEBADA,XOCHIMILCO,False,,,,1528,804,724,25,14,3,4,0,0,0,14,3,4,265,158,105,20,3,9,376,444,329,444,428,444,398,444,251,444,190,444,0,346,426,1528,15,2,12.77,1.64,0.92,0.37,0.55,0.0,0.0,0.0,0.92,0.37,0.55,17.34,19.65,14.5,1.31,0.37,1.24,84.68,74.1,96.4,89.64,56.53,42.79,0.0,27.88
13-020,LA CONCEPCION TLACOAPA (BARR),XOCHIMILCO,False,,,,3214,1666,1531,139,46,18,10,0,0,0,45,17,10,305,189,103,22,2,8,554,777,435,777,679,772,633,772,302,752,136,595,0,751,850,3049,37,3,11.47,4.32,1.43,1.08,0.65,0.0,0.0,0.0,1.4,1.02,0.65,9.49,11.34,6.73,0.68,0.12,0.52,71.3,55.98,87.95,81.99,40.16,22.86,0.0,27.88
13-021,LA CONCHA,XOCHIMILCO,False,,,,3538,1835,1703,39,22,13,8,0,0,0,22,13,8,438,224,187,82,48,29,907,1094,806,1086,1052,1094,855,1090,578,1075,468,1035,0,699,1054,3445,27,2,13.1,1.1,0.62,0.71,0.47,0.0,0.0,0.0,0.62,0.71,0.47,12.38,12.21,10.98,2.32,2.62,1.7,82.91,74.22,96.16,78.44,53.77,45.22,0.0,30.6
13-022,LA GUADALUPITA (BARR),XOCHIMILCO,False,,,,657,346,311,3,0,0,0,0,0,0,0,0,0,67,40,27,5,0,3,105,152,84,152,131,152,126,152,64,152,32,152,0,94,238,654,4,1,11.89,0.46,0.0,0.0,0.0,0.0,0.0,0.0,0.0,0.0,0.0,10.2,11.56,8.68,0.76,0.0,0.96,69.08,55.26,86.18,82.89,42.11,21.05,0.0,36.39
13-023,LA NORIA TEPEPAN,XOCHIMILCO,False,,,,1752,937,810,1,3,0,0,0,0,0,3,0,0,309,179,128,43,29,11,391,503,329,493,461,503,404,503,256,503,187,477,0,425,425,1695,16,2,12.12,0.06,0.17,0.0,0.0,0.0,0.0,0.0,0.17,0.0,0.0,17.64,19.1,15.8,2.45,3.09,1.36,77.73,66.73,91.65,80.32,50.89,39.2,0.0,25.07
13-024,LA SANTISIMA (BARR),XOCHIMILCO,False,,,,2260,1185,1061,112,40,13,18,0,0,0,40,13,18,305,159,136,18,4,4,351,538,215,532,506,546,424,539,137,504,76,465,0,349,736,2182,31,3,9.98,4.96,1.77,1.1,1.7,0.0,0.0,0.0,1.77,1.1,1.7,13.5,13.42,12.82,0.8,0.34,0.38,65.24,40.41,92.67,78.66,27.18,16.34,0.0,33.73
13-025,LOS CERRILLOS I,XOCHIMILCO,False,,,,1932,1006,926,70,20,4,8,0,0,0,20,4,8,446,249,190,30,12,10,344,498,204,498,454,503,389,503,92,453,55,419,0,481,569,1837,20,0,9.91,3.62,1.04,0.4,0.86,0.0,0.0,0.0,1.04,0.4,0.86,23.08,24.75,20.52,1.55,1.19,1.08,69.08,40.96,90.26,77.34,20.31,13.13,0.0,30.97
13-026,LOS CERRILLOS II,XOCHIMILCO,False,,,,6477,3294,3182,259,69,32,15,0,0,0,69,32,15,1627,877,748,52,22,19,1144,1633,723,1633,1511,1636,1292,1633,351,1569,213,1561,4,1281,2102,6359,30,0,9.83,4.0,1.07,0.97,0.47,0.0,0.0,0.0,1.07,0.97,0.47,25.12,26.62,23.51,0.8,0.67,0.6,70.06,44.27,92.36,79.12,22.37,13.65,0.31,33.06
13-027,LOS CERRILLOS III,XOCHIMILCO,False,,,,6078,3151,2926,318,102,49,49,0,0,0,102,49,49,1331,693,634,114,65,49,1062,1549,617,1526,1407,1549,1277,1549,343,1496,238,1529,5,804,1959,5903,24,1,9.84,5.23,1.68,1.56,1.67,0.0,0.0,0.0,1.68,1.56,1.67,21.9,21.99,21.67,1.88,2.06,1.67,68.56,40.43,90.83,82.44,22.93,15.57,0.62,33.19
13-028,NATIVITAS,XOCHIMILCO,False,,,,2213,1134,1079,66,24,9,9,0,0,0,24,9,9,324,178,147,38,21,14,373,578,262,578,512,578,476,578,148,570,97,556,0,578,532,2078,11,3,10.77,2.98,1.08,0.79,0.83,0.0,0.0,0.0,1.08,0.79,0.83,14.64,15.7,13.62,1.72,1.85,1.3,64.53,45.33,88.58,82.35,25.96,17.45,0.0,25.6
13-029,NATIVITAS (U HAB),XOCHIMILCO,False,,,,2202,1163,1039,23,5,0,4,0,0,0,5,0,4,354,224,128,26,12,6,563,740,457,740,667,740,553,740,400,740,250,740,0,669,532,2198,18,1,11.73,1.04,0.23,0.0,0.38,0.0,0.0,0.0,0.23,0.0,0.38,16.08,19.26,12.32,1.18,1.03,0.58,76.08,61.76,90.14,74.73,54.05,33.78,0.0,24.2
13-030,NATIVITAS LA JOYA (AMPL),XOCHIMILCO,False,,,,16718,8513,8190,1523,522,253,229,0,0,0,510,244,226,4107,2185,1894,264,126,113,2445,4187,1492,4122,3806,4231,3395,4229,794,3951,497,3759,25,3250,6259,15795,90,4,9.39,9.11,3.12,2.97,2.8,0.0,0.0,0.0,3.05,2.87,2.76,24.57,25.67,23.13,1.58,1.48,1.38,58.4,36.2,89.96,80.28,20.1,13.22,0.77,39.63
13-032,PASEOS DEL SUR,XOCHIMILCO,False,,,,1570,839,727,22,0,0,0,0,0,0,0,0,0,260,157,92,43,21,13,494,528,456,528,516,528,419,528,371,528,297,528,0,528,384,1544,21,1,14.46,1.4,0.0,0.0,0.0,0.0,0.0,0.0,0.0,0.0,0.0,16.56,18.71,12.65,2.74,2.5,1.79,93.56,86.36,97.73,79.36,70.27,56.25,0.0,24.87
13-033,POTRERO DE SAN BERNARDINO,XOCHIMILCO,False,,,,2306,1224,1082,38,20,11,5,0,0,0,19,11,5,327,187,125,35,13,15,621,757,560,757,715,757,593,757,434,757,343,757,0,626,702,2241,28,3,13.03,1.65,0.87,0.9,0.46,0.0,0.0,0.0,0.82,0.9,0.46,14.18,15.28,11.55,1.52,1.06,1.39,82.03,73.98,94.45,78.34,57.33,45.31,0.0,31.33
13-034,RINCONADA DEL SUR (U HAB),XOCHIMILCO,False,,,,1609,872,737,0,0,0,0,0,0,0,0,0,0,223,133,74,34,16,11,508,574,454,574,550,574,479,571,375,574,288,567,0,574,399,1545,29,5,13.48,0.0,0.0,0.0,0.0,0.0,0.0,0.0,0.0,0.0,0.0,13.86,15.25,10.04,2.11,1.83,1.49,88.5,79.09,95.82,83.89,65.33,50.79,0.0,25.83
13-035,SAN ANDRES AHUAYUCAN (PBLO),XOCHIMILCO,True,SAN ANDRES AHUAYUCAN (PBLO),NAHUAS,NAHUATL,12342,6285,6031,1004,354,177,157,0,0,0,351,175,156,2173,1148,996,192,92,66,1899,3053,1371,3056,2738,3070,2551,3067,708,3015,487,2847,3,1943,4110,11413,63,5,10.17,8.13,2.87,2.82,2.6,0.0,0.0,0.0,2.84,2.78,2.59,17.61,18.27,16.51,1.56,1.46,1.09,62.2,44.86,89.19,83.18,23.48,17.11,0.15,36.01
13-036,SAN ANTONIO (BARR),XOCHIMILCO,False,,,,1763,924,828,84,28,11,3,0,0,0,28,11,3,162,92,65,13,3,6,326,439,265,439,407,439,359,435,163,432,97,404,0,439,452,1740,20,2,11.39,4.76,1.59,1.19,0.36,0.0,0.0,0.0,1.59,1.19,0.36,9.19,9.96,7.85,0.74,0.32,0.72,74.26,60.36,92.71,82.53,37.73,24.01,0.0,25.98
13-037,SAN BARTOLO EL CHICO,XOCHIMILCO,False,,,,443,232,210,41,17,4,0,0,0,0,17,4,0,125,66,56,17,10,0,80,113,60,113,115,119,81,113,51,116,38,94,0,119,185,442,10,1,11.23,9.26,3.84,1.72,0.0,0.0,0.0,0.0,3.84,1.72,0.0,28.22,28.45,26.67,3.84,4.31,0.0,70.8,53.1,96.64,71.68,43.97,40.43,0.0,41.86
13-038,SAN CRISTOBAL (BARR),XOCHIMILCO,False,,,,2441,1249,1153,60,14,3,4,0,0,0,14,3,4,118,60,43,18,4,7,433,590,299,558,536,605,522,599,213,542,108,462,0,516,520,2295,49,6,11.43,2.46,0.57,0.24,0.35,0.0,0.0,0.0,0.57,0.24,0.35,4.83,4.8,3.73,0.74,0.32,0.61,73.39,53.58,88.6,87.15,39.3,23.38,0.0,22.66
13-039,SAN DIEGO (BARR),XOCHIMILCO,False,,,,1544,790,749,65,41,23,16,0,0,0,41,23,16,147,82,63,20,11,4,248,382,191,385,330,382,296,382,111,336,65,320,0,328,506,1529,14,1,10.91,4.21,2.66,2.91,2.14,0.0,0.0,0.0,2.66,2.91,2.14,9.52,10.38,8.41,1.3,1.39,0.53,64.92,49.61,86.39,77.49,33.04,20.31,0.0,33.09
13-040,SAN ESTEBAN (BARR),XOCHIMILCO,False,,,,2404,1252,1128,55,9,3,3,0,0,0,8,3,2,174,88,62,24,6,5,441,577,331,573,517,577,482,577,219,541,99,465,0,423,664,2291,31,4,11.49,2.29,0.37,0.24,0.27,0.0,0.0,0.0,0.33,0.24,0.18,7.24,7.03,5.5,1.0,0.48,0.44,76.43,57.77,89.6,83.54,40.48,21.29,0.0,28.98
13-041,SAN FRANCISCO CHIQUIMOLA,XOCHIMILCO,False,,,,3318,1731,1583,322,95,45,40,0,0,0,94,44,40,1105,604,495,64,31,26,417,803,209,791,748,814,656,814,141,780,70,786,0,332,1367,3195,18,1,8.89,9.7,2.86,2.6,2.53,0.0,0.0,0.0,2.83,2.54,2.53,33.3,34.89,31.27,1.93,1.79,1.64,51.93,26.42,91.89,80.59,18.08,8.91,0.0,42.79
13-042,SAN FRANCISCO TLALNEPANTLA (PBLO),XOCHIMILCO,True,SAN FRANCISCO TLALNEPANTLA (PBLO),NAHUAS,NAHUATL,7443,3777,3648,378,113,48,51,0,0,0,113,48,51,1008,523,463,81,42,32,834,1758,542,1691,1594,1775,1389,1769,294,1641,167,1419,0,1149,1756,7329,52,4,9.51,5.08,1.52,1.27,1.4,0.0,0.0,0.0,1.52,1.27,1.4,13.54,13.85,12.69,1.09,1.11,0.88,47.44,32.05,89.8,78.52,17.92,11.77,0.0,23.96
13-043,SAN GREGORIO ATLAPULCO (PBLO),XOCHIMILCO,True,SAN GREGORIO ATLAPULCO (PBLO),NAHUAS,NAHUATL,30397,15509,14861,2444,1048,422,536,0,0,0,1045,418,535,3995,2036,1910,405,161,166,4039,7434,2876,7289,6579,7508,5973,7507,1127,6953,875,6895,13,5404,8941,30046,173,10,10.38,8.04,3.45,2.72,3.61,0.0,0.0,0.0,3.44,2.7,3.6,13.14,13.13,12.85,1.33,1.04,1.12,54.33,39.46,87.63,79.57,16.21,12.69,0.24,29.76
13-044,LAS PERITAS,XOCHIMILCO,False,,,,927,514,412,14,6,3,3,0,0,0,6,3,3,131,77,46,13,3,7,251,288,217,288,271,288,228,288,177,288,155,288,0,264,212,849,12,2,12.96,1.51,0.65,0.58,0.73,0.0,0.0,0.0,0.65,0.58,0.73,14.13,14.98,11.17,1.4,0.58,1.7,87.15,75.35,94.1,79.17,61.46,53.82,0.0,24.97
13-045,SAN JOSE OBRERO,XOCHIMILCO,False,,,,1125,580,546,269,93,46,46,0,0,0,91,45,45,272,136,133,8,0,6,107,261,58,250,253,275,215,275,51,250,19,208,0,80,341,1090,6,0,8.19,23.91,8.27,7.93,8.42,0.0,0.0,0.0,8.09,7.76,8.24,24.18,23.45,24.36,0.71,0.0,1.1,41.0,23.2,92.0,78.18,20.4,9.13,0.0,31.28
13-046,SAN JOSE ZACATEPEC,XOCHIMILCO,False,,,,3177,1634,1543,189,73,35,38,0,0,0,71,33,38,473,253,220,41,16,22,506,776,352,776,704,776,604,776,220,776,150,771,0,89,1054,3108,5,0,10.43,5.95,2.3,2.14,2.46,0.0,0.0,0.0,2.23,2.02,2.46,14.89,15.48,14.26,1.29,0.98,1.43,65.21,45.36,90.72,77.84,28.35,19.46,0.0,33.91
13-047,SAN JUAN (BARR),XOCHIMILCO,False,,,,1644,905,740,22,11,6,3,0,0,0,11,6,3,144,73,58,8,5,2,334,436,258,426,402,436,356,436,131,373,115,373,0,398,425,1551,19,1,12.13,1.34,0.67,0.66,0.41,0.0,0.0,0.0,0.67,0.66,0.41,8.76,8.07,7.84,0.49,0.55,0.27,76.61,60.56,92.2,81.65,35.12,30.83,0.0,27.4
13-048,SAN JUAN TEPEPAN,XOCHIMILCO,False,,,,3198,1720,1479,43,23,15,3,0,0,0,23,15,3,675,405,268,203,102,85,834,974,743,974,903,974,805,974,590,974,438,974,0,878,771,3068,20,1,13.15,1.34,0.72,0.87,0.2,0.0,0.0,0.0,0.72,0.87,0.2,21.11,23.55,18.12,6.35,5.93,5.75,85.63,76.28,92.71,82.65,60.57,44.97,0.0,25.13
13-049,SAN LORENZO (BARR),XOCHIMILCO,False,,,,4506,2328,2150,465,171,75,70,0,0,0,169,73,70,739,400,328,46,25,16,679,1127,416,1101,990,1127,873,1120,253,984,138,849,0,618,1321,4418,52,8,9.83,10.32,3.79,3.22,3.26,0.0,0.0,0.0,3.75,3.14,3.26,16.4,17.18,15.26,1.02,1.07,0.74,60.25,37.78,87.84,77.95,25.71,16.25,0.0,29.9
13-050,SAN LORENZO ATEMOAYA (PBLO),XOCHIMILCO,True,SAN LORENZO ATEMOAYA (PBLO),NAHUAS,NAHUATL,10092,5240,4838,535,213,101,95,0,0,0,213,101,95,1798,962,811,177,76,84,1962,2720,1512,2711,2541,2720,2310,2720,974,2677,783,2695,1,1992,3454,8821,57,3,11.44,5.3,2.11,1.93,1.96,0.0,0.0,0.0,2.11,1.93,1.96,17.82,18.36,16.76,1.75,1.45,1.74,72.13,55.77,93.42,84.93,36.38,29.05,0.05,39.16
13-052,SAN LUCAS XOCHIMANCA (PBLO),XOCHIMILCO,True,SAN LUCAS XOCHIMANCA (PBLO),NAHUAS,NAHUATL,13373,6848,6512,737,296,152,117,0,0,0,291,149,116,2134,1171,954,218,98,98,2417,3624,1809,3624,3286,3624,2913,3624,1014,3587,753,3582,4,2776,4631,12786,51,3,10.76,5.51,2.21,2.22,1.8,0.0,0.0,0.0,2.18,2.18,1.78,15.96,17.1,14.65,1.63,1.43,1.5,66.69,49.92,90.67,80.38,28.27,21.02,0.14,36.22
13-053,SAN LUIS TLAXIALTEMALCO (PBLO),XOCHIMILCO,True,SAN LUIS TLAXIALTEMALCO (PBLO),NAHUAS,NAHUATL,14761,7573,7179,937,387,168,193,0,0,0,384,166,193,2457,1272,1159,286,109,142,2265,3778,1696,3774,3423,3783,3047,3786,810,3700,520,3552,6,2902,4965,14558,71,3,10.35,6.35,2.62,2.22,2.69,0.0,0.0,0.0,2.6,2.19,2.69,16.65,16.8,16.14,1.94,1.44,1.98,59.95,44.94,90.48,80.48,21.89,14.64,0.21,34.1
13-054,SAN MARCOS (AMPL),XOCHIMILCO,False,,,,16980,8777,8201,1922,870,422,422,3,0,0,853,413,414,3815,1992,1788,307,145,112,2575,4479,1728,4395,4123,4504,3595,4495,1192,4258,708,3938,7,3515,5955,16636,138,6,9.93,11.32,5.12,4.81,5.15,0.02,0.0,0.0,5.02,4.71,5.05,22.47,22.7,21.8,1.81,1.65,1.37,57.49,39.32,91.54,79.98,27.99,17.98,0.2,35.8
13-055,SAN MARCOS (BARR),XOCHIMILCO,False,,,,3796,2028,1768,203,92,45,45,0,0,0,92,45,45,479,279,193,45,15,25,715,994,608,994,912,994,784,994,436,994,243,928,0,739,1143,3796,29,2,11.76,5.35,2.42,2.22,2.55,0.0,0.0,0.0,2.42,2.22,2.55,12.62,13.76,10.92,1.19,0.74,1.41,71.93,61.17,91.75,78.87,43.86,26.19,0.0,30.11
13-056,SAN MATEO XALPA (PBLO),XOCHIMILCO,True,SAN MATEO XALPA (PBLO),NAHUAS,NAHUATL,12815,4769,8035,501,223,84,125,0,0,0,176,81,80,1822,748,1039,156,73,56,1568,2318,1191,2329,2127,2343,1863,2339,649,2225,421,2003,0,1706,2808,11969,65,3,9.74,3.91,1.74,1.76,1.56,0.0,0.0,0.0,1.37,1.7,1.0,14.22,15.68,12.93,1.22,1.53,0.7,67.64,51.14,90.78,79.65,29.17,21.02,0.0,23.46
13-057,SAN PEDRO (BARR),XOCHIMILCO,False,,,,2926,1496,1430,29,9,0,4,0,0,0,9,0,4,348,170,148,24,7,11,599,815,463,802,756,815,693,815,332,792,239,780,0,786,1049,2910,38,3,12.21,0.99,0.31,0.0,0.28,0.0,0.0,0.0,0.31,0.0,0.28,11.89,11.36,10.35,0.82,0.47,0.77,73.5,57.73,92.76,85.03,41.92,30.64,0.0,36.05
13-058,SANTA CECILIA TEPETLAPA (PBLO),XOCHIMILCO,True,SANTA CECILIA TEPETLAPA (PBLO),NAHUAS,NAHUATL,11062,5708,5327,494,182,83,66,0,0,0,182,83,66,1843,1011,816,216,101,97,1927,2902,1422,2883,2612,2909,2477,2905,761,2763,593,2694,0,1429,3511,10480,51,6,10.74,4.47,1.65,1.45,1.24,0.0,0.0,0.0,1.65,1.45,1.24,16.66,17.71,15.32,1.95,1.77,1.82,66.4,49.32,89.79,85.27,27.54,22.01,0.0,33.5
13-059,SANTA CRUCITA (BARR),XOCHIMILCO,False,,,,385,203,182,4,0,0,0,0,0,0,0,0,0,34,17,13,4,0,0,73,97,49,97,89,97,75,97,37,97,22,90,0,97,128,350,3,0,12.07,1.04,0.0,0.0,0.0,0.0,0.0,0.0,0.0,0.0,0.0,8.83,8.37,7.14,1.04,0.0,0.0,75.26,50.52,91.75,77.32,38.14,24.44,0.0,36.57
13-060,SANTA CRUZ ACALPIXCA (PBLO),XOCHIMILCO,True,SANTA CRUZ ACALPIXCA (PBLO),NAHUAS,NAHUATL,23125,11900,11206,1049,373,189,150,4,0,3,362,184,144,3044,1683,1304,210,95,76,3886,6152,2647,6139,5436,6166,4940,6175,1303,6028,924,5671,34,4647,6785,22835,126,7,10.37,4.54,1.61,1.59,1.34,0.02,0.0,0.03,1.57,1.55,1.29,13.16,14.14,11.64,0.91,0.8,0.68,63.17,43.12,88.16,80.0,21.62,16.29,0.73,29.71
13-061,SANTA CRUZ CHAVARRIETA,XOCHIMILCO,False,,,,2397,1238,1159,113,36,16,14,0,0,0,36,16,14,313,173,136,31,8,15,367,598,277,598,530,598,471,598,151,590,95,516,0,318,712,2394,9,0,10.34,4.71,1.5,1.29,1.21,0.0,0.0,0.0,1.5,1.29,1.21,13.06,13.97,11.73,1.29,0.65,1.29,61.37,46.32,88.63,78.76,25.59,18.41,0.0,29.74
13-062,SANTA CRUZ XOCHITEPEC (PBLO),XOCHIMILCO,True,SANTA CRUZ XOCHITEPEC (PBLO),NAHUAS,NAHUATL,13587,7080,6495,514,188,95,75,0,0,0,185,94,73,2108,1165,937,299,141,138,2796,3801,2158,3793,3608,3810,3003,3806,1759,3764,1131,3723,0,2925,4483,13100,57,6,11.39,3.78,1.38,1.34,1.15,0.0,0.0,0.0,1.36,1.33,1.12,15.51,16.45,14.43,2.2,1.99,2.12,73.56,56.89,94.7,78.9,46.73,30.38,0.0,34.22
13-063,SANTA INES,XOCHIMILCO,False,,,,1907,977,930,75,23,13,10,0,0,0,23,12,10,323,177,145,48,26,22,350,499,267,496,469,499,407,495,139,470,89,468,0,329,525,1420,9,0,11.01,3.93,1.21,1.33,1.08,0.0,0.0,0.0,1.21,1.23,1.08,16.94,18.12,15.59,2.52,2.66,2.37,70.14,53.83,93.99,82.22,29.57,19.02,0.0,36.97
13-064,SANTA MARIA NATIVITAS (PBLO),XOCHIMILCO,True,SANTA MARIA NATIVITAS (PBLO),NAHUAS,NAHUATL,18253,9423,8827,904,309,140,134,0,0,0,306,138,134,2556,1355,1159,181,79,77,3051,4671,2274,4677,4257,4701,3667,4701,1184,4623,785,4397,8,3120,5170,17701,98,5,10.49,4.95,1.69,1.49,1.52,0.0,0.0,0.0,1.68,1.46,1.52,14.0,14.38,13.13,0.99,0.84,0.87,65.32,48.62,90.56,78.0,25.61,17.85,0.26,29.21
13-065,SANTA MARIA TEPEPAN (PBLO),XOCHIMILCO,True,SANTA MARIA TEPEPAN (PBLO),NAHUAS,NAHUATL,14630,7714,6905,367,164,90,52,0,0,0,163,87,52,2112,1231,865,346,189,138,3434,4342,2843,4342,4041,4342,3513,4342,2244,4339,1693,4321,5,2530,4236,13882,60,5,12.35,2.51,1.12,1.17,0.75,0.0,0.0,0.0,1.11,1.13,0.75,14.44,15.96,12.53,2.37,2.45,2.0,79.09,65.48,93.07,80.91,51.72,39.18,0.2,30.51
13-066,SANTIAGO TEPALCATLALPAN (PBLO),XOCHIMILCO,True,SANTIAGO TEPALCATLALPAN (PBLO),NAHUAS,NAHUATL,16144,8382,7750,622,200,102,75,0,0,0,199,102,74,2321,1298,985,204,91,84,2771,4109,2084,4113,3766,4113,3286,4109,1221,4081,886,4038,10,3182,4813,15118,67,4,10.84,3.85,1.24,1.22,0.97,0.0,0.0,0.0,1.23,1.22,0.95,14.38,15.49,12.71,1.26,1.09,1.08,67.44,50.67,91.56,79.97,29.92,21.94,0.31,31.84
13-067,SANTIAGO TULYEHUALCO (PBLO),XOCHIMILCO,True,SANTIAGO TULYEHUALCO (PBLO),NAHUAS,NAHUATL,22483,11560,10894,656,186,67,58,0,0,0,186,67,57,3534,1883,1604,276,103,101,3849,5848,2731,5825,5179,5860,4596,5860,1710,5682,962,5237,22,4640,6668,21989,183,17,10.69,2.92,0.83,0.58,0.53,0.0,0.0,0.0,0.83,0.58,0.52,15.72,16.29,14.72,1.23,0.89,0.93,65.82,46.88,88.38,78.43,30.1,18.37,0.47,30.32
13-068,TECACALANCO,XOCHIMILCO,False,,,,3265,1683,1582,450,156,85,66,0,0,0,154,83,66,772,416,348,25,9,11,444,829,270,816,738,834,684,831,109,795,86,798,3,460,1224,3085,16,2,8.91,13.78,4.78,5.05,4.17,0.0,0.0,0.0,4.72,4.93,4.17,23.64,24.72,22.0,0.77,0.53,0.7,53.56,33.09,88.49,82.31,13.71,10.78,0.65,39.68
13-069,TEPEPAN (AMPL),XOCHIMILCO,False,,,,7328,3882,3446,149,54,30,11,0,0,0,54,30,11,1224,682,515,89,41,32,1592,2038,1317,2034,1894,2043,1634,2040,983,2031,711,2023,2,1667,1993,6703,50,3,11.86,2.03,0.74,0.77,0.32,0.0,0.0,0.0,0.74,0.77,0.32,16.7,17.57,14.94,1.21,1.06,0.93,78.12,64.75,92.71,80.1,48.4,35.15,0.12,29.73
13-070,TESMIC (RDCIAL),XOCHIMILCO,False,,,,481,253,228,23,9,4,5,0,0,0,9,4,5,72,42,26,9,4,4,102,139,84,139,130,139,110,139,65,139,48,139,0,9,135,223,1,0,11.74,4.78,1.87,1.58,2.19,0.0,0.0,0.0,1.87,1.58,2.19,14.97,16.6,11.4,1.87,1.58,1.75,73.38,60.43,93.53,79.14,46.76,34.53,0.0,60.54
13-071,TIERRA NUEVA,XOCHIMILCO,False,,,,1800,939,861,136,75,32,43,0,0,0,75,32,43,342,186,154,40,19,19,411,520,348,520,494,520,402,520,245,520,217,520,0,520,533,1797,9,0,12.3,7.56,4.17,3.41,4.99,0.0,0.0,0.0,4.17,3.41,4.99,19.0,19.81,17.89,2.22,2.02,2.21,79.04,66.92,95.0,77.31,47.12,41.73,0.0,29.66
13-072,TLAXOPAN,XOCHIMILCO,False,,,,4398,2238,2160,412,127,54,58,0,0,0,126,54,57,1128,582,542,47,20,18,671,1107,509,1107,1053,1107,914,1107,409,1081,230,1060,0,910,1884,4201,19,0,10.41,9.37,2.89,2.41,2.69,0.0,0.0,0.0,2.86,2.41,2.64,25.65,26.01,25.09,1.07,0.89,0.83,60.61,45.98,95.12,82.57,37.84,21.7,0.0,44.85
13-073,XALTOCAN (BARR),XOCHIMILCO,False,,,,10717,5591,5101,310,123,40,50,0,0,0,120,40,50,955,516,416,156,66,75,2156,2986,1654,2970,2695,2986,2357,2981,1200,2951,788,2804,5,2341,3318,10670,83,7,11.51,2.89,1.15,0.72,0.98,0.0,0.0,0.0,1.12,0.72,0.98,8.91,9.23,8.16,1.46,1.18,1.47,72.2,55.69,90.25,79.07,40.66,28.1,0.21,31.1
13-074,XICALHUACAN,XOCHIMILCO,False,,,,5440,2747,2693,687,251,107,86,0,0,0,247,102,86,1302,687,593,70,34,12,691,1340,434,1257,1260,1381,1024,1377,186,1077,95,762,0,1174,2038,5344,73,4,9.33,12.63,4.61,3.9,3.19,0.0,0.0,0.0,4.54,3.71,3.19,23.93,25.01,22.02,1.29,1.24,0.45,51.57,34.53,91.24,74.36,17.27,12.47,0.0,38.14
13-075,SAN LORENZO LA CEBADA I,XOCHIMILCO,False,,,,10873,5585,5288,895,420,208,159,0,0,0,415,203,159,2786,1517,1269,322,157,130,2023,2928,1507,2928,2729,2928,2375,2928,1131,2928,800,2928,0,2348,3732,10871,61,2,10.79,8.23,3.86,3.72,3.01,0.0,0.0,0.0,3.82,3.63,3.01,25.62,27.16,24.0,2.96,2.81,2.46,69.09,51.47,93.2,81.11,38.63,27.32,0.0,34.33
13-076,SAN LORENZO LA CEBADA II,XOCHIMILCO,False,,,,7308,3774,3534,239,91,33,31,0,0,0,90,33,28,1323,754,564,130,63,45,1583,2055,1289,2055,1915,2055,1660,2055,959,2055,643,2055,0,1867,2083,7307,58,4,11.83,3.27,1.25,0.87,0.88,0.0,0.0,0.0,1.23,0.87,0.79,18.1,19.98,15.96,1.78,1.67,1.27,77.03,62.73,93.19,80.78,46.67,31.29,0.0,28.51
13-077,AZTLAN (U HAB),XOCHIMILCO,False,,,,145,78,67,5,2,2,0,0,0,0,2,2,0,25,14,11,8,4,4,38,44,35,44,41,44,36,44,20,44,20,44,0,44,34,56,0,0,12.82,3.45,1.38,2.56,0.0,0.0,0.0,0.0,1.38,2.56,0.0,17.24,17.95,16.42,5.52,5.13,5.97,86.36,79.55,93.18,81.82,45.45,45.45,0.0,60.71
13-078,CANAL ONCE (U HAB),XOCHIMILCO,False,,,,645,337,307,5,2,2,0,0,0,0,2,2,0,89,50,39,5,3,2,148,180,138,180,175,180,168,180,78,180,79,180,0,180,185,432,1,0,12.59,0.78,0.31,0.59,0.0,0.0,0.0,0.0,0.31,0.59,0.0,13.8,14.84,12.7,0.78,0.89,0.65,82.22,76.67,97.22,93.33,43.33,43.89,0.0,42.82
13-079,LORETO PEÑA POBRE (U HAB),XOCHIMILCO,False,,,,1010,551,459,34,19,9,7,0,0,0,19,9,7,127,71,49,16,6,10,273,347,222,347,333,347,286,347,163,347,110,347,0,347,306,1010,9,1,11.32,3.37,1.88,1.63,1.53,0.0,0.0,0.0,1.88,1.63,1.53,12.57,12.89,10.68,1.58,1.09,2.18,78.67,63.98,95.97,82.42,46.97,31.7,0.0,30.3
13-080,INFONAVIT PROLONGACION DIVISION DEL NORTE (U HAB),XOCHIMILCO,False,,,,1437,774,661,31,2,0,2,0,0,0,2,0,2,278,167,102,25,15,0,404,484,340,484,451,487,396,487,270,487,208,476,0,487,373,1309,16,1,12.47,2.16,0.14,0.0,0.3,0.0,0.0,0.0,0.14,0.0,0.3,19.35,21.58,15.43,1.74,1.94,0.0,83.47,70.25,92.61,81.31,55.44,43.7,0.0,28.5
13-081,LA NORIA,XOCHIMILCO,False,,,,1240,642,597,10,10,6,4,0,0,0,10,6,4,181,92,78,35,15,15,390,418,357,408,411,418,335,412,282,407,264,391,0,418,314,1186,24,2,14.13,0.81,0.81,0.93,0.67,0.0,0.0,0.0,0.81,0.93,0.67,14.6,14.33,13.07,2.82,2.34,2.51,93.3,87.5,98.33,81.31,69.29,67.52,0.0,26.48
13-082,NUEVA TENOCHTITLAN (U HAB),XOCHIMILCO,False,,,,123,66,58,2,2,2,0,0,0,0,2,2,0,22,14,7,0,0,0,25,42,18,42,34,42,32,42,11,42,5,42,0,42,27,62,2,0,10.41,1.63,1.63,3.03,0.0,0.0,0.0,0.0,1.63,3.03,0.0,17.89,21.21,12.07,0.0,0.0,0.0,59.52,42.86,80.95,76.19,26.19,11.9,0.0,43.55
13-083,VILLA XOCHIMILCO (U HAB),XOCHIMILCO,False,,,,863,480,384,0,0,0,0,0,0,0,0,0,0,86,45,36,4,0,3,254,284,223,284,260,284,225,284,171,284,137,284,0,284,209,862,10,0,13.21,0.0,0.0,0.0,0.0,0.0,0.0,0.0,0.0,0.0,0.0,9.97,9.38,9.38,0.46,0.0,0.78,89.44,78.52,91.55,79.23,60.21,48.24,0.0,24.25
13-084,BOSQUE RESIDENCIAL DEL SUR (U HAB),XOCHIMILCO,False,,,,656,343,313,0,0,0,0,0,0,0,0,0,0,90,51,23,12,3,3,245,260,231,260,254,260,202,260,194,253,173,251,0,260,153,604,20,2,14.95,0.0,0.0,0.0,0.0,0.0,0.0,0.0,0.0,0.0,0.0,13.72,14.87,7.35,1.83,0.87,0.96,94.23,88.85,97.69,77.69,76.68,68.92,0.0,25.33
13-085,LA NORIA TEPEPAN (U HAB),XOCHIMILCO,False,,,,1551,821,729,8,0,0,0,0,0,0,0,0,0,248,149,75,82,33,29,575,623,524,623,613,623,494,623,409,623,369,616,0,623,355,1508,31,4,14.7,0.52,0.0,0.0,0.0,0.0,0.0,0.0,0.0,0.0,0.0,15.99,18.15,10.29,5.29,4.02,3.98,92.3,84.11,98.39,79.29,65.65,59.9,0.0,23.54
