anio,sexo,edad,ambito,indicador,categoria,num,den,casos,ee
2017,Mujeres,30-59,Urbano,discriminacion,Por algún motivo,378327.0,1342628.0,1522.0,0.014865
2017,Mujeres,60+,Urbano,discriminacion,Por algún motivo,105643.0,427303.0,712.0,0.018948
2017,Hombres,30-59,Rural,discriminacion,Por algún motivo,241264.0,1030684.0,640.0,0.011359
2017,Mujeres,12-29,Rural,discriminacion,Por algún motivo,232258.0,1000136.0,604.0,0.015585
2017,Mujeres,12-29,Urbano,discriminacion,Por algún motivo,194901.0,725830.0,756.0,0.023146
2017,Hombres,30-59,Urbano,discriminacion,Por algún motivo,315974.0,1253948.0,1249.0,0.014442
2017,Mujeres,30-59,Rural,discriminacion,Por algún motivo,272780.0,1188786.0,774.0,0.013351
2017,Mujeres,60+,Rural,discriminacion,Por algún motivo,140842.0,460237.0,310.0,0.02457
2017,Hombres,60+,Rural,discriminacion,Por algún motivo,117726.0,427280.0,322.0,0.022628
2017,Hombres,12-29,Rural,discriminacion,Por algún motivo,198891.0,874797.0,525.0,0.014752
2017,Hombres,60+,Urbano,discriminacion,Por algún motivo,141963.0,487641.0,690.0,0.019756
2017,Hombres,12-29,Urbano,discriminacion,Por algún motivo,179934.0,728404.0,706.0,0.019382
2017,Mujeres,30-59,Urbano,discriminacion,Por los diez motivos comunes a 2017 y 2022,378327.0,1342628.0,1522.0,0.014865
2017,Mujeres,60+,Urbano,discriminacion,Por los diez motivos comunes a 2017 y 2022,105643.0,427303.0,712.0,0.018948
2017,Hombres,30-59,Rural,discriminacion,Por los diez motivos comunes a 2017 y 2022,241264.0,1030684.0,640.0,0.011359
2017,Mujeres,12-29,Rural,discriminacion,Por los diez motivos comunes a 2017 y 2022,232258.0,1000136.0,604.0,0.015585
2017,Mujeres,12-29,Urbano,discriminacion,Por los diez motivos comunes a 2017 y 2022,194901.0,725830.0,756.0,0.023146
2017,Hombres,30-59,Urbano,discriminacion,Por los diez motivos comunes a 2017 y 2022,315974.0,1253948.0,1249.0,0.014442
2017,Mujeres,30-59,Rural,discriminacion,Por los diez motivos comunes a 2017 y 2022,272780.0,1188786.0,774.0,0.013351
2017,Mujeres,60+,Rural,discriminacion,Por los diez motivos comunes a 2017 y 2022,140842.0,460237.0,310.0,0.02457
2017,Hombres,60+,Rural,discriminacion,Por los diez motivos comunes a 2017 y 2022,117726.0,427280.0,322.0,0.022628
2017,Hombres,12-29,Rural,discriminacion,Por los diez motivos comunes a 2017 y 2022,198891.0,874797.0,525.0,0.014752
2017,Hombres,60+,Urbano,discriminacion,Por los diez motivos comunes a 2017 y 2022,141963.0,487641.0,690.0,0.019756
2017,Hombres,12-29,Urbano,discriminacion,Por los diez motivos comunes a 2017 y 2022,179934.0,728404.0,706.0,0.019382
2017,Mujeres,30-59,Urbano,motivo,Tono de piel,34983.0,1342628.0,1522.0,0.001194
2017,Mujeres,60+,Urbano,motivo,Tono de piel,11527.0,427303.0,712.0,0.000349
2017,Hombres,30-59,Rural,motivo,Tono de piel,42215.0,1030684.0,640.0,0.002895
2017,Mujeres,12-29,Rural,motivo,Tono de piel,31225.0,1000136.0,604.0,0.003274
2017,Mujeres,12-29,Urbano,motivo,Tono de piel,24392.0,725830.0,756.0,0.000793
2017,Hombres,30-59,Urbano,motivo,Tono de piel,103966.0,1253948.0,1249.0,0.003915
2017,Mujeres,30-59,Rural,motivo,Tono de piel,44228.0,1188786.0,774.0,0.00197
2017,Mujeres,60+,Rural,motivo,Tono de piel,56040.0,460237.0,310.0,0.011711
2017,Hombres,60+,Rural,motivo,Tono de piel,37034.0,427280.0,322.0,0.006332
2017,Hombres,12-29,Rural,motivo,Tono de piel,19355.0,874797.0,525.0,0.005349
2017,Hombres,60+,Urbano,motivo,Tono de piel,40783.0,487641.0,690.0,0.012531
2017,Hombres,12-29,Urbano,motivo,Tono de piel,31743.0,728404.0,706.0,0.003706
2017,Mujeres,30-59,Urbano,motivo,Manera de hablar,106765.0,1342628.0,1522.0,0.010432
2017,Mujeres,60+,Urbano,motivo,Manera de hablar,42645.0,427303.0,712.0,0.003681
2017,Hombres,30-59,Rural,motivo,Manera de hablar,101670.0,1030684.0,640.0,0.006656
2017,Mujeres,12-29,Rural,motivo,Manera de hablar,83369.0,1000136.0,604.0,0.008499
2017,Mujeres,12-29,Urbano,motivo,Manera de hablar,44222.0,725830.0,756.0,0.00452
2017,Hombres,30-59,Urbano,motivo,Manera de hablar,138761.0,1253948.0,1249.0,0.006277
2017,Mujeres,30-59,Rural,motivo,Manera de hablar,91217.0,1188786.0,774.0,0.004673
2017,Mujeres,60+,Rural,motivo,Manera de hablar,56253.0,460237.0,310.0,0.004821
2017,Hombres,60+,Rural,motivo,Manera de hablar,57088.0,427280.0,322.0,0.017329
2017,Hombres,12-29,Rural,motivo,Manera de hablar,69386.0,874797.0,525.0,0.008257
2017,Hombres,60+,Urbano,motivo,Manera de hablar,58950.0,487641.0,690.0,0.012326
2017,Hombres,12-29,Urbano,motivo,Manera de hablar,55455.0,728404.0,706.0,0.002041
2017,Mujeres,30-59,Urbano,motivo,Peso o estatura,118908.0,1342628.0,1522.0,0.006638
2017,Mujeres,60+,Urbano,motivo,Peso o estatura,21689.0,427303.0,712.0,0.000353
2017,Hombres,30-59,Rural,motivo,Peso o estatura,46983.0,1030684.0,640.0,0.006945
2017,Mujeres,12-29,Rural,motivo,Peso o estatura,86342.0,1000136.0,604.0,0.012016
2017,Mujeres,12-29,Urbano,motivo,Peso o estatura,59747.0,725830.0,756.0,0.00911
2017,Hombres,30-59,Urbano,motivo,Peso o estatura,105438.0,1253948.0,1249.0,0.003594
2017,Mujeres,30-59,Rural,motivo,Peso o estatura,75584.0,1188786.0,774.0,0.00458
2017,Mujeres,60+,Rural,motivo,Peso o estatura,36619.0,460237.0,310.0,0.001383
2017,Hombres,60+,Rural,motivo,Peso o estatura,20085.0,427280.0,322.0,0.002677
2017,Hombres,12-29,Rural,motivo,Peso o estatura,45033.0,874797.0,525.0,0.00497
2017,Hombres,60+,Urbano,motivo,Peso o estatura,33253.0,487641.0,690.0,0.000785
2017,Hombres,12-29,Urbano,motivo,Peso o estatura,67966.0,728404.0,706.0,0.00726
2017,Mujeres,30-59,Urbano,motivo,Forma de vestir o arreglo personal,135634.0,1342628.0,1522.0,0.012321
2017,Mujeres,60+,Urbano,motivo,Forma de vestir o arreglo personal,27627.0,427303.0,712.0,0.023873
2017,Hombres,30-59,Rural,motivo,Forma de vestir o arreglo personal,92489.0,1030684.0,640.0,0.006056
2017,Mujeres,12-29,Rural,motivo,Forma de vestir o arreglo personal,84116.0,1000136.0,604.0,0.005225
2017,Mujeres,12-29,Urbano,motivo,Forma de vestir o arreglo personal,53349.0,725830.0,756.0,0.012502
2017,Hombres,30-59,Urbano,motivo,Forma de vestir o arreglo personal,122263.0,1253948.0,1249.0,0.00855
2017,Mujeres,30-59,Rural,motivo,Forma de vestir o arreglo personal,101990.0,1188786.0,774.0,0.010008
2017,Mujeres,60+,Rural,motivo,Forma de vestir o arreglo personal,39265.0,460237.0,310.0,0.00335
2017,Hombres,60+,Rural,motivo,Forma de vestir o arreglo personal,22437.0,427280.0,322.0,0.002931
2017,Hombres,12-29,Rural,motivo,Forma de vestir o arreglo personal,63500.0,874797.0,525.0,0.007076
2017,Hombres,60+,Urbano,motivo,Forma de vestir o arreglo personal,28805.0,487641.0,690.0,0.000827
2017,Hombres,12-29,Urbano,motivo,Forma de vestir o arreglo personal,53295.0,728404.0,706.0,0.009546
2017,Mujeres,30-59,Urbano,motivo,Clase social,86269.0,1342628.0,1522.0,0.013057
2017,Mujeres,60+,Urbano,motivo,Clase social,25323.0,427303.0,712.0,0.000881
2017,Hombres,30-59,Rural,motivo,Clase social,53548.0,1030684.0,640.0,0.003807
2017,Mujeres,12-29,Rural,motivo,Clase social,42437.0,1000136.0,604.0,0.006543
2017,Mujeres,12-29,Urbano,motivo,Clase social,45283.0,725830.0,756.0,0.009127
2017,Hombres,30-59,Urbano,motivo,Clase social,118659.0,1253948.0,1249.0,0.006856
2017,Mujeres,30-59,Rural,motivo,Clase social,55978.0,1188786.0,774.0,0.005128
2017,Mujeres,60+,Rural,motivo,Clase social,21172.0,460237.0,310.0,0.000695
2017,Hombres,60+,Rural,motivo,Clase social,30573.0,427280.0,322.0,0.00174
2017,Hombres,12-29,Rural,motivo,Clase social,43212.0,874797.0,525.0,0.00654
2017,Hombres,60+,Urbano,motivo,Clase social,26674.0,487641.0,690.0,0.000425
2017,Hombres,12-29,Urbano,motivo,Clase social,31077.0,728404.0,706.0,0.002495
2017,Mujeres,30-59,Urbano,motivo,Lugar donde vive,93831.0,1342628.0,1522.0,0.005299
2017,Mujeres,60+,Urbano,motivo,Lugar donde vive,21356.0,427303.0,712.0,0.001847
2017,Hombres,30-59,Rural,motivo,Lugar donde vive,68340.0,1030684.0,640.0,0.00394
2017,Mujeres,12-29,Rural,motivo,Lugar donde vive,43590.0,1000136.0,604.0,0.004508
2017,Mujeres,12-29,Urbano,motivo,Lugar donde vive,39358.0,725830.0,756.0,0.012402
2017,Hombres,30-59,Urbano,motivo,Lugar donde vive,97157.0,1253948.0,1249.0,0.005553
2017,Mujeres,30-59,Rural,motivo,Lugar donde vive,48281.0,1188786.0,774.0,0.003912
2017,Mujeres,60+,Rural,motivo,Lugar donde vive,49821.0,460237.0,310.0,0.013216
2017,Hombres,60+,Rural,motivo,Lugar donde vive,24507.0,427280.0,322.0,0.003438
2017,Hombres,12-29,Rural,motivo,Lugar donde vive,45502.0,874797.0,525.0,0.006364
2017,Hombres,60+,Urbano,motivo,Lugar donde vive,29470.0,487641.0,690.0,0.001519
2017,Hombres,12-29,Urbano,motivo,Lugar donde vive,42000.0,728404.0,706.0,0.003824
2017,Mujeres,30-59,Urbano,motivo,Creencias religiosas,169010.0,1342628.0,1522.0,0.009513
2017,Mujeres,60+,Urbano,motivo,Creencias religiosas,45865.0,427303.0,712.0,0.003544
2017,Hombres,30-59,Rural,motivo,Creencias religiosas,105813.0,1030684.0,640.0,0.008888
2017,Mujeres,12-29,Rural,motivo,Creencias religiosas,82562.0,1000136.0,604.0,0.012826
2017,Mujeres,12-29,Urbano,motivo,Creencias religiosas,63014.0,725830.0,756.0,0.010967
2017,Hombres,30-59,Urbano,motivo,Creencias religiosas,114183.0,1253948.0,1249.0,0.008868
2017,Mujeres,30-59,Rural,motivo,Creencias religiosas,100295.0,1188786.0,774.0,0.011055
2017,Mujeres,60+,Rural,motivo,Creencias religiosas,55747.0,460237.0,310.0,0.007233
2017,Hombres,60+,Rural,motivo,Creencias religiosas,35740.0,427280.0,322.0,0.007524
2017,Hombres,12-29,Rural,motivo,Creencias religiosas,75093.0,874797.0,525.0,0.006689
2017,Hombres,60+,Urbano,motivo,Creencias religiosas,43334.0,487641.0,690.0,0.000397
2017,Hombres,12-29,Urbano,motivo,Creencias religiosas,90985.0,728404.0,706.0,0.016757
2017,Mujeres,30-59,Urbano,motivo,Ser mujer u hombre,102928.0,1342628.0,1522.0,0.003123
2017,Mujeres,60+,Urbano,motivo,Ser mujer u hombre,35478.0,427303.0,712.0,0.025054
2017,Hombres,30-59,Rural,motivo,Ser mujer u hombre,11523.0,1030684.0,640.0,5e-06
2017,Mujeres,12-29,Rural,motivo,Ser mujer u hombre,92018.0,1000136.0,604.0,0.010218
2017,Mujeres,12-29,Urbano,motivo,Ser mujer u hombre,64846.0,725830.0,756.0,0.011697
2017,Hombres,30-59,Urbano,motivo,Ser mujer u hombre,24435.0,1253948.0,1249.0,0.001174
2017,Mujeres,30-59,Rural,motivo,Ser mujer u hombre,70743.0,1188786.0,774.0,0.005116
2017,Mujeres,60+,Rural,motivo,Ser mujer u hombre,44835.0,460237.0,310.0,0.006365
2017,Hombres,60+,Rural,motivo,Ser mujer u hombre,2771.0,427280.0,322.0,0.000195
2017,Hombres,12-29,Rural,motivo,Ser mujer u hombre,19525.0,874797.0,525.0,0.005147
2017,Hombres,60+,Urbano,motivo,Ser mujer u hombre,14387.0,487641.0,690.0,
2017,Hombres,12-29,Urbano,motivo,Ser mujer u hombre,9900.0,728404.0,706.0,
2017,Mujeres,30-59,Urbano,motivo,Edad,55636.0,1342628.0,1522.0,0.001421
2017,Mujeres,60+,Urbano,motivo,Edad,48697.0,427303.0,712.0,0.002446
2017,Hombres,30-59,Rural,motivo,Edad,39142.0,1030684.0,640.0,0.003164
2017,Mujeres,12-29,Rural,motivo,Edad,69051.0,1000136.0,604.0,0.009079
2017,Mujeres,12-29,Urbano,motivo,Edad,53646.0,725830.0,756.0,0.005296
2017,Hombres,30-59,Urbano,motivo,Edad,73906.0,1253948.0,1249.0,0.004572
2017,Mujeres,30-59,Rural,motivo,Edad,45529.0,1188786.0,774.0,0.002848
2017,Mujeres,60+,Rural,motivo,Edad,43562.0,460237.0,310.0,0.006341
2017,Hombres,60+,Rural,motivo,Edad,54083.0,427280.0,322.0,0.009702
2017,Hombres,12-29,Rural,motivo,Edad,40515.0,874797.0,525.0,0.005575
2017,Hombres,60+,Urbano,motivo,Edad,82596.0,487641.0,690.0,0.01038
2017,Hombres,12-29,Urbano,motivo,Edad,22428.0,728404.0,706.0,0.001281
2017,Mujeres,30-59,Urbano,motivo,Orientación sexual,6643.0,1342628.0,1522.0,0.000546
2017,Mujeres,60+,Urbano,motivo,Orientación sexual,9180.0,427303.0,712.0,
2017,Hombres,30-59,Rural,motivo,Orientación sexual,2247.0,1030684.0,640.0,
2017,Mujeres,12-29,Rural,motivo,Orientación sexual,10660.0,1000136.0,604.0,4e-06
2017,Mujeres,12-29,Urbano,motivo,Orientación sexual,11670.0,725830.0,756.0,
2017,Hombres,30-59,Urbano,motivo,Orientación sexual,24125.0,1253948.0,1249.0,0.000254
2017,Mujeres,30-59,Rural,motivo,Orientación sexual,2575.0,1188786.0,774.0,0.000546
2017,Mujeres,60+,Rural,motivo,Orientación sexual,,460237.0,310.0,
2017,Hombres,60+,Rural,motivo,Orientación sexual,3204.0,427280.0,322.0,
2017,Hombres,12-29,Rural,motivo,Orientación sexual,3880.0,874797.0,525.0,
2017,Hombres,60+,Urbano,motivo,Orientación sexual,979.0,487641.0,690.0,
2017,Hombres,12-29,Urbano,motivo,Orientación sexual,7605.0,728404.0,706.0,
2017,Mujeres,30-59,Urbano,ambito,Trabajo o escuela,59846.0,1342628.0,1522.0,0.006392
2017,Mujeres,60+,Urbano,ambito,Trabajo o escuela,1616.0,427303.0,712.0,0.000131
2017,Hombres,30-59,Rural,ambito,Trabajo o escuela,39600.0,1030684.0,640.0,0.002436
2017,Mujeres,12-29,Rural,ambito,Trabajo o escuela,70448.0,1000136.0,604.0,0.004
2017,Mujeres,12-29,Urbano,ambito,Trabajo o escuela,46702.0,725830.0,756.0,0.010601
2017,Hombres,30-59,Urbano,ambito,Trabajo o escuela,85590.0,1253948.0,1249.0,0.003673
2017,Mujeres,30-59,Rural,ambito,Trabajo o escuela,16649.0,1188786.0,774.0,
2017,Mujeres,60+,Rural,ambito,Trabajo o escuela,1624.0,460237.0,310.0,
2017,Hombres,60+,Rural,ambito,Trabajo o escuela,9741.0,427280.0,322.0,0.005787
2017,Hombres,12-29,Rural,ambito,Trabajo o escuela,52114.0,874797.0,525.0,0.009224
2017,Hombres,60+,Urbano,ambito,Trabajo o escuela,28323.0,487641.0,690.0,0.013197
2017,Hombres,12-29,Urbano,ambito,Trabajo o escuela,56116.0,728404.0,706.0,0.008371
2017,Mujeres,30-59,Urbano,ambito,Familia,107376.0,1342628.0,1522.0,0.009523
2017,Mujeres,60+,Urbano,ambito,Familia,26908.0,427303.0,712.0,0.000897
2017,Hombres,30-59,Rural,ambito,Familia,20274.0,1030684.0,640.0,0.001138
2017,Mujeres,12-29,Rural,ambito,Familia,22720.0,1000136.0,604.0,0.005014
2017,Mujeres,12-29,Urbano,ambito,Familia,30653.0,725830.0,756.0,0.00461
2017,Hombres,30-59,Urbano,ambito,Familia,22892.0,1253948.0,1249.0,0.001865
2017,Mujeres,30-59,Rural,ambito,Familia,69432.0,1188786.0,774.0,0.003865
2017,Mujeres,60+,Rural,ambito,Familia,37424.0,460237.0,310.0,0.004309
2017,Hombres,60+,Rural,ambito,Familia,15075.0,427280.0,322.0,0.00536
2017,Hombres,12-29,Rural,ambito,Familia,20075.0,874797.0,525.0,0.002551
2017,Hombres,60+,Urbano,ambito,Familia,32784.0,487641.0,690.0,0.000252
2017,Hombres,12-29,Urbano,ambito,Familia,26982.0,728404.0,706.0,0.001172
2017,Mujeres,30-59,Urbano,ambito,Servicios médicos,153010.0,1342628.0,1522.0,0.005028
2017,Mujeres,60+,Urbano,ambito,Servicios médicos,23736.0,427303.0,712.0,0.000492
2017,Hombres,30-59,Rural,ambito,Servicios médicos,89278.0,1030684.0,640.0,0.008506
2017,Mujeres,12-29,Rural,ambito,Servicios médicos,66250.0,1000136.0,604.0,0.008006
2017,Mujeres,12-29,Urbano,ambito,Servicios médicos,30246.0,725830.0,756.0,0.002145
2017,Hombres,30-59,Urbano,ambito,Servicios médicos,116814.0,1253948.0,1249.0,0.006688
2017,Mujeres,30-59,Rural,ambito,Servicios médicos,72724.0,1188786.0,774.0,0.006657
2017,Mujeres,60+,Rural,ambito,Servicios médicos,67854.0,460237.0,310.0,0.009961
2017,Hombres,60+,Rural,ambito,Servicios médicos,32942.0,427280.0,322.0,0.00607
2017,Hombres,12-29,Rural,ambito,Servicios médicos,30389.0,874797.0,525.0,0.002977
2017,Hombres,60+,Urbano,ambito,Servicios médicos,50128.0,487641.0,690.0,0.001989
2017,Hombres,12-29,Urbano,ambito,Servicios médicos,47891.0,728404.0,706.0,0.001956
2017,Mujeres,30-59,Urbano,ambito,Oficina de gobierno,82082.0,1342628.0,1522.0,0.009662
2017,Mujeres,60+,Urbano,ambito,Oficina de gobierno,6987.0,427303.0,712.0,0.000298
2017,Hombres,30-59,Rural,ambito,Oficina de gobierno,45092.0,1030684.0,640.0,0.00264
2017,Mujeres,12-29,Rural,ambito,Oficina de gobierno,9240.0,1000136.0,604.0,0.000425
2017,Mujeres,12-29,Urbano,ambito,Oficina de gobierno,11312.0,725830.0,756.0,8e-05
2017,Hombres,30-59,Urbano,ambito,Oficina de gobierno,107696.0,1253948.0,1249.0,0.011219
2017,Mujeres,30-59,Rural,ambito,Oficina de gobierno,39075.0,1188786.0,774.0,0.003114
2017,Mujeres,60+,Rural,ambito,Oficina de gobierno,4338.0,460237.0,310.0,0.000124
2017,Hombres,60+,Rural,ambito,Oficina de gobierno,22653.0,427280.0,322.0,0.003327
2017,Hombres,12-29,Rural,ambito,Oficina de gobierno,20352.0,874797.0,525.0,0.002917
2017,Hombres,60+,Urbano,ambito,Oficina de gobierno,27134.0,487641.0,690.0,0.000326
2017,Hombres,12-29,Urbano,ambito,Oficina de gobierno,29086.0,728404.0,706.0,0.004513
2017,Mujeres,30-59,Urbano,ambito,"Negocio, centro comercial o banco",36053.0,1342628.0,1522.0,0.010458
2017,Mujeres,60+,Urbano,ambito,"Negocio, centro comercial o banco",4658.0,427303.0,712.0,0.000204
2017,Hombres,30-59,Rural,ambito,"Negocio, centro comercial o banco",21839.0,1030684.0,640.0,0.001428
2017,Mujeres,12-29,Rural,ambito,"Negocio, centro comercial o banco",15288.0,1000136.0,604.0,
2017,Mujeres,12-29,Urbano,ambito,"Negocio, centro comercial o banco",8603.0,725830.0,756.0,0.000227
2017,Hombres,30-59,Urbano,ambito,"Negocio, centro comercial o banco",22448.0,1253948.0,1249.0,0.001606
2017,Mujeres,30-59,Rural,ambito,"Negocio, centro comercial o banco",6788.0,1188786.0,774.0,0.000827
2017,Mujeres,60+,Rural,ambito,"Negocio, centro comercial o banco",3983.0,460237.0,310.0,
2017,Hombres,60+,Rural,ambito,"Negocio, centro comercial o banco",3794.0,427280.0,322.0,0.000638
2017,Hombres,12-29,Rural,ambito,"Negocio, centro comercial o banco",13714.0,874797.0,525.0,0.000952
2017,Hombres,60+,Urbano,ambito,"Negocio, centro comercial o banco",10542.0,487641.0,690.0,0.00012
2017,Hombres,12-29,Urbano,ambito,"Negocio, centro comercial o banco",46782.0,728404.0,706.0,0.002034
2017,Mujeres,30-59,Urbano,ambito,Calle o transporte público,82008.0,1342628.0,1522.0,0.00444
2017,Mujeres,60+,Urbano,ambito,Calle o transporte público,26682.0,427303.0,712.0,0.001794
2017,Hombres,30-59,Rural,ambito,Calle o transporte público,39102.0,1030684.0,640.0,0.003405
2017,Mujeres,12-29,Rural,ambito,Calle o transporte público,50841.0,1000136.0,604.0,0.003368
2017,Mujeres,12-29,Urbano,ambito,Calle o transporte público,32514.0,725830.0,756.0,0.002389
2017,Hombres,30-59,Urbano,ambito,Calle o transporte público,103278.0,1253948.0,1249.0,0.006934
2017,Mujeres,30-59,Rural,ambito,Calle o transporte público,49001.0,1188786.0,774.0,0.002814
2017,Mujeres,60+,Rural,ambito,Calle o transporte público,32355.0,460237.0,310.0,0.001322
2017,Hombres,60+,Rural,ambito,Calle o transporte público,28626.0,427280.0,322.0,0.004077
2017,Hombres,12-29,Rural,ambito,Calle o transporte público,45349.0,874797.0,525.0,0.0058
2017,Hombres,60+,Urbano,ambito,Calle o transporte público,50643.0,487641.0,690.0,0.001651
2017,Hombres,12-29,Urbano,ambito,Calle o transporte público,93685.0,728404.0,706.0,0.01829
2017,Mujeres,30-59,Urbano,ambito,Redes sociales,7207.0,1342628.0,1522.0,
2017,Mujeres,60+,Urbano,ambito,Redes sociales,533.0,427303.0,712.0,
2017,Hombres,30-59,Rural,ambito,Redes sociales,3021.0,1030684.0,640.0,
2017,Mujeres,12-29,Rural,ambito,Redes sociales,13329.0,1000136.0,604.0,0.0
2017,Mujeres,12-29,Urbano,ambito,Redes sociales,12188.0,725830.0,756.0,0.007293
2017,Hombres,30-59,Urbano,ambito,Redes sociales,14531.0,1253948.0,1249.0,0.001189
2017,Mujeres,30-59,Rural,ambito,Redes sociales,6424.0,1188786.0,774.0,0.000486
2017,Mujeres,60+,Rural,ambito,Redes sociales,274.0,460237.0,310.0,
2017,Hombres,60+,Rural,ambito,Redes sociales,,427280.0,322.0,
2017,Hombres,12-29,Rural,ambito,Redes sociales,12562.0,874797.0,525.0,0.000695
2017,Hombres,60+,Urbano,ambito,Redes sociales,183.0,487641.0,690.0,
2017,Hombres,12-29,Urbano,ambito,Redes sociales,17896.0,728404.0,706.0,0.003487
2017,Mujeres,30-59,Urbano,ambito,Otro lugar,167.0,1342628.0,1522.0,
2017,Mujeres,60+,Urbano,ambito,Otro lugar,182.0,427303.0,712.0,
2017,Hombres,30-59,Rural,ambito,Otro lugar,800.0,1030684.0,640.0,
2017,Mujeres,12-29,Rural,ambito,Otro lugar,225.0,1000136.0,604.0,
2017,Mujeres,12-29,Urbano,ambito,Otro lugar,268.0,725830.0,756.0,
2017,Hombres,30-59,Urbano,ambito,Otro lugar,,1253948.0,1249.0,
2017,Mujeres,30-59,Rural,ambito,Otro lugar,989.0,1188786.0,774.0,
2017,Mujeres,60+,Rural,ambito,Otro lugar,927.0,460237.0,310.0,
2017,Hombres,60+,Rural,ambito,Otro lugar,4467.0,427280.0,322.0,
2017,Hombres,12-29,Rural,ambito,Otro lugar,,874797.0,525.0,
2017,Hombres,60+,Urbano,ambito,Otro lugar,501.0,487641.0,690.0,
2017,Hombres,12-29,Urbano,ambito,Otro lugar,200.0,728404.0,706.0,
2017,Mujeres,30-59,Urbano,ambito,En al menos un ámbito,380830.0,1342628.0,1522.0,0.017734
2017,Mujeres,60+,Urbano,ambito,En al menos un ámbito,73315.0,427303.0,712.0,0.003778
2017,Hombres,30-59,Rural,ambito,En al menos un ámbito,166776.0,1030684.0,640.0,0.013218
2017,Mujeres,12-29,Rural,ambito,En al menos un ámbito,162892.0,1000136.0,604.0,0.015363
2017,Mujeres,12-29,Urbano,ambito,En al menos un ámbito,123266.0,725830.0,756.0,0.02129
2017,Hombres,30-59,Urbano,ambito,En al menos un ámbito,275077.0,1253948.0,1249.0,0.016606
2017,Mujeres,30-59,Rural,ambito,En al menos un ámbito,173659.0,1188786.0,774.0,0.014072
2017,Mujeres,60+,Rural,ambito,En al menos un ámbito,118550.0,460237.0,310.0,0.010534
2017,Hombres,60+,Rural,ambito,En al menos un ámbito,76543.0,427280.0,322.0,0.012508
2017,Hombres,12-29,Rural,ambito,En al menos un ámbito,123948.0,874797.0,525.0,0.019672
2017,Hombres,60+,Urbano,ambito,En al menos un ámbito,136178.0,487641.0,690.0,0.013835
2017,Hombres,12-29,Urbano,ambito,En al menos un ámbito,211136.0,728404.0,706.0,0.01592
2017,Mujeres,30-59,Urbano,derecho,Atención médica o medicamentos,274401.0,1334262.0,1504.0,0.016162
2017,Mujeres,60+,Urbano,derecho,Atención médica o medicamentos,65437.0,424346.0,704.0,0.011841
2017,Hombres,30-59,Rural,derecho,Atención médica o medicamentos,193534.0,1017179.0,628.0,0.018541
2017,Mujeres,12-29,Rural,derecho,Atención médica o medicamentos,109075.0,992815.0,599.0,0.008731
2017,Mujeres,12-29,Urbano,derecho,Atención médica o medicamentos,115876.0,701950.0,734.0,0.019485
2017,Hombres,30-59,Urbano,derecho,Atención médica o medicamentos,190054.0,1180677.0,1195.0,0.00939
2017,Mujeres,30-59,Rural,derecho,Atención médica o medicamentos,137533.0,1171509.0,767.0,0.01139
2017,Mujeres,60+,Rural,derecho,Atención médica o medicamentos,80841.0,451982.0,302.0,0.015968
2017,Hombres,60+,Rural,derecho,Atención médica o medicamentos,59731.0,406632.0,312.0,0.007681
2017,Hombres,12-29,Rural,derecho,Atención médica o medicamentos,100546.0,856531.0,515.0,0.017723
2017,Hombres,60+,Urbano,derecho,Atención médica o medicamentos,83294.0,458825.0,649.0,0.006748
2017,Hombres,12-29,Urbano,derecho,Atención médica o medicamentos,89942.0,704535.0,681.0,0.024078
2017,Mujeres,30-59,Urbano,derecho,Atención en una oficina de gobierno,162992.0,1062728.0,1193.0,0.013095
2017,Mujeres,60+,Urbano,derecho,Atención en una oficina de gobierno,20045.0,309019.0,500.0,0.000466
2017,Hombres,30-59,Rural,derecho,Atención en una oficina de gobierno,104266.0,830125.0,502.0,0.013094
2017,Mujeres,12-29,Rural,derecho,Atención en una oficina de gobierno,31105.0,693914.0,392.0,0.000614
2017,Mujeres,12-29,Urbano,derecho,Atención en una oficina de gobierno,51190.0,573454.0,549.0,0.014819
2017,Hombres,30-59,Urbano,derecho,Atención en una oficina de gobierno,168814.0,1029107.0,1014.0,0.010293
2017,Mujeres,30-59,Rural,derecho,Atención en una oficina de gobierno,61210.0,859526.0,546.0,0.010271
2017,Mujeres,60+,Rural,derecho,Atención en una oficina de gobierno,37938.0,290686.0,190.0,0.006975
2017,Hombres,60+,Rural,derecho,Atención en una oficina de gobierno,40483.0,308061.0,235.0,0.0098
2017,Hombres,12-29,Rural,derecho,Atención en una oficina de gobierno,35033.0,503705.0,296.0,0.009546
2017,Hombres,60+,Urbano,derecho,Atención en una oficina de gobierno,76198.0,390092.0,522.0,0.003208
2017,Hombres,12-29,Urbano,derecho,Atención en una oficina de gobierno,72664.0,542232.0,518.0,0.017531
2017,Mujeres,30-59,Urbano,derecho,Entrada o permanencia en un negocio o banco,7317.0,1291770.0,1487.0,6.7e-05
2017,Mujeres,60+,Urbano,derecho,Entrada o permanencia en un negocio o banco,8323.0,394507.0,659.0,0.002596
2017,Hombres,30-59,Rural,derecho,Entrada o permanencia en un negocio o banco,21074.0,985661.0,604.0,0.00381
2017,Mujeres,12-29,Rural,derecho,Entrada o permanencia en un negocio o banco,7013.0,950982.0,570.0,
2017,Mujeres,12-29,Urbano,derecho,Entrada o permanencia en un negocio o banco,12452.0,709666.0,742.0,8.9e-05
2017,Hombres,30-59,Urbano,derecho,Entrada o permanencia en un negocio o banco,58054.0,1242007.0,1233.0,0.001272
2017,Mujeres,30-59,Rural,derecho,Entrada o permanencia en un negocio o banco,8631.0,1106423.0,708.0,0.000517
2017,Mujeres,60+,Rural,derecho,Entrada o permanencia en un negocio o banco,4496.0,410949.0,265.0,0.000582
2017,Hombres,60+,Rural,derecho,Entrada o permanencia en un negocio o banco,2462.0,386672.0,286.0,0.000717
2017,Hombres,12-29,Rural,derecho,Entrada o permanencia en un negocio o banco,8460.0,826043.0,492.0,0.000286
2017,Hombres,60+,Urbano,derecho,Entrada o permanencia en un negocio o banco,15758.0,446217.0,645.0,1.3e-05
2017,Hombres,12-29,Urbano,derecho,Entrada o permanencia en un negocio o banco,45011.0,710859.0,691.0,0.014568
2017,Mujeres,30-59,Urbano,derecho,Recibir apoyos de programas sociales,202137.0,1039487.0,1113.0,0.014846
2017,Mujeres,60+,Urbano,derecho,Recibir apoyos de programas sociales,52540.0,340709.0,561.0,0.00414
2017,Hombres,30-59,Rural,derecho,Recibir apoyos de programas sociales,126089.0,812265.0,497.0,0.014221
2017,Mujeres,12-29,Rural,derecho,Recibir apoyos de programas sociales,90406.0,843661.0,505.0,0.010472
2017,Mujeres,12-29,Urbano,derecho,Recibir apoyos de programas sociales,131017.0,546387.0,538.0,0.017558
2017,Hombres,30-59,Urbano,derecho,Recibir apoyos de programas sociales,133928.0,753222.0,745.0,0.015074
2017,Mujeres,30-59,Rural,derecho,Recibir apoyos de programas sociales,124511.0,1064152.0,695.0,0.015293
2017,Mujeres,60+,Rural,derecho,Recibir apoyos de programas sociales,27237.0,414124.0,291.0,0.010277
2017,Hombres,60+,Rural,derecho,Recibir apoyos de programas sociales,50893.0,380533.0,283.0,0.01266
2017,Hombres,12-29,Rural,derecho,Recibir apoyos de programas sociales,60274.0,658513.0,393.0,0.017787
2017,Hombres,60+,Urbano,derecho,Recibir apoyos de programas sociales,31647.0,310076.0,428.0,0.002416
2017,Hombres,12-29,Urbano,derecho,Recibir apoyos de programas sociales,76385.0,488642.0,450.0,0.021999
2017,Mujeres,30-59,Urbano,derecho,Estudiar (12 a 35 años),3420.0,246062.0,289.0,
2017,Hombres,30-59,Rural,derecho,Estudiar (12 a 35 años),1439.0,168683.0,105.0,
2017,Mujeres,12-29,Rural,derecho,Estudiar (12 a 35 años),16332.0,912446.0,548.0,0.000349
2017,Mujeres,12-29,Urbano,derecho,Estudiar (12 a 35 años),14530.0,665591.0,685.0,0.001062
2017,Hombres,30-59,Urbano,derecho,Estudiar (12 a 35 años),2427.0,235829.0,254.0,
2017,Mujeres,30-59,Rural,derecho,Estudiar (12 a 35 años),285.0,170762.0,132.0,
2017,Hombres,12-29,Rural,derecho,Estudiar (12 a 35 años),9227.0,788332.0,471.0,0.001432
2017,Hombres,12-29,Urbano,derecho,Estudiar (12 a 35 años),28902.0,644582.0,630.0,0.002499
2017,Mujeres,30-59,Urbano,derecho,Trabajar u obtener un ascenso (18 y más),47939.0,979346.0,1132.0,0.003775
2017,Mujeres,60+,Urbano,derecho,Trabajar u obtener un ascenso (18 y más),24101.0,198086.0,299.0,0.04843
2017,Hombres,30-59,Rural,derecho,Trabajar u obtener un ascenso (18 y más),67910.0,885731.0,536.0,0.009301
2017,Mujeres,12-29,Rural,derecho,Trabajar u obtener un ascenso (18 y más),6029.0,407148.0,212.0,0.004034
2017,Mujeres,12-29,Urbano,derecho,Trabajar u obtener un ascenso (18 y más),18606.0,463907.0,466.0,0.001106
2017,Hombres,30-59,Urbano,derecho,Trabajar u obtener un ascenso (18 y más),119798.0,1164430.0,1140.0,0.005387
2017,Mujeres,30-59,Rural,derecho,Trabajar u obtener un ascenso (18 y más),11652.0,680033.0,408.0,0.000883
2017,Mujeres,60+,Rural,derecho,Trabajar u obtener un ascenso (18 y más),4607.0,158191.0,119.0,
2017,Hombres,60+,Rural,derecho,Trabajar u obtener un ascenso (18 y más),10325.0,267456.0,201.0,0.009263
2017,Hombres,12-29,Rural,derecho,Trabajar u obtener un ascenso (18 y más),22688.0,407945.0,231.0,0.005088
2017,Hombres,60+,Urbano,derecho,Trabajar u obtener un ascenso (18 y más),51098.0,342702.0,459.0,0.002609
2017,Hombres,12-29,Urbano,derecho,Trabajar u obtener un ascenso (18 y más),52955.0,473724.0,441.0,0.022297
2017,Mujeres,30-59,Urbano,derecho,"Crédito, préstamo o tarjeta (18 y más)",62313.0,731863.0,861.0,0.005604
2017,Mujeres,60+,Urbano,derecho,"Crédito, préstamo o tarjeta (18 y más)",8523.0,149146.0,253.0,0.001373
2017,Hombres,30-59,Rural,derecho,"Crédito, préstamo o tarjeta (18 y más)",76874.0,522735.0,290.0,0.009057
2017,Mujeres,12-29,Rural,derecho,"Crédito, préstamo o tarjeta (18 y más)",5953.0,316223.0,148.0,0.00346
2017,Mujeres,12-29,Urbano,derecho,"Crédito, préstamo o tarjeta (18 y más)",31244.0,299940.0,286.0,
2017,Hombres,30-59,Urbano,derecho,"Crédito, préstamo o tarjeta (18 y más)",143393.0,820320.0,829.0,0.005282
2017,Mujeres,30-59,Rural,derecho,"Crédito, préstamo o tarjeta (18 y más)",16646.0,543566.0,311.0,0.001029
2017,Mujeres,60+,Rural,derecho,"Crédito, préstamo o tarjeta (18 y más)",4217.0,147809.0,94.0,0.00189
2017,Hombres,60+,Rural,derecho,"Crédito, préstamo o tarjeta (18 y más)",10927.0,151514.0,102.0,0.003056
2017,Hombres,12-29,Rural,derecho,"Crédito, préstamo o tarjeta (18 y más)",7950.0,238610.0,117.0,0.000164
2017,Hombres,60+,Urbano,derecho,"Crédito, préstamo o tarjeta (18 y más)",15516.0,199311.0,330.0,0.001822
2017,Hombres,12-29,Urbano,derecho,"Crédito, préstamo o tarjeta (18 y más)",29226.0,271234.0,279.0,0.011025
2017,Mujeres,30-59,Urbano,derecho_alguno,Al menos un derecho negado,493933.0,1342628.0,1522.0,0.019846
2017,Mujeres,60+,Urbano,derecho_alguno,Al menos un derecho negado,128892.0,427303.0,712.0,0.023208
2017,Hombres,30-59,Rural,derecho_alguno,Al menos un derecho negado,333419.0,1030684.0,640.0,0.021385
2017,Mujeres,12-29,Rural,derecho_alguno,Al menos un derecho negado,200623.0,1000136.0,604.0,0.014949
2017,Mujeres,12-29,Urbano,derecho_alguno,Al menos un derecho negado,240915.0,725830.0,756.0,0.019461
2017,Hombres,30-59,Urbano,derecho_alguno,Al menos un derecho negado,459539.0,1253948.0,1249.0,0.013299
2017,Mujeres,30-59,Rural,derecho_alguno,Al menos un derecho negado,258679.0,1188786.0,774.0,0.015346
2017,Mujeres,60+,Rural,derecho_alguno,Al menos un derecho negado,113983.0,460237.0,310.0,0.023162
2017,Hombres,60+,Rural,derecho_alguno,Al menos un derecho negado,118957.0,427280.0,322.0,0.020896
2017,Hombres,12-29,Rural,derecho_alguno,Al menos un derecho negado,169996.0,874797.0,525.0,0.01721
2017,Hombres,60+,Urbano,derecho_alguno,Al menos un derecho negado,175019.0,487641.0,690.0,0.011175
2017,Hombres,12-29,Urbano,derecho_alguno,Al menos un derecho negado,206781.0,728404.0,706.0,0.014961
2017,Mujeres,30-59,Urbano,respeto,Mucho,252632.0,1333929.0,1509.0,0.01555
2017,Mujeres,60+,Urbano,respeto,Mucho,118543.0,415007.0,694.0,0.031015
2017,Hombres,30-59,Rural,respeto,Mucho,258685.0,1025098.0,634.0,0.022935
2017,Mujeres,12-29,Rural,respeto,Mucho,282595.0,995394.0,600.0,0.023904
2017,Mujeres,12-29,Urbano,respeto,Mucho,122903.0,725562.0,755.0,0.02655
2017,Hombres,30-59,Urbano,respeto,Mucho,209409.0,1250358.0,1242.0,0.012652
2017,Mujeres,30-59,Rural,respeto,Mucho,415508.0,1170061.0,762.0,0.0229
2017,Mujeres,60+,Rural,respeto,Mucho,160508.0,453092.0,301.0,0.019751
2017,Hombres,60+,Rural,respeto,Mucho,146020.0,423923.0,318.0,0.029913
2017,Hombres,12-29,Rural,respeto,Mucho,248326.0,870204.0,523.0,0.026261
2017,Hombres,60+,Urbano,respeto,Mucho,154394.0,485070.0,683.0,0.021881
2017,Hombres,12-29,Urbano,respeto,Mucho,171365.0,725368.0,703.0,0.018133
2017,Mujeres,30-59,Urbano,respeto,Algo,305526.0,1333929.0,1509.0,0.014986
2017,Mujeres,60+,Urbano,respeto,Algo,79685.0,415007.0,694.0,0.005027
2017,Hombres,30-59,Rural,respeto,Algo,258357.0,1025098.0,634.0,0.015769
2017,Mujeres,12-29,Rural,respeto,Algo,231092.0,995394.0,600.0,0.016005
2017,Mujeres,12-29,Urbano,respeto,Algo,205415.0,725562.0,755.0,0.035172
2017,Hombres,30-59,Urbano,respeto,Algo,286038.0,1250358.0,1242.0,0.017453
2017,Mujeres,30-59,Rural,respeto,Algo,281949.0,1170061.0,762.0,0.022169
2017,Mujeres,60+,Rural,respeto,Algo,135260.0,453092.0,301.0,0.012567
2017,Hombres,60+,Rural,respeto,Algo,123289.0,423923.0,318.0,0.02336
2017,Hombres,12-29,Rural,respeto,Algo,226143.0,870204.0,523.0,0.016114
2017,Hombres,60+,Urbano,respeto,Algo,92595.0,485070.0,683.0,0.007272
2017,Hombres,12-29,Urbano,respeto,Algo,199987.0,725368.0,703.0,0.022428
2017,Mujeres,30-59,Urbano,respeto,Poco,605298.0,1333929.0,1509.0,0.022186
2017,Mujeres,60+,Urbano,respeto,Poco,151590.0,415007.0,694.0,0.022629
2017,Hombres,30-59,Rural,respeto,Poco,441104.0,1025098.0,634.0,0.021383
2017,Mujeres,12-29,Rural,respeto,Poco,423105.0,995394.0,600.0,0.029252
2017,Mujeres,12-29,Urbano,respeto,Poco,354509.0,725562.0,755.0,0.02731
2017,Hombres,30-59,Urbano,respeto,Poco,570902.0,1250358.0,1242.0,0.025201
2017,Mujeres,30-59,Rural,respeto,Poco,403077.0,1170061.0,762.0,0.024443
2017,Mujeres,60+,Rural,respeto,Poco,128864.0,453092.0,301.0,0.020953
2017,Hombres,60+,Rural,respeto,Poco,115006.0,423923.0,318.0,0.019005
2017,Hombres,12-29,Rural,respeto,Poco,336931.0,870204.0,523.0,0.026367
2017,Hombres,60+,Urbano,respeto,Poco,164220.0,485070.0,683.0,0.0196
2017,Hombres,12-29,Urbano,respeto,Poco,270093.0,725368.0,703.0,0.028507
2017,Mujeres,30-59,Urbano,respeto,Nada,170473.0,1333929.0,1509.0,0.006168
2017,Mujeres,60+,Urbano,respeto,Nada,65189.0,415007.0,694.0,0.01539
2017,Hombres,30-59,Rural,respeto,Nada,66952.0,1025098.0,634.0,0.00515
2017,Mujeres,12-29,Rural,respeto,Nada,58602.0,995394.0,600.0,0.003812
2017,Mujeres,12-29,Urbano,respeto,Nada,42735.0,725562.0,755.0,0.004571
2017,Hombres,30-59,Urbano,respeto,Nada,184009.0,1250358.0,1242.0,0.0076
2017,Mujeres,30-59,Rural,respeto,Nada,69527.0,1170061.0,762.0,0.009848
2017,Mujeres,60+,Rural,respeto,Nada,28460.0,453092.0,301.0,0.008599
2017,Hombres,60+,Rural,respeto,Nada,39608.0,423923.0,318.0,0.00555
2017,Hombres,12-29,Rural,respeto,Nada,58804.0,870204.0,523.0,0.016414
2017,Hombres,60+,Urbano,respeto,Nada,73861.0,485070.0,683.0,0.003858
2017,Hombres,12-29,Urbano,respeto,Nada,83923.0,725368.0,703.0,0.023757
2017,Mujeres,30-59,Total,discriminacion,Por algún motivo,651107.0,2531414.0,2296.0,0.010141
2017,Mujeres,60+,Total,discriminacion,Por algún motivo,246485.0,887540.0,1022.0,0.015121
2017,Hombres,30-59,Total,discriminacion,Por algún motivo,557238.0,2284632.0,1889.0,0.009469
2017,Mujeres,12-29,Total,discriminacion,Por algún motivo,427159.0,1725966.0,1360.0,0.01344
2017,Hombres,12-29,Total,discriminacion,Por algún motivo,378825.0,1603201.0,1231.0,0.012127
2017,Hombres,60+,Total,discriminacion,Por algún motivo,259689.0,914921.0,1012.0,0.015024
2017,Mujeres,30-59,Total,discriminacion,Por los diez motivos comunes a 2017 y 2022,651107.0,2531414.0,2296.0,0.010141
2017,Mujeres,60+,Total,discriminacion,Por los diez motivos comunes a 2017 y 2022,246485.0,887540.0,1022.0,0.015121
2017,Hombres,30-59,Total,discriminacion,Por los diez motivos comunes a 2017 y 2022,557238.0,2284632.0,1889.0,0.009469
2017,Mujeres,12-29,Total,discriminacion,Por los diez motivos comunes a 2017 y 2022,427159.0,1725966.0,1360.0,0.01344
2017,Hombres,12-29,Total,discriminacion,Por los diez motivos comunes a 2017 y 2022,378825.0,1603201.0,1231.0,0.012127
2017,Hombres,60+,Total,discriminacion,Por los diez motivos comunes a 2017 y 2022,259689.0,914921.0,1012.0,0.015024
2017,Mujeres,30-59,Total,motivo,Tono de piel,79211.0,2531414.0,2296.0,0.001115
2017,Mujeres,60+,Total,motivo,Tono de piel,67567.0,887540.0,1022.0,0.006479
2017,Hombres,30-59,Total,motivo,Tono de piel,146181.0,2284632.0,1889.0,0.002557
2017,Mujeres,12-29,Total,motivo,Tono de piel,55617.0,1725966.0,1360.0,0.001925
2017,Hombres,12-29,Total,motivo,Tono de piel,51098.0,1603201.0,1231.0,0.003405
2017,Hombres,60+,Total,motivo,Tono de piel,77817.0,914921.0,1012.0,0.007289
2017,Mujeres,30-59,Total,motivo,Manera de hablar,197982.0,2531414.0,2296.0,0.00596
2017,Mujeres,60+,Total,motivo,Manera de hablar,98898.0,887540.0,1022.0,0.003097
2017,Hombres,30-59,Total,motivo,Manera de hablar,240431.0,2284632.0,1889.0,0.004625
2017,Mujeres,12-29,Total,motivo,Manera de hablar,127591.0,1725966.0,1360.0,0.00521
2017,Hombres,12-29,Total,motivo,Manera de hablar,124841.0,1603201.0,1231.0,0.004595
2017,Hombres,60+,Total,motivo,Manera de hablar,116038.0,914921.0,1012.0,0.010365
2017,Mujeres,30-59,Total,motivo,Peso o estatura,194492.0,2531414.0,2296.0,0.004143
2017,Mujeres,60+,Total,motivo,Peso o estatura,58308.0,887540.0,1022.0,0.000746
2017,Hombres,30-59,Total,motivo,Peso o estatura,152421.0,2284632.0,1889.0,0.003805
2017,Mujeres,12-29,Total,motivo,Peso o estatura,146089.0,1725966.0,1360.0,0.007968
2017,Hombres,12-29,Total,motivo,Peso o estatura,112999.0,1603201.0,1231.0,0.003974
2017,Hombres,60+,Total,motivo,Peso o estatura,53338.0,914921.0,1012.0,0.001271
2017,Mujeres,30-59,Total,motivo,Forma de vestir o arreglo personal,237624.0,2531414.0,2296.0,0.008047
2017,Mujeres,60+,Total,motivo,Forma de vestir o arreglo personal,66892.0,887540.0,1022.0,0.011445
2017,Hombres,30-59,Total,motivo,Forma de vestir o arreglo personal,214752.0,2284632.0,1889.0,0.005454
2017,Mujeres,12-29,Total,motivo,Forma de vestir o arreglo personal,137465.0,1725966.0,1360.0,0.006081
2017,Hombres,12-29,Total,motivo,Forma de vestir o arreglo personal,116795.0,1603201.0,1231.0,0.00581
2017,Hombres,60+,Total,motivo,Forma de vestir o arreglo personal,51242.0,914921.0,1012.0,0.001447
2017,Mujeres,30-59,Total,motivo,Clase social,142247.0,2531414.0,2296.0,0.00736
2017,Mujeres,60+,Total,motivo,Clase social,46495.0,887540.0,1022.0,0.000563
2017,Hombres,30-59,Total,motivo,Clase social,172207.0,2284632.0,1889.0,0.00412
2017,Mujeres,12-29,Total,motivo,Clase social,87720.0,1725966.0,1360.0,0.005408
2017,Hombres,12-29,Total,motivo,Clase social,74289.0,1603201.0,1231.0,0.003705
2017,Hombres,60+,Total,motivo,Clase social,57247.0,914921.0,1012.0,0.000841
2017,Mujeres,30-59,Total,motivo,Lugar donde vive,142112.0,2531414.0,2296.0,0.003356
2017,Mujeres,60+,Total,motivo,Lugar donde vive,71177.0,887540.0,1022.0,0.007734
2017,Hombres,30-59,Total,motivo,Lugar donde vive,165497.0,2284632.0,1889.0,0.003519
2017,Mujeres,12-29,Total,motivo,Lugar donde vive,82948.0,1725966.0,1360.0,0.005833
2017,Hombres,12-29,Total,motivo,Lugar donde vive,87502.0,1603201.0,1231.0,0.003888
2017,Hombres,60+,Total,motivo,Lugar donde vive,53977.0,914921.0,1012.0,0.001805
2017,Mujeres,30-59,Total,motivo,Creencias religiosas,269305.0,2531414.0,2296.0,0.007246
2017,Mujeres,60+,Total,motivo,Creencias religiosas,101612.0,887540.0,1022.0,0.004096
2017,Hombres,30-59,Total,motivo,Creencias religiosas,219996.0,2284632.0,1889.0,0.006229
2017,Mujeres,12-29,Total,motivo,Creencias religiosas,145576.0,1725966.0,1360.0,0.008752
2017,Hombres,12-29,Total,motivo,Creencias religiosas,166078.0,1603201.0,1231.0,0.008668
2017,Hombres,60+,Total,motivo,Creencias religiosas,79074.0,914921.0,1012.0,0.00352
2017,Mujeres,30-59,Total,motivo,Ser mujer u hombre,173671.0,2531414.0,2296.0,0.002931
2017,Mujeres,60+,Total,motivo,Ser mujer u hombre,80313.0,887540.0,1022.0,0.012383
2017,Hombres,30-59,Total,motivo,Ser mujer u hombre,35958.0,2284632.0,1889.0,0.000618
2017,Mujeres,12-29,Total,motivo,Ser mujer u hombre,156864.0,1725966.0,1360.0,0.007706
2017,Hombres,12-29,Total,motivo,Ser mujer u hombre,29425.0,1603201.0,1231.0,0.002806
2017,Hombres,60+,Total,motivo,Ser mujer u hombre,17158.0,914921.0,1012.0,0.000113
2017,Mujeres,30-59,Total,motivo,Edad,101165.0,2531414.0,2296.0,0.001537
2017,Mujeres,60+,Total,motivo,Edad,92259.0,887540.0,1022.0,0.003509
2017,Hombres,30-59,Total,motivo,Edad,113048.0,2284632.0,1889.0,0.002888
2017,Mujeres,12-29,Total,motivo,Edad,122697.0,1725966.0,1360.0,0.005714
2017,Hombres,12-29,Total,motivo,Edad,62943.0,1603201.0,1231.0,0.003085
2017,Hombres,60+,Total,motivo,Edad,136679.0,914921.0,1012.0,0.007332
2017,Mujeres,30-59,Total,motivo,Orientación sexual,9218.0,2531414.0,2296.0,0.00039
2017,Mujeres,60+,Total,motivo,Orientación sexual,9180.0,887540.0,1022.0,
2017,Hombres,30-59,Total,motivo,Orientación sexual,26372.0,2284632.0,1889.0,7.9e-05
2017,Mujeres,12-29,Total,motivo,Orientación sexual,22330.0,1725966.0,1360.0,7e-06
2017,Hombres,12-29,Total,motivo,Orientación sexual,11485.0,1603201.0,1231.0,
2017,Hombres,60+,Total,motivo,Orientación sexual,4183.0,914921.0,1012.0,
2017,Mujeres,30-59,Total,ambito,Trabajo o escuela,76495.0,2531414.0,2296.0,0.003363
2017,Mujeres,60+,Total,ambito,Trabajo o escuela,3240.0,887540.0,1022.0,6.3e-05
2017,Hombres,30-59,Total,ambito,Trabajo o escuela,125190.0,2284632.0,1889.0,0.002377
2017,Mujeres,12-29,Total,ambito,Trabajo o escuela,117150.0,1725966.0,1360.0,0.004996
2017,Hombres,12-29,Total,ambito,Trabajo o escuela,108230.0,1603201.0,1231.0,0.006373
2017,Hombres,60+,Total,ambito,Trabajo o escuela,38064.0,914921.0,1012.0,0.00776
2017,Mujeres,30-59,Total,ambito,Familia,176808.0,2531414.0,2296.0,0.005419
2017,Mujeres,60+,Total,ambito,Familia,64332.0,887540.0,1022.0,0.002291
2017,Hombres,30-59,Total,ambito,Familia,43166.0,2284632.0,1889.0,0.001146
2017,Mujeres,12-29,Total,ambito,Familia,53373.0,1725966.0,1360.0,0.003549
2017,Hombres,12-29,Total,ambito,Familia,47057.0,1603201.0,1231.0,0.001454
2017,Hombres,60+,Total,ambito,Familia,47859.0,914921.0,1012.0,0.002555
2017,Mujeres,30-59,Total,ambito,Servicios médicos,225734.0,2531414.0,2296.0,0.004124
2017,Mujeres,60+,Total,ambito,Servicios médicos,91590.0,887540.0,1022.0,0.005819
2017,Hombres,30-59,Total,ambito,Servicios médicos,206092.0,2284632.0,1889.0,0.005311
2017,Mujeres,12-29,Total,ambito,Servicios médicos,96496.0,1725966.0,1360.0,0.004655
2017,Hombres,12-29,Total,ambito,Servicios médicos,78280.0,1603201.0,1231.0,0.001941
2017,Hombres,60+,Total,ambito,Servicios médicos,83070.0,914921.0,1012.0,0.0031
2017,Mujeres,30-59,Total,ambito,Oficina de gobierno,121157.0,2531414.0,2296.0,0.005351
2017,Mujeres,60+,Total,ambito,Oficina de gobierno,11325.0,887540.0,1022.0,0.00016
2017,Hombres,30-59,Total,ambito,Oficina de gobierno,152788.0,2284632.0,1889.0,0.006388
2017,Mujeres,12-29,Total,ambito,Oficina de gobierno,20552.0,1725966.0,1360.0,0.000249
2017,Hombres,12-29,Total,ambito,Oficina de gobierno,49438.0,1603201.0,1231.0,0.00269
2017,Hombres,60+,Total,ambito,Oficina de gobierno,49787.0,914921.0,1012.0,0.001565
2017,Mujeres,30-59,Total,ambito,"Negocio, centro comercial o banco",42841.0,2531414.0,2296.0,0.005631
2017,Mujeres,60+,Total,ambito,"Negocio, centro comercial o banco",8641.0,887540.0,1022.0,9.8e-05
2017,Hombres,30-59,Total,ambito,"Negocio, centro comercial o banco",44287.0,2284632.0,1889.0,0.001097
2017,Mujeres,12-29,Total,ambito,"Negocio, centro comercial o banco",23891.0,1725966.0,1360.0,9.6e-05
2017,Hombres,12-29,Total,ambito,"Negocio, centro comercial o banco",60496.0,1603201.0,1231.0,0.000999
2017,Hombres,60+,Total,ambito,"Negocio, centro comercial o banco",14336.0,914921.0,1012.0,0.000285
2017,Mujeres,30-59,Total,ambito,Calle o transporte público,131009.0,2531414.0,2296.0,0.002716
2017,Mujeres,60+,Total,ambito,Calle o transporte público,59037.0,887540.0,1022.0,0.001106
2017,Hombres,30-59,Total,ambito,Calle o transporte público,142380.0,2284632.0,1889.0,0.004139
2017,Mujeres,12-29,Total,ambito,Calle o transporte público,83355.0,1725966.0,1360.0,0.002187
2017,Hombres,12-29,Total,ambito,Calle o transporte público,139034.0,1603201.0,1231.0,0.009326
2017,Hombres,60+,Total,ambito,Calle o transporte público,79269.0,914921.0,1012.0,0.002071
2017,Mujeres,30-59,Total,ambito,Redes sociales,13631.0,2531414.0,2296.0,0.000228
2017,Mujeres,60+,Total,ambito,Redes sociales,807.0,887540.0,1022.0,
2017,Hombres,30-59,Total,ambito,Redes sociales,17552.0,2284632.0,1889.0,0.000655
2017,Mujeres,12-29,Total,ambito,Redes sociales,25517.0,1725966.0,1360.0,0.003073
2017,Hombres,12-29,Total,ambito,Redes sociales,30458.0,1603201.0,1231.0,0.001557
2017,Hombres,60+,Total,ambito,Redes sociales,183.0,914921.0,1012.0,
2017,Mujeres,30-59,Total,ambito,Otro lugar,1156.0,2531414.0,2296.0,
2017,Mujeres,60+,Total,ambito,Otro lugar,1109.0,887540.0,1022.0,
2017,Hombres,30-59,Total,ambito,Otro lugar,800.0,2284632.0,1889.0,
2017,Mujeres,12-29,Total,ambito,Otro lugar,493.0,1725966.0,1360.0,
2017,Hombres,12-29,Total,ambito,Otro lugar,200.0,1603201.0,1231.0,
2017,Hombres,60+,Total,ambito,Otro lugar,4968.0,914921.0,1012.0,
2017,Mujeres,30-59,Total,ambito,En al menos un ámbito,554489.0,2531414.0,2296.0,0.011452
2017,Mujeres,60+,Total,ambito,En al menos un ámbito,191865.0,887540.0,1022.0,0.006133
2017,Hombres,30-59,Total,ambito,En al menos un ámbito,441853.0,2284632.0,1889.0,0.011037
2017,Mujeres,12-29,Total,ambito,En al menos un ámbito,286158.0,1725966.0,1360.0,0.01263
2017,Hombres,12-29,Total,ambito,En al menos un ámbito,335084.0,1603201.0,1231.0,0.014681
2017,Hombres,60+,Total,ambito,En al menos un ámbito,212721.0,914921.0,1012.0,0.009901
2017,Mujeres,30-59,Total,derecho,Atención médica o medicamentos,411934.0,2505771.0,2271.0,0.010292
2017,Mujeres,60+,Total,derecho,Atención médica o medicamentos,146278.0,876328.0,1006.0,0.010207
2017,Hombres,30-59,Total,derecho,Atención médica o medicamentos,383588.0,2197856.0,1823.0,0.009905
2017,Mujeres,12-29,Total,derecho,Atención médica o medicamentos,224951.0,1694765.0,1333.0,0.009625
2017,Hombres,12-29,Total,derecho,Atención médica o medicamentos,190488.0,1561066.0,1196.0,0.014662
2017,Hombres,60+,Total,derecho,Atención médica o medicamentos,143025.0,865457.0,961.0,0.004998
2017,Mujeres,30-59,Total,derecho,Atención en una oficina de gobierno,224202.0,1922254.0,1739.0,0.008165
2017,Mujeres,60+,Total,derecho,Atención en una oficina de gobierno,57983.0,599705.0,690.0,0.003388
2017,Hombres,30-59,Total,derecho,Atención en una oficina de gobierno,273080.0,1859232.0,1516.0,0.008211
2017,Mujeres,12-29,Total,derecho,Atención en una oficina de gobierno,82295.0,1267368.0,941.0,0.006792
2017,Hombres,12-29,Total,derecho,Atención en una oficina de gobierno,107697.0,1045937.0,814.0,0.009775
2017,Hombres,60+,Total,derecho,Atención en una oficina de gobierno,116681.0,698153.0,757.0,0.004923
2017,Mujeres,30-59,Total,derecho,Entrada o permanencia en un negocio o banco,15948.0,2398193.0,2195.0,0.000239
2017,Mujeres,60+,Total,derecho,Entrada o permanencia en un negocio o banco,12819.0,805456.0,924.0,0.001301
2017,Hombres,30-59,Total,derecho,Entrada o permanencia en un negocio o banco,79128.0,2227668.0,1837.0,0.001904
2017,Mujeres,12-29,Total,derecho,Entrada o permanencia en un negocio o banco,19465.0,1660648.0,1312.0,3.8e-05
2017,Hombres,12-29,Total,derecho,Entrada o permanencia en un negocio o banco,53471.0,1536902.0,1183.0,0.006554
2017,Hombres,60+,Total,derecho,Entrada o permanencia en un negocio o banco,18220.0,832889.0,931.0,0.000275
2017,Mujeres,30-59,Total,derecho,Recibir apoyos de programas sociales,326648.0,2103639.0,1808.0,0.010339
2017,Mujeres,60+,Total,derecho,Recibir apoyos de programas sociales,79777.0,754833.0,852.0,0.00603
2017,Hombres,30-59,Total,derecho,Recibir apoyos de programas sociales,260017.0,1565487.0,1242.0,0.010409
2017,Mujeres,12-29,Total,derecho,Recibir apoyos de programas sociales,221423.0,1390048.0,1043.0,0.00955
2017,Hombres,12-29,Total,derecho,Recibir apoyos de programas sociales,136659.0,1147155.0,843.0,0.014131
2017,Hombres,60+,Total,derecho,Recibir apoyos de programas sociales,82540.0,690609.0,711.0,0.007046
2017,Mujeres,30-59,Total,derecho,Estudiar (12 a 35 años),3705.0,416824.0,421.0,
2017,Hombres,30-59,Total,derecho,Estudiar (12 a 35 años),3866.0,404512.0,359.0,
2017,Mujeres,12-29,Total,derecho,Estudiar (12 a 35 años),30862.0,1578037.0,1233.0,0.000496
2017,Hombres,12-29,Total,derecho,Estudiar (12 a 35 años),38129.0,1432914.0,1101.0,0.001186
2017,Mujeres,30-59,Total,derecho,Trabajar u obtener un ascenso (18 y más),59591.0,1659379.0,1540.0,0.002313
2017,Mujeres,60+,Total,derecho,Trabajar u obtener un ascenso (18 y más),28708.0,356277.0,418.0,0.028186
2017,Hombres,30-59,Total,derecho,Trabajar u obtener un ascenso (18 y más),187708.0,2050161.0,1676.0,0.005114
2017,Mujeres,12-29,Total,derecho,Trabajar u obtener un ascenso (18 y más),24635.0,871055.0,678.0,0.002224
2017,Hombres,12-29,Total,derecho,Trabajar u obtener un ascenso (18 y más),75643.0,881669.0,672.0,0.012544
2017,Hombres,60+,Total,derecho,Trabajar u obtener un ascenso (18 y más),61423.0,610158.0,660.0,0.004315
2017,Mujeres,30-59,Total,derecho,"Crédito, préstamo o tarjeta (18 y más)",78959.0,1275429.0,1172.0,0.00326
2017,Mujeres,60+,Total,derecho,"Crédito, préstamo o tarjeta (18 y más)",12740.0,296955.0,347.0,0.001204
2017,Hombres,30-59,Total,derecho,"Crédito, préstamo o tarjeta (18 y más)",220267.0,1343055.0,1119.0,0.004777
2017,Mujeres,12-29,Total,derecho,"Crédito, préstamo o tarjeta (18 y más)",37197.0,616163.0,434.0,0.001658
2017,Hombres,12-29,Total,derecho,"Crédito, préstamo o tarjeta (18 y más)",37176.0,509844.0,396.0,0.006235
2017,Hombres,60+,Total,derecho,"Crédito, préstamo o tarjeta (18 y más)",26443.0,350825.0,432.0,0.001742
2017,Mujeres,30-59,Total,derecho_alguno,Al menos un derecho negado,752612.0,2531414.0,2296.0,0.012549
2017,Mujeres,60+,Total,derecho_alguno,Al menos un derecho negado,242875.0,887540.0,1022.0,0.016386
2017,Hombres,30-59,Total,derecho_alguno,Al menos un derecho negado,792958.0,2284632.0,1889.0,0.012176
2017,Mujeres,12-29,Total,derecho_alguno,Al menos un derecho negado,441538.0,1725966.0,1360.0,0.012772
2017,Hombres,12-29,Total,derecho_alguno,Al menos un derecho negado,376777.0,1603201.0,1231.0,0.012096
2017,Hombres,60+,Total,derecho_alguno,Al menos un derecho negado,293976.0,914921.0,1012.0,0.011951
2017,Mujeres,30-59,Total,respeto,Mucho,668140.0,2503990.0,2271.0,0.013797
2017,Mujeres,60+,Total,respeto,Mucho,279051.0,868099.0,995.0,0.017734
2017,Hombres,30-59,Total,respeto,Mucho,468094.0,2275456.0,1876.0,0.01244
2017,Mujeres,12-29,Total,respeto,Mucho,405498.0,1720956.0,1355.0,0.017542
2017,Hombres,12-29,Total,respeto,Mucho,419691.0,1595572.0,1226.0,0.016239
2017,Hombres,60+,Total,respeto,Mucho,300414.0,908993.0,1001.0,0.018179
2017,Mujeres,30-59,Total,respeto,Algo,587475.0,2503990.0,2271.0,0.013086
2017,Mujeres,60+,Total,respeto,Algo,214945.0,868099.0,995.0,0.007307
2017,Hombres,30-59,Total,respeto,Algo,544395.0,2275456.0,1876.0,0.01193
2017,Mujeres,12-29,Total,respeto,Algo,436507.0,1720956.0,1355.0,0.017497
2017,Hombres,12-29,Total,respeto,Algo,426130.0,1595572.0,1226.0,0.013446
2017,Hombres,60+,Total,respeto,Algo,215884.0,908993.0,1001.0,0.011386
2017,Mujeres,30-59,Total,respeto,Poco,1008375.0,2503990.0,2271.0,0.016614
2017,Mujeres,60+,Total,respeto,Poco,280454.0,868099.0,995.0,0.01474
2017,Hombres,30-59,Total,respeto,Poco,1012006.0,2275456.0,1876.0,0.016935
2017,Mujeres,12-29,Total,respeto,Poco,777614.0,1720956.0,1355.0,0.020827
2017,Hombres,12-29,Total,respeto,Poco,607024.0,1595572.0,1226.0,0.019264
2017,Hombres,60+,Total,respeto,Poco,279226.0,908993.0,1001.0,0.014103
2017,Mujeres,30-59,Total,respeto,Nada,240000.0,2503990.0,2271.0,0.005432
2017,Mujeres,60+,Total,respeto,Nada,93649.0,868099.0,995.0,0.00911
2017,Hombres,30-59,Total,respeto,Nada,250961.0,2275456.0,1876.0,0.005126
2017,Mujeres,12-29,Total,respeto,Nada,101337.0,1720956.0,1355.0,0.002928
2017,Hombres,12-29,Total,respeto,Nada,142727.0,1595572.0,1226.0,0.014026
2017,Hombres,60+,Total,respeto,Nada,113469.0,908993.0,1001.0,0.003482
2017,Hombres,Todas,Rural,discriminacion,Por algún motivo,557881.0,2332761.0,1487.0,0.011457
2017,Hombres,Todas,Urbano,discriminacion,Por algún motivo,637871.0,2469993.0,2645.0,0.012503
2017,Mujeres,Todas,Urbano,discriminacion,Por algún motivo,678871.0,2495761.0,2990.0,0.010535
2017,Mujeres,Todas,Rural,discriminacion,Por algún motivo,645880.0,2649159.0,1688.0,0.013348
2017,Hombres,Todas,Rural,discriminacion,Por los diez motivos comunes a 2017 y 2022,557881.0,2332761.0,1487.0,0.011457
2017,Hombres,Todas,Urbano,discriminacion,Por los diez motivos comunes a 2017 y 2022,637871.0,2469993.0,2645.0,0.012503
2017,Mujeres,Todas,Urbano,discriminacion,Por los diez motivos comunes a 2017 y 2022,678871.0,2495761.0,2990.0,0.010535
2017,Mujeres,Todas,Rural,discriminacion,Por los diez motivos comunes a 2017 y 2022,645880.0,2649159.0,1688.0,0.013348
2017,Hombres,Todas,Rural,motivo,Tono de piel,98604.0,2332761.0,1487.0,0.002846
2017,Hombres,Todas,Urbano,motivo,Tono de piel,176492.0,2469993.0,2645.0,0.004538
2017,Mujeres,Todas,Urbano,motivo,Tono de piel,70902.0,2495761.0,2990.0,0.001901
2017,Mujeres,Todas,Rural,motivo,Tono de piel,131493.0,2649159.0,1688.0,0.003602
2017,Hombres,Todas,Rural,motivo,Manera de hablar,228144.0,2332761.0,1487.0,0.007024
2017,Hombres,Todas,Urbano,motivo,Manera de hablar,253166.0,2469993.0,2645.0,0.007542
2017,Mujeres,Todas,Urbano,motivo,Manera de hablar,193632.0,2495761.0,2990.0,0.00972
2017,Mujeres,Todas,Rural,motivo,Manera de hablar,230839.0,2649159.0,1688.0,0.006382
2017,Hombres,Todas,Rural,motivo,Peso o estatura,112101.0,2332761.0,1487.0,0.00502
2017,Hombres,Todas,Urbano,motivo,Peso o estatura,206657.0,2469993.0,2645.0,0.003864
2017,Mujeres,Todas,Urbano,motivo,Peso o estatura,200344.0,2495761.0,2990.0,0.006948
2017,Mujeres,Todas,Rural,motivo,Peso o estatura,198545.0,2649159.0,1688.0,0.006821
2017,Hombres,Todas,Rural,motivo,Forma de vestir o arreglo personal,178426.0,2332761.0,1487.0,0.005263
2017,Hombres,Todas,Urbano,motivo,Forma de vestir o arreglo personal,204363.0,2469993.0,2645.0,0.005537
2017,Mujeres,Todas,Urbano,motivo,Forma de vestir o arreglo personal,216610.0,2495761.0,2990.0,0.007441
2017,Mujeres,Todas,Rural,motivo,Forma de vestir o arreglo personal,225371.0,2649159.0,1688.0,0.007103
2017,Hombres,Todas,Rural,motivo,Clase social,127333.0,2332761.0,1487.0,0.005318
2017,Hombres,Todas,Urbano,motivo,Clase social,176410.0,2469993.0,2645.0,0.00456
2017,Mujeres,Todas,Urbano,motivo,Clase social,156875.0,2495761.0,2990.0,0.00599
2017,Mujeres,Todas,Rural,motivo,Clase social,119587.0,2649159.0,1688.0,0.005937
2017,Hombres,Todas,Rural,motivo,Lugar donde vive,138349.0,2332761.0,1487.0,0.005009
2017,Hombres,Todas,Urbano,motivo,Lugar donde vive,168627.0,2469993.0,2645.0,0.005339
2017,Mujeres,Todas,Urbano,motivo,Lugar donde vive,154545.0,2495761.0,2990.0,0.006278
2017,Mujeres,Todas,Rural,motivo,Lugar donde vive,141692.0,2649159.0,1688.0,0.006076
2017,Hombres,Todas,Rural,motivo,Creencias religiosas,216646.0,2332761.0,1487.0,0.006419
2017,Hombres,Todas,Urbano,motivo,Creencias religiosas,248502.0,2469993.0,2645.0,0.010268
2017,Mujeres,Todas,Urbano,motivo,Creencias religiosas,277889.0,2495761.0,2990.0,0.00737
2017,Mujeres,Todas,Rural,motivo,Creencias religiosas,238604.0,2649159.0,1688.0,0.007524
2017,Hombres,Todas,Rural,motivo,Ser mujer u hombre,33819.0,2332761.0,1487.0,0.001989
2017,Hombres,Todas,Urbano,motivo,Ser mujer u hombre,48722.0,2469993.0,2645.0,0.003019
2017,Mujeres,Todas,Urbano,motivo,Ser mujer u hombre,203252.0,2495761.0,2990.0,0.007283
2017,Mujeres,Todas,Rural,motivo,Ser mujer u hombre,207596.0,2649159.0,1688.0,0.007479
2017,Hombres,Todas,Rural,motivo,Edad,133740.0,2332761.0,1487.0,0.005711
2017,Hombres,Todas,Urbano,motivo,Edad,178930.0,2469993.0,2645.0,0.004004
2017,Mujeres,Todas,Urbano,motivo,Edad,157979.0,2495761.0,2990.0,0.006504
2017,Mujeres,Todas,Rural,motivo,Edad,158142.0,2649159.0,1688.0,0.007924
2017,Hombres,Todas,Rural,motivo,Orientación sexual,9331.0,2332761.0,1487.0,0.000258
2017,Hombres,Todas,Urbano,motivo,Orientación sexual,32709.0,2469993.0,2645.0,0.000864
2017,Mujeres,Todas,Urbano,motivo,Orientación sexual,27493.0,2495761.0,2990.0,0.000288
2017,Mujeres,Todas,Rural,motivo,Orientación sexual,13235.0,2649159.0,1688.0,0.000335
2017,Hombres,Todas,Rural,ambito,Trabajo o escuela,101455.0,2332761.0,1487.0,0.004539
2017,Hombres,Todas,Urbano,ambito,Trabajo o escuela,170029.0,2469993.0,2645.0,0.005363
2017,Mujeres,Todas,Urbano,ambito,Trabajo o escuela,108164.0,2495761.0,2990.0,0.004453
2017,Mujeres,Todas,Rural,ambito,Trabajo o escuela,88721.0,2649159.0,1688.0,0.001932
2017,Hombres,Todas,Rural,ambito,Familia,55424.0,2332761.0,1487.0,0.001729
2017,Hombres,Todas,Urbano,ambito,Familia,82658.0,2469993.0,2645.0,0.004799
2017,Mujeres,Todas,Urbano,ambito,Familia,164937.0,2495761.0,2990.0,0.006498
2017,Mujeres,Todas,Rural,ambito,Familia,129576.0,2649159.0,1688.0,0.003792
2017,Hombres,Todas,Rural,ambito,Servicios médicos,152609.0,2332761.0,1487.0,0.007008
2017,Hombres,Todas,Urbano,ambito,Servicios médicos,214833.0,2469993.0,2645.0,0.006759
2017,Mujeres,Todas,Urbano,ambito,Servicios médicos,206992.0,2495761.0,2990.0,0.003573
2017,Mujeres,Todas,Rural,ambito,Servicios médicos,206828.0,2649159.0,1688.0,0.006891
2017,Hombres,Todas,Rural,ambito,Oficina de gobierno,88097.0,2332761.0,1487.0,0.00297
2017,Hombres,Todas,Urbano,ambito,Oficina de gobierno,163916.0,2469993.0,2645.0,0.006477
2017,Mujeres,Todas,Urbano,ambito,Oficina de gobierno,100381.0,2495761.0,2990.0,0.0057
2017,Mujeres,Todas,Rural,ambito,Oficina de gobierno,52653.0,2649159.0,1688.0,0.001839
2017,Hombres,Todas,Rural,ambito,"Negocio, centro comercial o banco",39347.0,2332761.0,1487.0,0.001401
2017,Hombres,Todas,Urbano,ambito,"Negocio, centro comercial o banco",79772.0,2469993.0,2645.0,0.001532
2017,Mujeres,Todas,Urbano,ambito,"Negocio, centro comercial o banco",49314.0,2495761.0,2990.0,0.00543
2017,Mujeres,Todas,Rural,ambito,"Negocio, centro comercial o banco",26059.0,2649159.0,1688.0,0.000472
2017,Hombres,Todas,Rural,ambito,Calle o transporte público,113077.0,2332761.0,1487.0,0.005674
2017,Hombres,Todas,Urbano,ambito,Calle o transporte público,247606.0,2469993.0,2645.0,0.009821
2017,Mujeres,Todas,Urbano,ambito,Calle o transporte público,141204.0,2495761.0,2990.0,0.00515
2017,Mujeres,Todas,Rural,ambito,Calle o transporte público,132197.0,2649159.0,1688.0,0.003001
2017,Hombres,Todas,Rural,ambito,Redes sociales,15583.0,2332761.0,1487.0,0.000988
2017,Hombres,Todas,Urbano,ambito,Redes sociales,32610.0,2469993.0,2645.0,0.001512
2017,Mujeres,Todas,Urbano,ambito,Redes sociales,19928.0,2495761.0,2990.0,0.002232
2017,Mujeres,Todas,Rural,ambito,Redes sociales,20027.0,2649159.0,1688.0,0.000781
2017,Hombres,Todas,Rural,ambito,Otro lugar,5267.0,2332761.0,1487.0,
2017,Hombres,Todas,Urbano,ambito,Otro lugar,701.0,2469993.0,2645.0,
2017,Mujeres,Todas,Urbano,ambito,Otro lugar,617.0,2495761.0,2990.0,
2017,Mujeres,Todas,Rural,ambito,Otro lugar,2141.0,2649159.0,1688.0,2.2e-05
2017,Hombres,Todas,Rural,ambito,En al menos un ámbito,367267.0,2332761.0,1487.0,0.011841
2017,Hombres,Todas,Urbano,ambito,En al menos un ámbito,622391.0,2469993.0,2645.0,0.013206
2017,Mujeres,Todas,Urbano,ambito,En al menos un ámbito,577411.0,2495761.0,2990.0,0.015819
2017,Mujeres,Todas,Rural,ambito,En al menos un ámbito,455101.0,2649159.0,1688.0,0.014012
2017,Hombres,Todas,Rural,derecho,Atención médica o medicamentos,353811.0,2280342.0,1455.0,0.013943
2017,Hombres,Todas,Urbano,derecho,Atención médica o medicamentos,363290.0,2344037.0,2525.0,0.013423
2017,Mujeres,Todas,Urbano,derecho,Atención médica o medicamentos,455714.0,2460558.0,2942.0,0.01278
2017,Mujeres,Todas,Rural,derecho,Atención médica o medicamentos,327449.0,2616306.0,1668.0,0.007213
2017,Hombres,Todas,Rural,derecho,Atención en una oficina de gobierno,179782.0,1641891.0,1033.0,0.010246
2017,Hombres,Todas,Urbano,derecho,Atención en una oficina de gobierno,317676.0,1961431.0,2054.0,0.016646
2017,Mujeres,Todas,Urbano,derecho,Atención en una oficina de gobierno,234227.0,1945201.0,2242.0,0.01227
2017,Mujeres,Todas,Rural,derecho,Atención en una oficina de gobierno,130253.0,1844126.0,1128.0,0.005557
2017,Hombres,Todas,Rural,derecho,Entrada o permanencia en un negocio o banco,31996.0,2198376.0,1382.0,0.000601
2017,Hombres,Todas,Urbano,derecho,Entrada o permanencia en un negocio o banco,118823.0,2399083.0,2569.0,0.005394
2017,Mujeres,Todas,Urbano,derecho,Entrada o permanencia en un negocio o banco,28092.0,2395943.0,2888.0,0.001092
2017,Mujeres,Todas,Rural,derecho,Entrada o permanencia en un negocio o banco,20140.0,2468354.0,1543.0,0.00074
2017,Hombres,Todas,Rural,derecho,Recibir apoyos de programas sociales,237256.0,1851311.0,1173.0,0.011653
2017,Hombres,Todas,Urbano,derecho,Recibir apoyos de programas sociales,241960.0,1551940.0,1623.0,0.018196
2017,Mujeres,Todas,Urbano,derecho,Recibir apoyos de programas sociales,385694.0,1926583.0,2212.0,0.015694
2017,Mujeres,Todas,Rural,derecho,Recibir apoyos de programas sociales,242154.0,2321937.0,1491.0,0.011759
2017,Hombres,Todas,Rural,derecho,Estudiar (12 a 35 años),10666.0,957015.0,576.0,0.00119
2017,Hombres,Todas,Urbano,derecho,Estudiar (12 a 35 años),31329.0,880411.0,884.0,0.001763
2017,Mujeres,Todas,Urbano,derecho,Estudiar (12 a 35 años),17950.0,911653.0,974.0,0.001154
2017,Mujeres,Todas,Rural,derecho,Estudiar (12 a 35 años),16617.0,1083208.0,680.0,0.000262
2017,Hombres,Todas,Rural,derecho,Trabajar u obtener un ascenso (18 y más),100923.0,1561132.0,968.0,0.008585
2017,Hombres,Todas,Urbano,derecho,Trabajar u obtener un ascenso (18 y más),223851.0,1980856.0,2040.0,0.007889
2017,Mujeres,Todas,Urbano,derecho,Trabajar u obtener un ascenso (18 y más),90646.0,1641339.0,1897.0,0.007059
2017,Mujeres,Todas,Rural,derecho,Trabajar u obtener un ascenso (18 y más),22288.0,1245372.0,739.0,0.00164
2017,Hombres,Todas,Rural,derecho,"Crédito, préstamo o tarjeta (18 y más)",95751.0,912859.0,509.0,0.007014
2017,Hombres,Todas,Urbano,derecho,"Crédito, préstamo o tarjeta (18 y más)",188135.0,1290865.0,1438.0,0.006225
2017,Mujeres,Todas,Urbano,derecho,"Crédito, préstamo o tarjeta (18 y más)",102080.0,1180949.0,1400.0,0.005239
2017,Mujeres,Todas,Rural,derecho,"Crédito, préstamo o tarjeta (18 y más)",26816.0,1007598.0,553.0,0.001164
2017,Hombres,Todas,Rural,derecho_alguno,Al menos un derecho negado,622372.0,2332761.0,1487.0,0.016785
2017,Hombres,Todas,Urbano,derecho_alguno,Al menos un derecho negado,841339.0,2469993.0,2645.0,0.018674
2017,Mujeres,Todas,Urbano,derecho_alguno,Al menos un derecho negado,863740.0,2495761.0,2990.0,0.01728
2017,Mujeres,Todas,Rural,derecho_alguno,Al menos un derecho negado,573285.0,2649159.0,1688.0,0.012161
2017,Hombres,Todas,Rural,respeto,Mucho,653031.0,2319225.0,1475.0,0.020076
2017,Hombres,Todas,Urbano,respeto,Mucho,535168.0,2460796.0,2628.0,0.011185
2017,Mujeres,Todas,Urbano,respeto,Mucho,494078.0,2474498.0,2958.0,0.017343
2017,Mujeres,Todas,Rural,respeto,Mucho,858611.0,2618547.0,1663.0,0.019973
2017,Hombres,Todas,Rural,respeto,Algo,607789.0,2319225.0,1475.0,0.013059
2017,Hombres,Todas,Urbano,respeto,Algo,578620.0,2460796.0,2628.0,0.01264
2017,Mujeres,Todas,Urbano,respeto,Algo,590626.0,2474498.0,2958.0,0.017119
2017,Mujeres,Todas,Rural,respeto,Algo,648301.0,2618547.0,1663.0,0.01629
2017,Hombres,Todas,Rural,respeto,Poco,893041.0,2319225.0,1475.0,0.015141
2017,Hombres,Todas,Urbano,respeto,Poco,1005215.0,2460796.0,2628.0,0.016238
2017,Mujeres,Todas,Urbano,respeto,Poco,1111397.0,2474498.0,2958.0,0.017318
2017,Mujeres,Todas,Rural,respeto,Poco,955046.0,2618547.0,1663.0,0.022863
2017,Hombres,Todas,Rural,respeto,Nada,165364.0,2319225.0,1475.0,0.007495
2017,Hombres,Todas,Urbano,respeto,Nada,341793.0,2460796.0,2628.0,0.009415
2017,Mujeres,Todas,Urbano,respeto,Nada,278397.0,2474498.0,2958.0,0.016707
2017,Mujeres,Todas,Rural,respeto,Nada,156589.0,2618547.0,1663.0,0.006838
2017,Hombres,Todas,Total,discriminacion,Por algún motivo,1195752.0,4802754.0,4132.0,0.008586
2017,Mujeres,Todas,Total,discriminacion,Por algún motivo,1324751.0,5144920.0,4678.0,0.008595
2017,Hombres,Todas,Total,discriminacion,Por los diez motivos comunes a 2017 y 2022,1195752.0,4802754.0,4132.0,0.008586
2017,Mujeres,Todas,Total,discriminacion,Por los diez motivos comunes a 2017 y 2022,1324751.0,5144920.0,4678.0,0.008595
2017,Hombres,Todas,Total,motivo,Tono de piel,275096.0,4802754.0,4132.0,0.002735
2017,Mujeres,Todas,Total,motivo,Tono de piel,202395.0,5144920.0,4678.0,0.002077
2017,Hombres,Todas,Total,motivo,Manera de hablar,481310.0,4802754.0,4132.0,0.005197
2017,Mujeres,Todas,Total,motivo,Manera de hablar,424471.0,5144920.0,4678.0,0.005718
2017,Hombres,Todas,Total,motivo,Peso o estatura,318758.0,4802754.0,4132.0,0.003223
2017,Mujeres,Todas,Total,motivo,Peso o estatura,398889.0,5144920.0,4678.0,0.004875
2017,Hombres,Todas,Total,motivo,Forma de vestir o arreglo personal,382789.0,4802754.0,4132.0,0.003847
2017,Mujeres,Todas,Total,motivo,Forma de vestir o arreglo personal,441981.0,5144920.0,4678.0,0.005142
2017,Hombres,Todas,Total,motivo,Clase social,303743.0,4802754.0,4132.0,0.003435
2017,Mujeres,Todas,Total,motivo,Clase social,276462.0,5144920.0,4678.0,0.00422
2017,Hombres,Todas,Total,motivo,Lugar donde vive,306976.0,4802754.0,4132.0,0.003676
2017,Mujeres,Todas,Total,motivo,Lugar donde vive,296237.0,5144920.0,4678.0,0.004349
2017,Hombres,Todas,Total,motivo,Creencias religiosas,465148.0,4802754.0,4132.0,0.006142
2017,Mujeres,Todas,Total,motivo,Creencias religiosas,516493.0,5144920.0,4678.0,0.005214
2017,Hombres,Todas,Total,motivo,Ser mujer u hombre,82541.0,4802754.0,4132.0,0.001819
2017,Mujeres,Todas,Total,motivo,Ser mujer u hombre,410848.0,5144920.0,4678.0,0.005227
2017,Hombres,Todas,Total,motivo,Edad,312670.0,4802754.0,4132.0,0.003494
2017,Mujeres,Todas,Total,motivo,Edad,316121.0,5144920.0,4678.0,0.005163
2017,Hombres,Todas,Total,motivo,Orientación sexual,42040.0,4802754.0,4132.0,0.000429
2017,Mujeres,Todas,Total,motivo,Orientación sexual,40728.0,5144920.0,4678.0,0.000233
2017,Hombres,Todas,Total,ambito,Trabajo o escuela,271484.0,4802754.0,4132.0,0.003559
2017,Mujeres,Todas,Total,ambito,Trabajo o escuela,196885.0,5144920.0,4678.0,0.002387
2017,Hombres,Todas,Total,ambito,Familia,138082.0,4802754.0,4132.0,0.002622
2017,Mujeres,Todas,Total,ambito,Familia,294513.0,5144920.0,4678.0,0.003748
2017,Hombres,Todas,Total,ambito,Servicios médicos,367442.0,4802754.0,4132.0,0.004865
2017,Mujeres,Todas,Total,ambito,Servicios médicos,413820.0,5144920.0,4678.0,0.003956
2017,Hombres,Todas,Total,ambito,Oficina de gobierno,252013.0,4802754.0,4132.0,0.003703
2017,Mujeres,Todas,Total,ambito,Oficina de gobierno,153034.0,5144920.0,4678.0,0.002919
2017,Hombres,Todas,Total,ambito,"Negocio, centro comercial o banco",119119.0,4802754.0,4132.0,0.00101
2017,Mujeres,Todas,Total,ambito,"Negocio, centro comercial o banco",75373.0,5144920.0,4678.0,0.002679
2017,Hombres,Todas,Total,ambito,Calle o transporte público,360683.0,4802754.0,4132.0,0.005899
2017,Mujeres,Todas,Total,ambito,Calle o transporte público,273401.0,5144920.0,4678.0,0.00295
2017,Hombres,Todas,Total,ambito,Redes sociales,48193.0,4802754.0,4132.0,0.000899
2017,Mujeres,Todas,Total,ambito,Redes sociales,39955.0,5144920.0,4678.0,0.001155
2017,Hombres,Todas,Total,ambito,Otro lugar,5968.0,4802754.0,4132.0,
2017,Mujeres,Todas,Total,ambito,Otro lugar,2758.0,5144920.0,4678.0,1.1e-05
2017,Hombres,Todas,Total,ambito,En al menos un ámbito,989658.0,4802754.0,4132.0,0.009404
2017,Mujeres,Todas,Total,ambito,En al menos un ámbito,1032512.0,5144920.0,4678.0,0.010603
2017,Hombres,Todas,Total,derecho,Atención médica o medicamentos,717101.0,4624379.0,3980.0,0.009673
2017,Mujeres,Todas,Total,derecho,Atención médica o medicamentos,783163.0,5076864.0,4610.0,0.007481
2017,Hombres,Todas,Total,derecho,Atención en una oficina de gobierno,497458.0,3603322.0,3087.0,0.010295
2017,Mujeres,Todas,Total,derecho,Atención en una oficina de gobierno,364480.0,3789327.0,3370.0,0.006818
2017,Hombres,Todas,Total,derecho,Entrada o permanencia en un negocio o banco,150819.0,4597459.0,3951.0,0.002844
2017,Mujeres,Todas,Total,derecho,Entrada o permanencia en un negocio o banco,48232.0,4864297.0,4431.0,0.00066
2017,Hombres,Todas,Total,derecho,Recibir apoyos de programas sociales,479216.0,3403251.0,2796.0,0.010532
2017,Mujeres,Todas,Total,derecho,Recibir apoyos de programas sociales,627848.0,4248520.0,3703.0,0.009104
2017,Hombres,Todas,Total,derecho,Estudiar (12 a 35 años),41995.0,1837426.0,1460.0,0.000972
2017,Mujeres,Todas,Total,derecho,Estudiar (12 a 35 años),34567.0,1994861.0,1654.0,0.00054
2017,Hombres,Todas,Total,derecho,Trabajar u obtener un ascenso (18 y más),324774.0,3541988.0,3008.0,0.005824
2017,Mujeres,Todas,Total,derecho,Trabajar u obtener un ascenso (18 y más),112934.0,2886711.0,2636.0,0.004161
2017,Hombres,Todas,Total,derecho,"Crédito, préstamo o tarjeta (18 y más)",283886.0,2203724.0,1947.0,0.004944
2017,Mujeres,Todas,Total,derecho,"Crédito, préstamo o tarjeta (18 y más)",128896.0,2188547.0,1953.0,0.003016
2017,Hombres,Todas,Total,derecho_alguno,Al menos un derecho negado,1463711.0,4802754.0,4132.0,0.012994
2017,Mujeres,Todas,Total,derecho_alguno,Al menos un derecho negado,1437025.0,5144920.0,4678.0,0.010745
2017,Hombres,Todas,Total,respeto,Mucho,1188199.0,4780021.0,4103.0,0.011301
2017,Mujeres,Todas,Total,respeto,Mucho,1352689.0,5093045.0,4621.0,0.013083
2017,Hombres,Todas,Total,respeto,Algo,1186409.0,4780021.0,4103.0,0.008974
2017,Mujeres,Todas,Total,respeto,Algo,1238927.0,5093045.0,4621.0,0.011787
2017,Hombres,Todas,Total,respeto,Poco,1898256.0,4780021.0,4103.0,0.011144
2017,Mujeres,Todas,Total,respeto,Poco,2066443.0,5093045.0,4621.0,0.014691
2017,Hombres,Todas,Total,respeto,Nada,507157.0,4780021.0,4103.0,0.006259
2017,Mujeres,Todas,Total,respeto,Nada,434986.0,5093045.0,4621.0,0.00891
2017,Total,60+,Rural,discriminacion,Por algún motivo,258568.0,887517.0,632.0,0.026717
2017,Total,12-29,Rural,discriminacion,Por algún motivo,431149.0,1874933.0,1129.0,0.01318
2017,Total,30-59,Rural,discriminacion,Por algún motivo,514044.0,2219470.0,1414.0,0.010855
2017,Total,30-59,Urbano,discriminacion,Por algún motivo,694301.0,2596576.0,2771.0,0.011898
2017,Total,12-29,Urbano,discriminacion,Por algún motivo,374835.0,1454234.0,1462.0,0.014457
2017,Total,60+,Urbano,discriminacion,Por algún motivo,247606.0,914944.0,1402.0,0.015575
2017,Total,60+,Rural,discriminacion,Por los diez motivos comunes a 2017 y 2022,258568.0,887517.0,632.0,0.026717
2017,Total,12-29,Rural,discriminacion,Por los diez motivos comunes a 2017 y 2022,431149.0,1874933.0,1129.0,0.01318
2017,Total,30-59,Rural,discriminacion,Por los diez motivos comunes a 2017 y 2022,514044.0,2219470.0,1414.0,0.010855
2017,Total,30-59,Urbano,discriminacion,Por los diez motivos comunes a 2017 y 2022,694301.0,2596576.0,2771.0,0.011898
2017,Total,12-29,Urbano,discriminacion,Por los diez motivos comunes a 2017 y 2022,374835.0,1454234.0,1462.0,0.014457
2017,Total,60+,Urbano,discriminacion,Por los diez motivos comunes a 2017 y 2022,247606.0,914944.0,1402.0,0.015575
2017,Total,60+,Rural,motivo,Tono de piel,93074.0,887517.0,632.0,0.007025
2017,Total,12-29,Rural,motivo,Tono de piel,50580.0,1874933.0,1129.0,0.005017
2017,Total,30-59,Rural,motivo,Tono de piel,86443.0,2219470.0,1414.0,0.002272
2017,Total,30-59,Urbano,motivo,Tono de piel,138949.0,2596576.0,2771.0,0.004337
2017,Total,12-29,Urbano,motivo,Tono de piel,56135.0,1454234.0,1462.0,0.004422
2017,Total,60+,Urbano,motivo,Tono de piel,52310.0,914944.0,1402.0,0.006851
2017,Total,60+,Rural,motivo,Manera de hablar,113341.0,887517.0,632.0,0.013467
2017,Total,12-29,Rural,motivo,Manera de hablar,152755.0,1874933.0,1129.0,0.007096
2017,Total,30-59,Rural,motivo,Manera de hablar,192887.0,2219470.0,1414.0,0.006131
2017,Total,30-59,Urbano,motivo,Manera de hablar,245526.0,2596576.0,2771.0,0.007469
2017,Total,12-29,Urbano,motivo,Manera de hablar,99677.0,1454234.0,1462.0,0.008133
2017,Total,60+,Urbano,motivo,Manera de hablar,101595.0,914944.0,1402.0,0.013385
2017,Total,60+,Rural,motivo,Peso o estatura,56704.0,887517.0,632.0,0.002847
2017,Total,12-29,Rural,motivo,Peso o estatura,131375.0,1874933.0,1129.0,0.010989
2017,Total,30-59,Rural,motivo,Peso o estatura,122567.0,2219470.0,1414.0,0.005527
2017,Total,30-59,Urbano,motivo,Peso o estatura,224346.0,2596576.0,2771.0,0.006075
2017,Total,12-29,Urbano,motivo,Peso o estatura,127713.0,1454234.0,1462.0,0.006986
2017,Total,60+,Urbano,motivo,Peso o estatura,54942.0,914944.0,1402.0,0.001311
2017,Total,60+,Rural,motivo,Forma de vestir o arreglo personal,61702.0,887517.0,632.0,0.005516
2017,Total,12-29,Rural,motivo,Forma de vestir o arreglo personal,147616.0,1874933.0,1129.0,0.006213
2017,Total,30-59,Rural,motivo,Forma de vestir o arreglo personal,194479.0,2219470.0,1414.0,0.008652
2017,Total,30-59,Urbano,motivo,Forma de vestir o arreglo personal,257897.0,2596576.0,2771.0,0.008969
2017,Total,12-29,Urbano,motivo,Forma de vestir o arreglo personal,106644.0,1454234.0,1462.0,0.010652
2017,Total,60+,Urbano,motivo,Forma de vestir o arreglo personal,56432.0,914944.0,1402.0,0.010933
2017,Total,60+,Rural,motivo,Clase social,51745.0,887517.0,632.0,0.003656
2017,Total,12-29,Rural,motivo,Clase social,85649.0,1874933.0,1129.0,0.006493
2017,Total,30-59,Rural,motivo,Clase social,109526.0,2219470.0,1414.0,0.006321
2017,Total,30-59,Urbano,motivo,Clase social,204928.0,2596576.0,2771.0,0.007332
2017,Total,12-29,Urbano,motivo,Clase social,76360.0,1454234.0,1462.0,0.005112
2017,Total,60+,Urbano,motivo,Clase social,51997.0,914944.0,1402.0,0.002255
2017,Total,60+,Rural,motivo,Lugar donde vive,74328.0,887517.0,632.0,0.009792
2017,Total,12-29,Rural,motivo,Lugar donde vive,89092.0,1874933.0,1129.0,0.006529
2017,Total,30-59,Rural,motivo,Lugar donde vive,116621.0,2219470.0,1414.0,0.007603
2017,Total,30-59,Urbano,motivo,Lugar donde vive,190988.0,2596576.0,2771.0,0.004625
2017,Total,12-29,Urbano,motivo,Lugar donde vive,81358.0,1454234.0,1462.0,0.002932
2017,Total,60+,Urbano,motivo,Lugar donde vive,50826.0,914944.0,1402.0,0.001558
2017,Total,60+,Rural,motivo,Creencias religiosas,91487.0,887517.0,632.0,0.012557
2017,Total,12-29,Rural,motivo,Creencias religiosas,157655.0,1874933.0,1129.0,0.009877
2017,Total,30-59,Rural,motivo,Creencias religiosas,206108.0,2219470.0,1414.0,0.006641
2017,Total,30-59,Urbano,motivo,Creencias religiosas,283193.0,2596576.0,2771.0,0.008437
2017,Total,12-29,Urbano,motivo,Creencias religiosas,153999.0,1454234.0,1462.0,0.011187
2017,Total,60+,Urbano,motivo,Creencias religiosas,89199.0,914944.0,1402.0,0.014569
2017,Total,60+,Rural,motivo,Ser mujer u hombre,47606.0,887517.0,632.0,0.003697
2017,Total,12-29,Rural,motivo,Ser mujer u hombre,111543.0,1874933.0,1129.0,0.007908
2017,Total,30-59,Rural,motivo,Ser mujer u hombre,82266.0,2219470.0,1414.0,0.002737
2017,Total,30-59,Urbano,motivo,Ser mujer u hombre,127363.0,2596576.0,2771.0,0.002152
2017,Total,12-29,Urbano,motivo,Ser mujer u hombre,74746.0,1454234.0,1462.0,0.006313
2017,Total,60+,Urbano,motivo,Ser mujer u hombre,49865.0,914944.0,1402.0,0.0132
2017,Total,60+,Rural,motivo,Edad,97645.0,887517.0,632.0,0.008053
2017,Total,12-29,Rural,motivo,Edad,109566.0,1874933.0,1129.0,0.008796
2017,Total,30-59,Rural,motivo,Edad,84671.0,2219470.0,1414.0,0.002798
2017,Total,30-59,Urbano,motivo,Edad,129542.0,2596576.0,2771.0,0.0026
2017,Total,12-29,Urbano,motivo,Edad,76074.0,1454234.0,1462.0,0.004809
2017,Total,60+,Urbano,motivo,Edad,131293.0,914944.0,1402.0,0.005579
2017,Total,60+,Rural,motivo,Orientación sexual,3204.0,887517.0,632.0,
2017,Total,12-29,Rural,motivo,Orientación sexual,14540.0,1874933.0,1129.0,8e-06
2017,Total,30-59,Rural,motivo,Orientación sexual,4822.0,2219470.0,1414.0,0.000303
2017,Total,30-59,Urbano,motivo,Orientación sexual,30768.0,2596576.0,2771.0,0.000353
2017,Total,12-29,Urbano,motivo,Orientación sexual,19275.0,1454234.0,1462.0,
2017,Total,60+,Urbano,motivo,Orientación sexual,10159.0,914944.0,1402.0,
2017,Total,60+,Rural,ambito,Trabajo o escuela,11365.0,887517.0,632.0,0.002673
2017,Total,12-29,Rural,ambito,Trabajo o escuela,122562.0,1874933.0,1129.0,0.005511
2017,Total,30-59,Rural,ambito,Trabajo o escuela,56249.0,2219470.0,1414.0,0.001722
2017,Total,30-59,Urbano,ambito,Trabajo o escuela,145436.0,2596576.0,2771.0,0.004516
2017,Total,12-29,Urbano,ambito,Trabajo o escuela,102818.0,1454234.0,1462.0,0.006471
2017,Total,60+,Urbano,ambito,Trabajo o escuela,29939.0,914944.0,1402.0,0.007274
2017,Total,60+,Rural,ambito,Familia,52499.0,887517.0,632.0,0.004633
2017,Total,12-29,Rural,ambito,Familia,42795.0,1874933.0,1129.0,0.003993
2017,Total,30-59,Rural,ambito,Familia,89706.0,2219470.0,1414.0,0.003215
2017,Total,30-59,Urbano,ambito,Familia,130268.0,2596576.0,2771.0,0.005694
2017,Total,12-29,Urbano,ambito,Familia,57635.0,1454234.0,1462.0,0.002362
2017,Total,60+,Urbano,ambito,Familia,59692.0,914944.0,1402.0,0.000586
2017,Total,60+,Rural,ambito,Servicios médicos,100796.0,887517.0,632.0,0.005649
2017,Total,12-29,Rural,ambito,Servicios médicos,96639.0,1874933.0,1129.0,0.005783
2017,Total,30-59,Rural,ambito,Servicios médicos,162002.0,2219470.0,1414.0,0.0099
2017,Total,30-59,Urbano,ambito,Servicios médicos,269824.0,2596576.0,2771.0,0.004816
2017,Total,12-29,Urbano,ambito,Servicios médicos,78137.0,1454234.0,1462.0,0.004383
2017,Total,60+,Urbano,ambito,Servicios médicos,73864.0,914944.0,1402.0,0.002663
2017,Total,60+,Rural,ambito,Oficina de gobierno,26991.0,887517.0,632.0,0.001917
2017,Total,12-29,Rural,ambito,Oficina de gobierno,29592.0,1874933.0,1129.0,0.001383
2017,Total,30-59,Rural,ambito,Oficina de gobierno,84167.0,2219470.0,1414.0,0.002104
2017,Total,30-59,Urbano,ambito,Oficina de gobierno,189778.0,2596576.0,2771.0,0.007974
2017,Total,12-29,Urbano,ambito,Oficina de gobierno,40398.0,1454234.0,1462.0,0.002153
2017,Total,60+,Urbano,ambito,Oficina de gobierno,34121.0,914944.0,1402.0,0.000418
2017,Total,60+,Rural,ambito,"Negocio, centro comercial o banco",7777.0,887517.0,632.0,0.000298
2017,Total,12-29,Rural,ambito,"Negocio, centro comercial o banco",29002.0,1874933.0,1129.0,0.000788
2017,Total,30-59,Rural,ambito,"Negocio, centro comercial o banco",28627.0,2219470.0,1414.0,0.000803
2017,Total,30-59,Urbano,ambito,"Negocio, centro comercial o banco",58501.0,2596576.0,2771.0,0.005746
2017,Total,12-29,Urbano,ambito,"Negocio, centro comercial o banco",55385.0,1454234.0,1462.0,0.001027
2017,Total,60+,Urbano,ambito,"Negocio, centro comercial o banco",15200.0,914944.0,1402.0,0.000155
2017,Total,60+,Rural,ambito,Calle o transporte público,60981.0,887517.0,632.0,0.009543
2017,Total,12-29,Rural,ambito,Calle o transporte público,96190.0,1874933.0,1129.0,0.004905
2017,Total,30-59,Rural,ambito,Calle o transporte público,88103.0,2219470.0,1414.0,0.00244
2017,Total,30-59,Urbano,ambito,Calle o transporte público,185286.0,2596576.0,2771.0,0.004715
2017,Total,12-29,Urbano,ambito,Calle o transporte público,126199.0,1454234.0,1462.0,0.012021
2017,Total,60+,Urbano,ambito,Calle o transporte público,77325.0,914944.0,1402.0,0.002387
2017,Total,60+,Rural,ambito,Redes sociales,274.0,887517.0,632.0,
2017,Total,12-29,Rural,ambito,Redes sociales,25891.0,1874933.0,1129.0,0.000595
2017,Total,30-59,Rural,ambito,Redes sociales,9445.0,2219470.0,1414.0,0.000336
2017,Total,30-59,Urbano,ambito,Redes sociales,21738.0,2596576.0,2771.0,0.001082
2017,Total,12-29,Urbano,ambito,Redes sociales,30084.0,1454234.0,1462.0,0.004111
2017,Total,60+,Urbano,ambito,Redes sociales,716.0,914944.0,1402.0,
2017,Total,60+,Rural,ambito,Otro lugar,5394.0,887517.0,632.0,
2017,Total,12-29,Rural,ambito,Otro lugar,225.0,1874933.0,1129.0,
2017,Total,30-59,Rural,ambito,Otro lugar,1789.0,2219470.0,1414.0,0.000184
2017,Total,30-59,Urbano,ambito,Otro lugar,167.0,2596576.0,2771.0,
2017,Total,12-29,Urbano,ambito,Otro lugar,468.0,1454234.0,1462.0,
2017,Total,60+,Urbano,ambito,Otro lugar,683.0,914944.0,1402.0,
2017,Total,60+,Rural,ambito,En al menos un ámbito,195093.0,887517.0,632.0,0.014741
2017,Total,12-29,Rural,ambito,En al menos un ámbito,286840.0,1874933.0,1129.0,0.018088
2017,Total,30-59,Rural,ambito,En al menos un ámbito,340435.0,2219470.0,1414.0,0.013336
2017,Total,30-59,Urbano,ambito,En al menos un ámbito,655907.0,2596576.0,2771.0,0.014796
2017,Total,12-29,Urbano,ambito,En al menos un ámbito,334402.0,1454234.0,1462.0,0.014392
2017,Total,60+,Urbano,ambito,En al menos un ámbito,209493.0,914944.0,1402.0,0.01276
2017,Total,60+,Rural,derecho,Atención médica o medicamentos,140572.0,858614.0,614.0,0.013809
2017,Total,12-29,Rural,derecho,Atención médica o medicamentos,209621.0,1849346.0,1114.0,0.008273
2017,Total,30-59,Rural,derecho,Atención médica o medicamentos,331067.0,2188688.0,1395.0,0.013861
2017,Total,30-59,Urbano,derecho,Atención médica o medicamentos,464455.0,2514939.0,2699.0,0.014607
2017,Total,12-29,Urbano,derecho,Atención médica o medicamentos,205818.0,1406485.0,1415.0,0.018687
2017,Total,60+,Urbano,derecho,Atención médica o medicamentos,148731.0,883171.0,1353.0,0.011313
2017,Total,60+,Rural,derecho,Atención en una oficina de gobierno,78421.0,598747.0,425.0,0.007714
2017,Total,12-29,Rural,derecho,Atención en una oficina de gobierno,66138.0,1197619.0,688.0,0.00408
2017,Total,30-59,Rural,derecho,Atención en una oficina de gobierno,165476.0,1689651.0,1048.0,0.011328
2017,Total,30-59,Urbano,derecho,Atención en una oficina de gobierno,331806.0,2091835.0,2207.0,0.009262
2017,Total,12-29,Urbano,derecho,Atención en una oficina de gobierno,123854.0,1115686.0,1067.0,0.015744
2017,Total,60+,Urbano,derecho,Atención en una oficina de gobierno,96243.0,699111.0,1022.0,0.012444
2017,Total,60+,Rural,derecho,Entrada o permanencia en un negocio o banco,6958.0,797621.0,551.0,0.000992
2017,Total,12-29,Rural,derecho,Entrada o permanencia en un negocio o banco,15473.0,1777025.0,1062.0,9.4e-05
2017,Total,30-59,Rural,derecho,Entrada o permanencia en un negocio o banco,29705.0,2092084.0,1312.0,0.001634
2017,Total,30-59,Urbano,derecho,Entrada o permanencia en un negocio o banco,65371.0,2533777.0,2720.0,0.001692
2017,Total,12-29,Urbano,derecho,Entrada o permanencia en un negocio o banco,57463.0,1420525.0,1433.0,0.003735
2017,Total,60+,Urbano,derecho,Entrada o permanencia en un negocio o banco,24081.0,840724.0,1304.0,0.010923
2017,Total,60+,Rural,derecho,Recibir apoyos de programas sociales,78130.0,794657.0,574.0,0.008998
2017,Total,12-29,Rural,derecho,Recibir apoyos de programas sociales,150680.0,1502174.0,898.0,0.014786
2017,Total,30-59,Rural,derecho,Recibir apoyos de programas sociales,250600.0,1876417.0,1192.0,0.011922
2017,Total,30-59,Urbano,derecho,Recibir apoyos de programas sociales,336065.0,1792709.0,1858.0,0.008705
2017,Total,12-29,Urbano,derecho,Recibir apoyos de programas sociales,207402.0,1035029.0,988.0,0.014711
2017,Total,60+,Urbano,derecho,Recibir apoyos de programas sociales,84187.0,650785.0,989.0,0.003042
2017,Total,12-29,Rural,derecho,Estudiar (12 a 35 años),25559.0,1700778.0,1019.0,0.00155
2017,Total,30-59,Rural,derecho,Estudiar (12 a 35 años),1724.0,339445.0,237.0,
2017,Total,30-59,Urbano,derecho,Estudiar (12 a 35 años),5847.0,481891.0,543.0,
2017,Total,12-29,Urbano,derecho,Estudiar (12 a 35 años),43432.0,1310173.0,1315.0,0.003021
2017,Total,60+,Rural,derecho,Trabajar u obtener un ascenso (18 y más),14932.0,425647.0,320.0,0.005845
2017,Total,12-29,Rural,derecho,Trabajar u obtener un ascenso (18 y más),28717.0,815093.0,443.0,0.00385
2017,Total,30-59,Rural,derecho,Trabajar u obtener un ascenso (18 y más),79562.0,1565764.0,944.0,0.005978
2017,Total,30-59,Urbano,derecho,Trabajar u obtener un ascenso (18 y más),167737.0,2143776.0,2272.0,0.004829
2017,Total,12-29,Urbano,derecho,Trabajar u obtener un ascenso (18 y más),71561.0,937631.0,907.0,0.01279
2017,Total,60+,Urbano,derecho,Trabajar u obtener un ascenso (18 y más),75199.0,540788.0,758.0,0.013592
2017,Total,60+,Rural,derecho,"Crédito, préstamo o tarjeta (18 y más)",15144.0,299323.0,196.0,0.009122
2017,Total,12-29,Rural,derecho,"Crédito, préstamo o tarjeta (18 y más)",13903.0,554833.0,265.0,0.002464
2017,Total,30-59,Rural,derecho,"Crédito, préstamo o tarjeta (18 y más)",93520.0,1066301.0,601.0,0.00499
2017,Total,30-59,Urbano,derecho,"Crédito, préstamo o tarjeta (18 y más)",205706.0,1552183.0,1690.0,0.006889
2017,Total,12-29,Urbano,derecho,"Crédito, préstamo o tarjeta (18 y más)",60470.0,571174.0,565.0,0.004904
2017,Total,60+,Urbano,derecho,"Crédito, préstamo o tarjeta (18 y más)",24039.0,348457.0,583.0,0.002241
2017,Total,60+,Rural,derecho_alguno,Al menos un derecho negado,232940.0,887517.0,632.0,0.017598
2017,Total,12-29,Rural,derecho_alguno,Al menos un derecho negado,370619.0,1874933.0,1129.0,0.011143
2017,Total,30-59,Rural,derecho_alguno,Al menos un derecho negado,592098.0,2219470.0,1414.0,0.015861
2017,Total,30-59,Urbano,derecho_alguno,Al menos un derecho negado,953472.0,2596576.0,2771.0,0.016501
2017,Total,12-29,Urbano,derecho_alguno,Al menos un derecho negado,447696.0,1454234.0,1462.0,0.014094
2017,Total,60+,Urbano,derecho_alguno,Al menos un derecho negado,303911.0,914944.0,1402.0,0.015414
2017,Total,60+,Rural,respeto,Mucho,306528.0,877015.0,619.0,0.021165
2017,Total,12-29,Rural,respeto,Mucho,530921.0,1865598.0,1123.0,0.022521
2017,Total,30-59,Rural,respeto,Mucho,674193.0,2195159.0,1396.0,0.023311
2017,Total,30-59,Urbano,respeto,Mucho,462041.0,2584287.0,2751.0,0.012839
2017,Total,12-29,Urbano,respeto,Mucho,294268.0,1450930.0,1458.0,0.017883
2017,Total,60+,Urbano,respeto,Mucho,272937.0,900077.0,1377.0,0.024724
2017,Total,60+,Rural,respeto,Algo,258549.0,877015.0,619.0,0.018018
2017,Total,12-29,Rural,respeto,Algo,457235.0,1865598.0,1123.0,0.013645
2017,Total,30-59,Rural,respeto,Algo,540306.0,2195159.0,1396.0,0.016093
2017,Total,30-59,Urbano,respeto,Algo,591564.0,2584287.0,2751.0,0.013404
2017,Total,12-29,Urbano,respeto,Algo,405402.0,1450930.0,1458.0,0.021964
2017,Total,60+,Urbano,respeto,Algo,172280.0,900077.0,1377.0,0.008238
2017,Total,60+,Rural,respeto,Poco,243870.0,877015.0,619.0,0.024726
2017,Total,12-29,Rural,respeto,Poco,760036.0,1865598.0,1123.0,0.02378
2017,Total,30-59,Rural,respeto,Poco,844181.0,2195159.0,1396.0,0.018444
2017,Total,30-59,Urbano,respeto,Poco,1176200.0,2584287.0,2751.0,0.018958
2017,Total,12-29,Urbano,respeto,Poco,624602.0,1450930.0,1458.0,0.022954
2017,Total,60+,Urbano,respeto,Poco,315810.0,900077.0,1377.0,0.01958
2017,Total,60+,Rural,respeto,Nada,68068.0,877015.0,619.0,0.006697
2017,Total,12-29,Rural,respeto,Nada,117406.0,1865598.0,1123.0,0.008532
2017,Total,30-59,Rural,respeto,Nada,136479.0,2195159.0,1396.0,0.009284
2017,Total,30-59,Urbano,respeto,Nada,354482.0,2584287.0,2751.0,0.006194
2017,Total,12-29,Urbano,respeto,Nada,126658.0,1450930.0,1458.0,0.01261
2017,Total,60+,Urbano,respeto,Nada,139050.0,900077.0,1377.0,0.008128
2017,Total,30-59,Total,discriminacion,Por algún motivo,1208345.0,4816046.0,4185.0,0.008138
2017,Total,60+,Total,discriminacion,Por algún motivo,506174.0,1802461.0,2034.0,0.015224
2017,Total,12-29,Total,discriminacion,Por algún motivo,805984.0,3329167.0,2591.0,0.009833
2017,Total,30-59,Total,discriminacion,Por los diez motivos comunes a 2017 y 2022,1208345.0,4816046.0,4185.0,0.008138
2017,Total,60+,Total,discriminacion,Por los diez motivos comunes a 2017 y 2022,506174.0,1802461.0,2034.0,0.015224
2017,Total,12-29,Total,discriminacion,Por los diez motivos comunes a 2017 y 2022,805984.0,3329167.0,2591.0,0.009833
2017,Total,30-59,Total,motivo,Tono de piel,225392.0,4816046.0,4185.0,0.00258
2017,Total,60+,Total,motivo,Tono de piel,145384.0,1802461.0,2034.0,0.004831
2017,Total,12-29,Total,motivo,Tono de piel,106715.0,3329167.0,2591.0,0.003399
2017,Total,30-59,Total,motivo,Manera de hablar,438413.0,4816046.0,4185.0,0.004975
2017,Total,60+,Total,motivo,Manera de hablar,214936.0,1802461.0,2034.0,0.009461
2017,Total,12-29,Total,motivo,Manera de hablar,252432.0,3329167.0,2591.0,0.005304
2017,Total,30-59,Total,motivo,Peso o estatura,346913.0,4816046.0,4185.0,0.00419
2017,Total,60+,Total,motivo,Peso o estatura,111646.0,1802461.0,2034.0,0.001552
2017,Total,12-29,Total,motivo,Peso o estatura,259088.0,3329167.0,2591.0,0.006793
2017,Total,30-59,Total,motivo,Forma de vestir o arreglo personal,452376.0,4816046.0,4185.0,0.006302
2017,Total,60+,Total,motivo,Forma de vestir o arreglo personal,118134.0,1802461.0,2034.0,0.006182
2017,Total,12-29,Total,motivo,Forma de vestir o arreglo personal,254260.0,3329167.0,2591.0,0.005808
2017,Total,30-59,Total,motivo,Clase social,314454.0,4816046.0,4185.0,0.004968
2017,Total,60+,Total,motivo,Clase social,103742.0,1802461.0,2034.0,0.002132
2017,Total,12-29,Total,motivo,Clase social,162009.0,3329167.0,2591.0,0.004278
2017,Total,30-59,Total,motivo,Lugar donde vive,307609.0,4816046.0,4185.0,0.004307
2017,Total,60+,Total,motivo,Lugar donde vive,125154.0,1802461.0,2034.0,0.004982
2017,Total,12-29,Total,motivo,Lugar donde vive,170450.0,3329167.0,2591.0,0.003856
2017,Total,30-59,Total,motivo,Creencias religiosas,489301.0,4816046.0,4185.0,0.005433
2017,Total,60+,Total,motivo,Creencias religiosas,180686.0,1802461.0,2034.0,0.009636
2017,Total,12-29,Total,motivo,Creencias religiosas,311654.0,3329167.0,2591.0,0.007375
2017,Total,30-59,Total,motivo,Ser mujer u hombre,209629.0,4816046.0,4185.0,0.001695
2017,Total,60+,Total,motivo,Ser mujer u hombre,97471.0,1802461.0,2034.0,0.006943
2017,Total,12-29,Total,motivo,Ser mujer u hombre,186289.0,3329167.0,2591.0,0.005259
2017,Total,30-59,Total,motivo,Edad,214213.0,4816046.0,4185.0,0.001932
2017,Total,60+,Total,motivo,Edad,228938.0,1802461.0,2034.0,0.004938
2017,Total,12-29,Total,motivo,Edad,185640.0,3329167.0,2591.0,0.005392
2017,Total,30-59,Total,motivo,Orientación sexual,35590.0,4816046.0,4185.0,0.000243
2017,Total,60+,Total,motivo,Orientación sexual,13363.0,1802461.0,2034.0,
2017,Total,12-29,Total,motivo,Orientación sexual,33815.0,3329167.0,2591.0,3e-06
2017,Total,30-59,Total,ambito,Trabajo o escuela,201685.0,4816046.0,4185.0,0.002612
2017,Total,60+,Total,ambito,Trabajo o escuela,41304.0,1802461.0,2034.0,0.00399
2017,Total,12-29,Total,ambito,Trabajo o escuela,225380.0,3329167.0,2591.0,0.004205
2017,Total,30-59,Total,ambito,Familia,219974.0,4816046.0,4185.0,0.003458
2017,Total,60+,Total,ambito,Familia,112191.0,1802461.0,2034.0,0.002314
2017,Total,12-29,Total,ambito,Familia,100430.0,3329167.0,2591.0,0.002485
2017,Total,30-59,Total,ambito,Servicios médicos,431826.0,4816046.0,4185.0,0.00525
2017,Total,60+,Total,ambito,Servicios médicos,174660.0,1802461.0,2034.0,0.003099
2017,Total,12-29,Total,ambito,Servicios médicos,174776.0,3329167.0,2591.0,0.003782
2017,Total,30-59,Total,ambito,Oficina de gobierno,273945.0,4816046.0,4185.0,0.004407
2017,Total,60+,Total,ambito,Oficina de gobierno,61112.0,1802461.0,2034.0,0.000972
2017,Total,12-29,Total,ambito,Oficina de gobierno,69990.0,3329167.0,2591.0,0.001292
2017,Total,30-59,Total,ambito,"Negocio, centro comercial o banco",87128.0,4816046.0,4185.0,0.003147
2017,Total,60+,Total,ambito,"Negocio, centro comercial o banco",22977.0,1802461.0,2034.0,0.000169
2017,Total,12-29,Total,ambito,"Negocio, centro comercial o banco",84387.0,3329167.0,2591.0,0.000631
2017,Total,30-59,Total,ambito,Calle o transporte público,273389.0,4816046.0,4185.0,0.002778
2017,Total,60+,Total,ambito,Calle o transporte público,138306.0,1802461.0,2034.0,0.004869
2017,Total,12-29,Total,ambito,Calle o transporte público,222389.0,3329167.0,2591.0,0.00606
2017,Total,30-59,Total,ambito,Redes sociales,31183.0,4816046.0,4185.0,0.000601
2017,Total,60+,Total,ambito,Redes sociales,990.0,1802461.0,2034.0,
2017,Total,12-29,Total,ambito,Redes sociales,55975.0,3329167.0,2591.0,0.001811
2017,Total,30-59,Total,ambito,Otro lugar,1956.0,4816046.0,4185.0,8.5e-05
2017,Total,60+,Total,ambito,Otro lugar,6077.0,1802461.0,2034.0,
2017,Total,12-29,Total,ambito,Otro lugar,693.0,3329167.0,2591.0,
2017,Total,30-59,Total,ambito,En al menos un ámbito,996342.0,4816046.0,4185.0,0.010155
2017,Total,60+,Total,ambito,En al menos un ámbito,404586.0,1802461.0,2034.0,0.009794
2017,Total,12-29,Total,ambito,En al menos un ámbito,621242.0,3329167.0,2591.0,0.012394
2017,Total,30-59,Total,derecho,Atención médica o medicamentos,795522.0,4703627.0,4094.0,0.01018
2017,Total,60+,Total,derecho,Atención médica o medicamentos,289303.0,1741785.0,1967.0,0.008915
2017,Total,12-29,Total,derecho,Atención médica o medicamentos,415439.0,3255831.0,2529.0,0.009512
2017,Total,30-59,Total,derecho,Atención en una oficina de gobierno,497282.0,3781486.0,3255.0,0.007058
2017,Total,60+,Total,derecho,Atención en una oficina de gobierno,174664.0,1297858.0,1447.0,0.007612
2017,Total,12-29,Total,derecho,Atención en una oficina de gobierno,189992.0,2313305.0,1755.0,0.007777
2017,Total,30-59,Total,derecho,Entrada o permanencia en un negocio o banco,95076.0,4625861.0,4032.0,0.001201
2017,Total,60+,Total,derecho,Entrada o permanencia en un negocio o banco,31039.0,1638345.0,1855.0,0.005668
2017,Total,12-29,Total,derecho,Entrada o permanencia en un negocio o banco,72936.0,3197550.0,2495.0,0.001556
2017,Total,30-59,Total,derecho,Recibir apoyos de programas sociales,586665.0,3669126.0,3050.0,0.007325
2017,Total,60+,Total,derecho,Recibir apoyos de programas sociales,162317.0,1445442.0,1563.0,0.005192
2017,Total,12-29,Total,derecho,Recibir apoyos de programas sociales,358082.0,2537203.0,1886.0,0.010814
2017,Total,30-59,Total,derecho,Estudiar (12 a 35 años),7571.0,821336.0,780.0,
2017,Total,12-29,Total,derecho,Estudiar (12 a 35 años),68991.0,3010951.0,2334.0,0.001586
2017,Total,30-59,Total,derecho,Trabajar u obtener un ascenso (18 y más),247299.0,3709540.0,3216.0,0.003829
2017,Total,60+,Total,derecho,Trabajar u obtener un ascenso (18 y más),90131.0,966435.0,1078.0,0.009046
2017,Total,12-29,Total,derecho,Trabajar u obtener un ascenso (18 y más),100278.0,1752724.0,1350.0,0.007084
2017,Total,30-59,Total,derecho,"Crédito, préstamo o tarjeta (18 y más)",299226.0,2618484.0,2291.0,0.004677
2017,Total,60+,Total,derecho,"Crédito, préstamo o tarjeta (18 y más)",39183.0,647780.0,779.0,0.004462
2017,Total,12-29,Total,derecho,"Crédito, préstamo o tarjeta (18 y más)",74373.0,1126007.0,830.0,0.00319
2017,Total,30-59,Total,derecho_alguno,Al menos un derecho negado,1545570.0,4816046.0,4185.0,0.011485
2017,Total,60+,Total,derecho_alguno,Al menos un derecho negado,536851.0,1802461.0,2034.0,0.012002
2017,Total,12-29,Total,derecho_alguno,Al menos un derecho negado,818315.0,3329167.0,2591.0,0.00933
2017,Total,30-59,Total,respeto,Mucho,1136234.0,4779446.0,4147.0,0.012549
2017,Total,60+,Total,respeto,Mucho,579465.0,1777092.0,1996.0,0.01624
2017,Total,12-29,Total,respeto,Mucho,825189.0,3316528.0,2581.0,0.014448
2017,Total,30-59,Total,respeto,Algo,1131870.0,4779446.0,4147.0,0.010367
2017,Total,60+,Total,respeto,Algo,430829.0,1777092.0,1996.0,0.009302
2017,Total,12-29,Total,respeto,Algo,862637.0,3316528.0,2581.0,0.012193
2017,Total,30-59,Total,respeto,Poco,2020381.0,4779446.0,4147.0,0.013392
2017,Total,60+,Total,respeto,Poco,559680.0,1777092.0,1996.0,0.015748
2017,Total,12-29,Total,respeto,Poco,1384638.0,3316528.0,2581.0,0.016837
2017,Total,30-59,Total,respeto,Nada,490961.0,4779446.0,4147.0,0.005354
2017,Total,60+,Total,respeto,Nada,207118.0,1777092.0,1996.0,0.00506
2017,Total,12-29,Total,respeto,Nada,244064.0,3316528.0,2581.0,0.007323
2017,Total,Todas,Rural,discriminacion,Por algún motivo,1203761.0,4981920.0,3175.0,0.010721
2017,Total,Todas,Urbano,discriminacion,Por algún motivo,1316742.0,4965754.0,5635.0,0.008227
2017,Total,Todas,Rural,discriminacion,Por los diez motivos comunes a 2017 y 2022,1203761.0,4981920.0,3175.0,0.010721
2017,Total,Todas,Urbano,discriminacion,Por los diez motivos comunes a 2017 y 2022,1316742.0,4965754.0,5635.0,0.008227
2017,Total,Todas,Rural,motivo,Tono de piel,230097.0,4981920.0,3175.0,0.004147
2017,Total,Todas,Urbano,motivo,Tono de piel,247394.0,4965754.0,5635.0,0.003303
2017,Total,Todas,Rural,motivo,Manera de hablar,458983.0,4981920.0,3175.0,0.006068
2017,Total,Todas,Urbano,motivo,Manera de hablar,446798.0,4965754.0,5635.0,0.007835
2017,Total,Todas,Rural,motivo,Peso o estatura,310646.0,4981920.0,3175.0,0.005417
2017,Total,Todas,Urbano,motivo,Peso o estatura,407001.0,4965754.0,5635.0,0.00617
2017,Total,Todas,Rural,motivo,Forma de vestir o arreglo personal,403797.0,4981920.0,3175.0,0.005951
2017,Total,Todas,Urbano,motivo,Forma de vestir o arreglo personal,420973.0,4965754.0,5635.0,0.005081
2017,Total,Todas,Rural,motivo,Clase social,246920.0,4981920.0,3175.0,0.004533
2017,Total,Todas,Urbano,motivo,Clase social,333285.0,4965754.0,5635.0,0.004491
2017,Total,Todas,Rural,motivo,Lugar donde vive,280041.0,4981920.0,3175.0,0.005872
2017,Total,Todas,Urbano,motivo,Lugar donde vive,323172.0,4965754.0,5635.0,0.004404
2017,Total,Todas,Rural,motivo,Creencias religiosas,455250.0,4981920.0,3175.0,0.006678
2017,Total,Todas,Urbano,motivo,Creencias religiosas,526391.0,4965754.0,5635.0,0.007404
2017,Total,Todas,Rural,motivo,Ser mujer u hombre,241415.0,4981920.0,3175.0,0.00468
2017,Total,Todas,Urbano,motivo,Ser mujer u hombre,251974.0,4965754.0,5635.0,0.004142
2017,Total,Todas,Rural,motivo,Edad,291882.0,4981920.0,3175.0,0.006111
2017,Total,Todas,Urbano,motivo,Edad,336909.0,4965754.0,5635.0,0.005878
2017,Total,Todas,Rural,motivo,Orientación sexual,22566.0,4981920.0,3175.0,0.000699
2017,Total,Todas,Urbano,motivo,Orientación sexual,60202.0,4965754.0,5635.0,0.000531
2017,Total,Todas,Rural,ambito,Trabajo o escuela,190176.0,4981920.0,3175.0,0.002949
2017,Total,Todas,Urbano,ambito,Trabajo o escuela,278193.0,4965754.0,5635.0,0.003334
2017,Total,Todas,Rural,ambito,Familia,185000.0,4981920.0,3175.0,0.002863
2017,Total,Todas,Urbano,ambito,Familia,247595.0,4965754.0,5635.0,0.004355
2017,Total,Todas,Rural,ambito,Servicios médicos,359437.0,4981920.0,3175.0,0.007433
2017,Total,Todas,Urbano,ambito,Servicios médicos,421825.0,4965754.0,5635.0,0.008384
2017,Total,Todas,Rural,ambito,Oficina de gobierno,140750.0,4981920.0,3175.0,0.002267
2017,Total,Todas,Urbano,ambito,Oficina de gobierno,264297.0,4965754.0,5635.0,0.004815
2017,Total,Todas,Rural,ambito,"Negocio, centro comercial o banco",65406.0,4981920.0,3175.0,0.000984
2017,Total,Todas,Urbano,ambito,"Negocio, centro comercial o banco",129086.0,4965754.0,5635.0,0.005035
2017,Total,Todas,Rural,ambito,Calle o transporte público,245274.0,4981920.0,3175.0,0.004354
2017,Total,Todas,Urbano,ambito,Calle o transporte público,388810.0,4965754.0,5635.0,0.004496
2017,Total,Todas,Rural,ambito,Redes sociales,35610.0,4981920.0,3175.0,0.000594
2017,Total,Todas,Urbano,ambito,Redes sociales,52538.0,4965754.0,5635.0,0.001412
2017,Total,Todas,Rural,ambito,Otro lugar,7408.0,4981920.0,3175.0,7.3e-05
2017,Total,Todas,Urbano,ambito,Otro lugar,1318.0,4965754.0,5635.0,
2017,Total,Todas,Rural,ambito,En al menos un ámbito,822368.0,4981920.0,3175.0,0.012546
2017,Total,Todas,Urbano,ambito,En al menos un ámbito,1199802.0,4965754.0,5635.0,0.013061
2017,Total,Todas,Rural,derecho,Atención médica o medicamentos,681260.0,4896648.0,3123.0,0.012523
2017,Total,Todas,Urbano,derecho,Atención médica o medicamentos,819004.0,4804595.0,5467.0,0.013426
2017,Total,Todas,Rural,derecho,Atención en una oficina de gobierno,310035.0,3486017.0,2161.0,0.006251
2017,Total,Todas,Urbano,derecho,Atención en una oficina de gobierno,551903.0,3906632.0,4296.0,0.012945
2017,Total,Todas,Rural,derecho,Entrada o permanencia en un negocio o banco,52136.0,4666730.0,2925.0,0.000794
2017,Total,Todas,Urbano,derecho,Entrada o permanencia en un negocio o banco,146915.0,4795026.0,5457.0,0.002364
2017,Total,Todas,Rural,derecho,Recibir apoyos de programas sociales,479410.0,4173248.0,2664.0,0.010459
2017,Total,Todas,Urbano,derecho,Recibir apoyos de programas sociales,627654.0,3478523.0,3835.0,0.007983
2017,Total,Todas,Rural,derecho,Estudiar (12 a 35 años),27283.0,2040223.0,1256.0,0.001328
2017,Total,Todas,Urbano,derecho,Estudiar (12 a 35 años),49279.0,1792064.0,1858.0,0.00227
2017,Total,Todas,Rural,derecho,Trabajar u obtener un ascenso (18 y más),123211.0,2806504.0,1707.0,0.005745
2017,Total,Todas,Urbano,derecho,Trabajar u obtener un ascenso (18 y más),314497.0,3622195.0,3937.0,0.006612
2017,Total,Todas,Rural,derecho,"Crédito, préstamo o tarjeta (18 y más)",122567.0,1920457.0,1062.0,0.00459
2017,Total,Todas,Urbano,derecho,"Crédito, préstamo o tarjeta (18 y más)",290215.0,2471814.0,2838.0,0.006668
2017,Total,Todas,Rural,derecho_alguno,Al menos un derecho negado,1195657.0,4981920.0,3175.0,0.015253
2017,Total,Todas,Urbano,derecho_alguno,Al menos un derecho negado,1705079.0,4965754.0,5635.0,0.017883
2017,Total,Todas,Rural,respeto,Mucho,1511642.0,4937772.0,3138.0,0.018948
2017,Total,Todas,Urbano,respeto,Mucho,1029246.0,4935294.0,5586.0,0.012574
2017,Total,Todas,Rural,respeto,Algo,1256090.0,4937772.0,3138.0,0.012233
2017,Total,Todas,Urbano,respeto,Algo,1169246.0,4935294.0,5586.0,0.010485
2017,Total,Todas,Rural,respeto,Poco,1848087.0,4937772.0,3138.0,0.016469
2017,Total,Todas,Urbano,respeto,Poco,2116612.0,4935294.0,5586.0,0.014588
2017,Total,Todas,Rural,respeto,Nada,321953.0,4937772.0,3138.0,0.008146
2017,Total,Todas,Urbano,respeto,Nada,620190.0,4935294.0,5586.0,0.008647
2017,Total,Todas,Total,discriminacion,Por algún motivo,2520503.0,9947674.0,8810.0,0.006815
2017,Total,Todas,Total,discriminacion,Por los diez motivos comunes a 2017 y 2022,2520503.0,9947674.0,8810.0,0.006815
2017,Total,Todas,Total,motivo,Tono de piel,477491.0,9947674.0,8810.0,0.002656
2017,Total,Todas,Total,motivo,Manera de hablar,905781.0,9947674.0,8810.0,0.004941
2017,Total,Todas,Total,motivo,Peso o estatura,717647.0,9947674.0,8810.0,0.004123
2017,Total,Todas,Total,motivo,Forma de vestir o arreglo personal,824770.0,9947674.0,8810.0,0.003938
2017,Total,Todas,Total,motivo,Clase social,580205.0,9947674.0,8810.0,0.003197
2017,Total,Todas,Total,motivo,Lugar donde vive,603213.0,9947674.0,8810.0,0.003688
2017,Total,Todas,Total,motivo,Creencias religiosas,981641.0,9947674.0,8810.0,0.004978
2017,Total,Todas,Total,motivo,Ser mujer u hombre,493389.0,9947674.0,8810.0,0.003125
2017,Total,Todas,Total,motivo,Edad,628791.0,9947674.0,8810.0,0.004268
2017,Total,Todas,Total,motivo,Orientación sexual,82768.0,9947674.0,8810.0,0.000418
2017,Total,Todas,Total,ambito,Trabajo o escuela,468369.0,9947674.0,8810.0,0.002218
2017,Total,Todas,Total,ambito,Familia,432595.0,9947674.0,8810.0,0.002665
2017,Total,Todas,Total,ambito,Servicios médicos,781262.0,9947674.0,8810.0,0.005662
2017,Total,Todas,Total,ambito,Oficina de gobierno,405047.0,9947674.0,8810.0,0.002744
2017,Total,Todas,Total,ambito,"Negocio, centro comercial o banco",194492.0,9947674.0,8810.0,0.002584
2017,Total,Todas,Total,ambito,Calle o transporte público,634084.0,9947674.0,8810.0,0.003238
2017,Total,Todas,Total,ambito,Redes sociales,88148.0,9947674.0,8810.0,0.000759
2017,Total,Todas,Total,ambito,Otro lugar,8726.0,9947674.0,8810.0,3.8e-05
2017,Total,Todas,Total,ambito,En al menos un ámbito,2022170.0,9947674.0,8810.0,0.009512
2017,Total,Todas,Total,derecho,Atención médica o medicamentos,1500264.0,9701243.0,8590.0,0.009444
2017,Total,Todas,Total,derecho,Atención en una oficina de gobierno,861938.0,7392649.0,6457.0,0.007572
2017,Total,Todas,Total,derecho,Entrada o permanencia en un negocio o banco,199051.0,9461756.0,8382.0,0.001247
2017,Total,Todas,Total,derecho,Recibir apoyos de programas sociales,1107064.0,7651771.0,6499.0,0.006824
2017,Total,Todas,Total,derecho,Estudiar (12 a 35 años),76562.0,3832287.0,3114.0,0.001306
2017,Total,Todas,Total,derecho,Trabajar u obtener un ascenso (18 y más),437708.0,6428699.0,5644.0,0.004506
2017,Total,Todas,Total,derecho,"Crédito, préstamo o tarjeta (18 y más)",412782.0,4392271.0,3900.0,0.004703
2017,Total,Todas,Total,derecho_alguno,Al menos un derecho negado,2900736.0,9947674.0,8810.0,0.012585
2017,Total,Todas,Total,respeto,Mucho,2540888.0,9873066.0,8724.0,0.011249
2017,Total,Todas,Total,respeto,Algo,2425336.0,9873066.0,8724.0,0.00802
2017,Total,Todas,Total,respeto,Poco,3964699.0,9873066.0,8724.0,0.011081
2017,Total,Todas,Total,respeto,Nada,942143.0,9873066.0,8724.0,0.006005
2022,Hombres,12-29,Rural,discriminacion,Por algún motivo,177568.0,799339.0,786.0,0.005837
2022,Mujeres,30-59,Urbano,discriminacion,Por algún motivo,501181.0,1521111.0,1639.0,0.003656
2022,Mujeres,60+,Urbano,discriminacion,Por algún motivo,129562.0,530927.0,516.0,0.00471
2022,Hombres,30-59,Rural,discriminacion,Por algún motivo,306379.0,1082249.0,1085.0,0.003016
2022,Mujeres,12-29,Rural,discriminacion,Por algún motivo,259467.0,1010361.0,995.0,0.008913
2022,Hombres,60+,Rural,discriminacion,Por algún motivo,121793.0,468835.0,441.0,0.003157
2022,Mujeres,12-29,Urbano,discriminacion,Por algún motivo,302197.0,820341.0,917.0,0.006931
2022,Hombres,30-59,Urbano,discriminacion,Por algún motivo,388027.0,1251260.0,1429.0,0.004893
2022,Mujeres,30-59,Rural,discriminacion,Por algún motivo,290563.0,1286277.0,1276.0,0.002768
2022,Mujeres,60+,Rural,discriminacion,Por algún motivo,94674.0,438091.0,416.0,0.003528
2022,Hombres,12-29,Urbano,discriminacion,Por algún motivo,255079.0,745267.0,783.0,0.006483
2022,Hombres,60+,Urbano,discriminacion,Por algún motivo,100284.0,481608.0,491.0,0.003642
2022,Hombres,12-29,Rural,discriminacion,Por los diez motivos comunes a 2017 y 2022,146436.0,799339.0,786.0,0.004057
2022,Mujeres,30-59,Urbano,discriminacion,Por los diez motivos comunes a 2017 y 2022,403625.0,1521111.0,1639.0,0.00342
2022,Mujeres,60+,Urbano,discriminacion,Por los diez motivos comunes a 2017 y 2022,93393.0,530927.0,516.0,0.00446
2022,Hombres,30-59,Rural,discriminacion,Por los diez motivos comunes a 2017 y 2022,225237.0,1082249.0,1085.0,0.003357
2022,Mujeres,12-29,Rural,discriminacion,Por los diez motivos comunes a 2017 y 2022,226304.0,1010361.0,995.0,0.008947
2022,Hombres,60+,Rural,discriminacion,Por los diez motivos comunes a 2017 y 2022,89942.0,468835.0,441.0,0.002772
2022,Mujeres,12-29,Urbano,discriminacion,Por los diez motivos comunes a 2017 y 2022,276134.0,820341.0,917.0,0.006958
2022,Hombres,30-59,Urbano,discriminacion,Por los diez motivos comunes a 2017 y 2022,275647.0,1251260.0,1429.0,0.003484
2022,Mujeres,30-59,Rural,discriminacion,Por los diez motivos comunes a 2017 y 2022,223727.0,1286277.0,1276.0,0.002311
2022,Mujeres,60+,Rural,discriminacion,Por los diez motivos comunes a 2017 y 2022,75587.0,438091.0,416.0,0.00343
2022,Hombres,12-29,Urbano,discriminacion,Por los diez motivos comunes a 2017 y 2022,223037.0,745267.0,783.0,0.005089
2022,Hombres,60+,Urbano,discriminacion,Por los diez motivos comunes a 2017 y 2022,67558.0,481608.0,491.0,0.002982
2022,Hombres,12-29,Rural,motivo,Tono de piel,32233.0,799339.0,786.0,0.001993
2022,Mujeres,30-59,Urbano,motivo,Tono de piel,91408.0,1521111.0,1639.0,0.001546
2022,Mujeres,60+,Urbano,motivo,Tono de piel,21602.0,530927.0,516.0,0.001476
2022,Hombres,30-59,Rural,motivo,Tono de piel,43196.0,1082249.0,1085.0,0.001407
2022,Mujeres,12-29,Rural,motivo,Tono de piel,51672.0,1010361.0,995.0,0.001461
2022,Hombres,60+,Rural,motivo,Tono de piel,17672.0,468835.0,441.0,0.001283
2022,Mujeres,12-29,Urbano,motivo,Tono de piel,50563.0,820341.0,917.0,0.000751
2022,Hombres,30-59,Urbano,motivo,Tono de piel,73591.0,1251260.0,1429.0,0.001675
2022,Mujeres,30-59,Rural,motivo,Tono de piel,46293.0,1286277.0,1276.0,0.001193
2022,Mujeres,60+,Rural,motivo,Tono de piel,17143.0,438091.0,416.0,0.001269
2022,Hombres,12-29,Urbano,motivo,Tono de piel,70621.0,745267.0,783.0,0.001668
2022,Hombres,60+,Urbano,motivo,Tono de piel,14977.0,481608.0,491.0,0.000506
2022,Hombres,12-29,Rural,motivo,Manera de hablar,58445.0,799339.0,786.0,0.003044
2022,Mujeres,30-59,Urbano,motivo,Manera de hablar,148000.0,1521111.0,1639.0,0.001793
2022,Mujeres,60+,Urbano,motivo,Manera de hablar,31589.0,530927.0,516.0,0.001618
2022,Hombres,30-59,Rural,motivo,Manera de hablar,112198.0,1082249.0,1085.0,0.002373
2022,Mujeres,12-29,Rural,motivo,Manera de hablar,55259.0,1010361.0,995.0,0.002409
2022,Hombres,60+,Rural,motivo,Manera de hablar,39153.0,468835.0,441.0,0.001718
2022,Mujeres,12-29,Urbano,motivo,Manera de hablar,67273.0,820341.0,917.0,0.00298
2022,Hombres,30-59,Urbano,motivo,Manera de hablar,97622.0,1251260.0,1429.0,0.001914
2022,Mujeres,30-59,Rural,motivo,Manera de hablar,89113.0,1286277.0,1276.0,0.00137
2022,Mujeres,60+,Rural,motivo,Manera de hablar,40628.0,438091.0,416.0,0.003056
2022,Hombres,12-29,Urbano,motivo,Manera de hablar,70651.0,745267.0,783.0,0.00153
2022,Hombres,60+,Urbano,motivo,Manera de hablar,23274.0,481608.0,491.0,0.000718
2022,Hombres,12-29,Rural,motivo,Peso o estatura,47037.0,799339.0,786.0,0.002759
2022,Mujeres,30-59,Urbano,motivo,Peso o estatura,176374.0,1521111.0,1639.0,0.001674
2022,Mujeres,60+,Urbano,motivo,Peso o estatura,33703.0,530927.0,516.0,0.001489
2022,Hombres,30-59,Rural,motivo,Peso o estatura,59731.0,1082249.0,1085.0,0.001447
2022,Mujeres,12-29,Rural,motivo,Peso o estatura,99206.0,1010361.0,995.0,0.003807
2022,Hombres,60+,Rural,motivo,Peso o estatura,12258.0,468835.0,441.0,0.000296
2022,Mujeres,12-29,Urbano,motivo,Peso o estatura,130877.0,820341.0,917.0,0.003366
2022,Hombres,30-59,Urbano,motivo,Peso o estatura,66556.0,1251260.0,1429.0,0.000915
2022,Mujeres,30-59,Rural,motivo,Peso o estatura,66836.0,1286277.0,1276.0,0.001517
2022,Mujeres,60+,Rural,motivo,Peso o estatura,16945.0,438091.0,416.0,0.001344
2022,Hombres,12-29,Urbano,motivo,Peso o estatura,73396.0,745267.0,783.0,0.001778
2022,Hombres,60+,Urbano,motivo,Peso o estatura,11393.0,481608.0,491.0,0.000361
2022,Hombres,12-29,Rural,motivo,Forma de vestir o arreglo personal,55668.0,799339.0,786.0,0.003062
2022,Mujeres,30-59,Urbano,motivo,Forma de vestir o arreglo personal,166701.0,1521111.0,1639.0,0.001438
2022,Mujeres,60+,Urbano,motivo,Forma de vestir o arreglo personal,42113.0,530927.0,516.0,0.001421
2022,Hombres,30-59,Rural,motivo,Forma de vestir o arreglo personal,75838.0,1082249.0,1085.0,0.002018
2022,Mujeres,12-29,Rural,motivo,Forma de vestir o arreglo personal,104740.0,1010361.0,995.0,0.003208
2022,Hombres,60+,Rural,motivo,Forma de vestir o arreglo personal,23130.0,468835.0,441.0,0.00112
2022,Mujeres,12-29,Urbano,motivo,Forma de vestir o arreglo personal,119308.0,820341.0,917.0,0.002729
2022,Hombres,30-59,Urbano,motivo,Forma de vestir o arreglo personal,111009.0,1251260.0,1429.0,0.001551
2022,Mujeres,30-59,Rural,motivo,Forma de vestir o arreglo personal,89145.0,1286277.0,1276.0,0.001926
2022,Mujeres,60+,Rural,motivo,Forma de vestir o arreglo personal,32948.0,438091.0,416.0,0.003273
2022,Hombres,12-29,Urbano,motivo,Forma de vestir o arreglo personal,79824.0,745267.0,783.0,0.001953
2022,Hombres,60+,Urbano,motivo,Forma de vestir o arreglo personal,19319.0,481608.0,491.0,0.000857
2022,Hombres,12-29,Rural,motivo,Clase social,39588.0,799339.0,786.0,0.002606
2022,Mujeres,30-59,Urbano,motivo,Clase social,135398.0,1521111.0,1639.0,0.001204
2022,Mujeres,60+,Urbano,motivo,Clase social,33705.0,530927.0,516.0,0.001498
2022,Hombres,30-59,Rural,motivo,Clase social,74120.0,1082249.0,1085.0,0.002088
2022,Mujeres,12-29,Rural,motivo,Clase social,63338.0,1010361.0,995.0,0.002929
2022,Hombres,60+,Rural,motivo,Clase social,16468.0,468835.0,441.0,0.001334
2022,Mujeres,12-29,Urbano,motivo,Clase social,53971.0,820341.0,917.0,0.001082
2022,Hombres,30-59,Urbano,motivo,Clase social,94002.0,1251260.0,1429.0,0.00164
2022,Mujeres,30-59,Rural,motivo,Clase social,51254.0,1286277.0,1276.0,0.00088
2022,Mujeres,60+,Rural,motivo,Clase social,18812.0,438091.0,416.0,0.001542
2022,Hombres,12-29,Urbano,motivo,Clase social,63027.0,745267.0,783.0,0.002645
2022,Hombres,60+,Urbano,motivo,Clase social,24907.0,481608.0,491.0,0.002138
2022,Hombres,12-29,Rural,motivo,Lugar donde vive,35970.0,799339.0,786.0,0.002953
2022,Mujeres,30-59,Urbano,motivo,Lugar donde vive,107374.0,1521111.0,1639.0,0.001155
2022,Mujeres,60+,Urbano,motivo,Lugar donde vive,30138.0,530927.0,516.0,0.001753
2022,Hombres,30-59,Rural,motivo,Lugar donde vive,76059.0,1082249.0,1085.0,0.002181
2022,Mujeres,12-29,Rural,motivo,Lugar donde vive,54009.0,1010361.0,995.0,0.003033
2022,Hombres,60+,Rural,motivo,Lugar donde vive,20606.0,468835.0,441.0,0.001079
2022,Mujeres,12-29,Urbano,motivo,Lugar donde vive,64582.0,820341.0,917.0,0.004174
2022,Hombres,30-59,Urbano,motivo,Lugar donde vive,81911.0,1251260.0,1429.0,0.001172
2022,Mujeres,30-59,Rural,motivo,Lugar donde vive,62410.0,1286277.0,1276.0,0.001083
2022,Mujeres,60+,Rural,motivo,Lugar donde vive,18681.0,438091.0,416.0,0.001637
2022,Hombres,12-29,Urbano,motivo,Lugar donde vive,49876.0,745267.0,783.0,0.002862
2022,Hombres,60+,Urbano,motivo,Lugar donde vive,24990.0,481608.0,491.0,0.002483
2022,Hombres,12-29,Rural,motivo,Creencias religiosas,29003.0,799339.0,786.0,0.002665
2022,Mujeres,30-59,Urbano,motivo,Creencias religiosas,135321.0,1521111.0,1639.0,0.001219
2022,Mujeres,60+,Urbano,motivo,Creencias religiosas,41210.0,530927.0,516.0,0.001623
2022,Hombres,30-59,Rural,motivo,Creencias religiosas,78660.0,1082249.0,1085.0,0.001856
2022,Mujeres,12-29,Rural,motivo,Creencias religiosas,82376.0,1010361.0,995.0,0.003345
2022,Hombres,60+,Rural,motivo,Creencias religiosas,18840.0,468835.0,441.0,0.000728
2022,Mujeres,12-29,Urbano,motivo,Creencias religiosas,83412.0,820341.0,917.0,0.002406
2022,Hombres,30-59,Urbano,motivo,Creencias religiosas,100123.0,1251260.0,1429.0,0.001518
2022,Mujeres,30-59,Rural,motivo,Creencias religiosas,85984.0,1286277.0,1276.0,0.001657
2022,Mujeres,60+,Rural,motivo,Creencias religiosas,17689.0,438091.0,416.0,0.001384
2022,Hombres,12-29,Urbano,motivo,Creencias religiosas,61021.0,745267.0,783.0,0.001631
2022,Hombres,60+,Urbano,motivo,Creencias religiosas,14601.0,481608.0,491.0,
2022,Hombres,12-29,Rural,motivo,Ser mujer u hombre,14538.0,799339.0,786.0,0.000611
2022,Mujeres,30-59,Urbano,motivo,Ser mujer u hombre,160617.0,1521111.0,1639.0,0.00212
2022,Mujeres,60+,Urbano,motivo,Ser mujer u hombre,30130.0,530927.0,516.0,0.001974
2022,Hombres,30-59,Rural,motivo,Ser mujer u hombre,29228.0,1082249.0,1085.0,0.001396
2022,Mujeres,12-29,Rural,motivo,Ser mujer u hombre,75200.0,1010361.0,995.0,0.002872
2022,Hombres,60+,Rural,motivo,Ser mujer u hombre,11489.0,468835.0,441.0,0.000121
2022,Mujeres,12-29,Urbano,motivo,Ser mujer u hombre,108730.0,820341.0,917.0,0.002849
2022,Hombres,30-59,Urbano,motivo,Ser mujer u hombre,32798.0,1251260.0,1429.0,0.000227
2022,Mujeres,30-59,Rural,motivo,Ser mujer u hombre,73985.0,1286277.0,1276.0,0.001761
2022,Mujeres,60+,Rural,motivo,Ser mujer u hombre,14443.0,438091.0,416.0,0.000834
2022,Hombres,12-29,Urbano,motivo,Ser mujer u hombre,23739.0,745267.0,783.0,0.000193
2022,Hombres,60+,Urbano,motivo,Ser mujer u hombre,14043.0,481608.0,491.0,
2022,Hombres,12-29,Rural,motivo,Edad,30561.0,799339.0,786.0,0.001666
2022,Mujeres,30-59,Urbano,motivo,Edad,110250.0,1521111.0,1639.0,0.001261
2022,Mujeres,60+,Urbano,motivo,Edad,47276.0,530927.0,516.0,0.00464
2022,Hombres,30-59,Rural,motivo,Edad,43147.0,1082249.0,1085.0,0.001621
2022,Mujeres,12-29,Rural,motivo,Edad,46851.0,1010361.0,995.0,0.001654
2022,Hombres,60+,Rural,motivo,Edad,45587.0,468835.0,441.0,0.002369
2022,Mujeres,12-29,Urbano,motivo,Edad,59679.0,820341.0,917.0,0.003027
2022,Hombres,30-59,Urbano,motivo,Edad,49275.0,1251260.0,1429.0,0.000336
2022,Mujeres,30-59,Rural,motivo,Edad,44734.0,1286277.0,1276.0,0.000728
2022,Mujeres,60+,Rural,motivo,Edad,30905.0,438091.0,416.0,0.001607
2022,Hombres,12-29,Urbano,motivo,Edad,36862.0,745267.0,783.0,0.000684
2022,Hombres,60+,Urbano,motivo,Edad,23649.0,481608.0,491.0,0.001553
2022,Hombres,12-29,Rural,motivo,Orientación sexual,6429.0,799339.0,786.0,
2022,Mujeres,30-59,Urbano,motivo,Orientación sexual,11679.0,1521111.0,1639.0,
2022,Mujeres,60+,Urbano,motivo,Orientación sexual,,530927.0,516.0,
2022,Hombres,30-59,Rural,motivo,Orientación sexual,4459.0,1082249.0,1085.0,
2022,Mujeres,12-29,Rural,motivo,Orientación sexual,3972.0,1010361.0,995.0,0.00051
2022,Hombres,60+,Rural,motivo,Orientación sexual,4418.0,468835.0,441.0,0.000106
2022,Mujeres,12-29,Urbano,motivo,Orientación sexual,10303.0,820341.0,917.0,0.000569
2022,Hombres,30-59,Urbano,motivo,Orientación sexual,21238.0,1251260.0,1429.0,0.000171
2022,Mujeres,30-59,Rural,motivo,Orientación sexual,6850.0,1286277.0,1276.0,
2022,Mujeres,60+,Rural,motivo,Orientación sexual,2170.0,438091.0,416.0,
2022,Hombres,12-29,Urbano,motivo,Orientación sexual,2451.0,745267.0,783.0,
2022,Hombres,60+,Urbano,motivo,Orientación sexual,1996.0,481608.0,491.0,
2022,Hombres,12-29,Rural,motivo,Ser persona indígena o afrodescendiente,42621.0,799339.0,786.0,0.00303
2022,Mujeres,30-59,Urbano,motivo,Ser persona indígena o afrodescendiente,141802.0,1521111.0,1639.0,0.002748
2022,Mujeres,60+,Urbano,motivo,Ser persona indígena o afrodescendiente,36040.0,530927.0,516.0,0.000705
2022,Hombres,30-59,Rural,motivo,Ser persona indígena o afrodescendiente,110268.0,1082249.0,1085.0,0.002438
2022,Mujeres,12-29,Rural,motivo,Ser persona indígena o afrodescendiente,85027.0,1010361.0,995.0,0.003054
2022,Hombres,60+,Rural,motivo,Ser persona indígena o afrodescendiente,35421.0,468835.0,441.0,0.001555
2022,Mujeres,12-29,Urbano,motivo,Ser persona indígena o afrodescendiente,65436.0,820341.0,917.0,0.003095
2022,Hombres,30-59,Urbano,motivo,Ser persona indígena o afrodescendiente,110496.0,1251260.0,1429.0,0.00166
2022,Mujeres,30-59,Rural,motivo,Ser persona indígena o afrodescendiente,88611.0,1286277.0,1276.0,0.00151
2022,Mujeres,60+,Rural,motivo,Ser persona indígena o afrodescendiente,38330.0,438091.0,416.0,0.0027
2022,Hombres,12-29,Urbano,motivo,Ser persona indígena o afrodescendiente,74230.0,745267.0,783.0,0.003093
2022,Hombres,60+,Urbano,motivo,Ser persona indígena o afrodescendiente,21936.0,481608.0,491.0,0.00078
2022,Hombres,12-29,Rural,motivo,Discapacidad,7670.0,799339.0,786.0,0.000633
2022,Mujeres,30-59,Urbano,motivo,Discapacidad,39192.0,1521111.0,1639.0,0.000588
2022,Mujeres,60+,Urbano,motivo,Discapacidad,19135.0,530927.0,516.0,0.000708
2022,Hombres,30-59,Rural,motivo,Discapacidad,32818.0,1082249.0,1085.0,0.0009
2022,Mujeres,12-29,Rural,motivo,Discapacidad,6984.0,1010361.0,995.0,
2022,Hombres,60+,Rural,motivo,Discapacidad,17408.0,468835.0,441.0,0.002343
2022,Mujeres,12-29,Urbano,motivo,Discapacidad,6354.0,820341.0,917.0,
2022,Hombres,30-59,Urbano,motivo,Discapacidad,17206.0,1251260.0,1429.0,0.000406
2022,Mujeres,30-59,Rural,motivo,Discapacidad,13063.0,1286277.0,1276.0,0.000602
2022,Mujeres,60+,Rural,motivo,Discapacidad,12735.0,438091.0,416.0,0.001572
2022,Hombres,12-29,Urbano,motivo,Discapacidad,11295.0,745267.0,783.0,
2022,Hombres,60+,Urbano,motivo,Discapacidad,11678.0,481608.0,491.0,0.00096
2022,Hombres,12-29,Rural,motivo,Alguna enfermedad,5995.0,799339.0,786.0,0.000674
2022,Mujeres,30-59,Urbano,motivo,Alguna enfermedad,57941.0,1521111.0,1639.0,0.000905
2022,Mujeres,60+,Urbano,motivo,Alguna enfermedad,20196.0,530927.0,516.0,0.000693
2022,Hombres,30-59,Rural,motivo,Alguna enfermedad,28004.0,1082249.0,1085.0,0.001171
2022,Mujeres,12-29,Rural,motivo,Alguna enfermedad,11232.0,1010361.0,995.0,0.000691
2022,Hombres,60+,Rural,motivo,Alguna enfermedad,27256.0,468835.0,441.0,0.001454
2022,Mujeres,12-29,Urbano,motivo,Alguna enfermedad,9506.0,820341.0,917.0,5.9e-05
2022,Hombres,30-59,Urbano,motivo,Alguna enfermedad,40370.0,1251260.0,1429.0,0.000825
2022,Mujeres,30-59,Rural,motivo,Alguna enfermedad,32300.0,1286277.0,1276.0,0.001529
2022,Mujeres,60+,Rural,motivo,Alguna enfermedad,19353.0,438091.0,416.0,0.000931
2022,Hombres,12-29,Urbano,motivo,Alguna enfermedad,16636.0,745267.0,783.0,0.000266
2022,Hombres,60+,Urbano,motivo,Alguna enfermedad,8697.0,481608.0,491.0,
2022,Hombres,12-29,Rural,motivo,Opiniones políticas,30767.0,799339.0,786.0,0.002488
2022,Mujeres,30-59,Urbano,motivo,Opiniones políticas,136598.0,1521111.0,1639.0,0.001091
2022,Mujeres,60+,Urbano,motivo,Opiniones políticas,26816.0,530927.0,516.0,0.00461
2022,Hombres,30-59,Rural,motivo,Opiniones políticas,80552.0,1082249.0,1085.0,0.001696
2022,Mujeres,12-29,Rural,motivo,Opiniones políticas,37071.0,1010361.0,995.0,0.00203
2022,Hombres,60+,Rural,motivo,Opiniones políticas,31741.0,468835.0,441.0,0.001556
2022,Mujeres,12-29,Urbano,motivo,Opiniones políticas,44784.0,820341.0,917.0,0.00112
2022,Hombres,30-59,Urbano,motivo,Opiniones políticas,142087.0,1251260.0,1429.0,0.00373
2022,Mujeres,30-59,Rural,motivo,Opiniones políticas,75063.0,1286277.0,1276.0,0.002032
2022,Mujeres,60+,Rural,motivo,Opiniones políticas,12570.0,438091.0,416.0,0.000866
2022,Hombres,12-29,Urbano,motivo,Opiniones políticas,65109.0,745267.0,783.0,0.002173
2022,Hombres,60+,Urbano,motivo,Opiniones políticas,31572.0,481608.0,491.0,0.000366
2022,Hombres,12-29,Rural,motivo,Estado civil o situación familiar,14764.0,799339.0,786.0,0.001882
2022,Mujeres,30-59,Urbano,motivo,Estado civil o situación familiar,119606.0,1521111.0,1639.0,0.001043
2022,Mujeres,60+,Urbano,motivo,Estado civil o situación familiar,8164.0,530927.0,516.0,
2022,Hombres,30-59,Rural,motivo,Estado civil o situación familiar,40372.0,1082249.0,1085.0,0.00128
2022,Mujeres,12-29,Rural,motivo,Estado civil o situación familiar,36381.0,1010361.0,995.0,0.001497
2022,Hombres,60+,Rural,motivo,Estado civil o situación familiar,10660.0,468835.0,441.0,0.000536
2022,Mujeres,12-29,Urbano,motivo,Estado civil o situación familiar,33431.0,820341.0,917.0,0.001133
2022,Hombres,30-59,Urbano,motivo,Estado civil o situación familiar,39717.0,1251260.0,1429.0,0.000381
2022,Mujeres,30-59,Rural,motivo,Estado civil o situación familiar,61366.0,1286277.0,1276.0,0.002051
2022,Mujeres,60+,Rural,motivo,Estado civil o situación familiar,6507.0,438091.0,416.0,0.000411
2022,Hombres,12-29,Urbano,motivo,Estado civil o situación familiar,17242.0,745267.0,783.0,0.00043
2022,Hombres,60+,Urbano,motivo,Estado civil o situación familiar,6507.0,481608.0,491.0,0.000481
2022,Hombres,12-29,Rural,motivo,Otro motivo,,799339.0,786.0,
2022,Mujeres,30-59,Urbano,motivo,Otro motivo,6245.0,1521111.0,1639.0,
2022,Mujeres,60+,Urbano,motivo,Otro motivo,,530927.0,516.0,
2022,Hombres,30-59,Rural,motivo,Otro motivo,2208.0,1082249.0,1085.0,0.00028
2022,Mujeres,12-29,Rural,motivo,Otro motivo,2122.0,1010361.0,995.0,
2022,Hombres,60+,Rural,motivo,Otro motivo,1131.0,468835.0,441.0,
2022,Mujeres,12-29,Urbano,motivo,Otro motivo,3998.0,820341.0,917.0,
2022,Hombres,30-59,Urbano,motivo,Otro motivo,7481.0,1251260.0,1429.0,0.000759
2022,Mujeres,30-59,Rural,motivo,Otro motivo,595.0,1286277.0,1276.0,
2022,Mujeres,60+,Rural,motivo,Otro motivo,,438091.0,416.0,
2022,Hombres,12-29,Urbano,motivo,Otro motivo,1888.0,745267.0,783.0,
2022,Hombres,60+,Urbano,motivo,Otro motivo,4337.0,481608.0,491.0,
2022,Hombres,12-29,Rural,por_indigena,Por ser persona indígena o afrodescendiente,42621.0,177568.0,168.0,0.011238
2022,Mujeres,30-59,Urbano,por_indigena,Por ser persona indígena o afrodescendiente,141802.0,501181.0,514.0,0.006582
2022,Mujeres,60+,Urbano,por_indigena,Por ser persona indígena o afrodescendiente,36040.0,129562.0,127.0,0.002238
2022,Hombres,30-59,Rural,por_indigena,Por ser persona indígena o afrodescendiente,110268.0,306379.0,301.0,0.006366
2022,Mujeres,12-29,Rural,por_indigena,Por ser persona indígena o afrodescendiente,85027.0,259467.0,246.0,0.00891
2022,Hombres,60+,Rural,por_indigena,Por ser persona indígena o afrodescendiente,35421.0,121793.0,111.0,0.004593
2022,Mujeres,12-29,Urbano,por_indigena,Por ser persona indígena o afrodescendiente,65436.0,302197.0,349.0,0.007634
2022,Hombres,30-59,Urbano,por_indigena,Por ser persona indígena o afrodescendiente,110496.0,388027.0,410.0,0.005629
2022,Mujeres,30-59,Rural,por_indigena,Por ser persona indígena o afrodescendiente,88611.0,290563.0,279.0,0.004982
2022,Mujeres,60+,Rural,por_indigena,Por ser persona indígena o afrodescendiente,38330.0,94674.0,89.0,0.008149
2022,Hombres,12-29,Urbano,por_indigena,Por ser persona indígena o afrodescendiente,74230.0,255079.0,253.0,0.007472
2022,Hombres,60+,Urbano,por_indigena,Por ser persona indígena o afrodescendiente,21936.0,100284.0,101.0,0.003068
2022,Hombres,12-29,Rural,ambito,Trabajo o escuela,34966.0,799339.0,786.0,0.001602
2022,Mujeres,30-59,Urbano,ambito,Trabajo o escuela,112179.0,1521111.0,1639.0,0.001095
2022,Mujeres,60+,Urbano,ambito,Trabajo o escuela,6225.0,530927.0,516.0,
2022,Hombres,30-59,Rural,ambito,Trabajo o escuela,61002.0,1082249.0,1085.0,0.001484
2022,Mujeres,12-29,Rural,ambito,Trabajo o escuela,66992.0,1010361.0,995.0,0.002553
2022,Hombres,60+,Rural,ambito,Trabajo o escuela,10203.0,468835.0,441.0,0.000222
2022,Mujeres,12-29,Urbano,ambito,Trabajo o escuela,57000.0,820341.0,917.0,0.001268
2022,Hombres,30-59,Urbano,ambito,Trabajo o escuela,75071.0,1251260.0,1429.0,0.001583
2022,Mujeres,30-59,Rural,ambito,Trabajo o escuela,28435.0,1286277.0,1276.0,0.000813
2022,Mujeres,60+,Rural,ambito,Trabajo o escuela,5042.0,438091.0,416.0,3.2e-05
2022,Hombres,12-29,Urbano,ambito,Trabajo o escuela,73141.0,745267.0,783.0,0.003386
2022,Hombres,60+,Urbano,ambito,Trabajo o escuela,9157.0,481608.0,491.0,0.000257
2022,Hombres,12-29,Rural,ambito,Familia,11418.0,799339.0,786.0,0.000415
2022,Mujeres,30-59,Urbano,ambito,Familia,107909.0,1521111.0,1639.0,0.001163
2022,Mujeres,60+,Urbano,ambito,Familia,37940.0,530927.0,516.0,0.001337
2022,Hombres,30-59,Rural,ambito,Familia,37117.0,1082249.0,1085.0,0.001113
2022,Mujeres,12-29,Rural,ambito,Familia,38896.0,1010361.0,995.0,0.002178
2022,Hombres,60+,Rural,ambito,Familia,11489.0,468835.0,441.0,0.000569
2022,Mujeres,12-29,Urbano,ambito,Familia,65948.0,820341.0,917.0,0.001611
2022,Hombres,30-59,Urbano,ambito,Familia,37679.0,1251260.0,1429.0,0.000662
2022,Mujeres,30-59,Rural,ambito,Familia,54553.0,1286277.0,1276.0,0.001221
2022,Mujeres,60+,Rural,ambito,Familia,17536.0,438091.0,416.0,0.001002
2022,Hombres,12-29,Urbano,ambito,Familia,29550.0,745267.0,783.0,0.000159
2022,Hombres,60+,Urbano,ambito,Familia,27231.0,481608.0,491.0,
2022,Hombres,12-29,Rural,ambito,Servicios médicos,6841.0,799339.0,786.0,0.000162
2022,Mujeres,30-59,Urbano,ambito,Servicios médicos,110677.0,1521111.0,1639.0,0.001847
2022,Mujeres,60+,Urbano,ambito,Servicios médicos,25527.0,530927.0,516.0,0.001147
2022,Hombres,30-59,Rural,ambito,Servicios médicos,77052.0,1082249.0,1085.0,0.001986
2022,Mujeres,12-29,Rural,ambito,Servicios médicos,26131.0,1010361.0,995.0,0.001041
2022,Hombres,60+,Rural,ambito,Servicios médicos,28470.0,468835.0,441.0,0.001199
2022,Mujeres,12-29,Urbano,ambito,Servicios médicos,28366.0,820341.0,917.0,0.001302
2022,Hombres,30-59,Urbano,ambito,Servicios médicos,78382.0,1251260.0,1429.0,0.001299
2022,Mujeres,30-59,Rural,ambito,Servicios médicos,53966.0,1286277.0,1276.0,0.00175
2022,Mujeres,60+,Rural,ambito,Servicios médicos,21891.0,438091.0,416.0,0.002083
2022,Hombres,12-29,Urbano,ambito,Servicios médicos,19017.0,745267.0,783.0,0.00022
2022,Hombres,60+,Urbano,ambito,Servicios médicos,30935.0,481608.0,491.0,0.003796
2022,Hombres,12-29,Rural,ambito,Oficina de gobierno,9934.0,799339.0,786.0,0.000258
2022,Mujeres,30-59,Urbano,ambito,Oficina de gobierno,96961.0,1521111.0,1639.0,0.001042
2022,Mujeres,60+,Urbano,ambito,Oficina de gobierno,12613.0,530927.0,516.0,0.001162
2022,Hombres,30-59,Rural,ambito,Oficina de gobierno,67435.0,1082249.0,1085.0,0.001604
2022,Mujeres,12-29,Rural,ambito,Oficina de gobierno,19925.0,1010361.0,995.0,0.000356
2022,Hombres,60+,Rural,ambito,Oficina de gobierno,20114.0,468835.0,441.0,0.001678
2022,Mujeres,12-29,Urbano,ambito,Oficina de gobierno,25849.0,820341.0,917.0,0.000102
2022,Hombres,30-59,Urbano,ambito,Oficina de gobierno,71825.0,1251260.0,1429.0,0.001167
2022,Mujeres,30-59,Rural,ambito,Oficina de gobierno,34571.0,1286277.0,1276.0,0.000765
2022,Mujeres,60+,Rural,ambito,Oficina de gobierno,8677.0,438091.0,416.0,0.000125
2022,Hombres,12-29,Urbano,ambito,Oficina de gobierno,25121.0,745267.0,783.0,0.000812
2022,Hombres,60+,Urbano,ambito,Oficina de gobierno,24944.0,481608.0,491.0,0.001447
2022,Hombres,12-29,Rural,ambito,"Negocio, centro comercial o banco",4528.0,799339.0,786.0,0.000304
2022,Mujeres,30-59,Urbano,ambito,"Negocio, centro comercial o banco",27343.0,1521111.0,1639.0,0.000284
2022,Mujeres,60+,Urbano,ambito,"Negocio, centro comercial o banco",9450.0,530927.0,516.0,
2022,Hombres,30-59,Rural,ambito,"Negocio, centro comercial o banco",29734.0,1082249.0,1085.0,0.001268
2022,Mujeres,12-29,Rural,ambito,"Negocio, centro comercial o banco",15726.0,1010361.0,995.0,0.000991
2022,Hombres,60+,Rural,ambito,"Negocio, centro comercial o banco",12500.0,468835.0,441.0,0.001598
2022,Mujeres,12-29,Urbano,ambito,"Negocio, centro comercial o banco",20727.0,820341.0,917.0,0.002677
2022,Hombres,30-59,Urbano,ambito,"Negocio, centro comercial o banco",40347.0,1251260.0,1429.0,0.000596
2022,Mujeres,30-59,Rural,ambito,"Negocio, centro comercial o banco",22803.0,1286277.0,1276.0,0.0003
2022,Mujeres,60+,Rural,ambito,"Negocio, centro comercial o banco",2224.0,438091.0,416.0,
2022,Hombres,12-29,Urbano,ambito,"Negocio, centro comercial o banco",29657.0,745267.0,783.0,0.001381
2022,Hombres,60+,Urbano,ambito,"Negocio, centro comercial o banco",12782.0,481608.0,491.0,
2022,Hombres,12-29,Rural,ambito,Calle o transporte público,34194.0,799339.0,786.0,0.001625
2022,Mujeres,30-59,Urbano,ambito,Calle o transporte público,103571.0,1521111.0,1639.0,0.001128
2022,Mujeres,60+,Urbano,ambito,Calle o transporte público,27753.0,530927.0,516.0,0.000493
2022,Hombres,30-59,Rural,ambito,Calle o transporte público,50763.0,1082249.0,1085.0,0.001328
2022,Mujeres,12-29,Rural,ambito,Calle o transporte público,50028.0,1010361.0,995.0,0.002298
2022,Hombres,60+,Rural,ambito,Calle o transporte público,29110.0,468835.0,441.0,0.002628
2022,Mujeres,12-29,Urbano,ambito,Calle o transporte público,69123.0,820341.0,917.0,0.002318
2022,Hombres,30-59,Urbano,ambito,Calle o transporte público,77797.0,1251260.0,1429.0,0.001189
2022,Mujeres,30-59,Rural,ambito,Calle o transporte público,51807.0,1286277.0,1276.0,0.001192
2022,Mujeres,60+,Rural,ambito,Calle o transporte público,10765.0,438091.0,416.0,0.001746
2022,Hombres,12-29,Urbano,ambito,Calle o transporte público,56492.0,745267.0,783.0,0.001381
2022,Hombres,60+,Urbano,ambito,Calle o transporte público,21971.0,481608.0,491.0,0.000101
2022,Hombres,12-29,Rural,ambito,Redes sociales,21069.0,799339.0,786.0,0.001501
2022,Mujeres,30-59,Urbano,ambito,Redes sociales,31741.0,1521111.0,1639.0,0.000282
2022,Mujeres,60+,Urbano,ambito,Redes sociales,999.0,530927.0,516.0,
2022,Hombres,30-59,Rural,ambito,Redes sociales,13063.0,1082249.0,1085.0,0.000684
2022,Mujeres,12-29,Rural,ambito,Redes sociales,31000.0,1010361.0,995.0,0.001023
2022,Hombres,60+,Rural,ambito,Redes sociales,2092.0,468835.0,441.0,
2022,Mujeres,12-29,Urbano,ambito,Redes sociales,29189.0,820341.0,917.0,0.000725
2022,Hombres,30-59,Urbano,ambito,Redes sociales,32616.0,1251260.0,1429.0,0.000805
2022,Mujeres,30-59,Rural,ambito,Redes sociales,11210.0,1286277.0,1276.0,0.00036
2022,Mujeres,60+,Rural,ambito,Redes sociales,,438091.0,416.0,
2022,Hombres,12-29,Urbano,ambito,Redes sociales,20820.0,745267.0,783.0,0.000685
2022,Hombres,60+,Urbano,ambito,Redes sociales,14403.0,481608.0,491.0,0.000842
2022,Hombres,12-29,Rural,ambito,"Policía, Ministerio Público o fiscalía",11510.0,799339.0,786.0,0.000831
2022,Mujeres,30-59,Urbano,ambito,"Policía, Ministerio Público o fiscalía",37357.0,1521111.0,1639.0,0.000515
2022,Mujeres,60+,Urbano,ambito,"Policía, Ministerio Público o fiscalía",3430.0,530927.0,516.0,
2022,Hombres,30-59,Rural,ambito,"Policía, Ministerio Público o fiscalía",24880.0,1082249.0,1085.0,0.001316
2022,Mujeres,12-29,Rural,ambito,"Policía, Ministerio Público o fiscalía",3250.0,1010361.0,995.0,
2022,Hombres,60+,Rural,ambito,"Policía, Ministerio Público o fiscalía",4255.0,468835.0,441.0,0.001122
2022,Mujeres,12-29,Urbano,ambito,"Policía, Ministerio Público o fiscalía",8809.0,820341.0,917.0,0.00016
2022,Hombres,30-59,Urbano,ambito,"Policía, Ministerio Público o fiscalía",56393.0,1251260.0,1429.0,0.001167
2022,Mujeres,30-59,Rural,ambito,"Policía, Ministerio Público o fiscalía",11782.0,1286277.0,1276.0,0.000683
2022,Mujeres,60+,Rural,ambito,"Policía, Ministerio Público o fiscalía",1263.0,438091.0,416.0,
2022,Hombres,12-29,Urbano,ambito,"Policía, Ministerio Público o fiscalía",32441.0,745267.0,783.0,0.001629
2022,Hombres,60+,Urbano,ambito,"Policía, Ministerio Público o fiscalía",7359.0,481608.0,491.0,0.000164
2022,Hombres,12-29,Rural,ambito,Otro lugar,927.0,799339.0,786.0,0.000141
2022,Mujeres,30-59,Urbano,ambito,Otro lugar,319.0,1521111.0,1639.0,
2022,Mujeres,60+,Urbano,ambito,Otro lugar,,530927.0,516.0,
2022,Hombres,30-59,Rural,ambito,Otro lugar,,1082249.0,1085.0,
2022,Mujeres,12-29,Rural,ambito,Otro lugar,,1010361.0,995.0,
2022,Hombres,60+,Rural,ambito,Otro lugar,,468835.0,441.0,
2022,Mujeres,12-29,Urbano,ambito,Otro lugar,493.0,820341.0,917.0,
2022,Hombres,30-59,Urbano,ambito,Otro lugar,,1251260.0,1429.0,
2022,Mujeres,30-59,Rural,ambito,Otro lugar,931.0,1286277.0,1276.0,
2022,Mujeres,60+,Rural,ambito,Otro lugar,,438091.0,416.0,
2022,Hombres,12-29,Urbano,ambito,Otro lugar,561.0,745267.0,783.0,
2022,Hombres,60+,Urbano,ambito,Otro lugar,,481608.0,491.0,
2022,Hombres,12-29,Rural,ambito,En al menos un ámbito,96963.0,799339.0,786.0,0.003902
2022,Mujeres,30-59,Urbano,ambito,En al menos un ámbito,355709.0,1521111.0,1639.0,0.002672
2022,Mujeres,60+,Urbano,ambito,En al menos un ámbito,85562.0,530927.0,516.0,0.004348
2022,Hombres,30-59,Rural,ambito,En al menos un ámbito,216089.0,1082249.0,1085.0,0.002579
2022,Mujeres,12-29,Rural,ambito,En al menos un ámbito,149750.0,1010361.0,995.0,0.003989
2022,Hombres,60+,Rural,ambito,En al menos un ámbito,75740.0,468835.0,441.0,0.003281
2022,Mujeres,12-29,Urbano,ambito,En al menos un ámbito,182103.0,820341.0,917.0,0.004732
2022,Hombres,30-59,Urbano,ambito,En al menos un ámbito,262581.0,1251260.0,1429.0,0.00288
2022,Mujeres,30-59,Rural,ambito,En al menos un ámbito,172302.0,1286277.0,1276.0,0.002244
2022,Mujeres,60+,Rural,ambito,En al menos un ámbito,48178.0,438091.0,416.0,0.002768
2022,Hombres,12-29,Urbano,ambito,En al menos un ámbito,166586.0,745267.0,783.0,0.005563
2022,Hombres,60+,Urbano,ambito,En al menos un ámbito,88025.0,481608.0,491.0,0.004193
2022,Hombres,12-29,Rural,derecho,Atención médica o medicamentos,42347.0,781609.0,762.0,0.001997
2022,Mujeres,30-59,Urbano,derecho,Atención médica o medicamentos,231207.0,1477600.0,1589.0,0.002048
2022,Mujeres,60+,Urbano,derecho,Atención médica o medicamentos,45408.0,511833.0,497.0,0.002645
2022,Hombres,30-59,Rural,derecho,Atención médica o medicamentos,156924.0,1043382.0,1042.0,0.00214
2022,Mujeres,12-29,Rural,derecho,Atención médica o medicamentos,76667.0,996656.0,978.0,0.00174
2022,Hombres,60+,Rural,derecho,Atención médica o medicamentos,50624.0,447148.0,418.0,0.002432
2022,Mujeres,12-29,Urbano,derecho,Atención médica o medicamentos,65260.0,807860.0,900.0,0.003545
2022,Hombres,30-59,Urbano,derecho,Atención médica o medicamentos,141591.0,1183381.0,1341.0,0.001836
2022,Mujeres,30-59,Rural,derecho,Atención médica o medicamentos,142998.0,1260057.0,1247.0,0.002248
2022,Mujeres,60+,Rural,derecho,Atención médica o medicamentos,40995.0,428010.0,405.0,0.003021
2022,Hombres,12-29,Urbano,derecho,Atención médica o medicamentos,54524.0,725143.0,750.0,0.002032
2022,Hombres,60+,Urbano,derecho,Atención médica o medicamentos,56002.0,453628.0,461.0,0.004063
2022,Hombres,12-29,Rural,derecho,Atención en una oficina de gobierno,28444.0,552815.0,513.0,0.002608
2022,Mujeres,30-59,Urbano,derecho,Atención en una oficina de gobierno,130652.0,1245692.0,1301.0,0.002459
2022,Mujeres,60+,Urbano,derecho,Atención en una oficina de gobierno,23593.0,399391.0,380.0,0.007242
2022,Hombres,30-59,Rural,derecho,Atención en una oficina de gobierno,111854.0,860936.0,836.0,0.002657
2022,Mujeres,12-29,Rural,derecho,Atención en una oficina de gobierno,41095.0,672945.0,640.0,0.001151
2022,Hombres,60+,Rural,derecho,Atención en una oficina de gobierno,35954.0,352745.0,317.0,0.002547
2022,Mujeres,12-29,Urbano,derecho,Atención en una oficina de gobierno,41339.0,646087.0,696.0,0.002817
2022,Hombres,30-59,Urbano,derecho,Atención en una oficina de gobierno,144387.0,1063441.0,1187.0,0.001704
2022,Mujeres,30-59,Rural,derecho,Atención en una oficina de gobierno,75250.0,920926.0,882.0,0.001953
2022,Mujeres,60+,Rural,derecho,Atención en una oficina de gobierno,11051.0,267748.0,237.0,0.0003
2022,Hombres,12-29,Urbano,derecho,Atención en una oficina de gobierno,47763.0,580593.0,608.0,0.001346
2022,Hombres,60+,Urbano,derecho,Atención en una oficina de gobierno,48647.0,397286.0,394.0,0.003477
2022,Hombres,12-29,Rural,derecho,Entrada o permanencia en un negocio o banco,25029.0,740384.0,727.0,0.001474
2022,Mujeres,30-59,Urbano,derecho,Entrada o permanencia en un negocio o banco,31381.0,1460129.0,1577.0,0.000821
2022,Mujeres,60+,Urbano,derecho,Entrada o permanencia en un negocio o banco,8746.0,485553.0,467.0,
2022,Hombres,30-59,Rural,derecho,Entrada o permanencia en un negocio o banco,39430.0,1038422.0,1036.0,0.00155
2022,Mujeres,12-29,Rural,derecho,Entrada o permanencia en un negocio o banco,20001.0,952513.0,935.0,0.000775
2022,Hombres,60+,Rural,derecho,Entrada o permanencia en un negocio o banco,22478.0,430323.0,395.0,0.001517
2022,Mujeres,12-29,Urbano,derecho,Entrada o permanencia en un negocio o banco,10870.0,793606.0,885.0,0.000185
2022,Hombres,30-59,Urbano,derecho,Entrada o permanencia en un negocio o banco,42676.0,1221619.0,1388.0,0.000606
2022,Mujeres,30-59,Rural,derecho,Entrada o permanencia en un negocio o banco,17936.0,1183823.0,1173.0,0.000633
2022,Mujeres,60+,Rural,derecho,Entrada o permanencia en un negocio o banco,5472.0,375303.0,349.0,
2022,Hombres,12-29,Urbano,derecho,Entrada o permanencia en un negocio o banco,23821.0,735936.0,770.0,0.000811
2022,Hombres,60+,Urbano,derecho,Entrada o permanencia en un negocio o banco,13065.0,451119.0,458.0,
2022,Hombres,12-29,Rural,derecho,Recibir apoyos de programas sociales,54718.0,621630.0,595.0,0.002993
2022,Mujeres,30-59,Urbano,derecho,Recibir apoyos de programas sociales,310403.0,1208217.0,1249.0,0.00434
2022,Mujeres,60+,Urbano,derecho,Recibir apoyos de programas sociales,40080.0,455817.0,438.0,0.001244
2022,Hombres,30-59,Rural,derecho,Recibir apoyos de programas sociales,180534.0,862363.0,853.0,0.004372
2022,Mujeres,12-29,Rural,derecho,Recibir apoyos de programas sociales,97635.0,848221.0,804.0,0.003325
2022,Hombres,60+,Rural,derecho,Recibir apoyos de programas sociales,61832.0,415306.0,390.0,0.002575
2022,Mujeres,12-29,Urbano,derecho,Recibir apoyos de programas sociales,109517.0,663044.0,727.0,0.004712
2022,Hombres,30-59,Urbano,derecho,Recibir apoyos de programas sociales,160389.0,892871.0,972.0,0.003332
2022,Mujeres,30-59,Rural,derecho,Recibir apoyos de programas sociales,136812.0,1054899.0,1032.0,0.002587
2022,Mujeres,60+,Rural,derecho,Recibir apoyos de programas sociales,18197.0,381953.0,354.0,0.001686
2022,Hombres,12-29,Urbano,derecho,Recibir apoyos de programas sociales,45594.0,557553.0,580.0,0.002192
2022,Hombres,60+,Urbano,derecho,Recibir apoyos de programas sociales,49816.0,397487.0,405.0,0.001198
2022,Hombres,12-29,Rural,derecho,Estudiar (12 a 35 años),24066.0,753057.0,725.0,0.002602
2022,Mujeres,30-59,Urbano,derecho,Estudiar (12 a 35 años),3727.0,257516.0,284.0,
2022,Hombres,30-59,Rural,derecho,Estudiar (12 a 35 años),3214.0,166945.0,168.0,
2022,Mujeres,12-29,Rural,derecho,Estudiar (12 a 35 años),21696.0,911579.0,887.0,0.000892
2022,Mujeres,12-29,Urbano,derecho,Estudiar (12 a 35 años),27480.0,755264.0,840.0,0.000285
2022,Hombres,30-59,Urbano,derecho,Estudiar (12 a 35 años),1969.0,199386.0,230.0,
2022,Mujeres,30-59,Rural,derecho,Estudiar (12 a 35 años),1311.0,187813.0,190.0,
2022,Hombres,12-29,Urbano,derecho,Estudiar (12 a 35 años),34847.0,681906.0,718.0,0.000552
2022,Hombres,12-29,Rural,derecho,Trabajar u obtener un ascenso (18 y más),15100.0,443913.0,421.0,0.000331
2022,Mujeres,30-59,Urbano,derecho,Trabajar u obtener un ascenso (18 y más),98068.0,1261458.0,1323.0,0.002619
2022,Mujeres,60+,Urbano,derecho,Trabajar u obtener un ascenso (18 y más),15865.0,296952.0,280.0,
2022,Hombres,30-59,Rural,derecho,Trabajar u obtener un ascenso (18 y más),87534.0,976430.0,974.0,0.002027
2022,Mujeres,12-29,Rural,derecho,Trabajar u obtener un ascenso (18 y más),26560.0,489634.0,480.0,0.003395
2022,Hombres,60+,Rural,derecho,Trabajar u obtener un ascenso (18 y más),33101.0,339848.0,309.0,0.001705
2022,Mujeres,12-29,Urbano,derecho,Trabajar u obtener un ascenso (18 y más),24133.0,504158.0,543.0,0.00076
2022,Hombres,30-59,Urbano,derecho,Trabajar u obtener un ascenso (18 y más),126308.0,1149729.0,1304.0,0.002438
2022,Mujeres,30-59,Rural,derecho,Trabajar u obtener un ascenso (18 y más),22434.0,881787.0,871.0,0.000869
2022,Mujeres,60+,Rural,derecho,Trabajar u obtener un ascenso (18 y más),,194979.0,181.0,
2022,Hombres,12-29,Urbano,derecho,Trabajar u obtener un ascenso (18 y más),46726.0,512188.0,522.0,0.000574
2022,Hombres,60+,Urbano,derecho,Trabajar u obtener un ascenso (18 y más),48527.0,349224.0,349.0,0.003072
2022,Hombres,12-29,Rural,derecho,"Crédito, préstamo o tarjeta (18 y más)",9445.0,252012.0,231.0,0.001906
2022,Mujeres,30-59,Urbano,derecho,"Crédito, préstamo o tarjeta (18 y más)",71249.0,996563.0,1036.0,0.00101
2022,Mujeres,60+,Urbano,derecho,"Crédito, préstamo o tarjeta (18 y más)",5370.0,264952.0,246.0,0.000532
2022,Hombres,30-59,Rural,derecho,"Crédito, préstamo o tarjeta (18 y más)",55158.0,601932.0,579.0,0.002248
2022,Mujeres,12-29,Rural,derecho,"Crédito, préstamo o tarjeta (18 y más)",13643.0,308464.0,303.0,0.000858
2022,Hombres,60+,Rural,derecho,"Crédito, préstamo o tarjeta (18 y más)",18376.0,175384.0,157.0,0.00365
2022,Mujeres,12-29,Urbano,derecho,"Crédito, préstamo o tarjeta (18 y más)",17006.0,342047.0,369.0,0.00473
2022,Hombres,30-59,Urbano,derecho,"Crédito, préstamo o tarjeta (18 y más)",76030.0,876353.0,984.0,0.002038
2022,Mujeres,30-59,Rural,derecho,"Crédito, préstamo o tarjeta (18 y más)",18761.0,639637.0,588.0,0.002107
2022,Mujeres,60+,Rural,derecho,"Crédito, préstamo o tarjeta (18 y más)",834.0,128463.0,113.0,
2022,Hombres,12-29,Urbano,derecho,"Crédito, préstamo o tarjeta (18 y más)",37098.0,352401.0,343.0,0.000842
2022,Hombres,60+,Urbano,derecho,"Crédito, préstamo o tarjeta (18 y más)",16401.0,278311.0,298.0,0.003015
2022,Hombres,12-29,Rural,derecho,Rentar una vivienda (18 y más),4518.0,237350.0,198.0,
2022,Mujeres,30-59,Urbano,derecho,Rentar una vivienda (18 y más),33885.0,859318.0,825.0,0.000193
2022,Mujeres,60+,Urbano,derecho,Rentar una vivienda (18 y más),5510.0,202287.0,181.0,
2022,Hombres,30-59,Rural,derecho,Rentar una vivienda (18 y más),20152.0,470557.0,437.0,0.00229
2022,Mujeres,12-29,Rural,derecho,Rentar una vivienda (18 y más),7116.0,271155.0,263.0,
2022,Hombres,60+,Rural,derecho,Rentar una vivienda (18 y más),2699.0,151486.0,134.0,0.000882
2022,Mujeres,12-29,Urbano,derecho,Rentar una vivienda (18 y más),3575.0,327993.0,344.0,
2022,Hombres,30-59,Urbano,derecho,Rentar una vivienda (18 y más),13548.0,711980.0,761.0,
2022,Mujeres,30-59,Rural,derecho,Rentar una vivienda (18 y más),8351.0,533279.0,476.0,0.001383
2022,Mujeres,60+,Rural,derecho,Rentar una vivienda (18 y más),814.0,98970.0,87.0,
2022,Hombres,12-29,Urbano,derecho,Rentar una vivienda (18 y más),10631.0,327167.0,326.0,
2022,Hombres,60+,Urbano,derecho,Rentar una vivienda (18 y más),1521.0,210855.0,209.0,
2022,Hombres,12-29,Rural,derecho_alguno,Al menos un derecho negado,79379.0,472435.0,447.0,0.004915
2022,Mujeres,30-59,Urbano,derecho_alguno,Al menos un derecho negado,521147.0,1521111.0,1639.0,0.00398
2022,Mujeres,60+,Urbano,derecho_alguno,Al menos un derecho negado,94316.0,530927.0,516.0,0.004839
2022,Hombres,30-59,Rural,derecho_alguno,Al menos un derecho negado,352594.0,1082249.0,1085.0,0.004484
2022,Mujeres,12-29,Rural,derecho_alguno,Al menos un derecho negado,128835.0,612865.0,616.0,0.004721
2022,Hombres,60+,Rural,derecho_alguno,Al menos un derecho negado,118725.0,468835.0,441.0,0.002697
2022,Mujeres,12-29,Urbano,derecho_alguno,Al menos un derecho negado,147321.0,582813.0,634.0,0.004994
2022,Hombres,30-59,Urbano,derecho_alguno,Al menos un derecho negado,389414.0,1251260.0,1429.0,0.003953
2022,Mujeres,30-59,Rural,derecho_alguno,Al menos un derecho negado,278086.0,1286277.0,1276.0,0.002443
2022,Mujeres,60+,Rural,derecho_alguno,Al menos un derecho negado,59671.0,438091.0,416.0,0.003132
2022,Hombres,12-29,Urbano,derecho_alguno,Al menos un derecho negado,160997.0,548309.0,555.0,0.004733
2022,Hombres,60+,Urbano,derecho_alguno,Al menos un derecho negado,160969.0,481608.0,491.0,0.004241
2022,Hombres,12-29,Rural,respeto,Mucho,270106.0,795870.0,781.0,0.006377
2022,Mujeres,30-59,Urbano,respeto,Mucho,251602.0,1512752.0,1631.0,0.003246
2022,Mujeres,60+,Urbano,respeto,Mucho,154230.0,524260.0,508.0,0.006746
2022,Hombres,30-59,Rural,respeto,Mucho,309319.0,1077209.0,1078.0,0.003522
2022,Mujeres,12-29,Rural,respeto,Mucho,278827.0,1001015.0,985.0,0.00561
2022,Hombres,60+,Rural,respeto,Mucho,194475.0,467095.0,440.0,0.003978
2022,Mujeres,12-29,Urbano,respeto,Mucho,159974.0,813575.0,912.0,0.003054
2022,Hombres,30-59,Urbano,respeto,Mucho,262802.0,1248221.0,1424.0,0.002778
2022,Mujeres,30-59,Rural,respeto,Mucho,409253.0,1272842.0,1261.0,0.003002
2022,Mujeres,60+,Rural,respeto,Mucho,166561.0,425830.0,403.0,0.00441
2022,Hombres,12-29,Urbano,respeto,Mucho,164636.0,740317.0,779.0,0.005394
2022,Hombres,60+,Urbano,respeto,Mucho,134396.0,477266.0,487.0,0.003375
2022,Hombres,12-29,Rural,respeto,Algo,249739.0,795870.0,781.0,0.008132
2022,Mujeres,30-59,Urbano,respeto,Algo,357570.0,1512752.0,1631.0,0.003188
2022,Mujeres,60+,Urbano,respeto,Algo,141696.0,524260.0,508.0,0.004188
2022,Hombres,30-59,Rural,respeto,Algo,309123.0,1077209.0,1078.0,0.002711
2022,Mujeres,12-29,Rural,respeto,Algo,285329.0,1001015.0,985.0,0.006899
2022,Hombres,60+,Rural,respeto,Algo,126103.0,467095.0,440.0,0.00373
2022,Mujeres,12-29,Urbano,respeto,Algo,252024.0,813575.0,912.0,0.007043
2022,Hombres,30-59,Urbano,respeto,Algo,382918.0,1248221.0,1424.0,0.003524
2022,Mujeres,30-59,Rural,respeto,Algo,303168.0,1272842.0,1261.0,0.002401
2022,Mujeres,60+,Rural,respeto,Algo,112592.0,425830.0,403.0,0.003797
2022,Hombres,12-29,Urbano,respeto,Algo,234574.0,740317.0,779.0,0.004073
2022,Hombres,60+,Urbano,respeto,Algo,127472.0,477266.0,487.0,0.002467
2022,Hombres,12-29,Rural,respeto,Poco,247530.0,795870.0,781.0,0.006532
2022,Mujeres,30-59,Urbano,respeto,Poco,731800.0,1512752.0,1631.0,0.004476
2022,Mujeres,60+,Urbano,respeto,Poco,165494.0,524260.0,508.0,0.003464
2022,Hombres,30-59,Rural,respeto,Poco,392807.0,1077209.0,1078.0,0.003112
2022,Mujeres,12-29,Rural,respeto,Poco,407663.0,1001015.0,985.0,0.006902
2022,Hombres,60+,Rural,respeto,Poco,115533.0,467095.0,440.0,0.003127
2022,Mujeres,12-29,Urbano,respeto,Poco,369994.0,813575.0,912.0,0.00745
2022,Hombres,30-59,Urbano,respeto,Poco,495381.0,1248221.0,1424.0,0.004425
2022,Mujeres,30-59,Rural,respeto,Poco,485614.0,1272842.0,1261.0,0.00391
2022,Mujeres,60+,Rural,respeto,Poco,127069.0,425830.0,403.0,0.00412
2022,Hombres,12-29,Urbano,respeto,Poco,295184.0,740317.0,779.0,0.008308
2022,Hombres,60+,Urbano,respeto,Poco,178936.0,477266.0,487.0,0.005692
2022,Hombres,12-29,Rural,respeto,Nada,28495.0,795870.0,781.0,0.001311
2022,Mujeres,30-59,Urbano,respeto,Nada,171780.0,1512752.0,1631.0,0.002497
2022,Mujeres,60+,Urbano,respeto,Nada,62840.0,524260.0,508.0,0.002588
2022,Hombres,30-59,Rural,respeto,Nada,65960.0,1077209.0,1078.0,0.001802
2022,Mujeres,12-29,Rural,respeto,Nada,29196.0,1001015.0,985.0,0.00091
2022,Hombres,60+,Rural,respeto,Nada,30984.0,467095.0,440.0,0.00216
2022,Mujeres,12-29,Urbano,respeto,Nada,31583.0,813575.0,912.0,0.000848
2022,Hombres,30-59,Urbano,respeto,Nada,107120.0,1248221.0,1424.0,0.002081
2022,Mujeres,30-59,Rural,respeto,Nada,74807.0,1272842.0,1261.0,0.001183
2022,Mujeres,60+,Rural,respeto,Nada,19608.0,425830.0,403.0,0.001471
2022,Hombres,12-29,Urbano,respeto,Nada,45923.0,740317.0,779.0,0.001619
2022,Hombres,60+,Urbano,respeto,Nada,36462.0,477266.0,487.0,0.004893
2022,Hombres,30-59,Total,discriminacion,Por algún motivo,694406.0,2333509.0,2514.0,0.002975
2022,Mujeres,12-29,Total,discriminacion,Por algún motivo,561664.0,1830702.0,1912.0,0.005764
2022,Hombres,12-29,Total,discriminacion,Por algún motivo,432647.0,1544606.0,1569.0,0.004407
2022,Hombres,60+,Total,discriminacion,Por algún motivo,222077.0,950443.0,932.0,0.002406
2022,Mujeres,60+,Total,discriminacion,Por algún motivo,224236.0,969018.0,932.0,0.003052
2022,Mujeres,30-59,Total,discriminacion,Por algún motivo,791744.0,2807388.0,2915.0,0.002342
2022,Hombres,30-59,Total,discriminacion,Por los diez motivos comunes a 2017 y 2022,500884.0,2333509.0,2514.0,0.00244
2022,Mujeres,12-29,Total,discriminacion,Por los diez motivos comunes a 2017 y 2022,502438.0,1830702.0,1912.0,0.005792
2022,Hombres,12-29,Total,discriminacion,Por los diez motivos comunes a 2017 y 2022,369473.0,1544606.0,1569.0,0.003362
2022,Hombres,60+,Total,discriminacion,Por los diez motivos comunes a 2017 y 2022,157500.0,950443.0,932.0,0.002035
2022,Mujeres,60+,Total,discriminacion,Por los diez motivos comunes a 2017 y 2022,168980.0,969018.0,932.0,0.002896
2022,Mujeres,30-59,Total,discriminacion,Por los diez motivos comunes a 2017 y 2022,627352.0,2807388.0,2915.0,0.002171
2022,Hombres,30-59,Total,motivo,Tono de piel,116787.0,2333509.0,2514.0,0.001122
2022,Mujeres,12-29,Total,motivo,Tono de piel,102235.0,1830702.0,1912.0,0.000871
2022,Hombres,12-29,Total,motivo,Tono de piel,102854.0,1544606.0,1569.0,0.00129
2022,Hombres,60+,Total,motivo,Tono de piel,32649.0,950443.0,932.0,0.000685
2022,Mujeres,60+,Total,motivo,Tono de piel,38745.0,969018.0,932.0,0.000992
2022,Mujeres,30-59,Total,motivo,Tono de piel,137701.0,2807388.0,2915.0,0.000997
2022,Hombres,30-59,Total,motivo,Manera de hablar,209820.0,2333509.0,2514.0,0.001495
2022,Mujeres,12-29,Total,motivo,Manera de hablar,122532.0,1830702.0,1912.0,0.0019
2022,Hombres,12-29,Total,motivo,Manera de hablar,129096.0,1544606.0,1569.0,0.001723
2022,Hombres,60+,Total,motivo,Manera de hablar,62427.0,950443.0,932.0,0.000935
2022,Mujeres,60+,Total,motivo,Manera de hablar,72217.0,969018.0,932.0,0.001658
2022,Mujeres,30-59,Total,motivo,Manera de hablar,237113.0,2807388.0,2915.0,0.001161
2022,Hombres,30-59,Total,motivo,Peso o estatura,126287.0,2333509.0,2514.0,0.00083
2022,Mujeres,12-29,Total,motivo,Peso o estatura,230083.0,1830702.0,1912.0,0.002562
2022,Hombres,12-29,Total,motivo,Peso o estatura,120433.0,1544606.0,1569.0,0.00165
2022,Hombres,60+,Total,motivo,Peso o estatura,23651.0,950443.0,932.0,0.000234
2022,Mujeres,60+,Total,motivo,Peso o estatura,50648.0,969018.0,932.0,0.00102
2022,Mujeres,30-59,Total,motivo,Peso o estatura,243210.0,2807388.0,2915.0,0.001144
2022,Hombres,30-59,Total,motivo,Forma de vestir o arreglo personal,186847.0,2333509.0,2514.0,0.001257
2022,Mujeres,12-29,Total,motivo,Forma de vestir o arreglo personal,224048.0,1830702.0,1912.0,0.00215
2022,Hombres,12-29,Total,motivo,Forma de vestir o arreglo personal,135492.0,1544606.0,1569.0,0.001836
2022,Hombres,60+,Total,motivo,Forma de vestir o arreglo personal,42449.0,950443.0,932.0,0.000704
2022,Mujeres,60+,Total,motivo,Forma de vestir o arreglo personal,75061.0,969018.0,932.0,0.001669
2022,Mujeres,30-59,Total,motivo,Forma de vestir o arreglo personal,255846.0,2807388.0,2915.0,0.001165
2022,Hombres,30-59,Total,motivo,Clase social,168122.0,2333509.0,2514.0,0.001311
2022,Mujeres,12-29,Total,motivo,Clase social,117309.0,1830702.0,1912.0,0.001686
2022,Hombres,12-29,Total,motivo,Clase social,102615.0,1544606.0,1569.0,0.001861
2022,Hombres,60+,Total,motivo,Clase social,41375.0,950443.0,932.0,0.001273
2022,Mujeres,60+,Total,motivo,Clase social,52517.0,969018.0,932.0,0.001078
2022,Mujeres,30-59,Total,motivo,Clase social,186652.0,2807388.0,2915.0,0.000773
2022,Hombres,30-59,Total,motivo,Lugar donde vive,157970.0,2333509.0,2514.0,0.00119
2022,Mujeres,12-29,Total,motivo,Lugar donde vive,118591.0,1830702.0,1912.0,0.002519
2022,Hombres,12-29,Total,motivo,Lugar donde vive,85846.0,1544606.0,1569.0,0.002062
2022,Hombres,60+,Total,motivo,Lugar donde vive,45596.0,950443.0,932.0,0.00137
2022,Mujeres,60+,Total,motivo,Lugar donde vive,48819.0,969018.0,932.0,0.001217
2022,Mujeres,30-59,Total,motivo,Lugar donde vive,169784.0,2807388.0,2915.0,0.0008
2022,Hombres,30-59,Total,motivo,Creencias religiosas,178783.0,2333509.0,2514.0,0.001188
2022,Mujeres,12-29,Total,motivo,Creencias religiosas,165788.0,1830702.0,1912.0,0.002137
2022,Hombres,12-29,Total,motivo,Creencias religiosas,90024.0,1544606.0,1569.0,0.001578
2022,Hombres,60+,Total,motivo,Creencias religiosas,33441.0,950443.0,932.0,0.000361
2022,Mujeres,60+,Total,motivo,Creencias religiosas,58899.0,969018.0,932.0,0.001093
2022,Mujeres,30-59,Total,motivo,Creencias religiosas,221305.0,2807388.0,2915.0,0.001001
2022,Hombres,30-59,Total,motivo,Ser mujer u hombre,62026.0,2333509.0,2514.0,0.000659
2022,Mujeres,12-29,Total,motivo,Ser mujer u hombre,183930.0,1830702.0,1912.0,0.00202
2022,Hombres,12-29,Total,motivo,Ser mujer u hombre,38277.0,1544606.0,1569.0,0.000328
2022,Hombres,60+,Total,motivo,Ser mujer u hombre,25532.0,950443.0,932.0,6e-05
2022,Mujeres,60+,Total,motivo,Ser mujer u hombre,44573.0,969018.0,932.0,0.001155
2022,Mujeres,30-59,Total,motivo,Ser mujer u hombre,234602.0,2807388.0,2915.0,0.001407
2022,Hombres,30-59,Total,motivo,Edad,92422.0,2333509.0,2514.0,0.000773
2022,Mujeres,12-29,Total,motivo,Edad,106530.0,1830702.0,1912.0,0.001658
2022,Hombres,12-29,Total,motivo,Edad,67423.0,1544606.0,1569.0,0.000923
2022,Hombres,60+,Total,motivo,Edad,69236.0,950443.0,932.0,0.001424
2022,Mujeres,60+,Total,motivo,Edad,78181.0,969018.0,932.0,0.002664
2022,Mujeres,30-59,Total,motivo,Edad,154984.0,2807388.0,2915.0,0.000768
2022,Hombres,30-59,Total,motivo,Orientación sexual,25697.0,2333509.0,2514.0,9.2e-05
2022,Mujeres,12-29,Total,motivo,Orientación sexual,14275.0,1830702.0,1912.0,0.000378
2022,Hombres,12-29,Total,motivo,Orientación sexual,8880.0,1544606.0,1569.0,
2022,Hombres,60+,Total,motivo,Orientación sexual,6414.0,950443.0,932.0,5.2e-05
2022,Mujeres,60+,Total,motivo,Orientación sexual,2170.0,969018.0,932.0,
2022,Mujeres,30-59,Total,motivo,Orientación sexual,18529.0,2807388.0,2915.0,
2022,Hombres,30-59,Total,motivo,Ser persona indígena o afrodescendiente,220764.0,2333509.0,2514.0,0.001443
2022,Mujeres,12-29,Total,motivo,Ser persona indígena o afrodescendiente,150463.0,1830702.0,1912.0,0.002182
2022,Hombres,12-29,Total,motivo,Ser persona indígena o afrodescendiente,116851.0,1544606.0,1569.0,0.002164
2022,Hombres,60+,Total,motivo,Ser persona indígena o afrodescendiente,57357.0,950443.0,932.0,0.000872
2022,Mujeres,60+,Total,motivo,Ser persona indígena o afrodescendiente,74370.0,969018.0,932.0,0.001293
2022,Mujeres,30-59,Total,motivo,Ser persona indígena o afrodescendiente,230413.0,2807388.0,2915.0,0.001654
2022,Hombres,30-59,Total,motivo,Discapacidad,50024.0,2333509.0,2514.0,0.000465
2022,Mujeres,12-29,Total,motivo,Discapacidad,13338.0,1830702.0,1912.0,
2022,Hombres,12-29,Total,motivo,Discapacidad,18965.0,1544606.0,1569.0,0.000326
2022,Hombres,60+,Total,motivo,Discapacidad,29086.0,950443.0,932.0,0.00126
2022,Mujeres,60+,Total,motivo,Discapacidad,31870.0,969018.0,932.0,0.000808
2022,Mujeres,30-59,Total,motivo,Discapacidad,52255.0,2807388.0,2915.0,0.000421
2022,Hombres,30-59,Total,motivo,Alguna enfermedad,68374.0,2333509.0,2514.0,0.000704
2022,Mujeres,12-29,Total,motivo,Alguna enfermedad,20738.0,1830702.0,1912.0,0.000382
2022,Hombres,12-29,Total,motivo,Alguna enfermedad,22631.0,1544606.0,1569.0,0.000367
2022,Hombres,60+,Total,motivo,Alguna enfermedad,35953.0,950443.0,932.0,0.000733
2022,Mujeres,60+,Total,motivo,Alguna enfermedad,39549.0,969018.0,932.0,0.000568
2022,Mujeres,30-59,Total,motivo,Alguna enfermedad,90241.0,2807388.0,2915.0,0.00085
2022,Hombres,30-59,Total,motivo,Opiniones políticas,222639.0,2333509.0,2514.0,0.002135
2022,Mujeres,12-29,Total,motivo,Opiniones políticas,81855.0,1830702.0,1912.0,0.001218
2022,Hombres,12-29,Total,motivo,Opiniones políticas,95876.0,1544606.0,1569.0,0.001657
2022,Hombres,60+,Total,motivo,Opiniones políticas,63313.0,950443.0,932.0,0.00079
2022,Mujeres,60+,Total,motivo,Opiniones políticas,39386.0,969018.0,932.0,0.002583
2022,Mujeres,30-59,Total,motivo,Opiniones políticas,211661.0,2807388.0,2915.0,0.001092
2022,Hombres,30-59,Total,motivo,Estado civil o situación familiar,80089.0,2333509.0,2514.0,0.000629
2022,Mujeres,12-29,Total,motivo,Estado civil o situación familiar,69812.0,1830702.0,1912.0,0.000969
2022,Hombres,12-29,Total,motivo,Estado civil o situación familiar,32006.0,1544606.0,1569.0,0.000993
2022,Hombres,60+,Total,motivo,Estado civil o situación familiar,17167.0,950443.0,932.0,0.00036
2022,Mujeres,60+,Total,motivo,Estado civil o situación familiar,14671.0,969018.0,932.0,0.000186
2022,Mujeres,30-59,Total,motivo,Estado civil o situación familiar,180972.0,2807388.0,2915.0,0.001082
2022,Hombres,30-59,Total,motivo,Otro motivo,9689.0,2333509.0,2514.0,0.000428
2022,Mujeres,12-29,Total,motivo,Otro motivo,6120.0,1830702.0,1912.0,
2022,Hombres,12-29,Total,motivo,Otro motivo,1888.0,1544606.0,1569.0,
2022,Hombres,60+,Total,motivo,Otro motivo,5468.0,950443.0,932.0,
2022,Mujeres,60+,Total,motivo,Otro motivo,,969018.0,932.0,
2022,Mujeres,30-59,Total,motivo,Otro motivo,6840.0,2807388.0,2915.0,
2022,Hombres,30-59,Total,por_indigena,Por ser persona indígena o afrodescendiente,220764.0,694406.0,711.0,0.004355
2022,Mujeres,12-29,Total,por_indigena,Por ser persona indígena o afrodescendiente,150463.0,561664.0,595.0,0.006011
2022,Hombres,12-29,Total,por_indigena,Por ser persona indígena o afrodescendiente,116851.0,432647.0,421.0,0.00632
2022,Hombres,60+,Total,por_indigena,Por ser persona indígena o afrodescendiente,57357.0,222077.0,212.0,0.002945
2022,Mujeres,60+,Total,por_indigena,Por ser persona indígena o afrodescendiente,74370.0,224236.0,216.0,0.004045
2022,Mujeres,30-59,Total,por_indigena,Por ser persona indígena o afrodescendiente,230413.0,791744.0,793.0,0.004522
2022,Hombres,30-59,Total,ambito,Trabajo o escuela,136073.0,2333509.0,2514.0,0.001094
2022,Mujeres,12-29,Total,ambito,Trabajo o escuela,123992.0,1830702.0,1912.0,0.00152
2022,Hombres,12-29,Total,ambito,Trabajo o escuela,108107.0,1544606.0,1569.0,0.001863
2022,Hombres,60+,Total,ambito,Trabajo o escuela,19360.0,950443.0,932.0,0.00017
2022,Mujeres,60+,Total,ambito,Trabajo o escuela,11267.0,969018.0,932.0,1.4e-05
2022,Mujeres,30-59,Total,ambito,Trabajo o escuela,140614.0,2807388.0,2915.0,0.000701
2022,Hombres,30-59,Total,ambito,Familia,74796.0,2333509.0,2514.0,0.000628
2022,Mujeres,12-29,Total,ambito,Familia,104844.0,1830702.0,1912.0,0.001376
2022,Hombres,12-29,Total,ambito,Familia,40968.0,1544606.0,1569.0,0.000225
2022,Hombres,60+,Total,ambito,Familia,38720.0,950443.0,932.0,0.000276
2022,Mujeres,60+,Total,ambito,Familia,55476.0,969018.0,932.0,0.000862
2022,Mujeres,30-59,Total,ambito,Familia,162462.0,2807388.0,2915.0,0.000837
2022,Hombres,30-59,Total,ambito,Servicios médicos,155434.0,2333509.0,2514.0,0.001155
2022,Mujeres,12-29,Total,ambito,Servicios médicos,54497.0,1830702.0,1912.0,0.000819
2022,Hombres,12-29,Total,ambito,Servicios médicos,25858.0,1544606.0,1569.0,0.000137
2022,Hombres,60+,Total,ambito,Servicios médicos,59405.0,950443.0,932.0,0.002015
2022,Mujeres,60+,Total,ambito,Servicios médicos,47418.0,969018.0,932.0,0.001133
2022,Mujeres,30-59,Total,ambito,Servicios médicos,164643.0,2807388.0,2915.0,0.001286
2022,Hombres,30-59,Total,ambito,Oficina de gobierno,139260.0,2333509.0,2514.0,0.00097
2022,Mujeres,12-29,Total,ambito,Oficina de gobierno,45774.0,1830702.0,1912.0,0.000202
2022,Hombres,12-29,Total,ambito,Oficina de gobierno,35055.0,1544606.0,1569.0,0.00042
2022,Hombres,60+,Total,ambito,Oficina de gobierno,45058.0,950443.0,932.0,0.001105
2022,Mujeres,60+,Total,ambito,Oficina de gobierno,21290.0,969018.0,932.0,0.00064
2022,Mujeres,30-59,Total,ambito,Oficina de gobierno,131532.0,2807388.0,2915.0,0.00067
2022,Hombres,30-59,Total,ambito,"Negocio, centro comercial o banco",70081.0,2333509.0,2514.0,0.000671
2022,Mujeres,12-29,Total,ambito,"Negocio, centro comercial o banco",36453.0,1830702.0,1912.0,0.00132
2022,Hombres,12-29,Total,ambito,"Negocio, centro comercial o banco",34185.0,1544606.0,1569.0,0.000701
2022,Hombres,60+,Total,ambito,"Negocio, centro comercial o banco",25282.0,950443.0,932.0,0.000788
2022,Mujeres,60+,Total,ambito,"Negocio, centro comercial o banco",11674.0,969018.0,932.0,
2022,Mujeres,30-59,Total,ambito,"Negocio, centro comercial o banco",50146.0,2807388.0,2915.0,0.000206
2022,Hombres,30-59,Total,ambito,Calle o transporte público,128560.0,2333509.0,2514.0,0.000893
2022,Mujeres,12-29,Total,ambito,Calle o transporte público,119151.0,1830702.0,1912.0,0.001631
2022,Hombres,12-29,Total,ambito,Calle o transporte público,90686.0,1544606.0,1569.0,0.001062
2022,Hombres,60+,Total,ambito,Calle o transporte público,51081.0,950443.0,932.0,0.001309
2022,Mujeres,60+,Total,ambito,Calle o transporte público,38518.0,969018.0,932.0,0.000824
2022,Mujeres,30-59,Total,ambito,Calle o transporte público,155378.0,2807388.0,2915.0,0.000824
2022,Hombres,30-59,Total,ambito,Redes sociales,45679.0,2333509.0,2514.0,0.000537
2022,Mujeres,12-29,Total,ambito,Redes sociales,60189.0,1830702.0,1912.0,0.000652
2022,Hombres,12-29,Total,ambito,Redes sociales,41889.0,1544606.0,1569.0,0.000844
2022,Hombres,60+,Total,ambito,Redes sociales,16495.0,950443.0,932.0,0.000432
2022,Mujeres,60+,Total,ambito,Redes sociales,999.0,969018.0,932.0,
2022,Mujeres,30-59,Total,ambito,Redes sociales,42951.0,2807388.0,2915.0,0.000225
2022,Hombres,30-59,Total,ambito,"Policía, Ministerio Público o fiscalía",81273.0,2333509.0,2514.0,0.000874
2022,Mujeres,12-29,Total,ambito,"Policía, Ministerio Público o fiscalía",12059.0,1830702.0,1912.0,7.2e-05
2022,Hombres,12-29,Total,ambito,"Policía, Ministerio Público o fiscalía",43951.0,1544606.0,1569.0,0.000879
2022,Hombres,60+,Total,ambito,"Policía, Ministerio Público o fiscalía",11614.0,950443.0,932.0,0.000558
2022,Mujeres,60+,Total,ambito,"Policía, Ministerio Público o fiscalía",4693.0,969018.0,932.0,
2022,Mujeres,30-59,Total,ambito,"Policía, Ministerio Público o fiscalía",49139.0,2807388.0,2915.0,0.000415
2022,Hombres,30-59,Total,ambito,Otro lugar,,2333509.0,2514.0,
2022,Mujeres,12-29,Total,ambito,Otro lugar,493.0,1830702.0,1912.0,
2022,Hombres,12-29,Total,ambito,Otro lugar,1488.0,1544606.0,1569.0,7.3e-05
2022,Hombres,60+,Total,ambito,Otro lugar,,950443.0,932.0,
2022,Mujeres,60+,Total,ambito,Otro lugar,,969018.0,932.0,
2022,Mujeres,30-59,Total,ambito,Otro lugar,1250.0,2807388.0,2915.0,
2022,Hombres,30-59,Total,ambito,En al menos un ámbito,478670.0,2333509.0,2514.0,0.001949
2022,Mujeres,12-29,Total,ambito,En al menos un ámbito,331853.0,1830702.0,1912.0,0.003081
2022,Hombres,12-29,Total,ambito,En al menos un ámbito,263549.0,1544606.0,1569.0,0.003471
2022,Hombres,60+,Total,ambito,En al menos un ámbito,163765.0,950443.0,932.0,0.00268
2022,Mujeres,60+,Total,ambito,En al menos un ámbito,133740.0,969018.0,932.0,0.002729
2022,Mujeres,30-59,Total,ambito,En al menos un ámbito,528011.0,2807388.0,2915.0,0.001804
2022,Hombres,30-59,Total,derecho,Atención médica o medicamentos,298515.0,2226763.0,2383.0,0.001405
2022,Mujeres,12-29,Total,derecho,Atención médica o medicamentos,141927.0,1804516.0,1878.0,0.001852
2022,Hombres,12-29,Total,derecho,Atención médica o medicamentos,96871.0,1506752.0,1512.0,0.001432
2022,Hombres,60+,Total,derecho,Atención médica o medicamentos,106626.0,900776.0,879.0,0.002382
2022,Mujeres,60+,Total,derecho,Atención médica o medicamentos,86403.0,939843.0,902.0,0.001992
2022,Mujeres,30-59,Total,derecho,Atención médica o medicamentos,374205.0,2737657.0,2836.0,0.001507
2022,Hombres,30-59,Total,derecho,Atención en una oficina de gobierno,256241.0,1924377.0,2023.0,0.001519
2022,Mujeres,12-29,Total,derecho,Atención en una oficina de gobierno,82434.0,1319032.0,1336.0,0.001502
2022,Hombres,12-29,Total,derecho,Atención en una oficina de gobierno,76207.0,1133408.0,1121.0,0.001435
2022,Hombres,60+,Total,derecho,Atención en una oficina de gobierno,84601.0,750031.0,711.0,0.002206
2022,Mujeres,60+,Total,derecho,Atención en una oficina de gobierno,34644.0,667139.0,617.0,0.00437
2022,Mujeres,30-59,Total,derecho,Atención en una oficina de gobierno,205902.0,2166618.0,2183.0,0.001643
2022,Hombres,30-59,Total,derecho,Entrada o permanencia en un negocio o banco,82106.0,2260041.0,2424.0,0.000784
2022,Mujeres,12-29,Total,derecho,Entrada o permanencia en un negocio o banco,30871.0,1746119.0,1820.0,0.000435
2022,Hombres,12-29,Total,derecho,Entrada o permanencia en un negocio o banco,48850.0,1476320.0,1497.0,0.000842
2022,Hombres,60+,Total,derecho,Entrada o permanencia en un negocio o banco,35543.0,881442.0,853.0,0.00075
2022,Mujeres,60+,Total,derecho,Entrada o permanencia en un negocio o banco,14218.0,860856.0,816.0,
2022,Mujeres,30-59,Total,derecho,Entrada o permanencia en un negocio o banco,49317.0,2643952.0,2750.0,0.000535
2022,Hombres,30-59,Total,derecho,Recibir apoyos de programas sociales,340923.0,1755234.0,1825.0,0.002743
2022,Mujeres,12-29,Total,derecho,Recibir apoyos de programas sociales,207152.0,1511265.0,1531.0,0.002842
2022,Hombres,12-29,Total,derecho,Recibir apoyos de programas sociales,100312.0,1179183.0,1175.0,0.00189
2022,Hombres,60+,Total,derecho,Recibir apoyos de programas sociales,111648.0,812793.0,795.0,0.001453
2022,Mujeres,60+,Total,derecho,Recibir apoyos de programas sociales,58277.0,837770.0,792.0,0.00102
2022,Mujeres,30-59,Total,derecho,Recibir apoyos de programas sociales,447215.0,2263116.0,2281.0,0.002683
2022,Hombres,30-59,Total,derecho,Estudiar (12 a 35 años),5183.0,366331.0,398.0,
2022,Mujeres,12-29,Total,derecho,Estudiar (12 a 35 años),49176.0,1666843.0,1727.0,0.0005
2022,Hombres,12-29,Total,derecho,Estudiar (12 a 35 años),58913.0,1434963.0,1443.0,0.001382
2022,Mujeres,30-59,Total,derecho,Estudiar (12 a 35 años),5038.0,445329.0,474.0,
2022,Hombres,30-59,Total,derecho,Trabajar u obtener un ascenso (18 y más),213842.0,2126159.0,2278.0,0.001616
2022,Mujeres,12-29,Total,derecho,Trabajar u obtener un ascenso (18 y más),50693.0,993792.0,1023.0,0.001722
2022,Hombres,12-29,Total,derecho,Trabajar u obtener un ascenso (18 y más),61826.0,956101.0,943.0,0.00035
2022,Hombres,60+,Total,derecho,Trabajar u obtener un ascenso (18 y más),81628.0,689072.0,658.0,0.001793
2022,Mujeres,60+,Total,derecho,Trabajar u obtener un ascenso (18 y más),15865.0,491931.0,461.0,
2022,Mujeres,30-59,Total,derecho,Trabajar u obtener un ascenso (18 y más),120502.0,2143245.0,2194.0,0.001611
2022,Hombres,30-59,Total,derecho,"Crédito, préstamo o tarjeta (18 y más)",131188.0,1478285.0,1563.0,0.001515
2022,Mujeres,12-29,Total,derecho,"Crédito, préstamo o tarjeta (18 y más)",30649.0,650511.0,672.0,0.002527
2022,Hombres,12-29,Total,derecho,"Crédito, préstamo o tarjeta (18 y más)",46543.0,604413.0,574.0,0.000931
2022,Hombres,60+,Total,derecho,"Crédito, préstamo o tarjeta (18 y más)",34777.0,453695.0,455.0,0.002326
2022,Mujeres,60+,Total,derecho,"Crédito, préstamo o tarjeta (18 y más)",6204.0,393415.0,359.0,0.00036
2022,Mujeres,30-59,Total,derecho,"Crédito, préstamo o tarjeta (18 y más)",90010.0,1636200.0,1624.0,0.001021
2022,Hombres,30-59,Total,derecho,Rentar una vivienda (18 y más),33700.0,1182537.0,1198.0,0.000925
2022,Mujeres,12-29,Total,derecho,Rentar una vivienda (18 y más),10691.0,599148.0,607.0,
2022,Hombres,12-29,Total,derecho,Rentar una vivienda (18 y más),15149.0,564517.0,524.0,
2022,Hombres,60+,Total,derecho,Rentar una vivienda (18 y más),4220.0,362341.0,343.0,0.000371
2022,Mujeres,60+,Total,derecho,Rentar una vivienda (18 y más),6324.0,301257.0,268.0,
2022,Mujeres,30-59,Total,derecho,Rentar una vivienda (18 y más),42236.0,1392597.0,1301.0,0.000535
2022,Hombres,30-59,Total,derecho_alguno,Al menos un derecho negado,742008.0,2333509.0,2514.0,0.002987
2022,Mujeres,12-29,Total,derecho_alguno,Al menos un derecho negado,276156.0,1195678.0,1250.0,0.003457
2022,Hombres,12-29,Total,derecho_alguno,Al menos un derecho negado,240376.0,1020744.0,1002.0,0.003423
2022,Hombres,60+,Total,derecho_alguno,Al menos un derecho negado,279694.0,950443.0,932.0,0.002602
2022,Mujeres,60+,Total,derecho_alguno,Al menos un derecho negado,153987.0,969018.0,932.0,0.003041
2022,Mujeres,30-59,Total,derecho_alguno,Al menos un derecho negado,799233.0,2807388.0,2915.0,0.002474
2022,Hombres,30-59,Total,respeto,Mucho,572121.0,2325430.0,2502.0,0.002312
2022,Mujeres,12-29,Total,respeto,Mucho,438801.0,1814590.0,1897.0,0.0034
2022,Hombres,12-29,Total,respeto,Mucho,434742.0,1536187.0,1560.0,0.00429
2022,Hombres,60+,Total,respeto,Mucho,328871.0,944361.0,927.0,0.002687
2022,Mujeres,60+,Total,respeto,Mucho,320791.0,950090.0,911.0,0.004113
2022,Mujeres,30-59,Total,respeto,Mucho,660855.0,2785594.0,2892.0,0.002213
2022,Hombres,30-59,Total,respeto,Algo,692041.0,2325430.0,2502.0,0.002286
2022,Mujeres,12-29,Total,respeto,Algo,537353.0,1814590.0,1897.0,0.004953
2022,Hombres,12-29,Total,respeto,Algo,484313.0,1536187.0,1560.0,0.004644
2022,Hombres,60+,Total,respeto,Algo,253575.0,944361.0,927.0,0.002228
2022,Mujeres,60+,Total,respeto,Algo,254288.0,950090.0,911.0,0.002872
2022,Mujeres,30-59,Total,respeto,Algo,660738.0,2785594.0,2892.0,0.00205
2022,Hombres,30-59,Total,respeto,Poco,888188.0,2325430.0,2502.0,0.002782
2022,Mujeres,12-29,Total,respeto,Poco,777657.0,1814590.0,1897.0,0.005084
2022,Hombres,12-29,Total,respeto,Poco,542714.0,1536187.0,1560.0,0.00534
2022,Hombres,60+,Total,respeto,Poco,294469.0,944361.0,927.0,0.003469
2022,Mujeres,60+,Total,respeto,Poco,292563.0,950090.0,911.0,0.002652
2022,Mujeres,30-59,Total,respeto,Poco,1217414.0,2785594.0,2892.0,0.002967
2022,Hombres,30-59,Total,respeto,Nada,173080.0,2325430.0,2502.0,0.001395
2022,Mujeres,12-29,Total,respeto,Nada,60779.0,1814590.0,1897.0,0.00063
2022,Hombres,12-29,Total,respeto,Nada,74418.0,1536187.0,1560.0,0.001038
2022,Hombres,60+,Total,respeto,Nada,67446.0,944361.0,927.0,0.002704
2022,Mujeres,60+,Total,respeto,Nada,82448.0,950090.0,911.0,0.00161
2022,Mujeres,30-59,Total,respeto,Nada,246587.0,2785594.0,2892.0,0.001501
2022,Hombres,Todas,Rural,discriminacion,Por algún motivo,605740.0,2350423.0,2312.0,0.003924
2022,Hombres,Todas,Urbano,discriminacion,Por algún motivo,743390.0,2478135.0,2703.0,0.00398
2022,Mujeres,Todas,Urbano,discriminacion,Por algún motivo,932940.0,2872379.0,3072.0,0.004194
2022,Mujeres,Todas,Rural,discriminacion,Por algún motivo,644704.0,2734729.0,2687.0,0.004424
2022,Hombres,Todas,Rural,discriminacion,Por los diez motivos comunes a 2017 y 2022,461615.0,2350423.0,2312.0,0.00321
2022,Hombres,Todas,Urbano,discriminacion,Por los diez motivos comunes a 2017 y 2022,566242.0,2478135.0,2703.0,0.003374
2022,Mujeres,Todas,Urbano,discriminacion,Por los diez motivos comunes a 2017 y 2022,773152.0,2872379.0,3072.0,0.004111
2022,Mujeres,Todas,Rural,discriminacion,Por los diez motivos comunes a 2017 y 2022,525618.0,2734729.0,2687.0,0.003993
2022,Hombres,Todas,Rural,motivo,Tono de piel,93101.0,2350423.0,2312.0,0.001225
2022,Hombres,Todas,Urbano,motivo,Tono de piel,159189.0,2478135.0,2703.0,0.001419
2022,Mujeres,Todas,Urbano,motivo,Tono de piel,163573.0,2872379.0,3072.0,0.001572
2022,Mujeres,Todas,Rural,motivo,Tono de piel,115108.0,2734729.0,2687.0,0.000948
2022,Hombres,Todas,Rural,motivo,Manera de hablar,209796.0,2350423.0,2312.0,0.002011
2022,Hombres,Todas,Urbano,motivo,Manera de hablar,191547.0,2478135.0,2703.0,0.001739
2022,Mujeres,Todas,Urbano,motivo,Manera de hablar,246862.0,2872379.0,3072.0,0.002225
2022,Mujeres,Todas,Rural,motivo,Manera de hablar,185000.0,2734729.0,2687.0,0.001594
2022,Hombres,Todas,Rural,motivo,Peso o estatura,119026.0,2350423.0,2312.0,0.001266
2022,Hombres,Todas,Urbano,motivo,Peso o estatura,151345.0,2478135.0,2703.0,0.00196
2022,Mujeres,Todas,Urbano,motivo,Peso o estatura,340954.0,2872379.0,3072.0,0.002486
2022,Mujeres,Todas,Rural,motivo,Peso o estatura,182987.0,2734729.0,2687.0,0.00189
2022,Hombres,Todas,Rural,motivo,Forma de vestir o arreglo personal,154636.0,2350423.0,2312.0,0.00162
2022,Hombres,Todas,Urbano,motivo,Forma de vestir o arreglo personal,210152.0,2478135.0,2703.0,0.001994
2022,Mujeres,Todas,Urbano,motivo,Forma de vestir o arreglo personal,328122.0,2872379.0,3072.0,0.002692
2022,Mujeres,Todas,Rural,motivo,Forma de vestir o arreglo personal,226833.0,2734729.0,2687.0,0.001741
2022,Hombres,Todas,Rural,motivo,Clase social,130176.0,2350423.0,2312.0,0.001579
2022,Hombres,Todas,Urbano,motivo,Clase social,181936.0,2478135.0,2703.0,0.001976
2022,Mujeres,Todas,Urbano,motivo,Clase social,223074.0,2872379.0,3072.0,0.002343
2022,Mujeres,Todas,Rural,motivo,Clase social,133404.0,2734729.0,2687.0,0.001332
2022,Hombres,Todas,Rural,motivo,Lugar donde vive,132635.0,2350423.0,2312.0,0.001543
2022,Hombres,Todas,Urbano,motivo,Lugar donde vive,156777.0,2478135.0,2703.0,0.001315
2022,Mujeres,Todas,Urbano,motivo,Lugar donde vive,202094.0,2872379.0,3072.0,0.00223
2022,Mujeres,Todas,Rural,motivo,Lugar donde vive,135100.0,2734729.0,2687.0,0.001575
2022,Hombres,Todas,Rural,motivo,Creencias religiosas,126503.0,2350423.0,2312.0,0.001329
2022,Hombres,Todas,Urbano,motivo,Creencias religiosas,175745.0,2478135.0,2703.0,0.001216
2022,Mujeres,Todas,Urbano,motivo,Creencias religiosas,259943.0,2872379.0,3072.0,0.00179
2022,Mujeres,Todas,Rural,motivo,Creencias religiosas,186049.0,2734729.0,2687.0,0.001698
2022,Hombres,Todas,Rural,motivo,Ser mujer u hombre,55255.0,2350423.0,2312.0,0.000918
2022,Hombres,Todas,Urbano,motivo,Ser mujer u hombre,70580.0,2478135.0,2703.0,0.000411
2022,Mujeres,Todas,Urbano,motivo,Ser mujer u hombre,299477.0,2872379.0,3072.0,0.002658
2022,Mujeres,Todas,Rural,motivo,Ser mujer u hombre,163628.0,2734729.0,2687.0,0.001462
2022,Hombres,Todas,Rural,motivo,Edad,119295.0,2350423.0,2312.0,0.001653
2022,Hombres,Todas,Urbano,motivo,Edad,109786.0,2478135.0,2703.0,0.000755
2022,Mujeres,Todas,Urbano,motivo,Edad,217205.0,2872379.0,3072.0,0.002097
2022,Mujeres,Todas,Rural,motivo,Edad,122490.0,2734729.0,2687.0,0.000988
2022,Hombres,Todas,Rural,motivo,Orientación sexual,15306.0,2350423.0,2312.0,0.000477
2022,Hombres,Todas,Urbano,motivo,Orientación sexual,25685.0,2478135.0,2703.0,0.000166
2022,Mujeres,Todas,Urbano,motivo,Orientación sexual,21982.0,2872379.0,3072.0,0.000153
2022,Mujeres,Todas,Rural,motivo,Orientación sexual,12992.0,2734729.0,2687.0,0.000243
2022,Hombres,Todas,Rural,motivo,Ser persona indígena o afrodescendiente,188310.0,2350423.0,2312.0,0.002264
2022,Hombres,Todas,Urbano,motivo,Ser persona indígena o afrodescendiente,206662.0,2478135.0,2703.0,0.001705
2022,Mujeres,Todas,Urbano,motivo,Ser persona indígena o afrodescendiente,243278.0,2872379.0,3072.0,0.002432
2022,Mujeres,Todas,Rural,motivo,Ser persona indígena o afrodescendiente,211968.0,2734729.0,2687.0,0.001958
2022,Hombres,Todas,Rural,motivo,Discapacidad,57896.0,2350423.0,2312.0,0.000743
2022,Hombres,Todas,Urbano,motivo,Discapacidad,40179.0,2478135.0,2703.0,0.000288
2022,Mujeres,Todas,Urbano,motivo,Discapacidad,64681.0,2872379.0,3072.0,0.000399
2022,Mujeres,Todas,Rural,motivo,Discapacidad,32782.0,2734729.0,2687.0,0.000461
2022,Hombres,Todas,Rural,motivo,Alguna enfermedad,61255.0,2350423.0,2312.0,0.00078
2022,Hombres,Todas,Urbano,motivo,Alguna enfermedad,65703.0,2478135.0,2703.0,0.000498
2022,Mujeres,Todas,Urbano,motivo,Alguna enfermedad,87643.0,2872379.0,3072.0,0.000507
2022,Mujeres,Todas,Rural,motivo,Alguna enfermedad,62885.0,2734729.0,2687.0,0.000839
2022,Hombres,Todas,Rural,motivo,Opiniones políticas,143060.0,2350423.0,2312.0,0.001623
2022,Hombres,Todas,Urbano,motivo,Opiniones políticas,238768.0,2478135.0,2703.0,0.001881
2022,Mujeres,Todas,Urbano,motivo,Opiniones políticas,208198.0,2872379.0,3072.0,0.001837
2022,Mujeres,Todas,Rural,motivo,Opiniones políticas,124704.0,2734729.0,2687.0,0.001203
2022,Hombres,Todas,Rural,motivo,Estado civil o situación familiar,65796.0,2350423.0,2312.0,0.001058
2022,Hombres,Todas,Urbano,motivo,Estado civil o situación familiar,63466.0,2478135.0,2703.0,0.000438
2022,Mujeres,Todas,Urbano,motivo,Estado civil o situación familiar,161201.0,2872379.0,3072.0,0.000984
2022,Mujeres,Todas,Rural,motivo,Estado civil o situación familiar,104254.0,2734729.0,2687.0,0.001167
2022,Hombres,Todas,Rural,motivo,Otro motivo,3339.0,2350423.0,2312.0,0.000148
2022,Hombres,Todas,Urbano,motivo,Otro motivo,13706.0,2478135.0,2703.0,0.000384
2022,Mujeres,Todas,Urbano,motivo,Otro motivo,10243.0,2872379.0,3072.0,2e-06
2022,Mujeres,Todas,Rural,motivo,Otro motivo,2717.0,2734729.0,2687.0,5e-05
2022,Hombres,Todas,Rural,por_indigena,Por ser persona indígena o afrodescendiente,188310.0,605740.0,580.0,0.007356
2022,Hombres,Todas,Urbano,por_indigena,Por ser persona indígena o afrodescendiente,206662.0,743390.0,764.0,0.004993
2022,Mujeres,Todas,Urbano,por_indigena,Por ser persona indígena o afrodescendiente,243278.0,932940.0,990.0,0.006658
2022,Mujeres,Todas,Rural,por_indigena,Por ser persona indígena o afrodescendiente,211968.0,644704.0,614.0,0.006626
2022,Hombres,Todas,Rural,ambito,Trabajo o escuela,106171.0,2350423.0,2312.0,0.001253
2022,Hombres,Todas,Urbano,ambito,Trabajo o escuela,157369.0,2478135.0,2703.0,0.001652
2022,Mujeres,Todas,Urbano,ambito,Trabajo o escuela,175404.0,2872379.0,3072.0,0.000828
2022,Mujeres,Todas,Rural,ambito,Trabajo o escuela,100469.0,2734729.0,2687.0,0.001117
2022,Hombres,Todas,Rural,ambito,Familia,60024.0,2350423.0,2312.0,0.000892
2022,Hombres,Todas,Urbano,ambito,Familia,94460.0,2478135.0,2703.0,0.000556
2022,Mujeres,Todas,Urbano,ambito,Familia,211797.0,2872379.0,3072.0,0.000972
2022,Mujeres,Todas,Rural,ambito,Familia,110985.0,2734729.0,2687.0,0.001112
2022,Hombres,Todas,Rural,ambito,Servicios médicos,112363.0,2350423.0,2312.0,0.001236
2022,Hombres,Todas,Urbano,ambito,Servicios médicos,128334.0,2478135.0,2703.0,0.001157
2022,Mujeres,Todas,Urbano,ambito,Servicios médicos,164570.0,2872379.0,3072.0,0.001513
2022,Mujeres,Todas,Rural,ambito,Servicios médicos,101988.0,2734729.0,2687.0,0.00109
2022,Hombres,Todas,Rural,ambito,Oficina de gobierno,97483.0,2350423.0,2312.0,0.001156
2022,Hombres,Todas,Urbano,ambito,Oficina de gobierno,121890.0,2478135.0,2703.0,0.00087
2022,Mujeres,Todas,Urbano,ambito,Oficina de gobierno,135423.0,2872379.0,3072.0,0.001414
2022,Mujeres,Todas,Rural,ambito,Oficina de gobierno,63173.0,2734729.0,2687.0,0.000757
2022,Hombres,Todas,Rural,ambito,"Negocio, centro comercial o banco",46762.0,2350423.0,2312.0,0.000605
2022,Hombres,Todas,Urbano,ambito,"Negocio, centro comercial o banco",82786.0,2478135.0,2703.0,0.000972
2022,Mujeres,Todas,Urbano,ambito,"Negocio, centro comercial o banco",57520.0,2872379.0,3072.0,0.001166
2022,Mujeres,Todas,Rural,ambito,"Negocio, centro comercial o banco",40753.0,2734729.0,2687.0,0.000409
2022,Hombres,Todas,Rural,ambito,Calle o transporte público,114067.0,2350423.0,2312.0,0.001634
2022,Hombres,Todas,Urbano,ambito,Calle o transporte público,156260.0,2478135.0,2703.0,0.002089
2022,Mujeres,Todas,Urbano,ambito,Calle o transporte público,200447.0,2872379.0,3072.0,0.001641
2022,Mujeres,Todas,Rural,ambito,Calle o transporte público,112600.0,2734729.0,2687.0,0.001208
2022,Hombres,Todas,Rural,ambito,Redes sociales,36224.0,2350423.0,2312.0,0.000698
2022,Hombres,Todas,Urbano,ambito,Redes sociales,67839.0,2478135.0,2703.0,0.000476
2022,Mujeres,Todas,Urbano,ambito,Redes sociales,61929.0,2872379.0,3072.0,0.000558
2022,Mujeres,Todas,Rural,ambito,Redes sociales,42210.0,2734729.0,2687.0,0.000412
2022,Hombres,Todas,Rural,ambito,"Policía, Ministerio Público o fiscalía",40645.0,2350423.0,2312.0,0.000679
2022,Hombres,Todas,Urbano,ambito,"Policía, Ministerio Público o fiscalía",96193.0,2478135.0,2703.0,0.001051
2022,Mujeres,Todas,Urbano,ambito,"Policía, Ministerio Público o fiscalía",49596.0,2872379.0,3072.0,0.000319
2022,Mujeres,Todas,Rural,ambito,"Policía, Ministerio Público o fiscalía",16295.0,2734729.0,2687.0,0.000352
2022,Hombres,Todas,Rural,ambito,Otro lugar,927.0,2350423.0,2312.0,4.8e-05
2022,Hombres,Todas,Urbano,ambito,Otro lugar,561.0,2478135.0,2703.0,
2022,Mujeres,Todas,Urbano,ambito,Otro lugar,812.0,2872379.0,3072.0,
2022,Mujeres,Todas,Rural,ambito,Otro lugar,931.0,2734729.0,2687.0,
2022,Hombres,Todas,Rural,ambito,En al menos un ámbito,388792.0,2350423.0,2312.0,0.002755
2022,Hombres,Todas,Urbano,ambito,En al menos un ámbito,517192.0,2478135.0,2703.0,0.003449
2022,Mujeres,Todas,Urbano,ambito,En al menos un ámbito,623374.0,2872379.0,3072.0,0.00364
2022,Mujeres,Todas,Rural,ambito,En al menos un ámbito,370230.0,2734729.0,2687.0,0.002728
2022,Hombres,Todas,Rural,derecho,Atención médica o medicamentos,249895.0,2272139.0,2222.0,0.002735
2022,Hombres,Todas,Urbano,derecho,Atención médica o medicamentos,252117.0,2362152.0,2552.0,0.001635
2022,Mujeres,Todas,Urbano,derecho,Atención médica o medicamentos,341875.0,2797293.0,2986.0,0.002505
2022,Mujeres,Todas,Rural,derecho,Atención médica o medicamentos,260660.0,2684723.0,2630.0,0.001864
2022,Hombres,Todas,Rural,derecho,Atención en una oficina de gobierno,176252.0,1766496.0,1666.0,0.002425
2022,Hombres,Todas,Urbano,derecho,Atención en una oficina de gobierno,240797.0,2041320.0,2189.0,0.001604
2022,Mujeres,Todas,Urbano,derecho,Atención en una oficina de gobierno,195584.0,2291170.0,2377.0,0.002798
2022,Mujeres,Todas,Rural,derecho,Atención en una oficina de gobierno,127396.0,1861619.0,1759.0,0.001368
2022,Hombres,Todas,Rural,derecho,Entrada o permanencia en un negocio o banco,86937.0,2209129.0,2158.0,0.001186
2022,Hombres,Todas,Urbano,derecho,Entrada o permanencia en un negocio o banco,79562.0,2408674.0,2616.0,0.001274
2022,Mujeres,Todas,Urbano,derecho,Entrada o permanencia en un negocio o banco,50997.0,2739288.0,2929.0,0.000787
2022,Mujeres,Todas,Rural,derecho,Entrada o permanencia en un negocio o banco,43409.0,2511639.0,2457.0,0.000597
2022,Hombres,Todas,Rural,derecho,Recibir apoyos de programas sociales,297084.0,1899299.0,1838.0,0.002791
2022,Hombres,Todas,Urbano,derecho,Recibir apoyos de programas sociales,255799.0,1847911.0,1957.0,0.002723
2022,Mujeres,Todas,Urbano,derecho,Recibir apoyos de programas sociales,460000.0,2327078.0,2414.0,0.004568
2022,Mujeres,Todas,Rural,derecho,Recibir apoyos de programas sociales,252644.0,2285073.0,2190.0,0.002037
2022,Hombres,Todas,Rural,derecho,Estudiar (12 a 35 años),27280.0,920002.0,893.0,0.002123
2022,Hombres,Todas,Urbano,derecho,Estudiar (12 a 35 años),36816.0,881292.0,948.0,0.0005
2022,Mujeres,Todas,Urbano,derecho,Estudiar (12 a 35 años),31207.0,1012780.0,1124.0,0.000792
2022,Mujeres,Todas,Rural,derecho,Estudiar (12 a 35 años),23007.0,1099392.0,1077.0,0.001172
2022,Hombres,Todas,Rural,derecho,Trabajar u obtener un ascenso (18 y más),135735.0,1760191.0,1704.0,0.001536
2022,Hombres,Todas,Urbano,derecho,Trabajar u obtener un ascenso (18 y más),221561.0,2011141.0,2175.0,0.002313
2022,Mujeres,Todas,Urbano,derecho,Trabajar u obtener un ascenso (18 y más),138066.0,2062568.0,2146.0,0.001912
2022,Mujeres,Todas,Rural,derecho,Trabajar u obtener un ascenso (18 y más),48994.0,1566400.0,1532.0,0.001269
2022,Hombres,Todas,Rural,derecho,"Crédito, préstamo o tarjeta (18 y más)",82979.0,1029328.0,967.0,0.002381
2022,Hombres,Todas,Urbano,derecho,"Crédito, préstamo o tarjeta (18 y más)",129529.0,1507065.0,1625.0,0.001603
2022,Mujeres,Todas,Urbano,derecho,"Crédito, préstamo o tarjeta (18 y más)",93625.0,1603562.0,1651.0,0.002195
2022,Mujeres,Todas,Rural,derecho,"Crédito, préstamo o tarjeta (18 y más)",33238.0,1076564.0,1004.0,0.001845
2022,Hombres,Todas,Rural,derecho,Rentar una vivienda (18 y más),27369.0,859393.0,769.0,0.001345
2022,Hombres,Todas,Urbano,derecho,Rentar una vivienda (18 y más),25700.0,1250002.0,1296.0,0.000126
2022,Mujeres,Todas,Urbano,derecho,Rentar una vivienda (18 y más),42970.0,1389598.0,1350.0,0.000128
2022,Mujeres,Todas,Rural,derecho,Rentar una vivienda (18 y más),16281.0,903404.0,826.0,0.00122
2022,Hombres,Todas,Rural,derecho_alguno,Al menos un derecho negado,550698.0,2023519.0,1973.0,0.003949
2022,Hombres,Todas,Urbano,derecho_alguno,Al menos un derecho negado,711380.0,2281177.0,2475.0,0.003956
2022,Mujeres,Todas,Urbano,derecho_alguno,Al menos un derecho negado,762784.0,2634851.0,2789.0,0.004622
2022,Mujeres,Todas,Rural,derecho_alguno,Al menos un derecho negado,466592.0,2337233.0,2308.0,0.002924
2022,Hombres,Todas,Rural,respeto,Mucho,773900.0,2340174.0,2299.0,0.005578
2022,Hombres,Todas,Urbano,respeto,Mucho,561834.0,2465804.0,2690.0,0.003684
2022,Mujeres,Todas,Urbano,respeto,Mucho,565806.0,2850587.0,3051.0,0.003783
2022,Mujeres,Todas,Rural,respeto,Mucho,854641.0,2699687.0,2649.0,0.004615
2022,Hombres,Todas,Rural,respeto,Algo,684965.0,2340174.0,2299.0,0.005876
2022,Hombres,Todas,Urbano,respeto,Algo,744964.0,2465804.0,2690.0,0.004524
2022,Mujeres,Todas,Urbano,respeto,Algo,751290.0,2850587.0,3051.0,0.003736
2022,Mujeres,Todas,Rural,respeto,Algo,701089.0,2699687.0,2649.0,0.004274
2022,Hombres,Todas,Rural,respeto,Poco,755870.0,2340174.0,2299.0,0.005174
2022,Hombres,Todas,Urbano,respeto,Poco,969501.0,2465804.0,2690.0,0.004436
2022,Mujeres,Todas,Urbano,respeto,Poco,1267288.0,2850587.0,3051.0,0.005261
2022,Mujeres,Todas,Rural,respeto,Poco,1020346.0,2699687.0,2649.0,0.005341
2022,Hombres,Todas,Rural,respeto,Nada,125439.0,2340174.0,2299.0,0.00114
2022,Hombres,Todas,Urbano,respeto,Nada,189505.0,2465804.0,2690.0,0.00183
2022,Mujeres,Todas,Urbano,respeto,Nada,266203.0,2850587.0,3051.0,0.001832
2022,Mujeres,Todas,Rural,respeto,Nada,123611.0,2699687.0,2649.0,0.000827
2022,Mujeres,Todas,Total,discriminacion,Por algún motivo,1577644.0,5607108.0,5759.0,0.003023
2022,Hombres,Todas,Total,discriminacion,Por algún motivo,1349130.0,4828558.0,5015.0,0.002787
2022,Mujeres,Todas,Total,discriminacion,Por los diez motivos comunes a 2017 y 2022,1298770.0,5607108.0,5759.0,0.002846
2022,Hombres,Todas,Total,discriminacion,Por los diez motivos comunes a 2017 y 2022,1027857.0,4828558.0,5015.0,0.002331
2022,Mujeres,Todas,Total,motivo,Tono de piel,278681.0,5607108.0,5759.0,0.00093
2022,Hombres,Todas,Total,motivo,Tono de piel,252290.0,4828558.0,5015.0,0.000946
2022,Mujeres,Todas,Total,motivo,Manera de hablar,431862.0,5607108.0,5759.0,0.001384
2022,Hombres,Todas,Total,motivo,Manera de hablar,401343.0,4828558.0,5015.0,0.001324
2022,Mujeres,Todas,Total,motivo,Peso o estatura,523941.0,5607108.0,5759.0,0.001579
2022,Hombres,Todas,Total,motivo,Peso o estatura,270371.0,4828558.0,5015.0,0.001182
2022,Mujeres,Todas,Total,motivo,Forma de vestir o arreglo personal,554955.0,5607108.0,5759.0,0.001629
2022,Hombres,Todas,Total,motivo,Forma de vestir o arreglo personal,364788.0,4828558.0,5015.0,0.001295
2022,Mujeres,Todas,Total,motivo,Clase social,356478.0,5607108.0,5759.0,0.001373
2022,Hombres,Todas,Total,motivo,Clase social,312112.0,4828558.0,5015.0,0.00127
2022,Mujeres,Todas,Total,motivo,Lugar donde vive,337194.0,5607108.0,5759.0,0.001374
2022,Hombres,Todas,Total,motivo,Lugar donde vive,289412.0,4828558.0,5015.0,0.001009
2022,Mujeres,Todas,Total,motivo,Creencias religiosas,445992.0,5607108.0,5759.0,0.001236
2022,Hombres,Todas,Total,motivo,Creencias religiosas,302248.0,4828558.0,5015.0,0.000901
2022,Mujeres,Todas,Total,motivo,Ser mujer u hombre,463105.0,5607108.0,5759.0,0.001542
2022,Hombres,Todas,Total,motivo,Ser mujer u hombre,125835.0,4828558.0,5015.0,0.000495
2022,Mujeres,Todas,Total,motivo,Edad,339695.0,5607108.0,5759.0,0.001199
2022,Hombres,Todas,Total,motivo,Edad,229081.0,4828558.0,5015.0,0.000896
2022,Mujeres,Todas,Total,motivo,Orientación sexual,34974.0,5607108.0,5759.0,0.000142
2022,Hombres,Todas,Total,motivo,Orientación sexual,40991.0,4828558.0,5015.0,0.000247
2022,Mujeres,Todas,Total,motivo,Ser persona indígena o afrodescendiente,455246.0,5607108.0,5759.0,0.001573
2022,Hombres,Todas,Total,motivo,Ser persona indígena o afrodescendiente,394972.0,4828558.0,5015.0,0.001406
2022,Mujeres,Todas,Total,motivo,Discapacidad,97463.0,5607108.0,5759.0,0.000304
2022,Hombres,Todas,Total,motivo,Discapacidad,98075.0,4828558.0,5015.0,0.000394
2022,Mujeres,Todas,Total,motivo,Alguna enfermedad,150528.0,5607108.0,5759.0,0.000483
2022,Hombres,Todas,Total,motivo,Alguna enfermedad,126958.0,4828558.0,5015.0,0.000458
2022,Mujeres,Todas,Total,motivo,Opiniones políticas,332902.0,5607108.0,5759.0,0.001112
2022,Hombres,Todas,Total,motivo,Opiniones políticas,381828.0,4828558.0,5015.0,0.001246
2022,Mujeres,Todas,Total,motivo,Estado civil o situación familiar,265455.0,5607108.0,5759.0,0.000759
2022,Hombres,Todas,Total,motivo,Estado civil o situación familiar,129262.0,4828558.0,5015.0,0.000562
2022,Mujeres,Todas,Total,motivo,Otro motivo,12960.0,5607108.0,5759.0,2.5e-05
2022,Hombres,Todas,Total,motivo,Otro motivo,17045.0,4828558.0,5015.0,0.00021
2022,Mujeres,Todas,Total,por_indigena,Por ser persona indígena o afrodescendiente,455246.0,1577644.0,1604.0,0.004763
2022,Hombres,Todas,Total,por_indigena,Por ser persona indígena o afrodescendiente,394972.0,1349130.0,1344.0,0.004324
2022,Mujeres,Todas,Total,ambito,Trabajo o escuela,275873.0,5607108.0,5759.0,0.000693
2022,Hombres,Todas,Total,ambito,Trabajo o escuela,263540.0,4828558.0,5015.0,0.001041
2022,Mujeres,Todas,Total,ambito,Familia,322782.0,5607108.0,5759.0,0.000731
2022,Hombres,Todas,Total,ambito,Familia,154484.0,4828558.0,5015.0,0.000513
2022,Mujeres,Todas,Total,ambito,Servicios médicos,266558.0,5607108.0,5759.0,0.000946
2022,Hombres,Todas,Total,ambito,Servicios médicos,240697.0,4828558.0,5015.0,0.000847
2022,Mujeres,Todas,Total,ambito,Oficina de gobierno,198596.0,5607108.0,5759.0,0.000821
2022,Hombres,Todas,Total,ambito,Oficina de gobierno,219373.0,4828558.0,5015.0,0.00072
2022,Mujeres,Todas,Total,ambito,"Negocio, centro comercial o banco",98273.0,5607108.0,5759.0,0.000632
2022,Hombres,Todas,Total,ambito,"Negocio, centro comercial o banco",129548.0,4828558.0,5015.0,0.000583
2022,Mujeres,Todas,Total,ambito,Calle o transporte público,313047.0,5607108.0,5759.0,0.001028
2022,Hombres,Todas,Total,ambito,Calle o transporte público,270327.0,4828558.0,5015.0,0.001334
2022,Mujeres,Todas,Total,ambito,Redes sociales,104139.0,5607108.0,5759.0,0.00035
2022,Hombres,Todas,Total,ambito,Redes sociales,104063.0,4828558.0,5015.0,0.00042
2022,Mujeres,Todas,Total,ambito,"Policía, Ministerio Público o fiscalía",65891.0,5607108.0,5759.0,0.000237
2022,Hombres,Todas,Total,ambito,"Policía, Ministerio Público o fiscalía",136838.0,4828558.0,5015.0,0.000635
2022,Mujeres,Todas,Total,ambito,Otro lugar,1743.0,5607108.0,5759.0,
2022,Hombres,Todas,Total,ambito,Otro lugar,1488.0,4828558.0,5015.0,2.3e-05
2022,Mujeres,Todas,Total,ambito,En al menos un ámbito,993604.0,5607108.0,5759.0,0.00229
2022,Hombres,Todas,Total,ambito,En al menos un ámbito,905984.0,4828558.0,5015.0,0.002223
2022,Mujeres,Todas,Total,derecho,Atención médica o medicamentos,602535.0,5482016.0,5616.0,0.00157
2022,Hombres,Todas,Total,derecho,Atención médica o medicamentos,502012.0,4634291.0,4774.0,0.00158
2022,Mujeres,Todas,Total,derecho,Atención en una oficina de gobierno,322980.0,4152789.0,4136.0,0.001676
2022,Hombres,Todas,Total,derecho,Atención en una oficina de gobierno,417049.0,3807816.0,3855.0,0.00142
2022,Mujeres,Todas,Total,derecho,Entrada o permanencia en un negocio o banco,94406.0,5250927.0,5386.0,0.0005
2022,Hombres,Todas,Total,derecho,Entrada o permanencia en un negocio o banco,166499.0,4617803.0,4774.0,0.000873
2022,Mujeres,Todas,Total,derecho,Recibir apoyos de programas sociales,712644.0,4612151.0,4604.0,0.002587
2022,Hombres,Todas,Total,derecho,Recibir apoyos de programas sociales,552883.0,3747210.0,3795.0,0.001958
2022,Mujeres,Todas,Total,derecho,Estudiar (12 a 35 años),54214.0,2112172.0,2201.0,0.000717
2022,Hombres,Todas,Total,derecho,Estudiar (12 a 35 años),64096.0,1801294.0,1841.0,0.001107
2022,Mujeres,Todas,Total,derecho,Trabajar u obtener un ascenso (18 y más),187060.0,3628968.0,3678.0,0.001223
2022,Hombres,Todas,Total,derecho,Trabajar u obtener un ascenso (18 y más),357296.0,3771332.0,3879.0,0.00143
2022,Mujeres,Todas,Total,derecho,"Crédito, préstamo o tarjeta (18 y más)",126863.0,2680126.0,2655.0,0.001512
2022,Hombres,Todas,Total,derecho,"Crédito, préstamo o tarjeta (18 y más)",212508.0,2536393.0,2592.0,0.001358
2022,Mujeres,Todas,Total,derecho,Rentar una vivienda (18 y más),59251.0,2293002.0,2176.0,0.000483
2022,Hombres,Todas,Total,derecho,Rentar una vivienda (18 y más),53069.0,2109395.0,2065.0,0.000557
2022,Mujeres,Todas,Total,derecho_alguno,Al menos un derecho negado,1229376.0,4972084.0,5097.0,0.002865
2022,Hombres,Todas,Total,derecho_alguno,Al menos un derecho negado,1262078.0,4304696.0,4448.0,0.002786
2022,Mujeres,Todas,Total,respeto,Mucho,1420447.0,5550274.0,5700.0,0.002893
2022,Hombres,Todas,Total,respeto,Mucho,1335734.0,4805978.0,4989.0,0.003319
2022,Mujeres,Todas,Total,respeto,Algo,1452379.0,5550274.0,5700.0,0.002829
2022,Hombres,Todas,Total,respeto,Algo,1429929.0,4805978.0,4989.0,0.003683
2022,Mujeres,Todas,Total,respeto,Poco,2287634.0,5550274.0,5700.0,0.003747
2022,Hombres,Todas,Total,respeto,Poco,1725371.0,4805978.0,4989.0,0.003457
2022,Mujeres,Todas,Total,respeto,Nada,389814.0,5550274.0,5700.0,0.001051
2022,Hombres,Todas,Total,respeto,Nada,314944.0,4805978.0,4989.0,0.001085
2022,Total,60+,Rural,discriminacion,Por algún motivo,216467.0,906926.0,857.0,0.003855
2022,Total,12-29,Rural,discriminacion,Por algún motivo,437035.0,1809700.0,1781.0,0.006977
2022,Total,30-59,Rural,discriminacion,Por algún motivo,596942.0,2368526.0,2361.0,0.003707
2022,Total,30-59,Urbano,discriminacion,Por algún motivo,889208.0,2772371.0,3068.0,0.005068
2022,Total,12-29,Urbano,discriminacion,Por algún motivo,557276.0,1565608.0,1700.0,0.006491
2022,Total,60+,Urbano,discriminacion,Por algún motivo,229846.0,1012535.0,1007.0,0.003149
2022,Total,60+,Rural,discriminacion,Por los diez motivos comunes a 2017 y 2022,165529.0,906926.0,857.0,0.003339
2022,Total,12-29,Rural,discriminacion,Por los diez motivos comunes a 2017 y 2022,372740.0,1809700.0,1781.0,0.006522
2022,Total,30-59,Rural,discriminacion,Por los diez motivos comunes a 2017 y 2022,448964.0,2368526.0,2361.0,0.002821
2022,Total,30-59,Urbano,discriminacion,Por los diez motivos comunes a 2017 y 2022,679272.0,2772371.0,3068.0,0.003488
2022,Total,12-29,Urbano,discriminacion,Por los diez motivos comunes a 2017 y 2022,499171.0,1565608.0,1700.0,0.006197
2022,Total,60+,Urbano,discriminacion,Por los diez motivos comunes a 2017 y 2022,160951.0,1012535.0,1007.0,0.002822
2022,Total,60+,Rural,motivo,Tono de piel,34815.0,906926.0,857.0,0.001733
2022,Total,12-29,Rural,motivo,Tono de piel,83905.0,1809700.0,1781.0,0.001324
2022,Total,30-59,Rural,motivo,Tono de piel,89489.0,2368526.0,2361.0,0.001161
2022,Total,30-59,Urbano,motivo,Tono de piel,164999.0,2772371.0,3068.0,0.001502
2022,Total,12-29,Urbano,motivo,Tono de piel,121184.0,1565608.0,1700.0,0.002442
2022,Total,60+,Urbano,motivo,Tono de piel,36579.0,1012535.0,1007.0,0.000836
2022,Total,60+,Rural,motivo,Manera de hablar,79781.0,906926.0,857.0,0.002222
2022,Total,12-29,Rural,motivo,Manera de hablar,113704.0,1809700.0,1781.0,0.001928
2022,Total,30-59,Rural,motivo,Manera de hablar,201311.0,2368526.0,2361.0,0.001872
2022,Total,30-59,Urbano,motivo,Manera de hablar,245622.0,2772371.0,3068.0,0.001687
2022,Total,12-29,Urbano,motivo,Manera de hablar,137924.0,1565608.0,1700.0,0.00247
2022,Total,60+,Urbano,motivo,Manera de hablar,54863.0,1012535.0,1007.0,0.001274
2022,Total,60+,Rural,motivo,Peso o estatura,29203.0,906926.0,857.0,0.000637
2022,Total,12-29,Rural,motivo,Peso o estatura,146243.0,1809700.0,1781.0,0.00247
2022,Total,30-59,Rural,motivo,Peso o estatura,126567.0,2368526.0,2361.0,0.001126
2022,Total,30-59,Urbano,motivo,Peso o estatura,242930.0,2772371.0,3068.0,0.001766
2022,Total,12-29,Urbano,motivo,Peso o estatura,204273.0,1565608.0,1700.0,0.00277
2022,Total,60+,Urbano,motivo,Peso o estatura,45096.0,1012535.0,1007.0,0.001247
2022,Total,60+,Rural,motivo,Forma de vestir o arreglo personal,56078.0,906926.0,857.0,0.001562
2022,Total,12-29,Rural,motivo,Forma de vestir o arreglo personal,160408.0,1809700.0,1781.0,0.002473
2022,Total,30-59,Rural,motivo,Forma de vestir o arreglo personal,164983.0,2368526.0,2361.0,0.001585
2022,Total,30-59,Urbano,motivo,Forma de vestir o arreglo personal,277710.0,2772371.0,3068.0,0.001978
2022,Total,12-29,Urbano,motivo,Forma de vestir o arreglo personal,199132.0,1565608.0,1700.0,0.002933
2022,Total,60+,Urbano,motivo,Forma de vestir o arreglo personal,61432.0,1012535.0,1007.0,0.001042
2022,Total,60+,Rural,motivo,Clase social,35280.0,906926.0,857.0,0.000957
2022,Total,12-29,Rural,motivo,Clase social,102926.0,1809700.0,1781.0,0.002087
2022,Total,30-59,Rural,motivo,Clase social,125374.0,2368526.0,2361.0,0.001304
2022,Total,30-59,Urbano,motivo,Clase social,229400.0,2772371.0,3068.0,0.001959
2022,Total,12-29,Urbano,motivo,Clase social,116998.0,1565608.0,1700.0,0.003268
2022,Total,60+,Urbano,motivo,Clase social,58612.0,1012535.0,1007.0,0.002762
2022,Total,60+,Rural,motivo,Lugar donde vive,39287.0,906926.0,857.0,0.00089
2022,Total,12-29,Rural,motivo,Lugar donde vive,89979.0,1809700.0,1781.0,0.002097
2022,Total,30-59,Rural,motivo,Lugar donde vive,138469.0,2368526.0,2361.0,0.001549
2022,Total,30-59,Urbano,motivo,Lugar donde vive,189285.0,2772371.0,3068.0,0.001764
2022,Total,12-29,Urbano,motivo,Lugar donde vive,114458.0,1565608.0,1700.0,0.003748
2022,Total,60+,Urbano,motivo,Lugar donde vive,55128.0,1012535.0,1007.0,0.001849
2022,Total,60+,Rural,motivo,Creencias religiosas,36529.0,906926.0,857.0,0.001058
2022,Total,12-29,Rural,motivo,Creencias religiosas,111379.0,1809700.0,1781.0,0.002428
2022,Total,30-59,Rural,motivo,Creencias religiosas,164644.0,2368526.0,2361.0,0.001641
2022,Total,30-59,Urbano,motivo,Creencias religiosas,235444.0,2772371.0,3068.0,0.001329
2022,Total,12-29,Urbano,motivo,Creencias religiosas,144433.0,1565608.0,1700.0,0.002779
2022,Total,60+,Urbano,motivo,Creencias religiosas,55811.0,1012535.0,1007.0,0.001066
2022,Total,60+,Rural,motivo,Ser mujer u hombre,25932.0,906926.0,857.0,0.000482
2022,Total,12-29,Rural,motivo,Ser mujer u hombre,89738.0,1809700.0,1781.0,0.001875
2022,Total,30-59,Rural,motivo,Ser mujer u hombre,103213.0,2368526.0,2361.0,0.001249
2022,Total,30-59,Urbano,motivo,Ser mujer u hombre,193415.0,2772371.0,3068.0,0.001704
2022,Total,12-29,Urbano,motivo,Ser mujer u hombre,132469.0,1565608.0,1700.0,0.0017
2022,Total,60+,Urbano,motivo,Ser mujer u hombre,44173.0,1012535.0,1007.0,0.001102
2022,Total,60+,Rural,motivo,Edad,76492.0,906926.0,857.0,0.002134
2022,Total,12-29,Rural,motivo,Edad,77412.0,1809700.0,1781.0,0.001413
2022,Total,30-59,Rural,motivo,Edad,87881.0,2368526.0,2361.0,0.000994
2022,Total,30-59,Urbano,motivo,Edad,159525.0,2772371.0,3068.0,0.000964
2022,Total,12-29,Urbano,motivo,Edad,96541.0,1565608.0,1700.0,0.001774
2022,Total,60+,Urbano,motivo,Edad,70925.0,1012535.0,1007.0,0.002425
2022,Total,60+,Rural,motivo,Orientación sexual,6588.0,906926.0,857.0,5.5e-05
2022,Total,12-29,Rural,motivo,Orientación sexual,10401.0,1809700.0,1781.0,0.000281
2022,Total,30-59,Rural,motivo,Orientación sexual,11309.0,2368526.0,2361.0,0.000472
2022,Total,30-59,Urbano,motivo,Orientación sexual,32917.0,2772371.0,3068.0,7.7e-05
2022,Total,12-29,Urbano,motivo,Orientación sexual,12754.0,1565608.0,1700.0,0.000281
2022,Total,60+,Urbano,motivo,Orientación sexual,1996.0,1012535.0,1007.0,
2022,Total,60+,Rural,motivo,Ser persona indígena o afrodescendiente,73751.0,906926.0,857.0,0.002149
2022,Total,12-29,Rural,motivo,Ser persona indígena o afrodescendiente,127648.0,1809700.0,1781.0,0.003104
2022,Total,30-59,Rural,motivo,Ser persona indígena o afrodescendiente,198879.0,2368526.0,2361.0,0.001713
2022,Total,30-59,Urbano,motivo,Ser persona indígena o afrodescendiente,252298.0,2772371.0,3068.0,0.002513
2022,Total,12-29,Urbano,motivo,Ser persona indígena o afrodescendiente,139666.0,1565608.0,1700.0,0.00385
2022,Total,60+,Urbano,motivo,Ser persona indígena o afrodescendiente,57976.0,1012535.0,1007.0,0.001069
2022,Total,60+,Rural,motivo,Discapacidad,30143.0,906926.0,857.0,0.002001
2022,Total,12-29,Rural,motivo,Discapacidad,14654.0,1809700.0,1781.0,0.00033
2022,Total,30-59,Rural,motivo,Discapacidad,45881.0,2368526.0,2361.0,0.000849
2022,Total,30-59,Urbano,motivo,Discapacidad,56398.0,2772371.0,3068.0,0.0003
2022,Total,12-29,Urbano,motivo,Discapacidad,17649.0,1565608.0,1700.0,
2022,Total,60+,Urbano,motivo,Discapacidad,30813.0,1012535.0,1007.0,0.000608
2022,Total,60+,Rural,motivo,Alguna enfermedad,46609.0,906926.0,857.0,0.001897
2022,Total,12-29,Rural,motivo,Alguna enfermedad,17227.0,1809700.0,1781.0,0.000651
2022,Total,30-59,Rural,motivo,Alguna enfermedad,60304.0,2368526.0,2361.0,0.000984
2022,Total,30-59,Urbano,motivo,Alguna enfermedad,98311.0,2772371.0,3068.0,0.001481
2022,Total,12-29,Urbano,motivo,Alguna enfermedad,26142.0,1565608.0,1700.0,0.000126
2022,Total,60+,Urbano,motivo,Alguna enfermedad,28893.0,1012535.0,1007.0,0.000746
2022,Total,60+,Rural,motivo,Opiniones políticas,44311.0,906926.0,857.0,0.001493
2022,Total,12-29,Rural,motivo,Opiniones políticas,67838.0,1809700.0,1781.0,0.001664
2022,Total,30-59,Rural,motivo,Opiniones políticas,155615.0,2368526.0,2361.0,0.001581
2022,Total,30-59,Urbano,motivo,Opiniones políticas,278685.0,2772371.0,3068.0,0.002166
2022,Total,12-29,Urbano,motivo,Opiniones políticas,109893.0,1565608.0,1700.0,0.002254
2022,Total,60+,Urbano,motivo,Opiniones políticas,58388.0,1012535.0,1007.0,0.002291
2022,Total,60+,Rural,motivo,Estado civil o situación familiar,17167.0,906926.0,857.0,0.00034
2022,Total,12-29,Rural,motivo,Estado civil o situación familiar,51145.0,1809700.0,1781.0,0.001227
2022,Total,30-59,Rural,motivo,Estado civil o situación familiar,101738.0,2368526.0,2361.0,0.001274
2022,Total,30-59,Urbano,motivo,Estado civil o situación familiar,159323.0,2772371.0,3068.0,0.002748
2022,Total,12-29,Urbano,motivo,Estado civil o situación familiar,50673.0,1565608.0,1700.0,0.000975
2022,Total,60+,Urbano,motivo,Estado civil o situación familiar,14671.0,1012535.0,1007.0,0.000302
2022,Total,60+,Rural,motivo,Otro motivo,1131.0,906926.0,857.0,
2022,Total,12-29,Rural,motivo,Otro motivo,2122.0,1809700.0,1781.0,
2022,Total,30-59,Rural,motivo,Otro motivo,2803.0,2368526.0,2361.0,0.000128
2022,Total,30-59,Urbano,motivo,Otro motivo,13726.0,2772371.0,3068.0,0.000341
2022,Total,12-29,Urbano,motivo,Otro motivo,5886.0,1565608.0,1700.0,3e-05
2022,Total,60+,Urbano,motivo,Otro motivo,4337.0,1012535.0,1007.0,
2022,Total,60+,Rural,por_indigena,Por ser persona indígena o afrodescendiente,73751.0,216467.0,200.0,0.006763
2022,Total,12-29,Rural,por_indigena,Por ser persona indígena o afrodescendiente,127648.0,437035.0,414.0,0.010914
2022,Total,30-59,Rural,por_indigena,Por ser persona indígena o afrodescendiente,198879.0,596942.0,580.0,0.005188
2022,Total,30-59,Urbano,por_indigena,Por ser persona indígena o afrodescendiente,252298.0,889208.0,924.0,0.007322
2022,Total,12-29,Urbano,por_indigena,Por ser persona indígena o afrodescendiente,139666.0,557276.0,602.0,0.009862
2022,Total,60+,Urbano,por_indigena,Por ser persona indígena o afrodescendiente,57976.0,229846.0,228.0,0.003835
2022,Total,60+,Rural,ambito,Trabajo o escuela,15245.0,906926.0,857.0,0.000116
2022,Total,12-29,Rural,ambito,Trabajo o escuela,101958.0,1809700.0,1781.0,0.002137
2022,Total,30-59,Rural,ambito,Trabajo o escuela,89437.0,2368526.0,2361.0,0.001002
2022,Total,30-59,Urbano,ambito,Trabajo o escuela,187250.0,2772371.0,3068.0,0.00113
2022,Total,12-29,Urbano,ambito,Trabajo o escuela,130141.0,1565608.0,1700.0,0.001714
2022,Total,60+,Urbano,ambito,Trabajo o escuela,15382.0,1012535.0,1007.0,0.000123
2022,Total,60+,Rural,ambito,Familia,29025.0,906926.0,857.0,0.001114
2022,Total,12-29,Rural,ambito,Familia,50314.0,1809700.0,1781.0,0.001135
2022,Total,30-59,Rural,ambito,Familia,91670.0,2368526.0,2361.0,0.000939
2022,Total,30-59,Urbano,ambito,Familia,145588.0,2772371.0,3068.0,0.001055
2022,Total,12-29,Urbano,ambito,Familia,95498.0,1565608.0,1700.0,0.001152
2022,Total,60+,Urbano,ambito,Familia,65171.0,1012535.0,1007.0,0.002032
2022,Total,60+,Rural,ambito,Servicios médicos,50361.0,906926.0,857.0,0.001321
2022,Total,12-29,Rural,ambito,Servicios médicos,32972.0,1809700.0,1781.0,0.000715
2022,Total,30-59,Rural,ambito,Servicios médicos,131018.0,2368526.0,2361.0,0.001341
2022,Total,30-59,Urbano,ambito,Servicios médicos,189059.0,2772371.0,3068.0,0.001569
2022,Total,12-29,Urbano,ambito,Servicios médicos,47383.0,1565608.0,1700.0,0.001014
2022,Total,60+,Urbano,ambito,Servicios médicos,56462.0,1012535.0,1007.0,0.002933
2022,Total,60+,Rural,ambito,Oficina de gobierno,28791.0,906926.0,857.0,0.000917
2022,Total,12-29,Rural,ambito,Oficina de gobierno,29859.0,1809700.0,1781.0,0.000235
2022,Total,30-59,Rural,ambito,Oficina de gobierno,102006.0,2368526.0,2361.0,0.001203
2022,Total,30-59,Urbano,ambito,Oficina de gobierno,168786.0,2772371.0,3068.0,0.001533
2022,Total,12-29,Urbano,ambito,Oficina de gobierno,50970.0,1565608.0,1700.0,0.000448
2022,Total,60+,Urbano,ambito,Oficina de gobierno,37557.0,1012535.0,1007.0,0.002371
2022,Total,60+,Rural,ambito,"Negocio, centro comercial o banco",14724.0,906926.0,857.0,0.000862
2022,Total,12-29,Rural,ambito,"Negocio, centro comercial o banco",20254.0,1809700.0,1781.0,0.000571
2022,Total,30-59,Rural,ambito,"Negocio, centro comercial o banco",52537.0,2368526.0,2361.0,0.001209
2022,Total,30-59,Urbano,ambito,"Negocio, centro comercial o banco",67690.0,2772371.0,3068.0,0.000757
2022,Total,12-29,Urbano,ambito,"Negocio, centro comercial o banco",50384.0,1565608.0,1700.0,0.001585
2022,Total,60+,Urbano,ambito,"Negocio, centro comercial o banco",22232.0,1012535.0,1007.0,0.002052
2022,Total,60+,Rural,ambito,Calle o transporte público,39875.0,906926.0,857.0,0.001464
2022,Total,12-29,Rural,ambito,Calle o transporte público,84222.0,1809700.0,1781.0,0.001707
2022,Total,30-59,Rural,ambito,Calle o transporte público,102570.0,2368526.0,2361.0,0.00118
2022,Total,30-59,Urbano,ambito,Calle o transporte público,181368.0,2772371.0,3068.0,0.00169
2022,Total,12-29,Urbano,ambito,Calle o transporte público,125615.0,1565608.0,1700.0,0.002955
2022,Total,60+,Urbano,ambito,Calle o transporte público,49724.0,1012535.0,1007.0,0.003514
2022,Total,60+,Rural,ambito,Redes sociales,2092.0,906926.0,857.0,
2022,Total,12-29,Rural,ambito,Redes sociales,52069.0,1809700.0,1781.0,0.000795
2022,Total,30-59,Rural,ambito,Redes sociales,24273.0,2368526.0,2361.0,0.000374
2022,Total,30-59,Urbano,ambito,Redes sociales,64357.0,2772371.0,3068.0,0.000542
2022,Total,12-29,Urbano,ambito,Redes sociales,50009.0,1565608.0,1700.0,0.000596
2022,Total,60+,Urbano,ambito,Redes sociales,15402.0,1012535.0,1007.0,0.000428
2022,Total,60+,Rural,ambito,"Policía, Ministerio Público o fiscalía",5518.0,906926.0,857.0,0.000589
2022,Total,12-29,Rural,ambito,"Policía, Ministerio Público o fiscalía",14760.0,1809700.0,1781.0,0.000387
2022,Total,30-59,Rural,ambito,"Policía, Ministerio Público o fiscalía",36662.0,2368526.0,2361.0,0.000871
2022,Total,30-59,Urbano,ambito,"Policía, Ministerio Público o fiscalía",93750.0,2772371.0,3068.0,0.000913
2022,Total,12-29,Urbano,ambito,"Policía, Ministerio Público o fiscalía",41250.0,1565608.0,1700.0,0.000768
2022,Total,60+,Urbano,ambito,"Policía, Ministerio Público o fiscalía",10789.0,1012535.0,1007.0,8.7e-05
2022,Total,60+,Rural,ambito,Otro lugar,,906926.0,857.0,
2022,Total,12-29,Rural,ambito,Otro lugar,927.0,1809700.0,1781.0,6.2e-05
2022,Total,30-59,Rural,ambito,Otro lugar,931.0,2368526.0,2361.0,
2022,Total,30-59,Urbano,ambito,Otro lugar,319.0,2772371.0,3068.0,
2022,Total,12-29,Urbano,ambito,Otro lugar,1054.0,1565608.0,1700.0,4.5e-05
2022,Total,60+,Urbano,ambito,Otro lugar,,1012535.0,1007.0,
2022,Total,60+,Rural,ambito,En al menos un ámbito,123918.0,906926.0,857.0,0.00316
2022,Total,12-29,Rural,ambito,En al menos un ámbito,246713.0,1809700.0,1781.0,0.003315
2022,Total,30-59,Rural,ambito,En al menos un ámbito,388391.0,2368526.0,2361.0,0.002496
2022,Total,30-59,Urbano,ambito,En al menos un ámbito,618290.0,2772371.0,3068.0,0.00352
2022,Total,12-29,Urbano,ambito,En al menos un ámbito,348689.0,1565608.0,1700.0,0.005208
2022,Total,60+,Urbano,ambito,En al menos un ámbito,173587.0,1012535.0,1007.0,0.004831
2022,Total,60+,Rural,derecho,Atención médica o medicamentos,91619.0,875158.0,823.0,0.00239
2022,Total,12-29,Rural,derecho,Atención médica o medicamentos,119014.0,1778265.0,1740.0,0.00152
2022,Total,30-59,Rural,derecho,Atención médica o medicamentos,299922.0,2303439.0,2289.0,0.003255
2022,Total,30-59,Urbano,derecho,Atención médica o medicamentos,372798.0,2660981.0,2930.0,0.002354
2022,Total,12-29,Urbano,derecho,Atención médica o medicamentos,119784.0,1533003.0,1650.0,0.00221
2022,Total,60+,Urbano,derecho,Atención médica o medicamentos,101410.0,965461.0,958.0,0.003444
2022,Total,60+,Rural,derecho,Atención en una oficina de gobierno,47005.0,620493.0,554.0,0.002091
2022,Total,12-29,Rural,derecho,Atención en una oficina de gobierno,69539.0,1225760.0,1153.0,0.001657
2022,Total,30-59,Rural,derecho,Atención en una oficina de gobierno,187104.0,1781862.0,1718.0,0.002217
2022,Total,30-59,Urbano,derecho,Atención en una oficina de gobierno,275039.0,2309133.0,2488.0,0.002023
2022,Total,12-29,Urbano,derecho,Atención en una oficina de gobierno,89102.0,1226680.0,1304.0,0.002375
2022,Total,60+,Urbano,derecho,Atención en una oficina de gobierno,72240.0,796677.0,774.0,0.002984
2022,Total,60+,Rural,derecho,Entrada o permanencia en un negocio o banco,27950.0,805626.0,744.0,0.001221
2022,Total,12-29,Rural,derecho,Entrada o permanencia en un negocio o banco,45030.0,1692897.0,1662.0,0.001222
2022,Total,30-59,Rural,derecho,Entrada o permanencia en un negocio o banco,57366.0,2222245.0,2209.0,0.001306
2022,Total,30-59,Urbano,derecho,Entrada o permanencia en un negocio o banco,74057.0,2681748.0,2965.0,0.000895
2022,Total,12-29,Urbano,derecho,Entrada o permanencia en un negocio o banco,34691.0,1529542.0,1655.0,0.000759
2022,Total,60+,Urbano,derecho,Entrada o permanencia en un negocio o banco,21811.0,936672.0,925.0,0.001865
2022,Total,60+,Rural,derecho,Recibir apoyos de programas sociales,80029.0,797259.0,744.0,0.003274
2022,Total,12-29,Rural,derecho,Recibir apoyos de programas sociales,152353.0,1469851.0,1399.0,0.003235
2022,Total,30-59,Rural,derecho,Recibir apoyos de programas sociales,317346.0,1917262.0,1885.0,0.003213
2022,Total,30-59,Urbano,derecho,Recibir apoyos de programas sociales,470792.0,2101088.0,2221.0,0.003582
2022,Total,12-29,Urbano,derecho,Recibir apoyos de programas sociales,155111.0,1220597.0,1307.0,0.003958
2022,Total,60+,Urbano,derecho,Recibir apoyos de programas sociales,89896.0,853304.0,843.0,0.003455
2022,Total,12-29,Rural,derecho,Estudiar (12 a 35 años),45762.0,1664636.0,1612.0,0.001635
2022,Total,30-59,Rural,derecho,Estudiar (12 a 35 años),4525.0,354758.0,358.0,
2022,Total,30-59,Urbano,derecho,Estudiar (12 a 35 años),5696.0,456902.0,514.0,
2022,Total,12-29,Urbano,derecho,Estudiar (12 a 35 años),62327.0,1437170.0,1558.0,0.000729
2022,Total,60+,Rural,derecho,Trabajar u obtener un ascenso (18 y más),33101.0,534827.0,490.0,0.001119
2022,Total,12-29,Rural,derecho,Trabajar u obtener un ascenso (18 y más),41660.0,933547.0,901.0,0.003722
2022,Total,30-59,Rural,derecho,Trabajar u obtener un ascenso (18 y más),109968.0,1858217.0,1845.0,0.00158
2022,Total,30-59,Urbano,derecho,Trabajar u obtener un ascenso (18 y más),224376.0,2411187.0,2627.0,0.001998
2022,Total,12-29,Urbano,derecho,Trabajar u obtener un ascenso (18 y más),70859.0,1016346.0,1065.0,0.00095
2022,Total,60+,Urbano,derecho,Trabajar u obtener un ascenso (18 y más),64392.0,646176.0,629.0,0.001916
2022,Total,60+,Rural,derecho,"Crédito, préstamo o tarjeta (18 y más)",19210.0,303847.0,270.0,0.003683
2022,Total,12-29,Rural,derecho,"Crédito, préstamo o tarjeta (18 y más)",23088.0,560476.0,534.0,0.001488
2022,Total,30-59,Rural,derecho,"Crédito, préstamo o tarjeta (18 y más)",73919.0,1241569.0,1167.0,0.001586
2022,Total,30-59,Urbano,derecho,"Crédito, préstamo o tarjeta (18 y más)",147279.0,1872916.0,2020.0,0.002387
2022,Total,12-29,Urbano,derecho,"Crédito, préstamo o tarjeta (18 y más)",54104.0,694448.0,712.0,0.002435
2022,Total,60+,Urbano,derecho,"Crédito, préstamo o tarjeta (18 y más)",21771.0,543263.0,544.0,0.001599
2022,Total,60+,Rural,derecho,Rentar una vivienda (18 y más),3513.0,250456.0,221.0,0.000535
2022,Total,12-29,Rural,derecho,Rentar una vivienda (18 y más),11634.0,508505.0,461.0,0.000161
2022,Total,30-59,Rural,derecho,Rentar una vivienda (18 y más),28503.0,1003836.0,913.0,0.001308
2022,Total,30-59,Urbano,derecho,Rentar una vivienda (18 y más),47433.0,1571298.0,1586.0,0.00012
2022,Total,12-29,Urbano,derecho,Rentar una vivienda (18 y más),14206.0,655160.0,670.0,0.000154
2022,Total,60+,Urbano,derecho,Rentar una vivienda (18 y más),7031.0,413142.0,390.0,
2022,Total,60+,Rural,derecho_alguno,Al menos un derecho negado,178396.0,906926.0,857.0,0.004136
2022,Total,12-29,Rural,derecho_alguno,Al menos un derecho negado,208214.0,1085300.0,1063.0,0.005602
2022,Total,30-59,Rural,derecho_alguno,Al menos un derecho negado,630680.0,2368526.0,2361.0,0.004892
2022,Total,30-59,Urbano,derecho_alguno,Al menos un derecho negado,910561.0,2772371.0,3068.0,0.004357
2022,Total,12-29,Urbano,derecho_alguno,Al menos un derecho negado,308318.0,1131122.0,1189.0,0.004845
2022,Total,60+,Urbano,derecho_alguno,Al menos un derecho negado,255285.0,1012535.0,1007.0,0.004703
2022,Total,60+,Rural,respeto,Mucho,361036.0,892925.0,843.0,0.007214
2022,Total,12-29,Rural,respeto,Mucho,548933.0,1796885.0,1766.0,0.006026
2022,Total,30-59,Rural,respeto,Mucho,718572.0,2350051.0,2339.0,0.004435
2022,Total,30-59,Urbano,respeto,Mucho,514404.0,2760973.0,3055.0,0.003295
2022,Total,12-29,Urbano,respeto,Mucho,324610.0,1553892.0,1691.0,0.005902
2022,Total,60+,Urbano,respeto,Mucho,288626.0,1001526.0,995.0,0.004904
2022,Total,60+,Rural,respeto,Algo,238695.0,892925.0,843.0,0.005932
2022,Total,12-29,Rural,respeto,Algo,535068.0,1796885.0,1766.0,0.006412
2022,Total,30-59,Rural,respeto,Algo,612291.0,2350051.0,2339.0,0.004138
2022,Total,30-59,Urbano,respeto,Algo,740488.0,2760973.0,3055.0,0.003729
2022,Total,12-29,Urbano,respeto,Algo,486598.0,1553892.0,1691.0,0.005317
2022,Total,60+,Urbano,respeto,Algo,269168.0,1001526.0,995.0,0.005067
2022,Total,60+,Rural,respeto,Poco,242602.0,892925.0,843.0,0.00518
2022,Total,12-29,Rural,respeto,Poco,655193.0,1796885.0,1766.0,0.007054
2022,Total,30-59,Rural,respeto,Poco,878421.0,2350051.0,2339.0,0.005195
2022,Total,30-59,Urbano,respeto,Poco,1227181.0,2760973.0,3055.0,0.005343
2022,Total,12-29,Urbano,respeto,Poco,665178.0,1553892.0,1691.0,0.008934
2022,Total,60+,Urbano,respeto,Poco,344430.0,1001526.0,995.0,0.006073
2022,Total,60+,Rural,respeto,Nada,50592.0,892925.0,843.0,0.001681
2022,Total,12-29,Rural,respeto,Nada,57691.0,1796885.0,1766.0,0.000776
2022,Total,30-59,Rural,respeto,Nada,140767.0,2350051.0,2339.0,0.001154
2022,Total,30-59,Urbano,respeto,Nada,278900.0,2760973.0,3055.0,0.002056
2022,Total,12-29,Urbano,respeto,Nada,77506.0,1553892.0,1691.0,0.000914
2022,Total,60+,Urbano,respeto,Nada,99302.0,1001526.0,995.0,0.002961
2022,Total,30-59,Total,discriminacion,Por algún motivo,1486150.0,5140897.0,5429.0,0.003227
2022,Total,12-29,Total,discriminacion,Por algún motivo,994311.0,3375308.0,3481.0,0.004836
2022,Total,60+,Total,discriminacion,Por algún motivo,446313.0,1919461.0,1864.0,0.002455
2022,Total,30-59,Total,discriminacion,Por los diez motivos comunes a 2017 y 2022,1128236.0,5140897.0,5429.0,0.002308
2022,Total,12-29,Total,discriminacion,Por los diez motivos comunes a 2017 y 2022,871911.0,3375308.0,3481.0,0.004572
2022,Total,60+,Total,discriminacion,Por los diez motivos comunes a 2017 y 2022,326480.0,1919461.0,1864.0,0.002152
2022,Total,30-59,Total,motivo,Tono de piel,254488.0,5140897.0,5429.0,0.000979
2022,Total,12-29,Total,motivo,Tono de piel,205089.0,3375308.0,3481.0,0.001349
2022,Total,60+,Total,motivo,Tono de piel,71394.0,1919461.0,1864.0,0.000931
2022,Total,30-59,Total,motivo,Manera de hablar,446933.0,5140897.0,5429.0,0.001255
2022,Total,12-29,Total,motivo,Manera de hablar,251628.0,3375308.0,3481.0,0.001537
2022,Total,60+,Total,motivo,Manera de hablar,134644.0,1919461.0,1864.0,0.001254
2022,Total,30-59,Total,motivo,Peso o estatura,369497.0,5140897.0,5429.0,0.001102
2022,Total,12-29,Total,motivo,Peso o estatura,350516.0,3375308.0,3481.0,0.001834
2022,Total,60+,Total,motivo,Peso o estatura,74299.0,1919461.0,1864.0,0.000722
2022,Total,30-59,Total,motivo,Forma de vestir o arreglo personal,442693.0,5140897.0,5429.0,0.001299
2022,Total,12-29,Total,motivo,Forma de vestir o arreglo personal,359540.0,3375308.0,3481.0,0.001898
2022,Total,60+,Total,motivo,Forma de vestir o arreglo personal,117510.0,1919461.0,1864.0,0.00092
2022,Total,30-59,Total,motivo,Clase social,354774.0,5140897.0,5429.0,0.001227
2022,Total,12-29,Total,motivo,Clase social,219924.0,3375308.0,3481.0,0.001891
2022,Total,60+,Total,motivo,Clase social,93892.0,1919461.0,1864.0,0.001545
2022,Total,30-59,Total,motivo,Lugar donde vive,327754.0,5140897.0,5429.0,0.001192
2022,Total,12-29,Total,motivo,Lugar donde vive,204437.0,3375308.0,3481.0,0.002091
2022,Total,60+,Total,motivo,Lugar donde vive,94415.0,1919461.0,1864.0,0.001069
2022,Total,30-59,Total,motivo,Creencias religiosas,400088.0,5140897.0,5429.0,0.001045
2022,Total,12-29,Total,motivo,Creencias religiosas,255812.0,3375308.0,3481.0,0.001842
2022,Total,60+,Total,motivo,Creencias religiosas,92340.0,1919461.0,1864.0,0.000759
2022,Total,30-59,Total,motivo,Ser mujer u hombre,296628.0,5140897.0,5429.0,0.001086
2022,Total,12-29,Total,motivo,Ser mujer u hombre,222207.0,3375308.0,3481.0,0.001266
2022,Total,60+,Total,motivo,Ser mujer u hombre,70105.0,1919461.0,1864.0,0.00063
2022,Total,30-59,Total,motivo,Edad,247406.0,5140897.0,5429.0,0.000695
2022,Total,12-29,Total,motivo,Edad,173953.0,3375308.0,3481.0,0.001118
2022,Total,60+,Total,motivo,Edad,147417.0,1919461.0,1864.0,0.001618
2022,Total,30-59,Total,motivo,Orientación sexual,44226.0,5140897.0,5429.0,0.000221
2022,Total,12-29,Total,motivo,Orientación sexual,23155.0,3375308.0,3481.0,0.000199
2022,Total,60+,Total,motivo,Orientación sexual,8584.0,1919461.0,1864.0,2.6e-05
2022,Total,30-59,Total,motivo,Ser persona indígena o afrodescendiente,451177.0,5140897.0,5429.0,0.00157
2022,Total,12-29,Total,motivo,Ser persona indígena o afrodescendiente,267314.0,3375308.0,3481.0,0.00244
2022,Total,60+,Total,motivo,Ser persona indígena o afrodescendiente,131727.0,1919461.0,1864.0,0.001167
2022,Total,30-59,Total,motivo,Discapacidad,102279.0,5140897.0,5429.0,0.000423
2022,Total,12-29,Total,motivo,Discapacidad,32303.0,3375308.0,3481.0,0.000176
2022,Total,60+,Total,motivo,Discapacidad,60956.0,1919461.0,1864.0,0.000999
2022,Total,30-59,Total,motivo,Alguna enfermedad,158615.0,5140897.0,5429.0,0.000922
2022,Total,12-29,Total,motivo,Alguna enfermedad,43369.0,3375308.0,3481.0,0.000349
2022,Total,60+,Total,motivo,Alguna enfermedad,75502.0,1919461.0,1864.0,0.000982
2022,Total,30-59,Total,motivo,Opiniones políticas,434300.0,5140897.0,5429.0,0.001374
2022,Total,12-29,Total,motivo,Opiniones políticas,177731.0,3375308.0,3481.0,0.001375
2022,Total,60+,Total,motivo,Opiniones políticas,102699.0,1919461.0,1864.0,0.001406
2022,Total,30-59,Total,motivo,Estado civil o situación familiar,261061.0,5140897.0,5429.0,0.001592
2022,Total,12-29,Total,motivo,Estado civil o situación familiar,101818.0,3375308.0,3481.0,0.000798
2022,Total,60+,Total,motivo,Estado civil o situación familiar,31838.0,1919461.0,1864.0,0.000226
2022,Total,30-59,Total,motivo,Otro motivo,16529.0,5140897.0,5429.0,0.000194
2022,Total,12-29,Total,motivo,Otro motivo,8008.0,3375308.0,3481.0,1.4e-05
2022,Total,60+,Total,motivo,Otro motivo,5468.0,1919461.0,1864.0,
2022,Total,30-59,Total,por_indigena,Por ser persona indígena o afrodescendiente,451177.0,1486150.0,1504.0,0.004865
2022,Total,12-29,Total,por_indigena,Por ser persona indígena o afrodescendiente,267314.0,994311.0,1016.0,0.007341
2022,Total,60+,Total,por_indigena,Por ser persona indígena o afrodescendiente,131727.0,446313.0,428.0,0.003929
2022,Total,30-59,Total,ambito,Trabajo o escuela,276687.0,5140897.0,5429.0,0.000764
2022,Total,12-29,Total,ambito,Trabajo o escuela,232099.0,3375308.0,3481.0,0.001386
2022,Total,60+,Total,ambito,Trabajo o escuela,30627.0,1919461.0,1864.0,8.5e-05
2022,Total,30-59,Total,ambito,Familia,237258.0,5140897.0,5429.0,0.000713
2022,Total,12-29,Total,ambito,Familia,145812.0,3375308.0,3481.0,0.000795
2022,Total,60+,Total,ambito,Familia,94196.0,1919461.0,1864.0,0.001204
2022,Total,30-59,Total,ambito,Servicios médicos,320077.0,5140897.0,5429.0,0.001045
2022,Total,12-29,Total,ambito,Servicios médicos,80355.0,3375308.0,3481.0,0.000606
2022,Total,60+,Total,ambito,Servicios médicos,106823.0,1919461.0,1864.0,0.001669
2022,Total,30-59,Total,ambito,Oficina de gobierno,270792.0,5140897.0,5429.0,0.001001
2022,Total,12-29,Total,ambito,Oficina de gobierno,80829.0,3375308.0,3481.0,0.000242
2022,Total,60+,Total,ambito,Oficina de gobierno,66348.0,1919461.0,1864.0,0.001326
2022,Total,30-59,Total,ambito,"Negocio, centro comercial o banco",120227.0,5140897.0,5429.0,0.000691
2022,Total,12-29,Total,ambito,"Negocio, centro comercial o banco",70638.0,3375308.0,3481.0,0.000797
2022,Total,60+,Total,ambito,"Negocio, centro comercial o banco",36956.0,1919461.0,1864.0,0.001164
2022,Total,30-59,Total,ambito,Calle o transporte público,283938.0,5140897.0,5429.0,0.001067
2022,Total,12-29,Total,ambito,Calle o transporte público,209837.0,3375308.0,3481.0,0.001659
2022,Total,60+,Total,ambito,Calle o transporte público,89599.0,1919461.0,1864.0,0.001982
2022,Total,30-59,Total,ambito,Redes sociales,88630.0,5140897.0,5429.0,0.000343
2022,Total,12-29,Total,ambito,Redes sociales,102078.0,3375308.0,3481.0,0.000507
2022,Total,60+,Total,ambito,Redes sociales,17494.0,1919461.0,1864.0,0.000234
2022,Total,30-59,Total,ambito,"Policía, Ministerio Público o fiscalía",130412.0,5140897.0,5429.0,0.000637
2022,Total,12-29,Total,ambito,"Policía, Ministerio Público o fiscalía",56010.0,3375308.0,3481.0,0.000413
2022,Total,60+,Total,ambito,"Policía, Ministerio Público o fiscalía",16307.0,1919461.0,1864.0,0.000283
2022,Total,30-59,Total,ambito,Otro lugar,1250.0,5140897.0,5429.0,
2022,Total,12-29,Total,ambito,Otro lugar,1981.0,3375308.0,3481.0,3.9e-05
2022,Total,60+,Total,ambito,Otro lugar,,1919461.0,1864.0,
2022,Total,30-59,Total,ambito,En al menos un ámbito,1006681.0,5140897.0,5429.0,0.002203
2022,Total,12-29,Total,ambito,En al menos un ámbito,595402.0,3375308.0,3481.0,0.00306
2022,Total,60+,Total,ambito,En al menos un ámbito,297505.0,1919461.0,1864.0,0.00299
2022,Total,30-59,Total,derecho,Atención médica o medicamentos,672720.0,4964420.0,5219.0,0.001963
2022,Total,12-29,Total,derecho,Atención médica o medicamentos,238798.0,3311268.0,3390.0,0.001309
2022,Total,60+,Total,derecho,Atención médica o medicamentos,193029.0,1840619.0,1781.0,0.002134
2022,Total,30-59,Total,derecho,Atención en una oficina de gobierno,462143.0,4090995.0,4206.0,0.001491
2022,Total,12-29,Total,derecho,Atención en una oficina de gobierno,158641.0,2452440.0,2457.0,0.001448
2022,Total,60+,Total,derecho,Atención en una oficina de gobierno,119245.0,1417170.0,1328.0,0.001924
2022,Total,30-59,Total,derecho,Entrada o permanencia en un negocio o banco,131423.0,4903993.0,5174.0,0.000768
2022,Total,12-29,Total,derecho,Entrada o permanencia en un negocio o banco,79721.0,3222439.0,3317.0,0.000739
2022,Total,60+,Total,derecho,Entrada o permanencia en un negocio o banco,49761.0,1742298.0,1669.0,0.001143
2022,Total,30-59,Total,derecho,Recibir apoyos de programas sociales,788138.0,4018350.0,4106.0,0.002439
2022,Total,12-29,Total,derecho,Recibir apoyos de programas sociales,307464.0,2690448.0,2706.0,0.00252
2022,Total,60+,Total,derecho,Recibir apoyos de programas sociales,169925.0,1650563.0,1587.0,0.002388
2022,Total,30-59,Total,derecho,Estudiar (12 a 35 años),10221.0,811660.0,872.0,
2022,Total,12-29,Total,derecho,Estudiar (12 a 35 años),108089.0,3101806.0,3170.0,0.000929
2022,Total,30-59,Total,derecho,Trabajar u obtener un ascenso (18 y más),334344.0,4269404.0,4472.0,0.001329
2022,Total,12-29,Total,derecho,Trabajar u obtener un ascenso (18 y más),112519.0,1949893.0,1966.0,0.001828
2022,Total,60+,Total,derecho,Trabajar u obtener un ascenso (18 y más),97493.0,1181003.0,1119.0,0.001161
2022,Total,30-59,Total,derecho,"Crédito, préstamo o tarjeta (18 y más)",221198.0,3114485.0,3187.0,0.001578
2022,Total,12-29,Total,derecho,"Crédito, préstamo o tarjeta (18 y más)",77192.0,1254924.0,1246.0,0.00152
2022,Total,60+,Total,derecho,"Crédito, préstamo o tarjeta (18 y más)",40981.0,847110.0,814.0,0.001685
2022,Total,30-59,Total,derecho,Rentar una vivienda (18 y más),75936.0,2575134.0,2499.0,0.000515
2022,Total,12-29,Total,derecho,Rentar una vivienda (18 y más),25840.0,1163665.0,1131.0,0.000112
2022,Total,60+,Total,derecho,Rentar una vivienda (18 y más),10544.0,663598.0,611.0,0.000202
2022,Total,30-59,Total,derecho_alguno,Al menos un derecho negado,1541241.0,5140897.0,5429.0,0.003248
2022,Total,12-29,Total,derecho_alguno,Al menos un derecho negado,516532.0,2216422.0,2252.0,0.003679
2022,Total,60+,Total,derecho_alguno,Al menos un derecho negado,433681.0,1919461.0,1864.0,0.003178
2022,Total,30-59,Total,respeto,Mucho,1232976.0,5111024.0,5394.0,0.002759
2022,Total,12-29,Total,respeto,Mucho,873543.0,3350777.0,3457.0,0.004165
2022,Total,60+,Total,respeto,Mucho,649662.0,1894451.0,1838.0,0.004238
2022,Total,30-59,Total,respeto,Algo,1352779.0,5111024.0,5394.0,0.002771
2022,Total,12-29,Total,respeto,Algo,1021666.0,3350777.0,3457.0,0.004221
2022,Total,60+,Total,respeto,Algo,507863.0,1894451.0,1838.0,0.003873
2022,Total,30-59,Total,respeto,Poco,2105602.0,5111024.0,5394.0,0.003719
2022,Total,12-29,Total,respeto,Poco,1320371.0,3350777.0,3457.0,0.005665
2022,Total,60+,Total,respeto,Poco,587032.0,1894451.0,1838.0,0.004053
2022,Total,30-59,Total,respeto,Nada,419667.0,5111024.0,5394.0,0.001244
2022,Total,12-29,Total,respeto,Nada,135197.0,3350777.0,3457.0,0.0006
2022,Total,60+,Total,respeto,Nada,149894.0,1894451.0,1838.0,0.001792
2022,Total,Todas,Rural,discriminacion,Por algún motivo,1250444.0,5085152.0,4999.0,0.004394
2022,Total,Todas,Urbano,discriminacion,Por algún motivo,1676330.0,5350514.0,5775.0,0.004204
2022,Total,Todas,Rural,discriminacion,Por los diez motivos comunes a 2017 y 2022,987233.0,5085152.0,4999.0,0.003775
2022,Total,Todas,Urbano,discriminacion,Por los diez motivos comunes a 2017 y 2022,1339394.0,5350514.0,5775.0,0.003491
2022,Total,Todas,Rural,motivo,Tono de piel,208209.0,5085152.0,4999.0,0.000981
2022,Total,Todas,Urbano,motivo,Tono de piel,322762.0,5350514.0,5775.0,0.001668
2022,Total,Todas,Rural,motivo,Manera de hablar,394796.0,5085152.0,4999.0,0.001806
2022,Total,Todas,Urbano,motivo,Manera de hablar,438409.0,5350514.0,5775.0,0.001977
2022,Total,Todas,Rural,motivo,Peso o estatura,302013.0,5085152.0,4999.0,0.001456
2022,Total,Todas,Urbano,motivo,Peso o estatura,492299.0,5350514.0,5775.0,0.002045
2022,Total,Todas,Rural,motivo,Forma de vestir o arreglo personal,381469.0,5085152.0,4999.0,0.001631
2022,Total,Todas,Urbano,motivo,Forma de vestir o arreglo personal,538274.0,5350514.0,5775.0,0.002358
2022,Total,Todas,Rural,motivo,Clase social,263580.0,5085152.0,4999.0,0.001262
2022,Total,Todas,Urbano,motivo,Clase social,405010.0,5350514.0,5775.0,0.002197
2022,Total,Todas,Rural,motivo,Lugar donde vive,267735.0,5085152.0,4999.0,0.00137
2022,Total,Todas,Urbano,motivo,Lugar donde vive,358871.0,5350514.0,5775.0,0.001938
2022,Total,Todas,Rural,motivo,Creencias religiosas,312552.0,5085152.0,4999.0,0.001471
2022,Total,Todas,Urbano,motivo,Creencias religiosas,435688.0,5350514.0,5775.0,0.001646
2022,Total,Todas,Rural,motivo,Ser mujer u hombre,218883.0,5085152.0,4999.0,0.000981
2022,Total,Todas,Urbano,motivo,Ser mujer u hombre,370057.0,5350514.0,5775.0,0.001527
2022,Total,Todas,Rural,motivo,Edad,241785.0,5085152.0,4999.0,0.000982
2022,Total,Todas,Urbano,motivo,Edad,326991.0,5350514.0,5775.0,0.001337
2022,Total,Todas,Rural,motivo,Orientación sexual,28298.0,5085152.0,4999.0,0.000303
2022,Total,Todas,Urbano,motivo,Orientación sexual,47667.0,5350514.0,5775.0,0.000107
2022,Total,Todas,Rural,motivo,Ser persona indígena o afrodescendiente,400278.0,5085152.0,4999.0,0.002202
2022,Total,Todas,Urbano,motivo,Ser persona indígena o afrodescendiente,449940.0,5350514.0,5775.0,0.002101
2022,Total,Todas,Rural,motivo,Discapacidad,90678.0,5085152.0,4999.0,0.000594
2022,Total,Todas,Urbano,motivo,Discapacidad,104860.0,5350514.0,5775.0,0.000387
2022,Total,Todas,Rural,motivo,Alguna enfermedad,124140.0,5085152.0,4999.0,0.000673
2022,Total,Todas,Urbano,motivo,Alguna enfermedad,153346.0,5350514.0,5775.0,0.000817
2022,Total,Todas,Rural,motivo,Opiniones políticas,267764.0,5085152.0,4999.0,0.001423
2022,Total,Todas,Urbano,motivo,Opiniones políticas,446966.0,5350514.0,5775.0,0.001563
2022,Total,Todas,Rural,motivo,Estado civil o situación familiar,170050.0,5085152.0,4999.0,0.000918
2022,Total,Todas,Urbano,motivo,Estado civil o situación familiar,224667.0,5350514.0,5775.0,0.001491
2022,Total,Todas,Rural,motivo,Otro motivo,6056.0,5085152.0,4999.0,7.6e-05
2022,Total,Todas,Urbano,motivo,Otro motivo,23949.0,5350514.0,5775.0,0.000176
2022,Total,Todas,Rural,por_indigena,Por ser persona indígena o afrodescendiente,400278.0,1250444.0,1194.0,0.00721
2022,Total,Todas,Urbano,por_indigena,Por ser persona indígena o afrodescendiente,449940.0,1676330.0,1754.0,0.006127
2022,Total,Todas,Rural,ambito,Trabajo o escuela,206640.0,5085152.0,4999.0,0.001098
2022,Total,Todas,Urbano,ambito,Trabajo o escuela,332773.0,5350514.0,5775.0,0.001045
2022,Total,Todas,Rural,ambito,Familia,171009.0,5085152.0,4999.0,0.000826
2022,Total,Todas,Urbano,ambito,Familia,306257.0,5350514.0,5775.0,0.001163
2022,Total,Todas,Rural,ambito,Servicios médicos,214351.0,5085152.0,4999.0,0.00111
2022,Total,Todas,Urbano,ambito,Servicios médicos,292904.0,5350514.0,5775.0,0.001289
2022,Total,Todas,Rural,ambito,Oficina de gobierno,160656.0,5085152.0,4999.0,0.000797
2022,Total,Todas,Urbano,ambito,Oficina de gobierno,257313.0,5350514.0,5775.0,0.001304
2022,Total,Todas,Rural,ambito,"Negocio, centro comercial o banco",87515.0,5085152.0,4999.0,0.000748
2022,Total,Todas,Urbano,ambito,"Negocio, centro comercial o banco",140306.0,5350514.0,5775.0,0.000987
2022,Total,Todas,Rural,ambito,Calle o transporte público,226667.0,5085152.0,4999.0,0.001218
2022,Total,Todas,Urbano,ambito,Calle o transporte público,356707.0,5350514.0,5775.0,0.002048
2022,Total,Todas,Rural,ambito,Redes sociales,78434.0,5085152.0,4999.0,0.0005
2022,Total,Todas,Urbano,ambito,Redes sociales,129768.0,5350514.0,5775.0,0.000406
2022,Total,Todas,Rural,ambito,"Policía, Ministerio Público o fiscalía",56940.0,5085152.0,4999.0,0.000414
2022,Total,Todas,Urbano,ambito,"Policía, Ministerio Público o fiscalía",145789.0,5350514.0,5775.0,0.000707
2022,Total,Todas,Rural,ambito,Otro lugar,1858.0,5085152.0,4999.0,2.2e-05
2022,Total,Todas,Urbano,ambito,Otro lugar,1373.0,5350514.0,5775.0,1.3e-05
2022,Total,Todas,Rural,ambito,En al menos un ámbito,759022.0,5085152.0,4999.0,0.002579
2022,Total,Todas,Urbano,ambito,En al menos un ámbito,1140566.0,5350514.0,5775.0,0.003544
2022,Total,Todas,Rural,derecho,Atención médica o medicamentos,510555.0,4956862.0,4852.0,0.002713
2022,Total,Todas,Urbano,derecho,Atención médica o medicamentos,593992.0,5159445.0,5538.0,0.001975
2022,Total,Todas,Rural,derecho,Atención en una oficina de gobierno,303648.0,3628115.0,3425.0,0.001722
2022,Total,Todas,Urbano,derecho,Atención en una oficina de gobierno,436381.0,4332490.0,4566.0,0.00205
2022,Total,Todas,Rural,derecho,Entrada o permanencia en un negocio o banco,130346.0,4720768.0,4615.0,0.000948
2022,Total,Todas,Urbano,derecho,Entrada o permanencia en un negocio o banco,130559.0,5147962.0,5545.0,0.000979
2022,Total,Todas,Rural,derecho,Recibir apoyos de programas sociales,549728.0,4184372.0,4028.0,0.002465
2022,Total,Todas,Urbano,derecho,Recibir apoyos de programas sociales,715799.0,4174989.0,4371.0,0.00344
2022,Total,Todas,Rural,derecho,Estudiar (12 a 35 años),50287.0,2019394.0,1970.0,0.001387
2022,Total,Todas,Urbano,derecho,Estudiar (12 a 35 años),68023.0,1894072.0,2072.0,0.000692
2022,Total,Todas,Rural,derecho,Trabajar u obtener un ascenso (18 y más),184729.0,3326591.0,3236.0,0.001678
2022,Total,Todas,Urbano,derecho,Trabajar u obtener un ascenso (18 y más),359627.0,4073709.0,4321.0,0.001709
2022,Total,Todas,Rural,derecho,"Crédito, préstamo o tarjeta (18 y más)",116217.0,2105892.0,1971.0,0.00249
2022,Total,Todas,Urbano,derecho,"Crédito, préstamo o tarjeta (18 y más)",223154.0,3110627.0,3276.0,0.001521
2022,Total,Todas,Rural,derecho,Rentar una vivienda (18 y más),43650.0,1762797.0,1595.0,0.000985
2022,Total,Todas,Urbano,derecho,Rentar una vivienda (18 y más),68670.0,2639600.0,2646.0,0.000148
2022,Total,Todas,Rural,derecho_alguno,Al menos un derecho negado,1017290.0,4360752.0,4281.0,0.004168
2022,Total,Todas,Urbano,derecho_alguno,Al menos un derecho negado,1474164.0,4916028.0,5264.0,0.004554
2022,Total,Todas,Rural,respeto,Mucho,1628541.0,5039861.0,4948.0,0.005162
2022,Total,Todas,Urbano,respeto,Mucho,1127640.0,5316391.0,5741.0,0.003552
2022,Total,Todas,Rural,respeto,Algo,1386054.0,5039861.0,4948.0,0.00509
2022,Total,Todas,Urbano,respeto,Algo,1496254.0,5316391.0,5741.0,0.00383
2022,Total,Todas,Rural,respeto,Poco,1776216.0,5039861.0,4948.0,0.005496
2022,Total,Todas,Urbano,respeto,Poco,2236789.0,5316391.0,5741.0,0.005373
2022,Total,Todas,Rural,respeto,Nada,249050.0,5039861.0,4948.0,0.000917
2022,Total,Todas,Urbano,respeto,Nada,455708.0,5316391.0,5741.0,0.001811
2022,Total,Todas,Total,discriminacion,Por algún motivo,2926774.0,10435666.0,10774.0,0.003049
2022,Total,Todas,Total,discriminacion,Por los diez motivos comunes a 2017 y 2022,2326627.0,10435666.0,10774.0,0.002571
2022,Total,Todas,Total,motivo,Tono de piel,530971.0,10435666.0,10774.0,0.000983
2022,Total,Todas,Total,motivo,Manera de hablar,833205.0,10435666.0,10774.0,0.001343
2022,Total,Todas,Total,motivo,Peso o estatura,794312.0,10435666.0,10774.0,0.001269
2022,Total,Todas,Total,motivo,Forma de vestir o arreglo personal,919743.0,10435666.0,10774.0,0.001443
2022,Total,Todas,Total,motivo,Clase social,668590.0,10435666.0,10774.0,0.001282
2022,Total,Todas,Total,motivo,Lugar donde vive,626606.0,10435666.0,10774.0,0.001199
2022,Total,Todas,Total,motivo,Creencias religiosas,748240.0,10435666.0,10774.0,0.001111
2022,Total,Todas,Total,motivo,Ser mujer u hombre,588940.0,10435666.0,10774.0,0.000918
2022,Total,Todas,Total,motivo,Edad,568776.0,10435666.0,10774.0,0.000839
2022,Total,Todas,Total,motivo,Orientación sexual,75965.0,10435666.0,10774.0,0.000157
2022,Total,Todas,Total,motivo,Ser persona indígena o afrodescendiente,850218.0,10435666.0,10774.0,0.00152
2022,Total,Todas,Total,motivo,Discapacidad,195538.0,10435666.0,10774.0,0.000351
2022,Total,Todas,Total,motivo,Alguna enfermedad,277486.0,10435666.0,10774.0,0.000531
2022,Total,Todas,Total,motivo,Opiniones políticas,714730.0,10435666.0,10774.0,0.001058
2022,Total,Todas,Total,motivo,Estado civil o situación familiar,394717.0,10435666.0,10774.0,0.000887
2022,Total,Todas,Total,motivo,Otro motivo,30005.0,10435666.0,10774.0,9.8e-05
2022,Total,Todas,Total,por_indigena,Por ser persona indígena o afrodescendiente,850218.0,2926774.0,2948.0,0.004698
2022,Total,Todas,Total,ambito,Trabajo o escuela,539413.0,10435666.0,10774.0,0.000749
2022,Total,Todas,Total,ambito,Familia,477266.0,10435666.0,10774.0,0.00072
2022,Total,Todas,Total,ambito,Servicios médicos,507255.0,10435666.0,10774.0,0.000857
2022,Total,Todas,Total,ambito,Oficina de gobierno,417969.0,10435666.0,10774.0,0.000779
2022,Total,Todas,Total,ambito,"Negocio, centro comercial o banco",227821.0,10435666.0,10774.0,0.000626
2022,Total,Todas,Total,ambito,Calle o transporte público,583374.0,10435666.0,10774.0,0.001205
2022,Total,Todas,Total,ambito,Redes sociales,208202.0,10435666.0,10774.0,0.000318
2022,Total,Todas,Total,ambito,"Policía, Ministerio Público o fiscalía",202729.0,10435666.0,10774.0,0.00042
2022,Total,Todas,Total,ambito,Otro lugar,3231.0,10435666.0,10774.0,1.3e-05
2022,Total,Todas,Total,ambito,En al menos un ámbito,1899588.0,10435666.0,10774.0,0.002203
2022,Total,Todas,Total,derecho,Atención médica o medicamentos,1104547.0,10116307.0,10390.0,0.001665
2022,Total,Todas,Total,derecho,Atención en una oficina de gobierno,740029.0,7960605.0,7991.0,0.001369
2022,Total,Todas,Total,derecho,Entrada o permanencia en un negocio o banco,260905.0,9868730.0,10160.0,0.000683
2022,Total,Todas,Total,derecho,Recibir apoyos de programas sociales,1265527.0,8359361.0,8399.0,0.00213
2022,Total,Todas,Total,derecho,Estudiar (12 a 35 años),118310.0,3913466.0,4042.0,0.000784
2022,Total,Todas,Total,derecho,Trabajar u obtener un ascenso (18 y más),544356.0,7400300.0,7557.0,0.001206
2022,Total,Todas,Total,derecho,"Crédito, préstamo o tarjeta (18 y más)",339371.0,5216519.0,5247.0,0.001353
2022,Total,Todas,Total,derecho,Rentar una vivienda (18 y más),112320.0,4402397.0,4241.0,0.000404
2022,Total,Todas,Total,derecho_alguno,Al menos un derecho negado,2491454.0,9276780.0,9545.0,0.003119
2022,Total,Todas,Total,respeto,Mucho,2756181.0,10356252.0,10689.0,0.003074
2022,Total,Todas,Total,respeto,Algo,2882308.0,10356252.0,10689.0,0.003161
2022,Total,Todas,Total,respeto,Poco,4013005.0,10356252.0,10689.0,0.003859
2022,Total,Todas,Total,respeto,Nada,704758.0,10356252.0,10689.0,0.001049
