nivel,cve,nombre,padre,minx,miny,maxx,maxy
entidad,01,Aguascalientes,00,-102.8714,21.6245,-101.896,22.4178
entidad,02,Baja California,00,-118.366,27.8791,-112.5414,32.7182
entidad,03,Baja California Sur,00,-115.2162,18.3381,-109.4153,27.9525
entidad,04,Campeche,00,-92.4681,17.8144,-89.0121,20.8008
entidad,05,Coahuila,00,-104.0313,24.5182,-99.8434,29.8781
entidad,06,Colima,00,-104.7013,18.697,-103.4878,19.5608
entidad,07,Chiapas,00,-94.157,14.5347,-90.3932,17.9738
entidad,08,Chihuahua,00,-109.0308,25.5946,-103.3854,31.7844
entidad,09,Ciudad de México,00,-99.3255,19.0284,-98.854,19.5293
entidad,10,Durango,00,-107.2694,22.3023,-102.5385,26.8395
entidad,11,Guanajuato,00,-102.1342,19.9192,-99.713,21.8569
entidad,12,Guerrero,00,-102.1859,16.3192,-98.0217,19.0603
entidad,13,Hidalgo,00,-99.8622,19.5501,-97.9352,21.412
entidad,14,Jalisco,00,-105.695,18.9569,-101.5473,22.6675
entidad,15,Estado de México,00,-100.4791,18.3468,-98.5468,20.3071
entidad,16,Michoacán,00,-103.7473,17.9144,-100.0936,20.3724
entidad,17,Morelos,00,-99.4704,18.3472,-98.5468,19.0743
entidad,18,Nayarit,00,-106.6883,20.5907,-103.8009,23.0453
entidad,19,Nuevo León,00,-101.2608,23.1723,-98.4149,27.7713
entidad,20,Oaxaca,00,-98.5559,15.6579,-93.8739,18.6332
entidad,21,Puebla,00,-98.9743,17.9101,-96.6487,20.852
entidad,22,Querétaro,00,-100.584,20.0438,-99.0424,21.5849
entidad,23,Quintana Roo,00,-89.4154,17.867,-86.7237,21.5902
entidad,24,San Luis Potosí,00,-102.2893,21.1907,-98.3332,24.5395
entidad,25,Sinaloa,00,-109.4443,22.4733,-105.3975,27.0409
entidad,26,Sonora,00,-115.038,26.3008,-108.3289,32.4955
entidad,27,Tabasco,00,-94.1284,17.2526,-90.9806,18.6497
entidad,28,Tamaulipas,00,-100.1217,22.1975,-97.1439,27.668
entidad,29,Tlaxcala,00,-98.6747,19.1376,-97.5468,19.7632
entidad,30,Veracruz,00,-98.7115,17.1516,-93.6096,22.4535
entidad,31,Yucatán,00,-90.4159,19.6511,-87.5256,21.6245
entidad,32,Zacatecas,00,-104.3632,20.9994,-100.8323,25.1477
municipio,01005,Jesús María,01,-102.5984,21.7951,-102.265,22.0625
municipio,01008,San José de Gracia,01,-102.6935,21.9852,-102.3544,22.3232
municipio,01001,Aguascalientes,01,-102.5831,21.6223,-102.0645,22.0753
municipio,01004,Cosío,01,-102.3784,22.2817,-102.2389,22.4596
municipio,01011,San Francisco de los Romo,01,-102.3103,21.9431,-102.1346,22.0999
municipio,01006,Pabellón de Arteaga,01,-102.4188,22.0267,-102.191,22.1831
municipio,01003,Calvillo,01,-102.8742,21.7156,-102.5296,22.1056
municipio,01010,El Llano,01,-102.1762,21.7879,-101.8353,22.0694
municipio,01002,Asientos,01,-102.2193,21.9584,-101.8552,22.3061
municipio,01009,Tepezalá,01,-102.2773,22.1254,-102.1241,22.3624
municipio,01007,Rincón de Romos,01,-102.4712,22.127,-102.1848,22.3745
municipio,02003,Tecate,02,-116.7553,32.2112,-115.8742,32.6361
municipio,02004,Tijuana,02,-117.3,32.1824,-116.6068,32.5668
municipio,02001,Ensenada,02,-116.8876,28.0295,-115.1566,32.3862
municipio,02006,San Quintín,02,-118.3653,28.0,-112.2968,31.1264
municipio,02007,San Felipe,02,-115.6036,29.286,-113.8362,31.857
municipio,02002,Mexicali,02,-115.8822,31.3616,-114.6506,32.7187
municipio,02005,Playas de Rosarito,02,-117.0964,32.0883,-116.6723,32.4264
municipio,03002,Mulegé,03,-115.2243,26.5175,-111.4251,28.0
municipio,03009,Loreto,03,-111.7732,25.2363,-110.7551,26.5542
municipio,03008,Los Cabos,03,-110.12,22.8721,-109.4131,23.6714
municipio,03003,La Paz,03,-111.6839,23.1127,-109.6957,25.115
municipio,03001,Comondú,03,-115.7661,24.3048,-110.6893,26.5542
municipio,04003,Carmen,04,-92.4688,17.874,-90.7954,19.0323
municipio,04007,Palizada,04,-92.2204,17.9352,-91.6573,18.5891
municipio,04013,Dzitbalché,04,-90.1225,20.1128,-89.8407,20.3469
municipio,04005,Hecelchakán,04,-90.4948,19.9164,-89.8555,20.2715
municipio,04004,Champotón,04,-91.1855,18.5726,-89.9086,19.6173
municipio,04011,Candelaria,04,-91.3283,17.8155,-90.2367,18.5077
municipio,04012,Seybaplaya,04,-90.7437,19.4869,-90.551,19.72
municipio,04002,Campeche,04,-91.979,19.2209,-89.8611,20.2086
municipio,04006,Hopelchén,04,-90.0857,18.873,-89.1358,20.2093
municipio,04001,Calkiní,04,-90.5026,20.2106,-89.838,20.8483
municipio,04010,Calakmul,04,-90.2488,17.8156,-89.1212,19.162
municipio,04009,Escárcega,04,-91.03,18.1665,-90.0376,18.998
municipio,04008,Tenabo,04,-90.4912,19.7851,-89.9912,20.1424
municipio,05005,Candela,05,-101.1126,26.5456,-100.534,27.1108
municipio,05017,Matamoros,05,-103.3662,25.3713,-103.0305,25.7758
municipio,05018,Monclova,05,-101.5293,26.6977,-100.9167,27.063
municipio,05014,Jiménez,05,-101.3478,28.7299,-100.6457,29.2815
municipio,05035,Torreón,05,-103.5109,24.7934,-102.9568,25.6914
municipio,05013,Hidalgo,05,-100.3218,27.6153,-99.8433,28.0896
municipio,05015,Juárez,05,-101.0511,27.3925,-100.2862,27.9344
municipio,05020,Múzquiz,05,-102.638,27.6337,-101.2158,29.0641
municipio,05024,Parras,05,-102.9047,24.7544,-101.3793,26.4218
municipio,05026,Progreso,05,-101.6066,27.0213,-100.4227,27.7331
municipio,05027,Ramos Arizpe,05,-101.8949,25.4503,-100.5297,26.3972
municipio,05025,Piedras Negras,05,-100.7656,28.6066,-100.4462,28.9407
municipio,05028,Sabinas,05,-101.3667,27.6367,-100.9019,28.2441
municipio,05030,Saltillo,05,-101.621,24.5427,-100.7275,25.5228
municipio,05031,San Buenaventura,05,-102.4929,27.0152,-101.4129,28.6677
municipio,05016,Lamadrid,05,-102.0974,27.021,-101.7101,27.3056
municipio,05004,Arteaga,05,-100.9512,25.1533,-100.2296,25.5358
municipio,05002,Acuña,05,-102.9063,28.9701,-100.8489,29.88
municipio,05032,San Juan de Sabinas,05,-101.6136,27.8791,-101.1898,28.2393
municipio,05033,San Pedro,05,-103.2351,25.6006,-101.869,26.6484
municipio,05009,Francisco I. Madero,05,-103.416,25.7068,-102.8797,26.7541
municipio,05012,Guerrero,05,-100.6696,27.7439,-100.0554,28.5564
municipio,05006,Castaños,05,-101.8381,26.1852,-100.9838,26.8921
municipio,05003,Allende,05,-101.0347,28.1905,-100.7318,28.381
municipio,05023,Ocampo,05,-103.6375,26.8731,-101.8935,29.2405
municipio,05008,Escobedo,05,-101.51,27.0964,-100.9248,27.5174
municipio,05022,Nava,05,-100.8393,28.3331,-100.3969,28.651
municipio,05019,Morelos,05,-101.3042,28.2224,-100.8083,28.4535
municipio,05007,Cuatro Ciénegas,05,-103.2131,26.0515,-101.4849,27.2788
municipio,05034,Sierra Mojada,05,-103.96,26.6167,-103.0449,28.5543
municipio,05037,Villa Unión,05,-101.033,27.8214,-100.5381,28.3775
municipio,05029,Sacramento,05,-101.869,26.8298,-101.65,27.0422
municipio,05001,Abasolo,05,-101.4974,27.007,-100.9423,27.2792
municipio,05038,Zaragoza,05,-101.9972,28.3765,-100.6037,29.3718
municipio,05021,Nadadores,05,-101.9979,26.973,-101.5205,27.49
municipio,05010,Frontera,05,-101.7164,26.8067,-101.3488,27.1007
municipio,05011,General Cepeda,05,-101.8734,25.1767,-101.1837,25.9114
municipio,05036,Viesca,05,-103.4936,24.7398,-102.4468,25.6349
municipio,06006,Ixtlahuacán,06,-103.784,18.8261,-103.5783,19.0886
municipio,06002,Colima,06,-103.8258,18.8713,-103.4885,19.3256
municipio,06005,Cuauhtémoc,06,-103.6905,19.1883,-103.4864,19.4886
municipio,06008,Minatitlán,06,-104.2273,19.2458,-103.8811,19.4977
municipio,06001,Armería,06,-104.1199,18.8665,-103.895,19.152
municipio,06004,Coquimatlán,06,-104.07,19.0456,-103.7761,19.3063
municipio,06010,Villa de Álvarez,06,-104.0293,19.2202,-103.6468,19.4291
municipio,06003,Comala,06,-103.9088,19.2907,-103.6062,19.5125
municipio,06007,Manzanillo,06,-112.0662,18.9438,-104.0231,19.3349
municipio,06009,Tecomán,06,-114.7594,18.3389,-103.62,19.1214
municipio,07019,Comitán de Domínguez,07,-92.3532,16.014,-91.9967,16.5671
municipio,07090,Tapalapa,07,-93.1588,17.1524,-93.0714,17.2794
municipio,07020,La Concordia,07,-93.1296,15.6645,-92.2955,16.2557
municipio,07021,Copainalá,07,-93.3788,17.0027,-93.1351,17.2285
municipio,07079,San Fernando,07,-93.3107,16.7957,-93.104,17.0303
municipio,07109,Yajalón,07,-92.4454,17.0999,-92.2035,17.2549
municipio,07108,Villaflores,07,-93.771,16.1642,-93.048,16.5858
municipio,07107,Villa Corzo,07,-93.6138,15.833,-92.8578,16.2928
municipio,07106,Venustiano Carranza,07,-92.8755,16.123,-92.3447,16.494
municipio,07104,Tzimol,07,-92.3351,15.9477,-92.139,16.2696
municipio,07103,Tuzantán,07,-92.4873,15.047,-92.3339,15.2337
municipio,07102,Tuxtla Chico,07,-92.2649,14.7593,-92.1362,14.9931
municipio,07101,Tuxtla Gutiérrez,07,-93.2476,16.6452,-93.0339,16.8443
municipio,07120,Capitán Luis Ángel Vidal,07,-92.6998,15.482,-92.5109,15.6294
municipio,07074,Reforma,07,-93.3805,17.7522,-93.0907,17.9853
municipio,07075,Las Rosas,07,-92.4548,16.2756,-92.2748,16.4625
municipio,07057,Motozintla,07,-92.4817,15.1641,-92.184,15.4462
municipio,07007,Amatenango del Valle,07,-92.4895,16.4455,-92.3081,16.5867
municipio,07111,Zinacantán,07,-92.8811,16.6435,-92.6832,16.7809
municipio,07054,Mazatán,07,-92.6761,14.7551,-92.3856,15.0002
municipio,07076,Sabanilla,07,-92.7356,17.1932,-92.5114,17.4568
municipio,07081,Simojovel,07,-92.7975,17.0679,-92.4346,17.2246
municipio,07063,Osumacinta,07,-93.1498,16.8366,-93.0203,16.9557
municipio,07110,San Lucas,07,-92.8258,16.5692,-92.6164,16.6865
municipio,07051,Mapastepec,07,-93.1237,15.221,-92.6598,15.6717
municipio,07070,El Porvenir,07,-92.3413,15.3901,-92.2038,15.4684
municipio,07112,San Juan Cancuc,07,-92.4582,16.8513,-92.3099,17.01
municipio,07050,La Libertad,07,-91.8716,17.4695,-91.6343,17.7313
municipio,07022,Chalchihuitán,07,-92.7112,16.9501,-92.5432,17.1138
municipio,07053,Mazapa de Madero,07,-92.2358,15.2612,-92.1287,15.4551
municipio,07080,Siltepec,07,-92.5038,15.4231,-92.2341,15.6923
municipio,07049,Larráinzar,07,-92.8513,16.8576,-92.6915,16.9989
municipio,07065,Palenque,07,-92.3499,17.067,-91.2604,17.8393
municipio,07086,Suchiapa,07,-93.241,16.4956,-93.0419,16.6948
municipio,07062,Ostuacán,07,-93.5541,17.2957,-93.2489,17.5958
municipio,07077,Salto de Agua,07,-92.489,17.2058,-91.8888,17.6646
municipio,07082,Sitalá,07,-92.4184,16.988,-92.2803,17.0883
municipio,07024,Chanal,07,-92.3876,16.4934,-92.0192,16.716
municipio,07121,Rincón Chamula San Pedro,07,-92.9757,17.1518,-92.8858,17.2878
municipio,07042,Ixhuatán,07,-93.0658,17.2453,-92.9005,17.3627
municipio,07025,Chapultenango,07,-93.216,17.262,-93.0438,17.4094
municipio,07018,Coapilla,07,-93.2093,17.0459,-93.0369,17.1916
municipio,07052,Las Margaritas,07,-92.1827,16.0743,-91.2967,16.674
municipio,07026,Chenalhó,07,-92.7099,16.8707,-92.4372,17.0724
municipio,07083,Socoltenango,07,-92.5587,15.9016,-92.1584,16.302
municipio,07084,Solosuchiapa,07,-93.0729,17.3004,-92.9296,17.4896
municipio,07089,Tapachula,07,-92.4664,14.6183,-92.1629,15.2355
municipio,07068,Pichucalco,07,-93.4163,17.3318,-93.0024,17.6869
municipio,07027,Chiapa de Corzo,07,-93.1054,16.2922,-92.8029,16.9098
municipio,07048,Juárez,07,-93.3887,17.5555,-93.012,17.8458
municipio,07046,Jiquipilas,07,-93.9465,16.2966,-93.4825,16.8523
municipio,07105,Unión Juárez,07,-92.145,15.0096,-92.0592,15.1319
municipio,07100,Tumbalá,07,-92.4032,17.2095,-92.0884,17.4042
municipio,07045,Ixtapangajoya,07,-93.0539,17.3667,-92.9135,17.5552
municipio,07114,Benemérito de las Américas,07,-90.7915,16.0742,-90.3707,16.6045
municipio,07028,Chiapilla,07,-92.784,16.5128,-92.6772,16.6026
municipio,07029,Chicoasén,07,-93.1848,16.935,-93.0408,17.0548
municipio,07091,Tapilula,07,-93.0479,17.2292,-92.9632,17.2812
municipio,07073,Rayón,07,-93.0386,17.1303,-92.953,17.2381
municipio,07030,Chicomuselo,07,-92.6164,15.6376,-92.1832,15.9484
municipio,07044,Ixtapa,07,-93.0206,16.6846,-92.8111,16.9307
municipio,07008,Ángel Albino Corzo,07,-92.8303,15.6001,-92.4917,15.9166
municipio,07009,Arriaga,07,-94.1096,16.0846,-93.7218,16.4244
municipio,07031,Chilón,07,-92.4023,16.9367,-91.6479,17.2773
municipio,07043,Ixtacomitán,07,-93.1738,17.3582,-93.0381,17.4959
municipio,07017,Cintalapa de Figueroa,07,-94.1392,16.3661,-93.5551,17.1368
municipio,07119,Santiago el Pinar,07,-92.7433,16.916,-92.7047,16.9805
municipio,07116,Marqués de Comillas,07,-90.9612,16.074,-90.5567,16.473
municipio,07060,Ocotepec,07,-93.2255,17.1823,-93.1235,17.2651
municipio,07058,Nicolás Ruíz,07,-92.6521,16.4,-92.5672,16.4739
municipio,07041,La Independencia,07,-92.0512,16.1217,-91.5,16.3033
municipio,07040,Huixtla,07,-92.7326,14.9516,-92.4148,15.2926
municipio,07056,Mitontic,07,-92.639,16.8518,-92.516,16.901
municipio,07039,Huitiupán,07,-92.8161,17.1328,-92.5761,17.3486
municipio,07099,La Trinitaria,07,-92.2069,15.7515,-91.3818,16.2059
municipio,07097,Tonalá,07,-94.1008,15.7343,-93.2993,16.2303
municipio,07096,Tila,07,-92.6593,17.1657,-92.3314,17.5748
municipio,07118,San Andrés Duraznal,07,-92.8471,17.1178,-92.7577,17.2056
municipio,07122,El Parral,07,-93.1027,16.2333,-92.8462,16.4412
municipio,07038,Huixtán,07,-92.5168,16.587,-92.2684,16.7789
municipio,07001,Acacoyagua,07,-92.7762,15.3188,-92.5523,15.4906
municipio,07036,La Grandeza,07,-92.2509,15.4599,-92.1858,15.5593
municipio,07002,Acala,07,-92.9214,16.4011,-92.7267,16.6712
municipio,07003,Acapetahua,07,-92.931,15.0227,-92.6269,15.422
municipio,07011,Bella Vista,07,-92.3233,15.5484,-92.1459,15.6979
municipio,07012,Berriozábal,07,-93.4307,16.7171,-93.2047,17.0268
municipio,07072,Pueblo Nuevo Solistahuacán,07,-92.9431,17.1346,-92.7773,17.316
municipio,07037,Huehuetán,07,-92.5635,14.9323,-92.3015,15.1103
municipio,07023,Chamula,07,-92.8565,16.7362,-92.5268,16.8959
municipio,07010,Bejucal de Ocampo,07,-92.2074,15.4259,-92.113,15.5489
municipio,07004,Altamirano,07,-92.1322,16.4939,-91.5519,16.8512
municipio,07005,Amatán,07,-92.9502,17.2677,-92.7498,17.5102
municipio,07035,Frontera Hidalgo,07,-92.2681,14.6966,-92.1555,14.8094
municipio,07032,Escuintla,07,-92.7371,15.2148,-92.4291,15.4873
municipio,07013,Bochil,07,-93.0941,16.906,-92.8139,17.1413
municipio,07014,El Bosque,07,-92.824,16.9538,-92.6463,17.0955
municipio,07069,Pijijiapan,07,-93.5144,15.4091,-92.8414,15.8975
municipio,07094,Teopisca,07,-92.611,16.455,-92.3729,16.6491
municipio,07092,Tecpatán,07,-93.5105,16.9868,-93.2445,17.3269
municipio,07015,Cacahoatán,07,-92.2269,14.9741,-92.1079,15.1994
municipio,07016,Catazajá,07,-92.1864,17.5928,-91.7795,17.9433
municipio,07047,Jitotol,07,-92.9945,17.0067,-92.7571,17.1718
municipio,07006,Amatenango de la Frontera,07,-92.2,15.3999,-91.9901,15.6459
municipio,07078,San Cristóbal de las Casas,07,-92.7203,16.5398,-92.3398,16.7898
municipio,07033,Francisco León,07,-93.3842,17.2149,-93.1785,17.3678
municipio,07117,Montecristo de Guerrero,07,-92.7663,15.6019,-92.5726,15.7536
municipio,07115,Maravilla Tenejapa,07,-91.3908,16.0743,-91.116,16.3529
municipio,07071,Villa Comaltitlán,07,-92.7652,15.0014,-92.4773,15.3404
municipio,07066,Pantelhó,07,-92.5653,16.9686,-92.3807,17.1332
municipio,07113,Aldama,07,-92.7216,16.884,-92.6517,16.9805
municipio,07098,Totolapa,07,-92.7651,16.442,-92.5754,16.5813
municipio,07093,Tenejapa,07,-92.5467,16.7612,-92.3676,16.9309
municipio,07064,Oxchuc,07,-92.4562,16.6884,-92.0687,16.9055
municipio,07059,Ocosingo,07,-92.3525,16.0743,-90.6534,17.2394
municipio,07061,Ocozocoautla de Espinosa,07,-93.8661,16.4289,-93.1868,17.1571
municipio,07088,Sunuapa,07,-93.3146,17.4212,-93.195,17.5443
municipio,07087,Suchiate,07,-92.3196,14.5321,-92.143,14.732
municipio,07085,Soyaló,07,-93.0663,16.8696,-92.8957,16.9789
municipio,07124,Mezcalapa,07,-93.8701,17.0763,-93.4383,17.3947
municipio,07067,Pantepec,07,-93.1223,17.1077,-92.9652,17.2813
municipio,07125,Honduras de la Sierra,07,-92.5525,15.4711,-92.3636,15.6759
municipio,07055,Metapa,07,-92.2372,14.7909,-92.1771,14.8532
municipio,07123,Emiliano Zapata,07,-92.9582,16.3782,-92.7776,16.6388
municipio,07034,Frontera Comalapa,07,-92.2482,15.6266,-91.9149,15.9379
municipio,08067,Valle de Zaragoza,08,-106.2225,27.2255,-105.3992,27.7348
municipio,08043,Matachí,08,-107.8753,28.6456,-107.5442,28.9848
municipio,08058,San Francisco de Conchos,08,-105.5941,27.3595,-105.1947,27.8019
municipio,08056,Rosario,08,-106.6191,27.1227,-106.0436,27.4348
municipio,08054,Riva Palacio,08,-106.8883,28.4185,-106.2945,29.2757
municipio,08018,Cusihuiriachi,08,-107.2433,28.0374,-106.5344,28.3784
municipio,08007,Balleza,08,-106.9211,26.2148,-106.0781,27.2094
municipio,08001,Ahumada,08,-107.1985,29.6662,-105.5637,31.1876
municipio,08041,Maguarichi,08,-108.1211,27.591,-107.8324,28.0474
municipio,08057,San Francisco de Borja,08,-106.9748,27.6772,-106.5111,28.1055
municipio,08053,Praxedis G. Guerrero,08,-106.0359,31.1037,-105.8069,31.3938
municipio,08051,Ocampo,08,-108.5314,27.9375,-107.7994,28.3533
municipio,08050,Nuevo Casas Grandes,08,-107.9985,30.1537,-107.406,30.8593
municipio,08031,Guerrero,08,-108.1061,28.0016,-107.038,28.9076
municipio,08055,Rosales,08,-106.0954,27.8791,-105.4866,28.6069
municipio,08025,Gómez Farías,08,-107.9229,29.1552,-107.5608,29.5364
municipio,08023,Galeana,08,-107.9638,29.9606,-107.4417,30.4491
municipio,08022,Dr. Belisario Domínguez,08,-106.6545,27.7561,-106.2927,28.2314
municipio,08014,Coronado,08,-105.4422,26.4193,-104.7068,26.9244
municipio,08003,Allende,08,-105.5722,26.6382,-105.0275,27.4302
municipio,08021,Delicias,08,-105.6824,27.9682,-105.3517,28.2774
municipio,08020,Chínipas,08,-108.7399,26.9874,-108.2684,27.8028
municipio,08017,Cuauhtémoc,08,-107.2738,28.3392,-106.5451,29.198
municipio,08016,La Cruz,08,-105.3165,27.7576,-104.7579,28.0433
municipio,08015,Coyame del Sotol,08,-105.9099,28.9622,-104.5366,30.5086
municipio,08052,Ojinaga,08,-105.026,28.5835,-103.9705,30.5078
municipio,08013,Casas Grandes,08,-108.6287,29.75,-107.9105,30.6806
municipio,08012,Carichí,08,-107.4594,27.4111,-106.6877,28.1881
municipio,08011,Camargo,08,-105.2906,27.3501,-103.6286,28.7667
municipio,08010,Buenaventura,08,-107.6476,29.5121,-106.4821,30.865
municipio,08009,Bocoyna,08,-107.9718,27.525,-107.2246,28.1042
municipio,08008,Batopilas de Manuel Gómez Morín,08,-108.0376,26.5875,-107.3461,27.2677
municipio,08006,Bachíniva,08,-107.4575,28.6252,-107.1074,29.0806
municipio,08004,Aquiles Serdán,08,-105.9811,28.4606,-105.6877,28.7002
municipio,08005,Ascensión,08,-108.2086,30.7196,-106.6888,31.7838
municipio,08032,Hidalgo del Parral,08,-105.9782,26.8624,-105.3974,27.3682
municipio,08042,Manuel Benavides,08,-104.2987,28.5449,-103.3069,29.2968
municipio,08040,Madera,08,-108.7619,28.6876,-107.7787,30.0052
municipio,08039,López,08,-105.2644,26.665,-104.7045,27.205
municipio,08038,Julimes,08,-105.5281,28.2308,-104.5806,28.8264
municipio,08035,Janos,08,-108.9483,30.1797,-107.9351,31.3334
municipio,08034,Ignacio Zaragoza,08,-108.0273,29.4135,-107.3681,30.0507
municipio,08033,Huejotitán,08,-106.2422,26.8608,-105.9158,27.2827
municipio,08063,Temósachic,08,-108.5838,28.2946,-107.5629,29.2595
municipio,08061,Satevó,08,-106.6303,27.3726,-105.7391,28.1454
municipio,08062,Saucillo,08,-105.823,27.6811,-104.8181,28.3408
municipio,08030,Guazapares,08,-108.4951,27.0212,-108.0278,27.7215
municipio,08028,Guadalupe,08,-106.3103,30.2928,-104.8665,31.4579
municipio,08027,Guachochi,08,-107.8346,26.6072,-106.8208,27.6823
municipio,08026,Gran Morelos,08,-106.7476,28.1784,-106.4309,28.4296
municipio,08019,Chihuahua,08,-106.6219,28.0958,-105.7028,29.7849
municipio,08064,El Tule,08,-106.5353,26.8678,-106.1205,27.1649
municipio,08024,Santa Isabel,08,-106.5451,28.1359,-106.2028,28.475
municipio,08037,Juárez,08,-106.9516,31.12,-106.1811,31.7838
municipio,08059,San Francisco del Oro,08,-106.1614,26.7632,-105.7709,27.0159
municipio,08066,Uruachi,08,-108.9784,27.594,-108.0265,28.078
municipio,08065,Urique,08,-108.4212,26.8101,-107.6228,27.6278
municipio,08060,Santa Bárbara,08,-105.9299,26.6609,-105.6487,26.9348
municipio,08044,Matamoros,08,-105.7943,26.5087,-105.3212,26.9153
municipio,08045,Meoqui,08,-105.6567,28.2361,-105.3106,28.4799
municipio,08046,Morelos,08,-108.0816,26.2867,-107.3567,26.8125
municipio,08047,Moris,08,-109.0749,27.9608,-108.4112,28.3696
municipio,08048,Namiquipa,08,-107.6367,28.7529,-106.4821,29.5729
municipio,08029,Guadalupe y Calvo,08,-107.9015,25.5588,-106.4156,26.6884
municipio,08036,Jiménez,08,-105.1039,26.3405,-103.6991,27.5991
municipio,08049,Nonoava,08,-106.9791,27.1802,-106.3692,27.7194
municipio,08002,Aldama,08,-106.2233,28.5561,-104.6622,29.6714
municipio,09012,Tlalpan,09,-99.3162,19.0894,-99.1009,19.3121
municipio,09009,Milpa Alta,09,-99.1633,19.0482,-98.9524,19.2277
municipio,09015,Cuauhtémoc,09,-99.1843,19.3998,-99.1222,19.4658
municipio,09007,Iztapalapa,09,-99.1399,19.2851,-98.9604,19.4007
municipio,09008,La Magdalena Contreras,09,-99.3223,19.2131,-99.2079,19.3379
municipio,09010,Álvaro Obregón,09,-99.3243,19.2326,-99.1717,19.4037
municipio,09003,Coyoacán,09,-99.2058,19.2968,-99.0992,19.3596
municipio,09016,Miguel Hidalgo,09,-99.2592,19.386,-99.1637,19.4734
municipio,09004,Cuajimalpa de Morelos,09,-99.3649,19.2326,-99.247,19.4047
municipio,09006,Iztacalco,09,-99.1372,19.3757,-99.0559,19.4222
municipio,09011,Tláhuac,09,-99.069,19.2106,-98.9403,19.3271
municipio,09013,Xochimilco,09,-99.1544,19.1526,-99.007,19.3196
municipio,09005,Gustavo A. Madero,09,-99.176,19.4448,-99.0526,19.5925
municipio,09002,Azcapotzalco,09,-99.2211,19.4564,-99.1431,19.515
municipio,09017,Venustiano Carranza,09,-99.1282,19.4043,-99.0465,19.4598
municipio,09014,Benito Juárez,09,-99.1911,19.3569,-99.1309,19.404
municipio,10006,General Simón Bolívar,10,-103.5895,24.4016,-102.8778,25.2787
municipio,10008,Guadalupe Victoria,10,-104.267,24.1177,-103.8959,24.6835
municipio,10009,Guanaceví,10,-106.5601,25.5601,-105.4942,26.5272
municipio,10010,Hidalgo,10,-105.277,25.5802,-104.4289,26.51
municipio,10029,San Luis del Cordero,10,-104.5474,25.2653,-104.1199,25.5112
municipio,10031,Santa Clara,10,-103.6474,24.2307,-103.1757,24.7446
municipio,10011,Indé,10,-105.3549,25.3404,-104.5953,26.1348
municipio,10038,Vicente Guerrero,10,-104.1385,23.5924,-103.8161,23.861
municipio,10030,San Pedro del Gallo,10,-104.6652,25.3952,-104.1356,25.8868
municipio,10023,Pueblo Nuevo,10,-105.7974,22.9413,-104.7564,23.9677
municipio,10025,San Bernardo,10,-105.9563,25.8251,-105.3788,26.5428
municipio,10032,Santiago Papasquiaro,10,-106.6147,24.6001,-105.0261,25.4455
municipio,10027,San Juan de Guadalupe,10,-103.0563,24.374,-102.4727,25.0666
municipio,10007,Gómez Palacio,10,-103.6905,25.5356,-103.3189,25.8861
municipio,10015,Nazas,10,-104.3835,24.9557,-103.778,25.5863
municipio,10035,Tepehuanes,10,-106.69,25.0256,-105.4379,25.8224
municipio,10022,Poanas,10,-104.2534,23.8197,-103.8059,24.2501
municipio,10028,San Juan del Río,10,-104.7072,24.5588,-104.2509,25.031
municipio,10017,Ocampo,10,-106.2801,26.0711,-105.0564,26.8449
municipio,10001,Canatlán,10,-105.5007,24.2145,-104.4456,24.845
municipio,10005,Durango,10,-105.5725,23.3975,-104.102,24.4247
municipio,10037,Topia,10,-106.9548,25.0917,-106.1722,25.4096
municipio,10033,Súchil,10,-104.3659,23.1284,-103.7851,23.7012
municipio,10036,Tlahualilo,10,-104.044,25.8293,-103.2608,26.7549
municipio,10012,Lerdo,10,-103.9776,25.1742,-103.3369,25.7676
municipio,10014,Mezquital,10,-105.0724,22.3451,-104.0801,23.7687
municipio,10026,San Dimas,10,-106.2059,23.5526,-105.2315,24.6774
municipio,10019,Otáez,10,-106.2272,24.4983,-105.6343,24.9219
municipio,10034,Tamazula,10,-107.2101,24.2779,-106.1427,25.6622
municipio,10013,Mapimí,10,-104.6117,25.4742,-103.5663,26.8419
municipio,10016,Nombre de Dios,10,-104.4145,23.6142,-103.9481,24.0673
municipio,10018,El Oro,10,-105.5726,25.1611,-104.7017,26.113
municipio,10020,Pánuco de Coronado,10,-104.5677,24.2864,-104.1674,24.7246
municipio,10002,Canelas,10,-106.7108,24.9476,-106.1231,25.1972
municipio,10039,Nuevo Ideal,10,-105.3198,24.5575,-104.7218,25.1168
municipio,10021,Peñón Blanco,10,-104.3224,24.4843,-103.7971,25.0532
municipio,10003,Coneto de Comonfort,10,-105.0966,24.7435,-104.5627,25.2736
municipio,10024,Rodeo,10,-104.8251,24.9562,-104.3566,25.4282
municipio,10004,Cuencamé,10,-104.0219,24.026,-103.2833,25.2799
municipio,11019,Jerécuaro,11,-100.687,19.9828,-100.3544,20.387
municipio,11020,León,11,-101.8334,20.8646,-101.3722,21.3301
municipio,11021,Moroleón,11,-101.3243,20.0072,-101.16,20.1616
municipio,11023,Pénjamo,11,-102.097,20.1881,-101.595,20.6227
municipio,11038,Tarandacuao,11,-100.6019,19.9188,-100.4478,20.0781
municipio,11039,Tarimoro,11,-100.8431,20.1615,-100.6536,20.4238
municipio,11040,Tierra Blanca,11,-100.2933,20.9222,-100.0067,21.1551
municipio,11041,Uriangato,11,-101.2118,20.0345,-101.0802,20.2001
municipio,11002,Acámbaro,11,-101.0046,19.9128,-100.4817,20.2285
municipio,11012,Cuerámaro,11,-101.7769,20.527,-101.5778,20.7036
municipio,11013,Doctor Mora,11,-100.4857,21.0752,-100.2409,21.2194
municipio,11014,Dolores Hidalgo Cuna de la Independencia Nacional,11,-101.2039,20.86,-100.6361,21.3498
municipio,11022,Ocampo,11,-101.6413,21.3782,-101.2853,21.8295
municipio,11024,Pueblo Nuevo,11,-101.4187,20.5034,-101.3001,20.5942
municipio,11030,San Felipe,11,-101.6798,21.1363,-100.8343,21.8391
municipio,11036,Santiago Maravatío,11,-101.0543,20.104,-100.9287,20.2104
municipio,11007,Celaya,11,-100.9115,20.3561,-100.6349,20.6884
municipio,11027,Salamanca,11,-101.3134,20.4369,-101.0331,20.8658
municipio,11035,Santa Cruz de Juventino Rosas,11,-101.1205,20.5531,-100.8518,20.8131
municipio,11011,Cortazar,11,-101.0474,20.3284,-100.8236,20.5155
municipio,11031,San Francisco del Rincón,11,-101.903,20.7956,-101.6684,21.0554
municipio,11025,Purísima del Rincón,11,-102.0959,20.7715,-101.7854,21.1078
municipio,11026,Romita,11,-101.748,20.6874,-101.4526,20.9443
municipio,11028,Salvatierra,11,-101.0519,20.0052,-100.7736,20.3812
municipio,11029,San Diego de la Unión,11,-101.0414,21.2943,-100.5984,21.619
municipio,11032,San José Iturbide,11,-100.5345,20.8874,-100.2291,21.1124
municipio,11033,San Luis de la Paz,11,-100.7513,21.0711,-100.1959,21.6916
municipio,11034,Santa Catarina,11,-100.1538,21.0467,-99.9964,21.2354
municipio,11037,Silao de la Victoria,11,-101.5818,20.8,-101.3178,21.1525
municipio,11042,Valle de Santiago,11,-101.4601,20.2464,-101.0785,20.5472
municipio,11043,Victoria,11,-100.3822,21.1074,-100.058,21.6646
municipio,11045,Xichú,11,-100.1525,21.1855,-99.7718,21.5248
municipio,11044,Villagrán,11,-101.1119,20.498,-100.8865,20.5901
municipio,11046,Yuriria,11,-101.4225,20.0304,-100.9984,20.3024
municipio,11001,Abasolo,11,-101.6461,20.2979,-101.367,20.7767
municipio,11003,San Miguel de Allende,11,-101.0867,20.7161,-100.47,21.1091
municipio,11004,Apaseo el Alto,11,-100.694,20.3105,-100.4688,20.555
municipio,11005,Apaseo el Grande,11,-100.7645,20.4648,-100.4822,20.7161
municipio,11006,Atarjea,11,-99.9042,21.1575,-99.6713,21.3963
municipio,11008,Manuel Doblado,11,-102.073,20.54,-101.6781,20.8461
municipio,11009,Comonfort,11,-100.9928,20.643,-100.6155,20.8311
municipio,11010,Coroneo,11,-100.4494,20.1265,-100.3236,20.3065
municipio,11015,Guanajuato,11,-101.4363,20.8248,-101.0572,21.228
municipio,11016,Huanímaro,11,-101.5768,20.3117,-101.4121,20.418
municipio,11017,Irapuato,11,-101.5415,20.5011,-101.1415,20.8483
municipio,11018,Jaral del Progreso,11,-101.1131,20.275,-100.9774,20.4541
municipio,12033,Huamuxtitlán,12,-98.6208,17.6856,-98.471,17.9741
municipio,12031,General Canuto A. Neri,12,-100.2279,18.3389,-99.9993,18.5488
municipio,12083,Ñuu Savi,12,-99.0954,16.7771,-98.8504,17.0207
municipio,12082,Las Vigas,12,-99.3097,16.6341,-99.1946,16.824
municipio,12073,Zirándaro,12,-101.541,18.1122,-100.9173,18.5447
municipio,12065,Tlalixtaquilla de Maldonado,12,-98.4943,17.5031,-98.3302,17.6333
municipio,12047,Pedro Ascencio Alquisiras,12,-99.9739,18.412,-99.7539,18.6408
municipio,12054,San Miguel Totolapan,12,-100.5318,17.4911,-100.0839,18.2032
municipio,12053,San Marcos,12,-99.623,16.648,-99.2377,17.0694
municipio,12066,Tlapa de Comonfort,12,-98.8074,17.3429,-98.4429,17.7125
municipio,12048,Petatlán,12,-101.4614,17.3274,-100.8785,17.9381
municipio,12007,Arcelia,12,-100.3331,18.0748,-100.0554,18.4328
municipio,12012,Ayutla de los Libres,12,-99.2677,16.7707,-98.9493,17.1732
municipio,12006,Apaxtla,12,-100.1149,17.9383,-99.856,18.2495
municipio,12010,Atlixtac,12,-99.0794,17.2918,-98.7633,17.6608
municipio,12011,Atoyac de Álvarez,12,-100.5393,17.0597,-100.1067,17.5644
municipio,12032,General Heliodoro Castillo,12,-100.214,17.3996,-99.8043,18.0406
municipio,12028,Chilapa de Álvarez,12,-99.2862,17.2961,-98.8885,17.6846
municipio,12029,Chilpancingo de los Bravo,12,-100.061,17.1736,-99.387,17.6101
municipio,12004,Alcozauca de Guerrero,12,-98.4741,17.1675,-98.2004,17.5674
municipio,12068,La Unión de Isidoro Montes de Oca,12,-102.1844,17.7699,-101.4907,18.248
municipio,12039,Juan R. Escudero,12,-99.6353,17.0215,-99.3077,17.2501
municipio,12038,Zihuatanejo de Azueta,12,-101.7155,17.5548,-101.2005,18.0582
municipio,12043,Metlatónoc,12,-98.6198,16.8809,-98.218,17.3664
municipio,12030,Florencio Villarreal,12,-99.2319,16.5936,-99.0428,16.7943
municipio,12064,Tlalchapa,12,-100.5597,18.3005,-100.2841,18.6236
municipio,12067,Tlapehuala,12,-100.5848,18.199,-100.3064,18.3558
municipio,12001,Acapulco de Juárez,12,-100.0022,16.6832,-99.4757,17.2337
municipio,12019,Copalillo,12,-99.2305,17.8299,-98.8524,18.1337
municipio,12045,Olinalá,12,-98.9799,17.7003,-98.6078,18.0636
municipio,12008,Atenango del Río,12,-99.238,17.9995,-98.8592,18.2721
municipio,12009,Atlamajalcingo del Monte,12,-98.6483,17.1768,-98.4958,17.3421
municipio,12046,Ometepec,12,-98.5031,16.5452,-98.1938,16.7999
municipio,12036,Igualapa,12,-98.5776,16.6459,-98.4169,16.9158
municipio,12044,Mochitlán,12,-99.4741,17.1585,-99.2554,17.5275
municipio,12042,Mártir de Cuilapan,12,-99.5618,17.6524,-99.2214,17.9624
municipio,12040,Leonardo Bravo,12,-99.9591,17.4677,-99.6166,17.8011
municipio,12076,Acatepec,12,-99.1837,16.9996,-98.826,17.3551
municipio,12075,Eduardo Neri,12,-99.8224,17.592,-99.3892,18.036
municipio,12074,Zitlala,12,-99.2844,17.6386,-99.0849,17.8564
municipio,12072,Zapotitlán Tablas,12,-98.9375,17.1545,-98.7417,17.4889
municipio,12071,Xochistlahuaca,12,-98.2582,16.6979,-98.0073,17.0666
municipio,12070,Xochihuehuetlán,12,-98.6446,17.7888,-98.423,17.9962
municipio,12069,Xalpatláhuac,12,-98.6639,17.3269,-98.4413,17.5303
municipio,12052,San Luis Acatlán,12,-98.9562,16.6558,-98.5281,17.0959
municipio,12041,Malinaltepec,12,-98.8085,17.0245,-98.5751,17.3441
municipio,12062,Tlacoachistlahuaca,12,-98.495,16.7471,-98.0663,17.2019
municipio,12023,Cuajinicuilapa,12,-98.7233,16.3608,-98.3495,16.5936
municipio,12013,Azoyú,12,-98.6784,16.5067,-98.4822,16.8032
municipio,12024,Cualác,12,-98.7633,17.6135,-98.5824,17.8561
municipio,12027,Cutzamala de Pinzón,12,-100.799,18.3968,-100.4181,18.8876
municipio,12037,Ixcateopan de Cuauhtémoc,12,-99.8469,18.3738,-99.6904,18.5531
municipio,12055,Taxco de Alarcón,12,-99.7733,18.3586,-99.4197,18.6846
municipio,12025,Cuautepec,12,-99.088,16.6332,-98.8257,16.806
municipio,12026,Cuetzala del Progreso,12,-99.9076,17.8956,-99.7177,18.3181
municipio,12059,Tepecoacuilco de Trujano,12,-99.6346,17.9185,-99.3201,18.3372
municipio,12077,Marquelia,12,-98.8592,16.4951,-98.653,16.7531
municipio,12078,Cochoapa el Grande,12,-98.5378,16.9493,-98.2444,17.2953
municipio,12061,Tixtla de Guerrero,12,-99.4681,17.4744,-99.2581,17.7392
municipio,12018,Copala,12,-99.0799,16.5282,-98.8137,16.7201
municipio,12056,Tecoanapa,12,-99.4741,16.7808,-99.1431,17.16
municipio,12003,Ajuchitlán del Progreso,12,-100.8677,17.5784,-100.3168,18.2832
municipio,12002,Ahuacuotzingo,12,-99.1426,17.6067,-98.7377,17.9335
municipio,12035,Iguala de la Independencia,12,-99.715,17.9537,-99.4302,18.4308
municipio,12016,Coahuayutla de José María Izazaga,12,-101.907,17.9759,-101.3347,18.612
municipio,12017,Cocula,12,-99.8511,17.9505,-99.5797,18.3242
municipio,12020,Copanatoyac,12,-98.8389,17.3341,-98.5822,17.542
municipio,12057,Técpan de Galeana,12,-101.0824,17.1106,-100.4575,17.6966
municipio,12021,Coyuca de Benítez,12,-100.3116,16.9005,-99.8058,17.4581
municipio,12022,Coyuca de Catalán,12,-101.3687,17.6894,-100.5991,18.4919
municipio,12060,Tetipac,12,-99.7863,18.5802,-99.5365,18.7372
municipio,12063,Tlacoapa,12,-98.8814,17.0696,-98.6759,17.3488
municipio,12058,Teloloapan,12,-100.1001,18.1672,-99.6141,18.6062
municipio,12051,Quechultenango,12,-99.3213,17.1386,-99.009,17.4986
municipio,12050,Pungarabato,12,-100.7063,18.2725,-100.5335,18.414
municipio,12081,Iliatenco,12,-98.7617,16.97,-98.5192,17.1311
municipio,12080,Juchitán,12,-98.788,16.5089,-98.5578,16.6621
municipio,12005,Alpoyeca,12,-98.5618,17.5634,-98.461,17.7034
municipio,12014,Benito Juárez,12,-100.6158,16.9909,-100.2186,17.1811
municipio,12015,Buenavista de Cuéllar,12,-99.5249,18.3628,-99.2687,18.5748
municipio,12049,Pilcaya,12,-99.7385,18.6452,-99.4802,18.7851
municipio,12079,José Joaquín de Herrera,12,-99.0553,17.3654,-98.9383,17.5158
municipio,12034,Huitzuco de los Figueroa,12,-99.444,17.9076,-99.0489,18.4754
municipio,12085,San Nicolás,12,-98.6228,16.316,-98.4766,16.5353
municipio,12084,Santa Cruz del Rincón,12,-98.8089,16.9134,-98.6969,17.0495
municipio,13004,Agua Blanca de Iturbide,13,-98.4577,20.3022,-98.2982,20.428
municipio,13010,Atitalaquia,13,-99.2924,20.0231,-99.1444,20.0955
municipio,13081,Zacualtipán de Ángeles,13,-98.7125,20.5552,-98.4215,20.7477
municipio,13034,Lolotla,13,-98.7837,20.8243,-98.6258,21.1926
municipio,13080,Yahualica,13,-98.4518,20.8481,-98.2935,20.9894
municipio,13079,Xochicoatlán,13,-98.7291,20.6919,-98.5063,20.8866
municipio,13041,Mixquiahuala de Juárez,13,-99.308,20.1511,-99.111,20.3162
municipio,13032,Jaltocán,13,-98.5611,21.1102,-98.4917,21.1976
municipio,13019,Chilcuautla,13,-99.3589,20.2392,-99.1558,20.4167
municipio,13082,Zapotlán de Juárez,13,-98.9192,19.9243,-98.79,20.0503
municipio,13050,Progreso de Obregón,13,-99.2319,20.2307,-99.1188,20.3777
municipio,13083,Zempoala,13,-98.8307,19.8132,-98.5283,20.0387
municipio,13018,Chapulhuacán,13,-99.0443,21.0396,-98.8245,21.2104
municipio,13035,Metepec,13,-98.4271,20.1882,-98.2597,20.3293
municipio,13036,San Agustín Metzquititlán,13,-98.709,20.4138,-98.5035,20.6267
municipio,13037,Metztitlán,13,-98.9654,20.3883,-98.6566,20.7409
municipio,13020,Eloxochitlán,13,-98.9858,20.6414,-98.7531,20.8439
municipio,13022,Epazoyucan,13,-98.7284,19.9537,-98.5759,20.122
municipio,13023,Francisco I. Madero,13,-99.1391,20.1841,-99.0129,20.298
municipio,13052,San Agustín Tlaxiaca,13,-99.0755,19.9646,-98.7805,20.1872
municipio,13024,Huasca de Ocampo,13,-98.6374,20.0993,-98.4615,20.3469
municipio,13009,El Arenal,13,-98.9493,20.1527,-98.8131,20.2971
municipio,13038,Mineral del Chico,13,-98.8391,20.1424,-98.6593,20.2986
municipio,13071,Tlahuiltepa,13,-99.1037,20.6306,-98.844,21.0336
municipio,13064,Tepetitlán,13,-99.4695,20.1024,-99.3401,20.2756
municipio,13053,San Bartolo Tutotepec,13,-98.3341,20.3224,-98.0434,20.6164
municipio,13008,Apan,13,-98.5606,19.6024,-98.2835,19.8622
municipio,13007,Almoloya,13,-98.4431,19.6282,-98.1945,19.8482
municipio,13068,Tianguistengo,13,-98.6889,20.6769,-98.4251,20.8858
municipio,13069,Tizayuca,13,-99.0206,19.7986,-98.903,19.9065
municipio,13076,Tula de Allende,13,-99.5186,19.9319,-99.2548,20.1702
municipio,13078,Xochiatipan,13,-98.3529,20.7778,-98.2224,20.9479
municipio,13074,Tlaxcoapan,13,-99.2913,20.0644,-99.1662,20.1302
municipio,13051,Mineral de la Reforma,13,-98.7777,19.9801,-98.6625,20.1412
municipio,13030,Ixmiquilpan,13,-99.2988,20.3686,-99.0792,20.7087
municipio,13031,Jacala de Ledezma,13,-99.2661,20.8031,-99.0173,21.1244
municipio,13029,Huichapan,13,-99.8591,20.2685,-99.4958,20.5122
municipio,13070,Tlahuelilpan,13,-99.2752,20.1004,-99.1661,20.1605
municipio,13025,Huautla,13,-98.3393,20.9265,-98.148,21.1515
municipio,13054,San Salvador,13,-99.167,20.1809,-98.9506,20.4106
municipio,13055,Santiago de Anaya,13,-99.104,20.3269,-98.8928,20.5299
municipio,13006,Alfajayucan,13,-99.5422,20.3071,-99.2838,20.5135
municipio,13048,Pachuca de Soto,13,-98.8643,20.0235,-98.6921,20.185
municipio,13026,Huazalingo,13,-98.5508,20.9304,-98.4161,21.0555
municipio,13027,Huehuetla,13,-98.175,20.3868,-97.9854,20.6771
municipio,13028,Huejutla de Reyes,13,-98.6158,21.0344,-98.2781,21.2522
municipio,13043,Nicolás Flores,13,-99.2745,20.6903,-99.0805,20.8988
municipio,13065,Tetepango,13,-99.1931,20.065,-99.104,20.1551
municipio,13063,Tepeji del Río de Ocampo,13,-99.484,19.7712,-99.2359,20.0136
municipio,13033,Juárez Hidalgo,13,-98.9012,20.769,-98.7786,20.902
municipio,13013,Atotonilco de Tula,13,-99.3099,19.8735,-99.1425,20.0463
municipio,13014,Calnali,13,-98.6692,20.8398,-98.4222,20.9674
municipio,13015,Cardonal,13,-99.1796,20.4164,-98.9282,20.7757
municipio,13016,Cuautepec de Hinojosa,13,-98.3852,19.8424,-98.1585,20.0971
municipio,13021,Emiliano Zapata,13,-98.6724,19.5978,-98.5246,19.7294
municipio,13005,Ajacuba,13,-99.189,20.018,-98.9684,20.1953
municipio,13017,Chapantongo,13,-99.5921,20.1501,-99.3367,20.3393
municipio,13066,Villa de Tezontepec,13,-98.8762,19.8564,-98.7418,19.9713
municipio,13067,Tezontepec de Aldama,13,-99.3615,20.0936,-99.2113,20.2544
municipio,13044,Nopala de Villagrán,13,-99.8595,20.1457,-99.5122,20.3202
municipio,13045,Omitlán de Juárez,13,-98.6743,20.117,-98.5589,20.2509
municipio,13046,San Felipe Orizatlán,13,-98.6948,21.0938,-98.4636,21.3984
municipio,13039,Mineral del Monte,13,-98.7017,20.0884,-98.6051,20.2072
municipio,13047,Pacula,13,-99.4076,20.8585,-99.2226,21.1472
municipio,13049,Pisaflores,13,-99.0737,21.152,-98.8989,21.3104
municipio,13077,Tulancingo de Bravo,13,-98.5019,20.0522,-98.2467,20.2123
municipio,13062,Tepehuacán de Guerrero,13,-98.964,20.9457,-98.7356,21.1933
municipio,13003,Actopan,13,-98.9934,20.1819,-98.784,20.4359
municipio,13002,Acaxochitlán,13,-98.2927,20.0704,-98.0988,20.2593
municipio,13001,Acatlán,13,-98.5173,20.0748,-98.3645,20.335
municipio,13061,Tepeapulco,13,-98.6081,19.6924,-98.3799,19.9202
municipio,13058,Tasquillo,13,-99.4884,20.4522,-99.2479,20.6091
municipio,13073,Tlanchinol,13,-98.7385,20.9037,-98.5071,21.1872
municipio,13072,Tlanalapa,13,-98.6607,19.7649,-98.5004,19.8916
municipio,13059,Tecozautla,13,-99.8351,20.4202,-99.4492,20.659
municipio,13060,Tenango de Doria,13,-98.3196,20.2628,-98.0939,20.4104
municipio,13012,Atotonilco el Grande,13,-98.8241,20.2306,-98.5319,20.4504
municipio,13011,Atlapexco,13,-98.4432,20.9296,-98.3026,21.1116
municipio,13040,La Misión,13,-99.1809,20.9565,-98.9572,21.1751
municipio,13042,Molango de Escamilla,13,-98.8617,20.7225,-98.6928,20.976
municipio,13056,Santiago Tulantepec de Lugo Guerrero,13,-98.4736,19.9884,-98.3345,20.0808
municipio,13057,Singuilucan,13,-98.6206,19.8686,-98.3582,20.1262
municipio,13084,Zimapán,13,-99.5478,20.5704,-99.1975,20.9537
municipio,13075,Tolcayuca,13,-98.9998,19.8759,-98.8548,20.053
municipio,14122,Zapotitlán de Vadillo,14,-103.8949,19.409,-103.6183,19.5976
municipio,14019,Bolaños,14,-104.2,21.7708,-103.6645,22.0264
municipio,14065,Pihuamo,14,-103.5265,18.9649,-103.2442,19.3739
municipio,14101,Tonalá,14,-103.2867,20.5318,-103.137,20.7055
municipio,14076,San Martín de Bolaños,14,-103.9336,21.363,-103.6193,21.7803
municipio,14023,Zapotlán el Grande,14,-103.6238,19.6057,-103.4008,19.7889
municipio,14074,San Julián,14,-102.2521,20.872,-102.0854,21.1153
municipio,14073,San Juan de los Lagos,14,-102.4946,21.096,-102.123,21.4127
municipio,14062,Mixtlán,14,-104.651,20.333,-104.1871,20.711
municipio,14113,San Gabriel,14,-103.9497,19.5677,-103.5298,19.8396
municipio,14087,Tecalitlán,14,-103.3961,18.9259,-102.9908,19.5531
municipio,14014,Atoyac,14,-103.6122,19.8807,-103.2968,20.1334
municipio,14015,Autlán de Navarro,14,-104.4736,19.5884,-104.1364,19.9248
municipio,14097,Tlajomulco de Zúñiga,14,-103.5966,20.3597,-103.198,20.5967
municipio,14055,Magdalena,14,-104.2595,20.8146,-103.8779,21.0079
municipio,14063,Ocotlán,14,-102.88,20.2909,-102.5958,20.4816
municipio,14086,Tapalpa,14,-103.8972,19.8004,-103.6215,20.0927
municipio,14043,La Huerta,14,-105.2203,19.2209,-104.5278,19.7637
municipio,14116,Villa Hidalgo,14,-102.7469,21.5585,-102.4196,21.7669
municipio,14012,Atenguillo,14,-104.7182,20.1633,-104.385,20.5152
municipio,14117,Cañadas de Obregón,14,-102.8228,21.0695,-102.5702,21.2656
municipio,14118,Yahualica de González Gallo,14,-103.0986,20.9835,-102.7902,21.2625
municipio,14017,Ayutla,14,-104.6712,19.8397,-104.1943,20.2414
municipio,14119,Zacoalco de Torres,14,-103.7312,20.119,-103.4364,20.3511
municipio,14120,Zapopan,14,-103.6639,20.5847,-103.3068,20.9981
municipio,14121,Zapotiltic,14,-103.4753,19.4818,-103.1996,19.7542
municipio,14123,Zapotlán del Rey,14,-103.0913,20.3824,-102.7581,20.5479
municipio,14069,Quitupan,14,-102.9878,19.6124,-102.7304,19.9756
municipio,14112,Valle de Juárez,14,-103.0234,19.6329,-102.9089,19.9954
municipio,14111,Valle de Guadalupe,14,-102.8248,20.9424,-102.5252,21.1427
municipio,14079,Gómez Farías,14,-103.5681,19.7587,-103.2694,19.9608
municipio,14078,San Miguel el Alto,14,-102.5727,20.8655,-102.2016,21.1208
municipio,14077,San Martín Hidalgo,14,-104.0409,20.3181,-103.7146,20.6013
municipio,14075,San Marcos,14,-104.3759,20.7238,-104.1243,20.9233
municipio,14098,San Pedro Tlaquepaque,14,-103.4576,20.5385,-103.2396,20.6462
municipio,14105,Tototlán,14,-102.8878,20.4258,-102.6194,20.6494
municipio,14104,Totatiche,14,-103.6259,21.8009,-103.3371,22.1291
municipio,14103,Tonila,14,-103.6183,19.3379,-103.4588,19.5202
municipio,14024,Cocula,14,-103.9485,20.2652,-103.7375,20.5414
municipio,14102,Tonaya,14,-104.0489,19.7313,-103.8634,20.0024
municipio,14100,Tomatlán,14,-105.55,19.6425,-104.6211,20.2327
municipio,14099,Tolimán,14,-104.1056,19.4313,-103.6987,19.658
municipio,14093,Tepatitlán de Morelos,14,-102.9437,20.5923,-102.4828,21.0425
municipio,14124,Zapotlanejo,14,-103.2833,20.4833,-102.8698,20.7962
municipio,14115,Villa Guerrero,14,-103.8512,21.8681,-103.5307,22.1721
municipio,14021,Casimiro Castillo,14,-104.6204,19.4505,-104.3478,19.7765
municipio,14070,El Salto,14,-103.3332,20.495,-103.1684,20.585
municipio,14020,Cabo Corrientes,14,-105.695,20.1532,-105.1311,20.5124
municipio,14018,La Barca,14,-102.6651,20.2585,-102.3411,20.4551
municipio,14051,Juanacatlán,14,-103.2106,20.4004,-103.081,20.5698
municipio,14044,Ixtlahuacán de los Membrillos,14,-103.2972,20.3258,-103.1215,20.4787
municipio,14039,Guadalajara,14,-103.4066,20.6037,-103.2638,20.7526
municipio,14022,Cihuatlán,14,-104.7999,19.1501,-104.4344,19.3764
municipio,14016,Ayotlán,14,-102.4642,20.3347,-102.2194,20.6099
municipio,14080,San Sebastián del Oeste,14,-105.088,20.6873,-104.5867,21.0227
municipio,14125,San Ignacio Cerro Gordo,14,-102.59,20.6691,-102.4332,20.8681
municipio,14072,San Diego de Alejandría,14,-102.1219,20.8484,-101.8865,21.0655
municipio,14066,Poncitlán,14,-103.1157,20.106,-102.6797,20.4221
municipio,14110,Unión de Tula,14,-104.377,19.8579,-104.1259,20.1502
municipio,14092,Teocuitatlán de Corona,14,-103.4967,20.0134,-103.1868,20.2075
municipio,14091,Teocaltiche,14,-102.8053,21.2472,-102.3647,21.7155
municipio,14002,Acatlán de Juárez,14,-103.6875,20.3323,-103.5366,20.5045
municipio,14003,Ahualulco de Mercado,14,-104.0563,20.6112,-103.7861,20.8091
municipio,14005,Amatitán,14,-103.7904,20.7633,-103.6317,20.9258
municipio,14109,Unión de San Antonio,14,-102.2021,21.0367,-101.7738,21.2772
municipio,14108,Tuxpan,14,-103.6534,19.2428,-103.3053,19.6328
municipio,14088,Tecolotlán,14,-104.2066,20.0823,-103.8301,20.469
municipio,14090,Tenamaxtlán,14,-104.3187,19.9756,-104.0654,20.2956
municipio,14071,San Cristóbal de la Barranca,14,-103.6726,20.9353,-103.3343,21.158
municipio,14068,Villa Purificación,14,-105.0264,19.6007,-104.437,20.0459
municipio,14067,Puerto Vallarta,14,-105.3256,20.4731,-104.9723,20.9232
municipio,14114,Villa Corona,14,-103.7898,20.2437,-103.613,20.535
municipio,14107,Tuxcueca,14,-103.3749,20.052,-103.1488,20.2253
municipio,14106,Tuxcacuesco,14,-104.1655,19.5662,-103.8615,19.8073
municipio,14025,Colotlán,14,-103.4496,21.9423,-103.1062,22.2535
municipio,14027,Cuautitlán de García Barragán,14,-104.6481,19.2667,-104.0709,19.6537
municipio,14028,Cuautla,14,-104.7106,20.1064,-104.3554,20.3011
municipio,14011,Atengo,14,-104.4102,20.2045,-104.1564,20.4363
municipio,14064,Ojuelos de Jalisco,14,-101.9412,21.5416,-101.5105,22.0303
municipio,14032,Chiquilistlán,14,-103.9883,19.9583,-103.7464,20.2012
municipio,14030,Chapala,14,-103.4215,20.1527,-103.0229,20.4062
municipio,14029,Cuquío,14,-103.1827,20.7913,-102.8756,21.1072
municipio,14094,Tequila,14,-104.0725,20.7867,-103.5039,21.4444
municipio,14095,Teuchitlán,14,-103.9164,20.5746,-103.7365,20.7858
municipio,14096,Tizapán el Alto,14,-103.1717,20.0329,-102.9245,20.1817
municipio,14061,Mezquitic,14,-104.3732,21.8885,-103.5592,22.5739
municipio,14060,Mexticacán,14,-102.8635,21.1706,-102.6447,21.3873
municipio,14059,Mazamitla,14,-103.1946,19.7852,-102.978,19.9969
municipio,14058,Mascota,14,-105.1753,20.267,-104.5315,20.8405
municipio,14057,La Manzanilla de la Paz,14,-103.1871,19.9619,-103.0207,20.0887
municipio,14056,Santa María del Oro,14,-103.0585,19.3865,-102.5719,19.6626
municipio,14054,El Limón,14,-104.1919,19.773,-104.0302,19.9294
municipio,14085,Tamazula de Gordiano,14,-103.4294,19.438,-102.9992,19.9328
municipio,14084,Talpa de Allende,14,-105.2358,20.0398,-104.7011,20.5569
municipio,14053,Lagos de Moreno,14,-102.1688,21.1771,-101.5704,21.8872
municipio,14052,Juchitlán,14,-104.1422,19.9632,-103.944,20.1623
municipio,14050,Jocotepec,14,-103.5483,20.1675,-103.2863,20.4113
municipio,14031,Chimaltitán,14,-103.895,21.5559,-103.5085,21.9272
municipio,14049,Jilotlán de los Dolores,14,-103.1632,19.1201,-102.5427,19.5122
municipio,14048,Jesús María,14,-102.286,20.5102,-101.9511,20.7867
municipio,14047,Jamay,14,-102.7498,20.2101,-102.6037,20.3751
municipio,14046,Jalostotitlán,14,-102.6265,21.0657,-102.3132,21.3365
municipio,14045,Ixtlahuacán del Río,14,-103.37,20.7144,-103.0699,21.0941
municipio,14042,Huejuquilla el Alto,14,-104.0736,22.3061,-103.7513,22.7502
municipio,14041,Huejúcar,14,-103.3666,22.2051,-103.0787,22.4142
municipio,14040,Hostotipaquillo,14,-104.2427,20.9366,-103.8563,21.2052
municipio,14038,Guachinango,14,-104.6189,20.4587,-104.2364,20.9346
municipio,14037,El Grullo,14,-104.2928,19.6903,-104.1103,19.9011
municipio,14036,Etzatlán,14,-104.2478,20.6353,-104.0169,20.8861
municipio,14035,Encarnación de Díaz,14,-102.4371,21.3815,-101.9715,21.7534
municipio,14034,Ejutla,14,-104.2371,19.8122,-103.9502,19.9904
municipio,14033,Degollado,14,-102.3122,20.3505,-102.0087,20.5615
municipio,14010,Atemajac de Brizuela,14,-103.8585,20.0613,-103.5888,20.2979
municipio,14013,Atotonilco el Alto,14,-102.6897,20.418,-102.413,20.6672
municipio,14089,Techaluta de Montenegro,14,-103.645,20.0387,-103.5157,20.1488
municipio,14026,Concepción de Buenos Aires,14,-103.3333,19.8777,-103.1505,20.0784
municipio,14083,Tala,14,-103.8478,20.4823,-103.5328,20.7374
municipio,14082,Sayula,14,-103.7074,19.7653,-103.4994,19.9488
municipio,14081,Santa María de los Ángeles,14,-103.2946,22.1012,-103.0523,22.28
municipio,14009,El Arenal,14,-103.7614,20.6922,-103.6046,20.8245
municipio,14008,Arandas,14,-102.5501,20.588,-102.0515,20.9109
municipio,14007,San Juanito de Escobedo,14,-104.0926,20.7159,-103.9095,20.9117
municipio,14006,Ameca,14,-104.2681,20.3751,-103.8568,20.6946
municipio,14004,Amacueca,14,-103.6843,19.9086,-103.5439,20.068
municipio,14001,Acatic,14,-103.0421,20.6632,-102.8045,20.8738
municipio,15021,Coatepec Harinas,15,-99.8942,18.8033,-99.7205,19.0744
municipio,15011,Atenco,15,-99.0145,19.4904,-98.8928,19.5965
municipio,15004,Almoloya de Alquisiras,15,-99.9544,18.6965,-99.7801,18.9174
municipio,15002,Acolman,15,-98.9972,19.5833,-98.8408,19.69
municipio,15034,Ecatzingo,15,-98.7995,18.9353,-98.667,19.0003
municipio,15030,Chiconcuac,15,-98.9104,19.536,-98.8791,19.5706
municipio,15068,Ozumba,15,-98.845,18.9502,-98.7714,19.082
municipio,15082,Tejupilco,15,-100.5386,18.7593,-99.9911,19.0222
municipio,15028,Chiautla,15,-98.911,19.5359,-98.8615,19.6048
municipio,15019,Capulhuac,15,-99.4829,19.1842,-99.4291,19.2497
municipio,15118,Zinacantepec,15,-99.9017,19.0743,-99.6958,19.3361
municipio,15094,Tepetlixpa,15,-98.8741,18.9551,-98.8041,19.0725
municipio,15074,San Felipe del Progreso,15,-100.0846,19.5331,-99.8672,19.7646
municipio,15036,Hueypoxtla,15,-99.143,19.8333,-98.9427,20.0679
municipio,15041,Ixtapan del Oro,15,-100.3377,19.1943,-100.22,19.3286
municipio,15085,Temascalcingo,15,-100.1587,19.8069,-99.8909,20.0554
municipio,15096,Tequixquiac,15,-99.2278,19.8228,-99.0586,19.9638
municipio,15104,Tlalnepantla de Baz,15,-99.2495,19.4973,-99.0802,19.5956
municipio,15076,San Mateo Atenco,15,-99.5731,19.2378,-99.5198,19.3074
municipio,15010,Apaxco,15,-99.2154,19.93,-99.084,20.0293
municipio,15023,Coyotepec,15,-99.2821,19.7498,-99.1796,19.8226
municipio,15025,Chalco,15,-98.9685,19.1576,-98.6829,19.3188
municipio,15103,Tlalmanalco,15,-98.8556,19.1491,-98.6275,19.2648
municipio,15100,Tezoyuca,15,-98.9726,19.5769,-98.8998,19.611
municipio,15040,Ixtapan de la Sal,15,-99.7627,18.7688,-99.6094,18.9131
municipio,15107,Tonatico,15,-99.7103,18.7208,-99.5737,18.8335
municipio,15052,Malinalco,15,-99.5532,18.7538,-99.4244,19.0331
municipio,15109,Tultitlán,15,-99.1933,19.5723,-99.0685,19.6887
municipio,15012,Atizapán,15,-99.5193,19.1622,-99.4754,19.1878
municipio,15014,Atlacomulco,15,-99.9733,19.7296,-99.7057,19.901
municipio,15003,Aculco,15,-99.9865,19.9996,-99.6705,20.2725
municipio,15015,Atlautla,15,-98.825,18.9403,-98.6199,19.0919
municipio,15016,Axapusco,15,-98.8693,19.6488,-98.5969,19.8826
municipio,15005,Almoloya de Juárez,15,-99.938,19.2448,-99.7022,19.5508
municipio,15024,Cuautitlán,15,-99.2006,19.6434,-99.118,19.7659
municipio,15008,Amatepec,15,-100.4888,18.5859,-100.004,18.813
municipio,15007,Amanalco,15,-100.0928,19.1784,-99.9002,19.3317
municipio,15120,Zumpango,15,-99.1936,19.7217,-98.9702,19.9041
municipio,15042,Ixtlahuaca,15,-99.9165,19.4685,-99.6788,19.7337
municipio,15084,Temascalapa,15,-98.9513,19.7272,-98.8099,19.9043
municipio,15047,Jiquipilco,15,-99.741,19.4825,-99.5246,19.7004
municipio,15022,Cocotitlán,15,-98.881,19.2056,-98.8319,19.2497
municipio,15020,Coacalco de Berriozábal,15,-99.1285,19.5892,-99.0725,19.6639
municipio,15062,Ocoyoacac,15,-99.4973,19.204,-99.3134,19.3127
municipio,15050,Juchitepec,15,-98.979,19.0239,-98.8324,19.1741
municipio,15061,Nopaltepec,15,-98.7801,19.7361,-98.6398,19.8648
municipio,15101,Tianguistenco,15,-99.5368,19.0865,-99.3066,19.2367
municipio,15057,Naucalpan de Juárez,15,-99.4141,19.4126,-99.2072,19.5365
municipio,15105,Tlatlaya,15,-100.4494,18.367,-100.0681,18.6771
municipio,15106,Toluca,15,-99.7824,19.0688,-99.5287,19.4922
municipio,15116,Zacazonapan,15,-100.3039,19.0073,-100.2147,19.1175
municipio,15097,Texcaltitlán,15,-100.0132,18.8624,-99.8554,19.0195
municipio,15079,Soyaniquilpan de Juárez,15,-99.5899,19.9851,-99.4369,20.1202
municipio,15119,Zumpahuacán,15,-99.6253,18.6942,-99.4672,18.9222
municipio,15081,Tecámac,15,-99.0626,19.6142,-98.9158,19.8087
municipio,15035,Huehuetoca,15,-99.3457,19.7511,-99.1718,19.8921
municipio,15064,El Oro,15,-100.1499,19.7271,-99.9817,19.8603
municipio,15083,Temamatla,15,-98.9247,19.1554,-98.8432,19.2289
municipio,15102,Timilpan,15,-99.7895,19.7954,-99.6402,20.049
municipio,15087,Temoaya,15,-99.7311,19.3981,-99.4893,19.5818
municipio,15066,Otzoloapan,15,-100.4107,19.0382,-100.1965,19.1582
municipio,15108,Tultepec,15,-99.1503,19.6458,-99.0755,19.7108
municipio,15089,Tenango del Aire,15,-98.9253,19.1143,-98.8256,19.1832
municipio,15051,Lerma,15,-99.5723,19.222,-99.3819,19.4305
municipio,15046,Jilotzingo,15,-99.4751,19.4383,-99.3198,19.5567
municipio,15037,Huixquilucan,15,-99.404,19.3033,-99.2396,19.4387
municipio,15038,Isidro Fabela,15,-99.5244,19.5111,-99.3313,19.5923
municipio,15039,Ixtapaluca,15,-98.9539,19.2469,-98.6319,19.4116
municipio,15017,Ayapango,15,-98.8527,19.0719,-98.7729,19.1693
municipio,15069,Papalotla,15,-98.8732,19.5496,-98.8469,19.5669
municipio,15065,Otumba,15,-98.8164,19.5983,-98.6597,19.7391
municipio,15048,Jocotitlán,15,-100.0157,19.6139,-99.6586,19.8167
municipio,15121,Cuautitlán Izcalli,15,-99.2897,19.5857,-99.1752,19.7298
municipio,15080,Sultepec,15,-100.1384,18.553,-99.8448,18.8898
municipio,15071,Polotitlán,15,-99.9341,20.1383,-99.6953,20.2856
municipio,15075,San Martín de las Pirámides,15,-98.8909,19.6183,-98.7614,19.7724
municipio,15072,Rayón,15,-99.6085,19.1204,-99.5302,19.1577
municipio,15056,Morelos,15,-99.7491,19.6098,-99.5199,19.8397
municipio,15067,Otzolotepec,15,-99.6593,19.3754,-99.4329,19.5133
municipio,15088,Tenancingo,15,-99.6429,18.8189,-99.4909,19.0404
municipio,15070,La Paz,15,-98.9946,19.3331,-98.898,19.3898
municipio,15078,Santo Tomás,15,-100.3782,19.1281,-100.2076,19.2298
municipio,15111,Villa de Allende,15,-100.2521,19.2964,-99.9985,19.4928
municipio,15112,Villa del Carbón,15,-99.6499,19.6149,-99.3732,19.8729
municipio,15091,Teoloyucan,15,-99.2165,19.7203,-99.1385,19.7935
municipio,15113,Villa Guerrero,15,-99.7729,18.8163,-99.6081,19.0652
municipio,15006,Almoloya del Río,15,-99.5266,19.1495,-99.463,19.1701
municipio,15123,Luvianos,15,-100.6129,18.8165,-100.2329,19.0765
municipio,15099,Texcoco,15,-99.0282,19.3948,-98.6347,19.557
municipio,15060,Nicolás Romero,15,-99.5334,19.5629,-99.2661,19.7049
municipio,15122,Valle de Chalco Solidaridad,15,-98.9765,19.225,-98.9104,19.3395
municipio,15044,Jaltenco,15,-99.1028,19.6572,-99.0626,19.7641
municipio,15110,Valle de Bravo,15,-100.2642,19.0787,-99.9593,19.289
municipio,15045,Jilotepec,15,-99.7354,19.8529,-99.4327,20.1797
municipio,15098,Texcalyacac,15,-99.5374,19.0878,-99.482,19.1592
municipio,15115,Xonacatlán,15,-99.5657,19.3954,-99.4087,19.4867
municipio,15117,Zacualpan,15,-99.9487,18.589,-99.672,18.8376
municipio,15124,San José del Rincón,15,-100.274,19.4855,-100.0085,19.7863
municipio,15029,Chicoloapan,15,-98.9387,19.3572,-98.7992,19.4356
municipio,15058,Nezahualcóyotl,15,-99.068,19.3662,-98.9659,19.498
municipio,15092,Teotihuacán,15,-98.9376,19.6313,-98.8066,19.7553
municipio,15077,San Simón de Guerrero,15,-100.1158,18.9102,-99.9277,19.0343
municipio,15055,Mexicaltzingo,15,-99.611,19.1966,-99.5518,19.2234
municipio,15054,Metepec,15,-99.6459,19.216,-99.5135,19.2872
municipio,15049,Joquicingo,15,-99.5591,19.0038,-99.4743,19.1204
municipio,15026,Chapa de Mota,15,-99.671,19.733,-99.4207,19.9034
municipio,15001,Acambay de Ruíz Castañeda,15,-100.0769,19.8405,-99.6999,20.0775
municipio,15059,Nextlalpan,15,-99.1298,19.6797,-99.033,19.7733
municipio,15086,Temascaltepec,15,-100.2401,18.979,-99.8165,19.2412
municipio,15053,Melchor Ocampo,15,-99.1597,19.6899,-99.1089,19.7263
municipio,15090,Tenango del Valle,15,-99.7856,19.0104,-99.5268,19.1415
municipio,15032,Donato Guerra,15,-100.3124,19.2335,-100.055,19.4035
municipio,15125,Tonanitla,15,-99.0743,19.6591,-99.0433,19.7003
municipio,15114,Villa Victoria,15,-100.1514,19.2927,-99.8531,19.572
municipio,15093,Tepetlaoxtoc,15,-98.8719,19.4629,-98.6532,19.6356
municipio,15063,Ocuilan,15,-99.5035,18.8776,-99.2953,19.1227
municipio,15073,San Antonio la Isla,15,-99.5956,19.1433,-99.5137,19.1952
municipio,15033,Ecatepec de Morelos,15,-99.1186,19.4847,-98.9758,19.659
municipio,15013,Atizapán de Zaragoza,15,-99.3543,19.5159,-99.2125,19.6121
municipio,15027,Chapultepec,15,-99.5797,19.1871,-99.5137,19.2218
municipio,15018,Calimaya,15,-99.7347,19.1174,-99.5366,19.2175
municipio,15009,Amecameca,15,-98.8181,19.0554,-98.6256,19.1821
municipio,15031,Chimalhuacán,15,-98.9906,19.3732,-98.8951,19.4625
municipio,15043,Xalatlaco,15,-99.4574,19.1227,-99.2787,19.2111
municipio,15095,Tepotzotlán,15,-99.4212,19.6452,-99.1954,19.7922
municipio,16074,Cojumatlán de Régules,16,-102.9556,20.0473,-102.781,20.1717
municipio,16090,Tingambato,16,-101.9407,19.4169,-101.7701,19.5949
municipio,16002,Aguililla,16,-102.9341,18.4942,-102.5641,19.0635
municipio,16003,Álvaro Obregón,16,-101.0994,19.7833,-100.9515,19.9718
municipio,16004,Angamacutiro,16,-101.8201,20.0367,-101.6314,20.2433
municipio,16005,Angangueo,16,-100.3542,19.5864,-100.2469,19.6696
municipio,16006,Apatzingán,16,-102.6473,18.7093,-102.1966,19.2273
municipio,16007,Aporo,16,-100.4593,19.6261,-100.3358,19.7048
municipio,16008,Aquila,16,-103.7119,18.0831,-102.7378,18.6855
municipio,16009,Ario,16,-101.8554,18.9501,-101.5623,19.3078
municipio,16096,Tumbiscatío,16,-102.9036,18.3211,-102.1668,18.8459
municipio,16097,Turicato,16,-101.6462,18.6985,-101.1934,19.1875
municipio,16106,Yurécuaro,16,-102.3227,20.2322,-102.1163,20.3566
municipio,16107,Zacapu,16,-102.0004,19.6921,-101.6947,19.9691
municipio,16108,Zamora,16,-102.4071,19.9394,-102.1226,20.1095
municipio,16109,Zináparo,16,-102.0859,20.1089,-101.956,20.2478
municipio,16110,Zinapécuaro,16,-100.9758,19.7346,-100.5918,19.9775
municipio,16010,Arteaga,16,-102.8657,18.0883,-101.8558,18.6876
municipio,16011,Briseñas,16,-102.6853,20.2062,-102.5217,20.2808
municipio,16098,Tuxpan,16,-100.5918,19.5027,-100.3689,19.6517
municipio,16031,Epitacio Huerta,16,-100.3973,19.9879,-100.1811,20.298
municipio,16032,Erongarícuaro,16,-101.8103,19.5218,-101.6423,19.7029
municipio,16077,San Lucas,16,-100.8543,18.3462,-100.5882,18.8305
municipio,16099,Tuzantla,16,-100.7764,19.0058,-100.4444,19.4419
municipio,16001,Acuitzio,16,-101.4413,19.4001,-101.2522,19.5429
municipio,16043,Jacona,16,-102.3778,19.8817,-102.2427,19.9984
municipio,16044,Jiménez,16,-101.882,19.8805,-101.5478,19.9874
municipio,16045,Jiquilpan,16,-102.8893,19.8846,-102.6537,20.0501
municipio,16012,Buenavista,16,-102.7908,18.9939,-102.4113,19.4348
municipio,16013,Carácuaro,16,-101.2328,18.8098,-100.8575,19.1911
municipio,16021,Charapan,16,-102.3063,19.5806,-102.1462,19.8139
municipio,16020,Cuitzeo,16,-101.2106,19.8764,-101.0187,20.0978
municipio,16019,Cotija,16,-102.8195,19.5997,-102.5744,19.9024
municipio,16018,Copándaro,16,-101.2982,19.8557,-101.1358,19.9789
municipio,16087,Taretan,16,-101.9965,19.2638,-101.7891,19.3875
municipio,16086,Tanhuato,16,-102.4408,20.1863,-102.2325,20.3581
municipio,16072,Queréndaro,16,-100.9578,19.597,-100.7675,19.8565
municipio,16067,Penjamillo,16,-102.0062,19.965,-101.7797,20.2247
municipio,16022,Charo,16,-101.1002,19.5411,-100.9126,19.7973
municipio,16079,Salvador Escalante,16,-101.8357,19.2844,-101.5125,19.4965
municipio,16078,Santa Ana Maya,16,-101.132,19.9532,-100.9676,20.091
municipio,16075,Los Reyes,16,-102.591,19.5112,-102.2599,19.8147
municipio,16076,Sahuayo,16,-102.8639,20.0032,-102.6677,20.0935
municipio,16033,Gabriel Zamora,16,-102.0904,19.0312,-101.9101,19.2779
municipio,16035,La Huacana,16,-102.2277,18.6242,-101.6114,19.0744
municipio,16036,Huandacareo,16,-101.3618,19.9497,-101.2031,20.0384
municipio,16037,Huaniqueo,16,-101.6032,19.7995,-101.3922,19.9547
municipio,16038,Huetamo,16,-101.4853,18.4444,-100.8245,18.8754
municipio,16039,Huiramba,16,-101.5169,19.4741,-101.4042,19.5764
municipio,16040,Indaparapeo,16,-101.01,19.6496,-100.8787,19.8715
municipio,16041,Irimbo,16,-100.5248,19.6324,-100.3979,19.7889
municipio,16042,Ixtlán,16,-102.4741,20.0742,-102.3557,20.2245
municipio,16049,Madero,16,-101.3558,19.1695,-101.001,19.5373
municipio,16050,Maravatío,16,-100.6197,19.772,-100.207,20.0082
municipio,16051,Marcos Castellanos,16,-103.0515,19.9598,-102.8658,20.1402
municipio,16052,Lázaro Cárdenas,16,-102.8018,17.9134,-102.1107,18.2504
municipio,16053,Morelia,16,-101.5089,19.4472,-101.0428,19.8621
municipio,16014,Coahuayana,16,-103.738,18.6238,-103.5071,18.8932
municipio,16015,Coalcomán de Vázquez Pallares,16,-103.3957,18.311,-102.8234,19.0353
municipio,16016,Coeneo,16,-101.7438,19.6746,-101.4952,19.9003
municipio,16017,Contepec,16,-100.3451,19.8388,-100.0634,20.083
municipio,16083,Tancítaro,16,-102.5005,19.173,-102.1938,19.533
municipio,16082,Tacámbaro,16,-101.6241,19.0848,-101.2988,19.4148
municipio,16081,Susupuato,16,-100.4842,19.0315,-100.3131,19.3221
municipio,16056,Nahuatzen,16,-101.9942,19.5488,-101.7889,19.7505
municipio,16080,Senguio,16,-100.4486,19.6553,-100.2554,19.8372
municipio,16057,Nocupétaro,16,-101.332,18.9315,-101.0802,19.2242
municipio,16034,Hidalgo,16,-100.8567,19.3896,-100.4866,19.8614
municipio,16058,Nuevo Parangaricutiro,16,-102.282,19.294,-102.1008,19.4932
municipio,16059,Nuevo Urecho,16,-101.9546,19.0287,-101.7749,19.2879
municipio,16060,Numarán,16,-102.0106,20.1736,-101.907,20.3431
municipio,16062,Pajacuarán,16,-102.6125,20.0758,-102.4366,20.2242
municipio,16063,Panindícuaro,16,-101.9082,19.9261,-101.6459,20.1089
municipio,16064,Parácuaro,16,-102.3456,18.8589,-102.0815,19.2813
municipio,16105,Vista Hermosa,16,-102.5415,20.1859,-102.3688,20.3411
municipio,16065,Paracho,16,-102.1785,19.5672,-101.9713,19.7415
municipio,16089,Tepalcatepec,16,-103.045,18.9133,-102.6631,19.245
municipio,16061,Ocampo,16,-100.4278,19.526,-100.2273,19.6451
municipio,16055,Múgica,16,-102.2107,18.8254,-102.0459,19.1092
municipio,16054,Morelos,16,-101.5665,19.9398,-101.3233,20.0435
municipio,16030,Ecuandureo,16,-102.3772,20.0771,-102.1327,20.2448
municipio,16029,Churumuco,16,-101.88,18.487,-101.4296,18.9549
municipio,16028,Churintzio,16,-102.1699,20.0453,-101.9667,20.2334
municipio,16027,Chucándiro,16,-101.4418,19.8178,-101.2869,19.9713
municipio,16026,Chinicuila,16,-103.5787,18.502,-103.2424,18.991
municipio,16025,Chilchota,16,-102.2149,19.7177,-101.9941,19.8931
municipio,16024,Cherán,16,-102.1292,19.6458,-101.875,19.8333
municipio,16023,Chavinda,16,-102.524,19.9786,-102.3723,20.1153
municipio,16066,Pátzcuaro,16,-101.8121,19.4006,-101.4189,19.6021
municipio,16068,Peribán,16,-102.5759,19.4057,-102.3349,19.5818
municipio,16069,La Piedad,16,-102.1801,20.2027,-101.9464,20.3945
municipio,16070,Purépero,16,-102.1077,19.8395,-101.9017,19.9813
municipio,16071,Puruándiro,16,-101.7111,19.9549,-101.3532,20.2855
municipio,16073,Quiroga,16,-101.6687,19.6372,-101.4027,19.7783
municipio,16091,Tingüindín,16,-102.6119,19.7108,-102.3972,19.8991
municipio,16113,José Sixto Verduzco,16,-101.6561,20.1509,-101.4402,20.3328
municipio,16112,Zitácuaro,16,-100.484,19.3147,-100.1767,19.5576
municipio,16085,Tangancícuaro,16,-102.4078,19.7523,-102.0953,19.9931
municipio,16088,Tarímbaro,16,-101.2791,19.7382,-101.0631,19.8933
municipio,16092,Tiquicheo de Nicolás Romero,16,-101.0557,18.7941,-100.5231,19.3466
municipio,16093,Tlalpujahua,16,-100.2907,19.6971,-100.1342,19.8681
municipio,16111,Ziracuaretiro,16,-101.9846,19.3611,-101.8081,19.5115
municipio,16101,Tzitzio,16,-101.1309,19.1805,-100.7481,19.6722
municipio,16100,Tzintzuntzan,16,-101.6528,19.5592,-101.432,19.6625
municipio,16095,Tocumbo,16,-102.7389,19.487,-102.4419,19.8673
municipio,16084,Tangamandapio,16,-102.573,19.7891,-102.3522,19.9915
municipio,16102,Uruapan,16,-102.3936,19.185,-101.9368,19.6273
municipio,16103,Venustiano Carranza,16,-102.7886,20.0758,-102.5613,20.2155
municipio,16104,Villamar,16,-102.6861,19.8818,-102.4794,20.1008
municipio,16094,Tlazazalca,16,-102.1533,19.928,-101.9322,20.1015
municipio,16047,Jungapeo,16,-100.6267,19.2999,-100.4175,19.523
municipio,16046,Juárez,16,-100.5467,19.2366,-100.3778,19.3497
municipio,16048,Lagunillas,16,-101.4703,19.5147,-101.3672,19.6318
municipio,17002,Atlatlahucan,17,-98.9552,18.8821,-98.8359,18.9999
municipio,17006,Cuautla,17,-99.0489,18.7393,-98.8876,18.8904
municipio,17028,Xochitepec,17,-99.298,18.704,-99.1868,18.8268
municipio,17022,Tetela del Volcán,17,-98.7754,18.8208,-98.6329,19.0155
municipio,17009,Huitzilac,17,-99.3191,18.9817,-99.1354,19.1317
municipio,17016,Ocuituco,17,-98.8317,18.8126,-98.7263,18.9447
municipio,17008,Emiliano Zapata,17,-99.2226,18.742,-99.1449,18.8769
municipio,17003,Axochiapan,17,-98.8192,18.4395,-98.699,18.6064
municipio,17036,Hueyapan,17,-98.7241,18.8208,-98.6613,18.9072
municipio,17035,Xoxocotla,17,-99.2917,18.6316,-99.1936,18.7244
municipio,17025,Tlaquiltenango,17,-99.235,18.3327,-98.915,18.6623
municipio,17001,Amacuzac,17,-99.4644,18.5205,-99.3274,18.6549
municipio,17020,Tepoztlán,17,-99.1933,18.8961,-99.016,19.0893
municipio,17034,Coatetelco,17,-99.3578,18.6882,-99.2768,18.7839
municipio,17027,Totolapan,17,-98.981,18.9525,-98.8681,19.0396
municipio,17030,Yecapixtla,17,-98.9293,18.7624,-98.7921,18.9567
municipio,17026,Tlayacapan,17,-99.0162,18.8937,-98.9211,18.9926
municipio,17031,Zacatepec,17,-99.2443,18.6112,-99.1582,18.6854
municipio,17021,Tetecala,17,-99.4682,18.6278,-99.3554,18.7467
municipio,17019,Tepalcingo,17,-99.017,18.4573,-98.7595,18.6811
municipio,17023,Tlalnepantla,17,-99.0621,18.9753,-98.9034,19.0854
municipio,17017,Puente de Ixtla,17,-99.3801,18.451,-99.1759,18.7055
municipio,17015,Miacatlán,17,-99.4323,18.746,-99.2847,18.9239
municipio,17013,Jonacatepec de Leandro Valle,17,-98.8767,18.5863,-98.7477,18.7272
municipio,17011,Jiutepec,17,-99.2171,18.836,-99.1202,18.9367
municipio,17010,Jantetelco,17,-98.8546,18.5878,-98.7114,18.7521
municipio,17018,Temixco,17,-99.3523,18.7735,-99.2031,18.9218
municipio,17029,Yautepec,17,-99.1484,18.771,-98.933,18.9597
municipio,17012,Jojutla,17,-99.3019,18.5204,-99.1479,18.6495
municipio,17024,Tlaltizapán de Zapata,17,-99.1994,18.5784,-98.9961,18.8304
municipio,17007,Cuernavaca,17,-99.342,18.842,-99.1807,19.0247
municipio,17005,Coatlán del Río,17,-99.4944,18.6433,-99.3786,18.8247
municipio,17004,Ayala,17,-99.0946,18.5642,-98.8358,18.8305
municipio,17014,Mazatepec,17,-99.4108,18.6161,-99.3281,18.7585
municipio,17032,Zacualpan de Amilpas,17,-98.8037,18.7596,-98.6887,18.8615
municipio,17033,Temoac,17,-98.8376,18.7289,-98.7467,18.7911
municipio,18001,Acaponeta,18,-105.6822,22.2555,-104.9879,22.6657
municipio,18009,Del Nayar,18,-105.0542,21.4606,-104.2847,22.6511
municipio,18010,Rosamorada,18,-105.5744,21.941,-104.9285,22.3585
municipio,18011,Ruíz,18,-105.2326,21.872,-104.7924,22.1612
municipio,18017,Tepic,18,-105.1242,21.3951,-104.5977,21.8545
municipio,18018,Tuxpan,18,-105.5907,21.8496,-105.2013,22.1367
municipio,18019,La Yesca,18,-104.4762,21.1766,-103.7209,22.0027
municipio,18004,Compostela,18,-105.3666,20.8537,-104.7894,21.3734
municipio,18013,San Pedro Lagunillas,18,-104.8783,21.0061,-104.6187,21.328
municipio,18008,Xalisco,18,-105.1534,21.302,-104.7583,21.4965
municipio,18005,Huajicori,18,-105.5248,22.5383,-104.8927,23.0845
municipio,18006,Ixtlán del Río,18,-104.4554,20.8484,-104.2011,21.2098
municipio,18007,Jala,18,-104.5624,21.0539,-104.2376,21.3512
municipio,18014,Santa María del Oro,18,-104.8045,21.085,-104.3983,21.6071
municipio,18015,Santiago Ixcuintla,18,-105.8897,21.6244,-104.8611,22.2924
municipio,18016,Tecuala,18,-105.7596,22.1244,-105.2544,22.5719
municipio,18003,Amatlán de Cañas,18,-104.6291,20.6034,-104.2365,20.9954
municipio,18012,San Blas,18,-106.6877,21.2919,-105.0222,21.7749
municipio,18020,Bahía de Banderas,18,-105.5396,20.672,-104.9628,21.0022
municipio,18002,Ahuacatlán,18,-104.7317,20.9242,-104.4063,21.1782
municipio,19029,Hualahuises,19,-99.7434,24.8349,-99.6101,24.9331
municipio,19048,Santa Catarina,19,-100.7298,25.4135,-100.2387,25.75
municipio,19044,Sabinas Hidalgo,19,-100.366,26.2388,-99.9213,26.9129
municipio,19042,Los Ramones,19,-99.7852,25.3789,-99.4018,25.9292
municipio,19023,General Treviño,19,-99.5895,26.0939,-99.3324,26.3291
municipio,19022,General Terán,19,-99.8002,25.0408,-99.0224,25.4991
municipio,19047,Hidalgo,19,-100.539,25.8905,-100.3659,26.1151
municipio,19049,Santiago,19,-100.5309,25.2238,-100.0313,25.5211
municipio,19009,Cadereyta Jiménez,19,-100.1788,25.3398,-99.6863,25.6948
municipio,19032,Lampazos de Naranjo,19,-100.8341,26.6322,-99.9597,27.392
municipio,19031,Juárez,19,-100.2432,25.5121,-99.9901,25.7032
municipio,19027,Los Herreras,19,-99.561,25.7828,-99.2756,26.0949
municipio,19020,General Bravo,19,-99.2149,25.601,-98.5814,26.0476
municipio,19041,Pesquería,19,-100.1486,25.6576,-99.7666,25.8365
municipio,19040,Parás,19,-99.8015,26.3401,-99.3968,26.9009
municipio,19039,Monterrey,19,-100.4416,25.4821,-100.1691,25.7973
municipio,19046,San Nicolás de los Garza,19,-100.3368,25.7012,-100.2038,25.7704
municipio,19019,San Pedro Garza García,19,-100.425,25.5898,-100.3129,25.7148
municipio,19037,Mina,19,-101.2068,25.8627,-100.4488,26.7352
municipio,19010,El Carmen,19,-100.4258,25.8485,-100.2982,25.9821
municipio,19021,General Escobedo,19,-100.4685,25.7622,-100.2613,25.8983
municipio,19012,Ciénega de Flores,19,-100.2795,25.8987,-100.1044,26.0427
municipio,19002,Agualeguas,19,-99.9556,26.1507,-99.4097,26.446
municipio,19005,Anáhuac,19,-100.4219,26.8464,-99.6501,27.7987
municipio,19024,General Zaragoza,19,-100.0304,23.7236,-99.4569,24.0394
municipio,19026,Guadalupe,19,-100.2759,25.6208,-100.1172,25.7316
municipio,19003,Los Aldamas,19,-99.4013,25.8878,-99.167,26.3064
municipio,19004,Allende,19,-100.1398,25.2243,-99.9278,25.3724
municipio,19025,General Zuazua,19,-100.2544,25.8318,-100.052,26.0195
municipio,19015,Doctor Coss,19,-99.1981,25.8385,-98.7916,26.1041
municipio,19007,Aramberri,19,-100.2161,23.9395,-99.5709,24.5067
municipio,19018,García,19,-100.8619,25.627,-100.4154,25.9835
municipio,19051,Villaldama,19,-100.5212,26.2583,-100.1839,26.694
municipio,19006,Apodaca,19,-100.2728,25.6941,-100.101,25.8792
municipio,19011,Cerralvo,19,-99.9707,25.8637,-99.4758,26.2565
municipio,19001,Abasolo,19,-100.4511,25.8911,-100.3713,25.9891
municipio,19017,Galeana,19,-100.8274,24.2546,-99.8415,25.2537
municipio,19016,Doctor González,19,-99.9831,25.6952,-99.6621,25.9956
municipio,19050,Vallecillo,19,-100.1014,26.3632,-99.6781,26.914
municipio,19034,Marín,19,-100.1042,25.7479,-99.8007,26.0234
municipio,19035,Melchor Ocampo,19,-99.6065,25.9927,-99.396,26.0995
municipio,19028,Higueras,19,-100.1181,25.9052,-99.8802,26.1652
municipio,19033,Linares,19,-99.9619,24.554,-99.1565,25.1521
municipio,19036,Mier y Noriega,19,-100.359,23.2311,-99.9213,23.5728
municipio,19043,Rayones,19,-100.332,24.8804,-99.937,25.2702
municipio,19014,Doctor Arroyo,19,-100.6331,23.1627,-99.8828,24.4564
municipio,19038,Montemorelos,19,-100.1711,24.9127,-99.3693,25.4203
municipio,19008,Bustamante,19,-100.6961,26.4319,-100.4385,26.7109
municipio,19013,China,19,-99.4612,25.0674,-98.4216,25.9162
municipio,19045,Salinas Victoria,19,-100.5649,25.8495,-99.9193,26.3948
municipio,19030,Iturbide,19,-99.9964,24.3902,-99.7103,24.898
municipio,20125,San Carlos Yautepec,20,-96.2955,15.9375,-95.5895,16.9076
municipio,20481,Santiago Nuyoó,20,-97.8304,16.9441,-97.7183,17.0766
municipio,20517,Santo Domingo Tepuxtepec,20,-96.1714,16.8799,-95.9833,16.9866
municipio,20524,Santo Domingo Yodohino,20,-97.7435,17.6066,-97.6604,17.6712
municipio,20378,Santa Cruz Mixtepec,20,-96.9821,16.7433,-96.8106,16.8181
municipio,20054,Magdalena Zahuatlán,20,-97.2516,17.3645,-97.1993,17.4202
municipio,20542,Taniche,20,-96.7863,16.5489,-96.7425,16.5861
municipio,20237,San Marcos Arteaga,20,-98.0699,17.6869,-97.7733,17.8034
municipio,20489,Santiago Tetepec,20,-97.7874,16.2418,-97.5934,16.4761
municipio,20544,Teococuilco de Marcos Pérez,20,-96.7474,17.2368,-96.5762,17.4016
municipio,20490,Santiago Texcalcingo,20,-97.0094,18.1986,-96.9409,18.2325
municipio,20333,San Pedro Totolápam,20,-96.4152,16.5675,-96.0637,16.7487
municipio,20334,Villa de Tututepec,20,-97.7915,15.9227,-97.179,16.274
municipio,20562,Magdalena Yodocono de Porfirio Díaz,20,-97.4431,17.3484,-97.3437,17.4066
municipio,20133,San Esteban Atatlahuca,20,-97.7522,17.0187,-97.6332,17.13
municipio,20134,San Felipe Jalapa de Díaz,20,-96.648,18.0164,-96.4469,18.1161
municipio,20138,San Francisco Cajonos,20,-96.3411,17.1572,-96.1924,17.2041
municipio,20149,San Francisco Sola,20,-96.9762,16.4622,-96.8297,16.5759
municipio,20161,San Jerónimo Sosola,20,-97.1443,17.2316,-96.9281,17.5366
municipio,20159,San Jerónimo Coatlán,20,-97.0904,16.0204,-96.8347,16.3683
municipio,20437,Santa María Tlahuitoltepec,20,-96.1688,17.0636,-95.9627,17.1872
municipio,20441,Santa María Xadani,20,-95.0886,16.3176,-94.9594,16.4198
municipio,20446,Santa María Yucuhiti,20,-97.8439,16.9617,-97.7611,17.0913
municipio,20447,Santa María Zacatepec,20,-98.1354,16.6435,-97.837,16.8922
municipio,20469,Santiago Juxtlahuaca,20,-98.2117,17.0185,-97.8732,17.3972
municipio,20511,Santo Domingo Nuxaá,20,-97.1702,17.0865,-96.9827,17.2362
municipio,20513,Santo Domingo Petapa,20,-95.324,16.7112,-95.1288,16.9915
municipio,20278,San Miguel Soyaltepec,20,-96.6694,18.1008,-96.2554,18.4002
municipio,20457,Santiago Camotlán,20,-96.2836,17.4212,-96.0717,17.6675
municipio,20163,San Jerónimo Tecóatl,20,-96.9696,18.1203,-96.8913,18.1716
municipio,20166,San José Chiltepec,20,-96.2055,17.8199,-96.0266,18.0069
municipio,20506,Santo Domingo Albarradas,20,-96.2489,17.0118,-96.1774,17.1154
municipio,20482,Santiago Pinotepa Nacional,20,-98.3283,16.1152,-97.9512,16.4771
municipio,20508,Santo Domingo Chihuitán,20,-95.1997,16.5489,-95.1322,16.7117
municipio,20205,San Juan Lalana,20,-95.9752,17.3185,-95.5712,17.7056
municipio,20271,San Miguel Mixtepec,20,-97.0158,16.724,-96.876,16.7935
municipio,20329,San Pedro Teozacoalco,20,-97.324,16.931,-97.2269,17.0755
municipio,20330,San Pedro Teutila,20,-96.7318,17.91,-96.5167,18.0462
municipio,20246,San Mateo Cajonos,20,-96.2218,17.1321,-96.1621,17.1775
municipio,20277,Villa Sola de Vega,20,-97.283,16.2764,-96.8497,16.8669
municipio,20545,Teotitlán de Flores Magón,20,-97.2134,18.0323,-96.9951,18.2059
municipio,20546,Teotitlán del Valle,20,-96.596,16.9871,-96.4631,17.114
municipio,20547,Teotongo,20,-97.5751,17.7027,-97.4944,17.7888
municipio,20170,San José Lachiguiri,20,-96.3855,16.3296,-96.2928,16.4575
municipio,20230,San Lorenzo Victoria,20,-98.1694,17.5644,-98.0838,17.6839
municipio,20168,San José Estancia Grande,20,-98.3155,16.3407,-98.1978,16.4111
municipio,20184,San Juan Bautista Tuxtepec,20,-96.3131,17.7834,-95.8485,18.3179
municipio,20185,San Juan Cacahuatepec,20,-98.2463,16.553,-98.0663,16.7574
municipio,20404,Santa María Chachoápam,20,-97.3142,17.5111,-97.1976,17.6376
municipio,20407,Santa María Chimalapa,20,-94.9167,16.695,-93.8674,17.1888
municipio,20186,San Juan Cieneguilla,20,-98.3493,17.8167,-98.1992,17.935
municipio,20214,San Juan Quiotepec,20,-96.7044,17.5578,-96.5167,17.7876
municipio,20220,San Juan Tepeuxila,20,-96.8802,17.6631,-96.6331,17.8363
municipio,20227,San Lorenzo Cacaotepec,20,-96.8326,17.0891,-96.7693,17.1619
municipio,20261,San Miguel Amatitlán,20,-98.1299,17.7842,-97.9085,17.9875
municipio,20552,Tlacotepec Plumas,20,-97.528,17.8252,-97.4278,17.9176
municipio,20262,San Miguel Amatlán,20,-96.4907,17.1061,-96.4087,17.2932
municipio,20266,San Miguel del Puerto,20,-96.2491,15.7894,-95.9672,16.1122
municipio,20550,San Jerónimo Tlacochahuaya,20,-96.5951,16.9709,-96.5125,17.0665
municipio,20253,San Mateo Piñas,20,-96.412,15.9037,-96.2556,16.0453
municipio,20254,San Mateo Río Hondo,20,-96.6341,16.0121,-96.4029,16.188
municipio,20272,San Miguel Panixtlahuaca,20,-97.4621,16.1414,-97.3202,16.3097
municipio,20273,San Miguel Peras,20,-97.0931,16.8623,-96.9174,16.9876
municipio,20275,San Miguel Quetzaltepec,20,-95.8512,16.887,-95.6922,17.0714
municipio,20551,Tlacolula de Matamoros,20,-96.5463,16.7226,-96.1405,16.9917
municipio,20357,Santa Ana Tavela,20,-95.9569,16.5186,-95.803,16.6943
municipio,20502,Santiago Zacatepec,20,-95.9806,17.1244,-95.7798,17.281
municipio,20553,Tlalixtac de Cabrera,20,-96.6734,17.0093,-96.5233,17.1458
municipio,20265,San Miguel Chimalapa,20,-94.849,16.476,-94.0443,16.7721
municipio,20493,Santiago Tillo,20,-97.3408,17.4437,-97.2824,17.4885
municipio,20318,San Pedro Mixtepec,20,-97.2106,15.8559,-96.8949,16.0313
municipio,20327,San Pedro Tapanatepec,20,-94.4439,16.1231,-94.033,16.4841
municipio,20554,Totontepec Villa de Morelos,20,-96.1461,17.1438,-95.8968,17.328
municipio,20555,Trinidad Zaachila,20,-96.828,16.9023,-96.752,16.9453
municipio,20556,La Trinidad Vista Hermosa,20,-97.5208,17.7565,-97.4776,17.7989
municipio,20018,Concepción Buenavista,20,-97.583,17.8598,-97.3629,18.1075
municipio,20036,Guevea de Humboldt,20,-95.5704,16.7244,-95.3003,16.955
municipio,20338,Villa de Etla,20,-96.8105,17.1794,-96.7716,17.2144
municipio,20344,San Sebastián Coatlán,20,-96.9562,15.9609,-96.8078,16.2461
municipio,20366,Santa Catarina Loxicha,20,-96.7736,15.9933,-96.6499,16.1405
municipio,20377,Santa Cruz Itundujia,20,-97.8213,16.5931,-97.5529,16.9196
municipio,20451,Santiago Apoala,20,-97.1795,17.5615,-97.0878,17.7174
municipio,20005,Asunción Ixtaltepec,20,-95.2023,16.4337,-94.8074,16.8548
municipio,20558,Valerio Trujano,20,-97.0277,17.7211,-96.9443,17.8241
municipio,20561,Yaxe,20,-96.4888,16.6569,-96.4049,16.7599
municipio,20056,Mártires de Tacubaya,20,-98.2928,16.5103,-98.1881,16.5899
municipio,20563,Yogana,20,-96.8683,16.397,-96.735,16.4803
municipio,20497,Santiago Yaitepec,20,-97.2758,16.1726,-97.1993,16.2465
municipio,20549,"Heroica Villa Tezoatlán de Segura y Luna, Cuna de la Independencia de Oaxaca",20,-97.9761,17.4201,-97.7156,17.726
municipio,20564,Yutanduchi de Guerrero,20,-97.3384,17.0255,-97.2541,17.126
municipio,20565,Villa de Zaachila,20,-96.8591,16.8864,-96.6613,17.0211
municipio,20099,San Andrés Tepetlapa,20,-98.4022,17.63,-98.3662,17.6909
municipio,20491,Santiago Textitlán,20,-97.4493,16.6422,-97.1857,16.7933
municipio,20031,Tamazulápam del Espíritu Santo,20,-96.1206,16.9614,-95.9452,17.1037
municipio,20279,San Miguel Suchixtepec,20,-96.5155,16.0301,-96.4099,16.1273
municipio,20401,Santa María Colotepec,20,-97.0623,15.7372,-96.8118,15.9687
municipio,20367,Santa Catarina Mechoacán,20,-97.8727,16.296,-97.7923,16.3876
municipio,20500,Santiago Yosondúa,20,-97.6439,16.7264,-97.3674,16.9661
municipio,20503,Santiago Zoochila,20,-96.2683,17.1949,-96.238,17.2363
municipio,20379,Santa Cruz Nundaco,20,-97.7551,17.1156,-97.6786,17.1965
municipio,20494,Santiago Tlazoyaltepec,20,-97.0253,16.9819,-96.924,17.072
municipio,20499,Santiago Yolomécatl,20,-97.624,17.414,-97.5266,17.5176
municipio,20058,Mazatlán Villa de Flores,20,-96.9889,17.9336,-96.8119,18.0958
municipio,20059,Miahuatlán de Porfirio Díaz,20,-96.8688,16.227,-96.4298,16.495
municipio,20177,San Juan Bautista Cuicatlán,20,-97.1362,17.5064,-96.8548,17.9446
municipio,20359,Santa Ana Yareni,20,-96.6702,17.3671,-96.5688,17.4272
municipio,20364,Santa Catarina Juquila,20,-97.4326,15.9653,-97.1423,16.394
municipio,20569,Santa Inés de Zaragoza,20,-97.1829,17.2014,-97.0767,17.3277
municipio,20570,Zimatlán de Álvarez,20,-97.2056,16.5836,-96.7504,16.9335
municipio,20567,Zapotitlán Lagunas,20,-98.4966,17.6789,-98.2997,17.8931
municipio,20057,Matías Romero Avendaño,20,-95.3005,16.8331,-94.7019,17.432
municipio,20423,Santa María Nduayaco,20,-97.5533,17.3495,-97.4427,17.4558
municipio,20112,San Baltazar Chichicápam,20,-96.5607,16.6635,-96.4548,16.8517
municipio,20510,Santo Domingo Ixcatlán,20,-97.5435,16.8816,-97.5024,16.9369
municipio,20371,Santa Catarina Ticuá,20,-97.5659,17.0179,-97.5048,17.0924
municipio,20424,Santa María Ozolotepec,20,-96.4333,16.0255,-96.2772,16.1704
municipio,20406,Santa María Chilchotla,20,-96.8553,18.1795,-96.5949,18.398
municipio,20410,Santa María Ecatepec,20,-96.0275,16.0052,-95.738,16.4388
municipio,20435,Santa María Tepantlali,20,-96.0403,16.8768,-95.9452,17.0083
municipio,20417,Santa María Jacatepec,20,-96.2808,17.7419,-95.9416,17.9942
municipio,20422,Santa María Nativitas,20,-97.3833,17.6084,-97.2997,17.6794
municipio,20439,Santa María Tonameca,20,-96.8528,15.6569,-96.5055,15.9058
municipio,20450,Santiago Amoltepec,20,-97.6254,16.5727,-97.4074,16.7251
municipio,20075,Reforma de Pineda,20,-94.4758,16.3533,-94.411,16.4345
municipio,20501,Santiago Yucuyachi,20,-98.2744,17.5752,-98.1653,17.644
municipio,20504,Nuevo Zoquiápam,20,-96.6978,17.1737,-96.593,17.3247
municipio,20505,Santo Domingo Ingenio,20,-94.8144,16.4889,-94.6198,16.6523
municipio,20251,San Mateo Nejápam,20,-98.4707,17.5998,-98.3691,17.6931
municipio,20459,Villa de Santiago Chazumba,20,-97.8592,18.0635,-97.615,18.2911
municipio,20477,Santiago Minas,20,-97.3815,16.3699,-97.1602,16.498
municipio,20484,Santiago Tamazola,20,-98.3047,17.6068,-98.1308,17.8827
municipio,20485,Santiago Tapextla,20,-98.5526,16.2735,-98.3993,16.3858
municipio,20492,Santiago Tilantongo,20,-97.431,17.0524,-97.2882,17.3407
municipio,20495,Santiago Xanica,20,-96.3108,15.9494,-96.1173,16.0858
municipio,20534,San Vicente Coatlán,20,-96.8924,16.3162,-96.7632,16.4359
municipio,20537,Silacayoápam,20,-98.3409,17.3797,-98.0231,17.7975
municipio,20543,Tataltepec de Valdés,20,-97.6294,16.2374,-97.4371,16.3879
municipio,20548,Tepelmeme Villa de Morelos,20,-97.4255,17.8259,-97.1923,18.1746
municipio,20463,Santiago Huauclilla,20,-97.1302,17.4238,-96.9559,17.556
municipio,20467,Santiago Jamiltepec,20,-97.9081,15.9857,-97.5916,16.4638
municipio,20559,San Juan Bautista Valle Nacional,20,-96.5105,17.6418,-96.1622,17.9989
municipio,20169,San José Independencia,20,-96.69,18.2101,-96.5904,18.2999
municipio,20117,San Bartolomé Loxicha,20,-96.8459,15.8877,-96.6822,16.0263
municipio,20512,Santo Domingo Ozolotepec,20,-96.3772,16.1246,-96.2501,16.2269
municipio,20514,Santo Domingo Roayaga,20,-96.1307,17.2953,-95.9895,17.3709
municipio,20118,San Bartolomé Quialana,20,-96.5247,16.8621,-96.476,16.9286
municipio,20518,Santo Domingo Tlatayápam,20,-97.3677,17.3863,-97.3162,17.4169
municipio,20440,Santa María Totolapilla,20,-95.6877,16.5605,-95.5428,16.6905
municipio,20568,Zapotitlán Palmas,20,-97.8781,17.8446,-97.7904,17.9178
municipio,20521,Santo Domingo Tonaltepec,20,-97.3816,17.5767,-97.3243,17.6519
municipio,20001,Abejones,20,-96.7155,17.4129,-96.5715,17.5663
municipio,20256,San Mateo Tlapiltepec,20,-97.4562,17.7793,-97.4002,17.8289
municipio,20003,Asunción Cacalotepec,20,-95.9743,16.9889,-95.8713,17.0881
municipio,20263,San Miguel Coatlán,20,-96.7336,16.0858,-96.6275,16.2525
municipio,20004,Asunción Cuyotepeji,20,-97.7453,17.9017,-97.5668,17.9603
municipio,20007,Asunción Ocotlán,20,-96.7405,16.7509,-96.7129,16.771
municipio,20267,San Miguel del Río,20,-96.593,17.3096,-96.5487,17.3489
municipio,20011,Calihualá,20,-98.3193,17.5027,-98.2043,17.6049
municipio,20027,Chiquihuitlán de Benito Juárez,20,-96.7804,17.9583,-96.7093,18.018
municipio,20030,El Espinal,20,-95.1006,16.4017,-94.9686,16.5237
municipio,20519,Santo Domingo Tomaltepec,20,-96.6354,17.0397,-96.5378,17.1003
municipio,20034,Guadalupe de Ramírez,20,-98.2217,17.7294,-98.1115,17.7806
municipio,20013,Ciénega de Zimatlán,20,-96.788,16.875,-96.7391,16.9112
municipio,20460,Santiago Choápam,20,-96.0854,17.2596,-95.7244,17.5174
municipio,20044,Loma Bonita,20,-95.9888,17.7657,-95.7999,18.1597
municipio,20017,La Compañía,20,-96.932,16.523,-96.7769,16.6372
municipio,20507,Santo Domingo Armenta,20,-98.4317,16.2578,-98.3092,16.4237
municipio,20049,Magdalena Ocotlán,20,-96.7333,16.697,-96.6956,16.7212
municipio,20520,Santo Domingo Tonalá,20,-98.0693,17.6125,-97.8686,17.7467
municipio,20019,Concepción Pápalo,20,-96.9494,17.8169,-96.6971,17.9336
municipio,20022,Cosoltepec,20,-97.8675,18.0688,-97.7261,18.2162
municipio,20024,Cuyamecalco Villa de Zaragoza,20,-96.918,17.9221,-96.8022,18.016
municipio,20025,Chahuites,20,-94.229,16.241,-94.1787,16.3107
municipio,20026,Chalcatongo de Hidalgo,20,-97.6373,16.9261,-97.464,17.067
municipio,20029,Eloxochitlán de Flores Magón,20,-96.9023,18.1517,-96.8411,18.243
municipio,20032,Fresnillo de Trujano,20,-98.1736,17.8779,-98.0775,17.9793
municipio,20515,Santo Domingo Tehuantepec,20,-95.6168,15.9638,-95.1651,16.9326
municipio,20516,Santo Domingo Teojomulco,20,-97.3892,16.4801,-97.1569,16.6988
municipio,20033,Guadalupe Etla,20,-96.8165,17.161,-96.7815,17.1909
municipio,20050,Magdalena Peñasco,20,-97.6126,17.1754,-97.4899,17.2947
municipio,20035,Guelatao de Juárez,20,-96.5127,17.2996,-96.4861,17.3283
municipio,20051,Magdalena Teitipac,20,-96.5897,16.8447,-96.5185,16.9338
municipio,20536,San Vicente Nuñú,20,-97.469,17.3576,-97.3956,17.4816
municipio,20047,Santa Magdalena Jicotlán,20,-97.5101,17.7777,-97.4478,17.8304
municipio,20037,Mesones Hidalgo,20,-98.1113,16.8496,-97.9124,16.9857
municipio,20040,Huautepec,20,-96.817,18.0242,-96.731,18.1163
municipio,20041,Huautla de Jiménez,20,-96.8733,18.0601,-96.731,18.2344
municipio,20042,Ixtlán de Juárez,20,-96.5278,17.2889,-96.1233,17.6645
municipio,20045,Magdalena Apasco,20,-96.8481,17.2135,-96.78,17.2842
municipio,20053,Magdalena Tlacotepec,20,-95.3315,16.4578,-95.1755,16.5749
municipio,20046,Magdalena Jaltepec,20,-97.3332,17.1051,-97.1482,17.3833
municipio,20523,Santo Domingo Yanhuitlán,20,-97.4004,17.4737,-97.2905,17.578
municipio,20048,Magdalena Mixtepec,20,-96.9702,16.8642,-96.8479,16.9449
municipio,20522,Santo Domingo Xagacía,20,-96.36,17.0958,-96.2399,17.1567
municipio,20456,Santiago Cacaloxtepec,20,-97.7778,17.6921,-97.6887,17.7685
municipio,20060,Mixistlán de la Reforma,20,-96.162,17.1193,-96.0612,17.2263
municipio,20061,Monjas,20,-96.6532,16.3296,-96.6081,16.4168
municipio,20062,Natividad,20,-96.4367,17.2949,-96.4157,17.3101
municipio,20063,Nazareno Etla,20,-96.8458,17.1735,-96.8145,17.1873
municipio,20065,Ixpantepec Nieves,20,-98.0731,17.4543,-97.9613,17.5542
municipio,20069,La Pe,20,-96.8252,16.5832,-96.7575,16.6614
municipio,20070,Pinotepa de Don Luis,20,-98.0101,16.3556,-97.9177,16.4506
municipio,20071,Pluma Hidalgo,20,-96.4945,15.8692,-96.3521,15.9752
municipio,20096,San Andrés Sinaxtla,20,-97.3358,17.4602,-97.2579,17.5092
municipio,20072,San José del Progreso,20,-96.7297,16.6112,-96.5947,16.7389
municipio,20097,San Andrés Solaga,20,-96.2717,17.2335,-96.1779,17.3152
municipio,20098,San Andrés Teotilálpam,20,-96.7099,17.8768,-96.4889,18.0253
municipio,20074,Santa Catarina Quioquitani,20,-96.31,16.2735,-96.209,16.3616
municipio,20076,La Reforma,20,-97.9407,16.5646,-97.7974,16.7539
municipio,20190,San Juan Cotzocón,20,-95.8421,17.0233,-95.1221,17.6015
municipio,20078,Rojas de Cuauhtémoc,20,-96.6633,16.9862,-96.6085,17.0245
municipio,20077,Reyes Etla,20,-96.8476,17.1823,-96.804,17.2368
municipio,20081,San Agustín Atenango,20,-98.0444,17.527,-97.9375,17.6431
municipio,20094,San Andrés Nuxiño,20,-97.1414,17.178,-96.9836,17.2784
municipio,20080,San Agustín Amatengo,20,-96.8953,16.4759,-96.7526,16.5632
municipio,20084,San Agustín Etla,20,-96.7802,17.1627,-96.6575,17.2448
municipio,20082,San Agustín Chayuco,20,-97.8825,16.3552,-97.6841,16.5542
municipio,20086,San Agustín Tlacotepec,20,-97.5732,17.1616,-97.4796,17.2393
municipio,20083,San Agustín de las Juntas,20,-96.7187,16.9635,-96.6509,17.0181
municipio,20092,San Andrés Ixtlahuaca,20,-96.9089,17.0222,-96.8135,17.0948
municipio,20087,San Agustín Yatareni,20,-96.696,17.0672,-96.6608,17.0933
municipio,20089,San Andrés Dinicuiti,20,-97.7708,17.6524,-97.6263,17.7456
municipio,20090,San Andrés Huaxpaltepec,20,-98.0015,16.296,-97.8602,16.3862
municipio,20091,San Andrés Huayápam,20,-96.6883,17.0871,-96.6501,17.1764
municipio,20095,San Andrés Paxtlán,20,-96.5851,16.1708,-96.4769,16.2527
municipio,20100,San Andrés Yaá,20,-96.1812,17.261,-96.0811,17.3281
municipio,20101,San Andrés Zabache,20,-96.8796,16.5861,-96.8394,16.6233
municipio,20102,San Andrés Zautla,20,-96.9835,17.143,-96.8184,17.2214
municipio,20233,San Lucas Quiaviní,20,-96.5006,16.8333,-96.4152,16.9301
municipio,20103,San Antonino Castillo Velasco,20,-96.7144,16.792,-96.6708,16.8419
municipio,20104,San Antonino el Alto,20,-97.1615,16.7622,-96.9498,16.8812
municipio,20105,San Antonino Monte Verde,20,-97.8043,17.4553,-97.6955,17.5886
municipio,20107,San Antonio de la Cal,20,-96.7141,17.0053,-96.6629,17.0506
municipio,20108,San Antonio Huitepec,20,-97.2267,16.8482,-97.0658,16.9952
municipio,20109,San Antonio Nanahuatípam,20,-97.2143,18.0963,-97.0887,18.2009
municipio,20110,San Antonio Sinicahua,20,-97.6057,17.1115,-97.5424,17.1883
municipio,20111,San Antonio Tepetlapa,20,-98.109,16.4948,-97.9745,16.5741
municipio,20527,Santos Reyes Pápalo,20,-96.9422,17.7508,-96.8127,17.8327
municipio,20116,San Bartolomé Ayautla,20,-96.7253,18.006,-96.6303,18.1109
municipio,20114,San Baltazar Yatzachi el Bajo,20,-96.2508,17.1915,-96.1783,17.2589
municipio,20172,San Juan Achiutla,20,-97.5329,17.3159,-97.4427,17.3774
municipio,20115,San Bartolo Coyotepec,20,-96.7449,16.8898,-96.6549,16.9773
municipio,20413,Santa María Huatulco,20,-96.372,15.6825,-96.0444,15.9615
municipio,20119,San Bartolomé Yucuañe,20,-97.4958,17.134,-97.4149,17.2919
municipio,20120,San Bartolomé Zoogocho,20,-96.2618,17.2286,-96.2267,17.263
municipio,20121,San Bartolo Soyaltepec,20,-97.4058,17.4995,-97.2309,17.6533
municipio,20014,Ciudad Ixtepec,20,-95.1693,16.5175,-94.9996,16.7167
municipio,20015,Coatecas Altas,20,-96.7109,16.456,-96.5587,16.5907
municipio,20123,San Bernardo Mixtepec,20,-97.0025,16.7972,-96.8479,16.892
municipio,20122,San Bartolo Yautepec,20,-96.0156,16.3791,-95.8451,16.4735
municipio,20528,Santos Reyes Tepejillo,20,-97.9962,17.3599,-97.906,17.4642
municipio,20124,Heroica Villa de San Blas Atempa,20,-95.2315,16.2637,-95.0735,16.4567
municipio,20129,San Cristóbal Suchixtlahuaca,20,-97.4322,17.6833,-97.3449,17.7693
municipio,20206,San Juan de los Cués,20,-97.1169,17.9769,-96.9663,18.1105
municipio,20126,San Cristóbal Amatlán,20,-96.458,16.213,-96.3062,16.3918
municipio,20020,Constancia del Rosario,20,-98.0988,17.0044,-97.9263,17.1241
municipio,20127,San Cristóbal Amoltepec,20,-97.6172,17.253,-97.5442,17.3185
municipio,20128,San Cristóbal Lachirioag,20,-96.2119,17.3262,-96.1541,17.375
municipio,20529,Santos Reyes Yucuná,20,-98.0738,17.7375,-97.9447,17.808
municipio,20131,San Dionisio Ocotepec,20,-96.4241,16.6967,-96.1984,16.8732
municipio,20130,San Dionisio del Mar,20,-94.8662,16.2081,-94.6086,16.4461
municipio,20152,San Francisco Tlapancingo,20,-98.3336,17.429,-98.202,17.5333
municipio,20153,San Gabriel Mixtepec,20,-97.1529,15.9864,-96.9006,16.1367
municipio,20132,San Dionisio Ocotlán,20,-96.6901,16.734,-96.6384,16.7662
municipio,20135,San Felipe Tejalápam,20,-96.9468,17.0068,-96.8221,17.156
municipio,20136,San Felipe Usila,20,-96.6111,17.6418,-96.3989,17.9965
municipio,20137,San Francisco Cahuacuá,20,-97.5147,16.7093,-97.2088,16.9518
municipio,20139,San Francisco Chapulapa,20,-96.7919,17.8596,-96.6809,17.9659
municipio,20142,San Francisco Huehuetlán,20,-96.9535,18.17,-96.9204,18.2365
municipio,20140,San Francisco Chindúa,20,-97.3631,17.3837,-97.2815,17.4463
municipio,20141,San Francisco del Mar,20,-94.7394,16.0031,-94.0002,16.4117
municipio,20160,San Jerónimo Silacayoapilla,20,-97.9106,17.7662,-97.8259,17.8469
municipio,20143,San Francisco Ixhuatán,20,-94.6417,16.2257,-94.429,16.4461
municipio,20144,San Francisco Jaltepetongo,20,-97.3061,17.2903,-97.2432,17.3932
municipio,20145,San Francisco Lachigoló,20,-96.6139,17.0065,-96.5784,17.048
municipio,20531,Santo Tomás Mazaltepec,20,-96.9637,17.106,-96.8652,17.1791
municipio,20146,San Francisco Logueche,20,-96.4158,16.3296,-96.3526,16.4193
municipio,20147,San Francisco Nuxaño,20,-97.3602,17.3335,-97.311,17.3886
municipio,20148,San Francisco Ozolotepec,20,-96.2432,16.0506,-96.1602,16.1451
municipio,20150,San Francisco Telixtlahuaca,20,-97.0176,17.2817,-96.8436,17.4512
municipio,20151,San Francisco Teopan,20,-97.6169,17.8238,-97.4689,17.9739
municipio,20157,San Jacinto Amilpas,20,-96.7673,17.0732,-96.7449,17.1139
municipio,20248,San Mateo del Mar,20,-95.14,16.184,-94.9236,16.2359
municipio,20158,San Jacinto Tlacotepec,20,-97.405,16.4525,-97.3149,16.5597
municipio,20162,San Jerónimo Taviche,20,-96.6362,16.6567,-96.5156,16.7457
municipio,20164,San Jorge Nuchita,20,-98.1366,17.6436,-98.0478,17.7284
municipio,20176,San Juan Bautista Coixtlahuaca,20,-97.4016,17.6416,-97.1612,17.8161
municipio,20165,San José Ayuquila,20,-98.0052,17.9253,-97.935,17.9786
municipio,20167,San José del Peñasco,20,-96.5297,16.2317,-96.4644,16.3246
municipio,20530,Santo Tomás Jalieza,20,-96.6817,16.8249,-96.5803,16.9254
municipio,20187,San Juan Coatzóspam,20,-96.7918,18.0142,-96.6707,18.129
municipio,20171,San José Tenango,20,-96.755,18.064,-96.5575,18.2649
municipio,20188,San Juan Colorado,20,-97.9908,16.4257,-97.8545,16.5771
municipio,20173,San Juan Atepec,20,-96.585,17.4038,-96.3907,17.5438
municipio,20174,Ánimas Trujano,20,-96.7254,16.9759,-96.7073,17.0005
municipio,20191,San Juan Chicomezúchil,20,-96.5289,17.2376,-96.479,17.3111
municipio,20196,San Juan Evangelista Analco,20,-96.5802,17.3852,-96.4986,17.4148
municipio,20178,San Juan Bautista Guelache,20,-96.8036,17.1955,-96.7054,17.2835
municipio,20197,San Juan Guelavía,20,-96.5724,16.9296,-96.5066,16.9873
municipio,20180,San Juan Bautista Lo de Soto,20,-98.3951,16.4448,-98.2924,16.5727
municipio,20204,San Juan Lajarcia,20,-95.9988,16.4534,-95.8448,16.5627
municipio,20181,San Juan Bautista Suchitepec,20,-97.6938,17.9458,-97.5892,18.0651
municipio,20480,Santiago Nundiche,20,-97.7694,17.2968,-97.6259,17.3786
municipio,20182,San Juan Bautista Tlacoatzintepec,20,-96.6424,17.8284,-96.5468,17.9118
municipio,20183,San Juan Bautista Tlachichilco,20,-98.377,17.5268,-98.2685,17.6451
municipio,20189,San Juan Comaltepec,20,-96.0449,17.2725,-95.8809,17.3855
municipio,20192,San Juan Chilateca,20,-96.6894,16.816,-96.6557,16.8391
municipio,20193,San Juan del Estado,20,-96.8437,17.2611,-96.7137,17.4053
municipio,20464,Santiago Ihuitlán Plumas,20,-97.5396,17.8214,-97.3886,17.9393
municipio,20194,San Juan del Río,20,-96.2304,16.8568,-96.09,16.9368
municipio,20195,San Juan Diuxi,20,-97.4206,17.2327,-97.3489,17.3156
municipio,20199,San Juan Ihualtepec,20,-98.3209,17.7025,-98.2552,17.8337
municipio,20200,San Juan Juquila Mixes,20,-95.9765,16.7376,-95.7776,17.0001
municipio,20201,San Juan Juquila Vijanos,20,-96.3633,17.292,-96.2442,17.3682
municipio,20202,San Juan Lachao,20,-97.2163,16.1225,-97.0148,16.2877
municipio,20203,San Juan Lachigalla,20,-96.6016,16.5135,-96.477,16.6185
municipio,20210,San Juan Ñumí,20,-97.8458,17.3484,-97.6503,17.5256
municipio,20208,San Juan Mixtepec,20,-97.9602,17.2286,-97.7605,17.5028
municipio,20209,San Juan Mixtepec,20,-96.3488,16.1932,-96.2683,16.322
municipio,20566,San Mateo Yucutindoo,20,-97.5643,16.6646,-97.2071,16.9187
municipio,20215,San Juan Sayultepec,20,-97.326,17.431,-97.2568,17.4667
municipio,20218,San Juan Teita,20,-97.4775,17.0237,-97.3918,17.1256
municipio,20284,San Miguel Tilquiápam,20,-96.6074,16.7265,-96.513,16.8447
municipio,20216,San Juan Tabaá,20,-96.2469,17.298,-96.1927,17.3418
municipio,20217,San Juan Tamazola,20,-97.2658,16.9796,-97.0539,17.2562
municipio,20219,San Juan Teitipac,20,-96.6329,16.8399,-96.5567,16.9407
municipio,20221,San Juan Teposcolula,20,-97.461,17.521,-97.3687,17.6569
municipio,20222,San Juan Yaeé,20,-96.3154,17.4071,-96.2399,17.4836
municipio,20223,San Juan Yatzona,20,-96.2193,17.3833,-96.1434,17.4396
municipio,20541,Tanetze de Zaragoza,20,-96.3218,17.3528,-96.2696,17.4121
municipio,20498,Santiago Yaveo,20,-95.8374,17.2348,-95.1814,17.7411
municipio,20224,San Juan Yucuita,20,-97.2971,17.4807,-97.2464,17.5635
municipio,20225,San Lorenzo,20,-97.923,16.3782,-97.8265,16.4571
municipio,20016,Coicoyán de las Flores,20,-98.3227,17.1161,-98.157,17.3155
municipio,20226,San Lorenzo Albarradas,20,-96.3147,16.8107,-96.1502,16.9691
municipio,20228,San Lorenzo Cuaunecuiltitla,20,-96.937,18.1904,-96.9047,18.2402
municipio,20229,San Lorenzo Texmelúcan,20,-97.2879,16.4713,-97.1177,16.5981
municipio,20231,San Lucas Camotlán,20,-95.7446,16.8729,-95.6053,16.9993
municipio,20232,San Lucas Ojitlán,20,-96.4935,17.9015,-96.2297,18.1669
municipio,20234,San Lucas Zoquiápam,20,-96.9679,18.0724,-96.8612,18.1499
municipio,20235,San Luis Amatlán,20,-96.5786,16.3468,-96.3757,16.5949
municipio,20236,San Marcial Ozolotepec,20,-96.4382,15.9643,-96.3585,16.1001
municipio,20239,San Martín Huamelúlpam,20,-97.6563,17.3624,-97.5631,17.4275
municipio,20240,San Martín Itunyoso,20,-97.9158,17.1799,-97.8027,17.2637
municipio,20241,San Martín Lachilá,20,-96.8796,16.5929,-96.8312,16.6317
municipio,20242,San Martín Peras,20,-98.3359,17.2727,-98.1516,17.472
municipio,20243,San Martín Tilcajete,20,-96.7225,16.842,-96.6617,16.9181
municipio,20244,San Martín Toxpalan,20,-97.0995,18.0666,-96.968,18.1534
municipio,20249,San Mateo Yoloxochitlán,20,-96.8848,18.1286,-96.8532,18.1558
municipio,20525,Santo Domingo Zanatepec,20,-94.487,16.2838,-94.1309,16.597
municipio,20526,Santos Reyes Nopala,20,-97.2768,15.9831,-97.1045,16.1819
municipio,20245,San Martín Zacatepec,20,-98.1158,17.7719,-98.0323,17.857
municipio,20269,San Miguel el Grande,20,-97.6533,16.983,-97.5647,17.1654
municipio,20247,Capulálpam de Méndez,20,-96.471,17.2881,-96.3633,17.3429
municipio,20250,San Mateo Etlatongo,20,-97.2953,17.398,-97.2253,17.4491
municipio,20255,San Mateo Sindihui,20,-97.437,16.9409,-97.3143,17.1139
municipio,20252,San Mateo Peñasco,20,-97.5671,17.1049,-97.4376,17.1755
municipio,20257,San Melchor Betaza,20,-96.1856,17.2073,-96.1114,17.2768
municipio,20258,San Miguel Achiutla,20,-97.5403,17.27,-97.4149,17.3484
municipio,20259,San Miguel Ahuehuetitlán,20,-98.4035,17.6279,-98.2668,17.7296
municipio,20260,San Miguel Aloápam,20,-96.7722,17.3608,-96.6342,17.5065
municipio,20268,San Miguel Ejutla,20,-96.7609,16.5702,-96.7187,16.6181
municipio,20276,San Miguel Santa Flor,20,-96.8349,17.8908,-96.7733,17.9507
municipio,20281,San Miguel Tecomatlán,20,-97.3185,17.3364,-97.2466,17.4061
municipio,20274,San Miguel Piedras,20,-97.2832,16.9181,-97.1654,17.0384
municipio,20532,Santo Tomás Ocotepec,20,-97.853,17.068,-97.7275,17.1726
municipio,20280,Villa Talea de Castro,20,-96.2774,17.318,-96.1835,17.4237
municipio,20533,Santo Tomás Tamazulapan,20,-96.6367,16.1908,-96.5349,16.2891
municipio,20368,Santa Catarina Minas,20,-96.6384,16.7393,-96.5803,16.8399
municipio,20282,San Miguel Tenango,20,-95.6276,16.1322,-95.4713,16.323
municipio,20052,Magdalena Tequisistlán,20,-95.7855,16.1118,-95.5007,16.6122
municipio,20283,San Miguel Tequixtepec,20,-97.4168,17.7457,-97.2432,17.9153
municipio,20535,San Vicente Lachixío,20,-97.0901,16.5692,-96.9787,16.724
municipio,20286,San Miguel Tlacotepec,20,-98.0489,17.3924,-97.9748,17.5008
municipio,20285,San Miguel Tlacamama,20,-98.1968,16.3932,-98.0182,16.4958
municipio,20288,San Miguel Yotao,20,-96.4023,17.3123,-96.311,17.3812
municipio,20289,San Nicolás,20,-96.778,16.3945,-96.7135,16.4703
municipio,20290,San Nicolás Hidalgo,20,-98.162,17.756,-98.1122,17.7963
municipio,20292,San Pablo Cuatro Venados,20,-96.9532,16.9309,-96.8333,17.0299
municipio,20380,Santa Cruz Papalutla,20,-96.603,16.9299,-96.5677,16.9777
municipio,20294,San Pablo Huitzo,20,-96.9656,17.2471,-96.8109,17.3841
municipio,20043,Heroica Ciudad de Juchitán de Zaragoza,20,-95.1243,16.2076,-94.7566,16.6189
municipio,20295,San Pablo Huixtepec,20,-96.8484,16.7795,-96.7513,16.8505
municipio,20538,Sitio de Xitlapehua,20,-96.559,16.322,-96.5172,16.4101
municipio,20296,San Pablo Macuiltianguis,20,-96.62,17.4634,-96.3961,17.5708
municipio,20297,San Pablo Tijaltepec,20,-97.5274,16.9309,-97.4169,17.0783
municipio,20304,San Pedro Coxcaltepec Cántaros,20,-97.183,17.4721,-97.0349,17.587
municipio,20299,San Pablo Yaganiza,20,-96.2504,17.0972,-96.1618,17.1608
municipio,20300,San Pedro Amuzgos,20,-98.1548,16.6129,-98.0234,16.743
municipio,20308,San Pedro Huilotepec,20,-95.1793,16.2175,-95.1167,16.2729
municipio,20301,San Pedro Apóstol,20,-96.7557,16.7271,-96.7134,16.7572
municipio,20311,San Pedro Jaltepetongo,20,-97.0799,17.6436,-96.9709,17.7223
municipio,20302,San Pedro Atoyac,20,-98.0417,16.474,-97.9132,16.5696
municipio,20303,San Pedro Cajonos,20,-96.2742,17.1573,-96.2494,17.1715
municipio,20305,San Pedro Comitancillo,20,-95.2137,16.4235,-95.1122,16.5001
municipio,20321,San Pedro Nopala,20,-97.6502,17.7554,-97.5068,17.8711
municipio,20332,San Pedro Topiltepec,20,-97.3895,17.4233,-97.3269,17.4911
municipio,20307,San Pedro Huamelula,20,-96.0148,15.8081,-95.5363,16.1427
municipio,20312,San Pedro Jicayán,20,-98.1089,16.4145,-97.9667,16.5142
municipio,20313,San Pedro Jocotipac,20,-97.1147,17.6948,-97.0095,17.8024
municipio,20314,San Pedro Juchatengo,20,-97.1435,16.2666,-97.0702,16.3651
municipio,20079,Salina Cruz,20,-95.289,16.117,-95.1387,16.2642
municipio,20331,San Pedro Tidaá,20,-97.4431,17.3083,-97.3389,17.3652
municipio,20315,San Pedro Mártir,20,-96.7233,16.7336,-96.6877,16.764
municipio,20316,San Pedro Mártir Quiechapa,20,-96.3101,16.3831,-96.1872,16.536
municipio,20207,San Juan Mazatlán,20,-95.6965,16.9217,-95.1353,17.3723
municipio,20317,San Pedro Mártir Yucuxaco,20,-97.6999,17.4031,-97.5744,17.5016
municipio,20356,Santa Ana del Valle,20,-96.4969,16.9823,-96.4401,17.0514
municipio,20319,San Pedro Mixtepec,20,-96.2992,16.1501,-96.1026,16.3018
municipio,20320,San Pedro Molinos,20,-97.5855,17.071,-97.5199,17.132
municipio,20322,San Pedro Ocopetatillo,20,-96.9251,18.1716,-96.8994,18.2003
municipio,20323,San Pedro Ocotepec,20,-95.8802,16.9325,-95.7971,17.0191
municipio,20325,San Pedro Quiatoni,20,-96.168,16.6312,-95.9073,16.8984
municipio,20326,San Pedro Sochiápam,20,-96.7154,17.7331,-96.5624,17.8981
municipio,20328,San Pedro Taviche,20,-96.612,16.5925,-96.4721,16.7061
municipio,20335,San Pedro Yaneri,20,-96.4191,17.3941,-96.3385,17.4576
municipio,20336,San Pedro Yólox,20,-96.6285,17.5693,-96.3538,17.6981
municipio,20339,San Pedro y San Pablo Teposcolula,20,-97.6504,17.4269,-97.3862,17.5589
municipio,20340,San Pedro y San Pablo Tequixtepec,20,-97.8606,18.0217,-97.5681,18.1788
municipio,20341,San Pedro Yucunama,20,-97.509,17.5463,-97.459,17.6146
municipio,20342,San Raymundo Jalpan,20,-96.7725,16.9637,-96.7398,16.9967
municipio,20343,San Sebastián Abasolo,20,-96.6556,16.9664,-96.5702,17.0067
municipio,20345,San Sebastián Ixcapa,20,-98.2109,16.4719,-98.0923,16.5851
municipio,20346,San Sebastián Nicananduta,20,-97.6999,17.4673,-97.6398,17.5681
municipio,20347,San Sebastián Río Hondo,20,-96.4871,16.1405,-96.3542,16.2628
municipio,20539,Soledad Etla,20,-96.8555,17.1409,-96.8,17.1757
municipio,20211,San Juan Ozolotepec,20,-96.3115,16.0087,-96.0872,16.1869
municipio,20212,San Juan Petlapa,20,-96.1263,17.3905,-95.962,17.5873
municipio,20213,San Juan Quiahije,20,-97.445,16.2677,-97.2406,16.442
municipio,20348,San Sebastián Tecomaxtlahuaca,20,-98.1696,17.2221,-98.0136,17.4729
municipio,20349,San Sebastián Teitipac,20,-96.6599,16.9191,-96.5969,16.9773
municipio,20540,Villa de Tamazulápam del Progreso,20,-97.6449,17.6168,-97.5134,17.7727
municipio,20350,San Sebastián Tutla,20,-96.7022,17.0213,-96.6634,17.0674
municipio,20352,San Simón Zahuatlán,20,-98.0456,17.7974,-97.9633,17.8782
municipio,20353,Santa Ana,20,-96.7808,16.2873,-96.6869,16.3728
municipio,20354,Santa Ana Ateixtlahuaca,20,-96.913,18.1957,-96.8633,18.2439
municipio,20355,Santa Ana Cuauhtémoc,20,-96.8362,17.9361,-96.774,18.0335
municipio,20358,Santa Ana Tlapacoyan,20,-96.9125,16.7031,-96.8015,16.7877
municipio,20360,Santa Ana Zegache,20,-96.7583,16.8098,-96.7051,16.8687
municipio,20361,Santa Catalina Quierí,20,-96.305,16.2792,-96.1909,16.3901
municipio,20362,Santa Catarina Cuixtla,20,-96.6785,16.2618,-96.6216,16.3296
municipio,20363,Santa Catarina Ixtepeji,20,-96.6533,17.1174,-96.5127,17.3245
municipio,20369,Santa Catarina Quiané,20,-96.7583,16.8533,-96.6965,16.9059
municipio,20370,Santa Catarina Tayata,20,-97.591,17.2934,-97.5258,17.3888
municipio,20381,Santa Cruz Tacache de Mina,20,-98.201,17.7901,-98.1315,17.8448
municipio,20372,Santa Catarina Yosonotú,20,-97.7301,16.9661,-97.6297,17.0436
municipio,20373,Santa Catarina Zapoquila,20,-97.6349,17.9587,-97.4797,18.0905
municipio,20374,Santa Cruz Acatepec,20,-96.9028,18.1452,-96.8569,18.1716
municipio,20293,San Pablo Etla,20,-96.8032,17.1225,-96.6533,17.1871
municipio,20375,Santa Cruz Amilpas,20,-96.6935,17.0316,-96.6787,17.0633
municipio,20376,Santa Cruz de Bravo,20,-98.2428,17.5424,-98.1878,17.6007
municipio,20382,Santa Cruz Tacahua,20,-97.5106,16.8884,-97.4061,16.9508
municipio,20383,Santa Cruz Tayata,20,-97.6029,17.3381,-97.5404,17.414
municipio,20384,Santa Cruz Xitla,20,-96.7189,16.2723,-96.6319,16.4022
municipio,20386,Santa Cruz Zenzontepec,20,-97.6191,16.339,-97.3788,16.6016
municipio,20387,Santa Gertrudis,20,-96.8379,16.7434,-96.7544,16.8085
municipio,20179,San Juan Bautista Jayacatlán,20,-96.8725,17.3821,-96.7446,17.4905
municipio,20388,Santa Inés del Monte,20,-96.888,16.8795,-96.8123,16.9652
municipio,20390,Santa Lucía del Camino,20,-96.7107,17.0434,-96.6631,17.0818
municipio,20408,Santa María del Rosario,20,-97.6321,17.3122,-97.5799,17.3728
municipio,20391,Santa Lucía Miahuatlán,20,-96.6579,16.1127,-96.5836,16.2463
municipio,20418,Santa María Jalapa del Marqués,20,-95.7227,16.346,-95.319,16.667
municipio,20392,Santa Lucía Monteverde,20,-97.8481,16.9001,-97.6339,17.0104
municipio,20393,Santa Lucía Ocotlán,20,-96.6922,16.7082,-96.6374,16.7456
municipio,20394,Santa María Alotepec,20,-95.9108,16.988,-95.7787,17.1735
municipio,20395,Santa María Apazco,20,-97.1313,17.5737,-97.0383,17.6858
municipio,20396,Santa María la Asunción,20,-96.8366,18.0879,-96.7915,18.1167
municipio,20397,Heroica Ciudad de Tlaxiaco,20,-97.8215,17.1227,-97.577,17.3474
municipio,20398,Ayoquezco de Aldama,20,-96.9478,16.6095,-96.8356,16.7271
municipio,20399,Santa María Atzompa,20,-96.8289,17.0417,-96.7577,17.1284
municipio,20400,Santa María Camotlán,20,-97.7212,17.8236,-97.5811,17.9104
municipio,20402,Santa María Cortijo,20,-98.3681,16.3875,-98.2547,16.4811
municipio,20154,San Ildefonso Amatlán,20,-96.5051,16.2387,-96.3888,16.3506
municipio,20155,San Ildefonso Sola,20,-96.9937,16.5145,-96.9236,16.6377
municipio,20156,San Ildefonso Villa Alta,20,-96.1976,17.2864,-96.0771,17.4587
municipio,20403,Santa María Coyotepec,20,-96.7346,16.9603,-96.6818,16.983
municipio,20419,Santa María Jaltianguis,20,-96.5857,17.3097,-96.4935,17.4128
municipio,20405,Villa de Chilapa de Díaz,20,-97.744,17.5221,-97.5515,17.6688
municipio,20409,Santa María del Tule,20,-96.6633,17.0073,-96.6071,17.0531
municipio,20264,San Miguel Chicahua,20,-97.2495,17.5873,-97.1615,17.6771
municipio,20411,Santa María Guelacé,20,-96.6258,16.9707,-96.5986,17.0109
municipio,20106,San Antonio Acutla,20,-97.5215,17.7184,-97.4701,17.769
municipio,20198,San Juan Guichicovi,20,-95.2951,16.8973,-94.9333,17.3128
municipio,20365,Santa Catarina Lachatao,20,-96.5405,17.1027,-96.4588,17.273
municipio,20002,Acatlán de Pérez Figueroa,20,-96.7091,18.3004,-96.3186,18.602
municipio,20006,Asunción Nochixtlán,20,-97.2874,17.1736,-96.9987,17.5916
municipio,20008,Asunción Tlacolulita,20,-95.8282,16.0784,-95.6953,16.3424
municipio,20009,Ayotzintepec,20,-96.294,17.65,-96.0882,17.8021
municipio,20010,El Barrio de la Soledad,20,-95.1749,16.7051,-94.886,16.8982
municipio,20055,Mariscala de Juárez,20,-98.2071,17.7147,-98.0448,17.9259
municipio,20412,Santa María Guienagati,20,-95.4894,16.6016,-95.2354,16.9553
municipio,20414,Santa María Huazolotitlán,20,-98.0076,16.0625,-97.8496,16.3179
municipio,20415,Santa María Ipalapa,20,-98.0948,16.5471,-97.9204,16.6978
municipio,20287,San Miguel Tulancingo,20,-97.4833,17.7135,-97.4023,17.7913
municipio,20291,San Pablo Coatlán,20,-96.8819,16.0221,-96.6954,16.2855
municipio,20298,San Pablo Villa de Mitla,20,-96.4231,16.8583,-96.1571,17.0744
municipio,20385,Santa Cruz Xoxocotlán,20,-96.807,16.9659,-96.7129,17.0542
municipio,20416,Santa María Ixcatlán,20,-97.2461,17.7843,-97.0481,17.9153
municipio,20420,Santa María Lachixío,20,-97.0977,16.7009,-96.9791,16.7726
municipio,20023,Cuilápam de Guerrero,20,-96.8615,16.955,-96.756,17.0498
municipio,20306,San Pedro el Alto,20,-96.527,15.9664,-96.4167,16.0797
municipio,20310,San Pedro Ixtlahuaca,20,-96.8723,17.026,-96.7698,17.0819
municipio,20421,Santa María Mixtequilla,20,-95.349,16.3488,-95.2018,16.4957
municipio,20309,San Pedro Ixcatlán,20,-96.6251,18.1087,-96.4692,18.2224
municipio,20324,San Pedro Pochutla,20,-96.5312,15.658,-96.2605,15.9227
municipio,20337,San Pedro y San Pablo Ayutla,20,-96.208,16.9502,-96.0439,17.1267
municipio,20351,San Simón Almolongas,20,-96.7862,16.36,-96.6699,16.4632
municipio,20425,Santa María Pápalo,20,-96.8332,17.7367,-96.7042,17.8587
municipio,20426,Santa María Peñoles,20,-97.1574,16.9605,-96.9248,17.1518
municipio,20427,Santa María Petapa,20,-95.1752,16.8024,-94.9409,16.9959
municipio,20428,Santa María Quiegolani,20,-96.118,16.2227,-95.9865,16.3916
municipio,20432,Santa María Temaxcalapa,20,-96.1909,17.353,-96.1358,17.4
municipio,20429,Santa María Sola,20,-97.0786,16.5152,-96.9883,16.6187
municipio,20430,Santa María Tataltepec,20,-97.442,17.0958,-97.3651,17.1771
municipio,20431,Santa María Tecomavaca,20,-97.2454,17.8592,-96.9345,18.0494
municipio,20021,Cosolapa,20,-96.7269,18.4912,-96.5842,18.6695
municipio,20175,San Juan Bautista Atatlahuca,20,-96.8806,17.4756,-96.6293,17.6912
municipio,20270,San Miguel Huautla,20,-97.1952,17.7036,-97.1069,17.8039
municipio,20433,Santa María Temaxcaltepec,20,-97.2241,16.1307,-97.1449,16.2053
municipio,20436,Santa María Texcatitlán,20,-97.1011,17.6783,-97.0095,17.7598
municipio,20452,Santiago Apóstol,20,-96.7589,16.773,-96.7005,16.8132
municipio,20442,Santa María Yalina,20,-96.3536,17.227,-96.2509,17.3008
municipio,20438,Santa María Tlalixtac,20,-96.7624,17.8672,-96.7099,17.966
municipio,20434,Santa María Teopoxco,20,-97.0041,18.1323,-96.9368,18.2198
municipio,20444,Santa María Yolotepec,20,-97.5147,16.8679,-97.408,16.8995
municipio,20443,Santa María Yavesía,20,-96.4608,17.1445,-96.3618,17.2612
municipio,20445,Santa María Yosoyúa,20,-97.5297,17.0691,-97.4713,17.1446
municipio,20448,Santa María Zaniza,20,-97.4507,16.5783,-97.2468,16.6895
municipio,20449,Santa María Zoquitlán,20,-96.4958,16.4369,-96.2432,16.6775
municipio,20462,Santiago Huajolotitlán,20,-97.7499,17.7423,-97.6188,17.8863
municipio,20453,Santiago Astata,20,-95.7121,15.9078,-95.5137,16.0631
municipio,20454,Santiago Atitlán,20,-95.9941,17.0398,-95.866,17.1372
municipio,20455,Santiago Ayuquililla,20,-98.0516,17.849,-97.9031,17.9919
municipio,20458,Santiago Comaltepec,20,-96.5868,17.5472,-96.2674,17.7254
municipio,20461,Santiago del Río,20,-98.1412,17.3758,-98.0646,17.4892
municipio,20465,Santiago Ixcuintepec,20,-95.6586,16.8654,-95.4941,16.9898
municipio,20466,Santiago Ixtayutla,20,-97.8594,16.4356,-97.5394,16.6237
municipio,20468,Santiago Jocotepec,20,-96.1275,17.4826,-95.8594,17.8148
municipio,20470,Santiago Lachiguiri,20,-95.6825,16.6071,-95.4085,16.9738
municipio,20471,Santiago Lalopa,20,-96.2859,17.3849,-96.2186,17.4482
municipio,20472,Santiago Laollaga,20,-95.3801,16.5355,-95.1773,16.7315
municipio,20473,Santiago Laxopa,20,-96.3796,17.1213,-96.2546,17.275
municipio,20474,Santiago Llano Grande,20,-98.3186,16.4057,-98.1972,16.5699
municipio,20475,Santiago Matatlán,20,-96.5338,16.6898,-96.3247,16.9185
municipio,20476,Santiago Miltepec,20,-97.7696,17.9467,-97.674,18.0287
municipio,20389,Santa Inés Yatzeche,20,-96.7659,16.7975,-96.7513,16.8124
municipio,20478,Santiago Nacaltepec,20,-97.0084,17.4131,-96.7959,17.6162
municipio,20479,Santiago Nejapilla,20,-97.4069,17.403,-97.3619,17.4619
municipio,20012,Candelaria Loxicha,20,-96.5892,15.7964,-96.4562,16.0036
municipio,20028,Heroica Ciudad de Ejutla de Crespo,20,-96.8649,16.4527,-96.593,16.7416
municipio,20039,Heroica Ciudad de Huajuapan de León,20,-97.9117,17.7181,-97.7129,18.0485
municipio,20064,Nejapa de Madero,20,-96.0607,16.4629,-95.556,16.8746
municipio,20066,Santiago Niltepec,20,-94.7889,16.4021,-94.4157,16.6382
municipio,20067,Oaxaca de Juárez,20,-96.7803,17.0293,-96.6727,17.164
municipio,20068,Ocotlán de Morelos,20,-96.8248,16.692,-96.6006,16.8758
municipio,20073,Putla Villa de Guerrero,20,-98.102,16.7572,-97.7326,17.2078
municipio,20085,San Agustín Loxicha,20,-96.7085,15.8412,-96.5178,16.0938
municipio,20088,San Andrés Cabecera Nueva,20,-97.9032,16.7153,-97.6565,16.9352
municipio,20483,Santiago Suchilquitongo,20,-96.9953,17.178,-96.8273,17.2842
municipio,20486,Villa Tejúpam de la Unión,20,-97.5251,17.5979,-97.3846,17.7321
municipio,20093,San Andrés Lagunas,20,-97.5642,17.5421,-97.497,17.6291
municipio,20113,San Baltazar Loxicha,20,-96.8469,15.9603,-96.7488,16.1275
municipio,20487,Santiago Tenango,20,-97.0346,17.2072,-96.9598,17.3879
municipio,20488,Santiago Tepetlapa,20,-97.4231,17.7699,-97.3742,17.8232
municipio,20496,Santiago Xiacuí,20,-96.4596,17.2309,-96.3492,17.3114
municipio,20509,Santo Domingo de Morelos,20,-96.7042,15.7844,-96.5663,15.9008
municipio,20557,Unión Hidalgo,20,-94.904,16.4406,-94.7242,16.5337
municipio,20560,Villa Díaz Ordaz,20,-96.4693,16.952,-96.242,17.155
municipio,20038,Villa Hidalgo Yalálag,20,-96.2002,17.1317,-96.1135,17.2372
municipio,20238,Heroico San Martín de los Cansecos,20,-96.7432,16.6411,-96.7096,16.677
municipio,21180,Tlahuapan,21,-98.6635,19.2344,-98.487,19.4678
municipio,21080,Atlequizayan,21,-97.6433,19.9864,-97.6108,20.0451
municipio,21087,Jolalpan,21,-99.0705,18.167,-98.7612,18.431
municipio,21088,Jonotla,21,-97.5935,20.0149,-97.4571,20.1523
municipio,21081,Ixcamilpa de Guerrero,21,-98.8707,17.9333,-98.5518,18.123
municipio,21083,Ixtacamaxtitlán,21,-98.0422,19.4543,-97.6921,19.7413
municipio,21197,Xicotepec,21,-98.0434,20.2292,-97.7485,20.4339
municipio,21193,Tzicatlacoyan,21,-98.1598,18.7176,-97.9155,18.9144
municipio,21192,Tuzamapan de Galeana,21,-97.5935,20.0402,-97.4718,20.1651
municipio,21215,Zongozotla,21,-97.83,19.9395,-97.7082,20.0018
municipio,21191,Tulcingo,21,-98.5012,17.8609,-98.2979,18.0911
municipio,21216,Zoquiapan,21,-97.6191,19.9834,-97.4477,20.1316
municipio,21199,Xiutetelco,21,-97.429,19.6153,-97.3022,19.8769
municipio,21198,Xicotlán,21,-98.7154,18.036,-98.4873,18.1892
municipio,21178,Tlacuilotepec,21,-98.1156,20.2946,-97.8764,20.4667
municipio,21105,Ocotepec,21,-97.7313,19.4987,-97.62,19.6022
municipio,21132,San Martín Texmelucan,21,-98.4927,19.2042,-98.3645,19.3272
municipio,21143,San Salvador el Verde,21,-98.647,19.1672,-98.4421,19.3494
municipio,21176,Tilapa,21,-98.6116,18.5691,-98.469,18.668
municipio,21174,Teziutlán,21,-97.4062,19.7683,-97.3153,19.9795
municipio,21171,Tepeyahualco de Cuauhtémoc,21,-97.889,18.7836,-97.8437,18.8357
municipio,21103,Nicolás Bravo,21,-97.4246,18.5409,-97.27,18.6858
municipio,21102,Nealtican,21,-98.4802,19.0341,-98.4124,19.0809
municipio,21142,San Salvador el Seco,21,-97.6855,19.0357,-97.5261,19.2491
municipio,21101,Nauzontla,21,-97.6169,19.9253,-97.5666,19.9984
municipio,21100,Naupan,21,-98.1551,20.1703,-98.0505,20.3053
municipio,21099,Cañada Morelos,21,-97.5235,18.6286,-97.3263,18.8203
municipio,21098,Molcaxac,21,-97.949,18.5809,-97.7867,18.7666
municipio,21001,Acajete,21,-98.0169,19.0046,-97.8354,19.1956
municipio,21182,Tlanepantla,21,-97.9116,18.8367,-97.8558,18.8781
municipio,21201,Xochiltepec,21,-98.3842,18.5988,-98.2982,18.7075
municipio,21110,Palmar de Bravo,21,-97.6763,18.7097,-97.3688,18.9652
municipio,21109,Pahuatlán,21,-98.1986,20.2206,-98.0699,20.3544
municipio,21067,Guadalupe Victoria,21,-97.4784,19.222,-97.2769,19.3925
municipio,21147,Santa Inés Ahuatempan,21,-98.1681,18.3031,-97.9482,18.5006
municipio,21204,Yaonáhuac,21,-97.4759,19.8596,-97.4069,19.9709
municipio,21108,Oriental,21,-97.6655,19.2263,-97.4791,19.4292
municipio,21066,Guadalupe,21,-98.2116,17.9679,-98.0926,18.1316
municipio,21167,Tepetzintla,21,-97.919,19.8949,-97.7812,19.9903
municipio,21166,Tepeojuma,21,-98.5035,18.6531,-98.3767,18.804
municipio,21065,General Felipe Ángeles,21,-97.7317,18.9711,-97.6115,19.0855
municipio,21181,Tlaltenango,21,-98.3746,19.1331,-98.3182,19.1902
municipio,21064,Francisco Z. Mena,21,-97.9224,20.5742,-97.6934,20.8399
municipio,21148,Santa Isabel Cholula,21,-98.4153,18.9247,-98.3444,19.0122
municipio,21063,Esperanza,21,-97.4427,18.8105,-97.2984,18.9037
municipio,21217,Zoquitlán,21,-97.1574,18.2774,-96.8536,18.4933
municipio,21207,Zacapoaxtla,21,-97.6448,19.719,-97.5201,19.9632
municipio,21214,Zinacatepec,21,-97.2956,18.2897,-97.168,18.3653
municipio,21059,Chinantla,21,-98.3564,18.1784,-98.199,18.2784
municipio,21058,Chilchotla,21,-97.2768,19.176,-97.1382,19.3357
municipio,21057,Honey,21,-98.2844,20.2158,-98.1834,20.3044
municipio,21056,Chila de la Sal,21,-98.5566,18.061,-98.3823,18.2376
municipio,21107,Olintla,21,-97.7289,20.0451,-97.6211,20.1831
municipio,21106,Ocoyucan,21,-98.3708,18.8521,-98.2685,19.0079
municipio,21055,Chila,21,-97.9488,17.9085,-97.8112,18.0259
municipio,21200,Xochiapulco,21,-97.6844,19.7896,-97.6133,19.9154
municipio,21051,Chietla,21,-98.7168,18.398,-98.5237,18.6195
municipio,21050,Chichiquila,21,-97.1475,19.128,-96.9857,19.2856
municipio,21096,Mazapiltepec de Juárez,21,-97.7469,19.0807,-97.656,19.209
municipio,21095,La Magdalena Tlatlauquitepec,21,-98.1326,18.7207,-98.0786,18.766
municipio,21094,Libres,21,-97.7969,19.3651,-97.539,19.5417
municipio,21093,Lafragua,21,-97.3794,19.1816,-97.2053,19.3872
municipio,21092,Juan N. Méndez,21,-97.8519,18.4604,-97.6162,18.621
municipio,21091,Juan Galindo,21,-98.0316,20.1989,-97.9566,20.2474
municipio,21208,Zacatlán,21,-98.175,19.829,-97.8561,20.0921
municipio,21090,Juan C. Bonilla,21,-98.3826,19.0981,-98.3083,19.1448
municipio,21037,Coyotepec,21,-97.8958,18.315,-97.742,18.4764
municipio,21035,Coxcatlán,21,-97.2067,18.1495,-97.0157,18.351
municipio,21034,Coronango,21,-98.3235,19.0983,-98.2589,19.1739
municipio,21033,Cohuecan,21,-98.7535,18.6694,-98.6873,18.8461
municipio,21032,Cohetzala,21,-98.8848,18.0923,-98.6858,18.3257
municipio,21031,Coatzingo,21,-98.2461,18.5104,-98.0829,18.6388
municipio,21030,Coatepec,21,-97.7461,20.0254,-97.7129,20.0836
municipio,21029,Caxhuacan,21,-97.628,20.0508,-97.586,20.0989
municipio,21028,Camocuautla,21,-97.7737,20.0068,-97.7252,20.0623
municipio,21020,Atoyatempan,21,-97.9314,18.7623,-97.8917,18.8462
municipio,21077,Hueytlalpan,21,-97.7332,20.0086,-97.6351,20.0919
municipio,21074,Huejotzingo,21,-98.6403,19.0934,-98.3307,19.2352
municipio,21022,Atzitzihuacán,21,-98.7012,18.738,-98.5024,18.8882
municipio,21025,Ayotoxco de Guerrero,21,-97.4633,19.9924,-97.3658,20.152
municipio,21177,Tlacotepec de Benito Juárez,21,-97.7599,18.5029,-97.4895,18.7642
municipio,21075,Hueyapan,21,-97.4562,19.8611,-97.3581,19.9987
municipio,21078,Huitzilan de Serdán,21,-97.7741,19.8904,-97.6579,19.9979
municipio,21079,Huitziltepec,21,-97.9067,18.7241,-97.8125,18.8453
municipio,21187,Tlaxco,21,-98.0997,20.3567,-98.0044,20.4481
municipio,21188,Tochimilco,21,-98.7142,18.8256,-98.5402,19.028
municipio,21189,Tochtepec,21,-97.8846,18.7304,-97.7714,18.9073
municipio,21190,Totoltepec de Guerrero,21,-97.9109,18.1852,-97.7751,18.3809
municipio,21194,Venustiano Carranza,21,-97.8244,20.4083,-97.541,20.6017
municipio,21184,Tlapacoya,21,-97.8905,20.0853,-97.7869,20.1906
municipio,21185,Tlapanalá,21,-98.5839,18.6408,-98.4771,18.7484
municipio,21082,Ixcaquixtla,21,-97.8974,18.4202,-97.7643,18.5338
municipio,21085,Izúcar de Matamoros,21,-98.5654,18.3294,-98.2877,18.6835
municipio,21104,Nopalucan,21,-97.9151,19.0984,-97.7469,19.2878
municipio,21122,San Felipe Teotlalcingo,21,-98.5961,19.2045,-98.4681,19.2613
municipio,21123,San Felipe Tepatlán,21,-97.8397,20.0742,-97.7424,20.1643
municipio,21012,Aljojuca,21,-97.5704,19.0589,-97.4513,19.1523
municipio,21013,Altepexi,21,-97.3405,18.3121,-97.2585,18.4035
municipio,21007,Ahuatlán,21,-98.3784,18.4832,-98.1933,18.6605
municipio,21011,Albino Zertuche,21,-98.627,17.9711,-98.4807,18.0524
municipio,21018,Atexcal,21,-97.7919,18.2758,-97.5853,18.4753
municipio,21054,Chignautla,21,-97.5034,19.6409,-97.3695,19.8731
municipio,21127,San Jerónimo Xayacatlán,21,-97.9985,18.1221,-97.8396,18.2885
municipio,21129,San José Miahuatlán,21,-97.4125,18.1233,-97.1668,18.3278
municipio,21130,San Juan Atenco,21,-97.62,18.9826,-97.474,19.1122
municipio,21213,Zihuateutla,21,-97.9598,20.2012,-97.6731,20.3809
municipio,21124,San Gabriel Chilac,21,-97.4313,18.237,-97.3141,18.3866
municipio,21169,Tepexi de Rodríguez,21,-98.0501,18.3302,-97.8416,18.6182
municipio,21159,Teopantlán,21,-98.3304,18.6094,-98.1685,18.8604
municipio,21156,Tehuacán,21,-97.6373,18.3241,-97.2078,18.6075
municipio,21155,Tecomatlán,21,-98.3865,17.9111,-98.233,18.1307
municipio,21154,Tecamachalco,21,-97.8037,18.7687,-97.6425,18.9578
municipio,21172,Tetela de Ocampo,21,-97.9125,19.6953,-97.6432,19.9274
municipio,21179,Tlachichuca,21,-97.4838,19.0303,-97.1946,19.2666
municipio,21153,Tecali de Herrera,21,-98.0748,18.807,-97.892,18.9894
municipio,21151,Santo Tomás Hueyotlipan,21,-97.8946,18.8648,-97.839,18.9126
municipio,21121,San Diego la Mesa Tochimiltzingo,21,-98.3937,18.6827,-98.2486,18.8416
municipio,21202,Xochitlán de Vicente Suárez,21,-97.7326,19.8739,-97.6005,19.9947
municipio,21203,Xochitlán Todos Santos,21,-97.8578,18.6039,-97.7082,18.7842
municipio,21073,Huehuetlán el Chico,21,-98.7956,18.2603,-98.6479,18.4575
municipio,21097,Mixtla,21,-97.9119,18.8869,-97.872,18.9198
municipio,21036,Coyomeapan,21,-97.1004,18.1898,-96.8466,18.3816
municipio,21044,Cuyoaco,21,-97.705,19.4625,-97.475,19.706
municipio,21060,Domingo Arenas,21,-98.4785,19.1124,-98.4111,19.1487
municipio,21061,Eloxochitlán,21,-96.9962,18.4514,-96.8424,18.5531
municipio,21062,Epatlán,21,-98.4152,18.563,-98.3371,18.6674
municipio,21068,Hermenegildo Galeana,21,-97.7726,20.0689,-97.6951,20.17
municipio,21072,Huehuetla,21,-97.6612,20.0235,-97.5801,20.1721
municipio,21160,Teotlalco,21,-98.9392,18.3749,-98.754,18.5237
municipio,21161,Tepanco de López,21,-97.6471,18.4417,-97.4564,18.6648
municipio,21024,Axutla,21,-98.4625,18.0796,-98.3271,18.2896
municipio,21186,Tlatlauquitepec,21,-97.5994,19.6365,-97.3913,20.0409
municipio,21170,Tepeyahualco,21,-97.6142,19.3385,-97.3469,19.6975
municipio,21196,Xayacatlán de Bravo,21,-98.0012,18.211,-97.8962,18.3412
municipio,21117,Rafael Lara Grajales,21,-97.8384,19.222,-97.7903,19.273
municipio,21017,Atempan,21,-97.472,19.7501,-97.3973,19.8533
municipio,21019,Atlixco,21,-98.5936,18.8021,-98.3075,19.0002
municipio,21173,Teteles de Ávila Castillo,21,-97.4733,19.8325,-97.4197,19.8711
municipio,21175,Tianguismanalco,21,-98.5819,18.9344,-98.405,19.066
municipio,21052,Chigmecatitlán,21,-98.113,18.6258,-98.0042,18.6694
municipio,21069,Huaquechula,21,-98.6777,18.6527,-98.3736,18.8613
municipio,21168,Tepexco,21,-98.7279,18.5854,-98.5614,18.7146
municipio,21157,Tehuitzingo,21,-98.4425,18.2507,-98.1364,18.4861
municipio,21162,Tepango de Rodríguez,21,-97.8302,19.9829,-97.7265,20.039
municipio,21209,Zapotitlán,21,-97.6719,18.1034,-97.4133,18.4207
municipio,21118,Los Reyes de Juárez,21,-97.8715,18.9205,-97.7834,19.0153
municipio,21119,San Andrés Cholula,21,-98.3582,18.9757,-98.2239,19.0685
municipio,21120,San Antonio Cañada,21,-97.324,18.4355,-97.2168,18.5544
municipio,21125,San Gregorio Atzompa,21,-98.3693,18.9924,-98.3219,19.0329
municipio,21126,San Jerónimo Tecuanipan,21,-98.426,18.9915,-98.3456,19.0855
municipio,21128,San José Chiapa,21,-97.8396,19.1855,-97.6246,19.3106
municipio,21158,Tenampulco,21,-97.4868,20.1391,-97.3155,20.2498
municipio,21053,Chignahuapan,21,-98.315,19.6675,-97.9608,19.9751
municipio,21002,Acateno,21,-97.3103,20.0095,-97.1224,20.1911
municipio,21003,Acatlán,21,-98.3009,17.8784,-97.9298,18.3691
municipio,21004,Acatzingo,21,-97.8278,18.9475,-97.6758,19.1126
municipio,21005,Acteopan,21,-98.7332,18.6857,-98.6361,18.8159
municipio,21006,Ahuacatlán,21,-97.9186,19.9649,-97.8119,20.0918
municipio,21008,Ahuazotepec,21,-98.1809,20.0057,-98.0877,20.1074
municipio,21133,San Martín Totoltepec,21,-98.3726,18.6415,-98.3365,18.6741
municipio,21134,San Matías Tlalancaleca,21,-98.5488,19.3071,-98.4549,19.3943
municipio,21135,San Miguel Ixitlán,21,-97.8278,17.9451,-97.6988,18.0684
municipio,21137,San Nicolás Buenos Aires,21,-97.5747,19.1004,-97.4209,19.3423
municipio,21138,San Nicolás de los Ranchos,21,-98.6407,19.0209,-98.4522,19.1536
municipio,21139,San Pablo Anicano,21,-98.2143,18.0922,-98.0581,18.1894
municipio,21140,San Pedro Cholula,21,-98.403,19.026,-98.261,19.1186
municipio,21141,San Pedro Yeloixtlahuaca,21,-98.1115,17.9644,-97.9669,18.1401
municipio,21205,Yehualtepec,21,-97.7529,18.7054,-97.5938,18.828
municipio,21023,Atzitzintla,21,-97.3615,18.8605,-97.2425,19.0283
municipio,21116,Quimixtlán,21,-97.216,19.1633,-96.9914,19.3227
municipio,21115,Quecholac,21,-97.7473,18.8806,-97.5416,19.0189
municipio,21114,Puebla,21,-98.2941,18.8368,-98.0202,19.2287
municipio,21144,San Salvador Huixcolotla,21,-97.8019,18.8878,-97.7461,18.9569
municipio,21145,San Sebastián Tlacotepec,21,-96.912,18.2368,-96.7259,18.5175
municipio,21146,Santa Catarina Tlaltempan,21,-98.1434,18.5829,-98.0177,18.6475
municipio,21149,Santiago Miahuatlán,21,-97.4926,18.4924,-97.3417,18.6078
municipio,21150,Huehuetlán el Grande,21,-98.241,18.6704,-98.0657,18.8441
municipio,21010,Ajalpan,21,-97.3223,18.3381,-96.9259,18.5292
municipio,21014,Amixtlán,21,-97.8463,20.0261,-97.7425,20.0855
municipio,21015,Amozoc,21,-98.1367,18.982,-97.9744,19.1454
municipio,21016,Aquixtla,21,-98.0129,19.7025,-97.8457,19.8574
municipio,21021,Atzala,21,-98.5632,18.5263,-98.5177,18.5666
municipio,21026,Calpan,21,-98.5763,19.0625,-98.3915,19.1444
municipio,21027,Caltepec,21,-97.6532,18.027,-97.3528,18.2646
municipio,21165,Tepemaxalco,21,-98.6567,18.6969,-98.5935,18.7901
municipio,21152,Soltepec,21,-97.8119,19.0603,-97.6821,19.1855
municipio,21206,Zacapala,21,-98.2705,18.4692,-97.9045,18.7237
municipio,21211,Zaragoza,21,-97.5934,19.7009,-97.5417,19.7909
municipio,21212,Zautla,21,-97.7831,19.6177,-97.5591,19.8101
municipio,21163,Tepatlaxco de Hidalgo,21,-98.0375,19.0604,-97.954,19.2309
municipio,21049,Chiconcuautla,21,-98.0234,20.0275,-97.8924,20.1451
municipio,21048,Chiautzingo,21,-98.6003,19.1587,-98.4411,19.2394
municipio,21047,Chiautla,21,-98.8069,18.1065,-98.3819,18.4621
municipio,21195,Vicente Guerrero,21,-97.2935,18.4275,-97.0811,18.6434
municipio,21164,Tepeaca,21,-97.9715,18.9073,-97.802,19.1283
municipio,21046,Chapulco,21,-97.4737,18.5767,-97.3405,18.7159
municipio,21210,Zapotitlán de Méndez,21,-97.7378,19.9871,-97.6306,20.0213
municipio,21136,San Miguel Xoxtla,21,-98.3238,19.1544,-98.2879,19.1903
municipio,21045,Chalchicomula de Sesma,21,-97.5597,18.8702,-97.2666,19.0841
municipio,21043,Cuetzalan del Progreso,21,-97.5801,19.9499,-97.4131,20.1048
municipio,21084,Ixtepec,21,-97.6634,20.0022,-97.6056,20.0776
municipio,21086,Jalpan,21,-98.0128,20.3894,-97.7339,20.5141
municipio,21042,Cuayuca de Andrade,21,-98.2927,18.3575,-98.0767,18.5077
municipio,21113,Piaxtla,21,-98.3673,17.9537,-98.1934,18.2162
municipio,21131,San Juan Atzompa,21,-98.0858,18.7195,-97.9597,18.7704
municipio,21089,Jopala,21,-97.8685,20.1266,-97.6575,20.2793
municipio,21041,Cuautlancingo,21,-98.3002,19.078,-98.2244,19.1608
municipio,21040,Cuautinchán,21,-98.1381,18.8979,-97.9409,19.028
municipio,21039,Cuautempan,21,-97.8328,19.8617,-97.7497,19.9754
municipio,21038,Cuapiaxtla de Madero,21,-97.8568,18.8935,-97.7863,18.9616
municipio,21112,Petlalcingo,21,-98.0058,17.9609,-97.8107,18.1643
municipio,21009,Ahuehuetitla,21,-98.2466,18.1663,-98.1533,18.2974
municipio,21076,Hueytamalco,21,-97.3824,19.868,-97.2036,20.2006
municipio,21183,Tlaola,21,-97.9977,20.087,-97.8284,20.2389
municipio,21071,Huauchinango,21,-98.14,20.055,-97.9547,20.3013
municipio,21070,Huatlatlauca,21,-98.1782,18.61,-97.9476,18.7485
municipio,21111,Pantepec,21,-97.9974,20.4867,-97.7736,20.6749
municipio,22002,Pinal de Amoles,22,-99.7158,20.9749,-99.4292,21.3578
municipio,22010,Landa de Matamoros,22,-99.3694,21.1013,-99.0431,21.4621
municipio,22006,Corregidora,22,-100.5098,20.3608,-100.3678,20.5948
municipio,22003,Arroyo Seco,22,-99.7945,21.2861,-99.4112,21.5778
municipio,22011,El Marqués,22,-100.4072,20.5009,-100.1549,20.971
municipio,22012,Pedro Escobedo,22,-100.2984,20.3585,-100.041,20.5793
municipio,22015,San Joaquín,22,-99.6858,20.882,-99.3639,21.1164
municipio,22016,San Juan del Río,22,-100.196,20.2067,-99.8354,20.5472
municipio,22017,Tequisquiapan,22,-100.085,20.4316,-99.8281,20.6503
municipio,22018,Tolimán,22,-100.0923,20.7531,-99.7891,21.0711
municipio,22007,Ezequiel Montes,22,-99.9916,20.5386,-99.7353,20.7665
municipio,22001,Amealco de Bonfil,22,-100.3096,20.015,-99.9219,20.3593
municipio,22014,Querétaro,22,-100.5965,20.5235,-100.3288,20.9279
municipio,22005,Colón,22,-100.2716,20.562,-99.9275,20.9387
municipio,22004,Cadereyta de Montes,22,-99.8817,20.5639,-99.384,21.0184
municipio,22013,Peñamiller,22,-100.0275,20.9443,-99.6568,21.2359
municipio,22008,Huimilpan,22,-100.4033,20.2855,-100.1834,20.553
municipio,22009,Jalpan de Serra,22,-99.5495,21.0982,-99.1224,21.6699
municipio,23001,Cozumel,23,-87.3632,20.2716,-86.7233,20.5979
municipio,23003,Isla Mujeres,23,-87.1058,21.2015,-86.7104,21.6054
municipio,23002,Felipe Carrillo Puerto,23,-88.6994,19.0518,-87.4101,20.4241
municipio,23005,Benito Juárez,23,-87.0972,20.9315,-86.7406,21.2172
municipio,23004,Othón P. Blanco,23,-89.2067,17.8945,-87.2453,18.9805
municipio,23011,Puerto Morelos,23,-87.3234,20.7628,-86.8378,21.1012
municipio,23008,Solidaridad,23,-87.9627,20.3569,-86.9207,20.8121
municipio,23010,Bacalar,23,-89.1486,18.6261,-87.549,19.2311
municipio,23007,Lázaro Cárdenas,23,-87.7437,20.5928,-87.0972,21.6049
municipio,23006,José María Morelos,23,-89.2966,19.2177,-88.3914,20.1901
municipio,23009,Tulum,23,-87.9951,19.7776,-87.3027,20.5161
municipio,24050,Villa de Reyes,24,-101.2198,21.6725,-100.7902,21.9957
municipio,24052,Villa Juárez,24,-100.3526,22.1255,-99.9741,22.4652
municipio,24053,Axtla de Terrazas,24,-98.9566,21.336,-98.7803,21.5112
municipio,24054,Xilitla,24,-99.1378,21.2794,-98.8665,21.5028
municipio,24055,Zaragoza,24,-100.8366,21.8837,-100.4986,22.1943
municipio,24048,Villa de la Paz,24,-100.8408,23.6045,-100.6648,23.7213
municipio,24015,Charcas,24,-101.4467,22.9571,-100.8226,23.5834
municipio,24013,Ciudad Valles,24,-99.3373,21.7418,-98.8173,22.4153
municipio,24009,Cerro de San Pedro,24,-100.8843,22.1414,-100.7068,22.2599
municipio,24043,Tierra Nueva,24,-100.641,21.5223,-100.2746,21.768
municipio,24042,Tanquián de Escobedo,24,-98.7385,21.5237,-98.5988,21.6992
municipio,24012,Tancanhuitz,24,-99.0194,21.5526,-98.8808,21.7296
municipio,24011,Ciudad Fernández,24,-100.5005,21.8556,-99.9483,22.1264
municipio,24010,Ciudad del Maíz,24,-100.0854,22.111,-99.3171,22.7516
municipio,24008,Cerritos,24,-100.5695,22.2424,-99.9674,22.5956
municipio,24007,Cedral,24,-100.8373,23.6973,-100.5131,24.1832
municipio,24035,Soledad de Graciano Sánchez,24,-100.968,22.135,-100.7553,22.455
municipio,24041,Tanlajás,24,-98.9819,21.6394,-98.6661,21.8504
municipio,24040,Tamuín,24,-98.9188,21.7547,-98.4897,22.4085
municipio,24039,Tampamolón Corona,24,-98.8953,21.4578,-98.6701,21.6436
municipio,24038,Tampacán,24,-98.8309,21.3096,-98.6628,21.5078
municipio,24037,Tamazunchale,24,-98.9425,21.1602,-98.6212,21.3272
municipio,24036,Tamasopo,24,-99.5206,21.6288,-99.1632,22.2337
municipio,24006,Catorce,24,-101.3404,23.3713,-100.8059,23.9186
municipio,24028,San Luis Potosí,24,-101.1685,21.9576,-100.7597,22.6607
municipio,24031,Santa Catarina,24,-99.5566,21.4192,-99.2339,21.7314
municipio,24030,San Nicolás Tolentino,24,-100.5947,21.9727,-100.2875,22.3233
municipio,24029,San Martín Chalchicuautla,24,-98.7434,21.1831,-98.5034,21.5433
municipio,24026,San Antonio,24,-98.9318,21.572,-98.7295,21.6639
municipio,24005,Cárdenas,24,-99.8094,21.8843,-99.505,22.1293
municipio,24024,Rioverde,24,-100.404,21.5581,-99.7413,22.4022
municipio,24023,Rayón,24,-99.8082,21.6505,-99.4025,21.9536
municipio,24022,Moctezuma,24,-101.5081,22.5167,-100.8181,22.898
municipio,24021,Mexquitic de Carmona,24,-101.37,22.073,-100.9654,22.4364
municipio,24017,Guadalcázar,24,-100.6258,22.4983,-100.0114,23.3104
municipio,24016,Ebano,24,-98.6841,21.9603,-98.326,22.3765
municipio,24014,Coxcatlán,24,-98.9679,21.4667,-98.8268,21.5627
municipio,24033,Santo Domingo,24,-102.296,23.0273,-101.2277,23.7972
municipio,24001,Ahualulco del Sonido 13,24,-101.4348,22.2533,-101.0079,22.692
municipio,24057,Matlapa,24,-98.9441,21.2834,-98.7634,21.3817
municipio,24051,Villa Hidalgo,24,-100.9357,22.3385,-100.4458,23.0256
municipio,24058,El Naranjo,24,-99.5443,22.1469,-99.2061,22.7485
municipio,24032,Santa María del Río,24,-100.8577,21.5058,-100.1628,21.9645
municipio,24027,San Ciro de Acosta,24,-100.1067,21.4482,-99.7056,21.7292
municipio,24025,Salinas,24,-101.9461,22.465,-101.3759,23.1814
municipio,24056,Villa de Arista,24,-100.9496,22.5059,-100.6607,22.8229
municipio,24047,Villa de Guadalupe,24,-100.918,22.9312,-100.4789,23.6129
municipio,24059,Villa de Pozos,24,-100.9191,22.0368,-100.742,22.1584
municipio,24034,San Vicente Tancuayalab,24,-98.7307,21.6654,-98.4547,21.9594
municipio,24002,Alaquines,24,-99.8898,21.9439,-99.4144,22.2173
municipio,24003,Aquismón,24,-99.2556,21.4818,-98.9611,22.0127
municipio,24004,Armadillo de los Infante,24,-100.8432,22.0854,-100.4493,22.4349
municipio,24046,Villa de Arriaga,24,-101.5035,21.8099,-101.044,22.1538
municipio,24018,Huehuetlán,24,-99.0298,21.4534,-98.9431,21.5802
municipio,24019,Lagunillas,24,-99.7987,21.4473,-99.4837,21.7479
municipio,24020,Matehuala,24,-100.783,23.214,-100.4457,23.8293
municipio,24044,Vanegas,24,-101.2167,23.7824,-100.5851,24.4915
municipio,24045,Venado,24,-101.4186,22.7688,-100.7735,23.0735
municipio,24049,Villa de Ramos,24,-102.2601,22.6504,-101.4463,23.1583
municipio,25010,El Fuerte,25,-109.0426,25.8168,-108.2605,26.658
municipio,25008,Elota,25,-107.1653,23.7743,-106.6047,24.2872
municipio,25016,San Ignacio,25,-106.8619,23.4735,-105.8578,24.3748
municipio,25018,Navolato,25,-108.0716,24.4173,-107.4529,25.0333
municipio,25003,Badiraguato,25,-107.793,25.067,-106.9653,26.1429
municipio,25014,Rosario,25,-106.2592,22.8106,-105.3922,23.3683
municipio,25001,Ahome,25,-109.4447,25.5157,-108.8546,26.4024
municipio,25002,Angostura,25,-108.3862,24.7851,-107.8951,25.4505
municipio,25020,Juan José Ríos,25,-109.1179,25.4522,-108.6499,25.9491
municipio,25019,Eldorado,25,-107.8246,24.2203,-107.2133,24.5193
municipio,25009,Escuinapa,25,-105.998,22.4681,-105.4363,22.9625
municipio,25004,Concordia,25,-106.2429,23.076,-105.7003,23.7664
municipio,25005,Cosalá,25,-107.0542,24.2139,-106.4629,24.8264
municipio,25012,Mazatlán,25,-106.6184,23.0684,-105.9249,23.8912
municipio,25007,Choix,25,-108.6636,26.2838,-107.9555,27.0418
municipio,25013,Mocorito,25,-108.0488,24.916,-107.512,25.8123
municipio,25015,Salvador Alvarado,25,-108.3071,25.1479,-107.8686,25.6134
municipio,25006,Culiacán,25,-107.8231,24.0347,-106.8712,25.276
municipio,25017,Sinaloa,25,-108.7466,25.5858,-107.4899,26.4533
municipio,25011,Guasave,25,-109.0541,25.1866,-108.1786,25.7898
municipio,26066,Ures,26,-110.6317,29.0086,-109.9556,29.7062
municipio,26038,Moctezuma,26,-110.0666,29.5185,-109.3767,29.9773
municipio,26033,Huatabampo,26,-109.8849,26.297,-108.9957,26.9139
municipio,26056,San Miguel de Horcasitas,26,-111.0737,29.2751,-110.5683,29.6747
municipio,26031,Huachinera,26,-109.1892,29.944,-108.6069,30.3445
municipio,26032,Huásabas,26,-109.6215,29.8147,-109.1157,30.1273
municipio,26070,General Plutarco Elías Calles,26,-113.5107,31.3198,-112.3102,32.0713
municipio,26064,Trincheras,26,-111.8968,29.966,-111.2209,30.6158
municipio,26062,Suaqui Grande,26,-110.1114,28.2004,-109.6273,28.5629
municipio,26052,Sahuaripa,26,-109.484,28.4928,-108.5516,29.5454
municipio,26051,Rosario,26,-109.6889,27.6809,-108.9197,28.4062
municipio,26037,Mazatán,26,-110.4333,28.7594,-109.917,29.1034
municipio,26021,La Colorada,26,-110.8972,28.4542,-109.7601,28.9946
municipio,26041,Nacozari de García,26,-109.7955,30.2234,-109.1203,30.7373
municipio,26043,Nogales,26,-111.3568,31.0108,-110.6512,31.3771
municipio,26034,Huépac,26,-110.4839,29.8424,-110.0024,30.0342
municipio,26016,Benjamín Hill,26,-111.4284,29.8721,-110.9078,30.4305
municipio,26014,Baviácora,26,-110.326,29.4319,-109.9506,29.7962
municipio,26015,Bavispe,26,-109.313,30.4043,-108.6571,30.8884
municipio,26069,Yécora,26,-109.3669,28.1815,-108.4797,28.6449
municipio,26009,Bacanora,26,-109.5768,28.5416,-109.2252,29.1843
municipio,26029,Guaymas,26,-111.3901,27.5165,-110.053,28.6312
municipio,26002,Agua Prieta,26,-109.7465,30.7088,-108.6838,31.3341
municipio,26057,San Pedro de la Cueva,26,-110.0088,28.9835,-109.2587,29.5716
municipio,26055,San Luis Río Colorado,26,-115.053,31.491,-113.5435,32.4939
municipio,26024,Divisaderos,26,-109.5239,29.5232,-109.2255,29.7262
municipio,26023,Cumpas,26,-110.1069,29.8095,-109.5203,30.3201
municipio,26001,Aconchi,26,-110.4314,29.6915,-110.0061,29.8771
municipio,26003,Álamos,26,-109.2597,26.3902,-108.4243,27.7757
municipio,26030,Hermosillo,26,-112.6131,28.2254,-110.3821,29.7128
municipio,26022,Cucurpe,26,-110.8398,30.1798,-110.4041,30.6789
municipio,26025,Empalme,26,-110.8545,27.8579,-110.5153,28.1506
municipio,26027,Fronteras,26,-110.0339,30.5231,-109.3229,31.132
municipio,26005,Arivechi,26,-109.2981,28.7424,-108.8421,28.9737
municipio,26006,Arizpe,26,-110.5021,30.1113,-109.736,30.7704
municipio,26035,Imuris,26,-111.0867,30.5745,-110.4134,31.0988
municipio,26068,Villa Pesqueira,26,-110.13,28.7972,-109.7911,29.4834
municipio,26046,Oquitoa,26,-111.8023,30.5223,-111.4903,31.0645
municipio,26026,Etchojoa,26,-109.947,26.848,-109.4986,27.2399
municipio,26049,Quiriego,26,-109.8138,27.2968,-108.8691,27.8841
municipio,26071,Benito Juárez,26,-109.9963,26.9704,-109.7281,27.2262
municipio,26004,Altar,26,-112.295,30.5252,-111.6125,31.6647
municipio,26063,Tepache,26,-109.7366,29.3155,-109.334,29.6546
municipio,26028,Granados,26,-109.4329,29.6282,-109.1949,29.8741
municipio,26048,Puerto Peñasco,26,-114.006,30.9448,-112.4377,32.1153
municipio,26017,Caborca,26,-113.1272,30.0602,-112.0677,31.7348
municipio,26012,Bácum,26,-110.3153,27.1025,-110.0061,28.217
municipio,26044,Ónavas,26,-109.66,28.3407,-109.3388,28.5736
municipio,26036,Magdalena,26,-111.2841,30.441,-110.7391,31.0842
municipio,26013,Banámichi,26,-110.5425,29.9398,-110.0131,30.1865
municipio,26010,Bacerac,26,-109.226,30.0395,-108.5422,30.4682
municipio,26050,Rayón,26,-110.733,29.5666,-110.3309,29.9333
municipio,26072,San Ignacio Río Muerto,26,-110.6061,27.1321,-110.1376,27.5194
municipio,26061,Soyopa,26,-109.8833,28.5101,-109.2949,29.1072
municipio,26011,Bacoachi,26,-110.2439,30.4621,-109.7402,30.8989
municipio,26018,Cajeme,26,-110.1516,27.018,-109.5342,28.407
municipio,26047,Pitiquito,26,-112.761,29.2918,-111.3856,30.9025
municipio,26019,Cananea,26,-110.5402,30.7155,-109.8618,31.2575
municipio,26020,Carbó,26,-111.4461,29.4481,-110.6525,30.0309
municipio,26053,San Felipe de Jesús,26,-110.4379,29.8194,-110.2175,29.9211
municipio,26042,Navojoa,26,-109.8256,26.6235,-109.0643,27.4308
municipio,26008,Bacadéhuachi,26,-109.2581,29.5142,-108.8388,30.0517
municipio,26060,Sáric,26,-111.6981,30.9685,-111.2139,31.5186
municipio,26039,Naco,26,-110.3603,31.0407,-109.6629,31.3341
municipio,26059,Santa Cruz,26,-110.7828,30.9776,-110.3218,31.3334
municipio,26040,Nácori Chico,26,-109.1857,29.2674,-108.535,29.9639
municipio,26067,Villa Hidalgo,26,-109.5808,30.0276,-109.1025,30.479
municipio,26065,Tubutama,26,-111.7062,30.6072,-111.0983,31.2569
municipio,26007,Atil,26,-111.651,30.6945,-111.4191,30.9637
municipio,26045,Opodepe,26,-111.2179,29.8186,-110.4051,30.2535
municipio,26054,San Javier,26,-109.8801,28.459,-109.6264,28.7641
municipio,26058,Santa Ana,26,-111.333,30.1866,-110.7949,30.729
municipio,27006,Cunduacán,27,-93.4084,17.9488,-93.0231,18.2257
municipio,27001,Balancán,27,-91.7128,17.4223,-90.9877,18.171
municipio,27016,Teapa,27,-93.0577,17.469,-92.8262,17.7702
municipio,27015,Tacotalpa,27,-92.9126,17.3434,-92.5459,17.6891
municipio,27014,Paraíso,27,-93.5266,18.2716,-92.9974,18.4531
municipio,27012,Macuspana,27,-92.718,17.5402,-92.1271,18.1706
municipio,27002,Cárdenas,27,-94.13,17.9304,-93.2813,18.4076
municipio,27003,Centla,27,-93.0969,18.0565,-92.2146,18.651
municipio,27004,Centro,27,-93.2509,17.7125,-92.5832,18.3418
municipio,27005,Comalcalco,27,-93.5281,18.1512,-93.0957,18.4286
municipio,27007,Emiliano Zapata,27,-91.8307,17.43,-91.5541,17.9576
municipio,27008,Huimanguillo,27,-94.1298,17.3128,-93.2956,18.2108
municipio,27009,Jalapa,27,-92.9374,17.626,-92.6684,17.9154
municipio,27010,Jalpa de Méndez,27,-93.2173,18.0678,-92.9989,18.4076
municipio,27011,Jonuta,27,-92.3528,17.796,-91.7712,18.4707
municipio,27013,Nacajuca,27,-93.0621,18.0073,-92.8297,18.3494
municipio,27017,Tenosique,27,-91.6202,17.251,-90.9875,17.6651
municipio,28003,Altamira,28,-98.3435,22.3217,-97.8196,22.8045
municipio,28041,Victoria,28,-99.379,23.3961,-98.9409,23.9831
municipio,28010,Cruillas,28,-98.7028,24.4112,-98.0998,24.8983
municipio,28024,Mier,28,-99.4309,26.2528,-99.0919,26.5805
municipio,28015,Gustavo Díaz Ordaz,28,-98.7635,26.0179,-98.5214,26.2604
municipio,28025,Miguel Alemán,28,-99.1978,26.053,-98.9418,26.4136
municipio,28040,Valle Hermoso,28,-97.9793,25.504,-97.7358,26.0609
municipio,28023,Méndez,28,-98.8638,24.9128,-98.0587,25.5044
municipio,28031,Palmillas,28,-99.6547,23.0749,-99.4724,23.4559
municipio,28039,Tula,28,-100.1108,22.6128,-99.4598,23.2828
municipio,28038,Tampico,28,-98.0003,22.2075,-97.8364,22.3329
municipio,28037,Soto la Marina,28,-98.5131,23.2723,-97.6765,24.4784
municipio,28007,Camargo,28,-99.0267,25.9683,-98.6778,26.3943
municipio,28005,Burgos,28,-99.2049,24.7244,-98.4133,25.1271
municipio,28032,Reynosa,28,-98.5855,25.446,-98.1381,26.227
municipio,28033,Río Bravo,28,-98.1732,25.3813,-97.85,26.0744
municipio,28029,Ocampo,28,-99.5641,22.5886,-99.0924,23.0997
municipio,28030,Padilla,28,-99.1472,23.762,-98.601,24.1958
municipio,28034,San Carlos,28,-99.2454,24.1159,-98.6468,24.8796
municipio,28035,San Fernando,28,-98.4304,24.3005,-97.517,25.4441
municipio,28022,Matamoros,28,-97.9426,25.0409,-97.1464,26.0699
municipio,28036,San Nicolás,28,-98.9247,24.4643,-98.6468,24.7804
municipio,28028,Nuevo Morelos,28,-99.3055,22.4067,-99.1099,22.6242
municipio,28021,El Mante,28,-99.1255,22.3551,-98.483,22.8602
municipio,28011,Gómez Farías,28,-99.3585,22.8337,-98.9927,23.1508
municipio,28012,González,28,-98.9073,22.3883,-98.2892,23.1926
municipio,28027,Nuevo Laredo,28,-99.9264,27.2713,-99.4788,27.6773
municipio,28013,Güémez,28,-99.4869,23.6774,-98.7347,24.0968
municipio,28004,Antiguo Morelos,28,-99.2105,22.3717,-98.9099,22.7671
municipio,28006,Bustamante,28,-100.145,23.0969,-99.632,23.551
municipio,28016,Hidalgo,28,-99.6571,23.9196,-99.0443,24.4084
municipio,28019,Llera,28,-99.2672,23.0202,-98.4079,23.575
municipio,28017,Jaumave,28,-99.6803,23.0604,-99.1446,23.8787
municipio,28020,Mainero,28,-99.733,24.464,-99.4049,24.7368
municipio,28008,Casas,28,-99.0413,23.0904,-98.2098,23.9961
municipio,28043,Xicoténcatl,28,-99.1481,22.7987,-98.7631,23.1743
municipio,28042,Villagrán,28,-99.6173,24.373,-99.1474,24.8041
municipio,28014,Guerrero,28,-99.7701,26.5484,-99.1674,27.2944
municipio,28009,Ciudad Madero,28,-97.8594,22.2301,-97.773,22.3265
municipio,28026,Miquihuana,28,-99.9612,23.3916,-99.5814,23.7843
municipio,28001,Abasolo,28,-98.5593,23.7935,-98.001,24.4626
municipio,28002,Aldama,28,-98.3677,22.549,-97.7604,23.3668
municipio,28018,Jiménez,28,-98.7263,23.9405,-98.278,24.4717
municipio,29019,Tepetitla de Lardizábal,29,-98.4101,19.2499,-98.3497,19.3158
municipio,29045,Benito Juárez,29,-98.4588,19.576,-98.362,19.6167
municipio,29047,Lázaro Cárdenas,29,-98.0278,19.5005,-97.9485,19.5719
municipio,29033,Tlaxcala,29,-98.2945,19.2613,-98.194,19.3719
municipio,29059,Santa Cruz Quilehtla,29,-98.2317,19.2044,-98.1723,19.2212
municipio,29004,Atltzayanca,29,-97.8881,19.3261,-97.7039,19.4968
municipio,29054,San Lorenzo Axocomanitla,29,-98.2737,19.1996,-98.2424,19.231
municipio,29042,Xicohtzinco,29,-98.2622,19.1559,-98.2242,19.1866
municipio,29044,Zacatelco,29,-98.3063,19.1608,-98.2306,19.2327
municipio,29053,San Juan Huactzinco,29,-98.2708,19.2222,-98.2401,19.2533
municipio,29008,Cuapiaxtla,29,-97.8675,19.2838,-97.6843,19.3939
municipio,29029,Tepeyanco,29,-98.2536,19.2165,-98.2061,19.2772
municipio,29046,Emiliano Zapata,29,-97.9833,19.5266,-97.8693,19.6044
municipio,29025,San Pablo del Monte,29,-98.2043,19.1055,-98.0994,19.2165
municipio,29058,Santa Catarina Ayometla,29,-98.2306,19.1744,-98.1954,19.2106
municipio,29014,Hueyotlipan,29,-98.4197,19.3761,-98.2761,19.5831
municipio,29028,Teolocholco,29,-98.2273,19.1632,-98.0338,19.2583
municipio,29040,Xaltocan,29,-98.2981,19.3566,-98.1773,19.4832
municipio,29060,Santa Isabel Xiloxoxtla,29,-98.225,19.2465,-98.1879,19.2788
municipio,29015,Ixtacuixtla de Mariano Matamoros,29,-98.4873,19.2702,-98.3002,19.4219
municipio,29057,Santa Apolonia Teacalco,29,-98.3328,19.2206,-98.2988,19.2631
municipio,29056,Santa Ana Nopalucan,29,-98.3563,19.27,-98.3192,19.3169
municipio,29051,San Jerónimo Zacualpan,29,-98.279,19.2269,-98.2476,19.2662
municipio,29041,Papalotla de Xicohténcatl,29,-98.2375,19.1381,-98.1432,19.205
municipio,29038,Tzompantepec,29,-98.1302,19.3562,-98.0282,19.4123
municipio,29023,Natívitas,29,-98.378,19.1687,-98.2978,19.2923
municipio,29020,Sanctórum de Lázaro Cárdenas,29,-98.543,19.4269,-98.3851,19.6198
municipio,29017,Mazatecochco de José María Morelos,29,-98.1944,19.1726,-98.1309,19.2122
municipio,29022,Acuamanala de Miguel Hidalgo,29,-98.2132,19.2015,-98.1227,19.231
municipio,29001,Amaxac de Guerrero,29,-98.235,19.3385,-98.1497,19.3843
municipio,29006,Calpulalpan,29,-98.7084,19.4633,-98.4359,19.6376
municipio,29016,Ixtenco,29,-97.9848,19.2276,-97.8541,19.2897
municipio,29049,San Damián Texóloc,29,-98.3208,19.2622,-98.2735,19.3196
municipio,29043,Yauhquemehcan,29,-98.2162,19.3632,-98.1471,19.4441
municipio,29013,Huamantla,29,-98.0395,19.1926,-97.8015,19.4528
municipio,29002,Apetatitlán de Antonio Carvajal,29,-98.2186,19.3238,-98.1739,19.3772
municipio,29005,Apizaco,29,-98.1798,19.374,-98.059,19.4801
municipio,29018,Contla de Juan Cuamatzi,29,-98.1919,19.2958,-98.0723,19.3438
municipio,29003,Atlangatepec,29,-98.2523,19.4894,-98.1013,19.6043
municipio,29011,Muñoz de Domingo Arenas,29,-98.3053,19.4638,-98.1784,19.5378
municipio,29009,Cuaxomulco,29,-98.1228,19.3193,-98.0561,19.3673
municipio,29010,Chiautempan,29,-98.2187,19.2497,-98.0445,19.3291
municipio,29007,El Carmen Tequexquitla,29,-97.7196,19.2859,-97.6257,19.3955
municipio,29021,Nanacamilpa de Mariano Arista,29,-98.6377,19.4492,-98.4481,19.5672
municipio,29012,Españita,29,-98.5083,19.3817,-98.3497,19.4998
municipio,29031,Tetla de la Solidaridad,29,-98.1814,19.4185,-97.9826,19.5717
municipio,29032,Tetlatlahuca,29,-98.3163,19.1843,-98.2573,19.2806
municipio,29034,Tlaxco,29,-98.3817,19.5109,-97.9556,19.7281
municipio,29035,Tocatlán,29,-98.0422,19.3651,-97.9931,19.4158
municipio,29030,Terrenate,29,-98.0392,19.4148,-97.8472,19.5455
municipio,29026,Santa Cruz Tlaxcala,29,-98.1614,19.3178,-98.0928,19.404
municipio,29050,San Francisco Tetlanohcan,29,-98.1888,19.2317,-98.0326,19.2899
municipio,29052,San José Teacalco,29,-98.0905,19.2848,-98.0095,19.3594
municipio,29027,Tenancingo,29,-98.2245,19.1327,-98.1562,19.1682
municipio,29055,San Lucas Tecopilco,29,-98.2913,19.4514,-98.2164,19.5237
municipio,29024,Panotla,29,-98.3206,19.2896,-98.2501,19.4144
municipio,29037,Ziltlaltépec de Trinidad Sánchez Santos,29,-97.9978,19.1642,-97.851,19.2538
municipio,29048,La Magdalena Tlaltelulco,29,-98.2153,19.2577,-98.161,19.3024
municipio,29039,Xaloztoc,29,-98.0836,19.3765,-97.971,19.4488
municipio,29036,Totolac,29,-98.2897,19.3166,-98.2231,19.3588
municipio,30162,Tenampa,30,-96.9171,19.218,-96.754,19.2997
municipio,30169,José Azueta,30,-95.8242,17.9203,-95.5587,18.3563
municipio,30185,Tlilapan,30,-97.1117,18.7739,-97.0412,18.8127
municipio,30187,Tonayán,30,-96.9673,19.6632,-96.8734,19.7774
municipio,30188,Totutla,30,-96.9853,19.175,-96.8033,19.2893
municipio,30189,Tuxpan,30,-97.5999,20.728,-97.2181,21.1375
municipio,30190,Tuxtilla,30,-95.9197,18.1308,-95.8411,18.2507
municipio,30078,Ixcatepec,30,-98.1164,21.1487,-97.9289,21.35
municipio,30191,Ursulo Galván,30,-96.4808,19.3958,-96.3087,19.4969
municipio,30079,Ixhuacán de los Reyes,30,-97.1741,19.28,-96.9715,19.4646
municipio,30192,Vega de Alatorre,30,-96.776,19.8284,-96.5259,20.1567
municipio,30194,Villa Aldama,30,-97.2597,19.6142,-97.1498,19.6881
municipio,30031,Carrillo Puerto,30,-96.7015,18.754,-96.4645,18.8891
municipio,30195,Xoxocotla,30,-97.2266,18.5922,-97.1226,18.6675
municipio,30199,Zaragoza,30,-94.6763,17.9233,-94.6073,17.9717
municipio,30206,Nanchital de Lázaro Cárdenas del Río,30,-94.4241,18.0341,-94.3445,18.098
municipio,30210,Uxpanapa,30,-94.7589,17.1494,-93.9231,17.4732
municipio,30211,San Rafael,30,-97.0214,20.1306,-96.7763,20.2977
municipio,30212,Santiago Sochiapan,30,-95.8088,17.5185,-95.5112,17.7504
municipio,30103,Mecatlán,30,-97.7006,20.1744,-97.6003,20.245
municipio,30141,San Andrés Tuxtla,30,-95.4448,18.211,-95.0495,18.7152
municipio,30140,San Andrés Tenejapan,30,-97.1212,18.7472,-97.065,18.7954
municipio,30138,Río Blanco,30,-97.1799,18.8251,-97.1102,18.8656
municipio,30136,Rafael Lucio,30,-97.0025,19.5783,-96.9583,19.6213
municipio,30131,Poza Rica de Hidalgo,30,-97.4877,20.4877,-97.3999,20.5895
municipio,30116,Oluta,30,-94.9496,17.8368,-94.8465,17.9532
municipio,30109,Misantla,30,-96.9931,19.7673,-96.7504,20.1515
municipio,30107,Las Minas,30,-97.1992,19.6463,-97.1028,19.761
municipio,30203,Zozocolco de Hidalgo,30,-97.6084,20.079,-97.4948,20.1766
municipio,30205,El Higo,30,-98.572,21.6438,-98.3054,21.8896
municipio,30071,Huatusco,30,-97.0561,19.0725,-96.6849,19.2186
municipio,30069,Gutiérrez Zamora,30,-97.1916,20.3718,-97.0135,20.5285
municipio,30098,Magdalena,30,-97.0752,18.7475,-97.0223,18.7895
municipio,30075,Ignacio de la Llave,30,-96.0578,18.5177,-95.8655,18.7952
municipio,30074,Huiloapan de Cuauhtémoc,30,-97.1664,18.7964,-97.0951,18.8367
municipio,30073,Hueyapan de Ocampo,30,-95.4124,18.0622,-94.9582,18.3274
municipio,30072,Huayacocotla,30,-98.5973,20.3314,-98.3359,20.7156
municipio,30149,Soteapan,30,-95.0317,18.0509,-94.7952,18.4039
municipio,30150,Tamalín,30,-97.8224,21.3205,-97.5131,21.6268
municipio,30148,Soledad de Doblado,30,-96.5843,18.934,-96.3142,19.1877
municipio,30147,Soledad Atzompa,30,-97.2438,18.6335,-97.1306,18.7804
municipio,30146,Sochiapa,30,-96.9592,19.1409,-96.8846,19.2022
municipio,30145,Soconusco,30,-94.9119,17.9525,-94.7627,18.0603
municipio,30004,Actopan,30,-96.794,19.3947,-96.3301,19.727
municipio,30070,Hidalgotitlán,30,-94.8527,17.32,-94.4314,17.8433
municipio,30068,Fortín,30,-97.0329,18.8022,-96.9262,18.9887
municipio,30067,Filomeno Mata,30,-97.7415,20.1636,-97.6345,20.2627
municipio,30066,Espinal,30,-97.6089,20.1409,-97.3784,20.3696
municipio,30065,Emiliano Zapata,30,-96.9034,19.3378,-96.542,19.5755
municipio,30064,Chumatlán,30,-97.6117,20.1942,-97.5453,20.2497
municipio,30173,Tezonapa,30,-96.8981,18.3648,-96.6723,18.7526
municipio,30209,Tatahuicapan de Juárez,30,-94.8967,18.1901,-94.6831,18.5076
municipio,30032,Catemaco,30,-95.1636,18.2711,-94.8641,18.5997
municipio,30040,Coatzintla,30,-97.6549,20.3476,-97.3935,20.508
municipio,30039,Coatzacoalcos,30,-94.639,18.061,-94.2235,18.2113
municipio,30038,Coatepec,30,-97.1048,19.3573,-96.797,19.5322
municipio,30037,Coahuitlán,30,-97.7563,20.2275,-97.6594,20.3068
municipio,30036,Coacoatzintla,30,-96.9931,19.6351,-96.9135,19.7273
municipio,30035,Citlaltépetl,30,-97.957,21.2461,-97.8418,21.4264
municipio,30034,Cerro Azul,30,-97.8443,21.1308,-97.7044,21.2395
municipio,30033,Cazones de Herrera,30,-97.4102,20.6157,-97.1807,20.8027
municipio,30030,Camerino Z. Mendoza,30,-97.2003,18.7633,-97.1318,18.8172
municipio,30029,Calcahualco,30,-97.2697,19.0298,-97.0519,19.1715
municipio,30028,Boca del Río,30,-96.1497,19.0543,-96.0927,19.1714
municipio,30027,Benito Juárez,30,-98.2655,20.7274,-98.087,20.9062
municipio,30026,Banderilla,30,-96.9888,19.5667,-96.8977,19.6112
municipio,30025,Ayahualulco,30,-97.2747,19.3093,-96.9972,19.4861
municipio,30024,Tlaltetela,30,-97.0308,19.1947,-96.597,19.3728
municipio,30023,Atzalan,30,-97.2606,19.7569,-96.9524,20.0535
municipio,30022,Atzacan,30,-97.1277,18.8763,-97.0213,18.992
municipio,30168,Tequila,30,-97.1355,18.7006,-96.9525,18.7984
municipio,30166,Tepetlán,30,-96.831,19.5929,-96.7145,19.7354
municipio,30165,Tepatlaxco,30,-96.8967,19.0028,-96.8054,19.0939
municipio,30164,Teocelo,30,-97.0306,19.3429,-96.8417,19.4035
municipio,30126,Paso de Ovejas,30,-96.6239,19.1496,-96.3221,19.365
municipio,30050,Coxquihui,30,-97.6216,20.1576,-97.4828,20.2733
municipio,30046,Cosautlán de Carvajal,30,-97.0353,19.2891,-96.8957,19.3696
municipio,30021,Atoyac,30,-96.8679,18.8378,-96.7113,19.0108
municipio,30128,Perote,30,-97.4343,19.376,-97.0998,19.6456
municipio,30020,Atlahuilco,30,-97.1868,18.6414,-97.0537,18.7302
municipio,30101,Mariano Escobedo,30,-97.255,18.8714,-97.0983,18.9798
municipio,30018,Aquila,30,-97.3536,18.7639,-97.2922,18.8127
municipio,30009,Alto Lucero de Gutiérrez Barrios,30,-96.7597,19.5323,-96.3994,19.9236
municipio,30112,Naolinco,30,-96.9171,19.5631,-96.75,19.7146
municipio,30008,Alpatláhuac,30,-97.2014,19.0632,-97.0638,19.1367
municipio,30007,Camarón de Tejeda,30,-96.6678,18.9503,-96.4825,19.0557
municipio,30006,Acultzingo,30,-97.35,18.6242,-97.2059,18.7916
municipio,30111,Moloacán,30,-94.3729,17.8889,-94.1973,18.0967
municipio,30110,Mixtla de Altamirano,30,-97.0415,18.5537,-96.9286,18.6496
municipio,30005,Acula,30,-95.8925,18.4648,-95.7042,18.6614
municipio,30051,Coyutla,30,-97.7656,20.209,-97.5741,20.4575
municipio,30045,Cosamaloapan de Carpio,30,-96.1883,18.1318,-95.7665,18.432
municipio,30013,Naranjos Amatlán,30,-97.79,21.2531,-97.5815,21.3637
municipio,30014,Amatlán de los Reyes,30,-96.9572,18.7834,-96.8176,18.9617
municipio,30002,Acatlán,30,-96.8644,19.6626,-96.8133,19.7149
municipio,30001,Acajete,30,-97.1046,19.5053,-96.9883,19.6269
municipio,30003,Acayucan,30,-95.2597,17.9077,-94.8495,18.1467
municipio,30120,Oteapan,30,-94.6966,17.9588,-94.6508,18.0173
municipio,30127,La Perla,30,-97.2851,18.9108,-97.0871,19.0534
municipio,30048,Cosoleacaque,30,-94.6898,17.8699,-94.4144,18.1421
municipio,30059,Chinameca,30,-94.8182,18.001,-94.5879,18.1195
municipio,30100,Manlio Fabio Altamirano,30,-96.4482,18.9741,-96.2563,19.1983
municipio,30087,Xalapa,30,-96.9698,19.4846,-96.799,19.5995
municipio,30097,Lerdo de Tejada,30,-95.5614,18.6039,-95.4371,18.7139
municipio,30010,Altotonga,30,-97.2831,19.6368,-96.9499,19.8925
municipio,30108,Minatitlán,30,-94.6578,17.3168,-94.1227,18.0941
municipio,30011,Alvarado,30,-96.1208,18.555,-95.5099,19.1022
municipio,30012,Amatitlán,30,-95.7766,18.3514,-95.594,18.5234
municipio,30015,Angel R. Cabada,30,-95.5048,18.4692,-95.2606,18.7167
municipio,30016,La Antigua,30,-96.3848,19.2208,-96.2216,19.4142
municipio,30017,Apazapan,30,-96.7397,19.3037,-96.5602,19.3831
municipio,30117,Omealca,30,-96.9153,18.6325,-96.5669,18.7857
municipio,30113,Naranjal,30,-96.9804,18.7707,-96.9242,18.8251
municipio,30114,Nautla,30,-96.9133,20.0023,-96.6807,20.2406
municipio,30115,Nogales,30,-97.2363,18.7587,-97.1525,18.912
municipio,30163,Tenochtitlán,30,-96.9968,19.7552,-96.8895,19.8952
municipio,30019,Astacinga,30,-97.1446,18.5215,-97.0487,18.5881
municipio,30042,Colipa,30,-96.7974,19.8721,-96.6374,19.9982
municipio,30043,Comapa,30,-96.9237,19.0741,-96.4929,19.209
municipio,30044,Córdoba,30,-97.0034,18.8371,-96.8733,19.0107
municipio,30047,Coscomatepec,30,-97.1956,18.9838,-96.9997,19.1342
municipio,30049,Cotaxtla,30,-96.5389,18.7363,-96.1839,18.9787
municipio,30052,Cuichapa,30,-96.9043,18.7395,-96.7252,18.7998
municipio,30099,Maltrata,30,-97.3263,18.7634,-97.2111,18.9236
municipio,30105,Medellín de Bravo,30,-96.272,18.8395,-96.022,19.1449
municipio,30184,Tlaquilpa,30,-97.1459,18.5709,-97.0489,18.6552
municipio,30175,Tihuatlán,30,-97.7154,20.484,-97.3655,20.8662
municipio,30178,Tlacotalpan,30,-95.7656,18.3349,-95.503,18.7072
municipio,30180,Tlachichilco,30,-98.2912,20.4914,-98.108,20.7417
municipio,30137,Los Reyes,30,-97.0847,18.6294,-97.008,18.7143
municipio,30196,Yanga,30,-96.8553,18.7634,-96.7476,18.8821
municipio,30197,Yecuatla,30,-96.837,19.785,-96.702,19.9084
municipio,30198,Zacualpan,30,-98.4467,20.3979,-98.2309,20.6118
municipio,30139,Saltabarranca,30,-95.5818,18.4725,-95.4602,18.6209
municipio,30186,Tomatlán,30,-97.033,18.9861,-96.9655,19.0511
municipio,30200,Zentla,30,-96.8842,19.0205,-96.5294,19.1356
municipio,30202,Zontecomatlán de López y Fuentes,30,-98.4335,20.6694,-98.1811,20.8025
municipio,30204,Agua Dulce,30,-94.2824,17.966,-94.0614,18.2131
municipio,30207,Tres Valles,30,-96.3001,18.162,-96.0159,18.4228
municipio,30208,Carlos A. Carrillo,30,-95.7924,18.2148,-95.6397,18.4389
municipio,30201,Zongolica,30,-97.0277,18.5219,-96.8341,18.7816
municipio,30181,Tlalixcoyan,30,-96.4361,18.5954,-95.9746,18.9497
municipio,30182,Tlalnelhuayocan,30,-97.0223,19.5064,-96.9477,19.5783
municipio,30183,Tlapacoyan,30,-97.2692,19.9227,-97.083,20.1214
municipio,30076,Ilamatlán,30,-98.5502,20.6627,-98.3154,20.8655
municipio,30077,Isla,30,-95.729,17.8815,-95.3802,18.3641
municipio,30080,Ixhuatlán del Café,30,-97.0179,18.9573,-96.8482,19.096
municipio,30081,Ixhuatlancillo,30,-97.218,18.8569,-97.111,18.9287
municipio,30082,Ixhuatlán del Sureste,30,-94.4601,17.8979,-94.3184,18.065
municipio,30083,Ixhuatlán de Madero,30,-98.1482,20.5149,-97.8877,20.8953
municipio,30084,Ixmatlahuacan,30,-96.0138,18.3664,-95.7665,18.6273
municipio,30085,Ixtaczoquitlán,30,-97.0871,18.7556,-96.9716,18.9469
municipio,30086,Jalacingo,30,-97.3804,19.6096,-97.2228,19.9364
municipio,30088,Jalcomulco,30,-96.8252,19.2674,-96.6948,19.4032
municipio,30089,Jáltipan,30,-94.7987,17.6973,-94.6221,18.026
municipio,30090,Jamapa,30,-96.3155,18.9165,-96.1729,19.0644
municipio,30091,Jesús Carranza,30,-95.2046,17.1847,-94.6455,17.5906
municipio,30092,Xico,30,-97.1517,19.3687,-96.8949,19.522
municipio,30041,Coetzala,30,-96.9375,18.7551,-96.9043,18.7952
municipio,30053,Cuitláhuac,30,-96.7804,18.726,-96.4675,18.8534
municipio,30054,Chacaltianguis,30,-95.9173,18.0804,-95.7045,18.3408
municipio,30055,Chalma,30,-98.4523,21.1294,-98.2071,21.2674
municipio,30056,Chiconamel,30,-98.544,21.1581,-98.3421,21.3319
municipio,30057,Chiconquiaco,30,-96.8608,19.6995,-96.6536,19.8176
municipio,30058,Chicontepec,30,-98.2394,20.8318,-97.8482,21.1813
municipio,30060,Chinampa de Gorostiza,30,-97.7763,21.3271,-97.5592,21.4241
municipio,30061,Las Choapas,30,-94.3152,17.137,-93.6079,17.9898
municipio,30062,Chocamán,30,-97.092,18.9638,-96.9894,19.0369
municipio,30063,Chontla,30,-98.0687,21.1846,-97.8709,21.669
municipio,30093,Jilotepec,30,-96.9878,19.5799,-96.8415,19.6434
municipio,30094,Juan Rodríguez Clara,30,-95.5229,17.7531,-95.1905,18.1933
municipio,30095,Juchique de Ferrer,30,-96.7498,19.7449,-96.5578,19.9022
municipio,30096,Landero y Coss,30,-96.8735,19.7086,-96.8341,19.7764
municipio,30104,Mecayapan,30,-94.9131,18.082,-94.7012,18.5486
municipio,30118,Orizaba,30,-97.1576,18.832,-97.0687,18.8862
municipio,30119,Otatitlán,30,-96.0839,18.1267,-95.9906,18.2171
municipio,30121,Ozuluama de Mascareñas,30,-98.1596,21.402,-97.3874,21.9949
municipio,30123,Pánuco,30,-98.6815,21.6894,-97.895,22.4717
municipio,30124,Papantla,30,-97.5192,20.1518,-97.1013,20.6732
municipio,30125,Paso del Macho,30,-96.8149,18.8474,-96.4666,19.0478
municipio,30129,Platón Sánchez,30,-98.4974,21.1774,-98.25,21.4161
municipio,30130,Playa Vicente,30,-95.9029,17.5656,-95.35,17.9498
municipio,30122,Pajapan,30,-94.7661,18.0877,-94.5841,18.3509
municipio,30132,Las Vigas de Ramírez,30,-97.1688,19.5473,-97.0222,19.686
municipio,30133,Pueblo Viejo,30,-98.0892,22.0637,-97.7743,22.2636
municipio,30134,Puente Nacional,30,-96.8189,19.1887,-96.3723,19.438
municipio,30135,Rafael Delgado,30,-97.1405,18.7569,-97.0466,18.8354
municipio,30106,Miahuatlán,30,-96.917,19.6897,-96.8494,19.7725
municipio,30102,Martínez de la Torre,30,-97.1575,19.9586,-96.9431,20.2806
municipio,30170,Texcatepec,30,-98.4126,20.5428,-98.1956,20.7022
municipio,30171,Texhuacán,30,-97.0784,18.5814,-96.9754,18.6509
municipio,30172,Texistepec,30,-94.8947,17.5749,-94.6989,17.9787
municipio,30174,Tierra Blanca,30,-96.6282,18.3124,-95.9768,18.7418
municipio,30176,Tlacojalpan,30,-96.0158,18.1357,-95.8789,18.2528
municipio,30179,Tlacotepec de Mejía,30,-96.8716,19.1604,-96.6846,19.2047
municipio,30177,Tlacolulan,30,-97.0685,19.6134,-96.9323,19.788
municipio,30193,Veracruz,30,-96.3395,19.1022,-96.091,19.2654
municipio,30143,Santiago Tuxtla,30,-95.545,18.2375,-95.2327,18.573
municipio,30144,Sayula de Alemán,30,-95.0774,17.5632,-94.8004,17.9299
municipio,30142,San Juan Evangelista,30,-95.4351,17.5387,-94.8789,17.9859
municipio,30151,Tamiahua,30,-97.7124,21.0966,-97.2213,21.5809
municipio,30152,Tampico Alto,30,-98.08,21.5365,-97.3279,22.164
municipio,30153,Tancoco,30,-97.8721,21.1992,-97.6577,21.3327
municipio,30154,Tantima,30,-97.9321,21.2966,-97.5621,21.5308
municipio,30155,Tantoyuca,30,-98.3985,21.1059,-97.9867,21.6735
municipio,30156,Tatatila,30,-97.151,19.6463,-97.0222,19.7814
municipio,30157,Castillo de Teayo,30,-97.7569,20.6296,-97.5748,20.8335
municipio,30158,Tecolutla,30,-97.2156,20.2379,-96.7854,20.5997
municipio,30159,Tehuipango,30,-97.1127,18.4545,-96.9727,18.5843
municipio,30160,Álamo Temapache,30,-97.9299,20.7839,-97.4998,21.1987
municipio,30161,Tempoal,30,-98.6435,21.3786,-98.0809,21.7218
municipio,30167,Tepetzintla,30,-97.9677,21.0648,-97.7475,21.2379
municipio,31009,Cansahcab,31,-89.1513,21.1073,-88.9935,21.2271
municipio,31007,Cacalchén,31,-89.3257,20.9258,-89.1822,21.0416
municipio,31019,Chemax,31,-88.0448,20.4702,-87.5783,20.9939
municipio,31101,Umán,31,-89.8872,20.717,-89.6558,20.9768
municipio,31106,Yobaín,31,-89.1767,21.2064,-89.0684,21.3676
municipio,31105,Yaxkukul,31,-89.5007,21.0227,-89.3871,21.0897
municipio,31103,Xocchel,31,-89.2175,20.7385,-89.041,20.8526
municipio,31097,Tunkás,31,-88.8572,20.7523,-88.6597,21.0396
municipio,31095,Tixpéhual,31,-89.5406,20.91,-89.3952,21.0117
municipio,31081,Tekom,31,-88.5286,20.3741,-88.2356,20.6262
municipio,31090,Timucuy,31,-89.5871,20.6017,-89.4821,20.8836
municipio,31088,Teya,31,-89.1189,20.9865,-88.9959,21.1271
municipio,31087,Tetiz,31,-90.2378,20.8827,-89.8756,21.0299
municipio,31066,Santa Elena,31,-89.9025,20.1362,-89.576,20.3748
municipio,31086,Tepakán,31,-89.0572,20.9837,-88.9394,21.143
municipio,31083,Telchac Puerto,31,-89.3275,21.2723,-89.2239,21.3462
municipio,31082,Telchac Pueblo,31,-89.295,21.162,-89.2191,21.2764
municipio,31080,Tekit,31,-89.3966,20.4858,-89.1443,20.6508
municipio,31102,Valladolid,31,-88.3249,20.3495,-87.938,20.8798
municipio,31071,Sudzal,31,-89.0514,20.6691,-88.7525,20.8997
municipio,31069,Sotuta,31,-89.1994,20.4845,-88.8228,20.7461
municipio,31078,Tekantó,31,-89.1587,20.958,-89.0274,21.0574
municipio,31037,Huhí,31,-89.2336,20.5982,-89.0587,20.7781
municipio,31027,Dzidzantún,31,-89.0983,21.1952,-88.9457,21.3822
municipio,31058,Peto,31,-88.9997,19.7909,-88.6127,20.3107
municipio,31055,Opichén,31,-89.9628,20.464,-89.7453,20.6351
municipio,31036,Homún,31,-89.3583,20.5536,-89.1339,20.7753
municipio,31032,Espita,31,-88.5137,20.8336,-88.1827,21.1869
municipio,31077,Tekal de Venegas,31,-88.9911,20.96,-88.7099,21.0805
municipio,31074,Tahmek,31,-89.3556,20.838,-89.2097,20.9631
municipio,31026,Dzemul,31,-89.4531,21.1645,-89.2662,21.3386
municipio,31025,Dzan,31,-89.5096,20.3358,-89.3721,20.4576
municipio,31001,Abalá,31,-89.7777,20.5722,-89.5305,20.7483
municipio,31050,Mérida,31,-89.8012,20.6994,-89.4513,21.1859
municipio,31023,Chocholá,31,-90.0178,20.6277,-89.7144,20.8247
municipio,31035,Hoctún,31,-89.243,20.8233,-89.0451,20.9505
municipio,31034,Hocabá,31,-89.3341,20.7596,-89.1468,20.8594
municipio,31016,Chacsinkín,31,-89.088,20.1247,-88.9662,20.2912
municipio,31015,Cuzamá,31,-89.4093,20.6457,-89.2947,20.7802
municipio,31013,Conkal,31,-89.5661,21.0259,-89.4383,21.1247
municipio,31049,Mayapán,31,-89.2427,20.4248,-89.1212,20.5599
municipio,31065,San Felipe,31,-88.5005,21.3854,-88.1634,21.6037
municipio,31064,Sanahcat,31,-89.2578,20.7344,-89.1666,20.7884
municipio,31073,Tahdziú,31,-88.9894,20.163,-88.7924,20.3274
municipio,31072,Suma,31,-89.2176,21.0531,-89.0852,21.1656
municipio,31093,Tixkokob,31,-89.4912,20.891,-89.2729,21.0588
municipio,31061,Río Lagartos,31,-88.2089,21.4098,-87.8616,21.6249
municipio,31014,Cuncunul,31,-88.433,20.5321,-88.2694,20.7124
municipio,31089,Ticul,31,-89.7284,20.2465,-89.4275,20.4833
municipio,31070,Sucilá,31,-88.4837,21.1196,-88.2468,21.3021
municipio,31068,Sinanché,31,-89.2654,21.1834,-89.1467,21.3548
municipio,31012,Cenotillo,31,-88.7158,20.878,-88.4604,21.184
municipio,31010,Cantamayec,31,-89.1816,20.2886,-88.942,20.5396
municipio,31002,Acanceh,31,-89.5102,20.7207,-89.3657,20.9151
municipio,31063,Samahil,31,-90.0031,20.7514,-89.8091,20.9445
municipio,31060,Quintana Roo,31,-88.6883,20.7623,-88.5657,20.9168
municipio,31054,Muxupip,31,-89.3755,20.9981,-89.2428,21.1141
municipio,31053,Muna,31,-89.8707,20.3365,-89.6139,20.5962
municipio,31076,Tecoh,31,-89.5752,20.5497,-89.3386,20.7825
municipio,31098,Tzucacab,31,-89.1593,19.678,-88.9094,20.1646
municipio,31042,Kantunil,31,-89.0844,20.6706,-88.8608,20.8321
municipio,31052,Motul,31,-89.4381,21.0179,-89.1187,21.3126
municipio,31006,Buctzotz,31,-88.8511,21.081,-88.4692,21.3433
municipio,31056,Oxkutzcab,31,-89.7485,19.9205,-89.3586,20.3579
municipio,31057,Panabá,31,-88.5353,21.2015,-88.0878,21.478
municipio,31028,Dzilam de Bravo,31,-88.9709,21.3389,-88.4114,21.5417
municipio,31062,Sacalum,31,-89.7568,20.4022,-89.5263,20.6083
municipio,31051,Mocochá,31,-89.4973,21.0848,-89.4153,21.2039
municipio,31040,Izamal,31,-89.1941,20.7619,-88.8081,21.005
municipio,31085,Temozón,31,-88.3013,20.7743,-87.8206,21.0133
municipio,31104,Yaxcabá,31,-88.9845,20.1968,-88.5729,20.7709
municipio,31091,Tinum,31,-88.6964,20.6173,-88.3133,20.8643
municipio,31048,Maxcanú,31,-90.3818,20.3521,-89.8252,20.8415
municipio,31096,Tizimín,31,-88.2838,20.9257,-87.5331,21.5714
municipio,31099,Uayma,31,-88.4438,20.6537,-88.2846,20.9228
municipio,31005,Bokobá,31,-89.2205,20.9339,-89.1322,21.0549
municipio,31047,Maní,31,-89.4472,20.3181,-89.3025,20.462
municipio,31046,Mama,31,-89.4531,20.4465,-89.3071,20.5744
municipio,31045,Kopomá,31,-90.0256,20.5901,-89.7928,20.6977
municipio,31044,Kinchil,31,-90.2165,20.736,-89.9017,20.9501
municipio,31100,Ucú,31,-89.8373,20.9709,-89.7101,21.206
municipio,31043,Kaua,31,-88.5482,20.5209,-88.3455,20.6765
municipio,31020,Chicxulub Pueblo,31,-89.5669,21.1153,-89.4707,21.1898
municipio,31067,Seyé,31,-89.4576,20.7539,-89.2824,20.9424
municipio,31075,Teabo,31,-89.3358,20.3064,-89.1075,20.4549
municipio,31004,Baca,31,-89.4443,21.034,-89.3401,21.2346
municipio,31003,Akil,31,-89.3917,20.1957,-89.2958,20.3244
municipio,31022,Chikindzonot,31,-88.6906,20.0899,-88.4029,20.4162
municipio,31033,Halachó,31,-90.3866,20.4252,-89.9967,20.7473
municipio,31079,Tekax,31,-89.5875,19.5512,-89.0717,20.4041
municipio,31059,Progreso,31,-92.0816,21.1421,-89.4876,22.5854
municipio,31094,Tixméhuac,31,-89.1891,20.1391,-89.0016,20.3562
municipio,31084,Temax,31,-89.0214,21.0513,-88.6977,21.2949
municipio,31029,Dzilam González,31,-89.0133,21.2156,-88.4724,21.4328
municipio,31041,Kanasín,31,-89.6056,20.8486,-89.4698,20.9818
municipio,31038,Hunucmá,31,-90.2723,20.9036,-89.7976,21.2422
municipio,31030,Dzitás,31,-88.6931,20.7282,-88.4093,20.9376
municipio,31021,Chichimilá,31,-88.2719,20.2814,-88.0649,20.6511
municipio,31039,Ixil,31,-89.5224,21.1345,-89.4138,21.3233
municipio,31092,Tixcacalcupul,31,-88.4593,20.2521,-88.2175,20.5726
municipio,31018,Chapab,31,-89.5874,20.4236,-89.4078,20.5769
municipio,31017,Chankom,31,-88.6582,20.2797,-88.4236,20.6457
municipio,31024,Chumayel,31,-89.3367,20.413,-89.2252,20.5299
municipio,31031,Dzoncauich,31,-88.9228,21.031,-88.7428,21.1601
municipio,31011,Celestún,31,-92.3257,20.7342,-90.1238,21.1092
municipio,31008,Calotmul,31,-88.2458,20.9089,-87.9822,21.0869
municipio,32027,Melchor Ocampo,32,-102.4633,24.6749,-101.5834,25.1252
municipio,32019,Jalpa,32,-103.2092,21.4839,-102.8028,21.7776
municipio,32003,Atolinga,32,-103.5726,21.6352,-103.3087,21.8962
municipio,32058,Santa María de la Paz,32,-103.5117,21.4298,-103.1698,21.5924
municipio,32036,Ojocaliente,32,-102.4313,22.3864,-102.0408,22.7454
municipio,32035,Noria de Ángeles,32,-102.1124,22.2955,-101.7592,22.5001
municipio,32037,Pánuco,32,-102.6569,22.8472,-102.2335,23.1097
municipio,32040,Sain Alto,32,-103.4924,23.3805,-102.9594,23.7818
municipio,32033,Moyahua de Estrada,32,-103.298,21.0533,-103.0322,21.3394
municipio,32020,Jerez,32,-103.2496,22.4962,-102.7579,22.9242
municipio,32010,Fresnillo,32,-103.5233,22.853,-102.4845,23.5963
municipio,32034,Nochistlán de Mejía,32,-103.0496,21.2052,-102.692,21.667
municipio,32005,Calera,32,-102.9081,22.8356,-102.6032,23.1216
municipio,32045,Tepechitlán,32,-103.5556,21.501,-103.1602,21.7282
municipio,32038,Pinos,32,-101.8227,21.7991,-101.2857,22.7477
municipio,32051,Villa de Cos,32,-102.7328,23.0415,-101.4667,24.0152
municipio,32050,Vetagrande,32,-102.5918,22.7726,-102.3788,22.9679
municipio,32049,Valparaíso,32,-104.3518,22.1669,-103.192,23.1638
municipio,32048,Tlaltenango de Sánchez Román,32,-103.427,21.6317,-103.0692,21.917
municipio,32046,Tepetongo,32,-103.3054,22.238,-102.947,22.6076
municipio,32025,Luis Moya,32,-102.3069,22.3485,-102.1103,22.5192
municipio,32044,Tabasco,32,-103.088,21.8128,-102.8055,22.067
municipio,32043,Susticacán,32,-103.3052,22.5636,-103.0792,22.6959
municipio,32054,Villa Hidalgo,32,-101.847,22.2929,-101.5866,22.5201
municipio,32042,Sombrerete,32,-103.8791,23.0609,-103.295,24.089
municipio,32041,El Salvador,32,-101.0805,24.2812,-100.7423,24.5912
municipio,32016,General Pánfilo Natera,32,-102.2461,22.5241,-101.9482,22.8826
municipio,32014,General Francisco R. Murguía,32,-103.2588,23.79,-102.2755,24.465
municipio,32013,General Enrique Estrada,32,-102.9043,22.9567,-102.6814,23.0703
municipio,32009,Chalchihuites,32,-104.1144,23.2742,-103.7211,23.6113
municipio,32017,Guadalupe,32,-102.6573,22.5398,-102.197,23.0249
municipio,32057,Trancoso,32,-102.4029,22.6762,-102.2173,22.8345
municipio,32030,Momax,32,-103.3898,21.8887,-103.1358,22.0001
municipio,32032,Morelos,32,-102.7965,22.7768,-102.5696,22.934
municipio,32056,Zacatecas,32,-102.8497,22.6172,-102.5393,22.8412
municipio,32018,Huanusco,32,-103.0891,21.6703,-102.7453,21.865
municipio,32022,Juan Aldama,32,-103.4331,24.063,-103.1456,24.4468
municipio,32002,Apulco,32,-102.7622,21.3392,-102.6248,21.5729
municipio,32001,Apozol,32,-103.2197,21.3618,-102.935,21.5631
municipio,32015,El Plateado de Joaquín Amaro,32,-103.1725,21.8646,-102.9099,22.1429
municipio,32028,Mezquital del Oro,32,-103.4741,21.0419,-103.228,21.346
municipio,32026,Mazapil,32,-102.6731,23.6936,-101.1925,25.0666
municipio,32052,Villa García,32,-102.0443,22.02,-101.7714,22.2307
municipio,32024,Loreto,32,-102.1621,22.1667,-101.7813,22.3795
municipio,32004,Benito Juárez,32,-103.7015,21.3909,-103.4667,21.5903
municipio,32029,Miguel Auza,32,-103.758,23.9688,-103.2605,24.3577
municipio,32053,Villa González Ortega,32,-102.089,22.4269,-101.7993,22.6608
municipio,32023,Juchipila,32,-103.2629,21.2954,-102.9699,21.4607
municipio,32039,Río Grande,32,-103.392,23.5594,-102.6742,24.0637
municipio,32055,Villanueva,32,-103.1543,21.9948,-102.6011,22.6752
municipio,32031,Monte Escobedo,32,-103.6903,22.0979,-103.2408,22.6627
municipio,32021,Jiménez del Teul,32,-104.1725,22.9718,-103.6509,23.3234
municipio,32008,Cuauhtémoc,32,-102.5398,22.3348,-102.2695,22.5856
municipio,32007,Concepción del Oro,32,-101.4736,24.0869,-100.9873,24.8134
municipio,32047,Teúl de González Ortega,32,-103.7221,21.1913,-103.2209,21.5078
municipio,32012,Genaro Codina,32,-102.744,22.2915,-102.3621,22.6238
municipio,32006,Cañitas de Felipe Pescador,32,-102.8783,23.4649,-102.5547,23.686
municipio,32011,Trinidad García de la Cadena,32,-103.6245,21.1167,-103.4023,21.3292
ageb,0901000011716,AGEB 1716 (Álvaro Obregón),09010,-99.26309,19.31678,-99.25632,19.32558
ageb,0901000012150,AGEB 2150 (Álvaro Obregón),09010,-99.1964,19.37626,-99.19083,19.38502
ageb,0901000011133,AGEB 1133 (Álvaro Obregón),09010,-99.19048,19.33858,-99.17748,19.35201
ageb,0901000011307,AGEB 1307 (Álvaro Obregón),09010,-99.21919,19.30568,-99.20173,19.31626
ageb,0901000010281,AGEB 0281 (Álvaro Obregón),09010,-99.24866,19.38143,-99.2399,19.38886
ageb,0901000012199,AGEB 2199 (Álvaro Obregón),09010,-99.22331,19.34916,-99.21544,19.35548
ageb,0901000012269,AGEB 2269 (Álvaro Obregón),09010,-99.22483,19.36408,-99.20401,19.37009
ageb,0901000012273,AGEB 2273 (Álvaro Obregón),09010,-99.25464,19.34522,-99.23251,19.35273
ageb,0901000011330,AGEB 1330 (Álvaro Obregón),09010,-99.2748,19.32947,-99.24456,19.33947
ageb,090100001181A,AGEB 181A (Álvaro Obregón),09010,-99.23281,19.34856,-99.21973,19.35305
ageb,0901000011684,AGEB 1684 (Álvaro Obregón),09010,-99.25741,19.32798,-99.24058,19.33877
ageb,0901000011665,AGEB 1665 (Álvaro Obregón),09010,-99.24448,19.35045,-99.23657,19.35493
ageb,0901000010578,AGEB 0578 (Álvaro Obregón),09010,-99.22261,19.36691,-99.21275,19.3727
ageb,0901000010597,AGEB 0597 (Álvaro Obregón),09010,-99.21183,19.37282,-99.20491,19.37631
ageb,0901000010690,AGEB 0690 (Álvaro Obregón),09010,-99.21574,19.36338,-99.19549,19.3666
ageb,0901000010915,AGEB 0915 (Álvaro Obregón),09010,-99.22301,19.3602,-99.21114,19.36604
ageb,0901000012216,AGEB 2216 (Álvaro Obregón),09010,-99.26112,19.34775,-99.24668,19.35793
ageb,0901000011275,AGEB 1275 (Álvaro Obregón),09010,-99.20376,19.30968,-99.1947,19.33372
ageb,0901000010065,AGEB 0065 (Álvaro Obregón),09010,-99.19527,19.39521,-99.18909,19.4004
ageb,0901000011063,AGEB 1063 (Álvaro Obregón),09010,-99.18437,19.35109,-99.17355,19.3581
ageb,0901000011542,AGEB 1542 (Álvaro Obregón),09010,-99.26683,19.36166,-99.25231,19.37645
ageb,0901000012358,AGEB 2358 (Álvaro Obregón),09010,-99.26199,19.35983,-99.24718,19.37515
ageb,0901000012057,AGEB 2057 (Álvaro Obregón),09010,-99.25285,19.32703,-99.2442,19.33132
ageb,0901000012201,AGEB 2201 (Álvaro Obregón),09010,-99.26024,19.35153,-99.25316,19.35684
ageb,0901000011222,AGEB 1222 (Álvaro Obregón),09010,-99.21198,19.33597,-99.19973,19.3411
ageb,090100001128A,AGEB 128A (Álvaro Obregón),09010,-99.22148,19.31088,-99.20805,19.32532
ageb,0901000011364,AGEB 1364 (Álvaro Obregón),09010,-99.26794,19.31343,-99.26276,19.32362
ageb,0901000010027,AGEB 0027 (Álvaro Obregón),09010,-99.19761,19.39909,-99.19082,19.40374
ageb,0901000010031,AGEB 0031 (Álvaro Obregón),09010,-99.21256,19.39716,-99.2022,19.4015
ageb,0901000010987,AGEB 0987 (Álvaro Obregón),09010,-99.1989,19.35584,-99.18267,19.36349
ageb,0901000010991,AGEB 0991 (Álvaro Obregón),09010,-99.18651,19.35042,-99.17883,19.36325
ageb,0901000011006,AGEB 1006 (Álvaro Obregón),09010,-99.17972,19.35612,-99.1717,19.36514
ageb,0901000011769,AGEB 1769 (Álvaro Obregón),09010,-99.28752,19.32504,-99.2552,19.34991
ageb,0901000012042,AGEB 2042 (Álvaro Obregón),09010,-99.2574,19.32495,-99.25068,19.32908
ageb,0901000010718,AGEB 0718 (Álvaro Obregón),09010,-99.20901,19.36644,-99.20769,19.36878
ageb,0901000011951,AGEB 1951 (Álvaro Obregón),09010,-99.22385,19.38047,-99.21726,19.38461
ageb,0901000010012,AGEB 0012 (Álvaro Obregón),09010,-99.20247,19.39911,-99.19709,19.40309
ageb,090100001021A,AGEB 021A (Álvaro Obregón),09010,-99.20791,19.38835,-99.20597,19.38986
ageb,0901000011044,AGEB 1044 (Álvaro Obregón),09010,-99.20074,19.35119,-99.18946,19.35942
ageb,0901000010525,AGEB 0525 (Álvaro Obregón),09010,-99.19538,19.37192,-99.19177,19.37658
ageb,0901000011129,AGEB 1129 (Álvaro Obregón),09010,-99.19923,19.3435,-99.18514,19.3507
ageb,090100001053A,AGEB 053A (Álvaro Obregón),09010,-99.23764,19.36677,-99.2327,19.37266
ageb,0901000011970,AGEB 1970 (Álvaro Obregón),09010,-99.22045,19.3765,-99.21669,19.38138
ageb,0901000010826,AGEB 0826 (Álvaro Obregón),09010,-99.20091,19.36582,-99.19545,19.36677
ageb,0901000010830,AGEB 0830 (Álvaro Obregón),09010,-99.19549,19.36549,-99.19152,19.37068
ageb,0901000010845,AGEB 0845 (Álvaro Obregón),09010,-99.19568,19.36349,-99.19075,19.36854
ageb,0901000011010,AGEB 1010 (Álvaro Obregón),09010,-99.21288,19.35392,-99.20049,19.35751
ageb,0901000010722,AGEB 0722 (Álvaro Obregón),09010,-99.20895,19.36639,-99.2042,19.36984
ageb,090100001103A,AGEB 103A (Álvaro Obregón),09010,-99.21058,19.34495,-99.1989,19.3562
ageb,0901000010614,AGEB 0614 (Álvaro Obregón),09010,-99.20391,19.37001,-99.19945,19.37296
ageb,0901000012362,AGEB 2362 (Álvaro Obregón),09010,-99.21312,19.37027,-99.20676,19.37284
ageb,0901000010629,AGEB 0629 (Álvaro Obregón),09010,-99.19959,19.37093,-99.19443,19.37499
ageb,0901000011881,AGEB 1881 (Álvaro Obregón),09010,-99.25556,19.34649,-99.24436,19.35698
ageb,0901000011928,AGEB 1928 (Álvaro Obregón),09010,-99.22509,19.38401,-99.22033,19.38707
ageb,0901000011966,AGEB 1966 (Álvaro Obregón),09010,-99.22471,19.37542,-99.22042,19.38091
ageb,0901000012004,AGEB 2004 (Álvaro Obregón),09010,-99.2609,19.35697,-99.25341,19.36444
ageb,0901000012019,AGEB 2019 (Álvaro Obregón),09010,-99.25359,19.36326,-99.24209,19.37081
ageb,0901000012038,AGEB 2038 (Álvaro Obregón),09010,-99.24252,19.35714,-99.23714,19.3622
ageb,0901000012131,AGEB 2131 (Álvaro Obregón),09010,-99.20716,19.36952,-99.20337,19.37401
ageb,0901000012184,AGEB 2184 (Álvaro Obregón),09010,-99.22689,19.35346,-99.21187,19.35967
ageb,0901000010084,AGEB 0084 (Álvaro Obregón),09010,-99.211,19.39159,-99.20711,19.39583
ageb,0901000012292,AGEB 2292 (Álvaro Obregón),09010,-99.22487,19.35722,-99.20939,19.36456
ageb,0901000011114,AGEB 1114 (Álvaro Obregón),09010,-99.20127,19.34818,-99.19043,19.35223
ageb,0901000011078,AGEB 1078 (Álvaro Obregón),09010,-99.23933,19.34387,-99.2271,19.35037
ageb,090100001110A,AGEB 110A (Álvaro Obregón),09010,-99.20863,19.34046,-99.1974,19.35187
ageb,0901000011190,AGEB 1190 (Álvaro Obregón),09010,-99.20307,19.33934,-99.19145,19.34724
ageb,0901000011203,AGEB 1203 (Álvaro Obregón),09010,-99.1941,19.33856,-99.1848,19.34834
ageb,0901000010563,AGEB 0563 (Álvaro Obregón),09010,-99.22268,19.37056,-99.21387,19.37636
ageb,0901000011148,AGEB 1148 (Álvaro Obregón),09010,-99.26598,19.33702,-99.24002,19.34662
ageb,090100001167A,AGEB 167A (Álvaro Obregón),09010,-99.26936,19.3208,-99.25587,19.33124
ageb,0901000011519,AGEB 1519 (Álvaro Obregón),09010,-99.21963,19.37706,-99.21327,19.38459
ageb,0901000011523,AGEB 1523 (Álvaro Obregón),09010,-99.21471,19.3789,-99.21,19.38392
ageb,0901000011631,AGEB 1631 (Álvaro Obregón),09010,-99.24555,19.35099,-99.23544,19.35842
ageb,0901000011646,AGEB 1646 (Álvaro Obregón),09010,-99.23955,19.35174,-99.23352,19.35676
ageb,0901000011650,AGEB 1650 (Álvaro Obregón),09010,-99.23635,19.35273,-99.23031,19.35733
ageb,0901000010046,AGEB 0046 (Álvaro Obregón),09010,-99.21061,19.39529,-99.19898,19.39999
ageb,0901000010050,AGEB 0050 (Álvaro Obregón),09010,-99.19968,19.39606,-99.19397,19.40067
ageb,0901000010101,AGEB 0101 (Álvaro Obregón),09010,-99.20482,19.39189,-99.20226,19.39477
ageb,0901000010116,AGEB 0116 (Álvaro Obregón),09010,-99.20366,19.39259,-99.19539,19.39808
ageb,0901000010493,AGEB 0493 (Álvaro Obregón),09010,-99.20972,19.37292,-99.20218,19.3776
ageb,0901000010173,AGEB 0173 (Álvaro Obregón),09010,-99.22197,19.38566,-99.21016,19.38967
ageb,0901000010188,AGEB 0188 (Álvaro Obregón),09010,-99.21096,19.38683,-99.20686,19.39067
ageb,0901000010224,AGEB 0224 (Álvaro Obregón),09010,-99.20623,19.38808,-99.20458,19.38955
ageb,0901000010239,AGEB 0239 (Álvaro Obregón),09010,-99.20501,19.38701,-99.20121,19.38926
ageb,0901000010421,AGEB 0421 (Álvaro Obregón),09010,-99.20382,19.37565,-99.19174,19.38495
ageb,0901000010807,AGEB 0807 (Álvaro Obregón),09010,-99.19865,19.36646,-99.19605,19.36856
ageb,0901000010243,AGEB 0243 (Álvaro Obregón),09010,-99.21699,19.38567,-99.19921,19.39052
ageb,0901000010258,AGEB 0258 (Álvaro Obregón),09010,-99.21041,19.38674,-99.20849,19.38857
ageb,0901000010262,AGEB 0262 (Álvaro Obregón),09010,-99.20872,19.38683,-99.20661,19.38875
ageb,0901000010277,AGEB 0277 (Álvaro Obregón),09010,-99.20682,19.38694,-99.20482,19.38843
ageb,0901000010192,AGEB 0192 (Álvaro Obregón),09010,-99.20712,19.38912,-99.20256,19.39065
ageb,0901000010506,AGEB 0506 (Álvaro Obregón),09010,-99.20615,19.37516,-99.20218,19.37782
ageb,0901000010328,AGEB 0328 (Álvaro Obregón),09010,-99.23912,19.37782,-99.233,19.38549
ageb,0901000010332,AGEB 0332 (Álvaro Obregón),09010,-99.23458,19.3794,-99.23044,19.38449
ageb,0901000010347,AGEB 0347 (Álvaro Obregón),09010,-99.23173,19.38057,-99.22852,19.38439
ageb,0901000010351,AGEB 0351 (Álvaro Obregón),09010,-99.22937,19.38114,-99.22496,19.38492
ageb,0901000010370,AGEB 0370 (Álvaro Obregón),09010,-99.22115,19.38389,-99.2172,19.38682
ageb,0901000010440,AGEB 0440 (Álvaro Obregón),09010,-99.23652,19.37308,-99.22979,19.38057
ageb,0901000010296,AGEB 0296 (Álvaro Obregón),09010,-99.24339,19.38083,-99.23505,19.38561
ageb,090100001060A,AGEB 060A (Álvaro Obregón),09010,-99.20337,19.37268,-99.19921,19.37626
ageb,0901000010737,AGEB 0737 (Álvaro Obregón),09010,-99.20478,19.3667,-99.20313,19.36893
ageb,0901000010741,AGEB 0741 (Álvaro Obregón),09010,-99.20447,19.36806,-99.19751,19.37171
ageb,0901000010756,AGEB 0756 (Álvaro Obregón),09010,-99.20518,19.3663,-99.20089,19.36884
ageb,0901000010760,AGEB 0760 (Álvaro Obregón),09010,-99.20272,19.36663,-99.19923,19.36874
ageb,0901000010775,AGEB 0775 (Álvaro Obregón),09010,-99.20033,19.36661,-99.19808,19.36898
ageb,090100001092A,AGEB 092A (Álvaro Obregón),09010,-99.21104,19.36125,-99.19558,19.36537
ageb,0901000010949,AGEB 0949 (Álvaro Obregón),09010,-99.21438,19.35522,-99.20975,19.35937
ageb,0901000010953,AGEB 0953 (Álvaro Obregón),09010,-99.20988,19.3564,-99.20306,19.36191
ageb,0901000010968,AGEB 0968 (Álvaro Obregón),09010,-99.20653,19.35582,-99.19608,19.36273
ageb,0901000010972,AGEB 0972 (Álvaro Obregón),09010,-99.19907,19.35604,-99.19109,19.36409
ageb,0901000012146,AGEB 2146 (Álvaro Obregón),09010,-99.19612,19.37839,-99.1926,19.38302
ageb,0901000010385,AGEB 0385 (Álvaro Obregón),09010,-99.21765,19.38276,-99.21432,19.38569
ageb,0901000011453,AGEB 1453 (Álvaro Obregón),09010,-99.21569,19.38283,-99.21119,19.38569
ageb,0901000011059,AGEB 1059 (Álvaro Obregón),09010,-99.19063,19.34877,-99.18424,19.35888
ageb,0901000010205,AGEB 0205 (Álvaro Obregón),09010,-99.21004,19.38829,-99.2077,19.38986
ageb,0901000011792,AGEB 1792 (Álvaro Obregón),09010,-99.21047,19.38989,-99.20558,19.39333
ageb,0901000012377,AGEB 2377 (Álvaro Obregón),09010,-99.21331,19.36848,-99.20708,19.37169
ageb,0901000012343,AGEB 2343 (Álvaro Obregón),09010,-99.24425,19.3693,-99.2331,19.37978
ageb,0901000012381,AGEB 2381 (Álvaro Obregón),09010,-99.27534,19.31364,-99.27207,19.31816
ageb,0901000011824,AGEB 1824 (Álvaro Obregón),09010,-99.23014,19.34552,-99.22323,19.34966
ageb,0901000010510,AGEB 0510 (Álvaro Obregón),09010,-99.20129,19.37457,-99.19502,19.37933
ageb,0901000011947,AGEB 1947 (Álvaro Obregón),09010,-99.22818,19.37118,-99.22253,19.37929
ageb,0901000012080,AGEB 2080 (Álvaro Obregón),09010,-99.25014,19.36201,-99.24386,19.36614
ageb,0901000012108,AGEB 2108 (Álvaro Obregón),09010,-99.21212,19.38099,-99.20034,19.38597
ageb,0901000012305,AGEB 2305 (Álvaro Obregón),09010,-99.25539,19.35571,-99.24752,19.36056
ageb,0901000011152,AGEB 1152 (Álvaro Obregón),09010,-99.24711,19.34039,-99.23213,19.34754
ageb,0901000011186,AGEB 1186 (Álvaro Obregón),09010,-99.21884,19.3375,-99.20509,19.34632
ageb,090100001078A,AGEB 078A (Álvaro Obregón),09010,-99.19971,19.36823,-99.19679,19.36986
ageb,0901000011595,AGEB 1595 (Álvaro Obregón),09010,-99.24925,19.36439,-99.2359,19.37195
ageb,0901000011294,AGEB 1294 (Álvaro Obregón),09010,-99.21056,19.30982,-99.19811,19.33037
ageb,0901000010794,AGEB 0794 (Álvaro Obregón),09010,-99.19788,19.36822,-99.19584,19.37039
ageb,0901000011985,AGEB 1985 (Álvaro Obregón),09010,-99.21897,19.37531,-99.21416,19.37901
ageb,0901000011345,AGEB 1345 (Álvaro Obregón),09010,-99.27939,19.32518,-99.26688,19.33282
ageb,0901000011557,AGEB 1557 (Álvaro Obregón),09010,-99.23139,19.3714,-99.22579,19.37857
ageb,0901000011561,AGEB 1561 (Álvaro Obregón),09010,-99.23842,19.37136,-99.22989,19.3776
ageb,0901000010417,AGEB 0417 (Álvaro Obregón),09010,-99.20314,19.38225,-99.19915,19.38646
ageb,0901000010455,AGEB 0455 (Álvaro Obregón),09010,-99.23478,19.3709,-99.2296,19.37612
ageb,090100001014A,AGEB 014A (Álvaro Obregón),09010,-99.21499,19.38819,-99.20985,19.39299
ageb,0901000010703,AGEB 0703 (Álvaro Obregón),09010,-99.21354,19.36646,-99.2089,19.36869
ageb,0901000010864,AGEB 0864 (Álvaro Obregón),09010,-99.25254,19.35727,-99.24485,19.36545
ageb,0901000010900,AGEB 0900 (Álvaro Obregón),09010,-99.23185,19.35523,-99.22624,19.35909
ageb,0901000011025,AGEB 1025 (Álvaro Obregón),09010,-99.21882,19.34592,-99.20273,19.35709
ageb,0901000011773,AGEB 1773 (Álvaro Obregón),09010,-99.20197,19.38986,-99.19301,19.39749
ageb,0901000011805,AGEB 1805 (Álvaro Obregón),09010,-99.2062,19.38972,-99.19843,19.39422
ageb,0901000010099,AGEB 0099 (Álvaro Obregón),09010,-99.21319,19.3931,-99.20314,19.39756
ageb,0901000011218,AGEB 1218 (Álvaro Obregón),09010,-99.22056,19.33465,-99.20754,19.33986
ageb,0901000011858,AGEB 1858 (Álvaro Obregón),09010,-99.24116,19.33127,-99.2175,19.34244
ageb,0901000011699,AGEB 1699 (Álvaro Obregón),09010,-99.25048,19.32439,-99.22715,19.33843
ageb,0901000011913,AGEB 1913 (Álvaro Obregón),09010,-99.22757,19.3828,-99.21991,19.38688
ageb,0901000010544,AGEB 0544 (Álvaro Obregón),09010,-99.23292,19.36667,-99.22749,19.37203
ageb,0901000010648,AGEB 0648 (Álvaro Obregón),09010,-99.19511,19.37014,-99.19163,19.37263
ageb,0901000010633,AGEB 0633 (Álvaro Obregón),09010,-99.1985,19.36983,-99.19394,19.37255
ageb,0901000011627,AGEB 1627 (Álvaro Obregón),09010,-99.2401,19.35584,-99.23261,19.36287
ageb,0901000010135,AGEB 0135 (Álvaro Obregón),09010,-99.19956,19.38244,-99.18836,19.39568
ageb,0901000010686,AGEB 0686 (Álvaro Obregón),09010,-99.23291,19.36512,-99.22272,19.3691
ageb,0901000010559,AGEB 0559 (Álvaro Obregón),09010,-99.23154,19.36682,-99.21739,19.37108
ageb,0901000010667,AGEB 0667 (Álvaro Obregón),09010,-99.24281,19.36248,-99.23341,19.36752
ageb,0901000010671,AGEB 0671 (Álvaro Obregón),09010,-99.23411,19.36338,-99.2171,19.3692
ageb,0901000011260,AGEB 1260 (Álvaro Obregón),09010,-99.21434,19.3177,-99.19992,19.33326
ageb,0901000011237,AGEB 1237 (Álvaro Obregón),09010,-99.2105,19.33103,-99.19973,19.3396
ageb,0901000011241,AGEB 1241 (Álvaro Obregón),09010,-99.2018,19.33317,-99.19024,19.3417
ageb,0901000011580,AGEB 1580 (Álvaro Obregón),09010,-99.23162,19.36793,-99.2183,19.37703
ageb,0901000011843,AGEB 1843 (Álvaro Obregón),09010,-99.25299,19.33705,-99.22222,19.34635
ageb,0901000011171,AGEB 1171 (Álvaro Obregón),09010,-99.22613,19.33662,-99.20863,19.34731
ageb,0901000012254,AGEB 2254 (Álvaro Obregón),09010,-99.23176,19.35982,-99.22062,19.36505
ageb,090100001224A,AGEB 224A (Álvaro Obregón),09010,-99.23506,19.35807,-99.22911,19.36433
ageb,0901000012288,AGEB 2288 (Álvaro Obregón),09010,-99.23371,19.35075,-99.2182,19.36203
ageb,0901000010898,AGEB 0898 (Álvaro Obregón),09010,-99.23606,19.35577,-99.22918,19.36006
ageb,0901000012339,AGEB 2339 (Álvaro Obregón),09010,-99.25343,19.36509,-99.23791,19.37885
ageb,0901000010313,AGEB 0313 (Álvaro Obregón),09010,-99.24346,19.37757,-99.23797,19.38205
ageb,0901000012023,AGEB 2023 (Álvaro Obregón),09010,-99.24289,19.35905,-99.23937,19.36482
ageb,0901000012324,AGEB 2324 (Álvaro Obregón),09010,-99.26031,19.35649,-99.25036,19.36393
ageb,090100001231A,AGEB 231A (Álvaro Obregón),09010,-99.25959,19.3552,-99.25289,19.35888
ageb,0901000012095,AGEB 2095 (Álvaro Obregón),09010,-99.24897,19.36002,-99.24074,19.36585
ageb,0901000012220,AGEB 2220 (Álvaro Obregón),09010,-99.24705,19.35558,-99.24235,19.3626
ageb,090100001199A,AGEB 199A (Álvaro Obregón),09010,-99.21459,19.3768,-99.20904,19.38057
ageb,0901000010474,AGEB 0474 (Álvaro Obregón),09010,-99.21139,19.37631,-99.2035,19.3805
ageb,0901000012112,AGEB 2112 (Álvaro Obregón),09010,-99.2118,19.37897,-99.20336,19.38409
ageb,0901000012235,AGEB 2235 (Álvaro Obregón),09010,-99.24605,19.35516,-99.24096,19.36045
ageb,0901000011434,AGEB 1434 (Álvaro Obregón),09010,-99.21592,19.39118,-99.20954,19.39613
ageb,0901000010169,AGEB 0169 (Álvaro Obregón),09010,-99.21887,19.38661,-99.21375,19.39148
ageb,0901000012076,AGEB 2076 (Álvaro Obregón),09010,-99.22251,19.39272,-99.21202,19.3998
ageb,0901000012061,AGEB 2061 (Álvaro Obregón),09010,-99.24238,19.38349,-99.21556,19.3962
ageb,0901000010309,AGEB 0309 (Álvaro Obregón),09010,-99.24971,19.37817,-99.24178,19.3835
ageb,0901000011472,AGEB 1472 (Álvaro Obregón),09010,-99.25404,19.37175,-99.24273,19.38025
ageb,0901000011379,AGEB 1379 (Álvaro Obregón),09010,-99.27015,19.3658,-99.24384,19.3874
ageb,0901000010811,AGEB 0811 (Álvaro Obregón),09010,-99.1963,19.36623,-99.19201,19.37047
ageb,0901000011788,AGEB 1788 (Álvaro Obregón),09010,-99.20206,19.38642,-99.19315,19.39057
ageb,0901000011839,AGEB 1839 (Álvaro Obregón),09010,-99.22372,19.34542,-99.21469,19.35076
ageb,0901000012165,AGEB 2165 (Álvaro Obregón),09010,-99.21468,19.37134,-99.20738,19.37545
ageb,0901000010489,AGEB 0489 (Álvaro Obregón),09010,-99.21509,19.37436,-99.20972,19.37815
ageb,090100001174A,AGEB 174A (Álvaro Obregón),09010,-99.27374,19.31296,-99.26407,19.32186
ageb,0901000011754,AGEB 1754 (Álvaro Obregón),09010,-99.27452,19.30236,-99.26842,19.31581
ageb,090100001135A,AGEB 135A (Álvaro Obregón),09010,-99.29175,19.32278,-99.28031,19.33348
ageb,0901000011720,AGEB 1720 (Álvaro Obregón),09010,-99.29883,19.31188,-99.27563,19.32771
ageb,0901000011468,AGEB 1468 (Álvaro Obregón),09010,-99.22649,19.38036,-99.2211,19.38402
ageb,0901000011932,AGEB 1932 (Álvaro Obregón),09010,-99.22765,19.37611,-99.22113,19.38337
ageb,0901000011487,AGEB 1487 (Álvaro Obregón),09010,-99.23054,19.37789,-99.22525,19.38166
ageb,0901000011735,AGEB 1735 (Álvaro Obregón),09010,-99.27616,19.31738,-99.26344,19.32809
ageb,0901200010604,AGEB 0604 (Tlalpan),09012,-99.24296,19.28321,-99.23583,19.28809
ageb,0901200011072,AGEB 1072 (Tlalpan),09012,-99.18479,19.27096,-99.17119,19.28299
ageb,0901200011424,AGEB 1424 (Tlalpan),09012,-99.19318,19.26887,-99.18174,19.27352
ageb,0901200010498,AGEB 0498 (Tlalpan),09012,-99.11758,19.2894,-99.11029,19.29509
ageb,0901200010125,AGEB 0125 (Tlalpan),09012,-99.17934,19.29756,-99.17481,19.30344
ageb,0901200010445,AGEB 0445 (Tlalpan),09012,-99.15154,19.29336,-99.14462,19.30128
ageb,0901200010074,AGEB 0074 (Tlalpan),09012,-99.19882,19.29596,-99.18576,19.303
ageb,0901200010159,AGEB 0159 (Tlalpan),09012,-99.1738,19.29773,-99.16983,19.30281
ageb,090120001045A,AGEB 045A (Tlalpan),09012,-99.14646,19.2916,-99.13846,19.30038
ageb,0901200010411,AGEB 0411 (Tlalpan),09012,-99.16261,19.29033,-99.1554,19.29789
ageb,0901200010017,AGEB 0017 (Tlalpan),09012,-99.22774,19.30456,-99.22128,19.31106
ageb,0901200010214,AGEB 0214 (Tlalpan),09012,-99.14261,19.29644,-99.13455,19.30392
ageb,090120001077A,AGEB 077A (Tlalpan),09012,-99.24442,19.27627,-99.23847,19.28386
ageb,0901200010267,AGEB 0267 (Tlalpan),09012,-99.1183,19.29634,-99.11364,19.30168
ageb,0901200010303,AGEB 0303 (Tlalpan),09012,-99.23827,19.29375,-99.2291,19.30081
ageb,0901200012066,AGEB 2066 (Tlalpan),09012,-99.22226,19.29555,-99.21719,19.31089
ageb,090120001198A,AGEB 198A (Tlalpan),09012,-99.10494,19.2937,-99.10375,19.29988
ageb,0901200012174,AGEB 2174 (Tlalpan),09012,-99.11207,19.29575,-99.10941,19.30016
ageb,0901200011994,AGEB 1994 (Tlalpan),09012,-99.10382,19.29411,-99.10092,19.30002
ageb,0901200010500,AGEB 0500 (Tlalpan),09012,-99.24299,19.28634,-99.23624,19.2947
ageb,0901200011000,AGEB 1000 (Tlalpan),09012,-99.13855,19.2822,-99.12716,19.2866
ageb,090120001216A,AGEB 216A (Tlalpan),09012,-99.11454,19.2943,-99.11008,19.30067
ageb,0901200011509,AGEB 1509 (Tlalpan),09012,-99.24407,19.26992,-99.23563,19.27381
ageb,090120001020A,AGEB 020A (Tlalpan),09012,-99.13249,19.30182,-99.12701,19.30732
ageb,0901200010021,AGEB 0021 (Tlalpan),09012,-99.22441,19.30433,-99.219,19.31226
ageb,0901200010106,AGEB 0106 (Tlalpan),09012,-99.18597,19.29859,-99.17864,19.30344
ageb,090120001013A,AGEB 013A (Tlalpan),09012,-99.17592,19.2974,-99.17341,19.30314
ageb,0901200010182,AGEB 0182 (Tlalpan),09012,-99.16725,19.29511,-99.15747,19.30189
ageb,0901200010197,AGEB 0197 (Tlalpan),09012,-99.13864,19.30198,-99.13151,19.30829
ageb,0901200010040,AGEB 0040 (Tlalpan),09012,-99.23297,19.30118,-99.22665,19.30719
ageb,0901200271763,AGEB 1763 (Tlalpan),09012,-99.16567,19.19618,-99.14884,19.21181
ageb,0901200012070,AGEB 2070 (Tlalpan),09012,-99.22045,19.29439,-99.20672,19.30877
ageb,0901200011068,AGEB 1068 (Tlalpan),09012,-99.14725,19.27391,-99.14105,19.28425
ageb,0901200012121,AGEB 2121 (Tlalpan),09012,-99.15615,19.26667,-99.14113,19.28335
ageb,090120027180A,AGEB 180A (Tlalpan),09012,-99.16592,19.18707,-99.14865,19.19994
ageb,0901200011975,AGEB 1975 (Tlalpan),09012,-99.11068,19.29134,-99.10461,19.29982
ageb,0901200011388,AGEB 1388 (Tlalpan),09012,-99.23326,19.29849,-99.22282,19.30552
ageb,0901200011956,AGEB 1956 (Tlalpan),09012,-99.20847,19.29624,-99.19481,19.30616
ageb,0901200010430,AGEB 0430 (Tlalpan),09012,-99.15666,19.29011,-99.14725,19.29806
ageb,0901200011918,AGEB 1918 (Tlalpan),09012,-99.12508,19.29739,-99.11778,19.30396
ageb,0901200012206,AGEB 2206 (Tlalpan),09012,-99.24607,19.26399,-99.23948,19.27059
ageb,0901200012155,AGEB 2155 (Tlalpan),09012,-99.16606,19.24414,-99.13939,19.26757
ageb,0901200010479,AGEB 0479 (Tlalpan),09012,-99.13148,19.29093,-99.12416,19.29688
ageb,0901200262314,AGEB 2314 (Tlalpan),09012,-99.19488,19.22034,-99.19402,19.22903
ageb,0901200011937,AGEB 1937 (Tlalpan),09012,-99.11998,19.29557,-99.11587,19.29885
ageb,0901200012193,AGEB 2193 (Tlalpan),09012,-99.20327,19.27701,-99.19542,19.28254
ageb,090120001038A,AGEB 038A (Tlalpan),09012,-99.17459,19.28789,-99.162,19.29426
ageb,0901200010483,AGEB 0483 (Tlalpan),09012,-99.12554,19.29198,-99.11693,19.29816
ageb,0901200010712,AGEB 0712 (Tlalpan),09012,-99.12987,19.28854,-99.12579,19.29158
ageb,0901200010943,AGEB 0943 (Tlalpan),09012,-99.1757,19.28214,-99.16457,19.28865
ageb,0901200010962,AGEB 0962 (Tlalpan),09012,-99.16457,19.28305,-99.15699,19.29033
ageb,0901200010568,AGEB 0568 (Tlalpan),09012,-99.1392,19.28693,-99.13109,19.29531
ageb,0901200010642,AGEB 0642 (Tlalpan),09012,-99.22362,19.28482,-99.21938,19.29073
ageb,0901200010407,AGEB 0407 (Tlalpan),09012,-99.16619,19.29055,-99.16006,19.29723
ageb,0901200010426,AGEB 0426 (Tlalpan),09012,-99.162,19.28651,-99.15148,19.29518
ageb,0901200010572,AGEB 0572 (Tlalpan),09012,-99.13055,19.28984,-99.12573,19.29454
ageb,0901200010549,AGEB 0549 (Tlalpan),09012,-99.14725,19.28864,-99.1394,19.29566
ageb,0901200010731,AGEB 0731 (Tlalpan),09012,-99.12277,19.28628,-99.11653,19.29168
ageb,0901200010765,AGEB 0765 (Tlalpan),09012,-99.12621,19.28524,-99.12199,19.28953
ageb,0901200010816,AGEB 0816 (Tlalpan),09012,-99.22944,19.27906,-99.22528,19.28323
ageb,0901200010820,AGEB 0820 (Tlalpan),09012,-99.22626,19.27788,-99.22133,19.28493
ageb,0901200010835,AGEB 0835 (Tlalpan),09012,-99.22184,19.27776,-99.21883,19.28513
ageb,090120001084A,AGEB 084A (Tlalpan),09012,-99.21923,19.27737,-99.215,19.28401
ageb,0901200010854,AGEB 0854 (Tlalpan),09012,-99.21562,19.28123,-99.20995,19.28583
ageb,0901200010869,AGEB 0869 (Tlalpan),09012,-99.21528,19.27641,-99.20794,19.2862
ageb,0901200010888,AGEB 0888 (Tlalpan),09012,-99.20365,19.28078,-99.1953,19.28677
ageb,090120001091A,AGEB 091A (Tlalpan),09012,-99.18915,19.28235,-99.18393,19.2896
ageb,0901200010375,AGEB 0375 (Tlalpan),09012,-99.1848,19.29131,-99.17312,19.29572
ageb,090120026248A,AGEB 248A (Tlalpan),09012,-99.18228,19.21518,-99.17629,19.21894
ageb,0901200010623,AGEB 0623 (Tlalpan),09012,-99.22977,19.28299,-99.22616,19.29019
ageb,0901200010638,AGEB 0638 (Tlalpan),09012,-99.22687,19.28459,-99.22314,19.29182
ageb,0901200010657,AGEB 0657 (Tlalpan),09012,-99.21986,19.28372,-99.21504,19.29106
ageb,0901200010661,AGEB 0661 (Tlalpan),09012,-99.21546,19.28545,-99.20978,19.29135
ageb,0901200010676,AGEB 0676 (Tlalpan),09012,-99.18643,19.28508,-99.18021,19.2927
ageb,0901200010680,AGEB 0680 (Tlalpan),09012,-99.18021,19.2876,-99.17372,19.29285
ageb,0901200010695,AGEB 0695 (Tlalpan),09012,-99.15148,19.287,-99.14726,19.29181
ageb,0901200010727,AGEB 0727 (Tlalpan),09012,-99.12593,19.28925,-99.12095,19.29229
ageb,0901200010939,AGEB 0939 (Tlalpan),09012,-99.18189,19.28008,-99.17434,19.28869
ageb,0901200010977,AGEB 0977 (Tlalpan),09012,-99.15699,19.2826,-99.14571,19.29011
ageb,0901200011015,AGEB 1015 (Tlalpan),09012,-99.1757,19.27937,-99.16772,19.28479
ageb,0901200010996,AGEB 0996 (Tlalpan),09012,-99.14059,19.28223,-99.13656,19.28755
ageb,090120001102A,AGEB 102A (Tlalpan),09012,-99.16863,19.27593,-99.1608,19.28465
ageb,0901200011034,AGEB 1034 (Tlalpan),09012,-99.16269,19.27766,-99.1563,19.28651
ageb,0901200011157,AGEB 1157 (Tlalpan),09012,-99.17059,19.26601,-99.16116,19.27593
ageb,0901200011087,AGEB 1087 (Tlalpan),09012,-99.17436,19.27766,-99.172,19.279
ageb,0901200011091,AGEB 1091 (Tlalpan),09012,-99.17222,19.27826,-99.17041,19.28084
ageb,0901200011104,AGEB 1104 (Tlalpan),09012,-99.17394,19.27522,-99.1673,19.28049
ageb,0901200011119,AGEB 1119 (Tlalpan),09012,-99.17882,19.27159,-99.1715,19.27645
ageb,0901200011566,AGEB 1566 (Tlalpan),09012,-99.1928,19.26391,-99.17569,19.26956
ageb,0901200010089,AGEB 0089 (Tlalpan),09012,-99.19011,19.29763,-99.18568,19.30157
ageb,0901200011176,AGEB 1176 (Tlalpan),09012,-99.17129,19.26214,-99.16303,19.26921
ageb,0901200011513,AGEB 1513 (Tlalpan),09012,-99.22884,19.26593,-99.2214,19.27152
ageb,0901200012013,AGEB 2013 (Tlalpan),09012,-99.17576,19.24888,-99.16021,19.25851
ageb,0901200012047,AGEB 2047 (Tlalpan),09012,-99.23624,19.26852,-99.23063,19.27519
ageb,0901200011049,AGEB 1049 (Tlalpan),09012,-99.1601,19.27432,-99.14836,19.28587
ageb,0901200012051,AGEB 2051 (Tlalpan),09012,-99.23193,19.26687,-99.22877,19.27558
ageb,0901200011481,AGEB 1481 (Tlalpan),09012,-99.22383,19.26801,-99.21374,19.27316
ageb,0901200262403,AGEB 2403 (Tlalpan),09012,-99.19353,19.21043,-99.18072,19.21881
ageb,0901200010905,AGEB 0905 (Tlalpan),09012,-99.19272,19.28039,-99.18747,19.28666
ageb,0901200012136,AGEB 2136 (Tlalpan),09012,-99.15985,19.26498,-99.15482,19.27483
ageb,0901200012140,AGEB 2140 (Tlalpan),09012,-99.15727,19.2651,-99.14709,19.27197
ageb,0901200012333,AGEB 2333 (Tlalpan),09012,-99.18248,19.22936,-99.1798,19.23274
ageb,0901200261710,AGEB 1710 (Tlalpan),09012,-99.19828,19.20411,-99.18907,19.22159
ageb,0901200262329,AGEB 2329 (Tlalpan),09012,-99.23022,19.20889,-99.21524,19.21741
ageb,0901200011960,AGEB 1960 (Tlalpan),09012,-99.21538,19.28606,-99.18461,19.30357
ageb,0901200011462,AGEB 1462 (Tlalpan),09012,-99.21568,19.26527,-99.20448,19.27754
ageb,0901200012263,AGEB 2263 (Tlalpan),09012,-99.16612,19.26193,-99.158,19.27267
ageb,0901200011759,AGEB 1759 (Tlalpan),09012,-99.20784,19.24329,-99.19365,19.26379
ageb,0901200011477,AGEB 1477 (Tlalpan),09012,-99.22892,19.27043,-99.22197,19.27581
ageb,090120001223A,AGEB 223A (Tlalpan),09012,-99.18987,19.27033,-99.18257,19.27591
ageb,0901200012244,AGEB 2244 (Tlalpan),09012,-99.16604,19.26986,-99.16089,19.27866
ageb,090120001052A,AGEB 052A (Tlalpan),09012,-99.23422,19.28825,-99.22966,19.29414
ageb,0901200192475,AGEB 2475 (Tlalpan),09012,-99.18012,19.12409,-99.1679,19.14115
ageb,0901200011890,AGEB 1890 (Tlalpan),09012,-99.1855,19.29528,-99.17957,19.29962
ageb,0901200010534,AGEB 0534 (Tlalpan),09012,-99.14873,19.28755,-99.13986,19.29336
ageb,0901200012225,AGEB 2225 (Tlalpan),09012,-99.18714,19.27325,-99.18117,19.27951
ageb,0901200012367,AGEB 2367 (Tlalpan),09012,-99.17761,19.22462,-99.17325,19.22701
ageb,0901200011299,AGEB 1299 (Tlalpan),09012,-99.23883,19.2743,-99.22539,19.27972
ageb,0901200011903,AGEB 1903 (Tlalpan),09012,-99.18056,19.29504,-99.17477,19.30104
ageb,0901200011316,AGEB 1316 (Tlalpan),09012,-99.20928,19.27577,-99.20189,19.28323
ageb,0901200011195,AGEB 1195 (Tlalpan),09012,-99.1846,19.25055,-99.17176,19.25882
ageb,0901200011369,AGEB 1369 (Tlalpan),09012,-99.22524,19.29747,-99.22005,19.30836
ageb,0901200011439,AGEB 1439 (Tlalpan),09012,-99.21788,19.27093,-99.21061,19.27872
ageb,0901200011443,AGEB 1443 (Tlalpan),09012,-99.2259,19.27268,-99.2193,19.28042
ageb,0901200011585,AGEB 1585 (Tlalpan),09012,-99.19566,19.24408,-99.1792,19.25776
ageb,0901200012009,AGEB 2009 (Tlalpan),09012,-99.17453,19.25512,-99.15981,19.26845
ageb,0901200010784,AGEB 0784 (Tlalpan),09012,-99.23918,19.27634,-99.23531,19.28372
ageb,0901200012210,AGEB 2210 (Tlalpan),09012,-99.24083,19.2654,-99.23231,19.27043
ageb,0901200010464,AGEB 0464 (Tlalpan),09012,-99.13881,19.29204,-99.13148,19.29802
ageb,0901200010515,AGEB 0515 (Tlalpan),09012,-99.23803,19.2849,-99.23341,19.29394
ageb,0901200010708,AGEB 0708 (Tlalpan),09012,-99.13494,19.28534,-99.12707,19.29523
ageb,0901200010163,AGEB 0163 (Tlalpan),09012,-99.17096,19.29851,-99.16663,19.30247
ageb,0901200010746,AGEB 0746 (Tlalpan),09012,-99.12866,19.2843,-99.12409,19.2891
ageb,0901200010750,AGEB 0750 (Tlalpan),09012,-99.12608,19.288,-99.12355,19.28998
ageb,0901200010801,AGEB 0801 (Tlalpan),09012,-99.23324,19.27703,-99.22904,19.28293
ageb,0901200010229,AGEB 0229 (Tlalpan),09012,-99.13493,19.29523,-99.13117,19.30241
ageb,0901200010248,AGEB 0248 (Tlalpan),09012,-99.12719,19.29684,-99.12486,19.30028
ageb,0901200010337,AGEB 0337 (Tlalpan),09012,-99.2243,19.29044,-99.22045,19.29829
ageb,0901200010341,AGEB 0341 (Tlalpan),09012,-99.221,19.29069,-99.21081,19.29663
ageb,0901200010360,AGEB 0360 (Tlalpan),09012,-99.18642,19.28824,-99.17818,19.29572
ageb,0901200010233,AGEB 0233 (Tlalpan),09012,-99.13181,19.29623,-99.1246,19.305
ageb,0901200261689,AGEB 1689 (Tlalpan),09012,-99.21586,19.21889,-99.20332,19.23152
ageb,0901200010619,AGEB 0619 (Tlalpan),09012,-99.23371,19.28262,-99.22938,19.28853
ageb,0901200010799,AGEB 0799 (Tlalpan),09012,-99.23601,19.27683,-99.23277,19.28534
ageb,0901200010553,AGEB 0553 (Tlalpan),09012,-99.14,19.28537,-99.13356,19.2928
ageb,0901200010587,AGEB 0587 (Tlalpan),09012,-99.12338,19.29084,-99.11839,19.294
ageb,0901200010591,AGEB 0591 (Tlalpan),09012,-99.1204,19.28811,-99.1149,19.29299
ageb,0901200010924,AGEB 0924 (Tlalpan),09012,-99.18803,19.28053,-99.17386,19.29016
ageb,0901200010958,AGEB 0958 (Tlalpan),09012,-99.17434,19.28336,-99.16303,19.28986
ageb,0901200011123,AGEB 1123 (Tlalpan),09012,-99.17372,19.26803,-99.16604,19.2784
ageb,0901200011142,AGEB 1142 (Tlalpan),09012,-99.17908,19.26692,-99.17014,19.27189
ageb,0901200011161,AGEB 1161 (Tlalpan),09012,-99.18452,19.26237,-99.17404,19.27154
ageb,0901200010318,AGEB 0318 (Tlalpan),09012,-99.23031,19.28992,-99.22641,19.29917
ageb,0901200010322,AGEB 0322 (Tlalpan),09012,-99.22748,19.29157,-99.22376,19.29875
ageb,0901200010093,AGEB 0093 (Tlalpan),09012,-99.19071,19.29548,-99.18457,19.30027
ageb,0901200010144,AGEB 0144 (Tlalpan),09012,-99.17566,19.29339,-99.16793,19.29713
ageb,0901200010178,AGEB 0178 (Tlalpan),09012,-99.17513,19.29576,-99.16689,19.29891
ageb,0901200011570,AGEB 1570 (Tlalpan),09012,-99.21355,19.25886,-99.19432,19.26971
ageb,0901200011053,AGEB 1053 (Tlalpan),09012,-99.15837,19.27336,-99.15045,19.28071
ageb,0901200012085,AGEB 2085 (Tlalpan),09012,-99.19008,19.27703,-99.18417,19.28157
ageb,0901200012259,AGEB 2259 (Tlalpan),09012,-99.16192,19.2716,-99.15811,19.27656
ageb,0901200272028,AGEB 2028 (Tlalpan),09012,-99.14931,19.19643,-99.14042,19.20472
ageb,0901200272032,AGEB 2032 (Tlalpan),09012,-99.14726,19.19268,-99.13634,19.20515
ageb,090120027230A,AGEB 230A (Tlalpan),09012,-99.16546,19.20599,-99.15608,19.21206
ageb,0901200011458,AGEB 1458 (Tlalpan),09012,-99.22056,19.27246,-99.21409,19.27852
ageb,0901200012102,AGEB 2102 (Tlalpan),09012,-99.1646,19.27438,-99.15903,19.28135
ageb,0901200011941,AGEB 1941 (Tlalpan),09012,-99.11837,19.294,-99.11431,19.29724
ageb,0901200011922,AGEB 1922 (Tlalpan),09012,-99.12515,19.29688,-99.11962,19.29931
ageb,0901200012189,AGEB 2189 (Tlalpan),09012,-99.20986,19.27971,-99.20223,19.28679
ageb,0901200012371,AGEB 2371 (Tlalpan),09012,-99.19515,19.24259,-99.18523,19.24618
ageb,0901200011744,AGEB 1744 (Tlalpan),09012,-99.20029,19.25324,-99.17294,19.26592
ageb,0901200192460,AGEB 2460 (Tlalpan),09012,-99.18589,19.13003,-99.16925,19.14353
ageb,0901200261528,AGEB 1528 (Tlalpan),09012,-99.20583,19.21217,-99.19542,19.22889
ageb,0901200010394,AGEB 0394 (Tlalpan),09012,-99.17074,19.2918,-99.16391,19.29769
ageb,0901200262390,AGEB 2390 (Tlalpan),09012,-99.19434,19.22932,-99.19302,19.23095
ageb,0901200272422,AGEB 2422 (Tlalpan),09012,-99.16772,19.20876,-99.15496,19.21739
ageb,0901200012386,AGEB 2386 (Tlalpan),09012,-99.18483,19.23863,-99.18108,19.24361
ageb,090120001159A,AGEB 159A (Tlalpan),09012,-99.1903,19.23906,-99.17327,19.25448
ageb,0901200010981,AGEB 0981 (Tlalpan),09012,-99.14903,19.28224,-99.1389,19.29051
ageb,0901200012456,AGEB 2456 (Tlalpan),09012,-99.14954,19.23932,-99.13891,19.24899
ageb,0901200010892,AGEB 0892 (Tlalpan),09012,-99.1978,19.2787,-99.1906,19.28631
ageb,0901200011496,AGEB 1496 (Tlalpan),09012,-99.24536,19.27233,-99.23573,19.28144
ageb,0901200262437,AGEB 2437 (Tlalpan),09012,-99.20636,19.2328,-99.20184,19.23614
ageb,0901200262297,AGEB 2297 (Tlalpan),09012,-99.23056,19.21629,-99.21061,19.23313
ageb,0901200261674,AGEB 1674 (Tlalpan),09012,-99.21922,19.22437,-99.19738,19.23413
ageb,090120026166A,AGEB 166A (Tlalpan),09012,-99.19778,19.22023,-99.19105,19.23435
ageb,0901200011602,AGEB 1602 (Tlalpan),09012,-99.18976,19.23256,-99.1718,19.24555
ageb,0901200271797,AGEB 1797 (Tlalpan),09012,-99.15709,19.18462,-99.13722,19.19822
ageb,0901200261706,AGEB 1706 (Tlalpan),09012,-99.21702,19.20885,-99.19678,19.21589
ageb,0901200261693,AGEB 1693 (Tlalpan),09012,-99.22596,19.20773,-99.21461,19.21641
ageb,0901200012348,AGEB 2348 (Tlalpan),09012,-99.1684,19.22531,-99.16519,19.23074
ageb,0901200011617,AGEB 1617 (Tlalpan),09012,-99.18549,19.22602,-99.16595,19.23931
ageb,0901200261532,AGEB 1532 (Tlalpan),09012,-99.2149,19.21285,-99.20409,19.22437
ageb,0901200011621,AGEB 1621 (Tlalpan),09012,-99.17417,19.23526,-99.16075,19.25086
ageb,0901200011636,AGEB 1636 (Tlalpan),09012,-99.16756,19.24379,-99.15854,19.25326
ageb,0901200011640,AGEB 1640 (Tlalpan),09012,-99.16369,19.23609,-99.15439,19.2554
ageb,0901200011212,AGEB 1212 (Tlalpan),09012,-99.16828,19.23061,-99.15746,19.24068
ageb,0901200011655,AGEB 1655 (Tlalpan),09012,-99.16589,19.22458,-99.15905,19.23382
ageb,0901200012352,AGEB 2352 (Tlalpan),09012,-99.16305,19.22046,-99.15107,19.23141
ageb,0901200012441,AGEB 2441 (Tlalpan),09012,-99.16121,19.22329,-99.14444,19.24775
ageb,090120001173A,AGEB 173A (Tlalpan),09012,-99.23206,19.26291,-99.22612,19.26663
ageb,0901200271778,AGEB 1778 (Tlalpan),09012,-99.15049,19.20201,-99.13419,19.21074
ageb,0901200271782,AGEB 1782 (Tlalpan),09012,-99.14015,19.19311,-99.12908,19.21009
ageb,0901200011547,AGEB 1547 (Tlalpan),09012,-99.20824,19.26534,-99.1904,19.27946
ageb,0901200012282,AGEB 2282 (Tlalpan),09012,-99.19331,19.27213,-99.18695,19.28101
ageb,0901200262418,AGEB 2418 (Tlalpan),09012,-99.18965,19.2052,-99.17182,19.21635
ageb,0901200012278,AGEB 2278 (Tlalpan),09012,-99.19499,19.26924,-99.19063,19.27381
ageb,0901400010543,AGEB 0543 (Benito Juárez),09014,-99.19175,19.37845,-99.18781,19.38507
ageb,0901400010967,AGEB 0967 (Benito Juárez),09014,-99.1717,19.35827,-99.16338,19.36312
ageb,0901400010045,AGEB 0045 (Benito Juárez),09014,-99.17024,19.39366,-99.16526,19.40133
ageb,0901400010168,AGEB 0168 (Benito Juárez),09014,-99.138,19.39249,-99.13168,19.3954
ageb,0901400010971,AGEB 0971 (Benito Juárez),09014,-99.16493,19.35801,-99.15859,19.36504
ageb,0901400010878,AGEB 0878 (Benito Juárez),09014,-99.14251,19.36363,-99.13741,19.36929
ageb,090140001051A,AGEB 051A (Benito Juárez),09014,-99.1397,19.38196,-99.13391,19.38519
ageb,0901400010524,AGEB 0524 (Benito Juárez),09014,-99.14011,19.37926,-99.13443,19.38267
ageb,0901400010346,AGEB 0346 (Benito Juárez),09014,-99.19083,19.38501,-99.18569,19.39235
ageb,0901400010670,AGEB 0670 (Benito Juárez),09014,-99.14168,19.36862,-99.13622,19.3748
ageb,0901400010914,AGEB 0914 (Benito Juárez),09014,-99.18913,19.3617,-99.18086,19.36905
ageb,0901400010115,AGEB 0115 (Benito Juárez),09014,-99.14565,19.397,-99.13705,19.40105
ageb,0901400011024,AGEB 1024 (Benito Juárez),09014,-99.14385,19.35691,-99.13851,19.36428
ageb,0901400010153,AGEB 0153 (Benito Juárez),09014,-99.13415,19.39452,-99.13093,19.39902
ageb,0901400010219,AGEB 0219 (Benito Juárez),09014,-99.17958,19.39092,-99.17043,19.39979
ageb,0901400010882,AGEB 0882 (Benito Juárez),09014,-99.19181,19.36301,-99.18798,19.37259
ageb,0901400010187,AGEB 0187 (Benito Juárez),09014,-99.18905,19.39201,-99.1789,19.3974
ageb,0901400010929,AGEB 0929 (Benito Juárez),09014,-99.18096,19.3629,-99.17383,19.36967
ageb,0901400010933,AGEB 0933 (Benito Juárez),09014,-99.179,19.35957,-99.17128,19.36646
ageb,0901400010986,AGEB 0986 (Benito Juárez),09014,-99.16045,19.35769,-99.15315,19.36361
ageb,090140001101A,AGEB 101A (Benito Juárez),09014,-99.15126,19.35726,-99.14327,19.3612
ageb,0901400010990,AGEB 0990 (Benito Juárez),09014,-99.15474,19.35759,-99.1499,19.36611
ageb,0901400010312,AGEB 0312 (Benito Juárez),09014,-99.13852,19.38836,-99.13239,19.39172
ageb,0901400010327,AGEB 0327 (Benito Juárez),09014,-99.13902,19.38665,-99.13304,19.3905
ageb,0901400010331,AGEB 0331 (Benito Juárez),09014,-99.13932,19.38447,-99.1334,19.38757
ageb,0901400010685,AGEB 0685 (Benito Juárez),09014,-99.19213,19.36992,-99.18839,19.37893
ageb,0901400010717,AGEB 0717 (Benito Juárez),09014,-99.18267,19.36234,-99.17487,19.38316
ageb,0901400010149,AGEB 0149 (Benito Juárez),09014,-99.13777,19.39464,-99.13344,19.3992
ageb,0901400010172,AGEB 0172 (Benito Juárez),09014,-99.13834,19.39115,-99.1321,19.39393
ageb,0901400010204,AGEB 0204 (Benito Juárez),09014,-99.17945,19.3933,-99.17239,19.39897
ageb,0901400010011,AGEB 0011 (Benito Juárez),09014,-99.16228,19.39604,-99.15539,19.40406
ageb,0901400010026,AGEB 0026 (Benito Juárez),09014,-99.15559,19.40172,-99.14497,19.40406
ageb,0901400010030,AGEB 0030 (Benito Juárez),09014,-99.14529,19.39985,-99.13658,19.40387
ageb,090140001005A,AGEB 005A (Benito Juárez),09014,-99.16618,19.39614,-99.15987,19.4024
ageb,0901400010492,AGEB 0492 (Benito Juárez),09014,-99.14243,19.38105,-99.13914,19.38683
ageb,0901400010825,AGEB 0825 (Benito Juárez),09014,-99.1676,19.36504,-99.16106,19.37457
ageb,0901400010435,AGEB 0435 (Benito Juárez),09014,-99.15443,19.3839,-99.14703,19.38874
ageb,0901400010581,AGEB 0581 (Benito Juárez),09014,-99.17595,19.3806,-99.17182,19.38643
ageb,0901400010562,AGEB 0562 (Benito Juárez),09014,-99.18573,19.37736,-99.18055,19.38521
ageb,0901400010454,AGEB 0454 (Benito Juárez),09014,-99.15313,19.37997,-99.14746,19.38444
ageb,0901400010863,AGEB 0863 (Benito Juárez),09014,-99.1499,19.36428,-99.14189,19.36918
ageb,0901400010558,AGEB 0558 (Benito Juárez),09014,-99.18999,19.38084,-99.18302,19.38521
ageb,0901400010083,AGEB 0083 (Benito Juárez),09014,-99.15606,19.3923,-99.15001,19.39938
ageb,0901400010098,AGEB 0098 (Benito Juárez),09014,-99.15051,19.39275,-99.14514,19.40223
ageb,0901400010100,AGEB 0100 (Benito Juárez),09014,-99.15092,19.39226,-99.14565,19.39818
ageb,0901400010793,AGEB 0793 (Benito Juárez),09014,-99.18755,19.36783,-99.17895,19.3753
ageb,0901400010365,AGEB 0365 (Benito Juárez),09014,-99.18647,19.3851,-99.18146,19.38834
ageb,090140001083A,AGEB 083A (Benito Juárez),09014,-99.16386,19.36467,-99.15869,19.3724
ageb,0901400010628,AGEB 0628 (Benito Juárez),09014,-99.15987,19.37355,-99.15313,19.38132
ageb,0901400010469,AGEB 0469 (Benito Juárez),09014,-99.15217,19.37745,-99.14514,19.38314
ageb,0901400010473,AGEB 0473 (Benito Juárez),09014,-99.14771,19.38088,-99.14367,19.38777
ageb,0901400010420,AGEB 0420 (Benito Juárez),09014,-99.16279,19.3809,-99.15443,19.38875
ageb,0901400010191,AGEB 0191 (Benito Juárez),09014,-99.18152,19.38744,-99.17769,19.39701
ageb,0901400010596,AGEB 0596 (Benito Juárez),09014,-99.17636,19.3778,-99.16968,19.38402
ageb,0901400010609,AGEB 0609 (Benito Juárez),09014,-99.17093,19.37688,-99.16514,19.38349
ageb,0901400010613,AGEB 0613 (Benito Juárez),09014,-99.16629,19.37457,-99.1591,19.38246
ageb,0901400010632,AGEB 0632 (Benito Juárez),09014,-99.15434,19.37282,-99.14786,19.38013
ageb,0901400010948,AGEB 0948 (Benito Juárez),09014,-99.17302,19.36034,-99.16899,19.36503
ageb,0901400010647,AGEB 0647 (Benito Juárez),09014,-99.14866,19.37181,-99.14507,19.37912
ageb,0901400010844,AGEB 0844 (Benito Juárez),09014,-99.16271,19.36293,-99.15474,19.37063
ageb,0901400010859,AGEB 0859 (Benito Juárez),09014,-99.15674,19.36339,-99.14927,19.37033
ageb,0901400010350,AGEB 0350 (Benito Juárez),09014,-99.18612,19.38748,-99.18121,19.39244
ageb,0901400010384,AGEB 0384 (Benito Juárez),09014,-99.17871,19.38571,-99.17283,19.39279
ageb,0901400010399,AGEB 0399 (Benito Juárez),09014,-99.17363,19.38349,-99.16805,19.39086
ageb,090140001069A,AGEB 069A (Benito Juárez),09014,-99.18978,19.37246,-99.18471,19.38117
ageb,0901400010702,AGEB 0702 (Benito Juárez),09014,-99.18681,19.37375,-99.17804,19.37833
ageb,0901400010257,AGEB 0257 (Benito Juárez),09014,-99.16461,19.38762,-99.15691,19.39635
ageb,0901400010261,AGEB 0261 (Benito Juárez),09014,-99.1577,19.38687,-99.15165,19.39583
ageb,0901400010276,AGEB 0276 (Benito Juárez),09014,-99.1533,19.38777,-99.14643,19.39249
ageb,0901400010755,AGEB 0755 (Benito Juárez),09014,-99.16796,19.3706,-99.16234,19.37786
ageb,090140001037A,AGEB 037A (Benito Juárez),09014,-99.18302,19.38517,-99.17668,19.38979
ageb,0901400010488,AGEB 0488 (Benito Juárez),09014,-99.14654,19.38142,-99.14152,19.38765
ageb,0901400010242,AGEB 0242 (Benito Juárez),09014,-99.1671,19.39084,-99.16175,19.39729
ageb,0901400010064,AGEB 0064 (Benito Juárez),09014,-99.16047,19.39329,-99.15559,19.40172
ageb,090140001012A,AGEB 012A (Benito Juárez),09014,-99.14643,19.39231,-99.14189,19.39818
ageb,090140001044A,AGEB 044A (Benito Juárez),09014,-99.15788,19.38013,-99.15198,19.38687
ageb,0901400010079,AGEB 0079 (Benito Juárez),09014,-99.15606,19.39583,-99.14514,19.40223
ageb,0901400010577,AGEB 0577 (Benito Juárez),09014,-99.1823,19.37661,-99.17495,19.38598
ageb,0901400010789,AGEB 0789 (Benito Juárez),09014,-99.14903,19.36929,-99.14155,19.37282
ageb,0901400010897,AGEB 0897 (Benito Juárez),09014,-99.18847,19.36772,-99.18248,19.37286
ageb,090140001090A,AGEB 090A (Benito Juárez),09014,-99.18897,19.36416,-99.183,19.36873
ageb,0901400010134,AGEB 0134 (Benito Juárez),09014,-99.1427,19.39232,-99.13751,19.39763
ageb,0901400010952,AGEB 0952 (Benito Juárez),09014,-99.1698,19.3594,-99.16298,19.36633
ageb,0901400011005,AGEB 1005 (Benito Juárez),09014,-99.15065,19.35999,-99.14251,19.36547
ageb,0901400010740,AGEB 0740 (Benito Juárez),09014,-99.17213,19.3713,-99.16653,19.37885
ageb,0901400010401,AGEB 0401 (Benito Juárez),09014,-99.16968,19.38246,-99.16358,19.38991
ageb,0901400010416,AGEB 0416 (Benito Juárez),09014,-99.16514,19.38132,-99.15987,19.38893
ageb,0901400010280,AGEB 0280 (Benito Juárez),09014,-99.14703,19.38765,-99.14178,19.39266
ageb,0901400010295,AGEB 0295 (Benito Juárez),09014,-99.14627,19.38674,-99.14089,19.38916
ageb,0901400010308,AGEB 0308 (Benito Juárez),09014,-99.14236,19.38637,-99.13825,19.39257
ageb,0901400010721,AGEB 0721 (Benito Juárez),09014,-99.17651,19.3743,-99.1712,19.38
ageb,0901400010736,AGEB 0736 (Benito Juárez),09014,-99.17743,19.3673,-99.16967,19.37537
ageb,090140001076A,AGEB 076A (Benito Juárez),09014,-99.16234,19.37033,-99.15674,19.37934
ageb,0901400010774,AGEB 0774 (Benito Juárez),09014,-99.15773,19.36803,-99.14168,19.37394
ageb,0901400010806,AGEB 0806 (Benito Juárez),09014,-99.17951,19.36769,-99.17263,19.37345
ageb,0901400010810,AGEB 0810 (Benito Juárez),09014,-99.17439,19.36418,-99.16486,19.37181
ageb,0901400010238,AGEB 0238 (Benito Juárez),09014,-99.17213,19.38875,-99.16279,19.39811
ageb,0901400010223,AGEB 0223 (Benito Juárez),09014,-99.17551,19.38414,-99.16979,19.39983
ageb,0901400010539,AGEB 0539 (Benito Juárez),09014,-99.14053,19.37688,-99.13499,19.37994
ageb,0901400010666,AGEB 0666 (Benito Juárez),09014,-99.14087,19.37384,-99.13548,19.37718
ageb,0901400010651,AGEB 0651 (Benito Juárez),09014,-99.14558,19.37013,-99.14053,19.37868
ageb,0901400010505,AGEB 0505 (Benito Juárez),09014,-99.14519,19.37713,-99.13995,19.38164
ageb,0900600010185,AGEB 0185 (Iztacalco),09006,-99.0804,19.39774,-99.0708,19.40879
ageb,0900600010147,AGEB 0147 (Iztacalco),09006,-99.10478,19.40281,-99.09732,19.40916
ageb,0900600010950,AGEB 0950 (Iztacalco),09006,-99.13548,19.37711,-99.13053,19.38196
ageb,090060001001A,AGEB 001A (Iztacalco),09006,-99.07332,19.41068,-99.06413,19.42077
ageb,0900600010024,AGEB 0024 (Iztacalco),09006,-99.06825,19.41756,-99.05982,19.42084
ageb,0900600010927,AGEB 0927 (Iztacalco),09006,-99.11123,19.38109,-99.10768,19.38473
ageb,0900600010999,AGEB 0999 (Iztacalco),09006,-99.06252,19.38798,-99.05979,19.39003
ageb,0900600010058,AGEB 0058 (Iztacalco),09006,-99.07509,19.41097,-99.06845,19.41603
ageb,0900600010109,AGEB 0109 (Iztacalco),09006,-99.06008,19.39995,-99.05676,19.41399
ageb,0900600010128,AGEB 0128 (Iztacalco),09006,-99.06963,19.39822,-99.05835,19.40747
ageb,0900600010132,AGEB 0132 (Iztacalco),09006,-99.11357,19.39674,-99.098,19.40766
ageb,0900600010151,AGEB 0151 (Iztacalco),09006,-99.098,19.39383,-99.08128,19.40917
ageb,0900600010166,AGEB 0166 (Iztacalco),09006,-99.08242,19.40029,-99.07797,19.40714
ageb,0900600010039,AGEB 0039 (Iztacalco),09006,-99.06026,19.41378,-99.05578,19.42223
ageb,0900600010217,AGEB 0217 (Iztacalco),09006,-99.06247,19.38965,-99.05855,19.39993
ageb,0900600010221,AGEB 0221 (Iztacalco),09006,-99.13717,19.39874,-99.1289,19.40336
ageb,0900600010236,AGEB 0236 (Iztacalco),09006,-99.13171,19.39923,-99.12426,19.40433
ageb,0900600010965,AGEB 0965 (Iztacalco),09006,-99.13183,19.37677,-99.12716,19.38163
ageb,0900600010240,AGEB 0240 (Iztacalco),09006,-99.13103,19.39673,-99.12393,19.40121
ageb,0900600010255,AGEB 0255 (Iztacalco),09006,-99.12569,19.40049,-99.11681,19.40515
ageb,0900600010274,AGEB 0274 (Iztacalco),09006,-99.12101,19.39912,-99.11347,19.40586
ageb,0900600010378,AGEB 0378 (Iztacalco),09006,-99.13239,19.39084,-99.12899,19.39783
ageb,0900600010490,AGEB 0490 (Iztacalco),09006,-99.08879,19.39009,-99.08279,19.39905
ageb,0900600010503,AGEB 0503 (Iztacalco),09006,-99.08686,19.38947,-99.07822,19.39514
ageb,0900600010518,AGEB 0518 (Iztacalco),09006,-99.07885,19.38789,-99.0724,19.39278
ageb,0900600010537,AGEB 0537 (Iztacalco),09006,-99.07213,19.38562,-99.06755,19.39141
ageb,0900600010541,AGEB 0541 (Iztacalco),09006,-99.07044,19.38353,-99.06604,19.391
ageb,0900600010749,AGEB 0749 (Iztacalco),09006,-99.13345,19.38611,-99.1292,19.39115
ageb,0900600010804,AGEB 0804 (Iztacalco),09006,-99.11771,19.38173,-99.11337,19.38656
ageb,0900600010876,AGEB 0876 (Iztacalco),09006,-99.13443,19.38156,-99.12982,19.38649
ageb,0900600010931,AGEB 0931 (Iztacalco),09006,-99.10875,19.38081,-99.10499,19.38439
ageb,0900600010946,AGEB 0946 (Iztacalco),09006,-99.10566,19.38024,-99.10072,19.38393
ageb,090060001097A,AGEB 097A (Iztacalco),09006,-99.12951,19.37633,-99.12495,19.38124
ageb,0900600010984,AGEB 0984 (Iztacalco),09006,-99.12592,19.3757,-99.12253,19.38025
ageb,0900600011003,AGEB 1003 (Iztacalco),09006,-99.06615,19.38351,-99.06004,19.38839
ageb,0900600011018,AGEB 1018 (Iztacalco),09006,-99.09568,19.38629,-99.08855,19.39134
ageb,0900600011022,AGEB 1022 (Iztacalco),09006,-99.0664,19.38259,-99.06077,19.38482
ageb,0900600011037,AGEB 1037 (Iztacalco),09006,-99.09624,19.3839,-99.09116,19.387
ageb,0900600011056,AGEB 1056 (Iztacalco),09006,-99.12247,19.38222,-99.11869,19.38746
ageb,0900600011060,AGEB 1060 (Iztacalco),09006,-99.12023,19.38216,-99.11709,19.38725
ageb,0900600011075,AGEB 1075 (Iztacalco),09006,-99.11495,19.38129,-99.11041,19.38531
ageb,090060001108A,AGEB 108A (Iztacalco),09006,-99.09706,19.3796,-99.09289,19.3847
ageb,090060001115A,AGEB 115A (Iztacalco),09006,-99.09951,19.37981,-99.09668,19.38209
ageb,0900600011198,AGEB 1198 (Iztacalco),09006,-99.07711,19.40461,-99.06948,19.41183
ageb,0900600010626,AGEB 0626 (Iztacalco),09006,-99.1081,19.38693,-99.10499,19.38958
ageb,0900600010414,AGEB 0414 (Iztacalco),09006,-99.11482,19.39429,-99.10997,19.3983
ageb,0900600010683,AGEB 0683 (Iztacalco),09006,-99.10039,19.38536,-99.09747,19.39023
ageb,0900600010043,AGEB 0043 (Iztacalco),09006,-99.06824,19.41444,-99.05921,19.41852
ageb,0900600010077,AGEB 0077 (Iztacalco),09006,-99.06539,19.40412,-99.06227,19.41499
ageb,0900600010081,AGEB 0081 (Iztacalco),09006,-99.06357,19.40192,-99.06048,19.41477
ageb,0900600010096,AGEB 0096 (Iztacalco),09006,-99.0618,19.40094,-99.05865,19.41457
ageb,0900600010344,AGEB 0344 (Iztacalco),09006,-99.07386,19.39162,-99.06864,19.39732
ageb,0900600010359,AGEB 0359 (Iztacalco),09006,-99.07141,19.39075,-99.06505,19.39918
ageb,0900600010363,AGEB 0363 (Iztacalco),09006,-99.06618,19.39003,-99.06104,19.39568
ageb,0900600010452,AGEB 0452 (Iztacalco),09006,-99.10306,19.39255,-99.09881,19.39703
ageb,0900600010467,AGEB 0467 (Iztacalco),09006,-99.09919,19.39378,-99.09518,19.39682
ageb,0900600010471,AGEB 0471 (Iztacalco),09006,-99.09547,19.39325,-99.08983,19.39643
ageb,0900600010522,AGEB 0522 (Iztacalco),09006,-99.07483,19.38651,-99.07014,19.39179
ageb,090060001058A,AGEB 058A (Iztacalco),09006,-99.11796,19.38821,-99.11204,19.39213
ageb,0900600010607,AGEB 0607 (Iztacalco),09006,-99.11379,19.38779,-99.10773,19.39459
ageb,0900600010611,AGEB 0611 (Iztacalco),09006,-99.1089,19.3876,-99.10338,19.39404
ageb,0900600010630,AGEB 0630 (Iztacalco),09006,-99.1035,19.39197,-99.10003,19.39447
ageb,0900600010664,AGEB 0664 (Iztacalco),09006,-99.10544,19.38579,-99.10064,19.39154
ageb,0900600010698,AGEB 0698 (Iztacalco),09006,-99.09752,19.38935,-99.09543,19.39394
ageb,0900600010700,AGEB 0700 (Iztacalco),09006,-99.09784,19.3863,-99.0922,19.38951
ageb,0900600010715,AGEB 0715 (Iztacalco),09006,-99.09577,19.3892,-99.09367,19.39378
ageb,090060001072A,AGEB 072A (Iztacalco),09006,-99.09413,19.38907,-99.0919,19.39361
ageb,0900600010787,AGEB 0787 (Iztacalco),09006,-99.12263,19.38612,-99.11745,19.39265
ageb,0900600010791,AGEB 0791 (Iztacalco),09006,-99.11862,19.38588,-99.11526,19.38908
ageb,0900600010823,AGEB 0823 (Iztacalco),09006,-99.11204,19.3843,-99.10709,19.38821
ageb,0900600010838,AGEB 0838 (Iztacalco),09006,-99.10795,19.38353,-99.10369,19.38734
ageb,0900600010842,AGEB 0842 (Iztacalco),09006,-99.10437,19.38331,-99.10039,19.3865
ageb,0900600010880,AGEB 0880 (Iztacalco),09006,-99.13136,19.38056,-99.12665,19.38594
ageb,0900600010895,AGEB 0895 (Iztacalco),09006,-99.12706,19.3801,-99.12247,19.38575
ageb,0900600010908,AGEB 0908 (Iztacalco),09006,-99.12438,19.38244,-99.12227,19.38617
ageb,0900600011111,AGEB 1111 (Iztacalco),09006,-99.12393,19.39532,-99.11961,19.39811
ageb,0900600011126,AGEB 1126 (Iztacalco),09006,-99.12003,19.39477,-99.11421,19.39825
ageb,0900600011130,AGEB 1130 (Iztacalco),09006,-99.10072,19.38274,-99.09609,19.38659
ageb,0900600011179,AGEB 1179 (Iztacalco),09006,-99.06927,19.40761,-99.06435,19.41536
ageb,0900600011183,AGEB 1183 (Iztacalco),09006,-99.06933,19.40521,-99.06511,19.40801
ageb,0900600011200,AGEB 1200 (Iztacalco),09006,-99.07473,19.40606,-99.06896,19.4112
ageb,0900600010170,AGEB 0170 (Iztacalco),09006,-99.08318,19.39856,-99.07819,19.40425
ageb,0900600010556,AGEB 0556 (Iztacalco),09006,-99.06731,19.38528,-99.06217,19.39075
ageb,0900600010645,AGEB 0645 (Iztacalco),09006,-99.10354,19.3885,-99.10169,19.39224
ageb,090060001065A,AGEB 065A (Iztacalco),09006,-99.10208,19.38569,-99.09942,19.39262
ageb,0900600010289,AGEB 0289 (Iztacalco),09006,-99.11706,19.39825,-99.11346,19.40135
ageb,0900600010202,AGEB 0202 (Iztacalco),09006,-99.06698,19.39517,-99.06154,19.40264
ageb,090060001026A,AGEB 026A (Iztacalco),09006,-99.12468,19.39798,-99.11421,19.40091
ageb,0900600010679,AGEB 0679 (Iztacalco),09006,-99.09975,19.39001,-99.09708,19.39414
ageb,0900600010310,AGEB 0310 (Iztacalco),09006,-99.08383,19.39249,-99.07529,19.39897
ageb,0900600010325,AGEB 0325 (Iztacalco),09006,-99.0765,19.39203,-99.07138,19.40325
ageb,0900600010382,AGEB 0382 (Iztacalco),09006,-99.1292,19.39064,-99.12677,19.39788
ageb,0900600010397,AGEB 0397 (Iztacalco),09006,-99.12688,19.38887,-99.12197,19.39798
ageb,0900600010575,AGEB 0575 (Iztacalco),09006,-99.12335,19.39124,-99.11349,19.39561
ageb,0900600010594,AGEB 0594 (Iztacalco),09006,-99.11434,19.3879,-99.10904,19.39248
ageb,0900600010753,AGEB 0753 (Iztacalco),09006,-99.12983,19.38581,-99.12683,19.39084
ageb,0900600010768,AGEB 0768 (Iztacalco),09006,-99.12891,19.38564,-99.12354,19.39064
ageb,0900600010772,AGEB 0772 (Iztacalco),09006,-99.12571,19.38606,-99.12215,19.39047
ageb,0900600011164,AGEB 1164 (Iztacalco),09006,-99.10114,19.38009,-99.09693,19.38343
ageb,0900600011041,AGEB 1041 (Iztacalco),09006,-99.11548,19.38496,-99.11135,19.38862
ageb,0900600011094,AGEB 1094 (Iztacalco),09006,-99.09881,19.39646,-99.09266,19.40281
ageb,0900600011107,AGEB 1107 (Iztacalco),09006,-99.09537,19.3935,-99.08847,19.40213
ageb,0900600010293,AGEB 0293 (Iztacalco),09006,-99.11377,19.39729,-99.10546,19.40502
ageb,0900600010429,AGEB 0429 (Iztacalco),09006,-99.11047,19.39405,-99.10769,19.39785
ageb,0900600010448,AGEB 0448 (Iztacalco),09006,-99.10543,19.39358,-99.10283,19.39717
ageb,0900600010433,AGEB 0433 (Iztacalco),09006,-99.108,19.39379,-99.1043,19.39755
ageb,0900600010486,AGEB 0486 (Iztacalco),09006,-99.09057,19.39074,-99.08652,19.39525
ageb,0900600010734,AGEB 0734 (Iztacalco),09006,-99.09269,19.38758,-99.08993,19.39344
ageb,090060001019A,AGEB 019A (Iztacalco),09006,-99.07198,19.3999,-99.06618,19.40531
ageb,090060001033A,AGEB 033A (Iztacalco),09006,-99.07268,19.39651,-99.06654,19.40163
ageb,0900200010148,AGEB 0148 (Azcapotzalco),09002,-99.21436,19.49385,-99.20606,19.50237
ageb,0900200010190,AGEB 0190 (Azcapotzalco),09002,-99.19685,19.48987,-99.18916,19.49994
ageb,0900200010932,AGEB 0932 (Azcapotzalco),09002,-99.19189,19.5007,-99.17522,19.51127
ageb,0900200010237,AGEB 0237 (Azcapotzalco),09002,-99.21644,19.48728,-99.20749,19.49564
ageb,0900200010595,AGEB 0595 (Azcapotzalco),09002,-99.21945,19.47987,-99.21298,19.48459
ageb,0900200010608,AGEB 0608 (Azcapotzalco),09002,-99.21617,19.47321,-99.21267,19.48169
ageb,0900200010612,AGEB 0612 (Azcapotzalco),09002,-99.22033,19.47686,-99.2145,19.4809
ageb,0900200010627,AGEB 0627 (Azcapotzalco),09002,-99.22111,19.47373,-99.21529,19.47822
ageb,0900200011038,AGEB 1038 (Azcapotzalco),09002,-99.21421,19.47208,-99.20822,19.47977
ageb,0900200011076,AGEB 1076 (Azcapotzalco),09002,-99.21716,19.48374,-99.20254,19.4894
ageb,0900200011080,AGEB 1080 (Azcapotzalco),09002,-99.21815,19.48328,-99.20995,19.48739
ageb,0900200011165,AGEB 1165 (Azcapotzalco),09002,-99.17536,19.4952,-99.15417,19.50858
ageb,0900200011042,AGEB 1042 (Azcapotzalco),09002,-99.21003,19.47121,-99.20383,19.47787
ageb,0900200010665,AGEB 0665 (Azcapotzalco),09002,-99.19708,19.47046,-99.1901,19.47806
ageb,0900200010010,AGEB 0010 (Azcapotzalco),09002,-99.20968,19.51111,-99.20293,19.51513
ageb,0900200010025,AGEB 0025 (Azcapotzalco),09002,-99.20389,19.51038,-99.19661,19.51461
ageb,090020001003A,AGEB 003A (Azcapotzalco),09002,-99.21077,19.50813,-99.20524,19.51173
ageb,0900200011150,AGEB 1150 (Azcapotzalco),09002,-99.1774,19.49917,-99.1721,19.50749
ageb,0900200011023,AGEB 1023 (Azcapotzalco),09002,-99.19968,19.47639,-99.18983,19.48518
ageb,0900200010684,AGEB 0684 (Azcapotzalco),09002,-99.19065,19.46537,-99.18395,19.4714
ageb,0900200010044,AGEB 0044 (Azcapotzalco),09002,-99.20534,19.50664,-99.19816,19.51241
ageb,090020001081A,AGEB 081A (Azcapotzalco),09002,-99.18527,19.45893,-99.17841,19.46349
ageb,090020001010A,AGEB 010A (Azcapotzalco),09002,-99.20485,19.5041,-99.2009,19.50899
ageb,0900200010167,AGEB 0167 (Azcapotzalco),09002,-99.20473,19.49623,-99.19794,19.50202
ageb,0900200010097,AGEB 0097 (Azcapotzalco),09002,-99.2103,19.50409,-99.2045,19.50877
ageb,0900200010114,AGEB 0114 (Azcapotzalco),09002,-99.19085,19.49373,-99.18321,19.50544
ageb,0900200010186,AGEB 0186 (Azcapotzalco),09002,-99.19925,19.49267,-99.19118,19.50174
ageb,0900200010260,AGEB 0260 (Azcapotzalco),09002,-99.20072,19.48977,-99.19468,19.49586
ageb,0900200010415,AGEB 0415 (Azcapotzalco),09002,-99.15189,19.47305,-99.14589,19.47951
ageb,0900200010472,AGEB 0472 (Azcapotzalco),09002,-99.19035,19.47269,-99.18126,19.47899
ageb,0900200010542,AGEB 0542 (Azcapotzalco),09002,-99.16359,19.46306,-99.15796,19.47364
ageb,0900200010580,AGEB 0580 (Azcapotzalco),09002,-99.14913,19.46729,-99.14367,19.4732
ageb,0900200010650,AGEB 0650 (Azcapotzalco),09002,-99.20528,19.47202,-99.19515,19.47867
ageb,090020001067A,AGEB 067A (Azcapotzalco),09002,-99.19044,19.46984,-99.17864,19.47458
ageb,0900200010769,AGEB 0769 (Azcapotzalco),09002,-99.15932,19.46305,-99.15098,19.47109
ageb,0900200010788,AGEB 0788 (Azcapotzalco),09002,-99.14965,19.46343,-99.14305,19.4679
ageb,0900200010792,AGEB 0792 (Azcapotzalco),09002,-99.19072,19.46001,-99.18291,19.46594
ageb,0900200010824,AGEB 0824 (Azcapotzalco),09002,-99.17878,19.45717,-99.1683,19.46336
ageb,0900200010858,AGEB 0858 (Azcapotzalco),09002,-99.16616,19.45643,-99.15972,19.46419
ageb,0900200011057,AGEB 1057 (Azcapotzalco),09002,-99.17305,19.46302,-99.16271,19.46743
ageb,0900200011061,AGEB 1061 (Azcapotzalco),09002,-99.16538,19.46143,-99.16261,19.46456
ageb,090020001117A,AGEB 117A (Azcapotzalco),09002,-99.21144,19.50386,-99.20651,19.50908
ageb,0900200010843,AGEB 0843 (Azcapotzalco),09002,-99.17152,19.45666,-99.16438,19.46256
ageb,0900200010966,AGEB 0966 (Azcapotzalco),09002,-99.21231,19.50085,-99.20641,19.50672
ageb,0900200010379,AGEB 0379 (Azcapotzalco),09002,-99.16264,19.473,-99.15762,19.47956
ageb,0900200010398,AGEB 0398 (Azcapotzalco),09002,-99.15898,19.47337,-99.15381,19.47749
ageb,0900200010275,AGEB 0275 (Azcapotzalco),09002,-99.20143,19.48518,-99.19468,19.4914
ageb,090020001028A,AGEB 028A (Azcapotzalco),09002,-99.19468,19.48554,-99.1893,19.49293
ageb,0900200010294,AGEB 0294 (Azcapotzalco),09002,-99.19649,19.48311,-99.18964,19.48987
ageb,0900200010307,AGEB 0307 (Azcapotzalco),09002,-99.18959,19.48533,-99.18521,19.49186
ageb,0900200010311,AGEB 0311 (Azcapotzalco),09002,-99.18701,19.47772,-99.18212,19.48955
ageb,0900200010326,AGEB 0326 (Azcapotzalco),09002,-99.18367,19.48256,-99.17857,19.48983
ageb,0900200010330,AGEB 0330 (Azcapotzalco),09002,-99.18047,19.48348,-99.17346,19.4907
ageb,0900200010345,AGEB 0345 (Azcapotzalco),09002,-99.1813,19.47816,-99.17431,19.48444
ageb,090020001035A,AGEB 035A (Azcapotzalco),09002,-99.17531,19.47325,-99.16443,19.4951
ageb,0900200010468,AGEB 0468 (Azcapotzalco),09002,-99.19007,19.47827,-99.18521,19.48711
ageb,0900200010487,AGEB 0487 (Azcapotzalco),09002,-99.18461,19.47555,-99.17911,19.48408
ageb,0900200010491,AGEB 0491 (Azcapotzalco),09002,-99.18332,19.47351,-99.17498,19.47968
ageb,0900200010504,AGEB 0504 (Azcapotzalco),09002,-99.18114,19.46819,-99.17531,19.47617
ageb,0900200010519,AGEB 0519 (Azcapotzalco),09002,-99.17615,19.46819,-99.16932,19.47512
ageb,0900200011127,AGEB 1127 (Azcapotzalco),09002,-99.19566,19.50461,-99.19079,19.5089
ageb,0900200010171,AGEB 0171 (Azcapotzalco),09002,-99.20308,19.49321,-99.19901,19.49757
ageb,0900200010364,AGEB 0364 (Azcapotzalco),09002,-99.16551,19.47229,-99.16137,19.47799
ageb,0900200010383,AGEB 0383 (Azcapotzalco),09002,-99.15812,19.47684,-99.15141,19.48105
ageb,0900200010561,AGEB 0561 (Azcapotzalco),09002,-99.15339,19.46808,-99.14998,19.47321
ageb,0900200010576,AGEB 0576 (Azcapotzalco),09002,-99.15085,19.46789,-99.1473,19.47325
ageb,0900200010947,AGEB 0947 (Azcapotzalco),09002,-99.18954,19.50387,-99.18286,19.50651
ageb,0900200010896,AGEB 0896 (Azcapotzalco),09002,-99.17383,19.47133,-99.17196,19.47464
ageb,0900200011184,AGEB 1184 (Azcapotzalco),09002,-99.20722,19.50056,-99.20473,19.50437
ageb,0900200010256,AGEB 0256 (Azcapotzalco),09002,-99.20817,19.4858,-99.20117,19.49098
ageb,0900200010129,AGEB 0129 (Azcapotzalco),09002,-99.18426,19.49263,-99.17294,19.50387
ageb,0900200010133,AGEB 0133 (Azcapotzalco),09002,-99.18478,19.49163,-99.17739,19.49875
ageb,0900200010203,AGEB 0203 (Azcapotzalco),09002,-99.1889,19.49139,-99.18131,19.49677
ageb,0900200010218,AGEB 0218 (Azcapotzalco),09002,-99.18935,19.48918,-99.1828,19.49394
ageb,0900200010222,AGEB 0222 (Azcapotzalco),09002,-99.18386,19.48918,-99.17315,19.49391
ageb,0900200010400,AGEB 0400 (Azcapotzalco),09002,-99.15441,19.47305,-99.15019,19.4792
ageb,0900200010434,AGEB 0434 (Azcapotzalco),09002,-99.20334,19.48228,-99.19649,19.48863
ageb,0900200010449,AGEB 0449 (Azcapotzalco),09002,-99.20459,19.47774,-99.19883,19.48374
ageb,0900200010557,AGEB 0557 (Azcapotzalco),09002,-99.15838,19.46889,-99.15266,19.4736
ageb,0900200010631,AGEB 0631 (Azcapotzalco),09002,-99.21363,19.47674,-99.20313,19.48332
ageb,0900200010699,AGEB 0699 (Azcapotzalco),09002,-99.18422,19.46678,-99.17615,19.4706
ageb,0900200010701,AGEB 0701 (Azcapotzalco),09002,-99.1844,19.46203,-99.17718,19.46737
ageb,0900200010716,AGEB 0716 (Azcapotzalco),09002,-99.17759,19.46256,-99.17037,19.47013
ageb,0900200010720,AGEB 0720 (Azcapotzalco),09002,-99.17284,19.46597,-99.16393,19.4713
ageb,090020001074A,AGEB 074A (Azcapotzalco),09002,-99.16699,19.46757,-99.16224,19.47229
ageb,0900200010754,AGEB 0754 (Azcapotzalco),09002,-99.16506,19.46423,-99.16065,19.46901
ageb,0900200010773,AGEB 0773 (Azcapotzalco),09002,-99.15232,19.46294,-99.14832,19.4682
ageb,0900200010805,AGEB 0805 (Azcapotzalco),09002,-99.18341,19.4596,-99.17771,19.4653
ageb,0900200010839,AGEB 0839 (Azcapotzalco),09002,-99.17326,19.46157,-99.1652,19.4659
ageb,0900200010909,AGEB 0909 (Azcapotzalco),09002,-99.17228,19.47154,-99.16919,19.47431
ageb,0900200010985,AGEB 0985 (Azcapotzalco),09002,-99.20426,19.494,-99.2005,19.49911
ageb,0900200011004,AGEB 1004 (Azcapotzalco),09002,-99.20883,19.48889,-99.2002,19.49462
ageb,0900200011019,AGEB 1019 (Azcapotzalco),09002,-99.201,19.47962,-99.19765,19.48304
ageb,0900200011095,AGEB 1095 (Azcapotzalco),09002,-99.21329,19.48036,-99.20334,19.48559
ageb,0900200010970,AGEB 0970 (Azcapotzalco),09002,-99.20667,19.4952,-99.20205,19.50202
ageb,090020001099A,AGEB 099A (Azcapotzalco),09002,-99.20683,19.49288,-99.20396,19.49593
ageb,0900200011131,AGEB 1131 (Azcapotzalco),09002,-99.16936,19.47193,-99.16373,19.47446
ageb,0900200011146,AGEB 1146 (Azcapotzalco),09002,-99.16936,19.47047,-99.16359,19.4731
ageb,0900200010877,AGEB 0877 (Azcapotzalco),09002,-99.17522,19.48527,-99.15048,19.5007
ageb,0900200010881,AGEB 0881 (Azcapotzalco),09002,-99.17106,19.47708,-99.14789,19.49121
ageb,0900200010928,AGEB 0928 (Azcapotzalco),09002,-99.20629,19.49958,-99.18993,19.51165
ageb,0900200010913,AGEB 0913 (Azcapotzalco),09002,-99.19709,19.5089,-99.19137,19.5127
ageb,0900200011112,AGEB 1112 (Azcapotzalco),09002,-99.19789,19.50659,-99.19137,19.51058
ageb,0901700010070,AGEB 0070 (Venustiano Carranza),09017,-99.10332,19.44472,-99.09745,19.45078
ageb,0901700010865,AGEB 0865 (Venustiano Carranza),09017,-99.0626,19.42208,-99.05439,19.43106
ageb,0901700011045,AGEB 1045 (Venustiano Carranza),09017,-99.12819,19.41343,-99.12398,19.41868
ageb,0901700010210,AGEB 0210 (Venustiano Carranza),09017,-99.12592,19.44245,-99.12121,19.45201
ageb,0901700011308,AGEB 1308 (Venustiano Carranza),09017,-99.08305,19.40687,-99.07689,19.41091
ageb,0901700010831,AGEB 0831 (Venustiano Carranza),09017,-99.05909,19.42597,-99.05259,19.43074
ageb,0901700011191,AGEB 1191 (Venustiano Carranza),09017,-99.09742,19.40899,-99.09106,19.41703
ageb,0901700011219,AGEB 1219 (Venustiano Carranza),09017,-99.09516,19.40859,-99.09003,19.41644
ageb,0901700011223,AGEB 1223 (Venustiano Carranza),09017,-99.09354,19.40848,-99.08671,19.41661
ageb,0901700010367,AGEB 0367 (Venustiano Carranza),09017,-99.12393,19.43614,-99.12117,19.44266
ageb,0901700010047,AGEB 0047 (Venustiano Carranza),09017,-99.1158,19.44891,-99.1087,19.45585
ageb,0901700010051,AGEB 0051 (Venustiano Carranza),09017,-99.11015,19.44864,-99.10219,19.45281
ageb,0901700010140,AGEB 0140 (Venustiano Carranza),09017,-99.09277,19.41696,-99.04731,19.45018
ageb,0901700010032,AGEB 0032 (Venustiano Carranza),09017,-99.12477,19.45004,-99.1149,19.45643
ageb,090170001048A,AGEB 048A (Venustiano Carranza),09017,-99.12433,19.429,-99.11897,19.43642
ageb,0901700010687,AGEB 0687 (Venustiano Carranza),09017,-99.126,19.42261,-99.12303,19.42832
ageb,0901700010085,AGEB 0085 (Venustiano Carranza),09017,-99.09796,19.44789,-99.09154,19.45179
ageb,0901700010102,AGEB 0102 (Venustiano Carranza),09017,-99.09361,19.44576,-99.08715,19.45081
ageb,0901700010117,AGEB 0117 (Venustiano Carranza),09017,-99.09436,19.44418,-99.08715,19.44789
ageb,0901700010121,AGEB 0121 (Venustiano Carranza),09017,-99.08715,19.44135,-99.07745,19.44806
ageb,0901700010136,AGEB 0136 (Venustiano Carranza),09017,-99.08446,19.44474,-99.07544,19.45015
ageb,0901700010155,AGEB 0155 (Venustiano Carranza),09017,-99.12477,19.44681,-99.11901,19.45201
ageb,0901700010329,AGEB 0329 (Venustiano Carranza),09017,-99.09342,19.43958,-99.08659,19.44576
ageb,0901700010884,AGEB 0884 (Venustiano Carranza),09017,-99.06991,19.41987,-99.05613,19.42413
ageb,0901700010899,AGEB 0899 (Venustiano Carranza),09017,-99.1274,19.4181,-99.12157,19.42287
ageb,0901700011030,AGEB 1030 (Venustiano Carranza),09017,-99.07545,19.41154,-99.06913,19.42227
ageb,0901700011242,AGEB 1242 (Venustiano Carranza),09017,-99.09159,19.40809,-99.08576,19.41479
ageb,0901700011261,AGEB 1261 (Venustiano Carranza),09017,-99.08889,19.40773,-99.08335,19.41377
ageb,0901700011276,AGEB 1276 (Venustiano Carranza),09017,-99.08637,19.40726,-99.08073,19.4124
ageb,0901700011312,AGEB 1312 (Venustiano Carranza),09017,-99.12815,19.40882,-99.12423,19.41357
ageb,0901700011399,AGEB 1399 (Venustiano Carranza),09017,-99.12673,19.40433,-99.1216,19.4091
ageb,0901700011416,AGEB 1416 (Venustiano Carranza),09017,-99.12169,19.40505,-99.11293,19.41165
ageb,0901700011435,AGEB 1435 (Venustiano Carranza),09017,-99.11107,19.40793,-99.0989,19.41161
ageb,090170001144A,AGEB 144A (Venustiano Carranza),09017,-99.11347,19.40586,-99.10352,19.40835
ageb,0901700011454,AGEB 1454 (Venustiano Carranza),09017,-99.10276,19.40885,-99.09792,19.41184
ageb,0901700010206,AGEB 0206 (Venustiano Carranza),09017,-99.10715,19.44378,-99.10282,19.44793
ageb,0901700011149,AGEB 1149 (Venustiano Carranza),09017,-99.10199,19.41357,-99.09858,19.4171
ageb,0901700011204,AGEB 1204 (Venustiano Carranza),09017,-99.09225,19.41587,-99.08709,19.42045
ageb,0901700011238,AGEB 1238 (Venustiano Carranza),09017,-99.08877,19.41303,-99.0826,19.42225
ageb,0901700011098,AGEB 1098 (Venustiano Carranza),09017,-99.10963,19.41422,-99.10805,19.41791
ageb,0901700011420,AGEB 1420 (Venustiano Carranza),09017,-99.11323,19.40828,-99.11106,19.41164
ageb,0901700010189,AGEB 0189 (Venustiano Carranza),09017,-99.1116,19.4452,-99.10815,19.44891
ageb,0901700010193,AGEB 0193 (Venustiano Carranza),09017,-99.1094,19.44379,-99.10594,19.44842
ageb,0901700010475,AGEB 0475 (Venustiano Carranza),09017,-99.08699,19.4351,-99.07994,19.43842
ageb,0901700010511,AGEB 0511 (Venustiano Carranza),09017,-99.11532,19.42751,-99.10964,19.43405
ageb,0901700010526,AGEB 0526 (Venustiano Carranza),09017,-99.11111,19.42729,-99.10632,19.43453
ageb,0901700010530,AGEB 0530 (Venustiano Carranza),09017,-99.10894,19.42776,-99.10411,19.43235
ageb,0901700010278,AGEB 0278 (Venustiano Carranza),09017,-99.11073,19.44018,-99.10757,19.44502
ageb,0901700010244,AGEB 0244 (Venustiano Carranza),09017,-99.11997,19.44004,-99.11184,19.44681
ageb,0901700010259,AGEB 0259 (Venustiano Carranza),09017,-99.11367,19.44047,-99.11019,19.44596
ageb,0901700010282,AGEB 0282 (Venustiano Carranza),09017,-99.10891,19.43985,-99.10407,19.44481
ageb,0901700010297,AGEB 0297 (Venustiano Carranza),09017,-99.1055,19.43977,-99.09974,19.44593
ageb,090170001030A,AGEB 030A (Venustiano Carranza),09017,-99.10092,19.44008,-99.09497,19.44575
ageb,0901700010314,AGEB 0314 (Venustiano Carranza),09017,-99.09574,19.44122,-99.0893,19.44588
ageb,0901700010333,AGEB 0333 (Venustiano Carranza),09017,-99.08994,19.43842,-99.08535,19.44463
ageb,0901700010615,AGEB 0615 (Venustiano Carranza),09017,-99.11161,19.42295,-99.10626,19.42751
ageb,0901700010371,AGEB 0371 (Venustiano Carranza),09017,-99.12121,19.43349,-99.11382,19.44245
ageb,0901700010386,AGEB 0386 (Venustiano Carranza),09017,-99.11391,19.439,-99.10652,19.44063
ageb,0901700010390,AGEB 0390 (Venustiano Carranza),09017,-99.1212,19.43661,-99.1152,19.44021
ageb,0901700010403,AGEB 0403 (Venustiano Carranza),09017,-99.11505,19.43343,-99.10846,19.43954
ageb,0901700010653,AGEB 0653 (Venustiano Carranza),09017,-99.1024,19.42778,-99.09621,19.433
ageb,0901700010418,AGEB 0418 (Venustiano Carranza),09017,-99.11192,19.4337,-99.10517,19.44
ageb,0901700010422,AGEB 0422 (Venustiano Carranza),09017,-99.10808,19.43453,-99.10046,19.44278
ageb,0901700010437,AGEB 0437 (Venustiano Carranza),09017,-99.10261,19.43694,-99.09342,19.44214
ageb,0901700010441,AGEB 0441 (Venustiano Carranza),09017,-99.10798,19.43347,-99.09262,19.44122
ageb,0901700010545,AGEB 0545 (Venustiano Carranza),09017,-99.10815,19.43007,-99.10079,19.43453
ageb,090170001055A,AGEB 055A (Venustiano Carranza),09017,-99.10363,19.43071,-99.09443,19.43637
ageb,0901700010564,AGEB 0564 (Venustiano Carranza),09017,-99.09443,19.43158,-99.08663,19.43716
ageb,0901700010579,AGEB 0579 (Venustiano Carranza),09017,-99.12517,19.42804,-99.12242,19.43392
ageb,0901700010583,AGEB 0583 (Venustiano Carranza),09017,-99.12331,19.42522,-99.11938,19.43066
ageb,0901700010598,AGEB 0598 (Venustiano Carranza),09017,-99.11993,19.42325,-99.11111,19.43221
ageb,090170001062A,AGEB 062A (Venustiano Carranza),09017,-99.11068,19.42514,-99.10411,19.42923
ageb,0901700010649,AGEB 0649 (Venustiano Carranza),09017,-99.10569,19.42518,-99.09786,19.43157
ageb,0901700010668,AGEB 0668 (Venustiano Carranza),09017,-99.0977,19.42542,-99.09154,19.43071
ageb,0901700010672,AGEB 0672 (Venustiano Carranza),09017,-99.09621,19.42836,-99.08975,19.43393
ageb,0901700010691,AGEB 0691 (Venustiano Carranza),09017,-99.12374,19.42222,-99.11997,19.42599
ageb,0901700010704,AGEB 0704 (Venustiano Carranza),09017,-99.12098,19.41882,-99.11612,19.42553
ageb,0901700010780,AGEB 0780 (Venustiano Carranza),09017,-99.10202,19.42353,-99.09318,19.42806
ageb,0901700010808,AGEB 0808 (Venustiano Carranza),09017,-99.07294,19.42651,-99.06746,19.43072
ageb,0901700010812,AGEB 0812 (Venustiano Carranza),09017,-99.06795,19.42369,-99.06393,19.4303
ageb,0901700011079,AGEB 1079 (Venustiano Carranza),09017,-99.11576,19.41164,-99.1124,19.41677
ageb,0901700011083,AGEB 1083 (Venustiano Carranza),09017,-99.11113,19.41333,-99.10926,19.41829
ageb,0901700011346,AGEB 1346 (Venustiano Carranza),09017,-99.11293,19.41158,-99.10854,19.41364
ageb,0901700011350,AGEB 1350 (Venustiano Carranza),09017,-99.10965,19.41297,-99.10514,19.41549
ageb,0901700011365,AGEB 1365 (Venustiano Carranza),09017,-99.1087,19.41084,-99.1023,19.41322
ageb,090170001137A,AGEB 137A (Venustiano Carranza),09017,-99.10586,19.41127,-99.10024,19.41502
ageb,0901700011384,AGEB 1384 (Venustiano Carranza),09017,-99.10096,19.41031,-99.09796,19.41447
ageb,090170001151A,AGEB 151A (Venustiano Carranza),09017,-99.06475,19.42324,-99.05819,19.4293
ageb,0901700011524,AGEB 1524 (Venustiano Carranza),09017,-99.06492,19.42232,-99.05704,19.42809
ageb,0901700010494,AGEB 0494 (Venustiano Carranza),09017,-99.12118,19.4336,-99.11554,19.43723
ageb,0901700010742,AGEB 0742 (Venustiano Carranza),09017,-99.11203,19.41955,-99.11016,19.42401
ageb,0901700011011,AGEB 1011 (Venustiano Carranza),09017,-99.09225,19.41989,-99.08597,19.42381
ageb,0901700011401,AGEB 1401 (Venustiano Carranza),09017,-99.12175,19.40795,-99.11509,19.41165
ageb,0901700010600,AGEB 0600 (Venustiano Carranza),09017,-99.11381,19.42401,-99.11123,19.42703
ageb,0901700010456,AGEB 0456 (Venustiano Carranza),09017,-99.09928,19.43393,-99.09277,19.43776
ageb,0901700010901,AGEB 0901 (Venustiano Carranza),09017,-99.12351,19.41778,-99.12045,19.42238
ageb,0901700010460,AGEB 0460 (Venustiano Carranza),09017,-99.09429,19.43607,-99.08614,19.4406
ageb,0901700010263,AGEB 0263 (Venustiano Carranza),09017,-99.11211,19.44036,-99.10893,19.44547
ageb,0901700010066,AGEB 0066 (Venustiano Carranza),09017,-99.11051,19.44734,-99.10282,19.45025
ageb,090170001009A,AGEB 009A (Venustiano Carranza),09017,-99.09937,19.44425,-99.09361,19.44951
ageb,090170001016A,AGEB 016A (Venustiano Carranza),09017,-99.11928,19.44787,-99.11051,19.45073
ageb,0901700010174,AGEB 0174 (Venustiano Carranza),09017,-99.11949,19.44674,-99.11087,19.44969
ageb,0901700010225,AGEB 0225 (Venustiano Carranza),09017,-99.12128,19.44188,-99.11541,19.44818
ageb,090170001023A,AGEB 023A (Venustiano Carranza),09017,-99.11997,19.44537,-99.1113,19.4487
ageb,0901700010846,AGEB 0846 (Venustiano Carranza),09017,-99.07353,19.42402,-99.06603,19.42813
ageb,090170001087A,AGEB 087A (Venustiano Carranza),09017,-99.07395,19.42146,-99.06742,19.42616
ageb,0901700010916,AGEB 0916 (Venustiano Carranza),09017,-99.12121,19.4168,-99.117,19.41883
ageb,0901700010920,AGEB 0920 (Venustiano Carranza),09017,-99.11543,19.41674,-99.11203,19.42069
ageb,0901700010935,AGEB 0935 (Venustiano Carranza),09017,-99.1127,19.41347,-99.11053,19.41994
ageb,090170001094A,AGEB 094A (Venustiano Carranza),09017,-99.11065,19.41765,-99.10751,19.41955
ageb,090170001105A,AGEB 105A (Venustiano Carranza),09017,-99.12517,19.41356,-99.1211,19.41817
ageb,0901700011064,AGEB 1064 (Venustiano Carranza),09017,-99.12165,19.41369,-99.1153,19.41776
ageb,0901700011257,AGEB 1257 (Venustiano Carranza),09017,-99.08445,19.41113,-99.07822,19.4211
ageb,0901700011280,AGEB 1280 (Venustiano Carranza),09017,-99.08111,19.4104,-99.0755,19.41835
ageb,0901700011327,AGEB 1327 (Venustiano Carranza),09017,-99.12531,19.40883,-99.12165,19.41369
ageb,0901700011331,AGEB 1331 (Venustiano Carranza),09017,-99.12177,19.41154,-99.11477,19.41403
ageb,0901700011295,AGEB 1295 (Venustiano Carranza),09017,-99.07967,19.40913,-99.07487,19.41713
ageb,0901700011026,AGEB 1026 (Venustiano Carranza),09017,-99.0877,19.41656,-99.08378,19.42303
ageb,0901700011488,AGEB 1488 (Venustiano Carranza),09017,-99.06125,19.42766,-99.0593,19.42977
ageb,0901700011492,AGEB 1492 (Venustiano Carranza),09017,-99.06101,19.42638,-99.05793,19.42789
ageb,0901700010954,AGEB 0954 (Venustiano Carranza),09017,-99.10936,19.41877,-99.10678,19.42261
ageb,0901700010757,AGEB 0757 (Venustiano Carranza),09017,-99.11053,19.41918,-99.10839,19.42343
ageb,090170001112A,AGEB 112A (Venustiano Carranza),09017,-99.10418,19.41742,-99.1016,19.42007
ageb,0901700011134,AGEB 1134 (Venustiano Carranza),09017,-99.10232,19.4168,-99.09871,19.41963
ageb,0901700011115,AGEB 1115 (Venustiano Carranza),09017,-99.10694,19.41419,-99.10107,19.41853
ageb,0901700011153,AGEB 1153 (Venustiano Carranza),09017,-99.09934,19.41684,-99.09619,19.42162
ageb,0901700010634,AGEB 0634 (Venustiano Carranza),09017,-99.10642,19.42162,-99.09934,19.42923
ageb,0901700011172,AGEB 1172 (Venustiano Carranza),09017,-99.09766,19.41145,-99.09311,19.41835
ageb,0901700010992,AGEB 0992 (Venustiano Carranza),09017,-99.10193,19.41871,-99.09897,19.42211
ageb,0901700011100,AGEB 1100 (Venustiano Carranza),09017,-99.10879,19.41385,-99.10419,19.41877
ageb,0901700011187,AGEB 1187 (Venustiano Carranza),09017,-99.09747,19.41026,-99.09007,19.41857
ageb,0901700010988,AGEB 0988 (Venustiano Carranza),09017,-99.10403,19.41962,-99.10036,19.42268
ageb,0901700010969,AGEB 0969 (Venustiano Carranza),09017,-99.10751,19.41841,-99.10526,19.42185
ageb,0901700010973,AGEB 0973 (Venustiano Carranza),09017,-99.10611,19.4179,-99.10291,19.42115
ageb,0901700011007,AGEB 1007 (Venustiano Carranza),09017,-99.10009,19.41998,-99.09421,19.42355
ageb,0901700010507,AGEB 0507 (Venustiano Carranza),09017,-99.12121,19.43196,-99.11508,19.43434
ageb,0901700010761,AGEB 0761 (Venustiano Carranza),09017,-99.10915,19.42172,-99.10601,19.42579
ageb,0901700010795,AGEB 0795 (Venustiano Carranza),09017,-99.09619,19.41745,-99.09043,19.4268
ageb,0901700011168,AGEB 1168 (Venustiano Carranza),09017,-99.09891,19.40913,-99.09347,19.41998
ageb,0901700010827,AGEB 0827 (Venustiano Carranza),09017,-99.06332,19.42825,-99.04645,19.44383
ageb,0901700011505,AGEB 1505 (Venustiano Carranza),09017,-99.06374,19.4242,-99.05786,19.43018
ageb,0901700011469,AGEB 1469 (Venustiano Carranza),09017,-99.06324,19.42853,-99.06148,19.43075
ageb,0901700011473,AGEB 1473 (Venustiano Carranza),09017,-99.06237,19.42801,-99.06085,19.43075
ageb,0901700010013,AGEB 0013 (Venustiano Carranza),09017,-99.12368,19.45525,-99.11844,19.45978
ageb,0901700010028,AGEB 0028 (Venustiano Carranza),09017,-99.11984,19.45378,-99.11438,19.4585
ageb,0901700010723,AGEB 0723 (Venustiano Carranza),09017,-99.11463,19.42197,-99.11161,19.42483
ageb,0901700010738,AGEB 0738 (Venustiano Carranza),09017,-99.11487,19.41994,-99.11182,19.4223
ageb,0901700010719,AGEB 0719 (Venustiano Carranza),09017,-99.11717,19.41772,-99.11448,19.42348
ageb,0901700010348,AGEB 0348 (Venustiano Carranza),09017,-99.08614,19.43794,-99.08006,19.44309
ageb,0901700010352,AGEB 0352 (Venustiano Carranza),09017,-99.08086,19.43785,-99.07665,19.44305
ageb,0901700010776,AGEB 0776 (Venustiano Carranza),09017,-99.107,19.42056,-99.1015,19.42506
ageb,0901100011323,AGEB 1323 (Tláhuac),09011,-99.05214,19.27906,-99.05057,19.28191
ageb,0901100011446,AGEB 1446 (Tláhuac),09011,-99.03641,19.28314,-99.02999,19.2868
ageb,090110001108A,AGEB 108A (Tláhuac),09011,-99.05759,19.2775,-99.05056,19.28254
ageb,0901100010132,AGEB 0132 (Tláhuac),09011,-99.03036,19.28204,-99.00997,19.29846
ageb,0901100010452,AGEB 0452 (Tláhuac),09011,-99.00376,19.26431,-98.99247,19.27495
ageb,0901100010594,AGEB 0594 (Tláhuac),09011,-99.04497,19.30649,-99.03934,19.31541
ageb,0901100011111,AGEB 1111 (Tláhuac),09011,-99.04127,19.30528,-99.03415,19.3119
ageb,0901100011357,AGEB 1357 (Tláhuac),09011,-99.05598,19.30241,-99.04483,19.31337
ageb,0901100011376,AGEB 1376 (Tláhuac),09011,-99.0507,19.27203,-99.03829,19.28757
ageb,0901100011412,AGEB 1412 (Tláhuac),09011,-99.03712,19.30307,-99.02657,19.30988
ageb,0901100210787,AGEB 0787 (Tláhuac),09011,-98.99879,19.22483,-98.99088,19.23087
ageb,090110001154A,AGEB 154A (Tláhuac),09011,-99.04812,19.3117,-99.04526,19.31487
ageb,090110011072A,AGEB 072A (Tláhuac),09011,-98.97017,19.22031,-98.95888,19.22607
ageb,0901100111041,AGEB 1041 (Tláhuac),09011,-98.96361,19.22118,-98.94664,19.23026
ageb,0901100211018,AGEB 1018 (Tláhuac),09011,-98.99806,19.23516,-98.99159,19.24491
ageb,0901100111037,AGEB 1037 (Tláhuac),09011,-98.97125,19.22445,-98.96248,19.23254
ageb,0901100260965,AGEB 0965 (Tláhuac),09011,-98.97303,19.30992,-98.96348,19.31958
ageb,0901100010768,AGEB 0768 (Tláhuac),09011,-99.00028,19.27942,-98.99061,19.28498
ageb,090110001040A,AGEB 040A (Tláhuac),09011,-98.99669,19.27341,-98.99203,19.27709
ageb,0901100011075,AGEB 1075 (Tláhuac),09011,-99.05966,19.27963,-99.05527,19.28334
ageb,0901100010310,AGEB 0310 (Tláhuac),09011,-99.06426,19.28413,-99.05576,19.29129
ageb,0901100011361,AGEB 1361 (Tláhuac),09011,-99.0541,19.30158,-99.04621,19.3102
ageb,0901100010630,AGEB 0630 (Tláhuac),09011,-99.05953,19.29027,-99.05528,19.29756
ageb,0901100010999,AGEB 0999 (Tláhuac),09011,-99.00009,19.24264,-98.99418,19.25092
ageb,0901100010058,AGEB 0058 (Tláhuac),09011,-99.06477,19.29683,-99.05791,19.30568
ageb,0901100010151,AGEB 0151 (Tláhuac),09011,-99.01426,19.29383,-99.00668,19.29767
ageb,0901100011056,AGEB 1056 (Tláhuac),09011,-99.05528,19.28352,-99.05046,19.28807
ageb,0901100010325,AGEB 0325 (Tláhuac),09011,-99.06705,19.28292,-99.05654,19.28981
ageb,0901100010344,AGEB 0344 (Tláhuac),09011,-99.01248,19.27635,-99.00621,19.28236
ageb,090110001001A,AGEB 001A (Tláhuac),09011,-99.05986,19.30309,-99.05165,19.31186
ageb,0901100010607,AGEB 0607 (Tláhuac),09011,-99.04205,19.30881,-99.03643,19.31438
ageb,0901100011094,AGEB 1094 (Tláhuac),09011,-99.06896,19.28028,-99.05754,19.28704
ageb,090110001122A,AGEB 122A (Tláhuac),09011,-99.04338,19.30534,-99.03876,19.30908
ageb,0901100011249,AGEB 1249 (Tláhuac),09011,-99.0626,19.2937,-99.0541,19.30374
ageb,0901100011253,AGEB 1253 (Tláhuac),09011,-99.06107,19.29254,-99.0555,19.30049
ageb,0901100011287,AGEB 1287 (Tláhuac),09011,-99.06282,19.29024,-99.05953,19.29409
ageb,0901100011304,AGEB 1304 (Tláhuac),09011,-99.05719,19.28135,-99.05194,19.28568
ageb,0901100011338,AGEB 1338 (Tláhuac),09011,-99.05225,19.29994,-99.04181,19.30649
ageb,0901100011465,AGEB 1465 (Tláhuac),09011,-99.04998,19.30329,-99.0447,19.30907
ageb,090110001147A,AGEB 147A (Tláhuac),09011,-99.04844,19.30211,-99.04338,19.31074
ageb,0901100011484,AGEB 1484 (Tláhuac),09011,-99.01128,19.2516,-99.0033,19.25989
ageb,0901100010077,AGEB 0077 (Tláhuac),09011,-99.05564,19.29478,-99.05052,19.30241
ageb,0901100010414,AGEB 0414 (Tláhuac),09011,-98.99703,19.26935,-98.99253,19.27397
ageb,0901100240749,AGEB 0749 (Tláhuac),09011,-98.97129,19.21057,-98.96733,19.21315
ageb,0901100010626,AGEB 0626 (Tláhuac),09011,-99.0554,19.29182,-99.04851,19.30079
ageb,0901100010274,AGEB 0274 (Tláhuac),09011,-99.00612,19.28498,-98.99885,19.29068
ageb,090110001026A,AGEB 026A (Tláhuac),09011,-99.01316,19.28163,-99.00612,19.28687
ageb,0901100010679,AGEB 0679 (Tláhuac),09011,-99.03635,19.28668,-99.02905,19.29034
ageb,0901100010240,AGEB 0240 (Tláhuac),09011,-99.01756,19.28645,-99.00928,19.29432
ageb,0901100010166,AGEB 0166 (Tláhuac),09011,-99.015,19.29122,-99.00862,19.29536
ageb,0901100010170,AGEB 0170 (Tláhuac),09011,-99.00928,19.29031,-99.00191,19.29684
ageb,0901100010927,AGEB 0927 (Tláhuac),09011,-99.04128,19.2877,-99.03629,19.29334
ageb,0901100010202,AGEB 0202 (Tláhuac),09011,-99.05139,19.28634,-99.04534,19.29342
ageb,0901100010217,AGEB 0217 (Tláhuac),09011,-99.04605,19.28513,-99.04008,19.29161
ageb,0901100010397,AGEB 0397 (Tláhuac),09011,-98.99623,19.27649,-98.99162,19.28007
ageb,090110001065A,AGEB 065A (Tláhuac),09011,-99.03632,19.28944,-99.02836,19.29313
ageb,0901100010306,AGEB 0306 (Tláhuac),09011,-99.06141,19.2851,-99.05462,19.29089
ageb,0901100010645,AGEB 0645 (Tláhuac),09011,-99.05353,19.28964,-99.04845,19.29647
ageb,0901100010289,AGEB 0289 (Tláhuac),09011,-99.00682,19.28073,-98.99965,19.28591
ageb,0901100010043,AGEB 0043 (Tláhuac),09011,-99.0359,19.29637,-99.02239,19.30424
ageb,0901100241183,AGEB 1183 (Tláhuac),09011,-98.9737,19.21886,-98.9669,19.22291
ageb,0901100010664,AGEB 0664 (Tláhuac),09011,-99.05656,19.28761,-99.04974,19.29374
ageb,0901100010113,AGEB 0113 (Tláhuac),09011,-99.04185,19.29281,-99.03442,19.29732
ageb,0901100010096,AGEB 0096 (Tláhuac),09011,-99.05129,19.29123,-99.04625,19.30018
ageb,0901100010128,AGEB 0128 (Tláhuac),09011,-99.03444,19.29298,-99.0271,19.29777
ageb,0901100010382,AGEB 0382 (Tláhuac),09011,-99.00209,19.27185,-98.99632,19.27725
ageb,0901100010147,AGEB 0147 (Tláhuac),09011,-99.02243,19.29272,-99.01384,19.29867
ageb,0901100010359,AGEB 0359 (Tláhuac),09011,-99.00997,19.2758,-99.00263,19.28204
ageb,0901100010363,AGEB 0363 (Tláhuac),09011,-99.00643,19.27544,-99.00115,19.28156
ageb,0901100010378,AGEB 0378 (Tláhuac),09011,-99.00173,19.27639,-98.99578,19.28085
ageb,0901100010575,AGEB 0575 (Tláhuac),09011,-98.99965,19.2838,-98.98989,19.28979
ageb,0901100010433,AGEB 0433 (Tláhuac),09011,-99.00892,19.26709,-99.00253,19.27638
ageb,0901100010448,AGEB 0448 (Tláhuac),09011,-99.00621,19.27135,-99.00139,19.27637
ageb,0901100010950,AGEB 0950 (Tláhuac),09011,-99.0098,19.25791,-99.00097,19.26627
ageb,0901100011234,AGEB 1234 (Tláhuac),09011,-99.04181,19.30312,-99.0363,19.30706
ageb,0901100010931,AGEB 0931 (Tláhuac),09011,-99.04048,19.2787,-99.03634,19.28776
ageb,0901100010946,AGEB 0946 (Tláhuac),09011,-99.00669,19.26171,-98.99939,19.26911
ageb,0901100011272,AGEB 1272 (Tláhuac),09011,-99.04371,19.29132,-99.04103,19.29551
ageb,0901100011291,AGEB 1291 (Tláhuac),09011,-99.06087,19.28653,-99.05334,19.29254
ageb,0901100011319,AGEB 1319 (Tláhuac),09011,-99.0537,19.28021,-99.05056,19.2851
ageb,0901100011268,AGEB 1268 (Tláhuac),09011,-99.04762,19.29092,-99.04161,19.29994
ageb,0901100210791,AGEB 0791 (Tláhuac),09011,-98.99459,19.23596,-98.99187,19.24234
ageb,0901100211022,AGEB 1022 (Tláhuac),09011,-98.99481,19.22658,-98.98278,19.23607
ageb,0901100261501,AGEB 1501 (Tláhuac),09011,-98.97028,19.3185,-98.96849,19.3206
ageb,0901100010255,AGEB 0255 (Tláhuac),09011,-99.00999,19.28591,-99.00532,19.29122
ageb,0901100261164,AGEB 1164 (Tláhuac),09011,-98.96658,19.31399,-98.95789,19.32751
ageb,0901100011450,AGEB 1450 (Tláhuac),09011,-99.03653,19.27723,-99.03095,19.28327
ageb,0901100010185,AGEB 0185 (Tláhuac),09011,-99.00319,19.28853,-98.98887,19.2984
ageb,0901100010984,AGEB 0984 (Tláhuac),09011,-99.00487,19.23932,-98.99638,19.25097
ageb,0901100010772,AGEB 0772 (Tláhuac),09011,-99.0075,19.24713,-98.99388,19.26592
ageb,0901100010823,AGEB 0823 (Tláhuac),09011,-99.01947,19.3036,-99.01676,19.30633
ageb,0901100010804,AGEB 0804 (Tláhuac),09011,-98.99978,19.29638,-98.99735,19.29808
ageb,0901100011395,AGEB 1395 (Tláhuac),09011,-99.03268,19.27835,-99.02487,19.28314
ageb,0901100241408,AGEB 1408 (Tláhuac),09011,-98.98051,19.21459,-98.97448,19.22474
ageb,0901100211003,AGEB 1003 (Tláhuac),09011,-99.01119,19.23127,-98.9948,19.24581
ageb,0901100211516,AGEB 1516 (Tláhuac),09011,-99.00723,19.22661,-99.00607,19.22808
ageb,090110021115A,AGEB 115A (Tláhuac),09011,-99.00859,19.22654,-98.99404,19.23478
ageb,0901100010819,AGEB 0819 (Tláhuac),09011,-99.01243,19.23644,-99.00345,19.24932
ageb,0901100240734,AGEB 0734 (Tláhuac),09011,-98.97714,19.21186,-98.96848,19.22274
ageb,0901100011427,AGEB 1427 (Tláhuac),09011,-99.0142,19.25721,-99.00536,19.27412
ageb,0901100011380,AGEB 1380 (Tláhuac),09011,-99.03913,19.27121,-99.03267,19.27876
ageb,0901100241520,AGEB 1520 (Tláhuac),09011,-98.9807,19.22026,-98.97836,19.22255
ageb,0901100010039,AGEB 0039 (Tláhuac),09011,-99.04196,19.29615,-99.03357,19.30434
ageb,0901100011145,AGEB 1145 (Tláhuac),09011,-99.04625,19.29972,-99.0402,19.30534
ageb,0901100011342,AGEB 1342 (Tláhuac),09011,-99.0439,19.29951,-99.04054,19.30341
ageb,0901100011431,AGEB 1431 (Tláhuac),09011,-99.03435,19.25564,-99.01077,19.27086
ageb,090110026097A,AGEB 097A (Tláhuac),09011,-98.97975,19.30514,-98.96405,19.31495
ageb,0901100011499,AGEB 1499 (Tláhuac),09011,-99.01495,19.23818,-99.00539,19.25102
ageb,0901100011535,AGEB 1535 (Tláhuac),09011,-99.03287,19.27415,-99.02493,19.27991
ageb,0901100010753,AGEB 0753 (Tláhuac),09011,-99.02538,19.29685,-99.00639,19.30585
ageb,0900500013411,AGEB 3411 (Gustavo A. Madero),09005,-99.13511,19.53699,-99.12418,19.54476
ageb,0900500010366,AGEB 0366 (Gustavo A. Madero),09005,-99.17704,19.52241,-99.16814,19.53203
ageb,0900500010703,AGEB 0703 (Gustavo A. Madero),09005,-99.08686,19.50143,-99.07789,19.50747
ageb,0900500010436,AGEB 0436 (Gustavo A. Madero),09005,-99.1664,19.51757,-99.15996,19.5233
ageb,0900500012536,AGEB 2536 (Gustavo A. Madero),09005,-99.1266,19.55689,-99.10809,19.57885
ageb,0900500012305,AGEB 2305 (Gustavo A. Madero),09005,-99.10254,19.44982,-99.09537,19.45423
ageb,0900500010277,AGEB 0277 (Gustavo A. Madero),09005,-99.15859,19.52685,-99.15229,19.53047
ageb,0900500010421,AGEB 0421 (Gustavo A. Madero),09005,-99.17088,19.51997,-99.1648,19.52593
ageb,090050001085A,AGEB 085A (Gustavo A. Madero),09005,-99.08015,19.49806,-99.07321,19.5042
ageb,0900500011716,AGEB 1716 (Gustavo A. Madero),09005,-99.06876,19.47498,-99.06248,19.48055
ageb,0900500010493,AGEB 0493 (Gustavo A. Madero),09005,-99.15835,19.50285,-99.15481,19.5069
ageb,090050001174A,AGEB 174A (Gustavo A. Madero),09005,-99.14164,19.46464,-99.13247,19.46919
ageb,0900500012288,AGEB 2288 (Gustavo A. Madero),09005,-99.1087,19.45037,-99.10093,19.45626
ageb,0900500012466,AGEB 2466 (Gustavo A. Madero),09005,-99.05717,19.45131,-99.05183,19.45591
ageb,0900500011542,AGEB 1542 (Gustavo A. Madero),09005,-99.06948,19.47997,-99.06327,19.48701
ageb,0900500011773,AGEB 1773 (Gustavo A. Madero),09005,-99.12962,19.45978,-99.12134,19.46914
ageb,0900500010173,AGEB 0173 (Gustavo A. Madero),09005,-99.15395,19.53866,-99.14716,19.54484
ageb,0900500013159,AGEB 3159 (Gustavo A. Madero),09005,-99.06908,19.49222,-99.06385,19.49958
ageb,0900500010489,AGEB 0489 (Gustavo A. Madero),09005,-99.16106,19.50591,-99.15217,19.51523
ageb,0900500010154,AGEB 0154 (Gustavo A. Madero),09005,-99.15291,19.5425,-99.14338,19.55135
ageb,0900500012593,AGEB 2593 (Gustavo A. Madero),09005,-99.14589,19.56671,-99.13163,19.57475
ageb,0900500013318,AGEB 3318 (Gustavo A. Madero),09005,-99.13913,19.57325,-99.13006,19.58489
ageb,0900500012184,AGEB 2184 (Gustavo A. Madero),09005,-99.12223,19.45815,-99.11655,19.46267
ageb,0900500012964,AGEB 2964 (Gustavo A. Madero),09005,-99.1468,19.56332,-99.14018,19.56809
ageb,0900500012979,AGEB 2979 (Gustavo A. Madero),09005,-99.15089,19.55813,-99.14205,19.56463
ageb,0900500012894,AGEB 2894 (Gustavo A. Madero),09005,-99.10403,19.5072,-99.10028,19.5115
ageb,0900500010385,AGEB 0385 (Gustavo A. Madero),09005,-99.16378,19.52021,-99.1564,19.52759
ageb,090050001039A,AGEB 039A (Gustavo A. Madero),09005,-99.15882,19.51862,-99.14235,19.52826
ageb,0900500010417,AGEB 0417 (Gustavo A. Madero),09005,-99.14304,19.51764,-99.12436,19.52222
ageb,0900500011222,AGEB 1222 (Gustavo A. Madero),09005,-99.07242,19.48854,-99.06669,19.4939
ageb,0900500011557,AGEB 1557 (Gustavo A. Madero),09005,-99.14758,19.4739,-99.13877,19.47774
ageb,0900500011720,AGEB 1720 (Gustavo A. Madero),09005,-99.14645,19.47091,-99.13748,19.47518
ageb,0900500011735,AGEB 1735 (Gustavo A. Madero),09005,-99.14504,19.46506,-99.13715,19.47261
ageb,0900500011769,AGEB 1769 (Gustavo A. Madero),09005,-99.13325,19.46152,-99.12636,19.46739
ageb,0900500012273,AGEB 2273 (Gustavo A. Madero),09005,-99.11438,19.45273,-99.10753,19.45772
ageb,0900500012381,AGEB 2381 (Gustavo A. Madero),09005,-99.08087,19.4485,-99.07215,19.45365
ageb,0900500012485,AGEB 2485 (Gustavo A. Madero),09005,-99.05889,19.44671,-99.05086,19.45232
ageb,0900500013144,AGEB 3144 (Gustavo A. Madero),09005,-99.07282,19.49602,-99.06597,19.50219
ageb,0900500012714,AGEB 2714 (Gustavo A. Madero),09005,-99.0579,19.4549,-99.05338,19.45883
ageb,090050001231A,AGEB 231A (Gustavo A. Madero),09005,-99.09434,19.44998,-99.08908,19.45698
ageb,0900500012292,AGEB 2292 (Gustavo A. Madero),09005,-99.10113,19.45141,-99.09279,19.4575
ageb,0900500012428,AGEB 2428 (Gustavo A. Madero),09005,-99.07449,19.44642,-99.0663,19.45082
ageb,0900500012470,AGEB 2470 (Gustavo A. Madero),09005,-99.06738,19.44479,-99.05704,19.44974
ageb,0900500010883,AGEB 0883 (Gustavo A. Madero),09005,-99.15637,19.49124,-99.14863,19.50115
ageb,0900500011699,AGEB 1699 (Gustavo A. Madero),09005,-99.07334,19.47516,-99.06934,19.48045
ageb,0900500012396,AGEB 2396 (Gustavo A. Madero),09005,-99.07313,19.44972,-99.06724,19.45478
ageb,0900500013271,AGEB 3271 (Gustavo A. Madero),09005,-99.1526,19.55317,-99.14665,19.5596
ageb,0900500013290,AGEB 3290 (Gustavo A. Madero),09005,-99.15387,19.51687,-99.14835,19.52276
ageb,0900500013407,AGEB 3407 (Gustavo A. Madero),09005,-99.09781,19.47659,-99.09004,19.48384
ageb,0900500012771,AGEB 2771 (Gustavo A. Madero),09005,-99.13371,19.54308,-99.12674,19.54768
ageb,0900500012790,AGEB 2790 (Gustavo A. Madero),09005,-99.15011,19.52913,-99.14551,19.53459
ageb,0900500010258,AGEB 0258 (Gustavo A. Madero),09005,-99.14215,19.5305,-99.13442,19.53514
ageb,0900500010309,AGEB 0309 (Gustavo A. Madero),09005,-99.14876,19.52222,-99.14266,19.52705
ageb,0900500010845,AGEB 0845 (Gustavo A. Madero),09005,-99.08897,19.49665,-99.07948,19.50384
ageb,0900500010879,AGEB 0879 (Gustavo A. Madero),09005,-99.15694,19.49902,-99.15056,19.50271
ageb,0900500011025,AGEB 1025 (Gustavo A. Madero),09005,-99.09053,19.49362,-99.08282,19.4999
ageb,090050001103A,AGEB 103A (Gustavo A. Madero),09005,-99.08307,19.4936,-99.0757,19.50051
ageb,0900500011044,AGEB 1044 (Gustavo A. Madero),09005,-99.07889,19.49221,-99.07198,19.4985
ageb,0900500011059,AGEB 1059 (Gustavo A. Madero),09005,-99.07334,19.49166,-99.06775,19.49647
ageb,0900500011078,AGEB 1078 (Gustavo A. Madero),09005,-99.15301,19.48688,-99.14374,19.49203
ageb,0900500011097,AGEB 1097 (Gustavo A. Madero),09005,-99.14035,19.48772,-99.1335,19.49216
ageb,090050001110A,AGEB 110A (Gustavo A. Madero),09005,-99.14268,19.48527,-99.136,19.48964
ageb,0900500011133,AGEB 1133 (Gustavo A. Madero),09005,-99.11416,19.48725,-99.1082,19.49287
ageb,0900500011186,AGEB 1186 (Gustavo A. Madero),09005,-99.09214,19.48986,-99.08529,19.4954
ageb,0900500011190,AGEB 1190 (Gustavo A. Madero),09005,-99.08676,19.49018,-99.07889,19.49673
ageb,0900500011218,AGEB 1218 (Gustavo A. Madero),09005,-99.07691,19.48986,-99.07052,19.49422
ageb,0900500011241,AGEB 1241 (Gustavo A. Madero),09005,-99.14971,19.48091,-99.14219,19.48552
ageb,090050001128A,AGEB 128A (Gustavo A. Madero),09005,-99.11436,19.48142,-99.10671,19.4883
ageb,0900500011294,AGEB 1294 (Gustavo A. Madero),09005,-99.1082,19.48243,-99.1009,19.48993
ageb,0900500011311,AGEB 1311 (Gustavo A. Madero),09005,-99.09344,19.48712,-99.08696,19.4916
ageb,0900500011326,AGEB 1326 (Gustavo A. Madero),09005,-99.0873,19.48734,-99.08215,19.49037
ageb,0900500011345,AGEB 1345 (Gustavo A. Madero),09005,-99.0793,19.4834,-99.07376,19.49009
ageb,090050001135A,AGEB 135A (Gustavo A. Madero),09005,-99.07481,19.48499,-99.06873,19.48999
ageb,0900500011379,AGEB 1379 (Gustavo A. Madero),09005,-99.14884,19.47872,-99.14071,19.48296
ageb,0900500011398,AGEB 1398 (Gustavo A. Madero),09005,-99.13978,19.47069,-99.13546,19.48102
ageb,090050001142A,AGEB 142A (Gustavo A. Madero),09005,-99.12709,19.47973,-99.11994,19.48324
ageb,0900500011468,AGEB 1468 (Gustavo A. Madero),09005,-99.10621,19.48127,-99.10147,19.48741
ageb,0900500011472,AGEB 1472 (Gustavo A. Madero),09005,-99.10332,19.4819,-99.09865,19.48697
ageb,0900500011487,AGEB 1487 (Gustavo A. Madero),09005,-99.10052,19.48187,-99.0954,19.4859
ageb,0900500011523,AGEB 1523 (Gustavo A. Madero),09005,-99.08331,19.48159,-99.07611,19.48682
ageb,0900500011538,AGEB 1538 (Gustavo A. Madero),09005,-99.07638,19.48163,-99.07017,19.48648
ageb,0900500011561,AGEB 1561 (Gustavo A. Madero),09005,-99.1369,19.47,-99.12889,19.47988
ageb,0900500011576,AGEB 1576 (Gustavo A. Madero),09005,-99.132,19.46953,-99.12684,19.4796
ageb,0900500011580,AGEB 1580 (Gustavo A. Madero),09005,-99.13002,19.46914,-99.1249,19.47887
ageb,0900500011595,AGEB 1595 (Gustavo A. Madero),09005,-99.1284,19.4687,-99.12312,19.47819
ageb,0900500011608,AGEB 1608 (Gustavo A. Madero),09005,-99.12661,19.46832,-99.12174,19.47758
ageb,0900500011627,AGEB 1627 (Gustavo A. Madero),09005,-99.11362,19.47381,-99.10325,19.48101
ageb,0900500011631,AGEB 1631 (Gustavo A. Madero),09005,-99.10356,19.47898,-99.09659,19.48338
ageb,0900500011646,AGEB 1646 (Gustavo A. Madero),09005,-99.10812,19.47037,-99.09781,19.48121
ageb,0900500012339,AGEB 2339 (Gustavo A. Madero),09005,-99.08535,19.45202,-99.08175,19.45428
ageb,090050001167A,AGEB 167A (Gustavo A. Madero),09005,-99.08395,19.47761,-99.07683,19.48263
ageb,0900500011684,AGEB 1684 (Gustavo A. Madero),09005,-99.07716,19.47786,-99.06969,19.48267
ageb,0900500011701,AGEB 1701 (Gustavo A. Madero),09005,-99.07091,19.47684,-99.06631,19.48126
ageb,0900500013214,AGEB 3214 (Gustavo A. Madero),09005,-99.12839,19.54657,-99.12447,19.55308
ageb,0900500011788,AGEB 1788 (Gustavo A. Madero),09005,-99.11863,19.47234,-99.11147,19.47661
ageb,0900500011792,AGEB 1792 (Gustavo A. Madero),09005,-99.12164,19.47085,-99.11371,19.4766
ageb,0900500010050,AGEB 0050 (Gustavo A. Madero),09005,-99.1408,19.55314,-99.12975,19.56159
ageb,0900500010898,AGEB 0898 (Gustavo A. Madero),09005,-99.15185,19.49444,-99.14912,19.4979
ageb,0900500010243,AGEB 0243 (Gustavo A. Madero),09005,-99.1422,19.5332,-99.13602,19.53882
ageb,0900500012076,AGEB 2076 (Gustavo A. Madero),09005,-99.10942,19.46033,-99.10434,19.46449
ageb,0900500012095,AGEB 2095 (Gustavo A. Madero),09005,-99.10482,19.46029,-99.09795,19.46471
ageb,0900500012108,AGEB 2108 (Gustavo A. Madero),09005,-99.10569,19.45793,-99.09883,19.4624
ageb,0900500012146,AGEB 2146 (Gustavo A. Madero),09005,-99.09543,19.45949,-99.09045,19.4666
ageb,0900500012150,AGEB 2150 (Gustavo A. Madero),09005,-99.09223,19.46066,-99.08671,19.46593
ageb,090050001217A,AGEB 217A (Gustavo A. Madero),09005,-99.12032,19.46107,-99.11276,19.46588
ageb,0900500012201,AGEB 2201 (Gustavo A. Madero),09005,-99.11397,19.45576,-99.1069,19.46252
ageb,0900500012220,AGEB 2220 (Gustavo A. Madero),09005,-99.10733,19.45478,-99.09974,19.46033
ageb,0900500012235,AGEB 2235 (Gustavo A. Madero),09005,-99.0972,19.4528,-99.09273,19.46296
ageb,0900500012377,AGEB 2377 (Gustavo A. Madero),09005,-99.06637,19.45546,-99.06131,19.46125
ageb,0900500012803,AGEB 2803 (Gustavo A. Madero),09005,-99.15123,19.52628,-99.14554,19.53115
ageb,0900500010510,AGEB 0510 (Gustavo A. Madero),09005,-99.15717,19.49925,-99.14861,19.5052
ageb,0900500011970,AGEB 1970 (Gustavo A. Madero),09005,-99.07964,19.46888,-99.07083,19.4732
ageb,0900500010991,AGEB 0991 (Gustavo A. Madero),09005,-99.10252,19.49594,-99.09748,19.50123
ageb,0900500010506,AGEB 0506 (Gustavo A. Madero),09005,-99.15561,19.50367,-99.15096,19.50827
ageb,0900500010953,AGEB 0953 (Gustavo A. Madero),09005,-99.13412,19.4873,-99.12707,19.49399
ageb,0900500010968,AGEB 0968 (Gustavo A. Madero),09005,-99.12854,19.48721,-99.121,19.49411
ageb,090050001092A,AGEB 092A (Gustavo A. Madero),09005,-99.14885,19.49263,-99.14233,19.49985
ageb,0900500010934,AGEB 0934 (Gustavo A. Madero),09005,-99.14425,19.49193,-99.13816,19.49731
ageb,0900500010949,AGEB 0949 (Gustavo A. Madero),09005,-99.13885,19.49071,-99.13282,19.49555
ageb,0900500011932,AGEB 1932 (Gustavo A. Madero),09005,-99.07076,19.47198,-99.06458,19.47751
ageb,0900500011951,AGEB 1951 (Gustavo A. Madero),09005,-99.08878,19.46962,-99.08355,19.47502
ageb,0900500012216,AGEB 2216 (Gustavo A. Madero),09005,-99.11148,19.45734,-99.10569,19.46186
ageb,0900500010135,AGEB 0135 (Gustavo A. Madero),09005,-99.15682,19.54873,-99.14999,19.55388
ageb,0900500010169,AGEB 0169 (Gustavo A. Madero),09005,-99.13794,19.54073,-99.13007,19.54887
ageb,0900500010188,AGEB 0188 (Gustavo A. Madero),09005,-99.15026,19.53671,-99.14482,19.5425
ageb,0900500010192,AGEB 0192 (Gustavo A. Madero),09005,-99.14716,19.53704,-99.13948,19.5439
ageb,0900500012786,AGEB 2786 (Gustavo A. Madero),09005,-99.15851,19.52959,-99.14863,19.5403
ageb,0900500010205,AGEB 0205 (Gustavo A. Madero),09005,-99.14038,19.53799,-99.13372,19.54414
ageb,0900500010224,AGEB 0224 (Gustavo A. Madero),09005,-99.15249,19.53459,-99.14711,19.54007
ageb,0900500010525,AGEB 0525 (Gustavo A. Madero),09005,-99.15491,19.49902,-99.14145,19.51608
ageb,0900500010559,AGEB 0559 (Gustavo A. Madero),09005,-99.13669,19.51128,-99.132,19.51826
ageb,0900500010737,AGEB 0737 (Gustavo A. Madero),09005,-99.13153,19.49074,-99.12434,19.50028
ageb,0900500010582,AGEB 0582 (Gustavo A. Madero),09005,-99.12957,19.50453,-99.12195,19.5116
ageb,0900500010597,AGEB 0597 (Gustavo A. Madero),09005,-99.12346,19.50335,-99.11921,19.5108
ageb,090050001060A,AGEB 060A (Gustavo A. Madero),09005,-99.12978,19.50291,-99.1237,19.50747
ageb,0900500010614,AGEB 0614 (Gustavo A. Madero),09005,-99.13125,19.50264,-99.12939,19.50568
ageb,0900500010629,AGEB 0629 (Gustavo A. Madero),09005,-99.13002,19.50205,-99.12701,19.50582
ageb,0900500010633,AGEB 0633 (Gustavo A. Madero),09005,-99.12836,19.49879,-99.1213,19.50499
ageb,0900500011082,AGEB 1082 (Gustavo A. Madero),09005,-99.14631,19.48642,-99.13987,19.49342
ageb,0900500010667,AGEB 0667 (Gustavo A. Madero),09005,-99.10881,19.50423,-99.10093,19.50792
ageb,0900500010671,AGEB 0671 (Gustavo A. Madero),09005,-99.10219,19.50093,-99.09442,19.5072
ageb,0900500010718,AGEB 0718 (Gustavo A. Madero),09005,-99.14887,19.49428,-99.13125,19.51053
ageb,0900500010722,AGEB 0722 (Gustavo A. Madero),09005,-99.1333,19.49178,-99.12599,19.50288
ageb,0900500010741,AGEB 0741 (Gustavo A. Madero),09005,-99.12751,19.49073,-99.12036,19.50068
ageb,0900500010760,AGEB 0760 (Gustavo A. Madero),09005,-99.12036,19.48792,-99.11273,19.49484
ageb,0900500010794,AGEB 0794 (Gustavo A. Madero),09005,-99.11211,19.49772,-99.10848,19.50351
ageb,0900500010811,AGEB 0811 (Gustavo A. Madero),09005,-99.10171,19.49853,-99.09597,19.50344
ageb,0900500010826,AGEB 0826 (Gustavo A. Madero),09005,-99.09452,19.50193,-99.0878,19.50606
ageb,0900500010830,AGEB 0830 (Gustavo A. Madero),09005,-99.0957,19.49837,-99.08815,19.50317
ageb,0900500011805,AGEB 1805 (Gustavo A. Madero),09005,-99.12529,19.46113,-99.10676,19.4733
ageb,090050001181A,AGEB 181A (Gustavo A. Madero),09005,-99.12375,19.4662,-99.11681,19.47143
ageb,0900500011824,AGEB 1824 (Gustavo A. Madero),09005,-99.12506,19.46307,-99.11902,19.46787
ageb,0900500011839,AGEB 1839 (Gustavo A. Madero),09005,-99.11472,19.4692,-99.10873,19.47535
ageb,0900500011843,AGEB 1843 (Gustavo A. Madero),09005,-99.10995,19.4679,-99.10426,19.47413
ageb,0900500011858,AGEB 1858 (Gustavo A. Madero),09005,-99.10588,19.46789,-99.10145,19.47192
ageb,0900500011862,AGEB 1862 (Gustavo A. Madero),09005,-99.10823,19.46353,-99.1025,19.46911
ageb,0900500011881,AGEB 1881 (Gustavo A. Madero),09005,-99.09999,19.46467,-99.09607,19.469
ageb,0900500011909,AGEB 1909 (Gustavo A. Madero),09005,-99.09189,19.47429,-99.08395,19.48155
ageb,0900500011913,AGEB 1913 (Gustavo A. Madero),09005,-99.08473,19.47318,-99.0782,19.47858
ageb,0900500011928,AGEB 1928 (Gustavo A. Madero),09005,-99.07914,19.4718,-99.06992,19.48095
ageb,090050001199A,AGEB 199A (Gustavo A. Madero),09005,-99.07155,19.46756,-99.06535,19.47441
ageb,0900500013093,AGEB 3093 (Gustavo A. Madero),09005,-99.14628,19.5411,-99.13648,19.54955
ageb,090050001313A,AGEB 313A (Gustavo A. Madero),09005,-99.13431,19.50288,-99.12978,19.50667
ageb,0900500013163,AGEB 3163 (Gustavo A. Madero),09005,-99.09686,19.49696,-99.09261,19.5021
ageb,0900500013178,AGEB 3178 (Gustavo A. Madero),09005,-99.09362,19.49603,-99.08961,19.49935
ageb,0900500013182,AGEB 3182 (Gustavo A. Madero),09005,-99.14752,19.53434,-99.14134,19.53905
ageb,0900500013197,AGEB 3197 (Gustavo A. Madero),09005,-99.14842,19.52964,-99.1421,19.53611
ageb,090050001320A,AGEB 320A (Gustavo A. Madero),09005,-99.14863,19.53147,-99.14475,19.53484
ageb,0900500011985,AGEB 1985 (Gustavo A. Madero),09005,-99.08029,19.46617,-99.07155,19.47055
ageb,0900500012269,AGEB 2269 (Gustavo A. Madero),09005,-99.0854,19.45321,-99.08041,19.45906
ageb,0900500012362,AGEB 2362 (Gustavo A. Madero),09005,-99.06883,19.45356,-99.06494,19.46009
ageb,090050001295A,AGEB 295A (Gustavo A. Madero),09005,-99.08303,19.46715,-99.07914,19.47373
ageb,0900500012112,AGEB 2112 (Gustavo A. Madero),09005,-99.0999,19.45448,-99.09324,19.46764
ageb,0900500012358,AGEB 2358 (Gustavo A. Madero),09005,-99.07632,19.45293,-99.06821,19.45839
ageb,0900500012447,AGEB 2447 (Gustavo A. Madero),09005,-99.06325,19.44864,-99.05841,19.45335
ageb,0900500012409,AGEB 2409 (Gustavo A. Madero),09005,-99.06806,19.45082,-99.05989,19.45638
ageb,0900500012752,AGEB 2752 (Gustavo A. Madero),09005,-99.13461,19.54872,-99.12737,19.55243
ageb,0900500013248,AGEB 3248 (Gustavo A. Madero),09005,-99.12855,19.56419,-99.12204,19.57137
ageb,0900500013252,AGEB 3252 (Gustavo A. Madero),09005,-99.14273,19.55731,-99.13522,19.56515
ageb,0900500013303,AGEB 3303 (Gustavo A. Madero),09005,-99.14981,19.51739,-99.14287,19.52151
ageb,0900500013322,AGEB 3322 (Gustavo A. Madero),09005,-99.14038,19.57128,-99.13153,19.57846
ageb,0900500013341,AGEB 3341 (Gustavo A. Madero),09005,-99.08794,19.48228,-99.08447,19.48849
ageb,0900500013375,AGEB 3375 (Gustavo A. Madero),09005,-99.1524,19.50976,-99.14304,19.51858
ageb,090050001338A,AGEB 338A (Gustavo A. Madero),09005,-99.14519,19.50855,-99.14021,19.51604
ageb,0900500013394,AGEB 3394 (Gustavo A. Madero),09005,-99.09396,19.4814,-99.08895,19.48538
ageb,0900500012767,AGEB 2767 (Gustavo A. Madero),09005,-99.13511,19.54622,-99.12757,19.55016
ageb,0900500010440,AGEB 0440 (Gustavo A. Madero),09005,-99.16179,19.51471,-99.15491,19.52179
ageb,0900500010455,AGEB 0455 (Gustavo A. Madero),09005,-99.15758,19.51523,-99.15023,19.52191
ageb,0900500011148,AGEB 1148 (Gustavo A. Madero),09005,-99.11083,19.4883,-99.10438,19.49312
ageb,0900500012837,AGEB 2837 (Gustavo A. Madero),09005,-99.13895,19.52024,-99.13464,19.52476
ageb,0900500012841,AGEB 2841 (Gustavo A. Madero),09005,-99.13545,19.52028,-99.13245,19.52368
ageb,0900500012856,AGEB 2856 (Gustavo A. Madero),09005,-99.1435,19.51194,-99.13621,19.51782
ageb,0900500012860,AGEB 2860 (Gustavo A. Madero),09005,-99.14005,19.50896,-99.13346,19.51651
ageb,0900500012930,AGEB 2930 (Gustavo A. Madero),09005,-99.08614,19.48131,-99.08242,19.48781
ageb,090050001288A,AGEB 288A (Gustavo A. Madero),09005,-99.1097,19.50541,-99.10241,19.51148
ageb,0900500010313,AGEB 0313 (Gustavo A. Madero),09005,-99.14674,19.52187,-99.14206,19.52768
ageb,0900500010328,AGEB 0328 (Gustavo A. Madero),09005,-99.14214,19.52135,-99.14025,19.52895
ageb,0900500010332,AGEB 0332 (Gustavo A. Madero),09005,-99.14098,19.52031,-99.13525,19.52783
ageb,0900500010402,AGEB 0402 (Gustavo A. Madero),09005,-99.15802,19.51865,-99.15108,19.52578
ageb,0900500010370,AGEB 0370 (Gustavo A. Madero),09005,-99.17021,19.52265,-99.16165,19.53004
ageb,0900500010864,AGEB 0864 (Gustavo A. Madero),09005,-99.0757,19.49506,-99.06936,19.50235
ageb,0900500011237,AGEB 1237 (Gustavo A. Madero),09005,-99.15183,19.48324,-99.1432,19.48889
ageb,0900500011203,AGEB 1203 (Gustavo A. Madero),09005,-99.08156,19.49008,-99.07527,19.49405
ageb,0900500011364,AGEB 1364 (Gustavo A. Madero),09005,-99.07143,19.48122,-99.06703,19.48908
ageb,0900500011383,AGEB 1383 (Gustavo A. Madero),09005,-99.14865,19.47612,-99.14013,19.48045
ageb,0900500011415,AGEB 1415 (Gustavo A. Madero),09005,-99.12982,19.47708,-99.12074,19.48243
ageb,0900500011434,AGEB 1434 (Gustavo A. Madero),09005,-99.11934,19.47803,-99.11436,19.48367
ageb,0900500011449,AGEB 1449 (Gustavo A. Madero),09005,-99.11607,19.47606,-99.11139,19.4825
ageb,0900500011453,AGEB 1453 (Gustavo A. Madero),09005,-99.11226,19.4774,-99.10342,19.48363
ageb,0900500011612,AGEB 1612 (Gustavo A. Madero),09005,-99.12035,19.47531,-99.1144,19.4792
ageb,0900500013110,AGEB 3110 (Gustavo A. Madero),09005,-99.13346,19.50979,-99.13086,19.51356
ageb,0900500011754,AGEB 1754 (Gustavo A. Madero),09005,-99.1373,19.46636,-99.1284,19.47115
ageb,0900500012019,AGEB 2019 (Gustavo A. Madero),09005,-99.06756,19.46753,-99.06186,19.47463
ageb,0900500012199,AGEB 2199 (Gustavo A. Madero),09005,-99.11746,19.45585,-99.11316,19.46181
ageb,0900500012057,AGEB 2057 (Gustavo A. Madero),09005,-99.11811,19.46401,-99.11207,19.46756
ageb,0900500012324,AGEB 2324 (Gustavo A. Madero),09005,-99.09048,19.44949,-99.0822,19.45574
ageb,0900500012451,AGEB 2451 (Gustavo A. Madero),09005,-99.05989,19.44992,-99.0546,19.45437
ageb,0900500012682,AGEB 2682 (Gustavo A. Madero),09005,-99.09244,19.50172,-99.0854,19.50953
ageb,0900500012697,AGEB 2697 (Gustavo A. Madero),09005,-99.09879,19.50304,-99.09252,19.50744
ageb,090050001263A,AGEB 263A (Gustavo A. Madero),09005,-99.10232,19.50796,-99.09682,19.51219
ageb,0900500012644,AGEB 2644 (Gustavo A. Madero),09005,-99.09919,19.50896,-99.09501,19.51263
ageb,0900500012659,AGEB 2659 (Gustavo A. Madero),09005,-99.09738,19.50726,-99.09289,19.51156
ageb,0900500012663,AGEB 2663 (Gustavo A. Madero),09005,-99.09529,19.50592,-99.0905,19.5106
ageb,0900500012678,AGEB 2678 (Gustavo A. Madero),09005,-99.10093,19.50524,-99.09608,19.50891
ageb,090050001270A,AGEB 270A (Gustavo A. Madero),09005,-99.06131,19.45335,-99.05573,19.45763
ageb,0900500012733,AGEB 2733 (Gustavo A. Madero),09005,-99.13424,19.55843,-99.12734,19.56504
ageb,0900500012748,AGEB 2748 (Gustavo A. Madero),09005,-99.13309,19.54989,-99.12757,19.55488
ageb,0900500010351,AGEB 0351 (Gustavo A. Madero),09005,-99.13304,19.52056,-99.12589,19.52308
ageb,0900500010915,AGEB 0915 (Gustavo A. Madero),09005,-99.15094,19.49342,-99.14631,19.49637
ageb,0900500011400,AGEB 1400 (Gustavo A. Madero),09005,-99.1374,19.47134,-99.1303,19.48076
ageb,0900500013426,AGEB 3426 (Gustavo A. Madero),09005,-99.13761,19.534,-99.13162,19.53999
ageb,0900500011114,AGEB 1114 (Gustavo A. Madero),09005,-99.13227,19.48393,-99.12381,19.4896
ageb,0900500011256,AGEB 1256 (Gustavo A. Madero),09005,-99.14374,19.47666,-99.1265,19.48851
ageb,0900500011330,AGEB 1330 (Gustavo A. Madero),09005,-99.08318,19.48623,-99.07756,19.49019
ageb,0900500010281,AGEB 0281 (Gustavo A. Madero),09005,-99.15332,19.52595,-99.15,19.53004
ageb,0900500012822,AGEB 2822 (Gustavo A. Madero),09005,-99.14621,19.52666,-99.1421,19.53147
ageb,0900500012061,AGEB 2061 (Gustavo A. Madero),09005,-99.11328,19.46149,-99.10823,19.46586
ageb,0900500010296,AGEB 0296 (Gustavo A. Madero),09005,-99.15125,19.52488,-99.14769,19.52869
ageb,0900500011063,AGEB 1063 (Gustavo A. Madero),09005,-99.14917,19.49044,-99.14514,19.49394
ageb,0900500010900,AGEB 0900 (Gustavo A. Madero),09005,-99.15107,19.49596,-99.14732,19.50007
ageb,0900500010474,AGEB 0474 (Gustavo A. Madero),09005,-99.16288,19.51299,-99.15632,19.51898
ageb,0900500010084,AGEB 0084 (Gustavo A. Madero),09005,-99.14701,19.55233,-99.13743,19.56056
ageb,0900500010099,AGEB 0099 (Gustavo A. Madero),09005,-99.15421,19.55049,-99.14853,19.5565
ageb,0900500010101,AGEB 0101 (Gustavo A. Madero),09005,-99.14953,19.54764,-99.13932,19.55631
ageb,0900500012625,AGEB 2625 (Gustavo A. Madero),09005,-99.13173,19.55187,-99.12298,19.55797
ageb,0900500012606,AGEB 2606 (Gustavo A. Madero),09005,-99.12908,19.56015,-99.12201,19.56452
ageb,0900500013055,AGEB 3055 (Gustavo A. Madero),09005,-99.09336,19.47153,-99.08763,19.47659
ageb,090050001306A,AGEB 306A (Gustavo A. Madero),09005,-99.09118,19.47035,-99.08822,19.47331
ageb,0900500013089,AGEB 3089 (Gustavo A. Madero),09005,-99.14232,19.54642,-99.13267,19.55511
ageb,0900500012432,AGEB 2432 (Gustavo A. Madero),09005,-99.06724,19.447,-99.06185,19.4521
ageb,0900500012004,AGEB 2004 (Gustavo A. Madero),09005,-99.07224,19.46473,-99.06368,19.47012
ageb,090050001224A,AGEB 224A (Gustavo A. Madero),09005,-99.09369,19.45578,-99.0872,19.46206
ageb,0900500012080,AGEB 2080 (Gustavo A. Madero),09005,-99.10384,19.4626,-99.09717,19.46667
ageb,0900500011877,AGEB 1877 (Gustavo A. Madero),09005,-99.10301,19.46566,-99.09876,19.47037
ageb,0900500012945,AGEB 2945 (Gustavo A. Madero),09005,-99.08583,19.46784,-99.08174,19.47441
ageb,0900500012254,AGEB 2254 (Gustavo A. Madero),09005,-99.0892,19.45445,-99.08397,19.46066
ageb,0900500012038,AGEB 2038 (Gustavo A. Madero),09005,-99.06332,19.46401,-99.05773,19.47185
ageb,0900500012023,AGEB 2023 (Gustavo A. Madero),09005,-99.06488,19.46853,-99.05913,19.47663
ageb,0900500010756,AGEB 0756 (Gustavo A. Madero),09005,-99.12455,19.49224,-99.11729,19.50245
ageb,0900500010775,AGEB 0775 (Gustavo A. Madero),09005,-99.11973,19.49443,-99.11376,19.50152
ageb,090050001078A,AGEB 078A (Gustavo A. Madero),09005,-99.1177,19.49973,-99.10848,19.50588
ageb,0900500011260,AGEB 1260 (Gustavo A. Madero),09005,-99.12773,19.48188,-99.1184,19.48721
ageb,0900500011275,AGEB 1275 (Gustavo A. Madero),09005,-99.12507,19.46787,-99.11273,19.48881
ageb,0900500011129,AGEB 1129 (Gustavo A. Madero),09005,-99.12381,19.48579,-99.11684,19.49224
ageb,0900500011171,AGEB 1171 (Gustavo A. Madero),09005,-99.10057,19.48985,-99.09156,19.49629
ageb,0900500011006,AGEB 1006 (Gustavo A. Madero),09005,-99.09894,19.49356,-99.08962,19.49954
ageb,0900500011307,AGEB 1307 (Gustavo A. Madero),09005,-99.10249,19.4868,-99.0913,19.49379
ageb,0900500011504,AGEB 1504 (Gustavo A. Madero),09005,-99.09418,19.48462,-99.08792,19.48851
ageb,0900500012907,AGEB 2907 (Gustavo A. Madero),09005,-99.10104,19.48317,-99.09081,19.48911
ageb,0900500011665,AGEB 1665 (Gustavo A. Madero),09005,-99.0893,19.47858,-99.08348,19.48313
ageb,0900500013337,AGEB 3337 (Gustavo A. Madero),09005,-99.09011,19.4813,-99.08593,19.48896
ageb,0900500013445,AGEB 3445 (Gustavo A. Madero),09005,-99.13204,19.56946,-99.12181,19.57533
ageb,0900500013233,AGEB 3233 (Gustavo A. Madero),09005,-99.13226,19.56344,-99.128,19.57025
ageb,0900500012729,AGEB 2729 (Gustavo A. Madero),09005,-99.13592,19.55987,-99.13145,19.56866
ageb,0900500013430,AGEB 3430 (Gustavo A. Madero),09005,-99.13392,19.57123,-99.11238,19.59275
ageb,0900500013074,AGEB 3074 (Gustavo A. Madero),09005,-99.08868,19.4689,-99.085,19.47309
ageb,0900500012127,AGEB 2127 (Gustavo A. Madero),09005,-99.09548,19.46507,-99.08546,19.4725
ageb,0900500012131,AGEB 2131 (Gustavo A. Madero),09005,-99.08824,19.46381,-99.08029,19.46996
ageb,0900500013360,AGEB 3360 (Gustavo A. Madero),09005,-99.12441,19.50169,-99.10602,19.51626
ageb,0900500010012,AGEB 0012 (Gustavo A. Madero),09005,-99.13879,19.56634,-99.13136,19.57122
ageb,0900500010027,AGEB 0027 (Gustavo A. Madero),09005,-99.14079,19.56334,-99.13348,19.56859
ageb,0900500012343,AGEB 2343 (Gustavo A. Madero),09005,-99.09128,19.44576,-99.08308,19.45204
ageb,090050001014A,AGEB 014A (Gustavo A. Madero),09005,-99.15937,19.54571,-99.1511,19.55068
ageb,0900500012983,AGEB 2983 (Gustavo A. Madero),09005,-99.16089,19.5491,-99.14951,19.56196
ageb,0900500010972,AGEB 0972 (Gustavo A. Madero),09005,-99.11892,19.49249,-99.11171,19.49726
ageb,0900500010807,AGEB 0807 (Gustavo A. Madero),09005,-99.11626,19.48859,-99.09971,19.50574
ageb,0900500010262,AGEB 0262 (Gustavo A. Madero),09005,-99.14212,19.52709,-99.13623,19.53144
ageb,0900500012574,AGEB 2574 (Gustavo A. Madero),09005,-99.13717,19.52239,-99.12671,19.53703
ageb,0900500012875,AGEB 2875 (Gustavo A. Madero),09005,-99.14033,19.5057,-99.1334,19.51216
ageb,0900500013125,AGEB 3125 (Gustavo A. Madero),09005,-99.13577,19.50423,-99.13157,19.50775
ageb,0900500013356,AGEB 3356 (Gustavo A. Madero),09005,-99.13527,19.50582,-99.12097,19.5196
ageb,0900500012998,AGEB 2998 (Gustavo A. Madero),09005,-99.12856,19.54405,-99.12321,19.54916
ageb,0900500013229,AGEB 3229 (Gustavo A. Madero),09005,-99.12497,19.54483,-99.12043,19.55163
ageb,0900500013267,AGEB 3267 (Gustavo A. Madero),09005,-99.14512,19.55811,-99.14035,19.56293
ageb,0900500013286,AGEB 3286 (Gustavo A. Madero),09005,-99.14845,19.55579,-99.14378,19.5604
ageb,0900500012610,AGEB 2610 (Gustavo A. Madero),09005,-99.13007,19.5549,-99.12295,19.561
ageb,0900500013017,AGEB 3017 (Gustavo A. Madero),09005,-99.1256,19.54956,-99.11485,19.56074
ageb,0900500010563,AGEB 0563 (Gustavo A. Madero),09005,-99.13247,19.51279,-99.12519,19.51905
ageb,0900500011167,AGEB 1167 (Gustavo A. Madero),09005,-99.10304,19.4894,-99.09867,19.49916
ageb,0900500011152,AGEB 1152 (Gustavo A. Madero),09005,-99.10667,19.48924,-99.10184,19.4947
ageb,0900500011650,AGEB 1650 (Gustavo A. Madero),09005,-99.09951,19.4674,-99.0918,19.47898
ageb,0900500011896,AGEB 1896 (Gustavo A. Madero),09005,-99.10145,19.46764,-99.09428,19.47497
ageb,0900500012042,AGEB 2042 (Gustavo A. Madero),09005,-99.06591,19.4618,-99.05593,19.46868
ageb,0900500012165,AGEB 2165 (Gustavo A. Madero),09005,-99.08731,19.44806,-99.05466,19.46715
ageb,0900500010987,AGEB 0987 (Gustavo A. Madero),09005,-99.11593,19.4931,-99.10987,19.50116
ageb,0901600010020,AGEB 0020 (Miguel Hidalgo),09016,-99.21354,19.46109,-99.19033,19.47008
ageb,0901600010798,AGEB 0798 (Miguel Hidalgo),09016,-99.20316,19.41084,-99.17505,19.42965
ageb,0901600010891,AGEB 0891 (Miguel Hidalgo),09016,-99.18715,19.41236,-99.17832,19.41968
ageb,090160001068A,AGEB 068A (Miguel Hidalgo),09016,-99.18483,19.42359,-99.17665,19.43759
ageb,0901600010302,AGEB 0302 (Miguel Hidalgo),09016,-99.22011,19.44855,-99.21679,19.45305
ageb,0901600010694,AGEB 0694 (Miguel Hidalgo),09016,-99.18223,19.42917,-99.17727,19.43631
ageb,0901600010016,AGEB 0016 (Miguel Hidalgo),09016,-99.20717,19.46303,-99.19044,19.47336
ageb,0901600010800,AGEB 0800 (Miguel Hidalgo),09016,-99.2265,19.42962,-99.21935,19.43476
ageb,0901600010073,AGEB 0073 (Miguel Hidalgo),09016,-99.17148,19.45232,-99.16371,19.45763
ageb,0901600010213,AGEB 0213 (Miguel Hidalgo),09016,-99.17042,19.44036,-99.16426,19.45214
ageb,0901600010228,AGEB 0228 (Miguel Hidalgo),09016,-99.21857,19.44983,-99.21231,19.45406
ageb,0901600010054,AGEB 0054 (Miguel Hidalgo),09016,-99.19183,19.45579,-99.17773,19.46467
ageb,0901600010069,AGEB 0069 (Miguel Hidalgo),09016,-99.17928,19.45236,-99.17111,19.45871
ageb,0901600010092,AGEB 0092 (Miguel Hidalgo),09016,-99.21516,19.45539,-99.20992,19.46245
ageb,0901600010232,AGEB 0232 (Miguel Hidalgo),09016,-99.21697,19.4479,-99.20438,19.45654
ageb,0901600010711,AGEB 0711 (Miguel Hidalgo),09016,-99.17853,19.42518,-99.1722,19.43313
ageb,0901600010853,AGEB 0853 (Miguel Hidalgo),09016,-99.23009,19.42106,-99.22324,19.42708
ageb,0901600011029,AGEB 1029 (Miguel Hidalgo),09016,-99.18982,19.4093,-99.18162,19.41423
ageb,090160001118A,AGEB 118A (Miguel Hidalgo),09016,-99.18441,19.40115,-99.17346,19.40782
ageb,0901600011211,AGEB 1211 (Miguel Hidalgo),09016,-99.1853,19.39593,-99.17552,19.39983
ageb,0901600011226,AGEB 1226 (Miguel Hidalgo),09016,-99.1756,19.39809,-99.17035,19.40421
ageb,0901600011071,AGEB 1071 (Miguel Hidalgo),09016,-99.22498,19.39563,-99.20479,19.41938
ageb,0901600011090,AGEB 1090 (Miguel Hidalgo),09016,-99.21267,19.39976,-99.20233,19.4059
ageb,0901600011103,AGEB 1103 (Miguel Hidalgo),09016,-99.20333,19.40143,-99.20064,19.40705
ageb,0901600011118,AGEB 1118 (Miguel Hidalgo),09016,-99.20156,19.40164,-99.1967,19.40902
ageb,0901600011137,AGEB 1137 (Miguel Hidalgo),09016,-99.19716,19.40319,-99.19206,19.40735
ageb,0901600011156,AGEB 1156 (Miguel Hidalgo),09016,-99.19234,19.39559,-99.18505,19.40848
ageb,0901600011230,AGEB 1230 (Miguel Hidalgo),09016,-99.24783,19.4059,-99.23879,19.41219
ageb,090160001125A,AGEB 125A (Miguel Hidalgo),09016,-99.25504,19.40144,-99.2422,19.40881
ageb,0901600011283,AGEB 1283 (Miguel Hidalgo),09016,-99.23968,19.39106,-99.21712,19.40653
ageb,0901600011298,AGEB 1298 (Miguel Hidalgo),09016,-99.25965,19.3926,-99.24638,19.40578
ageb,0901600010088,AGEB 0088 (Miguel Hidalgo),09016,-99.17539,19.44442,-99.16382,19.45716
ageb,0901600010815,AGEB 0815 (Miguel Hidalgo),09016,-99.22355,19.42702,-99.21532,19.43144
ageb,0901600010868,AGEB 0868 (Miguel Hidalgo),09016,-99.22515,19.42264,-99.2163,19.42858
ageb,0901600010529,AGEB 0529 (Miguel Hidalgo),09016,-99.21822,19.43889,-99.21415,19.44208
ageb,090160001100A,AGEB 100A (Miguel Hidalgo),09016,-99.2073,19.42183,-99.20439,19.42346
ageb,0901600010143,AGEB 0143 (Miguel Hidalgo),09016,-99.19691,19.45294,-99.18969,19.45752
ageb,0901600010887,AGEB 0887 (Miguel Hidalgo),09016,-99.2147,19.42578,-99.20769,19.42818
ageb,0901600010425,AGEB 0425 (Miguel Hidalgo),09016,-99.2175,19.44449,-99.21257,19.44767
ageb,0901600010764,AGEB 0764 (Miguel Hidalgo),09016,-99.19791,19.42974,-99.19579,19.43174
ageb,0901600010139,AGEB 0139 (Miguel Hidalgo),09016,-99.1975,19.45446,-99.19005,19.45967
ageb,0901600010158,AGEB 0158 (Miguel Hidalgo),09016,-99.19252,19.45341,-99.18562,19.45956
ageb,0901600010196,AGEB 0196 (Miguel Hidalgo),09016,-99.17747,19.44875,-99.17143,19.45236
ageb,0901600010478,AGEB 0478 (Miguel Hidalgo),09016,-99.19202,19.43899,-99.18265,19.44597
ageb,0901600010548,AGEB 0548 (Miguel Hidalgo),09016,-99.21162,19.43863,-99.20756,19.4451
ageb,0901600010482,AGEB 0482 (Miguel Hidalgo),09016,-99.18355,19.43606,-99.17603,19.44702
ageb,0901600010533,AGEB 0533 (Miguel Hidalgo),09016,-99.21589,19.4387,-99.20982,19.44208
ageb,0901600010035,AGEB 0035 (Miguel Hidalgo),09016,-99.21262,19.45815,-99.19834,19.46528
ageb,0901600010270,AGEB 0270 (Miguel Hidalgo),09016,-99.19118,19.44781,-99.18519,19.45408
ageb,0901600010336,AGEB 0336 (Miguel Hidalgo),09016,-99.21468,19.44756,-99.2112,19.45094
ageb,0901600010340,AGEB 0340 (Miguel Hidalgo),09016,-99.21526,19.44428,-99.20589,19.44997
ageb,090160001036A,AGEB 036A (Miguel Hidalgo),09016,-99.20589,19.44544,-99.19748,19.44896
ageb,0901600010374,AGEB 0374 (Miguel Hidalgo),09016,-99.20039,19.44744,-99.19472,19.45079
ageb,0901600010389,AGEB 0389 (Miguel Hidalgo),09016,-99.20049,19.44533,-99.19526,19.44823
ageb,090160001043A,AGEB 043A (Miguel Hidalgo),09016,-99.213,19.44446,-99.21055,19.44767
ageb,0901600010444,AGEB 0444 (Miguel Hidalgo),09016,-99.2078,19.43601,-99.19918,19.4479
ageb,0901600010603,AGEB 0603 (Miguel Hidalgo),09016,-99.17937,19.43238,-99.16967,19.43861
ageb,0901600010641,AGEB 0641 (Miguel Hidalgo),09016,-99.20191,19.43166,-99.19554,19.4383
ageb,0901600010707,AGEB 0707 (Miguel Hidalgo),09016,-99.18303,19.43222,-99.1738,19.43722
ageb,0901600010745,AGEB 0745 (Miguel Hidalgo),09016,-99.20493,19.42839,-99.20007,19.43231
ageb,090160001075A,AGEB 075A (Miguel Hidalgo),09016,-99.20191,19.42683,-99.19386,19.43209
ageb,0901600010961,AGEB 0961 (Miguel Hidalgo),09016,-99.2165,19.41531,-99.20863,19.4248
ageb,0901600010976,AGEB 0976 (Miguel Hidalgo),09016,-99.21154,19.4201,-99.20703,19.42308
ageb,0901600010980,AGEB 0980 (Miguel Hidalgo),09016,-99.2136,19.41513,-99.20776,19.42151
ageb,0901600010995,AGEB 0995 (Miguel Hidalgo),09016,-99.20894,19.41801,-99.20248,19.42747
ageb,0901600011207,AGEB 1207 (Miguel Hidalgo),09016,-99.18495,19.39833,-99.1746,19.40335
ageb,0901600010783,AGEB 0783 (Miguel Hidalgo),09016,-99.19202,19.4257,-99.18239,19.4315
ageb,0901600011122,AGEB 1122 (Miguel Hidalgo),09016,-99.19721,19.40659,-99.19332,19.41084
ageb,0901600010675,AGEB 0675 (Miguel Hidalgo),09016,-99.19115,19.43137,-99.18375,19.43722
ageb,0901600010779,AGEB 0779 (Miguel Hidalgo),09016,-99.1974,19.42573,-99.19115,19.43159
ageb,0901600010834,AGEB 0834 (Miguel Hidalgo),09016,-99.21708,19.42854,-99.21105,19.43104
ageb,0901600011349,AGEB 1349 (Miguel Hidalgo),09016,-99.19599,19.44477,-99.19056,19.45191
ageb,0901600010872,AGEB 0872 (Miguel Hidalgo),09016,-99.2192,19.42147,-99.20894,19.42984
ageb,0901600010919,AGEB 0919 (Miguel Hidalgo),09016,-99.2263,19.41715,-99.21733,19.42565
ageb,0901600010251,AGEB 0251 (Miguel Hidalgo),09016,-99.20092,19.44942,-99.19341,19.45446
ageb,090160001132A,AGEB 132A (Miguel Hidalgo),09016,-99.202,19.44729,-99.19948,19.4518
ageb,090160001004A,AGEB 004A (Miguel Hidalgo),09016,-99.19877,19.45856,-99.19076,19.46483
ageb,0901600010957,AGEB 0957 (Miguel Hidalgo),09016,-99.21569,19.41798,-99.2131,19.42047
ageb,0901600010410,AGEB 0410 (Miguel Hidalgo),09016,-99.22014,19.44182,-99.2113,19.449
ageb,0901600010162,AGEB 0162 (Miguel Hidalgo),09016,-99.18734,19.45163,-99.18295,19.4587
ageb,0901600010459,AGEB 0459 (Miguel Hidalgo),09016,-99.20217,19.44052,-99.19351,19.44569
ageb,090160001050A,AGEB 050A (Miguel Hidalgo),09016,-99.17275,19.43632,-99.16741,19.44202
ageb,0901600010552,AGEB 0552 (Miguel Hidalgo),09016,-99.20088,19.43799,-99.19358,19.44096
ageb,0901600010393,AGEB 0393 (Miguel Hidalgo),09016,-99.19179,19.44388,-99.18141,19.44977
ageb,090160001082A,AGEB 082A (Miguel Hidalgo),09016,-99.21971,19.42935,-99.21561,19.43283
ageb,0901600010317,AGEB 0317 (Miguel Hidalgo),09016,-99.21637,19.44913,-99.21293,19.45306
ageb,0901600010105,AGEB 0105 (Miguel Hidalgo),09016,-99.21146,19.45561,-99.20391,19.46125
ageb,090160001011A,AGEB 011A (Miguel Hidalgo),09016,-99.20539,19.45317,-99.20082,19.45891
ageb,0901600010247,AGEB 0247 (Miguel Hidalgo),09016,-99.21035,19.44886,-99.19996,19.45699
ageb,0901600010321,AGEB 0321 (Miguel Hidalgo),09016,-99.21738,19.44572,-99.21381,19.4506
ageb,0901600010586,AGEB 0586 (Miguel Hidalgo),09016,-99.1836,19.43624,-99.17937,19.43968
ageb,0901600010590,AGEB 0590 (Miguel Hidalgo),09016,-99.17803,19.43555,-99.17238,19.44057
ageb,0901600011052,AGEB 1052 (Miguel Hidalgo),09016,-99.22979,19.40497,-99.21645,19.41456
ageb,0901600010923,AGEB 0923 (Miguel Hidalgo),09016,-99.2305,19.4133,-99.2182,19.42131
ageb,0901600011048,AGEB 1048 (Miguel Hidalgo),09016,-99.23226,19.40676,-99.22228,19.41477
ageb,0901600011067,AGEB 1067 (Miguel Hidalgo),09016,-99.22236,19.40582,-99.21046,19.41626
ageb,0901600011014,AGEB 1014 (Miguel Hidalgo),09016,-99.20512,19.4059,-99.19334,19.42788
ageb,0901600011194,AGEB 1194 (Miguel Hidalgo),09016,-99.18879,19.39836,-99.18332,19.40325
ageb,0901600011086,AGEB 1086 (Miguel Hidalgo),09016,-99.21371,19.39976,-99.20288,19.41693
ageb,0901600011141,AGEB 1141 (Miguel Hidalgo),09016,-99.19411,19.40619,-99.19001,19.41206
ageb,0901600011160,AGEB 1160 (Miguel Hidalgo),09016,-99.19153,19.40386,-99.18354,19.41285
ageb,0901600011175,AGEB 1175 (Miguel Hidalgo),09016,-99.18942,19.40218,-99.18298,19.40782
ageb,0901600011245,AGEB 1245 (Miguel Hidalgo),09016,-99.24317,19.40222,-99.2379,19.40937
ageb,0901600011353,AGEB 1353 (Miguel Hidalgo),09016,-99.22202,19.43181,-99.21821,19.43581
ageb,0901600011368,AGEB 1368 (Miguel Hidalgo),09016,-99.22115,19.43226,-99.21553,19.43771
ageb,0901600010181,AGEB 0181 (Miguel Hidalgo),09016,-99.1814,19.44428,-99.17475,19.45587
ageb,0901600011315,AGEB 1315 (Miguel Hidalgo),09016,-99.20407,19.44785,-99.20119,19.45162
ageb,0901600011334,AGEB 1334 (Miguel Hidalgo),09016,-99.19396,19.45105,-99.19008,19.45369
ageb,0901600010177,AGEB 0177 (Miguel Hidalgo),09016,-99.18545,19.44696,-99.17943,19.4581
ageb,0901600010209,AGEB 0209 (Miguel Hidalgo),09016,-99.17475,19.4484,-99.1672,19.45316
ageb,0901600010285,AGEB 0285 (Miguel Hidalgo),09016,-99.17905,19.44057,-99.17351,19.44874
ageb,0901600010637,AGEB 0637 (Miguel Hidalgo),09016,-99.21183,19.43054,-99.20128,19.43853
ageb,0901600010656,AGEB 0656 (Miguel Hidalgo),09016,-99.19665,19.43147,-99.19043,19.4381
ageb,0901600010660,AGEB 0660 (Miguel Hidalgo),09016,-99.19115,19.4315,-99.18403,19.43784
ageb,0901600010942,AGEB 0942 (Miguel Hidalgo),09016,-99.21991,19.41253,-99.21424,19.42339
ageb,0901600010124,AGEB 0124 (Miguel Hidalgo),09016,-99.20188,19.45259,-99.19613,19.45907
ageb,0901600011033,AGEB 1033 (Miguel Hidalgo),09016,-99.2399,19.4049,-99.22869,19.41557
ageb,0901600010904,AGEB 0904 (Miguel Hidalgo),09016,-99.23593,19.4127,-99.22532,19.42256
ageb,0901600010463,AGEB 0463 (Miguel Hidalgo),09016,-99.19841,19.44226,-99.18628,19.44548
ageb,0901600010571,AGEB 0571 (Miguel Hidalgo),09016,-99.19416,19.43741,-99.18345,19.44297
ageb,0901600010622,AGEB 0622 (Miguel Hidalgo),09016,-99.21415,19.43371,-99.20597,19.43889
ageb,0901600010849,AGEB 0849 (Miguel Hidalgo),09016,-99.21138,19.4248,-99.20264,19.43255
ageb,0901600010730,AGEB 0730 (Miguel Hidalgo),09016,-99.21692,19.4298,-99.20835,19.43529
ageb,0901600010618,AGEB 0618 (Miguel Hidalgo),09016,-99.21959,19.43358,-99.21212,19.43932
ageb,0901600010514,AGEB 0514 (Miguel Hidalgo),09016,-99.22962,19.43107,-99.21589,19.44411
ageb,0901600010497,AGEB 0497 (Miguel Hidalgo),09016,-99.17603,19.4382,-99.16907,19.44445
ageb,090160001029A,AGEB 029A (Miguel Hidalgo),09016,-99.17785,19.44369,-99.1685,19.45017
ageb,0901600011279,AGEB 1279 (Miguel Hidalgo),09016,-99.2391,19.3968,-99.22936,19.40686
ageb,0901600011264,AGEB 1264 (Miguel Hidalgo),09016,-99.24713,19.39958,-99.23308,19.41079
ageb,0901600011300,AGEB 1300 (Miguel Hidalgo),09016,-99.25924,19.38595,-99.23719,19.40327
ageb,0901300010885,AGEB 0885 (Xochimilco),09013,-99.12149,19.18871,-99.11369,19.20405
ageb,090130001057A,AGEB 057A (Xochimilco),09013,-99.01,19.25029,-99.00704,19.25453
ageb,0901300010565,AGEB 0565 (Xochimilco),09013,-99.0132,19.24732,-99.00866,19.25696
ageb,0901300010029,AGEB 0029 (Xochimilco),09013,-99.1389,19.27961,-99.1248,19.28522
ageb,0901300011243,AGEB 1243 (Xochimilco),09013,-99.11688,19.2807,-99.10586,19.2931
ageb,0901300011224,AGEB 1224 (Xochimilco),09013,-99.12518,19.27922,-99.11424,19.28956
ageb,0901300011205,AGEB 1205 (Xochimilco),09013,-99.01391,19.24473,-99.01013,19.24853
ageb,0901300011455,AGEB 1455 (Xochimilco),09013,-99.1361,19.23191,-99.12955,19.24441
ageb,090130001018A,AGEB 018A (Xochimilco),09013,-99.12102,19.25926,-99.11817,19.26298
ageb,0901300010086,AGEB 0086 (Xochimilco),09013,-99.12315,19.26606,-99.11536,19.27349
ageb,0901300010160,AGEB 0160 (Xochimilco),09013,-99.12741,19.25611,-99.11083,19.26885
ageb,0901300010495,AGEB 0495 (Xochimilco),09013,-99.11411,19.24069,-99.11085,19.24444
ageb,090130001139A,AGEB 139A (Xochimilco),09013,-99.11448,19.27813,-99.11107,19.28296
ageb,0901300010033,AGEB 0033 (Xochimilco),09013,-99.13318,19.27405,-99.12645,19.28068
ageb,0901300010315,AGEB 0315 (Xochimilco),09013,-99.12066,19.25329,-99.1124,19.25927
ageb,090130001032A,AGEB 032A (Xochimilco),09013,-99.1135,19.252,-99.10515,19.25919
ageb,0901300011385,AGEB 1385 (Xochimilco),09013,-99.1194,19.27471,-99.11386,19.28177
ageb,0901300010688,AGEB 0688 (Xochimilco),09013,-99.11235,19.26447,-99.10533,19.27322
ageb,090130001107A,AGEB 107A (Xochimilco),09013,-99.13051,19.26768,-99.12013,19.27628
ageb,0901300011050,AGEB 1050 (Xochimilco),09013,-99.11558,19.26538,-99.11165,19.27328
ageb,0901300011065,AGEB 1065 (Xochimilco),09013,-99.12874,19.27236,-99.11978,19.28283
ageb,090130001121A,AGEB 121A (Xochimilco),09013,-99.12289,19.28254,-99.11424,19.28893
ageb,0901300011239,AGEB 1239 (Xochimilco),09013,-99.12449,19.27349,-99.11741,19.28195
ageb,0901300010194,AGEB 0194 (Xochimilco),09013,-99.12186,19.25687,-99.11942,19.25984
ageb,0901300010175,AGEB 0175 (Xochimilco),09013,-99.12649,19.25784,-99.11911,19.26631
ageb,0901300010211,AGEB 0211 (Xochimilco),09013,-99.11536,19.25673,-99.10784,19.26606
ageb,0901300010226,AGEB 0226 (Xochimilco),09013,-99.10817,19.25931,-99.10315,19.26693
ageb,0901300010230,AGEB 0230 (Xochimilco),09013,-99.10952,19.2554,-99.10421,19.26379
ageb,0901300011578,AGEB 1578 (Xochimilco),09013,-99.05577,19.23998,-99.05459,19.24158
ageb,0901300011262,AGEB 1262 (Xochimilco),09013,-99.11165,19.2797,-99.10502,19.28772
ageb,0901300010207,AGEB 0207 (Xochimilco),09013,-99.12003,19.25771,-99.11467,19.26456
ageb,0901300010705,AGEB 0705 (Xochimilco),09013,-99.09422,19.26112,-99.08099,19.26542
ageb,0901300011135,AGEB 1135 (Xochimilco),09013,-99.09625,19.25695,-99.07459,19.26281
ageb,0901300011046,AGEB 1046 (Xochimilco),09013,-99.11978,19.26646,-99.11437,19.27477
ageb,0901300011510,AGEB 1510 (Xochimilco),09013,-99.11675,19.21957,-99.11125,19.22493
ageb,0901300011474,AGEB 1474 (Xochimilco),09013,-99.1106,19.19784,-99.10224,19.20375
ageb,0901300011402,AGEB 1402 (Xochimilco),09013,-99.08442,19.2492,-99.07931,19.25832
ageb,0901300010461,AGEB 0461 (Xochimilco),09013,-99.08925,19.24033,-99.0757,19.25085
ageb,0901300011328,AGEB 1328 (Xochimilco),09013,-99.03098,19.24579,-99.01825,19.25331
ageb,0901300010870,AGEB 0870 (Xochimilco),09013,-99.02347,19.23915,-99.01713,19.24655
ageb,0901300010866,AGEB 0866 (Xochimilco),09013,-99.03861,19.24473,-99.02988,19.25114
ageb,0901300010813,AGEB 0813 (Xochimilco),09013,-99.14751,19.23409,-99.13718,19.24596
ageb,0901300010404,AGEB 0404 (Xochimilco),09013,-99.11616,19.24517,-99.10588,19.25525
ageb,0901300010283,AGEB 0283 (Xochimilco),09013,-99.13909,19.24991,-99.12884,19.26288
ageb,0901300011296,AGEB 1296 (Xochimilco),09013,-99.09711,19.2288,-99.08744,19.23528
ageb,090130001025A,AGEB 025A (Xochimilco),09013,-99.10502,19.25458,-99.09862,19.25931
ageb,0901300010442,AGEB 0442 (Xochimilco),09013,-99.10242,19.24205,-99.0935,19.2485
ageb,0901300010334,AGEB 0334 (Xochimilco),09013,-99.10611,19.24725,-99.09259,19.25636
ageb,0901300011309,AGEB 1309 (Xochimilco),09013,-99.11373,19.23381,-99.10957,19.23814
ageb,0901300010832,AGEB 0832 (Xochimilco),09013,-99.11895,19.22073,-99.11548,19.22931
ageb,0901300010724,AGEB 0724 (Xochimilco),09013,-99.06613,19.257,-99.06009,19.26447
ageb,0901300011489,AGEB 1489 (Xochimilco),09013,-99.06116,19.25766,-99.05842,19.26373
ageb,0901300010809,AGEB 0809 (Xochimilco),09013,-99.15186,19.22933,-99.14305,19.2362
ageb,0901300011440,AGEB 1440 (Xochimilco),09013,-99.09365,19.22165,-99.08182,19.22966
ageb,090130001064A,AGEB 064A (Xochimilco),09013,-99.10653,19.21073,-99.09642,19.22057
ageb,0901300011031,AGEB 1031 (Xochimilco),09013,-99.09409,19.23535,-99.08555,19.24742
ageb,090130001089A,AGEB 089A (Xochimilco),09013,-99.09844,19.21621,-99.09034,19.22521
ageb,0901300010654,AGEB 0654 (Xochimilco),09013,-99.10204,19.20814,-99.09087,19.22241
ageb,090130001146A,AGEB 146A (Xochimilco),09013,-99.13412,19.2091,-99.12224,19.22439
ageb,0901300011173,AGEB 1173 (Xochimilco),09013,-99.1294,19.2234,-99.11875,19.23619
ageb,0901300011525,AGEB 1525 (Xochimilco),09013,-99.11689,19.23,-99.1115,19.2344
ageb,0901300011417,AGEB 1417 (Xochimilco),09013,-99.08181,19.24793,-99.07717,19.25771
ageb,0901300010423,AGEB 0423 (Xochimilco),09013,-99.10376,19.24598,-99.09157,19.25315
ageb,0901300011027,AGEB 1027 (Xochimilco),09013,-99.09354,19.24453,-99.08499,19.25268
ageb,090130001114A,AGEB 114A (Xochimilco),09013,-99.09925,19.25061,-99.08223,19.26121
ageb,0901300011544,AGEB 1544 (Xochimilco),09013,-99.09643,19.22508,-99.09573,19.2273
ageb,0901300010090,AGEB 0090 (Xochimilco),09013,-99.11923,19.27127,-99.1052,19.28185
ageb,0901300010052,AGEB 0052 (Xochimilco),09013,-99.10812,19.27038,-99.10106,19.2952
ageb,0901300011366,AGEB 1366 (Xochimilco),09013,-99.07882,19.24974,-99.06587,19.25978
ageb,090130001071A,AGEB 071A (Xochimilco),09013,-99.07565,19.25573,-99.06879,19.2607
ageb,0901300010758,AGEB 0758 (Xochimilco),09013,-99.11255,19.22635,-99.09925,19.24124
ageb,0901300010508,AGEB 0508 (Xochimilco),09013,-99.11293,19.23298,-99.10194,19.2452
ageb,0901300011192,AGEB 1192 (Xochimilco),09013,-99.02585,19.2405,-99.01284,19.25385
ageb,0901300010550,AGEB 0550 (Xochimilco),09013,-99.02021,19.25008,-99.01198,19.25858
ageb,0901300011169,AGEB 1169 (Xochimilco),09013,-99.07546,19.23367,-99.05379,19.25509
ageb,0901300011154,AGEB 1154 (Xochimilco),09013,-99.08075,19.23341,-99.06673,19.25074
ageb,0901300011188,AGEB 1188 (Xochimilco),09013,-99.12409,19.21712,-99.11228,19.24015
ageb,0901300010847,AGEB 0847 (Xochimilco),09013,-99.12843,19.20442,-99.11336,19.22146
ageb,0901300010669,AGEB 0669 (Xochimilco),09013,-99.12718,19.18905,-99.11905,19.20554
ageb,0901300010851,AGEB 0851 (Xochimilco),09013,-99.13291,19.19476,-99.12369,19.21293
ageb,0901300011563,AGEB 1563 (Xochimilco),09013,-99.01944,19.23832,-99.01573,19.24095
ageb,0901300010777,AGEB 0777 (Xochimilco),09013,-99.10595,19.21958,-99.09742,19.22821
ageb,0901300010601,AGEB 0601 (Xochimilco),09013,-99.11357,19.21821,-99.10271,19.22943
ageb,0901300010762,AGEB 0762 (Xochimilco),09013,-99.10231,19.22233,-99.0972,19.23709
ageb,0901300010438,AGEB 0438 (Xochimilco),09013,-99.1029,19.23809,-99.09721,19.24611
ageb,0901300011436,AGEB 1436 (Xochimilco),09013,-99.09843,19.22501,-99.08985,19.23178
ageb,0901300010743,AGEB 0743 (Xochimilco),09013,-99.0994,19.23177,-99.09176,19.24232
ageb,0901300010014,AGEB 0014 (Xochimilco),09013,-99.14208,19.27312,-99.13051,19.28253
ageb,0901300010067,AGEB 0067 (Xochimilco),09013,-99.14491,19.26623,-99.12661,19.2756
ageb,0901300010122,AGEB 0122 (Xochimilco),09013,-99.10773,19.26414,-99.10218,19.26956
ageb,0901300010137,AGEB 0137 (Xochimilco),09013,-99.10357,19.2618,-99.09835,19.26854
ageb,0901300010245,AGEB 0245 (Xochimilco),09013,-99.10421,19.25806,-99.09897,19.26245
ageb,0901300010279,AGEB 0279 (Xochimilco),09013,-99.06728,19.25453,-99.04221,19.26107
ageb,0901300010298,AGEB 0298 (Xochimilco),09013,-99.13123,19.25079,-99.11999,19.26392
ageb,0901300010300,AGEB 0300 (Xochimilco),09013,-99.12387,19.2517,-99.11616,19.25944
ageb,0901300010353,AGEB 0353 (Xochimilco),09013,-99.06654,19.24901,-99.05593,19.25583
ageb,0901300010368,AGEB 0368 (Xochimilco),09013,-99.05691,19.23944,-99.04282,19.25617
ageb,0901300010372,AGEB 0372 (Xochimilco),09013,-99.13264,19.24306,-99.12288,19.25421
ageb,0901300010387,AGEB 0387 (Xochimilco),09013,-99.12302,19.23586,-99.11653,19.2517
ageb,0901300010391,AGEB 0391 (Xochimilco),09013,-99.11999,19.24389,-99.11384,19.25329
ageb,0901300010419,AGEB 0419 (Xochimilco),09013,-99.11435,19.24395,-99.10223,19.25038
ageb,0901300010480,AGEB 0480 (Xochimilco),09013,-99.12004,19.23481,-99.11246,19.24419
ageb,0901300010527,AGEB 0527 (Xochimilco),09013,-99.04288,19.25532,-99.0215,19.26669
ageb,0901300010599,AGEB 0599 (Xochimilco),09013,-99.13054,19.23138,-99.12027,19.23953
ageb,0901300010692,AGEB 0692 (Xochimilco),09013,-99.04386,19.24403,-99.02292,19.2598
ageb,0901300010739,AGEB 0739 (Xochimilco),09013,-99.09297,19.2317,-99.07958,19.24198
ageb,0901300010828,AGEB 0828 (Xochimilco),09013,-99.13049,19.23708,-99.12111,19.24627
ageb,0901300010917,AGEB 0917 (Xochimilco),09013,-99.14332,19.25389,-99.1329,19.26808
ageb,0901300011084,AGEB 1084 (Xochimilco),09013,-99.10579,19.26828,-99.10142,19.27465
ageb,0901300011099,AGEB 1099 (Xochimilco),09013,-99.1023,19.26563,-99.09686,19.27774
ageb,0901300011101,AGEB 1101 (Xochimilco),09013,-99.09968,19.26449,-99.09002,19.27718
ageb,0901300011116,AGEB 1116 (Xochimilco),09013,-99.09868,19.26199,-99.09179,19.26536
ageb,0901300011120,AGEB 1120 (Xochimilco),09013,-99.09981,19.2574,-99.0958,19.26324
ageb,0901300011277,AGEB 1277 (Xochimilco),09013,-99.10189,19.28578,-99.08316,19.32045
ageb,0901300011313,AGEB 1313 (Xochimilco),09013,-99.02796,19.25202,-99.01391,19.26115
ageb,0901300011332,AGEB 1332 (Xochimilco),09013,-99.13568,19.26149,-99.12746,19.26805
ageb,0901300011347,AGEB 1347 (Xochimilco),09013,-99.12805,19.25944,-99.12387,19.26677
ageb,0901300011370,AGEB 1370 (Xochimilco),09013,-99.07995,19.24646,-99.07122,19.25228
ageb,0901300011421,AGEB 1421 (Xochimilco),09013,-99.13742,19.24474,-99.12995,19.24997
ageb,0901300011493,AGEB 1493 (Xochimilco),09013,-99.03159,19.24284,-99.02613,19.24834
ageb,0901300011506,AGEB 1506 (Xochimilco),09013,-99.11744,19.22593,-99.10944,19.23146
ageb,0901300011559,AGEB 1559 (Xochimilco),09013,-99.03252,19.2387,-99.02084,19.24735
ageb,0900400010119,AGEB 0119 (Cuajimalpa de Morelos),09004,-99.31115,19.33822,-99.29476,19.35264
ageb,0900400200388,AGEB 0388 (Cuajimalpa de Morelos),09004,-99.32905,19.33308,-99.32187,19.34341
ageb,090040001002A,AGEB 002A (Cuajimalpa de Morelos),09004,-99.28871,19.37369,-99.28143,19.378
ageb,0900400010053,AGEB 0053 (Cuajimalpa de Morelos),09004,-99.29413,19.36946,-99.28357,19.37519
ageb,0900400010180,AGEB 0180 (Cuajimalpa de Morelos),09004,-99.26713,19.38002,-99.24958,19.39521
ageb,090040001034A,AGEB 034A (Cuajimalpa de Morelos),09004,-99.29072,19.36708,-99.28583,19.37017
ageb,090040001041A,AGEB 041A (Cuajimalpa de Morelos),09004,-99.28496,19.36751,-99.27714,19.37345
ageb,0900400010104,AGEB 0104 (Cuajimalpa de Morelos),09004,-99.29598,19.35372,-99.27885,19.3641
ageb,0900400010072,AGEB 0072 (Cuajimalpa de Morelos),09004,-99.29413,19.36485,-99.29022,19.37004
ageb,090040001027A,AGEB 027A (Cuajimalpa de Morelos),09004,-99.29058,19.36728,-99.28357,19.37369
ageb,0900400010354,AGEB 0354 (Cuajimalpa de Morelos),09004,-99.29378,19.35891,-99.27949,19.36922
ageb,0900400200246,AGEB 0246 (Cuajimalpa de Morelos),09004,-99.33362,19.32051,-99.31891,19.34112
ageb,0900400200316,AGEB 0316 (Cuajimalpa de Morelos),09004,-99.34305,19.30124,-99.31667,19.32925
ageb,0900400010301,AGEB 0301 (Cuajimalpa de Morelos),09004,-99.29774,19.36157,-99.29248,19.37004
ageb,0900400010227,AGEB 0227 (Cuajimalpa de Morelos),09004,-99.32677,19.3455,-99.31038,19.35971
ageb,0900400010392,AGEB 0392 (Cuajimalpa de Morelos),09004,-99.32302,19.34453,-99.31801,19.34877
ageb,0900400010208,AGEB 0208 (Cuajimalpa de Morelos),09004,-99.31493,19.35132,-99.29901,19.37021
ageb,0900400010299,AGEB 0299 (Cuajimalpa de Morelos),09004,-99.30207,19.35553,-99.2932,19.36941
ageb,0900400010123,AGEB 0123 (Cuajimalpa de Morelos),09004,-99.29992,19.34358,-99.28344,19.35515
ageb,0900400010369,AGEB 0369 (Cuajimalpa de Morelos),09004,-99.28627,19.34804,-99.26024,19.37203
ageb,0900400010212,AGEB 0212 (Cuajimalpa de Morelos),09004,-99.29131,19.35081,-99.28229,19.36041
ageb,0900400010049,AGEB 0049 (Cuajimalpa de Morelos),09004,-99.28156,19.36351,-99.2598,19.38257
ageb,0900400010195,AGEB 0195 (Cuajimalpa de Morelos),09004,-99.26943,19.37541,-99.24673,19.3943
ageb,0900400010091,AGEB 0091 (Cuajimalpa de Morelos),09004,-99.31042,19.34997,-99.29518,19.35932
ageb,0900400010231,AGEB 0231 (Cuajimalpa de Morelos),09004,-99.31732,19.33913,-99.30203,19.35428
ageb,0900400010138,AGEB 0138 (Cuajimalpa de Morelos),09004,-99.286,19.33517,-99.26915,19.34523
ageb,0900400010320,AGEB 0320 (Cuajimalpa de Morelos),09004,-99.29542,19.33295,-99.28218,19.3482
ageb,0900400010373,AGEB 0373 (Cuajimalpa de Morelos),09004,-99.28655,19.34184,-99.25819,19.35649
ageb,0900400010250,AGEB 0250 (Cuajimalpa de Morelos),09004,-99.29973,19.31691,-99.28429,19.33805
ageb,0900400010176,AGEB 0176 (Cuajimalpa de Morelos),09004,-99.27661,19.37704,-99.2552,19.40485
ageb,0900400010405,AGEB 0405 (Cuajimalpa de Morelos),09004,-99.2851,19.3709,-99.27368,19.38703
ageb,0900800010086,AGEB 0086 (La Magdalena Contreras),09008,-99.22357,19.32108,-99.20936,19.33328
ageb,0900800010387,AGEB 0387 (La Magdalena Contreras),09008,-99.26605,19.31085,-99.2569,19.32238
ageb,0900800010438,AGEB 0438 (La Magdalena Contreras),09008,-99.27133,19.30511,-99.2657,19.3142
ageb,0900800010527,AGEB 0527 (La Magdalena Contreras),09008,-99.25648,19.31639,-99.2474,19.32708
ageb,0900800010508,AGEB 0508 (La Magdalena Contreras),09008,-99.23094,19.30601,-99.22501,19.31033
ageb,0900800010194,AGEB 0194 (La Magdalena Contreras),09008,-99.22807,19.31614,-99.22046,19.32225
ageb,0900800010476,AGEB 0476 (La Magdalena Contreras),09008,-99.25301,19.2664,-99.24345,19.27632
ageb,0900800010052,AGEB 0052 (La Magdalena Contreras),09008,-99.22632,19.32682,-99.2186,19.33394
ageb,0900800010090,AGEB 0090 (La Magdalena Contreras),09008,-99.25217,19.32227,-99.24502,19.32843
ageb,0900800010103,AGEB 0103 (La Magdalena Contreras),09008,-99.24681,19.32402,-99.24057,19.32856
ageb,0900800010334,AGEB 0334 (La Magdalena Contreras),09008,-99.23412,19.30504,-99.22992,19.31011
ageb,0900800010118,AGEB 0118 (La Magdalena Contreras),09008,-99.23822,19.31939,-99.22378,19.33163
ageb,0900800010156,AGEB 0156 (La Magdalena Contreras),09008,-99.24217,19.32053,-99.23766,19.32476
ageb,0900800010283,AGEB 0283 (La Magdalena Contreras),09008,-99.22867,19.31059,-99.21992,19.31705
ageb,0900800010512,AGEB 0512 (La Magdalena Contreras),09008,-99.25862,19.31643,-99.25325,19.32695
ageb,0900800010175,AGEB 0175 (La Magdalena Contreras),09008,-99.23191,19.3174,-99.22563,19.32462
ageb,090080001018A,AGEB 018A (La Magdalena Contreras),09008,-99.23104,19.31488,-99.2256,19.32038
ageb,0900800010207,AGEB 0207 (La Magdalena Contreras),09008,-99.24918,19.31454,-99.24148,19.31944
ageb,0900800010211,AGEB 0211 (La Magdalena Contreras),09008,-99.24521,19.31156,-99.23464,19.32053
ageb,0900800010245,AGEB 0245 (La Magdalena Contreras),09008,-99.2464,19.31007,-99.24086,19.31539
ageb,090080001025A,AGEB 025A (La Magdalena Contreras),09008,-99.24138,19.30745,-99.23412,19.3149
ageb,0900800010264,AGEB 0264 (La Magdalena Contreras),09008,-99.23763,19.30978,-99.22788,19.3174
ageb,0900800010298,AGEB 0298 (La Magdalena Contreras),09008,-99.25288,19.30487,-99.24778,19.30821
ageb,090080001032A,AGEB 032A (La Magdalena Contreras),09008,-99.24041,19.30449,-99.23363,19.30978
ageb,0900800010531,AGEB 0531 (La Magdalena Contreras),09008,-99.25451,19.30892,-99.25055,19.31414
ageb,0900800010546,AGEB 0546 (La Magdalena Contreras),09008,-99.25807,19.312,-99.24774,19.31677
ageb,0900800010071,AGEB 0071 (La Magdalena Contreras),09008,-99.21821,19.33117,-99.21588,19.33382
ageb,0900800010495,AGEB 0495 (La Magdalena Contreras),09008,-99.23317,19.30733,-99.22493,19.31338
ageb,0900800010067,AGEB 0067 (La Magdalena Contreras),09008,-99.2202,19.33031,-99.21802,19.33308
ageb,0900800010029,AGEB 0029 (La Magdalena Contreras),09008,-99.21406,19.33156,-99.21055,19.33447
ageb,0900800010033,AGEB 0033 (La Magdalena Contreras),09008,-99.21164,19.3324,-99.20892,19.33572
ageb,0900800010137,AGEB 0137 (La Magdalena Contreras),09008,-99.25342,19.31607,-99.24521,19.3225
ageb,0900800010122,AGEB 0122 (La Magdalena Contreras),09008,-99.22745,19.3205,-99.22168,19.32772
ageb,0900800010141,AGEB 0141 (La Magdalena Contreras),09008,-99.24681,19.31944,-99.24107,19.32502
ageb,0900800010160,AGEB 0160 (La Magdalena Contreras),09008,-99.24109,19.31607,-99.23091,19.32349
ageb,0900800010226,AGEB 0226 (La Magdalena Contreras),09008,-99.25183,19.30721,-99.24795,19.31478
ageb,0900800010404,AGEB 0404 (La Magdalena Contreras),09008,-99.26703,19.30413,-99.25924,19.31316
ageb,0900800010423,AGEB 0423 (La Magdalena Contreras),09008,-99.26205,19.29708,-99.2507,19.30514
ageb,0900800010550,AGEB 0550 (La Magdalena Contreras),09008,-99.26014,19.3065,-99.25084,19.31495
ageb,0900800010565,AGEB 0565 (La Magdalena Contreras),09008,-99.26156,19.304,-99.25153,19.30867
ageb,0900800010315,AGEB 0315 (La Magdalena Contreras),09008,-99.24951,19.29993,-99.23699,19.3073
ageb,0900800010014,AGEB 0014 (La Magdalena Contreras),09008,-99.22004,19.33234,-99.21162,19.3365
ageb,0900800010048,AGEB 0048 (La Magdalena Contreras),09008,-99.2142,19.33391,-99.20665,19.33788
ageb,090080001057A,AGEB 057A (La Magdalena Contreras),09008,-99.26719,19.29521,-99.25833,19.30581
ageb,0900800010457,AGEB 0457 (La Magdalena Contreras),09008,-99.26505,19.28866,-99.24452,19.30201
ageb,0900800010353,AGEB 0353 (La Magdalena Contreras),09008,-99.23995,19.29525,-99.2319,19.30598
ageb,0900800010349,AGEB 0349 (La Magdalena Contreras),09008,-99.24759,19.29286,-99.23357,19.30229
ageb,0900800010599,AGEB 0599 (La Magdalena Contreras),09008,-99.25028,19.28063,-99.24195,19.2862
ageb,0900800010461,AGEB 0461 (La Magdalena Contreras),09008,-99.25462,19.28412,-99.24079,19.2973
ageb,0900800010584,AGEB 0584 (La Magdalena Contreras),09008,-99.27221,19.30082,-99.26415,19.30671
ageb,0900800010230,AGEB 0230 (La Magdalena Contreras),09008,-99.24893,19.3067,-99.24271,19.31529
ageb,0900800010300,AGEB 0300 (La Magdalena Contreras),09008,-99.2524,19.30166,-99.24011,19.31074
ageb,0900903000647,AGEB 0647 (Milpa Alta),09009,-98.97242,19.20453,-98.96682,19.21127
ageb,0900900330488,AGEB 0488 (Milpa Alta),09009,-99.10211,19.2006,-99.09446,19.20872
ageb,0900900330350,AGEB 0350 (Milpa Alta),09009,-99.10484,19.18427,-99.08415,19.20135
ageb,0900900360223,AGEB 0223 (Milpa Alta),09009,-99.01043,19.1748,-98.98949,19.18467
ageb,0900900240577,AGEB 0577 (Milpa Alta),09009,-99.07625,19.1683,-99.07106,19.18153
ageb,0900900240581,AGEB 0581 (Milpa Alta),09009,-99.0643,19.18284,-99.06022,19.18566
ageb,0900900010562,AGEB 0562 (Milpa Alta),09009,-99.03612,19.19347,-99.02955,19.19897
ageb,0900900010312,AGEB 0312 (Milpa Alta),09009,-99.03498,19.18133,-99.024,19.19462
ageb,090090029044A,AGEB 044A (Milpa Alta),09009,-99.05785,19.20055,-99.04854,19.2164
ageb,0900900330346,AGEB 0346 (Milpa Alta),09009,-99.09755,19.18984,-99.08093,19.20096
ageb,0900900010308,AGEB 0308 (Milpa Alta),09009,-99.03668,19.19203,-99.02322,19.20334
ageb,0900900010327,AGEB 0327 (Milpa Alta),09009,-99.02211,19.19063,-99.01632,19.20106
ageb,0900900110543,AGEB 0543 (Milpa Alta),09009,-99.00622,19.2214,-99.00175,19.22298
ageb,0900900240651,AGEB 0651 (Milpa Alta),09009,-99.07596,19.19051,-99.0731,19.1925
ageb,090090011051A,AGEB 051A (Milpa Alta),09009,-98.98699,19.20497,-98.98169,19.21061
ageb,0900903000632,AGEB 0632 (Milpa Alta),09009,-98.97993,19.20623,-98.96997,19.21533
ageb,0900901520628,AGEB 0628 (Milpa Alta),09009,-99.03889,19.17044,-99.02802,19.17668
ageb,0900900290473,AGEB 0473 (Milpa Alta),09009,-99.05088,19.18898,-99.04205,19.20256
ageb,0900900010026,AGEB 0026 (Milpa Alta),09009,-99.02676,19.18125,-99.01937,19.20244
ageb,0900900010331,AGEB 0331 (Milpa Alta),09009,-99.02178,19.18259,-99.0125,19.19098
ageb,0900901520613,AGEB 0613 (Milpa Alta),09009,-99.04095,19.17433,-99.02718,19.18354
ageb,0900900010505,AGEB 0505 (Milpa Alta),09009,-99.01938,19.20056,-99.01498,19.20532
ageb,0900900290469,AGEB 0469 (Milpa Alta),09009,-99.06083,19.18985,-99.04945,19.20164
ageb,0900900360238,AGEB 0238 (Milpa Alta),09009,-99.00997,19.16972,-98.99763,19.18183
ageb,0900900240191,AGEB 0191 (Milpa Alta),09009,-99.08148,19.18519,-99.05874,19.194
ageb,0900900170365,AGEB 0365 (Milpa Alta),09009,-99.01946,19.1925,-99.00225,19.20566
ageb,0900900240596,AGEB 0596 (Milpa Alta),09009,-99.08552,19.18484,-99.0803,19.19074
ageb,090090015012A,AGEB 012A (Milpa Alta),09009,-99.07632,19.20013,-99.06131,19.21561
ageb,0900900290609,AGEB 0609 (Milpa Alta),09009,-99.05903,19.20144,-99.05568,19.20328
ageb,0900900110416,AGEB 0416 (Milpa Alta),09009,-98.994,19.21506,-98.97754,19.22578
ageb,0900900010492,AGEB 0492 (Milpa Alta),09009,-99.03313,19.19852,-99.02632,19.20638
ageb,0900900110401,AGEB 0401 (Milpa Alta),09009,-99.00676,19.21616,-98.99292,19.2277
ageb,0900900170384,AGEB 0384 (Milpa Alta),09009,-99.01822,19.18611,-98.99767,19.19362
ageb,0900900110435,AGEB 0435 (Milpa Alta),09009,-98.99372,19.20754,-98.97947,19.21701
ageb,0900900110420,AGEB 0420 (Milpa Alta),09009,-99.00329,19.20671,-98.99255,19.21713
ageb,0900900360242,AGEB 0242 (Milpa Alta),09009,-99.00245,19.16507,-98.98829,19.17791
ageb,0900900170558,AGEB 0558 (Milpa Alta),09009,-98.99817,19.19167,-98.99538,19.19399
ageb,0900900240204,AGEB 0204 (Milpa Alta),09009,-99.08269,19.17888,-99.07189,19.18944
ageb,0900900240219,AGEB 0219 (Milpa Alta),09009,-99.07367,19.17262,-99.06118,19.18708
ageb,0900900290454,AGEB 0454 (Milpa Alta),09009,-99.05208,19.2012,-99.03993,19.21778
ageb,090090017037A,AGEB 037A (Milpa Alta),09009,-99.00739,19.19195,-98.99639,19.20677
ageb,0900900170399,AGEB 0399 (Milpa Alta),09009,-98.9993,19.18269,-98.99152,19.19324
ageb,0901500011074,AGEB 1074 (Cuauhtémoc),09015,-99.13065,19.41332,-99.126,19.42328
ageb,0901500010127,AGEB 0127 (Cuauhtémoc),09015,-99.12925,19.45603,-99.12223,19.46152
ageb,0901500010589,AGEB 0589 (Cuauhtémoc),09015,-99.1309,19.43748,-99.12307,19.44322
ageb,0901500010358,AGEB 0358 (Cuauhtémoc),09015,-99.12874,19.44266,-99.12311,19.45234
ageb,0901500011464,AGEB 1464 (Cuauhtémoc),09015,-99.16318,19.4024,-99.15898,19.4063
ageb,0901500011479,AGEB 1479 (Cuauhtémoc),09015,-99.1599,19.40341,-99.15517,19.40744
ageb,0901500010038,AGEB 0038 (Cuauhtémoc),09015,-99.1315,19.45941,-99.12754,19.46319
ageb,0901500010911,AGEB 0911 (Cuauhtémoc),09015,-99.12885,19.42555,-99.12494,19.43017
ageb,0901500010023,AGEB 0023 (Cuauhtémoc),09015,-99.13502,19.4604,-99.13042,19.46501
ageb,0901500010466,AGEB 0466 (Cuauhtémoc),09015,-99.16432,19.44885,-99.15704,19.45581
ageb,0901500010926,AGEB 0926 (Cuauhtémoc),09015,-99.17665,19.42483,-99.16987,19.4324
ageb,0901500011229,AGEB 1229 (Cuauhtémoc),09015,-99.15539,19.40405,-99.14983,19.41478
ageb,0901500011290,AGEB 1290 (Cuauhtémoc),09015,-99.13503,19.40888,-99.12716,19.41343
ageb,0901500011303,AGEB 1303 (Cuauhtémoc),09015,-99.18214,19.40997,-99.17714,19.41554
ageb,0901500011411,AGEB 1411 (Cuauhtémoc),09015,-99.1843,19.40544,-99.17558,19.41148
ageb,0901500011430,AGEB 1430 (Cuauhtémoc),09015,-99.17173,19.4002,-99.16847,19.4059
ageb,090150001145A,AGEB 145A (Cuauhtémoc),09015,-99.16775,19.40088,-99.16228,19.40613
ageb,0901500011498,AGEB 1498 (Cuauhtémoc),09015,-99.14497,19.40281,-99.13583,19.40802
ageb,0901500011500,AGEB 1500 (Cuauhtémoc),09015,-99.13658,19.40281,-99.13136,19.40862
ageb,0901500011515,AGEB 1515 (Cuauhtémoc),09015,-99.13197,19.4031,-99.12872,19.40872
ageb,090150001152A,AGEB 152A (Cuauhtémoc),09015,-99.12998,19.40354,-99.12569,19.40901
ageb,0901500010945,AGEB 0945 (Cuauhtémoc),09015,-99.17567,19.42158,-99.16413,19.42828
ageb,0901500010983,AGEB 0983 (Cuauhtémoc),09015,-99.17641,19.4208,-99.16713,19.42459
ageb,0901500011089,AGEB 1089 (Cuauhtémoc),09015,-99.17674,19.418,-99.1709,19.42174
ageb,0901500010042,AGEB 0042 (Cuauhtémoc),09015,-99.16269,19.45449,-99.15361,19.46408
ageb,0901500010057,AGEB 0057 (Cuauhtémoc),09015,-99.15421,19.45886,-99.14776,19.46333
ageb,0901500010061,AGEB 0061 (Cuauhtémoc),09015,-99.14873,19.45867,-99.14311,19.46506
ageb,0901500010080,AGEB 0080 (Cuauhtémoc),09015,-99.14354,19.45473,-99.13804,19.46582
ageb,0901500010165,AGEB 0165 (Cuauhtémoc),09015,-99.13107,19.45201,-99.12377,19.45735
ageb,090150001017A,AGEB 017A (Cuauhtémoc),09015,-99.16382,19.4547,-99.15595,19.45963
ageb,0901500010555,AGEB 0555 (Cuauhtémoc),09015,-99.16503,19.44522,-99.15772,19.44998
ageb,0901500010593,AGEB 0593 (Cuauhtémoc),09015,-99.16577,19.44137,-99.15845,19.44669
ageb,0901500010663,AGEB 0663 (Cuauhtémoc),09015,-99.1295,19.43392,-99.12376,19.43805
ageb,0901500010930,AGEB 0930 (Cuauhtémoc),09015,-99.17763,19.42333,-99.16505,19.42986
ageb,0901500011178,AGEB 1178 (Cuauhtémoc),09015,-99.17974,19.41414,-99.17498,19.42022
ageb,0901500010678,AGEB 0678 (Cuauhtémoc),09015,-99.16967,19.43435,-99.16261,19.44365
ageb,0901500011549,AGEB 1549 (Cuauhtémoc),09015,-99.15417,19.41943,-99.14994,19.42255
ageb,0901500010112,AGEB 0112 (Cuauhtémoc),09015,-99.13275,19.45599,-99.12849,19.4604
ageb,0901500010254,AGEB 0254 (Cuauhtémoc),09015,-99.14366,19.4537,-99.14214,19.45585
ageb,0901500010216,AGEB 0216 (Cuauhtémoc),09015,-99.14966,19.45462,-99.14704,19.4572
ageb,0901500010451,AGEB 0451 (Cuauhtémoc),09015,-99.13647,19.44778,-99.13286,19.45155
ageb,0901500011286,AGEB 1286 (Cuauhtémoc),09015,-99.1335,19.40848,-99.12781,19.41192
ageb,0901500011055,AGEB 1055 (Cuauhtémoc),09015,-99.13825,19.41795,-99.13333,19.42411
ageb,0901500010377,AGEB 0377 (Cuauhtémoc),09015,-99.14758,19.45246,-99.14535,19.45487
ageb,0901500010146,AGEB 0146 (Cuauhtémoc),09015,-99.13655,19.45448,-99.13275,19.45824
ageb,0901500010184,AGEB 0184 (Cuauhtémoc),09015,-99.15526,19.45404,-99.14716,19.46011
ageb,0901500010752,AGEB 0752 (Cuauhtémoc),09015,-99.14061,19.43428,-99.12746,19.43774
ageb,0901500010536,AGEB 0536 (Cuauhtémoc),09015,-99.13988,19.44075,-99.13482,19.44778
ageb,0901500010362,AGEB 0362 (Cuauhtémoc),09015,-99.14847,19.45301,-99.14654,19.45507
ageb,0901500010413,AGEB 0413 (Cuauhtémoc),09015,-99.14126,19.45097,-99.13959,19.45397
ageb,0901500010432,AGEB 0432 (Cuauhtémoc),09015,-99.1384,19.44901,-99.1354,19.45332
ageb,0901500010447,AGEB 0447 (Cuauhtémoc),09015,-99.13605,19.4502,-99.13421,19.45226
ageb,0901500010470,AGEB 0470 (Cuauhtémoc),09015,-99.16143,19.4517,-99.15187,19.45534
ageb,0901500010485,AGEB 0485 (Cuauhtémoc),09015,-99.15845,19.44443,-99.15226,19.45248
ageb,0901500010697,AGEB 0697 (Cuauhtémoc),09015,-99.16258,19.43221,-99.15568,19.44176
ageb,090150001070A,AGEB 070A (Cuauhtémoc),09015,-99.15899,19.43229,-99.15299,19.43981
ageb,0901500010714,AGEB 0714 (Cuauhtémoc),09015,-99.15422,19.43558,-99.14889,19.43977
ageb,0901500011144,AGEB 1144 (Cuauhtémoc),09015,-99.14393,19.41386,-99.13825,19.41885
ageb,0901500011163,AGEB 1163 (Cuauhtémoc),09015,-99.13503,19.41319,-99.12999,19.41795
ageb,0901500010748,AGEB 0748 (Cuauhtémoc),09015,-99.14811,19.43029,-99.14088,19.43594
ageb,0901500011182,AGEB 1182 (Cuauhtémoc),09015,-99.17635,19.41341,-99.17033,19.41892
ageb,0901500011197,AGEB 1197 (Cuauhtémoc),09015,-99.17288,19.41022,-99.16799,19.41627
ageb,090150001120A,AGEB 120A (Cuauhtémoc),09015,-99.17033,19.4115,-99.16482,19.41726
ageb,0901500011214,AGEB 1214 (Cuauhtémoc),09015,-99.16665,19.4115,-99.1581,19.41589
ageb,0901500011233,AGEB 1233 (Cuauhtémoc),09015,-99.15078,19.40982,-99.14389,19.41468
ageb,0901500011267,AGEB 1267 (Cuauhtémoc),09015,-99.13921,19.41027,-99.13503,19.41386
ageb,0901500011248,AGEB 1248 (Cuauhtémoc),09015,-99.14463,19.40718,-99.14126,19.41424
ageb,0901500011252,AGEB 1252 (Cuauhtémoc),09015,-99.14221,19.40733,-99.13884,19.41405
ageb,0901500011271,AGEB 1271 (Cuauhtémoc),09015,-99.13578,19.40834,-99.1329,19.41319
ageb,0901500011360,AGEB 1360 (Cuauhtémoc),09015,-99.16463,19.40613,-99.16118,19.41228
ageb,0901500011375,AGEB 1375 (Cuauhtémoc),09015,-99.16278,19.40622,-99.15939,19.4127
ageb,090150001138A,AGEB 138A (Cuauhtémoc),09015,-99.1601,19.40719,-99.15482,19.41192
ageb,0901500011394,AGEB 1394 (Cuauhtémoc),09015,-99.15147,19.40672,-99.14439,19.41005
ageb,0901500011407,AGEB 1407 (Cuauhtémoc),09015,-99.13953,19.40753,-99.13548,19.41051
ageb,0901500011426,AGEB 1426 (Cuauhtémoc),09015,-99.17712,19.40349,-99.17107,19.4081
ageb,0901500011445,AGEB 1445 (Cuauhtémoc),09015,-99.17043,19.39979,-99.16647,19.40591
ageb,0901500011483,AGEB 1483 (Cuauhtémoc),09015,-99.15121,19.40387,-99.14463,19.40718
ageb,0901500010998,AGEB 0998 (Cuauhtémoc),09015,-99.1716,19.41892,-99.16311,19.4237
ageb,0901500010076,AGEB 0076 (Cuauhtémoc),09015,-99.14879,19.45593,-99.14176,19.46388
ageb,0901500010095,AGEB 0095 (Cuauhtémoc),09015,-99.13907,19.4562,-99.135,19.46159
ageb,0901500010199,AGEB 0199 (Cuauhtémoc),09015,-99.15187,19.45361,-99.14928,19.45646
ageb,0901500010818,AGEB 0818 (Cuauhtémoc),09015,-99.14144,19.42906,-99.13232,19.4328
ageb,0901500010339,AGEB 0339 (Cuauhtémoc),09015,-99.13529,19.44718,-99.12967,19.4531
ageb,090150001049A,AGEB 049A (Cuauhtémoc),09015,-99.15568,19.43856,-99.144,19.45404
ageb,0901500010502,AGEB 0502 (Cuauhtémoc),09015,-99.15086,19.4434,-99.14595,19.45193
ageb,0901500010521,AGEB 0521 (Cuauhtémoc),09015,-99.14206,19.4445,-99.13528,19.45115
ageb,0901500010540,AGEB 0540 (Cuauhtémoc),09015,-99.13532,19.44172,-99.13033,19.44769
ageb,090150001056A,AGEB 056A (Cuauhtémoc),09015,-99.14782,19.44277,-99.14315,19.44802
ageb,0901500010574,AGEB 0574 (Cuauhtémoc),09015,-99.1445,19.44019,-99.13891,19.44749
ageb,090150001063A,AGEB 063A (Cuauhtémoc),09015,-99.14399,19.43412,-99.13872,19.44404
ageb,0901500010644,AGEB 0644 (Cuauhtémoc),09015,-99.1403,19.43655,-99.1309,19.44248
ageb,0901500010659,AGEB 0659 (Cuauhtémoc),09015,-99.13158,19.43628,-99.12509,19.44228
ageb,0901500010729,AGEB 0729 (Cuauhtémoc),09015,-99.15989,19.4307,-99.14671,19.43789
ageb,0901500010771,AGEB 0771 (Cuauhtémoc),09015,-99.13643,19.43017,-99.12767,19.43539
ageb,0901500010786,AGEB 0786 (Cuauhtémoc),09015,-99.12826,19.42978,-99.12433,19.43431
ageb,0901500010790,AGEB 0790 (Cuauhtémoc),09015,-99.17057,19.42986,-99.15903,19.43632
ageb,0901500010803,AGEB 0803 (Cuauhtémoc),09015,-99.16505,19.42647,-99.14974,19.43553
ageb,0901500010841,AGEB 0841 (Cuauhtémoc),09015,-99.16176,19.42443,-99.15529,19.4295
ageb,0901500010856,AGEB 0856 (Cuauhtémoc),09015,-99.15803,19.4252,-99.15055,19.43352
ageb,090150001088A,AGEB 088A (Cuauhtémoc),09015,-99.142,19.42629,-99.1368,19.43029
ageb,0901500010894,AGEB 0894 (Cuauhtémoc),09015,-99.13733,19.4259,-99.13253,19.42966
ageb,0901500010220,AGEB 0220 (Cuauhtémoc),09015,-99.14789,19.45496,-99.14628,19.4567
ageb,0901500010907,AGEB 0907 (Cuauhtémoc),09015,-99.13302,19.42577,-99.12826,19.43077
ageb,0901500011159,AGEB 1159 (Cuauhtémoc),09015,-99.13884,19.41319,-99.13429,19.41835
ageb,0901500010273,AGEB 0273 (Cuauhtémoc),09015,-99.14082,19.45306,-99.13834,19.45523
ageb,0901500010288,AGEB 0288 (Cuauhtémoc),09015,-99.13835,19.45299,-99.13659,19.45473
ageb,0901500010305,AGEB 0305 (Cuauhtémoc),09015,-99.13554,19.45198,-99.1336,19.454
ageb,0901500010517,AGEB 0517 (Cuauhtémoc),09015,-99.14685,19.44728,-99.14123,19.45192
ageb,0901500010409,AGEB 0409 (Cuauhtémoc),09015,-99.14272,19.45115,-99.14093,19.45374
ageb,0901500010682,AGEB 0682 (Cuauhtémoc),09015,-99.16482,19.43344,-99.16046,19.44254
ageb,090150001113A,AGEB 113A (Cuauhtémoc),09015,-99.14983,19.41424,-99.14349,19.41931
ageb,090150001106A,AGEB 106A (Cuauhtémoc),09015,-99.13429,19.4176,-99.12921,19.42374
ageb,0901500010343,AGEB 0343 (Cuauhtémoc),09015,-99.13079,19.44309,-99.12663,19.45293
ageb,0901500010269,AGEB 0269 (Cuauhtémoc),09015,-99.14245,19.45355,-99.14039,19.45564
ageb,0901500010019,AGEB 0019 (Cuauhtémoc),09015,-99.13877,19.46142,-99.13458,19.46516
ageb,0901500010396,AGEB 0396 (Cuauhtémoc),09015,-99.14444,19.45153,-99.14243,19.45383
ageb,0901500010733,AGEB 0733 (Cuauhtémoc),09015,-99.15055,19.4329,-99.14173,19.43739
ageb,0901500011125,AGEB 1125 (Cuauhtémoc),09015,-99.15473,19.41297,-99.14888,19.41972
ageb,0901500011341,AGEB 1341 (Cuauhtémoc),09015,-99.17288,19.40579,-99.16665,19.41198
ageb,0901500011356,AGEB 1356 (Cuauhtémoc),09015,-99.16847,19.4059,-99.16318,19.41192
ageb,0901500011534,AGEB 1534 (Cuauhtémoc),09015,-99.15397,19.41931,-99.1474,19.42585
ageb,0901500010235,AGEB 0235 (Cuauhtémoc),09015,-99.14668,19.45425,-99.14494,19.45653
ageb,0901500010767,AGEB 0767 (Cuauhtémoc),09015,-99.14108,19.43218,-99.13594,19.43606
ageb,090150001095A,AGEB 095A (Cuauhtémoc),09015,-99.16807,19.42278,-99.16007,19.42759
ageb,0901500010964,AGEB 0964 (Cuauhtémoc),09015,-99.14249,19.42373,-99.13302,19.42691
ageb,0901500010979,AGEB 0979 (Cuauhtémoc),09015,-99.13333,19.42287,-99.12558,19.42621
ageb,0901500011036,AGEB 1036 (Cuauhtémoc),09015,-99.14888,19.41885,-99.14249,19.42537
ageb,0901500011040,AGEB 1040 (Cuauhtémoc),09015,-99.14349,19.41835,-99.13757,19.42471
ageb,0901500011093,AGEB 1093 (Cuauhtémoc),09015,-99.1709,19.41627,-99.16392,19.42028
ageb,0901500010381,AGEB 0381 (Cuauhtémoc),09015,-99.14577,19.45205,-99.14316,19.45425
ageb,0901500010292,AGEB 0292 (Cuauhtémoc),09015,-99.13702,19.4523,-99.13508,19.45438
ageb,090150001024A,AGEB 024A (Cuauhtémoc),09015,-99.14535,19.45392,-99.14317,19.45625
ageb,0901500010108,AGEB 0108 (Cuauhtémoc),09015,-99.13589,19.45709,-99.1315,19.46142
ageb,0901500010131,AGEB 0131 (Cuauhtémoc),09015,-99.13835,19.45328,-99.13167,19.45663
ageb,0901500010150,AGEB 0150 (Cuauhtémoc),09015,-99.13375,19.45313,-99.12977,19.45709
ageb,090150001031A,AGEB 031A (Cuauhtémoc),09015,-99.13429,19.45058,-99.1322,19.45322
ageb,0901500010324,AGEB 0324 (Cuauhtémoc),09015,-99.13407,19.45142,-99.13088,19.45374
ageb,0901500010606,AGEB 0606 (Cuauhtémoc),09015,-99.15951,19.43981,-99.15395,19.44522
ageb,0901500010610,AGEB 0610 (Cuauhtémoc),09015,-99.15181,19.43739,-99.1441,19.44383
ageb,0901500010625,AGEB 0625 (Cuauhtémoc),09015,-99.14671,19.43677,-99.1432,19.44121
ageb,0901500010822,AGEB 0822 (Cuauhtémoc),09015,-99.1722,19.428,-99.1659,19.43489
ageb,0901500010837,AGEB 0837 (Cuauhtémoc),09015,-99.1659,19.42828,-99.15926,19.43211
ageb,0901500010428,AGEB 0428 (Cuauhtémoc),09015,-99.14069,19.44992,-99.13834,19.45325
ageb,0901500010201,AGEB 0201 (Cuauhtémoc),09015,-99.15016,19.45329,-99.14811,19.45662
ageb,0901500011017,AGEB 1017 (Cuauhtémoc),09015,-99.15999,19.41842,-99.15365,19.42585
ageb,0901500011110,AGEB 1110 (Cuauhtémoc),09015,-99.15973,19.41168,-99.1542,19.41934
ageb,0901500011337,AGEB 1337 (Cuauhtémoc),09015,-99.17663,19.40623,-99.17181,19.41095
ageb,0901500011318,AGEB 1318 (Cuauhtémoc),09015,-99.17947,19.40852,-99.17323,19.41414
ageb,0901500011322,AGEB 1322 (Cuauhtémoc),09015,-99.17714,19.41025,-99.17154,19.41553
ageb,0901500010860,AGEB 0860 (Cuauhtémoc),09015,-99.15365,19.42537,-99.14726,19.4333
ageb,0901500010875,AGEB 0875 (Cuauhtémoc),09015,-99.14896,19.42471,-99.14144,19.43125
ageb,0901500011106,AGEB 1106 (Cuauhtémoc),09015,-99.16545,19.41469,-99.1589,19.41825
ageb,0901500011002,AGEB 1002 (Cuauhtémoc),09015,-99.16482,19.41726,-99.15853,19.42445
ageb,0900300011783,AGEB 1783 (Coyoacán),09003,-99.1794,19.30306,-99.17209,19.30692
ageb,0900300010357,AGEB 0357 (Coyoacán),09003,-99.11818,19.33662,-99.11359,19.34558
ageb,0900300010361,AGEB 0361 (Coyoacán),09003,-99.19031,19.338,-99.18437,19.34344
ageb,0900300010728,AGEB 0728 (Coyoacán),09003,-99.13693,19.32141,-99.1288,19.33016
ageb,090030001054A,AGEB 054A (Coyoacán),09003,-99.19031,19.33316,-99.17615,19.33867
ageb,0900300010111,AGEB 0111 (Coyoacán),09003,-99.18081,19.34582,-99.17319,19.35182
ageb,0900300011092,AGEB 1092 (Coyoacán),09003,-99.11004,19.2996,-99.10031,19.30883
ageb,0900300010906,AGEB 0906 (Coyoacán),09003,-99.12997,19.31518,-99.11132,19.32444
ageb,0900300011425,AGEB 1425 (Coyoacán),09003,-99.14462,19.2996,-99.13711,19.30754
ageb,0900300011444,AGEB 1444 (Coyoacán),09003,-99.12465,19.30158,-99.11677,19.30716
ageb,0900300010018,AGEB 0018 (Coyoacán),09003,-99.17759,19.35071,-99.16393,19.35957
ageb,0900300011105,AGEB 1105 (Coyoacán),09003,-99.20574,19.30201,-99.18597,19.31153
ageb,0900300011618,AGEB 1618 (Coyoacán),09003,-99.17286,19.30201,-99.16756,19.30721
ageb,0900300011073,AGEB 1073 (Coyoacán),09003,-99.11741,19.30081,-99.11427,19.30654
ageb,0900300010037,AGEB 0037 (Coyoacán),09003,-99.16378,19.35111,-99.15909,19.35827
ageb,0900300011660,AGEB 1660 (Coyoacán),09003,-99.16428,19.29959,-99.15673,19.30747
ageb,0900300011694,AGEB 1694 (Coyoacán),09003,-99.12761,19.30398,-99.1243,19.30829
ageb,0900300011730,AGEB 1730 (Coyoacán),09003,-99.13407,19.3129,-99.13183,19.3167
ageb,090030001175A,AGEB 175A (Coyoacán),09003,-99.12365,19.31965,-99.11904,19.32438
ageb,0900300011764,AGEB 1764 (Coyoacán),09003,-99.10973,19.32319,-99.10398,19.32828
ageb,0900300011779,AGEB 1779 (Coyoacán),09003,-99.10925,19.32142,-99.10104,19.32498
ageb,0900300011798,AGEB 1798 (Coyoacán),09003,-99.17528,19.30256,-99.17029,19.30492
ageb,0900300010060,AGEB 0060 (Coyoacán),09003,-99.15239,19.34901,-99.14385,19.35747
ageb,0900300011139,AGEB 1139 (Coyoacán),09003,-99.14239,19.33494,-99.13898,19.33807
ageb,0900300010022,AGEB 0022 (Coyoacán),09003,-99.16776,19.35071,-99.16345,19.35851
ageb,0900300010041,AGEB 0041 (Coyoacán),09003,-99.16046,19.35188,-99.14889,19.3581
ageb,090030001008A,AGEB 008A (Coyoacán),09003,-99.13567,19.34903,-99.13046,19.35654
ageb,0900300010075,AGEB 0075 (Coyoacán),09003,-99.14558,19.34528,-99.13439,19.35726
ageb,0900300010713,AGEB 0713 (Coyoacán),09003,-99.13698,19.32444,-99.12854,19.33342
ageb,0900300011124,AGEB 1124 (Coyoacán),09003,-99.15886,19.29683,-99.14191,19.31064
ageb,0900300010094,AGEB 0094 (Coyoacán),09003,-99.13396,19.35141,-99.12756,19.35866
ageb,0900300010107,AGEB 0107 (Coyoacán),09003,-99.12791,19.35084,-99.12035,19.35828
ageb,0900300010130,AGEB 0130 (Coyoacán),09003,-99.16847,19.34457,-99.16159,19.35164
ageb,090030001015A,AGEB 015A (Coyoacán),09003,-99.15888,19.34265,-99.14887,19.35121
ageb,0900300010179,AGEB 0179 (Coyoacán),09003,-99.13732,19.34386,-99.13251,19.3513
ageb,0900300010234,AGEB 0234 (Coyoacán),09003,-99.18477,19.34138,-99.18066,19.34734
ageb,0900300011228,AGEB 1228 (Coyoacán),09003,-99.13285,19.33945,-99.12972,19.34218
ageb,0900300010412,AGEB 0412 (Coyoacán),09003,-99.18073,19.3361,-99.17589,19.34086
ageb,090030001168A,AGEB 168A (Coyoacán),09003,-99.13472,19.30522,-99.12397,19.31123
ageb,0900300011707,AGEB 1707 (Coyoacán),09003,-99.12886,19.32084,-99.12252,19.32963
ageb,0900300011726,AGEB 1726 (Coyoacán),09003,-99.13667,19.31319,-99.13039,19.31913
ageb,0900300011745,AGEB 1745 (Coyoacán),09003,-99.12296,19.32405,-99.11899,19.32914
ageb,0900300011317,AGEB 1317 (Coyoacán),09003,-99.11382,19.32458,-99.10707,19.32844
ageb,0900300011478,AGEB 1478 (Coyoacán),09003,-99.10694,19.3148,-99.10286,19.3202
ageb,0900300011143,AGEB 1143 (Coyoacán),09003,-99.1402,19.3349,-99.13742,19.33776
ageb,0900300011529,AGEB 1529 (Coyoacán),09003,-99.18682,19.30286,-99.17617,19.30959
ageb,0900300011675,AGEB 1675 (Coyoacán),09003,-99.13484,19.30829,-99.12465,19.31592
ageb,0900300010164,AGEB 0164 (Coyoacán),09003,-99.15013,19.34115,-99.13723,19.34942
ageb,0900300010183,AGEB 0183 (Coyoacán),09003,-99.13735,19.3403,-99.13125,19.34704
ageb,0900300010198,AGEB 0198 (Coyoacán),09003,-99.13301,19.3444,-99.12791,19.35286
ageb,0900300010200,AGEB 0200 (Coyoacán),09003,-99.12815,19.34296,-99.12055,19.35141
ageb,0900300010215,AGEB 0215 (Coyoacán),09003,-99.1258,19.3457,-99.11955,19.35137
ageb,090030001022A,AGEB 022A (Coyoacán),09003,-99.12273,19.33724,-99.11655,19.34961
ageb,0900300010249,AGEB 0249 (Coyoacán),09003,-99.18164,19.34165,-99.17671,19.34706
ageb,0900300010268,AGEB 0268 (Coyoacán),09003,-99.17576,19.3432,-99.1678,19.34586
ageb,0900300010380,AGEB 0380 (Coyoacán),09003,-99.18579,19.33741,-99.18164,19.34198
ageb,0900300010395,AGEB 0395 (Coyoacán),09003,-99.18211,19.33916,-99.17944,19.34248
ageb,0900300010408,AGEB 0408 (Coyoacán),09003,-99.18387,19.33577,-99.1783,19.33964
ageb,0900300010535,AGEB 0535 (Coyoacán),09003,-99.12383,19.33204,-99.11597,19.33845
ageb,0900300010821,AGEB 0821 (Coyoacán),09003,-99.1598,19.31471,-99.15353,19.32018
ageb,0900300010836,AGEB 0836 (Coyoacán),09003,-99.1551,19.31486,-99.14845,19.32169
ageb,0900300010840,AGEB 0840 (Coyoacán),09003,-99.15076,19.31377,-99.1447,19.32146
ageb,0900300010855,AGEB 0855 (Coyoacán),09003,-99.14684,19.31457,-99.1388,19.32099
ageb,0900300010889,AGEB 0889 (Coyoacán),09003,-99.13194,19.31425,-99.12524,19.32107
ageb,0900300010893,AGEB 0893 (Coyoacán),09003,-99.13021,19.31103,-99.12396,19.3172
ageb,090030001093A,AGEB 093A (Coyoacán),09003,-99.11497,19.3112,-99.11098,19.31598
ageb,0900300011020,AGEB 1020 (Coyoacán),09003,-99.14405,19.30845,-99.1392,19.31734
ageb,090030001129A,AGEB 129A (Coyoacán),09003,-99.11943,19.31968,-99.11552,19.32409
ageb,090030001136A,AGEB 136A (Coyoacán),09003,-99.11953,19.31358,-99.11425,19.31652
ageb,0900300011374,AGEB 1374 (Coyoacán),09003,-99.12018,19.31169,-99.11478,19.31482
ageb,0900300011389,AGEB 1389 (Coyoacán),09003,-99.11289,19.31782,-99.10816,19.3215
ageb,0900300011393,AGEB 1393 (Coyoacán),09003,-99.11373,19.31726,-99.1079,19.32082
ageb,0900300011406,AGEB 1406 (Coyoacán),09003,-99.1123,19.31525,-99.10671,19.31767
ageb,090030001143A,AGEB 143A (Coyoacán),09003,-99.12437,19.30641,-99.11446,19.31216
ageb,090030001150A,AGEB 150A (Coyoacán),09003,-99.10844,19.30533,-99.10398,19.31275
ageb,0900300011514,AGEB 1514 (Coyoacán),09003,-99.10495,19.30718,-99.10095,19.31278
ageb,0900300011533,AGEB 1533 (Coyoacán),09003,-99.18036,19.30591,-99.17564,19.30926
ageb,0900300011567,AGEB 1567 (Coyoacán),09003,-99.17256,19.30929,-99.16884,19.31217
ageb,0900300011590,AGEB 1590 (Coyoacán),09003,-99.17377,19.3063,-99.16839,19.31094
ageb,0900300011482,AGEB 1482 (Coyoacán),09003,-99.10403,19.31508,-99.10051,19.3196
ageb,0900300010516,AGEB 0516 (Coyoacán),09003,-99.12835,19.33441,-99.12273,19.33902
ageb,0900300010145,AGEB 0145 (Coyoacán),09003,-99.1636,19.34367,-99.15627,19.35215
ageb,0900300010287,AGEB 0287 (Coyoacán),09003,-99.16823,19.33746,-99.15588,19.34508
ageb,0900300010291,AGEB 0291 (Coyoacán),09003,-99.15627,19.33549,-99.14721,19.34367
ageb,0900300010304,AGEB 0304 (Coyoacán),09003,-99.14887,19.33369,-99.14295,19.34265
ageb,0900300010319,AGEB 0319 (Coyoacán),09003,-99.14372,19.33898,-99.13456,19.3431
ageb,0900300010323,AGEB 0323 (Coyoacán),09003,-99.14314,19.33621,-99.13283,19.34081
ageb,0900300010342,AGEB 0342 (Coyoacán),09003,-99.12828,19.33758,-99.12111,19.34393
ageb,0900300010376,AGEB 0376 (Coyoacán),09003,-99.18675,19.33786,-99.18434,19.3406
ageb,0900300011336,AGEB 1336 (Coyoacán),09003,-99.1142,19.32076,-99.1091,19.32362
ageb,0900300010427,AGEB 0427 (Coyoacán),09003,-99.1766,19.33694,-99.16249,19.34231
ageb,0900300010959,AGEB 0959 (Coyoacán),09003,-99.10884,19.31639,-99.10545,19.32212
ageb,0900300010431,AGEB 0431 (Coyoacán),09003,-99.17615,19.33532,-99.16147,19.33935
ageb,0900300010446,AGEB 0446 (Coyoacán),09003,-99.16291,19.33448,-99.15396,19.34071
ageb,0900300010450,AGEB 0450 (Coyoacán),09003,-99.15886,19.33199,-99.14706,19.34397
ageb,0900300010465,AGEB 0465 (Coyoacán),09003,-99.1468,19.33066,-99.14168,19.33925
ageb,0900300010499,AGEB 0499 (Coyoacán),09003,-99.13716,19.33268,-99.13266,19.33827
ageb,0900300010501,AGEB 0501 (Coyoacán),09003,-99.13363,19.33098,-99.12833,19.33756
ageb,0900300010520,AGEB 0520 (Coyoacán),09003,-99.12847,19.33204,-99.12331,19.33622
ageb,0900300010696,AGEB 0696 (Coyoacán),09003,-99.14394,19.31921,-99.13769,19.3352
ageb,0900300010785,AGEB 0785 (Coyoacán),09003,-99.17374,19.31608,-99.16775,19.32888
ageb,0900300011162,AGEB 1162 (Coyoacán),09003,-99.1739,19.32847,-99.15787,19.33595
ageb,0900300011232,AGEB 1232 (Coyoacán),09003,-99.13425,19.33724,-99.12815,19.34485
ageb,0900300011247,AGEB 1247 (Coyoacán),09003,-99.12292,19.32874,-99.11658,19.33291
ageb,0900300011251,AGEB 1251 (Coyoacán),09003,-99.11683,19.33102,-99.11324,19.33449
ageb,0900300011270,AGEB 1270 (Coyoacán),09003,-99.12076,19.324,-99.11616,19.32901
ageb,0900300011321,AGEB 1321 (Coyoacán),09003,-99.11407,19.3232,-99.10821,19.32643
ageb,0900300010554,AGEB 0554 (Coyoacán),09003,-99.17872,19.3295,-99.17286,19.3361
ageb,0900300010573,AGEB 0573 (Coyoacán),09003,-99.16013,19.32584,-99.14591,19.33502
ageb,0900300010605,AGEB 0605 (Coyoacán),09003,-99.11813,19.32804,-99.10758,19.33738
ageb,0900300010624,AGEB 0624 (Coyoacán),09003,-99.16974,19.32515,-99.16376,19.33161
ageb,0900300010639,AGEB 0639 (Coyoacán),09003,-99.16679,19.32383,-99.15922,19.33012
ageb,0900300010643,AGEB 0643 (Coyoacán),09003,-99.16306,19.31898,-99.15185,19.32698
ageb,0900300011213,AGEB 1213 (Coyoacán),09003,-99.11431,19.29967,-99.10862,19.30869
ageb,0900300010658,AGEB 0658 (Coyoacán),09003,-99.16054,19.31983,-99.14828,19.32992
ageb,0900300010662,AGEB 0662 (Coyoacán),09003,-99.15276,19.32064,-99.14524,19.32867
ageb,090030001079A,AGEB 079A (Coyoacán),09003,-99.1719,19.31217,-99.16637,19.32045
ageb,090030001086A,AGEB 086A (Coyoacán),09003,-99.13834,19.31825,-99.12918,19.32323
ageb,0900300010802,AGEB 0802 (Coyoacán),09003,-99.16995,19.31882,-99.16253,19.32566
ageb,0900300010817,AGEB 0817 (Coyoacán),09003,-99.16656,19.31251,-99.1581,19.32338
ageb,0900300010982,AGEB 0982 (Coyoacán),09003,-99.15837,19.31084,-99.14736,19.31648
ageb,0900300010997,AGEB 0997 (Coyoacán),09003,-99.15888,19.30771,-99.14529,19.314
ageb,0900300011001,AGEB 1001 (Coyoacán),09003,-99.15644,19.30451,-99.14832,19.30958
ageb,0900300011016,AGEB 1016 (Coyoacán),09003,-99.14839,19.31042,-99.14266,19.3152
ageb,0900300011069,AGEB 1069 (Coyoacán),09003,-99.11563,19.30609,-99.11167,19.31173
ageb,0900300011410,AGEB 1410 (Coyoacán),09003,-99.14206,19.3056,-99.13306,19.31921
ageb,0900300011340,AGEB 1340 (Coyoacán),09003,-99.12448,19.31404,-99.11891,19.31691
ageb,0900300011355,AGEB 1355 (Coyoacán),09003,-99.12448,19.31123,-99.11959,19.31526
ageb,0900300011459,AGEB 1459 (Coyoacán),09003,-99.10586,19.31912,-99.10243,19.32254
ageb,0900300011497,AGEB 1497 (Coyoacán),09003,-99.10749,19.31165,-99.10077,19.31535
ageb,0900300011463,AGEB 1463 (Coyoacán),09003,-99.10314,19.30659,-99.09907,19.32299
ageb,0900300011622,AGEB 1622 (Coyoacán),09003,-99.17072,19.30574,-99.16809,19.30931
ageb,0900300010126,AGEB 0126 (Coyoacán),09003,-99.17391,19.34508,-99.16748,19.35203
ageb,0900300010588,AGEB 0588 (Coyoacán),09003,-99.12857,19.32914,-99.1219,19.33274
ageb,0900300010056,AGEB 0056 (Coyoacán),09003,-99.15776,19.34673,-99.14755,19.35505
ageb,0900300011302,AGEB 1302 (Coyoacán),09003,-99.11706,19.32041,-99.11373,19.32407
ageb,0900300010272,AGEB 0272 (Coyoacán),09003,-99.17978,19.33674,-99.16808,19.34613
ageb,0900300010677,AGEB 0677 (Coyoacán),09003,-99.15059,19.31794,-99.13834,19.33081
ageb,0900300010681,AGEB 0681 (Coyoacán),09003,-99.14793,19.32184,-99.13898,19.33317
ageb,0900300011158,AGEB 1158 (Coyoacán),09003,-99.17303,19.33148,-99.15634,19.33595
ageb,0900300011181,AGEB 1181 (Coyoacán),09003,-99.11225,19.30749,-99.10694,19.31564
ageb,0900300010978,AGEB 0978 (Coyoacán),09003,-99.16334,19.30608,-99.15521,19.31334
ageb,0900300011656,AGEB 1656 (Coyoacán),09003,-99.16364,19.30148,-99.15399,19.30879
ageb,0900300011571,AGEB 1571 (Coyoacán),09003,-99.18044,19.30538,-99.17485,19.30791
ageb,0900300011552,AGEB 1552 (Coyoacán),09003,-99.1745,19.30816,-99.16962,19.31088
ageb,0900300011548,AGEB 1548 (Coyoacán),09003,-99.17651,19.30764,-99.17383,19.31004
ageb,0900300011586,AGEB 1586 (Coyoacán),09003,-99.17519,19.30594,-99.17321,19.30857
ageb,0900300011266,AGEB 1266 (Coyoacán),09003,-99.11721,19.32844,-99.11338,19.33158
ageb,0900300011285,AGEB 1285 (Coyoacán),09003,-99.11684,19.32362,-99.11367,19.32869
ageb,090030001061A,AGEB 061A (Coyoacán),09003,-99.17518,19.32432,-99.16883,19.33282
ageb,0900300010770,AGEB 0770 (Coyoacán),09003,-99.20122,19.3063,-99.16908,19.33798
ageb,0900300010484,AGEB 0484 (Coyoacán),09003,-99.14158,19.33248,-99.13698,19.33679
ageb,0900300010709,AGEB 0709 (Coyoacán),09003,-99.14083,19.32293,-99.13448,19.33342
ageb,0900300010963,AGEB 0963 (Coyoacán),09003,-99.17063,19.30796,-99.16047,19.31857
ageb,0900300011637,AGEB 1637 (Coyoacán),09003,-99.16951,19.3065,-99.16423,19.31052
ageb,0900300011641,AGEB 1641 (Coyoacán),09003,-99.16963,19.30156,-99.16309,19.30834
ageb,0900700010638,AGEB 0638 (Iztapalapa),09007,-99.0151,19.36957,-99.00774,19.37917
ageb,0900700012121,AGEB 2121 (Iztapalapa),09007,-99.06692,19.30444,-99.0542,19.31587
ageb,0900700010271,AGEB 0271 (Iztapalapa),09007,-99.03188,19.38104,-99.02488,19.38756
ageb,0900700010623,AGEB 0623 (Iztapalapa),09007,-99.01881,19.37262,-99.01176,19.38161
ageb,0900700010479,AGEB 0479 (Iztapalapa),09007,-99.02292,19.37539,-99.01641,19.38398
ageb,0900700014274,AGEB 4274 (Iztapalapa),09007,-98.98088,19.3239,-98.97406,19.32932
ageb,0900700012795,AGEB 2795 (Iztapalapa),09007,-99.00312,19.34226,-98.99805,19.34747
ageb,0900700014842,AGEB 4842 (Iztapalapa),09007,-98.97668,19.32935,-98.96837,19.33803
ageb,0900700015291,AGEB 5291 (Iztapalapa),09007,-99.00601,19.3457,-99.00238,19.34972
ageb,0900700011458,AGEB 1458 (Iztapalapa),09007,-99.06408,19.34491,-99.06079,19.34908
ageb,0900700011462,AGEB 1462 (Iztapalapa),09007,-99.06125,19.34325,-99.05706,19.34844
ageb,0900700013897,AGEB 3897 (Iztapalapa),09007,-99.07655,19.31175,-99.06981,19.31837
ageb,0900700011180,AGEB 1180 (Iztapalapa),09007,-99.11758,19.34979,-99.11016,19.3572
ageb,0900700011195,AGEB 1195 (Iztapalapa),09007,-99.11083,19.3495,-99.10714,19.35648
ageb,0900700010500,AGEB 0500 (Iztapalapa),09007,-99.13001,19.36599,-99.12638,19.37703
ageb,0900700010515,AGEB 0515 (Iztapalapa),09007,-99.1274,19.36599,-99.12251,19.37641
ageb,090070001369A,AGEB 369A (Iztapalapa),09007,-99.0019,19.36788,-98.99716,19.37244
ageb,090070001440A,AGEB 440A (Iztapalapa),09007,-99.06836,19.28706,-99.06535,19.28953
ageb,0900700010642,AGEB 0642 (Iztapalapa),09007,-99.13851,19.3606,-99.1293,19.36721
ageb,0900700013632,AGEB 3632 (Iztapalapa),09007,-99.11711,19.37398,-99.11259,19.38188
ageb,0900700011852,AGEB 1852 (Iztapalapa),09007,-99.10758,19.32459,-99.1015,19.33182
ageb,0900700011867,AGEB 1867 (Iztapalapa),09007,-99.10383,19.32044,-99.09382,19.33138
ageb,0900700011941,AGEB 1941 (Iztapalapa),09007,-99.0988,19.31277,-99.0894,19.3226
ageb,0900700010229,AGEB 0229 (Iztapalapa),09007,-99.06084,19.37969,-99.05468,19.38606
ageb,0900700012371,AGEB 2371 (Iztapalapa),09007,-99.03427,19.38635,-99.03141,19.3893
ageb,0900700012386,AGEB 2386 (Iztapalapa),09007,-99.03545,19.38331,-99.02906,19.38863
ageb,0900700010017,AGEB 0017 (Iztapalapa),09007,-99.05855,19.39361,-99.04815,19.40073
ageb,0900700010888,AGEB 0888 (Iztapalapa),09007,-98.99734,19.36662,-98.99175,19.37068
ageb,0900700011176,AGEB 1176 (Iztapalapa),09007,-99.12197,19.3503,-99.11689,19.35791
ageb,0900700010924,AGEB 0924 (Iztapalapa),09007,-99.13131,19.35766,-99.12197,19.36121
ageb,0900700014397,AGEB 4397 (Iztapalapa),09007,-99.06697,19.28871,-99.06172,19.29252
ageb,0900700013100,AGEB 3100 (Iztapalapa),09007,-99.01149,19.33657,-99.00499,19.3422
ageb,0900700014575,AGEB 4575 (Iztapalapa),09007,-99.05879,19.37363,-99.05699,19.37516
ageb,0900700010680,AGEB 0680 (Iztapalapa),09007,-99.11981,19.36361,-99.11586,19.36971
ageb,0900700010695,AGEB 0695 (Iztapalapa),09007,-99.11733,19.36286,-99.11318,19.36987
ageb,0900700010727,AGEB 0727 (Iztapalapa),09007,-99.11143,19.35619,-99.10364,19.36821
ageb,0900700014147,AGEB 4147 (Iztapalapa),09007,-99.07494,19.33167,-99.07422,19.33365
ageb,0900700011015,AGEB 1015 (Iztapalapa),09007,-99.06968,19.3541,-99.06422,19.36353
ageb,0900700015427,AGEB 5427 (Iztapalapa),09007,-99.07102,19.28542,-99.06701,19.28963
ageb,0900700013115,AGEB 3115 (Iztapalapa),09007,-99.00219,19.33864,-98.99491,19.34272
ageb,0900700012174,AGEB 2174 (Iztapalapa),09007,-99.06752,19.30255,-99.06339,19.3073
ageb,0900700012189,AGEB 2189 (Iztapalapa),09007,-99.06746,19.2984,-99.06339,19.30296
ageb,0900700012390,AGEB 2390 (Iztapalapa),09007,-99.08389,19.38134,-99.07483,19.39053
ageb,0900700012403,AGEB 2403 (Iztapalapa),09007,-99.09564,19.37157,-99.07647,19.38405
ageb,0900700012456,AGEB 2456 (Iztapalapa),09007,-99.10168,19.37651,-99.09553,19.38024
ageb,0900700013083,AGEB 3083 (Iztapalapa),09007,-99.01927,19.33267,-99.01413,19.33899
ageb,0900700010939,AGEB 0939 (Iztapalapa),09007,-99.12238,19.35745,-99.11733,19.36374
ageb,0900700010981,AGEB 0981 (Iztapalapa),09007,-99.0921,19.35663,-99.08463,19.36321
ageb,0900700010021,AGEB 0021 (Iztapalapa),09007,-99.05979,19.38724,-99.05293,19.39822
ageb,090070001006A,AGEB 006A (Iztapalapa),09007,-99.06036,19.385,-99.05645,19.38965
ageb,0900700010089,AGEB 0089 (Iztapalapa),09007,-99.04522,19.38929,-99.04014,19.39406
ageb,0900700010093,AGEB 0093 (Iztapalapa),09007,-99.09093,19.38653,-99.0864,19.39038
ageb,0900700010178,AGEB 0178 (Iztapalapa),09007,-99.03943,19.38535,-99.03288,19.39126
ageb,0900700010182,AGEB 0182 (Iztapalapa),09007,-99.09284,19.38293,-99.08687,19.38705
ageb,0900700010214,AGEB 0214 (Iztapalapa),09007,-99.0667,19.37429,-99.06084,19.3833
ageb,0900700010318,AGEB 0318 (Iztapalapa),09007,-99.02792,19.37831,-99.0211,19.38568
ageb,0900700010322,AGEB 0322 (Iztapalapa),09007,-99.12259,19.375,-99.11766,19.38244
ageb,0900700010375,AGEB 0375 (Iztapalapa),09007,-99.10772,19.37681,-99.10124,19.38092
ageb,0900700010483,AGEB 0483 (Iztapalapa),09007,-99.13645,19.3713,-99.12969,19.37748
ageb,0900700010498,AGEB 0498 (Iztapalapa),09007,-99.13773,19.36624,-99.1299,19.37287
ageb,0900700010801,AGEB 0801 (Iztapalapa),09007,-99.13939,19.35882,-99.13211,19.36363
ageb,0900700010892,AGEB 0892 (Iztapalapa),09007,-98.99541,19.36262,-98.99188,19.36673
ageb,090070001134A,AGEB 134A (Iztapalapa),09007,-98.99921,19.35322,-98.9925,19.3606
ageb,0900700011354,AGEB 1354 (Iztapalapa),09007,-99.12014,19.34439,-99.11192,19.35047
ageb,0900700013134,AGEB 3134 (Iztapalapa),09007,-98.99293,19.32658,-98.98866,19.33898
ageb,0900700013420,AGEB 3420 (Iztapalapa),09007,-98.98999,19.32618,-98.97838,19.33848
ageb,0900700013492,AGEB 3492 (Iztapalapa),09007,-99.08719,19.29965,-99.08096,19.30588
ageb,0900700013539,AGEB 3539 (Iztapalapa),09007,-99.0792,19.29285,-99.07291,19.29727
ageb,0900700014289,AGEB 4289 (Iztapalapa),09007,-98.97477,19.32475,-98.96904,19.33038
ageb,0900700014325,AGEB 4325 (Iztapalapa),09007,-99.08316,19.29487,-99.07804,19.29995
ageb,0900700014359,AGEB 4359 (Iztapalapa),09007,-99.07229,19.29112,-99.06523,19.29359
ageb,0900700015408,AGEB 5408 (Iztapalapa),09007,-99.07448,19.28495,-99.06855,19.28978
ageb,0900700014363,AGEB 4363 (Iztapalapa),09007,-99.067,19.29191,-99.06155,19.2976
ageb,0900700015107,AGEB 5107 (Iztapalapa),09007,-99.01111,19.36524,-99.00015,19.37405
ageb,0900700015338,AGEB 5338 (Iztapalapa),09007,-99.019,19.32162,-99.00721,19.33678
ageb,0900700010337,AGEB 0337 (Iztapalapa),09007,-99.11928,19.37454,-99.11473,19.38215
ageb,0900700010553,AGEB 0553 (Iztapalapa),09007,-99.07867,19.36612,-99.07235,19.37333
ageb,0900700010568,AGEB 0568 (Iztapalapa),09007,-99.07515,19.36547,-99.06832,19.37321
ageb,0900700010572,AGEB 0572 (Iztapalapa),09007,-99.07121,19.36175,-99.0649,19.37176
ageb,0900700010587,AGEB 0587 (Iztapalapa),09007,-99.03498,19.36859,-99.0307,19.37251
ageb,0900700010619,AGEB 0619 (Iztapalapa),09007,-99.02456,19.36754,-99.0151,19.37745
ageb,0900700010676,AGEB 0676 (Iztapalapa),09007,-99.12251,19.36321,-99.11724,19.36957
ageb,0900700010708,AGEB 0708 (Iztapalapa),09007,-99.11466,19.3627,-99.10999,19.37004
ageb,0900700013613,AGEB 3613 (Iztapalapa),09007,-99.04231,19.38764,-99.03832,19.39265
ageb,0900700013628,AGEB 3628 (Iztapalapa),09007,-99.03963,19.38939,-99.03712,19.39189
ageb,0900700013789,AGEB 3789 (Iztapalapa),09007,-99.10466,19.34707,-99.09924,19.35324
ageb,0900700013844,AGEB 3844 (Iztapalapa),09007,-99.06509,19.34229,-99.06157,19.34421
ageb,0900700015037,AGEB 5037 (Iztapalapa),09007,-98.98196,19.33761,-98.97521,19.34144
ageb,0900700015554,AGEB 5554 (Iztapalapa),09007,-99.02497,19.3354,-99.02143,19.34321
ageb,090070001561A,AGEB 561A (Iztapalapa),09007,-99.09065,19.30917,-99.08918,19.31347
ageb,0900700015925,AGEB 5925 (Iztapalapa),09007,-99.08769,19.32742,-99.08238,19.32964
ageb,0900700010765,AGEB 0765 (Iztapalapa),09007,-99.02953,19.36526,-99.02318,19.37052
ageb,0900700012831,AGEB 2831 (Iztapalapa),09007,-99.08128,19.33177,-99.07462,19.34002
ageb,0900700015681,AGEB 5681 (Iztapalapa),09007,-99.03423,19.36309,-99.02899,19.36793
ageb,0900700014128,AGEB 4128 (Iztapalapa),09007,-99.07281,19.33368,-99.06443,19.33768
ageb,0900700015696,AGEB 5696 (Iztapalapa),09007,-99.03093,19.36151,-99.02443,19.3661
ageb,0900700015910,AGEB 5910 (Iztapalapa),09007,-99.06422,19.32825,-99.05977,19.3327
ageb,0900700015249,AGEB 5249 (Iztapalapa),09007,-99.09026,19.32502,-99.07923,19.32935
ageb,0900700015766,AGEB 5766 (Iztapalapa),09007,-99.00707,19.37193,-99.00294,19.37566
ageb,0900700015770,AGEB 5770 (Iztapalapa),09007,-99.00713,19.36859,-99.00391,19.37239
ageb,090070001579A,AGEB 579A (Iztapalapa),09007,-99.05671,19.37417,-99.05496,19.37564
ageb,0900700010958,AGEB 0958 (Iztapalapa),09007,-99.11524,19.35663,-99.1101,19.36286
ageb,0900700011000,AGEB 1000 (Iztapalapa),09007,-99.0726,19.35483,-99.06748,19.36236
ageb,0900700011087,AGEB 1087 (Iztapalapa),09007,-99.04045,19.35641,-99.03423,19.36653
ageb,0900700014039,AGEB 4039 (Iztapalapa),09007,-99.05663,19.3319,-99.05232,19.33761
ageb,0900700013651,AGEB 3651 (Iztapalapa),09007,-99.08433,19.35842,-99.07588,19.37407
ageb,0900700013666,AGEB 3666 (Iztapalapa),09007,-99.07966,19.36083,-99.07445,19.36682
ageb,0900700013702,AGEB 3702 (Iztapalapa),09007,-99.00124,19.36473,-98.99834,19.36928
ageb,0900700013967,AGEB 3967 (Iztapalapa),09007,-99.09393,19.34933,-99.0866,19.35394
ageb,0900700013986,AGEB 3986 (Iztapalapa),09007,-99.08309,19.33837,-99.07922,19.34098
ageb,0900700014043,AGEB 4043 (Iztapalapa),09007,-99.05254,19.3325,-99.04884,19.33882
ageb,0900700014058,AGEB 4058 (Iztapalapa),09007,-99.06224,19.32764,-99.05732,19.3335
ageb,0900700014448,AGEB 4448 (Iztapalapa),09007,-99.08864,19.31641,-99.08266,19.32073
ageb,090070001383A,AGEB 383A (Iztapalapa),09007,-99.06937,19.3422,-99.06125,19.34791
ageb,0900700014077,AGEB 4077 (Iztapalapa),09007,-99.01649,19.33486,-99.01112,19.34127
ageb,0900700014768,AGEB 4768 (Iztapalapa),09007,-99.05695,19.32866,-99.05163,19.33272
ageb,0900700014838,AGEB 4838 (Iztapalapa),09007,-98.97978,19.33875,-98.97582,19.34181
ageb,0900700014857,AGEB 4857 (Iztapalapa),09007,-99.02797,19.31934,-99.01865,19.32737
ageb,0900700014861,AGEB 4861 (Iztapalapa),09007,-99.03873,19.31572,-99.02595,19.32388
ageb,0900700014772,AGEB 4772 (Iztapalapa),09007,-99.0526,19.32661,-99.04702,19.33133
ageb,0900700015018,AGEB 5018 (Iztapalapa),09007,-99.06338,19.33188,-99.05902,19.33652
ageb,0900700014876,AGEB 4876 (Iztapalapa),09007,-98.99857,19.332,-98.99496,19.33906
ageb,0900700014895,AGEB 4895 (Iztapalapa),09007,-99.07582,19.3834,-99.06673,19.38789
ageb,0900700014908,AGEB 4908 (Iztapalapa),09007,-99.07639,19.38005,-99.06499,19.38435
ageb,0900700014880,AGEB 4880 (Iztapalapa),09007,-99.00161,19.33455,-98.99737,19.33957
ageb,0900700014946,AGEB 4946 (Iztapalapa),09007,-99.01624,19.34458,-99.01113,19.35058
ageb,0900700014965,AGEB 4965 (Iztapalapa),09007,-99.09738,19.32154,-99.08989,19.32997
ageb,090070001497A,AGEB 497A (Iztapalapa),09007,-99.08043,19.34685,-99.07486,19.35264
ageb,0900700014984,AGEB 4984 (Iztapalapa),09007,-99.08265,19.34491,-99.07775,19.34839
ageb,0900700011104,AGEB 1104 (Iztapalapa),09007,-99.02909,19.35073,-99.02071,19.36197
ageb,0900700011123,AGEB 1123 (Iztapalapa),09007,-99.01587,19.3531,-99.00767,19.3615
ageb,0900700014503,AGEB 4503 (Iztapalapa),09007,-99.01015,19.36973,-99.00596,19.37328
ageb,0900700015304,AGEB 5304 (Iztapalapa),09007,-99.00595,19.34121,-99.00184,19.34596
ageb,0900700015319,AGEB 5319 (Iztapalapa),09007,-98.99518,19.33573,-98.99212,19.34316
ageb,0900700015465,AGEB 5465 (Iztapalapa),09007,-99.06314,19.32348,-99.05987,19.32673
ageb,0900700015569,AGEB 5569 (Iztapalapa),09007,-99.02235,19.33544,-99.01806,19.34118
ageb,0900700015573,AGEB 5573 (Iztapalapa),09007,-99.02919,19.33063,-99.02496,19.33589
ageb,0900700015588,AGEB 5588 (Iztapalapa),09007,-99.02594,19.32872,-99.02267,19.33555
ageb,0900700015639,AGEB 5639 (Iztapalapa),09007,-99.05232,19.37832,-99.04912,19.38057
ageb,0900700015643,AGEB 5643 (Iztapalapa),09007,-99.05051,19.37744,-99.0479,19.37886
ageb,0900700015662,AGEB 5662 (Iztapalapa),09007,-99.04848,19.36653,-99.04023,19.3728
ageb,0900700015677,AGEB 5677 (Iztapalapa),09007,-99.04032,19.36437,-99.0332,19.36977
ageb,0900700015751,AGEB 5751 (Iztapalapa),09007,-99.00938,19.37268,-99.0064,19.37511
ageb,0900700015817,AGEB 5817 (Iztapalapa),09007,-99.05564,19.37231,-99.05444,19.37365
ageb,090070001586A,AGEB 586A (Iztapalapa),09007,-99.09446,19.3088,-99.09038,19.31428
ageb,0900700015821,AGEB 5821 (Iztapalapa),09007,-99.05369,19.37278,-99.05255,19.37416
ageb,0900700015836,AGEB 5836 (Iztapalapa),09007,-99.05411,19.37175,-99.05296,19.37307
ageb,0900700015840,AGEB 5840 (Iztapalapa),09007,-99.05339,19.3716,-99.05177,19.37395
ageb,0900700014715,AGEB 4715 (Iztapalapa),09007,-99.04923,19.35127,-99.04023,19.36954
ageb,0900700011301,AGEB 1301 (Iztapalapa),09007,-99.05215,19.34223,-99.04738,19.35084
ageb,0900700011091,AGEB 1091 (Iztapalapa),09007,-99.03568,19.35534,-99.02776,19.36437
ageb,0900700011246,AGEB 1246 (Iztapalapa),09007,-99.0762,19.34878,-99.06745,19.35703
ageb,0900700011369,AGEB 1369 (Iztapalapa),09007,-99.11325,19.33961,-99.1069,19.34989
ageb,0900700012691,AGEB 2691 (Iztapalapa),09007,-99.02098,19.34113,-99.01321,19.34907
ageb,0900700011636,AGEB 1636 (Iztapalapa),09007,-99.06108,19.33817,-99.05656,19.34287
ageb,090070001465A,AGEB 465A (Iztapalapa),09007,-99.0515,19.3699,-99.04835,19.3725
ageb,0900700011640,AGEB 1640 (Iztapalapa),09007,-99.0602,19.33821,-99.05175,19.34415
ageb,0900700011655,AGEB 1655 (Iztapalapa),09007,-99.05415,19.33822,-99.04753,19.34259
ageb,090070001166A,AGEB 166A (Iztapalapa),09007,-99.04758,19.34259,-99.04114,19.34584
ageb,0900700011674,AGEB 1674 (Iztapalapa),09007,-99.04187,19.34321,-99.03894,19.35148
ageb,0900700011689,AGEB 1689 (Iztapalapa),09007,-99.03957,19.34343,-99.03597,19.34966
ageb,0900700011693,AGEB 1693 (Iztapalapa),09007,-99.03645,19.34372,-99.03277,19.34842
ageb,0900700011706,AGEB 1706 (Iztapalapa),09007,-99.03398,19.34402,-99.02517,19.35295
ageb,0900700011710,AGEB 1710 (Iztapalapa),09007,-99.0282,19.34445,-99.01785,19.35087
ageb,0900700011763,AGEB 1763 (Iztapalapa),09007,-99.04137,19.33534,-99.03408,19.3439
ageb,0900700011960,AGEB 1960 (Iztapalapa),09007,-99.083,19.31689,-99.0755,19.32302
ageb,0900700011975,AGEB 1975 (Iztapalapa),09007,-99.07574,19.31837,-99.07019,19.32615
ageb,0900700010657,AGEB 0657 (Iztapalapa),09007,-99.13367,19.36197,-99.12677,19.36663
ageb,090070001198A,AGEB 198A (Iztapalapa),09007,-99.07552,19.31463,-99.06943,19.32253
ageb,0900700014560,AGEB 4560 (Iztapalapa),09007,-99.05922,19.37472,-99.05737,19.37641
ageb,090070001287A,AGEB 287A (Iztapalapa),09007,-99.05929,19.33145,-99.05569,19.33818
ageb,0900700012884,AGEB 2884 (Iztapalapa),09007,-99.05759,19.33495,-99.05127,19.33868
ageb,0900700012899,AGEB 2899 (Iztapalapa),09007,-99.0366,19.33476,-99.03136,19.34379
ageb,0900700014452,AGEB 4452 (Iztapalapa),09007,-99.09394,19.31437,-99.08864,19.31752
ageb,0900700012920,AGEB 2920 (Iztapalapa),09007,-98.99919,19.34064,-98.99397,19.34556
ageb,0900700012935,AGEB 2935 (Iztapalapa),09007,-98.99654,19.34274,-98.99039,19.34731
ageb,090070001294A,AGEB 294A (Iztapalapa),09007,-98.99148,19.34106,-98.98706,19.34558
ageb,0900700012954,AGEB 2954 (Iztapalapa),09007,-98.98801,19.34147,-98.98433,19.34624
ageb,0900700012973,AGEB 2973 (Iztapalapa),09007,-98.99251,19.33861,-98.98847,19.34276
ageb,0900700013030,AGEB 3030 (Iztapalapa),09007,-99.05223,19.32928,-99.04648,19.33487
ageb,0900700015855,AGEB 5855 (Iztapalapa),09007,-99.05301,19.37117,-99.05144,19.37237
ageb,0900700011138,AGEB 1138 (Iztapalapa),09007,-99.00831,19.3552,-98.99673,19.36643
ageb,0900700011142,AGEB 1142 (Iztapalapa),09007,-98.99939,19.36055,-98.99624,19.36389
ageb,0900700011157,AGEB 1157 (Iztapalapa),09007,-98.99639,19.36029,-98.99286,19.36375
ageb,0900700011208,AGEB 1208 (Iztapalapa),09007,-99.10778,19.34577,-99.10055,19.35622
ageb,0900700011250,AGEB 1250 (Iztapalapa),09007,-99.07287,19.34994,-99.064,19.35532
ageb,0900700011509,AGEB 1509 (Iztapalapa),09007,-99.04149,19.34824,-99.03457,19.35722
ageb,0900700010233,AGEB 0233 (Iztapalapa),09007,-99.05537,19.38081,-99.05196,19.38416
ageb,0900700011513,AGEB 1513 (Iztapalapa),09007,-99.03602,19.3472,-99.02602,19.35623
ageb,090070001159A,AGEB 159A (Iztapalapa),09007,-99.07826,19.33884,-99.07018,19.3473
ageb,0900700011566,AGEB 1566 (Iztapalapa),09007,-99.11738,19.33314,-99.10884,19.34619
ageb,0900700011621,AGEB 1621 (Iztapalapa),09007,-99.06535,19.3382,-99.05926,19.34491
ageb,0900700015906,AGEB 5906 (Iztapalapa),09007,-99.06558,19.32963,-99.06157,19.33355
ageb,0900700014429,AGEB 4429 (Iztapalapa),09007,-99.09614,19.31862,-99.09282,19.32222
ageb,0900700015056,AGEB 5056 (Iztapalapa),09007,-99.05397,19.32566,-99.05186,19.32772
ageb,0900700014556,AGEB 4556 (Iztapalapa),09007,-99.05132,19.37325,-99.04938,19.37554
ageb,0900700015802,AGEB 5802 (Iztapalapa),09007,-99.05518,19.37336,-99.05398,19.37478
ageb,0900700011814,AGEB 1814 (Iztapalapa),09007,-99.06437,19.33281,-99.05815,19.33876
ageb,0900700011890,AGEB 1890 (Iztapalapa),09007,-99.07994,19.32241,-99.07516,19.32863
ageb,0900700011918,AGEB 1918 (Iztapalapa),09007,-99.06888,19.32524,-99.06266,19.33085
ageb,0900700011848,AGEB 1848 (Iztapalapa),09007,-99.10999,19.32828,-99.10364,19.3327
ageb,0900700012140,AGEB 2140 (Iztapalapa),09007,-99.07896,19.30093,-99.07147,19.3072
ageb,0900700012155,AGEB 2155 (Iztapalapa),09007,-99.07438,19.29902,-99.06879,19.30501
ageb,090070001216A,AGEB 216A (Iztapalapa),09007,-99.07041,19.29884,-99.06675,19.30776
ageb,0900700012460,AGEB 2460 (Iztapalapa),09007,-99.10575,19.3664,-99.09709,19.37704
ageb,0900700012475,AGEB 2475 (Iztapalapa),09007,-99.1012,19.3668,-99.0815,19.37949
ageb,0900700012494,AGEB 2494 (Iztapalapa),09007,-99.00448,19.36369,-98.99461,19.36747
ageb,0900700012507,AGEB 2507 (Iztapalapa),09007,-99.00513,19.36103,-98.99927,19.36543
ageb,0900700012530,AGEB 2530 (Iztapalapa),09007,-99.0231,19.35242,-99.01346,19.36017
ageb,0900700012545,AGEB 2545 (Iztapalapa),09007,-99.02495,19.35011,-99.01507,19.35663
ageb,0900700012757,AGEB 2757 (Iztapalapa),09007,-99.02261,19.33753,-99.01561,19.34538
ageb,0900700014062,AGEB 4062 (Iztapalapa),09007,-99.0651,19.32396,-99.06068,19.32877
ageb,0900700011994,AGEB 1994 (Iztapalapa),09007,-99.07237,19.31736,-99.06353,19.32687
ageb,0900700012047,AGEB 2047 (Iztapalapa),09007,-99.07112,19.31122,-99.06065,19.31919
ageb,0900700012070,AGEB 2070 (Iztapalapa),09007,-99.08352,19.30354,-99.07817,19.30838
ageb,0900700012085,AGEB 2085 (Iztapalapa),09007,-99.08294,19.30586,-99.07632,19.31166
ageb,090070001209A,AGEB 209A (Iztapalapa),09007,-99.07712,19.30619,-99.07077,19.31212
ageb,0900700012102,AGEB 2102 (Iztapalapa),09007,-99.07141,19.30672,-99.06637,19.31376
ageb,0900700015484,AGEB 5484 (Iztapalapa),09007,-99.05799,19.37395,-99.0526,19.37857
ageb,0900700010074,AGEB 0074 (Iztapalapa),09007,-99.04954,19.38762,-99.04522,19.3923
ageb,090070001376A,AGEB 376A (Iztapalapa),09007,-99.09354,19.35603,-99.08656,19.35863
ageb,0900700014537,AGEB 4537 (Iztapalapa),09007,-99.05345,19.3746,-99.05102,19.37615
ageb,0900700010360,AGEB 0360 (Iztapalapa),09007,-99.11408,19.37342,-99.10697,19.37761
ageb,0900700014541,AGEB 4541 (Iztapalapa),09007,-99.05293,19.37357,-99.05055,19.37503
ageb,0900700012117,AGEB 2117 (Iztapalapa),09007,-99.07232,19.30409,-99.06799,19.3095
ageb,0900700013717,AGEB 3717 (Iztapalapa),09007,-98.99855,19.36467,-98.99538,19.36913
ageb,0900700010943,AGEB 0943 (Iztapalapa),09007,-99.11818,19.35693,-99.11384,19.36321
ageb,0900700010591,AGEB 0591 (Iztapalapa),09007,-99.03319,19.36641,-99.02734,19.37089
ageb,0900700011335,AGEB 1335 (Iztapalapa),09007,-99.00254,19.35534,-98.99897,19.3586
ageb,0900700011496,AGEB 1496 (Iztapalapa),09007,-99.04754,19.34525,-99.04141,19.34914
ageb,0900700013026,AGEB 3026 (Iztapalapa),09007,-99.06012,19.32722,-99.05595,19.33182
ageb,0900700014594,AGEB 4594 (Iztapalapa),09007,-99.05806,19.3726,-99.05469,19.37491
ageb,0900700014645,AGEB 4645 (Iztapalapa),09007,-99.05239,19.37149,-99.0458,19.37406
ageb,0900700014683,AGEB 4683 (Iztapalapa),09007,-99.03606,19.3661,-99.03215,19.36959
ageb,0900700010962,AGEB 0962 (Iztapalapa),09007,-99.10677,19.35585,-99.10022,19.36417
ageb,0900700010784,AGEB 0784 (Iztapalapa),09007,-99.02147,19.36277,-99.00991,19.37262
ageb,0900700010816,AGEB 0816 (Iztapalapa),09007,-99.12923,19.361,-99.12525,19.36574
ageb,0900700010820,AGEB 0820 (Iztapalapa),09007,-99.12584,19.36181,-99.1223,19.36552
ageb,0900700010835,AGEB 0835 (Iztapalapa),09007,-99.02612,19.35917,-99.01529,19.36661
ageb,090070001084A,AGEB 084A (Iztapalapa),09007,-99.02043,19.35805,-99.00646,19.36378
ageb,0900700010854,AGEB 0854 (Iztapalapa),09007,-99.01157,19.36151,-99.00602,19.36869
ageb,0900700011284,AGEB 1284 (Iztapalapa),09007,-99.05703,19.35006,-99.0527,19.35243
ageb,090070001141A,AGEB 141A (Iztapalapa),09007,-99.07821,19.34457,-99.07181,19.35106
ageb,0900700011424,AGEB 1424 (Iztapalapa),09007,-99.07354,19.34264,-99.06786,19.35034
ageb,0900700011439,AGEB 1439 (Iztapalapa),09007,-99.06988,19.34627,-99.064,19.35055
ageb,0900700012687,AGEB 2687 (Iztapalapa),09007,-99.08665,19.34314,-99.07808,19.34951
ageb,0900700012704,AGEB 2704 (Iztapalapa),09007,-99.00383,19.34528,-98.99536,19.34945
ageb,0900700012719,AGEB 2719 (Iztapalapa),09007,-98.99553,19.3445,-98.98901,19.35042
ageb,0900700012776,AGEB 2776 (Iztapalapa),09007,-99.02699,19.33571,-99.02232,19.34504
ageb,0900700012780,AGEB 2780 (Iztapalapa),09007,-99.01553,19.34058,-99.00763,19.34576
ageb,0900700011443,AGEB 1443 (Iztapalapa),09007,-99.06404,19.34573,-99.05953,19.35196
ageb,0900700012808,AGEB 2808 (Iztapalapa),09007,-99.06895,19.33894,-99.06217,19.34455
ageb,0900700012812,AGEB 2812 (Iztapalapa),09007,-99.07197,19.33883,-99.06534,19.34355
ageb,0900700012846,AGEB 2846 (Iztapalapa),09007,-99.07462,19.33458,-99.06581,19.33895
ageb,0900700012850,AGEB 2850 (Iztapalapa),09007,-99.06716,19.33353,-99.06189,19.33894
ageb,0900700014679,AGEB 4679 (Iztapalapa),09007,-99.03646,19.36865,-99.03491,19.37018
ageb,0900700013153,AGEB 3153 (Iztapalapa),09007,-98.98593,19.3384,-98.97954,19.34287
ageb,0900700013204,AGEB 3204 (Iztapalapa),09007,-99.03934,19.32563,-99.03489,19.33339
ageb,0900700013219,AGEB 3219 (Iztapalapa),09007,-99.03662,19.32598,-99.03171,19.33332
ageb,0900700013223,AGEB 3223 (Iztapalapa),09007,-99.03439,19.32911,-99.02777,19.33516
ageb,0900700013238,AGEB 3238 (Iztapalapa),09007,-99.02419,19.33226,-99.01804,19.33798
ageb,0900700013257,AGEB 3257 (Iztapalapa),09007,-99.01831,19.32896,-99.01266,19.33606
ageb,0900700013276,AGEB 3276 (Iztapalapa),09007,-99.02359,19.32873,-99.01746,19.33446
ageb,090070001351A,AGEB 351A (Iztapalapa),09007,-99.07813,19.29579,-99.07183,19.30123
ageb,0900700013558,AGEB 3558 (Iztapalapa),09007,-99.04738,19.38563,-99.04184,19.39095
ageb,0900700014081,AGEB 4081 (Iztapalapa),09007,-99.014,19.33547,-99.00889,19.34139
ageb,0900700014170,AGEB 4170 (Iztapalapa),09007,-99.0621,19.31869,-99.0554,19.32313
ageb,0900700014185,AGEB 4185 (Iztapalapa),09007,-99.06284,19.31544,-99.05791,19.32005
ageb,090070001419A,AGEB 419A (Iztapalapa),09007,-99.05556,19.32569,-99.0492,19.33004
ageb,0900700014202,AGEB 4202 (Iztapalapa),09007,-99.05122,19.32372,-99.04524,19.32729
ageb,090070001426A,AGEB 426A (Iztapalapa),09007,-98.97984,19.32703,-98.97422,19.3352
ageb,090070001508A,AGEB 508A (Iztapalapa),09007,-99.02176,19.32468,-99.01814,19.32916
ageb,0900700015094,AGEB 5094 (Iztapalapa),09007,-99.00913,19.36797,-99.00542,19.37079
ageb,0900700015111,AGEB 5111 (Iztapalapa),09007,-99.06605,19.35364,-99.06175,19.36033
ageb,0900700015450,AGEB 5450 (Iztapalapa),09007,-99.06159,19.32236,-99.05744,19.32835
ageb,0900700015431,AGEB 5431 (Iztapalapa),09007,-99.10837,19.36874,-99.1042,19.37343
ageb,0900700015446,AGEB 5446 (Iztapalapa),09007,-99.11241,19.36246,-99.10513,19.37018
ageb,090070001547A,AGEB 547A (Iztapalapa),09007,-99.0619,19.37596,-99.05144,19.38259
ageb,090070001038A,AGEB 038A (Iztapalapa),09007,-99.10747,19.37119,-99.10171,19.37734
ageb,0900700010604,AGEB 0604 (Iztapalapa),09007,-99.0307,19.36848,-99.02517,19.37311
ageb,090070001091A,AGEB 091A (Iztapalapa),09007,-99.13016,19.35925,-99.12226,19.36217
ageb,0900700010977,AGEB 0977 (Iztapalapa),09007,-99.1023,19.35589,-99.09364,19.36268
ageb,090070001390A,AGEB 390A (Iztapalapa),09007,-99.07917,19.3106,-99.07222,19.31689
ageb,0900700013914,AGEB 3914 (Iztapalapa),09007,-99.08104,19.30823,-99.07439,19.31357
ageb,0900700014927,AGEB 4927 (Iztapalapa),09007,-99.08656,19.35168,-99.07534,19.35824
ageb,0900700015785,AGEB 5785 (Iztapalapa),09007,-99.0577,19.37415,-99.05623,19.37605
ageb,090070001305A,AGEB 305A (Iztapalapa),09007,-99.04286,19.33289,-99.03304,19.33724
ageb,0900700014804,AGEB 4804 (Iztapalapa),09007,-99.08595,19.33881,-99.08274,19.34163
ageb,0900700010905,AGEB 0905 (Iztapalapa),09007,-99.13989,19.35653,-99.13011,19.36083
ageb,090070001262A,AGEB 262A (Iztapalapa),09007,-98.9994,19.34783,-98.99502,19.35585
ageb,0900700012634,AGEB 2634 (Iztapalapa),09007,-98.99843,19.35005,-98.99271,19.35385
ageb,0900700012649,AGEB 2649 (Iztapalapa),09007,-98.99448,19.34991,-98.98962,19.35633
ageb,0900700014611,AGEB 4611 (Iztapalapa),09007,-99.05488,19.37202,-99.05326,19.37447
ageb,0900700013562,AGEB 3562 (Iztapalapa),09007,-99.04376,19.3848,-99.03943,19.3899
ageb,0900700015412,AGEB 5412 (Iztapalapa),09007,-99.07237,19.28774,-99.06931,19.29015
ageb,090070001593A,AGEB 593A (Iztapalapa),09007,-99.08272,19.32683,-99.07887,19.32928
ageb,0900700015376,AGEB 5376 (Iztapalapa),09007,-99.0862,19.30861,-99.08266,19.31238
ageb,0900700014293,AGEB 4293 (Iztapalapa),09007,-98.97252,19.32474,-98.96299,19.33203
ageb,0900700012206,AGEB 2206 (Iztapalapa),09007,-99.06666,19.29486,-99.06279,19.29885
ageb,0900700012193,AGEB 2193 (Iztapalapa),09007,-99.06874,19.29372,-99.06578,19.29928
ageb,0900700015874,AGEB 5874 (Iztapalapa),09007,-99.09428,19.31043,-99.0893,19.31455
ageb,0900700012437,AGEB 2437 (Iztapalapa),09007,-99.04005,19.37198,-99.03515,19.37661
ageb,0900700012441,AGEB 2441 (Iztapalapa),09007,-99.03675,19.36964,-99.03052,19.37722
ageb,0900700011316,AGEB 1316 (Iztapalapa),09007,-99.04605,19.34805,-99.04167,19.3524
ageb,0900700010040,AGEB 0040 (Iztapalapa),09007,-99.04988,19.39095,-99.04325,19.39628
ageb,090070001013A,AGEB 013A (Iztapalapa),09007,-99.05715,19.38348,-99.05191,19.38787
ageb,0900700010197,AGEB 0197 (Iztapalapa),09007,-99.08756,19.38215,-99.08327,19.3861
ageb,0900700010248,AGEB 0248 (Iztapalapa),09007,-99.05398,19.38057,-99.05006,19.38381
ageb,0900700010407,AGEB 0407 (Iztapalapa),09007,-99.07869,19.37291,-99.07267,19.38188
ageb,0900700010411,AGEB 0411 (Iztapalapa),09007,-99.07357,19.3753,-99.0656,19.38123
ageb,0900700010426,AGEB 0426 (Iztapalapa),09007,-99.0743,19.3712,-99.06296,19.3765
ageb,0900700015747,AGEB 5747 (Iztapalapa),09007,-99.00863,19.37419,-99.00568,19.37688
ageb,090070001554A,AGEB 554A (Iztapalapa),09007,-99.07529,19.32517,-99.06888,19.32802
ageb,0900700010750,AGEB 0750 (Iztapalapa),09007,-99.09353,19.36027,-99.08031,19.37188
ageb,090070001077A,AGEB 077A (Iztapalapa),09007,-99.02761,19.36367,-99.01955,19.36897
ageb,0900700013149,AGEB 3149 (Iztapalapa),09007,-98.98907,19.33642,-98.98553,19.34215
ageb,0900700013365,AGEB 3365 (Iztapalapa),09007,-98.98672,19.33564,-98.98255,19.34003
ageb,090070001337A,AGEB 337A (Iztapalapa),09007,-99.06538,19.31584,-99.06004,19.32459
ageb,0900700013401,AGEB 3401 (Iztapalapa),09007,-99.04138,19.32243,-99.03345,19.32601
ageb,0900700014433,AGEB 4433 (Iztapalapa),09007,-99.09359,19.31706,-99.08729,19.32168
ageb,0900700013488,AGEB 3488 (Iztapalapa),09007,-99.08576,19.30238,-99.08001,19.30933
ageb,0900700013505,AGEB 3505 (Iztapalapa),09007,-99.08102,19.29923,-99.07483,19.30486
ageb,0900700014306,AGEB 4306 (Iztapalapa),09007,-99.08294,19.29854,-99.07943,19.3023
ageb,0900700014310,AGEB 4310 (Iztapalapa),09007,-99.08096,19.2962,-99.07672,19.30117
ageb,090070001433A,AGEB 433A (Iztapalapa),09007,-99.07357,19.29375,-99.06791,19.29915
ageb,0900700014382,AGEB 4382 (Iztapalapa),09007,-99.0711,19.28888,-99.06615,19.29194
ageb,0900700014414,AGEB 4414 (Iztapalapa),09007,-99.09199,19.31958,-99.07898,19.32694
ageb,0900700014664,AGEB 4664 (Iztapalapa),09007,-99.04032,19.3686,-99.03588,19.37304
ageb,0900700015041,AGEB 5041 (Iztapalapa),09007,-98.98203,19.33363,-98.97561,19.33858
ageb,0900700015060,AGEB 5060 (Iztapalapa),09007,-99.059,19.32298,-99.05092,19.33043
ageb,0900700015323,AGEB 5323 (Iztapalapa),09007,-98.99796,19.32674,-98.99085,19.33923
ageb,0900700015342,AGEB 5342 (Iztapalapa),09007,-99.01037,19.32727,-99.00413,19.33683
ageb,0900700012738,AGEB 2738 (Iztapalapa),09007,-99.01268,19.34138,-99.00498,19.34823
ageb,0900700011759,AGEB 1759 (Iztapalapa),09007,-99.04416,19.3367,-99.0397,19.34335
ageb,0900700015287,AGEB 5287 (Iztapalapa),09007,-99.12265,19.36938,-99.12016,19.3735
ageb,0900700013806,AGEB 3806 (Iztapalapa),09007,-99.10884,19.33931,-99.10043,19.34465
ageb,0900700014471,AGEB 4471 (Iztapalapa),09007,-99.08949,19.31291,-99.08655,19.31573
ageb,0900700011477,AGEB 1477 (Iztapalapa),09007,-99.05772,19.34565,-99.05273,19.35081
ageb,0900700011299,AGEB 1299 (Iztapalapa),09007,-99.05765,19.34211,-99.05066,19.35156
ageb,0900700013242,AGEB 3242 (Iztapalapa),09007,-99.00738,19.33589,-99.00144,19.34141
ageb,0900700013346,AGEB 3346 (Iztapalapa),09007,-99.00862,19.32517,-98.99539,19.33691
ageb,0900700015658,AGEB 5658 (Iztapalapa),09007,-99.05014,19.36979,-99.04021,19.37801
ageb,0900700015605,AGEB 5605 (Iztapalapa),09007,-99.04391,19.37276,-99.03707,19.3826
ageb,0900700013596,AGEB 3596 (Iztapalapa),09007,-99.05144,19.37534,-99.0395,19.38563
ageb,0900700015183,AGEB 5183 (Iztapalapa),09007,-99.05276,19.37517,-99.04969,19.37836
ageb,0900700014749,AGEB 4749 (Iztapalapa),09007,-99.05368,19.31786,-99.04623,19.32584
ageb,0900700012051,AGEB 2051 (Iztapalapa),09007,-99.06182,19.31076,-99.04661,19.32109
ageb,0900700013327,AGEB 3327 (Iztapalapa),09007,-99.06063,19.32021,-99.05218,19.32651
ageb,0900700015130,AGEB 5130 (Iztapalapa),09007,-99.07108,19.332,-99.06343,19.33485
ageb,0900700014151,AGEB 4151 (Iztapalapa),09007,-99.07442,19.33092,-99.06981,19.33354
ageb,0900700010445,AGEB 0445 (Iztapalapa),09007,-99.03782,19.37557,-99.02708,19.38256
ageb,0900700015253,AGEB 5253 (Iztapalapa),09007,-99.03339,19.37522,-99.02583,19.37976
ageb,0900700010464,AGEB 0464 (Iztapalapa),09007,-99.02852,19.36998,-99.02154,19.38104
ageb,0900700010252,AGEB 0252 (Iztapalapa),09007,-99.05253,19.3829,-99.04848,19.38682
ageb,0900700010144,AGEB 0144 (Iztapalapa),09007,-99.05077,19.38557,-99.04726,19.38885
ageb,0900700010036,AGEB 0036 (Iztapalapa),09007,-99.05549,19.38487,-99.04756,19.39536
ageb,0900700012511,AGEB 2511 (Iztapalapa),09007,-99.12703,19.36446,-99.12414,19.36872
ageb,0900700012526,AGEB 2526 (Iztapalapa),09007,-99.12502,19.36503,-99.12244,19.36938
ageb,0900700014344,AGEB 4344 (Iztapalapa),09007,-99.07722,19.29098,-99.06684,19.29502
ageb,0900700014734,AGEB 4734 (Iztapalapa),09007,-99.05373,19.34873,-99.04585,19.35683
ageb,0900700011049,AGEB 1049 (Iztapalapa),09007,-99.058,19.35686,-99.05302,19.36312
ageb,090070001472A,AGEB 472A (Iztapalapa),09007,-99.05366,19.35671,-99.04898,19.36267
ageb,0900700015395,AGEB 5395 (Iztapalapa),09007,-99.04707,19.3122,-99.04263,19.31638
ageb,0900700011481,AGEB 1481 (Iztapalapa),09007,-99.05757,19.34295,-99.05316,19.34758
ageb,0900700013581,AGEB 3581 (Iztapalapa),09007,-99.04861,19.38294,-99.04259,19.38743
ageb,0900700014113,AGEB 4113 (Iztapalapa),09007,-99.07488,19.3331,-99.07074,19.33884
ageb,0900700014522,AGEB 4522 (Iztapalapa),09007,-99.05382,19.37538,-99.05079,19.37706
ageb,0900700014698,AGEB 4698 (Iztapalapa),09007,-99.06848,19.36312,-99.05603,19.37635
ageb,0900700015179,AGEB 5179 (Iztapalapa),09007,-99.05392,19.37665,-99.04928,19.37998
ageb,0900700015198,AGEB 5198 (Iztapalapa),09007,-99.0585,19.36494,-99.04688,19.37378
ageb,090070001515A,AGEB 515A (Iztapalapa),09007,-99.0759,19.28937,-99.07029,19.29199
ageb,0900700015126,AGEB 5126 (Iztapalapa),09007,-99.06348,19.35344,-99.06043,19.36006
ageb,0900700015268,AGEB 5268 (Iztapalapa),09007,-99.03159,19.37089,-99.02538,19.37693
ageb,0900700015200,AGEB 5200 (Iztapalapa),09007,-99.05679,19.36225,-99.04759,19.36833
ageb,0900700010356,AGEB 0356 (Iztapalapa),09007,-99.11378,19.37657,-99.10735,19.38164
ageb,0900700011778,AGEB 1778 (Iztapalapa),09007,-99.10894,19.33352,-99.10056,19.33961
ageb,0900700013825,AGEB 3825 (Iztapalapa),09007,-99.10599,19.33787,-99.09986,19.34234
ageb,0900700011265,AGEB 1265 (Iztapalapa),09007,-99.07096,19.35117,-99.05874,19.35506
ageb,0900700011053,AGEB 1053 (Iztapalapa),09007,-99.05907,19.35173,-99.0532,19.35773
ageb,090070001127A,AGEB 127A (Iztapalapa),09007,-99.06019,19.34689,-99.05665,19.35317
ageb,0900700015624,AGEB 5624 (Iztapalapa),09007,-99.09083,19.30416,-99.08249,19.31341
ageb,090070001401A,AGEB 401A (Iztapalapa),09007,-99.1033,19.33367,-99.10037,19.33774
ageb,0900700011833,AGEB 1833 (Iztapalapa),09007,-99.11071,19.33147,-99.10074,19.33504
ageb,0900700014109,AGEB 4109 (Iztapalapa),09007,-99.03462,19.32227,-99.02742,19.32664
ageb,0900700014096,AGEB 4096 (Iztapalapa),09007,-99.03286,19.32578,-99.02728,19.33179
ageb,0900700013859,AGEB 3859 (Iztapalapa),09007,-99.05016,19.334,-99.0477,19.33884
ageb,0900700013863,AGEB 3863 (Iztapalapa),09007,-99.04776,19.33444,-99.04383,19.34294
ageb,0900700015499,AGEB 5499 (Iztapalapa),09007,-99.04313,19.3173,-99.03746,19.32371
ageb,0900700014791,AGEB 4791 (Iztapalapa),09007,-99.07818,19.35775,-99.0752,19.36169
ageb,0900700014912,AGEB 4912 (Iztapalapa),09007,-99.0857,19.3542,-99.07447,19.36075
ageb,0900700015145,AGEB 5145 (Iztapalapa),09007,-99.07046,19.32849,-99.06466,19.33287
ageb,0900700015535,AGEB 5535 (Iztapalapa),09007,-99.07516,19.32687,-99.06752,19.32988
ageb,0900700011388,AGEB 1388 (Iztapalapa),09007,-99.10761,19.34139,-99.09673,19.34793
ageb,0900700014024,AGEB 4024 (Iztapalapa),09007,-99.10095,19.33326,-99.09183,19.3415
ageb,0900700015501,AGEB 5501 (Iztapalapa),09007,-99.04134,19.31666,-99.03728,19.32157
ageb,0900700015516,AGEB 5516 (Iztapalapa),09007,-99.04057,19.31468,-99.03478,19.32315
ageb,0900700015520,AGEB 5520 (Iztapalapa),09007,-99.04262,19.31551,-99.03981,19.31987
ageb,0900700013045,AGEB 3045 (Iztapalapa),09007,-99.04664,19.3296,-99.04277,19.33795
ageb,0900700013295,AGEB 3295 (Iztapalapa),09007,-99.04782,19.32536,-99.04338,19.33089
ageb,0900700015357,AGEB 5357 (Iztapalapa),09007,-99.08505,19.3149,-99.07671,19.31822
ageb,0900700015361,AGEB 5361 (Iztapalapa),09007,-99.08689,19.30986,-99.07655,19.31692
ageb,0900700011585,AGEB 1585 (Iztapalapa),09007,-99.09389,19.329,-99.07462,19.34539
ageb,0900700013990,AGEB 3990 (Iztapalapa),09007,-99.08655,19.33555,-99.08142,19.33928
ageb,0900700015709,AGEB 5709 (Iztapalapa),09007,-99.0856,19.33469,-99.08017,19.33855
ageb,0900700015215,AGEB 5215 (Iztapalapa),09007,-99.08577,19.32802,-99.07494,19.33358
ageb,0900700014931,AGEB 4931 (Iztapalapa),09007,-99.01166,19.34667,-99.00525,19.3506
ageb,0900700012579,AGEB 2579 (Iztapalapa),09007,-99.01257,19.35015,-99.00437,19.35631
ageb,0900700012600,AGEB 2600 (Iztapalapa),09007,-99.01833,19.34681,-99.01021,19.35348
ageb,0900700014240,AGEB 4240 (Iztapalapa),09007,-99.02819,19.32477,-99.02388,19.3317
ageb,0900700015075,AGEB 5075 (Iztapalapa),09007,-99.02635,19.3261,-99.02037,19.33121
ageb,0900700010055,AGEB 0055 (Iztapalapa),09007,-99.08461,19.38725,-99.07993,19.39257
ageb,0900700010106,AGEB 0106 (Iztapalapa),09007,-99.08782,19.3857,-99.08374,19.39015
ageb,0900700010110,AGEB 0110 (Iztapalapa),09007,-99.08423,19.38527,-99.08054,19.38942
ageb,0900700010731,AGEB 0731 (Iztapalapa),09007,-99.10443,19.35998,-99.09408,19.36906
ageb,0900700013577,AGEB 3577 (Iztapalapa),09007,-99.04144,19.38294,-99.03684,19.38764
ageb,090070001255A,AGEB 255A (Iztapalapa),09007,-99.08566,19.34753,-99.07845,19.35587
ageb,0900700013774,AGEB 3774 (Iztapalapa),09007,-99.09289,19.35074,-99.08385,19.35667
ageb,0900700013971,AGEB 3971 (Iztapalapa),09007,-99.08815,19.34794,-99.08271,19.3544
ageb,0900700010286,AGEB 0286 (Iztapalapa),09007,-99.03717,19.38069,-99.03056,19.38616
ageb,0900700010290,AGEB 0290 (Iztapalapa),09007,-99.03725,19.37991,-99.03286,19.38341
ageb,0900700010303,AGEB 0303 (Iztapalapa),09007,-99.03758,19.37888,-99.03384,19.38236
ageb,0900700013740,AGEB 3740 (Iztapalapa),09007,-99.10306,19.35117,-99.09679,19.35645
ageb,0900700011227,AGEB 1227 (Iztapalapa),09007,-99.09869,19.35033,-99.09182,19.35777
ageb,0900700014236,AGEB 4236 (Iztapalapa),09007,-99.04535,19.31778,-99.04096,19.32525
ageb,0900700015732,AGEB 5732 (Iztapalapa),09007,-99.04764,19.31983,-99.04291,19.32536
ageb,0900700015380,AGEB 5380 (Iztapalapa),09007,-99.04881,19.31338,-99.04043,19.32067
ageb,0900700013755,AGEB 3755 (Iztapalapa),09007,-99.0988,19.34764,-99.09323,19.35276
ageb,0900700013793,AGEB 3793 (Iztapalapa),09007,-99.10146,19.34614,-99.09694,19.35296
ageb,0900700012672,AGEB 2672 (Iztapalapa),09007,-99.09947,19.33682,-99.0837,19.35021
ageb,0900700015728,AGEB 5728 (Iztapalapa),09007,-99.04717,19.32143,-99.04346,19.32478
ageb,0900700010746,AGEB 0746 (Iztapalapa),09007,-99.09912,19.35645,-99.09065,19.36692
ageb,0900700015713,AGEB 5713 (Iztapalapa),09007,-99.08714,19.33284,-99.08093,19.33574
ageb,090070001522A,AGEB 522A (Iztapalapa),09007,-99.08849,19.32925,-99.08201,19.33198
ageb,0900700015592,AGEB 5592 (Iztapalapa),09007,-99.03964,19.37655,-99.0351,19.38559
ageb,0900700013670,AGEB 3670 (Iztapalapa),09007,-99.07616,19.35631,-99.07024,19.366
ageb,0900700014166,AGEB 4166 (Iztapalapa),09007,-99.07505,19.32906,-99.07012,19.33177
ageb,0900700014217,AGEB 4217 (Iztapalapa),09007,-99.04929,19.32203,-99.04455,19.32564
ageb,0900700012988,AGEB 2988 (Iztapalapa),09007,-99.10162,19.32983,-99.093,19.33422
ageb,0900700015893,AGEB 5893 (Iztapalapa),09007,-99.09224,19.32857,-99.0866,19.33579
ageb,0900700015889,AGEB 5889 (Iztapalapa),09007,-99.08883,19.33177,-99.08544,19.33409
ageb,0900700013810,AGEB 3810 (Iztapalapa),09007,-99.10702,19.33932,-99.10257,19.34326
ageb,0900700014467,AGEB 4467 (Iztapalapa),09007,-99.08893,19.31459,-99.0848,19.31706
ageb,0900700010534,AGEB 0534 (Iztapalapa),09007,-99.11863,19.36957,-99.10784,19.3736
ageb,0900700015272,AGEB 5272 (Iztapalapa),09007,-99.12266,19.36943,-99.11711,19.37574
ageb,0900700013647,AGEB 3647 (Iztapalapa),09007,-99.11754,19.37146,-99.11204,19.37454
ageb,0900700012653,AGEB 2653 (Iztapalapa),09007,-98.99266,19.34649,-98.98849,19.3537
ageb,0900700012668,AGEB 2668 (Iztapalapa),09007,-98.98996,19.34533,-98.98603,19.35289
ageb,0900700012901,AGEB 2901 (Iztapalapa),09007,-99.03291,19.33333,-99.02629,19.33914
ageb,0900700014999,AGEB 4999 (Iztapalapa),09007,-99.03408,19.33865,-99.02666,19.34462
ageb,0900700015003,AGEB 5003 (Iztapalapa),09007,-99.02928,19.33785,-99.02533,19.34476
ageb,0900700013064,AGEB 3064 (Iztapalapa),09007,-99.0428,19.32512,-99.03715,19.33436
ageb,0900700013079,AGEB 3079 (Iztapalapa),09007,-99.04455,19.32486,-99.03919,19.33272
ageb,0900700012723,AGEB 2723 (Iztapalapa),09007,-98.98731,19.34123,-98.97727,19.35026
ageb,0900700012564,AGEB 2564 (Iztapalapa),09007,-99.00738,19.34945,-98.99918,19.35753
ageb,0900700012615,AGEB 2615 (Iztapalapa),09007,-99.0041,19.34861,-98.99865,19.35499
ageb,0900700012969,AGEB 2969 (Iztapalapa),09007,-98.98513,19.34102,-98.98012,19.34574
ageb,0900700013721,AGEB 3721 (Iztapalapa),09007,-99.06698,19.36001,-99.06014,19.3641
ageb,0900700011034,AGEB 1034 (Iztapalapa),09007,-99.06206,19.35322,-99.05679,19.36342
ageb,0900500012502,AGEB 2502 (Gustavo A. Madero),09005,-99.12836,19.57124,-99.11239,19.59276
ageb,0901600010938,AGEB 0938 (Miguel Hidalgo),09016,-99.22804,19.41538,-99.22452,19.41694
