anio,nivel,cve,nombre,num,den,pct,tipo
2020,nacional,00,Estados Unidos Mexicanos,11979483,126014024,9.5065,
2020,entidad,01,Aguascalientes,5910,1425607,0.4146,
2020,entidad,02,Baja California,106000,3769020,2.8124,
2020,entidad,03,Baja California Sur,30268,798447,3.7909,
2020,entidad,04,Campeche,184544,928363,19.8784,
2020,entidad,05,Coahuila de Zaragoza,12506,3146771,0.3974,
2020,entidad,06,Colima,10048,731391,1.3738,
2020,entidad,07,Chiapas,1849438,5543828,33.3603,
2020,entidad,08,Chihuahua,161905,3741869,4.3268,
2020,entidad,09,Ciudad de México,302916,9209944,3.289,
2020,entidad,10,Durango,60285,1832650,3.2895,
2020,entidad,11,Guanajuato,28612,6166934,0.464,
2020,entidad,12,Guerrero,702830,3540685,19.8501,
2020,entidad,13,Hidalgo,589828,3082841,19.1326,
2020,entidad,14,Jalisco,113728,8348151,1.3623,
2020,entidad,15,México,1042401,16992418,6.1345,
2020,entidad,16,Michoacán de Ocampo,234858,4748846,4.9456,
2020,entidad,17,Morelos,85277,1971520,4.3254,
2020,entidad,18,Nayarit,93929,1235456,7.6028,
2020,entidad,19,Nuevo León,165693,5784442,2.8645,
2020,entidad,20,Oaxaca,1799019,4132148,43.5371,
2020,entidad,21,Puebla,1054365,6583278,16.0158,
2020,entidad,22,Querétaro,64051,2368467,2.7043,
2020,entidad,23,Quintana Roo,427625,1857985,23.0155,
2020,entidad,24,San Luis Potosí,340398,2822255,12.0612,
2020,entidad,25,Sinaloa,65800,3026943,2.1738,
2020,entidad,26,Sonora,131432,2944840,4.4631,
2020,entidad,27,Tabasco,158385,2402598,6.5922,
2020,entidad,28,Tamaulipas,59942,3527735,1.6992,
2020,entidad,29,Tlaxcala,69135,1342977,5.1479,
2020,entidad,30,Veracruz de Ignacio de la Llave,1027893,8062579,12.7489,
2020,entidad,31,Yucatán,991733,2320898,42.7306,
2020,entidad,32,Zacatecas,8729,1622138,0.5381,
2020,municipio,01001,Aguascalientes,4318,948990,0.455,"Menos de 40 % y menos de 5,000 indígenas"
2020,municipio,01002,Asientos,45,51536,0.0873,"Menos de 40 % y menos de 5,000 indígenas"
2020,municipio,01003,Calvillo,183,58250,0.3142,"Menos de 40 % y menos de 5,000 indígenas"
2020,municipio,01004,Cosío,17,17000,0.1,"Menos de 40 % y menos de 5,000 indígenas"
2020,municipio,01005,Jesús María,416,129929,0.3202,"Menos de 40 % y menos de 5,000 indígenas"
2020,municipio,01006,Pabellón de Arteaga,121,47646,0.254,"Menos de 40 % y menos de 5,000 indígenas"
2020,municipio,01007,Rincón de Romos,442,57369,0.7705,"Menos de 40 % y menos de 5,000 indígenas"
2020,municipio,01008,San José de Gracia,31,9552,0.3245,"Menos de 40 % y menos de 5,000 indígenas"
2020,municipio,01009,Tepezalá,37,22485,0.1646,"Menos de 40 % y menos de 5,000 indígenas"
2020,municipio,01010,El Llano,27,20853,0.1295,"Menos de 40 % y menos de 5,000 indígenas"
2020,municipio,01011,San Francisco de los Romo,273,61997,0.4403,"Menos de 40 % y menos de 5,000 indígenas"
2020,municipio,02001,Ensenada,24196,443807,5.4519,"Menos de 40 % y más de 5,000 indígenas (o pueblos con pocos hablantes)"
2020,municipio,02002,Mexicali,11313,1049792,1.0776,"Menos de 40 % y más de 5,000 indígenas (o pueblos con pocos hablantes)"
2020,municipio,02003,Tecate,1641,108440,1.5133,"Menos de 40 % y más de 5,000 indígenas (o pueblos con pocos hablantes)"
2020,municipio,02004,Tijuana,29736,1922523,1.5467,"Menos de 40 % y más de 5,000 indígenas (o pueblos con pocos hablantes)"
2020,municipio,02005,Playas de Rosarito,2921,126890,2.302,"Menos de 40 % y más de 5,000 indígenas (o pueblos con pocos hablantes)"
2020,municipio,02006,San Quintín,36193,117568,30.7847,"Menos de 40 % y más de 5,000 indígenas (o pueblos con pocos hablantes)"
2020,municipio,03001,Comondú,1682,73021,2.3034,"Menos de 40 % y menos de 5,000 indígenas"
2020,municipio,03002,Mulegé,6408,64022,10.0091,"Menos de 40 % y más de 5,000 indígenas (o pueblos con pocos hablantes)"
2020,municipio,03003,La Paz,6793,292241,2.3245,"Menos de 40 % y más de 5,000 indígenas (o pueblos con pocos hablantes)"
2020,municipio,03008,Los Cabos,14907,351111,4.2457,"Menos de 40 % y más de 5,000 indígenas (o pueblos con pocos hablantes)"
2020,municipio,03009,Loreto,478,18052,2.6479,"Menos de 40 % y menos de 5,000 indígenas"
2020,municipio,04001,Calkiní,45277,59232,76.4401,40 % y más de población indígena
2020,municipio,04002,Campeche,35357,294077,12.023,"Menos de 40 % y más de 5,000 indígenas (o pueblos con pocos hablantes)"
2020,municipio,04003,Carmen,8308,248845,3.3386,"Menos de 40 % y más de 5,000 indígenas (o pueblos con pocos hablantes)"
2020,municipio,04004,Champotón,16667,78170,21.3215,"Menos de 40 % y más de 5,000 indígenas (o pueblos con pocos hablantes)"
2020,municipio,04005,Hecelchakán,20705,31917,64.8714,40 % y más de población indígena
2020,municipio,04006,Hopelchén,26550,42140,63.0043,40 % y más de población indígena
2020,municipio,04007,Palizada,220,8683,2.5337,"Menos de 40 % y menos de 5,000 indígenas"
2020,municipio,04008,Tenabo,4774,11452,41.687,40 % y más de población indígena
2020,municipio,04009,Escárcega,7281,59923,12.1506,"Menos de 40 % y más de 5,000 indígenas (o pueblos con pocos hablantes)"
2020,municipio,04010,Calakmul,12433,31714,39.2035,"Menos de 40 % y más de 5,000 indígenas (o pueblos con pocos hablantes)"
2020,municipio,04011,Candelaria,5701,46913,12.1523,"Menos de 40 % y más de 5,000 indígenas (o pueblos con pocos hablantes)"
2020,municipio,04012,Seybaplaya,1271,15297,8.3088,"Menos de 40 % y menos de 5,000 indígenas"
2020,municipio,05001,Abasolo,3,1022,0.2935,"Menos de 40 % y menos de 5,000 indígenas"
2020,municipio,05002,Acuña,1167,163058,0.7157,"Menos de 40 % y menos de 5,000 indígenas"
2020,municipio,05003,Allende,29,23056,0.1258,"Menos de 40 % y menos de 5,000 indígenas"
2020,municipio,05004,Arteaga,150,29578,0.5071,"Menos de 40 % y menos de 5,000 indígenas"
2020,municipio,05005,Candela,0,1643,0.0,Sin población indígena
2020,municipio,05006,Castaños,31,29128,0.1064,"Menos de 40 % y menos de 5,000 indígenas"
2020,municipio,05007,Cuatro Ciénegas,34,12715,0.2674,"Menos de 40 % y menos de 5,000 indígenas"
2020,municipio,05008,Escobedo,1,3047,0.0328,"Menos de 40 % y menos de 5,000 indígenas"
2020,municipio,05009,Francisco I. Madero,132,59035,0.2236,"Menos de 40 % y menos de 5,000 indígenas"
2020,municipio,05010,Frontera,131,82409,0.159,"Menos de 40 % y menos de 5,000 indígenas"
2020,municipio,05011,General Cepeda,4,11898,0.0336,"Menos de 40 % y menos de 5,000 indígenas"
2020,municipio,05012,Guerrero,18,1643,1.0956,"Menos de 40 % y menos de 5,000 indígenas"
2020,municipio,05013,Hidalgo,0,1735,0.0,Sin población indígena
2020,municipio,05014,Jiménez,7,9502,0.0737,"Menos de 40 % y menos de 5,000 indígenas"
2020,municipio,05015,Juárez,0,1584,0.0,Sin población indígena
2020,municipio,05016,Lamadrid,3,1764,0.1701,"Menos de 40 % y menos de 5,000 indígenas"
2020,municipio,05017,Matamoros,485,118337,0.4098,"Menos de 40 % y menos de 5,000 indígenas"
2020,municipio,05018,Monclova,553,237951,0.2324,"Menos de 40 % y menos de 5,000 indígenas"
2020,municipio,05019,Morelos,5,7928,0.0631,"Menos de 40 % y menos de 5,000 indígenas"
2020,municipio,05020,Múzquiz,261,71627,0.3644,"Menos de 40 % y más de 5,000 indígenas (o pueblos con pocos hablantes)"
2020,municipio,05021,Nadadores,19,6539,0.2906,"Menos de 40 % y menos de 5,000 indígenas"
2020,municipio,05022,Nava,59,33129,0.1781,"Menos de 40 % y menos de 5,000 indígenas"
2020,municipio,05023,Ocampo,8,9642,0.083,"Menos de 40 % y menos de 5,000 indígenas"
2020,municipio,05024,Parras,131,44472,0.2946,"Menos de 40 % y menos de 5,000 indígenas"
2020,municipio,05025,Piedras Negras,674,176327,0.3822,"Menos de 40 % y menos de 5,000 indígenas"
2020,municipio,05026,Progreso,1,3239,0.0309,"Menos de 40 % y menos de 5,000 indígenas"
2020,municipio,05027,Ramos Arizpe,926,122243,0.7575,"Menos de 40 % y menos de 5,000 indígenas"
2020,municipio,05028,Sabinas,207,64811,0.3194,"Menos de 40 % y menos de 5,000 indígenas"
2020,municipio,05029,Sacramento,0,2471,0.0,Sin población indígena
2020,municipio,05030,Saltillo,4834,879958,0.5493,"Menos de 40 % y menos de 5,000 indígenas"
2020,municipio,05031,San Buenaventura,39,24759,0.1575,"Menos de 40 % y menos de 5,000 indígenas"
2020,municipio,05032,San Juan de Sabinas,58,42260,0.1372,"Menos de 40 % y menos de 5,000 indígenas"
2020,municipio,05033,San Pedro,375,101041,0.3711,"Menos de 40 % y menos de 5,000 indígenas"
2020,municipio,05034,Sierra Mojada,28,6744,0.4152,"Menos de 40 % y menos de 5,000 indígenas"
2020,municipio,05035,Torreón,2082,720848,0.2888,"Menos de 40 % y menos de 5,000 indígenas"
2020,municipio,05036,Viesca,25,20305,0.1231,"Menos de 40 % y menos de 5,000 indígenas"
2020,municipio,05037,Villa Unión,3,6188,0.0485,"Menos de 40 % y menos de 5,000 indígenas"
2020,municipio,05038,Zaragoza,23,13135,0.1751,"Menos de 40 % y menos de 5,000 indígenas"
2020,municipio,06001,Armería,211,27626,0.7638,"Menos de 40 % y menos de 5,000 indígenas"
2020,municipio,06002,Colima,1326,157048,0.8443,"Menos de 40 % y menos de 5,000 indígenas"
2020,municipio,06003,Comala,121,21661,0.5586,"Menos de 40 % y menos de 5,000 indígenas"
2020,municipio,06004,Coquimatlán,290,20837,1.3918,"Menos de 40 % y menos de 5,000 indígenas"
2020,municipio,06005,Cuauhtémoc,1793,31267,5.7345,"Menos de 40 % y menos de 5,000 indígenas"
2020,municipio,06006,Ixtlahuacán,50,5623,0.8892,"Menos de 40 % y menos de 5,000 indígenas"
2020,municipio,06007,Manzanillo,2197,191031,1.1501,"Menos de 40 % y menos de 5,000 indígenas"
2020,municipio,06008,Minatitlán,56,10231,0.5474,"Menos de 40 % y menos de 5,000 indígenas"
2020,municipio,06009,Tecomán,3084,116305,2.6516,"Menos de 40 % y menos de 5,000 indígenas"
2020,municipio,06010,Villa de Álvarez,920,149762,0.6143,"Menos de 40 % y menos de 5,000 indígenas"
2020,municipio,07001,Acacoyagua,146,17994,0.8114,"Menos de 40 % y menos de 5,000 indígenas"
2020,municipio,07002,Acala,2432,21187,11.4787,"Menos de 40 % y menos de 5,000 indígenas"
2020,municipio,07003,Acapetahua,73,26899,0.2714,"Menos de 40 % y menos de 5,000 indígenas"
2020,municipio,07004,Altamirano,28011,36160,77.464,40 % y más de población indígena
2020,municipio,07005,Amatán,9729,24512,39.6908,"Menos de 40 % y más de 5,000 indígenas (o pueblos con pocos hablantes)"
2020,municipio,07006,Amatenango de la Frontera,1431,31735,4.5092,"Menos de 40 % y más de 5,000 indígenas (o pueblos con pocos hablantes)"
2020,municipio,07007,Amatenango del Valle,9273,11283,82.1856,40 % y más de población indígena
2020,municipio,07008,Angel Albino Corzo,2082,31947,6.517,"Menos de 40 % y menos de 5,000 indígenas"
2020,municipio,07009,Arriaga,526,41135,1.2787,"Menos de 40 % y menos de 5,000 indígenas"
2020,municipio,07010,Bejucal de Ocampo,73,7365,0.9912,"Menos de 40 % y menos de 5,000 indígenas"
2020,municipio,07011,Bella Vista,424,20157,2.1035,"Menos de 40 % y menos de 5,000 indígenas"
2020,municipio,07012,Berriozábal,4752,64632,7.3524,"Menos de 40 % y menos de 5,000 indígenas"
2020,municipio,07013,Bochil,20225,37263,54.2764,40 % y más de población indígena
2020,municipio,07014,El Bosque,23773,24273,97.9401,40 % y más de población indígena
2020,municipio,07015,Cacahoatán,3566,50112,7.1161,"Menos de 40 % y menos de 5,000 indígenas"
2020,municipio,07016,Catazajá,884,17619,5.0173,"Menos de 40 % y menos de 5,000 indígenas"
2020,municipio,07017,Cintalapa,8354,88106,9.4818,"Menos de 40 % y más de 5,000 indígenas (o pueblos con pocos hablantes)"
2020,municipio,07018,Coapilla,2077,9900,20.9798,"Menos de 40 % y menos de 5,000 indígenas"
2020,municipio,07019,Comitán de Domínguez,12341,166178,7.4264,"Menos de 40 % y más de 5,000 indígenas (o pueblos con pocos hablantes)"
2020,municipio,07020,La Concordia,5291,49920,10.599,"Menos de 40 % y más de 5,000 indígenas (o pueblos con pocos hablantes)"
2020,municipio,07021,Copainalá,3887,22192,17.5153,"Menos de 40 % y menos de 5,000 indígenas"
2020,municipio,07022,Chalchihuitán,21892,21915,99.895,40 % y más de población indígena
2020,municipio,07023,Chamula,101748,101967,99.7852,40 % y más de población indígena
2020,municipio,07024,Chanal,13667,13678,99.9196,40 % y más de población indígena
2020,municipio,07025,Chapultenango,7175,7472,96.0252,40 % y más de población indígena
2020,municipio,07026,Chenalhó,47173,47371,99.582,40 % y más de población indígena
2020,municipio,07027,Chiapa de Corzo,7394,112075,6.5974,"Menos de 40 % y más de 5,000 indígenas (o pueblos con pocos hablantes)"
2020,municipio,07028,Chiapilla,369,6156,5.9942,"Menos de 40 % y menos de 5,000 indígenas"
2020,municipio,07029,Chicoasén,697,5402,12.9026,"Menos de 40 % y menos de 5,000 indígenas"
2020,municipio,07030,Chicomuselo,496,36785,1.3484,"Menos de 40 % y menos de 5,000 indígenas"
2020,municipio,07031,Chilón,134435,137262,97.9404,40 % y más de población indígena
2020,municipio,07032,Escuintla,344,30896,1.1134,"Menos de 40 % y menos de 5,000 indígenas"
2020,municipio,07033,Francisco León,6079,7245,83.9061,40 % y más de población indígena
2020,municipio,07034,Frontera Comalapa,2757,80897,3.408,"Menos de 40 % y más de 5,000 indígenas (o pueblos con pocos hablantes)"
2020,municipio,07035,Frontera Hidalgo,125,14556,0.8588,"Menos de 40 % y menos de 5,000 indígenas"
2020,municipio,07036,La Grandeza,154,7701,1.9997,"Menos de 40 % y menos de 5,000 indígenas"
2020,municipio,07037,Huehuetán,218,36333,0.6,"Menos de 40 % y menos de 5,000 indígenas"
2020,municipio,07038,Huixtán,22477,22975,97.8324,40 % y más de población indígena
2020,municipio,07039,Huitiupán,20582,27893,73.7891,40 % y más de población indígena
2020,municipio,07040,Huixtla,929,53242,1.7449,"Menos de 40 % y menos de 5,000 indígenas"
2020,municipio,07041,La Independencia,3318,46409,7.1495,"Menos de 40 % y más de 5,000 indígenas (o pueblos con pocos hablantes)"
2020,municipio,07042,Ixhuatán,5735,11377,50.4087,40 % y más de población indígena
2020,municipio,07043,Ixtacomitán,3626,10961,33.0809,"Menos de 40 % y menos de 5,000 indígenas"
2020,municipio,07044,Ixtapa,8237,28999,28.4044,"Menos de 40 % y más de 5,000 indígenas (o pueblos con pocos hablantes)"
2020,municipio,07045,Ixtapangajoya,1179,6284,18.7619,"Menos de 40 % y menos de 5,000 indígenas"
2020,municipio,07046,Jiquipilas,3671,41063,8.9399,"Menos de 40 % y menos de 5,000 indígenas"
2020,municipio,07047,Jitotol,19157,24966,76.7324,40 % y más de población indígena
2020,municipio,07048,Juárez,1492,21807,6.8418,"Menos de 40 % y menos de 5,000 indígenas"
2020,municipio,07049,Larráinzar,31212,31259,99.8496,40 % y más de población indígena
2020,municipio,07050,La Libertad,264,5232,5.0459,"Menos de 40 % y menos de 5,000 indígenas"
2020,municipio,07051,Mapastepec,426,46130,0.9235,"Menos de 40 % y menos de 5,000 indígenas"
2020,municipio,07052,Las Margaritas,79102,141027,56.09,40 % y más de población indígena
2020,municipio,07053,Mazapa de Madero,836,7901,10.5809,"Menos de 40 % y más de 5,000 indígenas (o pueblos con pocos hablantes)"
2020,municipio,07054,Mazatán,192,28250,0.6796,"Menos de 40 % y menos de 5,000 indígenas"
2020,municipio,07055,Metapa,72,5876,1.2253,"Menos de 40 % y menos de 5,000 indígenas"
2020,municipio,07056,Mitontic,13735,13755,99.8546,40 % y más de población indígena
2020,municipio,07057,Motozintla,2945,76398,3.8548,"Menos de 40 % y más de 5,000 indígenas (o pueblos con pocos hablantes)"
2020,municipio,07058,Nicolás Ruíz,77,4765,1.6159,"Menos de 40 % y menos de 5,000 indígenas"
2020,municipio,07059,Ocosingo,199570,234661,85.0461,40 % y más de población indígena
2020,municipio,07060,Ocotepec,14030,14088,99.5883,40 % y más de población indígena
2020,municipio,07061,Ocozocoautla de Espinosa,21165,97397,21.7306,"Menos de 40 % y más de 5,000 indígenas (o pueblos con pocos hablantes)"
2020,municipio,07062,Ostuacán,1857,18469,10.0547,"Menos de 40 % y menos de 5,000 indígenas"
2020,municipio,07063,Osumacinta,587,3983,14.7376,"Menos de 40 % y menos de 5,000 indígenas"
2020,municipio,07064,Oxchuc,54267,54932,98.7894,40 % y más de población indígena
2020,municipio,07065,Palenque,71624,132265,54.1519,40 % y más de población indígena
2020,municipio,07066,Pantelhó,25633,26391,97.1278,40 % y más de población indígena
2020,municipio,07067,Pantepec,7806,12266,63.6393,40 % y más de población indígena
2020,municipio,07068,Pichucalco,1535,31919,4.809,"Menos de 40 % y menos de 5,000 indígenas"
2020,municipio,07069,Pijijiapan,839,51193,1.6389,"Menos de 40 % y menos de 5,000 indígenas"
2020,municipio,07070,El Porvenir,822,12263,6.7031,"Menos de 40 % y menos de 5,000 indígenas"
2020,municipio,07071,Villa Comaltitlán,384,30297,1.2675,"Menos de 40 % y menos de 5,000 indígenas"
2020,municipio,07072,Pueblo Nuevo Solistahuacán,12516,29636,42.2324,40 % y más de población indígena
2020,municipio,07073,Rayón,6387,10866,58.7797,40 % y más de población indígena
2020,municipio,07074,Reforma,640,44829,1.4276,"Menos de 40 % y menos de 5,000 indígenas"
2020,municipio,07075,Las Rosas,3923,28829,13.6078,"Menos de 40 % y menos de 5,000 indígenas"
2020,municipio,07076,Sabanilla,26020,29889,87.0554,40 % y más de población indígena
2020,municipio,07077,Salto de Agua,56319,64251,87.6547,40 % y más de población indígena
2020,municipio,07078,San Cristóbal de las Casas,105238,215874,48.7497,40 % y más de población indígena
2020,municipio,07079,San Fernando,2028,41793,4.8525,"Menos de 40 % y menos de 5,000 indígenas"
2020,municipio,07080,Siltepec,259,25937,0.9986,"Menos de 40 % y menos de 5,000 indígenas"
2020,municipio,07081,Simojovel,45350,52935,85.6711,40 % y más de población indígena
2020,municipio,07082,Sitalá,15261,15518,98.3439,40 % y más de población indígena
2020,municipio,07083,Socoltenango,2277,19092,11.9265,"Menos de 40 % y menos de 5,000 indígenas"
2020,municipio,07084,Solosuchiapa,2784,8561,32.5196,"Menos de 40 % y menos de 5,000 indígenas"
2020,municipio,07085,Soyaló,4768,10890,43.7833,40 % y más de población indígena
2020,municipio,07086,Suchiapa,385,25627,1.5023,"Menos de 40 % y menos de 5,000 indígenas"
2020,municipio,07087,Suchiate,271,41672,0.6503,"Menos de 40 % y menos de 5,000 indígenas"
2020,municipio,07088,Sunuapa,59,2308,2.5563,"Menos de 40 % y menos de 5,000 indígenas"
2020,municipio,07089,Tapachula,8857,353706,2.5041,"Menos de 40 % y más de 5,000 indígenas (o pueblos con pocos hablantes)"
2020,municipio,07090,Tapalapa,4490,4547,98.7464,40 % y más de población indígena
2020,municipio,07091,Tapilula,2565,13592,18.8714,"Menos de 40 % y menos de 5,000 indígenas"
2020,municipio,07092,Tecpatán,6306,21426,29.4315,"Menos de 40 % y más de 5,000 indígenas (o pueblos con pocos hablantes)"
2020,municipio,07093,Tenejapa,48006,48162,99.6761,40 % y más de población indígena
2020,municipio,07094,Teopisca,26421,49499,53.3768,40 % y más de población indígena
2020,municipio,07096,Tila,71143,83505,85.1961,40 % y más de población indígena
2020,municipio,07097,Tonalá,875,91913,0.952,"Menos de 40 % y menos de 5,000 indígenas"
2020,municipio,07098,Totolapa,819,7211,11.3576,"Menos de 40 % y menos de 5,000 indígenas"
2020,municipio,07099,La Trinitaria,12003,83111,14.4421,"Menos de 40 % y más de 5,000 indígenas (o pueblos con pocos hablantes)"
2020,municipio,07100,Tumbalá,37834,38025,99.4977,40 % y más de población indígena
2020,municipio,07101,Tuxtla Gutiérrez,28522,604147,4.721,"Menos de 40 % y más de 5,000 indígenas (o pueblos con pocos hablantes)"
2020,municipio,07102,Tuxtla Chico,239,41024,0.5826,"Menos de 40 % y menos de 5,000 indígenas"
2020,municipio,07103,Tuzantán,472,30302,1.5577,"Menos de 40 % y menos de 5,000 indígenas"
2020,municipio,07104,Tzimol,435,16560,2.6268,"Menos de 40 % y menos de 5,000 indígenas"
2020,municipio,07105,Unión Juárez,496,16008,3.0985,"Menos de 40 % y menos de 5,000 indígenas"
2020,municipio,07106,Venustiano Carranza,20295,67292,30.1596,"Menos de 40 % y más de 5,000 indígenas (o pueblos con pocos hablantes)"
2020,municipio,07107,Villa Corzo,6694,65643,10.1976,"Menos de 40 % y más de 5,000 indígenas (o pueblos con pocos hablantes)"
2020,municipio,07108,Villaflores,4057,109536,3.7038,"Menos de 40 % y menos de 5,000 indígenas"
2020,municipio,07109,Yajalón,32440,40285,80.5263,40 % y más de población indígena
2020,municipio,07110,San Lucas,1609,7526,21.3792,"Menos de 40 % y menos de 5,000 indígenas"
2020,municipio,07111,Zinacantán,45248,45373,99.7245,40 % y más de población indígena
2020,municipio,07112,San Juan Cancuc,37916,37948,99.9157,40 % y más de población indígena
2020,municipio,07113,Aldama,8477,8480,99.9646,40 % y más de población indígena
2020,municipio,07114,Benemérito de las Américas,8895,23603,37.6859,"Menos de 40 % y más de 5,000 indígenas (o pueblos con pocos hablantes)"
2020,municipio,07115,Maravilla Tenejapa,8217,14714,55.8448,40 % y más de población indígena
2020,municipio,07116,Marqués de Comillas,7147,12892,55.4375,40 % y más de población indígena
2020,municipio,07117,Montecristo de Guerrero,228,8412,2.7104,"Menos de 40 % y menos de 5,000 indígenas"
2020,municipio,07118,San Andrés Duraznal,5952,6047,98.429,40 % y más de población indígena
2020,municipio,07119,Santiago el Pinar,4959,4959,100.0,40 % y más de población indígena
2020,municipio,07120,Capitán Luis Ángel Vidal,31,4315,0.7184,"Menos de 40 % y menos de 5,000 indígenas"
2020,municipio,07121,Rincón Chamula San Pedro,8178,8718,93.8059,40 % y más de población indígena
2020,municipio,07122,El Parral,777,15587,4.9849,"Menos de 40 % y menos de 5,000 indígenas"
2020,municipio,07123,Emiliano Zapata,2678,10783,24.8354,"Menos de 40 % y menos de 5,000 indígenas"
2020,municipio,07124,Mezcalapa,8176,23847,34.2852,"Menos de 40 % y más de 5,000 indígenas (o pueblos con pocos hablantes)"
2020,municipio,07125,Honduras de la Sierra,40,11650,0.3433,"Menos de 40 % y menos de 5,000 indígenas"
2020,municipio,08001,Ahumada,132,14635,0.9019,"Menos de 40 % y menos de 5,000 indígenas"
2020,municipio,08002,Aldama,458,26047,1.7584,"Menos de 40 % y menos de 5,000 indígenas"
2020,municipio,08003,Allende,264,8487,3.1106,"Menos de 40 % y menos de 5,000 indígenas"
2020,municipio,08004,Aquiles Serdán,513,24344,2.1073,"Menos de 40 % y menos de 5,000 indígenas"
2020,municipio,08005,Ascensión,871,26093,3.3381,"Menos de 40 % y menos de 5,000 indígenas"
2020,municipio,08006,Bachíniva,320,5807,5.5106,"Menos de 40 % y menos de 5,000 indígenas"
2020,municipio,08007,Balleza,9487,16440,57.7068,40 % y más de población indígena
2020,municipio,08008,Batopilas de Manuel Gómez Morín,7713,11270,68.4383,40 % y más de población indígena
2020,municipio,08009,Bocoyna,4094,23351,17.5324,"Menos de 40 % y menos de 5,000 indígenas"
2020,municipio,08010,Buenaventura,1367,25146,5.4363,"Menos de 40 % y menos de 5,000 indígenas"
2020,municipio,08011,Camargo,1320,49499,2.6667,"Menos de 40 % y menos de 5,000 indígenas"
2020,municipio,08012,Carichí,4378,8113,53.9628,40 % y más de población indígena
2020,municipio,08013,Casas Grandes,445,11815,3.7664,"Menos de 40 % y menos de 5,000 indígenas"
2020,municipio,08014,Coronado,20,2034,0.9833,"Menos de 40 % y menos de 5,000 indígenas"
2020,municipio,08015,Coyame del Sotol,23,1230,1.8699,"Menos de 40 % y menos de 5,000 indígenas"
2020,municipio,08016,La Cruz,88,3704,2.3758,"Menos de 40 % y menos de 5,000 indígenas"
2020,municipio,08017,Cuauhtémoc,4972,180638,2.7525,"Menos de 40 % y menos de 5,000 indígenas"
2020,municipio,08018,Cusihuiriachi,395,5099,7.7466,"Menos de 40 % y menos de 5,000 indígenas"
2020,municipio,08019,Chihuahua,18001,937674,1.9198,"Menos de 40 % y más de 5,000 indígenas (o pueblos con pocos hablantes)"
2020,municipio,08020,Chínipas,1014,6222,16.297,"Menos de 40 % y más de 5,000 indígenas (o pueblos con pocos hablantes)"
2020,municipio,08021,Delicias,1478,150506,0.982,"Menos de 40 % y menos de 5,000 indígenas"
2020,municipio,08022,Dr. Belisario Domínguez,159,2456,6.4739,"Menos de 40 % y menos de 5,000 indígenas"
2020,municipio,08023,Galeana,543,6656,8.1581,"Menos de 40 % y menos de 5,000 indígenas"
2020,municipio,08024,Santa Isabel,93,3791,2.4532,"Menos de 40 % y menos de 5,000 indígenas"
2020,municipio,08025,Gómez Farías,53,7023,0.7547,"Menos de 40 % y menos de 5,000 indígenas"
2020,municipio,08026,Gran Morelos,96,2448,3.9216,"Menos de 40 % y menos de 5,000 indígenas"
2020,municipio,08027,Guachochi,33120,50180,66.0024,40 % y más de población indígena
2020,municipio,08028,Guadalupe,5,4237,0.118,"Menos de 40 % y menos de 5,000 indígenas"
2020,municipio,08029,Guadalupe y Calvo,21993,50514,43.5384,40 % y más de población indígena
2020,municipio,08030,Guazapares,2565,8196,31.2958,"Menos de 40 % y menos de 5,000 indígenas"
2020,municipio,08031,Guerrero,1694,35473,4.7755,"Menos de 40 % y menos de 5,000 indígenas"
2020,municipio,08032,Hidalgo del Parral,2205,116662,1.8901,"Menos de 40 % y menos de 5,000 indígenas"
2020,municipio,08033,Huejotitán,32,824,3.8835,"Menos de 40 % y menos de 5,000 indígenas"
2020,municipio,08034,Ignacio Zaragoza,27,5196,0.5196,"Menos de 40 % y menos de 5,000 indígenas"
2020,municipio,08035,Janos,632,11005,5.7428,"Menos de 40 % y menos de 5,000 indígenas"
2020,municipio,08036,Jiménez,759,40859,1.8576,"Menos de 40 % y menos de 5,000 indígenas"
2020,municipio,08037,Juárez,18970,1512450,1.2543,"Menos de 40 % y más de 5,000 indígenas (o pueblos con pocos hablantes)"
2020,municipio,08038,Julimes,49,4980,0.9839,"Menos de 40 % y menos de 5,000 indígenas"
2020,municipio,08039,López,201,4122,4.8763,"Menos de 40 % y menos de 5,000 indígenas"
2020,municipio,08040,Madera,643,25144,2.5573,"Menos de 40 % y más de 5,000 indígenas (o pueblos con pocos hablantes)"
2020,municipio,08041,Maguarichi,297,1302,22.8111,"Menos de 40 % y menos de 5,000 indígenas"
2020,municipio,08042,Manuel Benavides,5,1178,0.4244,"Menos de 40 % y menos de 5,000 indígenas"
2020,municipio,08043,Matachí,43,2742,1.5682,"Menos de 40 % y menos de 5,000 indígenas"
2020,municipio,08044,Matamoros,93,4314,2.1558,"Menos de 40 % y menos de 5,000 indígenas"
2020,municipio,08045,Meoqui,840,44853,1.8728,"Menos de 40 % y menos de 5,000 indígenas"
2020,municipio,08046,Morelos,3375,7266,46.4492,40 % y más de población indígena
2020,municipio,08047,Moris,219,4447,4.9247,"Menos de 40 % y más de 5,000 indígenas (o pueblos con pocos hablantes)"
2020,municipio,08048,Namiquipa,407,22712,1.792,"Menos de 40 % y menos de 5,000 indígenas"
2020,municipio,08049,Nonoava,522,2757,18.9336,"Menos de 40 % y menos de 5,000 indígenas"
2020,municipio,08050,Nuevo Casas Grandes,919,65753,1.3977,"Menos de 40 % y menos de 5,000 indígenas"
2020,municipio,08051,Ocampo,190,8127,2.3379,"Menos de 40 % y menos de 5,000 indígenas"
2020,municipio,08052,Ojinaga,173,24534,0.7051,"Menos de 40 % y menos de 5,000 indígenas"
2020,municipio,08053,Praxedis G. Guerrero,13,5111,0.2544,"Menos de 40 % y menos de 5,000 indígenas"
2020,municipio,08054,Riva Palacio,133,7695,1.7284,"Menos de 40 % y menos de 5,000 indígenas"
2020,municipio,08055,Rosales,356,16776,2.1221,"Menos de 40 % y menos de 5,000 indígenas"
2020,municipio,08056,Rosario,47,2079,2.2607,"Menos de 40 % y menos de 5,000 indígenas"
2020,municipio,08057,San Francisco de Borja,251,2197,11.4247,"Menos de 40 % y menos de 5,000 indígenas"
2020,municipio,08058,San Francisco de Conchos,43,2696,1.595,"Menos de 40 % y menos de 5,000 indígenas"
2020,municipio,08059,San Francisco del Oro,75,5004,1.4988,"Menos de 40 % y menos de 5,000 indígenas"
2020,municipio,08060,Santa Bárbara,196,11582,1.6923,"Menos de 40 % y menos de 5,000 indígenas"
2020,municipio,08061,Satevó,120,3414,3.5149,"Menos de 40 % y menos de 5,000 indígenas"
2020,municipio,08062,Saucillo,259,29862,0.8673,"Menos de 40 % y menos de 5,000 indígenas"
2020,municipio,08063,Temósachic,501,5320,9.4173,"Menos de 40 % y más de 5,000 indígenas (o pueblos con pocos hablantes)"
2020,municipio,08064,El Tule,69,1448,4.7652,"Menos de 40 % y menos de 5,000 indígenas"
2020,municipio,08065,Urique,9781,17043,57.3901,40 % y más de población indígena
2020,municipio,08066,Uruachi,1691,6512,25.9674,"Menos de 40 % y más de 5,000 indígenas (o pueblos con pocos hablantes)"
2020,municipio,08067,Valle de Zaragoza,95,4775,1.9895,"Menos de 40 % y menos de 5,000 indígenas"
2020,municipio,09002,Azcapotzalco,7668,432205,1.7742,"Menos de 40 % y más de 5,000 indígenas (o pueblos con pocos hablantes)"
2020,municipio,09003,Coyoacán,16816,614447,2.7368,"Menos de 40 % y más de 5,000 indígenas (o pueblos con pocos hablantes)"
2020,municipio,09004,Cuajimalpa de Morelos,4550,217686,2.0902,"Menos de 40 % y menos de 5,000 indígenas"
2020,municipio,09005,Gustavo A. Madero,34272,1173351,2.9209,"Menos de 40 % y más de 5,000 indígenas (o pueblos con pocos hablantes)"
2020,municipio,09006,Iztacalco,10452,404695,2.5827,"Menos de 40 % y más de 5,000 indígenas (o pueblos con pocos hablantes)"
2020,municipio,09007,Iztapalapa,74699,1835486,4.0697,"Menos de 40 % y más de 5,000 indígenas (o pueblos con pocos hablantes)"
2020,municipio,09008,La Magdalena Contreras,7279,247622,2.9396,"Menos de 40 % y más de 5,000 indígenas (o pueblos con pocos hablantes)"
2020,municipio,09009,Milpa Alta,13292,152685,8.7055,"Menos de 40 % y más de 5,000 indígenas (o pueblos con pocos hablantes)"
2020,municipio,09010,Álvaro Obregón,20181,759137,2.6584,"Menos de 40 % y más de 5,000 indígenas (o pueblos con pocos hablantes)"
2020,municipio,09011,Tláhuac,13447,392313,3.4276,"Menos de 40 % y más de 5,000 indígenas (o pueblos con pocos hablantes)"
2020,municipio,09012,Tlalpan,30040,699928,4.2919,"Menos de 40 % y más de 5,000 indígenas (o pueblos con pocos hablantes)"
2020,municipio,09013,Xochimilco,26447,442178,5.9811,"Menos de 40 % y más de 5,000 indígenas (o pueblos con pocos hablantes)"
2020,municipio,09014,Benito Juárez,6647,434153,1.531,"Menos de 40 % y más de 5,000 indígenas (o pueblos con pocos hablantes)"
2020,municipio,09015,Cuauhtémoc,19344,545884,3.5436,"Menos de 40 % y más de 5,000 indígenas (o pueblos con pocos hablantes)"
2020,municipio,09016,Miguel Hidalgo,7186,414470,1.7338,"Menos de 40 % y más de 5,000 indígenas (o pueblos con pocos hablantes)"
2020,municipio,09017,Venustiano Carranza,10596,443704,2.3881,"Menos de 40 % y más de 5,000 indígenas (o pueblos con pocos hablantes)"
2020,municipio,10001,Canatlán,140,31454,0.4451,"Menos de 40 % y menos de 5,000 indígenas"
2020,municipio,10002,Canelas,3,4321,0.0694,"Menos de 40 % y menos de 5,000 indígenas"
2020,municipio,10003,Coneto de Comonfort,9,4084,0.2204,"Menos de 40 % y menos de 5,000 indígenas"
2020,municipio,10004,Cuencamé,70,34955,0.2003,"Menos de 40 % y menos de 5,000 indígenas"
2020,municipio,10005,Durango,8559,688697,1.2428,"Menos de 40 % y más de 5,000 indígenas (o pueblos con pocos hablantes)"
2020,municipio,10006,General Simón Bolívar,1,10038,0.01,"Menos de 40 % y menos de 5,000 indígenas"
2020,municipio,10007,Gómez Palacio,774,372750,0.2076,"Menos de 40 % y menos de 5,000 indígenas"
2020,municipio,10008,Guadalupe Victoria,106,36695,0.2889,"Menos de 40 % y menos de 5,000 indígenas"
2020,municipio,10009,Guanaceví,273,9869,2.7662,"Menos de 40 % y menos de 5,000 indígenas"
2020,municipio,10010,Hidalgo,16,3843,0.4163,"Menos de 40 % y menos de 5,000 indígenas"
2020,municipio,10011,Indé,102,4748,2.1483,"Menos de 40 % y menos de 5,000 indígenas"
2020,municipio,10012,Lerdo,372,163313,0.2278,"Menos de 40 % y menos de 5,000 indígenas"
2020,municipio,10013,Mapimí,100,26932,0.3713,"Menos de 40 % y menos de 5,000 indígenas"
2020,municipio,10014,Mezquital,42610,48583,87.7056,40 % y más de población indígena
2020,municipio,10015,Nazas,33,12894,0.2559,"Menos de 40 % y menos de 5,000 indígenas"
2020,municipio,10016,Nombre de Dios,21,19060,0.1102,"Menos de 40 % y menos de 5,000 indígenas"
2020,municipio,10017,Ocampo,225,8003,2.8114,"Menos de 40 % y menos de 5,000 indígenas"
2020,municipio,10018,El Oro,108,10384,1.0401,"Menos de 40 % y menos de 5,000 indígenas"
2020,municipio,10019,Otáez,0,4924,0.0,Sin población indígena
2020,municipio,10020,Pánuco de Coronado,15,12656,0.1185,"Menos de 40 % y menos de 5,000 indígenas"
2020,municipio,10021,Peñón Blanco,10,11118,0.0899,"Menos de 40 % y menos de 5,000 indígenas"
2020,municipio,10022,Poanas,45,25623,0.1756,"Menos de 40 % y menos de 5,000 indígenas"
2020,municipio,10023,Pueblo Nuevo,4241,51269,8.2721,"Menos de 40 % y menos de 5,000 indígenas"
2020,municipio,10024,Rodeo,3,12818,0.0234,"Menos de 40 % y menos de 5,000 indígenas"
2020,municipio,10025,San Bernardo,68,2837,2.3969,"Menos de 40 % y menos de 5,000 indígenas"
2020,municipio,10026,San Dimas,34,17333,0.1962,"Menos de 40 % y menos de 5,000 indígenas"
2020,municipio,10027,San Juan de Guadalupe,0,5251,0.0,Sin población indígena
2020,municipio,10028,San Juan del Río,29,12013,0.2414,"Menos de 40 % y menos de 5,000 indígenas"
2020,municipio,10029,San Luis del Cordero,0,2103,0.0,Sin población indígena
2020,municipio,10030,San Pedro del Gallo,0,1633,0.0,Sin población indígena
2020,municipio,10031,Santa Clara,5,6727,0.0743,"Menos de 40 % y menos de 5,000 indígenas"
2020,municipio,10032,Santiago Papasquiaro,434,49207,0.882,"Menos de 40 % y menos de 5,000 indígenas"
2020,municipio,10033,Súchil,790,6917,11.4211,"Menos de 40 % y menos de 5,000 indígenas"
2020,municipio,10034,Tamazula,198,26300,0.7529,"Menos de 40 % y menos de 5,000 indígenas"
2020,municipio,10035,Tepehuanes,217,11378,1.9072,"Menos de 40 % y menos de 5,000 indígenas"
2020,municipio,10036,Tlahualilo,28,21143,0.1324,"Menos de 40 % y menos de 5,000 indígenas"
2020,municipio,10037,Topia,40,9320,0.4292,"Menos de 40 % y menos de 5,000 indígenas"
2020,municipio,10038,Vicente Guerrero,489,23476,2.083,"Menos de 40 % y menos de 5,000 indígenas"
2020,municipio,10039,Nuevo Ideal,117,27981,0.4181,"Menos de 40 % y menos de 5,000 indígenas"
2020,municipio,11001,Abasolo,160,92040,0.1738,"Menos de 40 % y menos de 5,000 indígenas"
2020,municipio,11002,Acámbaro,241,108697,0.2217,"Menos de 40 % y menos de 5,000 indígenas"
2020,municipio,11003,San Miguel de Allende,701,174615,0.4015,"Menos de 40 % y menos de 5,000 indígenas"
2020,municipio,11004,Apaseo el Alto,267,63392,0.4212,"Menos de 40 % y menos de 5,000 indígenas"
2020,municipio,11005,Apaseo el Grande,686,117883,0.5819,"Menos de 40 % y menos de 5,000 indígenas"
2020,municipio,11006,Atarjea,17,5296,0.321,"Menos de 40 % y menos de 5,000 indígenas"
2020,municipio,11007,Celaya,2723,521169,0.5225,"Menos de 40 % y menos de 5,000 indígenas"
2020,municipio,11008,Manuel Doblado,64,41240,0.1552,"Menos de 40 % y menos de 5,000 indígenas"
2020,municipio,11009,Comonfort,373,82216,0.4537,"Menos de 40 % y menos de 5,000 indígenas"
2020,municipio,11010,Coroneo,54,11083,0.4872,"Menos de 40 % y menos de 5,000 indígenas"
2020,municipio,11011,Cortazar,365,97928,0.3727,"Menos de 40 % y menos de 5,000 indígenas"
2020,municipio,11012,Cuerámaro,56,30857,0.1815,"Menos de 40 % y menos de 5,000 indígenas"
2020,municipio,11013,Doctor Mora,88,27390,0.3213,"Menos de 40 % y menos de 5,000 indígenas"
2020,municipio,11014,Dolores Hidalgo Cuna de la Independencia Nacional,1300,163038,0.7974,"Menos de 40 % y menos de 5,000 indígenas"
2020,municipio,11015,Guanajuato,511,194500,0.2627,"Menos de 40 % y menos de 5,000 indígenas"
2020,municipio,11016,Huanímaro,32,21128,0.1515,"Menos de 40 % y menos de 5,000 indígenas"
2020,municipio,11017,Irapuato,1876,592953,0.3164,"Menos de 40 % y menos de 5,000 indígenas"
2020,municipio,11018,Jaral del Progreso,66,38782,0.1702,"Menos de 40 % y menos de 5,000 indígenas"
2020,municipio,11019,Jerécuaro,91,49517,0.1838,"Menos de 40 % y menos de 5,000 indígenas"
2020,municipio,11020,León,7681,1721215,0.4463,"Menos de 40 % y más de 5,000 indígenas (o pueblos con pocos hablantes)"
2020,municipio,11021,Moroleón,36,47261,0.0762,"Menos de 40 % y menos de 5,000 indígenas"
2020,municipio,11022,Ocampo,71,26383,0.2691,"Menos de 40 % y menos de 5,000 indígenas"
2020,municipio,11023,Pénjamo,267,154960,0.1723,"Menos de 40 % y menos de 5,000 indígenas"
2020,municipio,11024,Pueblo Nuevo,23,12403,0.1854,"Menos de 40 % y menos de 5,000 indígenas"
2020,municipio,11025,Purísima del Rincón,349,83842,0.4163,"Menos de 40 % y menos de 5,000 indígenas"
2020,municipio,11026,Romita,153,65766,0.2326,"Menos de 40 % y menos de 5,000 indígenas"
2020,municipio,11027,Salamanca,583,273417,0.2132,"Menos de 40 % y menos de 5,000 indígenas"
2020,municipio,11028,Salvatierra,135,94126,0.1434,"Menos de 40 % y menos de 5,000 indígenas"
2020,municipio,11029,San Diego de la Unión,84,41054,0.2046,"Menos de 40 % y menos de 5,000 indígenas"
2020,municipio,11030,San Felipe,188,119793,0.1569,"Menos de 40 % y menos de 5,000 indígenas"
2020,municipio,11031,San Francisco del Rincón,658,130871,0.5028,"Menos de 40 % y menos de 5,000 indígenas"
2020,municipio,11032,San José Iturbide,419,89558,0.4679,"Menos de 40 % y menos de 5,000 indígenas"
2020,municipio,11033,San Luis de la Paz,4328,128536,3.3672,"Menos de 40 % y más de 5,000 indígenas (o pueblos con pocos hablantes)"
2020,municipio,11034,Santa Catarina,39,5723,0.6815,"Menos de 40 % y menos de 5,000 indígenas"
2020,municipio,11035,Santa Cruz de Juventino Rosas,108,82340,0.1312,"Menos de 40 % y menos de 5,000 indígenas"
2020,municipio,11036,Santiago Maravatío,5,6714,0.0745,"Menos de 40 % y menos de 5,000 indígenas"
2020,municipio,11037,Silao de la Victoria,534,203556,0.2623,"Menos de 40 % y menos de 5,000 indígenas"
2020,municipio,11038,Tarandacuao,14,11304,0.1238,"Menos de 40 % y menos de 5,000 indígenas"
2020,municipio,11039,Tarimoro,58,35905,0.1615,"Menos de 40 % y menos de 5,000 indígenas"
2020,municipio,11040,Tierra Blanca,1994,20007,9.9665,"Menos de 40 % y menos de 5,000 indígenas"
2020,municipio,11041,Uriangato,270,61494,0.4391,"Menos de 40 % y menos de 5,000 indígenas"
2020,municipio,11042,Valle de Santiago,198,150054,0.132,"Menos de 40 % y menos de 5,000 indígenas"
2020,municipio,11043,Victoria,152,21253,0.7152,"Menos de 40 % y menos de 5,000 indígenas"
2020,municipio,11044,Villagrán,454,65791,0.6901,"Menos de 40 % y menos de 5,000 indígenas"
2020,municipio,11045,Xichú,14,11143,0.1256,"Menos de 40 % y menos de 5,000 indígenas"
2020,municipio,11046,Yuriria,126,68741,0.1833,"Menos de 40 % y menos de 5,000 indígenas"
2020,municipio,12001,Acapulco de Juárez,28178,779566,3.6146,"Menos de 40 % y más de 5,000 indígenas (o pueblos con pocos hablantes)"
2020,municipio,12002,Ahuacuotzingo,7600,25205,30.1527,"Menos de 40 % y más de 5,000 indígenas (o pueblos con pocos hablantes)"
2020,municipio,12003,Ajuchitlán del Progreso,406,37655,1.0782,"Menos de 40 % y menos de 5,000 indígenas"
2020,municipio,12004,Alcozauca de Guerrero,20228,21225,95.3027,40 % y más de población indígena
2020,municipio,12005,Alpoyeca,2309,7813,29.5533,"Menos de 40 % y menos de 5,000 indígenas"
2020,municipio,12006,Apaxtla,233,11112,2.0968,"Menos de 40 % y menos de 5,000 indígenas"
2020,municipio,12007,Arcelia,582,33267,1.7495,"Menos de 40 % y menos de 5,000 indígenas"
2020,municipio,12008,Atenango del Río,1471,9147,16.0818,"Menos de 40 % y menos de 5,000 indígenas"
2020,municipio,12009,Atlamajalcingo del Monte,5743,5811,98.8298,40 % y más de población indígena
2020,municipio,12010,Atlixtac,20924,28491,73.4407,40 % y más de población indígena
2020,municipio,12011,Atoyac de Álvarez,1923,60680,3.1691,"Menos de 40 % y menos de 5,000 indígenas"
2020,municipio,12012,Ayutla de los Libres,29076,69123,42.0641,40 % y más de población indígena
2020,municipio,12013,Azoyú,2428,15099,16.0805,"Menos de 40 % y menos de 5,000 indígenas"
2020,municipio,12014,Benito Juárez,226,15442,1.4635,"Menos de 40 % y menos de 5,000 indígenas"
2020,municipio,12015,Buenavista de Cuéllar,222,12982,1.7101,"Menos de 40 % y menos de 5,000 indígenas"
2020,municipio,12016,Coahuayutla de José María Izazaga,4,12408,0.0322,"Menos de 40 % y menos de 5,000 indígenas"
2020,municipio,12017,Cocula,155,15579,0.9949,"Menos de 40 % y menos de 5,000 indígenas"
2020,municipio,12018,Copala,959,14463,6.6307,"Menos de 40 % y menos de 5,000 indígenas"
2020,municipio,12019,Copalillo,13536,15598,86.7804,40 % y más de población indígena
2020,municipio,12020,Copanatoyac,21199,21648,97.9259,40 % y más de población indígena
2020,municipio,12021,Coyuca de Benítez,926,73056,1.2675,"Menos de 40 % y menos de 5,000 indígenas"
2020,municipio,12022,Coyuca de Catalán,126,38554,0.3268,"Menos de 40 % y menos de 5,000 indígenas"
2020,municipio,12023,Cuajinicuilapa,3077,26627,11.5559,"Menos de 40 % y menos de 5,000 indígenas"
2020,municipio,12024,Cualác,4270,7874,54.2291,40 % y más de población indígena
2020,municipio,12025,Cuautepec,480,17024,2.8195,"Menos de 40 % y menos de 5,000 indígenas"
2020,municipio,12026,Cuetzala del Progreso,581,8272,7.0237,"Menos de 40 % y menos de 5,000 indígenas"
2020,municipio,12027,Cutzamala de Pinzón,39,20537,0.1899,"Menos de 40 % y menos de 5,000 indígenas"
2020,municipio,12028,Chilapa de Álvarez,49473,123722,39.9872,"Menos de 40 % y más de 5,000 indígenas (o pueblos con pocos hablantes)"
2020,municipio,12029,Chilpancingo de los Bravo,18991,283354,6.7022,"Menos de 40 % y más de 5,000 indígenas (o pueblos con pocos hablantes)"
2020,municipio,12030,Florencio Villarreal,676,22250,3.0382,"Menos de 40 % y menos de 5,000 indígenas"
2020,municipio,12031,General Canuto A. Neri,31,6278,0.4938,"Menos de 40 % y menos de 5,000 indígenas"
2020,municipio,12032,General Heliodoro Castillo,252,37254,0.6764,"Menos de 40 % y menos de 5,000 indígenas"
2020,municipio,12033,Huamuxtitlán,4410,17488,25.2173,"Menos de 40 % y menos de 5,000 indígenas"
2020,municipio,12034,Huitzuco de los Figueroa,3608,36593,9.8598,"Menos de 40 % y menos de 5,000 indígenas"
2020,municipio,12035,Iguala de la Independencia,6286,154173,4.0772,"Menos de 40 % y más de 5,000 indígenas (o pueblos con pocos hablantes)"
2020,municipio,12036,Igualapa,4181,11739,35.6163,"Menos de 40 % y menos de 5,000 indígenas"
2020,municipio,12037,Ixcateopan de Cuauhtémoc,224,6138,3.6494,"Menos de 40 % y menos de 5,000 indígenas"
2020,municipio,12038,Zihuatanejo de Azueta,5068,126001,4.0222,"Menos de 40 % y más de 5,000 indígenas (o pueblos con pocos hablantes)"
2020,municipio,12039,Juan R. Escudero,759,26093,2.9088,"Menos de 40 % y menos de 5,000 indígenas"
2020,municipio,12040,Leonardo Bravo,291,26357,1.1041,"Menos de 40 % y menos de 5,000 indígenas"
2020,municipio,12041,Malinaltepec,29076,29625,98.1468,40 % y más de población indígena
2020,municipio,12042,Mártir de Cuilapan,8903,18613,47.8322,40 % y más de población indígena
2020,municipio,12043,Metlatónoc,18795,18859,99.6606,40 % y más de población indígena
2020,municipio,12044,Mochitlán,307,12402,2.4754,"Menos de 40 % y menos de 5,000 indígenas"
2020,municipio,12045,Olinalá,15521,28446,54.563,40 % y más de población indígena
2020,municipio,12046,Ometepec,27845,68207,40.8243,40 % y más de población indígena
2020,municipio,12047,Pedro Ascencio Alquisiras,35,7076,0.4946,"Menos de 40 % y menos de 5,000 indígenas"
2020,municipio,12048,Petatlán,569,44583,1.2763,"Menos de 40 % y menos de 5,000 indígenas"
2020,municipio,12049,Pilcaya,61,12753,0.4783,"Menos de 40 % y menos de 5,000 indígenas"
2020,municipio,12050,Pungarabato,318,38482,0.8264,"Menos de 40 % y menos de 5,000 indígenas"
2020,municipio,12051,Quechultenango,8035,36143,22.2311,"Menos de 40 % y más de 5,000 indígenas (o pueblos con pocos hablantes)"
2020,municipio,12052,San Luis Acatlán,31035,46270,67.0737,40 % y más de población indígena
2020,municipio,12053,San Marcos,1089,50124,2.1726,"Menos de 40 % y menos de 5,000 indígenas"
2020,municipio,12054,San Miguel Totolapan,158,24139,0.6545,"Menos de 40 % y menos de 5,000 indígenas"
2020,municipio,12055,Taxco de Alarcón,5279,105586,4.9997,"Menos de 40 % y más de 5,000 indígenas (o pueblos con pocos hablantes)"
2020,municipio,12056,Tecoanapa,1410,46063,3.061,"Menos de 40 % y menos de 5,000 indígenas"
2020,municipio,12057,Técpan de Galeana,878,65237,1.3459,"Menos de 40 % y menos de 5,000 indígenas"
2020,municipio,12058,Teloloapan,1420,53817,2.6386,"Menos de 40 % y menos de 5,000 indígenas"
2020,municipio,12059,Tepecoacuilco de Trujano,7095,30806,23.0312,"Menos de 40 % y más de 5,000 indígenas (o pueblos con pocos hablantes)"
2020,municipio,12060,Tetipac,45,13552,0.3321,"Menos de 40 % y menos de 5,000 indígenas"
2020,municipio,12061,Tixtla de Guerrero,11762,43171,27.2451,"Menos de 40 % y más de 5,000 indígenas (o pueblos con pocos hablantes)"
2020,municipio,12062,Tlacoachistlahuaca,19906,22781,87.3798,40 % y más de población indígena
2020,municipio,12063,Tlacoapa,9436,10092,93.4998,40 % y más de población indígena
2020,municipio,12064,Tlalchapa,16,11681,0.137,"Menos de 40 % y menos de 5,000 indígenas"
2020,municipio,12065,Tlalixtaquilla de Maldonado,2266,7602,29.8079,"Menos de 40 % y menos de 5,000 indígenas"
2020,municipio,12066,Tlapa de Comonfort,71505,96125,74.3875,40 % y más de población indígena
2020,municipio,12067,Tlapehuala,17,22209,0.0765,"Menos de 40 % y menos de 5,000 indígenas"
2020,municipio,12068,La Unión de Isidoro Montes de Oca,124,26349,0.4706,"Menos de 40 % y menos de 5,000 indígenas"
2020,municipio,12069,Xalpatláhuac,11488,11966,96.0053,40 % y más de población indígena
2020,municipio,12070,Xochihuehuetlán,387,7862,4.9224,"Menos de 40 % y menos de 5,000 indígenas"
2020,municipio,12071,Xochistlahuaca,28321,29891,94.7476,40 % y más de población indígena
2020,municipio,12072,Zapotitlán Tablas,11659,12004,97.126,40 % y más de población indígena
2020,municipio,12073,Zirándaro,551,18031,3.0558,"Menos de 40 % y menos de 5,000 indígenas"
2020,municipio,12074,Zitlala,14014,21977,63.7667,40 % y más de población indígena
2020,municipio,12075,Eduardo Neri,9603,53126,18.0759,"Menos de 40 % y más de 5,000 indígenas (o pueblos con pocos hablantes)"
2020,municipio,12076,Acatepec,40031,40197,99.587,40 % y más de población indígena
2020,municipio,12077,Marquelia,1313,14280,9.1947,"Menos de 40 % y menos de 5,000 indígenas"
2020,municipio,12078,Cochoapa el Grande,21200,21241,99.807,40 % y más de población indígena
2020,municipio,12079,José Joaquín de Herrera,18162,18381,98.8086,40 % y más de población indígena
2020,municipio,12080,Juchitán,707,7559,9.3531,"Menos de 40 % y menos de 5,000 indígenas"
2020,municipio,12081,Iliatenco,11337,11679,97.0717,40 % y más de población indígena
2020,municipio,13001,Acatlán,217,22268,0.9745,"Menos de 40 % y menos de 5,000 indígenas"
2020,municipio,13002,Acaxochitlán,22681,46065,49.2369,40 % y más de población indígena
2020,municipio,13003,Actopan,5269,61002,8.6374,"Menos de 40 % y más de 5,000 indígenas (o pueblos con pocos hablantes)"
2020,municipio,13004,Agua Blanca de Iturbide,171,10313,1.6581,"Menos de 40 % y menos de 5,000 indígenas"
2020,municipio,13005,Ajacuba,178,18872,0.9432,"Menos de 40 % y menos de 5,000 indígenas"
2020,municipio,13006,Alfajayucan,7284,19162,38.0127,"Menos de 40 % y más de 5,000 indígenas (o pueblos con pocos hablantes)"
2020,municipio,13007,Almoloya,58,12546,0.4623,"Menos de 40 % y menos de 5,000 indígenas"
2020,municipio,13008,Apan,332,46681,0.7112,"Menos de 40 % y menos de 5,000 indígenas"
2020,municipio,13009,El Arenal,759,19836,3.8264,"Menos de 40 % y menos de 5,000 indígenas"
2020,municipio,13010,Atitalaquia,362,31525,1.1483,"Menos de 40 % y menos de 5,000 indígenas"
2020,municipio,13011,Atlapexco,16908,19812,85.3422,40 % y más de población indígena
2020,municipio,13012,Atotonilco el Grande,370,30135,1.2278,"Menos de 40 % y menos de 5,000 indígenas"
2020,municipio,13013,Atotonilco de Tula,2212,62470,3.5409,"Menos de 40 % y menos de 5,000 indígenas"
2020,municipio,13014,Calnali,6812,16150,42.1796,40 % y más de población indígena
2020,municipio,13015,Cardonal,15665,19431,80.6186,40 % y más de población indígena
2020,municipio,13016,Cuautepec de Hinojosa,697,60421,1.1536,"Menos de 40 % y menos de 5,000 indígenas"
2020,municipio,13017,Chapantongo,149,12967,1.1491,"Menos de 40 % y menos de 5,000 indígenas"
2020,municipio,13018,Chapulhuacán,2764,22903,12.0683,"Menos de 40 % y menos de 5,000 indígenas"
2020,municipio,13019,Chilcuautla,12029,18909,63.6152,40 % y más de población indígena
2020,municipio,13020,Eloxochitlán,47,2593,1.8126,"Menos de 40 % y menos de 5,000 indígenas"
2020,municipio,13021,Emiliano Zapata,132,15175,0.8699,"Menos de 40 % y menos de 5,000 indígenas"
2020,municipio,13022,Epazoyucan,286,16285,1.7562,"Menos de 40 % y menos de 5,000 indígenas"
2020,municipio,13023,Francisco I. Madero,1866,36248,5.1479,"Menos de 40 % y menos de 5,000 indígenas"
2020,municipio,13024,Huasca de Ocampo,262,17607,1.488,"Menos de 40 % y menos de 5,000 indígenas"
2020,municipio,13025,Huautla,18859,20673,91.2253,40 % y más de población indígena
2020,municipio,13026,Huazalingo,11747,12766,92.0179,40 % y más de población indígena
2020,municipio,13027,Huehuetla,15570,22846,68.152,40 % y más de población indígena
2020,municipio,13028,Huejutla de Reyes,92927,126781,73.2973,40 % y más de población indígena
2020,municipio,13029,Huichapan,1774,47425,3.7406,"Menos de 40 % y menos de 5,000 indígenas"
2020,municipio,13030,Ixmiquilpan,60722,98654,61.5505,40 % y más de población indígena
2020,municipio,13031,Jacala de Ledezma,198,12290,1.6111,"Menos de 40 % y menos de 5,000 indígenas"
2020,municipio,13032,Jaltocán,9589,10523,91.1242,40 % y más de población indígena
2020,municipio,13033,Juárez Hidalgo,97,2895,3.3506,"Menos de 40 % y menos de 5,000 indígenas"
2020,municipio,13034,Lolotla,3268,9474,34.4944,"Menos de 40 % y menos de 5,000 indígenas"
2020,municipio,13035,Metepec,396,13078,3.028,"Menos de 40 % y menos de 5,000 indígenas"
2020,municipio,13036,San Agustín Metzquititlán,103,9449,1.0901,"Menos de 40 % y menos de 5,000 indígenas"
2020,municipio,13037,Metztitlán,3430,20962,16.3629,"Menos de 40 % y menos de 5,000 indígenas"
2020,municipio,13038,Mineral del Chico,173,8878,1.9486,"Menos de 40 % y menos de 5,000 indígenas"
2020,municipio,13039,Mineral del Monte,100,14324,0.6981,"Menos de 40 % y menos de 5,000 indígenas"
2020,municipio,13040,La Misión,144,9819,1.4665,"Menos de 40 % y menos de 5,000 indígenas"
2020,municipio,13041,Mixquiahuala de Juárez,1649,47222,3.492,"Menos de 40 % y menos de 5,000 indígenas"
2020,municipio,13042,Molango de Escamilla,328,11578,2.833,"Menos de 40 % y menos de 5,000 indígenas"
2020,municipio,13043,Nicolás Flores,5236,6265,83.5754,40 % y más de población indígena
2020,municipio,13044,Nopala de Villagrán,127,16948,0.7494,"Menos de 40 % y menos de 5,000 indígenas"
2020,municipio,13045,Omitlán de Juárez,82,9295,0.8822,"Menos de 40 % y menos de 5,000 indígenas"
2020,municipio,13046,San Felipe Orizatlán,29075,38492,75.5352,40 % y más de población indígena
2020,municipio,13047,Pacula,274,4748,5.7709,"Menos de 40 % y menos de 5,000 indígenas"
2020,municipio,13048,Pachuca de Soto,25632,314331,8.1545,"Menos de 40 % y más de 5,000 indígenas (o pueblos con pocos hablantes)"
2020,municipio,13049,Pisaflores,563,18723,3.007,"Menos de 40 % y menos de 5,000 indígenas"
2020,municipio,13050,Progreso de Obregón,1094,23641,4.6276,"Menos de 40 % y menos de 5,000 indígenas"
2020,municipio,13051,Mineral de la Reforma,11156,202749,5.5024,"Menos de 40 % y más de 5,000 indígenas (o pueblos con pocos hablantes)"
2020,municipio,13052,San Agustín Tlaxiaca,885,38891,2.2756,"Menos de 40 % y menos de 5,000 indígenas"
2020,municipio,13053,San Bartolo Tutotepec,9195,17699,51.9521,40 % y más de población indígena
2020,municipio,13054,San Salvador,14387,36796,39.0994,"Menos de 40 % y más de 5,000 indígenas (o pueblos con pocos hablantes)"
2020,municipio,13055,Santiago de Anaya,14185,18329,77.391,40 % y más de población indígena
2020,municipio,13056,Santiago Tulantepec de Lugo Guerrero,1081,39561,2.7325,"Menos de 40 % y menos de 5,000 indígenas"
2020,municipio,13057,Singuilucan,110,15142,0.7265,"Menos de 40 % y menos de 5,000 indígenas"
2020,municipio,13058,Tasquillo,10635,17441,60.977,40 % y más de población indígena
2020,municipio,13059,Tecozautla,6659,38010,17.5191,"Menos de 40 % y más de 5,000 indígenas (o pueblos con pocos hablantes)"
2020,municipio,13060,Tenango de Doria,7164,17503,40.9301,40 % y más de población indígena
2020,municipio,13061,Tepeapulco,783,56245,1.3921,"Menos de 40 % y menos de 5,000 indígenas"
2020,municipio,13062,Tepehuacán de Guerrero,17548,31235,56.1806,40 % y más de población indígena
2020,municipio,13063,Tepeji del Río de Ocampo,5563,90546,6.1438,"Menos de 40 % y más de 5,000 indígenas (o pueblos con pocos hablantes)"
2020,municipio,13064,Tepetitlán,451,10830,4.1644,"Menos de 40 % y menos de 5,000 indígenas"
2020,municipio,13065,Tetepango,94,11768,0.7988,"Menos de 40 % y menos de 5,000 indígenas"
2020,municipio,13066,Villa de Tezontepec,149,13032,1.1433,"Menos de 40 % y menos de 5,000 indígenas"
2020,municipio,13067,Tezontepec de Aldama,722,55134,1.3095,"Menos de 40 % y menos de 5,000 indígenas"
2020,municipio,13068,Tianguistengo,6396,14340,44.6025,40 % y más de población indígena
2020,municipio,13069,Tizayuca,7510,168302,4.4622,"Menos de 40 % y más de 5,000 indígenas (o pueblos con pocos hablantes)"
2020,municipio,13070,Tlahuelilpan,362,19067,1.8986,"Menos de 40 % y menos de 5,000 indígenas"
2020,municipio,13071,Tlahuiltepa,130,9086,1.4308,"Menos de 40 % y menos de 5,000 indígenas"
2020,municipio,13072,Tlanalapa,49,11113,0.4409,"Menos de 40 % y menos de 5,000 indígenas"
2020,municipio,13073,Tlanchinol,24629,37722,65.2908,40 % y más de población indígena
2020,municipio,13074,Tlaxcoapan,289,28626,1.0096,"Menos de 40 % y menos de 5,000 indígenas"
2020,municipio,13075,Tolcayuca,540,21362,2.5279,"Menos de 40 % y menos de 5,000 indígenas"
2020,municipio,13076,Tula de Allende,1617,115107,1.4048,"Menos de 40 % y menos de 5,000 indígenas"
2020,municipio,13077,Tulancingo de Bravo,11222,168369,6.6651,"Menos de 40 % y más de 5,000 indígenas (o pueblos con pocos hablantes)"
2020,municipio,13078,Xochiatipan,18029,18260,98.7349,40 % y más de población indígena
2020,municipio,13079,Xochicoatlán,237,7015,3.3785,"Menos de 40 % y menos de 5,000 indígenas"
2020,municipio,13080,Yahualica,22787,24674,92.3523,40 % y más de población indígena
2020,municipio,13081,Zacualtipán de Ángeles,4084,38155,10.7037,"Menos de 40 % y menos de 5,000 indígenas"
2020,municipio,13082,Zapotlán de Juárez,689,21443,3.2132,"Menos de 40 % y menos de 5,000 indígenas"
2020,municipio,13083,Zempoala,1313,57906,2.2675,"Menos de 40 % y menos de 5,000 indígenas"
2020,municipio,13084,Zimapán,8511,39927,21.3164,"Menos de 40 % y más de 5,000 indígenas (o pueblos con pocos hablantes)"
2020,municipio,14001,Acatic,40,23175,0.1726,"Menos de 40 % y menos de 5,000 indígenas"
2020,municipio,14002,Acatlán de Juárez,687,25250,2.7208,"Menos de 40 % y menos de 5,000 indígenas"
2020,municipio,14003,Ahualulco de Mercado,193,23630,0.8168,"Menos de 40 % y menos de 5,000 indígenas"
2020,municipio,14004,Amacueca,35,5743,0.6094,"Menos de 40 % y menos de 5,000 indígenas"
2020,municipio,14005,Amatitán,178,16490,1.0794,"Menos de 40 % y menos de 5,000 indígenas"
2020,municipio,14006,Ameca,353,60386,0.5846,"Menos de 40 % y menos de 5,000 indígenas"
2020,municipio,14007,San Juanito de Escobedo,25,9433,0.265,"Menos de 40 % y menos de 5,000 indígenas"
2020,municipio,14008,Arandas,413,80609,0.5123,"Menos de 40 % y menos de 5,000 indígenas"
2020,municipio,14009,El Arenal,227,21115,1.0751,"Menos de 40 % y menos de 5,000 indígenas"
2020,municipio,14010,Atemajac de Brizuela,14,7758,0.1805,"Menos de 40 % y menos de 5,000 indígenas"
2020,municipio,14011,Atengo,3,5599,0.0536,"Menos de 40 % y menos de 5,000 indígenas"
2020,municipio,14012,Atenguillo,13,4176,0.3113,"Menos de 40 % y menos de 5,000 indígenas"
2020,municipio,14013,Atotonilco el Alto,203,64009,0.3171,"Menos de 40 % y menos de 5,000 indígenas"
2020,municipio,14014,Atoyac,46,8689,0.5294,"Menos de 40 % y menos de 5,000 indígenas"
2020,municipio,14015,Autlán de Navarro,1347,64931,2.0745,"Menos de 40 % y menos de 5,000 indígenas"
2020,municipio,14016,Ayotlán,74,41552,0.1781,"Menos de 40 % y menos de 5,000 indígenas"
2020,municipio,14017,Ayutla,18,12880,0.1398,"Menos de 40 % y menos de 5,000 indígenas"
2020,municipio,14018,La Barca,168,67937,0.2473,"Menos de 40 % y menos de 5,000 indígenas"
2020,municipio,14019,Bolaños,4483,7043,63.6519,40 % y más de población indígena
2020,municipio,14020,Cabo Corrientes,49,10940,0.4479,"Menos de 40 % y menos de 5,000 indígenas"
2020,municipio,14021,Casimiro Castillo,81,20548,0.3942,"Menos de 40 % y menos de 5,000 indígenas"
2020,municipio,14022,Cihuatlán,997,40139,2.4839,"Menos de 40 % y menos de 5,000 indígenas"
2020,municipio,14023,Zapotlán el Grande,1332,115141,1.1568,"Menos de 40 % y menos de 5,000 indígenas"
2020,municipio,14024,Cocula,95,29267,0.3246,"Menos de 40 % y menos de 5,000 indígenas"
2020,municipio,14025,Colotlán,770,19689,3.9108,"Menos de 40 % y menos de 5,000 indígenas"
2020,municipio,14026,Concepción de Buenos Aires,26,6334,0.4105,"Menos de 40 % y menos de 5,000 indígenas"
2020,municipio,14027,Cuautitlán de García Barragán,515,18370,2.8035,"Menos de 40 % y menos de 5,000 indígenas"
2020,municipio,14028,Cuautla,4,2166,0.1847,"Menos de 40 % y menos de 5,000 indígenas"
2020,municipio,14029,Cuquío,7,17820,0.0393,"Menos de 40 % y menos de 5,000 indígenas"
2020,municipio,14030,Chapala,270,55196,0.4892,"Menos de 40 % y menos de 5,000 indígenas"
2020,municipio,14031,Chimaltitán,127,3270,3.8838,"Menos de 40 % y menos de 5,000 indígenas"
2020,municipio,14032,Chiquilistlán,9,5983,0.1504,"Menos de 40 % y menos de 5,000 indígenas"
2020,municipio,14033,Degollado,94,21226,0.4429,"Menos de 40 % y menos de 5,000 indígenas"
2020,municipio,14034,Ejutla,0,1981,0.0,Sin población indígena
2020,municipio,14035,Encarnación de Díaz,71,53039,0.1339,"Menos de 40 % y menos de 5,000 indígenas"
2020,municipio,14036,Etzatlán,22,20011,0.1099,"Menos de 40 % y menos de 5,000 indígenas"
2020,municipio,14037,El Grullo,547,25920,2.1103,"Menos de 40 % y menos de 5,000 indígenas"
2020,municipio,14038,Guachinango,7,4199,0.1667,"Menos de 40 % y menos de 5,000 indígenas"
2020,municipio,14039,Guadalajara,8441,1385629,0.6092,"Menos de 40 % y más de 5,000 indígenas (o pueblos con pocos hablantes)"
2020,municipio,14040,Hostotipaquillo,60,8732,0.6871,"Menos de 40 % y menos de 5,000 indígenas"
2020,municipio,14041,Huejúcar,20,5920,0.3378,"Menos de 40 % y menos de 5,000 indígenas"
2020,municipio,14042,Huejuquilla el Alto,1045,10015,10.4343,"Menos de 40 % y menos de 5,000 indígenas"
2020,municipio,14043,La Huerta,331,23258,1.4232,"Menos de 40 % y menos de 5,000 indígenas"
2020,municipio,14044,Ixtlahuacán de los Membrillos,702,67969,1.0328,"Menos de 40 % y menos de 5,000 indígenas"
2020,municipio,14045,Ixtlahuacán del Río,40,20465,0.1955,"Menos de 40 % y menos de 5,000 indígenas"
2020,municipio,14046,Jalostotitlán,45,32678,0.1377,"Menos de 40 % y menos de 5,000 indígenas"
2020,municipio,14047,Jamay,221,24894,0.8878,"Menos de 40 % y menos de 5,000 indígenas"
2020,municipio,14048,Jesús María,78,18982,0.4109,"Menos de 40 % y menos de 5,000 indígenas"
2020,municipio,14049,Jilotlán de los Dolores,72,9425,0.7639,"Menos de 40 % y menos de 5,000 indígenas"
2020,municipio,14050,Jocotepec,448,47105,0.9511,"Menos de 40 % y menos de 5,000 indígenas"
2020,municipio,14051,Juanacatlán,98,30855,0.3176,"Menos de 40 % y menos de 5,000 indígenas"
2020,municipio,14052,Juchitlán,27,5534,0.4879,"Menos de 40 % y menos de 5,000 indígenas"
2020,municipio,14053,Lagos de Moreno,308,172403,0.1787,"Menos de 40 % y menos de 5,000 indígenas"
2020,municipio,14054,El Limón,6,5368,0.1118,"Menos de 40 % y menos de 5,000 indígenas"
2020,municipio,14055,Magdalena,63,21781,0.2892,"Menos de 40 % y menos de 5,000 indígenas"
2020,municipio,14056,Santa María del Oro,0,1815,0.0,Sin población indígena
2020,municipio,14057,La Manzanilla de la Paz,13,4099,0.3172,"Menos de 40 % y menos de 5,000 indígenas"
2020,municipio,14058,Mascota,73,14451,0.5052,"Menos de 40 % y menos de 5,000 indígenas"
2020,municipio,14059,Mazamitla,80,14043,0.5697,"Menos de 40 % y menos de 5,000 indígenas"
2020,municipio,14060,Mexticacán,0,5307,0.0,Sin población indígena
2020,municipio,14061,Mezquitic,17824,22083,80.7137,40 % y más de población indígena
2020,municipio,14062,Mixtlán,7,3638,0.1924,"Menos de 40 % y menos de 5,000 indígenas"
2020,municipio,14063,Ocotlán,359,106050,0.3385,"Menos de 40 % y menos de 5,000 indígenas"
2020,municipio,14064,Ojuelos de Jalisco,60,33588,0.1786,"Menos de 40 % y menos de 5,000 indígenas"
2020,municipio,14065,Pihuamo,30,11386,0.2635,"Menos de 40 % y menos de 5,000 indígenas"
2020,municipio,14066,Poncitlán,94,53659,0.1752,"Menos de 40 % y menos de 5,000 indígenas"
2020,municipio,14067,Puerto Vallarta,7088,291839,2.4287,"Menos de 40 % y más de 5,000 indígenas (o pueblos con pocos hablantes)"
2020,municipio,14068,Villa Purificación,85,11303,0.752,"Menos de 40 % y menos de 5,000 indígenas"
2020,municipio,14069,Quitupan,7,7734,0.0905,"Menos de 40 % y menos de 5,000 indígenas"
2020,municipio,14070,El Salto,2934,232852,1.26,"Menos de 40 % y menos de 5,000 indígenas"
2020,municipio,14071,San Cristóbal de la Barranca,128,2924,4.3776,"Menos de 40 % y menos de 5,000 indígenas"
2020,municipio,14072,San Diego de Alejandría,24,7609,0.3154,"Menos de 40 % y menos de 5,000 indígenas"
2020,municipio,14073,San Juan de los Lagos,128,72230,0.1772,"Menos de 40 % y menos de 5,000 indígenas"
2020,municipio,14074,San Julián,26,16792,0.1548,"Menos de 40 % y menos de 5,000 indígenas"
2020,municipio,14075,San Marcos,14,3791,0.3693,"Menos de 40 % y menos de 5,000 indígenas"
2020,municipio,14076,San Martín de Bolaños,236,3095,7.6252,"Menos de 40 % y menos de 5,000 indígenas"
2020,municipio,14077,San Martín Hidalgo,57,28102,0.2028,"Menos de 40 % y menos de 5,000 indígenas"
2020,municipio,14078,San Miguel el Alto,107,31965,0.3347,"Menos de 40 % y menos de 5,000 indígenas"
2020,municipio,14079,Gómez Farías,202,16431,1.2294,"Menos de 40 % y menos de 5,000 indígenas"
2020,municipio,14080,San Sebastián del Oeste,20,5086,0.3932,"Menos de 40 % y menos de 5,000 indígenas"
2020,municipio,14081,Santa María de los Ángeles,7,3515,0.1991,"Menos de 40 % y menos de 5,000 indígenas"
2020,municipio,14082,Sayula,511,37186,1.3742,"Menos de 40 % y menos de 5,000 indígenas"
2020,municipio,14083,Tala,2105,87690,2.4005,"Menos de 40 % y menos de 5,000 indígenas"
2020,municipio,14084,Talpa de Allende,63,14997,0.4201,"Menos de 40 % y menos de 5,000 indígenas"
2020,municipio,14085,Tamazula de Gordiano,296,38955,0.7599,"Menos de 40 % y menos de 5,000 indígenas"
2020,municipio,14086,Tapalpa,360,21245,1.6945,"Menos de 40 % y menos de 5,000 indígenas"
2020,municipio,14087,Tecalitlán,44,16705,0.2634,"Menos de 40 % y menos de 5,000 indígenas"
2020,municipio,14088,Tecolotlán,48,16603,0.2891,"Menos de 40 % y menos de 5,000 indígenas"
2020,municipio,14089,Techaluta de Montenegro,22,4072,0.5403,"Menos de 40 % y menos de 5,000 indígenas"
2020,municipio,14090,Tenamaxtlán,43,7302,0.5889,"Menos de 40 % y menos de 5,000 indígenas"
2020,municipio,14091,Teocaltiche,116,39839,0.2912,"Menos de 40 % y menos de 5,000 indígenas"
2020,municipio,14092,Teocuitatlán de Corona,101,11039,0.9149,"Menos de 40 % y menos de 5,000 indígenas"
2020,municipio,14093,Tepatitlán de Morelos,422,150190,0.281,"Menos de 40 % y menos de 5,000 indígenas"
2020,municipio,14094,Tequila,168,44353,0.3788,"Menos de 40 % y menos de 5,000 indígenas"
2020,municipio,14095,Teuchitlán,20,9647,0.2073,"Menos de 40 % y menos de 5,000 indígenas"
2020,municipio,14096,Tizapán el Alto,88,22758,0.3867,"Menos de 40 % y menos de 5,000 indígenas"
2020,municipio,14097,Tlajomulco de Zúñiga,9252,727750,1.2713,"Menos de 40 % y más de 5,000 indígenas (o pueblos con pocos hablantes)"
2020,municipio,14098,San Pedro Tlaquepaque,7854,687127,1.143,"Menos de 40 % y más de 5,000 indígenas (o pueblos con pocos hablantes)"
2020,municipio,14099,Tolimán,470,11219,4.1893,"Menos de 40 % y menos de 5,000 indígenas"
2020,municipio,14100,Tomatlán,887,36316,2.4424,"Menos de 40 % y menos de 5,000 indígenas"
2020,municipio,14101,Tonalá,3097,569913,0.5434,"Menos de 40 % y menos de 5,000 indígenas"
2020,municipio,14102,Tonaya,3,5961,0.0503,"Menos de 40 % y menos de 5,000 indígenas"
2020,municipio,14103,Tonila,78,7565,1.0311,"Menos de 40 % y menos de 5,000 indígenas"
2020,municipio,14104,Totatiche,55,4180,1.3158,"Menos de 40 % y menos de 5,000 indígenas"
2020,municipio,14105,Tototlán,29,23573,0.123,"Menos de 40 % y menos de 5,000 indígenas"
2020,municipio,14106,Tuxcacuesco,338,5482,6.1656,"Menos de 40 % y menos de 5,000 indígenas"
2020,municipio,14107,Tuxcueca,15,6702,0.2238,"Menos de 40 % y menos de 5,000 indígenas"
2020,municipio,14108,Tuxpan,726,37518,1.9351,"Menos de 40 % y menos de 5,000 indígenas"
2020,municipio,14109,Unión de San Antonio,10,19069,0.0524,"Menos de 40 % y menos de 5,000 indígenas"
2020,municipio,14110,Unión de Tula,61,13799,0.4421,"Menos de 40 % y menos de 5,000 indígenas"
2020,municipio,14111,Valle de Guadalupe,0,6627,0.0,Sin población indígena
2020,municipio,14112,Valle de Juárez,16,6151,0.2601,"Menos de 40 % y menos de 5,000 indígenas"
2020,municipio,14113,San Gabriel,499,16548,3.0155,"Menos de 40 % y menos de 5,000 indígenas"
2020,municipio,14114,Villa Corona,295,19063,1.5475,"Menos de 40 % y menos de 5,000 indígenas"
2020,municipio,14115,Villa Guerrero,412,5525,7.457,"Menos de 40 % y menos de 5,000 indígenas"
2020,municipio,14116,Villa Hidalgo,28,20088,0.1394,"Menos de 40 % y menos de 5,000 indígenas"
2020,municipio,14117,Cañadas de Obregón,18,4388,0.4102,"Menos de 40 % y menos de 5,000 indígenas"
2020,municipio,14118,Yahualica de González Gallo,24,22394,0.1072,"Menos de 40 % y menos de 5,000 indígenas"
2020,municipio,14119,Zacoalco de Torres,265,30472,0.8697,"Menos de 40 % y menos de 5,000 indígenas"
2020,municipio,14120,Zapopan,28536,1476491,1.9327,"Menos de 40 % y más de 5,000 indígenas (o pueblos con pocos hablantes)"
2020,municipio,14121,Zapotiltic,892,33713,2.6459,"Menos de 40 % y menos de 5,000 indígenas"
2020,municipio,14122,Zapotitlán de Vadillo,44,7466,0.5893,"Menos de 40 % y menos de 5,000 indígenas"
2020,municipio,14123,Zapotlán del Rey,24,19279,0.1245,"Menos de 40 % y menos de 5,000 indígenas"
2020,municipio,14124,Zapotlanejo,149,64806,0.2299,"Menos de 40 % y menos de 5,000 indígenas"
2020,municipio,14125,San Ignacio Cerro Gordo,93,18341,0.5071,"Menos de 40 % y menos de 5,000 indígenas"
2020,municipio,15001,Acambay de Ruíz Castañeda,19830,67872,29.2168,"Menos de 40 % y más de 5,000 indígenas (o pueblos con pocos hablantes)"
2020,municipio,15002,Acolman,5353,171507,3.1212,"Menos de 40 % y más de 5,000 indígenas (o pueblos con pocos hablantes)"
2020,municipio,15003,Aculco,6863,49266,13.9305,"Menos de 40 % y más de 5,000 indígenas (o pueblos con pocos hablantes)"
2020,municipio,15004,Almoloya de Alquisiras,5,15333,0.0326,"Menos de 40 % y menos de 5,000 indígenas"
2020,municipio,15005,Almoloya de Juárez,2788,174587,1.5969,"Menos de 40 % y menos de 5,000 indígenas"
2020,municipio,15006,Almoloya del Río,232,12694,1.8276,"Menos de 40 % y menos de 5,000 indígenas"
2020,municipio,15007,Amanalco,3594,23675,15.1806,"Menos de 40 % y menos de 5,000 indígenas"
2020,municipio,15008,Amatepec,10,25244,0.0396,"Menos de 40 % y menos de 5,000 indígenas"
2020,municipio,15009,Amecameca,358,53441,0.6699,"Menos de 40 % y menos de 5,000 indígenas"
2020,municipio,15010,Apaxco,319,31898,1.0001,"Menos de 40 % y menos de 5,000 indígenas"
2020,municipio,15011,Atenco,3832,75489,5.0762,"Menos de 40 % y menos de 5,000 indígenas"
2020,municipio,15012,Atizapán,371,12984,2.8574,"Menos de 40 % y menos de 5,000 indígenas"
2020,municipio,15013,Atizapán de Zaragoza,17712,523674,3.3823,"Menos de 40 % y más de 5,000 indígenas (o pueblos con pocos hablantes)"
2020,municipio,15014,Atlacomulco,31257,109384,28.5755,"Menos de 40 % y más de 5,000 indígenas (o pueblos con pocos hablantes)"
2020,municipio,15015,Atlautla,175,31900,0.5486,"Menos de 40 % y menos de 5,000 indígenas"
2020,municipio,15016,Axapusco,460,29128,1.5792,"Menos de 40 % y menos de 5,000 indígenas"
2020,municipio,15017,Ayapango,87,10053,0.8654,"Menos de 40 % y menos de 5,000 indígenas"
2020,municipio,15018,Calimaya,626,68489,0.914,"Menos de 40 % y menos de 5,000 indígenas"
2020,municipio,15019,Capulhuac,328,36921,0.8884,"Menos de 40 % y menos de 5,000 indígenas"
2020,municipio,15020,Coacalco de Berriozábal,4249,293444,1.448,"Menos de 40 % y menos de 5,000 indígenas"
2020,municipio,15021,Coatepec Harinas,110,38643,0.2847,"Menos de 40 % y menos de 5,000 indígenas"
2020,municipio,15022,Cocotitlán,476,15107,3.1509,"Menos de 40 % y menos de 5,000 indígenas"
2020,municipio,15023,Coyotepec,1339,40885,3.275,"Menos de 40 % y menos de 5,000 indígenas"
2020,municipio,15024,Cuautitlán,3658,178847,2.0453,"Menos de 40 % y menos de 5,000 indígenas"
2020,municipio,15025,Chalco,20042,400057,5.0098,"Menos de 40 % y más de 5,000 indígenas (o pueblos con pocos hablantes)"
2020,municipio,15026,Chapa de Mota,11972,31737,37.7225,"Menos de 40 % y más de 5,000 indígenas (o pueblos con pocos hablantes)"
2020,municipio,15027,Chapultepec,203,12772,1.5894,"Menos de 40 % y menos de 5,000 indígenas"
2020,municipio,15028,Chiautla,795,30045,2.646,"Menos de 40 % y menos de 5,000 indígenas"
2020,municipio,15029,Chicoloapan,6023,200750,3.0002,"Menos de 40 % y más de 5,000 indígenas (o pueblos con pocos hablantes)"
2020,municipio,15030,Chiconcuac,1564,27692,5.6478,"Menos de 40 % y menos de 5,000 indígenas"
2020,municipio,15031,Chimalhuacán,57188,705193,8.1096,"Menos de 40 % y más de 5,000 indígenas (o pueblos con pocos hablantes)"
2020,municipio,15032,Donato Guerra,10451,37436,27.917,"Menos de 40 % y más de 5,000 indígenas (o pueblos con pocos hablantes)"
2020,municipio,15033,Ecatepec de Morelos,65882,1645352,4.0041,"Menos de 40 % y más de 5,000 indígenas (o pueblos con pocos hablantes)"
2020,municipio,15034,Ecatzingo,86,10827,0.7943,"Menos de 40 % y menos de 5,000 indígenas"
2020,municipio,15035,Huehuetoca,6998,163244,4.2868,"Menos de 40 % y más de 5,000 indígenas (o pueblos con pocos hablantes)"
2020,municipio,15036,Hueypoxtla,427,46757,0.9132,"Menos de 40 % y menos de 5,000 indígenas"
2020,municipio,15037,Huixquilucan,10446,284965,3.6657,"Menos de 40 % y más de 5,000 indígenas (o pueblos con pocos hablantes)"
2020,municipio,15038,Isidro Fabela,396,11929,3.3196,"Menos de 40 % y menos de 5,000 indígenas"
2020,municipio,15039,Ixtapaluca,28148,542211,5.1913,"Menos de 40 % y más de 5,000 indígenas (o pueblos con pocos hablantes)"
2020,municipio,15040,Ixtapan de la Sal,164,36911,0.4443,"Menos de 40 % y menos de 5,000 indígenas"
2020,municipio,15041,Ixtapan del Oro,412,6475,6.3629,"Menos de 40 % y menos de 5,000 indígenas"
2020,municipio,15042,Ixtlahuaca,60912,160139,38.037,"Menos de 40 % y más de 5,000 indígenas (o pueblos con pocos hablantes)"
2020,municipio,15043,Xalatlaco,681,30687,2.2192,"Menos de 40 % y menos de 5,000 indígenas"
2020,municipio,15044,Jaltenco,471,28217,1.6692,"Menos de 40 % y menos de 5,000 indígenas"
2020,municipio,15045,Jilotepec,1184,87671,1.3505,"Menos de 40 % y menos de 5,000 indígenas"
2020,municipio,15046,Jilotzingo,427,19877,2.1482,"Menos de 40 % y menos de 5,000 indígenas"
2020,municipio,15047,Jiquipilco,15012,76826,19.5403,"Menos de 40 % y más de 5,000 indígenas (o pueblos con pocos hablantes)"
2020,municipio,15048,Jocotitlán,6458,69264,9.3237,"Menos de 40 % y más de 5,000 indígenas (o pueblos con pocos hablantes)"
2020,municipio,15049,Joquicingo,202,15428,1.3093,"Menos de 40 % y menos de 5,000 indígenas"
2020,municipio,15050,Juchitepec,154,27116,0.5679,"Menos de 40 % y menos de 5,000 indígenas"
2020,municipio,15051,Lerma,7158,170327,4.2025,"Menos de 40 % y más de 5,000 indígenas (o pueblos con pocos hablantes)"
2020,municipio,15052,Malinalco,137,28155,0.4866,"Menos de 40 % y menos de 5,000 indígenas"
2020,municipio,15053,Melchor Ocampo,2885,61220,4.7125,"Menos de 40 % y menos de 5,000 indígenas"
2020,municipio,15054,Metepec,2511,242307,1.0363,"Menos de 40 % y menos de 5,000 indígenas"
2020,municipio,15055,Mexicaltzingo,182,13807,1.3182,"Menos de 40 % y menos de 5,000 indígenas"
2020,municipio,15056,Morelos,11223,33164,33.8409,"Menos de 40 % y más de 5,000 indígenas (o pueblos con pocos hablantes)"
2020,municipio,15057,Naucalpan de Juárez,46362,834434,5.5561,"Menos de 40 % y más de 5,000 indígenas (o pueblos con pocos hablantes)"
2020,municipio,15058,Nezahualcóyotl,33074,1077208,3.0703,"Menos de 40 % y más de 5,000 indígenas (o pueblos con pocos hablantes)"
2020,municipio,15059,Nextlalpan,2260,57082,3.9592,"Menos de 40 % y menos de 5,000 indígenas"
2020,municipio,15060,Nicolás Romero,26783,430601,6.2199,"Menos de 40 % y más de 5,000 indígenas (o pueblos con pocos hablantes)"
2020,municipio,15061,Nopaltepec,69,10351,0.6666,"Menos de 40 % y menos de 5,000 indígenas"
2020,municipio,15062,Ocoyoacac,3513,72103,4.8722,"Menos de 40 % y menos de 5,000 indígenas"
2020,municipio,15063,Ocuilan,4005,36223,11.0565,"Menos de 40 % y más de 5,000 indígenas (o pueblos con pocos hablantes)"
2020,municipio,15064,El Oro,10439,36937,28.2616,"Menos de 40 % y más de 5,000 indígenas (o pueblos con pocos hablantes)"
2020,municipio,15065,Otumba,378,36331,1.0404,"Menos de 40 % y menos de 5,000 indígenas"
2020,municipio,15066,Otzoloapan,5,4891,0.1022,"Menos de 40 % y menos de 5,000 indígenas"
2020,municipio,15067,Otzolotepec,13113,88783,14.7697,"Menos de 40 % y más de 5,000 indígenas (o pueblos con pocos hablantes)"
2020,municipio,15068,Ozumba,242,30785,0.7861,"Menos de 40 % y menos de 5,000 indígenas"
2020,municipio,15069,Papalotla,84,4862,1.7277,"Menos de 40 % y menos de 5,000 indígenas"
2020,municipio,15070,La Paz,27214,304088,8.9494,"Menos de 40 % y más de 5,000 indígenas (o pueblos con pocos hablantes)"
2020,municipio,15071,Polotitlán,99,14985,0.6607,"Menos de 40 % y menos de 5,000 indígenas"
2020,municipio,15072,Rayón,169,15972,1.0581,"Menos de 40 % y menos de 5,000 indígenas"
2020,municipio,15073,San Antonio la Isla,403,31962,1.2609,"Menos de 40 % y menos de 5,000 indígenas"
2020,municipio,15074,San Felipe del Progreso,85746,144924,59.1662,40 % y más de población indígena
2020,municipio,15075,San Martín de las Pirámides,756,29182,2.5906,"Menos de 40 % y menos de 5,000 indígenas"
2020,municipio,15076,San Mateo Atenco,1199,97418,1.2308,"Menos de 40 % y menos de 5,000 indígenas"
2020,municipio,15077,San Simón de Guerrero,37,6692,0.5529,"Menos de 40 % y menos de 5,000 indígenas"
2020,municipio,15078,Santo Tomás,13,9729,0.1336,"Menos de 40 % y menos de 5,000 indígenas"
2020,municipio,15079,Soyaniquilpan de Juárez,77,14323,0.5376,"Menos de 40 % y menos de 5,000 indígenas"
2020,municipio,15080,Sultepec,429,24145,1.7768,"Menos de 40 % y menos de 5,000 indígenas"
2020,municipio,15081,Tecámac,13472,547503,2.4606,"Menos de 40 % y más de 5,000 indígenas (o pueblos con pocos hablantes)"
2020,municipio,15082,Tejupilco,207,79282,0.2611,"Menos de 40 % y menos de 5,000 indígenas"
2020,municipio,15083,Temamatla,692,14130,4.8974,"Menos de 40 % y menos de 5,000 indígenas"
2020,municipio,15084,Temascalapa,960,43593,2.2022,"Menos de 40 % y menos de 5,000 indígenas"
2020,municipio,15085,Temascalcingo,19990,66414,30.0991,"Menos de 40 % y más de 5,000 indígenas (o pueblos con pocos hablantes)"
2020,municipio,15086,Temascaltepec,3608,35014,10.3044,"Menos de 40 % y más de 5,000 indígenas (o pueblos con pocos hablantes)"
2020,municipio,15087,Temoaya,53822,105766,50.8878,40 % y más de población indígena
2020,municipio,15088,Tenancingo,499,104677,0.4767,"Menos de 40 % y menos de 5,000 indígenas"
2020,municipio,15089,Tenango del Aire,183,11359,1.6111,"Menos de 40 % y menos de 5,000 indígenas"
2020,municipio,15090,Tenango del Valle,1056,90518,1.1666,"Menos de 40 % y menos de 5,000 indígenas"
2020,municipio,15091,Teoloyucan,758,65459,1.158,"Menos de 40 % y menos de 5,000 indígenas"
2020,municipio,15092,Teotihuacán,2263,58507,3.8679,"Menos de 40 % y menos de 5,000 indígenas"
2020,municipio,15093,Tepetlaoxtoc,774,32564,2.3769,"Menos de 40 % y menos de 5,000 indígenas"
2020,municipio,15094,Tepetlixpa,192,20500,0.9366,"Menos de 40 % y menos de 5,000 indígenas"
2020,municipio,15095,Tepotzotlán,2991,103696,2.8844,"Menos de 40 % y menos de 5,000 indígenas"
2020,municipio,15096,Tequixquiac,538,39489,1.3624,"Menos de 40 % y menos de 5,000 indígenas"
2020,municipio,15097,Texcaltitlán,42,18482,0.2272,"Menos de 40 % y menos de 5,000 indígenas"
2020,municipio,15098,Texcalyacac,165,5736,2.8766,"Menos de 40 % y menos de 5,000 indígenas"
2020,municipio,15099,Texcoco,15492,277562,5.5815,"Menos de 40 % y más de 5,000 indígenas (o pueblos con pocos hablantes)"
2020,municipio,15100,Tezoyuca,3080,47044,6.5471,"Menos de 40 % y menos de 5,000 indígenas"
2020,municipio,15101,Tianguistenco,2616,84259,3.1047,"Menos de 40 % y menos de 5,000 indígenas"
2020,municipio,15102,Timilpan,2136,16414,13.0133,"Menos de 40 % y menos de 5,000 indígenas"
2020,municipio,15103,Tlalmanalco,374,49196,0.7602,"Menos de 40 % y menos de 5,000 indígenas"
2020,municipio,15104,Tlalnepantla de Baz,21175,672202,3.1501,"Menos de 40 % y más de 5,000 indígenas (o pueblos con pocos hablantes)"
2020,municipio,15105,Tlatlaya,74,31762,0.233,"Menos de 40 % y menos de 5,000 indígenas"
2020,municipio,15106,Toluca,69466,910608,7.6285,"Menos de 40 % y más de 5,000 indígenas (o pueblos con pocos hablantes)"
2020,municipio,15107,Tonatico,80,12912,0.6196,"Menos de 40 % y menos de 5,000 indígenas"
2020,municipio,15108,Tultepec,4062,157645,2.5767,"Menos de 40 % y menos de 5,000 indígenas"
2020,municipio,15109,Tultitlán,13814,516341,2.6754,"Menos de 40 % y más de 5,000 indígenas (o pueblos con pocos hablantes)"
2020,municipio,15110,Valle de Bravo,906,61590,1.471,"Menos de 40 % y menos de 5,000 indígenas"
2020,municipio,15111,Villa de Allende,7078,53275,13.2858,"Menos de 40 % y más de 5,000 indígenas (o pueblos con pocos hablantes)"
2020,municipio,15112,Villa del Carbón,3200,51498,6.2138,"Menos de 40 % y menos de 5,000 indígenas"
2020,municipio,15113,Villa Guerrero,135,69086,0.1954,"Menos de 40 % y menos de 5,000 indígenas"
2020,municipio,15114,Villa Victoria,19299,108196,17.8371,"Menos de 40 % y más de 5,000 indígenas (o pueblos con pocos hablantes)"
2020,municipio,15115,Xonacatlán,2511,54633,4.5961,"Menos de 40 % y menos de 5,000 indígenas"
2020,municipio,15116,Zacazonapan,12,5109,0.2349,"Menos de 40 % y menos de 5,000 indígenas"
2020,municipio,15117,Zacualpan,6,13522,0.0444,"Menos de 40 % y menos de 5,000 indígenas"
2020,municipio,15118,Zinacantepec,2572,203872,1.2616,"Menos de 40 % y menos de 5,000 indígenas"
2020,municipio,15119,Zumpahuacán,96,18833,0.5097,"Menos de 40 % y menos de 5,000 indígenas"
2020,municipio,15120,Zumpango,9063,280455,3.2315,"Menos de 40 % y más de 5,000 indígenas (o pueblos con pocos hablantes)"
2020,municipio,15121,Cuautitlán Izcalli,11653,555163,2.099,"Menos de 40 % y más de 5,000 indígenas (o pueblos con pocos hablantes)"
2020,municipio,15122,Valle de Chalco Solidaridad,29859,391731,7.6223,"Menos de 40 % y más de 5,000 indígenas (o pueblos con pocos hablantes)"
2020,municipio,15123,Luvianos,69,28822,0.2394,"Menos de 40 % y menos de 5,000 indígenas"
2020,municipio,15124,San José del Rincón,29440,100082,29.4159,"Menos de 40 % y más de 5,000 indígenas (o pueblos con pocos hablantes)"
2020,municipio,15125,Tonanitla,626,14883,4.2061,"Menos de 40 % y menos de 5,000 indígenas"
2020,municipio,16001,Acuitzio,66,11301,0.584,"Menos de 40 % y menos de 5,000 indígenas"
2020,municipio,16002,Aguililla,164,14754,1.1116,"Menos de 40 % y menos de 5,000 indígenas"
2020,municipio,16003,Álvaro Obregón,56,23000,0.2435,"Menos de 40 % y menos de 5,000 indígenas"
2020,municipio,16004,Angamacutiro,30,14943,0.2008,"Menos de 40 % y menos de 5,000 indígenas"
2020,municipio,16005,Angangueo,26,10892,0.2387,"Menos de 40 % y menos de 5,000 indígenas"
2020,municipio,16006,Apatzingán,2029,126191,1.6079,"Menos de 40 % y menos de 5,000 indígenas"
2020,municipio,16007,Aporo,7,3529,0.1984,"Menos de 40 % y menos de 5,000 indígenas"
2020,municipio,16008,Aquila,11443,24676,46.373,40 % y más de población indígena
2020,municipio,16009,Ario,159,36268,0.4384,"Menos de 40 % y menos de 5,000 indígenas"
2020,municipio,16010,Arteaga,39,20332,0.1918,"Menos de 40 % y menos de 5,000 indígenas"
2020,municipio,16011,Briseñas,20,11681,0.1712,"Menos de 40 % y menos de 5,000 indígenas"
2020,municipio,16012,Buenavista,1980,45538,4.348,"Menos de 40 % y menos de 5,000 indígenas"
2020,municipio,16013,Carácuaro,16,9176,0.1744,"Menos de 40 % y menos de 5,000 indígenas"
2020,municipio,16014,Coahuayana,434,17022,2.5496,"Menos de 40 % y menos de 5,000 indígenas"
2020,municipio,16015,Coalcomán de Vázquez Pallares,200,19633,1.0187,"Menos de 40 % y menos de 5,000 indígenas"
2020,municipio,16016,Coeneo,4499,20965,21.4596,"Menos de 40 % y menos de 5,000 indígenas"
2020,municipio,16017,Contepec,107,35070,0.3051,"Menos de 40 % y menos de 5,000 indígenas"
2020,municipio,16018,Copándaro,17,9484,0.1792,"Menos de 40 % y menos de 5,000 indígenas"
2020,municipio,16019,Cotija,100,20198,0.4951,"Menos de 40 % y menos de 5,000 indígenas"
2020,municipio,16020,Cuitzeo,49,29910,0.1638,"Menos de 40 % y menos de 5,000 indígenas"
2020,municipio,16021,Charapan,7553,13539,55.787,40 % y más de población indígena
2020,municipio,16022,Charo,129,25138,0.5132,"Menos de 40 % y menos de 5,000 indígenas"
2020,municipio,16023,Chavinda,130,10417,1.248,"Menos de 40 % y menos de 5,000 indígenas"
2020,municipio,16024,Cherán,8657,20586,42.0529,40 % y más de población indígena
2020,municipio,16025,Chilchota,24688,40560,60.8679,40 % y más de población indígena
2020,municipio,16026,Chinicuila,228,4773,4.7769,"Menos de 40 % y menos de 5,000 indígenas"
2020,municipio,16027,Chucándiro,1,4944,0.0202,"Menos de 40 % y menos de 5,000 indígenas"
2020,municipio,16028,Churintzio,20,5233,0.3822,"Menos de 40 % y menos de 5,000 indígenas"
2020,municipio,16029,Churumuco,8,12342,0.0648,"Menos de 40 % y menos de 5,000 indígenas"
2020,municipio,16030,Ecuandureo,15,11850,0.1266,"Menos de 40 % y menos de 5,000 indígenas"
2020,municipio,16031,Epitacio Huerta,81,16112,0.5027,"Menos de 40 % y menos de 5,000 indígenas"
2020,municipio,16032,Erongarícuaro,6407,15715,40.77,40 % y más de población indígena
2020,municipio,16033,Gabriel Zamora,64,21466,0.2981,"Menos de 40 % y menos de 5,000 indígenas"
2020,municipio,16034,Hidalgo,344,125712,0.2736,"Menos de 40 % y menos de 5,000 indígenas"
2020,municipio,16035,La Huacana,119,30627,0.3885,"Menos de 40 % y menos de 5,000 indígenas"
2020,municipio,16036,Huandacareo,25,11644,0.2147,"Menos de 40 % y menos de 5,000 indígenas"
2020,municipio,16037,Huaniqueo,10,7945,0.1259,"Menos de 40 % y menos de 5,000 indígenas"
2020,municipio,16038,Huetamo,129,41973,0.3073,"Menos de 40 % y menos de 5,000 indígenas"
2020,municipio,16039,Huiramba,58,9015,0.6434,"Menos de 40 % y menos de 5,000 indígenas"
2020,municipio,16040,Indaparapeo,25,18385,0.136,"Menos de 40 % y menos de 5,000 indígenas"
2020,municipio,16041,Irimbo,19,16043,0.1184,"Menos de 40 % y menos de 5,000 indígenas"
2020,municipio,16042,Ixtlán,19,14302,0.1328,"Menos de 40 % y menos de 5,000 indígenas"
2020,municipio,16043,Jacona,1578,68781,2.2942,"Menos de 40 % y menos de 5,000 indígenas"
2020,municipio,16044,Jiménez,32,12946,0.2472,"Menos de 40 % y menos de 5,000 indígenas"
2020,municipio,16045,Jiquilpan,144,36158,0.3983,"Menos de 40 % y menos de 5,000 indígenas"
2020,municipio,16046,Juárez,14,14936,0.0937,"Menos de 40 % y menos de 5,000 indígenas"
2020,municipio,16047,Jungapeo,52,19834,0.2622,"Menos de 40 % y menos de 5,000 indígenas"
2020,municipio,16048,Lagunillas,16,5745,0.2785,"Menos de 40 % y menos de 5,000 indígenas"
2020,municipio,16049,Madero,59,19086,0.3091,"Menos de 40 % y menos de 5,000 indígenas"
2020,municipio,16050,Maravatío,428,89311,0.4792,"Menos de 40 % y menos de 5,000 indígenas"
2020,municipio,16051,Marcos Castellanos,49,13983,0.3504,"Menos de 40 % y menos de 5,000 indígenas"
2020,municipio,16052,Lázaro Cárdenas,3685,196003,1.8801,"Menos de 40 % y menos de 5,000 indígenas"
2020,municipio,16053,Morelia,12522,849053,1.4748,"Menos de 40 % y más de 5,000 indígenas (o pueblos con pocos hablantes)"
2020,municipio,16054,Morelos,17,7983,0.213,"Menos de 40 % y menos de 5,000 indígenas"
2020,municipio,16055,Múgica,350,45732,0.7653,"Menos de 40 % y menos de 5,000 indígenas"
2020,municipio,16056,Nahuatzen,15124,32598,46.3955,40 % y más de población indígena
2020,municipio,16057,Nocupétaro,10,8196,0.122,"Menos de 40 % y menos de 5,000 indígenas"
2020,municipio,16058,Nuevo Parangaricutiro,815,20981,3.8845,"Menos de 40 % y menos de 5,000 indígenas"
2020,municipio,16059,Nuevo Urecho,60,9027,0.6647,"Menos de 40 % y menos de 5,000 indígenas"
2020,municipio,16060,Numarán,7,9437,0.0742,"Menos de 40 % y menos de 5,000 indígenas"
2020,municipio,16061,Ocampo,172,24774,0.6943,"Menos de 40 % y menos de 5,000 indígenas"
2020,municipio,16062,Pajacuarán,91,21028,0.4328,"Menos de 40 % y menos de 5,000 indígenas"
2020,municipio,16063,Panindícuaro,26,14889,0.1746,"Menos de 40 % y menos de 5,000 indígenas"
2020,municipio,16064,Parácuaro,302,26832,1.1255,"Menos de 40 % y menos de 5,000 indígenas"
2020,municipio,16065,Paracho,16736,39657,42.2019,40 % y más de población indígena
2020,municipio,16066,Pátzcuaro,10600,98382,10.7743,"Menos de 40 % y más de 5,000 indígenas (o pueblos con pocos hablantes)"
2020,municipio,16067,Penjamillo,16,16621,0.0963,"Menos de 40 % y menos de 5,000 indígenas"
2020,municipio,16068,Peribán,437,29389,1.487,"Menos de 40 % y menos de 5,000 indígenas"
2020,municipio,16069,La Piedad,614,106490,0.5766,"Menos de 40 % y menos de 5,000 indígenas"
2020,municipio,16070,Purépero,89,15503,0.5741,"Menos de 40 % y menos de 5,000 indígenas"
2020,municipio,16071,Puruándiro,218,69260,0.3148,"Menos de 40 % y menos de 5,000 indígenas"
2020,municipio,16072,Queréndaro,65,13961,0.4656,"Menos de 40 % y menos de 5,000 indígenas"
2020,municipio,16073,Quiroga,9585,27176,35.2701,"Menos de 40 % y más de 5,000 indígenas (o pueblos con pocos hablantes)"
2020,municipio,16074,Cojumatlán de Régules,13,10553,0.1232,"Menos de 40 % y menos de 5,000 indígenas"
2020,municipio,16075,Los Reyes,18372,78935,23.2748,"Menos de 40 % y más de 5,000 indígenas (o pueblos con pocos hablantes)"
2020,municipio,16076,Sahuayo,195,78477,0.2485,"Menos de 40 % y menos de 5,000 indígenas"
2020,municipio,16077,San Lucas,74,17677,0.4186,"Menos de 40 % y menos de 5,000 indígenas"
2020,municipio,16078,Santa Ana Maya,20,12812,0.1561,"Menos de 40 % y menos de 5,000 indígenas"
2020,municipio,16079,Salvador Escalante,82,49896,0.1643,"Menos de 40 % y menos de 5,000 indígenas"
2020,municipio,16080,Senguio,56,19833,0.2824,"Menos de 40 % y menos de 5,000 indígenas"
2020,municipio,16081,Susupuato,370,9076,4.0767,"Menos de 40 % y menos de 5,000 indígenas"
2020,municipio,16082,Tacámbaro,267,79540,0.3357,"Menos de 40 % y menos de 5,000 indígenas"
2020,municipio,16083,Tancítaro,708,33453,2.1164,"Menos de 40 % y menos de 5,000 indígenas"
2020,municipio,16084,Tangamandapio,14957,31716,47.1592,40 % y más de población indígena
2020,municipio,16085,Tangancícuaro,2613,35256,7.4115,"Menos de 40 % y menos de 5,000 indígenas"
2020,municipio,16086,Tanhuato,104,15534,0.6695,"Menos de 40 % y menos de 5,000 indígenas"
2020,municipio,16087,Taretan,96,15589,0.6158,"Menos de 40 % y menos de 5,000 indígenas"
2020,municipio,16088,Tarímbaro,1151,114513,1.0051,"Menos de 40 % y menos de 5,000 indígenas"
2020,municipio,16089,Tepalcatepec,148,24074,0.6148,"Menos de 40 % y menos de 5,000 indígenas"
2020,municipio,16090,Tingambato,1558,16325,9.5436,"Menos de 40 % y menos de 5,000 indígenas"
2020,municipio,16091,Tingüindín,1308,14934,8.7585,"Menos de 40 % y menos de 5,000 indígenas"
2020,municipio,16092,Tiquicheo de Nicolás Romero,19,12836,0.148,"Menos de 40 % y menos de 5,000 indígenas"
2020,municipio,16093,Tlalpujahua,97,28556,0.3397,"Menos de 40 % y menos de 5,000 indígenas"
2020,municipio,16094,Tlazazalca,21,6420,0.3271,"Menos de 40 % y menos de 5,000 indígenas"
2020,municipio,16095,Tocumbo,106,12325,0.86,"Menos de 40 % y menos de 5,000 indígenas"
2020,municipio,16096,Tumbiscatío,22,5971,0.3684,"Menos de 40 % y menos de 5,000 indígenas"
2020,municipio,16097,Turicato,725,29056,2.4952,"Menos de 40 % y menos de 5,000 indígenas"
2020,municipio,16098,Tuxpan,74,25757,0.2873,"Menos de 40 % y menos de 5,000 indígenas"
2020,municipio,16099,Tuzantla,16,14329,0.1117,"Menos de 40 % y menos de 5,000 indígenas"
2020,municipio,16100,Tzintzuntzan,3258,14911,21.8496,"Menos de 40 % y menos de 5,000 indígenas"
2020,municipio,16101,Tzitzio,23,8855,0.2597,"Menos de 40 % y menos de 5,000 indígenas"
2020,municipio,16102,Uruapan,27447,356786,7.6928,"Menos de 40 % y más de 5,000 indígenas (o pueblos con pocos hablantes)"
2020,municipio,16103,Venustiano Carranza,58,23469,0.2471,"Menos de 40 % y menos de 5,000 indígenas"
2020,municipio,16104,Villamar,42,15864,0.2648,"Menos de 40 % y menos de 5,000 indígenas"
2020,municipio,16105,Vista Hermosa,47,20982,0.224,"Menos de 40 % y menos de 5,000 indígenas"
2020,municipio,16106,Yurécuaro,1190,32303,3.6839,"Menos de 40 % y menos de 5,000 indígenas"
2020,municipio,16107,Zacapu,2532,76829,3.2956,"Menos de 40 % y menos de 5,000 indígenas"
2020,municipio,16108,Zamora,3066,204860,1.4966,"Menos de 40 % y menos de 5,000 indígenas"
2020,municipio,16109,Zináparo,7,3232,0.2166,"Menos de 40 % y menos de 5,000 indígenas"
2020,municipio,16110,Zinapécuaro,73,49005,0.149,"Menos de 40 % y menos de 5,000 indígenas"
2020,municipio,16111,Ziracuaretiro,223,18402,1.2118,"Menos de 40 % y menos de 5,000 indígenas"
2020,municipio,16112,Zitácuaro,9600,157056,6.1125,"Menos de 40 % y más de 5,000 indígenas (o pueblos con pocos hablantes)"
2020,municipio,16113,José Sixto Verduzco,37,26213,0.1412,"Menos de 40 % y menos de 5,000 indígenas"
2020,municipio,17001,Amacuzac,130,17598,0.7387,"Menos de 40 % y menos de 5,000 indígenas"
2020,municipio,17002,Atlatlahucan,2060,25232,8.1642,"Menos de 40 % y menos de 5,000 indígenas"
2020,municipio,17003,Axochiapan,1483,39174,3.7857,"Menos de 40 % y menos de 5,000 indígenas"
2020,municipio,17004,Ayala,6537,89834,7.2768,"Menos de 40 % y más de 5,000 indígenas (o pueblos con pocos hablantes)"
2020,municipio,17005,Coatlán del Río,28,10520,0.2662,"Menos de 40 % y menos de 5,000 indígenas"
2020,municipio,17006,Cuautla,12898,187118,6.893,"Menos de 40 % y más de 5,000 indígenas (o pueblos con pocos hablantes)"
2020,municipio,17007,Cuernavaca,10945,378476,2.8919,"Menos de 40 % y más de 5,000 indígenas (o pueblos con pocos hablantes)"
2020,municipio,17008,Emiliano Zapata,2442,107053,2.2811,"Menos de 40 % y menos de 5,000 indígenas"
2020,municipio,17009,Huitzilac,1408,24515,5.7434,"Menos de 40 % y menos de 5,000 indígenas"
2020,municipio,17010,Jantetelco,441,18402,2.3965,"Menos de 40 % y menos de 5,000 indígenas"
2020,municipio,17011,Jiutepec,4696,215357,2.1806,"Menos de 40 % y menos de 5,000 indígenas"
2020,municipio,17012,Jojutla,1099,57682,1.9053,"Menos de 40 % y menos de 5,000 indígenas"
2020,municipio,17013,Jonacatepec de Leandro Valle,811,16694,4.858,"Menos de 40 % y menos de 5,000 indígenas"
2020,municipio,17014,Mazatepec,54,9653,0.5594,"Menos de 40 % y menos de 5,000 indígenas"
2020,municipio,17015,Miacatlán,245,15802,1.5504,"Menos de 40 % y menos de 5,000 indígenas"
2020,municipio,17016,Ocuituco,207,19219,1.0771,"Menos de 40 % y menos de 5,000 indígenas"
2020,municipio,17017,Puente de Ixtla,424,40018,1.0595,"Menos de 40 % y menos de 5,000 indígenas"
2020,municipio,17018,Temixco,6647,122263,5.4366,"Menos de 40 % y más de 5,000 indígenas (o pueblos con pocos hablantes)"
2020,municipio,17019,Tepalcingo,283,28122,1.0063,"Menos de 40 % y menos de 5,000 indígenas"
2020,municipio,17020,Tepoztlán,6095,54987,11.0844,"Menos de 40 % y más de 5,000 indígenas (o pueblos con pocos hablantes)"
2020,municipio,17021,Tetecala,48,7617,0.6302,"Menos de 40 % y menos de 5,000 indígenas"
2020,municipio,17022,Tetela del Volcán,1127,14853,7.5877,"Menos de 40 % y menos de 5,000 indígenas"
2020,municipio,17023,Tlalnepantla,245,7943,3.0845,"Menos de 40 % y menos de 5,000 indígenas"
2020,municipio,17024,Tlaltizapán de Zapata,1239,52399,2.3645,"Menos de 40 % y menos de 5,000 indígenas"
2020,municipio,17025,Tlaquiltenango,629,33789,1.8616,"Menos de 40 % y menos de 5,000 indígenas"
2020,municipio,17026,Tlayacapan,2420,19408,12.4691,"Menos de 40 % y menos de 5,000 indígenas"
2020,municipio,17027,Totolapan,636,12750,4.9882,"Menos de 40 % y menos de 5,000 indígenas"
2020,municipio,17028,Xochitepec,2535,73539,3.4472,"Menos de 40 % y menos de 5,000 indígenas"
2020,municipio,17029,Yautepec,2677,105780,2.5307,"Menos de 40 % y menos de 5,000 indígenas"
2020,municipio,17030,Yecapixtla,1691,56083,3.0152,"Menos de 40 % y menos de 5,000 indígenas"
2020,municipio,17031,Zacatepec,393,36094,1.0888,"Menos de 40 % y menos de 5,000 indígenas"
2020,municipio,17032,Zacualpan de Amilpas,105,9965,1.0537,"Menos de 40 % y menos de 5,000 indígenas"
2020,municipio,17033,Temoac,298,16574,1.798,"Menos de 40 % y menos de 5,000 indígenas"
2020,municipio,17034,Coatetelco,154,11347,1.3572,"Menos de 40 % y menos de 5,000 indígenas"
2020,municipio,17035,Xoxocotla,6590,27805,23.7008,"Menos de 40 % y más de 5,000 indígenas (o pueblos con pocos hablantes)"
2020,municipio,17036,Hueyapan,5557,7855,70.7447,40 % y más de población indígena
2020,municipio,18001,Acaponeta,1649,37232,4.429,"Menos de 40 % y menos de 5,000 indígenas"
2020,municipio,18002,Ahuacatlán,100,15393,0.6496,"Menos de 40 % y menos de 5,000 indígenas"
2020,municipio,18003,Amatlán de Cañas,77,11536,0.6675,"Menos de 40 % y menos de 5,000 indígenas"
2020,municipio,18004,Compostela,1710,77436,2.2083,"Menos de 40 % y menos de 5,000 indígenas"
2020,municipio,18005,Huajicori,3496,12230,28.5854,"Menos de 40 % y menos de 5,000 indígenas"
2020,municipio,18006,Ixtlán del Río,496,29299,1.6929,"Menos de 40 % y menos de 5,000 indígenas"
2020,municipio,18007,Jala,255,19321,1.3198,"Menos de 40 % y menos de 5,000 indígenas"
2020,municipio,18008,Xalisco,1501,65229,2.3011,"Menos de 40 % y menos de 5,000 indígenas"
2020,municipio,18009,Del Nayar,44000,47550,92.5342,40 % y más de población indígena
2020,municipio,18010,Rosamorada,2925,33567,8.7139,"Menos de 40 % y menos de 5,000 indígenas"
2020,municipio,18011,Ruíz,3608,24096,14.9734,"Menos de 40 % y menos de 5,000 indígenas"
2020,municipio,18012,San Blas,1313,41518,3.1625,"Menos de 40 % y menos de 5,000 indígenas"
2020,municipio,18013,San Pedro Lagunillas,39,7683,0.5076,"Menos de 40 % y menos de 5,000 indígenas"
2020,municipio,18014,Santa María del Oro,2550,24911,10.2364,"Menos de 40 % y menos de 5,000 indígenas"
2020,municipio,18015,Santiago Ixcuintla,1833,93981,1.9504,"Menos de 40 % y menos de 5,000 indígenas"
2020,municipio,18016,Tecuala,229,37135,0.6167,"Menos de 40 % y menos de 5,000 indígenas"
2020,municipio,18017,Tepic,17328,425924,4.0683,"Menos de 40 % y más de 5,000 indígenas (o pueblos con pocos hablantes)"
2020,municipio,18018,Tuxpan,335,30064,1.1143,"Menos de 40 % y menos de 5,000 indígenas"
2020,municipio,18019,La Yesca,6364,13719,46.3882,40 % y más de población indígena
2020,municipio,18020,Bahía de Banderas,4121,187632,2.1963,"Menos de 40 % y menos de 5,000 indígenas"
2020,municipio,19001,Abasolo,23,2974,0.7734,"Menos de 40 % y menos de 5,000 indígenas"
2020,municipio,19002,Agualeguas,5,3382,0.1478,"Menos de 40 % y menos de 5,000 indígenas"
2020,municipio,19003,Los Aldamas,0,1407,0.0,Sin población indígena
2020,municipio,19004,Allende,363,35289,1.0286,"Menos de 40 % y menos de 5,000 indígenas"
2020,municipio,19005,Anáhuac,34,18030,0.1886,"Menos de 40 % y menos de 5,000 indígenas"
2020,municipio,19006,Apodaca,9235,656464,1.4068,"Menos de 40 % y más de 5,000 indígenas (o pueblos con pocos hablantes)"
2020,municipio,19007,Aramberri,6,14992,0.04,"Menos de 40 % y menos de 5,000 indígenas"
2020,municipio,19008,Bustamante,9,3661,0.2458,"Menos de 40 % y menos de 5,000 indígenas"
2020,municipio,19009,Cadereyta Jiménez,3374,122337,2.758,"Menos de 40 % y menos de 5,000 indígenas"
2020,municipio,19010,El Carmen,9027,104478,8.6401,"Menos de 40 % y más de 5,000 indígenas (o pueblos con pocos hablantes)"
2020,municipio,19011,Cerralvo,29,7340,0.3951,"Menos de 40 % y menos de 5,000 indígenas"
2020,municipio,19012,Ciénega de Flores,4719,68747,6.8643,"Menos de 40 % y menos de 5,000 indígenas"
2020,municipio,19013,China,17,9930,0.1712,"Menos de 40 % y menos de 5,000 indígenas"
2020,municipio,19014,Doctor Arroyo,58,36088,0.1607,"Menos de 40 % y menos de 5,000 indígenas"
2020,municipio,19015,Doctor Coss,16,1360,1.1765,"Menos de 40 % y menos de 5,000 indígenas"
2020,municipio,19016,Doctor González,50,3256,1.5356,"Menos de 40 % y menos de 5,000 indígenas"
2020,municipio,19017,Galeana,72,40903,0.176,"Menos de 40 % y menos de 5,000 indígenas"
2020,municipio,19018,García,28821,397205,7.256,"Menos de 40 % y más de 5,000 indígenas (o pueblos con pocos hablantes)"
2020,municipio,19019,San Pedro Garza García,3554,132169,2.689,"Menos de 40 % y menos de 5,000 indígenas"
2020,municipio,19020,General Bravo,80,5506,1.453,"Menos de 40 % y menos de 5,000 indígenas"
2020,municipio,19021,General Escobedo,15354,481213,3.1907,"Menos de 40 % y más de 5,000 indígenas (o pueblos con pocos hablantes)"
2020,municipio,19022,General Terán,95,14109,0.6733,"Menos de 40 % y menos de 5,000 indígenas"
2020,municipio,19023,General Treviño,0,1808,0.0,Sin población indígena
2020,municipio,19024,General Zaragoza,4,6282,0.0637,"Menos de 40 % y menos de 5,000 indígenas"
2020,municipio,19025,General Zuazua,7358,102149,7.2032,"Menos de 40 % y más de 5,000 indígenas (o pueblos con pocos hablantes)"
2020,municipio,19026,Guadalupe,7407,643143,1.1517,"Menos de 40 % y más de 5,000 indígenas (o pueblos con pocos hablantes)"
2020,municipio,19027,Los Herreras,3,1959,0.1531,"Menos de 40 % y menos de 5,000 indígenas"
2020,municipio,19028,Higueras,44,1386,3.1746,"Menos de 40 % y menos de 5,000 indígenas"
2020,municipio,19029,Hualahuises,10,7026,0.1423,"Menos de 40 % y menos de 5,000 indígenas"
2020,municipio,19030,Iturbide,10,3298,0.3032,"Menos de 40 % y menos de 5,000 indígenas"
2020,municipio,19031,Juárez,19329,471523,4.0993,"Menos de 40 % y más de 5,000 indígenas (o pueblos con pocos hablantes)"
2020,municipio,19032,Lampazos de Naranjo,4,5351,0.0748,"Menos de 40 % y menos de 5,000 indígenas"
2020,municipio,19033,Linares,150,84666,0.1772,"Menos de 40 % y menos de 5,000 indígenas"
2020,municipio,19034,Marín,382,5119,7.4624,"Menos de 40 % y menos de 5,000 indígenas"
2020,municipio,19035,Melchor Ocampo,3,1483,0.2023,"Menos de 40 % y menos de 5,000 indígenas"
2020,municipio,19036,Mier y Noriega,15,7652,0.196,"Menos de 40 % y menos de 5,000 indígenas"
2020,municipio,19037,Mina,41,6048,0.6779,"Menos de 40 % y menos de 5,000 indígenas"
2020,municipio,19038,Montemorelos,386,67428,0.5725,"Menos de 40 % y menos de 5,000 indígenas"
2020,municipio,19039,Monterrey,22060,1142994,1.93,"Menos de 40 % y más de 5,000 indígenas (o pueblos con pocos hablantes)"
2020,municipio,19040,Parás,5,906,0.5519,"Menos de 40 % y menos de 5,000 indígenas"
2020,municipio,19041,Pesquería,13665,147624,9.2566,"Menos de 40 % y más de 5,000 indígenas (o pueblos con pocos hablantes)"
2020,municipio,19042,Los Ramones,41,5389,0.7608,"Menos de 40 % y menos de 5,000 indígenas"
2020,municipio,19043,Rayones,5,2377,0.2103,"Menos de 40 % y menos de 5,000 indígenas"
2020,municipio,19044,Sabinas Hidalgo,126,34709,0.363,"Menos de 40 % y menos de 5,000 indígenas"
2020,municipio,19045,Salinas Victoria,5833,86766,6.7227,"Menos de 40 % y más de 5,000 indígenas (o pueblos con pocos hablantes)"
2020,municipio,19046,San Nicolás de los Garza,3585,412199,0.8697,"Menos de 40 % y menos de 5,000 indígenas"
2020,municipio,19047,Hidalgo,52,16086,0.3233,"Menos de 40 % y menos de 5,000 indígenas"
2020,municipio,19048,Santa Catarina,8627,306322,2.8163,"Menos de 40 % y más de 5,000 indígenas (o pueblos con pocos hablantes)"
2020,municipio,19049,Santiago,1577,46784,3.3708,"Menos de 40 % y menos de 5,000 indígenas"
2020,municipio,19050,Vallecillo,26,1552,1.6753,"Menos de 40 % y menos de 5,000 indígenas"
2020,municipio,19051,Villaldama,4,3573,0.112,"Menos de 40 % y menos de 5,000 indígenas"
2020,municipio,20001,Abejones,835,841,99.2866,40 % y más de población indígena
2020,municipio,20002,Acatlán de Pérez Figueroa,8601,45167,19.0427,"Menos de 40 % y más de 5,000 indígenas (o pueblos con pocos hablantes)"
2020,municipio,20003,Asunción Cacalotepec,2542,2547,99.8037,40 % y más de población indígena
2020,municipio,20004,Asunción Cuyotepeji,4,1107,0.3613,"Menos de 40 % y menos de 5,000 indígenas"
2020,municipio,20005,Asunción Ixtaltepec,10461,15261,68.5473,40 % y más de población indígena
2020,municipio,20006,Asunción Nochixtlán,5006,20464,24.4625,"Menos de 40 % y más de 5,000 indígenas (o pueblos con pocos hablantes)"
2020,municipio,20007,Asunción Ocotlán,2367,2395,98.8309,40 % y más de población indígena
2020,municipio,20008,Asunción Tlacolulita,124,734,16.8937,"Menos de 40 % y menos de 5,000 indígenas"
2020,municipio,20009,Ayotzintepec,5687,6857,82.9371,40 % y más de población indígena
2020,municipio,20010,El Barrio de la Soledad,1572,13474,11.6669,"Menos de 40 % y menos de 5,000 indígenas"
2020,municipio,20011,Calihualá,692,1402,49.3581,40 % y más de población indígena
2020,municipio,20012,Candelaria Loxicha,8892,11166,79.6346,40 % y más de población indígena
2020,municipio,20013,Ciénega de Zimatlán,66,3043,2.1689,"Menos de 40 % y menos de 5,000 indígenas"
2020,municipio,20014,Ciudad Ixtepec,11556,28082,41.1509,40 % y más de población indígena
2020,municipio,20015,Coatecas Altas,3429,5356,64.0217,40 % y más de población indígena
2020,municipio,20016,Coicoyán de las Flores,9548,9563,99.8431,40 % y más de población indígena
2020,municipio,20017,La Compañía,59,3607,1.6357,"Menos de 40 % y menos de 5,000 indígenas"
2020,municipio,20018,Concepción Buenavista,32,752,4.2553,"Menos de 40 % y menos de 5,000 indígenas"
2020,municipio,20019,Concepción Pápalo,1892,2754,68.7001,40 % y más de población indígena
2020,municipio,20020,Constancia del Rosario,3376,4847,69.6513,40 % y más de población indígena
2020,municipio,20021,Cosolapa,1224,14488,8.4484,"Menos de 40 % y menos de 5,000 indígenas"
2020,municipio,20022,Cosoltepec,271,803,33.7484,"Menos de 40 % y menos de 5,000 indígenas"
2020,municipio,20023,Cuilápam de Guerrero,4984,26882,18.5403,"Menos de 40 % y menos de 5,000 indígenas"
2020,municipio,20024,Cuyamecalco Villa de Zaragoza,1524,3644,41.8222,40 % y más de población indígena
2020,municipio,20025,Chahuites,1299,11356,11.4389,"Menos de 40 % y menos de 5,000 indígenas"
2020,municipio,20026,Chalcatongo de Hidalgo,6054,9035,67.0061,40 % y más de población indígena
2020,municipio,20027,Chiquihuitlán de Benito Juárez,1745,2179,80.0826,40 % y más de población indígena
2020,municipio,20028,Heroica Ciudad de Ejutla de Crespo,1061,23148,4.5835,"Menos de 40 % y menos de 5,000 indígenas"
2020,municipio,20029,Eloxochitlán de Flores Magón,4164,4215,98.79,40 % y más de población indígena
2020,municipio,20030,El Espinal,5971,8730,68.3963,40 % y más de población indígena
2020,municipio,20031,Tamazulápam del Espíritu Santo,7107,7185,98.9144,40 % y más de población indígena
2020,municipio,20032,Fresnillo de Trujano,3,1077,0.2786,"Menos de 40 % y menos de 5,000 indígenas"
2020,municipio,20033,Guadalupe Etla,377,2929,12.8713,"Menos de 40 % y menos de 5,000 indígenas"
2020,municipio,20034,Guadalupe de Ramírez,49,1288,3.8043,"Menos de 40 % y menos de 5,000 indígenas"
2020,municipio,20035,Guelatao de Juárez,291,657,44.2922,40 % y más de población indígena
2020,municipio,20036,Guevea de Humboldt,4136,5256,78.691,40 % y más de población indígena
2020,municipio,20037,Mesones Hidalgo,2207,4424,49.887,40 % y más de población indígena
2020,municipio,20038,Villa Hidalgo,1844,1885,97.8249,40 % y más de población indígena
2020,municipio,20039,Heroica Ciudad de Huajuapan de León,10573,78313,13.501,"Menos de 40 % y más de 5,000 indígenas (o pueblos con pocos hablantes)"
2020,municipio,20040,Huautepec,6368,6385,99.7338,40 % y más de población indígena
2020,municipio,20041,Huautla de Jiménez,30941,31710,97.5749,40 % y más de población indígena
2020,municipio,20042,Ixtlán de Juárez,5853,8385,69.8032,40 % y más de población indígena
2020,municipio,20043,Juchitán de Zaragoza,95736,113570,84.2969,40 % y más de población indígena
2020,municipio,20044,Loma Bonita,3244,40934,7.925,"Menos de 40 % y menos de 5,000 indígenas"
2020,municipio,20045,Magdalena Apasco,538,7888,6.8205,"Menos de 40 % y menos de 5,000 indígenas"
2020,municipio,20046,Magdalena Jaltepec,451,2943,15.3245,"Menos de 40 % y menos de 5,000 indígenas"
2020,municipio,20047,Santa Magdalena Jicotlán,1,81,1.2346,"Menos de 40 % y menos de 5,000 indígenas"
2020,municipio,20048,Magdalena Mixtepec,189,1433,13.1891,"Menos de 40 % y menos de 5,000 indígenas"
2020,municipio,20049,Magdalena Ocotlán,282,1184,23.8176,"Menos de 40 % y menos de 5,000 indígenas"
2020,municipio,20050,Magdalena Peñasco,3727,3750,99.3867,40 % y más de población indígena
2020,municipio,20051,Magdalena Teitipac,4695,4764,98.5516,40 % y más de población indígena
2020,municipio,20052,Magdalena Tequisistlán,491,5996,8.1888,"Menos de 40 % y menos de 5,000 indígenas"
2020,municipio,20053,Magdalena Tlacotepec,452,1297,34.8497,"Menos de 40 % y menos de 5,000 indígenas"
2020,municipio,20054,Magdalena Zahuatlán,10,404,2.4752,"Menos de 40 % y menos de 5,000 indígenas"
2020,municipio,20055,Mariscala de Juárez,39,3739,1.0431,"Menos de 40 % y menos de 5,000 indígenas"
2020,municipio,20056,Mártires de Tacubaya,81,1446,5.6017,"Menos de 40 % y menos de 5,000 indígenas"
2020,municipio,20057,Matías Romero Avendaño,9626,38183,25.2102,"Menos de 40 % y más de 5,000 indígenas (o pueblos con pocos hablantes)"
2020,municipio,20058,Mazatlán Villa de Flores,12463,12722,97.9642,40 % y más de población indígena
2020,municipio,20059,Miahuatlán de Porfirio Díaz,10052,50375,19.9543,"Menos de 40 % y más de 5,000 indígenas (o pueblos con pocos hablantes)"
2020,municipio,20060,Mixistlán de la Reforma,2487,2487,100.0,40 % y más de población indígena
2020,municipio,20061,Monjas,167,2893,5.7726,"Menos de 40 % y menos de 5,000 indígenas"
2020,municipio,20062,Natividad,249,498,50.0,40 % y más de población indígena
2020,municipio,20063,Nazareno Etla,103,4293,2.3993,"Menos de 40 % y menos de 5,000 indígenas"
2020,municipio,20064,Nejapa de Madero,2775,8494,32.6701,"Menos de 40 % y menos de 5,000 indígenas"
2020,municipio,20065,Ixpantepec Nieves,1025,1079,94.9954,40 % y más de población indígena
2020,municipio,20066,Santiago Niltepec,143,5342,2.6769,"Menos de 40 % y menos de 5,000 indígenas"
2020,municipio,20067,Oaxaca de Juárez,51177,270955,18.8876,"Menos de 40 % y más de 5,000 indígenas (o pueblos con pocos hablantes)"
2020,municipio,20068,Ocotlán de Morelos,1976,23751,8.3196,"Menos de 40 % y menos de 5,000 indígenas"
2020,municipio,20069,La Pe,31,3052,1.0157,"Menos de 40 % y menos de 5,000 indígenas"
2020,municipio,20070,Pinotepa de Don Luis,6106,6416,95.1683,40 % y más de población indígena
2020,municipio,20071,Pluma Hidalgo,296,3255,9.0937,"Menos de 40 % y menos de 5,000 indígenas"
2020,municipio,20072,San José del Progreso,1239,8059,15.3741,"Menos de 40 % y menos de 5,000 indígenas"
2020,municipio,20073,Putla Villa de Guerrero,14118,34652,40.7422,40 % y más de población indígena
2020,municipio,20074,Santa Catarina Quioquitani,453,456,99.3421,40 % y más de población indígena
2020,municipio,20075,Reforma de Pineda,168,2660,6.3158,"Menos de 40 % y menos de 5,000 indígenas"
2020,municipio,20076,La Reforma,109,3411,3.1955,"Menos de 40 % y menos de 5,000 indígenas"
2020,municipio,20077,Reyes Etla,366,4370,8.3753,"Menos de 40 % y menos de 5,000 indígenas"
2020,municipio,20078,Rojas de Cuauhtémoc,52,1301,3.9969,"Menos de 40 % y menos de 5,000 indígenas"
2020,municipio,20079,Salina Cruz,9808,84438,11.6156,"Menos de 40 % y más de 5,000 indígenas (o pueblos con pocos hablantes)"
2020,municipio,20080,San Agustín Amatengo,27,1593,1.6949,"Menos de 40 % y menos de 5,000 indígenas"
2020,municipio,20081,San Agustín Atenango,1591,1871,85.0347,40 % y más de población indígena
2020,municipio,20082,San Agustín Chayuco,2823,4163,67.8117,40 % y más de población indígena
2020,municipio,20083,San Agustín de las Juntas,2437,11391,21.3941,"Menos de 40 % y menos de 5,000 indígenas"
2020,municipio,20084,San Agustín Etla,215,4168,5.1583,"Menos de 40 % y menos de 5,000 indígenas"
2020,municipio,20085,San Agustín Loxicha,25701,26194,98.1179,40 % y más de población indígena
2020,municipio,20086,San Agustín Tlacotepec,917,1032,88.8566,40 % y más de población indígena
2020,municipio,20087,San Agustín Yatareni,1516,5521,27.4588,"Menos de 40 % y menos de 5,000 indígenas"
2020,municipio,20088,San Andrés Cabecera Nueva,208,2881,7.2197,"Menos de 40 % y menos de 5,000 indígenas"
2020,municipio,20089,San Andrés Dinicuiti,90,2308,3.8995,"Menos de 40 % y menos de 5,000 indígenas"
2020,municipio,20090,San Andrés Huaxpaltepec,3061,6234,49.1017,40 % y más de población indígena
2020,municipio,20091,San Andrés Huayápam,1293,6279,20.5925,"Menos de 40 % y menos de 5,000 indígenas"
2020,municipio,20092,San Andrés Ixtlahuaca,528,1776,29.7297,"Menos de 40 % y menos de 5,000 indígenas"
2020,municipio,20093,San Andrés Lagunas,8,518,1.5444,"Menos de 40 % y menos de 5,000 indígenas"
2020,municipio,20094,San Andrés Nuxiño,945,1850,51.0811,40 % y más de población indígena
2020,municipio,20095,San Andrés Paxtlán,4102,4562,89.9167,40 % y más de población indígena
2020,municipio,20096,San Andrés Sinaxtla,55,756,7.2751,"Menos de 40 % y menos de 5,000 indígenas"
2020,municipio,20097,San Andrés Solaga,1747,1771,98.6448,40 % y más de población indígena
2020,municipio,20098,San Andrés Teotilálpam,3192,4233,75.4075,40 % y más de población indígena
2020,municipio,20099,San Andrés Tepetlapa,1,381,0.2625,"Menos de 40 % y menos de 5,000 indígenas"
2020,municipio,20100,San Andrés Yaá,393,393,100.0,40 % y más de población indígena
2020,municipio,20101,San Andrés Zabache,248,748,33.1551,"Menos de 40 % y menos de 5,000 indígenas"
2020,municipio,20102,San Andrés Zautla,790,5326,14.8329,"Menos de 40 % y menos de 5,000 indígenas"
2020,municipio,20103,San Antonino Castillo Velasco,1940,6064,31.9921,"Menos de 40 % y menos de 5,000 indígenas"
2020,municipio,20104,San Antonino el Alto,1876,2705,69.353,40 % y más de población indígena
2020,municipio,20105,San Antonino Monte Verde,7629,7678,99.3618,40 % y más de población indígena
2020,municipio,20106,San Antonio Acutla,40,249,16.0643,"Menos de 40 % y menos de 5,000 indígenas"
2020,municipio,20107,San Antonio de la Cal,5606,26282,21.3302,"Menos de 40 % y más de 5,000 indígenas (o pueblos con pocos hablantes)"
2020,municipio,20108,San Antonio Huitepec,1969,2936,67.064,40 % y más de población indígena
2020,municipio,20109,San Antonio Nanahuatípam,207,1232,16.8019,"Menos de 40 % y menos de 5,000 indígenas"
2020,municipio,20110,San Antonio Sinicahua,1656,1668,99.2806,40 % y más de población indígena
2020,municipio,20111,San Antonio Tepetlapa,4539,4873,93.1459,40 % y más de población indígena
2020,municipio,20112,San Baltazar Chichicápam,2547,2576,98.8742,40 % y más de población indígena
2020,municipio,20113,San Baltazar Loxicha,1117,3169,35.2477,"Menos de 40 % y menos de 5,000 indígenas"
2020,municipio,20114,San Baltazar Yatzachi el Bajo,656,674,97.3294,40 % y más de población indígena
2020,municipio,20115,San Bartolo Coyotepec,1090,10391,10.4898,"Menos de 40 % y menos de 5,000 indígenas"
2020,municipio,20116,San Bartolomé Ayautla,4106,4131,99.3948,40 % y más de población indígena
2020,municipio,20117,San Bartolomé Loxicha,2000,2213,90.3751,40 % y más de población indígena
2020,municipio,20118,San Bartolomé Quialana,2358,2389,98.7024,40 % y más de población indígena
2020,municipio,20119,San Bartolomé Yucuañe,699,735,95.102,40 % y más de población indígena
2020,municipio,20120,San Bartolomé Zoogocho,393,449,87.5278,40 % y más de población indígena
2020,municipio,20121,San Bartolo Soyaltepec,319,596,53.5235,40 % y más de población indígena
2020,municipio,20122,San Bartolo Yautepec,311,653,47.6263,40 % y más de población indígena
2020,municipio,20123,San Bernardo Mixtepec,201,2829,7.105,"Menos de 40 % y menos de 5,000 indígenas"
2020,municipio,20124,San Blas Atempa,19281,19696,97.893,40 % y más de población indígena
2020,municipio,20125,San Carlos Yautepec,7298,11662,62.5793,40 % y más de población indígena
2020,municipio,20126,San Cristóbal Amatlán,5047,5396,93.5322,40 % y más de población indígena
2020,municipio,20127,San Cristóbal Amoltepec,1177,1252,94.0096,40 % y más de población indígena
2020,municipio,20128,San Cristóbal Lachirioag,1301,1342,96.9449,40 % y más de población indígena
2020,municipio,20129,San Cristóbal Suchixtlahuaca,38,356,10.6742,"Menos de 40 % y menos de 5,000 indígenas"
2020,municipio,20130,San Dionisio del Mar,3757,5180,72.529,40 % y más de población indígena
2020,municipio,20131,San Dionisio Ocotepec,11302,11411,99.0448,40 % y más de población indígena
2020,municipio,20132,San Dionisio Ocotlán,146,1380,10.5797,"Menos de 40 % y menos de 5,000 indígenas"
2020,municipio,20133,San Esteban Atatlahuca,3815,3934,96.9751,40 % y más de población indígena
2020,municipio,20134,San Felipe Jalapa de Díaz,27868,28500,97.7825,40 % y más de población indígena
2020,municipio,20135,San Felipe Tejalápam,382,8231,4.641,"Menos de 40 % y menos de 5,000 indígenas"
2020,municipio,20136,San Felipe Usila,12087,12191,99.1469,40 % y más de población indígena
2020,municipio,20137,San Francisco Cahuacuá,96,3450,2.7826,"Menos de 40 % y menos de 5,000 indígenas"
2020,municipio,20138,San Francisco Cajonos,427,451,94.6785,40 % y más de población indígena
2020,municipio,20139,San Francisco Chapulapa,431,2195,19.6355,"Menos de 40 % y menos de 5,000 indígenas"
2020,municipio,20140,San Francisco Chindúa,11,812,1.3547,"Menos de 40 % y menos de 5,000 indígenas"
2020,municipio,20141,San Francisco del Mar,2580,8710,29.6211,"Menos de 40 % y menos de 5,000 indígenas"
2020,municipio,20142,San Francisco Huehuetlán,834,842,99.0499,40 % y más de población indígena
2020,municipio,20143,San Francisco Ixhuatán,1762,9461,18.6238,"Menos de 40 % y menos de 5,000 indígenas"
2020,municipio,20144,San Francisco Jaltepetongo,232,1075,21.5814,"Menos de 40 % y menos de 5,000 indígenas"
2020,municipio,20145,San Francisco Lachigoló,1700,5215,32.5983,"Menos de 40 % y menos de 5,000 indígenas"
2020,municipio,20146,San Francisco Logueche,2800,2803,99.893,40 % y más de población indígena
2020,municipio,20147,San Francisco Nuxaño,0,376,0.0,Sin población indígena
2020,municipio,20148,San Francisco Ozolotepec,2103,2182,96.3795,40 % y más de población indígena
2020,municipio,20149,San Francisco Sola,64,2019,3.1699,"Menos de 40 % y menos de 5,000 indígenas"
2020,municipio,20150,San Francisco Telixtlahuaca,653,13856,4.7128,"Menos de 40 % y menos de 5,000 indígenas"
2020,municipio,20151,San Francisco Teopan,0,312,0.0,Sin población indígena
2020,municipio,20152,San Francisco Tlapancingo,1878,2472,75.9709,40 % y más de población indígena
2020,municipio,20153,San Gabriel Mixtepec,244,4910,4.9695,"Menos de 40 % y menos de 5,000 indígenas"
2020,municipio,20154,San Ildefonso Amatlán,1184,2329,50.8373,40 % y más de población indígena
2020,municipio,20155,San Ildefonso Sola,38,1060,3.5849,"Menos de 40 % y menos de 5,000 indígenas"
2020,municipio,20156,San Ildefonso Villa Alta,2991,3677,81.3435,40 % y más de población indígena
2020,municipio,20157,San Jacinto Amilpas,2622,16827,15.5821,"Menos de 40 % y menos de 5,000 indígenas"
2020,municipio,20158,San Jacinto Tlacotepec,185,2233,8.2848,"Menos de 40 % y menos de 5,000 indígenas"
2020,municipio,20159,San Jerónimo Coatlán,322,5537,5.8154,"Menos de 40 % y menos de 5,000 indígenas"
2020,municipio,20160,San Jerónimo Silacayoapilla,9,1429,0.6298,"Menos de 40 % y menos de 5,000 indígenas"
2020,municipio,20161,San Jerónimo Sosola,97,2730,3.5531,"Menos de 40 % y menos de 5,000 indígenas"
2020,municipio,20162,San Jerónimo Taviche,621,2046,30.3519,"Menos de 40 % y menos de 5,000 indígenas"
2020,municipio,20163,San Jerónimo Tecóatl,1504,1577,95.371,40 % y más de población indígena
2020,municipio,20164,San Jorge Nuchita,2372,2881,82.3325,40 % y más de población indígena
2020,municipio,20165,San José Ayuquila,30,1629,1.8416,"Menos de 40 % y menos de 5,000 indígenas"
2020,municipio,20166,San José Chiltepec,6291,11310,55.6233,40 % y más de población indígena
2020,municipio,20167,San José del Peñasco,132,2149,6.1424,"Menos de 40 % y menos de 5,000 indígenas"
2020,municipio,20168,San José Estancia Grande,68,938,7.2495,"Menos de 40 % y menos de 5,000 indígenas"
2020,municipio,20169,San José Independencia,4230,4251,99.506,40 % y más de población indígena
2020,municipio,20170,San José Lachiguiri,3666,3700,99.0811,40 % y más de población indígena
2020,municipio,20171,San José Tenango,18041,18102,99.663,40 % y más de población indígena
2020,municipio,20172,San Juan Achiutla,42,408,10.2941,"Menos de 40 % y menos de 5,000 indígenas"
2020,municipio,20173,San Juan Atepec,1394,1457,95.676,40 % y más de población indígena
2020,municipio,20174,Ánimas Trujano,546,4564,11.9632,"Menos de 40 % y menos de 5,000 indígenas"
2020,municipio,20175,San Juan Bautista Atatlahuca,896,1424,62.9213,40 % y más de población indígena
2020,municipio,20176,San Juan Bautista Coixtlahuaca,340,2725,12.4771,"Menos de 40 % y más de 5,000 indígenas (o pueblos con pocos hablantes)"
2020,municipio,20177,San Juan Bautista Cuicatlán,3127,10365,30.1688,"Menos de 40 % y menos de 5,000 indígenas"
2020,municipio,20178,San Juan Bautista Guelache,927,6692,13.8524,"Menos de 40 % y menos de 5,000 indígenas"
2020,municipio,20179,San Juan Bautista Jayacatlán,39,1447,2.6952,"Menos de 40 % y menos de 5,000 indígenas"
2020,municipio,20180,San Juan Bautista Lo de Soto,110,2344,4.6928,"Menos de 40 % y menos de 5,000 indígenas"
2020,municipio,20181,San Juan Bautista Suchitepec,16,453,3.532,"Menos de 40 % y menos de 5,000 indígenas"
2020,municipio,20182,San Juan Bautista Tlacoatzintepec,2166,2181,99.3122,40 % y más de población indígena
2020,municipio,20183,San Juan Bautista Tlachichilco,273,1475,18.5085,"Menos de 40 % y menos de 5,000 indígenas"
2020,municipio,20184,San Juan Bautista Tuxtepec,46828,159452,29.3681,"Menos de 40 % y más de 5,000 indígenas (o pueblos con pocos hablantes)"
2020,municipio,20185,San Juan Cacahuatepec,753,8939,8.4238,"Menos de 40 % y menos de 5,000 indígenas"
2020,municipio,20186,San Juan Cieneguilla,0,524,0.0,Sin población indígena
2020,municipio,20187,San Juan Coatzóspam,1796,1808,99.3363,40 % y más de población indígena
2020,municipio,20188,San Juan Colorado,7674,9609,79.8626,40 % y más de población indígena
2020,municipio,20189,San Juan Comaltepec,3097,3116,99.3902,40 % y más de población indígena
2020,municipio,20190,San Juan Cotzocón,14971,22444,66.7038,40 % y más de población indígena
2020,municipio,20191,San Juan Chicomezúchil,65,296,21.9595,"Menos de 40 % y menos de 5,000 indígenas"
2020,municipio,20192,San Juan Chilateca,36,1522,2.3653,"Menos de 40 % y menos de 5,000 indígenas"
2020,municipio,20193,San Juan del Estado,60,2807,2.1375,"Menos de 40 % y menos de 5,000 indígenas"
2020,municipio,20194,San Juan del Río,1353,1372,98.6152,40 % y más de población indígena
2020,municipio,20195,San Juan Diuxi,1049,1056,99.3371,40 % y más de población indígena
2020,municipio,20196,San Juan Evangelista Analco,275,407,67.5676,40 % y más de población indígena
2020,municipio,20197,San Juan Guelavía,3011,3288,91.5754,40 % y más de población indígena
2020,municipio,20198,San Juan Guichicovi,25835,29802,86.6888,40 % y más de población indígena
2020,municipio,20199,San Juan Ihualtepec,75,494,15.1822,"Menos de 40 % y menos de 5,000 indígenas"
2020,municipio,20200,San Juan Juquila Mixes,3595,3703,97.0834,40 % y más de población indígena
2020,municipio,20201,San Juan Juquila Vijanos,1875,1880,99.734,40 % y más de población indígena
2020,municipio,20202,San Juan Lachao,3013,4577,65.8291,40 % y más de población indígena
2020,municipio,20203,San Juan Lachigalla,66,3538,1.8655,"Menos de 40 % y menos de 5,000 indígenas"
2020,municipio,20204,San Juan Lajarcia,12,634,1.8927,"Menos de 40 % y menos de 5,000 indígenas"
2020,municipio,20205,San Juan Lalana,15182,16989,89.3637,40 % y más de población indígena
2020,municipio,20206,San Juan de los Cués,1305,2421,53.9033,40 % y más de población indígena
2020,municipio,20207,San Juan Mazatlán,13935,19032,73.2188,40 % y más de población indígena
2020,municipio,20208,San Juan Mixtepec,6880,6941,99.1212,40 % y más de población indígena
2020,municipio,20209,San Juan Mixtepec,603,607,99.341,40 % y más de población indígena
2020,municipio,20210,San Juan Ñumí,5753,5773,99.6536,40 % y más de población indígena
2020,municipio,20211,San Juan Ozolotepec,2712,3411,79.5075,40 % y más de población indígena
2020,municipio,20212,San Juan Petlapa,3104,3117,99.5829,40 % y más de población indígena
2020,municipio,20213,San Juan Quiahije,4173,4203,99.2862,40 % y más de población indígena
2020,municipio,20214,San Juan Quiotepec,2012,2033,98.967,40 % y más de población indígena
2020,municipio,20215,San Juan Sayultepec,57,879,6.4846,"Menos de 40 % y menos de 5,000 indígenas"
2020,municipio,20216,San Juan Tabaá,1236,1241,99.5971,40 % y más de población indígena
2020,municipio,20217,San Juan Tamazola,2208,3325,66.406,40 % y más de población indígena
2020,municipio,20218,San Juan Teita,501,544,92.0956,40 % y más de población indígena
2020,municipio,20219,San Juan Teitipac,661,2668,24.7751,"Menos de 40 % y menos de 5,000 indígenas"
2020,municipio,20220,San Juan Tepeuxila,2247,2692,83.4695,40 % y más de población indígena
2020,municipio,20221,San Juan Teposcolula,64,1494,4.2838,"Menos de 40 % y menos de 5,000 indígenas"
2020,municipio,20222,San Juan Yaeé,1421,1426,99.6494,40 % y más de población indígena
2020,municipio,20223,San Juan Yatzona,440,440,100.0,40 % y más de población indígena
2020,municipio,20224,San Juan Yucuita,21,643,3.2659,"Menos de 40 % y menos de 5,000 indígenas"
2020,municipio,20225,San Lorenzo,5037,5903,85.3295,40 % y más de población indígena
2020,municipio,20226,San Lorenzo Albarradas,633,2971,21.306,"Menos de 40 % y menos de 5,000 indígenas"
2020,municipio,20227,San Lorenzo Cacaotepec,1761,18339,9.6025,"Menos de 40 % y menos de 5,000 indígenas"
2020,municipio,20228,San Lorenzo Cuaunecuiltitla,812,833,97.479,40 % y más de población indígena
2020,municipio,20229,San Lorenzo Texmelúcan,9070,9148,99.1474,40 % y más de población indígena
2020,municipio,20230,San Lorenzo Victoria,66,932,7.0815,"Menos de 40 % y menos de 5,000 indígenas"
2020,municipio,20231,San Lucas Camotlán,3182,3187,99.8431,40 % y más de población indígena
2020,municipio,20232,San Lucas Ojitlán,21322,22185,96.11,40 % y más de población indígena
2020,municipio,20233,San Lucas Quiaviní,1710,1720,99.4186,40 % y más de población indígena
2020,municipio,20234,San Lucas Zoquiápam,7122,7163,99.4276,40 % y más de población indígena
2020,municipio,20235,San Luis Amatlán,56,3829,1.4625,"Menos de 40 % y menos de 5,000 indígenas"
2020,municipio,20236,San Marcial Ozolotepec,1368,1372,99.7085,40 % y más de población indígena
2020,municipio,20237,San Marcos Arteaga,97,1568,6.1862,"Menos de 40 % y menos de 5,000 indígenas"
2020,municipio,20238,San Martín de los Cansecos,42,994,4.2254,"Menos de 40 % y menos de 5,000 indígenas"
2020,municipio,20239,San Martín Huamelúlpam,65,1000,6.5,"Menos de 40 % y menos de 5,000 indígenas"
2020,municipio,20240,San Martín Itunyoso,2725,2749,99.127,40 % y más de población indígena
2020,municipio,20241,San Martín Lachilá,33,1034,3.1915,"Menos de 40 % y menos de 5,000 indígenas"
2020,municipio,20242,San Martín Peras,12399,12436,99.7025,40 % y más de población indígena
2020,municipio,20243,San Martín Tilcajete,47,1975,2.3797,"Menos de 40 % y menos de 5,000 indígenas"
2020,municipio,20244,San Martín Toxpalan,2091,3934,53.152,40 % y más de población indígena
2020,municipio,20245,San Martín Zacatepec,32,1324,2.4169,"Menos de 40 % y menos de 5,000 indígenas"
2020,municipio,20246,San Mateo Cajonos,599,611,98.036,40 % y más de población indígena
2020,municipio,20247,Capulálpam de Méndez,377,1619,23.286,"Menos de 40 % y menos de 5,000 indígenas"
2020,municipio,20248,San Mateo del Mar,15554,15571,99.8908,40 % y más de población indígena
2020,municipio,20249,San Mateo Yoloxochitlán,3693,3831,96.3978,40 % y más de población indígena
2020,municipio,20250,San Mateo Etlatongo,52,1239,4.1969,"Menos de 40 % y menos de 5,000 indígenas"
2020,municipio,20251,San Mateo Nejápam,24,1217,1.9721,"Menos de 40 % y menos de 5,000 indígenas"
2020,municipio,20252,San Mateo Peñasco,2339,2384,98.1124,40 % y más de población indígena
2020,municipio,20253,San Mateo Piñas,385,2021,19.05,"Menos de 40 % y menos de 5,000 indígenas"
2020,municipio,20254,San Mateo Río Hondo,216,3207,6.7353,"Menos de 40 % y menos de 5,000 indígenas"
2020,municipio,20255,San Mateo Sindihui,83,1977,4.1983,"Menos de 40 % y menos de 5,000 indígenas"
2020,municipio,20256,San Mateo Tlapiltepec,20,229,8.7336,"Menos de 40 % y menos de 5,000 indígenas"
2020,municipio,20257,San Melchor Betaza,1044,1052,99.2395,40 % y más de población indígena
2020,municipio,20258,San Miguel Achiutla,35,698,5.0143,"Menos de 40 % y menos de 5,000 indígenas"
2020,municipio,20259,San Miguel Ahuehuetitlán,1785,2142,83.3333,40 % y más de población indígena
2020,municipio,20260,San Miguel Aloápam,2187,2191,99.8174,40 % y más de población indígena
2020,municipio,20261,San Miguel Amatitlán,1822,6932,26.2839,"Menos de 40 % y menos de 5,000 indígenas"
2020,municipio,20262,San Miguel Amatlán,225,991,22.7043,"Menos de 40 % y menos de 5,000 indígenas"
2020,municipio,20263,San Miguel Coatlán,972,3184,30.5276,"Menos de 40 % y menos de 5,000 indígenas"
2020,municipio,20264,San Miguel Chicahua,2095,2169,96.5883,40 % y más de población indígena
2020,municipio,20265,San Miguel Chimalapa,3534,6711,52.6598,40 % y más de población indígena
2020,municipio,20266,San Miguel del Puerto,1079,8551,12.6184,"Menos de 40 % y menos de 5,000 indígenas"
2020,municipio,20267,San Miguel del Río,222,245,90.6122,40 % y más de población indígena
2020,municipio,20268,San Miguel Ejutla,83,1149,7.2237,"Menos de 40 % y menos de 5,000 indígenas"
2020,municipio,20269,San Miguel el Grande,3561,4313,82.5643,40 % y más de población indígena
2020,municipio,20270,San Miguel Huautla,760,1311,57.971,40 % y más de población indígena
2020,municipio,20271,San Miguel Mixtepec,3178,3194,99.4991,40 % y más de población indígena
2020,municipio,20272,San Miguel Panixtlahuaca,6152,6252,98.4005,40 % y más de población indígena
2020,municipio,20273,San Miguel Peras,1530,3818,40.0733,40 % y más de población indígena
2020,municipio,20274,San Miguel Piedras,1026,1328,77.259,40 % y más de población indígena
2020,municipio,20275,San Miguel Quetzaltepec,7275,7286,99.849,40 % y más de población indígena
2020,municipio,20276,San Miguel Santa Flor,575,691,83.2127,40 % y más de población indígena
2020,municipio,20277,Villa Sola de Vega,1156,12350,9.3603,"Menos de 40 % y menos de 5,000 indígenas"
2020,municipio,20278,San Miguel Soyaltepec,31331,38682,80.9963,40 % y más de población indígena
2020,municipio,20279,San Miguel Suchixtepec,2722,2932,92.8377,40 % y más de población indígena
2020,municipio,20280,Villa Talea de Castro,1537,2011,76.4296,40 % y más de población indígena
2020,municipio,20281,San Miguel Tecomatlán,43,305,14.0984,"Menos de 40 % y menos de 5,000 indígenas"
2020,municipio,20282,San Miguel Tenango,44,653,6.7381,"Menos de 40 % y menos de 5,000 indígenas"
2020,municipio,20283,San Miguel Tequixtepec,9,1044,0.8621,"Menos de 40 % y menos de 5,000 indígenas"
2020,municipio,20284,San Miguel Tilquiápam,3134,3141,99.7771,40 % y más de población indígena
2020,municipio,20285,San Miguel Tlacamama,1614,3668,44.0022,40 % y más de población indígena
2020,municipio,20286,San Miguel Tlacotepec,840,3100,27.0968,"Menos de 40 % y menos de 5,000 indígenas"
2020,municipio,20287,San Miguel Tulancingo,60,307,19.544,"Menos de 40 % y menos de 5,000 indígenas"
2020,municipio,20288,San Miguel Yotao,583,585,99.6581,40 % y más de población indígena
2020,municipio,20289,San Nicolás,15,1214,1.2356,"Menos de 40 % y menos de 5,000 indígenas"
2020,municipio,20290,San Nicolás Hidalgo,11,1043,1.0547,"Menos de 40 % y menos de 5,000 indígenas"
2020,municipio,20291,San Pablo Coatlán,158,4308,3.6676,"Menos de 40 % y menos de 5,000 indígenas"
2020,municipio,20292,San Pablo Cuatro Venados,267,1510,17.6821,"Menos de 40 % y menos de 5,000 indígenas"
2020,municipio,20293,San Pablo Etla,1885,17116,11.0131,"Menos de 40 % y menos de 5,000 indígenas"
2020,municipio,20294,San Pablo Huitzo,459,7035,6.5245,"Menos de 40 % y menos de 5,000 indígenas"
2020,municipio,20295,San Pablo Huixtepec,443,10020,4.4212,"Menos de 40 % y menos de 5,000 indígenas"
2020,municipio,20296,San Pablo Macuiltianguis,894,955,93.6126,40 % y más de población indígena
2020,municipio,20297,San Pablo Tijaltepec,2730,2751,99.2366,40 % y más de población indígena
2020,municipio,20298,San Pablo Villa de Mitla,8003,13587,58.9019,40 % y más de población indígena
2020,municipio,20299,San Pablo Yaganiza,1108,1125,98.4889,40 % y más de población indígena
2020,municipio,20300,San Pedro Amuzgos,5771,6632,87.0175,40 % y más de población indígena
2020,municipio,20301,San Pedro Apóstol,99,1594,6.2108,"Menos de 40 % y menos de 5,000 indígenas"
2020,municipio,20302,San Pedro Atoyac,3838,4559,84.1851,40 % y más de población indígena
2020,municipio,20303,San Pedro Cajonos,1072,1081,99.1674,40 % y más de población indígena
2020,municipio,20304,San Pedro Coxcaltepec Cántaros,106,716,14.8045,"Menos de 40 % y menos de 5,000 indígenas"
2020,municipio,20305,San Pedro Comitancillo,3453,4333,79.6907,40 % y más de población indígena
2020,municipio,20306,San Pedro el Alto,4415,4654,94.8646,40 % y más de población indígena
2020,municipio,20307,San Pedro Huamelula,2523,9735,25.9168,"Menos de 40 % y menos de 5,000 indígenas"
2020,municipio,20308,San Pedro Huilotepec,2771,3307,83.792,40 % y más de población indígena
2020,municipio,20309,San Pedro Ixcatlán,10122,10368,97.6273,40 % y más de población indígena
2020,municipio,20310,San Pedro Ixtlahuaca,5252,14552,36.0913,"Menos de 40 % y más de 5,000 indígenas (o pueblos con pocos hablantes)"
2020,municipio,20311,San Pedro Jaltepetongo,475,483,98.3437,40 % y más de población indígena
2020,municipio,20312,San Pedro Jicayán,10999,11279,97.5175,40 % y más de población indígena
2020,municipio,20313,San Pedro Jocotipac,647,730,88.6301,40 % y más de población indígena
2020,municipio,20314,San Pedro Juchatengo,94,1755,5.3561,"Menos de 40 % y menos de 5,000 indígenas"
2020,municipio,20315,San Pedro Mártir,1651,1899,86.9405,40 % y más de población indígena
2020,municipio,20316,San Pedro Mártir Quiechapa,248,738,33.6043,"Menos de 40 % y menos de 5,000 indígenas"
2020,municipio,20317,San Pedro Mártir Yucuxaco,67,1257,5.3302,"Menos de 40 % y menos de 5,000 indígenas"
2020,municipio,20318,San Pedro Mixtepec,4882,49780,9.8072,"Menos de 40 % y menos de 5,000 indígenas"
2020,municipio,20319,San Pedro Mixtepec,961,972,98.8683,40 % y más de población indígena
2020,municipio,20320,San Pedro Molinos,660,706,93.4844,40 % y más de población indígena
2020,municipio,20321,San Pedro Nopala,1,751,0.1332,"Menos de 40 % y menos de 5,000 indígenas"
2020,municipio,20322,San Pedro Ocopetatillo,786,786,100.0,40 % y más de población indígena
2020,municipio,20323,San Pedro Ocotepec,2393,2404,99.5424,40 % y más de población indígena
2020,municipio,20324,San Pedro Pochutla,8045,48204,16.6895,"Menos de 40 % y más de 5,000 indígenas (o pueblos con pocos hablantes)"
2020,municipio,20325,San Pedro Quiatoni,11893,11930,99.6899,40 % y más de población indígena
2020,municipio,20326,San Pedro Sochiápam,4994,5052,98.8519,40 % y más de población indígena
2020,municipio,20327,San Pedro Tapanatepec,1298,15479,8.3856,"Menos de 40 % y menos de 5,000 indígenas"
2020,municipio,20328,San Pedro Taviche,0,1441,0.0,Sin población indígena
2020,municipio,20329,San Pedro Teozacoalco,71,1153,6.1578,"Menos de 40 % y menos de 5,000 indígenas"
2020,municipio,20330,San Pedro Teutila,1824,4296,42.4581,40 % y más de población indígena
2020,municipio,20331,San Pedro Tidaá,564,982,57.4338,40 % y más de población indígena
2020,municipio,20332,San Pedro Topiltepec,16,373,4.2895,"Menos de 40 % y menos de 5,000 indígenas"
2020,municipio,20333,San Pedro Totolápam,565,3294,17.1524,"Menos de 40 % y menos de 5,000 indígenas"
2020,municipio,20334,Villa de Tututepec,7581,50541,14.9997,"Menos de 40 % y más de 5,000 indígenas (o pueblos con pocos hablantes)"
2020,municipio,20335,San Pedro Yaneri,863,867,99.5386,40 % y más de población indígena
2020,municipio,20336,San Pedro Yólox,1682,1697,99.1161,40 % y más de población indígena
2020,municipio,20337,San Pedro y San Pablo Ayutla,5412,5616,96.3675,40 % y más de población indígena
2020,municipio,20338,Villa de Etla,2165,10361,20.8957,"Menos de 40 % y menos de 5,000 indígenas"
2020,municipio,20339,San Pedro y San Pablo Teposcolula,291,4353,6.685,"Menos de 40 % y menos de 5,000 indígenas"
2020,municipio,20340,San Pedro y San Pablo Tequixtepec,447,1747,25.5867,"Menos de 40 % y menos de 5,000 indígenas"
2020,municipio,20341,San Pedro Yucunama,4,241,1.6598,"Menos de 40 % y menos de 5,000 indígenas"
2020,municipio,20342,San Raymundo Jalpan,524,4105,12.7649,"Menos de 40 % y menos de 5,000 indígenas"
2020,municipio,20343,San Sebastián Abasolo,1012,1999,50.6253,40 % y más de población indígena
2020,municipio,20344,San Sebastián Coatlán,75,2809,2.67,"Menos de 40 % y menos de 5,000 indígenas"
2020,municipio,20345,San Sebastián Ixcapa,725,4188,17.3114,"Menos de 40 % y menos de 5,000 indígenas"
2020,municipio,20346,San Sebastián Nicananduta,1272,1542,82.4903,40 % y más de población indígena
2020,municipio,20347,San Sebastián Río Hondo,924,4202,21.9895,"Menos de 40 % y menos de 5,000 indígenas"
2020,municipio,20348,San Sebastián Tecomaxtlahuaca,3589,8192,43.811,40 % y más de población indígena
2020,municipio,20349,San Sebastián Teitipac,1103,2189,50.3883,40 % y más de población indígena
2020,municipio,20350,San Sebastián Tutla,2211,16878,13.0999,"Menos de 40 % y menos de 5,000 indígenas"
2020,municipio,20351,San Simón Almolongas,43,2802,1.5346,"Menos de 40 % y menos de 5,000 indígenas"
2020,municipio,20352,San Simón Zahuatlán,4929,4940,99.7773,40 % y más de población indígena
2020,municipio,20353,Santa Ana,37,2406,1.5378,"Menos de 40 % y menos de 5,000 indígenas"
2020,municipio,20354,Santa Ana Ateixtlahuaca,470,477,98.5325,40 % y más de población indígena
2020,municipio,20355,Santa Ana Cuauhtémoc,489,681,71.8062,40 % y más de población indígena
2020,municipio,20356,Santa Ana del Valle,2100,2179,96.3745,40 % y más de población indígena
2020,municipio,20357,Santa Ana Tavela,40,848,4.717,"Menos de 40 % y menos de 5,000 indígenas"
2020,municipio,20358,Santa Ana Tlapacoyan,24,1958,1.2257,"Menos de 40 % y menos de 5,000 indígenas"
2020,municipio,20359,Santa Ana Yareni,635,637,99.686,40 % y más de población indígena
2020,municipio,20360,Santa Ana Zegache,1991,3981,50.0126,40 % y más de población indígena
2020,municipio,20361,Santa Catalina Quierí,819,825,99.2727,40 % y más de población indígena
2020,municipio,20362,Santa Catarina Cuixtla,497,1495,33.2441,"Menos de 40 % y menos de 5,000 indígenas"
2020,municipio,20363,Santa Catarina Ixtepeji,313,2675,11.7009,"Menos de 40 % y menos de 5,000 indígenas"
2020,municipio,20364,Santa Catarina Juquila,7449,18654,39.9325,40 % y más de población indígena
2020,municipio,20365,Santa Catarina Lachatao,690,1059,65.1558,40 % y más de población indígena
2020,municipio,20366,Santa Catarina Loxicha,765,3676,20.8107,"Menos de 40 % y menos de 5,000 indígenas"
2020,municipio,20367,Santa Catarina Mechoacán,4531,4582,98.8869,40 % y más de población indígena
2020,municipio,20368,Santa Catarina Minas,50,2067,2.419,"Menos de 40 % y menos de 5,000 indígenas"
2020,municipio,20369,Santa Catarina Quiané,94,2193,4.2864,"Menos de 40 % y menos de 5,000 indígenas"
2020,municipio,20370,Santa Catarina Tayata,132,662,19.9396,"Menos de 40 % y menos de 5,000 indígenas"
2020,municipio,20371,Santa Catarina Ticuá,859,986,87.1197,40 % y más de población indígena
2020,municipio,20372,Santa Catarina Yosonotú,1261,1316,95.8207,40 % y más de población indígena
2020,municipio,20373,Santa Catarina Zapoquila,7,403,1.737,"Menos de 40 % y menos de 5,000 indígenas"
2020,municipio,20374,Santa Cruz Acatepec,1629,1645,99.0274,40 % y más de población indígena
2020,municipio,20375,Santa Cruz Amilpas,4058,13200,30.7424,"Menos de 40 % y menos de 5,000 indígenas"
2020,municipio,20376,Santa Cruz de Bravo,17,365,4.6575,"Menos de 40 % y menos de 5,000 indígenas"
2020,municipio,20377,Santa Cruz Itundujia,2230,10860,20.5341,"Menos de 40 % y menos de 5,000 indígenas"
2020,municipio,20378,Santa Cruz Mixtepec,1090,3720,29.3011,"Menos de 40 % y menos de 5,000 indígenas"
2020,municipio,20379,Santa Cruz Nundaco,2850,2951,96.5774,40 % y más de población indígena
2020,municipio,20380,Santa Cruz Papalutla,1216,2242,54.2373,40 % y más de población indígena
2020,municipio,20381,Santa Cruz Tacache de Mina,15,2940,0.5102,"Menos de 40 % y menos de 5,000 indígenas"
2020,municipio,20382,Santa Cruz Tacahua,721,1182,60.9983,40 % y más de población indígena
2020,municipio,20383,Santa Cruz Tayata,18,595,3.0252,"Menos de 40 % y menos de 5,000 indígenas"
2020,municipio,20384,Santa Cruz Xitla,3962,4794,82.645,40 % y más de población indígena
2020,municipio,20385,Santa Cruz Xoxocotlán,21396,100402,21.3103,"Menos de 40 % y más de 5,000 indígenas (o pueblos con pocos hablantes)"
2020,municipio,20386,Santa Cruz Zenzontepec,14766,19079,77.394,40 % y más de población indígena
2020,municipio,20387,Santa Gertrudis,36,2891,1.2452,"Menos de 40 % y menos de 5,000 indígenas"
2020,municipio,20388,Santa Inés del Monte,88,2809,3.1328,"Menos de 40 % y menos de 5,000 indígenas"
2020,municipio,20389,Santa Inés Yatzeche,903,908,99.4493,40 % y más de población indígena
2020,municipio,20390,Santa Lucía del Camino,12544,50362,24.9077,"Menos de 40 % y más de 5,000 indígenas (o pueblos con pocos hablantes)"
2020,municipio,20391,Santa Lucía Miahuatlán,3370,3375,99.8519,40 % y más de población indígena
2020,municipio,20392,Santa Lucía Monteverde,5324,6726,79.1555,40 % y más de población indígena
2020,municipio,20393,Santa Lucía Ocotlán,4032,4173,96.6211,40 % y más de población indígena
2020,municipio,20394,Santa María Alotepec,2785,2796,99.6066,40 % y más de población indígena
2020,municipio,20395,Santa María Apazco,1579,1629,96.9306,40 % y más de población indígena
2020,municipio,20396,Santa María la Asunción,3222,3259,98.8647,40 % y más de población indígena
2020,municipio,20397,Heroica Ciudad de Tlaxiaco,17560,40123,43.7654,40 % y más de población indígena
2020,municipio,20398,Ayoquezco de Aldama,844,4874,17.3164,"Menos de 40 % y menos de 5,000 indígenas"
2020,municipio,20399,Santa María Atzompa,11293,41921,26.9388,"Menos de 40 % y más de 5,000 indígenas (o pueblos con pocos hablantes)"
2020,municipio,20400,Santa María Camotlán,20,1713,1.1675,"Menos de 40 % y menos de 5,000 indígenas"
2020,municipio,20401,Santa María Colotepec,4351,27046,16.0874,"Menos de 40 % y menos de 5,000 indígenas"
2020,municipio,20402,Santa María Cortijo,103,1067,9.6532,"Menos de 40 % y menos de 5,000 indígenas"
2020,municipio,20403,Santa María Coyotepec,622,3751,16.5822,"Menos de 40 % y menos de 5,000 indígenas"
2020,municipio,20404,Santa María Chachoápam,30,761,3.9422,"Menos de 40 % y menos de 5,000 indígenas"
2020,municipio,20405,Villa de Chilapa de Díaz,462,1815,25.4545,"Menos de 40 % y menos de 5,000 indígenas"
2020,municipio,20406,Santa María Chilchotla,21239,21469,98.9287,40 % y más de población indígena
2020,municipio,20407,Santa María Chimalapa,4949,9578,51.6705,40 % y más de población indígena
2020,municipio,20408,Santa María del Rosario,133,499,26.6533,"Menos de 40 % y menos de 5,000 indígenas"
2020,municipio,20409,Santa María del Tule,1307,8939,14.6213,"Menos de 40 % y menos de 5,000 indígenas"
2020,municipio,20410,Santa María Ecatepec,2118,3418,61.9661,40 % y más de población indígena
2020,municipio,20411,Santa María Guelacé,351,908,38.6564,"Menos de 40 % y menos de 5,000 indígenas"
2020,municipio,20412,Santa María Guienagati,1546,3178,48.6469,40 % y más de población indígena
2020,municipio,20413,Santa María Huatulco,5287,50862,10.3948,"Menos de 40 % y más de 5,000 indígenas (o pueblos con pocos hablantes)"
2020,municipio,20414,Santa María Huazolotitlán,5157,11995,42.9929,40 % y más de población indígena
2020,municipio,20415,Santa María Ipalapa,1518,4878,31.1193,"Menos de 40 % y menos de 5,000 indígenas"
2020,municipio,20416,Santa María Ixcatlán,37,461,8.026,"Menos de 40 % y menos de 5,000 indígenas"
2020,municipio,20417,Santa María Jacatepec,7486,9682,77.3187,40 % y más de población indígena
2020,municipio,20418,Santa María Jalapa del Marqués,1142,11735,9.7316,"Menos de 40 % y menos de 5,000 indígenas"
2020,municipio,20419,Santa María Jaltianguis,449,592,75.8446,40 % y más de población indígena
2020,municipio,20420,Santa María Lachixío,1645,1679,97.975,40 % y más de población indígena
2020,municipio,20421,Santa María Mixtequilla,199,4690,4.2431,"Menos de 40 % y menos de 5,000 indígenas"
2020,municipio,20422,Santa María Nativitas,308,603,51.0779,40 % y más de población indígena
2020,municipio,20423,Santa María Nduayaco,14,453,3.0905,"Menos de 40 % y menos de 5,000 indígenas"
2020,municipio,20424,Santa María Ozolotepec,1448,3793,38.1756,"Menos de 40 % y menos de 5,000 indígenas"
2020,municipio,20425,Santa María Pápalo,2047,2058,99.4655,40 % y más de población indígena
2020,municipio,20426,Santa María Peñoles,8859,8967,98.7956,40 % y más de población indígena
2020,municipio,20427,Santa María Petapa,7271,16706,43.5233,40 % y más de población indígena
2020,municipio,20428,Santa María Quiegolani,2184,2224,98.2014,40 % y más de población indígena
2020,municipio,20429,Santa María Sola,80,1516,5.277,"Menos de 40 % y menos de 5,000 indígenas"
2020,municipio,20430,Santa María Tataltepec,93,317,29.3375,"Menos de 40 % y menos de 5,000 indígenas"
2020,municipio,20431,Santa María Tecomavaca,537,1830,29.3443,"Menos de 40 % y menos de 5,000 indígenas"
2020,municipio,20432,Santa María Temaxcalapa,894,903,99.0033,40 % y más de población indígena
2020,municipio,20433,Santa María Temaxcaltepec,2583,2694,95.8797,40 % y más de población indígena
2020,municipio,20434,Santa María Teopoxco,3973,3985,99.6989,40 % y más de población indígena
2020,municipio,20435,Santa María Tepantlali,3557,3576,99.4687,40 % y más de población indígena
2020,municipio,20436,Santa María Texcatitlán,891,896,99.442,40 % y más de población indígena
2020,municipio,20437,Santa María Tlahuitoltepec,9606,9653,99.5131,40 % y más de población indígena
2020,municipio,20438,Santa María Tlalixtac,1356,1839,73.7357,40 % y más de población indígena
2020,municipio,20439,Santa María Tonameca,13127,25347,51.7892,40 % y más de población indígena
2020,municipio,20440,Santa María Totolapilla,450,812,55.4187,40 % y más de población indígena
2020,municipio,20441,Santa María Xadani,9147,9234,99.0578,40 % y más de población indígena
2020,municipio,20442,Santa María Yalina,231,250,92.4,40 % y más de población indígena
2020,municipio,20443,Santa María Yavesía,203,434,46.7742,40 % y más de población indígena
2020,municipio,20444,Santa María Yolotepec,363,481,75.4678,40 % y más de población indígena
2020,municipio,20445,Santa María Yosoyúa,1686,1699,99.2348,40 % y más de población indígena
2020,municipio,20446,Santa María Yucuhiti,5952,6008,99.0679,40 % y más de población indígena
2020,municipio,20447,Santa María Zacatepec,5853,17100,34.2281,"Menos de 40 % y más de 5,000 indígenas (o pueblos con pocos hablantes)"
2020,municipio,20448,Santa María Zaniza,1430,2469,57.9182,40 % y más de población indígena
2020,municipio,20449,Santa María Zoquitlán,37,3294,1.1233,"Menos de 40 % y menos de 5,000 indígenas"
2020,municipio,20450,Santiago Amoltepec,11680,13855,84.3017,40 % y más de población indígena
2020,municipio,20451,Santiago Apoala,962,1019,94.4063,40 % y más de población indígena
2020,municipio,20452,Santiago Apóstol,4149,4421,93.8475,40 % y más de población indígena
2020,municipio,20453,Santiago Astata,768,3918,19.6018,"Menos de 40 % y menos de 5,000 indígenas"
2020,municipio,20454,Santiago Atitlán,3556,3556,100.0,40 % y más de población indígena
2020,municipio,20455,Santiago Ayuquililla,43,2904,1.4807,"Menos de 40 % y menos de 5,000 indígenas"
2020,municipio,20456,Santiago Cacaloxtepec,849,1667,50.9298,40 % y más de población indígena
2020,municipio,20457,Santiago Camotlán,3155,3346,94.2917,40 % y más de población indígena
2020,municipio,20458,Santiago Comaltepec,1134,1157,98.0121,40 % y más de población indígena
2020,municipio,20459,Villa de Santiago Chazumba,874,4877,17.9209,"Menos de 40 % y menos de 5,000 indígenas"
2020,municipio,20460,Santiago Choápam,3705,5242,70.6791,40 % y más de población indígena
2020,municipio,20461,Santiago del Río,184,527,34.9146,"Menos de 40 % y menos de 5,000 indígenas"
2020,municipio,20462,Santiago Huajolotitlán,68,4600,1.4783,"Menos de 40 % y menos de 5,000 indígenas"
2020,municipio,20463,Santiago Huauclilla,25,525,4.7619,"Menos de 40 % y menos de 5,000 indígenas"
2020,municipio,20464,Santiago Ihuitlán Plumas,28,341,8.2111,"Menos de 40 % y menos de 5,000 indígenas"
2020,municipio,20465,Santiago Ixcuintepec,1579,1636,96.5159,40 % y más de población indígena
2020,municipio,20466,Santiago Ixtayutla,12152,13880,87.5504,40 % y más de población indígena
2020,municipio,20467,Santiago Jamiltepec,7537,19112,39.436,"Menos de 40 % y más de 5,000 indígenas (o pueblos con pocos hablantes)"
2020,municipio,20468,Santiago Jocotepec,12548,14198,88.3786,40 % y más de población indígena
2020,municipio,20469,Santiago Juxtlahuaca,27157,34735,78.1834,40 % y más de población indígena
2020,municipio,20470,Santiago Lachiguiri,3436,4394,78.1975,40 % y más de población indígena
2020,municipio,20471,Santiago Lalopa,429,431,99.536,40 % y más de población indígena
2020,municipio,20472,Santiago Laollaga,661,3361,19.6668,"Menos de 40 % y menos de 5,000 indígenas"
2020,municipio,20473,Santiago Laxopa,1284,1291,99.4578,40 % y más de población indígena
2020,municipio,20474,Santiago Llano Grande,152,3440,4.4186,"Menos de 40 % y menos de 5,000 indígenas"
2020,municipio,20475,Santiago Matatlán,9859,10175,96.8943,40 % y más de población indígena
2020,municipio,20476,Santiago Miltepec,10,421,2.3753,"Menos de 40 % y menos de 5,000 indígenas"
2020,municipio,20477,Santiago Minas,153,1327,11.5298,"Menos de 40 % y menos de 5,000 indígenas"
2020,municipio,20478,Santiago Nacaltepec,56,1599,3.5022,"Menos de 40 % y menos de 5,000 indígenas"
2020,municipio,20479,Santiago Nejapilla,6,174,3.4483,"Menos de 40 % y menos de 5,000 indígenas"
2020,municipio,20480,Santiago Nundiche,1343,1351,99.4078,40 % y más de población indígena
2020,municipio,20481,Santiago Nuyoó,1886,1898,99.3678,40 % y más de población indígena
2020,municipio,20482,Santiago Pinotepa Nacional,19689,55840,35.2597,"Menos de 40 % y más de 5,000 indígenas (o pueblos con pocos hablantes)"
2020,municipio,20483,Santiago Suchilquitongo,342,10886,3.1416,"Menos de 40 % y menos de 5,000 indígenas"
2020,municipio,20484,Santiago Tamazola,622,4458,13.9524,"Menos de 40 % y menos de 5,000 indígenas"
2020,municipio,20485,Santiago Tapextla,102,3134,3.2546,"Menos de 40 % y menos de 5,000 indígenas"
2020,municipio,20486,Villa Tejúpam de la Unión,61,2419,2.5217,"Menos de 40 % y menos de 5,000 indígenas"
2020,municipio,20487,Santiago Tenango,59,1966,3.001,"Menos de 40 % y menos de 5,000 indígenas"
2020,municipio,20488,Santiago Tepetlapa,4,130,3.0769,"Menos de 40 % y menos de 5,000 indígenas"
2020,municipio,20489,Santiago Tetepec,1791,4909,36.484,"Menos de 40 % y menos de 5,000 indígenas"
2020,municipio,20490,Santiago Texcalcingo,2960,2974,99.5293,40 % y más de población indígena
2020,municipio,20491,Santiago Textitlán,2596,4930,52.6572,40 % y más de población indígena
2020,municipio,20492,Santiago Tilantongo,2229,2764,80.644,40 % y más de población indígena
2020,municipio,20493,Santiago Tillo,32,545,5.8716,"Menos de 40 % y menos de 5,000 indígenas"
2020,municipio,20494,Santiago Tlazoyaltepec,6139,6300,97.4444,40 % y más de población indígena
2020,municipio,20495,Santiago Xanica,2165,3029,71.4757,40 % y más de población indígena
2020,municipio,20496,Santiago Xiacuí,470,1893,24.8283,"Menos de 40 % y menos de 5,000 indígenas"
2020,municipio,20497,Santiago Yaitepec,4204,4233,99.3149,40 % y más de población indígena
2020,municipio,20498,Santiago Yaveo,3427,7593,45.1337,40 % y más de población indígena
2020,municipio,20499,Santiago Yolomécatl,183,1922,9.5213,"Menos de 40 % y menos de 5,000 indígenas"
2020,municipio,20500,Santiago Yosondúa,3397,7991,42.5103,40 % y más de población indígena
2020,municipio,20501,Santiago Yucuyachi,260,998,26.0521,"Menos de 40 % y menos de 5,000 indígenas"
2020,municipio,20502,Santiago Zacatepec,5078,5089,99.7838,40 % y más de población indígena
2020,municipio,20503,Santiago Zoochila,394,425,92.7059,40 % y más de población indígena
2020,municipio,20504,Nuevo Zoquiápam,1311,1590,82.4528,40 % y más de población indígena
2020,municipio,20505,Santo Domingo Ingenio,741,7681,9.6472,"Menos de 40 % y menos de 5,000 indígenas"
2020,municipio,20506,Santo Domingo Albarradas,791,798,99.1228,40 % y más de población indígena
2020,municipio,20507,Santo Domingo Armenta,179,3155,5.6735,"Menos de 40 % y menos de 5,000 indígenas"
2020,municipio,20508,Santo Domingo Chihuitán,331,1618,20.4574,"Menos de 40 % y menos de 5,000 indígenas"
2020,municipio,20509,Santo Domingo de Morelos,10910,11384,95.8363,40 % y más de población indígena
2020,municipio,20510,Santo Domingo Ixcatlán,288,760,37.8947,"Menos de 40 % y menos de 5,000 indígenas"
2020,municipio,20511,Santo Domingo Nuxaá,2719,3335,81.5292,40 % y más de población indígena
2020,municipio,20512,Santo Domingo Ozolotepec,829,1101,75.2952,40 % y más de población indígena
2020,municipio,20513,Santo Domingo Petapa,5462,9027,60.5074,40 % y más de población indígena
2020,municipio,20514,Santo Domingo Roayaga,925,941,98.2997,40 % y más de población indígena
2020,municipio,20515,Santo Domingo Tehuantepec,12508,67739,18.465,"Menos de 40 % y más de 5,000 indígenas (o pueblos con pocos hablantes)"
2020,municipio,20516,Santo Domingo Teojomulco,180,5260,3.4221,"Menos de 40 % y menos de 5,000 indígenas"
2020,municipio,20517,Santo Domingo Tepuxtepec,6004,6029,99.5853,40 % y más de población indígena
2020,municipio,20518,Santo Domingo Tlatayápam,0,113,0.0,Sin población indígena
2020,municipio,20519,Santo Domingo Tomaltepec,1251,3386,36.9462,"Menos de 40 % y menos de 5,000 indígenas"
2020,municipio,20520,Santo Domingo Tonalá,2518,7393,34.0592,"Menos de 40 % y menos de 5,000 indígenas"
2020,municipio,20521,Santo Domingo Tonaltepec,46,250,18.4,"Menos de 40 % y menos de 5,000 indígenas"
2020,municipio,20522,Santo Domingo Xagacía,1202,1205,99.751,40 % y más de población indígena
2020,municipio,20523,Santo Domingo Yanhuitlán,110,1633,6.7361,"Menos de 40 % y menos de 5,000 indígenas"
2020,municipio,20524,Santo Domingo Yodohino,0,327,0.0,Sin población indígena
2020,municipio,20525,Santo Domingo Zanatepec,509,12483,4.0775,"Menos de 40 % y menos de 5,000 indígenas"
2020,municipio,20526,Santos Reyes Nopala,10886,16688,65.2325,40 % y más de población indígena
2020,municipio,20527,Santos Reyes Pápalo,2479,2490,99.5582,40 % y más de población indígena
2020,municipio,20528,Santos Reyes Tepejillo,893,904,98.7832,40 % y más de población indígena
2020,municipio,20529,Santos Reyes Yucuná,1468,1474,99.5929,40 % y más de población indígena
2020,municipio,20530,Santo Tomás Jalieza,1245,3923,31.7359,"Menos de 40 % y menos de 5,000 indígenas"
2020,municipio,20531,Santo Tomás Mazaltepec,2207,2612,84.4946,40 % y más de población indígena
2020,municipio,20532,Santo Tomás Ocotepec,4049,4066,99.5819,40 % y más de población indígena
2020,municipio,20533,Santo Tomás Tamazulapan,594,2726,21.7902,"Menos de 40 % y menos de 5,000 indígenas"
2020,municipio,20534,San Vicente Coatlán,3341,3512,95.131,40 % y más de población indígena
2020,municipio,20535,San Vicente Lachixío,3225,3227,99.938,40 % y más de población indígena
2020,municipio,20536,San Vicente Nuñú,9,449,2.0045,"Menos de 40 % y menos de 5,000 indígenas"
2020,municipio,20537,Silacayoápam,1642,6710,24.4709,"Menos de 40 % y menos de 5,000 indígenas"
2020,municipio,20538,Sitio de Xitlapehua,26,713,3.6466,"Menos de 40 % y menos de 5,000 indígenas"
2020,municipio,20539,Soledad Etla,460,6348,7.2464,"Menos de 40 % y menos de 5,000 indígenas"
2020,municipio,20540,Villa de Tamazulápam del Progreso,500,8326,6.0053,"Menos de 40 % y menos de 5,000 indígenas"
2020,municipio,20541,Tanetze de Zaragoza,1546,1558,99.2298,40 % y más de población indígena
2020,municipio,20542,Taniche,17,887,1.9166,"Menos de 40 % y menos de 5,000 indígenas"
2020,municipio,20543,Tataltepec de Valdés,4872,6386,76.2919,40 % y más de población indígena
2020,municipio,20544,Teococuilco de Marcos Pérez,992,1032,96.124,40 % y más de población indígena
2020,municipio,20545,Teotitlán de Flores Magón,3335,10099,33.0231,"Menos de 40 % y menos de 5,000 indígenas"
2020,municipio,20546,Teotitlán del Valle,5436,6392,85.0438,40 % y más de población indígena
2020,municipio,20547,Teotongo,37,1005,3.6816,"Menos de 40 % y menos de 5,000 indígenas"
2020,municipio,20548,Tepelmeme Villa de Morelos,77,1960,3.9286,"Menos de 40 % y menos de 5,000 indígenas"
2020,municipio,20549,"Heroica Villa Tezoatlán de Segura y Luna, Cuna de",6984,11465,60.9158,40 % y más de población indígena
2020,municipio,20550,San Jerónimo Tlacochahuaya,4292,5764,74.4622,40 % y más de población indígena
2020,municipio,20551,Tlacolula de Matamoros,11063,30254,36.5671,"Menos de 40 % y más de 5,000 indígenas (o pueblos con pocos hablantes)"
2020,municipio,20552,Tlacotepec Plumas,31,410,7.561,"Menos de 40 % y menos de 5,000 indígenas"
2020,municipio,20553,Tlalixtac de Cabrera,2609,12067,21.6209,"Menos de 40 % y menos de 5,000 indígenas"
2020,municipio,20554,Totontepec Villa de Morelos,5786,5904,98.0014,40 % y más de población indígena
2020,municipio,20555,Trinidad Zaachila,105,3419,3.0711,"Menos de 40 % y menos de 5,000 indígenas"
2020,municipio,20556,La Trinidad Vista Hermosa,24,306,7.8431,"Menos de 40 % y menos de 5,000 indígenas"
2020,municipio,20557,Unión Hidalgo,12551,14542,86.3086,40 % y más de población indígena
2020,municipio,20558,Valerio Trujano,442,1376,32.1221,"Menos de 40 % y menos de 5,000 indígenas"
2020,municipio,20559,San Juan Bautista Valle Nacional,16567,23067,71.8212,40 % y más de población indígena
2020,municipio,20560,Villa Díaz Ordaz,6185,6467,95.6394,40 % y más de población indígena
2020,municipio,20561,Yaxe,91,2954,3.0806,"Menos de 40 % y menos de 5,000 indígenas"
2020,municipio,20562,Magdalena Yodocono de Porfirio Díaz,24,1682,1.4269,"Menos de 40 % y menos de 5,000 indígenas"
2020,municipio,20563,Yogana,1,1245,0.0803,"Menos de 40 % y menos de 5,000 indígenas"
2020,municipio,20564,Yutanduchi de Guerrero,1176,1195,98.41,40 % y más de población indígena
2020,municipio,20565,Villa de Zaachila,11614,46464,24.9957,"Menos de 40 % y más de 5,000 indígenas (o pueblos con pocos hablantes)"
2020,municipio,20566,San Mateo Yucutindoo,94,3144,2.9898,"Menos de 40 % y menos de 5,000 indígenas"
2020,municipio,20567,Zapotitlán Lagunas,40,3382,1.1827,"Menos de 40 % y menos de 5,000 indígenas"
2020,municipio,20568,Zapotitlán Palmas,483,1695,28.4956,"Menos de 40 % y menos de 5,000 indígenas"
2020,municipio,20569,Santa Inés de Zaragoza,823,1454,56.6025,40 % y más de población indígena
2020,municipio,20570,Zimatlán de Álvarez,2108,22093,9.5415,"Menos de 40 % y menos de 5,000 indígenas"
2020,municipio,21001,Acajete,9913,72894,13.5992,"Menos de 40 % y más de 5,000 indígenas (o pueblos con pocos hablantes)"
2020,municipio,21002,Acateno,548,9170,5.976,"Menos de 40 % y menos de 5,000 indígenas"
2020,municipio,21003,Acatlán,1096,37955,2.8876,"Menos de 40 % y menos de 5,000 indígenas"
2020,municipio,21004,Acatzingo,506,63743,0.7938,"Menos de 40 % y menos de 5,000 indígenas"
2020,municipio,21005,Acteopan,1465,3070,47.7199,40 % y más de población indígena
2020,municipio,21006,Ahuacatlán,13587,14542,93.4328,40 % y más de población indígena
2020,municipio,21007,Ahuatlán,158,3162,4.9968,"Menos de 40 % y menos de 5,000 indígenas"
2020,municipio,21008,Ahuazotepec,198,11439,1.7309,"Menos de 40 % y menos de 5,000 indígenas"
2020,municipio,21009,Ahuehuetitla,30,2207,1.3593,"Menos de 40 % y menos de 5,000 indígenas"
2020,municipio,21010,Ajalpan,45036,74768,60.2343,40 % y más de población indígena
2020,municipio,21011,Albino Zertuche,60,1885,3.183,"Menos de 40 % y menos de 5,000 indígenas"
2020,municipio,21012,Aljojuca,29,6591,0.44,"Menos de 40 % y menos de 5,000 indígenas"
2020,municipio,21013,Altepexi,19487,22629,86.1152,40 % y más de población indígena
2020,municipio,21014,Amixtlán,4279,4812,88.9235,40 % y más de población indígena
2020,municipio,21015,Amozoc,7431,125876,5.9034,"Menos de 40 % y más de 5,000 indígenas (o pueblos con pocos hablantes)"
2020,municipio,21016,Aquixtla,742,9021,8.2253,"Menos de 40 % y menos de 5,000 indígenas"
2020,municipio,21017,Atempan,18610,29742,62.5714,40 % y más de población indígena
2020,municipio,21018,Atexcal,107,3859,2.7727,"Menos de 40 % y menos de 5,000 indígenas"
2020,municipio,21019,Atlixco,9817,141793,6.9235,"Menos de 40 % y más de 5,000 indígenas (o pueblos con pocos hablantes)"
2020,municipio,21020,Atoyatempan,1619,7704,21.0151,"Menos de 40 % y menos de 5,000 indígenas"
2020,municipio,21021,Atzala,19,1512,1.2566,"Menos de 40 % y menos de 5,000 indígenas"
2020,municipio,21022,Atzitzihuacán,223,12857,1.7345,"Menos de 40 % y menos de 5,000 indígenas"
2020,municipio,21023,Atzitzintla,10,9051,0.1105,"Menos de 40 % y menos de 5,000 indígenas"
2020,municipio,21024,Axutla,19,976,1.9467,"Menos de 40 % y menos de 5,000 indígenas"
2020,municipio,21025,Ayotoxco de Guerrero,3764,8208,45.8577,40 % y más de población indígena
2020,municipio,21026,Calpan,4330,15271,28.3544,"Menos de 40 % y menos de 5,000 indígenas"
2020,municipio,21027,Caltepec,220,4128,5.3295,"Menos de 40 % y menos de 5,000 indígenas"
2020,municipio,21028,Camocuautla,2753,2758,99.8187,40 % y más de población indígena
2020,municipio,21029,Caxhuacan,3628,3811,95.1981,40 % y más de población indígena
2020,municipio,21030,Coatepec,761,772,98.5751,40 % y más de población indígena
2020,municipio,21031,Coatzingo,3,2820,0.1064,"Menos de 40 % y menos de 5,000 indígenas"
2020,municipio,21032,Cohetzala,173,1382,12.5181,"Menos de 40 % y menos de 5,000 indígenas"
2020,municipio,21033,Cohuecan,935,5403,17.3052,"Menos de 40 % y menos de 5,000 indígenas"
2020,municipio,21034,Coronango,1124,46836,2.3999,"Menos de 40 % y menos de 5,000 indígenas"
2020,municipio,21035,Coxcatlán,9232,20653,44.7005,40 % y más de población indígena
2020,municipio,21036,Coyomeapan,14737,14806,99.534,40 % y más de población indígena
2020,municipio,21037,Coyotepec,191,2334,8.1834,"Menos de 40 % y menos de 5,000 indígenas"
2020,municipio,21038,Cuapiaxtla de Madero,148,10542,1.4039,"Menos de 40 % y menos de 5,000 indígenas"
2020,municipio,21039,Cuautempan,9086,9837,92.3656,40 % y más de población indígena
2020,municipio,21040,Cuautinchán,658,12340,5.3323,"Menos de 40 % y menos de 5,000 indígenas"
2020,municipio,21041,Cuautlancingo,4457,137435,3.243,"Menos de 40 % y menos de 5,000 indígenas"
2020,municipio,21042,Cuayuca de Andrade,15,3315,0.4525,"Menos de 40 % y menos de 5,000 indígenas"
2020,municipio,21043,Cuetzalan del Progreso,40247,49864,80.7135,40 % y más de población indígena
2020,municipio,21044,Cuyoaco,692,17139,4.0376,"Menos de 40 % y menos de 5,000 indígenas"
2020,municipio,21045,Chalchicomula de Sesma,295,47410,0.6222,"Menos de 40 % y menos de 5,000 indígenas"
2020,municipio,21046,Chapulco,358,8193,4.3696,"Menos de 40 % y menos de 5,000 indígenas"
2020,municipio,21047,Chiautla,160,21699,0.7374,"Menos de 40 % y menos de 5,000 indígenas"
2020,municipio,21048,Chiautzingo,630,22039,2.8586,"Menos de 40 % y menos de 5,000 indígenas"
2020,municipio,21049,Chiconcuautla,14391,17382,82.7925,40 % y más de población indígena
2020,municipio,21050,Chichiquila,12612,26928,46.836,40 % y más de población indígena
2020,municipio,21051,Chietla,210,37030,0.5671,"Menos de 40 % y menos de 5,000 indígenas"
2020,municipio,21052,Chigmecatitlán,1141,1215,93.9095,40 % y más de población indígena
2020,municipio,21053,Chignahuapan,1078,66464,1.6219,"Menos de 40 % y menos de 5,000 indígenas"
2020,municipio,21054,Chignautla,10918,35223,30.9968,"Menos de 40 % y más de 5,000 indígenas (o pueblos con pocos hablantes)"
2020,municipio,21055,Chila,71,5082,1.3971,"Menos de 40 % y menos de 5,000 indígenas"
2020,municipio,21056,Chila de la Sal,8,1317,0.6074,"Menos de 40 % y menos de 5,000 indígenas"
2020,municipio,21057,Honey,921,6687,13.773,"Menos de 40 % y menos de 5,000 indígenas"
2020,municipio,21058,Chilchotla,4324,21002,20.5885,"Menos de 40 % y menos de 5,000 indígenas"
2020,municipio,21059,Chinantla,65,2846,2.2839,"Menos de 40 % y menos de 5,000 indígenas"
2020,municipio,21060,Domingo Arenas,619,7982,7.7549,"Menos de 40 % y menos de 5,000 indígenas"
2020,municipio,21061,Eloxochitlán,14333,14461,99.1149,40 % y más de población indígena
2020,municipio,21062,Epatlán,173,4943,3.4999,"Menos de 40 % y menos de 5,000 indígenas"
2020,municipio,21063,Esperanza,66,14766,0.447,"Menos de 40 % y menos de 5,000 indígenas"
2020,municipio,21064,Francisco Z. Mena,3063,17824,17.1847,"Menos de 40 % y menos de 5,000 indígenas"
2020,municipio,21065,General Felipe Ángeles,195,22694,0.8593,"Menos de 40 % y menos de 5,000 indígenas"
2020,municipio,21066,Guadalupe,48,6451,0.7441,"Menos de 40 % y menos de 5,000 indígenas"
2020,municipio,21067,Guadalupe Victoria,442,18784,2.3531,"Menos de 40 % y menos de 5,000 indígenas"
2020,municipio,21068,Hermenegildo Galeana,5812,7011,82.8983,40 % y más de población indígena
2020,municipio,21069,Huaquechula,399,29233,1.3649,"Menos de 40 % y menos de 5,000 indígenas"
2020,municipio,21070,Huatlatlauca,5211,6111,85.2725,40 % y más de población indígena
2020,municipio,21071,Huauchinango,35779,103946,34.4208,"Menos de 40 % y más de 5,000 indígenas (o pueblos con pocos hablantes)"
2020,municipio,21072,Huehuetla,16092,17082,94.2044,40 % y más de población indígena
2020,municipio,21073,Huehuetlán el Chico,48,9760,0.4918,"Menos de 40 % y menos de 5,000 indígenas"
2020,municipio,21074,Huejotzingo,3664,90794,4.0355,"Menos de 40 % y menos de 5,000 indígenas"
2020,municipio,21075,Hueyapan,12523,13080,95.7416,40 % y más de población indígena
2020,municipio,21076,Hueytamalco,3982,27600,14.4275,"Menos de 40 % y menos de 5,000 indígenas"
2020,municipio,21077,Hueytlalpan,5717,5951,96.0679,40 % y más de población indígena
2020,municipio,21078,Huitzilan de Serdán,13648,15928,85.6856,40 % y más de población indígena
2020,municipio,21079,Huitziltepec,152,5782,2.6288,"Menos de 40 % y menos de 5,000 indígenas"
2020,municipio,21080,Atlequizayan,2625,2633,99.6962,40 % y más de población indígena
2020,municipio,21081,Ixcamilpa de Guerrero,223,4065,5.4859,"Menos de 40 % y menos de 5,000 indígenas"
2020,municipio,21082,Ixcaquixtla,219,8804,2.4875,"Menos de 40 % y menos de 5,000 indígenas"
2020,municipio,21083,Ixtacamaxtitlán,5402,25319,21.3358,"Menos de 40 % y más de 5,000 indígenas (o pueblos con pocos hablantes)"
2020,municipio,21084,Ixtepec,6842,6950,98.446,40 % y más de población indígena
2020,municipio,21085,Izúcar de Matamoros,1422,82809,1.7172,"Menos de 40 % y menos de 5,000 indígenas"
2020,municipio,21086,Jalpan,2763,12050,22.9295,"Menos de 40 % y menos de 5,000 indígenas"
2020,municipio,21087,Jolalpan,1359,13308,10.2119,"Menos de 40 % y menos de 5,000 indígenas"
2020,municipio,21088,Jonotla,3425,4457,76.8454,40 % y más de población indígena
2020,municipio,21089,Jopala,9144,12131,75.3771,40 % y más de población indígena
2020,municipio,21090,Juan C. Bonilla,667,23783,2.8045,"Menos de 40 % y menos de 5,000 indígenas"
2020,municipio,21091,Juan Galindo,2331,9828,23.7179,"Menos de 40 % y menos de 5,000 indígenas"
2020,municipio,21092,Juan N. Méndez,161,5293,3.0418,"Menos de 40 % y menos de 5,000 indígenas"
2020,municipio,21093,Lafragua,196,7650,2.5621,"Menos de 40 % y menos de 5,000 indígenas"
2020,municipio,21094,Libres,1679,37257,4.5065,"Menos de 40 % y menos de 5,000 indígenas"
2020,municipio,21095,La Magdalena Tlatlauquitepec,32,650,4.9231,"Menos de 40 % y menos de 5,000 indígenas"
2020,municipio,21096,Mazapiltepec de Juárez,28,3176,0.8816,"Menos de 40 % y menos de 5,000 indígenas"
2020,municipio,21097,Mixtla,295,2668,11.057,"Menos de 40 % y menos de 5,000 indígenas"
2020,municipio,21098,Molcaxac,841,6668,12.6125,"Menos de 40 % y menos de 5,000 indígenas"
2020,municipio,21099,Cañada Morelos,217,20659,1.0504,"Menos de 40 % y menos de 5,000 indígenas"
2020,municipio,21100,Naupan,9171,9310,98.507,40 % y más de población indígena
2020,municipio,21101,Nauzontla,1203,3317,36.2677,"Menos de 40 % y menos de 5,000 indígenas"
2020,municipio,21102,Nealtican,2745,14075,19.5027,"Menos de 40 % y menos de 5,000 indígenas"
2020,municipio,21103,Nicolás Bravo,205,6644,3.0855,"Menos de 40 % y menos de 5,000 indígenas"
2020,municipio,21104,Nopalucan,214,32772,0.653,"Menos de 40 % y menos de 5,000 indígenas"
2020,municipio,21105,Ocotepec,407,5077,8.0165,"Menos de 40 % y menos de 5,000 indígenas"
2020,municipio,21106,Ocoyucan,3009,42669,7.052,"Menos de 40 % y menos de 5,000 indígenas"
2020,municipio,21107,Olintla,11857,11993,98.866,40 % y más de población indígena
2020,municipio,21108,Oriental,301,19903,1.5123,"Menos de 40 % y menos de 5,000 indígenas"
2020,municipio,21109,Pahuatlán,11360,20274,56.0324,40 % y más de población indígena
2020,municipio,21110,Palmar de Bravo,291,50226,0.5794,"Menos de 40 % y menos de 5,000 indígenas"
2020,municipio,21111,Pantepec,10133,18528,54.6902,40 % y más de población indígena
2020,municipio,21112,Petlalcingo,657,9350,7.0267,"Menos de 40 % y menos de 5,000 indígenas"
2020,municipio,21113,Piaxtla,139,4627,3.0041,"Menos de 40 % y menos de 5,000 indígenas"
2020,municipio,21114,Puebla,112342,1692181,6.6389,"Menos de 40 % y más de 5,000 indígenas (o pueblos con pocos hablantes)"
2020,municipio,21115,Quecholac,245,57992,0.4225,"Menos de 40 % y menos de 5,000 indígenas"
2020,municipio,21116,Quimixtlán,1670,22855,7.3069,"Menos de 40 % y menos de 5,000 indígenas"
2020,municipio,21117,Rafael Lara Grajales,101,15952,0.6331,"Menos de 40 % y menos de 5,000 indígenas"
2020,municipio,21118,Los Reyes de Juárez,179,30021,0.5962,"Menos de 40 % y menos de 5,000 indígenas"
2020,municipio,21119,San Andrés Cholula,9854,154448,6.3801,"Menos de 40 % y más de 5,000 indígenas (o pueblos con pocos hablantes)"
2020,municipio,21120,San Antonio Cañada,3369,5938,56.7363,40 % y más de población indígena
2020,municipio,21121,San Diego la Mesa Tochimiltzingo,22,1270,1.7323,"Menos de 40 % y menos de 5,000 indígenas"
2020,municipio,21122,San Felipe Teotlalcingo,284,11063,2.5671,"Menos de 40 % y menos de 5,000 indígenas"
2020,municipio,21123,San Felipe Tepatlán,3270,3793,86.2114,40 % y más de población indígena
2020,municipio,21124,San Gabriel Chilac,12398,15954,77.7109,40 % y más de población indígena
2020,municipio,21125,San Gregorio Atzompa,117,9671,1.2098,"Menos de 40 % y menos de 5,000 indígenas"
2020,municipio,21126,San Jerónimo Tecuanipan,278,6597,4.214,"Menos de 40 % y menos de 5,000 indígenas"
2020,municipio,21127,San Jerónimo Xayacatlán,2663,3606,73.8491,40 % y más de población indígena
2020,municipio,21128,San José Chiapa,73,10443,0.699,"Menos de 40 % y menos de 5,000 indígenas"
2020,municipio,21129,San José Miahuatlán,13468,14018,96.0765,40 % y más de población indígena
2020,municipio,21130,San Juan Atenco,15,3604,0.4162,"Menos de 40 % y menos de 5,000 indígenas"
2020,municipio,21131,San Juan Atzompa,16,975,1.641,"Menos de 40 % y menos de 5,000 indígenas"
2020,municipio,21132,San Martín Texmelucan,2043,155738,1.3118,"Menos de 40 % y menos de 5,000 indígenas"
2020,municipio,21133,San Martín Totoltepec,85,692,12.2832,"Menos de 40 % y menos de 5,000 indígenas"
2020,municipio,21134,San Matías Tlalancaleca,151,20974,0.7199,"Menos de 40 % y menos de 5,000 indígenas"
2020,municipio,21135,San Miguel Ixitlán,15,526,2.8517,"Menos de 40 % y menos de 5,000 indígenas"
2020,municipio,21136,San Miguel Xoxtla,234,12461,1.8779,"Menos de 40 % y menos de 5,000 indígenas"
2020,municipio,21137,San Nicolás Buenos Aires,90,10464,0.8601,"Menos de 40 % y menos de 5,000 indígenas"
2020,municipio,21138,San Nicolás de los Ranchos,298,11780,2.5297,"Menos de 40 % y menos de 5,000 indígenas"
2020,municipio,21139,San Pablo Anicano,52,3759,1.3833,"Menos de 40 % y menos de 5,000 indígenas"
2020,municipio,21140,San Pedro Cholula,4136,138433,2.9877,"Menos de 40 % y menos de 5,000 indígenas"
2020,municipio,21141,San Pedro Yeloixtlahuaca,59,3488,1.6915,"Menos de 40 % y menos de 5,000 indígenas"
2020,municipio,21142,San Salvador el Seco,163,30639,0.532,"Menos de 40 % y menos de 5,000 indígenas"
2020,municipio,21143,San Salvador el Verde,376,34880,1.078,"Menos de 40 % y menos de 5,000 indígenas"
2020,municipio,21144,San Salvador Huixcolotla,257,16790,1.5307,"Menos de 40 % y menos de 5,000 indígenas"
2020,municipio,21145,San Sebastián Tlacotepec,12956,13189,98.2334,40 % y más de población indígena
2020,municipio,21146,Santa Catarina Tlaltempan,643,749,85.8478,40 % y más de población indígena
2020,municipio,21147,Santa Inés Ahuatempan,901,6341,14.2091,"Menos de 40 % y menos de 5,000 indígenas"
2020,municipio,21148,Santa Isabel Cholula,473,11498,4.1138,"Menos de 40 % y menos de 5,000 indígenas"
2020,municipio,21149,Santiago Miahuatlán,5824,30309,19.2154,"Menos de 40 % y más de 5,000 indígenas (o pueblos con pocos hablantes)"
2020,municipio,21150,Huehuetlán el Grande,390,6105,6.3882,"Menos de 40 % y menos de 5,000 indígenas"
2020,municipio,21151,Santo Tomás Hueyotlipan,181,9315,1.9431,"Menos de 40 % y menos de 5,000 indígenas"
2020,municipio,21152,Soltepec,94,12631,0.7442,"Menos de 40 % y menos de 5,000 indígenas"
2020,municipio,21153,Tecali de Herrera,371,23625,1.5704,"Menos de 40 % y menos de 5,000 indígenas"
2020,municipio,21154,Tecamachalco,711,80771,0.8803,"Menos de 40 % y menos de 5,000 indígenas"
2020,municipio,21155,Tecomatlán,1087,6830,15.9151,"Menos de 40 % y menos de 5,000 indígenas"
2020,municipio,21156,Tehuacán,68200,327312,20.8364,"Menos de 40 % y más de 5,000 indígenas (o pueblos con pocos hablantes)"
2020,municipio,21157,Tehuitzingo,198,12672,1.5625,"Menos de 40 % y menos de 5,000 indígenas"
2020,municipio,21158,Tenampulco,2128,6743,31.5587,"Menos de 40 % y menos de 5,000 indígenas"
2020,municipio,21159,Teopantlán,2960,3836,77.1637,40 % y más de población indígena
2020,municipio,21160,Teotlalco,27,3689,0.7319,"Menos de 40 % y menos de 5,000 indígenas"
2020,municipio,21161,Tepanco de López,3900,22218,17.5533,"Menos de 40 % y menos de 5,000 indígenas"
2020,municipio,21162,Tepango de Rodríguez,4003,4155,96.3418,40 % y más de población indígena
2020,municipio,21163,Tepatlaxco de Hidalgo,5262,18854,27.9092,"Menos de 40 % y más de 5,000 indígenas (o pueblos con pocos hablantes)"
2020,municipio,21164,Tepeaca,770,84270,0.9137,"Menos de 40 % y menos de 5,000 indígenas"
2020,municipio,21165,Tepemaxalco,78,1216,6.4145,"Menos de 40 % y menos de 5,000 indígenas"
2020,municipio,21166,Tepeojuma,947,8918,10.619,"Menos de 40 % y menos de 5,000 indígenas"
2020,municipio,21167,Tepetzintla,10284,10373,99.142,40 % y más de población indígena
2020,municipio,21168,Tepexco,73,7523,0.9704,"Menos de 40 % y menos de 5,000 indígenas"
2020,municipio,21169,Tepexi de Rodríguez,2309,22331,10.3399,"Menos de 40 % y menos de 5,000 indígenas"
2020,municipio,21170,Tepeyahualco,138,19200,0.7188,"Menos de 40 % y menos de 5,000 indígenas"
2020,municipio,21171,Tepeyahualco de Cuauhtémoc,67,3851,1.7398,"Menos de 40 % y menos de 5,000 indígenas"
2020,municipio,21172,Tetela de Ocampo,8288,27216,30.4527,"Menos de 40 % y más de 5,000 indígenas (o pueblos con pocos hablantes)"
2020,municipio,21173,Teteles de Avila Castillo,2166,6653,32.5567,"Menos de 40 % y menos de 5,000 indígenas"
2020,municipio,21174,Teziutlán,14476,103583,13.9753,"Menos de 40 % y más de 5,000 indígenas (o pueblos con pocos hablantes)"
2020,municipio,21175,Tianguismanalco,1751,14432,12.1328,"Menos de 40 % y menos de 5,000 indígenas"
2020,municipio,21176,Tilapa,102,9664,1.0555,"Menos de 40 % y menos de 5,000 indígenas"
2020,municipio,21177,Tlacotepec de Benito Juárez,20103,54757,36.7131,"Menos de 40 % y más de 5,000 indígenas (o pueblos con pocos hablantes)"
2020,municipio,21178,Tlacuilotepec,5232,15977,32.7471,"Menos de 40 % y más de 5,000 indígenas (o pueblos con pocos hablantes)"
2020,municipio,21179,Tlachichuca,207,31639,0.6543,"Menos de 40 % y menos de 5,000 indígenas"
2020,municipio,21180,Tlahuapan,382,41547,0.9194,"Menos de 40 % y menos de 5,000 indígenas"
2020,municipio,21181,Tlaltenango,143,7425,1.9259,"Menos de 40 % y menos de 5,000 indígenas"
2020,municipio,21182,Tlanepantla,297,5390,5.5102,"Menos de 40 % y menos de 5,000 indígenas"
2020,municipio,21183,Tlaola,15750,20433,77.0812,40 % y más de población indígena
2020,municipio,21184,Tlapacoya,4211,6422,65.5715,40 % y más de población indígena
2020,municipio,21185,Tlapanalá,114,10344,1.1021,"Menos de 40 % y menos de 5,000 indígenas"
2020,municipio,21186,Tlatlauquitepec,17965,55576,32.3251,"Menos de 40 % y más de 5,000 indígenas (o pueblos con pocos hablantes)"
2020,municipio,21187,Tlaxco,552,4934,11.1877,"Menos de 40 % y menos de 5,000 indígenas"
2020,municipio,21188,Tochimilco,4099,19315,21.2218,"Menos de 40 % y menos de 5,000 indígenas"
2020,municipio,21189,Tochtepec,207,22454,0.9219,"Menos de 40 % y menos de 5,000 indígenas"
2020,municipio,21190,Totoltepec de Guerrero,38,1187,3.2013,"Menos de 40 % y menos de 5,000 indígenas"
2020,municipio,21191,Tulcingo,393,9871,3.9814,"Menos de 40 % y menos de 5,000 indígenas"
2020,municipio,21192,Tuzamapan de Galeana,4262,5924,71.9446,40 % y más de población indígena
2020,municipio,21193,Tzicatlacoyan,45,6476,0.6949,"Menos de 40 % y menos de 5,000 indígenas"
2020,municipio,21194,Venustiano Carranza,2881,28395,10.1462,"Menos de 40 % y menos de 5,000 indígenas"
2020,municipio,21195,Vicente Guerrero,11837,26559,44.5687,40 % y más de población indígena
2020,municipio,21196,Xayacatlán de Bravo,1158,1570,73.758,40 % y más de población indígena
2020,municipio,21197,Xicotepec,8304,80591,10.3039,"Menos de 40 % y más de 5,000 indígenas (o pueblos con pocos hablantes)"
2020,municipio,21198,Xicotlán,23,1312,1.753,"Menos de 40 % y menos de 5,000 indígenas"
2020,municipio,21199,Xiutetelco,1122,42943,2.6128,"Menos de 40 % y menos de 5,000 indígenas"
2020,municipio,21200,Xochiapulco,1872,3443,54.3712,40 % y más de población indígena
2020,municipio,21201,Xochiltepec,302,3375,8.9481,"Menos de 40 % y menos de 5,000 indígenas"
2020,municipio,21202,Xochitlán de Vicente Suárez,12442,13025,95.524,40 % y más de población indígena
2020,municipio,21203,Xochitlán Todos Santos,51,7178,0.7105,"Menos de 40 % y menos de 5,000 indígenas"
2020,municipio,21204,Yaonáhuac,6482,7926,81.7815,40 % y más de población indígena
2020,municipio,21205,Yehualtepec,414,26392,1.5687,"Menos de 40 % y menos de 5,000 indígenas"
2020,municipio,21206,Zacapala,204,4647,4.3899,"Menos de 40 % y menos de 5,000 indígenas"
2020,municipio,21207,Zacapoaxtla,35272,57887,60.9325,40 % y más de población indígena
2020,municipio,21208,Zacatlán,15688,87361,17.9577,"Menos de 40 % y más de 5,000 indígenas (o pueblos con pocos hablantes)"
2020,municipio,21209,Zapotitlán,1532,8595,17.8243,"Menos de 40 % y menos de 5,000 indígenas"
2020,municipio,21210,Zapotitlán de Méndez,4978,5675,87.7181,40 % y más de población indígena
2020,municipio,21211,Zaragoza,2133,16752,12.7328,"Menos de 40 % y menos de 5,000 indígenas"
2020,municipio,21212,Zautla,13314,20717,64.2661,40 % y más de población indígena
2020,municipio,21213,Zihuateutla,5315,11967,44.4138,40 % y más de población indígena
2020,municipio,21214,Zinacatepec,15212,18359,82.8585,40 % y más de población indígena
2020,municipio,21215,Zongozotla,4414,4539,97.2461,40 % y más de población indígena
2020,municipio,21216,Zoquiapan,2221,2452,90.5791,40 % y más de población indígena
2020,municipio,21217,Zoquitlán,20259,20335,99.6263,40 % y más de población indígena
2020,municipio,22001,Amealco de Bonfil,21230,66841,31.7619,"Menos de 40 % y más de 5,000 indígenas (o pueblos con pocos hablantes)"
2020,municipio,22002,Pinal de Amoles,98,27365,0.3581,"Menos de 40 % y menos de 5,000 indígenas"
2020,municipio,22003,Arroyo Seco,146,13142,1.1109,"Menos de 40 % y menos de 5,000 indígenas"
2020,municipio,22004,Cadereyta de Montes,3086,69075,4.4676,"Menos de 40 % y menos de 5,000 indígenas"
2020,municipio,22005,Colón,485,67121,0.7226,"Menos de 40 % y menos de 5,000 indígenas"
2020,municipio,22006,Corregidora,1979,212567,0.931,"Menos de 40 % y menos de 5,000 indígenas"
2020,municipio,22007,Ezequiel Montes,824,45141,1.8254,"Menos de 40 % y menos de 5,000 indígenas"
2020,municipio,22008,Huimilpan,144,36808,0.3912,"Menos de 40 % y menos de 5,000 indígenas"
2020,municipio,22009,Jalpan de Serra,541,27343,1.9786,"Menos de 40 % y menos de 5,000 indígenas"
2020,municipio,22010,Landa de Matamoros,133,18794,0.7077,"Menos de 40 % y menos de 5,000 indígenas"
2020,municipio,22011,El Marqués,3619,231668,1.5621,"Menos de 40 % y menos de 5,000 indígenas"
2020,municipio,22012,Pedro Escobedo,693,77404,0.8953,"Menos de 40 % y menos de 5,000 indígenas"
2020,municipio,22013,Peñamiller,131,19141,0.6844,"Menos de 40 % y menos de 5,000 indígenas"
2020,municipio,22014,Querétaro,16896,1049777,1.6095,"Menos de 40 % y más de 5,000 indígenas (o pueblos con pocos hablantes)"
2020,municipio,22015,San Joaquín,87,8359,1.0408,"Menos de 40 % y menos de 5,000 indígenas"
2020,municipio,22016,San Juan del Río,4042,297804,1.3573,"Menos de 40 % y menos de 5,000 indígenas"
2020,municipio,22017,Tequisquiapan,479,72201,0.6634,"Menos de 40 % y menos de 5,000 indígenas"
2020,municipio,22018,Tolimán,9438,27916,33.8086,"Menos de 40 % y más de 5,000 indígenas (o pueblos con pocos hablantes)"
2020,municipio,23001,Cozumel,18604,88626,20.9916,"Menos de 40 % y más de 5,000 indígenas (o pueblos con pocos hablantes)"
2020,municipio,23002,Felipe Carrillo Puerto,70017,83990,83.3635,40 % y más de población indígena
2020,municipio,23003,Isla Mujeres,3828,22686,16.8738,"Menos de 40 % y menos de 5,000 indígenas"
2020,municipio,23004,Othón P. Blanco,32719,233648,14.0035,"Menos de 40 % y más de 5,000 indígenas (o pueblos con pocos hablantes)"
2020,municipio,23005,Benito Juárez,149796,911503,16.434,"Menos de 40 % y más de 5,000 indígenas (o pueblos con pocos hablantes)"
2020,municipio,23006,José María Morelos,32125,39165,82.0248,40 % y más de población indígena
2020,municipio,23007,Lázaro Cárdenas,19182,29171,65.7571,40 % y más de población indígena
2020,municipio,23008,Solidaridad,57213,333800,17.1399,"Menos de 40 % y más de 5,000 indígenas (o pueblos con pocos hablantes)"
2020,municipio,23009,Tulum,20183,46721,43.199,40 % y más de población indígena
2020,municipio,23010,Bacalar,18141,41754,43.4473,40 % y más de población indígena
2020,municipio,23011,Puerto Morelos,5817,26921,21.6077,"Menos de 40 % y más de 5,000 indígenas (o pueblos con pocos hablantes)"
2020,municipio,24001,Ahualulco,55,18974,0.2899,"Menos de 40 % y menos de 5,000 indígenas"
2020,municipio,24002,Alaquines,231,7785,2.9672,"Menos de 40 % y menos de 5,000 indígenas"
2020,municipio,24003,Aquismón,38055,48359,78.6927,40 % y más de población indígena
2020,municipio,24004,Armadillo de los Infante,9,4013,0.2243,"Menos de 40 % y menos de 5,000 indígenas"
2020,municipio,24005,Cárdenas,473,18317,2.5823,"Menos de 40 % y menos de 5,000 indígenas"
2020,municipio,24006,Catorce,19,9579,0.1984,"Menos de 40 % y menos de 5,000 indígenas"
2020,municipio,24007,Cedral,59,19840,0.2974,"Menos de 40 % y menos de 5,000 indígenas"
2020,municipio,24008,Cerritos,129,22075,0.5844,"Menos de 40 % y menos de 5,000 indígenas"
2020,municipio,24009,Cerro de San Pedro,34,5050,0.6733,"Menos de 40 % y menos de 5,000 indígenas"
2020,municipio,24010,Ciudad del Maíz,370,30320,1.2203,"Menos de 40 % y menos de 5,000 indígenas"
2020,municipio,24011,Ciudad Fernández,566,48106,1.1766,"Menos de 40 % y menos de 5,000 indígenas"
2020,municipio,24012,Tancanhuitz,16707,20300,82.3005,40 % y más de población indígena
2020,municipio,24013,Ciudad Valles,22101,179371,12.3214,"Menos de 40 % y más de 5,000 indígenas (o pueblos con pocos hablantes)"
2020,municipio,24014,Coxcatlán,14300,15660,91.3155,40 % y más de población indígena
2020,municipio,24015,Charcas,93,21814,0.4263,"Menos de 40 % y menos de 5,000 indígenas"
2020,municipio,24016,Ebano,5076,40899,12.4111,"Menos de 40 % y más de 5,000 indígenas (o pueblos con pocos hablantes)"
2020,municipio,24017,Guadalcázar,54,25119,0.215,"Menos de 40 % y menos de 5,000 indígenas"
2020,municipio,24018,Huehuetlán,11717,15334,76.4119,40 % y más de población indígena
2020,municipio,24019,Lagunillas,167,5453,3.0625,"Menos de 40 % y menos de 5,000 indígenas"
2020,municipio,24020,Matehuala,413,102199,0.4041,"Menos de 40 % y menos de 5,000 indígenas"
2020,municipio,24021,Mexquitic de Carmona,200,58469,0.3421,"Menos de 40 % y menos de 5,000 indígenas"
2020,municipio,24022,Moctezuma,61,19036,0.3204,"Menos de 40 % y menos de 5,000 indígenas"
2020,municipio,24023,Rayón,1583,15301,10.3457,"Menos de 40 % y menos de 5,000 indígenas"
2020,municipio,24024,Rioverde,867,97943,0.8852,"Menos de 40 % y menos de 5,000 indígenas"
2020,municipio,24025,Salinas,37,31107,0.1189,"Menos de 40 % y menos de 5,000 indígenas"
2020,municipio,24026,San Antonio,8882,9382,94.6706,40 % y más de población indígena
2020,municipio,24027,San Ciro de Acosta,71,10215,0.6951,"Menos de 40 % y menos de 5,000 indígenas"
2020,municipio,24028,San Luis Potosí,11579,911908,1.2698,"Menos de 40 % y más de 5,000 indígenas (o pueblos con pocos hablantes)"
2020,municipio,24029,San Martín Chalchicuautla,10617,18468,57.4886,40 % y más de población indígena
2020,municipio,24030,San Nicolás Tolentino,0,4779,0.0,Sin población indígena
2020,municipio,24031,Santa Catarina,8259,12163,67.9027,40 % y más de población indígena
2020,municipio,24032,Santa María del Río,82,39880,0.2056,"Menos de 40 % y menos de 5,000 indígenas"
2020,municipio,24033,Santo Domingo,12,10785,0.1113,"Menos de 40 % y menos de 5,000 indígenas"
2020,municipio,24034,San Vicente Tancuayalab,4685,14945,31.3483,"Menos de 40 % y menos de 5,000 indígenas"
2020,municipio,24035,Soledad de Graciano Sánchez,3786,332072,1.1401,"Menos de 40 % y menos de 5,000 indígenas"
2020,municipio,24036,Tamasopo,4236,29184,14.5148,"Menos de 40 % y menos de 5,000 indígenas"
2020,municipio,24037,Tamazunchale,53570,95037,56.3675,40 % y más de población indígena
2020,municipio,24038,Tampacán,8747,14348,60.9632,40 % y más de población indígena
2020,municipio,24039,Tampamolón Corona,10816,13603,79.5119,40 % y más de población indígena
2020,municipio,24040,Tamuín,7812,36968,21.1318,"Menos de 40 % y más de 5,000 indígenas (o pueblos con pocos hablantes)"
2020,municipio,24041,Tanlajás,16487,18208,90.5481,40 % y más de población indígena
2020,municipio,24042,Tanquián de Escobedo,3549,13448,26.3905,"Menos de 40 % y menos de 5,000 indígenas"
2020,municipio,24043,Tierra Nueva,16,7966,0.2009,"Menos de 40 % y menos de 5,000 indígenas"
2020,municipio,24044,Vanegas,64,7557,0.8469,"Menos de 40 % y menos de 5,000 indígenas"
2020,municipio,24045,Venado,59,14188,0.4158,"Menos de 40 % y menos de 5,000 indígenas"
2020,municipio,24046,Villa de Arriaga,65,18206,0.357,"Menos de 40 % y menos de 5,000 indígenas"
2020,municipio,24047,Villa de Guadalupe,30,9277,0.3234,"Menos de 40 % y menos de 5,000 indígenas"
2020,municipio,24048,Villa de la Paz,34,5298,0.6418,"Menos de 40 % y menos de 5,000 indígenas"
2020,municipio,24049,Villa de Ramos,89,38389,0.2318,"Menos de 40 % y menos de 5,000 indígenas"
2020,municipio,24050,Villa de Reyes,71,52912,0.1342,"Menos de 40 % y menos de 5,000 indígenas"
2020,municipio,24051,Villa Hidalgo,47,15458,0.304,"Menos de 40 % y menos de 5,000 indígenas"
2020,municipio,24052,Villa Juárez,29,10304,0.2814,"Menos de 40 % y menos de 5,000 indígenas"
2020,municipio,24053,Axtla de Terrazas,24150,32544,74.2072,40 % y más de población indígena
2020,municipio,24054,Xilitla,26871,49741,54.0218,40 % y más de población indígena
2020,municipio,24055,Zaragoza,32,27386,0.1168,"Menos de 40 % y menos de 5,000 indígenas"
2020,municipio,24056,Villa de Arista,124,17258,0.7185,"Menos de 40 % y menos de 5,000 indígenas"
2020,municipio,24057,Matlapa,21940,28996,75.6656,40 % y más de población indígena
2020,municipio,24058,El Naranjo,211,20959,1.0067,"Menos de 40 % y menos de 5,000 indígenas"
2020,municipio,25001,Ahome,15022,459310,3.2706,"Menos de 40 % y más de 5,000 indígenas (o pueblos con pocos hablantes)"
2020,municipio,25002,Angostura,529,44093,1.1997,"Menos de 40 % y menos de 5,000 indígenas"
2020,municipio,25003,Badiraguato,35,26542,0.1319,"Menos de 40 % y menos de 5,000 indígenas"
2020,municipio,25004,Concordia,74,24899,0.2972,"Menos de 40 % y menos de 5,000 indígenas"
2020,municipio,25005,Cosalá,41,17012,0.241,"Menos de 40 % y menos de 5,000 indígenas"
2020,municipio,25006,Culiacán,7089,1003530,0.7064,"Menos de 40 % y más de 5,000 indígenas (o pueblos con pocos hablantes)"
2020,municipio,25007,Choix,1593,29334,5.4306,"Menos de 40 % y menos de 5,000 indígenas"
2020,municipio,25008,Elota,3814,55339,6.8921,"Menos de 40 % y menos de 5,000 indígenas"
2020,municipio,25009,Escuinapa,4190,59988,6.9847,"Menos de 40 % y menos de 5,000 indígenas"
2020,municipio,25010,El Fuerte,11936,96593,12.357,"Menos de 40 % y más de 5,000 indígenas (o pueblos con pocos hablantes)"
2020,municipio,25011,Guasave,5559,289370,1.9211,"Menos de 40 % y más de 5,000 indígenas (o pueblos con pocos hablantes)"
2020,municipio,25012,Mazatlán,4724,501441,0.9421,"Menos de 40 % y menos de 5,000 indígenas"
2020,municipio,25013,Mocorito,47,40358,0.1165,"Menos de 40 % y menos de 5,000 indígenas"
2020,municipio,25014,Rosario,1490,52345,2.8465,"Menos de 40 % y menos de 5,000 indígenas"
2020,municipio,25015,Salvador Alvarado,425,79492,0.5346,"Menos de 40 % y menos de 5,000 indígenas"
2020,municipio,25016,San Ignacio,201,19505,1.0305,"Menos de 40 % y menos de 5,000 indígenas"
2020,municipio,25017,Sinaloa,1943,78670,2.4698,"Menos de 40 % y menos de 5,000 indígenas"
2020,municipio,25018,Navolato,7088,149122,4.7532,"Menos de 40 % y más de 5,000 indígenas (o pueblos con pocos hablantes)"
2020,municipio,26001,Aconchi,4,2563,0.1561,"Menos de 40 % y menos de 5,000 indígenas"
2020,municipio,26002,Agua Prieta,1190,91929,1.2945,"Menos de 40 % y menos de 5,000 indígenas"
2020,municipio,26003,Alamos,2096,24976,8.3921,"Menos de 40 % y más de 5,000 indígenas (o pueblos con pocos hablantes)"
2020,municipio,26004,Altar,191,9492,2.0122,"Menos de 40 % y menos de 5,000 indígenas"
2020,municipio,26005,Arivechi,24,1177,2.0391,"Menos de 40 % y menos de 5,000 indígenas"
2020,municipio,26006,Arizpe,5,2788,0.1793,"Menos de 40 % y menos de 5,000 indígenas"
2020,municipio,26007,Atil,1,626,0.1597,"Menos de 40 % y menos de 5,000 indígenas"
2020,municipio,26008,Bacadéhuachi,0,979,0.0,Sin población indígena
2020,municipio,26009,Bacanora,0,759,0.0,Sin población indígena
2020,municipio,26010,Bacerac,1,1221,0.0819,"Menos de 40 % y menos de 5,000 indígenas"
2020,municipio,26011,Bacoachi,5,1475,0.339,"Menos de 40 % y menos de 5,000 indígenas"
2020,municipio,26012,Bácum,3393,23151,14.656,"Menos de 40 % y menos de 5,000 indígenas"
2020,municipio,26013,Banámichi,0,1825,0.0,Sin población indígena
2020,municipio,26014,Baviácora,0,3191,0.0,Sin población indígena
2020,municipio,26015,Bavispe,2,1169,0.1711,"Menos de 40 % y menos de 5,000 indígenas"
2020,municipio,26016,Benjamín Hill,19,4988,0.3809,"Menos de 40 % y menos de 5,000 indígenas"
2020,municipio,26017,Caborca,1785,89122,2.0029,"Menos de 40 % y más de 5,000 indígenas (o pueblos con pocos hablantes)"
2020,municipio,26018,Cajeme,7870,436484,1.803,"Menos de 40 % y más de 5,000 indígenas (o pueblos con pocos hablantes)"
2020,municipio,26019,Cananea,279,39451,0.7072,"Menos de 40 % y menos de 5,000 indígenas"
2020,municipio,26020,Carbó,150,4946,3.0328,"Menos de 40 % y menos de 5,000 indígenas"
2020,municipio,26021,La Colorada,12,1848,0.6494,"Menos de 40 % y menos de 5,000 indígenas"
2020,municipio,26022,Cucurpe,2,863,0.2317,"Menos de 40 % y menos de 5,000 indígenas"
2020,municipio,26023,Cumpas,6,5829,0.1029,"Menos de 40 % y menos de 5,000 indígenas"
2020,municipio,26024,Divisaderos,3,753,0.3984,"Menos de 40 % y menos de 5,000 indígenas"
2020,municipio,26025,Empalme,1705,51431,3.3151,"Menos de 40 % y menos de 5,000 indígenas"
2020,municipio,26026,Etchojoa,20433,61309,33.3279,"Menos de 40 % y más de 5,000 indígenas (o pueblos con pocos hablantes)"
2020,municipio,26027,Fronteras,294,9041,3.2519,"Menos de 40 % y menos de 5,000 indígenas"
2020,municipio,26028,Granados,0,1009,0.0,Sin población indígena
2020,municipio,26029,Guaymas,18450,156863,11.7619,"Menos de 40 % y más de 5,000 indígenas (o pueblos con pocos hablantes)"
2020,municipio,26030,Hermosillo,20312,936263,2.1695,"Menos de 40 % y más de 5,000 indígenas (o pueblos con pocos hablantes)"
2020,municipio,26031,Huachinera,8,1186,0.6745,"Menos de 40 % y menos de 5,000 indígenas"
2020,municipio,26032,Huásabas,6,888,0.6757,"Menos de 40 % y menos de 5,000 indígenas"
2020,municipio,26033,Huatabampo,16879,77682,21.7283,"Menos de 40 % y más de 5,000 indígenas (o pueblos con pocos hablantes)"
2020,municipio,26034,Huépac,3,943,0.3181,"Menos de 40 % y menos de 5,000 indígenas"
2020,municipio,26035,Imuris,196,12536,1.5635,"Menos de 40 % y menos de 5,000 indígenas"
2020,municipio,26036,Magdalena,187,33049,0.5658,"Menos de 40 % y menos de 5,000 indígenas"
2020,municipio,26037,Mazatán,4,1101,0.3633,"Menos de 40 % y menos de 5,000 indígenas"
2020,municipio,26038,Moctezuma,9,5173,0.174,"Menos de 40 % y menos de 5,000 indígenas"
2020,municipio,26039,Naco,71,5774,1.2297,"Menos de 40 % y menos de 5,000 indígenas"
2020,municipio,26040,Nácori Chico,1,1531,0.0653,"Menos de 40 % y menos de 5,000 indígenas"
2020,municipio,26041,Nacozari de García,253,14369,1.7607,"Menos de 40 % y menos de 5,000 indígenas"
2020,municipio,26042,Navojoa,15874,164387,9.6565,"Menos de 40 % y más de 5,000 indígenas (o pueblos con pocos hablantes)"
2020,municipio,26043,Nogales,5186,264782,1.9586,"Menos de 40 % y más de 5,000 indígenas (o pueblos con pocos hablantes)"
2020,municipio,26044,Onavas,2,365,0.5479,"Menos de 40 % y menos de 5,000 indígenas"
2020,municipio,26045,Opodepe,13,2438,0.5332,"Menos de 40 % y menos de 5,000 indígenas"
2020,municipio,26046,Oquitoa,0,496,0.0,Sin población indígena
2020,municipio,26047,Pitiquito,414,9122,4.5385,"Menos de 40 % y más de 5,000 indígenas (o pueblos con pocos hablantes)"
2020,municipio,26048,Puerto Peñasco,1595,62689,2.5443,"Menos de 40 % y menos de 5,000 indígenas"
2020,municipio,26049,Quiriego,235,3090,7.6052,"Menos de 40 % y menos de 5,000 indígenas"
2020,municipio,26050,Rayón,17,1496,1.1364,"Menos de 40 % y menos de 5,000 indígenas"
2020,municipio,26051,Rosario,41,4830,0.8489,"Menos de 40 % y menos de 5,000 indígenas"
2020,municipio,26052,Sahuaripa,21,5257,0.3995,"Menos de 40 % y menos de 5,000 indígenas"
2020,municipio,26053,San Felipe de Jesús,0,369,0.0,Sin población indígena
2020,municipio,26054,San Javier,12,537,2.2346,"Menos de 40 % y menos de 5,000 indígenas"
2020,municipio,26055,San Luis Río Colorado,2095,199021,1.0527,"Menos de 40 % y más de 5,000 indígenas (o pueblos con pocos hablantes)"
2020,municipio,26056,San Miguel de Horcasitas,4115,10729,38.354,"Menos de 40 % y menos de 5,000 indígenas"
2020,municipio,26057,San Pedro de la Cueva,7,1458,0.4801,"Menos de 40 % y menos de 5,000 indígenas"
2020,municipio,26058,Santa Ana,54,16203,0.3333,"Menos de 40 % y menos de 5,000 indígenas"
2020,municipio,26059,Santa Cruz,23,1835,1.2534,"Menos de 40 % y menos de 5,000 indígenas"
2020,municipio,26060,Sáric,13,2058,0.6317,"Menos de 40 % y menos de 5,000 indígenas"
2020,municipio,26061,Soyopa,7,1368,0.5117,"Menos de 40 % y menos de 5,000 indígenas"
2020,municipio,26062,Suaqui Grande,0,1114,0.0,Sin población indígena
2020,municipio,26063,Tepache,0,1178,0.0,Sin población indígena
2020,municipio,26064,Trincheras,4,1381,0.2896,"Menos de 40 % y menos de 5,000 indígenas"
2020,municipio,26065,Tubutama,11,1473,0.7468,"Menos de 40 % y menos de 5,000 indígenas"
2020,municipio,26066,Ures,31,8548,0.3627,"Menos de 40 % y menos de 5,000 indígenas"
2020,municipio,26067,Villa Hidalgo,7,1429,0.4899,"Menos de 40 % y menos de 5,000 indígenas"
2020,municipio,26068,Villa Pesqueira,0,1043,0.0,Sin población indígena
2020,municipio,26069,Yécora,774,4793,16.1485,"Menos de 40 % y más de 5,000 indígenas (o pueblos con pocos hablantes)"
2020,municipio,26070,General Plutarco Elías Calles,164,13627,1.2035,"Menos de 40 % y más de 5,000 indígenas (o pueblos con pocos hablantes)"
2020,municipio,26071,Benito Juárez,2733,21692,12.5991,"Menos de 40 % y menos de 5,000 indígenas"
2020,municipio,26072,San Ignacio Río Muerto,2135,14279,14.952,"Menos de 40 % y menos de 5,000 indígenas"
2020,municipio,27001,Balancán,1948,58524,3.3285,"Menos de 40 % y menos de 5,000 indígenas"
2020,municipio,27002,Cárdenas,2347,243229,0.9649,"Menos de 40 % y menos de 5,000 indígenas"
2020,municipio,27003,Centla,23073,107731,21.4172,"Menos de 40 % y más de 5,000 indígenas (o pueblos con pocos hablantes)"
2020,municipio,27004,Centro,46073,683607,6.7397,"Menos de 40 % y más de 5,000 indígenas (o pueblos con pocos hablantes)"
2020,municipio,27005,Comalcalco,1349,214877,0.6278,"Menos de 40 % y menos de 5,000 indígenas"
2020,municipio,27006,Cunduacán,1154,137257,0.8408,"Menos de 40 % y menos de 5,000 indígenas"
2020,municipio,27007,Emiliano Zapata,701,32181,2.1783,"Menos de 40 % y menos de 5,000 indígenas"
2020,municipio,27008,Huimanguillo,1399,190885,0.7329,"Menos de 40 % y menos de 5,000 indígenas"
2020,municipio,27009,Jalapa,332,37749,0.8795,"Menos de 40 % y menos de 5,000 indígenas"
2020,municipio,27010,Jalpa de Méndez,1448,91185,1.588,"Menos de 40 % y menos de 5,000 indígenas"
2020,municipio,27011,Jonuta,1769,30798,5.7439,"Menos de 40 % y menos de 5,000 indígenas"
2020,municipio,27012,Macuspana,21734,158601,13.7036,"Menos de 40 % y más de 5,000 indígenas (o pueblos con pocos hablantes)"
2020,municipio,27013,Nacajuca,30660,150300,20.3992,"Menos de 40 % y más de 5,000 indígenas (o pueblos con pocos hablantes)"
2020,municipio,27014,Paraíso,508,96741,0.5251,"Menos de 40 % y menos de 5,000 indígenas"
2020,municipio,27015,Tacotalpa,16877,47905,35.2301,"Menos de 40 % y más de 5,000 indígenas (o pueblos con pocos hablantes)"
2020,municipio,27016,Teapa,811,58718,1.3812,"Menos de 40 % y menos de 5,000 indígenas"
2020,municipio,27017,Tenosique,6202,62310,9.9535,"Menos de 40 % y más de 5,000 indígenas (o pueblos con pocos hablantes)"
2020,municipio,28001,Abasolo,30,9822,0.3054,"Menos de 40 % y menos de 5,000 indígenas"
2020,municipio,28002,Aldama,281,28725,0.9782,"Menos de 40 % y menos de 5,000 indígenas"
2020,municipio,28003,Altamira,9356,269790,3.4679,"Menos de 40 % y más de 5,000 indígenas (o pueblos con pocos hablantes)"
2020,municipio,28004,Antiguo Morelos,46,8850,0.5198,"Menos de 40 % y menos de 5,000 indígenas"
2020,municipio,28005,Burgos,7,4256,0.1645,"Menos de 40 % y menos de 5,000 indígenas"
2020,municipio,28006,Bustamante,10,7542,0.1326,"Menos de 40 % y menos de 5,000 indígenas"
2020,municipio,28007,Camargo,62,16546,0.3747,"Menos de 40 % y menos de 5,000 indígenas"
2020,municipio,28008,Casas,28,4143,0.6758,"Menos de 40 % y menos de 5,000 indígenas"
2020,municipio,28009,Ciudad Madero,3787,205933,1.8389,"Menos de 40 % y menos de 5,000 indígenas"
2020,municipio,28010,Cruillas,9,1671,0.5386,"Menos de 40 % y menos de 5,000 indígenas"
2020,municipio,28011,Gómez Farías,36,8288,0.4344,"Menos de 40 % y menos de 5,000 indígenas"
2020,municipio,28012,González,621,41470,1.4975,"Menos de 40 % y menos de 5,000 indígenas"
2020,municipio,28013,Güémez,72,15032,0.479,"Menos de 40 % y menos de 5,000 indígenas"
2020,municipio,28014,Guerrero,11,3803,0.2892,"Menos de 40 % y menos de 5,000 indígenas"
2020,municipio,28015,Gustavo Díaz Ordaz,87,15677,0.555,"Menos de 40 % y menos de 5,000 indígenas"
2020,municipio,28016,Hidalgo,40,17012,0.2351,"Menos de 40 % y menos de 5,000 indígenas"
2020,municipio,28017,Jaumave,84,15994,0.5252,"Menos de 40 % y menos de 5,000 indígenas"
2020,municipio,28018,Jiménez,14,6375,0.2196,"Menos de 40 % y menos de 5,000 indígenas"
2020,municipio,28019,Llera,106,14645,0.7238,"Menos de 40 % y menos de 5,000 indígenas"
2020,municipio,28020,Mainero,2,2048,0.0977,"Menos de 40 % y menos de 5,000 indígenas"
2020,municipio,28021,El Mante,562,106144,0.5295,"Menos de 40 % y menos de 5,000 indígenas"
2020,municipio,28022,Matamoros,11539,541979,2.129,"Menos de 40 % y más de 5,000 indígenas (o pueblos con pocos hablantes)"
2020,municipio,28023,Méndez,25,4280,0.5841,"Menos de 40 % y menos de 5,000 indígenas"
2020,municipio,28024,Mier,72,6385,1.1276,"Menos de 40 % y menos de 5,000 indígenas"
2020,municipio,28025,Miguel Alemán,209,26237,0.7966,"Menos de 40 % y menos de 5,000 indígenas"
2020,municipio,28026,Miquihuana,0,3704,0.0,Sin población indígena
2020,municipio,28027,Nuevo Laredo,5171,425058,1.2165,"Menos de 40 % y más de 5,000 indígenas (o pueblos con pocos hablantes)"
2020,municipio,28028,Nuevo Morelos,79,3810,2.0735,"Menos de 40 % y menos de 5,000 indígenas"
2020,municipio,28029,Ocampo,92,13190,0.6975,"Menos de 40 % y menos de 5,000 indígenas"
2020,municipio,28030,Padilla,31,13618,0.2276,"Menos de 40 % y menos de 5,000 indígenas"
2020,municipio,28031,Palmillas,6,1917,0.313,"Menos de 40 % y menos de 5,000 indígenas"
2020,municipio,28032,Reynosa,16269,704767,2.3084,"Menos de 40 % y más de 5,000 indígenas (o pueblos con pocos hablantes)"
2020,municipio,28033,Río Bravo,1638,132484,1.2364,"Menos de 40 % y menos de 5,000 indígenas"
2020,municipio,28034,San Carlos,0,7411,0.0,Sin población indígena
2020,municipio,28035,San Fernando,367,51405,0.7139,"Menos de 40 % y menos de 5,000 indígenas"
2020,municipio,28036,San Nicolás,0,926,0.0,Sin población indígena
2020,municipio,28037,Soto la Marina,352,23673,1.4869,"Menos de 40 % y menos de 5,000 indígenas"
2020,municipio,28038,Tampico,6654,297562,2.2362,"Menos de 40 % y más de 5,000 indígenas (o pueblos con pocos hablantes)"
2020,municipio,28039,Tula,114,28230,0.4038,"Menos de 40 % y menos de 5,000 indígenas"
2020,municipio,28040,Valle Hermoso,280,60055,0.4662,"Menos de 40 % y menos de 5,000 indígenas"
2020,municipio,28041,Victoria,1705,349688,0.4876,"Menos de 40 % y menos de 5,000 indígenas"
2020,municipio,28042,Villagrán,21,5361,0.3917,"Menos de 40 % y menos de 5,000 indígenas"
2020,municipio,28043,Xicoténcatl,67,22229,0.3014,"Menos de 40 % y menos de 5,000 indígenas"
2020,municipio,29001,Amaxac de Guerrero,438,11403,3.8411,"Menos de 40 % y menos de 5,000 indígenas"
2020,municipio,29002,Apetatitlán de Antonio Carvajal,443,16003,2.7682,"Menos de 40 % y menos de 5,000 indígenas"
2020,municipio,29003,Atlangatepec,136,7087,1.919,"Menos de 40 % y menos de 5,000 indígenas"
2020,municipio,29004,Atltzayanca,88,18111,0.4859,"Menos de 40 % y menos de 5,000 indígenas"
2020,municipio,29005,Apizaco,1637,80725,2.0279,"Menos de 40 % y menos de 5,000 indígenas"
2020,municipio,29006,Calpulalpan,448,51172,0.8755,"Menos de 40 % y menos de 5,000 indígenas"
2020,municipio,29007,El Carmen Tequexquitla,78,17332,0.45,"Menos de 40 % y menos de 5,000 indígenas"
2020,municipio,29008,Cuapiaxtla,49,16222,0.3021,"Menos de 40 % y menos de 5,000 indígenas"
2020,municipio,29009,Cuaxomulco,80,5928,1.3495,"Menos de 40 % y menos de 5,000 indígenas"
2020,municipio,29010,Chiautempan,4916,73215,6.7145,"Menos de 40 % y menos de 5,000 indígenas"
2020,municipio,29011,Muñoz de Domingo Arenas,12,4755,0.2524,"Menos de 40 % y menos de 5,000 indígenas"
2020,municipio,29012,Españita,102,9416,1.0833,"Menos de 40 % y menos de 5,000 indígenas"
2020,municipio,29013,Huamantla,688,98764,0.6966,"Menos de 40 % y menos de 5,000 indígenas"
2020,municipio,29014,Hueyotlipan,122,15190,0.8032,"Menos de 40 % y menos de 5,000 indígenas"
2020,municipio,29015,Ixtacuixtla de Mariano Matamoros,477,38970,1.224,"Menos de 40 % y menos de 5,000 indígenas"
2020,municipio,29016,Ixtenco,897,7504,11.9536,"Menos de 40 % y menos de 5,000 indígenas"
2020,municipio,29017,Mazatecochco de José María Morelos,2907,11592,25.0776,"Menos de 40 % y menos de 5,000 indígenas"
2020,municipio,29018,Contla de Juan Cuamatzi,11269,38579,29.2102,"Menos de 40 % y más de 5,000 indígenas (o pueblos con pocos hablantes)"
2020,municipio,29019,Tepetitla de Lardizábal,437,22274,1.9619,"Menos de 40 % y menos de 5,000 indígenas"
2020,municipio,29020,Sanctórum de Lázaro Cárdenas,54,9432,0.5725,"Menos de 40 % y menos de 5,000 indígenas"
2020,municipio,29021,Nanacamilpa de Mariano Arista,143,18686,0.7653,"Menos de 40 % y menos de 5,000 indígenas"
2020,municipio,29022,Acuamanala de Miguel Hidalgo,338,6432,5.255,"Menos de 40 % y menos de 5,000 indígenas"
2020,municipio,29023,Natívitas,253,26309,0.9616,"Menos de 40 % y menos de 5,000 indígenas"
2020,municipio,29024,Panotla,629,28357,2.2181,"Menos de 40 % y menos de 5,000 indígenas"
2020,municipio,29025,San Pablo del Monte,20651,82688,24.9746,"Menos de 40 % y más de 5,000 indígenas (o pueblos con pocos hablantes)"
2020,municipio,29026,Santa Cruz Tlaxcala,1746,24116,7.24,"Menos de 40 % y menos de 5,000 indígenas"
2020,municipio,29027,Tenancingo,1522,12974,11.7312,"Menos de 40 % y menos de 5,000 indígenas"
2020,municipio,29028,Teolocholco,3285,25257,13.0063,"Menos de 40 % y menos de 5,000 indígenas"
2020,municipio,29029,Tepeyanco,387,13328,2.9037,"Menos de 40 % y menos de 5,000 indígenas"
2020,municipio,29030,Terrenate,128,15475,0.8271,"Menos de 40 % y menos de 5,000 indígenas"
2020,municipio,29031,Tetla de la Solidaridad,483,35284,1.3689,"Menos de 40 % y menos de 5,000 indígenas"
2020,municipio,29032,Tetlatlahuca,91,13561,0.671,"Menos de 40 % y menos de 5,000 indígenas"
2020,municipio,29033,Tlaxcala,2969,99896,2.9721,"Menos de 40 % y menos de 5,000 indígenas"
2020,municipio,29034,Tlaxco,332,45438,0.7307,"Menos de 40 % y menos de 5,000 indígenas"
2020,municipio,29035,Tocatlán,60,6294,0.9533,"Menos de 40 % y menos de 5,000 indígenas"
2020,municipio,29036,Totolac,870,22529,3.8617,"Menos de 40 % y menos de 5,000 indígenas"
2020,municipio,29037,Ziltlaltépec de Trinidad Sánchez Santos,172,9207,1.8681,"Menos de 40 % y menos de 5,000 indígenas"
2020,municipio,29038,Tzompantepec,293,18006,1.6272,"Menos de 40 % y menos de 5,000 indígenas"
2020,municipio,29039,Xaloztoc,260,25607,1.0153,"Menos de 40 % y menos de 5,000 indígenas"
2020,municipio,29040,Xaltocan,54,10601,0.5094,"Menos de 40 % y menos de 5,000 indígenas"
2020,municipio,29041,Papalotla de Xicohténcatl,1677,33499,5.0061,"Menos de 40 % y menos de 5,000 indígenas"
2020,municipio,29042,Xicohtzinco,258,14197,1.8173,"Menos de 40 % y menos de 5,000 indígenas"
2020,municipio,29043,Yauhquemehcan,576,42242,1.3636,"Menos de 40 % y menos de 5,000 indígenas"
2020,municipio,29044,Zacatelco,709,45717,1.5508,"Menos de 40 % y menos de 5,000 indígenas"
2020,municipio,29045,Benito Juárez,30,6211,0.483,"Menos de 40 % y menos de 5,000 indígenas"
2020,municipio,29046,Emiliano Zapata,12,4951,0.2424,"Menos de 40 % y menos de 5,000 indígenas"
2020,municipio,29047,Lázaro Cárdenas,11,3534,0.3113,"Menos de 40 % y menos de 5,000 indígenas"
2020,municipio,29048,La Magdalena Tlaltelulco,98,19036,0.5148,"Menos de 40 % y menos de 5,000 indígenas"
2020,municipio,29049,San Damián Texóloc,52,5884,0.8838,"Menos de 40 % y menos de 5,000 indígenas"
2020,municipio,29050,San Francisco Tetlanohcan,4014,11761,34.1298,"Menos de 40 % y menos de 5,000 indígenas"
2020,municipio,29051,San Jerónimo Zacualpan,29,4092,0.7087,"Menos de 40 % y menos de 5,000 indígenas"
2020,municipio,29052,San José Teacalco,69,6436,1.0721,"Menos de 40 % y menos de 5,000 indígenas"
2020,municipio,29053,San Juan Huactzinco,277,7688,3.603,"Menos de 40 % y menos de 5,000 indígenas"
2020,municipio,29054,San Lorenzo Axocomanitla,54,5689,0.9492,"Menos de 40 % y menos de 5,000 indígenas"
2020,municipio,29055,San Lucas Tecopilco,28,3077,0.91,"Menos de 40 % y menos de 5,000 indígenas"
2020,municipio,29056,Santa Ana Nopalucan,99,7952,1.245,"Menos de 40 % y menos de 5,000 indígenas"
2020,municipio,29057,Santa Apolonia Teacalco,28,4636,0.604,"Menos de 40 % y menos de 5,000 indígenas"
2020,municipio,29058,Santa Catarina Ayometla,376,9463,3.9734,"Menos de 40 % y menos de 5,000 indígenas"
2020,municipio,29059,Santa Cruz Quilehtla,623,7750,8.0387,"Menos de 40 % y menos de 5,000 indígenas"
2020,municipio,29060,Santa Isabel Xiloxoxtla,171,5443,3.1416,"Menos de 40 % y menos de 5,000 indígenas"
2020,municipio,30001,Acajete,33,9701,0.3402,"Menos de 40 % y menos de 5,000 indígenas"
2020,municipio,30002,Acatlán,46,3441,1.3368,"Menos de 40 % y menos de 5,000 indígenas"
2020,municipio,30003,Acayucan,6705,80815,8.2967,"Menos de 40 % y más de 5,000 indígenas (o pueblos con pocos hablantes)"
2020,municipio,30004,Actopan,144,41742,0.345,"Menos de 40 % y menos de 5,000 indígenas"
2020,municipio,30005,Acula,21,5253,0.3998,"Menos de 40 % y menos de 5,000 indígenas"
2020,municipio,30006,Acultzingo,6276,23100,27.1688,"Menos de 40 % y más de 5,000 indígenas (o pueblos con pocos hablantes)"
2020,municipio,30007,Camarón de Tejeda,4,6538,0.0612,"Menos de 40 % y menos de 5,000 indígenas"
2020,municipio,30008,Alpatláhuac,115,10338,1.1124,"Menos de 40 % y menos de 5,000 indígenas"
2020,municipio,30009,Alto Lucero de Gutiérrez Barrios,131,28184,0.4648,"Menos de 40 % y menos de 5,000 indígenas"
2020,municipio,30010,Altotonga,1955,64234,3.0436,"Menos de 40 % y menos de 5,000 indígenas"
2020,municipio,30011,Alvarado,397,57035,0.6961,"Menos de 40 % y menos de 5,000 indígenas"
2020,municipio,30012,Amatitlán,19,7866,0.2415,"Menos de 40 % y menos de 5,000 indígenas"
2020,municipio,30013,Naranjos Amatlán,1546,26843,5.7594,"Menos de 40 % y menos de 5,000 indígenas"
2020,municipio,30014,Amatlán de los Reyes,1436,46955,3.0582,"Menos de 40 % y menos de 5,000 indígenas"
2020,municipio,30015,Angel R. Cabada,309,33839,0.9131,"Menos de 40 % y menos de 5,000 indígenas"
2020,municipio,30016,La Antigua,254,28682,0.8856,"Menos de 40 % y menos de 5,000 indígenas"
2020,municipio,30017,Apazapan,9,4709,0.1911,"Menos de 40 % y menos de 5,000 indígenas"
2020,municipio,30018,Aquila,84,1978,4.2467,"Menos de 40 % y menos de 5,000 indígenas"
2020,municipio,30019,Astacinga,6856,6909,99.2329,40 % y más de población indígena
2020,municipio,30020,Atlahuilco,11417,11577,98.6179,40 % y más de población indígena
2020,municipio,30021,Atoyac,222,23461,0.9463,"Menos de 40 % y menos de 5,000 indígenas"
2020,municipio,30022,Atzacan,307,22651,1.3553,"Menos de 40 % y menos de 5,000 indígenas"
2020,municipio,30023,Atzalan,386,49180,0.7849,"Menos de 40 % y menos de 5,000 indígenas"
2020,municipio,30024,Tlaltetela,146,16485,0.8857,"Menos de 40 % y menos de 5,000 indígenas"
2020,municipio,30025,Ayahualulco,195,27217,0.7165,"Menos de 40 % y menos de 5,000 indígenas"
2020,municipio,30026,Banderilla,269,25993,1.0349,"Menos de 40 % y menos de 5,000 indígenas"
2020,municipio,30027,Benito Juárez,15299,16120,94.9069,40 % y más de población indígena
2020,municipio,30028,Boca del Río,2010,144550,1.3905,"Menos de 40 % y menos de 5,000 indígenas"
2020,municipio,30029,Calcahualco,445,13701,3.2479,"Menos de 40 % y menos de 5,000 indígenas"
2020,municipio,30030,Camerino Z. Mendoza,10206,41835,24.3958,"Menos de 40 % y más de 5,000 indígenas (o pueblos con pocos hablantes)"
2020,municipio,30031,Carrillo Puerto,90,18888,0.4765,"Menos de 40 % y menos de 5,000 indígenas"
2020,municipio,30032,Catemaco,660,49451,1.3347,"Menos de 40 % y menos de 5,000 indígenas"
2020,municipio,30033,Cazones de Herrera,6068,24421,24.8475,"Menos de 40 % y más de 5,000 indígenas (o pueblos con pocos hablantes)"
2020,municipio,30034,Cerro Azul,894,25011,3.5744,"Menos de 40 % y menos de 5,000 indígenas"
2020,municipio,30035,Citlaltépetl,3260,11165,29.1984,"Menos de 40 % y menos de 5,000 indígenas"
2020,municipio,30036,Coacoatzintla,68,11018,0.6172,"Menos de 40 % y menos de 5,000 indígenas"
2020,municipio,30037,Coahuitlán,5334,8176,65.2397,40 % y más de población indígena
2020,municipio,30038,Coatepec,651,93911,0.6932,"Menos de 40 % y menos de 5,000 indígenas"
2020,municipio,30039,Coatzacoalcos,15335,310698,4.9357,"Menos de 40 % y más de 5,000 indígenas (o pueblos con pocos hablantes)"
2020,municipio,30040,Coatzintla,7284,55016,13.2398,"Menos de 40 % y más de 5,000 indígenas (o pueblos con pocos hablantes)"
2020,municipio,30041,Coetzala,1051,2355,44.6285,40 % y más de población indígena
2020,municipio,30042,Colipa,19,5743,0.3308,"Menos de 40 % y menos de 5,000 indígenas"
2020,municipio,30043,Comapa,53,19876,0.2667,"Menos de 40 % y menos de 5,000 indígenas"
2020,municipio,30044,Córdoba,7743,204721,3.7822,"Menos de 40 % y más de 5,000 indígenas (o pueblos con pocos hablantes)"
2020,municipio,30045,Cosamaloapan de Carpio,3616,54737,6.6061,"Menos de 40 % y menos de 5,000 indígenas"
2020,municipio,30046,Cosautlán de Carvajal,32,16167,0.1979,"Menos de 40 % y menos de 5,000 indígenas"
2020,municipio,30047,Coscomatepec,376,59471,0.6322,"Menos de 40 % y menos de 5,000 indígenas"
2020,municipio,30048,Cosoleacaque,12611,130903,9.6339,"Menos de 40 % y más de 5,000 indígenas (o pueblos con pocos hablantes)"
2020,municipio,30049,Cotaxtla,174,22050,0.7891,"Menos de 40 % y menos de 5,000 indígenas"
2020,municipio,30050,Coxquihui,14197,16333,86.9222,40 % y más de población indígena
2020,municipio,30051,Coyutla,18220,23096,78.8881,40 % y más de población indígena
2020,municipio,30052,Cuichapa,549,11869,4.6255,"Menos de 40 % y menos de 5,000 indígenas"
2020,municipio,30053,Cuitláhuac,471,28075,1.6776,"Menos de 40 % y menos de 5,000 indígenas"
2020,municipio,30054,Chacaltianguis,53,11461,0.4624,"Menos de 40 % y menos de 5,000 indígenas"
2020,municipio,30055,Chalma,7254,13527,53.6261,40 % y más de población indígena
2020,municipio,30056,Chiconamel,5250,6610,79.4251,40 % y más de población indígena
2020,municipio,30057,Chiconquiaco,81,13881,0.5835,"Menos de 40 % y menos de 5,000 indígenas"
2020,municipio,30058,Chicontepec,45558,53858,84.5891,40 % y más de población indígena
2020,municipio,30059,Chinameca,1403,22638,6.1975,"Menos de 40 % y menos de 5,000 indígenas"
2020,municipio,30060,Chinampa de Gorostiza,1931,16283,11.859,"Menos de 40 % y menos de 5,000 indígenas"
2020,municipio,30061,Las Choapas,6653,81080,8.2055,"Menos de 40 % y más de 5,000 indígenas (o pueblos con pocos hablantes)"
2020,municipio,30062,Chocamán,255,20839,1.2237,"Menos de 40 % y menos de 5,000 indígenas"
2020,municipio,30063,Chontla,5488,13359,41.0809,40 % y más de población indígena
2020,municipio,30064,Chumatlán,3972,4008,99.1018,40 % y más de población indígena
2020,municipio,30065,Emiliano Zapata,1004,85489,1.1744,"Menos de 40 % y menos de 5,000 indígenas"
2020,municipio,30066,Espinal,14527,26830,54.1446,40 % y más de población indígena
2020,municipio,30067,Filomeno Mata,19085,19179,99.5099,40 % y más de población indígena
2020,municipio,30068,Fortín,1542,66372,2.3233,"Menos de 40 % y menos de 5,000 indígenas"
2020,municipio,30069,Gutiérrez Zamora,1448,24085,6.012,"Menos de 40 % y menos de 5,000 indígenas"
2020,municipio,30070,Hidalgotitlán,993,18275,5.4337,"Menos de 40 % y menos de 5,000 indígenas"
2020,municipio,30071,Huatusco,511,59920,0.8528,"Menos de 40 % y menos de 5,000 indígenas"
2020,municipio,30072,Huayacocotla,1785,21796,8.1896,"Menos de 40 % y menos de 5,000 indígenas"
2020,municipio,30073,Hueyapan de Ocampo,13061,41670,31.3439,"Menos de 40 % y más de 5,000 indígenas (o pueblos con pocos hablantes)"
2020,municipio,30074,Huiloapan de Cuauhtémoc,514,7293,7.0479,"Menos de 40 % y menos de 5,000 indígenas"
2020,municipio,30075,Ignacio de la Llave,145,16525,0.8775,"Menos de 40 % y menos de 5,000 indígenas"
2020,municipio,30076,Ilamatlán,12655,13377,94.6027,40 % y más de población indígena
2020,municipio,30077,Isla,2120,42807,4.9525,"Menos de 40 % y menos de 5,000 indígenas"
2020,municipio,30078,Ixcatepec,9191,12379,74.2467,40 % y más de población indígena
2020,municipio,30079,Ixhuacán de los Reyes,129,11387,1.1329,"Menos de 40 % y menos de 5,000 indígenas"
2020,municipio,30080,Ixhuatlán del Café,254,23132,1.098,"Menos de 40 % y menos de 5,000 indígenas"
2020,municipio,30081,Ixhuatlancillo,8479,27295,31.0643,"Menos de 40 % y más de 5,000 indígenas (o pueblos con pocos hablantes)"
2020,municipio,30082,Ixhuatlán del Sureste,667,15831,4.2133,"Menos de 40 % y menos de 5,000 indígenas"
2020,municipio,30083,Ixhuatlán de Madero,43650,50836,85.8643,40 % y más de población indígena
2020,municipio,30084,Ixmatlahuacan,32,5574,0.5741,"Menos de 40 % y menos de 5,000 indígenas"
2020,municipio,30085,Ixtaczoquitlán,9576,74004,12.9398,"Menos de 40 % y más de 5,000 indígenas (o pueblos con pocos hablantes)"
2020,municipio,30086,Jalacingo,332,46794,0.7095,"Menos de 40 % y menos de 5,000 indígenas"
2020,municipio,30087,Xalapa,6871,488531,1.4065,"Menos de 40 % y más de 5,000 indígenas (o pueblos con pocos hablantes)"
2020,municipio,30088,Jalcomulco,56,5054,1.108,"Menos de 40 % y menos de 5,000 indígenas"
2020,municipio,30089,Jáltipan,1466,38669,3.7912,"Menos de 40 % y menos de 5,000 indígenas"
2020,municipio,30090,Jamapa,40,11132,0.3593,"Menos de 40 % y menos de 5,000 indígenas"
2020,municipio,30091,Jesús Carranza,2995,28524,10.4999,"Menos de 40 % y menos de 5,000 indígenas"
2020,municipio,30092,Xico,337,39623,0.8505,"Menos de 40 % y menos de 5,000 indígenas"
2020,municipio,30093,Jilotepec,112,16585,0.6753,"Menos de 40 % y menos de 5,000 indígenas"
2020,municipio,30094,Juan Rodríguez Clara,2104,38367,5.4839,"Menos de 40 % y menos de 5,000 indígenas"
2020,municipio,30095,Juchique de Ferrer,38,15059,0.2523,"Menos de 40 % y menos de 5,000 indígenas"
2020,municipio,30096,Landero y Coss,54,1543,3.4997,"Menos de 40 % y menos de 5,000 indígenas"
2020,municipio,30097,Lerdo de Tejada,74,19123,0.387,"Menos de 40 % y menos de 5,000 indígenas"
2020,municipio,30098,Magdalena,3249,3299,98.4844,40 % y más de población indígena
2020,municipio,30099,Maltrata,106,18327,0.5784,"Menos de 40 % y menos de 5,000 indígenas"
2020,municipio,30100,Manlio Fabio Altamirano,84,23918,0.3512,"Menos de 40 % y menos de 5,000 indígenas"
2020,municipio,30101,Mariano Escobedo,602,38670,1.5568,"Menos de 40 % y menos de 5,000 indígenas"
2020,municipio,30102,Martínez de la Torre,2382,108842,2.1885,"Menos de 40 % y menos de 5,000 indígenas"
2020,municipio,30103,Mecatlán,12684,12799,99.1015,40 % y más de población indígena
2020,municipio,30104,Mecayapan,14511,17134,84.6913,40 % y más de población indígena
2020,municipio,30105,Medellín de Bravo,1007,95202,1.0578,"Menos de 40 % y menos de 5,000 indígenas"
2020,municipio,30106,Miahuatlán,10,4841,0.2066,"Menos de 40 % y menos de 5,000 indígenas"
2020,municipio,30107,Las Minas,24,2934,0.818,"Menos de 40 % y menos de 5,000 indígenas"
2020,municipio,30108,Minatitlán,10010,144776,6.9141,"Menos de 40 % y más de 5,000 indígenas (o pueblos con pocos hablantes)"
2020,municipio,30109,Misantla,544,65761,0.8272,"Menos de 40 % y menos de 5,000 indígenas"
2020,municipio,30110,Mixtla de Altamirano,12075,12125,99.5876,40 % y más de población indígena
2020,municipio,30111,Moloacán,432,16493,2.6193,"Menos de 40 % y menos de 5,000 indígenas"
2020,municipio,30112,Naolinco,167,22835,0.7313,"Menos de 40 % y menos de 5,000 indígenas"
2020,municipio,30113,Naranjal,959,4614,20.7846,"Menos de 40 % y menos de 5,000 indígenas"
2020,municipio,30114,Nautla,102,10130,1.0069,"Menos de 40 % y menos de 5,000 indígenas"
2020,municipio,30115,Nogales,3434,37314,9.203,"Menos de 40 % y menos de 5,000 indígenas"
2020,municipio,30116,Oluta,336,17027,1.9733,"Menos de 40 % y menos de 5,000 indígenas"
2020,municipio,30117,Omealca,1817,23773,7.6431,"Menos de 40 % y menos de 5,000 indígenas"
2020,municipio,30118,Orizaba,4667,123182,3.7887,"Menos de 40 % y menos de 5,000 indígenas"
2020,municipio,30119,Otatitlán,291,5651,5.1495,"Menos de 40 % y menos de 5,000 indígenas"
2020,municipio,30120,Oteapan,1523,10343,14.7249,"Menos de 40 % y menos de 5,000 indígenas"
2020,municipio,30121,Ozuluama de Mascareñas,614,22756,2.6982,"Menos de 40 % y menos de 5,000 indígenas"
2020,municipio,30122,Pajapan,14918,18051,82.6436,40 % y más de población indígena
2020,municipio,30123,Pánuco,3017,96185,3.1367,"Menos de 40 % y menos de 5,000 indígenas"
2020,municipio,30124,Papantla,58478,159910,36.5693,"Menos de 40 % y más de 5,000 indígenas (o pueblos con pocos hablantes)"
2020,municipio,30125,Paso del Macho,197,31894,0.6177,"Menos de 40 % y menos de 5,000 indígenas"
2020,municipio,30126,Paso de Ovejas,192,33442,0.5741,"Menos de 40 % y menos de 5,000 indígenas"
2020,municipio,30127,La Perla,288,28258,1.0192,"Menos de 40 % y menos de 5,000 indígenas"
2020,municipio,30128,Perote,521,77432,0.6728,"Menos de 40 % y menos de 5,000 indígenas"
2020,municipio,30129,Platón Sánchez,7314,18053,40.514,40 % y más de población indígena
2020,municipio,30130,Playa Vicente,16321,39327,41.5008,40 % y más de población indígena
2020,municipio,30131,Poza Rica de Hidalgo,9406,189457,4.9647,"Menos de 40 % y más de 5,000 indígenas (o pueblos con pocos hablantes)"
2020,municipio,30132,Las Vigas de Ramírez,74,20300,0.3645,"Menos de 40 % y menos de 5,000 indígenas"
2020,municipio,30133,Pueblo Viejo,2571,57909,4.4397,"Menos de 40 % y menos de 5,000 indígenas"
2020,municipio,30134,Puente Nacional,178,23544,0.756,"Menos de 40 % y menos de 5,000 indígenas"
2020,municipio,30135,Rafael Delgado,16300,24127,67.5592,40 % y más de población indígena
2020,municipio,30136,Rafael Lucio,50,8343,0.5993,"Menos de 40 % y menos de 5,000 indígenas"
2020,municipio,30137,Los Reyes,6236,6308,98.8586,40 % y más de población indígena
2020,municipio,30138,Río Blanco,1443,41795,3.4526,"Menos de 40 % y menos de 5,000 indígenas"
2020,municipio,30139,Saltabarranca,12,6126,0.1959,"Menos de 40 % y menos de 5,000 indígenas"
2020,municipio,30140,San Andrés Tenejapan,3075,3134,98.1174,40 % y más de población indígena
2020,municipio,30141,San Andrés Tuxtla,1600,162428,0.9851,"Menos de 40 % y menos de 5,000 indígenas"
2020,municipio,30142,San Juan Evangelista,603,32631,1.8479,"Menos de 40 % y menos de 5,000 indígenas"
2020,municipio,30143,Santiago Tuxtla,359,57085,0.6289,"Menos de 40 % y menos de 5,000 indígenas"
2020,municipio,30144,Sayula de Alemán,11264,32400,34.7654,"Menos de 40 % y más de 5,000 indígenas (o pueblos con pocos hablantes)"
2020,municipio,30145,Soconusco,575,16574,3.4693,"Menos de 40 % y menos de 5,000 indígenas"
2020,municipio,30146,Sochiapa,42,3925,1.0701,"Menos de 40 % y menos de 5,000 indígenas"
2020,municipio,30147,Soledad Atzompa,24117,24578,98.1243,40 % y más de población indígena
2020,municipio,30148,Soledad de Doblado,100,28130,0.3555,"Menos de 40 % y menos de 5,000 indígenas"
2020,municipio,30149,Soteapan,31066,34385,90.3475,40 % y más de población indígena
2020,municipio,30150,Tamalín,1911,11631,16.4302,"Menos de 40 % y menos de 5,000 indígenas"
2020,municipio,30151,Tamiahua,641,21902,2.9267,"Menos de 40 % y menos de 5,000 indígenas"
2020,municipio,30152,Tampico Alto,226,11561,1.9548,"Menos de 40 % y menos de 5,000 indígenas"
2020,municipio,30153,Tancoco,944,5795,16.2899,"Menos de 40 % y menos de 5,000 indígenas"
2020,municipio,30154,Tantima,1435,11991,11.9673,"Menos de 40 % y menos de 5,000 indígenas"
2020,municipio,30155,Tantoyuca,59027,99959,59.0512,40 % y más de población indígena
2020,municipio,30156,Tatatila,20,6041,0.3311,"Menos de 40 % y menos de 5,000 indígenas"
2020,municipio,30157,Castillo de Teayo,3984,20145,19.7766,"Menos de 40 % y menos de 5,000 indígenas"
2020,municipio,30158,Tecolutla,2091,24551,8.517,"Menos de 40 % y menos de 5,000 indígenas"
2020,municipio,30159,Tehuipango,29622,29686,99.7844,40 % y más de población indígena
2020,municipio,30160,Álamo Temapache,14202,107270,13.2395,"Menos de 40 % y más de 5,000 indígenas (o pueblos con pocos hablantes)"
2020,municipio,30161,Tempoal,4928,34408,14.3223,"Menos de 40 % y menos de 5,000 indígenas"
2020,municipio,30162,Tenampa,83,6448,1.2872,"Menos de 40 % y menos de 5,000 indígenas"
2020,municipio,30163,Tenochtitlán,35,5040,0.6944,"Menos de 40 % y menos de 5,000 indígenas"
2020,municipio,30164,Teocelo,98,16957,0.5779,"Menos de 40 % y menos de 5,000 indígenas"
2020,municipio,30165,Tepatlaxco,39,8925,0.437,"Menos de 40 % y menos de 5,000 indígenas"
2020,municipio,30166,Tepetlán,20,9405,0.2127,"Menos de 40 % y menos de 5,000 indígenas"
2020,municipio,30167,Tepetzintla,3096,14619,21.1779,"Menos de 40 % y menos de 5,000 indígenas"
2020,municipio,30168,Tequila,15760,16343,96.4327,40 % y más de población indígena
2020,municipio,30169,José Azueta,802,22709,3.5316,"Menos de 40 % y menos de 5,000 indígenas"
2020,municipio,30170,Texcatepec,9270,10824,85.643,40 % y más de población indígena
2020,municipio,30171,Texhuacán,5252,5575,94.2063,40 % y más de población indígena
2020,municipio,30172,Texistepec,1210,19925,6.0728,"Menos de 40 % y menos de 5,000 indígenas"
2020,municipio,30173,Tezonapa,18014,54537,33.0308,"Menos de 40 % y más de 5,000 indígenas (o pueblos con pocos hablantes)"
2020,municipio,30174,Tierra Blanca,3653,95602,3.821,"Menos de 40 % y menos de 5,000 indígenas"
2020,municipio,30175,Tihuatlán,6067,92726,6.5429,"Menos de 40 % y más de 5,000 indígenas (o pueblos con pocos hablantes)"
2020,municipio,30176,Tlacojalpan,138,4489,3.0742,"Menos de 40 % y menos de 5,000 indígenas"
2020,municipio,30177,Tlacolulan,23,11685,0.1968,"Menos de 40 % y menos de 5,000 indígenas"
2020,municipio,30178,Tlacotalpan,58,12898,0.4497,"Menos de 40 % y menos de 5,000 indígenas"
2020,municipio,30179,Tlacotepec de Mejía,46,4284,1.0738,"Menos de 40 % y menos de 5,000 indígenas"
2020,municipio,30180,Tlachichilco,6504,10900,59.6697,40 % y más de población indígena
2020,municipio,30181,Tlalixcoyan,293,37795,0.7752,"Menos de 40 % y menos de 5,000 indígenas"
2020,municipio,30182,Tlalnelhuayocan,112,19664,0.5696,"Menos de 40 % y menos de 5,000 indígenas"
2020,municipio,30183,Tlapacoyan,1545,61377,2.5172,"Menos de 40 % y menos de 5,000 indígenas"
2020,municipio,30184,Tlaquilpa,7872,7933,99.2311,40 % y más de población indígena
2020,municipio,30185,Tlilapan,3409,5548,61.4456,40 % y más de población indígena
2020,municipio,30186,Tomatlán,58,7197,0.8059,"Menos de 40 % y menos de 5,000 indígenas"
2020,municipio,30187,Tonayán,28,6105,0.4586,"Menos de 40 % y menos de 5,000 indígenas"
2020,municipio,30188,Totutla,53,17217,0.3078,"Menos de 40 % y menos de 5,000 indígenas"
2020,municipio,30189,Tuxpan,5422,154600,3.5071,"Menos de 40 % y más de 5,000 indígenas (o pueblos con pocos hablantes)"
2020,municipio,30190,Tuxtilla,4,2258,0.1771,"Menos de 40 % y menos de 5,000 indígenas"
2020,municipio,30191,Ursulo Galván,134,30097,0.4452,"Menos de 40 % y menos de 5,000 indígenas"
2020,municipio,30192,Vega de Alatorre,154,20204,0.7622,"Menos de 40 % y menos de 5,000 indígenas"
2020,municipio,30193,Veracruz,10070,607209,1.6584,"Menos de 40 % y más de 5,000 indígenas (o pueblos con pocos hablantes)"
2020,municipio,30194,Villa Aldama,52,12492,0.4163,"Menos de 40 % y menos de 5,000 indígenas"
2020,municipio,30195,Xoxocotla,3272,5900,55.4576,40 % y más de población indígena
2020,municipio,30196,Yanga,236,17902,1.3183,"Menos de 40 % y menos de 5,000 indígenas"
2020,municipio,30197,Yecuatla,475,11205,4.2392,"Menos de 40 % y menos de 5,000 indígenas"
2020,municipio,30198,Zacualpan,309,6788,4.5522,"Menos de 40 % y menos de 5,000 indígenas"
2020,municipio,30199,Zaragoza,8198,11899,68.8965,40 % y más de población indígena
2020,municipio,30200,Zentla,43,12581,0.3418,"Menos de 40 % y menos de 5,000 indígenas"
2020,municipio,30201,Zongolica,39959,45028,88.7426,40 % y más de población indígena
2020,municipio,30202,Zontecomatlán de López y Fuentes,12952,14644,88.4458,40 % y más de población indígena
2020,municipio,30203,Zozocolco de Hidalgo,13470,14524,92.743,40 % y más de población indígena
2020,municipio,30204,Agua Dulce,988,44104,2.2402,"Menos de 40 % y menos de 5,000 indígenas"
2020,municipio,30205,El Higo,485,19402,2.4997,"Menos de 40 % y menos de 5,000 indígenas"
2020,municipio,30206,Nanchital de Lázaro Cárdenas del Río,1813,29209,6.207,"Menos de 40 % y menos de 5,000 indígenas"
2020,municipio,30207,Tres Valles,6255,44978,13.9068,"Menos de 40 % y más de 5,000 indígenas (o pueblos con pocos hablantes)"
2020,municipio,30208,Carlos A. Carrillo,146,23376,0.6246,"Menos de 40 % y menos de 5,000 indígenas"
2020,municipio,30209,Tatahuicapan de Juárez,11836,15044,78.6759,40 % y más de población indígena
2020,municipio,30210,Uxpanapa,17372,30891,56.2364,40 % y más de población indígena
2020,municipio,30211,San Rafael,637,30351,2.0988,"Menos de 40 % y menos de 5,000 indígenas"
2020,municipio,30212,Santiago Sochiapan,9352,13062,71.597,40 % y más de población indígena
2020,municipio,31001,Abalá,5206,6550,79.4809,40 % y más de población indígena
2020,municipio,31002,Acanceh,10512,16772,62.6759,40 % y más de población indígena
2020,municipio,31003,Akil,10901,12285,88.7342,40 % y más de población indígena
2020,municipio,31004,Baca,1994,6195,32.1872,"Menos de 40 % y menos de 5,000 indígenas"
2020,municipio,31005,Bokobá,1453,2167,67.0512,40 % y más de población indígena
2020,municipio,31006,Buctzotz,3904,9159,42.6247,40 % y más de población indígena
2020,municipio,31007,Cacalchén,3401,7490,45.4072,40 % y más de población indígena
2020,municipio,31008,Calotmul,3173,3949,80.3495,40 % y más de población indígena
2020,municipio,31009,Cansahcab,1751,4466,39.2073,"Menos de 40 % y menos de 5,000 indígenas"
2020,municipio,31010,Cantamayec,2713,2755,98.4755,40 % y más de población indígena
2020,municipio,31011,Celestún,998,8389,11.8965,"Menos de 40 % y menos de 5,000 indígenas"
2020,municipio,31012,Cenotillo,2287,3736,61.2152,40 % y más de población indígena
2020,municipio,31013,Conkal,3336,16671,20.0108,"Menos de 40 % y menos de 5,000 indígenas"
2020,municipio,31014,Cuncunul,1680,1714,98.0163,40 % y más de población indígena
2020,municipio,31015,Cuzamá,4830,5560,86.8705,40 % y más de población indígena
2020,municipio,31016,Chacsinkín,3083,3104,99.3235,40 % y más de población indígena
2020,municipio,31017,Chankom,4645,4686,99.1251,40 % y más de población indígena
2020,municipio,31018,Chapab,3059,3385,90.3693,40 % y más de población indígena
2020,municipio,31019,Chemax,38552,38934,99.0189,40 % y más de población indígena
2020,municipio,31020,Chicxulub Pueblo,805,4497,17.9008,"Menos de 40 % y menos de 5,000 indígenas"
2020,municipio,31021,Chichimilá,9276,9406,98.6179,40 % y más de población indígena
2020,municipio,31022,Chikindzonot,4358,4363,99.8854,40 % y más de población indígena
2020,municipio,31023,Chocholá,2483,4863,51.059,40 % y más de población indígena
2020,municipio,31024,Chumayel,3190,3244,98.3354,40 % y más de población indígena
2020,municipio,31025,Dzán,5772,6003,96.1519,40 % y más de población indígena
2020,municipio,31026,Dzemul,1602,3622,44.2297,40 % y más de población indígena
2020,municipio,31027,Dzidzantún,1139,8345,13.6489,"Menos de 40 % y menos de 5,000 indígenas"
2020,municipio,31028,Dzilam de Bravo,249,2936,8.4809,"Menos de 40 % y menos de 5,000 indígenas"
2020,municipio,31029,Dzilam González,1493,6240,23.9263,"Menos de 40 % y menos de 5,000 indígenas"
2020,municipio,31030,Dzitás,3377,4015,84.1096,40 % y más de población indígena
2020,municipio,31031,Dzoncauich,2378,2818,84.3861,40 % y más de población indígena
2020,municipio,31032,Espita,14540,16779,86.6559,40 % y más de población indígena
2020,municipio,31033,Halachó,17974,21255,84.5636,40 % y más de población indígena
2020,municipio,31034,Hocabá,5462,6514,83.8502,40 % y más de población indígena
2020,municipio,31035,Hoctún,4018,6384,62.9386,40 % y más de población indígena
2020,municipio,31036,Homún,6548,8090,80.9394,40 % y más de población indígena
2020,municipio,31037,Huhí,3537,5250,67.3714,40 % y más de población indígena
2020,municipio,31038,Hunucmá,13865,35137,39.4598,"Menos de 40 % y más de 5,000 indígenas (o pueblos con pocos hablantes)"
2020,municipio,31039,Ixil,1047,4186,25.0119,"Menos de 40 % y menos de 5,000 indígenas"
2020,municipio,31040,Izamal,16723,28555,58.5642,40 % y más de población indígena
2020,municipio,31041,Kanasín,42649,141939,30.0474,"Menos de 40 % y más de 5,000 indígenas (o pueblos con pocos hablantes)"
2020,municipio,31042,Kantunil,4091,5553,73.6719,40 % y más de población indígena
2020,municipio,31043,Kaua,3331,3405,97.8267,40 % y más de población indígena
2020,municipio,31044,Kinchil,4355,7530,57.8353,40 % y más de población indígena
2020,municipio,31045,Kopomá,1874,2677,70.0037,40 % y más de población indígena
2020,municipio,31046,Mama,3112,3296,94.4175,40 % y más de población indígena
2020,municipio,31047,Maní,5809,5968,97.3358,40 % y más de población indígena
2020,municipio,31048,Maxcanú,16583,23991,69.1218,40 % y más de población indígena
2020,municipio,31049,Mayapán,3923,3965,98.9407,40 % y más de población indígena
2020,municipio,31050,Mérida,181480,995129,18.2368,"Menos de 40 % y más de 5,000 indígenas (o pueblos con pocos hablantes)"
2020,municipio,31051,Mocochá,826,3430,24.0816,"Menos de 40 % y menos de 5,000 indígenas"
2020,municipio,31052,Motul,17780,37804,47.0321,40 % y más de población indígena
2020,municipio,31053,Muna,10141,13494,75.1519,40 % y más de población indígena
2020,municipio,31054,Muxupip,2008,2990,67.1572,40 % y más de población indígena
2020,municipio,31055,Opichén,6852,7080,96.7797,40 % y más de población indígena
2020,municipio,31056,Oxkutzcab,29527,33854,87.2186,40 % y más de población indígena
2020,municipio,31057,Panabá,3774,7766,48.5964,40 % y más de población indígena
2020,municipio,31058,Peto,22108,25954,85.1815,40 % y más de población indígena
2020,municipio,31059,Progreso,7463,66008,11.3062,"Menos de 40 % y más de 5,000 indígenas (o pueblos con pocos hablantes)"
2020,municipio,31060,Quintana Roo,609,976,62.3975,40 % y más de población indígena
2020,municipio,31061,Río Lagartos,1049,3974,26.3966,"Menos de 40 % y menos de 5,000 indígenas"
2020,municipio,31062,Sacalum,4330,4962,87.2632,40 % y más de población indígena
2020,municipio,31063,Samahil,4029,5631,71.5503,40 % y más de población indígena
2020,municipio,31064,Sanahcat,1378,1701,81.0112,40 % y más de población indígena
2020,municipio,31065,San Felipe,352,2118,16.6195,"Menos de 40 % y menos de 5,000 indígenas"
2020,municipio,31066,Santa Elena,4146,4220,98.2464,40 % y más de población indígena
2020,municipio,31067,Seyé,4433,10053,44.0963,40 % y más de población indígena
2020,municipio,31068,Sinanché,1246,3206,38.8646,"Menos de 40 % y menos de 5,000 indígenas"
2020,municipio,31069,Sotuta,7224,8967,80.5621,40 % y más de población indígena
2020,municipio,31070,Sucilá,3044,3971,76.6558,40 % y más de población indígena
2020,municipio,31071,Sudzal,1675,1949,85.9415,40 % y más de población indígena
2020,municipio,31072,Suma,1040,1857,56.0043,40 % y más de población indígena
2020,municipio,31073,Tahdziú,5823,5854,99.4704,40 % y más de población indígena
2020,municipio,31074,Tahmek,3234,3774,85.6916,40 % y más de población indígena
2020,municipio,31075,Teabo,6743,6921,97.4281,40 % y más de población indígena
2020,municipio,31076,Tecoh,13676,17939,76.2361,40 % y más de población indígena
2020,municipio,31077,Tekal de Venegas,2141,2683,79.7987,40 % y más de población indígena
2020,municipio,31078,Tekantó,2265,3747,60.4484,40 % y más de población indígena
2020,municipio,31079,Tekax,37141,45062,82.422,40 % y más de población indígena
2020,municipio,31080,Tekit,9130,11020,82.8494,40 % y más de población indígena
2020,municipio,31081,Tekom,3314,3355,98.7779,40 % y más de población indígena
2020,municipio,31082,Telchac Pueblo,852,3512,24.2597,"Menos de 40 % y menos de 5,000 indígenas"
2020,municipio,31083,Telchac Puerto,484,1915,25.2742,"Menos de 40 % y menos de 5,000 indígenas"
2020,municipio,31084,Temax,3403,7037,48.3587,40 % y más de población indígena
2020,municipio,31085,Temozón,16108,16680,96.5707,40 % y más de población indígena
2020,municipio,31086,Tepakán,1858,2133,87.1074,40 % y más de población indígena
2020,municipio,31087,Tetiz,3489,5464,63.8543,40 % y más de población indígena
2020,municipio,31088,Teya,1640,1917,85.5503,40 % y más de población indígena
2020,municipio,31089,Ticul,28530,40495,70.4531,40 % y más de población indígena
2020,municipio,31090,Timucuy,7390,7503,98.4939,40 % y más de población indígena
2020,municipio,31091,Tinum,11127,12700,87.6142,40 % y más de población indígena
2020,municipio,31092,Tixcacalcupul,7848,7888,99.4929,40 % y más de población indígena
2020,municipio,31093,Tixkokob,5281,18420,28.6699,"Menos de 40 % y más de 5,000 indígenas (o pueblos con pocos hablantes)"
2020,municipio,31094,Tixmehuac,5390,5444,99.0081,40 % y más de población indígena
2020,municipio,31095,Tixpéhual,2987,5690,52.4956,40 % y más de población indígena
2020,municipio,31096,Tizimín,51825,80672,64.2416,40 % y más de población indígena
2020,municipio,31097,Tunkás,2901,3684,78.7459,40 % y más de población indígena
2020,municipio,31098,Tzucacab,12856,15346,83.7743,40 % y más de población indígena
2020,municipio,31099,Uayma,4159,4191,99.2365,40 % y más de población indígena
2020,municipio,31100,Ucú,1910,4049,47.1721,40 % y más de población indígena
2020,municipio,31101,Umán,25572,69147,36.9821,"Menos de 40 % y más de 5,000 indígenas (o pueblos con pocos hablantes)"
2020,municipio,31102,Valladolid,63263,85460,74.0264,40 % y más de población indígena
2020,municipio,31103,Xocchel,3023,3451,87.5978,40 % y más de población indígena
2020,municipio,31104,Yaxcabá,15196,16350,92.9419,40 % y más de población indígena
2020,municipio,31105,Yaxkukul,789,3293,23.9599,"Menos de 40 % y menos de 5,000 indígenas"
2020,municipio,31106,Yobaín,830,2215,37.4718,"Menos de 40 % y menos de 5,000 indígenas"
2020,municipio,32001,Apozol,27,6260,0.4313,"Menos de 40 % y menos de 5,000 indígenas"
2020,municipio,32002,Apulco,11,4942,0.2226,"Menos de 40 % y menos de 5,000 indígenas"
2020,municipio,32003,Atolinga,3,2277,0.1318,"Menos de 40 % y menos de 5,000 indígenas"
2020,municipio,32004,Benito Juárez,30,4493,0.6677,"Menos de 40 % y menos de 5,000 indígenas"
2020,municipio,32005,Calera,281,45759,0.6141,"Menos de 40 % y menos de 5,000 indígenas"
2020,municipio,32006,Cañitas de Felipe Pescador,15,8255,0.1817,"Menos de 40 % y menos de 5,000 indígenas"
2020,municipio,32007,Concepción del Oro,22,12115,0.1816,"Menos de 40 % y menos de 5,000 indígenas"
2020,municipio,32008,Cuauhtémoc,20,13466,0.1485,"Menos de 40 % y menos de 5,000 indígenas"
2020,municipio,32009,Chalchihuites,4,10086,0.0397,"Menos de 40 % y menos de 5,000 indígenas"
2020,municipio,32010,Fresnillo,1168,240532,0.4856,"Menos de 40 % y menos de 5,000 indígenas"
2020,municipio,32011,Trinidad García de la Cadena,168,3362,4.997,"Menos de 40 % y menos de 5,000 indígenas"
2020,municipio,32012,Genaro Codina,6,8168,0.0735,"Menos de 40 % y menos de 5,000 indígenas"
2020,municipio,32013,General Enrique Estrada,218,6644,3.2812,"Menos de 40 % y menos de 5,000 indígenas"
2020,municipio,32014,General Francisco R. Murguía,24,20191,0.1189,"Menos de 40 % y menos de 5,000 indígenas"
2020,municipio,32015,El Plateado de Joaquín Amaro,0,1579,0.0,Sin población indígena
2020,municipio,32016,General Pánfilo Natera,17,23526,0.0723,"Menos de 40 % y menos de 5,000 indígenas"
2020,municipio,32017,Guadalupe,1300,211740,0.614,"Menos de 40 % y menos de 5,000 indígenas"
2020,municipio,32018,Huanusco,10,4547,0.2199,"Menos de 40 % y menos de 5,000 indígenas"
2020,municipio,32019,Jalpa,188,25296,0.7432,"Menos de 40 % y menos de 5,000 indígenas"
2020,municipio,32020,Jerez,279,59910,0.4657,"Menos de 40 % y menos de 5,000 indígenas"
2020,municipio,32021,Jiménez del Teul,15,4465,0.3359,"Menos de 40 % y menos de 5,000 indígenas"
2020,municipio,32022,Juan Aldama,54,19749,0.2734,"Menos de 40 % y menos de 5,000 indígenas"
2020,municipio,32023,Juchipila,36,12251,0.2939,"Menos de 40 % y menos de 5,000 indígenas"
2020,municipio,32024,Loreto,171,53709,0.3184,"Menos de 40 % y menos de 5,000 indígenas"
2020,municipio,32025,Luis Moya,27,13184,0.2048,"Menos de 40 % y menos de 5,000 indígenas"
2020,municipio,32026,Mazapil,21,17774,0.1182,"Menos de 40 % y menos de 5,000 indígenas"
2020,municipio,32027,Melchor Ocampo,0,2736,0.0,Sin población indígena
2020,municipio,32028,Mezquital del Oro,16,2451,0.6528,"Menos de 40 % y menos de 5,000 indígenas"
2020,municipio,32029,Miguel Auza,22,23713,0.0928,"Menos de 40 % y menos de 5,000 indígenas"
2020,municipio,32030,Momax,8,2446,0.3271,"Menos de 40 % y menos de 5,000 indígenas"
2020,municipio,32031,Monte Escobedo,75,8683,0.8638,"Menos de 40 % y menos de 5,000 indígenas"
2020,municipio,32032,Morelos,102,13207,0.7723,"Menos de 40 % y menos de 5,000 indígenas"
2020,municipio,32033,Moyahua de Estrada,15,4530,0.3311,"Menos de 40 % y menos de 5,000 indígenas"
2020,municipio,32034,Nochistlán de Mejía,73,27945,0.2612,"Menos de 40 % y menos de 5,000 indígenas"
2020,municipio,32035,Noria de Ángeles,14,16284,0.086,"Menos de 40 % y menos de 5,000 indígenas"
2020,municipio,32036,Ojocaliente,127,44144,0.2877,"Menos de 40 % y menos de 5,000 indígenas"
2020,municipio,32037,Pánuco,173,17577,0.9842,"Menos de 40 % y menos de 5,000 indígenas"
2020,municipio,32038,Pinos,56,72241,0.0775,"Menos de 40 % y menos de 5,000 indígenas"
2020,municipio,32039,Río Grande,205,64535,0.3177,"Menos de 40 % y menos de 5,000 indígenas"
2020,municipio,32040,Sain Alto,8,21844,0.0366,"Menos de 40 % y menos de 5,000 indígenas"
2020,municipio,32041,El Salvador,4,2509,0.1594,"Menos de 40 % y menos de 5,000 indígenas"
2020,municipio,32042,Sombrerete,57,63665,0.0895,"Menos de 40 % y menos de 5,000 indígenas"
2020,municipio,32043,Susticacán,2,1365,0.1465,"Menos de 40 % y menos de 5,000 indígenas"
2020,municipio,32044,Tabasco,60,16588,0.3617,"Menos de 40 % y menos de 5,000 indígenas"
2020,municipio,32045,Tepechitlán,28,8321,0.3365,"Menos de 40 % y menos de 5,000 indígenas"
2020,municipio,32046,Tepetongo,3,6490,0.0462,"Menos de 40 % y menos de 5,000 indígenas"
2020,municipio,32047,Teúl de González Ortega,23,5356,0.4294,"Menos de 40 % y menos de 5,000 indígenas"
2020,municipio,32048,Tlaltenango de Sánchez Román,713,27302,2.6115,"Menos de 40 % y menos de 5,000 indígenas"
2020,municipio,32049,Valparaíso,1205,32461,3.7121,"Menos de 40 % y menos de 5,000 indígenas"
2020,municipio,32050,Vetagrande,3,10276,0.0292,"Menos de 40 % y menos de 5,000 indígenas"
2020,municipio,32051,Villa de Cos,319,34623,0.9214,"Menos de 40 % y menos de 5,000 indígenas"
2020,municipio,32052,Villa García,5,19525,0.0256,"Menos de 40 % y menos de 5,000 indígenas"
2020,municipio,32053,Villa González Ortega,4,13208,0.0303,"Menos de 40 % y menos de 5,000 indígenas"
2020,municipio,32054,Villa Hidalgo,7,19446,0.036,"Menos de 40 % y menos de 5,000 indígenas"
2020,municipio,32055,Villanueva,38,31558,0.1204,"Menos de 40 % y menos de 5,000 indígenas"
2020,municipio,32056,Zacatecas,1190,149607,0.7954,"Menos de 40 % y menos de 5,000 indígenas"
2020,municipio,32057,Trancoso,41,20455,0.2004,"Menos de 40 % y menos de 5,000 indígenas"
2020,municipio,32058,Santa María de la Paz,18,2767,0.6505,"Menos de 40 % y menos de 5,000 indígenas"
