anio,nivel,cve,nombre,lengua,lengua_nombre,familia,sexo,num,den,casos,ee
2020,entidad,01,Aguascalientes,0211,Náhuatl,yuto-nahua,Hombres,772.0,653460.0,44085.0,0.000179
2020,entidad,01,Aguascalientes,0502,Mazahua,oto-mangue,Hombres,271.0,653460.0,44085.0,0.000185
2020,entidad,01,Aguascalientes,0601,Huasteco,maya,Hombres,132.0,653460.0,44085.0,4e-06
2020,entidad,01,Aguascalientes,8000,Otras lenguas indígenas de América,,Hombres,93.0,653460.0,44085.0,
2020,entidad,01,Aguascalientes,0701,Totonaco,totonaco-tepehua,Hombres,80.0,653460.0,44085.0,
2020,entidad,01,Aguascalientes,0602,Maya,maya,Hombres,76.0,653460.0,44085.0,
2020,entidad,01,Aguascalientes,0516,Mixteco,oto-mangue,Hombres,75.0,653460.0,44085.0,
2020,entidad,01,Aguascalientes,9000,No especificado,,Hombres,70.0,653460.0,44085.0,
2020,entidad,01,Aguascalientes,0501,Otomí,oto-mangue,Hombres,64.0,653460.0,44085.0,
2020,entidad,01,Aguascalientes,0607,Tsotsil,maya,Hombres,39.0,653460.0,44085.0,
2020,entidad,01,Aguascalientes,0210,Huichol,yuto-nahua,Hombres,20.0,653460.0,44085.0,
2020,entidad,01,Aguascalientes,0513,Zapoteco,oto-mangue,Hombres,17.0,653460.0,44085.0,
2020,entidad,01,Aguascalientes,0205,Tarahumara,yuto-nahua,Hombres,14.0,653460.0,44085.0,
2020,entidad,01,Aguascalientes,0801,Tarasco (purépecha),tarasca,Hombres,9.0,653460.0,44085.0,
2020,entidad,01,Aguascalientes,0907,Zoque,mixe-zoque,Hombres,8.0,653460.0,44085.0,0.0
2020,entidad,01,Aguascalientes,0613,Tojolabal,maya,Hombres,4.0,653460.0,44085.0,
2020,entidad,01,Aguascalientes,0211,Náhuatl,yuto-nahua,Mujeres,262.0,695012.0,46311.0,9e-06
2020,entidad,01,Aguascalientes,0205,Tarahumara,yuto-nahua,Mujeres,140.0,695012.0,46311.0,
2020,entidad,01,Aguascalientes,0502,Mazahua,oto-mangue,Mujeres,138.0,695012.0,46311.0,0.0
2020,entidad,01,Aguascalientes,0210,Huichol,yuto-nahua,Mujeres,87.0,695012.0,46311.0,1e-06
2020,entidad,01,Aguascalientes,0701,Totonaco,totonaco-tepehua,Mujeres,75.0,695012.0,46311.0,
2020,entidad,01,Aguascalientes,1101,Huave,huave,Mujeres,65.0,695012.0,46311.0,
2020,entidad,01,Aguascalientes,9000,No especificado,,Mujeres,61.0,695012.0,46311.0,
2020,entidad,01,Aguascalientes,0501,Otomí,oto-mangue,Mujeres,60.0,695012.0,46311.0,
2020,entidad,01,Aguascalientes,0607,Tsotsil,maya,Mujeres,48.0,695012.0,46311.0,
2020,entidad,01,Aguascalientes,0516,Mixteco,oto-mangue,Mujeres,41.0,695012.0,46311.0,3e-05
2020,entidad,01,Aguascalientes,0209,Cora,yuto-nahua,Mujeres,16.0,695012.0,46311.0,
2020,entidad,01,Aguascalientes,0601,Huasteco,maya,Mujeres,12.0,695012.0,46311.0,
2020,entidad,01,Aguascalientes,0513,Zapoteco,oto-mangue,Mujeres,9.0,695012.0,46311.0,
2020,entidad,01,Aguascalientes,0606,Tseltal,maya,Mujeres,8.0,695012.0,46311.0,
2020,entidad,01,Aguascalientes,0907,Zoque,mixe-zoque,Mujeres,8.0,695012.0,46311.0,
2020,entidad,01,Aguascalientes,0801,Tarasco (purépecha),tarasca,Mujeres,7.0,695012.0,46311.0,
2020,entidad,01,Aguascalientes,0207,Yaqui,yuto-nahua,Mujeres,4.0,695012.0,46311.0,
2020,entidad,01,Aguascalientes,0211,Náhuatl,yuto-nahua,Total,1034.0,1348472.0,90396.0,9.2e-05
2020,entidad,01,Aguascalientes,0502,Mazahua,oto-mangue,Total,409.0,1348472.0,90396.0,0.000178
2020,entidad,01,Aguascalientes,0701,Totonaco,totonaco-tepehua,Total,155.0,1348472.0,90396.0,2e-06
2020,entidad,01,Aguascalientes,0205,Tarahumara,yuto-nahua,Total,154.0,1348472.0,90396.0,
2020,entidad,01,Aguascalientes,0601,Huasteco,maya,Total,144.0,1348472.0,90396.0,2e-06
2020,entidad,01,Aguascalientes,9000,No especificado,,Total,131.0,1348472.0,90396.0,0.0
2020,entidad,01,Aguascalientes,0501,Otomí,oto-mangue,Total,124.0,1348472.0,90396.0,0.0
2020,entidad,01,Aguascalientes,0516,Mixteco,oto-mangue,Total,116.0,1348472.0,90396.0,1.9e-05
2020,entidad,01,Aguascalientes,0210,Huichol,yuto-nahua,Total,107.0,1348472.0,90396.0,2e-06
2020,entidad,01,Aguascalientes,8000,Otras lenguas indígenas de América,,Total,93.0,1348472.0,90396.0,
2020,entidad,01,Aguascalientes,0607,Tsotsil,maya,Total,87.0,1348472.0,90396.0,
2020,entidad,01,Aguascalientes,0602,Maya,maya,Total,76.0,1348472.0,90396.0,
2020,entidad,01,Aguascalientes,1101,Huave,huave,Total,65.0,1348472.0,90396.0,
2020,entidad,01,Aguascalientes,0513,Zapoteco,oto-mangue,Total,26.0,1348472.0,90396.0,0.0
2020,entidad,01,Aguascalientes,0209,Cora,yuto-nahua,Total,16.0,1348472.0,90396.0,
2020,entidad,01,Aguascalientes,0801,Tarasco (purépecha),tarasca,Total,16.0,1348472.0,90396.0,
2020,entidad,01,Aguascalientes,0907,Zoque,mixe-zoque,Total,16.0,1348472.0,90396.0,6e-06
2020,entidad,01,Aguascalientes,0606,Tseltal,maya,Total,8.0,1348472.0,90396.0,
2020,entidad,01,Aguascalientes,0207,Yaqui,yuto-nahua,Total,4.0,1348472.0,90396.0,
2020,entidad,01,Aguascalientes,0613,Tojolabal,maya,Total,4.0,1348472.0,90396.0,
2020,entidad,02,Baja California,0516,Mixteco,oto-mangue,Hombres,11405.0,1808673.0,37947.0,0.000592
2020,entidad,02,Baja California,0513,Zapoteco,oto-mangue,Hombres,4445.0,1808673.0,37947.0,0.0003
2020,entidad,02,Baja California,0211,Náhuatl,yuto-nahua,Hombres,3090.0,1808673.0,37947.0,0.000234
2020,entidad,02,Baja California,0606,Tseltal,maya,Hombres,1852.0,1808673.0,37947.0,0.000304
2020,entidad,02,Baja California,0801,Tarasco (purépecha),tarasca,Hombres,1578.0,1808673.0,37947.0,0.000113
2020,entidad,02,Baja California,9000,No especificado,,Hombres,1220.0,1808673.0,37947.0,6.6e-05
2020,entidad,02,Baja California,0518,Triqui,oto-mangue,Hombres,1098.0,1808673.0,37947.0,0.000152
2020,entidad,02,Baja California,0207,Yaqui,yuto-nahua,Hombres,1049.0,1808673.0,37947.0,7e-05
2020,entidad,02,Baja California,0607,Tsotsil,maya,Hombres,713.0,1808673.0,37947.0,1.2e-05
2020,entidad,02,Baja California,0907,Zoque,mixe-zoque,Hombres,539.0,1808673.0,37947.0,5.4e-05
2020,entidad,02,Baja California,0209,Cora,yuto-nahua,Hombres,526.0,1808673.0,37947.0,1e-06
2020,entidad,02,Baja California,0205,Tarahumara,yuto-nahua,Hombres,507.0,1808673.0,37947.0,1.1e-05
2020,entidad,02,Baja California,0901,Mixe,mixe-zoque,Hombres,494.0,1808673.0,37947.0,1.2e-05
2020,entidad,02,Baja California,0515,Amuzgo,oto-mangue,Hombres,446.0,1808673.0,37947.0,
2020,entidad,02,Baja California,0508,Tlapaneco,oto-mangue,Hombres,402.0,1808673.0,37947.0,1e-06
2020,entidad,02,Baja California,0602,Maya,maya,Hombres,378.0,1808673.0,37947.0,1.3e-05
2020,entidad,02,Baja California,0208,Mayo,yuto-nahua,Hombres,348.0,1808673.0,37947.0,4e-06
2020,entidad,02,Baja California,0210,Huichol,yuto-nahua,Hombres,243.0,1808673.0,37947.0,2e-06
2020,entidad,02,Baja California,0613,Tojolabal,maya,Hombres,228.0,1808673.0,37947.0,
2020,entidad,02,Baja California,0501,Otomí,oto-mangue,Hombres,224.0,1808673.0,37947.0,
2020,entidad,02,Baja California,0502,Mazahua,oto-mangue,Hombres,208.0,1808673.0,37947.0,2e-06
2020,entidad,02,Baja California,0701,Totonaco,totonaco-tepehua,Hombres,192.0,1808673.0,37947.0,1e-06
2020,entidad,02,Baja California,0507,Chinanteco,oto-mangue,Hombres,187.0,1808673.0,37947.0,
2020,entidad,02,Baja California,0509,Mazateco,oto-mangue,Hombres,123.0,1808673.0,37947.0,
2020,entidad,02,Baja California,8000,Otras lenguas indígenas de América,,Hombres,120.0,1808673.0,37947.0,
2020,entidad,02,Baja California,9030,Popoluca insuficientemente especificado,,Hombres,97.0,1808673.0,37947.0,
2020,entidad,02,Baja California,0618,Mam,maya,Hombres,92.0,1808673.0,37947.0,
2020,entidad,02,Baja California,0601,Huasteco,maya,Hombres,85.0,1808673.0,37947.0,
2020,entidad,02,Baja California,0301,Paipai,cochimí-yumana,Hombres,83.0,1808673.0,37947.0,1e-06
2020,entidad,02,Baja California,0604,Ch'ol,maya,Hombres,82.0,1808673.0,37947.0,
2020,entidad,02,Baja California,0304,Kumiai,cochimí-yumana,Hombres,76.0,1808673.0,37947.0,
2020,entidad,02,Baja California,0608,Q'anjob'al,maya,Hombres,66.0,1808673.0,37947.0,
2020,entidad,02,Baja California,1101,Huave,huave,Hombres,42.0,1808673.0,37947.0,
2020,entidad,02,Baja California,0305,Kiliwa,cochimí-yumana,Hombres,34.0,1808673.0,37947.0,
2020,entidad,02,Baja California,9020,Tepehuano insuficientemente especificado,,Hombres,27.0,1808673.0,37947.0,
2020,entidad,02,Baja California,0514,Chatino,oto-mangue,Hombres,4.0,1808673.0,37947.0,
2020,entidad,02,Baja California,0516,Mixteco,oto-mangue,Mujeres,10138.0,1777347.0,37751.0,0.00058
2020,entidad,02,Baja California,0513,Zapoteco,oto-mangue,Mujeres,4824.0,1777347.0,37751.0,0.000357
2020,entidad,02,Baja California,0211,Náhuatl,yuto-nahua,Mujeres,2345.0,1777347.0,37751.0,8.1e-05
2020,entidad,02,Baja California,0801,Tarasco (purépecha),tarasca,Mujeres,1452.0,1777347.0,37751.0,0.000275
2020,entidad,02,Baja California,0606,Tseltal,maya,Mujeres,1154.0,1777347.0,37751.0,0.000162
2020,entidad,02,Baja California,0518,Triqui,oto-mangue,Mujeres,1109.0,1777347.0,37751.0,0.000219
2020,entidad,02,Baja California,9000,No especificado,,Mujeres,804.0,1777347.0,37751.0,9.1e-05
2020,entidad,02,Baja California,0602,Maya,maya,Mujeres,544.0,1777347.0,37751.0,5e-05
2020,entidad,02,Baja California,0501,Otomí,oto-mangue,Mujeres,508.0,1777347.0,37751.0,2e-06
2020,entidad,02,Baja California,0607,Tsotsil,maya,Mujeres,423.0,1777347.0,37751.0,6e-06
2020,entidad,02,Baja California,0907,Zoque,mixe-zoque,Mujeres,386.0,1777347.0,37751.0,4.1e-05
2020,entidad,02,Baja California,0901,Mixe,mixe-zoque,Mujeres,379.0,1777347.0,37751.0,6.5e-05
2020,entidad,02,Baja California,0601,Huasteco,maya,Mujeres,321.0,1777347.0,37751.0,
2020,entidad,02,Baja California,0207,Yaqui,yuto-nahua,Mujeres,293.0,1777347.0,37751.0,2e-06
2020,entidad,02,Baja California,0508,Tlapaneco,oto-mangue,Mujeres,291.0,1777347.0,37751.0,3e-06
2020,entidad,02,Baja California,0613,Tojolabal,maya,Mujeres,261.0,1777347.0,37751.0,5e-06
2020,entidad,02,Baja California,0509,Mazateco,oto-mangue,Mujeres,249.0,1777347.0,37751.0,1.3e-05
2020,entidad,02,Baja California,0507,Chinanteco,oto-mangue,Mujeres,239.0,1777347.0,37751.0,4.5e-05
2020,entidad,02,Baja California,0502,Mazahua,oto-mangue,Mujeres,214.0,1777347.0,37751.0,7e-06
2020,entidad,02,Baja California,0208,Mayo,yuto-nahua,Mujeres,175.0,1777347.0,37751.0,1e-06
2020,entidad,02,Baja California,0210,Huichol,yuto-nahua,Mujeres,167.0,1777347.0,37751.0,0.0
2020,entidad,02,Baja California,0608,Q'anjob'al,maya,Mujeres,165.0,1777347.0,37751.0,
2020,entidad,02,Baja California,0301,Paipai,cochimí-yumana,Mujeres,162.0,1777347.0,37751.0,
2020,entidad,02,Baja California,0515,Amuzgo,oto-mangue,Mujeres,157.0,1777347.0,37751.0,
2020,entidad,02,Baja California,0304,Kumiai,cochimí-yumana,Mujeres,153.0,1777347.0,37751.0,1e-06
2020,entidad,02,Baja California,0517,Cuicateco,oto-mangue,Mujeres,82.0,1777347.0,37751.0,
2020,entidad,02,Baja California,0618,Mam,maya,Mujeres,79.0,1777347.0,37751.0,
2020,entidad,02,Baja California,9030,Popoluca insuficientemente especificado,,Mujeres,72.0,1777347.0,37751.0,
2020,entidad,02,Baja California,0209,Cora,yuto-nahua,Mujeres,44.0,1777347.0,37751.0,
2020,entidad,02,Baja California,0205,Tarahumara,yuto-nahua,Mujeres,29.0,1777347.0,37751.0,
2020,entidad,02,Baja California,0701,Totonaco,totonaco-tepehua,Mujeres,27.0,1777347.0,37751.0,
2020,entidad,02,Baja California,0401,Seri,seri,Mujeres,8.0,1777347.0,37751.0,
2020,entidad,02,Baja California,9010,Chontal insuficientemente especificado,,Mujeres,8.0,1777347.0,37751.0,
2020,entidad,02,Baja California,0512,Popoloca,oto-mangue,Mujeres,7.0,1777347.0,37751.0,
2020,entidad,02,Baja California,0516,Mixteco,oto-mangue,Total,21543.0,3586020.0,75698.0,0.000581
2020,entidad,02,Baja California,0513,Zapoteco,oto-mangue,Total,9269.0,3586020.0,75698.0,0.000345
2020,entidad,02,Baja California,0211,Náhuatl,yuto-nahua,Total,5435.0,3586020.0,75698.0,0.000162
2020,entidad,02,Baja California,0801,Tarasco (purépecha),tarasca,Total,3030.0,3586020.0,75698.0,0.000201
2020,entidad,02,Baja California,0606,Tseltal,maya,Total,3006.0,3586020.0,75698.0,0.000254
2020,entidad,02,Baja California,0518,Triqui,oto-mangue,Total,2207.0,3586020.0,75698.0,0.000196
2020,entidad,02,Baja California,9000,No especificado,,Total,2024.0,3586020.0,75698.0,5.6e-05
2020,entidad,02,Baja California,0207,Yaqui,yuto-nahua,Total,1342.0,3586020.0,75698.0,3.6e-05
2020,entidad,02,Baja California,0607,Tsotsil,maya,Total,1136.0,3586020.0,75698.0,2.3e-05
2020,entidad,02,Baja California,0907,Zoque,mixe-zoque,Total,925.0,3586020.0,75698.0,5.2e-05
2020,entidad,02,Baja California,0602,Maya,maya,Total,922.0,3586020.0,75698.0,2.5e-05
2020,entidad,02,Baja California,0901,Mixe,mixe-zoque,Total,873.0,3586020.0,75698.0,6.3e-05
2020,entidad,02,Baja California,0501,Otomí,oto-mangue,Total,732.0,3586020.0,75698.0,9e-06
2020,entidad,02,Baja California,0508,Tlapaneco,oto-mangue,Total,693.0,3586020.0,75698.0,2.2e-05
2020,entidad,02,Baja California,0515,Amuzgo,oto-mangue,Total,603.0,3586020.0,75698.0,
2020,entidad,02,Baja California,0209,Cora,yuto-nahua,Total,570.0,3586020.0,75698.0,0.0
2020,entidad,02,Baja California,0205,Tarahumara,yuto-nahua,Total,536.0,3586020.0,75698.0,6e-06
2020,entidad,02,Baja California,0208,Mayo,yuto-nahua,Total,523.0,3586020.0,75698.0,2e-06
2020,entidad,02,Baja California,0613,Tojolabal,maya,Total,489.0,3586020.0,75698.0,4.2e-05
2020,entidad,02,Baja California,0507,Chinanteco,oto-mangue,Total,426.0,3586020.0,75698.0,2.2e-05
2020,entidad,02,Baja California,0502,Mazahua,oto-mangue,Total,422.0,3586020.0,75698.0,5e-06
2020,entidad,02,Baja California,0210,Huichol,yuto-nahua,Total,410.0,3586020.0,75698.0,1e-06
2020,entidad,02,Baja California,0601,Huasteco,maya,Total,406.0,3586020.0,75698.0,
2020,entidad,02,Baja California,0509,Mazateco,oto-mangue,Total,372.0,3586020.0,75698.0,6e-06
2020,entidad,02,Baja California,0301,Paipai,cochimí-yumana,Total,245.0,3586020.0,75698.0,0.0
2020,entidad,02,Baja California,0608,Q'anjob'al,maya,Total,231.0,3586020.0,75698.0,
2020,entidad,02,Baja California,0304,Kumiai,cochimí-yumana,Total,229.0,3586020.0,75698.0,0.0
2020,entidad,02,Baja California,0701,Totonaco,totonaco-tepehua,Total,219.0,3586020.0,75698.0,0.0
2020,entidad,02,Baja California,0618,Mam,maya,Total,171.0,3586020.0,75698.0,
2020,entidad,02,Baja California,9030,Popoluca insuficientemente especificado,,Total,169.0,3586020.0,75698.0,
2020,entidad,02,Baja California,8000,Otras lenguas indígenas de América,,Total,120.0,3586020.0,75698.0,
2020,entidad,02,Baja California,0517,Cuicateco,oto-mangue,Total,82.0,3586020.0,75698.0,
2020,entidad,02,Baja California,0604,Ch'ol,maya,Total,82.0,3586020.0,75698.0,
2020,entidad,02,Baja California,1101,Huave,huave,Total,42.0,3586020.0,75698.0,
2020,entidad,02,Baja California,0305,Kiliwa,cochimí-yumana,Total,34.0,3586020.0,75698.0,
2020,entidad,02,Baja California,9020,Tepehuano insuficientemente especificado,,Total,27.0,3586020.0,75698.0,
2020,entidad,02,Baja California,0401,Seri,seri,Total,8.0,3586020.0,75698.0,
2020,entidad,02,Baja California,9010,Chontal insuficientemente especificado,,Total,8.0,3586020.0,75698.0,
2020,entidad,02,Baja California,0512,Popoloca,oto-mangue,Total,7.0,3586020.0,75698.0,
2020,entidad,02,Baja California,0514,Chatino,oto-mangue,Total,4.0,3586020.0,75698.0,
2020,entidad,03,Baja California Sur,0211,Náhuatl,yuto-nahua,Hombres,1942.0,381262.0,22201.0,0.00058
2020,entidad,03,Baja California Sur,0516,Mixteco,oto-mangue,Hombres,1584.0,381262.0,22201.0,0.000439
2020,entidad,03,Baja California Sur,0513,Zapoteco,oto-mangue,Hombres,544.0,381262.0,22201.0,0.000136
2020,entidad,03,Baja California Sur,9000,No especificado,,Hombres,368.0,381262.0,22201.0,0.000108
2020,entidad,03,Baja California Sur,0512,Popoloca,oto-mangue,Hombres,342.0,381262.0,22201.0,0.000192
2020,entidad,03,Baja California Sur,0602,Maya,maya,Hombres,310.0,381262.0,22201.0,6.1e-05
2020,entidad,03,Baja California Sur,0508,Tlapaneco,oto-mangue,Hombres,214.0,381262.0,22201.0,0.000321
2020,entidad,03,Baja California Sur,0515,Amuzgo,oto-mangue,Hombres,182.0,381262.0,22201.0,0.000116
2020,entidad,03,Baja California Sur,9030,Popoluca insuficientemente especificado,,Hombres,176.0,381262.0,22201.0,7.1e-05
2020,entidad,03,Baja California Sur,0606,Tseltal,maya,Hombres,166.0,381262.0,22201.0,0.000123
2020,entidad,03,Baja California Sur,1101,Huave,huave,Hombres,130.0,381262.0,22201.0,
2020,entidad,03,Baja California Sur,0501,Otomí,oto-mangue,Hombres,124.0,381262.0,22201.0,3e-06
2020,entidad,03,Baja California Sur,0208,Mayo,yuto-nahua,Hombres,118.0,381262.0,22201.0,8e-06
2020,entidad,03,Baja California Sur,0209,Cora,yuto-nahua,Hombres,111.0,381262.0,22201.0,2e-05
2020,entidad,03,Baja California Sur,0607,Tsotsil,maya,Hombres,107.0,381262.0,22201.0,7.9e-05
2020,entidad,03,Baja California Sur,0901,Mixe,mixe-zoque,Hombres,95.0,381262.0,22201.0,1e-06
2020,entidad,03,Baja California Sur,0502,Mazahua,oto-mangue,Hombres,79.0,381262.0,22201.0,8e-06
2020,entidad,03,Baja California Sur,0509,Mazateco,oto-mangue,Hombres,77.0,381262.0,22201.0,
2020,entidad,03,Baja California Sur,0801,Tarasco (purépecha),tarasca,Hombres,69.0,381262.0,22201.0,
2020,entidad,03,Baja California Sur,0518,Triqui,oto-mangue,Hombres,68.0,381262.0,22201.0,3e-06
2020,entidad,03,Baja California Sur,0701,Totonaco,totonaco-tepehua,Hombres,67.0,381262.0,22201.0,
2020,entidad,03,Baja California Sur,0205,Tarahumara,yuto-nahua,Hombres,55.0,381262.0,22201.0,2e-06
2020,entidad,03,Baja California Sur,0604,Ch'ol,maya,Hombres,52.0,381262.0,22201.0,
2020,entidad,03,Baja California Sur,0210,Huichol,yuto-nahua,Hombres,51.0,381262.0,22201.0,
2020,entidad,03,Baja California Sur,0907,Zoque,mixe-zoque,Hombres,49.0,381262.0,22201.0,
2020,entidad,03,Baja California Sur,0601,Huasteco,maya,Hombres,46.0,381262.0,22201.0,3e-06
2020,entidad,03,Baja California Sur,9010,Chontal insuficientemente especificado,,Hombres,33.0,381262.0,22201.0,
2020,entidad,03,Baja California Sur,0613,Tojolabal,maya,Hombres,22.0,381262.0,22201.0,
2020,entidad,03,Baja California Sur,0514,Chatino,oto-mangue,Hombres,20.0,381262.0,22201.0,
2020,entidad,03,Baja California Sur,0618,Mam,maya,Hombres,20.0,381262.0,22201.0,
2020,entidad,03,Baja California Sur,0211,Náhuatl,yuto-nahua,Mujeres,1494.0,375499.0,21964.0,0.000606
2020,entidad,03,Baja California Sur,0516,Mixteco,oto-mangue,Mujeres,1311.0,375499.0,21964.0,0.000312
2020,entidad,03,Baja California Sur,0513,Zapoteco,oto-mangue,Mujeres,569.0,375499.0,21964.0,0.000143
2020,entidad,03,Baja California Sur,1101,Huave,huave,Mujeres,198.0,375499.0,21964.0,
2020,entidad,03,Baja California Sur,9000,No especificado,,Mujeres,175.0,375499.0,21964.0,0.000125
2020,entidad,03,Baja California Sur,0515,Amuzgo,oto-mangue,Mujeres,147.0,375499.0,21964.0,6.5e-05
2020,entidad,03,Baja California Sur,9030,Popoluca insuficientemente especificado,,Mujeres,122.0,375499.0,21964.0,1.3e-05
2020,entidad,03,Baja California Sur,0208,Mayo,yuto-nahua,Mujeres,116.0,375499.0,21964.0,2e-05
2020,entidad,03,Baja California Sur,0509,Mazateco,oto-mangue,Mujeres,97.0,375499.0,21964.0,
2020,entidad,03,Baja California Sur,0508,Tlapaneco,oto-mangue,Mujeres,87.0,375499.0,21964.0,3e-06
2020,entidad,03,Baja California Sur,0606,Tseltal,maya,Mujeres,80.0,375499.0,21964.0,1.1e-05
2020,entidad,03,Baja California Sur,0512,Popoloca,oto-mangue,Mujeres,79.0,375499.0,21964.0,
2020,entidad,03,Baja California Sur,0209,Cora,yuto-nahua,Mujeres,66.0,375499.0,21964.0,2.1e-05
2020,entidad,03,Baja California Sur,0518,Triqui,oto-mangue,Mujeres,59.0,375499.0,21964.0,3e-06
2020,entidad,03,Baja California Sur,0602,Maya,maya,Mujeres,50.0,375499.0,21964.0,5e-06
2020,entidad,03,Baja California Sur,0501,Otomí,oto-mangue,Mujeres,45.0,375499.0,21964.0,
2020,entidad,03,Baja California Sur,0507,Chinanteco,oto-mangue,Mujeres,45.0,375499.0,21964.0,3e-06
2020,entidad,03,Baja California Sur,0205,Tarahumara,yuto-nahua,Mujeres,41.0,375499.0,21964.0,3e-06
2020,entidad,03,Baja California Sur,0607,Tsotsil,maya,Mujeres,35.0,375499.0,21964.0,
2020,entidad,03,Baja California Sur,0901,Mixe,mixe-zoque,Mujeres,33.0,375499.0,21964.0,3e-06
2020,entidad,03,Baja California Sur,0502,Mazahua,oto-mangue,Mujeres,28.0,375499.0,21964.0,
2020,entidad,03,Baja California Sur,0514,Chatino,oto-mangue,Mujeres,22.0,375499.0,21964.0,
2020,entidad,03,Baja California Sur,0701,Totonaco,totonaco-tepehua,Mujeres,22.0,375499.0,21964.0,
2020,entidad,03,Baja California Sur,0207,Yaqui,yuto-nahua,Mujeres,12.0,375499.0,21964.0,
2020,entidad,03,Baja California Sur,0505,Pame,oto-mangue,Mujeres,5.0,375499.0,21964.0,
2020,entidad,03,Baja California Sur,0511,Chocholteco,oto-mangue,Mujeres,5.0,375499.0,21964.0,
2020,entidad,03,Baja California Sur,0907,Zoque,mixe-zoque,Mujeres,4.0,375499.0,21964.0,
2020,entidad,03,Baja California Sur,0211,Náhuatl,yuto-nahua,Total,3436.0,756761.0,44165.0,0.000628
2020,entidad,03,Baja California Sur,0516,Mixteco,oto-mangue,Total,2895.0,756761.0,44165.0,0.000323
2020,entidad,03,Baja California Sur,0513,Zapoteco,oto-mangue,Total,1113.0,756761.0,44165.0,0.000143
2020,entidad,03,Baja California Sur,9000,No especificado,,Total,543.0,756761.0,44165.0,0.000133
2020,entidad,03,Baja California Sur,0512,Popoloca,oto-mangue,Total,421.0,756761.0,44165.0,0.000119
2020,entidad,03,Baja California Sur,0602,Maya,maya,Total,360.0,756761.0,44165.0,2.8e-05
2020,entidad,03,Baja California Sur,0515,Amuzgo,oto-mangue,Total,329.0,756761.0,44165.0,0.000107
2020,entidad,03,Baja California Sur,1101,Huave,huave,Total,328.0,756761.0,44165.0,
2020,entidad,03,Baja California Sur,0508,Tlapaneco,oto-mangue,Total,301.0,756761.0,44165.0,0.000161
2020,entidad,03,Baja California Sur,9030,Popoluca insuficientemente especificado,,Total,298.0,756761.0,44165.0,7.4e-05
2020,entidad,03,Baja California Sur,0606,Tseltal,maya,Total,246.0,756761.0,44165.0,9.2e-05
2020,entidad,03,Baja California Sur,0208,Mayo,yuto-nahua,Total,234.0,756761.0,44165.0,3.3e-05
2020,entidad,03,Baja California Sur,0209,Cora,yuto-nahua,Total,177.0,756761.0,44165.0,2.1e-05
2020,entidad,03,Baja California Sur,0509,Mazateco,oto-mangue,Total,174.0,756761.0,44165.0,8e-06
2020,entidad,03,Baja California Sur,0501,Otomí,oto-mangue,Total,169.0,756761.0,44165.0,5e-06
2020,entidad,03,Baja California Sur,0607,Tsotsil,maya,Total,142.0,756761.0,44165.0,3.9e-05
2020,entidad,03,Baja California Sur,0901,Mixe,mixe-zoque,Total,128.0,756761.0,44165.0,3.3e-05
2020,entidad,03,Baja California Sur,0518,Triqui,oto-mangue,Total,127.0,756761.0,44165.0,3e-06
2020,entidad,03,Baja California Sur,0502,Mazahua,oto-mangue,Total,107.0,756761.0,44165.0,3.3e-05
2020,entidad,03,Baja California Sur,0205,Tarahumara,yuto-nahua,Total,96.0,756761.0,44165.0,2e-06
2020,entidad,03,Baja California Sur,0701,Totonaco,totonaco-tepehua,Total,89.0,756761.0,44165.0,
2020,entidad,03,Baja California Sur,0801,Tarasco (purépecha),tarasca,Total,69.0,756761.0,44165.0,
2020,entidad,03,Baja California Sur,0907,Zoque,mixe-zoque,Total,53.0,756761.0,44165.0,
2020,entidad,03,Baja California Sur,0604,Ch'ol,maya,Total,52.0,756761.0,44165.0,
2020,entidad,03,Baja California Sur,0210,Huichol,yuto-nahua,Total,51.0,756761.0,44165.0,
2020,entidad,03,Baja California Sur,0601,Huasteco,maya,Total,46.0,756761.0,44165.0,1e-06
2020,entidad,03,Baja California Sur,0507,Chinanteco,oto-mangue,Total,45.0,756761.0,44165.0,1e-06
2020,entidad,03,Baja California Sur,0514,Chatino,oto-mangue,Total,42.0,756761.0,44165.0,
2020,entidad,03,Baja California Sur,9010,Chontal insuficientemente especificado,,Total,33.0,756761.0,44165.0,
2020,entidad,03,Baja California Sur,0613,Tojolabal,maya,Total,22.0,756761.0,44165.0,
2020,entidad,03,Baja California Sur,0618,Mam,maya,Total,20.0,756761.0,44165.0,
2020,entidad,03,Baja California Sur,0207,Yaqui,yuto-nahua,Total,12.0,756761.0,44165.0,
2020,entidad,03,Baja California Sur,0505,Pame,oto-mangue,Total,5.0,756761.0,44165.0,
2020,entidad,03,Baja California Sur,0511,Chocholteco,oto-mangue,Total,5.0,756761.0,44165.0,
2020,entidad,04,Campeche,0602,Maya,maya,Hombres,33594.0,432336.0,39878.0,0.004695
2020,entidad,04,Campeche,0604,Ch'ol,maya,Hombres,5758.0,432336.0,39878.0,0.002665
2020,entidad,04,Campeche,0606,Tseltal,maya,Hombres,987.0,432336.0,39878.0,0.000286
2020,entidad,04,Campeche,0607,Tsotsil,maya,Hombres,509.0,432336.0,39878.0,0.000281
2020,entidad,04,Campeche,0701,Totonaco,totonaco-tepehua,Hombres,463.0,432336.0,39878.0,0.000434
2020,entidad,04,Campeche,0513,Zapoteco,oto-mangue,Hombres,443.0,432336.0,39878.0,5e-05
2020,entidad,04,Campeche,0618,Mam,maya,Hombres,429.0,432336.0,39878.0,0.000175
2020,entidad,04,Campeche,0608,Q'anjob'al,maya,Hombres,428.0,432336.0,39878.0,0.000264
2020,entidad,04,Campeche,0211,Náhuatl,yuto-nahua,Hombres,240.0,432336.0,39878.0,8.5e-05
2020,entidad,04,Campeche,9010,Chontal insuficientemente especificado,,Hombres,202.0,432336.0,39878.0,5.3e-05
2020,entidad,04,Campeche,0614,Q'eqchi',maya,Hombres,169.0,432336.0,39878.0,4.2e-05
2020,entidad,04,Campeche,0516,Mixteco,oto-mangue,Hombres,135.0,432336.0,39878.0,2e-06
2020,entidad,04,Campeche,0612,Chuj,maya,Hombres,112.0,432336.0,39878.0,0.000129
2020,entidad,04,Campeche,0907,Zoque,mixe-zoque,Hombres,103.0,432336.0,39878.0,3e-05
2020,entidad,04,Campeche,9000,No especificado,,Hombres,57.0,432336.0,39878.0,3e-06
2020,entidad,04,Campeche,0514,Chatino,oto-mangue,Hombres,51.0,432336.0,39878.0,
2020,entidad,04,Campeche,0507,Chinanteco,oto-mangue,Hombres,23.0,432336.0,39878.0,
2020,entidad,04,Campeche,0610,Jakalteko,maya,Hombres,22.0,432336.0,39878.0,
2020,entidad,04,Campeche,0518,Triqui,oto-mangue,Hombres,21.0,432336.0,39878.0,
2020,entidad,04,Campeche,0509,Mazateco,oto-mangue,Hombres,19.0,432336.0,39878.0,
2020,entidad,04,Campeche,0901,Mixe,mixe-zoque,Hombres,16.0,432336.0,39878.0,
2020,entidad,04,Campeche,9030,Popoluca insuficientemente especificado,,Hombres,12.0,432336.0,39878.0,
2020,entidad,04,Campeche,0615,K'iche',maya,Hombres,11.0,432336.0,39878.0,
2020,entidad,04,Campeche,0605,Chontal de Tabasco,maya,Hombres,8.0,432336.0,39878.0,
2020,entidad,04,Campeche,0207,Yaqui,yuto-nahua,Hombres,7.0,432336.0,39878.0,
2020,entidad,04,Campeche,0515,Amuzgo,oto-mangue,Hombres,7.0,432336.0,39878.0,
2020,entidad,04,Campeche,8000,Otras lenguas indígenas de América,,Hombres,7.0,432336.0,39878.0,
2020,entidad,04,Campeche,0210,Huichol,yuto-nahua,Hombres,6.0,432336.0,39878.0,
2020,entidad,04,Campeche,0601,Huasteco,maya,Hombres,4.0,432336.0,39878.0,
2020,entidad,04,Campeche,0602,Maya,maya,Mujeres,31205.0,448332.0,40647.0,0.00426
2020,entidad,04,Campeche,0604,Ch'ol,maya,Mujeres,6291.0,448332.0,40647.0,0.002614
2020,entidad,04,Campeche,0606,Tseltal,maya,Mujeres,1097.0,448332.0,40647.0,0.000558
2020,entidad,04,Campeche,0608,Q'anjob'al,maya,Mujeres,428.0,448332.0,40647.0,0.000151
2020,entidad,04,Campeche,0618,Mam,maya,Mujeres,400.0,448332.0,40647.0,0.000402
2020,entidad,04,Campeche,0701,Totonaco,totonaco-tepehua,Mujeres,370.0,448332.0,40647.0,0.000478
2020,entidad,04,Campeche,0513,Zapoteco,oto-mangue,Mujeres,318.0,448332.0,40647.0,7.5e-05
2020,entidad,04,Campeche,0607,Tsotsil,maya,Mujeres,311.0,448332.0,40647.0,0.000272
2020,entidad,04,Campeche,0211,Náhuatl,yuto-nahua,Mujeres,285.0,448332.0,40647.0,6.3e-05
2020,entidad,04,Campeche,0516,Mixteco,oto-mangue,Mujeres,191.0,448332.0,40647.0,4.1e-05
2020,entidad,04,Campeche,0614,Q'eqchi',maya,Mujeres,187.0,448332.0,40647.0,3.5e-05
2020,entidad,04,Campeche,0612,Chuj,maya,Mujeres,129.0,448332.0,40647.0,0.000113
2020,entidad,04,Campeche,0907,Zoque,mixe-zoque,Mujeres,116.0,448332.0,40647.0,9e-06
2020,entidad,04,Campeche,9000,No especificado,,Mujeres,94.0,448332.0,40647.0,1.6e-05
2020,entidad,04,Campeche,0901,Mixe,mixe-zoque,Mujeres,44.0,448332.0,40647.0,1.1e-05
2020,entidad,04,Campeche,9010,Chontal insuficientemente especificado,,Mujeres,40.0,448332.0,40647.0,
2020,entidad,04,Campeche,0609,Akateko,maya,Mujeres,32.0,448332.0,40647.0,
2020,entidad,04,Campeche,0601,Huasteco,maya,Mujeres,28.0,448332.0,40647.0,
2020,entidad,04,Campeche,0620,Ixil,maya,Mujeres,28.0,448332.0,40647.0,
2020,entidad,04,Campeche,0505,Pame,oto-mangue,Mujeres,22.0,448332.0,40647.0,
2020,entidad,04,Campeche,0517,Cuicateco,oto-mangue,Mujeres,19.0,448332.0,40647.0,
2020,entidad,04,Campeche,9030,Popoluca insuficientemente especificado,,Mujeres,16.0,448332.0,40647.0,
2020,entidad,04,Campeche,0501,Otomí,oto-mangue,Mujeres,14.0,448332.0,40647.0,
2020,entidad,04,Campeche,0514,Chatino,oto-mangue,Mujeres,14.0,448332.0,40647.0,
2020,entidad,04,Campeche,0610,Jakalteko,maya,Mujeres,14.0,448332.0,40647.0,
2020,entidad,04,Campeche,0615,K'iche',maya,Mujeres,14.0,448332.0,40647.0,
2020,entidad,04,Campeche,0507,Chinanteco,oto-mangue,Mujeres,11.0,448332.0,40647.0,
2020,entidad,04,Campeche,0207,Yaqui,yuto-nahua,Mujeres,7.0,448332.0,40647.0,
2020,entidad,04,Campeche,0509,Mazateco,oto-mangue,Mujeres,7.0,448332.0,40647.0,
2020,entidad,04,Campeche,0508,Tlapaneco,oto-mangue,Mujeres,4.0,448332.0,40647.0,
2020,entidad,04,Campeche,0602,Maya,maya,Total,64799.0,880668.0,80525.0,0.004565
2020,entidad,04,Campeche,0604,Ch'ol,maya,Total,12049.0,880668.0,80525.0,0.002725
2020,entidad,04,Campeche,0606,Tseltal,maya,Total,2084.0,880668.0,80525.0,0.000493
2020,entidad,04,Campeche,0608,Q'anjob'al,maya,Total,856.0,880668.0,80525.0,0.000229
2020,entidad,04,Campeche,0701,Totonaco,totonaco-tepehua,Total,833.0,880668.0,80525.0,0.000457
2020,entidad,04,Campeche,0618,Mam,maya,Total,829.0,880668.0,80525.0,0.000493
2020,entidad,04,Campeche,0607,Tsotsil,maya,Total,820.0,880668.0,80525.0,0.000277
2020,entidad,04,Campeche,0513,Zapoteco,oto-mangue,Total,761.0,880668.0,80525.0,9.2e-05
2020,entidad,04,Campeche,0211,Náhuatl,yuto-nahua,Total,525.0,880668.0,80525.0,0.000111
2020,entidad,04,Campeche,0614,Q'eqchi',maya,Total,356.0,880668.0,80525.0,6.9e-05
2020,entidad,04,Campeche,0516,Mixteco,oto-mangue,Total,326.0,880668.0,80525.0,4.3e-05
2020,entidad,04,Campeche,9010,Chontal insuficientemente especificado,,Total,242.0,880668.0,80525.0,2.6e-05
2020,entidad,04,Campeche,0612,Chuj,maya,Total,241.0,880668.0,80525.0,0.000141
2020,entidad,04,Campeche,0907,Zoque,mixe-zoque,Total,219.0,880668.0,80525.0,2.4e-05
2020,entidad,04,Campeche,9000,No especificado,,Total,151.0,880668.0,80525.0,1.3e-05
2020,entidad,04,Campeche,0514,Chatino,oto-mangue,Total,65.0,880668.0,80525.0,
2020,entidad,04,Campeche,0901,Mixe,mixe-zoque,Total,60.0,880668.0,80525.0,1.2e-05
2020,entidad,04,Campeche,0610,Jakalteko,maya,Total,36.0,880668.0,80525.0,
2020,entidad,04,Campeche,0507,Chinanteco,oto-mangue,Total,34.0,880668.0,80525.0,
2020,entidad,04,Campeche,0601,Huasteco,maya,Total,32.0,880668.0,80525.0,
2020,entidad,04,Campeche,0609,Akateko,maya,Total,32.0,880668.0,80525.0,
2020,entidad,04,Campeche,0620,Ixil,maya,Total,28.0,880668.0,80525.0,
2020,entidad,04,Campeche,9030,Popoluca insuficientemente especificado,,Total,28.0,880668.0,80525.0,
2020,entidad,04,Campeche,0509,Mazateco,oto-mangue,Total,26.0,880668.0,80525.0,
2020,entidad,04,Campeche,0615,K'iche',maya,Total,25.0,880668.0,80525.0,
2020,entidad,04,Campeche,0505,Pame,oto-mangue,Total,22.0,880668.0,80525.0,
2020,entidad,04,Campeche,0518,Triqui,oto-mangue,Total,21.0,880668.0,80525.0,
2020,entidad,04,Campeche,0517,Cuicateco,oto-mangue,Total,19.0,880668.0,80525.0,
2020,entidad,04,Campeche,0207,Yaqui,yuto-nahua,Total,14.0,880668.0,80525.0,
2020,entidad,04,Campeche,0501,Otomí,oto-mangue,Total,14.0,880668.0,80525.0,
2020,entidad,04,Campeche,0605,Chontal de Tabasco,maya,Total,8.0,880668.0,80525.0,
2020,entidad,04,Campeche,0515,Amuzgo,oto-mangue,Total,7.0,880668.0,80525.0,
2020,entidad,04,Campeche,8000,Otras lenguas indígenas de América,,Total,7.0,880668.0,80525.0,
2020,entidad,04,Campeche,0210,Huichol,yuto-nahua,Total,6.0,880668.0,80525.0,
2020,entidad,04,Campeche,0508,Tlapaneco,oto-mangue,Total,4.0,880668.0,80525.0,
2020,entidad,05,Coahuila,0211,Náhuatl,yuto-nahua,Hombres,1046.0,1479838.0,104782.0,4.5e-05
2020,entidad,05,Coahuila,0607,Tsotsil,maya,Hombres,259.0,1479838.0,104782.0,0.0
2020,entidad,05,Coahuila,0513,Zapoteco,oto-mangue,Hombres,255.0,1479838.0,104782.0,1.4e-05
2020,entidad,05,Coahuila,0601,Huasteco,maya,Hombres,234.0,1479838.0,104782.0,1e-06
2020,entidad,05,Coahuila,0701,Totonaco,totonaco-tepehua,Hombres,219.0,1479838.0,104782.0,1e-06
2020,entidad,05,Coahuila,0516,Mixteco,oto-mangue,Hombres,168.0,1479838.0,104782.0,
2020,entidad,05,Coahuila,8000,Otras lenguas indígenas de América,,Hombres,119.0,1479838.0,104782.0,3e-06
2020,entidad,05,Coahuila,0502,Mazahua,oto-mangue,Hombres,113.0,1479838.0,104782.0,1e-06
2020,entidad,05,Coahuila,0602,Maya,maya,Hombres,98.0,1479838.0,104782.0,
2020,entidad,05,Coahuila,0501,Otomí,oto-mangue,Hombres,95.0,1479838.0,104782.0,
2020,entidad,05,Coahuila,0606,Tseltal,maya,Hombres,81.0,1479838.0,104782.0,
2020,entidad,05,Coahuila,9000,No especificado,,Hombres,77.0,1479838.0,104782.0,
2020,entidad,05,Coahuila,0901,Mixe,mixe-zoque,Hombres,76.0,1479838.0,104782.0,
2020,entidad,05,Coahuila,0604,Ch'ol,maya,Hombres,66.0,1479838.0,104782.0,
2020,entidad,05,Coahuila,0205,Tarahumara,yuto-nahua,Hombres,64.0,1479838.0,104782.0,1e-06
2020,entidad,05,Coahuila,0506,Chichimeco jonaz,oto-mangue,Hombres,58.0,1479838.0,104782.0,
2020,entidad,05,Coahuila,0509,Mazateco,oto-mangue,Hombres,46.0,1479838.0,104782.0,
2020,entidad,05,Coahuila,9010,Chontal insuficientemente especificado,,Hombres,32.0,1479838.0,104782.0,
2020,entidad,05,Coahuila,0515,Amuzgo,oto-mangue,Hombres,23.0,1479838.0,104782.0,
2020,entidad,05,Coahuila,0605,Chontal de Tabasco,maya,Hombres,22.0,1479838.0,104782.0,
2020,entidad,05,Coahuila,9030,Popoluca insuficientemente especificado,,Hombres,22.0,1479838.0,104782.0,
2020,entidad,05,Coahuila,0210,Huichol,yuto-nahua,Hombres,19.0,1479838.0,104782.0,
2020,entidad,05,Coahuila,0907,Zoque,mixe-zoque,Hombres,17.0,1479838.0,104782.0,
2020,entidad,05,Coahuila,1101,Huave,huave,Hombres,17.0,1479838.0,104782.0,
2020,entidad,05,Coahuila,0801,Tarasco (purépecha),tarasca,Hombres,9.0,1479838.0,104782.0,
2020,entidad,05,Coahuila,0101,Kickapoo,álgica,Hombres,1.0,1479838.0,104782.0,
2020,entidad,05,Coahuila,0204,Tepehuano del sur,yuto-nahua,Hombres,1.0,1479838.0,104782.0,
2020,entidad,05,Coahuila,0211,Náhuatl,yuto-nahua,Mujeres,641.0,1495141.0,104899.0,3e-05
2020,entidad,05,Coahuila,0602,Maya,maya,Mujeres,139.0,1495141.0,104899.0,7e-06
2020,entidad,05,Coahuila,9000,No especificado,,Mujeres,137.0,1495141.0,104899.0,
2020,entidad,05,Coahuila,0701,Totonaco,totonaco-tepehua,Mujeres,131.0,1495141.0,104899.0,2.1e-05
2020,entidad,05,Coahuila,0607,Tsotsil,maya,Mujeres,109.0,1495141.0,104899.0,
2020,entidad,05,Coahuila,0501,Otomí,oto-mangue,Mujeres,105.0,1495141.0,104899.0,2e-06
2020,entidad,05,Coahuila,0601,Huasteco,maya,Mujeres,93.0,1495141.0,104899.0,
2020,entidad,05,Coahuila,0604,Ch'ol,maya,Mujeres,72.0,1495141.0,104899.0,
2020,entidad,05,Coahuila,0516,Mixteco,oto-mangue,Mujeres,59.0,1495141.0,104899.0,
2020,entidad,05,Coahuila,0507,Chinanteco,oto-mangue,Mujeres,56.0,1495141.0,104899.0,
2020,entidad,05,Coahuila,0205,Tarahumara,yuto-nahua,Mujeres,49.0,1495141.0,104899.0,
2020,entidad,05,Coahuila,0509,Mazateco,oto-mangue,Mujeres,46.0,1495141.0,104899.0,
2020,entidad,05,Coahuila,0801,Tarasco (purépecha),tarasca,Mujeres,45.0,1495141.0,104899.0,2e-06
2020,entidad,05,Coahuila,0513,Zapoteco,oto-mangue,Mujeres,37.0,1495141.0,104899.0,
2020,entidad,05,Coahuila,0502,Mazahua,oto-mangue,Mujeres,23.0,1495141.0,104899.0,
2020,entidad,05,Coahuila,9010,Chontal insuficientemente especificado,,Mujeres,23.0,1495141.0,104899.0,
2020,entidad,05,Coahuila,9030,Popoluca insuficientemente especificado,,Mujeres,15.0,1495141.0,104899.0,
2020,entidad,05,Coahuila,0208,Mayo,yuto-nahua,Mujeres,9.0,1495141.0,104899.0,
2020,entidad,05,Coahuila,0606,Tseltal,maya,Mujeres,9.0,1495141.0,104899.0,
2020,entidad,05,Coahuila,0508,Tlapaneco,oto-mangue,Mujeres,8.0,1495141.0,104899.0,
2020,entidad,05,Coahuila,0518,Triqui,oto-mangue,Mujeres,5.0,1495141.0,104899.0,
2020,entidad,05,Coahuila,0907,Zoque,mixe-zoque,Mujeres,5.0,1495141.0,104899.0,
2020,entidad,05,Coahuila,0210,Huichol,yuto-nahua,Mujeres,2.0,1495141.0,104899.0,
2020,entidad,05,Coahuila,0211,Náhuatl,yuto-nahua,Total,1687.0,2974979.0,209681.0,4.3e-05
2020,entidad,05,Coahuila,0607,Tsotsil,maya,Total,368.0,2974979.0,209681.0,5e-06
2020,entidad,05,Coahuila,0701,Totonaco,totonaco-tepehua,Total,350.0,2974979.0,209681.0,1.1e-05
2020,entidad,05,Coahuila,0601,Huasteco,maya,Total,327.0,2974979.0,209681.0,1.9e-05
2020,entidad,05,Coahuila,0513,Zapoteco,oto-mangue,Total,292.0,2974979.0,209681.0,7e-06
2020,entidad,05,Coahuila,0602,Maya,maya,Total,237.0,2974979.0,209681.0,3e-06
2020,entidad,05,Coahuila,0516,Mixteco,oto-mangue,Total,227.0,2974979.0,209681.0,
2020,entidad,05,Coahuila,9000,No especificado,,Total,214.0,2974979.0,209681.0,0.0
2020,entidad,05,Coahuila,0501,Otomí,oto-mangue,Total,200.0,2974979.0,209681.0,1e-06
2020,entidad,05,Coahuila,0604,Ch'ol,maya,Total,138.0,2974979.0,209681.0,
2020,entidad,05,Coahuila,0502,Mazahua,oto-mangue,Total,136.0,2974979.0,209681.0,0.0
2020,entidad,05,Coahuila,8000,Otras lenguas indígenas de América,,Total,119.0,2974979.0,209681.0,1e-06
2020,entidad,05,Coahuila,0205,Tarahumara,yuto-nahua,Total,113.0,2974979.0,209681.0,0.0
2020,entidad,05,Coahuila,0509,Mazateco,oto-mangue,Total,92.0,2974979.0,209681.0,
2020,entidad,05,Coahuila,0606,Tseltal,maya,Total,90.0,2974979.0,209681.0,
2020,entidad,05,Coahuila,0901,Mixe,mixe-zoque,Total,76.0,2974979.0,209681.0,
2020,entidad,05,Coahuila,0506,Chichimeco jonaz,oto-mangue,Total,58.0,2974979.0,209681.0,
2020,entidad,05,Coahuila,0507,Chinanteco,oto-mangue,Total,56.0,2974979.0,209681.0,
2020,entidad,05,Coahuila,9010,Chontal insuficientemente especificado,,Total,55.0,2974979.0,209681.0,
2020,entidad,05,Coahuila,0801,Tarasco (purépecha),tarasca,Total,54.0,2974979.0,209681.0,1e-06
2020,entidad,05,Coahuila,9030,Popoluca insuficientemente especificado,,Total,37.0,2974979.0,209681.0,
2020,entidad,05,Coahuila,0515,Amuzgo,oto-mangue,Total,23.0,2974979.0,209681.0,
2020,entidad,05,Coahuila,0605,Chontal de Tabasco,maya,Total,22.0,2974979.0,209681.0,
2020,entidad,05,Coahuila,0907,Zoque,mixe-zoque,Total,22.0,2974979.0,209681.0,
2020,entidad,05,Coahuila,0210,Huichol,yuto-nahua,Total,21.0,2974979.0,209681.0,
2020,entidad,05,Coahuila,1101,Huave,huave,Total,17.0,2974979.0,209681.0,
2020,entidad,05,Coahuila,0208,Mayo,yuto-nahua,Total,9.0,2974979.0,209681.0,
2020,entidad,05,Coahuila,0508,Tlapaneco,oto-mangue,Total,8.0,2974979.0,209681.0,
2020,entidad,05,Coahuila,0518,Triqui,oto-mangue,Total,5.0,2974979.0,209681.0,
2020,entidad,05,Coahuila,0101,Kickapoo,álgica,Total,1.0,2974979.0,209681.0,
2020,entidad,05,Coahuila,0204,Tepehuano del sur,yuto-nahua,Total,1.0,2974979.0,209681.0,
2020,entidad,06,Colima,0211,Náhuatl,yuto-nahua,Hombres,960.0,341583.0,29165.0,0.000508
2020,entidad,06,Colima,0516,Mixteco,oto-mangue,Hombres,521.0,341583.0,29165.0,0.000276
2020,entidad,06,Colima,0513,Zapoteco,oto-mangue,Hombres,210.0,341583.0,29165.0,7.4e-05
2020,entidad,06,Colima,0801,Tarasco (purépecha),tarasca,Hombres,199.0,341583.0,29165.0,6e-06
2020,entidad,06,Colima,9000,No especificado,,Hombres,89.0,341583.0,29165.0,2e-06
2020,entidad,06,Colima,0501,Otomí,oto-mangue,Hombres,79.0,341583.0,29165.0,
2020,entidad,06,Colima,0607,Tsotsil,maya,Hombres,61.0,341583.0,29165.0,0.0
2020,entidad,06,Colima,0502,Mazahua,oto-mangue,Hombres,49.0,341583.0,29165.0,3e-06
2020,entidad,06,Colima,0515,Amuzgo,oto-mangue,Hombres,43.0,341583.0,29165.0,
2020,entidad,06,Colima,0205,Tarahumara,yuto-nahua,Hombres,36.0,341583.0,29165.0,
2020,entidad,06,Colima,0601,Huasteco,maya,Hombres,30.0,341583.0,29165.0,
2020,entidad,06,Colima,9030,Popoluca insuficientemente especificado,,Hombres,25.0,341583.0,29165.0,
2020,entidad,06,Colima,0508,Tlapaneco,oto-mangue,Hombres,24.0,341583.0,29165.0,
2020,entidad,06,Colima,0907,Zoque,mixe-zoque,Hombres,18.0,341583.0,29165.0,
2020,entidad,06,Colima,0901,Mixe,mixe-zoque,Hombres,17.0,341583.0,29165.0,
2020,entidad,06,Colima,0701,Totonaco,totonaco-tepehua,Hombres,13.0,341583.0,29165.0,
2020,entidad,06,Colima,0208,Mayo,yuto-nahua,Hombres,12.0,341583.0,29165.0,
2020,entidad,06,Colima,8000,Otras lenguas indígenas de América,,Hombres,12.0,341583.0,29165.0,
2020,entidad,06,Colima,0602,Maya,maya,Hombres,3.0,341583.0,29165.0,
2020,entidad,06,Colima,0604,Ch'ol,maya,Hombres,3.0,341583.0,29165.0,
2020,entidad,06,Colima,0211,Náhuatl,yuto-nahua,Mujeres,1114.0,356578.0,29377.0,0.000234
2020,entidad,06,Colima,0516,Mixteco,oto-mangue,Mujeres,573.0,356578.0,29377.0,0.000374
2020,entidad,06,Colima,0801,Tarasco (purépecha),tarasca,Mujeres,181.0,356578.0,29377.0,9e-06
2020,entidad,06,Colima,0502,Mazahua,oto-mangue,Mujeres,74.0,356578.0,29377.0,7.4e-05
2020,entidad,06,Colima,0513,Zapoteco,oto-mangue,Mujeres,58.0,356578.0,29377.0,0.0
2020,entidad,06,Colima,9000,No especificado,,Mujeres,47.0,356578.0,29377.0,
2020,entidad,06,Colima,0602,Maya,maya,Mujeres,28.0,356578.0,29377.0,
2020,entidad,06,Colima,0205,Tarahumara,yuto-nahua,Mujeres,24.0,356578.0,29377.0,
2020,entidad,06,Colima,0506,Chichimeco jonaz,oto-mangue,Mujeres,24.0,356578.0,29377.0,
2020,entidad,06,Colima,0701,Totonaco,totonaco-tepehua,Mujeres,24.0,356578.0,29377.0,
2020,entidad,06,Colima,9010,Chontal insuficientemente especificado,,Mujeres,12.0,356578.0,29377.0,
2020,entidad,06,Colima,0508,Tlapaneco,oto-mangue,Mujeres,6.0,356578.0,29377.0,
2020,entidad,06,Colima,0208,Mayo,yuto-nahua,Mujeres,4.0,356578.0,29377.0,
2020,entidad,06,Colima,0509,Mazateco,oto-mangue,Mujeres,4.0,356578.0,29377.0,
2020,entidad,06,Colima,0211,Náhuatl,yuto-nahua,Total,2074.0,698161.0,58542.0,0.000315
2020,entidad,06,Colima,0516,Mixteco,oto-mangue,Total,1094.0,698161.0,58542.0,0.000326
2020,entidad,06,Colima,0801,Tarasco (purépecha),tarasca,Total,380.0,698161.0,58542.0,3.6e-05
2020,entidad,06,Colima,0513,Zapoteco,oto-mangue,Total,268.0,698161.0,58542.0,7.6e-05
2020,entidad,06,Colima,9000,No especificado,,Total,136.0,698161.0,58542.0,1e-06
2020,entidad,06,Colima,0502,Mazahua,oto-mangue,Total,123.0,698161.0,58542.0,3.9e-05
2020,entidad,06,Colima,0501,Otomí,oto-mangue,Total,79.0,698161.0,58542.0,
2020,entidad,06,Colima,0607,Tsotsil,maya,Total,61.0,698161.0,58542.0,0.0
2020,entidad,06,Colima,0205,Tarahumara,yuto-nahua,Total,60.0,698161.0,58542.0,0.0
2020,entidad,06,Colima,0515,Amuzgo,oto-mangue,Total,43.0,698161.0,58542.0,
2020,entidad,06,Colima,0701,Totonaco,totonaco-tepehua,Total,37.0,698161.0,58542.0,
2020,entidad,06,Colima,0602,Maya,maya,Total,31.0,698161.0,58542.0,
2020,entidad,06,Colima,0508,Tlapaneco,oto-mangue,Total,30.0,698161.0,58542.0,
2020,entidad,06,Colima,0601,Huasteco,maya,Total,30.0,698161.0,58542.0,
2020,entidad,06,Colima,9030,Popoluca insuficientemente especificado,,Total,25.0,698161.0,58542.0,
2020,entidad,06,Colima,0506,Chichimeco jonaz,oto-mangue,Total,24.0,698161.0,58542.0,
2020,entidad,06,Colima,0907,Zoque,mixe-zoque,Total,18.0,698161.0,58542.0,
2020,entidad,06,Colima,0901,Mixe,mixe-zoque,Total,17.0,698161.0,58542.0,
2020,entidad,06,Colima,0208,Mayo,yuto-nahua,Total,16.0,698161.0,58542.0,
2020,entidad,06,Colima,8000,Otras lenguas indígenas de América,,Total,12.0,698161.0,58542.0,
2020,entidad,06,Colima,9010,Chontal insuficientemente especificado,,Total,12.0,698161.0,58542.0,
2020,entidad,06,Colima,0509,Mazateco,oto-mangue,Total,4.0,698161.0,58542.0,
2020,entidad,06,Colima,0604,Ch'ol,maya,Total,3.0,698161.0,58542.0,
2020,entidad,07,Chiapas,0606,Tseltal,maya,Hombres,318838.0,2521681.0,574417.0,0.015657
2020,entidad,07,Chiapas,0607,Tsotsil,maya,Hombres,259189.0,2521681.0,574417.0,0.004188
2020,entidad,07,Chiapas,0604,Ch'ol,maya,Hombres,98579.0,2521681.0,574417.0,0.003241
2020,entidad,07,Chiapas,0613,Tojolabal,maya,Hombres,48396.0,2521681.0,574417.0,0.010707
2020,entidad,07,Chiapas,0907,Zoque,mixe-zoque,Hombres,29643.0,2521681.0,574417.0,0.001203
2020,entidad,07,Chiapas,0618,Mam,maya,Hombres,3432.0,2521681.0,574417.0,0.000174
2020,entidad,07,Chiapas,0612,Chuj,maya,Hombres,3265.0,2521681.0,574417.0,0.000203
2020,entidad,07,Chiapas,0608,Q'anjob'al,maya,Hombres,2059.0,2521681.0,574417.0,0.000181
2020,entidad,07,Chiapas,0513,Zapoteco,oto-mangue,Hombres,1733.0,2521681.0,574417.0,1.5e-05
2020,entidad,07,Chiapas,0609,Akateko,maya,Hombres,738.0,2521681.0,574417.0,6.7e-05
2020,entidad,07,Chiapas,0602,Maya,maya,Hombres,514.0,2521681.0,574417.0,3.5e-05
2020,entidad,07,Chiapas,9000,No especificado,,Hombres,292.0,2521681.0,574417.0,2e-06
2020,entidad,07,Chiapas,0901,Mixe,mixe-zoque,Hombres,212.0,2521681.0,574417.0,2.2e-05
2020,entidad,07,Chiapas,0507,Chinanteco,oto-mangue,Hombres,208.0,2521681.0,574417.0,2.2e-05
2020,entidad,07,Chiapas,0211,Náhuatl,yuto-nahua,Hombres,189.0,2521681.0,574417.0,4e-06
2020,entidad,07,Chiapas,0614,Q'eqchi',maya,Hombres,183.0,2521681.0,574417.0,2.3e-05
2020,entidad,07,Chiapas,0610,Jakalteko,maya,Hombres,171.0,2521681.0,574417.0,1.2e-05
2020,entidad,07,Chiapas,0516,Mixteco,oto-mangue,Hombres,148.0,2521681.0,574417.0,0.0
2020,entidad,07,Chiapas,0615,K'iche',maya,Hombres,129.0,2521681.0,574417.0,2e-06
2020,entidad,07,Chiapas,0701,Totonaco,totonaco-tepehua,Hombres,78.0,2521681.0,574417.0,
2020,entidad,07,Chiapas,0611,Qato'k,maya,Hombres,75.0,2521681.0,574417.0,6e-06
2020,entidad,07,Chiapas,0617,Teko,maya,Hombres,60.0,2521681.0,574417.0,3e-06
2020,entidad,07,Chiapas,0616,Kaqchikel,maya,Hombres,48.0,2521681.0,574417.0,
2020,entidad,07,Chiapas,8000,Otras lenguas indígenas de América,,Hombres,48.0,2521681.0,574417.0,0.0
2020,entidad,07,Chiapas,9010,Chontal insuficientemente especificado,,Hombres,30.0,2521681.0,574417.0,
2020,entidad,07,Chiapas,0601,Huasteco,maya,Hombres,22.0,2521681.0,574417.0,0.0
2020,entidad,07,Chiapas,0508,Tlapaneco,oto-mangue,Hombres,18.0,2521681.0,574417.0,
2020,entidad,07,Chiapas,0509,Mazateco,oto-mangue,Hombres,18.0,2521681.0,574417.0,
2020,entidad,07,Chiapas,0502,Mazahua,oto-mangue,Hombres,11.0,2521681.0,574417.0,
2020,entidad,07,Chiapas,0603,Lacandón,maya,Hombres,11.0,2521681.0,574417.0,0.0
2020,entidad,07,Chiapas,1101,Huave,huave,Hombres,11.0,2521681.0,574417.0,
2020,entidad,07,Chiapas,0501,Otomí,oto-mangue,Hombres,9.0,2521681.0,574417.0,
2020,entidad,07,Chiapas,0514,Chatino,oto-mangue,Hombres,8.0,2521681.0,574417.0,
2020,entidad,07,Chiapas,0801,Tarasco (purépecha),tarasca,Hombres,8.0,2521681.0,574417.0,
2020,entidad,07,Chiapas,0515,Amuzgo,oto-mangue,Hombres,7.0,2521681.0,574417.0,
2020,entidad,07,Chiapas,0205,Tarahumara,yuto-nahua,Hombres,3.0,2521681.0,574417.0,
2020,entidad,07,Chiapas,0505,Pame,oto-mangue,Hombres,3.0,2521681.0,574417.0,
2020,entidad,07,Chiapas,9030,Popoluca insuficientemente especificado,,Hombres,3.0,2521681.0,574417.0,
2020,entidad,07,Chiapas,0620,Ixil,maya,Hombres,2.0,2521681.0,574417.0,
2020,entidad,07,Chiapas,0606,Tseltal,maya,Mujeres,326840.0,2661206.0,607513.0,0.015121
2020,entidad,07,Chiapas,0607,Tsotsil,maya,Mujeres,276254.0,2661206.0,607513.0,0.004089
2020,entidad,07,Chiapas,0604,Ch'ol,maya,Mujeres,100482.0,2661206.0,607513.0,0.00311
2020,entidad,07,Chiapas,0613,Tojolabal,maya,Mujeres,50844.0,2661206.0,607513.0,0.0104
2020,entidad,07,Chiapas,0907,Zoque,mixe-zoque,Mujeres,30440.0,2661206.0,607513.0,0.001127
2020,entidad,07,Chiapas,0612,Chuj,maya,Mujeres,3088.0,2661206.0,607513.0,0.000172
2020,entidad,07,Chiapas,0618,Mam,maya,Mujeres,2560.0,2661206.0,607513.0,0.000115
2020,entidad,07,Chiapas,0608,Q'anjob'al,maya,Mujeres,2490.0,2661206.0,607513.0,0.000212
2020,entidad,07,Chiapas,0513,Zapoteco,oto-mangue,Mujeres,1514.0,2661206.0,607513.0,2.9e-05
2020,entidad,07,Chiapas,0609,Akateko,maya,Mujeres,942.0,2661206.0,607513.0,8.3e-05
2020,entidad,07,Chiapas,0602,Maya,maya,Mujeres,466.0,2661206.0,607513.0,2.1e-05
2020,entidad,07,Chiapas,9000,No especificado,,Mujeres,456.0,2661206.0,607513.0,1e-06
2020,entidad,07,Chiapas,0211,Náhuatl,yuto-nahua,Mujeres,328.0,2661206.0,607513.0,5e-06
2020,entidad,07,Chiapas,0614,Q'eqchi',maya,Mujeres,228.0,2661206.0,607513.0,2e-05
2020,entidad,07,Chiapas,0516,Mixteco,oto-mangue,Mujeres,197.0,2661206.0,607513.0,2e-06
2020,entidad,07,Chiapas,0901,Mixe,mixe-zoque,Mujeres,151.0,2661206.0,607513.0,0.0
2020,entidad,07,Chiapas,0507,Chinanteco,oto-mangue,Mujeres,145.0,2661206.0,607513.0,1e-05
2020,entidad,07,Chiapas,0615,K'iche',maya,Mujeres,145.0,2661206.0,607513.0,2e-06
2020,entidad,07,Chiapas,0610,Jakalteko,maya,Mujeres,140.0,2661206.0,607513.0,1.1e-05
2020,entidad,07,Chiapas,0701,Totonaco,totonaco-tepehua,Mujeres,75.0,2661206.0,607513.0,0.0
2020,entidad,07,Chiapas,8000,Otras lenguas indígenas de América,,Mujeres,68.0,2661206.0,607513.0,2e-06
2020,entidad,07,Chiapas,0508,Tlapaneco,oto-mangue,Mujeres,45.0,2661206.0,607513.0,
2020,entidad,07,Chiapas,0611,Qato'k,maya,Mujeres,35.0,2661206.0,607513.0,3e-06
2020,entidad,07,Chiapas,0509,Mazateco,oto-mangue,Mujeres,34.0,2661206.0,607513.0,0.0
2020,entidad,07,Chiapas,0616,Kaqchikel,maya,Mujeres,29.0,2661206.0,607513.0,0.0
2020,entidad,07,Chiapas,0501,Otomí,oto-mangue,Mujeres,24.0,2661206.0,607513.0,
2020,entidad,07,Chiapas,9030,Popoluca insuficientemente especificado,,Mujeres,24.0,2661206.0,607513.0,1e-06
2020,entidad,07,Chiapas,9010,Chontal insuficientemente especificado,,Mujeres,22.0,2661206.0,607513.0,
2020,entidad,07,Chiapas,0617,Teko,maya,Mujeres,17.0,2661206.0,607513.0,1e-06
2020,entidad,07,Chiapas,0514,Chatino,oto-mangue,Mujeres,16.0,2661206.0,607513.0,
2020,entidad,07,Chiapas,1101,Huave,huave,Mujeres,14.0,2661206.0,607513.0,
2020,entidad,07,Chiapas,0601,Huasteco,maya,Mujeres,13.0,2661206.0,607513.0,
2020,entidad,07,Chiapas,0518,Triqui,oto-mangue,Mujeres,11.0,2661206.0,607513.0,
2020,entidad,07,Chiapas,0603,Lacandón,maya,Mujeres,11.0,2661206.0,607513.0,0.0
2020,entidad,07,Chiapas,0515,Amuzgo,oto-mangue,Mujeres,7.0,2661206.0,607513.0,
2020,entidad,07,Chiapas,0210,Huichol,yuto-nahua,Mujeres,4.0,2661206.0,607513.0,
2020,entidad,07,Chiapas,0205,Tarahumara,yuto-nahua,Mujeres,3.0,2661206.0,607513.0,
2020,entidad,07,Chiapas,0517,Cuicateco,oto-mangue,Mujeres,3.0,2661206.0,607513.0,
2020,entidad,07,Chiapas,0208,Mayo,yuto-nahua,Mujeres,2.0,2661206.0,607513.0,
2020,entidad,07,Chiapas,0502,Mazahua,oto-mangue,Mujeres,1.0,2661206.0,607513.0,
2020,entidad,07,Chiapas,0605,Chontal de Tabasco,maya,Mujeres,1.0,2661206.0,607513.0,
2020,entidad,07,Chiapas,0801,Tarasco (purépecha),tarasca,Mujeres,1.0,2661206.0,607513.0,
2020,entidad,07,Chiapas,0606,Tseltal,maya,Total,645678.0,5182887.0,1181930.0,0.015461
2020,entidad,07,Chiapas,0607,Tsotsil,maya,Total,535443.0,5182887.0,1181930.0,0.004163
2020,entidad,07,Chiapas,0604,Ch'ol,maya,Total,199061.0,5182887.0,1181930.0,0.003201
2020,entidad,07,Chiapas,0613,Tojolabal,maya,Total,99240.0,5182887.0,1181930.0,0.010547
2020,entidad,07,Chiapas,0907,Zoque,mixe-zoque,Total,60083.0,5182887.0,1181930.0,0.001168
2020,entidad,07,Chiapas,0612,Chuj,maya,Total,6353.0,5182887.0,1181930.0,0.000191
2020,entidad,07,Chiapas,0618,Mam,maya,Total,5992.0,5182887.0,1181930.0,0.000152
2020,entidad,07,Chiapas,0608,Q'anjob'al,maya,Total,4549.0,5182887.0,1181930.0,0.000205
2020,entidad,07,Chiapas,0513,Zapoteco,oto-mangue,Total,3247.0,5182887.0,1181930.0,3e-05
2020,entidad,07,Chiapas,0609,Akateko,maya,Total,1680.0,5182887.0,1181930.0,7.7e-05
2020,entidad,07,Chiapas,0602,Maya,maya,Total,980.0,5182887.0,1181930.0,2.9e-05
2020,entidad,07,Chiapas,9000,No especificado,,Total,748.0,5182887.0,1181930.0,3e-06
2020,entidad,07,Chiapas,0211,Náhuatl,yuto-nahua,Total,517.0,5182887.0,1181930.0,5e-06
2020,entidad,07,Chiapas,0614,Q'eqchi',maya,Total,411.0,5182887.0,1181930.0,2.3e-05
2020,entidad,07,Chiapas,0901,Mixe,mixe-zoque,Total,363.0,5182887.0,1181930.0,1.6e-05
2020,entidad,07,Chiapas,0507,Chinanteco,oto-mangue,Total,353.0,5182887.0,1181930.0,1.7e-05
2020,entidad,07,Chiapas,0516,Mixteco,oto-mangue,Total,345.0,5182887.0,1181930.0,1e-06
2020,entidad,07,Chiapas,0610,Jakalteko,maya,Total,311.0,5182887.0,1181930.0,1.1e-05
2020,entidad,07,Chiapas,0615,K'iche',maya,Total,274.0,5182887.0,1181930.0,6e-06
2020,entidad,07,Chiapas,0701,Totonaco,totonaco-tepehua,Total,153.0,5182887.0,1181930.0,1e-06
2020,entidad,07,Chiapas,8000,Otras lenguas indígenas de América,,Total,116.0,5182887.0,1181930.0,2e-06
2020,entidad,07,Chiapas,0611,Qato'k,maya,Total,110.0,5182887.0,1181930.0,4e-06
2020,entidad,07,Chiapas,0616,Kaqchikel,maya,Total,77.0,5182887.0,1181930.0,0.0
2020,entidad,07,Chiapas,0617,Teko,maya,Total,77.0,5182887.0,1181930.0,2e-06
2020,entidad,07,Chiapas,0508,Tlapaneco,oto-mangue,Total,63.0,5182887.0,1181930.0,
2020,entidad,07,Chiapas,0509,Mazateco,oto-mangue,Total,52.0,5182887.0,1181930.0,1e-06
2020,entidad,07,Chiapas,9010,Chontal insuficientemente especificado,,Total,52.0,5182887.0,1181930.0,
2020,entidad,07,Chiapas,0601,Huasteco,maya,Total,35.0,5182887.0,1181930.0,1e-06
2020,entidad,07,Chiapas,0501,Otomí,oto-mangue,Total,33.0,5182887.0,1181930.0,
2020,entidad,07,Chiapas,9030,Popoluca insuficientemente especificado,,Total,27.0,5182887.0,1181930.0,0.0
2020,entidad,07,Chiapas,1101,Huave,huave,Total,25.0,5182887.0,1181930.0,
2020,entidad,07,Chiapas,0514,Chatino,oto-mangue,Total,24.0,5182887.0,1181930.0,
2020,entidad,07,Chiapas,0603,Lacandón,maya,Total,22.0,5182887.0,1181930.0,1e-06
2020,entidad,07,Chiapas,0515,Amuzgo,oto-mangue,Total,14.0,5182887.0,1181930.0,
2020,entidad,07,Chiapas,0502,Mazahua,oto-mangue,Total,12.0,5182887.0,1181930.0,
2020,entidad,07,Chiapas,0518,Triqui,oto-mangue,Total,11.0,5182887.0,1181930.0,
2020,entidad,07,Chiapas,0801,Tarasco (purépecha),tarasca,Total,9.0,5182887.0,1181930.0,
2020,entidad,07,Chiapas,0205,Tarahumara,yuto-nahua,Total,6.0,5182887.0,1181930.0,
2020,entidad,07,Chiapas,0210,Huichol,yuto-nahua,Total,4.0,5182887.0,1181930.0,
2020,entidad,07,Chiapas,0505,Pame,oto-mangue,Total,3.0,5182887.0,1181930.0,
2020,entidad,07,Chiapas,0517,Cuicateco,oto-mangue,Total,3.0,5182887.0,1181930.0,
2020,entidad,07,Chiapas,0208,Mayo,yuto-nahua,Total,2.0,5182887.0,1181930.0,
2020,entidad,07,Chiapas,0620,Ixil,maya,Total,2.0,5182887.0,1181930.0,
2020,entidad,07,Chiapas,0605,Chontal de Tabasco,maya,Total,1.0,5182887.0,1181930.0,
2020,entidad,08,Chihuahua,0205,Tarahumara,yuto-nahua,Hombres,43358.0,1754490.0,147837.0,0.000915
2020,entidad,08,Chihuahua,0203,Tepehuano del norte,yuto-nahua,Hombres,4871.0,1754490.0,147837.0,0.000495
2020,entidad,08,Chihuahua,0211,Náhuatl,yuto-nahua,Hombres,2226.0,1754490.0,147837.0,0.000198
2020,entidad,08,Chihuahua,0516,Mixteco,oto-mangue,Hombres,2121.0,1754490.0,147837.0,0.000147
2020,entidad,08,Chihuahua,0507,Chinanteco,oto-mangue,Hombres,2055.0,1754490.0,147837.0,0.000327
2020,entidad,08,Chihuahua,9000,No especificado,,Hombres,582.0,1754490.0,147837.0,1e-05
2020,entidad,08,Chihuahua,0202,Pima,yuto-nahua,Hombres,449.0,1754490.0,147837.0,0.000123
2020,entidad,08,Chihuahua,0502,Mazahua,oto-mangue,Hombres,401.0,1754490.0,147837.0,4.4e-05
2020,entidad,08,Chihuahua,0509,Mazateco,oto-mangue,Hombres,339.0,1754490.0,147837.0,0.0
2020,entidad,08,Chihuahua,0501,Otomí,oto-mangue,Hombres,240.0,1754490.0,147837.0,3e-06
2020,entidad,08,Chihuahua,0206,Guarijío,yuto-nahua,Hombres,228.0,1754490.0,147837.0,3.1e-05
2020,entidad,08,Chihuahua,0607,Tsotsil,maya,Hombres,227.0,1754490.0,147837.0,
2020,entidad,08,Chihuahua,8000,Otras lenguas indígenas de América,,Hombres,187.0,1754490.0,147837.0,1e-06
2020,entidad,08,Chihuahua,0513,Zapoteco,oto-mangue,Hombres,169.0,1754490.0,147837.0,1e-06
2020,entidad,08,Chihuahua,0515,Amuzgo,oto-mangue,Hombres,147.0,1754490.0,147837.0,
2020,entidad,08,Chihuahua,0602,Maya,maya,Hombres,142.0,1754490.0,147837.0,
2020,entidad,08,Chihuahua,1101,Huave,huave,Hombres,112.0,1754490.0,147837.0,
2020,entidad,08,Chihuahua,0901,Mixe,mixe-zoque,Hombres,103.0,1754490.0,147837.0,
2020,entidad,08,Chihuahua,0508,Tlapaneco,oto-mangue,Hombres,102.0,1754490.0,147837.0,1.1e-05
2020,entidad,08,Chihuahua,0907,Zoque,mixe-zoque,Hombres,71.0,1754490.0,147837.0,
2020,entidad,08,Chihuahua,0801,Tarasco (purépecha),tarasca,Hombres,30.0,1754490.0,147837.0,
2020,entidad,08,Chihuahua,0209,Cora,yuto-nahua,Hombres,22.0,1754490.0,147837.0,
2020,entidad,08,Chihuahua,0606,Tseltal,maya,Hombres,12.0,1754490.0,147837.0,
2020,entidad,08,Chihuahua,0210,Huichol,yuto-nahua,Hombres,8.0,1754490.0,147837.0,0.0
2020,entidad,08,Chihuahua,0518,Triqui,oto-mangue,Hombres,8.0,1754490.0,147837.0,
2020,entidad,08,Chihuahua,0702,Tepehua,totonaco-tepehua,Hombres,7.0,1754490.0,147837.0,
2020,entidad,08,Chihuahua,0208,Mayo,yuto-nahua,Hombres,6.0,1754490.0,147837.0,1e-06
2020,entidad,08,Chihuahua,0604,Ch'ol,maya,Hombres,6.0,1754490.0,147837.0,
2020,entidad,08,Chihuahua,0701,Totonaco,totonaco-tepehua,Hombres,6.0,1754490.0,147837.0,
2020,entidad,08,Chihuahua,9030,Popoluca insuficientemente especificado,,Hombres,6.0,1754490.0,147837.0,
2020,entidad,08,Chihuahua,0601,Huasteco,maya,Hombres,5.0,1754490.0,147837.0,
2020,entidad,08,Chihuahua,0613,Tojolabal,maya,Hombres,5.0,1754490.0,147837.0,
2020,entidad,08,Chihuahua,0207,Yaqui,yuto-nahua,Hombres,4.0,1754490.0,147837.0,
2020,entidad,08,Chihuahua,0505,Pame,oto-mangue,Hombres,2.0,1754490.0,147837.0,
2020,entidad,08,Chihuahua,0205,Tarahumara,yuto-nahua,Mujeres,46531.0,1804020.0,148725.0,0.000991
2020,entidad,08,Chihuahua,0203,Tepehuano del norte,yuto-nahua,Mujeres,5254.0,1804020.0,148725.0,0.000465
2020,entidad,08,Chihuahua,0516,Mixteco,oto-mangue,Mujeres,2293.0,1804020.0,148725.0,0.00013
2020,entidad,08,Chihuahua,0211,Náhuatl,yuto-nahua,Mujeres,1534.0,1804020.0,148725.0,0.000144
2020,entidad,08,Chihuahua,0507,Chinanteco,oto-mangue,Mujeres,1121.0,1804020.0,148725.0,6.9e-05
2020,entidad,08,Chihuahua,9000,No especificado,,Mujeres,587.0,1804020.0,148725.0,7e-06
2020,entidad,08,Chihuahua,0202,Pima,yuto-nahua,Mujeres,493.0,1804020.0,148725.0,0.000121
2020,entidad,08,Chihuahua,0513,Zapoteco,oto-mangue,Mujeres,424.0,1804020.0,148725.0,9e-06
2020,entidad,08,Chihuahua,0502,Mazahua,oto-mangue,Mujeres,408.0,1804020.0,148725.0,4e-06
2020,entidad,08,Chihuahua,0206,Guarijío,yuto-nahua,Mujeres,394.0,1804020.0,148725.0,3.1e-05
2020,entidad,08,Chihuahua,9030,Popoluca insuficientemente especificado,,Mujeres,329.0,1804020.0,148725.0,5.9e-05
2020,entidad,08,Chihuahua,0602,Maya,maya,Mujeres,250.0,1804020.0,148725.0,1.1e-05
2020,entidad,08,Chihuahua,0607,Tsotsil,maya,Mujeres,219.0,1804020.0,148725.0,
2020,entidad,08,Chihuahua,0509,Mazateco,oto-mangue,Mujeres,196.0,1804020.0,148725.0,
2020,entidad,08,Chihuahua,0515,Amuzgo,oto-mangue,Mujeres,150.0,1804020.0,148725.0,
2020,entidad,08,Chihuahua,0508,Tlapaneco,oto-mangue,Mujeres,78.0,1804020.0,148725.0,1.4e-05
2020,entidad,08,Chihuahua,0601,Huasteco,maya,Mujeres,77.0,1804020.0,148725.0,
2020,entidad,08,Chihuahua,0907,Zoque,mixe-zoque,Mujeres,76.0,1804020.0,148725.0,
2020,entidad,08,Chihuahua,8000,Otras lenguas indígenas de América,,Mujeres,71.0,1804020.0,148725.0,
2020,entidad,08,Chihuahua,0518,Triqui,oto-mangue,Mujeres,36.0,1804020.0,148725.0,5e-06
2020,entidad,08,Chihuahua,0901,Mixe,mixe-zoque,Mujeres,36.0,1804020.0,148725.0,
2020,entidad,08,Chihuahua,0210,Huichol,yuto-nahua,Mujeres,13.0,1804020.0,148725.0,
2020,entidad,08,Chihuahua,0701,Totonaco,totonaco-tepehua,Mujeres,10.0,1804020.0,148725.0,
2020,entidad,08,Chihuahua,0606,Tseltal,maya,Mujeres,8.0,1804020.0,148725.0,
2020,entidad,08,Chihuahua,0702,Tepehua,totonaco-tepehua,Mujeres,8.0,1804020.0,148725.0,
2020,entidad,08,Chihuahua,0604,Ch'ol,maya,Mujeres,7.0,1804020.0,148725.0,
2020,entidad,08,Chihuahua,0801,Tarasco (purépecha),tarasca,Mujeres,4.0,1804020.0,148725.0,
2020,entidad,08,Chihuahua,0208,Mayo,yuto-nahua,Mujeres,2.0,1804020.0,148725.0,
2020,entidad,08,Chihuahua,9010,Chontal insuficientemente especificado,,Mujeres,2.0,1804020.0,148725.0,
2020,entidad,08,Chihuahua,0501,Otomí,oto-mangue,Mujeres,1.0,1804020.0,148725.0,
2020,entidad,08,Chihuahua,0205,Tarahumara,yuto-nahua,Total,89889.0,3558510.0,296562.0,0.000984
2020,entidad,08,Chihuahua,0203,Tepehuano del norte,yuto-nahua,Total,10125.0,3558510.0,296562.0,0.000485
2020,entidad,08,Chihuahua,0516,Mixteco,oto-mangue,Total,4414.0,3558510.0,296562.0,0.000152
2020,entidad,08,Chihuahua,0211,Náhuatl,yuto-nahua,Total,3760.0,3558510.0,296562.0,0.000203
2020,entidad,08,Chihuahua,0507,Chinanteco,oto-mangue,Total,3176.0,3558510.0,296562.0,0.000226
2020,entidad,08,Chihuahua,9000,No especificado,,Total,1169.0,3558510.0,296562.0,9e-06
2020,entidad,08,Chihuahua,0202,Pima,yuto-nahua,Total,942.0,3558510.0,296562.0,0.000133
2020,entidad,08,Chihuahua,0502,Mazahua,oto-mangue,Total,809.0,3558510.0,296562.0,3.8e-05
2020,entidad,08,Chihuahua,0206,Guarijío,yuto-nahua,Total,622.0,3558510.0,296562.0,3.2e-05
2020,entidad,08,Chihuahua,0513,Zapoteco,oto-mangue,Total,593.0,3558510.0,296562.0,9e-06
2020,entidad,08,Chihuahua,0509,Mazateco,oto-mangue,Total,535.0,3558510.0,296562.0,3.3e-05
2020,entidad,08,Chihuahua,0607,Tsotsil,maya,Total,446.0,3558510.0,296562.0,
2020,entidad,08,Chihuahua,0602,Maya,maya,Total,392.0,3558510.0,296562.0,5e-06
2020,entidad,08,Chihuahua,9030,Popoluca insuficientemente especificado,,Total,335.0,3558510.0,296562.0,3e-05
2020,entidad,08,Chihuahua,0515,Amuzgo,oto-mangue,Total,297.0,3558510.0,296562.0,
2020,entidad,08,Chihuahua,8000,Otras lenguas indígenas de América,,Total,258.0,3558510.0,296562.0,2e-05
2020,entidad,08,Chihuahua,0501,Otomí,oto-mangue,Total,241.0,3558510.0,296562.0,1e-06
2020,entidad,08,Chihuahua,0508,Tlapaneco,oto-mangue,Total,180.0,3558510.0,296562.0,1.3e-05
2020,entidad,08,Chihuahua,0907,Zoque,mixe-zoque,Total,147.0,3558510.0,296562.0,
2020,entidad,08,Chihuahua,0901,Mixe,mixe-zoque,Total,139.0,3558510.0,296562.0,
2020,entidad,08,Chihuahua,1101,Huave,huave,Total,112.0,3558510.0,296562.0,
2020,entidad,08,Chihuahua,0601,Huasteco,maya,Total,82.0,3558510.0,296562.0,
2020,entidad,08,Chihuahua,0518,Triqui,oto-mangue,Total,44.0,3558510.0,296562.0,3e-06
2020,entidad,08,Chihuahua,0801,Tarasco (purépecha),tarasca,Total,34.0,3558510.0,296562.0,
2020,entidad,08,Chihuahua,0209,Cora,yuto-nahua,Total,22.0,3558510.0,296562.0,
2020,entidad,08,Chihuahua,0210,Huichol,yuto-nahua,Total,21.0,3558510.0,296562.0,0.0
2020,entidad,08,Chihuahua,0606,Tseltal,maya,Total,20.0,3558510.0,296562.0,
2020,entidad,08,Chihuahua,0701,Totonaco,totonaco-tepehua,Total,16.0,3558510.0,296562.0,
2020,entidad,08,Chihuahua,0702,Tepehua,totonaco-tepehua,Total,15.0,3558510.0,296562.0,
2020,entidad,08,Chihuahua,0604,Ch'ol,maya,Total,13.0,3558510.0,296562.0,
2020,entidad,08,Chihuahua,0208,Mayo,yuto-nahua,Total,8.0,3558510.0,296562.0,0.0
2020,entidad,08,Chihuahua,0613,Tojolabal,maya,Total,5.0,3558510.0,296562.0,
2020,entidad,08,Chihuahua,0207,Yaqui,yuto-nahua,Total,4.0,3558510.0,296562.0,
2020,entidad,08,Chihuahua,0505,Pame,oto-mangue,Total,2.0,3558510.0,296562.0,
2020,entidad,08,Chihuahua,9010,Chontal insuficientemente especificado,,Total,2.0,3558510.0,296562.0,
2020,entidad,09,Ciudad de México,0211,Náhuatl,yuto-nahua,Hombres,18816.0,4237588.0,127693.0,0.000158
2020,entidad,09,Ciudad de México,0501,Otomí,oto-mangue,Hombres,8013.0,4237588.0,127693.0,0.000462
2020,entidad,09,Ciudad de México,0509,Mazateco,oto-mangue,Hombres,7544.0,4237588.0,127693.0,0.000123
2020,entidad,09,Ciudad de México,0516,Mixteco,oto-mangue,Hombres,7222.0,4237588.0,127693.0,0.00013
2020,entidad,09,Ciudad de México,0513,Zapoteco,oto-mangue,Hombres,5972.0,4237588.0,127693.0,8.5e-05
2020,entidad,09,Ciudad de México,0502,Mazahua,oto-mangue,Hombres,4877.0,4237588.0,127693.0,0.000104
2020,entidad,09,Ciudad de México,0701,Totonaco,totonaco-tepehua,Hombres,3557.0,4237588.0,127693.0,8.3e-05
2020,entidad,09,Ciudad de México,0507,Chinanteco,oto-mangue,Hombres,2192.0,4237588.0,127693.0,7.9e-05
2020,entidad,09,Ciudad de México,0901,Mixe,mixe-zoque,Hombres,1730.0,4237588.0,127693.0,4.4e-05
2020,entidad,09,Ciudad de México,9000,No especificado,,Hombres,1285.0,4237588.0,127693.0,1.5e-05
2020,entidad,09,Ciudad de México,0606,Tseltal,maya,Hombres,1174.0,4237588.0,127693.0,0.000125
2020,entidad,09,Ciudad de México,0602,Maya,maya,Hombres,948.0,4237588.0,127693.0,7e-06
2020,entidad,09,Ciudad de México,0508,Tlapaneco,oto-mangue,Hombres,772.0,4237588.0,127693.0,2.1e-05
2020,entidad,09,Ciudad de México,0518,Triqui,oto-mangue,Hombres,684.0,4237588.0,127693.0,
2020,entidad,09,Ciudad de México,0801,Tarasco (purépecha),tarasca,Hombres,484.0,4237588.0,127693.0,0.0
2020,entidad,09,Ciudad de México,0601,Huasteco,maya,Hombres,466.0,4237588.0,127693.0,0.0
2020,entidad,09,Ciudad de México,0607,Tsotsil,maya,Hombres,390.0,4237588.0,127693.0,1e-06
2020,entidad,09,Ciudad de México,0512,Popoloca,oto-mangue,Hombres,367.0,4237588.0,127693.0,
2020,entidad,09,Ciudad de México,8000,Otras lenguas indígenas de América,,Hombres,262.0,4237588.0,127693.0,1e-06
2020,entidad,09,Ciudad de México,9010,Chontal insuficientemente especificado,,Hombres,103.0,4237588.0,127693.0,
2020,entidad,09,Ciudad de México,0613,Tojolabal,maya,Hombres,102.0,4237588.0,127693.0,0.0
2020,entidad,09,Ciudad de México,0702,Tepehua,totonaco-tepehua,Hombres,92.0,4237588.0,127693.0,
2020,entidad,09,Ciudad de México,0515,Amuzgo,oto-mangue,Hombres,81.0,4237588.0,127693.0,
2020,entidad,09,Ciudad de México,0517,Cuicateco,oto-mangue,Hombres,76.0,4237588.0,127693.0,
2020,entidad,09,Ciudad de México,0208,Mayo,yuto-nahua,Hombres,64.0,4237588.0,127693.0,
2020,entidad,09,Ciudad de México,0207,Yaqui,yuto-nahua,Hombres,61.0,4237588.0,127693.0,
2020,entidad,09,Ciudad de México,0608,Q'anjob'al,maya,Hombres,58.0,4237588.0,127693.0,
2020,entidad,09,Ciudad de México,0604,Ch'ol,maya,Hombres,56.0,4237588.0,127693.0,0.0
2020,entidad,09,Ciudad de México,9030,Popoluca insuficientemente especificado,,Hombres,54.0,4237588.0,127693.0,
2020,entidad,09,Ciudad de México,0503,Matlatzinca,oto-mangue,Hombres,53.0,4237588.0,127693.0,
2020,entidad,09,Ciudad de México,0612,Chuj,maya,Hombres,50.0,4237588.0,127693.0,
2020,entidad,09,Ciudad de México,0618,Mam,maya,Hombres,39.0,4237588.0,127693.0,
2020,entidad,09,Ciudad de México,0205,Tarahumara,yuto-nahua,Hombres,29.0,4237588.0,127693.0,
2020,entidad,09,Ciudad de México,0211,Náhuatl,yuto-nahua,Mujeres,19522.0,4653638.0,139952.0,0.000147
2020,entidad,09,Ciudad de México,0501,Otomí,oto-mangue,Mujeres,9364.0,4653638.0,139952.0,0.000463
2020,entidad,09,Ciudad de México,0516,Mixteco,oto-mangue,Mujeres,9062.0,4653638.0,139952.0,0.000129
2020,entidad,09,Ciudad de México,0509,Mazateco,oto-mangue,Mujeres,8946.0,4653638.0,139952.0,0.000122
2020,entidad,09,Ciudad de México,0513,Zapoteco,oto-mangue,Mujeres,5850.0,4653638.0,139952.0,9.5e-05
2020,entidad,09,Ciudad de México,0502,Mazahua,oto-mangue,Mujeres,5804.0,4653638.0,139952.0,8.6e-05
2020,entidad,09,Ciudad de México,0701,Totonaco,totonaco-tepehua,Mujeres,3684.0,4653638.0,139952.0,5.5e-05
2020,entidad,09,Ciudad de México,0507,Chinanteco,oto-mangue,Mujeres,2032.0,4653638.0,139952.0,4e-05
2020,entidad,09,Ciudad de México,0901,Mixe,mixe-zoque,Mujeres,2019.0,4653638.0,139952.0,2.4e-05
2020,entidad,09,Ciudad de México,0606,Tseltal,maya,Mujeres,1308.0,4653638.0,139952.0,7.9e-05
2020,entidad,09,Ciudad de México,0508,Tlapaneco,oto-mangue,Mujeres,1256.0,4653638.0,139952.0,6e-05
2020,entidad,09,Ciudad de México,0518,Triqui,oto-mangue,Mujeres,1013.0,4653638.0,139952.0,
2020,entidad,09,Ciudad de México,9000,No especificado,,Mujeres,944.0,4653638.0,139952.0,1.1e-05
2020,entidad,09,Ciudad de México,0801,Tarasco (purépecha),tarasca,Mujeres,896.0,4653638.0,139952.0,2.5e-05
2020,entidad,09,Ciudad de México,0602,Maya,maya,Mujeres,516.0,4653638.0,139952.0,5e-06
2020,entidad,09,Ciudad de México,0604,Ch'ol,maya,Mujeres,455.0,4653638.0,139952.0,4.6e-05
2020,entidad,09,Ciudad de México,0512,Popoloca,oto-mangue,Mujeres,278.0,4653638.0,139952.0,1e-06
2020,entidad,09,Ciudad de México,0607,Tsotsil,maya,Mujeres,270.0,4653638.0,139952.0,
2020,entidad,09,Ciudad de México,0601,Huasteco,maya,Mujeres,254.0,4653638.0,139952.0,4e-06
2020,entidad,09,Ciudad de México,8000,Otras lenguas indígenas de América,,Mujeres,225.0,4653638.0,139952.0,1e-06
2020,entidad,09,Ciudad de México,0515,Amuzgo,oto-mangue,Mujeres,120.0,4653638.0,139952.0,
2020,entidad,09,Ciudad de México,0503,Matlatzinca,oto-mangue,Mujeres,107.0,4653638.0,139952.0,
2020,entidad,09,Ciudad de México,9010,Chontal insuficientemente especificado,,Mujeres,90.0,4653638.0,139952.0,
2020,entidad,09,Ciudad de México,0517,Cuicateco,oto-mangue,Mujeres,89.0,4653638.0,139952.0,
2020,entidad,09,Ciudad de México,1001,Chontal de Oaxaca,chontal de Oaxaca,Mujeres,89.0,4653638.0,139952.0,
2020,entidad,09,Ciudad de México,0207,Yaqui,yuto-nahua,Mujeres,88.0,4653638.0,139952.0,
2020,entidad,09,Ciudad de México,0511,Chocholteco,oto-mangue,Mujeres,73.0,4653638.0,139952.0,
2020,entidad,09,Ciudad de México,0907,Zoque,mixe-zoque,Mujeres,67.0,4653638.0,139952.0,
2020,entidad,09,Ciudad de México,0615,K'iche',maya,Mujeres,38.0,4653638.0,139952.0,
2020,entidad,09,Ciudad de México,0702,Tepehua,totonaco-tepehua,Mujeres,27.0,4653638.0,139952.0,
2020,entidad,09,Ciudad de México,0610,Jakalteko,maya,Mujeres,24.0,4653638.0,139952.0,
2020,entidad,09,Ciudad de México,0205,Tarahumara,yuto-nahua,Mujeres,18.0,4653638.0,139952.0,
2020,entidad,09,Ciudad de México,0211,Náhuatl,yuto-nahua,Total,38338.0,8891226.0,267645.0,0.000163
2020,entidad,09,Ciudad de México,0501,Otomí,oto-mangue,Total,17377.0,8891226.0,267645.0,0.00047
2020,entidad,09,Ciudad de México,0509,Mazateco,oto-mangue,Total,16490.0,8891226.0,267645.0,0.000133
2020,entidad,09,Ciudad de México,0516,Mixteco,oto-mangue,Total,16284.0,8891226.0,267645.0,0.000133
2020,entidad,09,Ciudad de México,0513,Zapoteco,oto-mangue,Total,11822.0,8891226.0,267645.0,9e-05
2020,entidad,09,Ciudad de México,0502,Mazahua,oto-mangue,Total,10681.0,8891226.0,267645.0,9.2e-05
2020,entidad,09,Ciudad de México,0701,Totonaco,totonaco-tepehua,Total,7241.0,8891226.0,267645.0,7.9e-05
2020,entidad,09,Ciudad de México,0507,Chinanteco,oto-mangue,Total,4224.0,8891226.0,267645.0,6.2e-05
2020,entidad,09,Ciudad de México,0901,Mixe,mixe-zoque,Total,3749.0,8891226.0,267645.0,3.3e-05
2020,entidad,09,Ciudad de México,0606,Tseltal,maya,Total,2482.0,8891226.0,267645.0,0.000107
2020,entidad,09,Ciudad de México,9000,No especificado,,Total,2229.0,8891226.0,267645.0,1.8e-05
2020,entidad,09,Ciudad de México,0508,Tlapaneco,oto-mangue,Total,2028.0,8891226.0,267645.0,5.1e-05
2020,entidad,09,Ciudad de México,0518,Triqui,oto-mangue,Total,1697.0,8891226.0,267645.0,1e-06
2020,entidad,09,Ciudad de México,0602,Maya,maya,Total,1464.0,8891226.0,267645.0,1e-05
2020,entidad,09,Ciudad de México,0801,Tarasco (purépecha),tarasca,Total,1380.0,8891226.0,267645.0,2.9e-05
2020,entidad,09,Ciudad de México,0601,Huasteco,maya,Total,720.0,8891226.0,267645.0,2e-06
2020,entidad,09,Ciudad de México,0607,Tsotsil,maya,Total,660.0,8891226.0,267645.0,1e-06
2020,entidad,09,Ciudad de México,0512,Popoloca,oto-mangue,Total,645.0,8891226.0,267645.0,4e-06
2020,entidad,09,Ciudad de México,0604,Ch'ol,maya,Total,511.0,8891226.0,267645.0,2.4e-05
2020,entidad,09,Ciudad de México,8000,Otras lenguas indígenas de América,,Total,487.0,8891226.0,267645.0,6e-06
2020,entidad,09,Ciudad de México,0515,Amuzgo,oto-mangue,Total,201.0,8891226.0,267645.0,
2020,entidad,09,Ciudad de México,9010,Chontal insuficientemente especificado,,Total,193.0,8891226.0,267645.0,
2020,entidad,09,Ciudad de México,0517,Cuicateco,oto-mangue,Total,165.0,8891226.0,267645.0,0.0
2020,entidad,09,Ciudad de México,0503,Matlatzinca,oto-mangue,Total,160.0,8891226.0,267645.0,
2020,entidad,09,Ciudad de México,0207,Yaqui,yuto-nahua,Total,149.0,8891226.0,267645.0,0.0
2020,entidad,09,Ciudad de México,0702,Tepehua,totonaco-tepehua,Total,119.0,8891226.0,267645.0,
2020,entidad,09,Ciudad de México,0613,Tojolabal,maya,Total,102.0,8891226.0,267645.0,0.0
2020,entidad,09,Ciudad de México,1001,Chontal de Oaxaca,chontal de Oaxaca,Total,89.0,8891226.0,267645.0,
2020,entidad,09,Ciudad de México,0511,Chocholteco,oto-mangue,Total,73.0,8891226.0,267645.0,
2020,entidad,09,Ciudad de México,0907,Zoque,mixe-zoque,Total,67.0,8891226.0,267645.0,
2020,entidad,09,Ciudad de México,0208,Mayo,yuto-nahua,Total,64.0,8891226.0,267645.0,
2020,entidad,09,Ciudad de México,0608,Q'anjob'al,maya,Total,58.0,8891226.0,267645.0,
2020,entidad,09,Ciudad de México,9030,Popoluca insuficientemente especificado,,Total,54.0,8891226.0,267645.0,
2020,entidad,09,Ciudad de México,0612,Chuj,maya,Total,50.0,8891226.0,267645.0,
2020,entidad,09,Ciudad de México,0205,Tarahumara,yuto-nahua,Total,47.0,8891226.0,267645.0,
2020,entidad,09,Ciudad de México,0618,Mam,maya,Total,39.0,8891226.0,267645.0,
2020,entidad,09,Ciudad de México,0615,K'iche',maya,Total,38.0,8891226.0,267645.0,
2020,entidad,09,Ciudad de México,0610,Jakalteko,maya,Total,24.0,8891226.0,267645.0,
2020,entidad,10,Durango,0204,Tepehuano del sur,yuto-nahua,Hombres,19715.0,846546.0,119361.0,0.001441
2020,entidad,10,Durango,0210,Huichol,yuto-nahua,Hombres,1381.0,846546.0,119361.0,0.000457
2020,entidad,10,Durango,0211,Náhuatl,yuto-nahua,Hombres,856.0,846546.0,119361.0,0.000139
2020,entidad,10,Durango,0205,Tarahumara,yuto-nahua,Hombres,325.0,846546.0,119361.0,2.7e-05
2020,entidad,10,Durango,0209,Cora,yuto-nahua,Hombres,162.0,846546.0,119361.0,0.000116
2020,entidad,10,Durango,0502,Mazahua,oto-mangue,Hombres,153.0,846546.0,119361.0,1.7e-05
2020,entidad,10,Durango,0516,Mixteco,oto-mangue,Hombres,90.0,846546.0,119361.0,
2020,entidad,10,Durango,0203,Tepehuano del norte,yuto-nahua,Hombres,83.0,846546.0,119361.0,3.4e-05
2020,entidad,10,Durango,0701,Totonaco,totonaco-tepehua,Hombres,66.0,846546.0,119361.0,0.0
2020,entidad,10,Durango,0607,Tsotsil,maya,Hombres,61.0,846546.0,119361.0,
2020,entidad,10,Durango,0901,Mixe,mixe-zoque,Hombres,59.0,846546.0,119361.0,
2020,entidad,10,Durango,0507,Chinanteco,oto-mangue,Hombres,58.0,846546.0,119361.0,
2020,entidad,10,Durango,0606,Tseltal,maya,Hombres,58.0,846546.0,119361.0,
2020,entidad,10,Durango,0513,Zapoteco,oto-mangue,Hombres,56.0,846546.0,119361.0,2e-06
2020,entidad,10,Durango,9000,No especificado,,Hombres,53.0,846546.0,119361.0,5e-06
2020,entidad,10,Durango,0509,Mazateco,oto-mangue,Hombres,40.0,846546.0,119361.0,
2020,entidad,10,Durango,0601,Huasteco,maya,Hombres,32.0,846546.0,119361.0,
2020,entidad,10,Durango,0907,Zoque,mixe-zoque,Hombres,22.0,846546.0,119361.0,
2020,entidad,10,Durango,0501,Otomí,oto-mangue,Hombres,12.0,846546.0,119361.0,
2020,entidad,10,Durango,0514,Chatino,oto-mangue,Hombres,7.0,846546.0,119361.0,
2020,entidad,10,Durango,0702,Tepehua,totonaco-tepehua,Hombres,6.0,846546.0,119361.0,1e-06
2020,entidad,10,Durango,0801,Tarasco (purépecha),tarasca,Hombres,6.0,846546.0,119361.0,
2020,entidad,10,Durango,0602,Maya,maya,Hombres,5.0,846546.0,119361.0,
2020,entidad,10,Durango,0207,Yaqui,yuto-nahua,Hombres,2.0,846546.0,119361.0,
2020,entidad,10,Durango,0208,Mayo,yuto-nahua,Hombres,1.0,846546.0,119361.0,
2020,entidad,10,Durango,0204,Tepehuano del sur,yuto-nahua,Mujeres,20766.0,876949.0,120314.0,0.001359
2020,entidad,10,Durango,0210,Huichol,yuto-nahua,Mujeres,1481.0,876949.0,120314.0,0.000468
2020,entidad,10,Durango,0211,Náhuatl,yuto-nahua,Mujeres,738.0,876949.0,120314.0,0.000127
2020,entidad,10,Durango,9000,No especificado,,Mujeres,239.0,876949.0,120314.0,8.8e-05
2020,entidad,10,Durango,0209,Cora,yuto-nahua,Mujeres,194.0,876949.0,120314.0,0.000135
2020,entidad,10,Durango,0205,Tarahumara,yuto-nahua,Mujeres,192.0,876949.0,120314.0,2.9e-05
2020,entidad,10,Durango,0502,Mazahua,oto-mangue,Mujeres,160.0,876949.0,120314.0,4e-06
2020,entidad,10,Durango,0901,Mixe,mixe-zoque,Mujeres,90.0,876949.0,120314.0,
2020,entidad,10,Durango,0203,Tepehuano del norte,yuto-nahua,Mujeres,82.0,876949.0,120314.0,2.5e-05
2020,entidad,10,Durango,0602,Maya,maya,Mujeres,40.0,876949.0,120314.0,
2020,entidad,10,Durango,0702,Tepehua,totonaco-tepehua,Mujeres,31.0,876949.0,120314.0,5e-06
2020,entidad,10,Durango,0513,Zapoteco,oto-mangue,Mujeres,20.0,876949.0,120314.0,1e-06
2020,entidad,10,Durango,0701,Totonaco,totonaco-tepehua,Mujeres,19.0,876949.0,120314.0,
2020,entidad,10,Durango,0501,Otomí,oto-mangue,Mujeres,18.0,876949.0,120314.0,
2020,entidad,10,Durango,0604,Ch'ol,maya,Mujeres,7.0,876949.0,120314.0,
2020,entidad,10,Durango,9030,Popoluca insuficientemente especificado,,Mujeres,4.0,876949.0,120314.0,
2020,entidad,10,Durango,0516,Mixteco,oto-mangue,Mujeres,3.0,876949.0,120314.0,
2020,entidad,10,Durango,0508,Tlapaneco,oto-mangue,Mujeres,1.0,876949.0,120314.0,
2020,entidad,10,Durango,0607,Tsotsil,maya,Mujeres,1.0,876949.0,120314.0,
2020,entidad,10,Durango,0204,Tepehuano del sur,yuto-nahua,Total,40481.0,1723495.0,239675.0,0.001415
2020,entidad,10,Durango,0210,Huichol,yuto-nahua,Total,2862.0,1723495.0,239675.0,0.000467
2020,entidad,10,Durango,0211,Náhuatl,yuto-nahua,Total,1594.0,1723495.0,239675.0,0.000137
2020,entidad,10,Durango,0205,Tarahumara,yuto-nahua,Total,517.0,1723495.0,239675.0,3.2e-05
2020,entidad,10,Durango,0209,Cora,yuto-nahua,Total,356.0,1723495.0,239675.0,0.00013
2020,entidad,10,Durango,0502,Mazahua,oto-mangue,Total,313.0,1723495.0,239675.0,2.6e-05
2020,entidad,10,Durango,9000,No especificado,,Total,292.0,1723495.0,239675.0,4.5e-05
2020,entidad,10,Durango,0203,Tepehuano del norte,yuto-nahua,Total,165.0,1723495.0,239675.0,3e-05
2020,entidad,10,Durango,0901,Mixe,mixe-zoque,Total,149.0,1723495.0,239675.0,
2020,entidad,10,Durango,0516,Mixteco,oto-mangue,Total,93.0,1723495.0,239675.0,
2020,entidad,10,Durango,0701,Totonaco,totonaco-tepehua,Total,85.0,1723495.0,239675.0,1e-06
2020,entidad,10,Durango,0513,Zapoteco,oto-mangue,Total,76.0,1723495.0,239675.0,1e-06
2020,entidad,10,Durango,0607,Tsotsil,maya,Total,62.0,1723495.0,239675.0,
2020,entidad,10,Durango,0507,Chinanteco,oto-mangue,Total,58.0,1723495.0,239675.0,
2020,entidad,10,Durango,0606,Tseltal,maya,Total,58.0,1723495.0,239675.0,
2020,entidad,10,Durango,0602,Maya,maya,Total,45.0,1723495.0,239675.0,
2020,entidad,10,Durango,0509,Mazateco,oto-mangue,Total,40.0,1723495.0,239675.0,
2020,entidad,10,Durango,0702,Tepehua,totonaco-tepehua,Total,37.0,1723495.0,239675.0,3e-06
2020,entidad,10,Durango,0601,Huasteco,maya,Total,32.0,1723495.0,239675.0,
2020,entidad,10,Durango,0501,Otomí,oto-mangue,Total,30.0,1723495.0,239675.0,
2020,entidad,10,Durango,0907,Zoque,mixe-zoque,Total,22.0,1723495.0,239675.0,
2020,entidad,10,Durango,0514,Chatino,oto-mangue,Total,7.0,1723495.0,239675.0,
2020,entidad,10,Durango,0604,Ch'ol,maya,Total,7.0,1723495.0,239675.0,
2020,entidad,10,Durango,0801,Tarasco (purépecha),tarasca,Total,6.0,1723495.0,239675.0,
2020,entidad,10,Durango,9030,Popoluca insuficientemente especificado,,Total,4.0,1723495.0,239675.0,
2020,entidad,10,Durango,0207,Yaqui,yuto-nahua,Total,2.0,1723495.0,239675.0,
2020,entidad,10,Durango,0208,Mayo,yuto-nahua,Total,1.0,1723495.0,239675.0,
2020,entidad,10,Durango,0508,Tlapaneco,oto-mangue,Total,1.0,1723495.0,239675.0,
2020,entidad,11,Guanajuato,0211,Náhuatl,yuto-nahua,Hombres,1743.0,2815074.0,190958.0,5.2e-05
2020,entidad,11,Guanajuato,0506,Chichimeco jonaz,oto-mangue,Hombres,1314.0,2815074.0,190958.0,0.000136
2020,entidad,11,Guanajuato,0501,Otomí,oto-mangue,Hombres,843.0,2815074.0,190958.0,3.1e-05
2020,entidad,11,Guanajuato,0502,Mazahua,oto-mangue,Hombres,628.0,2815074.0,190958.0,2.2e-05
2020,entidad,11,Guanajuato,0901,Mixe,mixe-zoque,Hombres,547.0,2815074.0,190958.0,1.7e-05
2020,entidad,11,Guanajuato,9000,No especificado,,Hombres,515.0,2815074.0,190958.0,6e-06
2020,entidad,11,Guanajuato,0516,Mixteco,oto-mangue,Hombres,475.0,2815074.0,190958.0,9e-06
2020,entidad,11,Guanajuato,0513,Zapoteco,oto-mangue,Hombres,418.0,2815074.0,190958.0,2e-06
2020,entidad,11,Guanajuato,0509,Mazateco,oto-mangue,Hombres,228.0,2815074.0,190958.0,2.2e-05
2020,entidad,11,Guanajuato,0607,Tsotsil,maya,Hombres,185.0,2815074.0,190958.0,
2020,entidad,11,Guanajuato,0801,Tarasco (purépecha),tarasca,Hombres,168.0,2815074.0,190958.0,3e-06
2020,entidad,11,Guanajuato,0602,Maya,maya,Hombres,166.0,2815074.0,190958.0,1e-06
2020,entidad,11,Guanajuato,0601,Huasteco,maya,Hombres,114.0,2815074.0,190958.0,
2020,entidad,11,Guanajuato,0210,Huichol,yuto-nahua,Hombres,81.0,2815074.0,190958.0,
2020,entidad,11,Guanajuato,0701,Totonaco,totonaco-tepehua,Hombres,66.0,2815074.0,190958.0,0.0
2020,entidad,11,Guanajuato,9030,Popoluca insuficientemente especificado,,Hombres,54.0,2815074.0,190958.0,
2020,entidad,11,Guanajuato,0702,Tepehua,totonaco-tepehua,Hombres,38.0,2815074.0,190958.0,
2020,entidad,11,Guanajuato,0507,Chinanteco,oto-mangue,Hombres,37.0,2815074.0,190958.0,2e-06
2020,entidad,11,Guanajuato,0606,Tseltal,maya,Hombres,32.0,2815074.0,190958.0,0.0
2020,entidad,11,Guanajuato,0508,Tlapaneco,oto-mangue,Hombres,22.0,2815074.0,190958.0,
2020,entidad,11,Guanajuato,0205,Tarahumara,yuto-nahua,Hombres,17.0,2815074.0,190958.0,
2020,entidad,11,Guanajuato,0604,Ch'ol,maya,Hombres,12.0,2815074.0,190958.0,
2020,entidad,11,Guanajuato,0907,Zoque,mixe-zoque,Hombres,9.0,2815074.0,190958.0,
2020,entidad,11,Guanajuato,0515,Amuzgo,oto-mangue,Hombres,7.0,2815074.0,190958.0,
2020,entidad,11,Guanajuato,9010,Chontal insuficientemente especificado,,Hombres,7.0,2815074.0,190958.0,
2020,entidad,11,Guanajuato,0208,Mayo,yuto-nahua,Hombres,6.0,2815074.0,190958.0,
2020,entidad,11,Guanajuato,1101,Huave,huave,Hombres,5.0,2815074.0,190958.0,
2020,entidad,11,Guanajuato,0605,Chontal de Tabasco,maya,Hombres,4.0,2815074.0,190958.0,
2020,entidad,11,Guanajuato,0209,Cora,yuto-nahua,Hombres,3.0,2815074.0,190958.0,
2020,entidad,11,Guanajuato,0506,Chichimeco jonaz,oto-mangue,Mujeres,1389.0,3010191.0,206345.0,0.000137
2020,entidad,11,Guanajuato,0211,Náhuatl,yuto-nahua,Mujeres,1301.0,3010191.0,206345.0,3e-05
2020,entidad,11,Guanajuato,0501,Otomí,oto-mangue,Mujeres,683.0,3010191.0,206345.0,1.7e-05
2020,entidad,11,Guanajuato,0901,Mixe,mixe-zoque,Mujeres,624.0,3010191.0,206345.0,6.5e-05
2020,entidad,11,Guanajuato,0502,Mazahua,oto-mangue,Mujeres,419.0,3010191.0,206345.0,1e-05
2020,entidad,11,Guanajuato,9000,No especificado,,Mujeres,298.0,3010191.0,206345.0,0.0
2020,entidad,11,Guanajuato,0509,Mazateco,oto-mangue,Mujeres,283.0,3010191.0,206345.0,4.9e-05
2020,entidad,11,Guanajuato,0513,Zapoteco,oto-mangue,Mujeres,264.0,3010191.0,206345.0,0.0
2020,entidad,11,Guanajuato,0516,Mixteco,oto-mangue,Mujeres,227.0,3010191.0,206345.0,1e-06
2020,entidad,11,Guanajuato,0801,Tarasco (purépecha),tarasca,Mujeres,182.0,3010191.0,206345.0,5e-06
2020,entidad,11,Guanajuato,0602,Maya,maya,Mujeres,168.0,3010191.0,206345.0,0.0
2020,entidad,11,Guanajuato,0601,Huasteco,maya,Mujeres,100.0,3010191.0,206345.0,
2020,entidad,11,Guanajuato,0507,Chinanteco,oto-mangue,Mujeres,51.0,3010191.0,206345.0,8e-06
2020,entidad,11,Guanajuato,0701,Totonaco,totonaco-tepehua,Mujeres,38.0,3010191.0,206345.0,
2020,entidad,11,Guanajuato,0518,Triqui,oto-mangue,Mujeres,36.0,3010191.0,206345.0,
2020,entidad,11,Guanajuato,0607,Tsotsil,maya,Mujeres,32.0,3010191.0,206345.0,
2020,entidad,11,Guanajuato,0702,Tepehua,totonaco-tepehua,Mujeres,32.0,3010191.0,206345.0,
2020,entidad,11,Guanajuato,0508,Tlapaneco,oto-mangue,Mujeres,31.0,3010191.0,206345.0,
2020,entidad,11,Guanajuato,0210,Huichol,yuto-nahua,Mujeres,16.0,3010191.0,206345.0,
2020,entidad,11,Guanajuato,0907,Zoque,mixe-zoque,Mujeres,14.0,3010191.0,206345.0,
2020,entidad,11,Guanajuato,0618,Mam,maya,Mujeres,8.0,3010191.0,206345.0,
2020,entidad,11,Guanajuato,0514,Chatino,oto-mangue,Mujeres,4.0,3010191.0,206345.0,
2020,entidad,11,Guanajuato,0606,Tseltal,maya,Mujeres,3.0,3010191.0,206345.0,
2020,entidad,11,Guanajuato,8000,Otras lenguas indígenas de América,,Mujeres,2.0,3010191.0,206345.0,
2020,entidad,11,Guanajuato,0515,Amuzgo,oto-mangue,Mujeres,1.0,3010191.0,206345.0,
2020,entidad,11,Guanajuato,9030,Popoluca insuficientemente especificado,,Mujeres,1.0,3010191.0,206345.0,
2020,entidad,11,Guanajuato,0211,Náhuatl,yuto-nahua,Total,3044.0,5825265.0,397303.0,3.8e-05
2020,entidad,11,Guanajuato,0506,Chichimeco jonaz,oto-mangue,Total,2703.0,5825265.0,397303.0,0.000138
2020,entidad,11,Guanajuato,0501,Otomí,oto-mangue,Total,1526.0,5825265.0,397303.0,2.6e-05
2020,entidad,11,Guanajuato,0901,Mixe,mixe-zoque,Total,1171.0,5825265.0,397303.0,4.1e-05
2020,entidad,11,Guanajuato,0502,Mazahua,oto-mangue,Total,1047.0,5825265.0,397303.0,2.1e-05
2020,entidad,11,Guanajuato,9000,No especificado,,Total,813.0,5825265.0,397303.0,1.8e-05
2020,entidad,11,Guanajuato,0516,Mixteco,oto-mangue,Total,702.0,5825265.0,397303.0,5e-06
2020,entidad,11,Guanajuato,0513,Zapoteco,oto-mangue,Total,682.0,5825265.0,397303.0,1e-06
2020,entidad,11,Guanajuato,0509,Mazateco,oto-mangue,Total,511.0,5825265.0,397303.0,2.3e-05
2020,entidad,11,Guanajuato,0801,Tarasco (purépecha),tarasca,Total,350.0,5825265.0,397303.0,4e-06
2020,entidad,11,Guanajuato,0602,Maya,maya,Total,334.0,5825265.0,397303.0,2e-06
2020,entidad,11,Guanajuato,0607,Tsotsil,maya,Total,217.0,5825265.0,397303.0,
2020,entidad,11,Guanajuato,0601,Huasteco,maya,Total,214.0,5825265.0,397303.0,0.0
2020,entidad,11,Guanajuato,0701,Totonaco,totonaco-tepehua,Total,104.0,5825265.0,397303.0,0.0
2020,entidad,11,Guanajuato,0210,Huichol,yuto-nahua,Total,97.0,5825265.0,397303.0,
2020,entidad,11,Guanajuato,0507,Chinanteco,oto-mangue,Total,88.0,5825265.0,397303.0,6e-06
2020,entidad,11,Guanajuato,0702,Tepehua,totonaco-tepehua,Total,70.0,5825265.0,397303.0,
2020,entidad,11,Guanajuato,9030,Popoluca insuficientemente especificado,,Total,55.0,5825265.0,397303.0,
2020,entidad,11,Guanajuato,0508,Tlapaneco,oto-mangue,Total,53.0,5825265.0,397303.0,
2020,entidad,11,Guanajuato,0518,Triqui,oto-mangue,Total,36.0,5825265.0,397303.0,
2020,entidad,11,Guanajuato,0606,Tseltal,maya,Total,35.0,5825265.0,397303.0,0.0
2020,entidad,11,Guanajuato,0907,Zoque,mixe-zoque,Total,23.0,5825265.0,397303.0,
2020,entidad,11,Guanajuato,0205,Tarahumara,yuto-nahua,Total,17.0,5825265.0,397303.0,
2020,entidad,11,Guanajuato,0604,Ch'ol,maya,Total,12.0,5825265.0,397303.0,
2020,entidad,11,Guanajuato,0515,Amuzgo,oto-mangue,Total,8.0,5825265.0,397303.0,
2020,entidad,11,Guanajuato,0618,Mam,maya,Total,8.0,5825265.0,397303.0,
2020,entidad,11,Guanajuato,9010,Chontal insuficientemente especificado,,Total,7.0,5825265.0,397303.0,
2020,entidad,11,Guanajuato,0208,Mayo,yuto-nahua,Total,6.0,5825265.0,397303.0,
2020,entidad,11,Guanajuato,1101,Huave,huave,Total,5.0,5825265.0,397303.0,
2020,entidad,11,Guanajuato,0514,Chatino,oto-mangue,Total,4.0,5825265.0,397303.0,
2020,entidad,11,Guanajuato,0605,Chontal de Tabasco,maya,Total,4.0,5825265.0,397303.0,
2020,entidad,11,Guanajuato,0209,Cora,yuto-nahua,Total,3.0,5825265.0,397303.0,
2020,entidad,11,Guanajuato,8000,Otras lenguas indígenas de América,,Total,2.0,5825265.0,397303.0,
2020,entidad,12,Guerrero,0211,Náhuatl,yuto-nahua,Hombres,72747.0,1596027.0,329551.0,0.002024
2020,entidad,12,Guerrero,0516,Mixteco,oto-mangue,Hombres,65108.0,1596027.0,329551.0,0.002389
2020,entidad,12,Guerrero,0508,Tlapaneco,oto-mangue,Hombres,58388.0,1596027.0,329551.0,0.002081
2020,entidad,12,Guerrero,0515,Amuzgo,oto-mangue,Hombres,24316.0,1596027.0,329551.0,0.00106
2020,entidad,12,Guerrero,0513,Zapoteco,oto-mangue,Hombres,322.0,1596027.0,329551.0,3.3e-05
2020,entidad,12,Guerrero,9000,No especificado,,Hombres,150.0,1596027.0,329551.0,2e-06
2020,entidad,12,Guerrero,0701,Totonaco,totonaco-tepehua,Hombres,130.0,1596027.0,329551.0,
2020,entidad,12,Guerrero,0602,Maya,maya,Hombres,92.0,1596027.0,329551.0,
2020,entidad,12,Guerrero,0502,Mazahua,oto-mangue,Hombres,88.0,1596027.0,329551.0,7e-06
2020,entidad,12,Guerrero,0801,Tarasco (purépecha),tarasca,Hombres,70.0,1596027.0,329551.0,
2020,entidad,12,Guerrero,0501,Otomí,oto-mangue,Hombres,46.0,1596027.0,329551.0,
2020,entidad,12,Guerrero,0901,Mixe,mixe-zoque,Hombres,45.0,1596027.0,329551.0,
2020,entidad,12,Guerrero,0509,Mazateco,oto-mangue,Hombres,40.0,1596027.0,329551.0,
2020,entidad,12,Guerrero,0512,Popoloca,oto-mangue,Hombres,28.0,1596027.0,329551.0,4e-06
2020,entidad,12,Guerrero,0604,Ch'ol,maya,Hombres,27.0,1596027.0,329551.0,1e-06
2020,entidad,12,Guerrero,0507,Chinanteco,oto-mangue,Hombres,26.0,1596027.0,329551.0,
2020,entidad,12,Guerrero,0514,Chatino,oto-mangue,Hombres,25.0,1596027.0,329551.0,
2020,entidad,12,Guerrero,9020,Tepehuano insuficientemente especificado,,Hombres,18.0,1596027.0,329551.0,
2020,entidad,12,Guerrero,0616,Kaqchikel,maya,Hombres,16.0,1596027.0,329551.0,
2020,entidad,12,Guerrero,0607,Tsotsil,maya,Hombres,13.0,1596027.0,329551.0,
2020,entidad,12,Guerrero,0601,Huasteco,maya,Hombres,9.0,1596027.0,329551.0,
2020,entidad,12,Guerrero,0518,Triqui,oto-mangue,Hombres,8.0,1596027.0,329551.0,
2020,entidad,12,Guerrero,0613,Tojolabal,maya,Hombres,7.0,1596027.0,329551.0,
2020,entidad,12,Guerrero,0204,Tepehuano del sur,yuto-nahua,Hombres,6.0,1596027.0,329551.0,
2020,entidad,12,Guerrero,0606,Tseltal,maya,Hombres,5.0,1596027.0,329551.0,
2020,entidad,12,Guerrero,9030,Popoluca insuficientemente especificado,,Hombres,5.0,1596027.0,329551.0,
2020,entidad,12,Guerrero,0506,Chichimeco jonaz,oto-mangue,Hombres,4.0,1596027.0,329551.0,
2020,entidad,12,Guerrero,0205,Tarahumara,yuto-nahua,Hombres,2.0,1596027.0,329551.0,
2020,entidad,12,Guerrero,0209,Cora,yuto-nahua,Hombres,1.0,1596027.0,329551.0,
2020,entidad,12,Guerrero,0210,Huichol,yuto-nahua,Hombres,1.0,1596027.0,329551.0,
2020,entidad,12,Guerrero,0211,Náhuatl,yuto-nahua,Mujeres,83993.0,1730294.0,360293.0,0.002134
2020,entidad,12,Guerrero,0516,Mixteco,oto-mangue,Mujeres,76982.0,1730294.0,360293.0,0.002412
2020,entidad,12,Guerrero,0508,Tlapaneco,oto-mangue,Mujeres,65904.0,1730294.0,360293.0,0.002097
2020,entidad,12,Guerrero,0515,Amuzgo,oto-mangue,Mujeres,26895.0,1730294.0,360293.0,0.001017
2020,entidad,12,Guerrero,0513,Zapoteco,oto-mangue,Mujeres,476.0,1730294.0,360293.0,2.3e-05
2020,entidad,12,Guerrero,0502,Mazahua,oto-mangue,Mujeres,108.0,1730294.0,360293.0,1e-06
2020,entidad,12,Guerrero,0606,Tseltal,maya,Mujeres,87.0,1730294.0,360293.0,
2020,entidad,12,Guerrero,0701,Totonaco,totonaco-tepehua,Mujeres,84.0,1730294.0,360293.0,
2020,entidad,12,Guerrero,9000,No especificado,,Mujeres,81.0,1730294.0,360293.0,1e-06
2020,entidad,12,Guerrero,0509,Mazateco,oto-mangue,Mujeres,80.0,1730294.0,360293.0,
2020,entidad,12,Guerrero,0607,Tsotsil,maya,Mujeres,79.0,1730294.0,360293.0,
2020,entidad,12,Guerrero,0514,Chatino,oto-mangue,Mujeres,41.0,1730294.0,360293.0,
2020,entidad,12,Guerrero,0512,Popoloca,oto-mangue,Mujeres,39.0,1730294.0,360293.0,1.1e-05
2020,entidad,12,Guerrero,0507,Chinanteco,oto-mangue,Mujeres,37.0,1730294.0,360293.0,
2020,entidad,12,Guerrero,0501,Otomí,oto-mangue,Mujeres,30.0,1730294.0,360293.0,
2020,entidad,12,Guerrero,0901,Mixe,mixe-zoque,Mujeres,21.0,1730294.0,360293.0,
2020,entidad,12,Guerrero,0210,Huichol,yuto-nahua,Mujeres,20.0,1730294.0,360293.0,
2020,entidad,12,Guerrero,0801,Tarasco (purépecha),tarasca,Mujeres,18.0,1730294.0,360293.0,
2020,entidad,12,Guerrero,0604,Ch'ol,maya,Mujeres,16.0,1730294.0,360293.0,
2020,entidad,12,Guerrero,0602,Maya,maya,Mujeres,14.0,1730294.0,360293.0,
2020,entidad,12,Guerrero,9020,Tepehuano insuficientemente especificado,,Mujeres,13.0,1730294.0,360293.0,
2020,entidad,12,Guerrero,0518,Triqui,oto-mangue,Mujeres,12.0,1730294.0,360293.0,1e-06
2020,entidad,12,Guerrero,0204,Tepehuano del sur,yuto-nahua,Mujeres,7.0,1730294.0,360293.0,
2020,entidad,12,Guerrero,0205,Tarahumara,yuto-nahua,Mujeres,7.0,1730294.0,360293.0,
2020,entidad,12,Guerrero,0601,Huasteco,maya,Mujeres,7.0,1730294.0,360293.0,
2020,entidad,12,Guerrero,9030,Popoluca insuficientemente especificado,,Mujeres,7.0,1730294.0,360293.0,
2020,entidad,12,Guerrero,0609,Akateko,maya,Mujeres,1.0,1730294.0,360293.0,
2020,entidad,12,Guerrero,0702,Tepehua,totonaco-tepehua,Mujeres,1.0,1730294.0,360293.0,
2020,entidad,12,Guerrero,0211,Náhuatl,yuto-nahua,Total,156740.0,3326321.0,689844.0,0.002138
2020,entidad,12,Guerrero,0516,Mixteco,oto-mangue,Total,142090.0,3326321.0,689844.0,0.002458
2020,entidad,12,Guerrero,0508,Tlapaneco,oto-mangue,Total,124292.0,3326321.0,689844.0,0.002105
2020,entidad,12,Guerrero,0515,Amuzgo,oto-mangue,Total,51211.0,3326321.0,689844.0,0.001064
2020,entidad,12,Guerrero,0513,Zapoteco,oto-mangue,Total,798.0,3326321.0,689844.0,3.3e-05
2020,entidad,12,Guerrero,9000,No especificado,,Total,231.0,3326321.0,689844.0,5e-06
2020,entidad,12,Guerrero,0701,Totonaco,totonaco-tepehua,Total,214.0,3326321.0,689844.0,
2020,entidad,12,Guerrero,0502,Mazahua,oto-mangue,Total,196.0,3326321.0,689844.0,4e-06
2020,entidad,12,Guerrero,0509,Mazateco,oto-mangue,Total,120.0,3326321.0,689844.0,
2020,entidad,12,Guerrero,0602,Maya,maya,Total,106.0,3326321.0,689844.0,1e-06
2020,entidad,12,Guerrero,0606,Tseltal,maya,Total,92.0,3326321.0,689844.0,0.0
2020,entidad,12,Guerrero,0607,Tsotsil,maya,Total,92.0,3326321.0,689844.0,0.0
2020,entidad,12,Guerrero,0801,Tarasco (purépecha),tarasca,Total,88.0,3326321.0,689844.0,
2020,entidad,12,Guerrero,0501,Otomí,oto-mangue,Total,76.0,3326321.0,689844.0,0.0
2020,entidad,12,Guerrero,0512,Popoloca,oto-mangue,Total,67.0,3326321.0,689844.0,8e-06
2020,entidad,12,Guerrero,0514,Chatino,oto-mangue,Total,66.0,3326321.0,689844.0,
2020,entidad,12,Guerrero,0901,Mixe,mixe-zoque,Total,66.0,3326321.0,689844.0,0.0
2020,entidad,12,Guerrero,0507,Chinanteco,oto-mangue,Total,63.0,3326321.0,689844.0,0.0
2020,entidad,12,Guerrero,0604,Ch'ol,maya,Total,43.0,3326321.0,689844.0,4e-06
2020,entidad,12,Guerrero,9020,Tepehuano insuficientemente especificado,,Total,31.0,3326321.0,689844.0,
2020,entidad,12,Guerrero,0210,Huichol,yuto-nahua,Total,21.0,3326321.0,689844.0,
2020,entidad,12,Guerrero,0518,Triqui,oto-mangue,Total,20.0,3326321.0,689844.0,0.0
2020,entidad,12,Guerrero,0601,Huasteco,maya,Total,16.0,3326321.0,689844.0,
2020,entidad,12,Guerrero,0616,Kaqchikel,maya,Total,16.0,3326321.0,689844.0,
2020,entidad,12,Guerrero,0204,Tepehuano del sur,yuto-nahua,Total,13.0,3326321.0,689844.0,
2020,entidad,12,Guerrero,9030,Popoluca insuficientemente especificado,,Total,12.0,3326321.0,689844.0,
2020,entidad,12,Guerrero,0205,Tarahumara,yuto-nahua,Total,9.0,3326321.0,689844.0,
2020,entidad,12,Guerrero,0613,Tojolabal,maya,Total,7.0,3326321.0,689844.0,
2020,entidad,12,Guerrero,0506,Chichimeco jonaz,oto-mangue,Total,4.0,3326321.0,689844.0,
2020,entidad,12,Guerrero,0209,Cora,yuto-nahua,Total,1.0,3326321.0,689844.0,
2020,entidad,12,Guerrero,0609,Akateko,maya,Total,1.0,3326321.0,689844.0,
2020,entidad,12,Guerrero,0702,Tepehua,totonaco-tepehua,Total,1.0,3326321.0,689844.0,
2020,entidad,13,Hidalgo,0211,Náhuatl,yuto-nahua,Hombres,127121.0,1408729.0,230917.0,0.008025
2020,entidad,13,Hidalgo,0501,Otomí,oto-mangue,Hombres,54025.0,1408729.0,230917.0,0.00273
2020,entidad,13,Hidalgo,0513,Zapoteco,oto-mangue,Hombres,490.0,1408729.0,230917.0,1.8e-05
2020,entidad,13,Hidalgo,0702,Tepehua,totonaco-tepehua,Hombres,484.0,1408729.0,230917.0,6.6e-05
2020,entidad,13,Hidalgo,0701,Totonaco,totonaco-tepehua,Hombres,366.0,1408729.0,230917.0,2.1e-05
2020,entidad,13,Hidalgo,0516,Mixteco,oto-mangue,Hombres,303.0,1408729.0,230917.0,4e-06
2020,entidad,13,Hidalgo,9000,No especificado,,Hombres,213.0,1408729.0,230917.0,1e-06
2020,entidad,13,Hidalgo,0502,Mazahua,oto-mangue,Hombres,153.0,1408729.0,230917.0,2e-06
2020,entidad,13,Hidalgo,0801,Tarasco (purépecha),tarasca,Hombres,151.0,1408729.0,230917.0,0.0
2020,entidad,13,Hidalgo,0509,Mazateco,oto-mangue,Hombres,148.0,1408729.0,230917.0,
2020,entidad,13,Hidalgo,0601,Huasteco,maya,Hombres,144.0,1408729.0,230917.0,4e-06
2020,entidad,13,Hidalgo,0901,Mixe,mixe-zoque,Hombres,128.0,1408729.0,230917.0,0.0
2020,entidad,13,Hidalgo,0602,Maya,maya,Hombres,98.0,1408729.0,230917.0,1e-06
2020,entidad,13,Hidalgo,0607,Tsotsil,maya,Hombres,79.0,1408729.0,230917.0,2e-06
2020,entidad,13,Hidalgo,0606,Tseltal,maya,Hombres,48.0,1408729.0,230917.0,
2020,entidad,13,Hidalgo,9030,Popoluca insuficientemente especificado,,Hombres,44.0,1408729.0,230917.0,
2020,entidad,13,Hidalgo,0604,Ch'ol,maya,Hombres,39.0,1408729.0,230917.0,1e-06
2020,entidad,13,Hidalgo,0515,Amuzgo,oto-mangue,Hombres,28.0,1408729.0,230917.0,0.0
2020,entidad,13,Hidalgo,0508,Tlapaneco,oto-mangue,Hombres,21.0,1408729.0,230917.0,
2020,entidad,13,Hidalgo,0507,Chinanteco,oto-mangue,Hombres,19.0,1408729.0,230917.0,
2020,entidad,13,Hidalgo,0907,Zoque,mixe-zoque,Hombres,11.0,1408729.0,230917.0,
2020,entidad,13,Hidalgo,8000,Otras lenguas indígenas de América,,Hombres,10.0,1408729.0,230917.0,
2020,entidad,13,Hidalgo,0210,Huichol,yuto-nahua,Hombres,7.0,1408729.0,230917.0,
2020,entidad,13,Hidalgo,0512,Popoloca,oto-mangue,Hombres,7.0,1408729.0,230917.0,
2020,entidad,13,Hidalgo,0514,Chatino,oto-mangue,Hombres,7.0,1408729.0,230917.0,
2020,entidad,13,Hidalgo,9010,Chontal insuficientemente especificado,,Hombres,7.0,1408729.0,230917.0,
2020,entidad,13,Hidalgo,0505,Pame,oto-mangue,Hombres,4.0,1408729.0,230917.0,
2020,entidad,13,Hidalgo,0517,Cuicateco,oto-mangue,Hombres,3.0,1408729.0,230917.0,
2020,entidad,13,Hidalgo,9020,Tepehuano insuficientemente especificado,,Hombres,3.0,1408729.0,230917.0,
2020,entidad,13,Hidalgo,0211,Náhuatl,yuto-nahua,Mujeres,133071.0,1530875.0,249647.0,0.007539
2020,entidad,13,Hidalgo,0501,Otomí,oto-mangue,Mujeres,56692.0,1530875.0,249647.0,0.002677
2020,entidad,13,Hidalgo,0702,Tepehua,totonaco-tepehua,Mujeres,618.0,1530875.0,249647.0,5.6e-05
2020,entidad,13,Hidalgo,0513,Zapoteco,oto-mangue,Mujeres,570.0,1530875.0,249647.0,1.1e-05
2020,entidad,13,Hidalgo,0701,Totonaco,totonaco-tepehua,Mujeres,437.0,1530875.0,249647.0,1.6e-05
2020,entidad,13,Hidalgo,0516,Mixteco,oto-mangue,Mujeres,429.0,1530875.0,249647.0,8e-06
2020,entidad,13,Hidalgo,0801,Tarasco (purépecha),tarasca,Mujeres,222.0,1530875.0,249647.0,0.0
2020,entidad,13,Hidalgo,0601,Huasteco,maya,Mujeres,205.0,1530875.0,249647.0,1.4e-05
2020,entidad,13,Hidalgo,0502,Mazahua,oto-mangue,Mujeres,194.0,1530875.0,249647.0,1e-06
2020,entidad,13,Hidalgo,0509,Mazateco,oto-mangue,Mujeres,193.0,1530875.0,249647.0,4e-06
2020,entidad,13,Hidalgo,0901,Mixe,mixe-zoque,Mujeres,121.0,1530875.0,249647.0,7e-06
2020,entidad,13,Hidalgo,0507,Chinanteco,oto-mangue,Mujeres,105.0,1530875.0,249647.0,8e-06
2020,entidad,13,Hidalgo,0508,Tlapaneco,oto-mangue,Mujeres,94.0,1530875.0,249647.0,6e-06
2020,entidad,13,Hidalgo,0602,Maya,maya,Mujeres,81.0,1530875.0,249647.0,
2020,entidad,13,Hidalgo,9000,No especificado,,Mujeres,75.0,1530875.0,249647.0,0.0
2020,entidad,13,Hidalgo,9030,Popoluca insuficientemente especificado,,Mujeres,40.0,1530875.0,249647.0,
2020,entidad,13,Hidalgo,0606,Tseltal,maya,Mujeres,31.0,1530875.0,249647.0,
2020,entidad,13,Hidalgo,0907,Zoque,mixe-zoque,Mujeres,28.0,1530875.0,249647.0,
2020,entidad,13,Hidalgo,0515,Amuzgo,oto-mangue,Mujeres,25.0,1530875.0,249647.0,0.0
2020,entidad,13,Hidalgo,0604,Ch'ol,maya,Mujeres,14.0,1530875.0,249647.0,
2020,entidad,13,Hidalgo,8000,Otras lenguas indígenas de América,,Mujeres,14.0,1530875.0,249647.0,
2020,entidad,13,Hidalgo,0607,Tsotsil,maya,Mujeres,13.0,1530875.0,249647.0,
2020,entidad,13,Hidalgo,0518,Triqui,oto-mangue,Mujeres,11.0,1530875.0,249647.0,
2020,entidad,13,Hidalgo,0613,Tojolabal,maya,Mujeres,8.0,1530875.0,249647.0,
2020,entidad,13,Hidalgo,0505,Pame,oto-mangue,Mujeres,6.0,1530875.0,249647.0,
2020,entidad,13,Hidalgo,0205,Tarahumara,yuto-nahua,Mujeres,4.0,1530875.0,249647.0,
2020,entidad,13,Hidalgo,0517,Cuicateco,oto-mangue,Mujeres,4.0,1530875.0,249647.0,
2020,entidad,13,Hidalgo,0615,K'iche',maya,Mujeres,4.0,1530875.0,249647.0,
2020,entidad,13,Hidalgo,9010,Chontal insuficientemente especificado,,Mujeres,4.0,1530875.0,249647.0,
2020,entidad,13,Hidalgo,0608,Q'anjob'al,maya,Mujeres,3.0,1530875.0,249647.0,
2020,entidad,13,Hidalgo,0512,Popoloca,oto-mangue,Mujeres,1.0,1530875.0,249647.0,
2020,entidad,13,Hidalgo,0211,Náhuatl,yuto-nahua,Total,260192.0,2939604.0,480564.0,0.007818
2020,entidad,13,Hidalgo,0501,Otomí,oto-mangue,Total,110717.0,2939604.0,480564.0,0.002725
2020,entidad,13,Hidalgo,0702,Tepehua,totonaco-tepehua,Total,1102.0,2939604.0,480564.0,5.9e-05
2020,entidad,13,Hidalgo,0513,Zapoteco,oto-mangue,Total,1060.0,2939604.0,480564.0,1.3e-05
2020,entidad,13,Hidalgo,0701,Totonaco,totonaco-tepehua,Total,803.0,2939604.0,480564.0,2.5e-05
2020,entidad,13,Hidalgo,0516,Mixteco,oto-mangue,Total,732.0,2939604.0,480564.0,1.1e-05
2020,entidad,13,Hidalgo,0801,Tarasco (purépecha),tarasca,Total,373.0,2939604.0,480564.0,0.0
2020,entidad,13,Hidalgo,0601,Huasteco,maya,Total,349.0,2939604.0,480564.0,8e-06
2020,entidad,13,Hidalgo,0502,Mazahua,oto-mangue,Total,347.0,2939604.0,480564.0,5e-06
2020,entidad,13,Hidalgo,0509,Mazateco,oto-mangue,Total,341.0,2939604.0,480564.0,5e-06
2020,entidad,13,Hidalgo,9000,No especificado,,Total,288.0,2939604.0,480564.0,4e-06
2020,entidad,13,Hidalgo,0901,Mixe,mixe-zoque,Total,249.0,2939604.0,480564.0,7e-06
2020,entidad,13,Hidalgo,0602,Maya,maya,Total,179.0,2939604.0,480564.0,9e-06
2020,entidad,13,Hidalgo,0507,Chinanteco,oto-mangue,Total,124.0,2939604.0,480564.0,4e-06
2020,entidad,13,Hidalgo,0508,Tlapaneco,oto-mangue,Total,115.0,2939604.0,480564.0,3e-06
2020,entidad,13,Hidalgo,0607,Tsotsil,maya,Total,92.0,2939604.0,480564.0,1e-06
2020,entidad,13,Hidalgo,9030,Popoluca insuficientemente especificado,,Total,84.0,2939604.0,480564.0,
2020,entidad,13,Hidalgo,0606,Tseltal,maya,Total,79.0,2939604.0,480564.0,0.0
2020,entidad,13,Hidalgo,0515,Amuzgo,oto-mangue,Total,53.0,2939604.0,480564.0,0.0
2020,entidad,13,Hidalgo,0604,Ch'ol,maya,Total,53.0,2939604.0,480564.0,3e-06
2020,entidad,13,Hidalgo,0907,Zoque,mixe-zoque,Total,39.0,2939604.0,480564.0,
2020,entidad,13,Hidalgo,8000,Otras lenguas indígenas de América,,Total,24.0,2939604.0,480564.0,
2020,entidad,13,Hidalgo,0518,Triqui,oto-mangue,Total,11.0,2939604.0,480564.0,
2020,entidad,13,Hidalgo,9010,Chontal insuficientemente especificado,,Total,11.0,2939604.0,480564.0,
2020,entidad,13,Hidalgo,0505,Pame,oto-mangue,Total,10.0,2939604.0,480564.0,
2020,entidad,13,Hidalgo,0512,Popoloca,oto-mangue,Total,8.0,2939604.0,480564.0,
2020,entidad,13,Hidalgo,0613,Tojolabal,maya,Total,8.0,2939604.0,480564.0,
2020,entidad,13,Hidalgo,0210,Huichol,yuto-nahua,Total,7.0,2939604.0,480564.0,
2020,entidad,13,Hidalgo,0514,Chatino,oto-mangue,Total,7.0,2939604.0,480564.0,
2020,entidad,13,Hidalgo,0517,Cuicateco,oto-mangue,Total,7.0,2939604.0,480564.0,
2020,entidad,13,Hidalgo,0205,Tarahumara,yuto-nahua,Total,4.0,2939604.0,480564.0,
2020,entidad,13,Hidalgo,0615,K'iche',maya,Total,4.0,2939604.0,480564.0,
2020,entidad,13,Hidalgo,0608,Q'anjob'al,maya,Total,3.0,2939604.0,480564.0,
2020,entidad,13,Hidalgo,9020,Tepehuano insuficientemente especificado,,Total,3.0,2939604.0,480564.0,
2020,entidad,14,Jalisco,0211,Náhuatl,yuto-nahua,Hombres,11329.0,3862939.0,365417.0,0.000299
2020,entidad,14,Jalisco,0210,Huichol,yuto-nahua,Hombres,11150.0,3862939.0,365417.0,0.000268
2020,entidad,14,Jalisco,0607,Tsotsil,maya,Hombres,2597.0,3862939.0,365417.0,0.00036
2020,entidad,14,Jalisco,0516,Mixteco,oto-mangue,Hombres,1837.0,3862939.0,365417.0,4.2e-05
2020,entidad,14,Jalisco,0801,Tarasco (purépecha),tarasca,Hombres,1324.0,3862939.0,365417.0,3.3e-05
2020,entidad,14,Jalisco,0513,Zapoteco,oto-mangue,Hombres,1121.0,3862939.0,365417.0,2.9e-05
2020,entidad,14,Jalisco,0701,Totonaco,totonaco-tepehua,Hombres,653.0,3862939.0,365417.0,2.1e-05
2020,entidad,14,Jalisco,0502,Mazahua,oto-mangue,Hombres,640.0,3862939.0,365417.0,8e-06
2020,entidad,14,Jalisco,9000,No especificado,,Hombres,640.0,3862939.0,365417.0,5e-06
2020,entidad,14,Jalisco,0602,Maya,maya,Hombres,622.0,3862939.0,365417.0,2e-06
2020,entidad,14,Jalisco,0601,Huasteco,maya,Hombres,576.0,3862939.0,365417.0,7e-06
2020,entidad,14,Jalisco,0501,Otomí,oto-mangue,Hombres,575.0,3862939.0,365417.0,3.8e-05
2020,entidad,14,Jalisco,0606,Tseltal,maya,Hombres,533.0,3862939.0,365417.0,1.6e-05
2020,entidad,14,Jalisco,0901,Mixe,mixe-zoque,Hombres,518.0,3862939.0,365417.0,1e-06
2020,entidad,14,Jalisco,0604,Ch'ol,maya,Hombres,261.0,3862939.0,365417.0,4e-06
2020,entidad,14,Jalisco,0509,Mazateco,oto-mangue,Hombres,260.0,3862939.0,365417.0,1.3e-05
2020,entidad,14,Jalisco,0514,Chatino,oto-mangue,Hombres,250.0,3862939.0,365417.0,
2020,entidad,14,Jalisco,0507,Chinanteco,oto-mangue,Hombres,241.0,3862939.0,365417.0,0.0
2020,entidad,14,Jalisco,9030,Popoluca insuficientemente especificado,,Hombres,211.0,3862939.0,365417.0,0.0
2020,entidad,14,Jalisco,8000,Otras lenguas indígenas de América,,Hombres,168.0,3862939.0,365417.0,
2020,entidad,14,Jalisco,0518,Triqui,oto-mangue,Hombres,139.0,3862939.0,365417.0,9e-06
2020,entidad,14,Jalisco,0205,Tarahumara,yuto-nahua,Hombres,117.0,3862939.0,365417.0,
2020,entidad,14,Jalisco,0208,Mayo,yuto-nahua,Hombres,78.0,3862939.0,365417.0,
2020,entidad,14,Jalisco,1101,Huave,huave,Hombres,76.0,3862939.0,365417.0,
2020,entidad,14,Jalisco,0209,Cora,yuto-nahua,Hombres,58.0,3862939.0,365417.0,
2020,entidad,14,Jalisco,0508,Tlapaneco,oto-mangue,Hombres,47.0,3862939.0,365417.0,
2020,entidad,14,Jalisco,0515,Amuzgo,oto-mangue,Hombres,47.0,3862939.0,365417.0,5e-06
2020,entidad,14,Jalisco,0907,Zoque,mixe-zoque,Hombres,37.0,3862939.0,365417.0,
2020,entidad,14,Jalisco,0603,Lacandón,maya,Hombres,12.0,3862939.0,365417.0,
2020,entidad,14,Jalisco,0616,Kaqchikel,maya,Hombres,12.0,3862939.0,365417.0,
2020,entidad,14,Jalisco,9020,Tepehuano insuficientemente especificado,,Hombres,11.0,3862939.0,365417.0,1e-06
2020,entidad,14,Jalisco,0204,Tepehuano del sur,yuto-nahua,Hombres,10.0,3862939.0,365417.0,
2020,entidad,14,Jalisco,0608,Q'anjob'al,maya,Hombres,6.0,3862939.0,365417.0,
2020,entidad,14,Jalisco,9010,Chontal insuficientemente especificado,,Hombres,3.0,3862939.0,365417.0,
2020,entidad,14,Jalisco,0906,Popoluca de la Sierra,mixe-zoque,Hombres,2.0,3862939.0,365417.0,
2020,entidad,14,Jalisco,0210,Huichol,yuto-nahua,Mujeres,11958.0,4056443.0,380003.0,0.000281
2020,entidad,14,Jalisco,0211,Náhuatl,yuto-nahua,Mujeres,11743.0,4056443.0,380003.0,0.000253
2020,entidad,14,Jalisco,0516,Mixteco,oto-mangue,Mujeres,1671.0,4056443.0,380003.0,2.6e-05
2020,entidad,14,Jalisco,0801,Tarasco (purépecha),tarasca,Mujeres,1459.0,4056443.0,380003.0,1.9e-05
2020,entidad,14,Jalisco,0607,Tsotsil,maya,Mujeres,1378.0,4056443.0,380003.0,0.000114
2020,entidad,14,Jalisco,0513,Zapoteco,oto-mangue,Mujeres,1162.0,4056443.0,380003.0,3.6e-05
2020,entidad,14,Jalisco,9000,No especificado,,Mujeres,807.0,4056443.0,380003.0,1.8e-05
2020,entidad,14,Jalisco,0601,Huasteco,maya,Mujeres,721.0,4056443.0,380003.0,2.2e-05
2020,entidad,14,Jalisco,0701,Totonaco,totonaco-tepehua,Mujeres,528.0,4056443.0,380003.0,1e-06
2020,entidad,14,Jalisco,0602,Maya,maya,Mujeres,509.0,4056443.0,380003.0,2e-06
2020,entidad,14,Jalisco,0901,Mixe,mixe-zoque,Mujeres,477.0,4056443.0,380003.0,9e-06
2020,entidad,14,Jalisco,0501,Otomí,oto-mangue,Mujeres,472.0,4056443.0,380003.0,2.5e-05
2020,entidad,14,Jalisco,0507,Chinanteco,oto-mangue,Mujeres,386.0,4056443.0,380003.0,
2020,entidad,14,Jalisco,0502,Mazahua,oto-mangue,Mujeres,350.0,4056443.0,380003.0,1e-06
2020,entidad,14,Jalisco,0509,Mazateco,oto-mangue,Mujeres,305.0,4056443.0,380003.0,
2020,entidad,14,Jalisco,0606,Tseltal,maya,Mujeres,217.0,4056443.0,380003.0,2e-06
2020,entidad,14,Jalisco,0518,Triqui,oto-mangue,Mujeres,174.0,4056443.0,380003.0,1e-05
2020,entidad,14,Jalisco,0604,Ch'ol,maya,Mujeres,139.0,4056443.0,380003.0,0.0
2020,entidad,14,Jalisco,0515,Amuzgo,oto-mangue,Mujeres,133.0,4056443.0,380003.0,3e-06
2020,entidad,14,Jalisco,0907,Zoque,mixe-zoque,Mujeres,100.0,4056443.0,380003.0,0.0
2020,entidad,14,Jalisco,0514,Chatino,oto-mangue,Mujeres,90.0,4056443.0,380003.0,
2020,entidad,14,Jalisco,0208,Mayo,yuto-nahua,Mujeres,85.0,4056443.0,380003.0,
2020,entidad,14,Jalisco,0209,Cora,yuto-nahua,Mujeres,84.0,4056443.0,380003.0,0.0
2020,entidad,14,Jalisco,1101,Huave,huave,Mujeres,72.0,4056443.0,380003.0,
2020,entidad,14,Jalisco,9030,Popoluca insuficientemente especificado,,Mujeres,54.0,4056443.0,380003.0,
2020,entidad,14,Jalisco,0508,Tlapaneco,oto-mangue,Mujeres,53.0,4056443.0,380003.0,
2020,entidad,14,Jalisco,8000,Otras lenguas indígenas de América,,Mujeres,34.0,4056443.0,380003.0,
2020,entidad,14,Jalisco,0205,Tarahumara,yuto-nahua,Mujeres,31.0,4056443.0,380003.0,
2020,entidad,14,Jalisco,9020,Tepehuano insuficientemente especificado,,Mujeres,16.0,4056443.0,380003.0,0.0
2020,entidad,14,Jalisco,0616,Kaqchikel,maya,Mujeres,10.0,4056443.0,380003.0,
2020,entidad,14,Jalisco,0506,Chichimeco jonaz,oto-mangue,Mujeres,9.0,4056443.0,380003.0,
2020,entidad,14,Jalisco,0204,Tepehuano del sur,yuto-nahua,Mujeres,8.0,4056443.0,380003.0,0.0
2020,entidad,14,Jalisco,0618,Mam,maya,Mujeres,8.0,4056443.0,380003.0,
2020,entidad,14,Jalisco,0608,Q'anjob'al,maya,Mujeres,6.0,4056443.0,380003.0,
2020,entidad,14,Jalisco,0210,Huichol,yuto-nahua,Total,23108.0,7919382.0,745420.0,0.000276
2020,entidad,14,Jalisco,0211,Náhuatl,yuto-nahua,Total,23072.0,7919382.0,745420.0,0.000291
2020,entidad,14,Jalisco,0607,Tsotsil,maya,Total,3975.0,7919382.0,745420.0,0.000234
2020,entidad,14,Jalisco,0516,Mixteco,oto-mangue,Total,3508.0,7919382.0,745420.0,3.2e-05
2020,entidad,14,Jalisco,0801,Tarasco (purépecha),tarasca,Total,2783.0,7919382.0,745420.0,4.1e-05
2020,entidad,14,Jalisco,0513,Zapoteco,oto-mangue,Total,2283.0,7919382.0,745420.0,3.8e-05
2020,entidad,14,Jalisco,9000,No especificado,,Total,1447.0,7919382.0,745420.0,9e-06
2020,entidad,14,Jalisco,0601,Huasteco,maya,Total,1297.0,7919382.0,745420.0,3.5e-05
2020,entidad,14,Jalisco,0701,Totonaco,totonaco-tepehua,Total,1181.0,7919382.0,745420.0,1.2e-05
2020,entidad,14,Jalisco,0602,Maya,maya,Total,1131.0,7919382.0,745420.0,1.2e-05
2020,entidad,14,Jalisco,0501,Otomí,oto-mangue,Total,1047.0,7919382.0,745420.0,3.3e-05
2020,entidad,14,Jalisco,0901,Mixe,mixe-zoque,Total,995.0,7919382.0,745420.0,1.3e-05
2020,entidad,14,Jalisco,0502,Mazahua,oto-mangue,Total,990.0,7919382.0,745420.0,7e-06
2020,entidad,14,Jalisco,0606,Tseltal,maya,Total,750.0,7919382.0,745420.0,1.3e-05
2020,entidad,14,Jalisco,0507,Chinanteco,oto-mangue,Total,627.0,7919382.0,745420.0,2.3e-05
2020,entidad,14,Jalisco,0509,Mazateco,oto-mangue,Total,565.0,7919382.0,745420.0,4e-06
2020,entidad,14,Jalisco,0604,Ch'ol,maya,Total,400.0,7919382.0,745420.0,2e-06
2020,entidad,14,Jalisco,0514,Chatino,oto-mangue,Total,340.0,7919382.0,745420.0,
2020,entidad,14,Jalisco,0518,Triqui,oto-mangue,Total,313.0,7919382.0,745420.0,8e-06
2020,entidad,14,Jalisco,9030,Popoluca insuficientemente especificado,,Total,265.0,7919382.0,745420.0,0.0
2020,entidad,14,Jalisco,8000,Otras lenguas indígenas de América,,Total,202.0,7919382.0,745420.0,
2020,entidad,14,Jalisco,0515,Amuzgo,oto-mangue,Total,180.0,7919382.0,745420.0,4e-06
2020,entidad,14,Jalisco,0208,Mayo,yuto-nahua,Total,163.0,7919382.0,745420.0,0.0
2020,entidad,14,Jalisco,0205,Tarahumara,yuto-nahua,Total,148.0,7919382.0,745420.0,0.0
2020,entidad,14,Jalisco,1101,Huave,huave,Total,148.0,7919382.0,745420.0,
2020,entidad,14,Jalisco,0209,Cora,yuto-nahua,Total,142.0,7919382.0,745420.0,1e-06
2020,entidad,14,Jalisco,0907,Zoque,mixe-zoque,Total,137.0,7919382.0,745420.0,0.0
2020,entidad,14,Jalisco,0508,Tlapaneco,oto-mangue,Total,100.0,7919382.0,745420.0,
2020,entidad,14,Jalisco,9020,Tepehuano insuficientemente especificado,,Total,27.0,7919382.0,745420.0,0.0
2020,entidad,14,Jalisco,0616,Kaqchikel,maya,Total,22.0,7919382.0,745420.0,
2020,entidad,14,Jalisco,0204,Tepehuano del sur,yuto-nahua,Total,18.0,7919382.0,745420.0,1e-06
2020,entidad,14,Jalisco,0603,Lacandón,maya,Total,12.0,7919382.0,745420.0,
2020,entidad,14,Jalisco,0608,Q'anjob'al,maya,Total,12.0,7919382.0,745420.0,0.0
2020,entidad,14,Jalisco,0506,Chichimeco jonaz,oto-mangue,Total,9.0,7919382.0,745420.0,
2020,entidad,14,Jalisco,0618,Mam,maya,Total,8.0,7919382.0,745420.0,
2020,entidad,14,Jalisco,9010,Chontal insuficientemente especificado,,Total,3.0,7919382.0,745420.0,
2020,entidad,14,Jalisco,0906,Popoluca de la Sierra,mixe-zoque,Total,2.0,7919382.0,745420.0,
2020,entidad,15,México,0502,Mazahua,oto-mangue,Hombres,51117.0,7845430.0,567414.0,0.00049
2020,entidad,15,México,0501,Otomí,oto-mangue,Hombres,47212.0,7845430.0,567414.0,0.000481
2020,entidad,15,México,0211,Náhuatl,yuto-nahua,Hombres,39999.0,7845430.0,567414.0,0.000184
2020,entidad,15,México,0516,Mixteco,oto-mangue,Hombres,16034.0,7845430.0,567414.0,0.000131
2020,entidad,15,México,0509,Mazateco,oto-mangue,Hombres,9794.0,7845430.0,567414.0,9.1e-05
2020,entidad,15,México,0513,Zapoteco,oto-mangue,Hombres,7255.0,7845430.0,567414.0,3.9e-05
2020,entidad,15,México,0701,Totonaco,totonaco-tepehua,Hombres,6863.0,7845430.0,567414.0,5e-05
2020,entidad,15,México,0901,Mixe,mixe-zoque,Hombres,3421.0,7845430.0,567414.0,3e-05
2020,entidad,15,México,9000,No especificado,,Hombres,2497.0,7845430.0,567414.0,8e-06
2020,entidad,15,México,0507,Chinanteco,oto-mangue,Hombres,1973.0,7845430.0,567414.0,1.9e-05
2020,entidad,15,México,0801,Tarasco (purépecha),tarasca,Hombres,1323.0,7845430.0,567414.0,2.3e-05
2020,entidad,15,México,0508,Tlapaneco,oto-mangue,Hombres,1190.0,7845430.0,567414.0,8e-06
2020,entidad,15,México,0503,Matlatzinca,oto-mangue,Hombres,1077.0,7845430.0,567414.0,2e-06
2020,entidad,15,México,0602,Maya,maya,Hombres,1043.0,7845430.0,567414.0,9e-06
2020,entidad,15,México,0518,Triqui,oto-mangue,Hombres,698.0,7845430.0,567414.0,9e-06
2020,entidad,15,México,0601,Huasteco,maya,Hombres,646.0,7845430.0,567414.0,7e-06
2020,entidad,15,México,0606,Tseltal,maya,Hombres,636.0,7845430.0,567414.0,0.0
2020,entidad,15,México,0702,Tepehua,totonaco-tepehua,Hombres,621.0,7845430.0,567414.0,1e-05
2020,entidad,15,México,0607,Tsotsil,maya,Hombres,450.0,7845430.0,567414.0,0.0
2020,entidad,15,México,0515,Amuzgo,oto-mangue,Hombres,436.0,7845430.0,567414.0,
2020,entidad,15,México,0517,Cuicateco,oto-mangue,Hombres,299.0,7845430.0,567414.0,0.0
2020,entidad,15,México,8000,Otras lenguas indígenas de América,,Hombres,237.0,7845430.0,567414.0,
2020,entidad,15,México,0512,Popoloca,oto-mangue,Hombres,202.0,7845430.0,567414.0,0.0
2020,entidad,15,México,0511,Chocholteco,oto-mangue,Hombres,174.0,7845430.0,567414.0,
2020,entidad,15,México,0907,Zoque,mixe-zoque,Hombres,168.0,7845430.0,567414.0,5e-06
2020,entidad,15,México,0604,Ch'ol,maya,Hombres,147.0,7845430.0,567414.0,
2020,entidad,15,México,0504,Tlahuica,oto-mangue,Hombres,88.0,7845430.0,567414.0,4e-06
2020,entidad,15,México,0205,Tarahumara,yuto-nahua,Hombres,86.0,7845430.0,567414.0,
2020,entidad,15,México,9020,Tepehuano insuficientemente especificado,,Hombres,84.0,7845430.0,567414.0,
2020,entidad,15,México,1101,Huave,huave,Hombres,79.0,7845430.0,567414.0,0.0
2020,entidad,15,México,9010,Chontal insuficientemente especificado,,Hombres,43.0,7845430.0,567414.0,
2020,entidad,15,México,0514,Chatino,oto-mangue,Hombres,30.0,7845430.0,567414.0,
2020,entidad,15,México,9030,Popoluca insuficientemente especificado,,Hombres,23.0,7845430.0,567414.0,
2020,entidad,15,México,0510,Ixcateco,oto-mangue,Hombres,22.0,7845430.0,567414.0,
2020,entidad,15,México,0613,Tojolabal,maya,Hombres,15.0,7845430.0,567414.0,
2020,entidad,15,México,0101,Kickapoo,álgica,Hombres,12.0,7845430.0,567414.0,
2020,entidad,15,México,0610,Jakalteko,maya,Hombres,11.0,7845430.0,567414.0,
2020,entidad,15,México,0207,Yaqui,yuto-nahua,Hombres,7.0,7845430.0,567414.0,
2020,entidad,15,México,0618,Mam,maya,Hombres,7.0,7845430.0,567414.0,
2020,entidad,15,México,0208,Mayo,yuto-nahua,Hombres,3.0,7845430.0,567414.0,
2020,entidad,15,México,0502,Mazahua,oto-mangue,Mujeres,60316.0,8367992.0,602371.0,0.000574
2020,entidad,15,México,0501,Otomí,oto-mangue,Mujeres,55392.0,8367992.0,602371.0,0.000544
2020,entidad,15,México,0211,Náhuatl,yuto-nahua,Mujeres,39366.0,8367992.0,602371.0,0.000153
2020,entidad,15,México,0516,Mixteco,oto-mangue,Mujeres,16957.0,8367992.0,602371.0,0.000108
2020,entidad,15,México,0509,Mazateco,oto-mangue,Mujeres,11115.0,8367992.0,602371.0,6.3e-05
2020,entidad,15,México,0513,Zapoteco,oto-mangue,Mujeres,7699.0,8367992.0,602371.0,3.2e-05
2020,entidad,15,México,0701,Totonaco,totonaco-tepehua,Mujeres,6611.0,8367992.0,602371.0,4.7e-05
2020,entidad,15,México,0901,Mixe,mixe-zoque,Mujeres,3287.0,8367992.0,602371.0,2.8e-05
2020,entidad,15,México,9000,No especificado,,Mujeres,2294.0,8367992.0,602371.0,1.3e-05
2020,entidad,15,México,0507,Chinanteco,oto-mangue,Mujeres,2113.0,8367992.0,602371.0,1.6e-05
2020,entidad,15,México,0508,Tlapaneco,oto-mangue,Mujeres,1717.0,8367992.0,602371.0,1.1e-05
2020,entidad,15,México,0801,Tarasco (purépecha),tarasca,Mujeres,1280.0,8367992.0,602371.0,2.4e-05
2020,entidad,15,México,0503,Matlatzinca,oto-mangue,Mujeres,1223.0,8367992.0,602371.0,4e-06
2020,entidad,15,México,0606,Tseltal,maya,Mujeres,878.0,8367992.0,602371.0,1e-06
2020,entidad,15,México,0601,Huasteco,maya,Mujeres,767.0,8367992.0,602371.0,6e-06
2020,entidad,15,México,0518,Triqui,oto-mangue,Mujeres,764.0,8367992.0,602371.0,6e-06
2020,entidad,15,México,0602,Maya,maya,Mujeres,745.0,8367992.0,602371.0,2e-06
2020,entidad,15,México,0515,Amuzgo,oto-mangue,Mujeres,539.0,8367992.0,602371.0,0.0
2020,entidad,15,México,0517,Cuicateco,oto-mangue,Mujeres,391.0,8367992.0,602371.0,0.0
2020,entidad,15,México,0607,Tsotsil,maya,Mujeres,387.0,8367992.0,602371.0,6e-06
2020,entidad,15,México,0702,Tepehua,totonaco-tepehua,Mujeres,372.0,8367992.0,602371.0,0.0
2020,entidad,15,México,0511,Chocholteco,oto-mangue,Mujeres,257.0,8367992.0,602371.0,0.0
2020,entidad,15,México,0504,Tlahuica,oto-mangue,Mujeres,189.0,8367992.0,602371.0,4e-06
2020,entidad,15,México,8000,Otras lenguas indígenas de América,,Mujeres,179.0,8367992.0,602371.0,
2020,entidad,15,México,9010,Chontal insuficientemente especificado,,Mujeres,134.0,8367992.0,602371.0,
2020,entidad,15,México,0907,Zoque,mixe-zoque,Mujeres,124.0,8367992.0,602371.0,
2020,entidad,15,México,1101,Huave,huave,Mujeres,108.0,8367992.0,602371.0,
2020,entidad,15,México,0604,Ch'ol,maya,Mujeres,106.0,8367992.0,602371.0,
2020,entidad,15,México,0512,Popoloca,oto-mangue,Mujeres,104.0,8367992.0,602371.0,0.0
2020,entidad,15,México,0618,Mam,maya,Mujeres,55.0,8367992.0,602371.0,
2020,entidad,15,México,9030,Popoluca insuficientemente especificado,,Mujeres,29.0,8367992.0,602371.0,
2020,entidad,15,México,0210,Huichol,yuto-nahua,Mujeres,20.0,8367992.0,602371.0,
2020,entidad,15,México,0605,Chontal de Tabasco,maya,Mujeres,19.0,8367992.0,602371.0,
2020,entidad,15,México,1001,Chontal de Oaxaca,chontal de Oaxaca,Mujeres,17.0,8367992.0,602371.0,
2020,entidad,15,México,0506,Chichimeco jonaz,oto-mangue,Mujeres,10.0,8367992.0,602371.0,
2020,entidad,15,México,0514,Chatino,oto-mangue,Mujeres,6.0,8367992.0,602371.0,
2020,entidad,15,México,0209,Cora,yuto-nahua,Mujeres,5.0,8367992.0,602371.0,
2020,entidad,15,México,0207,Yaqui,yuto-nahua,Mujeres,4.0,8367992.0,602371.0,
2020,entidad,15,México,0502,Mazahua,oto-mangue,Total,111433.0,16213422.0,1169785.0,0.00054
2020,entidad,15,México,0501,Otomí,oto-mangue,Total,102604.0,16213422.0,1169785.0,0.000527
2020,entidad,15,México,0211,Náhuatl,yuto-nahua,Total,79365.0,16213422.0,1169785.0,0.000175
2020,entidad,15,México,0516,Mixteco,oto-mangue,Total,32991.0,16213422.0,1169785.0,0.00012
2020,entidad,15,México,0509,Mazateco,oto-mangue,Total,20909.0,16213422.0,1169785.0,8.1e-05
2020,entidad,15,México,0513,Zapoteco,oto-mangue,Total,14954.0,16213422.0,1169785.0,3.9e-05
2020,entidad,15,México,0701,Totonaco,totonaco-tepehua,Total,13474.0,16213422.0,1169785.0,5.3e-05
2020,entidad,15,México,0901,Mixe,mixe-zoque,Total,6708.0,16213422.0,1169785.0,3.3e-05
2020,entidad,15,México,9000,No especificado,,Total,4791.0,16213422.0,1169785.0,1.2e-05
2020,entidad,15,México,0507,Chinanteco,oto-mangue,Total,4086.0,16213422.0,1169785.0,2.1e-05
2020,entidad,15,México,0508,Tlapaneco,oto-mangue,Total,2907.0,16213422.0,1169785.0,9e-06
2020,entidad,15,México,0801,Tarasco (purépecha),tarasca,Total,2603.0,16213422.0,1169785.0,2.5e-05
2020,entidad,15,México,0503,Matlatzinca,oto-mangue,Total,2300.0,16213422.0,1169785.0,1e-06
2020,entidad,15,México,0602,Maya,maya,Total,1788.0,16213422.0,1169785.0,1e-06
2020,entidad,15,México,0606,Tseltal,maya,Total,1514.0,16213422.0,1169785.0,4e-06
2020,entidad,15,México,0518,Triqui,oto-mangue,Total,1462.0,16213422.0,1169785.0,1.1e-05
2020,entidad,15,México,0601,Huasteco,maya,Total,1413.0,16213422.0,1169785.0,4e-06
2020,entidad,15,México,0702,Tepehua,totonaco-tepehua,Total,993.0,16213422.0,1169785.0,9e-06
2020,entidad,15,México,0515,Amuzgo,oto-mangue,Total,975.0,16213422.0,1169785.0,1e-06
2020,entidad,15,México,0607,Tsotsil,maya,Total,837.0,16213422.0,1169785.0,1.2e-05
2020,entidad,15,México,0517,Cuicateco,oto-mangue,Total,690.0,16213422.0,1169785.0,2e-06
2020,entidad,15,México,0511,Chocholteco,oto-mangue,Total,431.0,16213422.0,1169785.0,1e-06
2020,entidad,15,México,8000,Otras lenguas indígenas de América,,Total,416.0,16213422.0,1169785.0,3e-06
2020,entidad,15,México,0512,Popoloca,oto-mangue,Total,306.0,16213422.0,1169785.0,1e-06
2020,entidad,15,México,0907,Zoque,mixe-zoque,Total,292.0,16213422.0,1169785.0,3e-06
2020,entidad,15,México,0504,Tlahuica,oto-mangue,Total,277.0,16213422.0,1169785.0,4e-06
2020,entidad,15,México,0604,Ch'ol,maya,Total,253.0,16213422.0,1169785.0,
2020,entidad,15,México,1101,Huave,huave,Total,187.0,16213422.0,1169785.0,1e-06
2020,entidad,15,México,9010,Chontal insuficientemente especificado,,Total,177.0,16213422.0,1169785.0,
2020,entidad,15,México,0205,Tarahumara,yuto-nahua,Total,86.0,16213422.0,1169785.0,
2020,entidad,15,México,9020,Tepehuano insuficientemente especificado,,Total,84.0,16213422.0,1169785.0,
2020,entidad,15,México,0618,Mam,maya,Total,62.0,16213422.0,1169785.0,
2020,entidad,15,México,9030,Popoluca insuficientemente especificado,,Total,52.0,16213422.0,1169785.0,0.0
2020,entidad,15,México,0514,Chatino,oto-mangue,Total,36.0,16213422.0,1169785.0,
2020,entidad,15,México,0510,Ixcateco,oto-mangue,Total,22.0,16213422.0,1169785.0,
2020,entidad,15,México,0210,Huichol,yuto-nahua,Total,20.0,16213422.0,1169785.0,
2020,entidad,15,México,0605,Chontal de Tabasco,maya,Total,19.0,16213422.0,1169785.0,
2020,entidad,15,México,1001,Chontal de Oaxaca,chontal de Oaxaca,Total,17.0,16213422.0,1169785.0,
2020,entidad,15,México,0613,Tojolabal,maya,Total,15.0,16213422.0,1169785.0,
2020,entidad,15,México,0101,Kickapoo,álgica,Total,12.0,16213422.0,1169785.0,
2020,entidad,15,México,0207,Yaqui,yuto-nahua,Total,11.0,16213422.0,1169785.0,
2020,entidad,15,México,0610,Jakalteko,maya,Total,11.0,16213422.0,1169785.0,
2020,entidad,15,México,0506,Chichimeco jonaz,oto-mangue,Total,10.0,16213422.0,1169785.0,
2020,entidad,15,México,0209,Cora,yuto-nahua,Total,5.0,16213422.0,1169785.0,
2020,entidad,15,México,0208,Mayo,yuto-nahua,Total,3.0,16213422.0,1169785.0,
2020,entidad,16,Michoacán,0801,Tarasco (purépecha),tarasca,Hombres,62337.0,2164621.0,325656.0,0.001672
2020,entidad,16,Michoacán,0211,Náhuatl,yuto-nahua,Hombres,4731.0,2164621.0,325656.0,0.000468
2020,entidad,16,Michoacán,0516,Mixteco,oto-mangue,Hombres,2374.0,2164621.0,325656.0,0.000129
2020,entidad,16,Michoacán,0502,Mazahua,oto-mangue,Hombres,945.0,2164621.0,325656.0,0.000129
2020,entidad,16,Michoacán,0501,Otomí,oto-mangue,Hombres,333.0,2164621.0,325656.0,1e-05
2020,entidad,16,Michoacán,0508,Tlapaneco,oto-mangue,Hombres,328.0,2164621.0,325656.0,2.3e-05
2020,entidad,16,Michoacán,9000,No especificado,,Hombres,313.0,2164621.0,325656.0,7e-06
2020,entidad,16,Michoacán,0606,Tseltal,maya,Hombres,198.0,2164621.0,325656.0,2e-06
2020,entidad,16,Michoacán,0513,Zapoteco,oto-mangue,Hombres,164.0,2164621.0,325656.0,0.0
2020,entidad,16,Michoacán,0901,Mixe,mixe-zoque,Hombres,155.0,2164621.0,325656.0,6e-06
2020,entidad,16,Michoacán,0602,Maya,maya,Hombres,139.0,2164621.0,325656.0,0.0
2020,entidad,16,Michoacán,0701,Totonaco,totonaco-tepehua,Hombres,134.0,2164621.0,325656.0,
2020,entidad,16,Michoacán,0515,Amuzgo,oto-mangue,Hombres,110.0,2164621.0,325656.0,0.0
2020,entidad,16,Michoacán,0607,Tsotsil,maya,Hombres,92.0,2164621.0,325656.0,3e-06
2020,entidad,16,Michoacán,0604,Ch'ol,maya,Hombres,74.0,2164621.0,325656.0,
2020,entidad,16,Michoacán,8000,Otras lenguas indígenas de América,,Hombres,56.0,2164621.0,325656.0,
2020,entidad,16,Michoacán,0209,Cora,yuto-nahua,Hombres,54.0,2164621.0,325656.0,
2020,entidad,16,Michoacán,0518,Triqui,oto-mangue,Hombres,46.0,2164621.0,325656.0,9e-06
2020,entidad,16,Michoacán,0615,K'iche',maya,Hombres,45.0,2164621.0,325656.0,
2020,entidad,16,Michoacán,0907,Zoque,mixe-zoque,Hombres,45.0,2164621.0,325656.0,
2020,entidad,16,Michoacán,0205,Tarahumara,yuto-nahua,Hombres,41.0,2164621.0,325656.0,
2020,entidad,16,Michoacán,0601,Huasteco,maya,Hombres,24.0,2164621.0,325656.0,0.0
2020,entidad,16,Michoacán,0507,Chinanteco,oto-mangue,Hombres,20.0,2164621.0,325656.0,
2020,entidad,16,Michoacán,0605,Chontal de Tabasco,maya,Hombres,15.0,2164621.0,325656.0,
2020,entidad,16,Michoacán,0204,Tepehuano del sur,yuto-nahua,Hombres,10.0,2164621.0,325656.0,
2020,entidad,16,Michoacán,9010,Chontal insuficientemente especificado,,Hombres,10.0,2164621.0,325656.0,
2020,entidad,16,Michoacán,0207,Yaqui,yuto-nahua,Hombres,4.0,2164621.0,325656.0,
2020,entidad,16,Michoacán,0509,Mazateco,oto-mangue,Hombres,4.0,2164621.0,325656.0,
2020,entidad,16,Michoacán,0702,Tepehua,totonaco-tepehua,Hombres,4.0,2164621.0,325656.0,
2020,entidad,16,Michoacán,0208,Mayo,yuto-nahua,Hombres,3.0,2164621.0,325656.0,
2020,entidad,16,Michoacán,0801,Tarasco (purépecha),tarasca,Mujeres,65067.0,2311734.0,344889.0,0.001514
2020,entidad,16,Michoacán,0211,Náhuatl,yuto-nahua,Mujeres,4363.0,2311734.0,344889.0,0.000449
2020,entidad,16,Michoacán,0516,Mixteco,oto-mangue,Mujeres,1972.0,2311734.0,344889.0,0.000111
2020,entidad,16,Michoacán,0502,Mazahua,oto-mangue,Mujeres,924.0,2311734.0,344889.0,0.00014
2020,entidad,16,Michoacán,0508,Tlapaneco,oto-mangue,Mujeres,351.0,2311734.0,344889.0,3.2e-05
2020,entidad,16,Michoacán,0501,Otomí,oto-mangue,Mujeres,285.0,2311734.0,344889.0,7e-06
2020,entidad,16,Michoacán,9000,No especificado,,Mujeres,165.0,2311734.0,344889.0,1e-06
2020,entidad,16,Michoacán,0515,Amuzgo,oto-mangue,Mujeres,160.0,2311734.0,344889.0,1.5e-05
2020,entidad,16,Michoacán,0513,Zapoteco,oto-mangue,Mujeres,117.0,2311734.0,344889.0,0.0
2020,entidad,16,Michoacán,0606,Tseltal,maya,Mujeres,112.0,2311734.0,344889.0,
2020,entidad,16,Michoacán,0607,Tsotsil,maya,Mujeres,99.0,2311734.0,344889.0,1.8e-05
2020,entidad,16,Michoacán,0901,Mixe,mixe-zoque,Mujeres,69.0,2311734.0,344889.0,
2020,entidad,16,Michoacán,0701,Totonaco,totonaco-tepehua,Mujeres,63.0,2311734.0,344889.0,
2020,entidad,16,Michoacán,0608,Q'anjob'al,maya,Mujeres,48.0,2311734.0,344889.0,
2020,entidad,16,Michoacán,8000,Otras lenguas indígenas de América,,Mujeres,46.0,2311734.0,344889.0,
2020,entidad,16,Michoacán,0602,Maya,maya,Mujeres,43.0,2311734.0,344889.0,
2020,entidad,16,Michoacán,0604,Ch'ol,maya,Mujeres,35.0,2311734.0,344889.0,
2020,entidad,16,Michoacán,0507,Chinanteco,oto-mangue,Mujeres,26.0,2311734.0,344889.0,
2020,entidad,16,Michoacán,0210,Huichol,yuto-nahua,Mujeres,24.0,2311734.0,344889.0,
2020,entidad,16,Michoacán,0601,Huasteco,maya,Mujeres,22.0,2311734.0,344889.0,
2020,entidad,16,Michoacán,0518,Triqui,oto-mangue,Mujeres,21.0,2311734.0,344889.0,4e-06
2020,entidad,16,Michoacán,0907,Zoque,mixe-zoque,Mujeres,20.0,2311734.0,344889.0,
2020,entidad,16,Michoacán,0505,Pame,oto-mangue,Mujeres,17.0,2311734.0,344889.0,
2020,entidad,16,Michoacán,0509,Mazateco,oto-mangue,Mujeres,17.0,2311734.0,344889.0,
2020,entidad,16,Michoacán,0209,Cora,yuto-nahua,Mujeres,9.0,2311734.0,344889.0,
2020,entidad,16,Michoacán,9030,Popoluca insuficientemente especificado,,Mujeres,3.0,2311734.0,344889.0,
2020,entidad,16,Michoacán,0205,Tarahumara,yuto-nahua,Mujeres,2.0,2311734.0,344889.0,
2020,entidad,16,Michoacán,0801,Tarasco (purépecha),tarasca,Total,127404.0,4476355.0,670545.0,0.001604
2020,entidad,16,Michoacán,0211,Náhuatl,yuto-nahua,Total,9094.0,4476355.0,670545.0,0.00046
2020,entidad,16,Michoacán,0516,Mixteco,oto-mangue,Total,4346.0,4476355.0,670545.0,0.000122
2020,entidad,16,Michoacán,0502,Mazahua,oto-mangue,Total,1869.0,4476355.0,670545.0,0.00014
2020,entidad,16,Michoacán,0508,Tlapaneco,oto-mangue,Total,679.0,4476355.0,670545.0,2.6e-05
2020,entidad,16,Michoacán,0501,Otomí,oto-mangue,Total,618.0,4476355.0,670545.0,1.5e-05
2020,entidad,16,Michoacán,9000,No especificado,,Total,478.0,4476355.0,670545.0,4e-06
2020,entidad,16,Michoacán,0606,Tseltal,maya,Total,310.0,4476355.0,670545.0,8e-06
2020,entidad,16,Michoacán,0513,Zapoteco,oto-mangue,Total,281.0,4476355.0,670545.0,3e-06
2020,entidad,16,Michoacán,0515,Amuzgo,oto-mangue,Total,270.0,4476355.0,670545.0,1.5e-05
2020,entidad,16,Michoacán,0901,Mixe,mixe-zoque,Total,224.0,4476355.0,670545.0,6e-06
2020,entidad,16,Michoacán,0701,Totonaco,totonaco-tepehua,Total,197.0,4476355.0,670545.0,
2020,entidad,16,Michoacán,0607,Tsotsil,maya,Total,191.0,4476355.0,670545.0,1.1e-05
2020,entidad,16,Michoacán,0602,Maya,maya,Total,182.0,4476355.0,670545.0,0.0
2020,entidad,16,Michoacán,0604,Ch'ol,maya,Total,109.0,4476355.0,670545.0,
2020,entidad,16,Michoacán,8000,Otras lenguas indígenas de América,,Total,102.0,4476355.0,670545.0,1e-06
2020,entidad,16,Michoacán,0518,Triqui,oto-mangue,Total,67.0,4476355.0,670545.0,6e-06
2020,entidad,16,Michoacán,0907,Zoque,mixe-zoque,Total,65.0,4476355.0,670545.0,
2020,entidad,16,Michoacán,0209,Cora,yuto-nahua,Total,63.0,4476355.0,670545.0,
2020,entidad,16,Michoacán,0608,Q'anjob'al,maya,Total,48.0,4476355.0,670545.0,
2020,entidad,16,Michoacán,0507,Chinanteco,oto-mangue,Total,46.0,4476355.0,670545.0,
2020,entidad,16,Michoacán,0601,Huasteco,maya,Total,46.0,4476355.0,670545.0,1e-06
2020,entidad,16,Michoacán,0615,K'iche',maya,Total,45.0,4476355.0,670545.0,
2020,entidad,16,Michoacán,0205,Tarahumara,yuto-nahua,Total,43.0,4476355.0,670545.0,
2020,entidad,16,Michoacán,0210,Huichol,yuto-nahua,Total,24.0,4476355.0,670545.0,
2020,entidad,16,Michoacán,0509,Mazateco,oto-mangue,Total,21.0,4476355.0,670545.0,
2020,entidad,16,Michoacán,0505,Pame,oto-mangue,Total,17.0,4476355.0,670545.0,
2020,entidad,16,Michoacán,0605,Chontal de Tabasco,maya,Total,15.0,4476355.0,670545.0,
2020,entidad,16,Michoacán,0204,Tepehuano del sur,yuto-nahua,Total,10.0,4476355.0,670545.0,
2020,entidad,16,Michoacán,9010,Chontal insuficientemente especificado,,Total,10.0,4476355.0,670545.0,
2020,entidad,16,Michoacán,0207,Yaqui,yuto-nahua,Total,4.0,4476355.0,670545.0,
2020,entidad,16,Michoacán,0702,Tepehua,totonaco-tepehua,Total,4.0,4476355.0,670545.0,
2020,entidad,16,Michoacán,0208,Mayo,yuto-nahua,Total,3.0,4476355.0,670545.0,
2020,entidad,16,Michoacán,9030,Popoluca insuficientemente especificado,,Total,3.0,4476355.0,670545.0,
2020,entidad,17,Morelos,0211,Náhuatl,yuto-nahua,Hombres,12592.0,906356.0,111251.0,0.000809
2020,entidad,17,Morelos,0516,Mixteco,oto-mangue,Hombres,3734.0,906356.0,111251.0,0.000669
2020,entidad,17,Morelos,0508,Tlapaneco,oto-mangue,Hombres,1449.0,906356.0,111251.0,0.000667
2020,entidad,17,Morelos,0513,Zapoteco,oto-mangue,Hombres,426.0,906356.0,111251.0,1.6e-05
2020,entidad,17,Morelos,0502,Mazahua,oto-mangue,Hombres,309.0,906356.0,111251.0,3.2e-05
2020,entidad,17,Morelos,0501,Otomí,oto-mangue,Hombres,297.0,906356.0,111251.0,3e-06
2020,entidad,17,Morelos,0701,Totonaco,totonaco-tepehua,Hombres,206.0,906356.0,111251.0,6e-06
2020,entidad,17,Morelos,9000,No especificado,,Hombres,189.0,906356.0,111251.0,3e-06
2020,entidad,17,Morelos,0507,Chinanteco,oto-mangue,Hombres,180.0,906356.0,111251.0,6.5e-05
2020,entidad,17,Morelos,0509,Mazateco,oto-mangue,Hombres,179.0,906356.0,111251.0,5.4e-05
2020,entidad,17,Morelos,0602,Maya,maya,Hombres,113.0,906356.0,111251.0,0.0
2020,entidad,17,Morelos,0515,Amuzgo,oto-mangue,Hombres,99.0,906356.0,111251.0,3e-06
2020,entidad,17,Morelos,0512,Popoloca,oto-mangue,Hombres,65.0,906356.0,111251.0,
2020,entidad,17,Morelos,0607,Tsotsil,maya,Hombres,59.0,906356.0,111251.0,
2020,entidad,17,Morelos,0606,Tseltal,maya,Hombres,46.0,906356.0,111251.0,
2020,entidad,17,Morelos,0601,Huasteco,maya,Hombres,42.0,906356.0,111251.0,
2020,entidad,17,Morelos,0901,Mixe,mixe-zoque,Hombres,38.0,906356.0,111251.0,
2020,entidad,17,Morelos,0518,Triqui,oto-mangue,Hombres,28.0,906356.0,111251.0,
2020,entidad,17,Morelos,1101,Huave,huave,Hombres,27.0,906356.0,111251.0,
2020,entidad,17,Morelos,9020,Tepehuano insuficientemente especificado,,Hombres,25.0,906356.0,111251.0,
2020,entidad,17,Morelos,0208,Mayo,yuto-nahua,Hombres,16.0,906356.0,111251.0,
2020,entidad,17,Morelos,0801,Tarasco (purépecha),tarasca,Hombres,16.0,906356.0,111251.0,
2020,entidad,17,Morelos,0907,Zoque,mixe-zoque,Hombres,13.0,906356.0,111251.0,
2020,entidad,17,Morelos,8000,Otras lenguas indígenas de América,,Hombres,13.0,906356.0,111251.0,
2020,entidad,17,Morelos,0616,Kaqchikel,maya,Hombres,12.0,906356.0,111251.0,
2020,entidad,17,Morelos,0204,Tepehuano del sur,yuto-nahua,Hombres,10.0,906356.0,111251.0,
2020,entidad,17,Morelos,0604,Ch'ol,maya,Hombres,9.0,906356.0,111251.0,
2020,entidad,17,Morelos,0510,Ixcateco,oto-mangue,Hombres,7.0,906356.0,111251.0,
2020,entidad,17,Morelos,0205,Tarahumara,yuto-nahua,Hombres,4.0,906356.0,111251.0,
2020,entidad,17,Morelos,0514,Chatino,oto-mangue,Hombres,4.0,906356.0,111251.0,
2020,entidad,17,Morelos,0504,Tlahuica,oto-mangue,Hombres,3.0,906356.0,111251.0,
2020,entidad,17,Morelos,0211,Náhuatl,yuto-nahua,Mujeres,12394.0,972141.0,118270.0,0.000833
2020,entidad,17,Morelos,0516,Mixteco,oto-mangue,Mujeres,3949.0,972141.0,118270.0,0.00076
2020,entidad,17,Morelos,0508,Tlapaneco,oto-mangue,Mujeres,1405.0,972141.0,118270.0,0.000476
2020,entidad,17,Morelos,0513,Zapoteco,oto-mangue,Mujeres,414.0,972141.0,118270.0,5.4e-05
2020,entidad,17,Morelos,0501,Otomí,oto-mangue,Mujeres,313.0,972141.0,118270.0,3e-06
2020,entidad,17,Morelos,0509,Mazateco,oto-mangue,Mujeres,248.0,972141.0,118270.0,7e-06
2020,entidad,17,Morelos,0507,Chinanteco,oto-mangue,Mujeres,210.0,972141.0,118270.0,5.8e-05
2020,entidad,17,Morelos,0701,Totonaco,totonaco-tepehua,Mujeres,190.0,972141.0,118270.0,6e-06
2020,entidad,17,Morelos,0502,Mazahua,oto-mangue,Mujeres,185.0,972141.0,118270.0,2e-06
2020,entidad,17,Morelos,0515,Amuzgo,oto-mangue,Mujeres,128.0,972141.0,118270.0,6e-06
2020,entidad,17,Morelos,0801,Tarasco (purépecha),tarasca,Mujeres,121.0,972141.0,118270.0,5e-06
2020,entidad,17,Morelos,9000,No especificado,,Mujeres,105.0,972141.0,118270.0,0.0
2020,entidad,17,Morelos,0602,Maya,maya,Mujeres,101.0,972141.0,118270.0,2e-06
2020,entidad,17,Morelos,0606,Tseltal,maya,Mujeres,92.0,972141.0,118270.0,
2020,entidad,17,Morelos,0901,Mixe,mixe-zoque,Mujeres,80.0,972141.0,118270.0,0.0
2020,entidad,17,Morelos,0604,Ch'ol,maya,Mujeres,50.0,972141.0,118270.0,0.0
2020,entidad,17,Morelos,0512,Popoloca,oto-mangue,Mujeres,28.0,972141.0,118270.0,
2020,entidad,17,Morelos,0607,Tsotsil,maya,Mujeres,28.0,972141.0,118270.0,7e-06
2020,entidad,17,Morelos,0601,Huasteco,maya,Mujeres,22.0,972141.0,118270.0,
2020,entidad,17,Morelos,0618,Mam,maya,Mujeres,21.0,972141.0,118270.0,
2020,entidad,17,Morelos,0518,Triqui,oto-mangue,Mujeres,19.0,972141.0,118270.0,
2020,entidad,17,Morelos,0209,Cora,yuto-nahua,Mujeres,17.0,972141.0,118270.0,
2020,entidad,17,Morelos,9010,Chontal insuficientemente especificado,,Mujeres,15.0,972141.0,118270.0,
2020,entidad,17,Morelos,9030,Popoluca insuficientemente especificado,,Mujeres,15.0,972141.0,118270.0,
2020,entidad,17,Morelos,0613,Tojolabal,maya,Mujeres,12.0,972141.0,118270.0,
2020,entidad,17,Morelos,0615,K'iche',maya,Mujeres,12.0,972141.0,118270.0,
2020,entidad,17,Morelos,0517,Cuicateco,oto-mangue,Mujeres,9.0,972141.0,118270.0,
2020,entidad,17,Morelos,0511,Chocholteco,oto-mangue,Mujeres,5.0,972141.0,118270.0,
2020,entidad,17,Morelos,0514,Chatino,oto-mangue,Mujeres,4.0,972141.0,118270.0,
2020,entidad,17,Morelos,0907,Zoque,mixe-zoque,Mujeres,4.0,972141.0,118270.0,
2020,entidad,17,Morelos,0504,Tlahuica,oto-mangue,Mujeres,3.0,972141.0,118270.0,
2020,entidad,17,Morelos,8000,Otras lenguas indígenas de América,,Mujeres,3.0,972141.0,118270.0,
2020,entidad,17,Morelos,0211,Náhuatl,yuto-nahua,Total,24986.0,1878497.0,229521.0,0.000831
2020,entidad,17,Morelos,0516,Mixteco,oto-mangue,Total,7683.0,1878497.0,229521.0,0.000727
2020,entidad,17,Morelos,0508,Tlapaneco,oto-mangue,Total,2854.0,1878497.0,229521.0,0.000574
2020,entidad,17,Morelos,0513,Zapoteco,oto-mangue,Total,840.0,1878497.0,229521.0,5.5e-05
2020,entidad,17,Morelos,0501,Otomí,oto-mangue,Total,610.0,1878497.0,229521.0,2e-05
2020,entidad,17,Morelos,0502,Mazahua,oto-mangue,Total,494.0,1878497.0,229521.0,5.2e-05
2020,entidad,17,Morelos,0509,Mazateco,oto-mangue,Total,427.0,1878497.0,229521.0,7e-05
2020,entidad,17,Morelos,0701,Totonaco,totonaco-tepehua,Total,396.0,1878497.0,229521.0,6e-06
2020,entidad,17,Morelos,0507,Chinanteco,oto-mangue,Total,390.0,1878497.0,229521.0,7.1e-05
2020,entidad,17,Morelos,9000,No especificado,,Total,294.0,1878497.0,229521.0,2e-06
2020,entidad,17,Morelos,0515,Amuzgo,oto-mangue,Total,227.0,1878497.0,229521.0,7e-06
2020,entidad,17,Morelos,0602,Maya,maya,Total,214.0,1878497.0,229521.0,2e-06
2020,entidad,17,Morelos,0606,Tseltal,maya,Total,138.0,1878497.0,229521.0,4e-06
2020,entidad,17,Morelos,0801,Tarasco (purépecha),tarasca,Total,137.0,1878497.0,229521.0,3e-06
2020,entidad,17,Morelos,0901,Mixe,mixe-zoque,Total,118.0,1878497.0,229521.0,0.0
2020,entidad,17,Morelos,0512,Popoloca,oto-mangue,Total,93.0,1878497.0,229521.0,
2020,entidad,17,Morelos,0607,Tsotsil,maya,Total,87.0,1878497.0,229521.0,4e-06
2020,entidad,17,Morelos,0601,Huasteco,maya,Total,64.0,1878497.0,229521.0,
2020,entidad,17,Morelos,0604,Ch'ol,maya,Total,59.0,1878497.0,229521.0,0.0
2020,entidad,17,Morelos,0518,Triqui,oto-mangue,Total,47.0,1878497.0,229521.0,
2020,entidad,17,Morelos,1101,Huave,huave,Total,27.0,1878497.0,229521.0,
2020,entidad,17,Morelos,9020,Tepehuano insuficientemente especificado,,Total,25.0,1878497.0,229521.0,
2020,entidad,17,Morelos,0618,Mam,maya,Total,21.0,1878497.0,229521.0,
2020,entidad,17,Morelos,0209,Cora,yuto-nahua,Total,17.0,1878497.0,229521.0,
2020,entidad,17,Morelos,0907,Zoque,mixe-zoque,Total,17.0,1878497.0,229521.0,
2020,entidad,17,Morelos,0208,Mayo,yuto-nahua,Total,16.0,1878497.0,229521.0,
2020,entidad,17,Morelos,8000,Otras lenguas indígenas de América,,Total,16.0,1878497.0,229521.0,
2020,entidad,17,Morelos,9010,Chontal insuficientemente especificado,,Total,15.0,1878497.0,229521.0,
2020,entidad,17,Morelos,9030,Popoluca insuficientemente especificado,,Total,15.0,1878497.0,229521.0,
2020,entidad,17,Morelos,0613,Tojolabal,maya,Total,12.0,1878497.0,229521.0,
2020,entidad,17,Morelos,0615,K'iche',maya,Total,12.0,1878497.0,229521.0,
2020,entidad,17,Morelos,0616,Kaqchikel,maya,Total,12.0,1878497.0,229521.0,
2020,entidad,17,Morelos,0204,Tepehuano del sur,yuto-nahua,Total,10.0,1878497.0,229521.0,
2020,entidad,17,Morelos,0517,Cuicateco,oto-mangue,Total,9.0,1878497.0,229521.0,
2020,entidad,17,Morelos,0514,Chatino,oto-mangue,Total,8.0,1878497.0,229521.0,
2020,entidad,17,Morelos,0510,Ixcateco,oto-mangue,Total,7.0,1878497.0,229521.0,
2020,entidad,17,Morelos,0504,Tlahuica,oto-mangue,Total,6.0,1878497.0,229521.0,
2020,entidad,17,Morelos,0511,Chocholteco,oto-mangue,Total,5.0,1878497.0,229521.0,
2020,entidad,17,Morelos,0205,Tarahumara,yuto-nahua,Total,4.0,1878497.0,229521.0,
2020,entidad,18,Nayarit,0209,Cora,yuto-nahua,Hombres,17039.0,576477.0,85995.0,0.003067
2020,entidad,18,Nayarit,0210,Huichol,yuto-nahua,Hombres,12578.0,576477.0,85995.0,0.001987
2020,entidad,18,Nayarit,0211,Náhuatl,yuto-nahua,Hombres,1338.0,576477.0,85995.0,0.000864
2020,entidad,18,Nayarit,0204,Tepehuano del sur,yuto-nahua,Hombres,1221.0,576477.0,85995.0,0.00019
2020,entidad,18,Nayarit,0508,Tlapaneco,oto-mangue,Hombres,496.0,576477.0,85995.0,0.00037
2020,entidad,18,Nayarit,0502,Mazahua,oto-mangue,Hombres,257.0,576477.0,85995.0,5e-06
2020,entidad,18,Nayarit,0516,Mixteco,oto-mangue,Hombres,242.0,576477.0,85995.0,
2020,entidad,18,Nayarit,9000,No especificado,,Hombres,230.0,576477.0,85995.0,7.8e-05
2020,entidad,18,Nayarit,0801,Tarasco (purépecha),tarasca,Hombres,222.0,576477.0,85995.0,0.00014
2020,entidad,18,Nayarit,0513,Zapoteco,oto-mangue,Hombres,192.0,576477.0,85995.0,5.1e-05
2020,entidad,18,Nayarit,0607,Tsotsil,maya,Hombres,149.0,576477.0,85995.0,5e-06
2020,entidad,18,Nayarit,0602,Maya,maya,Hombres,113.0,576477.0,85995.0,6e-06
2020,entidad,18,Nayarit,0512,Popoloca,oto-mangue,Hombres,54.0,576477.0,85995.0,
2020,entidad,18,Nayarit,0604,Ch'ol,maya,Hombres,52.0,576477.0,85995.0,
2020,entidad,18,Nayarit,0515,Amuzgo,oto-mangue,Hombres,43.0,576477.0,85995.0,
2020,entidad,18,Nayarit,0901,Mixe,mixe-zoque,Hombres,37.0,576477.0,85995.0,
2020,entidad,18,Nayarit,0509,Mazateco,oto-mangue,Hombres,36.0,576477.0,85995.0,
2020,entidad,18,Nayarit,0205,Tarahumara,yuto-nahua,Hombres,27.0,576477.0,85995.0,
2020,entidad,18,Nayarit,0601,Huasteco,maya,Hombres,26.0,576477.0,85995.0,0.0
2020,entidad,18,Nayarit,9030,Popoluca insuficientemente especificado,,Hombres,25.0,576477.0,85995.0,
2020,entidad,18,Nayarit,0207,Yaqui,yuto-nahua,Hombres,10.0,576477.0,85995.0,
2020,entidad,18,Nayarit,9010,Chontal insuficientemente especificado,,Hombres,10.0,576477.0,85995.0,
2020,entidad,18,Nayarit,0507,Chinanteco,oto-mangue,Hombres,9.0,576477.0,85995.0,
2020,entidad,18,Nayarit,0606,Tseltal,maya,Hombres,9.0,576477.0,85995.0,
2020,entidad,18,Nayarit,0208,Mayo,yuto-nahua,Hombres,8.0,576477.0,85995.0,
2020,entidad,18,Nayarit,0501,Otomí,oto-mangue,Hombres,8.0,576477.0,85995.0,0.0
2020,entidad,18,Nayarit,0518,Triqui,oto-mangue,Hombres,8.0,576477.0,85995.0,
2020,entidad,18,Nayarit,0701,Totonaco,totonaco-tepehua,Hombres,5.0,576477.0,85995.0,0.0
2020,entidad,18,Nayarit,8000,Otras lenguas indígenas de América,,Hombres,1.0,576477.0,85995.0,
2020,entidad,18,Nayarit,0209,Cora,yuto-nahua,Mujeres,17857.0,590709.0,87315.0,0.003137
2020,entidad,18,Nayarit,0210,Huichol,yuto-nahua,Mujeres,13410.0,590709.0,87315.0,0.0021
2020,entidad,18,Nayarit,0204,Tepehuano del sur,yuto-nahua,Mujeres,1402.0,590709.0,87315.0,0.000225
2020,entidad,18,Nayarit,0211,Náhuatl,yuto-nahua,Mujeres,1134.0,590709.0,87315.0,0.000376
2020,entidad,18,Nayarit,0508,Tlapaneco,oto-mangue,Mujeres,494.0,590709.0,87315.0,1.3e-05
2020,entidad,18,Nayarit,0502,Mazahua,oto-mangue,Mujeres,355.0,590709.0,87315.0,0.000316
2020,entidad,18,Nayarit,9000,No especificado,,Mujeres,188.0,590709.0,87315.0,9.5e-05
2020,entidad,18,Nayarit,0516,Mixteco,oto-mangue,Mujeres,129.0,590709.0,87315.0,
2020,entidad,18,Nayarit,0513,Zapoteco,oto-mangue,Mujeres,93.0,590709.0,87315.0,1.2e-05
2020,entidad,18,Nayarit,0607,Tsotsil,maya,Mujeres,83.0,590709.0,87315.0,
2020,entidad,18,Nayarit,0801,Tarasco (purépecha),tarasca,Mujeres,68.0,590709.0,87315.0,2e-06
2020,entidad,18,Nayarit,9030,Popoluca insuficientemente especificado,,Mujeres,49.0,590709.0,87315.0,
2020,entidad,18,Nayarit,0901,Mixe,mixe-zoque,Mujeres,48.0,590709.0,87315.0,
2020,entidad,18,Nayarit,0606,Tseltal,maya,Mujeres,19.0,590709.0,87315.0,2e-06
2020,entidad,18,Nayarit,0501,Otomí,oto-mangue,Mujeres,10.0,590709.0,87315.0,
2020,entidad,18,Nayarit,8000,Otras lenguas indígenas de América,,Mujeres,10.0,590709.0,87315.0,
2020,entidad,18,Nayarit,9010,Chontal insuficientemente especificado,,Mujeres,10.0,590709.0,87315.0,
2020,entidad,18,Nayarit,0515,Amuzgo,oto-mangue,Mujeres,9.0,590709.0,87315.0,
2020,entidad,18,Nayarit,0208,Mayo,yuto-nahua,Mujeres,8.0,590709.0,87315.0,
2020,entidad,18,Nayarit,0604,Ch'ol,maya,Mujeres,7.0,590709.0,87315.0,
2020,entidad,18,Nayarit,0701,Totonaco,totonaco-tepehua,Mujeres,5.0,590709.0,87315.0,
2020,entidad,18,Nayarit,0518,Triqui,oto-mangue,Mujeres,4.0,590709.0,87315.0,
2020,entidad,18,Nayarit,0601,Huasteco,maya,Mujeres,2.0,590709.0,87315.0,
2020,entidad,18,Nayarit,0509,Mazateco,oto-mangue,Mujeres,1.0,590709.0,87315.0,
2020,entidad,18,Nayarit,0702,Tepehua,totonaco-tepehua,Mujeres,1.0,590709.0,87315.0,
2020,entidad,18,Nayarit,0209,Cora,yuto-nahua,Total,34896.0,1167186.0,173310.0,0.003174
2020,entidad,18,Nayarit,0210,Huichol,yuto-nahua,Total,25988.0,1167186.0,173310.0,0.002128
2020,entidad,18,Nayarit,0204,Tepehuano del sur,yuto-nahua,Total,2623.0,1167186.0,173310.0,0.000211
2020,entidad,18,Nayarit,0211,Náhuatl,yuto-nahua,Total,2472.0,1167186.0,173310.0,0.00062
2020,entidad,18,Nayarit,0508,Tlapaneco,oto-mangue,Total,990.0,1167186.0,173310.0,0.000514
2020,entidad,18,Nayarit,0502,Mazahua,oto-mangue,Total,612.0,1167186.0,173310.0,0.000319
2020,entidad,18,Nayarit,9000,No especificado,,Total,418.0,1167186.0,173310.0,0.000108
2020,entidad,18,Nayarit,0516,Mixteco,oto-mangue,Total,371.0,1167186.0,173310.0,
2020,entidad,18,Nayarit,0801,Tarasco (purépecha),tarasca,Total,290.0,1167186.0,173310.0,9e-05
2020,entidad,18,Nayarit,0513,Zapoteco,oto-mangue,Total,285.0,1167186.0,173310.0,4.6e-05
2020,entidad,18,Nayarit,0607,Tsotsil,maya,Total,232.0,1167186.0,173310.0,3e-06
2020,entidad,18,Nayarit,0602,Maya,maya,Total,113.0,1167186.0,173310.0,3e-06
2020,entidad,18,Nayarit,0901,Mixe,mixe-zoque,Total,85.0,1167186.0,173310.0,
2020,entidad,18,Nayarit,9030,Popoluca insuficientemente especificado,,Total,74.0,1167186.0,173310.0,
2020,entidad,18,Nayarit,0604,Ch'ol,maya,Total,59.0,1167186.0,173310.0,
2020,entidad,18,Nayarit,0512,Popoloca,oto-mangue,Total,54.0,1167186.0,173310.0,
2020,entidad,18,Nayarit,0515,Amuzgo,oto-mangue,Total,52.0,1167186.0,173310.0,6e-06
2020,entidad,18,Nayarit,0509,Mazateco,oto-mangue,Total,37.0,1167186.0,173310.0,0.0
2020,entidad,18,Nayarit,0601,Huasteco,maya,Total,28.0,1167186.0,173310.0,0.0
2020,entidad,18,Nayarit,0606,Tseltal,maya,Total,28.0,1167186.0,173310.0,7e-06
2020,entidad,18,Nayarit,0205,Tarahumara,yuto-nahua,Total,27.0,1167186.0,173310.0,
2020,entidad,18,Nayarit,9010,Chontal insuficientemente especificado,,Total,20.0,1167186.0,173310.0,
2020,entidad,18,Nayarit,0501,Otomí,oto-mangue,Total,18.0,1167186.0,173310.0,0.0
2020,entidad,18,Nayarit,0208,Mayo,yuto-nahua,Total,16.0,1167186.0,173310.0,1e-06
2020,entidad,18,Nayarit,0518,Triqui,oto-mangue,Total,12.0,1167186.0,173310.0,
2020,entidad,18,Nayarit,8000,Otras lenguas indígenas de América,,Total,11.0,1167186.0,173310.0,
2020,entidad,18,Nayarit,0207,Yaqui,yuto-nahua,Total,10.0,1167186.0,173310.0,
2020,entidad,18,Nayarit,0701,Totonaco,totonaco-tepehua,Total,10.0,1167186.0,173310.0,0.0
2020,entidad,18,Nayarit,0507,Chinanteco,oto-mangue,Total,9.0,1167186.0,173310.0,
2020,entidad,18,Nayarit,0702,Tepehua,totonaco-tepehua,Total,1.0,1167186.0,173310.0,
2020,entidad,19,Nuevo León,0211,Náhuatl,yuto-nahua,Hombres,27695.0,2755429.0,161105.0,0.000425
2020,entidad,19,Nuevo León,0601,Huasteco,maya,Hombres,10416.0,2755429.0,161105.0,0.000204
2020,entidad,19,Nuevo León,0513,Zapoteco,oto-mangue,Hombres,1626.0,2755429.0,161105.0,7e-05
2020,entidad,19,Nuevo León,0501,Otomí,oto-mangue,Hombres,1128.0,2755429.0,161105.0,3.7e-05
2020,entidad,19,Nuevo León,9000,No especificado,,Hombres,953.0,2755429.0,161105.0,2.8e-05
2020,entidad,19,Nuevo León,0606,Tseltal,maya,Hombres,940.0,2755429.0,161105.0,5.1e-05
2020,entidad,19,Nuevo León,0604,Ch'ol,maya,Hombres,924.0,2755429.0,161105.0,2.8e-05
2020,entidad,19,Nuevo León,0502,Mazahua,oto-mangue,Hombres,694.0,2755429.0,161105.0,5.7e-05
2020,entidad,19,Nuevo León,0509,Mazateco,oto-mangue,Hombres,613.0,2755429.0,161105.0,4.9e-05
2020,entidad,19,Nuevo León,0607,Tsotsil,maya,Hombres,505.0,2755429.0,161105.0,5.9e-05
2020,entidad,19,Nuevo León,0701,Totonaco,totonaco-tepehua,Hombres,495.0,2755429.0,161105.0,1.8e-05
2020,entidad,19,Nuevo León,0516,Mixteco,oto-mangue,Hombres,483.0,2755429.0,161105.0,9e-06
2020,entidad,19,Nuevo León,0507,Chinanteco,oto-mangue,Hombres,289.0,2755429.0,161105.0,4e-06
2020,entidad,19,Nuevo León,0901,Mixe,mixe-zoque,Hombres,243.0,2755429.0,161105.0,1e-05
2020,entidad,19,Nuevo León,0602,Maya,maya,Hombres,206.0,2755429.0,161105.0,0.0
2020,entidad,19,Nuevo León,0907,Zoque,mixe-zoque,Hombres,161.0,2755429.0,161105.0,0.0
2020,entidad,19,Nuevo León,0801,Tarasco (purépecha),tarasca,Hombres,139.0,2755429.0,161105.0,
2020,entidad,19,Nuevo León,9030,Popoluca insuficientemente especificado,,Hombres,136.0,2755429.0,161105.0,
2020,entidad,19,Nuevo León,9010,Chontal insuficientemente especificado,,Hombres,112.0,2755429.0,161105.0,8e-06
2020,entidad,19,Nuevo León,1101,Huave,huave,Hombres,104.0,2755429.0,161105.0,1e-06
2020,entidad,19,Nuevo León,0207,Yaqui,yuto-nahua,Hombres,99.0,2755429.0,161105.0,
2020,entidad,19,Nuevo León,8000,Otras lenguas indígenas de América,,Hombres,97.0,2755429.0,161105.0,
2020,entidad,19,Nuevo León,0205,Tarahumara,yuto-nahua,Hombres,95.0,2755429.0,161105.0,5e-06
2020,entidad,19,Nuevo León,9020,Tepehuano insuficientemente especificado,,Hombres,64.0,2755429.0,161105.0,
2020,entidad,19,Nuevo León,0508,Tlapaneco,oto-mangue,Hombres,30.0,2755429.0,161105.0,
2020,entidad,19,Nuevo León,0210,Huichol,yuto-nahua,Hombres,25.0,2755429.0,161105.0,
2020,entidad,19,Nuevo León,0518,Triqui,oto-mangue,Hombres,23.0,2755429.0,161105.0,
2020,entidad,19,Nuevo León,0512,Popoloca,oto-mangue,Hombres,15.0,2755429.0,161105.0,
2020,entidad,19,Nuevo León,0506,Chichimeco jonaz,oto-mangue,Hombres,14.0,2755429.0,161105.0,
2020,entidad,19,Nuevo León,0208,Mayo,yuto-nahua,Hombres,4.0,2755429.0,161105.0,
2020,entidad,19,Nuevo León,0702,Tepehua,totonaco-tepehua,Hombres,2.0,2755429.0,161105.0,
2020,entidad,19,Nuevo León,0616,Kaqchikel,maya,Hombres,1.0,2755429.0,161105.0,
2020,entidad,19,Nuevo León,0211,Náhuatl,yuto-nahua,Mujeres,26411.0,2752649.0,159447.0,0.000411
2020,entidad,19,Nuevo León,0601,Huasteco,maya,Mujeres,9042.0,2752649.0,159447.0,0.000138
2020,entidad,19,Nuevo León,9000,No especificado,,Mujeres,1347.0,2752649.0,159447.0,3.9e-05
2020,entidad,19,Nuevo León,0513,Zapoteco,oto-mangue,Mujeres,1321.0,2752649.0,159447.0,7.3e-05
2020,entidad,19,Nuevo León,0501,Otomí,oto-mangue,Mujeres,1214.0,2752649.0,159447.0,5.3e-05
2020,entidad,19,Nuevo León,0901,Mixe,mixe-zoque,Mujeres,582.0,2752649.0,159447.0,2.4e-05
2020,entidad,19,Nuevo León,0502,Mazahua,oto-mangue,Mujeres,494.0,2752649.0,159447.0,4.7e-05
2020,entidad,19,Nuevo León,0701,Totonaco,totonaco-tepehua,Mujeres,479.0,2752649.0,159447.0,5e-06
2020,entidad,19,Nuevo León,0516,Mixteco,oto-mangue,Mujeres,458.0,2752649.0,159447.0,1.6e-05
2020,entidad,19,Nuevo León,0606,Tseltal,maya,Mujeres,431.0,2752649.0,159447.0,8e-06
2020,entidad,19,Nuevo León,0509,Mazateco,oto-mangue,Mujeres,387.0,2752649.0,159447.0,2.2e-05
2020,entidad,19,Nuevo León,0604,Ch'ol,maya,Mujeres,376.0,2752649.0,159447.0,3.3e-05
2020,entidad,19,Nuevo León,0602,Maya,maya,Mujeres,247.0,2752649.0,159447.0,3e-06
2020,entidad,19,Nuevo León,0507,Chinanteco,oto-mangue,Mujeres,235.0,2752649.0,159447.0,3e-06
2020,entidad,19,Nuevo León,0607,Tsotsil,maya,Mujeres,209.0,2752649.0,159447.0,
2020,entidad,19,Nuevo León,9030,Popoluca insuficientemente especificado,,Mujeres,123.0,2752649.0,159447.0,
2020,entidad,19,Nuevo León,0801,Tarasco (purépecha),tarasca,Mujeres,96.0,2752649.0,159447.0,0.0
2020,entidad,19,Nuevo León,0702,Tepehua,totonaco-tepehua,Mujeres,94.0,2752649.0,159447.0,
2020,entidad,19,Nuevo León,0907,Zoque,mixe-zoque,Mujeres,93.0,2752649.0,159447.0,
2020,entidad,19,Nuevo León,0208,Mayo,yuto-nahua,Mujeres,59.0,2752649.0,159447.0,
2020,entidad,19,Nuevo León,0515,Amuzgo,oto-mangue,Mujeres,47.0,2752649.0,159447.0,
2020,entidad,19,Nuevo León,0205,Tarahumara,yuto-nahua,Mujeres,39.0,2752649.0,159447.0,
2020,entidad,19,Nuevo León,9010,Chontal insuficientemente especificado,,Mujeres,38.0,2752649.0,159447.0,
2020,entidad,19,Nuevo León,8000,Otras lenguas indígenas de América,,Mujeres,36.0,2752649.0,159447.0,
2020,entidad,19,Nuevo León,0210,Huichol,yuto-nahua,Mujeres,30.0,2752649.0,159447.0,
2020,entidad,19,Nuevo León,0514,Chatino,oto-mangue,Mujeres,23.0,2752649.0,159447.0,
2020,entidad,19,Nuevo León,0608,Q'anjob'al,maya,Mujeres,2.0,2752649.0,159447.0,
2020,entidad,19,Nuevo León,0505,Pame,oto-mangue,Mujeres,1.0,2752649.0,159447.0,
2020,entidad,19,Nuevo León,0211,Náhuatl,yuto-nahua,Total,54106.0,5508078.0,320552.0,0.000438
2020,entidad,19,Nuevo León,0601,Huasteco,maya,Total,19458.0,5508078.0,320552.0,0.000172
2020,entidad,19,Nuevo León,0513,Zapoteco,oto-mangue,Total,2947.0,5508078.0,320552.0,8.3e-05
2020,entidad,19,Nuevo León,0501,Otomí,oto-mangue,Total,2342.0,5508078.0,320552.0,7.8e-05
2020,entidad,19,Nuevo León,9000,No especificado,,Total,2300.0,5508078.0,320552.0,3.3e-05
2020,entidad,19,Nuevo León,0606,Tseltal,maya,Total,1371.0,5508078.0,320552.0,4.5e-05
2020,entidad,19,Nuevo León,0604,Ch'ol,maya,Total,1300.0,5508078.0,320552.0,2.8e-05
2020,entidad,19,Nuevo León,0502,Mazahua,oto-mangue,Total,1188.0,5508078.0,320552.0,5.4e-05
2020,entidad,19,Nuevo León,0509,Mazateco,oto-mangue,Total,1000.0,5508078.0,320552.0,3.2e-05
2020,entidad,19,Nuevo León,0701,Totonaco,totonaco-tepehua,Total,974.0,5508078.0,320552.0,1.7e-05
2020,entidad,19,Nuevo León,0516,Mixteco,oto-mangue,Total,941.0,5508078.0,320552.0,1.6e-05
2020,entidad,19,Nuevo León,0901,Mixe,mixe-zoque,Total,825.0,5508078.0,320552.0,1.7e-05
2020,entidad,19,Nuevo León,0607,Tsotsil,maya,Total,714.0,5508078.0,320552.0,3e-05
2020,entidad,19,Nuevo León,0507,Chinanteco,oto-mangue,Total,524.0,5508078.0,320552.0,4e-06
2020,entidad,19,Nuevo León,0602,Maya,maya,Total,453.0,5508078.0,320552.0,1.1e-05
2020,entidad,19,Nuevo León,9030,Popoluca insuficientemente especificado,,Total,259.0,5508078.0,320552.0,
2020,entidad,19,Nuevo León,0907,Zoque,mixe-zoque,Total,254.0,5508078.0,320552.0,1e-06
2020,entidad,19,Nuevo León,0801,Tarasco (purépecha),tarasca,Total,235.0,5508078.0,320552.0,2e-06
2020,entidad,19,Nuevo León,9010,Chontal insuficientemente especificado,,Total,150.0,5508078.0,320552.0,4e-06
2020,entidad,19,Nuevo León,0205,Tarahumara,yuto-nahua,Total,134.0,5508078.0,320552.0,2e-06
2020,entidad,19,Nuevo León,8000,Otras lenguas indígenas de América,,Total,133.0,5508078.0,320552.0,
2020,entidad,19,Nuevo León,1101,Huave,huave,Total,104.0,5508078.0,320552.0,0.0
2020,entidad,19,Nuevo León,0207,Yaqui,yuto-nahua,Total,99.0,5508078.0,320552.0,
2020,entidad,19,Nuevo León,0702,Tepehua,totonaco-tepehua,Total,96.0,5508078.0,320552.0,
2020,entidad,19,Nuevo León,9020,Tepehuano insuficientemente especificado,,Total,64.0,5508078.0,320552.0,
2020,entidad,19,Nuevo León,0208,Mayo,yuto-nahua,Total,63.0,5508078.0,320552.0,
2020,entidad,19,Nuevo León,0210,Huichol,yuto-nahua,Total,55.0,5508078.0,320552.0,
2020,entidad,19,Nuevo León,0515,Amuzgo,oto-mangue,Total,47.0,5508078.0,320552.0,
2020,entidad,19,Nuevo León,0508,Tlapaneco,oto-mangue,Total,30.0,5508078.0,320552.0,
2020,entidad,19,Nuevo León,0514,Chatino,oto-mangue,Total,23.0,5508078.0,320552.0,
2020,entidad,19,Nuevo León,0518,Triqui,oto-mangue,Total,23.0,5508078.0,320552.0,
2020,entidad,19,Nuevo León,0512,Popoloca,oto-mangue,Total,15.0,5508078.0,320552.0,
2020,entidad,19,Nuevo León,0506,Chichimeco jonaz,oto-mangue,Total,14.0,5508078.0,320552.0,
2020,entidad,19,Nuevo León,0608,Q'anjob'al,maya,Total,2.0,5508078.0,320552.0,
2020,entidad,19,Nuevo León,0505,Pame,oto-mangue,Total,1.0,5508078.0,320552.0,
2020,entidad,19,Nuevo León,0616,Kaqchikel,maya,Total,1.0,5508078.0,320552.0,
2020,entidad,20,Oaxaca,0513,Zapoteco,oto-mangue,Hombres,196512.0,1861902.0,876045.0,0.002288
2020,entidad,20,Oaxaca,0516,Mixteco,oto-mangue,Hombres,120516.0,1861902.0,876045.0,0.002359
2020,entidad,20,Oaxaca,0509,Mazateco,oto-mangue,Hombres,81755.0,1861902.0,876045.0,0.002679
2020,entidad,20,Oaxaca,0901,Mixe,mixe-zoque,Hombres,57177.0,1861902.0,876045.0,0.001421
2020,entidad,20,Oaxaca,0507,Chinanteco,oto-mangue,Hombres,53166.0,1861902.0,876045.0,0.002638
2020,entidad,20,Oaxaca,0514,Chatino,oto-mangue,Hombres,21434.0,1861902.0,876045.0,0.000728
2020,entidad,20,Oaxaca,0518,Triqui,oto-mangue,Hombres,10785.0,1861902.0,876045.0,0.001479
2020,entidad,20,Oaxaca,1101,Huave,huave,Hombres,8887.0,1861902.0,876045.0,0.000412
2020,entidad,20,Oaxaca,0517,Cuicateco,oto-mangue,Hombres,5266.0,1861902.0,876045.0,0.000218
2020,entidad,20,Oaxaca,0211,Náhuatl,yuto-nahua,Hombres,5164.0,1861902.0,876045.0,0.000267
2020,entidad,20,Oaxaca,0907,Zoque,mixe-zoque,Hombres,3413.0,1861902.0,876045.0,0.000286
2020,entidad,20,Oaxaca,0515,Amuzgo,oto-mangue,Hombres,2675.0,1861902.0,876045.0,0.000146
2020,entidad,20,Oaxaca,1001,Chontal de Oaxaca,chontal de Oaxaca,Hombres,2587.0,1861902.0,876045.0,0.000164
2020,entidad,20,Oaxaca,0607,Tsotsil,maya,Hombres,698.0,1861902.0,876045.0,0.000108
2020,entidad,20,Oaxaca,9000,No especificado,,Hombres,533.0,1861902.0,876045.0,7e-06
2020,entidad,20,Oaxaca,0511,Chocholteco,oto-mangue,Hombres,240.0,1861902.0,876045.0,1.9e-05
2020,entidad,20,Oaxaca,0602,Maya,maya,Hombres,168.0,1861902.0,876045.0,1e-06
2020,entidad,20,Oaxaca,0701,Totonaco,totonaco-tepehua,Hombres,105.0,1861902.0,876045.0,0.0
2020,entidad,20,Oaxaca,0606,Tseltal,maya,Hombres,80.0,1861902.0,876045.0,1e-06
2020,entidad,20,Oaxaca,0501,Otomí,oto-mangue,Hombres,63.0,1861902.0,876045.0,
2020,entidad,20,Oaxaca,9030,Popoluca insuficientemente especificado,,Hombres,63.0,1861902.0,876045.0,
2020,entidad,20,Oaxaca,0604,Ch'ol,maya,Hombres,62.0,1861902.0,876045.0,4e-06
2020,entidad,20,Oaxaca,0510,Ixcateco,oto-mangue,Hombres,40.0,1861902.0,876045.0,1e-06
2020,entidad,20,Oaxaca,0801,Tarasco (purépecha),tarasca,Hombres,28.0,1861902.0,876045.0,
2020,entidad,20,Oaxaca,0601,Huasteco,maya,Hombres,25.0,1861902.0,876045.0,
2020,entidad,20,Oaxaca,0508,Tlapaneco,oto-mangue,Hombres,23.0,1861902.0,876045.0,0.0
2020,entidad,20,Oaxaca,0502,Mazahua,oto-mangue,Hombres,21.0,1861902.0,876045.0,
2020,entidad,20,Oaxaca,0702,Tepehua,totonaco-tepehua,Hombres,21.0,1861902.0,876045.0,
2020,entidad,20,Oaxaca,8000,Otras lenguas indígenas de América,,Hombres,21.0,1861902.0,876045.0,
2020,entidad,20,Oaxaca,0512,Popoloca,oto-mangue,Hombres,19.0,1861902.0,876045.0,
2020,entidad,20,Oaxaca,0613,Tojolabal,maya,Hombres,13.0,1861902.0,876045.0,
2020,entidad,20,Oaxaca,0504,Tlahuica,oto-mangue,Hombres,8.0,1861902.0,876045.0,
2020,entidad,20,Oaxaca,0205,Tarahumara,yuto-nahua,Hombres,6.0,1861902.0,876045.0,
2020,entidad,20,Oaxaca,0617,Teko,maya,Hombres,4.0,1861902.0,876045.0,
2020,entidad,20,Oaxaca,0608,Q'anjob'al,maya,Hombres,3.0,1861902.0,876045.0,
2020,entidad,20,Oaxaca,0614,Q'eqchi',maya,Hombres,3.0,1861902.0,876045.0,
2020,entidad,20,Oaxaca,0210,Huichol,yuto-nahua,Hombres,2.0,1861902.0,876045.0,
2020,entidad,20,Oaxaca,0605,Chontal de Tabasco,maya,Hombres,2.0,1861902.0,876045.0,
2020,entidad,20,Oaxaca,0208,Mayo,yuto-nahua,Hombres,1.0,1861902.0,876045.0,
2020,entidad,20,Oaxaca,0609,Akateko,maya,Hombres,1.0,1861902.0,876045.0,
2020,entidad,20,Oaxaca,0610,Jakalteko,maya,Hombres,1.0,1861902.0,876045.0,
2020,entidad,20,Oaxaca,0615,K'iche',maya,Hombres,1.0,1861902.0,876045.0,
2020,entidad,20,Oaxaca,0616,Kaqchikel,maya,Hombres,1.0,1861902.0,876045.0,
2020,entidad,20,Oaxaca,0618,Mam,maya,Hombres,1.0,1861902.0,876045.0,
2020,entidad,20,Oaxaca,0513,Zapoteco,oto-mangue,Mujeres,219556.0,2044886.0,960774.0,0.002311
2020,entidad,20,Oaxaca,0516,Mixteco,oto-mangue,Mujeres,138955.0,2044886.0,960774.0,0.002511
2020,entidad,20,Oaxaca,0509,Mazateco,oto-mangue,Mujeres,91333.0,2044886.0,960774.0,0.002565
2020,entidad,20,Oaxaca,0901,Mixe,mixe-zoque,Mujeres,64670.0,2044886.0,960774.0,0.001512
2020,entidad,20,Oaxaca,0507,Chinanteco,oto-mangue,Mujeres,59967.0,2044886.0,960774.0,0.002361
2020,entidad,20,Oaxaca,0514,Chatino,oto-mangue,Mujeres,25960.0,2044886.0,960774.0,0.000765
2020,entidad,20,Oaxaca,0518,Triqui,oto-mangue,Mujeres,12264.0,2044886.0,960774.0,0.001461
2020,entidad,20,Oaxaca,1101,Huave,huave,Mujeres,8870.0,2044886.0,960774.0,0.000368
2020,entidad,20,Oaxaca,0211,Náhuatl,yuto-nahua,Mujeres,6008.0,2044886.0,960774.0,0.000284
2020,entidad,20,Oaxaca,0517,Cuicateco,oto-mangue,Mujeres,5547.0,2044886.0,960774.0,0.000202
2020,entidad,20,Oaxaca,0907,Zoque,mixe-zoque,Mujeres,3443.0,2044886.0,960774.0,0.000251
2020,entidad,20,Oaxaca,0515,Amuzgo,oto-mangue,Mujeres,3334.0,2044886.0,960774.0,0.000174
2020,entidad,20,Oaxaca,1001,Chontal de Oaxaca,chontal de Oaxaca,Mujeres,2580.0,2044886.0,960774.0,0.000139
2020,entidad,20,Oaxaca,9000,No especificado,,Mujeres,555.0,2044886.0,960774.0,5e-06
2020,entidad,20,Oaxaca,0607,Tsotsil,maya,Mujeres,548.0,2044886.0,960774.0,0.000117
2020,entidad,20,Oaxaca,0511,Chocholteco,oto-mangue,Mujeres,305.0,2044886.0,960774.0,2.2e-05
2020,entidad,20,Oaxaca,0501,Otomí,oto-mangue,Mujeres,164.0,2044886.0,960774.0,3e-06
2020,entidad,20,Oaxaca,0606,Tseltal,maya,Mujeres,156.0,2044886.0,960774.0,2e-06
2020,entidad,20,Oaxaca,0602,Maya,maya,Mujeres,107.0,2044886.0,960774.0,1e-06
2020,entidad,20,Oaxaca,0508,Tlapaneco,oto-mangue,Mujeres,93.0,2044886.0,960774.0,0.0
2020,entidad,20,Oaxaca,0701,Totonaco,totonaco-tepehua,Mujeres,91.0,2044886.0,960774.0,1e-06
2020,entidad,20,Oaxaca,9030,Popoluca insuficientemente especificado,,Mujeres,77.0,2044886.0,960774.0,0.0
2020,entidad,20,Oaxaca,0510,Ixcateco,oto-mangue,Mujeres,58.0,2044886.0,960774.0,0.0
2020,entidad,20,Oaxaca,0604,Ch'ol,maya,Mujeres,41.0,2044886.0,960774.0,
2020,entidad,20,Oaxaca,0502,Mazahua,oto-mangue,Mujeres,33.0,2044886.0,960774.0,0.0
2020,entidad,20,Oaxaca,0601,Huasteco,maya,Mujeres,25.0,2044886.0,960774.0,
2020,entidad,20,Oaxaca,8000,Otras lenguas indígenas de América,,Mujeres,21.0,2044886.0,960774.0,
2020,entidad,20,Oaxaca,0801,Tarasco (purépecha),tarasca,Mujeres,15.0,2044886.0,960774.0,0.0
2020,entidad,20,Oaxaca,0205,Tarahumara,yuto-nahua,Mujeres,12.0,2044886.0,960774.0,0.0
2020,entidad,20,Oaxaca,0617,Teko,maya,Mujeres,12.0,2044886.0,960774.0,
2020,entidad,20,Oaxaca,0512,Popoloca,oto-mangue,Mujeres,11.0,2044886.0,960774.0,
2020,entidad,20,Oaxaca,0209,Cora,yuto-nahua,Mujeres,6.0,2044886.0,960774.0,
2020,entidad,20,Oaxaca,0610,Jakalteko,maya,Mujeres,4.0,2044886.0,960774.0,
2020,entidad,20,Oaxaca,0208,Mayo,yuto-nahua,Mujeres,3.0,2044886.0,960774.0,
2020,entidad,20,Oaxaca,0608,Q'anjob'al,maya,Mujeres,3.0,2044886.0,960774.0,
2020,entidad,20,Oaxaca,0613,Tojolabal,maya,Mujeres,3.0,2044886.0,960774.0,
2020,entidad,20,Oaxaca,0702,Tepehua,totonaco-tepehua,Mujeres,3.0,2044886.0,960774.0,
2020,entidad,20,Oaxaca,9020,Tepehuano insuficientemente especificado,,Mujeres,3.0,2044886.0,960774.0,
2020,entidad,20,Oaxaca,0210,Huichol,yuto-nahua,Mujeres,1.0,2044886.0,960774.0,
2020,entidad,20,Oaxaca,0614,Q'eqchi',maya,Mujeres,1.0,2044886.0,960774.0,
2020,entidad,20,Oaxaca,0616,Kaqchikel,maya,Mujeres,1.0,2044886.0,960774.0,
2020,entidad,20,Oaxaca,0618,Mam,maya,Mujeres,1.0,2044886.0,960774.0,
2020,entidad,20,Oaxaca,0513,Zapoteco,oto-mangue,Total,416068.0,3906788.0,1836819.0,0.002336
2020,entidad,20,Oaxaca,0516,Mixteco,oto-mangue,Total,259471.0,3906788.0,1836819.0,0.002453
2020,entidad,20,Oaxaca,0509,Mazateco,oto-mangue,Total,173088.0,3906788.0,1836819.0,0.002622
2020,entidad,20,Oaxaca,0901,Mixe,mixe-zoque,Total,121847.0,3906788.0,1836819.0,0.001474
2020,entidad,20,Oaxaca,0507,Chinanteco,oto-mangue,Total,113133.0,3906788.0,1836819.0,0.002495
2020,entidad,20,Oaxaca,0514,Chatino,oto-mangue,Total,47394.0,3906788.0,1836819.0,0.000756
2020,entidad,20,Oaxaca,0518,Triqui,oto-mangue,Total,23049.0,3906788.0,1836819.0,0.001486
2020,entidad,20,Oaxaca,1101,Huave,huave,Total,17757.0,3906788.0,1836819.0,0.000389
2020,entidad,20,Oaxaca,0211,Náhuatl,yuto-nahua,Total,11172.0,3906788.0,1836819.0,0.000278
2020,entidad,20,Oaxaca,0517,Cuicateco,oto-mangue,Total,10813.0,3906788.0,1836819.0,0.000211
2020,entidad,20,Oaxaca,0907,Zoque,mixe-zoque,Total,6856.0,3906788.0,1836819.0,0.00027
2020,entidad,20,Oaxaca,0515,Amuzgo,oto-mangue,Total,6009.0,3906788.0,1836819.0,0.000165
2020,entidad,20,Oaxaca,1001,Chontal de Oaxaca,chontal de Oaxaca,Total,5167.0,3906788.0,1836819.0,0.000155
2020,entidad,20,Oaxaca,0607,Tsotsil,maya,Total,1246.0,3906788.0,1836819.0,0.000111
2020,entidad,20,Oaxaca,9000,No especificado,,Total,1088.0,3906788.0,1836819.0,1.2e-05
2020,entidad,20,Oaxaca,0511,Chocholteco,oto-mangue,Total,545.0,3906788.0,1836819.0,2.2e-05
2020,entidad,20,Oaxaca,0602,Maya,maya,Total,275.0,3906788.0,1836819.0,1e-06
2020,entidad,20,Oaxaca,0606,Tseltal,maya,Total,236.0,3906788.0,1836819.0,3e-06
2020,entidad,20,Oaxaca,0501,Otomí,oto-mangue,Total,227.0,3906788.0,1836819.0,1e-06
2020,entidad,20,Oaxaca,0701,Totonaco,totonaco-tepehua,Total,196.0,3906788.0,1836819.0,1e-06
2020,entidad,20,Oaxaca,9030,Popoluca insuficientemente especificado,,Total,140.0,3906788.0,1836819.0,1e-06
2020,entidad,20,Oaxaca,0508,Tlapaneco,oto-mangue,Total,116.0,3906788.0,1836819.0,0.0
2020,entidad,20,Oaxaca,0604,Ch'ol,maya,Total,103.0,3906788.0,1836819.0,2e-06
2020,entidad,20,Oaxaca,0510,Ixcateco,oto-mangue,Total,98.0,3906788.0,1836819.0,2e-06
2020,entidad,20,Oaxaca,0502,Mazahua,oto-mangue,Total,54.0,3906788.0,1836819.0,0.0
2020,entidad,20,Oaxaca,0601,Huasteco,maya,Total,50.0,3906788.0,1836819.0,
2020,entidad,20,Oaxaca,0801,Tarasco (purépecha),tarasca,Total,43.0,3906788.0,1836819.0,0.0
2020,entidad,20,Oaxaca,8000,Otras lenguas indígenas de América,,Total,42.0,3906788.0,1836819.0,
2020,entidad,20,Oaxaca,0512,Popoloca,oto-mangue,Total,30.0,3906788.0,1836819.0,0.0
2020,entidad,20,Oaxaca,0702,Tepehua,totonaco-tepehua,Total,24.0,3906788.0,1836819.0,
2020,entidad,20,Oaxaca,0205,Tarahumara,yuto-nahua,Total,18.0,3906788.0,1836819.0,0.0
2020,entidad,20,Oaxaca,0613,Tojolabal,maya,Total,16.0,3906788.0,1836819.0,
2020,entidad,20,Oaxaca,0617,Teko,maya,Total,16.0,3906788.0,1836819.0,
2020,entidad,20,Oaxaca,0504,Tlahuica,oto-mangue,Total,8.0,3906788.0,1836819.0,
2020,entidad,20,Oaxaca,0209,Cora,yuto-nahua,Total,6.0,3906788.0,1836819.0,
2020,entidad,20,Oaxaca,0608,Q'anjob'al,maya,Total,6.0,3906788.0,1836819.0,
2020,entidad,20,Oaxaca,0610,Jakalteko,maya,Total,5.0,3906788.0,1836819.0,
2020,entidad,20,Oaxaca,0208,Mayo,yuto-nahua,Total,4.0,3906788.0,1836819.0,
2020,entidad,20,Oaxaca,0614,Q'eqchi',maya,Total,4.0,3906788.0,1836819.0,
2020,entidad,20,Oaxaca,0210,Huichol,yuto-nahua,Total,3.0,3906788.0,1836819.0,
2020,entidad,20,Oaxaca,9020,Tepehuano insuficientemente especificado,,Total,3.0,3906788.0,1836819.0,
2020,entidad,20,Oaxaca,0605,Chontal de Tabasco,maya,Total,2.0,3906788.0,1836819.0,
2020,entidad,20,Oaxaca,0616,Kaqchikel,maya,Total,2.0,3906788.0,1836819.0,
2020,entidad,20,Oaxaca,0618,Mam,maya,Total,2.0,3906788.0,1836819.0,
2020,entidad,20,Oaxaca,0609,Akateko,maya,Total,1.0,3906788.0,1836819.0,
2020,entidad,20,Oaxaca,0615,K'iche',maya,Total,1.0,3906788.0,1836819.0,
2020,entidad,21,Puebla,0211,Náhuatl,yuto-nahua,Hombres,216191.0,2985681.0,579208.0,0.003848
2020,entidad,21,Puebla,0701,Totonaco,totonaco-tepehua,Hombres,50901.0,2985681.0,579208.0,0.000924
2020,entidad,21,Puebla,0509,Mazateco,oto-mangue,Hombres,10728.0,2985681.0,579208.0,0.000727
2020,entidad,21,Puebla,0512,Popoloca,oto-mangue,Hombres,5164.0,2985681.0,579208.0,0.00015
2020,entidad,21,Puebla,0516,Mixteco,oto-mangue,Hombres,3780.0,2985681.0,579208.0,7.3e-05
2020,entidad,21,Puebla,0501,Otomí,oto-mangue,Hombres,3174.0,2985681.0,579208.0,0.00022
2020,entidad,21,Puebla,0513,Zapoteco,oto-mangue,Hombres,1102.0,2985681.0,579208.0,4e-06
2020,entidad,21,Puebla,0604,Ch'ol,maya,Hombres,327.0,2985681.0,579208.0,
2020,entidad,21,Puebla,9000,No especificado,,Hombres,319.0,2985681.0,579208.0,2e-06
2020,entidad,21,Puebla,0602,Maya,maya,Hombres,255.0,2985681.0,579208.0,
2020,entidad,21,Puebla,0508,Tlapaneco,oto-mangue,Hombres,243.0,2985681.0,579208.0,6e-06
2020,entidad,21,Puebla,0507,Chinanteco,oto-mangue,Hombres,212.0,2985681.0,579208.0,7e-06
2020,entidad,21,Puebla,9010,Chontal insuficientemente especificado,,Hombres,207.0,2985681.0,579208.0,0.0
2020,entidad,21,Puebla,0517,Cuicateco,oto-mangue,Hombres,196.0,2985681.0,579208.0,7e-06
2020,entidad,21,Puebla,0607,Tsotsil,maya,Hombres,188.0,2985681.0,579208.0,
2020,entidad,21,Puebla,0901,Mixe,mixe-zoque,Hombres,183.0,2985681.0,579208.0,0.0
2020,entidad,21,Puebla,0502,Mazahua,oto-mangue,Hombres,171.0,2985681.0,579208.0,0.0
2020,entidad,21,Puebla,0702,Tepehua,totonaco-tepehua,Hombres,141.0,2985681.0,579208.0,1e-05
2020,entidad,21,Puebla,0601,Huasteco,maya,Hombres,108.0,2985681.0,579208.0,0.0
2020,entidad,21,Puebla,0606,Tseltal,maya,Hombres,66.0,2985681.0,579208.0,2e-06
2020,entidad,21,Puebla,8000,Otras lenguas indígenas de América,,Hombres,46.0,2985681.0,579208.0,
2020,entidad,21,Puebla,0518,Triqui,oto-mangue,Hombres,39.0,2985681.0,579208.0,
2020,entidad,21,Puebla,0515,Amuzgo,oto-mangue,Hombres,36.0,2985681.0,579208.0,
2020,entidad,21,Puebla,0907,Zoque,mixe-zoque,Hombres,33.0,2985681.0,579208.0,
2020,entidad,21,Puebla,9030,Popoluca insuficientemente especificado,,Hombres,22.0,2985681.0,579208.0,
2020,entidad,21,Puebla,0511,Chocholteco,oto-mangue,Hombres,18.0,2985681.0,579208.0,
2020,entidad,21,Puebla,0801,Tarasco (purépecha),tarasca,Hombres,15.0,2985681.0,579208.0,0.0
2020,entidad,21,Puebla,9020,Tepehuano insuficientemente especificado,,Hombres,8.0,2985681.0,579208.0,
2020,entidad,21,Puebla,0514,Chatino,oto-mangue,Hombres,7.0,2985681.0,579208.0,0.0
2020,entidad,21,Puebla,0503,Matlatzinca,oto-mangue,Hombres,6.0,2985681.0,579208.0,
2020,entidad,21,Puebla,0613,Tojolabal,maya,Hombres,6.0,2985681.0,579208.0,
2020,entidad,21,Puebla,0616,Kaqchikel,maya,Hombres,6.0,2985681.0,579208.0,
2020,entidad,21,Puebla,1101,Huave,huave,Hombres,5.0,2985681.0,579208.0,
2020,entidad,21,Puebla,0618,Mam,maya,Hombres,4.0,2985681.0,579208.0,
2020,entidad,21,Puebla,0205,Tarahumara,yuto-nahua,Hombres,2.0,2985681.0,579208.0,
2020,entidad,21,Puebla,0209,Cora,yuto-nahua,Hombres,2.0,2985681.0,579208.0,
2020,entidad,21,Puebla,0210,Huichol,yuto-nahua,Hombres,2.0,2985681.0,579208.0,
2020,entidad,21,Puebla,0605,Chontal de Tabasco,maya,Hombres,1.0,2985681.0,579208.0,
2020,entidad,21,Puebla,0615,K'iche',maya,Hombres,1.0,2985681.0,579208.0,
2020,entidad,21,Puebla,0211,Náhuatl,yuto-nahua,Mujeres,241227.0,3236658.0,628813.0,0.00371
2020,entidad,21,Puebla,0701,Totonaco,totonaco-tepehua,Mujeres,56104.0,3236658.0,628813.0,0.000913
2020,entidad,21,Puebla,0509,Mazateco,oto-mangue,Mujeres,11975.0,3236658.0,628813.0,0.00075
2020,entidad,21,Puebla,0512,Popoloca,oto-mangue,Mujeres,6541.0,3236658.0,628813.0,0.000178
2020,entidad,21,Puebla,0516,Mixteco,oto-mangue,Mujeres,4653.0,3236658.0,628813.0,8.3e-05
2020,entidad,21,Puebla,0501,Otomí,oto-mangue,Mujeres,3814.0,3236658.0,628813.0,0.000222
2020,entidad,21,Puebla,0513,Zapoteco,oto-mangue,Mujeres,1297.0,3236658.0,628813.0,3.4e-05
2020,entidad,21,Puebla,9000,No especificado,,Mujeres,447.0,3236658.0,628813.0,1e-06
2020,entidad,21,Puebla,0517,Cuicateco,oto-mangue,Mujeres,391.0,3236658.0,628813.0,2.6e-05
2020,entidad,21,Puebla,0507,Chinanteco,oto-mangue,Mujeres,328.0,3236658.0,628813.0,6e-06
2020,entidad,21,Puebla,0508,Tlapaneco,oto-mangue,Mujeres,315.0,3236658.0,628813.0,7e-06
2020,entidad,21,Puebla,0901,Mixe,mixe-zoque,Mujeres,258.0,3236658.0,628813.0,2e-06
2020,entidad,21,Puebla,0602,Maya,maya,Mujeres,183.0,3236658.0,628813.0,0.0
2020,entidad,21,Puebla,0702,Tepehua,totonaco-tepehua,Mujeres,147.0,3236658.0,628813.0,1.4e-05
2020,entidad,21,Puebla,0607,Tsotsil,maya,Mujeres,134.0,3236658.0,628813.0,2e-06
2020,entidad,21,Puebla,9030,Popoluca insuficientemente especificado,,Mujeres,117.0,3236658.0,628813.0,1e-06
2020,entidad,21,Puebla,0502,Mazahua,oto-mangue,Mujeres,106.0,3236658.0,628813.0,
2020,entidad,21,Puebla,0604,Ch'ol,maya,Mujeres,87.0,3236658.0,628813.0,6e-06
2020,entidad,21,Puebla,0518,Triqui,oto-mangue,Mujeres,77.0,3236658.0,628813.0,0.0
2020,entidad,21,Puebla,0606,Tseltal,maya,Mujeres,71.0,3236658.0,628813.0,3e-06
2020,entidad,21,Puebla,0601,Huasteco,maya,Mujeres,38.0,3236658.0,628813.0,1e-06
2020,entidad,21,Puebla,0801,Tarasco (purépecha),tarasca,Mujeres,26.0,3236658.0,628813.0,0.0
2020,entidad,21,Puebla,0907,Zoque,mixe-zoque,Mujeres,26.0,3236658.0,628813.0,
2020,entidad,21,Puebla,1001,Chontal de Oaxaca,chontal de Oaxaca,Mujeres,21.0,3236658.0,628813.0,
2020,entidad,21,Puebla,0515,Amuzgo,oto-mangue,Mujeres,12.0,3236658.0,628813.0,
2020,entidad,21,Puebla,1101,Huave,huave,Mujeres,12.0,3236658.0,628813.0,
2020,entidad,21,Puebla,0205,Tarahumara,yuto-nahua,Mujeres,8.0,3236658.0,628813.0,0.0
2020,entidad,21,Puebla,0514,Chatino,oto-mangue,Mujeres,8.0,3236658.0,628813.0,
2020,entidad,21,Puebla,0210,Huichol,yuto-nahua,Mujeres,6.0,3236658.0,628813.0,
2020,entidad,21,Puebla,0613,Tojolabal,maya,Mujeres,6.0,3236658.0,628813.0,
2020,entidad,21,Puebla,8000,Otras lenguas indígenas de América,,Mujeres,4.0,3236658.0,628813.0,
2020,entidad,21,Puebla,9010,Chontal insuficientemente especificado,,Mujeres,3.0,3236658.0,628813.0,
2020,entidad,21,Puebla,0209,Cora,yuto-nahua,Mujeres,2.0,3236658.0,628813.0,
2020,entidad,21,Puebla,0207,Yaqui,yuto-nahua,Mujeres,1.0,3236658.0,628813.0,
2020,entidad,21,Puebla,0605,Chontal de Tabasco,maya,Mujeres,1.0,3236658.0,628813.0,
2020,entidad,21,Puebla,0608,Q'anjob'al,maya,Mujeres,1.0,3236658.0,628813.0,
2020,entidad,21,Puebla,0615,K'iche',maya,Mujeres,1.0,3236658.0,628813.0,
2020,entidad,21,Puebla,0211,Náhuatl,yuto-nahua,Total,457418.0,6222339.0,1208021.0,0.003832
2020,entidad,21,Puebla,0701,Totonaco,totonaco-tepehua,Total,107005.0,6222339.0,1208021.0,0.000929
2020,entidad,21,Puebla,0509,Mazateco,oto-mangue,Total,22703.0,6222339.0,1208021.0,0.000751
2020,entidad,21,Puebla,0512,Popoloca,oto-mangue,Total,11705.0,6222339.0,1208021.0,0.000169
2020,entidad,21,Puebla,0516,Mixteco,oto-mangue,Total,8433.0,6222339.0,1208021.0,8.3e-05
2020,entidad,21,Puebla,0501,Otomí,oto-mangue,Total,6988.0,6222339.0,1208021.0,0.000228
2020,entidad,21,Puebla,0513,Zapoteco,oto-mangue,Total,2399.0,6222339.0,1208021.0,2.7e-05
2020,entidad,21,Puebla,9000,No especificado,,Total,766.0,6222339.0,1208021.0,3e-06
2020,entidad,21,Puebla,0517,Cuicateco,oto-mangue,Total,587.0,6222339.0,1208021.0,1.8e-05
2020,entidad,21,Puebla,0508,Tlapaneco,oto-mangue,Total,558.0,6222339.0,1208021.0,6e-06
2020,entidad,21,Puebla,0507,Chinanteco,oto-mangue,Total,540.0,6222339.0,1208021.0,1e-05
2020,entidad,21,Puebla,0901,Mixe,mixe-zoque,Total,441.0,6222339.0,1208021.0,1e-06
2020,entidad,21,Puebla,0602,Maya,maya,Total,438.0,6222339.0,1208021.0,1e-06
2020,entidad,21,Puebla,0604,Ch'ol,maya,Total,414.0,6222339.0,1208021.0,6e-06
2020,entidad,21,Puebla,0607,Tsotsil,maya,Total,322.0,6222339.0,1208021.0,2e-06
2020,entidad,21,Puebla,0702,Tepehua,totonaco-tepehua,Total,288.0,6222339.0,1208021.0,1.3e-05
2020,entidad,21,Puebla,0502,Mazahua,oto-mangue,Total,277.0,6222339.0,1208021.0,0.0
2020,entidad,21,Puebla,9010,Chontal insuficientemente especificado,,Total,210.0,6222339.0,1208021.0,0.0
2020,entidad,21,Puebla,0601,Huasteco,maya,Total,146.0,6222339.0,1208021.0,1e-06
2020,entidad,21,Puebla,9030,Popoluca insuficientemente especificado,,Total,139.0,6222339.0,1208021.0,1e-06
2020,entidad,21,Puebla,0606,Tseltal,maya,Total,137.0,6222339.0,1208021.0,3e-06
2020,entidad,21,Puebla,0518,Triqui,oto-mangue,Total,116.0,6222339.0,1208021.0,0.0
2020,entidad,21,Puebla,0907,Zoque,mixe-zoque,Total,59.0,6222339.0,1208021.0,
2020,entidad,21,Puebla,8000,Otras lenguas indígenas de América,,Total,50.0,6222339.0,1208021.0,
2020,entidad,21,Puebla,0515,Amuzgo,oto-mangue,Total,48.0,6222339.0,1208021.0,0.0
2020,entidad,21,Puebla,0801,Tarasco (purépecha),tarasca,Total,41.0,6222339.0,1208021.0,0.0
2020,entidad,21,Puebla,1001,Chontal de Oaxaca,chontal de Oaxaca,Total,21.0,6222339.0,1208021.0,
2020,entidad,21,Puebla,0511,Chocholteco,oto-mangue,Total,18.0,6222339.0,1208021.0,
2020,entidad,21,Puebla,1101,Huave,huave,Total,17.0,6222339.0,1208021.0,
2020,entidad,21,Puebla,0514,Chatino,oto-mangue,Total,15.0,6222339.0,1208021.0,0.0
2020,entidad,21,Puebla,0613,Tojolabal,maya,Total,12.0,6222339.0,1208021.0,
2020,entidad,21,Puebla,0205,Tarahumara,yuto-nahua,Total,10.0,6222339.0,1208021.0,0.0
2020,entidad,21,Puebla,0210,Huichol,yuto-nahua,Total,8.0,6222339.0,1208021.0,
2020,entidad,21,Puebla,9020,Tepehuano insuficientemente especificado,,Total,8.0,6222339.0,1208021.0,
2020,entidad,21,Puebla,0503,Matlatzinca,oto-mangue,Total,6.0,6222339.0,1208021.0,
2020,entidad,21,Puebla,0616,Kaqchikel,maya,Total,6.0,6222339.0,1208021.0,
2020,entidad,21,Puebla,0209,Cora,yuto-nahua,Total,4.0,6222339.0,1208021.0,
2020,entidad,21,Puebla,0618,Mam,maya,Total,4.0,6222339.0,1208021.0,
2020,entidad,21,Puebla,0605,Chontal de Tabasco,maya,Total,2.0,6222339.0,1208021.0,
2020,entidad,21,Puebla,0615,K'iche',maya,Total,2.0,6222339.0,1208021.0,
2020,entidad,21,Puebla,0207,Yaqui,yuto-nahua,Total,1.0,6222339.0,1208021.0,
2020,entidad,21,Puebla,0608,Q'anjob'al,maya,Total,1.0,6222339.0,1208021.0,
2020,entidad,22,Querétaro,0501,Otomí,oto-mangue,Hombres,8141.0,1098697.0,67991.0,0.001393
2020,entidad,22,Querétaro,0211,Náhuatl,yuto-nahua,Hombres,2095.0,1098697.0,67991.0,0.000127
2020,entidad,22,Querétaro,0502,Mazahua,oto-mangue,Hombres,490.0,1098697.0,67991.0,5.2e-05
2020,entidad,22,Querétaro,0518,Triqui,oto-mangue,Hombres,464.0,1098697.0,67991.0,
2020,entidad,22,Querétaro,0516,Mixteco,oto-mangue,Hombres,389.0,1098697.0,67991.0,2.4e-05
2020,entidad,22,Querétaro,0601,Huasteco,maya,Hombres,301.0,1098697.0,67991.0,1.3e-05
2020,entidad,22,Querétaro,0513,Zapoteco,oto-mangue,Hombres,253.0,1098697.0,67991.0,2.5e-05
2020,entidad,22,Querétaro,0801,Tarasco (purépecha),tarasca,Hombres,253.0,1098697.0,67991.0,7e-06
2020,entidad,22,Querétaro,9000,No especificado,,Hombres,174.0,1098697.0,67991.0,3e-06
2020,entidad,22,Querétaro,0607,Tsotsil,maya,Hombres,163.0,1098697.0,67991.0,
2020,entidad,22,Querétaro,0901,Mixe,mixe-zoque,Hombres,141.0,1098697.0,67991.0,1e-05
2020,entidad,22,Querétaro,1101,Huave,huave,Hombres,114.0,1098697.0,67991.0,
2020,entidad,22,Querétaro,0508,Tlapaneco,oto-mangue,Hombres,100.0,1098697.0,67991.0,
2020,entidad,22,Querétaro,0701,Totonaco,totonaco-tepehua,Hombres,83.0,1098697.0,67991.0,
2020,entidad,22,Querétaro,0509,Mazateco,oto-mangue,Hombres,67.0,1098697.0,67991.0,
2020,entidad,22,Querétaro,0205,Tarahumara,yuto-nahua,Hombres,65.0,1098697.0,67991.0,
2020,entidad,22,Querétaro,0507,Chinanteco,oto-mangue,Hombres,64.0,1098697.0,67991.0,
2020,entidad,22,Querétaro,9030,Popoluca insuficientemente especificado,,Hombres,63.0,1098697.0,67991.0,
2020,entidad,22,Querétaro,0209,Cora,yuto-nahua,Hombres,60.0,1098697.0,67991.0,
2020,entidad,22,Querétaro,0907,Zoque,mixe-zoque,Hombres,58.0,1098697.0,67991.0,
2020,entidad,22,Querétaro,0604,Ch'ol,maya,Hombres,56.0,1098697.0,67991.0,
2020,entidad,22,Querétaro,0606,Tseltal,maya,Hombres,50.0,1098697.0,67991.0,
2020,entidad,22,Querétaro,0514,Chatino,oto-mangue,Hombres,21.0,1098697.0,67991.0,
2020,entidad,22,Querétaro,0505,Pame,oto-mangue,Hombres,8.0,1098697.0,67991.0,1e-06
2020,entidad,22,Querétaro,0602,Maya,maya,Hombres,6.0,1098697.0,67991.0,0.0
2020,entidad,22,Querétaro,8000,Otras lenguas indígenas de América,,Hombres,6.0,1098697.0,67991.0,
2020,entidad,22,Querétaro,0501,Otomí,oto-mangue,Mujeres,8800.0,1154803.0,72494.0,0.001524
2020,entidad,22,Querétaro,0211,Náhuatl,yuto-nahua,Mujeres,1593.0,1154803.0,72494.0,8.2e-05
2020,entidad,22,Querétaro,0518,Triqui,oto-mangue,Mujeres,754.0,1154803.0,72494.0,
2020,entidad,22,Querétaro,0502,Mazahua,oto-mangue,Mujeres,358.0,1154803.0,72494.0,4.7e-05
2020,entidad,22,Querétaro,0516,Mixteco,oto-mangue,Mujeres,284.0,1154803.0,72494.0,0.0
2020,entidad,22,Querétaro,0607,Tsotsil,maya,Mujeres,213.0,1154803.0,72494.0,0.0
2020,entidad,22,Querétaro,0901,Mixe,mixe-zoque,Mujeres,199.0,1154803.0,72494.0,1.8e-05
2020,entidad,22,Querétaro,0601,Huasteco,maya,Mujeres,180.0,1154803.0,72494.0,2e-05
2020,entidad,22,Querétaro,0801,Tarasco (purépecha),tarasca,Mujeres,176.0,1154803.0,72494.0,2.5e-05
2020,entidad,22,Querétaro,9000,No especificado,,Mujeres,121.0,1154803.0,72494.0,
2020,entidad,22,Querétaro,0513,Zapoteco,oto-mangue,Mujeres,119.0,1154803.0,72494.0,
2020,entidad,22,Querétaro,0701,Totonaco,totonaco-tepehua,Mujeres,87.0,1154803.0,72494.0,1e-06
2020,entidad,22,Querétaro,0507,Chinanteco,oto-mangue,Mujeres,78.0,1154803.0,72494.0,
2020,entidad,22,Querétaro,0508,Tlapaneco,oto-mangue,Mujeres,42.0,1154803.0,72494.0,
2020,entidad,22,Querétaro,0514,Chatino,oto-mangue,Mujeres,42.0,1154803.0,72494.0,0.0
2020,entidad,22,Querétaro,0509,Mazateco,oto-mangue,Mujeres,36.0,1154803.0,72494.0,
2020,entidad,22,Querétaro,0209,Cora,yuto-nahua,Mujeres,27.0,1154803.0,72494.0,
2020,entidad,22,Querétaro,9030,Popoluca insuficientemente especificado,,Mujeres,21.0,1154803.0,72494.0,
2020,entidad,22,Querétaro,0505,Pame,oto-mangue,Mujeres,16.0,1154803.0,72494.0,0.0
2020,entidad,22,Querétaro,0606,Tseltal,maya,Mujeres,14.0,1154803.0,72494.0,
2020,entidad,22,Querétaro,8000,Otras lenguas indígenas de América,,Mujeres,10.0,1154803.0,72494.0,
2020,entidad,22,Querétaro,9010,Chontal insuficientemente especificado,,Mujeres,6.0,1154803.0,72494.0,
2020,entidad,22,Querétaro,0602,Maya,maya,Mujeres,5.0,1154803.0,72494.0,
2020,entidad,22,Querétaro,0501,Otomí,oto-mangue,Total,16941.0,2253500.0,140485.0,0.001475
2020,entidad,22,Querétaro,0211,Náhuatl,yuto-nahua,Total,3688.0,2253500.0,140485.0,0.000116
2020,entidad,22,Querétaro,0518,Triqui,oto-mangue,Total,1218.0,2253500.0,140485.0,
2020,entidad,22,Querétaro,0502,Mazahua,oto-mangue,Total,848.0,2253500.0,140485.0,7.7e-05
2020,entidad,22,Querétaro,0516,Mixteco,oto-mangue,Total,673.0,2253500.0,140485.0,1.2e-05
2020,entidad,22,Querétaro,0601,Huasteco,maya,Total,481.0,2253500.0,140485.0,3.5e-05
2020,entidad,22,Querétaro,0801,Tarasco (purépecha),tarasca,Total,429.0,2253500.0,140485.0,2.1e-05
2020,entidad,22,Querétaro,0607,Tsotsil,maya,Total,376.0,2253500.0,140485.0,1.2e-05
2020,entidad,22,Querétaro,0513,Zapoteco,oto-mangue,Total,372.0,2253500.0,140485.0,5e-05
2020,entidad,22,Querétaro,0901,Mixe,mixe-zoque,Total,340.0,2253500.0,140485.0,1.4e-05
2020,entidad,22,Querétaro,9000,No especificado,,Total,295.0,2253500.0,140485.0,4e-06
2020,entidad,22,Querétaro,0701,Totonaco,totonaco-tepehua,Total,170.0,2253500.0,140485.0,0.0
2020,entidad,22,Querétaro,0507,Chinanteco,oto-mangue,Total,142.0,2253500.0,140485.0,
2020,entidad,22,Querétaro,0508,Tlapaneco,oto-mangue,Total,142.0,2253500.0,140485.0,
2020,entidad,22,Querétaro,1101,Huave,huave,Total,114.0,2253500.0,140485.0,
2020,entidad,22,Querétaro,0509,Mazateco,oto-mangue,Total,103.0,2253500.0,140485.0,
2020,entidad,22,Querétaro,0209,Cora,yuto-nahua,Total,87.0,2253500.0,140485.0,
2020,entidad,22,Querétaro,9030,Popoluca insuficientemente especificado,,Total,84.0,2253500.0,140485.0,
2020,entidad,22,Querétaro,0205,Tarahumara,yuto-nahua,Total,65.0,2253500.0,140485.0,
2020,entidad,22,Querétaro,0606,Tseltal,maya,Total,64.0,2253500.0,140485.0,
2020,entidad,22,Querétaro,0514,Chatino,oto-mangue,Total,63.0,2253500.0,140485.0,0.0
2020,entidad,22,Querétaro,0907,Zoque,mixe-zoque,Total,58.0,2253500.0,140485.0,
2020,entidad,22,Querétaro,0604,Ch'ol,maya,Total,56.0,2253500.0,140485.0,
2020,entidad,22,Querétaro,0505,Pame,oto-mangue,Total,24.0,2253500.0,140485.0,2e-06
2020,entidad,22,Querétaro,8000,Otras lenguas indígenas de América,,Total,16.0,2253500.0,140485.0,
2020,entidad,22,Querétaro,0602,Maya,maya,Total,11.0,2253500.0,140485.0,0.0
2020,entidad,22,Querétaro,9010,Chontal insuficientemente especificado,,Total,6.0,2253500.0,140485.0,
2020,entidad,23,Quintana Roo,0602,Maya,maya,Hombres,104302.0,886664.0,37315.0,0.010807
2020,entidad,23,Quintana Roo,0606,Tseltal,maya,Hombres,4365.0,886664.0,37315.0,0.000732
2020,entidad,23,Quintana Roo,0607,Tsotsil,maya,Hombres,3220.0,886664.0,37315.0,0.00064
2020,entidad,23,Quintana Roo,0604,Ch'ol,maya,Hombres,2861.0,886664.0,37315.0,0.000311
2020,entidad,23,Quintana Roo,0211,Náhuatl,yuto-nahua,Hombres,1860.0,886664.0,37315.0,0.000566
2020,entidad,23,Quintana Roo,0907,Zoque,mixe-zoque,Hombres,1336.0,886664.0,37315.0,0.000348
2020,entidad,23,Quintana Roo,0608,Q'anjob'al,maya,Hombres,1308.0,886664.0,37315.0,0.000384
2020,entidad,23,Quintana Roo,0513,Zapoteco,oto-mangue,Hombres,763.0,886664.0,37315.0,8e-05
2020,entidad,23,Quintana Roo,0618,Mam,maya,Hombres,747.0,886664.0,37315.0,0.000232
2020,entidad,23,Quintana Roo,9010,Chontal insuficientemente especificado,,Hombres,390.0,886664.0,37315.0,8.8e-05
2020,entidad,23,Quintana Roo,9000,No especificado,,Hombres,268.0,886664.0,37315.0,2.5e-05
2020,entidad,23,Quintana Roo,0701,Totonaco,totonaco-tepehua,Hombres,251.0,886664.0,37315.0,3.8e-05
2020,entidad,23,Quintana Roo,0516,Mixteco,oto-mangue,Hombres,250.0,886664.0,37315.0,
2020,entidad,23,Quintana Roo,9030,Popoluca insuficientemente especificado,,Hombres,235.0,886664.0,37315.0,4.2e-05
2020,entidad,23,Quintana Roo,8000,Otras lenguas indígenas de América,,Hombres,198.0,886664.0,37315.0,2.9e-05
2020,entidad,23,Quintana Roo,0901,Mixe,mixe-zoque,Hombres,104.0,886664.0,37315.0,
2020,entidad,23,Quintana Roo,0507,Chinanteco,oto-mangue,Hombres,96.0,886664.0,37315.0,0.0
2020,entidad,23,Quintana Roo,0205,Tarahumara,yuto-nahua,Hombres,87.0,886664.0,37315.0,
2020,entidad,23,Quintana Roo,0208,Mayo,yuto-nahua,Hombres,81.0,886664.0,37315.0,
2020,entidad,23,Quintana Roo,0613,Tojolabal,maya,Hombres,71.0,886664.0,37315.0,
2020,entidad,23,Quintana Roo,0509,Mazateco,oto-mangue,Hombres,51.0,886664.0,37315.0,
2020,entidad,23,Quintana Roo,0620,Ixil,maya,Hombres,39.0,886664.0,37315.0,3e-06
2020,entidad,23,Quintana Roo,0601,Huasteco,maya,Hombres,37.0,886664.0,37315.0,
2020,entidad,23,Quintana Roo,0502,Mazahua,oto-mangue,Hombres,32.0,886664.0,37315.0,
2020,entidad,23,Quintana Roo,0210,Huichol,yuto-nahua,Hombres,18.0,886664.0,37315.0,
2020,entidad,23,Quintana Roo,0501,Otomí,oto-mangue,Hombres,15.0,886664.0,37315.0,
2020,entidad,23,Quintana Roo,0515,Amuzgo,oto-mangue,Hombres,15.0,886664.0,37315.0,
2020,entidad,23,Quintana Roo,0614,Q'eqchi',maya,Hombres,8.0,886664.0,37315.0,
2020,entidad,23,Quintana Roo,0612,Chuj,maya,Hombres,6.0,886664.0,37315.0,
2020,entidad,23,Quintana Roo,0514,Chatino,oto-mangue,Hombres,5.0,886664.0,37315.0,
2020,entidad,23,Quintana Roo,0602,Maya,maya,Mujeres,90031.0,879119.0,36757.0,0.00993
2020,entidad,23,Quintana Roo,0606,Tseltal,maya,Mujeres,4592.0,879119.0,36757.0,0.000923
2020,entidad,23,Quintana Roo,0604,Ch'ol,maya,Mujeres,2798.0,879119.0,36757.0,0.000328
2020,entidad,23,Quintana Roo,0607,Tsotsil,maya,Mujeres,2336.0,879119.0,36757.0,0.000492
2020,entidad,23,Quintana Roo,0211,Náhuatl,yuto-nahua,Mujeres,1047.0,879119.0,36757.0,0.000433
2020,entidad,23,Quintana Roo,0608,Q'anjob'al,maya,Mujeres,1016.0,879119.0,36757.0,0.000226
2020,entidad,23,Quintana Roo,0618,Mam,maya,Mujeres,778.0,879119.0,36757.0,0.000158
2020,entidad,23,Quintana Roo,0907,Zoque,mixe-zoque,Mujeres,661.0,879119.0,36757.0,1.4e-05
2020,entidad,23,Quintana Roo,0513,Zapoteco,oto-mangue,Mujeres,580.0,879119.0,36757.0,5.6e-05
2020,entidad,23,Quintana Roo,0501,Otomí,oto-mangue,Mujeres,194.0,879119.0,36757.0,
2020,entidad,23,Quintana Roo,0613,Tojolabal,maya,Mujeres,189.0,879119.0,36757.0,7e-06
2020,entidad,23,Quintana Roo,0701,Totonaco,totonaco-tepehua,Mujeres,147.0,879119.0,36757.0,3.3e-05
2020,entidad,23,Quintana Roo,9000,No especificado,,Mujeres,147.0,879119.0,36757.0,1e-06
2020,entidad,23,Quintana Roo,0615,K'iche',maya,Mujeres,105.0,879119.0,36757.0,
2020,entidad,23,Quintana Roo,0516,Mixteco,oto-mangue,Mujeres,95.0,879119.0,36757.0,
2020,entidad,23,Quintana Roo,0507,Chinanteco,oto-mangue,Mujeres,78.0,879119.0,36757.0,
2020,entidad,23,Quintana Roo,9030,Popoluca insuficientemente especificado,,Mujeres,76.0,879119.0,36757.0,7e-06
2020,entidad,23,Quintana Roo,0801,Tarasco (purépecha),tarasca,Mujeres,73.0,879119.0,36757.0,
2020,entidad,23,Quintana Roo,0509,Mazateco,oto-mangue,Mujeres,70.0,879119.0,36757.0,
2020,entidad,23,Quintana Roo,9010,Chontal insuficientemente especificado,,Mujeres,57.0,879119.0,36757.0,
2020,entidad,23,Quintana Roo,0901,Mixe,mixe-zoque,Mujeres,55.0,879119.0,36757.0,2e-06
2020,entidad,23,Quintana Roo,0601,Huasteco,maya,Mujeres,37.0,879119.0,36757.0,
2020,entidad,23,Quintana Roo,0502,Mazahua,oto-mangue,Mujeres,26.0,879119.0,36757.0,
2020,entidad,23,Quintana Roo,0508,Tlapaneco,oto-mangue,Mujeres,19.0,879119.0,36757.0,1e-06
2020,entidad,23,Quintana Roo,0610,Jakalteko,maya,Mujeres,16.0,879119.0,36757.0,
2020,entidad,23,Quintana Roo,0515,Amuzgo,oto-mangue,Mujeres,14.0,879119.0,36757.0,
2020,entidad,23,Quintana Roo,0605,Chontal de Tabasco,maya,Mujeres,12.0,879119.0,36757.0,
2020,entidad,23,Quintana Roo,0614,Q'eqchi',maya,Mujeres,12.0,879119.0,36757.0,
2020,entidad,23,Quintana Roo,0609,Akateko,maya,Mujeres,9.0,879119.0,36757.0,
2020,entidad,23,Quintana Roo,0208,Mayo,yuto-nahua,Mujeres,8.0,879119.0,36757.0,
2020,entidad,23,Quintana Roo,0620,Ixil,maya,Mujeres,7.0,879119.0,36757.0,
2020,entidad,23,Quintana Roo,0517,Cuicateco,oto-mangue,Mujeres,6.0,879119.0,36757.0,
2020,entidad,23,Quintana Roo,0602,Maya,maya,Total,194333.0,1765783.0,74072.0,0.010439
2020,entidad,23,Quintana Roo,0606,Tseltal,maya,Total,8957.0,1765783.0,74072.0,0.000779
2020,entidad,23,Quintana Roo,0604,Ch'ol,maya,Total,5659.0,1765783.0,74072.0,0.000307
2020,entidad,23,Quintana Roo,0607,Tsotsil,maya,Total,5556.0,1765783.0,74072.0,0.000598
2020,entidad,23,Quintana Roo,0211,Náhuatl,yuto-nahua,Total,2907.0,1765783.0,74072.0,0.000618
2020,entidad,23,Quintana Roo,0608,Q'anjob'al,maya,Total,2324.0,1765783.0,74072.0,0.000373
2020,entidad,23,Quintana Roo,0907,Zoque,mixe-zoque,Total,1997.0,1765783.0,74072.0,0.000204
2020,entidad,23,Quintana Roo,0618,Mam,maya,Total,1525.0,1765783.0,74072.0,0.000224
2020,entidad,23,Quintana Roo,0513,Zapoteco,oto-mangue,Total,1343.0,1765783.0,74072.0,3.5e-05
2020,entidad,23,Quintana Roo,9010,Chontal insuficientemente especificado,,Total,447.0,1765783.0,74072.0,4.6e-05
2020,entidad,23,Quintana Roo,9000,No especificado,,Total,415.0,1765783.0,74072.0,1.5e-05
2020,entidad,23,Quintana Roo,0701,Totonaco,totonaco-tepehua,Total,398.0,1765783.0,74072.0,3.8e-05
2020,entidad,23,Quintana Roo,0516,Mixteco,oto-mangue,Total,345.0,1765783.0,74072.0,1e-06
2020,entidad,23,Quintana Roo,9030,Popoluca insuficientemente especificado,,Total,311.0,1765783.0,74072.0,2.2e-05
2020,entidad,23,Quintana Roo,0613,Tojolabal,maya,Total,260.0,1765783.0,74072.0,3e-06
2020,entidad,23,Quintana Roo,0501,Otomí,oto-mangue,Total,209.0,1765783.0,74072.0,
2020,entidad,23,Quintana Roo,8000,Otras lenguas indígenas de América,,Total,198.0,1765783.0,74072.0,1.5e-05
2020,entidad,23,Quintana Roo,0507,Chinanteco,oto-mangue,Total,174.0,1765783.0,74072.0,1.2e-05
2020,entidad,23,Quintana Roo,0901,Mixe,mixe-zoque,Total,159.0,1765783.0,74072.0,4e-06
2020,entidad,23,Quintana Roo,0509,Mazateco,oto-mangue,Total,121.0,1765783.0,74072.0,
2020,entidad,23,Quintana Roo,0615,K'iche',maya,Total,105.0,1765783.0,74072.0,
2020,entidad,23,Quintana Roo,0208,Mayo,yuto-nahua,Total,89.0,1765783.0,74072.0,
2020,entidad,23,Quintana Roo,0205,Tarahumara,yuto-nahua,Total,87.0,1765783.0,74072.0,
2020,entidad,23,Quintana Roo,0601,Huasteco,maya,Total,74.0,1765783.0,74072.0,0.0
2020,entidad,23,Quintana Roo,0801,Tarasco (purépecha),tarasca,Total,73.0,1765783.0,74072.0,
2020,entidad,23,Quintana Roo,0502,Mazahua,oto-mangue,Total,58.0,1765783.0,74072.0,1e-06
2020,entidad,23,Quintana Roo,0620,Ixil,maya,Total,46.0,1765783.0,74072.0,6e-06
2020,entidad,23,Quintana Roo,0515,Amuzgo,oto-mangue,Total,29.0,1765783.0,74072.0,1e-06
2020,entidad,23,Quintana Roo,0614,Q'eqchi',maya,Total,20.0,1765783.0,74072.0,1e-06
2020,entidad,23,Quintana Roo,0508,Tlapaneco,oto-mangue,Total,19.0,1765783.0,74072.0,1e-06
2020,entidad,23,Quintana Roo,0210,Huichol,yuto-nahua,Total,18.0,1765783.0,74072.0,
2020,entidad,23,Quintana Roo,0610,Jakalteko,maya,Total,16.0,1765783.0,74072.0,
2020,entidad,23,Quintana Roo,0605,Chontal de Tabasco,maya,Total,12.0,1765783.0,74072.0,
2020,entidad,23,Quintana Roo,0609,Akateko,maya,Total,9.0,1765783.0,74072.0,
2020,entidad,23,Quintana Roo,0517,Cuicateco,oto-mangue,Total,6.0,1765783.0,74072.0,
2020,entidad,23,Quintana Roo,0612,Chuj,maya,Total,6.0,1765783.0,74072.0,
2020,entidad,23,Quintana Roo,0514,Chatino,oto-mangue,Total,5.0,1765783.0,74072.0,
2020,entidad,24,San Luis Potosí,0211,Náhuatl,yuto-nahua,Hombres,60734.0,1303428.0,167902.0,0.005908
2020,entidad,24,San Luis Potosí,0601,Huasteco,maya,Hombres,53456.0,1303428.0,167902.0,0.004776
2020,entidad,24,San Luis Potosí,0505,Pame,oto-mangue,Hombres,6540.0,1303428.0,167902.0,0.001142
2020,entidad,24,San Luis Potosí,0501,Otomí,oto-mangue,Hombres,427.0,1303428.0,167902.0,4e-06
2020,entidad,24,San Luis Potosí,9000,No especificado,,Hombres,374.0,1303428.0,167902.0,5.2e-05
2020,entidad,24,San Luis Potosí,0901,Mixe,mixe-zoque,Hombres,145.0,1303428.0,167902.0,
2020,entidad,24,San Luis Potosí,0502,Mazahua,oto-mangue,Hombres,102.0,1303428.0,167902.0,1e-06
2020,entidad,24,San Luis Potosí,0516,Mixteco,oto-mangue,Hombres,82.0,1303428.0,167902.0,2e-05
2020,entidad,24,San Luis Potosí,0513,Zapoteco,oto-mangue,Hombres,81.0,1303428.0,167902.0,
2020,entidad,24,San Luis Potosí,0506,Chichimeco jonaz,oto-mangue,Hombres,42.0,1303428.0,167902.0,1.4e-05
2020,entidad,24,San Luis Potosí,0801,Tarasco (purépecha),tarasca,Hombres,33.0,1303428.0,167902.0,
2020,entidad,24,San Luis Potosí,0602,Maya,maya,Hombres,23.0,1303428.0,167902.0,0.0
2020,entidad,24,San Luis Potosí,0607,Tsotsil,maya,Hombres,22.0,1303428.0,167902.0,
2020,entidad,24,San Luis Potosí,8000,Otras lenguas indígenas de América,,Hombres,22.0,1303428.0,167902.0,
2020,entidad,24,San Luis Potosí,0701,Totonaco,totonaco-tepehua,Hombres,14.0,1303428.0,167902.0,
2020,entidad,24,San Luis Potosí,9030,Popoluca insuficientemente especificado,,Hombres,13.0,1303428.0,167902.0,
2020,entidad,24,San Luis Potosí,0518,Triqui,oto-mangue,Hombres,12.0,1303428.0,167902.0,
2020,entidad,24,San Luis Potosí,0205,Tarahumara,yuto-nahua,Hombres,6.0,1303428.0,167902.0,
2020,entidad,24,San Luis Potosí,0210,Huichol,yuto-nahua,Hombres,6.0,1303428.0,167902.0,2e-06
2020,entidad,24,San Luis Potosí,0509,Mazateco,oto-mangue,Hombres,6.0,1303428.0,167902.0,
2020,entidad,24,San Luis Potosí,0508,Tlapaneco,oto-mangue,Hombres,5.0,1303428.0,167902.0,
2020,entidad,24,San Luis Potosí,0515,Amuzgo,oto-mangue,Hombres,4.0,1303428.0,167902.0,
2020,entidad,24,San Luis Potosí,0207,Yaqui,yuto-nahua,Hombres,3.0,1303428.0,167902.0,
2020,entidad,24,San Luis Potosí,0606,Tseltal,maya,Hombres,2.0,1303428.0,167902.0,
2020,entidad,24,San Luis Potosí,0514,Chatino,oto-mangue,Hombres,1.0,1303428.0,167902.0,
2020,entidad,24,San Luis Potosí,0211,Náhuatl,yuto-nahua,Mujeres,59931.0,1379389.0,175154.0,0.005314
2020,entidad,24,San Luis Potosí,0601,Huasteco,maya,Mujeres,53899.0,1379389.0,175154.0,0.004355
2020,entidad,24,San Luis Potosí,0505,Pame,oto-mangue,Mujeres,6807.0,1379389.0,175154.0,0.001101
2020,entidad,24,San Luis Potosí,0501,Otomí,oto-mangue,Mujeres,582.0,1379389.0,175154.0,
2020,entidad,24,San Luis Potosí,9000,No especificado,,Mujeres,318.0,1379389.0,175154.0,5.3e-05
2020,entidad,24,San Luis Potosí,0516,Mixteco,oto-mangue,Mujeres,245.0,1379389.0,175154.0,
2020,entidad,24,San Luis Potosí,0502,Mazahua,oto-mangue,Mujeres,111.0,1379389.0,175154.0,3.2e-05
2020,entidad,24,San Luis Potosí,0513,Zapoteco,oto-mangue,Mujeres,85.0,1379389.0,175154.0,
2020,entidad,24,San Luis Potosí,0602,Maya,maya,Mujeres,42.0,1379389.0,175154.0,
2020,entidad,24,San Luis Potosí,0606,Tseltal,maya,Mujeres,38.0,1379389.0,175154.0,
2020,entidad,24,San Luis Potosí,0607,Tsotsil,maya,Mujeres,31.0,1379389.0,175154.0,
2020,entidad,24,San Luis Potosí,0701,Totonaco,totonaco-tepehua,Mujeres,31.0,1379389.0,175154.0,1e-06
2020,entidad,24,San Luis Potosí,0506,Chichimeco jonaz,oto-mangue,Mujeres,24.0,1379389.0,175154.0,
2020,entidad,24,San Luis Potosí,0801,Tarasco (purépecha),tarasca,Mujeres,10.0,1379389.0,175154.0,
2020,entidad,24,San Luis Potosí,0509,Mazateco,oto-mangue,Mujeres,8.0,1379389.0,175154.0,0.0
2020,entidad,24,San Luis Potosí,0508,Tlapaneco,oto-mangue,Mujeres,6.0,1379389.0,175154.0,
2020,entidad,24,San Luis Potosí,0210,Huichol,yuto-nahua,Mujeres,5.0,1379389.0,175154.0,2e-06
2020,entidad,24,San Luis Potosí,0901,Mixe,mixe-zoque,Mujeres,4.0,1379389.0,175154.0,
2020,entidad,24,San Luis Potosí,0208,Mayo,yuto-nahua,Mujeres,3.0,1379389.0,175154.0,
2020,entidad,24,San Luis Potosí,0507,Chinanteco,oto-mangue,Mujeres,3.0,1379389.0,175154.0,
2020,entidad,24,San Luis Potosí,0211,Náhuatl,yuto-nahua,Total,120665.0,2682817.0,343056.0,0.00566
2020,entidad,24,San Luis Potosí,0601,Huasteco,maya,Total,107355.0,2682817.0,343056.0,0.004605
2020,entidad,24,San Luis Potosí,0505,Pame,oto-mangue,Total,13347.0,2682817.0,343056.0,0.001146
2020,entidad,24,San Luis Potosí,0501,Otomí,oto-mangue,Total,1009.0,2682817.0,343056.0,2e-06
2020,entidad,24,San Luis Potosí,9000,No especificado,,Total,692.0,2682817.0,343056.0,7.7e-05
2020,entidad,24,San Luis Potosí,0516,Mixteco,oto-mangue,Total,327.0,2682817.0,343056.0,2.6e-05
2020,entidad,24,San Luis Potosí,0502,Mazahua,oto-mangue,Total,213.0,2682817.0,343056.0,1.6e-05
2020,entidad,24,San Luis Potosí,0513,Zapoteco,oto-mangue,Total,166.0,2682817.0,343056.0,2e-06
2020,entidad,24,San Luis Potosí,0901,Mixe,mixe-zoque,Total,149.0,2682817.0,343056.0,
2020,entidad,24,San Luis Potosí,0506,Chichimeco jonaz,oto-mangue,Total,66.0,2682817.0,343056.0,7e-06
2020,entidad,24,San Luis Potosí,0602,Maya,maya,Total,65.0,2682817.0,343056.0,0.0
2020,entidad,24,San Luis Potosí,0607,Tsotsil,maya,Total,53.0,2682817.0,343056.0,
2020,entidad,24,San Luis Potosí,0701,Totonaco,totonaco-tepehua,Total,45.0,2682817.0,343056.0,0.0
2020,entidad,24,San Luis Potosí,0801,Tarasco (purépecha),tarasca,Total,43.0,2682817.0,343056.0,0.0
2020,entidad,24,San Luis Potosí,0606,Tseltal,maya,Total,40.0,2682817.0,343056.0,
2020,entidad,24,San Luis Potosí,8000,Otras lenguas indígenas de América,,Total,22.0,2682817.0,343056.0,
2020,entidad,24,San Luis Potosí,0509,Mazateco,oto-mangue,Total,14.0,2682817.0,343056.0,0.0
2020,entidad,24,San Luis Potosí,9030,Popoluca insuficientemente especificado,,Total,13.0,2682817.0,343056.0,
2020,entidad,24,San Luis Potosí,0518,Triqui,oto-mangue,Total,12.0,2682817.0,343056.0,
2020,entidad,24,San Luis Potosí,0210,Huichol,yuto-nahua,Total,11.0,2682817.0,343056.0,2e-06
2020,entidad,24,San Luis Potosí,0508,Tlapaneco,oto-mangue,Total,11.0,2682817.0,343056.0,
2020,entidad,24,San Luis Potosí,0205,Tarahumara,yuto-nahua,Total,6.0,2682817.0,343056.0,
2020,entidad,24,San Luis Potosí,0515,Amuzgo,oto-mangue,Total,4.0,2682817.0,343056.0,
2020,entidad,24,San Luis Potosí,0207,Yaqui,yuto-nahua,Total,3.0,2682817.0,343056.0,
2020,entidad,24,San Luis Potosí,0208,Mayo,yuto-nahua,Total,3.0,2682817.0,343056.0,
2020,entidad,24,San Luis Potosí,0507,Chinanteco,oto-mangue,Total,3.0,2682817.0,343056.0,
2020,entidad,24,San Luis Potosí,0514,Chatino,oto-mangue,Total,1.0,2682817.0,343056.0,
2020,entidad,25,Sinaloa,0208,Mayo,yuto-nahua,Hombres,4490.0,1394273.0,78237.0,0.000406
2020,entidad,25,Sinaloa,0211,Náhuatl,yuto-nahua,Hombres,3049.0,1394273.0,78237.0,0.000238
2020,entidad,25,Sinaloa,0513,Zapoteco,oto-mangue,Hombres,2456.0,1394273.0,78237.0,0.000423
2020,entidad,25,Sinaloa,0516,Mixteco,oto-mangue,Hombres,1351.0,1394273.0,78237.0,0.000105
2020,entidad,25,Sinaloa,0205,Tarahumara,yuto-nahua,Hombres,1103.0,1394273.0,78237.0,5.3e-05
2020,entidad,25,Sinaloa,9000,No especificado,,Hombres,641.0,1394273.0,78237.0,8e-05
2020,entidad,25,Sinaloa,0508,Tlapaneco,oto-mangue,Hombres,505.0,1394273.0,78237.0,2.9e-05
2020,entidad,25,Sinaloa,0204,Tepehuano del sur,yuto-nahua,Hombres,360.0,1394273.0,78237.0,6.5e-05
2020,entidad,25,Sinaloa,0501,Otomí,oto-mangue,Hombres,250.0,1394273.0,78237.0,4.1e-05
2020,entidad,25,Sinaloa,0518,Triqui,oto-mangue,Hombres,161.0,1394273.0,78237.0,1.4e-05
2020,entidad,25,Sinaloa,0701,Totonaco,totonaco-tepehua,Hombres,161.0,1394273.0,78237.0,
2020,entidad,25,Sinaloa,0210,Huichol,yuto-nahua,Hombres,144.0,1394273.0,78237.0,2.1e-05
2020,entidad,25,Sinaloa,0209,Cora,yuto-nahua,Hombres,110.0,1394273.0,78237.0,
2020,entidad,25,Sinaloa,0604,Ch'ol,maya,Hombres,95.0,1394273.0,78237.0,
2020,entidad,25,Sinaloa,0207,Yaqui,yuto-nahua,Hombres,94.0,1394273.0,78237.0,2e-06
2020,entidad,25,Sinaloa,0606,Tseltal,maya,Hombres,75.0,1394273.0,78237.0,0.0
2020,entidad,25,Sinaloa,0607,Tsotsil,maya,Hombres,72.0,1394273.0,78237.0,2.2e-05
2020,entidad,25,Sinaloa,0515,Amuzgo,oto-mangue,Hombres,65.0,1394273.0,78237.0,1e-06
2020,entidad,25,Sinaloa,0507,Chinanteco,oto-mangue,Hombres,50.0,1394273.0,78237.0,0.0
2020,entidad,25,Sinaloa,0502,Mazahua,oto-mangue,Hombres,34.0,1394273.0,78237.0,
2020,entidad,25,Sinaloa,0601,Huasteco,maya,Hombres,24.0,1394273.0,78237.0,
2020,entidad,25,Sinaloa,0801,Tarasco (purépecha),tarasca,Hombres,21.0,1394273.0,78237.0,
2020,entidad,25,Sinaloa,1101,Huave,huave,Hombres,20.0,1394273.0,78237.0,
2020,entidad,25,Sinaloa,9030,Popoluca insuficientemente especificado,,Hombres,18.0,1394273.0,78237.0,
2020,entidad,25,Sinaloa,0509,Mazateco,oto-mangue,Hombres,14.0,1394273.0,78237.0,
2020,entidad,25,Sinaloa,9010,Chontal insuficientemente especificado,,Hombres,11.0,1394273.0,78237.0,
2020,entidad,25,Sinaloa,0907,Zoque,mixe-zoque,Hombres,7.0,1394273.0,78237.0,
2020,entidad,25,Sinaloa,0901,Mixe,mixe-zoque,Hombres,5.0,1394273.0,78237.0,
2020,entidad,25,Sinaloa,0208,Mayo,yuto-nahua,Mujeres,3233.0,1452215.0,79661.0,0.000343
2020,entidad,25,Sinaloa,0211,Náhuatl,yuto-nahua,Mujeres,2415.0,1452215.0,79661.0,0.000174
2020,entidad,25,Sinaloa,0516,Mixteco,oto-mangue,Mujeres,1525.0,1452215.0,79661.0,8.7e-05
2020,entidad,25,Sinaloa,0513,Zapoteco,oto-mangue,Mujeres,1420.0,1452215.0,79661.0,0.000195
2020,entidad,25,Sinaloa,0205,Tarahumara,yuto-nahua,Mujeres,943.0,1452215.0,79661.0,3.1e-05
2020,entidad,25,Sinaloa,0508,Tlapaneco,oto-mangue,Mujeres,673.0,1452215.0,79661.0,5.9e-05
2020,entidad,25,Sinaloa,9000,No especificado,,Mujeres,446.0,1452215.0,79661.0,3e-06
2020,entidad,25,Sinaloa,0204,Tepehuano del sur,yuto-nahua,Mujeres,289.0,1452215.0,79661.0,6.1e-05
2020,entidad,25,Sinaloa,0607,Tsotsil,maya,Mujeres,135.0,1452215.0,79661.0,0.0
2020,entidad,25,Sinaloa,0209,Cora,yuto-nahua,Mujeres,122.0,1452215.0,79661.0,
2020,entidad,25,Sinaloa,0501,Otomí,oto-mangue,Mujeres,114.0,1452215.0,79661.0,0.0
2020,entidad,25,Sinaloa,0801,Tarasco (purépecha),tarasca,Mujeres,101.0,1452215.0,79661.0,
2020,entidad,25,Sinaloa,0604,Ch'ol,maya,Mujeres,86.0,1452215.0,79661.0,
2020,entidad,25,Sinaloa,0701,Totonaco,totonaco-tepehua,Mujeres,84.0,1452215.0,79661.0,
2020,entidad,25,Sinaloa,0518,Triqui,oto-mangue,Mujeres,75.0,1452215.0,79661.0,0.0
2020,entidad,25,Sinaloa,0210,Huichol,yuto-nahua,Mujeres,64.0,1452215.0,79661.0,
2020,entidad,25,Sinaloa,0515,Amuzgo,oto-mangue,Mujeres,60.0,1452215.0,79661.0,
2020,entidad,25,Sinaloa,0207,Yaqui,yuto-nahua,Mujeres,52.0,1452215.0,79661.0,
2020,entidad,25,Sinaloa,0509,Mazateco,oto-mangue,Mujeres,38.0,1452215.0,79661.0,
2020,entidad,25,Sinaloa,0502,Mazahua,oto-mangue,Mujeres,25.0,1452215.0,79661.0,
2020,entidad,25,Sinaloa,0507,Chinanteco,oto-mangue,Mujeres,22.0,1452215.0,79661.0,
2020,entidad,25,Sinaloa,0514,Chatino,oto-mangue,Mujeres,22.0,1452215.0,79661.0,
2020,entidad,25,Sinaloa,0606,Tseltal,maya,Mujeres,19.0,1452215.0,79661.0,
2020,entidad,25,Sinaloa,0702,Tepehua,totonaco-tepehua,Mujeres,16.0,1452215.0,79661.0,
2020,entidad,25,Sinaloa,0613,Tojolabal,maya,Mujeres,14.0,1452215.0,79661.0,
2020,entidad,25,Sinaloa,0504,Tlahuica,oto-mangue,Mujeres,10.0,1452215.0,79661.0,
2020,entidad,25,Sinaloa,9030,Popoluca insuficientemente especificado,,Mujeres,8.0,1452215.0,79661.0,
2020,entidad,25,Sinaloa,0901,Mixe,mixe-zoque,Mujeres,7.0,1452215.0,79661.0,
2020,entidad,25,Sinaloa,0601,Huasteco,maya,Mujeres,6.0,1452215.0,79661.0,
2020,entidad,25,Sinaloa,9010,Chontal insuficientemente especificado,,Mujeres,4.0,1452215.0,79661.0,
2020,entidad,25,Sinaloa,0505,Pame,oto-mangue,Mujeres,3.0,1452215.0,79661.0,
2020,entidad,25,Sinaloa,0208,Mayo,yuto-nahua,Total,7723.0,2846488.0,157898.0,0.000408
2020,entidad,25,Sinaloa,0211,Náhuatl,yuto-nahua,Total,5464.0,2846488.0,157898.0,0.000206
2020,entidad,25,Sinaloa,0513,Zapoteco,oto-mangue,Total,3876.0,2846488.0,157898.0,0.000318
2020,entidad,25,Sinaloa,0516,Mixteco,oto-mangue,Total,2876.0,2846488.0,157898.0,0.000105
2020,entidad,25,Sinaloa,0205,Tarahumara,yuto-nahua,Total,2046.0,2846488.0,157898.0,4.7e-05
2020,entidad,25,Sinaloa,0508,Tlapaneco,oto-mangue,Total,1178.0,2846488.0,157898.0,4.3e-05
2020,entidad,25,Sinaloa,9000,No especificado,,Total,1087.0,2846488.0,157898.0,9.3e-05
2020,entidad,25,Sinaloa,0204,Tepehuano del sur,yuto-nahua,Total,649.0,2846488.0,157898.0,6.7e-05
2020,entidad,25,Sinaloa,0501,Otomí,oto-mangue,Total,364.0,2846488.0,157898.0,2e-05
2020,entidad,25,Sinaloa,0701,Totonaco,totonaco-tepehua,Total,245.0,2846488.0,157898.0,0.0
2020,entidad,25,Sinaloa,0518,Triqui,oto-mangue,Total,236.0,2846488.0,157898.0,1.1e-05
2020,entidad,25,Sinaloa,0209,Cora,yuto-nahua,Total,232.0,2846488.0,157898.0,2e-06
2020,entidad,25,Sinaloa,0210,Huichol,yuto-nahua,Total,208.0,2846488.0,157898.0,1.3e-05
2020,entidad,25,Sinaloa,0607,Tsotsil,maya,Total,207.0,2846488.0,157898.0,1.4e-05
2020,entidad,25,Sinaloa,0604,Ch'ol,maya,Total,181.0,2846488.0,157898.0,1e-06
2020,entidad,25,Sinaloa,0207,Yaqui,yuto-nahua,Total,146.0,2846488.0,157898.0,1e-06
2020,entidad,25,Sinaloa,0515,Amuzgo,oto-mangue,Total,125.0,2846488.0,157898.0,0.0
2020,entidad,25,Sinaloa,0801,Tarasco (purépecha),tarasca,Total,122.0,2846488.0,157898.0,
2020,entidad,25,Sinaloa,0606,Tseltal,maya,Total,94.0,2846488.0,157898.0,0.0
2020,entidad,25,Sinaloa,0507,Chinanteco,oto-mangue,Total,72.0,2846488.0,157898.0,1e-06
2020,entidad,25,Sinaloa,0502,Mazahua,oto-mangue,Total,59.0,2846488.0,157898.0,
2020,entidad,25,Sinaloa,0509,Mazateco,oto-mangue,Total,52.0,2846488.0,157898.0,
2020,entidad,25,Sinaloa,0601,Huasteco,maya,Total,30.0,2846488.0,157898.0,
2020,entidad,25,Sinaloa,9030,Popoluca insuficientemente especificado,,Total,26.0,2846488.0,157898.0,0.0
2020,entidad,25,Sinaloa,0514,Chatino,oto-mangue,Total,22.0,2846488.0,157898.0,
2020,entidad,25,Sinaloa,1101,Huave,huave,Total,20.0,2846488.0,157898.0,
2020,entidad,25,Sinaloa,0702,Tepehua,totonaco-tepehua,Total,16.0,2846488.0,157898.0,
2020,entidad,25,Sinaloa,9010,Chontal insuficientemente especificado,,Total,15.0,2846488.0,157898.0,
2020,entidad,25,Sinaloa,0613,Tojolabal,maya,Total,14.0,2846488.0,157898.0,
2020,entidad,25,Sinaloa,0901,Mixe,mixe-zoque,Total,12.0,2846488.0,157898.0,
2020,entidad,25,Sinaloa,0504,Tlahuica,oto-mangue,Total,10.0,2846488.0,157898.0,
2020,entidad,25,Sinaloa,0907,Zoque,mixe-zoque,Total,7.0,2846488.0,157898.0,
2020,entidad,25,Sinaloa,0505,Pame,oto-mangue,Total,3.0,2846488.0,157898.0,
2020,entidad,26,Sonora,0208,Mayo,yuto-nahua,Hombres,12727.0,1386635.0,127109.0,0.000835
2020,entidad,26,Sonora,0207,Yaqui,yuto-nahua,Hombres,8080.0,1386635.0,127109.0,0.000468
2020,entidad,26,Sonora,0518,Triqui,oto-mangue,Hombres,1419.0,1386635.0,127109.0,0.000181
2020,entidad,26,Sonora,0206,Guarijío,yuto-nahua,Hombres,1244.0,1386635.0,127109.0,0.00042
2020,entidad,26,Sonora,0211,Náhuatl,yuto-nahua,Hombres,1148.0,1386635.0,127109.0,4.7e-05
2020,entidad,26,Sonora,0513,Zapoteco,oto-mangue,Hombres,950.0,1386635.0,127109.0,8.7e-05
2020,entidad,26,Sonora,0516,Mixteco,oto-mangue,Hombres,838.0,1386635.0,127109.0,3.2e-05
2020,entidad,26,Sonora,0205,Tarahumara,yuto-nahua,Hombres,629.0,1386635.0,127109.0,1.5e-05
2020,entidad,26,Sonora,0401,Seri,seri,Hombres,502.0,1386635.0,127109.0,0.000279
2020,entidad,26,Sonora,0606,Tseltal,maya,Hombres,486.0,1386635.0,127109.0,2.8e-05
2020,entidad,26,Sonora,0202,Pima,yuto-nahua,Hombres,333.0,1386635.0,127109.0,8.6e-05
2020,entidad,26,Sonora,9000,No especificado,,Hombres,184.0,1386635.0,127109.0,2e-06
2020,entidad,26,Sonora,0607,Tsotsil,maya,Hombres,161.0,1386635.0,127109.0,7e-06
2020,entidad,26,Sonora,0201,Pápago,yuto-nahua,Hombres,127.0,1386635.0,127109.0,3e-06
2020,entidad,26,Sonora,9030,Popoluca insuficientemente especificado,,Hombres,97.0,1386635.0,127109.0,1e-06
2020,entidad,26,Sonora,0507,Chinanteco,oto-mangue,Hombres,80.0,1386635.0,127109.0,1e-06
2020,entidad,26,Sonora,0509,Mazateco,oto-mangue,Hombres,68.0,1386635.0,127109.0,5e-06
2020,entidad,26,Sonora,0604,Ch'ol,maya,Hombres,65.0,1386635.0,127109.0,3e-06
2020,entidad,26,Sonora,0501,Otomí,oto-mangue,Hombres,59.0,1386635.0,127109.0,
2020,entidad,26,Sonora,0508,Tlapaneco,oto-mangue,Hombres,59.0,1386635.0,127109.0,1e-05
2020,entidad,26,Sonora,8000,Otras lenguas indígenas de América,,Hombres,59.0,1386635.0,127109.0,
2020,entidad,26,Sonora,0601,Huasteco,maya,Hombres,49.0,1386635.0,127109.0,1e-06
2020,entidad,26,Sonora,0901,Mixe,mixe-zoque,Hombres,48.0,1386635.0,127109.0,4e-06
2020,entidad,26,Sonora,0602,Maya,maya,Hombres,44.0,1386635.0,127109.0,
2020,entidad,26,Sonora,9020,Tepehuano insuficientemente especificado,,Hombres,44.0,1386635.0,127109.0,1e-06
2020,entidad,26,Sonora,9010,Chontal insuficientemente especificado,,Hombres,42.0,1386635.0,127109.0,
2020,entidad,26,Sonora,0209,Cora,yuto-nahua,Hombres,40.0,1386635.0,127109.0,
2020,entidad,26,Sonora,0701,Totonaco,totonaco-tepehua,Hombres,36.0,1386635.0,127109.0,0.0
2020,entidad,26,Sonora,0502,Mazahua,oto-mangue,Hombres,27.0,1386635.0,127109.0,0.0
2020,entidad,26,Sonora,1101,Huave,huave,Hombres,25.0,1386635.0,127109.0,0.0
2020,entidad,26,Sonora,0801,Tarasco (purépecha),tarasca,Hombres,24.0,1386635.0,127109.0,4e-06
2020,entidad,26,Sonora,0618,Mam,maya,Hombres,23.0,1386635.0,127109.0,3e-06
2020,entidad,26,Sonora,0515,Amuzgo,oto-mangue,Hombres,17.0,1386635.0,127109.0,5e-06
2020,entidad,26,Sonora,0204,Tepehuano del sur,yuto-nahua,Hombres,16.0,1386635.0,127109.0,
2020,entidad,26,Sonora,0210,Huichol,yuto-nahua,Hombres,8.0,1386635.0,127109.0,
2020,entidad,26,Sonora,0608,Q'anjob'al,maya,Hombres,6.0,1386635.0,127109.0,
2020,entidad,26,Sonora,0613,Tojolabal,maya,Hombres,6.0,1386635.0,127109.0,
2020,entidad,26,Sonora,0517,Cuicateco,oto-mangue,Hombres,4.0,1386635.0,127109.0,
2020,entidad,26,Sonora,0101,Kickapoo,álgica,Hombres,1.0,1386635.0,127109.0,
2020,entidad,26,Sonora,0208,Mayo,yuto-nahua,Mujeres,10202.0,1412167.0,124502.0,0.000701
2020,entidad,26,Sonora,0207,Yaqui,yuto-nahua,Mujeres,6751.0,1412167.0,124502.0,0.000506
2020,entidad,26,Sonora,0518,Triqui,oto-mangue,Mujeres,1428.0,1412167.0,124502.0,0.000162
2020,entidad,26,Sonora,0206,Guarijío,yuto-nahua,Mujeres,1258.0,1412167.0,124502.0,0.000439
2020,entidad,26,Sonora,0513,Zapoteco,oto-mangue,Mujeres,1125.0,1412167.0,124502.0,6.9e-05
2020,entidad,26,Sonora,0516,Mixteco,oto-mangue,Mujeres,868.0,1412167.0,124502.0,3.9e-05
2020,entidad,26,Sonora,0211,Náhuatl,yuto-nahua,Mujeres,573.0,1412167.0,124502.0,4.9e-05
2020,entidad,26,Sonora,0205,Tarahumara,yuto-nahua,Mujeres,500.0,1412167.0,124502.0,1.4e-05
2020,entidad,26,Sonora,0401,Seri,seri,Mujeres,416.0,1412167.0,124502.0,0.000256
2020,entidad,26,Sonora,0202,Pima,yuto-nahua,Mujeres,334.0,1412167.0,124502.0,9e-05
2020,entidad,26,Sonora,9000,No especificado,,Mujeres,277.0,1412167.0,124502.0,1e-06
2020,entidad,26,Sonora,0507,Chinanteco,oto-mangue,Mujeres,177.0,1412167.0,124502.0,1e-06
2020,entidad,26,Sonora,0606,Tseltal,maya,Mujeres,152.0,1412167.0,124502.0,1.5e-05
2020,entidad,26,Sonora,8000,Otras lenguas indígenas de América,,Mujeres,90.0,1412167.0,124502.0,
2020,entidad,26,Sonora,9030,Popoluca insuficientemente especificado,,Mujeres,88.0,1412167.0,124502.0,
2020,entidad,26,Sonora,0209,Cora,yuto-nahua,Mujeres,64.0,1412167.0,124502.0,
2020,entidad,26,Sonora,0801,Tarasco (purépecha),tarasca,Mujeres,53.0,1412167.0,124502.0,1e-06
2020,entidad,26,Sonora,0509,Mazateco,oto-mangue,Mujeres,48.0,1412167.0,124502.0,4e-06
2020,entidad,26,Sonora,9020,Tepehuano insuficientemente especificado,,Mujeres,47.0,1412167.0,124502.0,
2020,entidad,26,Sonora,9010,Chontal insuficientemente especificado,,Mujeres,46.0,1412167.0,124502.0,
2020,entidad,26,Sonora,0501,Otomí,oto-mangue,Mujeres,41.0,1412167.0,124502.0,
2020,entidad,26,Sonora,0502,Mazahua,oto-mangue,Mujeres,41.0,1412167.0,124502.0,
2020,entidad,26,Sonora,0201,Pápago,yuto-nahua,Mujeres,38.0,1412167.0,124502.0,1e-06
2020,entidad,26,Sonora,0508,Tlapaneco,oto-mangue,Mujeres,36.0,1412167.0,124502.0,4e-06
2020,entidad,26,Sonora,0607,Tsotsil,maya,Mujeres,36.0,1412167.0,124502.0,1e-06
2020,entidad,26,Sonora,0515,Amuzgo,oto-mangue,Mujeres,35.0,1412167.0,124502.0,
2020,entidad,26,Sonora,0701,Totonaco,totonaco-tepehua,Mujeres,25.0,1412167.0,124502.0,
2020,entidad,26,Sonora,0901,Mixe,mixe-zoque,Mujeres,24.0,1412167.0,124502.0,4e-06
2020,entidad,26,Sonora,0210,Huichol,yuto-nahua,Mujeres,23.0,1412167.0,124502.0,
2020,entidad,26,Sonora,0907,Zoque,mixe-zoque,Mujeres,18.0,1412167.0,124502.0,
2020,entidad,26,Sonora,0204,Tepehuano del sur,yuto-nahua,Mujeres,16.0,1412167.0,124502.0,1e-06
2020,entidad,26,Sonora,0613,Tojolabal,maya,Mujeres,12.0,1412167.0,124502.0,
2020,entidad,26,Sonora,0618,Mam,maya,Mujeres,12.0,1412167.0,124502.0,2e-06
2020,entidad,26,Sonora,0601,Huasteco,maya,Mujeres,9.0,1412167.0,124502.0,1e-06
2020,entidad,26,Sonora,0608,Q'anjob'al,maya,Mujeres,8.0,1412167.0,124502.0,
2020,entidad,26,Sonora,0203,Tepehuano del norte,yuto-nahua,Mujeres,6.0,1412167.0,124502.0,
2020,entidad,26,Sonora,1101,Huave,huave,Mujeres,3.0,1412167.0,124502.0,
2020,entidad,26,Sonora,0514,Chatino,oto-mangue,Mujeres,2.0,1412167.0,124502.0,
2020,entidad,26,Sonora,0208,Mayo,yuto-nahua,Total,22929.0,2798802.0,251611.0,0.000781
2020,entidad,26,Sonora,0207,Yaqui,yuto-nahua,Total,14831.0,2798802.0,251611.0,0.000493
2020,entidad,26,Sonora,0518,Triqui,oto-mangue,Total,2847.0,2798802.0,251611.0,0.000177
2020,entidad,26,Sonora,0206,Guarijío,yuto-nahua,Total,2502.0,2798802.0,251611.0,0.000437
2020,entidad,26,Sonora,0513,Zapoteco,oto-mangue,Total,2075.0,2798802.0,251611.0,8.2e-05
2020,entidad,26,Sonora,0211,Náhuatl,yuto-nahua,Total,1721.0,2798802.0,251611.0,5.4e-05
2020,entidad,26,Sonora,0516,Mixteco,oto-mangue,Total,1706.0,2798802.0,251611.0,4.5e-05
2020,entidad,26,Sonora,0205,Tarahumara,yuto-nahua,Total,1129.0,2798802.0,251611.0,1.7e-05
2020,entidad,26,Sonora,0401,Seri,seri,Total,918.0,2798802.0,251611.0,0.000268
2020,entidad,26,Sonora,0202,Pima,yuto-nahua,Total,667.0,2798802.0,251611.0,9e-05
2020,entidad,26,Sonora,0606,Tseltal,maya,Total,638.0,2798802.0,251611.0,2.3e-05
2020,entidad,26,Sonora,9000,No especificado,,Total,461.0,2798802.0,251611.0,7e-06
2020,entidad,26,Sonora,0507,Chinanteco,oto-mangue,Total,257.0,2798802.0,251611.0,5e-06
2020,entidad,26,Sonora,0607,Tsotsil,maya,Total,197.0,2798802.0,251611.0,5e-06
2020,entidad,26,Sonora,9030,Popoluca insuficientemente especificado,,Total,185.0,2798802.0,251611.0,1e-06
2020,entidad,26,Sonora,0201,Pápago,yuto-nahua,Total,165.0,2798802.0,251611.0,4e-06
2020,entidad,26,Sonora,8000,Otras lenguas indígenas de América,,Total,149.0,2798802.0,251611.0,
2020,entidad,26,Sonora,0509,Mazateco,oto-mangue,Total,116.0,2798802.0,251611.0,5e-06
2020,entidad,26,Sonora,0209,Cora,yuto-nahua,Total,104.0,2798802.0,251611.0,
2020,entidad,26,Sonora,0501,Otomí,oto-mangue,Total,100.0,2798802.0,251611.0,
2020,entidad,26,Sonora,0508,Tlapaneco,oto-mangue,Total,95.0,2798802.0,251611.0,9e-06
2020,entidad,26,Sonora,9020,Tepehuano insuficientemente especificado,,Total,91.0,2798802.0,251611.0,0.0
2020,entidad,26,Sonora,9010,Chontal insuficientemente especificado,,Total,88.0,2798802.0,251611.0,
2020,entidad,26,Sonora,0801,Tarasco (purépecha),tarasca,Total,77.0,2798802.0,251611.0,3e-06
2020,entidad,26,Sonora,0901,Mixe,mixe-zoque,Total,72.0,2798802.0,251611.0,4e-06
2020,entidad,26,Sonora,0502,Mazahua,oto-mangue,Total,68.0,2798802.0,251611.0,1e-06
2020,entidad,26,Sonora,0604,Ch'ol,maya,Total,65.0,2798802.0,251611.0,1e-06
2020,entidad,26,Sonora,0701,Totonaco,totonaco-tepehua,Total,61.0,2798802.0,251611.0,2e-06
2020,entidad,26,Sonora,0601,Huasteco,maya,Total,58.0,2798802.0,251611.0,1e-06
2020,entidad,26,Sonora,0515,Amuzgo,oto-mangue,Total,52.0,2798802.0,251611.0,2e-06
2020,entidad,26,Sonora,0602,Maya,maya,Total,44.0,2798802.0,251611.0,
2020,entidad,26,Sonora,0618,Mam,maya,Total,35.0,2798802.0,251611.0,3e-06
2020,entidad,26,Sonora,0204,Tepehuano del sur,yuto-nahua,Total,32.0,2798802.0,251611.0,3e-06
2020,entidad,26,Sonora,0210,Huichol,yuto-nahua,Total,31.0,2798802.0,251611.0,
2020,entidad,26,Sonora,1101,Huave,huave,Total,28.0,2798802.0,251611.0,1e-06
2020,entidad,26,Sonora,0613,Tojolabal,maya,Total,18.0,2798802.0,251611.0,
2020,entidad,26,Sonora,0907,Zoque,mixe-zoque,Total,18.0,2798802.0,251611.0,
2020,entidad,26,Sonora,0608,Q'anjob'al,maya,Total,14.0,2798802.0,251611.0,
2020,entidad,26,Sonora,0203,Tepehuano del norte,yuto-nahua,Total,6.0,2798802.0,251611.0,
2020,entidad,26,Sonora,0517,Cuicateco,oto-mangue,Total,4.0,2798802.0,251611.0,
2020,entidad,26,Sonora,0514,Chatino,oto-mangue,Total,2.0,2798802.0,251611.0,
2020,entidad,26,Sonora,0101,Kickapoo,álgica,Total,1.0,2798802.0,251611.0,
2020,entidad,27,Tabasco,0605,Chontal de Tabasco,maya,Hombres,33751.0,1104153.0,71925.0,0.007521
2020,entidad,27,Tabasco,0604,Ch'ol,maya,Hombres,6895.0,1104153.0,71925.0,0.001142
2020,entidad,27,Tabasco,0606,Tseltal,maya,Hombres,1086.0,1104153.0,71925.0,9e-05
2020,entidad,27,Tabasco,0907,Zoque,mixe-zoque,Hombres,809.0,1104153.0,71925.0,0.000163
2020,entidad,27,Tabasco,0513,Zapoteco,oto-mangue,Hombres,797.0,1104153.0,71925.0,7.3e-05
2020,entidad,27,Tabasco,0602,Maya,maya,Hombres,789.0,1104153.0,71925.0,4e-06
2020,entidad,27,Tabasco,0211,Náhuatl,yuto-nahua,Hombres,698.0,1104153.0,71925.0,3.7e-05
2020,entidad,27,Tabasco,0607,Tsotsil,maya,Hombres,670.0,1104153.0,71925.0,0.000117
2020,entidad,27,Tabasco,9000,No especificado,,Hombres,245.0,1104153.0,71925.0,1e-06
2020,entidad,27,Tabasco,0701,Totonaco,totonaco-tepehua,Hombres,138.0,1104153.0,71925.0,2.3e-05
2020,entidad,27,Tabasco,0516,Mixteco,oto-mangue,Hombres,117.0,1104153.0,71925.0,0.0
2020,entidad,27,Tabasco,0615,K'iche',maya,Hombres,91.0,1104153.0,71925.0,
2020,entidad,27,Tabasco,8000,Otras lenguas indígenas de América,,Hombres,49.0,1104153.0,71925.0,
2020,entidad,27,Tabasco,0508,Tlapaneco,oto-mangue,Hombres,41.0,1104153.0,71925.0,
2020,entidad,27,Tabasco,9030,Popoluca insuficientemente especificado,,Hombres,30.0,1104153.0,71925.0,
2020,entidad,27,Tabasco,0501,Otomí,oto-mangue,Hombres,25.0,1104153.0,71925.0,
2020,entidad,27,Tabasco,0207,Yaqui,yuto-nahua,Hombres,22.0,1104153.0,71925.0,
2020,entidad,27,Tabasco,0502,Mazahua,oto-mangue,Hombres,19.0,1104153.0,71925.0,
2020,entidad,27,Tabasco,0507,Chinanteco,oto-mangue,Hombres,12.0,1104153.0,71925.0,0.0
2020,entidad,27,Tabasco,0601,Huasteco,maya,Hombres,12.0,1104153.0,71925.0,
2020,entidad,27,Tabasco,0905,Ayapaneco,mixe-zoque,Hombres,9.0,1104153.0,71925.0,
2020,entidad,27,Tabasco,0613,Tojolabal,maya,Hombres,7.0,1104153.0,71925.0,
2020,entidad,27,Tabasco,0509,Mazateco,oto-mangue,Hombres,6.0,1104153.0,71925.0,
2020,entidad,27,Tabasco,0801,Tarasco (purépecha),tarasca,Hombres,6.0,1104153.0,71925.0,
2020,entidad,27,Tabasco,1101,Huave,huave,Hombres,5.0,1104153.0,71925.0,
2020,entidad,27,Tabasco,0605,Chontal de Tabasco,maya,Mujeres,31403.0,1173995.0,76822.0,0.00636
2020,entidad,27,Tabasco,0604,Ch'ol,maya,Mujeres,8621.0,1173995.0,76822.0,0.001102
2020,entidad,27,Tabasco,0606,Tseltal,maya,Mujeres,1509.0,1173995.0,76822.0,7e-05
2020,entidad,27,Tabasco,0607,Tsotsil,maya,Mujeres,867.0,1173995.0,76822.0,3.2e-05
2020,entidad,27,Tabasco,0907,Zoque,mixe-zoque,Mujeres,769.0,1173995.0,76822.0,0.000105
2020,entidad,27,Tabasco,0513,Zapoteco,oto-mangue,Mujeres,727.0,1173995.0,76822.0,6.6e-05
2020,entidad,27,Tabasco,0602,Maya,maya,Mujeres,612.0,1173995.0,76822.0,2.2e-05
2020,entidad,27,Tabasco,0211,Náhuatl,yuto-nahua,Mujeres,471.0,1173995.0,76822.0,2.1e-05
2020,entidad,27,Tabasco,9000,No especificado,,Mujeres,328.0,1173995.0,76822.0,1e-06
2020,entidad,27,Tabasco,0516,Mixteco,oto-mangue,Mujeres,169.0,1173995.0,76822.0,1.7e-05
2020,entidad,27,Tabasco,0701,Totonaco,totonaco-tepehua,Mujeres,93.0,1173995.0,76822.0,1e-06
2020,entidad,27,Tabasco,0901,Mixe,mixe-zoque,Mujeres,88.0,1173995.0,76822.0,
2020,entidad,27,Tabasco,0509,Mazateco,oto-mangue,Mujeres,63.0,1173995.0,76822.0,
2020,entidad,27,Tabasco,0205,Tarahumara,yuto-nahua,Mujeres,38.0,1173995.0,76822.0,
2020,entidad,27,Tabasco,9030,Popoluca insuficientemente especificado,,Mujeres,36.0,1173995.0,76822.0,
2020,entidad,27,Tabasco,0502,Mazahua,oto-mangue,Mujeres,24.0,1173995.0,76822.0,
2020,entidad,27,Tabasco,8000,Otras lenguas indígenas de América,,Mujeres,24.0,1173995.0,76822.0,
2020,entidad,27,Tabasco,0507,Chinanteco,oto-mangue,Mujeres,13.0,1173995.0,76822.0,
2020,entidad,27,Tabasco,0501,Otomí,oto-mangue,Mujeres,6.0,1173995.0,76822.0,
2020,entidad,27,Tabasco,0605,Chontal de Tabasco,maya,Total,65154.0,2278148.0,148747.0,0.007013
2020,entidad,27,Tabasco,0604,Ch'ol,maya,Total,15516.0,2278148.0,148747.0,0.001134
2020,entidad,27,Tabasco,0606,Tseltal,maya,Total,2595.0,2278148.0,148747.0,8.5e-05
2020,entidad,27,Tabasco,0907,Zoque,mixe-zoque,Total,1578.0,2278148.0,148747.0,0.000142
2020,entidad,27,Tabasco,0607,Tsotsil,maya,Total,1537.0,2278148.0,148747.0,8.7e-05
2020,entidad,27,Tabasco,0513,Zapoteco,oto-mangue,Total,1524.0,2278148.0,148747.0,7.4e-05
2020,entidad,27,Tabasco,0602,Maya,maya,Total,1401.0,2278148.0,148747.0,1.9e-05
2020,entidad,27,Tabasco,0211,Náhuatl,yuto-nahua,Total,1169.0,2278148.0,148747.0,3.6e-05
2020,entidad,27,Tabasco,9000,No especificado,,Total,573.0,2278148.0,148747.0,1e-06
2020,entidad,27,Tabasco,0516,Mixteco,oto-mangue,Total,286.0,2278148.0,148747.0,2.2e-05
2020,entidad,27,Tabasco,0701,Totonaco,totonaco-tepehua,Total,231.0,2278148.0,148747.0,1.5e-05
2020,entidad,27,Tabasco,0615,K'iche',maya,Total,91.0,2278148.0,148747.0,
2020,entidad,27,Tabasco,0901,Mixe,mixe-zoque,Total,88.0,2278148.0,148747.0,
2020,entidad,27,Tabasco,8000,Otras lenguas indígenas de América,,Total,73.0,2278148.0,148747.0,
2020,entidad,27,Tabasco,0509,Mazateco,oto-mangue,Total,69.0,2278148.0,148747.0,
2020,entidad,27,Tabasco,9030,Popoluca insuficientemente especificado,,Total,66.0,2278148.0,148747.0,
2020,entidad,27,Tabasco,0502,Mazahua,oto-mangue,Total,43.0,2278148.0,148747.0,
2020,entidad,27,Tabasco,0508,Tlapaneco,oto-mangue,Total,41.0,2278148.0,148747.0,
2020,entidad,27,Tabasco,0205,Tarahumara,yuto-nahua,Total,38.0,2278148.0,148747.0,
2020,entidad,27,Tabasco,0501,Otomí,oto-mangue,Total,31.0,2278148.0,148747.0,
2020,entidad,27,Tabasco,0507,Chinanteco,oto-mangue,Total,25.0,2278148.0,148747.0,0.0
2020,entidad,27,Tabasco,0207,Yaqui,yuto-nahua,Total,22.0,2278148.0,148747.0,
2020,entidad,27,Tabasco,0601,Huasteco,maya,Total,12.0,2278148.0,148747.0,
2020,entidad,27,Tabasco,0905,Ayapaneco,mixe-zoque,Total,9.0,2278148.0,148747.0,
2020,entidad,27,Tabasco,0613,Tojolabal,maya,Total,7.0,2278148.0,148747.0,
2020,entidad,27,Tabasco,0801,Tarasco (purépecha),tarasca,Total,6.0,2278148.0,148747.0,
2020,entidad,27,Tabasco,1101,Huave,huave,Total,5.0,2278148.0,148747.0,
2020,entidad,28,Tamaulipas,0211,Náhuatl,yuto-nahua,Hombres,7204.0,1652827.0,118816.0,0.000188
2020,entidad,28,Tamaulipas,0601,Huasteco,maya,Hombres,3090.0,1652827.0,118816.0,9.2e-05
2020,entidad,28,Tamaulipas,0701,Totonaco,totonaco-tepehua,Hombres,2283.0,1652827.0,118816.0,0.000128
2020,entidad,28,Tamaulipas,0607,Tsotsil,maya,Hombres,702.0,1652827.0,118816.0,
2020,entidad,28,Tamaulipas,0513,Zapoteco,oto-mangue,Hombres,426.0,1652827.0,118816.0,3.6e-05
2020,entidad,28,Tamaulipas,9000,No especificado,,Hombres,424.0,1652827.0,118816.0,2.3e-05
2020,entidad,28,Tamaulipas,0501,Otomí,oto-mangue,Hombres,339.0,1652827.0,118816.0,1.9e-05
2020,entidad,28,Tamaulipas,0509,Mazateco,oto-mangue,Hombres,241.0,1652827.0,118816.0,3.4e-05
2020,entidad,28,Tamaulipas,0901,Mixe,mixe-zoque,Hombres,232.0,1652827.0,118816.0,1e-06
2020,entidad,28,Tamaulipas,0702,Tepehua,totonaco-tepehua,Hombres,183.0,1652827.0,118816.0,4e-06
2020,entidad,28,Tamaulipas,0602,Maya,maya,Hombres,159.0,1652827.0,118816.0,
2020,entidad,28,Tamaulipas,0507,Chinanteco,oto-mangue,Hombres,135.0,1652827.0,118816.0,2e-05
2020,entidad,28,Tamaulipas,0502,Mazahua,oto-mangue,Hombres,114.0,1652827.0,118816.0,1e-06
2020,entidad,28,Tamaulipas,9030,Popoluca insuficientemente especificado,,Hombres,105.0,1652827.0,118816.0,
2020,entidad,28,Tamaulipas,0604,Ch'ol,maya,Hombres,92.0,1652827.0,118816.0,
2020,entidad,28,Tamaulipas,0801,Tarasco (purépecha),tarasca,Hombres,92.0,1652827.0,118816.0,2e-06
2020,entidad,28,Tamaulipas,0505,Pame,oto-mangue,Hombres,80.0,1652827.0,118816.0,
2020,entidad,28,Tamaulipas,0907,Zoque,mixe-zoque,Hombres,71.0,1652827.0,118816.0,
2020,entidad,28,Tamaulipas,0518,Triqui,oto-mangue,Hombres,51.0,1652827.0,118816.0,
2020,entidad,28,Tamaulipas,0606,Tseltal,maya,Hombres,39.0,1652827.0,118816.0,
2020,entidad,28,Tamaulipas,0205,Tarahumara,yuto-nahua,Hombres,33.0,1652827.0,118816.0,
2020,entidad,28,Tamaulipas,0516,Mixteco,oto-mangue,Hombres,28.0,1652827.0,118816.0,
2020,entidad,28,Tamaulipas,0618,Mam,maya,Hombres,28.0,1652827.0,118816.0,
2020,entidad,28,Tamaulipas,0210,Huichol,yuto-nahua,Hombres,12.0,1652827.0,118816.0,
2020,entidad,28,Tamaulipas,9010,Chontal insuficientemente especificado,,Hombres,7.0,1652827.0,118816.0,
2020,entidad,28,Tamaulipas,1101,Huave,huave,Hombres,6.0,1652827.0,118816.0,0.0
2020,entidad,28,Tamaulipas,0211,Náhuatl,yuto-nahua,Mujeres,7629.0,1710740.0,119827.0,0.000201
2020,entidad,28,Tamaulipas,0601,Huasteco,maya,Mujeres,3020.0,1710740.0,119827.0,8e-05
2020,entidad,28,Tamaulipas,0701,Totonaco,totonaco-tepehua,Mujeres,1864.0,1710740.0,119827.0,0.000103
2020,entidad,28,Tamaulipas,0513,Zapoteco,oto-mangue,Mujeres,583.0,1710740.0,119827.0,3.5e-05
2020,entidad,28,Tamaulipas,9000,No especificado,,Mujeres,435.0,1710740.0,119827.0,1.9e-05
2020,entidad,28,Tamaulipas,0607,Tsotsil,maya,Mujeres,223.0,1710740.0,119827.0,
2020,entidad,28,Tamaulipas,0501,Otomí,oto-mangue,Mujeres,218.0,1710740.0,119827.0,1e-06
2020,entidad,28,Tamaulipas,0507,Chinanteco,oto-mangue,Mujeres,213.0,1710740.0,119827.0,2.7e-05
2020,entidad,28,Tamaulipas,0602,Maya,maya,Mujeres,131.0,1710740.0,119827.0,1e-06
2020,entidad,28,Tamaulipas,0907,Zoque,mixe-zoque,Mujeres,112.0,1710740.0,119827.0,
2020,entidad,28,Tamaulipas,0502,Mazahua,oto-mangue,Mujeres,101.0,1710740.0,119827.0,1e-06
2020,entidad,28,Tamaulipas,0509,Mazateco,oto-mangue,Mujeres,101.0,1710740.0,119827.0,
2020,entidad,28,Tamaulipas,0606,Tseltal,maya,Mujeres,92.0,1710740.0,119827.0,
2020,entidad,28,Tamaulipas,0516,Mixteco,oto-mangue,Mujeres,82.0,1710740.0,119827.0,
2020,entidad,28,Tamaulipas,0604,Ch'ol,maya,Mujeres,60.0,1710740.0,119827.0,
2020,entidad,28,Tamaulipas,9030,Popoluca insuficientemente especificado,,Mujeres,29.0,1710740.0,119827.0,
2020,entidad,28,Tamaulipas,0801,Tarasco (purépecha),tarasca,Mujeres,28.0,1710740.0,119827.0,
2020,entidad,28,Tamaulipas,0210,Huichol,yuto-nahua,Mujeres,20.0,1710740.0,119827.0,
2020,entidad,28,Tamaulipas,0612,Chuj,maya,Mujeres,17.0,1710740.0,119827.0,
2020,entidad,28,Tamaulipas,0208,Mayo,yuto-nahua,Mujeres,4.0,1710740.0,119827.0,
2020,entidad,28,Tamaulipas,0508,Tlapaneco,oto-mangue,Mujeres,3.0,1710740.0,119827.0,
2020,entidad,28,Tamaulipas,1101,Huave,huave,Mujeres,3.0,1710740.0,119827.0,
2020,entidad,28,Tamaulipas,0211,Náhuatl,yuto-nahua,Total,14833.0,3363567.0,238643.0,0.000206
2020,entidad,28,Tamaulipas,0601,Huasteco,maya,Total,6110.0,3363567.0,238643.0,0.000103
2020,entidad,28,Tamaulipas,0701,Totonaco,totonaco-tepehua,Total,4147.0,3363567.0,238643.0,0.000114
2020,entidad,28,Tamaulipas,0513,Zapoteco,oto-mangue,Total,1009.0,3363567.0,238643.0,5.1e-05
2020,entidad,28,Tamaulipas,0607,Tsotsil,maya,Total,925.0,3363567.0,238643.0,0.0
2020,entidad,28,Tamaulipas,9000,No especificado,,Total,859.0,3363567.0,238643.0,1.6e-05
2020,entidad,28,Tamaulipas,0501,Otomí,oto-mangue,Total,557.0,3363567.0,238643.0,2e-05
2020,entidad,28,Tamaulipas,0507,Chinanteco,oto-mangue,Total,348.0,3363567.0,238643.0,1.8e-05
2020,entidad,28,Tamaulipas,0509,Mazateco,oto-mangue,Total,342.0,3363567.0,238643.0,2.2e-05
2020,entidad,28,Tamaulipas,0602,Maya,maya,Total,290.0,3363567.0,238643.0,2e-06
2020,entidad,28,Tamaulipas,0901,Mixe,mixe-zoque,Total,232.0,3363567.0,238643.0,1e-06
2020,entidad,28,Tamaulipas,0502,Mazahua,oto-mangue,Total,215.0,3363567.0,238643.0,9e-06
2020,entidad,28,Tamaulipas,0702,Tepehua,totonaco-tepehua,Total,183.0,3363567.0,238643.0,2e-06
2020,entidad,28,Tamaulipas,0907,Zoque,mixe-zoque,Total,183.0,3363567.0,238643.0,
2020,entidad,28,Tamaulipas,0604,Ch'ol,maya,Total,152.0,3363567.0,238643.0,1e-06
2020,entidad,28,Tamaulipas,9030,Popoluca insuficientemente especificado,,Total,134.0,3363567.0,238643.0,
2020,entidad,28,Tamaulipas,0606,Tseltal,maya,Total,131.0,3363567.0,238643.0,0.0
2020,entidad,28,Tamaulipas,0801,Tarasco (purépecha),tarasca,Total,120.0,3363567.0,238643.0,1e-06
2020,entidad,28,Tamaulipas,0516,Mixteco,oto-mangue,Total,110.0,3363567.0,238643.0,0.0
2020,entidad,28,Tamaulipas,0505,Pame,oto-mangue,Total,80.0,3363567.0,238643.0,
2020,entidad,28,Tamaulipas,0518,Triqui,oto-mangue,Total,51.0,3363567.0,238643.0,
2020,entidad,28,Tamaulipas,0205,Tarahumara,yuto-nahua,Total,33.0,3363567.0,238643.0,
2020,entidad,28,Tamaulipas,0210,Huichol,yuto-nahua,Total,32.0,3363567.0,238643.0,
2020,entidad,28,Tamaulipas,0618,Mam,maya,Total,28.0,3363567.0,238643.0,
2020,entidad,28,Tamaulipas,0612,Chuj,maya,Total,17.0,3363567.0,238643.0,
2020,entidad,28,Tamaulipas,1101,Huave,huave,Total,9.0,3363567.0,238643.0,1e-06
2020,entidad,28,Tamaulipas,9010,Chontal insuficientemente especificado,,Total,7.0,3363567.0,238643.0,
2020,entidad,28,Tamaulipas,0208,Mayo,yuto-nahua,Total,4.0,3363567.0,238643.0,
2020,entidad,28,Tamaulipas,0508,Tlapaneco,oto-mangue,Total,3.0,3363567.0,238643.0,
2020,entidad,29,Tlaxcala,0211,Náhuatl,yuto-nahua,Hombres,11953.0,617078.0,159560.0,0.001511
2020,entidad,29,Tlaxcala,0701,Totonaco,totonaco-tepehua,Hombres,934.0,617078.0,159560.0,0.000121
2020,entidad,29,Tlaxcala,0501,Otomí,oto-mangue,Hombres,238.0,617078.0,159560.0,2.6e-05
2020,entidad,29,Tlaxcala,0513,Zapoteco,oto-mangue,Hombres,118.0,617078.0,159560.0,2e-06
2020,entidad,29,Tlaxcala,9000,No especificado,,Hombres,113.0,617078.0,159560.0,0.0
2020,entidad,29,Tlaxcala,0509,Mazateco,oto-mangue,Hombres,111.0,617078.0,159560.0,1.2e-05
2020,entidad,29,Tlaxcala,0516,Mixteco,oto-mangue,Hombres,52.0,617078.0,159560.0,
2020,entidad,29,Tlaxcala,0606,Tseltal,maya,Hombres,52.0,617078.0,159560.0,0.0
2020,entidad,29,Tlaxcala,0602,Maya,maya,Hombres,51.0,617078.0,159560.0,1.1e-05
2020,entidad,29,Tlaxcala,0604,Ch'ol,maya,Hombres,47.0,617078.0,159560.0,2e-06
2020,entidad,29,Tlaxcala,0607,Tsotsil,maya,Hombres,47.0,617078.0,159560.0,2.1e-05
2020,entidad,29,Tlaxcala,0601,Huasteco,maya,Hombres,22.0,617078.0,159560.0,
2020,entidad,29,Tlaxcala,0901,Mixe,mixe-zoque,Hombres,22.0,617078.0,159560.0,
2020,entidad,29,Tlaxcala,0508,Tlapaneco,oto-mangue,Hombres,19.0,617078.0,159560.0,
2020,entidad,29,Tlaxcala,0502,Mazahua,oto-mangue,Hombres,11.0,617078.0,159560.0,
2020,entidad,29,Tlaxcala,0515,Amuzgo,oto-mangue,Hombres,11.0,617078.0,159560.0,8e-06
2020,entidad,29,Tlaxcala,0801,Tarasco (purépecha),tarasca,Hombres,7.0,617078.0,159560.0,
2020,entidad,29,Tlaxcala,1101,Huave,huave,Hombres,6.0,617078.0,159560.0,
2020,entidad,29,Tlaxcala,0507,Chinanteco,oto-mangue,Hombres,5.0,617078.0,159560.0,
2020,entidad,29,Tlaxcala,0514,Chatino,oto-mangue,Hombres,5.0,617078.0,159560.0,
2020,entidad,29,Tlaxcala,0517,Cuicateco,oto-mangue,Hombres,5.0,617078.0,159560.0,
2020,entidad,29,Tlaxcala,0208,Mayo,yuto-nahua,Hombres,4.0,617078.0,159560.0,
2020,entidad,29,Tlaxcala,0615,K'iche',maya,Hombres,3.0,617078.0,159560.0,
2020,entidad,29,Tlaxcala,0609,Akateko,maya,Hombres,1.0,617078.0,159560.0,
2020,entidad,29,Tlaxcala,9030,Popoluca insuficientemente especificado,,Hombres,1.0,617078.0,159560.0,
2020,entidad,29,Tlaxcala,0211,Náhuatl,yuto-nahua,Mujeres,12059.0,658392.0,169799.0,0.001364
2020,entidad,29,Tlaxcala,0701,Totonaco,totonaco-tepehua,Mujeres,1186.0,658392.0,169799.0,0.000161
2020,entidad,29,Tlaxcala,0501,Otomí,oto-mangue,Mujeres,369.0,658392.0,169799.0,3.1e-05
2020,entidad,29,Tlaxcala,0509,Mazateco,oto-mangue,Mujeres,352.0,658392.0,169799.0,1.6e-05
2020,entidad,29,Tlaxcala,0513,Zapoteco,oto-mangue,Mujeres,195.0,658392.0,169799.0,3e-06
2020,entidad,29,Tlaxcala,0516,Mixteco,oto-mangue,Mujeres,144.0,658392.0,169799.0,3e-06
2020,entidad,29,Tlaxcala,0901,Mixe,mixe-zoque,Mujeres,77.0,658392.0,169799.0,5e-06
2020,entidad,29,Tlaxcala,0502,Mazahua,oto-mangue,Mujeres,68.0,658392.0,169799.0,
2020,entidad,29,Tlaxcala,0606,Tseltal,maya,Mujeres,53.0,658392.0,169799.0,2e-06
2020,entidad,29,Tlaxcala,0604,Ch'ol,maya,Mujeres,49.0,658392.0,169799.0,
2020,entidad,29,Tlaxcala,9000,No especificado,,Mujeres,47.0,658392.0,169799.0,6e-06
2020,entidad,29,Tlaxcala,0602,Maya,maya,Mujeres,32.0,658392.0,169799.0,
2020,entidad,29,Tlaxcala,0507,Chinanteco,oto-mangue,Mujeres,31.0,658392.0,169799.0,
2020,entidad,29,Tlaxcala,0508,Tlapaneco,oto-mangue,Mujeres,25.0,658392.0,169799.0,2e-06
2020,entidad,29,Tlaxcala,0607,Tsotsil,maya,Mujeres,24.0,658392.0,169799.0,0.0
2020,entidad,29,Tlaxcala,0601,Huasteco,maya,Mujeres,17.0,658392.0,169799.0,
2020,entidad,29,Tlaxcala,0514,Chatino,oto-mangue,Mujeres,15.0,658392.0,169799.0,
2020,entidad,29,Tlaxcala,0515,Amuzgo,oto-mangue,Mujeres,15.0,658392.0,169799.0,2e-06
2020,entidad,29,Tlaxcala,0801,Tarasco (purépecha),tarasca,Mujeres,15.0,658392.0,169799.0,
2020,entidad,29,Tlaxcala,0702,Tepehua,totonaco-tepehua,Mujeres,8.0,658392.0,169799.0,
2020,entidad,29,Tlaxcala,1101,Huave,huave,Mujeres,8.0,658392.0,169799.0,0.0
2020,entidad,29,Tlaxcala,0205,Tarahumara,yuto-nahua,Mujeres,7.0,658392.0,169799.0,
2020,entidad,29,Tlaxcala,0517,Cuicateco,oto-mangue,Mujeres,5.0,658392.0,169799.0,0.0
2020,entidad,29,Tlaxcala,0503,Matlatzinca,oto-mangue,Mujeres,2.0,658392.0,169799.0,
2020,entidad,29,Tlaxcala,0613,Tojolabal,maya,Mujeres,2.0,658392.0,169799.0,
2020,entidad,29,Tlaxcala,0211,Náhuatl,yuto-nahua,Total,24012.0,1275470.0,329359.0,0.001442
2020,entidad,29,Tlaxcala,0701,Totonaco,totonaco-tepehua,Total,2120.0,1275470.0,329359.0,0.000153
2020,entidad,29,Tlaxcala,0501,Otomí,oto-mangue,Total,607.0,1275470.0,329359.0,3e-05
2020,entidad,29,Tlaxcala,0509,Mazateco,oto-mangue,Total,463.0,1275470.0,329359.0,1.6e-05
2020,entidad,29,Tlaxcala,0513,Zapoteco,oto-mangue,Total,313.0,1275470.0,329359.0,9e-06
2020,entidad,29,Tlaxcala,0516,Mixteco,oto-mangue,Total,196.0,1275470.0,329359.0,2e-06
2020,entidad,29,Tlaxcala,9000,No especificado,,Total,160.0,1275470.0,329359.0,1.2e-05
2020,entidad,29,Tlaxcala,0606,Tseltal,maya,Total,105.0,1275470.0,329359.0,2e-06
2020,entidad,29,Tlaxcala,0901,Mixe,mixe-zoque,Total,99.0,1275470.0,329359.0,8e-06
2020,entidad,29,Tlaxcala,0604,Ch'ol,maya,Total,96.0,1275470.0,329359.0,0.0
2020,entidad,29,Tlaxcala,0602,Maya,maya,Total,83.0,1275470.0,329359.0,1e-05
2020,entidad,29,Tlaxcala,0502,Mazahua,oto-mangue,Total,79.0,1275470.0,329359.0,
2020,entidad,29,Tlaxcala,0607,Tsotsil,maya,Total,71.0,1275470.0,329359.0,1.6e-05
2020,entidad,29,Tlaxcala,0508,Tlapaneco,oto-mangue,Total,44.0,1275470.0,329359.0,1e-06
2020,entidad,29,Tlaxcala,0601,Huasteco,maya,Total,39.0,1275470.0,329359.0,
2020,entidad,29,Tlaxcala,0507,Chinanteco,oto-mangue,Total,36.0,1275470.0,329359.0,
2020,entidad,29,Tlaxcala,0515,Amuzgo,oto-mangue,Total,26.0,1275470.0,329359.0,7e-06
2020,entidad,29,Tlaxcala,0801,Tarasco (purépecha),tarasca,Total,22.0,1275470.0,329359.0,
2020,entidad,29,Tlaxcala,0514,Chatino,oto-mangue,Total,20.0,1275470.0,329359.0,
2020,entidad,29,Tlaxcala,1101,Huave,huave,Total,14.0,1275470.0,329359.0,3e-06
2020,entidad,29,Tlaxcala,0517,Cuicateco,oto-mangue,Total,10.0,1275470.0,329359.0,2e-06
2020,entidad,29,Tlaxcala,0702,Tepehua,totonaco-tepehua,Total,8.0,1275470.0,329359.0,
2020,entidad,29,Tlaxcala,0205,Tarahumara,yuto-nahua,Total,7.0,1275470.0,329359.0,
2020,entidad,29,Tlaxcala,0208,Mayo,yuto-nahua,Total,4.0,1275470.0,329359.0,
2020,entidad,29,Tlaxcala,0615,K'iche',maya,Total,3.0,1275470.0,329359.0,
2020,entidad,29,Tlaxcala,0503,Matlatzinca,oto-mangue,Total,2.0,1275470.0,329359.0,
2020,entidad,29,Tlaxcala,0613,Tojolabal,maya,Total,2.0,1275470.0,329359.0,
2020,entidad,29,Tlaxcala,0609,Akateko,maya,Total,1.0,1275470.0,329359.0,
2020,entidad,29,Tlaxcala,9030,Popoluca insuficientemente especificado,,Total,1.0,1275470.0,329359.0,
2020,entidad,30,Veracruz,0211,Náhuatl,yuto-nahua,Hombres,174117.0,3684521.0,645086.0,0.00182
2020,entidad,30,Veracruz,0701,Totonaco,totonaco-tepehua,Hombres,60451.0,3684521.0,645086.0,0.00145
2020,entidad,30,Veracruz,0601,Huasteco,maya,Hombres,25973.0,3684521.0,645086.0,0.001791
2020,entidad,30,Veracruz,0906,Popoluca de la Sierra,mixe-zoque,Hombres,16156.0,3684521.0,645086.0,0.00054
2020,entidad,30,Veracruz,0501,Otomí,oto-mangue,Hombres,9302.0,3684521.0,645086.0,0.000379
2020,entidad,30,Veracruz,0513,Zapoteco,oto-mangue,Hombres,9234.0,3684521.0,645086.0,9.8e-05
2020,entidad,30,Veracruz,0507,Chinanteco,oto-mangue,Hombres,7199.0,3684521.0,645086.0,0.000259
2020,entidad,30,Veracruz,0509,Mazateco,oto-mangue,Hombres,4194.0,3684521.0,645086.0,7.6e-05
2020,entidad,30,Veracruz,0702,Tepehua,totonaco-tepehua,Hombres,2602.0,3684521.0,645086.0,0.000142
2020,entidad,30,Veracruz,0902,Sayulteco,mixe-zoque,Hombres,1769.0,3684521.0,645086.0,7.1e-05
2020,entidad,30,Veracruz,0907,Zoque,mixe-zoque,Hombres,1445.0,3684521.0,645086.0,0.000147
2020,entidad,30,Veracruz,9030,Popoluca insuficientemente especificado,,Hombres,1268.0,3684521.0,645086.0,3.2e-05
2020,entidad,30,Veracruz,0516,Mixteco,oto-mangue,Hombres,1170.0,3684521.0,645086.0,1.7e-05
2020,entidad,30,Veracruz,0901,Mixe,mixe-zoque,Hombres,1001.0,3684521.0,645086.0,3e-05
2020,entidad,30,Veracruz,0607,Tsotsil,maya,Hombres,779.0,3684521.0,645086.0,
2020,entidad,30,Veracruz,0602,Maya,maya,Hombres,621.0,3684521.0,645086.0,1e-06
2020,entidad,30,Veracruz,9000,No especificado,,Hombres,478.0,3684521.0,645086.0,1e-06
2020,entidad,30,Veracruz,0606,Tseltal,maya,Hombres,231.0,3684521.0,645086.0,3e-06
2020,entidad,30,Veracruz,0904,Texistepequeño,mixe-zoque,Hombres,190.0,3684521.0,645086.0,1e-05
2020,entidad,30,Veracruz,0502,Mazahua,oto-mangue,Hombres,126.0,3684521.0,645086.0,
2020,entidad,30,Veracruz,0604,Ch'ol,maya,Hombres,100.0,3684521.0,645086.0,1e-06
2020,entidad,30,Veracruz,9010,Chontal insuficientemente especificado,,Hombres,82.0,3684521.0,645086.0,
2020,entidad,30,Veracruz,0512,Popoloca,oto-mangue,Hombres,56.0,3684521.0,645086.0,
2020,entidad,30,Veracruz,8000,Otras lenguas indígenas de América,,Hombres,53.0,3684521.0,645086.0,
2020,entidad,30,Veracruz,0208,Mayo,yuto-nahua,Hombres,44.0,3684521.0,645086.0,
2020,entidad,30,Veracruz,0903,Oluteco,mixe-zoque,Hombres,36.0,3684521.0,645086.0,1e-06
2020,entidad,30,Veracruz,0205,Tarahumara,yuto-nahua,Hombres,29.0,3684521.0,645086.0,
2020,entidad,30,Veracruz,0605,Chontal de Tabasco,maya,Hombres,29.0,3684521.0,645086.0,
2020,entidad,30,Veracruz,0517,Cuicateco,oto-mangue,Hombres,21.0,3684521.0,645086.0,1e-06
2020,entidad,30,Veracruz,1101,Huave,huave,Hombres,21.0,3684521.0,645086.0,
2020,entidad,30,Veracruz,0508,Tlapaneco,oto-mangue,Hombres,19.0,3684521.0,645086.0,
2020,entidad,30,Veracruz,1001,Chontal de Oaxaca,chontal de Oaxaca,Hombres,19.0,3684521.0,645086.0,
2020,entidad,30,Veracruz,0618,Mam,maya,Hombres,13.0,3684521.0,645086.0,
2020,entidad,30,Veracruz,0207,Yaqui,yuto-nahua,Hombres,12.0,3684521.0,645086.0,
2020,entidad,30,Veracruz,0510,Ixcateco,oto-mangue,Hombres,12.0,3684521.0,645086.0,
2020,entidad,30,Veracruz,0610,Jakalteko,maya,Hombres,5.0,3684521.0,645086.0,
2020,entidad,30,Veracruz,0518,Triqui,oto-mangue,Hombres,4.0,3684521.0,645086.0,
2020,entidad,30,Veracruz,0616,Kaqchikel,maya,Hombres,4.0,3684521.0,645086.0,
2020,entidad,30,Veracruz,0209,Cora,yuto-nahua,Hombres,3.0,3684521.0,645086.0,
2020,entidad,30,Veracruz,0514,Chatino,oto-mangue,Hombres,3.0,3684521.0,645086.0,
2020,entidad,30,Veracruz,0801,Tarasco (purépecha),tarasca,Hombres,3.0,3684521.0,645086.0,
2020,entidad,30,Veracruz,0613,Tojolabal,maya,Hombres,1.0,3684521.0,645086.0,
2020,entidad,30,Veracruz,0211,Náhuatl,yuto-nahua,Mujeres,185056.0,4014981.0,691411.0,0.0017
2020,entidad,30,Veracruz,0701,Totonaco,totonaco-tepehua,Mujeres,65444.0,4014981.0,691411.0,0.001447
2020,entidad,30,Veracruz,0601,Huasteco,maya,Mujeres,30191.0,4014981.0,691411.0,0.001783
2020,entidad,30,Veracruz,0906,Popoluca de la Sierra,mixe-zoque,Mujeres,17631.0,4014981.0,691411.0,0.000586
2020,entidad,30,Veracruz,0501,Otomí,oto-mangue,Mujeres,10180.0,4014981.0,691411.0,0.000378
2020,entidad,30,Veracruz,0513,Zapoteco,oto-mangue,Mujeres,9506.0,4014981.0,691411.0,0.000105
2020,entidad,30,Veracruz,0507,Chinanteco,oto-mangue,Mujeres,8126.0,4014981.0,691411.0,0.00025
2020,entidad,30,Veracruz,0509,Mazateco,oto-mangue,Mujeres,5100.0,4014981.0,691411.0,9.1e-05
2020,entidad,30,Veracruz,0702,Tepehua,totonaco-tepehua,Mujeres,2806.0,4014981.0,691411.0,0.000132
2020,entidad,30,Veracruz,0902,Sayulteco,mixe-zoque,Mujeres,1915.0,4014981.0,691411.0,7.8e-05
2020,entidad,30,Veracruz,0907,Zoque,mixe-zoque,Mujeres,1757.0,4014981.0,691411.0,0.000125
2020,entidad,30,Veracruz,0516,Mixteco,oto-mangue,Mujeres,1745.0,4014981.0,691411.0,1.5e-05
2020,entidad,30,Veracruz,9030,Popoluca insuficientemente especificado,,Mujeres,1725.0,4014981.0,691411.0,5.4e-05
2020,entidad,30,Veracruz,0901,Mixe,mixe-zoque,Mujeres,1245.0,4014981.0,691411.0,3.6e-05
2020,entidad,30,Veracruz,0607,Tsotsil,maya,Mujeres,892.0,4014981.0,691411.0,0.000105
2020,entidad,30,Veracruz,9000,No especificado,,Mujeres,617.0,4014981.0,691411.0,2e-06
2020,entidad,30,Veracruz,0602,Maya,maya,Mujeres,534.0,4014981.0,691411.0,4e-06
2020,entidad,30,Veracruz,0604,Ch'ol,maya,Mujeres,194.0,4014981.0,691411.0,6e-06
2020,entidad,30,Veracruz,0606,Tseltal,maya,Mujeres,184.0,4014981.0,691411.0,2e-06
2020,entidad,30,Veracruz,0502,Mazahua,oto-mangue,Mujeres,150.0,4014981.0,691411.0,
2020,entidad,30,Veracruz,0904,Texistepequeño,mixe-zoque,Mujeres,146.0,4014981.0,691411.0,9e-06
2020,entidad,30,Veracruz,1101,Huave,huave,Mujeres,96.0,4014981.0,691411.0,2e-06
2020,entidad,30,Veracruz,0510,Ixcateco,oto-mangue,Mujeres,68.0,4014981.0,691411.0,
2020,entidad,30,Veracruz,0508,Tlapaneco,oto-mangue,Mujeres,49.0,4014981.0,691411.0,
2020,entidad,30,Veracruz,0608,Q'anjob'al,maya,Mujeres,44.0,4014981.0,691411.0,
2020,entidad,30,Veracruz,0512,Popoloca,oto-mangue,Mujeres,40.0,4014981.0,691411.0,2e-06
2020,entidad,30,Veracruz,0514,Chatino,oto-mangue,Mujeres,31.0,4014981.0,691411.0,0.0
2020,entidad,30,Veracruz,0903,Oluteco,mixe-zoque,Mujeres,31.0,4014981.0,691411.0,1e-06
2020,entidad,30,Veracruz,0605,Chontal de Tabasco,maya,Mujeres,27.0,4014981.0,691411.0,
2020,entidad,30,Veracruz,0518,Triqui,oto-mangue,Mujeres,20.0,4014981.0,691411.0,
2020,entidad,30,Veracruz,0515,Amuzgo,oto-mangue,Mujeres,19.0,4014981.0,691411.0,
2020,entidad,30,Veracruz,0517,Cuicateco,oto-mangue,Mujeres,14.0,4014981.0,691411.0,
2020,entidad,30,Veracruz,0801,Tarasco (purépecha),tarasca,Mujeres,13.0,4014981.0,691411.0,
2020,entidad,30,Veracruz,9010,Chontal insuficientemente especificado,,Mujeres,13.0,4014981.0,691411.0,
2020,entidad,30,Veracruz,0603,Lacandón,maya,Mujeres,11.0,4014981.0,691411.0,
2020,entidad,30,Veracruz,0504,Tlahuica,oto-mangue,Mujeres,9.0,4014981.0,691411.0,
2020,entidad,30,Veracruz,8000,Otras lenguas indígenas de América,,Mujeres,9.0,4014981.0,691411.0,
2020,entidad,30,Veracruz,9020,Tepehuano insuficientemente especificado,,Mujeres,8.0,4014981.0,691411.0,
2020,entidad,30,Veracruz,0204,Tepehuano del sur,yuto-nahua,Mujeres,7.0,4014981.0,691411.0,
2020,entidad,30,Veracruz,0209,Cora,yuto-nahua,Mujeres,7.0,4014981.0,691411.0,
2020,entidad,30,Veracruz,0613,Tojolabal,maya,Mujeres,7.0,4014981.0,691411.0,
2020,entidad,30,Veracruz,0210,Huichol,yuto-nahua,Mujeres,5.0,4014981.0,691411.0,
2020,entidad,30,Veracruz,0615,K'iche',maya,Mujeres,4.0,4014981.0,691411.0,
2020,entidad,30,Veracruz,0610,Jakalteko,maya,Mujeres,3.0,4014981.0,691411.0,
2020,entidad,30,Veracruz,0618,Mam,maya,Mujeres,3.0,4014981.0,691411.0,
2020,entidad,30,Veracruz,0614,Q'eqchi',maya,Mujeres,1.0,4014981.0,691411.0,
2020,entidad,30,Veracruz,0211,Náhuatl,yuto-nahua,Total,359173.0,7699502.0,1336497.0,0.001776
2020,entidad,30,Veracruz,0701,Totonaco,totonaco-tepehua,Total,125895.0,7699502.0,1336497.0,0.001482
2020,entidad,30,Veracruz,0601,Huasteco,maya,Total,56164.0,7699502.0,1336497.0,0.001914
2020,entidad,30,Veracruz,0906,Popoluca de la Sierra,mixe-zoque,Total,33787.0,7699502.0,1336497.0,0.000565
2020,entidad,30,Veracruz,0501,Otomí,oto-mangue,Total,19482.0,7699502.0,1336497.0,0.000386
2020,entidad,30,Veracruz,0513,Zapoteco,oto-mangue,Total,18740.0,7699502.0,1336497.0,0.000106
2020,entidad,30,Veracruz,0507,Chinanteco,oto-mangue,Total,15325.0,7699502.0,1336497.0,0.000257
2020,entidad,30,Veracruz,0509,Mazateco,oto-mangue,Total,9294.0,7699502.0,1336497.0,8.4e-05
2020,entidad,30,Veracruz,0702,Tepehua,totonaco-tepehua,Total,5408.0,7699502.0,1336497.0,0.000139
2020,entidad,30,Veracruz,0902,Sayulteco,mixe-zoque,Total,3684.0,7699502.0,1336497.0,7.6e-05
2020,entidad,30,Veracruz,0907,Zoque,mixe-zoque,Total,3202.0,7699502.0,1336497.0,0.00014
2020,entidad,30,Veracruz,9030,Popoluca insuficientemente especificado,,Total,2993.0,7699502.0,1336497.0,4.8e-05
2020,entidad,30,Veracruz,0516,Mixteco,oto-mangue,Total,2915.0,7699502.0,1336497.0,1.8e-05
2020,entidad,30,Veracruz,0901,Mixe,mixe-zoque,Total,2246.0,7699502.0,1336497.0,3.4e-05
2020,entidad,30,Veracruz,0607,Tsotsil,maya,Total,1671.0,7699502.0,1336497.0,0.000111
2020,entidad,30,Veracruz,0602,Maya,maya,Total,1155.0,7699502.0,1336497.0,7e-06
2020,entidad,30,Veracruz,9000,No especificado,,Total,1095.0,7699502.0,1336497.0,2e-06
2020,entidad,30,Veracruz,0606,Tseltal,maya,Total,415.0,7699502.0,1336497.0,3e-06
2020,entidad,30,Veracruz,0904,Texistepequeño,mixe-zoque,Total,336.0,7699502.0,1336497.0,1e-05
2020,entidad,30,Veracruz,0604,Ch'ol,maya,Total,294.0,7699502.0,1336497.0,4e-06
2020,entidad,30,Veracruz,0502,Mazahua,oto-mangue,Total,276.0,7699502.0,1336497.0,
2020,entidad,30,Veracruz,1101,Huave,huave,Total,117.0,7699502.0,1336497.0,1e-06
2020,entidad,30,Veracruz,0512,Popoloca,oto-mangue,Total,96.0,7699502.0,1336497.0,5e-06
2020,entidad,30,Veracruz,9010,Chontal insuficientemente especificado,,Total,95.0,7699502.0,1336497.0,
2020,entidad,30,Veracruz,0510,Ixcateco,oto-mangue,Total,80.0,7699502.0,1336497.0,
2020,entidad,30,Veracruz,0508,Tlapaneco,oto-mangue,Total,68.0,7699502.0,1336497.0,0.0
2020,entidad,30,Veracruz,0903,Oluteco,mixe-zoque,Total,67.0,7699502.0,1336497.0,1e-06
2020,entidad,30,Veracruz,8000,Otras lenguas indígenas de América,,Total,62.0,7699502.0,1336497.0,
2020,entidad,30,Veracruz,0605,Chontal de Tabasco,maya,Total,56.0,7699502.0,1336497.0,
2020,entidad,30,Veracruz,0208,Mayo,yuto-nahua,Total,44.0,7699502.0,1336497.0,
2020,entidad,30,Veracruz,0608,Q'anjob'al,maya,Total,44.0,7699502.0,1336497.0,
2020,entidad,30,Veracruz,0517,Cuicateco,oto-mangue,Total,35.0,7699502.0,1336497.0,1e-06
2020,entidad,30,Veracruz,0514,Chatino,oto-mangue,Total,34.0,7699502.0,1336497.0,0.0
2020,entidad,30,Veracruz,0205,Tarahumara,yuto-nahua,Total,29.0,7699502.0,1336497.0,
2020,entidad,30,Veracruz,0518,Triqui,oto-mangue,Total,24.0,7699502.0,1336497.0,
2020,entidad,30,Veracruz,0515,Amuzgo,oto-mangue,Total,19.0,7699502.0,1336497.0,
2020,entidad,30,Veracruz,1001,Chontal de Oaxaca,chontal de Oaxaca,Total,19.0,7699502.0,1336497.0,
2020,entidad,30,Veracruz,0618,Mam,maya,Total,16.0,7699502.0,1336497.0,
2020,entidad,30,Veracruz,0801,Tarasco (purépecha),tarasca,Total,16.0,7699502.0,1336497.0,
2020,entidad,30,Veracruz,0207,Yaqui,yuto-nahua,Total,12.0,7699502.0,1336497.0,
2020,entidad,30,Veracruz,0603,Lacandón,maya,Total,11.0,7699502.0,1336497.0,
2020,entidad,30,Veracruz,0209,Cora,yuto-nahua,Total,10.0,7699502.0,1336497.0,
2020,entidad,30,Veracruz,0504,Tlahuica,oto-mangue,Total,9.0,7699502.0,1336497.0,
2020,entidad,30,Veracruz,0610,Jakalteko,maya,Total,8.0,7699502.0,1336497.0,
2020,entidad,30,Veracruz,0613,Tojolabal,maya,Total,8.0,7699502.0,1336497.0,
2020,entidad,30,Veracruz,9020,Tepehuano insuficientemente especificado,,Total,8.0,7699502.0,1336497.0,
2020,entidad,30,Veracruz,0204,Tepehuano del sur,yuto-nahua,Total,7.0,7699502.0,1336497.0,
2020,entidad,30,Veracruz,0210,Huichol,yuto-nahua,Total,5.0,7699502.0,1336497.0,
2020,entidad,30,Veracruz,0615,K'iche',maya,Total,4.0,7699502.0,1336497.0,
2020,entidad,30,Veracruz,0616,Kaqchikel,maya,Total,4.0,7699502.0,1336497.0,
2020,entidad,30,Veracruz,0614,Q'eqchi',maya,Total,1.0,7699502.0,1336497.0,
2020,entidad,31,Yucatán,0602,Maya,maya,Hombres,269630.0,1092603.0,225991.0,0.005225
2020,entidad,31,Yucatán,0604,Ch'ol,maya,Hombres,1121.0,1092603.0,225991.0,6.6e-05
2020,entidad,31,Yucatán,0607,Tsotsil,maya,Hombres,545.0,1092603.0,225991.0,1e-06
2020,entidad,31,Yucatán,0606,Tseltal,maya,Hombres,490.0,1092603.0,225991.0,4e-06
2020,entidad,31,Yucatán,0211,Náhuatl,yuto-nahua,Hombres,345.0,1092603.0,225991.0,2.1e-05
2020,entidad,31,Yucatán,9000,No especificado,,Hombres,320.0,1092603.0,225991.0,1.4e-05
2020,entidad,31,Yucatán,0513,Zapoteco,oto-mangue,Hombres,157.0,1092603.0,225991.0,0.0
2020,entidad,31,Yucatán,0901,Mixe,mixe-zoque,Hombres,95.0,1092603.0,225991.0,1.9e-05
2020,entidad,31,Yucatán,9010,Chontal insuficientemente especificado,,Hombres,91.0,1092603.0,225991.0,
2020,entidad,31,Yucatán,8000,Otras lenguas indígenas de América,,Hombres,75.0,1092603.0,225991.0,
2020,entidad,31,Yucatán,0501,Otomí,oto-mangue,Hombres,72.0,1092603.0,225991.0,
2020,entidad,31,Yucatán,0611,Qato'k,maya,Hombres,72.0,1092603.0,225991.0,
2020,entidad,31,Yucatán,0615,K'iche',maya,Hombres,69.0,1092603.0,225991.0,
2020,entidad,31,Yucatán,0516,Mixteco,oto-mangue,Hombres,55.0,1092603.0,225991.0,
2020,entidad,31,Yucatán,0605,Chontal de Tabasco,maya,Hombres,26.0,1092603.0,225991.0,
2020,entidad,31,Yucatán,0610,Jakalteko,maya,Hombres,9.0,1092603.0,225991.0,
2020,entidad,31,Yucatán,0613,Tojolabal,maya,Hombres,6.0,1092603.0,225991.0,
2020,entidad,31,Yucatán,0210,Huichol,yuto-nahua,Hombres,5.0,1092603.0,225991.0,
2020,entidad,31,Yucatán,0614,Q'eqchi',maya,Hombres,5.0,1092603.0,225991.0,
2020,entidad,31,Yucatán,0618,Mam,maya,Hombres,5.0,1092603.0,225991.0,
2020,entidad,31,Yucatán,0502,Mazahua,oto-mangue,Hombres,4.0,1092603.0,225991.0,
2020,entidad,31,Yucatán,0205,Tarahumara,yuto-nahua,Hombres,3.0,1092603.0,225991.0,
2020,entidad,31,Yucatán,0507,Chinanteco,oto-mangue,Hombres,1.0,1092603.0,225991.0,
2020,entidad,31,Yucatán,0601,Huasteco,maya,Hombres,1.0,1092603.0,225991.0,
2020,entidad,31,Yucatán,0616,Kaqchikel,maya,Hombres,1.0,1092603.0,225991.0,
2020,entidad,31,Yucatán,0620,Ixil,maya,Hombres,1.0,1092603.0,225991.0,
2020,entidad,31,Yucatán,0701,Totonaco,totonaco-tepehua,Hombres,1.0,1092603.0,225991.0,
2020,entidad,31,Yucatán,9030,Popoluca insuficientemente especificado,,Hombres,1.0,1092603.0,225991.0,
2020,entidad,31,Yucatán,0602,Maya,maya,Mujeres,258933.0,1124555.0,225568.0,0.005253
2020,entidad,31,Yucatán,0604,Ch'ol,maya,Mujeres,1041.0,1124555.0,225568.0,0.000114
2020,entidad,31,Yucatán,0606,Tseltal,maya,Mujeres,695.0,1124555.0,225568.0,0.000111
2020,entidad,31,Yucatán,9000,No especificado,,Mujeres,271.0,1124555.0,225568.0,1e-05
2020,entidad,31,Yucatán,0513,Zapoteco,oto-mangue,Mujeres,202.0,1124555.0,225568.0,5e-06
2020,entidad,31,Yucatán,0501,Otomí,oto-mangue,Mujeres,186.0,1124555.0,225568.0,2.9e-05
2020,entidad,31,Yucatán,0701,Totonaco,totonaco-tepehua,Mujeres,181.0,1124555.0,225568.0,
2020,entidad,31,Yucatán,0211,Náhuatl,yuto-nahua,Mujeres,129.0,1124555.0,225568.0,1.4e-05
2020,entidad,31,Yucatán,0607,Tsotsil,maya,Mujeres,112.0,1124555.0,225568.0,5e-06
2020,entidad,31,Yucatán,0901,Mixe,mixe-zoque,Mujeres,80.0,1124555.0,225568.0,8e-06
2020,entidad,31,Yucatán,9010,Chontal insuficientemente especificado,,Mujeres,79.0,1124555.0,225568.0,
2020,entidad,31,Yucatán,8000,Otras lenguas indígenas de América,,Mujeres,75.0,1124555.0,225568.0,
2020,entidad,31,Yucatán,0611,Qato'k,maya,Mujeres,72.0,1124555.0,225568.0,
2020,entidad,31,Yucatán,0907,Zoque,mixe-zoque,Mujeres,25.0,1124555.0,225568.0,
2020,entidad,31,Yucatán,0605,Chontal de Tabasco,maya,Mujeres,21.0,1124555.0,225568.0,
2020,entidad,31,Yucatán,0516,Mixteco,oto-mangue,Mujeres,16.0,1124555.0,225568.0,
2020,entidad,31,Yucatán,0618,Mam,maya,Mujeres,12.0,1124555.0,225568.0,0.0
2020,entidad,31,Yucatán,0502,Mazahua,oto-mangue,Mujeres,9.0,1124555.0,225568.0,
2020,entidad,31,Yucatán,0608,Q'anjob'al,maya,Mujeres,5.0,1124555.0,225568.0,
2020,entidad,31,Yucatán,0620,Ixil,maya,Mujeres,3.0,1124555.0,225568.0,
2020,entidad,31,Yucatán,0801,Tarasco (purépecha),tarasca,Mujeres,3.0,1124555.0,225568.0,
2020,entidad,31,Yucatán,0210,Huichol,yuto-nahua,Mujeres,2.0,1124555.0,225568.0,
2020,entidad,31,Yucatán,0507,Chinanteco,oto-mangue,Mujeres,1.0,1124555.0,225568.0,
2020,entidad,31,Yucatán,0508,Tlapaneco,oto-mangue,Mujeres,1.0,1124555.0,225568.0,
2020,entidad,31,Yucatán,0509,Mazateco,oto-mangue,Mujeres,1.0,1124555.0,225568.0,
2020,entidad,31,Yucatán,0616,Kaqchikel,maya,Mujeres,1.0,1124555.0,225568.0,
2020,entidad,31,Yucatán,0602,Maya,maya,Total,528563.0,2217158.0,451559.0,0.005338
2020,entidad,31,Yucatán,0604,Ch'ol,maya,Total,2162.0,2217158.0,451559.0,7.3e-05
2020,entidad,31,Yucatán,0606,Tseltal,maya,Total,1185.0,2217158.0,451559.0,5.8e-05
2020,entidad,31,Yucatán,0607,Tsotsil,maya,Total,657.0,2217158.0,451559.0,2.5e-05
2020,entidad,31,Yucatán,9000,No especificado,,Total,591.0,2217158.0,451559.0,4.4e-05
2020,entidad,31,Yucatán,0211,Náhuatl,yuto-nahua,Total,474.0,2217158.0,451559.0,1.7e-05
2020,entidad,31,Yucatán,0513,Zapoteco,oto-mangue,Total,359.0,2217158.0,451559.0,3.5e-05
2020,entidad,31,Yucatán,0501,Otomí,oto-mangue,Total,258.0,2217158.0,451559.0,1.6e-05
2020,entidad,31,Yucatán,0701,Totonaco,totonaco-tepehua,Total,182.0,2217158.0,451559.0,
2020,entidad,31,Yucatán,0901,Mixe,mixe-zoque,Total,175.0,2217158.0,451559.0,1.5e-05
2020,entidad,31,Yucatán,9010,Chontal insuficientemente especificado,,Total,170.0,2217158.0,451559.0,1e-06
2020,entidad,31,Yucatán,8000,Otras lenguas indígenas de América,,Total,150.0,2217158.0,451559.0,
2020,entidad,31,Yucatán,0611,Qato'k,maya,Total,144.0,2217158.0,451559.0,
2020,entidad,31,Yucatán,0516,Mixteco,oto-mangue,Total,71.0,2217158.0,451559.0,9e-06
2020,entidad,31,Yucatán,0615,K'iche',maya,Total,69.0,2217158.0,451559.0,
2020,entidad,31,Yucatán,0605,Chontal de Tabasco,maya,Total,47.0,2217158.0,451559.0,0.0
2020,entidad,31,Yucatán,0907,Zoque,mixe-zoque,Total,25.0,2217158.0,451559.0,
2020,entidad,31,Yucatán,0618,Mam,maya,Total,17.0,2217158.0,451559.0,0.0
2020,entidad,31,Yucatán,0502,Mazahua,oto-mangue,Total,13.0,2217158.0,451559.0,
2020,entidad,31,Yucatán,0610,Jakalteko,maya,Total,9.0,2217158.0,451559.0,
2020,entidad,31,Yucatán,0210,Huichol,yuto-nahua,Total,7.0,2217158.0,451559.0,
2020,entidad,31,Yucatán,0613,Tojolabal,maya,Total,6.0,2217158.0,451559.0,
2020,entidad,31,Yucatán,0608,Q'anjob'al,maya,Total,5.0,2217158.0,451559.0,
2020,entidad,31,Yucatán,0614,Q'eqchi',maya,Total,5.0,2217158.0,451559.0,
2020,entidad,31,Yucatán,0620,Ixil,maya,Total,4.0,2217158.0,451559.0,
2020,entidad,31,Yucatán,0205,Tarahumara,yuto-nahua,Total,3.0,2217158.0,451559.0,
2020,entidad,31,Yucatán,0801,Tarasco (purépecha),tarasca,Total,3.0,2217158.0,451559.0,
2020,entidad,31,Yucatán,0507,Chinanteco,oto-mangue,Total,2.0,2217158.0,451559.0,0.0
2020,entidad,31,Yucatán,0616,Kaqchikel,maya,Total,2.0,2217158.0,451559.0,
2020,entidad,31,Yucatán,0508,Tlapaneco,oto-mangue,Total,1.0,2217158.0,451559.0,
2020,entidad,31,Yucatán,0509,Mazateco,oto-mangue,Total,1.0,2217158.0,451559.0,
2020,entidad,31,Yucatán,0601,Huasteco,maya,Total,1.0,2217158.0,451559.0,
2020,entidad,31,Yucatán,9030,Popoluca insuficientemente especificado,,Total,1.0,2217158.0,451559.0,
2020,entidad,32,Zacatecas,0210,Huichol,yuto-nahua,Hombres,769.0,740954.0,136083.0,7.4e-05
2020,entidad,32,Zacatecas,0204,Tepehuano del sur,yuto-nahua,Hombres,440.0,740954.0,136083.0,0.000398
2020,entidad,32,Zacatecas,0211,Náhuatl,yuto-nahua,Hombres,380.0,740954.0,136083.0,3.7e-05
2020,entidad,32,Zacatecas,0502,Mazahua,oto-mangue,Hombres,175.0,740954.0,136083.0,1.6e-05
2020,entidad,32,Zacatecas,0513,Zapoteco,oto-mangue,Hombres,139.0,740954.0,136083.0,3e-06
2020,entidad,32,Zacatecas,0601,Huasteco,maya,Hombres,123.0,740954.0,136083.0,2e-06
2020,entidad,32,Zacatecas,0501,Otomí,oto-mangue,Hombres,72.0,740954.0,136083.0,1e-06
2020,entidad,32,Zacatecas,0602,Maya,maya,Hombres,57.0,740954.0,136083.0,3e-06
2020,entidad,32,Zacatecas,0701,Totonaco,totonaco-tepehua,Hombres,38.0,740954.0,136083.0,
2020,entidad,32,Zacatecas,0801,Tarasco (purépecha),tarasca,Hombres,33.0,740954.0,136083.0,
2020,entidad,32,Zacatecas,9000,No especificado,,Hombres,30.0,740954.0,136083.0,3e-06
2020,entidad,32,Zacatecas,9030,Popoluca insuficientemente especificado,,Hombres,29.0,740954.0,136083.0,
2020,entidad,32,Zacatecas,0209,Cora,yuto-nahua,Hombres,26.0,740954.0,136083.0,
2020,entidad,32,Zacatecas,0907,Zoque,mixe-zoque,Hombres,25.0,740954.0,136083.0,
2020,entidad,32,Zacatecas,0506,Chichimeco jonaz,oto-mangue,Hombres,24.0,740954.0,136083.0,
2020,entidad,32,Zacatecas,0901,Mixe,mixe-zoque,Hombres,24.0,740954.0,136083.0,
2020,entidad,32,Zacatecas,0208,Mayo,yuto-nahua,Hombres,23.0,740954.0,136083.0,
2020,entidad,32,Zacatecas,0207,Yaqui,yuto-nahua,Hombres,20.0,740954.0,136083.0,
2020,entidad,32,Zacatecas,0516,Mixteco,oto-mangue,Hombres,18.0,740954.0,136083.0,
2020,entidad,32,Zacatecas,0514,Chatino,oto-mangue,Hombres,15.0,740954.0,136083.0,
2020,entidad,32,Zacatecas,0507,Chinanteco,oto-mangue,Hombres,4.0,740954.0,136083.0,
2020,entidad,32,Zacatecas,0604,Ch'ol,maya,Hombres,4.0,740954.0,136083.0,
2020,entidad,32,Zacatecas,0607,Tsotsil,maya,Hombres,4.0,740954.0,136083.0,
2020,entidad,32,Zacatecas,0509,Mazateco,oto-mangue,Hombres,3.0,740954.0,136083.0,
2020,entidad,32,Zacatecas,0618,Mam,maya,Hombres,2.0,740954.0,136083.0,
2020,entidad,32,Zacatecas,0210,Huichol,yuto-nahua,Mujeres,669.0,786293.0,142655.0,7.7e-05
2020,entidad,32,Zacatecas,0204,Tepehuano del sur,yuto-nahua,Mujeres,458.0,786293.0,142655.0,0.000467
2020,entidad,32,Zacatecas,0211,Náhuatl,yuto-nahua,Mujeres,422.0,786293.0,142655.0,3.8e-05
2020,entidad,32,Zacatecas,0601,Huasteco,maya,Mujeres,141.0,786293.0,142655.0,6.4e-05
2020,entidad,32,Zacatecas,0513,Zapoteco,oto-mangue,Mujeres,122.0,786293.0,142655.0,
2020,entidad,32,Zacatecas,0501,Otomí,oto-mangue,Mujeres,115.0,786293.0,142655.0,
2020,entidad,32,Zacatecas,0502,Mazahua,oto-mangue,Mujeres,90.0,786293.0,142655.0,1e-05
2020,entidad,32,Zacatecas,0801,Tarasco (purépecha),tarasca,Mujeres,87.0,786293.0,142655.0,2e-06
2020,entidad,32,Zacatecas,0516,Mixteco,oto-mangue,Mujeres,48.0,786293.0,142655.0,4e-06
2020,entidad,32,Zacatecas,0209,Cora,yuto-nahua,Mujeres,46.0,786293.0,142655.0,
2020,entidad,32,Zacatecas,0205,Tarahumara,yuto-nahua,Mujeres,44.0,786293.0,142655.0,
2020,entidad,32,Zacatecas,0506,Chichimeco jonaz,oto-mangue,Mujeres,26.0,786293.0,142655.0,
2020,entidad,32,Zacatecas,9030,Popoluca insuficientemente especificado,,Mujeres,25.0,786293.0,142655.0,
2020,entidad,32,Zacatecas,9000,No especificado,,Mujeres,13.0,786293.0,142655.0,
2020,entidad,32,Zacatecas,0602,Maya,maya,Mujeres,12.0,786293.0,142655.0,
2020,entidad,32,Zacatecas,0207,Yaqui,yuto-nahua,Mujeres,9.0,786293.0,142655.0,
2020,entidad,32,Zacatecas,0701,Totonaco,totonaco-tepehua,Mujeres,8.0,786293.0,142655.0,
2020,entidad,32,Zacatecas,0604,Ch'ol,maya,Mujeres,6.0,786293.0,142655.0,
2020,entidad,32,Zacatecas,0509,Mazateco,oto-mangue,Mujeres,4.0,786293.0,142655.0,
2020,entidad,32,Zacatecas,0518,Triqui,oto-mangue,Mujeres,1.0,786293.0,142655.0,
2020,entidad,32,Zacatecas,0210,Huichol,yuto-nahua,Total,1438.0,1527247.0,278738.0,7.6e-05
2020,entidad,32,Zacatecas,0204,Tepehuano del sur,yuto-nahua,Total,898.0,1527247.0,278738.0,0.000435
2020,entidad,32,Zacatecas,0211,Náhuatl,yuto-nahua,Total,802.0,1527247.0,278738.0,4e-05
2020,entidad,32,Zacatecas,0502,Mazahua,oto-mangue,Total,265.0,1527247.0,278738.0,2.2e-05
2020,entidad,32,Zacatecas,0601,Huasteco,maya,Total,264.0,1527247.0,278738.0,6.6e-05
2020,entidad,32,Zacatecas,0513,Zapoteco,oto-mangue,Total,261.0,1527247.0,278738.0,2.7e-05
2020,entidad,32,Zacatecas,0501,Otomí,oto-mangue,Total,187.0,1527247.0,278738.0,1e-06
2020,entidad,32,Zacatecas,0801,Tarasco (purépecha),tarasca,Total,120.0,1527247.0,278738.0,5e-06
2020,entidad,32,Zacatecas,0209,Cora,yuto-nahua,Total,72.0,1527247.0,278738.0,
2020,entidad,32,Zacatecas,0602,Maya,maya,Total,69.0,1527247.0,278738.0,1e-06
2020,entidad,32,Zacatecas,0516,Mixteco,oto-mangue,Total,66.0,1527247.0,278738.0,8e-06
2020,entidad,32,Zacatecas,9030,Popoluca insuficientemente especificado,,Total,54.0,1527247.0,278738.0,
2020,entidad,32,Zacatecas,0506,Chichimeco jonaz,oto-mangue,Total,50.0,1527247.0,278738.0,
2020,entidad,32,Zacatecas,0701,Totonaco,totonaco-tepehua,Total,46.0,1527247.0,278738.0,
2020,entidad,32,Zacatecas,0205,Tarahumara,yuto-nahua,Total,44.0,1527247.0,278738.0,
2020,entidad,32,Zacatecas,9000,No especificado,,Total,43.0,1527247.0,278738.0,2e-06
2020,entidad,32,Zacatecas,0207,Yaqui,yuto-nahua,Total,29.0,1527247.0,278738.0,
2020,entidad,32,Zacatecas,0907,Zoque,mixe-zoque,Total,25.0,1527247.0,278738.0,
2020,entidad,32,Zacatecas,0901,Mixe,mixe-zoque,Total,24.0,1527247.0,278738.0,
2020,entidad,32,Zacatecas,0208,Mayo,yuto-nahua,Total,23.0,1527247.0,278738.0,
2020,entidad,32,Zacatecas,0514,Chatino,oto-mangue,Total,15.0,1527247.0,278738.0,
2020,entidad,32,Zacatecas,0604,Ch'ol,maya,Total,10.0,1527247.0,278738.0,
2020,entidad,32,Zacatecas,0509,Mazateco,oto-mangue,Total,7.0,1527247.0,278738.0,
2020,entidad,32,Zacatecas,0507,Chinanteco,oto-mangue,Total,4.0,1527247.0,278738.0,
2020,entidad,32,Zacatecas,0607,Tsotsil,maya,Total,4.0,1527247.0,278738.0,
2020,entidad,32,Zacatecas,0618,Mam,maya,Total,2.0,1527247.0,278738.0,
2020,entidad,32,Zacatecas,0518,Triqui,oto-mangue,Total,1.0,1527247.0,278738.0,
2020,nacional,00,Estados Unidos Mexicanos,0211,Náhuatl,yuto-nahua,Hombres,814370.0,58197955.0,6906898.0,0.000351
2020,nacional,00,Estados Unidos Mexicanos,0602,Maya,maya,Hombres,414765.0,58197955.0,6906898.0,0.000226
2020,nacional,00,Estados Unidos Mexicanos,0606,Tseltal,maya,Hombres,332637.0,58197955.0,6906898.0,0.000771
2020,nacional,00,Estados Unidos Mexicanos,0607,Tsotsil,maya,Hombres,272955.0,58197955.0,6906898.0,0.000194
2020,nacional,00,Estados Unidos Mexicanos,0516,Mixteco,oto-mangue,Hombres,242705.0,58197955.0,6906898.0,0.000109
2020,nacional,00,Estados Unidos Mexicanos,0513,Zapoteco,oto-mangue,Hombres,238846.0,58197955.0,6906898.0,8.3e-05
2020,nacional,00,Estados Unidos Mexicanos,0501,Otomí,oto-mangue,Hombres,135504.0,58197955.0,6906898.0,0.000108
2020,nacional,00,Estados Unidos Mexicanos,0701,Totonaco,totonaco-tepehua,Hombres,129055.0,58197955.0,6906898.0,0.000108
2020,nacional,00,Estados Unidos Mexicanos,0604,Ch'ol,maya,Hombres,117872.0,58197955.0,6906898.0,0.000149
2020,nacional,00,Estados Unidos Mexicanos,0509,Mazateco,oto-mangue,Hombres,116752.0,58197955.0,6906898.0,9.9e-05
2020,nacional,00,Estados Unidos Mexicanos,0601,Huasteco,maya,Hombres,96274.0,58197955.0,6906898.0,0.00016
2020,nacional,00,Estados Unidos Mexicanos,0801,Tarasco (purépecha),tarasca,Hombres,68657.0,58197955.0,6906898.0,6.2e-05
2020,nacional,00,Estados Unidos Mexicanos,0507,Chinanteco,oto-mangue,Hombres,68541.0,58197955.0,6906898.0,8.9e-05
2020,nacional,00,Estados Unidos Mexicanos,0901,Mixe,mixe-zoque,Hombres,67111.0,58197955.0,6906898.0,4.7e-05
2020,nacional,00,Estados Unidos Mexicanos,0508,Tlapaneco,oto-mangue,Hombres,64517.0,58197955.0,6906898.0,5.9e-05
2020,nacional,00,Estados Unidos Mexicanos,0502,Mazahua,oto-mangue,Hombres,62319.0,58197955.0,6906898.0,6.8e-05
2020,nacional,00,Estados Unidos Mexicanos,0613,Tojolabal,maya,Hombres,48889.0,58197955.0,6906898.0,0.000473
2020,nacional,00,Estados Unidos Mexicanos,0205,Tarahumara,yuto-nahua,Hombres,46743.0,58197955.0,6906898.0,2.7e-05
2020,nacional,00,Estados Unidos Mexicanos,0907,Zoque,mixe-zoque,Hombres,38111.0,58197955.0,6906898.0,5.5e-05
2020,nacional,00,Estados Unidos Mexicanos,0605,Chontal de Tabasco,maya,Hombres,33858.0,58197955.0,6906898.0,0.00015
2020,nacional,00,Estados Unidos Mexicanos,0515,Amuzgo,oto-mangue,Hombres,28845.0,58197955.0,6906898.0,3e-05
2020,nacional,00,Estados Unidos Mexicanos,0210,Huichol,yuto-nahua,Hombres,26536.0,58197955.0,6906898.0,2.8e-05
2020,nacional,00,Estados Unidos Mexicanos,0514,Chatino,oto-mangue,Hombres,21897.0,58197955.0,6906898.0,2.4e-05
2020,nacional,00,Estados Unidos Mexicanos,0204,Tepehuano del sur,yuto-nahua,Hombres,21789.0,58197955.0,6906898.0,2.2e-05
2020,nacional,00,Estados Unidos Mexicanos,0209,Cora,yuto-nahua,Hombres,18217.0,58197955.0,6906898.0,3.1e-05
2020,nacional,00,Estados Unidos Mexicanos,0208,Mayo,yuto-nahua,Hombres,18037.0,58197955.0,6906898.0,2.3e-05
2020,nacional,00,Estados Unidos Mexicanos,0906,Popoluca de la Sierra,mixe-zoque,Hombres,16158.0,58197955.0,6906898.0,3.4e-05
2020,nacional,00,Estados Unidos Mexicanos,0518,Triqui,oto-mangue,Hombres,15764.0,58197955.0,6906898.0,4.8e-05
2020,nacional,00,Estados Unidos Mexicanos,9000,No especificado,,Hombres,13896.0,58197955.0,6906898.0,4e-06
2020,nacional,00,Estados Unidos Mexicanos,1101,Huave,huave,Hombres,9692.0,58197955.0,6906898.0,1.3e-05
2020,nacional,00,Estados Unidos Mexicanos,0207,Yaqui,yuto-nahua,Hombres,9474.0,58197955.0,6906898.0,1.1e-05
2020,nacional,00,Estados Unidos Mexicanos,0505,Pame,oto-mangue,Hombres,6637.0,58197955.0,6906898.0,2.6e-05
2020,nacional,00,Estados Unidos Mexicanos,0512,Popoloca,oto-mangue,Hombres,6319.0,58197955.0,6906898.0,8e-06
2020,nacional,00,Estados Unidos Mexicanos,0517,Cuicateco,oto-mangue,Hombres,5870.0,58197955.0,6906898.0,7e-06
2020,nacional,00,Estados Unidos Mexicanos,0203,Tepehuano del norte,yuto-nahua,Hombres,4954.0,58197955.0,6906898.0,1.5e-05
2020,nacional,00,Estados Unidos Mexicanos,0618,Mam,maya,Hombres,4842.0,58197955.0,6906898.0,8e-06
2020,nacional,00,Estados Unidos Mexicanos,0702,Tepehua,totonaco-tepehua,Hombres,4201.0,58197955.0,6906898.0,9e-06
2020,nacional,00,Estados Unidos Mexicanos,0608,Q'anjob'al,maya,Hombres,3934.0,58197955.0,6906898.0,1e-05
2020,nacional,00,Estados Unidos Mexicanos,0612,Chuj,maya,Hombres,3433.0,58197955.0,6906898.0,9e-06
2020,nacional,00,Estados Unidos Mexicanos,9030,Popoluca insuficientemente especificado,,Hombres,2838.0,58197955.0,6906898.0,2e-06
2020,nacional,00,Estados Unidos Mexicanos,1001,Chontal de Oaxaca,chontal de Oaxaca,Hombres,2606.0,58197955.0,6906898.0,5e-06
2020,nacional,00,Estados Unidos Mexicanos,8000,Otras lenguas indígenas de América,,Hombres,1959.0,58197955.0,6906898.0,0.0
2020,nacional,00,Estados Unidos Mexicanos,0902,Sayulteco,mixe-zoque,Hombres,1769.0,58197955.0,6906898.0,5e-06
2020,nacional,00,Estados Unidos Mexicanos,0206,Guarijío,yuto-nahua,Hombres,1472.0,58197955.0,6906898.0,1e-05
2020,nacional,00,Estados Unidos Mexicanos,0506,Chichimeco jonaz,oto-mangue,Hombres,1456.0,58197955.0,6906898.0,7e-06
2020,nacional,00,Estados Unidos Mexicanos,9010,Chontal insuficientemente especificado,,Hombres,1422.0,58197955.0,6906898.0,1e-06
2020,nacional,00,Estados Unidos Mexicanos,0503,Matlatzinca,oto-mangue,Hombres,1136.0,58197955.0,6906898.0,0.0
2020,nacional,00,Estados Unidos Mexicanos,0202,Pima,yuto-nahua,Hombres,782.0,58197955.0,6906898.0,4e-06
2020,nacional,00,Estados Unidos Mexicanos,0609,Akateko,maya,Hombres,740.0,58197955.0,6906898.0,3e-06
2020,nacional,00,Estados Unidos Mexicanos,0401,Seri,seri,Hombres,502.0,58197955.0,6906898.0,7e-06
2020,nacional,00,Estados Unidos Mexicanos,0511,Chocholteco,oto-mangue,Hombres,432.0,58197955.0,6906898.0,1e-06
2020,nacional,00,Estados Unidos Mexicanos,0614,Q'eqchi',maya,Hombres,368.0,58197955.0,6906898.0,1e-06
2020,nacional,00,Estados Unidos Mexicanos,0615,K'iche',maya,Hombres,350.0,58197955.0,6906898.0,0.0
2020,nacional,00,Estados Unidos Mexicanos,9020,Tepehuano insuficientemente especificado,,Hombres,284.0,58197955.0,6906898.0,0.0
2020,nacional,00,Estados Unidos Mexicanos,0610,Jakalteko,maya,Hombres,219.0,58197955.0,6906898.0,1e-06
2020,nacional,00,Estados Unidos Mexicanos,0904,Texistepequeño,mixe-zoque,Hombres,190.0,58197955.0,6906898.0,1e-06
2020,nacional,00,Estados Unidos Mexicanos,0611,Qato'k,maya,Hombres,147.0,58197955.0,6906898.0,0.0
2020,nacional,00,Estados Unidos Mexicanos,0201,Pápago,yuto-nahua,Hombres,127.0,58197955.0,6906898.0,0.0
2020,nacional,00,Estados Unidos Mexicanos,0616,Kaqchikel,maya,Hombres,101.0,58197955.0,6906898.0,
2020,nacional,00,Estados Unidos Mexicanos,0504,Tlahuica,oto-mangue,Hombres,99.0,58197955.0,6906898.0,0.0
2020,nacional,00,Estados Unidos Mexicanos,0301,Paipai,cochimí-yumana,Hombres,83.0,58197955.0,6906898.0,0.0
2020,nacional,00,Estados Unidos Mexicanos,0510,Ixcateco,oto-mangue,Hombres,81.0,58197955.0,6906898.0,0.0
2020,nacional,00,Estados Unidos Mexicanos,0304,Kumiai,cochimí-yumana,Hombres,76.0,58197955.0,6906898.0,
2020,nacional,00,Estados Unidos Mexicanos,0617,Teko,maya,Hombres,64.0,58197955.0,6906898.0,0.0
2020,nacional,00,Estados Unidos Mexicanos,0620,Ixil,maya,Hombres,42.0,58197955.0,6906898.0,0.0
2020,nacional,00,Estados Unidos Mexicanos,0903,Oluteco,mixe-zoque,Hombres,36.0,58197955.0,6906898.0,0.0
2020,nacional,00,Estados Unidos Mexicanos,0305,Kiliwa,cochimí-yumana,Hombres,34.0,58197955.0,6906898.0,
2020,nacional,00,Estados Unidos Mexicanos,0603,Lacandón,maya,Hombres,23.0,58197955.0,6906898.0,0.0
2020,nacional,00,Estados Unidos Mexicanos,0101,Kickapoo,álgica,Hombres,14.0,58197955.0,6906898.0,
2020,nacional,00,Estados Unidos Mexicanos,0905,Ayapaneco,mixe-zoque,Hombres,9.0,58197955.0,6906898.0,
2020,nacional,00,Estados Unidos Mexicanos,0211,Náhuatl,yuto-nahua,Mujeres,860599.0,61494943.0,7310270.0,0.000337
2020,nacional,00,Estados Unidos Mexicanos,0602,Maya,maya,Mujeres,385768.0,61494943.0,7310270.0,0.000195
2020,nacional,00,Estados Unidos Mexicanos,0606,Tseltal,maya,Mujeres,339949.0,61494943.0,7310270.0,0.000742
2020,nacional,00,Estados Unidos Mexicanos,0607,Tsotsil,maya,Mujeres,285529.0,61494943.0,7310270.0,0.000187
2020,nacional,00,Estados Unidos Mexicanos,0516,Mixteco,oto-mangue,Mujeres,275471.0,61494943.0,7310270.0,0.000116
2020,nacional,00,Estados Unidos Mexicanos,0513,Zapoteco,oto-mangue,Mujeres,261256.0,61494943.0,7310270.0,8.6e-05
2020,nacional,00,Estados Unidos Mexicanos,0501,Otomí,oto-mangue,Mujeres,150013.0,61494943.0,7310270.0,0.000115
2020,nacional,00,Estados Unidos Mexicanos,0701,Totonaco,totonaco-tepehua,Mujeres,138217.0,61494943.0,7310270.0,0.00011
2020,nacional,00,Estados Unidos Mexicanos,0509,Mazateco,oto-mangue,Mujeres,131337.0,61494943.0,7310270.0,9.9e-05
2020,nacional,00,Estados Unidos Mexicanos,0604,Ch'ol,maya,Mujeres,121040.0,61494943.0,7310270.0,0.000143
2020,nacional,00,Estados Unidos Mexicanos,0601,Huasteco,maya,Mujeres,99249.0,61494943.0,7310270.0,0.000155
2020,nacional,00,Estados Unidos Mexicanos,0507,Chinanteco,oto-mangue,Mujeres,75849.0,61494943.0,7310270.0,8.3e-05
2020,nacional,00,Estados Unidos Mexicanos,0901,Mixe,mixe-zoque,Mujeres,74768.0,61494943.0,7310270.0,5.2e-05
2020,nacional,00,Estados Unidos Mexicanos,0508,Tlapaneco,oto-mangue,Mujeres,73087.0,61494943.0,7310270.0,6.1e-05
2020,nacional,00,Estados Unidos Mexicanos,0801,Tarasco (purépecha),tarasca,Mujeres,71699.0,61494943.0,7310270.0,5.6e-05
2020,nacional,00,Estados Unidos Mexicanos,0502,Mazahua,oto-mangue,Mujeres,71337.0,61494943.0,7310270.0,8e-05
2020,nacional,00,Estados Unidos Mexicanos,0613,Tojolabal,maya,Mujeres,51358.0,61494943.0,7310270.0,0.000459
2020,nacional,00,Estados Unidos Mexicanos,0205,Tarahumara,yuto-nahua,Mujeres,48662.0,61494943.0,7310270.0,2.9e-05
2020,nacional,00,Estados Unidos Mexicanos,0907,Zoque,mixe-zoque,Mujeres,38296.0,61494943.0,7310270.0,5.1e-05
2020,nacional,00,Estados Unidos Mexicanos,0515,Amuzgo,oto-mangue,Mujeres,32007.0,61494943.0,7310270.0,2.9e-05
2020,nacional,00,Estados Unidos Mexicanos,0605,Chontal de Tabasco,maya,Mujeres,31484.0,61494943.0,7310270.0,0.000128
2020,nacional,00,Estados Unidos Mexicanos,0210,Huichol,yuto-nahua,Mujeres,28027.0,61494943.0,7310270.0,2.9e-05
2020,nacional,00,Estados Unidos Mexicanos,0514,Chatino,oto-mangue,Mujeres,26300.0,61494943.0,7310270.0,2.6e-05
2020,nacional,00,Estados Unidos Mexicanos,0204,Tepehuano del sur,yuto-nahua,Mujeres,22953.0,61494943.0,7310270.0,2.1e-05
2020,nacional,00,Estados Unidos Mexicanos,0209,Cora,yuto-nahua,Mujeres,18566.0,61494943.0,7310270.0,3.1e-05
2020,nacional,00,Estados Unidos Mexicanos,0518,Triqui,oto-mangue,Mujeres,17893.0,61494943.0,7310270.0,4.9e-05
2020,nacional,00,Estados Unidos Mexicanos,0906,Popoluca de la Sierra,mixe-zoque,Mujeres,17631.0,61494943.0,7310270.0,3.8e-05
2020,nacional,00,Estados Unidos Mexicanos,0208,Mayo,yuto-nahua,Mujeres,13913.0,61494943.0,7310270.0,1.9e-05
2020,nacional,00,Estados Unidos Mexicanos,9000,No especificado,,Mujeres,12926.0,61494943.0,7310270.0,4e-06
2020,nacional,00,Estados Unidos Mexicanos,1101,Huave,huave,Mujeres,9449.0,61494943.0,7310270.0,1.2e-05
2020,nacional,00,Estados Unidos Mexicanos,0207,Yaqui,yuto-nahua,Mujeres,7221.0,61494943.0,7310270.0,1.2e-05
2020,nacional,00,Estados Unidos Mexicanos,0512,Popoloca,oto-mangue,Mujeres,7128.0,61494943.0,7310270.0,9e-06
2020,nacional,00,Estados Unidos Mexicanos,0505,Pame,oto-mangue,Mujeres,6877.0,61494943.0,7310270.0,2.5e-05
2020,nacional,00,Estados Unidos Mexicanos,0517,Cuicateco,oto-mangue,Mujeres,6560.0,61494943.0,7310270.0,7e-06
2020,nacional,00,Estados Unidos Mexicanos,0203,Tepehuano del norte,yuto-nahua,Mujeres,5342.0,61494943.0,7310270.0,1.4e-05
2020,nacional,00,Estados Unidos Mexicanos,0608,Q'anjob'al,maya,Mujeres,4219.0,61494943.0,7310270.0,1e-05
2020,nacional,00,Estados Unidos Mexicanos,0702,Tepehua,totonaco-tepehua,Mujeres,4164.0,61494943.0,7310270.0,9e-06
2020,nacional,00,Estados Unidos Mexicanos,0618,Mam,maya,Mujeres,3937.0,61494943.0,7310270.0,6e-06
2020,nacional,00,Estados Unidos Mexicanos,0612,Chuj,maya,Mujeres,3234.0,61494943.0,7310270.0,7e-06
2020,nacional,00,Estados Unidos Mexicanos,9030,Popoluca insuficientemente especificado,,Mujeres,3105.0,61494943.0,7310270.0,4e-06
2020,nacional,00,Estados Unidos Mexicanos,1001,Chontal de Oaxaca,chontal de Oaxaca,Mujeres,2707.0,61494943.0,7310270.0,5e-06
2020,nacional,00,Estados Unidos Mexicanos,0902,Sayulteco,mixe-zoque,Mujeres,1915.0,61494943.0,7310270.0,5e-06
2020,nacional,00,Estados Unidos Mexicanos,0206,Guarijío,yuto-nahua,Mujeres,1652.0,61494943.0,7310270.0,1e-05
2020,nacional,00,Estados Unidos Mexicanos,0506,Chichimeco jonaz,oto-mangue,Mujeres,1482.0,61494943.0,7310270.0,7e-06
2020,nacional,00,Estados Unidos Mexicanos,0503,Matlatzinca,oto-mangue,Mujeres,1332.0,61494943.0,7310270.0,1e-06
2020,nacional,00,Estados Unidos Mexicanos,0609,Akateko,maya,Mujeres,984.0,61494943.0,7310270.0,4e-06
2020,nacional,00,Estados Unidos Mexicanos,8000,Otras lenguas indígenas de América,,Mujeres,921.0,61494943.0,7310270.0,0.0
2020,nacional,00,Estados Unidos Mexicanos,0202,Pima,yuto-nahua,Mujeres,827.0,61494943.0,7310270.0,4e-06
2020,nacional,00,Estados Unidos Mexicanos,0511,Chocholteco,oto-mangue,Mujeres,645.0,61494943.0,7310270.0,1e-06
2020,nacional,00,Estados Unidos Mexicanos,9010,Chontal insuficientemente especificado,,Mujeres,606.0,61494943.0,7310270.0,
2020,nacional,00,Estados Unidos Mexicanos,0614,Q'eqchi',maya,Mujeres,429.0,61494943.0,7310270.0,1e-06
2020,nacional,00,Estados Unidos Mexicanos,0401,Seri,seri,Mujeres,424.0,61494943.0,7310270.0,6e-06
2020,nacional,00,Estados Unidos Mexicanos,0615,K'iche',maya,Mujeres,323.0,61494943.0,7310270.0,0.0
2020,nacional,00,Estados Unidos Mexicanos,0504,Tlahuica,oto-mangue,Mujeres,211.0,61494943.0,7310270.0,1e-06
2020,nacional,00,Estados Unidos Mexicanos,0610,Jakalteko,maya,Mujeres,201.0,61494943.0,7310270.0,0.0
2020,nacional,00,Estados Unidos Mexicanos,0301,Paipai,cochimí-yumana,Mujeres,162.0,61494943.0,7310270.0,
2020,nacional,00,Estados Unidos Mexicanos,0304,Kumiai,cochimí-yumana,Mujeres,153.0,61494943.0,7310270.0,0.0
2020,nacional,00,Estados Unidos Mexicanos,0904,Texistepequeño,mixe-zoque,Mujeres,146.0,61494943.0,7310270.0,1e-06
2020,nacional,00,Estados Unidos Mexicanos,0510,Ixcateco,oto-mangue,Mujeres,126.0,61494943.0,7310270.0,0.0
2020,nacional,00,Estados Unidos Mexicanos,0611,Qato'k,maya,Mujeres,107.0,61494943.0,7310270.0,0.0
2020,nacional,00,Estados Unidos Mexicanos,9020,Tepehuano insuficientemente especificado,,Mujeres,87.0,61494943.0,7310270.0,0.0
2020,nacional,00,Estados Unidos Mexicanos,0616,Kaqchikel,maya,Mujeres,41.0,61494943.0,7310270.0,0.0
2020,nacional,00,Estados Unidos Mexicanos,0201,Pápago,yuto-nahua,Mujeres,38.0,61494943.0,7310270.0,0.0
2020,nacional,00,Estados Unidos Mexicanos,0620,Ixil,maya,Mujeres,38.0,61494943.0,7310270.0,
2020,nacional,00,Estados Unidos Mexicanos,0903,Oluteco,mixe-zoque,Mujeres,31.0,61494943.0,7310270.0,0.0
2020,nacional,00,Estados Unidos Mexicanos,0617,Teko,maya,Mujeres,29.0,61494943.0,7310270.0,0.0
2020,nacional,00,Estados Unidos Mexicanos,0603,Lacandón,maya,Mujeres,22.0,61494943.0,7310270.0,0.0
2020,nacional,00,Estados Unidos Mexicanos,0211,Náhuatl,yuto-nahua,Total,1674969.0,119692898.0,14217168.0,0.000346
2020,nacional,00,Estados Unidos Mexicanos,0602,Maya,maya,Total,800533.0,119692898.0,14217168.0,0.000211
2020,nacional,00,Estados Unidos Mexicanos,0606,Tseltal,maya,Total,672586.0,119692898.0,14217168.0,0.00076
2020,nacional,00,Estados Unidos Mexicanos,0607,Tsotsil,maya,Total,558484.0,119692898.0,14217168.0,0.000191
2020,nacional,00,Estados Unidos Mexicanos,0516,Mixteco,oto-mangue,Total,518176.0,119692898.0,14217168.0,0.000113
2020,nacional,00,Estados Unidos Mexicanos,0513,Zapoteco,oto-mangue,Total,500102.0,119692898.0,14217168.0,8.5e-05
2020,nacional,00,Estados Unidos Mexicanos,0501,Otomí,oto-mangue,Total,285517.0,119692898.0,14217168.0,0.000114
2020,nacional,00,Estados Unidos Mexicanos,0701,Totonaco,totonaco-tepehua,Total,267272.0,119692898.0,14217168.0,0.000111
2020,nacional,00,Estados Unidos Mexicanos,0509,Mazateco,oto-mangue,Total,248089.0,119692898.0,14217168.0,9.9e-05
2020,nacional,00,Estados Unidos Mexicanos,0604,Ch'ol,maya,Total,238912.0,119692898.0,14217168.0,0.000147
2020,nacional,00,Estados Unidos Mexicanos,0601,Huasteco,maya,Total,195523.0,119692898.0,14217168.0,0.000164
2020,nacional,00,Estados Unidos Mexicanos,0507,Chinanteco,oto-mangue,Total,144390.0,119692898.0,14217168.0,8.6e-05
2020,nacional,00,Estados Unidos Mexicanos,0901,Mixe,mixe-zoque,Total,141879.0,119692898.0,14217168.0,5e-05
2020,nacional,00,Estados Unidos Mexicanos,0801,Tarasco (purépecha),tarasca,Total,140356.0,119692898.0,14217168.0,5.9e-05
2020,nacional,00,Estados Unidos Mexicanos,0508,Tlapaneco,oto-mangue,Total,137604.0,119692898.0,14217168.0,6e-05
2020,nacional,00,Estados Unidos Mexicanos,0502,Mazahua,oto-mangue,Total,133656.0,119692898.0,14217168.0,7.5e-05
2020,nacional,00,Estados Unidos Mexicanos,0613,Tojolabal,maya,Total,100247.0,119692898.0,14217168.0,0.000466
2020,nacional,00,Estados Unidos Mexicanos,0205,Tarahumara,yuto-nahua,Total,95405.0,119692898.0,14217168.0,2.9e-05
2020,nacional,00,Estados Unidos Mexicanos,0907,Zoque,mixe-zoque,Total,76407.0,119692898.0,14217168.0,5.3e-05
2020,nacional,00,Estados Unidos Mexicanos,0605,Chontal de Tabasco,maya,Total,65342.0,119692898.0,14217168.0,0.00014
2020,nacional,00,Estados Unidos Mexicanos,0515,Amuzgo,oto-mangue,Total,60852.0,119692898.0,14217168.0,3e-05
2020,nacional,00,Estados Unidos Mexicanos,0210,Huichol,yuto-nahua,Total,54563.0,119692898.0,14217168.0,3e-05
2020,nacional,00,Estados Unidos Mexicanos,0514,Chatino,oto-mangue,Total,48197.0,119692898.0,14217168.0,2.5e-05
2020,nacional,00,Estados Unidos Mexicanos,0204,Tepehuano del sur,yuto-nahua,Total,44742.0,119692898.0,14217168.0,2.2e-05
2020,nacional,00,Estados Unidos Mexicanos,0209,Cora,yuto-nahua,Total,36783.0,119692898.0,14217168.0,3.2e-05
2020,nacional,00,Estados Unidos Mexicanos,0906,Popoluca de la Sierra,mixe-zoque,Total,33789.0,119692898.0,14217168.0,3.6e-05
2020,nacional,00,Estados Unidos Mexicanos,0518,Triqui,oto-mangue,Total,33657.0,119692898.0,14217168.0,4.9e-05
2020,nacional,00,Estados Unidos Mexicanos,0208,Mayo,yuto-nahua,Total,31950.0,119692898.0,14217168.0,2.1e-05
2020,nacional,00,Estados Unidos Mexicanos,9000,No especificado,,Total,26822.0,119692898.0,14217168.0,5e-06
2020,nacional,00,Estados Unidos Mexicanos,1101,Huave,huave,Total,19141.0,119692898.0,14217168.0,1.3e-05
2020,nacional,00,Estados Unidos Mexicanos,0207,Yaqui,yuto-nahua,Total,16695.0,119692898.0,14217168.0,1.2e-05
2020,nacional,00,Estados Unidos Mexicanos,0505,Pame,oto-mangue,Total,13514.0,119692898.0,14217168.0,2.6e-05
2020,nacional,00,Estados Unidos Mexicanos,0512,Popoloca,oto-mangue,Total,13447.0,119692898.0,14217168.0,9e-06
2020,nacional,00,Estados Unidos Mexicanos,0517,Cuicateco,oto-mangue,Total,12430.0,119692898.0,14217168.0,7e-06
2020,nacional,00,Estados Unidos Mexicanos,0203,Tepehuano del norte,yuto-nahua,Total,10296.0,119692898.0,14217168.0,1.4e-05
2020,nacional,00,Estados Unidos Mexicanos,0618,Mam,maya,Total,8779.0,119692898.0,14217168.0,8e-06
2020,nacional,00,Estados Unidos Mexicanos,0702,Tepehua,totonaco-tepehua,Total,8365.0,119692898.0,14217168.0,9e-06
2020,nacional,00,Estados Unidos Mexicanos,0608,Q'anjob'al,maya,Total,8153.0,119692898.0,14217168.0,1.1e-05
2020,nacional,00,Estados Unidos Mexicanos,0612,Chuj,maya,Total,6667.0,119692898.0,14217168.0,8e-06
2020,nacional,00,Estados Unidos Mexicanos,9030,Popoluca insuficientemente especificado,,Total,5943.0,119692898.0,14217168.0,3e-06
2020,nacional,00,Estados Unidos Mexicanos,1001,Chontal de Oaxaca,chontal de Oaxaca,Total,5313.0,119692898.0,14217168.0,5e-06
2020,nacional,00,Estados Unidos Mexicanos,0902,Sayulteco,mixe-zoque,Total,3684.0,119692898.0,14217168.0,5e-06
2020,nacional,00,Estados Unidos Mexicanos,0206,Guarijío,yuto-nahua,Total,3124.0,119692898.0,14217168.0,1e-05
2020,nacional,00,Estados Unidos Mexicanos,0506,Chichimeco jonaz,oto-mangue,Total,2938.0,119692898.0,14217168.0,7e-06
2020,nacional,00,Estados Unidos Mexicanos,8000,Otras lenguas indígenas de América,,Total,2880.0,119692898.0,14217168.0,1e-06
2020,nacional,00,Estados Unidos Mexicanos,0503,Matlatzinca,oto-mangue,Total,2468.0,119692898.0,14217168.0,0.0
2020,nacional,00,Estados Unidos Mexicanos,9010,Chontal insuficientemente especificado,,Total,2028.0,119692898.0,14217168.0,1e-06
2020,nacional,00,Estados Unidos Mexicanos,0609,Akateko,maya,Total,1724.0,119692898.0,14217168.0,3e-06
2020,nacional,00,Estados Unidos Mexicanos,0202,Pima,yuto-nahua,Total,1609.0,119692898.0,14217168.0,4e-06
2020,nacional,00,Estados Unidos Mexicanos,0511,Chocholteco,oto-mangue,Total,1077.0,119692898.0,14217168.0,1e-06
2020,nacional,00,Estados Unidos Mexicanos,0401,Seri,seri,Total,926.0,119692898.0,14217168.0,6e-06
2020,nacional,00,Estados Unidos Mexicanos,0614,Q'eqchi',maya,Total,797.0,119692898.0,14217168.0,1e-06
2020,nacional,00,Estados Unidos Mexicanos,0615,K'iche',maya,Total,673.0,119692898.0,14217168.0,0.0
2020,nacional,00,Estados Unidos Mexicanos,0610,Jakalteko,maya,Total,420.0,119692898.0,14217168.0,0.0
2020,nacional,00,Estados Unidos Mexicanos,9020,Tepehuano insuficientemente especificado,,Total,371.0,119692898.0,14217168.0,0.0
2020,nacional,00,Estados Unidos Mexicanos,0904,Texistepequeño,mixe-zoque,Total,336.0,119692898.0,14217168.0,1e-06
2020,nacional,00,Estados Unidos Mexicanos,0504,Tlahuica,oto-mangue,Total,310.0,119692898.0,14217168.0,1e-06
2020,nacional,00,Estados Unidos Mexicanos,0611,Qato'k,maya,Total,254.0,119692898.0,14217168.0,0.0
2020,nacional,00,Estados Unidos Mexicanos,0301,Paipai,cochimí-yumana,Total,245.0,119692898.0,14217168.0,0.0
2020,nacional,00,Estados Unidos Mexicanos,0304,Kumiai,cochimí-yumana,Total,229.0,119692898.0,14217168.0,0.0
2020,nacional,00,Estados Unidos Mexicanos,0510,Ixcateco,oto-mangue,Total,207.0,119692898.0,14217168.0,0.0
2020,nacional,00,Estados Unidos Mexicanos,0201,Pápago,yuto-nahua,Total,165.0,119692898.0,14217168.0,0.0
2020,nacional,00,Estados Unidos Mexicanos,0616,Kaqchikel,maya,Total,142.0,119692898.0,14217168.0,0.0
2020,nacional,00,Estados Unidos Mexicanos,0617,Teko,maya,Total,93.0,119692898.0,14217168.0,0.0
2020,nacional,00,Estados Unidos Mexicanos,0620,Ixil,maya,Total,80.0,119692898.0,14217168.0,0.0
2020,nacional,00,Estados Unidos Mexicanos,0903,Oluteco,mixe-zoque,Total,67.0,119692898.0,14217168.0,0.0
2020,nacional,00,Estados Unidos Mexicanos,0603,Lacandón,maya,Total,45.0,119692898.0,14217168.0,0.0
2020,nacional,00,Estados Unidos Mexicanos,0305,Kiliwa,cochimí-yumana,Total,34.0,119692898.0,14217168.0,
2020,nacional,00,Estados Unidos Mexicanos,0101,Kickapoo,álgica,Total,14.0,119692898.0,14217168.0,
2020,nacional,00,Estados Unidos Mexicanos,0905,Ayapaneco,mixe-zoque,Total,9.0,119692898.0,14217168.0,
