anio,nivel,cve,nombre,lengua,lengua_nombre,familia,sexo,num,den,casos,ee,fuente
2015,alcaldia,012,Tlalpan,0204,Tepehuano del sur,yuto-nahua,Mujeres,3.0,342489.0,26957,,"Encuesta Intercensal 2015 (INEGI), microdatos"
2015,alcaldia,012,Tlalpan,0205,Tarahumara,yuto-nahua,Hombres,9.0,307584.0,24514,,"Encuesta Intercensal 2015 (INEGI), microdatos"
2015,alcaldia,007,Iztapalapa,0205,Tarahumara,yuto-nahua,Hombres,12.0,836632.0,47722,,"Encuesta Intercensal 2015 (INEGI), microdatos"
2015,alcaldia,002,Azcapotzalco,0205,Tarahumara,yuto-nahua,Hombres,11.0,180287.0,8814,,"Encuesta Intercensal 2015 (INEGI), microdatos"
2015,alcaldia,003,Coyoacán,0205,Tarahumara,yuto-nahua,Mujeres,17.0,310461.0,19170,,"Encuesta Intercensal 2015 (INEGI), microdatos"
2015,alcaldia,015,Cuauhtémoc,0205,Tarahumara,yuto-nahua,Hombres,70.0,244811.0,15065,,"Encuesta Intercensal 2015 (INEGI), microdatos"
2015,alcaldia,016,Miguel Hidalgo,0205,Tarahumara,yuto-nahua,Mujeres,32.0,191249.0,10731,,"Encuesta Intercensal 2015 (INEGI), microdatos"
2015,alcaldia,016,Miguel Hidalgo,0205,Tarahumara,yuto-nahua,Hombres,32.0,160433.0,8977,,"Encuesta Intercensal 2015 (INEGI), microdatos"
2015,alcaldia,010,Álvaro Obregón,0205,Tarahumara,yuto-nahua,Hombres,28.0,340293.0,19842,,"Encuesta Intercensal 2015 (INEGI), microdatos"
2015,alcaldia,007,Iztapalapa,0207,Yaqui,yuto-nahua,Hombres,35.0,836632.0,47722,,"Encuesta Intercensal 2015 (INEGI), microdatos"
2015,alcaldia,015,Cuauhtémoc,0207,Yaqui,yuto-nahua,Mujeres,10.0,269988.0,16823,,"Encuesta Intercensal 2015 (INEGI), microdatos"
2015,alcaldia,015,Cuauhtémoc,0207,Yaqui,yuto-nahua,Hombres,2.0,244811.0,15065,,"Encuesta Intercensal 2015 (INEGI), microdatos"
2015,alcaldia,005,Gustavo A. Madero,0207,Yaqui,yuto-nahua,Hombres,42.0,531706.0,29250,,"Encuesta Intercensal 2015 (INEGI), microdatos"
2015,alcaldia,007,Iztapalapa,0207,Yaqui,yuto-nahua,Mujeres,22.0,911249.0,51766,,"Encuesta Intercensal 2015 (INEGI), microdatos"
2015,alcaldia,016,Miguel Hidalgo,0207,Yaqui,yuto-nahua,Hombres,44.0,160433.0,8977,5.4132937144492456e-05,"Encuesta Intercensal 2015 (INEGI), microdatos"
2015,alcaldia,012,Tlalpan,0207,Yaqui,yuto-nahua,Mujeres,9.0,342489.0,26957,,"Encuesta Intercensal 2015 (INEGI), microdatos"
2015,alcaldia,014,Benito Juárez,0208,Mayo,yuto-nahua,Mujeres,18.0,219013.0,11405,,"Encuesta Intercensal 2015 (INEGI), microdatos"
2015,alcaldia,015,Cuauhtémoc,0208,Mayo,yuto-nahua,Mujeres,15.0,269988.0,16823,,"Encuesta Intercensal 2015 (INEGI), microdatos"
2015,alcaldia,012,Tlalpan,0208,Mayo,yuto-nahua,Mujeres,18.0,342489.0,26957,,"Encuesta Intercensal 2015 (INEGI), microdatos"
2015,alcaldia,012,Tlalpan,0210,Huichol,yuto-nahua,Hombres,17.0,307584.0,24514,,"Encuesta Intercensal 2015 (INEGI), microdatos"
2015,alcaldia,003,Coyoacán,0210,Huichol,yuto-nahua,Mujeres,36.0,310461.0,19170,,"Encuesta Intercensal 2015 (INEGI), microdatos"
2015,alcaldia,016,Miguel Hidalgo,0210,Huichol,yuto-nahua,Mujeres,27.0,191249.0,10731,,"Encuesta Intercensal 2015 (INEGI), microdatos"
2015,alcaldia,012,Tlalpan,0210,Huichol,yuto-nahua,Mujeres,8.0,342489.0,26957,,"Encuesta Intercensal 2015 (INEGI), microdatos"
2015,alcaldia,003,Coyoacán,0210,Huichol,yuto-nahua,Hombres,25.0,269097.0,16728,1.1028942936286103e-05,"Encuesta Intercensal 2015 (INEGI), microdatos"
2015,alcaldia,014,Benito Juárez,0211,Náhuatl,yuto-nahua,Mujeres,1042.0,219013.0,11405,0.0005416704189475807,"Encuesta Intercensal 2015 (INEGI), microdatos"
2015,alcaldia,006,Iztacalco,0211,Náhuatl,yuto-nahua,Mujeres,292.0,199219.0,10107,0.00018934033124400594,"Encuesta Intercensal 2015 (INEGI), microdatos"
2015,alcaldia,012,Tlalpan,0211,Náhuatl,yuto-nahua,Hombres,1943.0,307584.0,24514,0.0004769930367433139,"Encuesta Intercensal 2015 (INEGI), microdatos"
2015,alcaldia,004,Cuajimalpa de Morelos,0211,Náhuatl,yuto-nahua,Mujeres,516.0,98827.0,9090,0.001124118551616317,"Encuesta Intercensal 2015 (INEGI), microdatos"
2015,alcaldia,007,Iztapalapa,0211,Náhuatl,yuto-nahua,Hombres,4141.0,836632.0,47722,0.0004469884596375587,"Encuesta Intercensal 2015 (INEGI), microdatos"
2015,alcaldia,013,Xochimilco,0211,Náhuatl,yuto-nahua,Hombres,1892.0,189662.0,16137,0.0016777761818489072,"Encuesta Intercensal 2015 (INEGI), microdatos"
2015,alcaldia,002,Azcapotzalco,0211,Náhuatl,yuto-nahua,Hombres,659.0,180287.0,8814,0.0005354640705581776,"Encuesta Intercensal 2015 (INEGI), microdatos"
2015,alcaldia,013,Xochimilco,0211,Náhuatl,yuto-nahua,Mujeres,1475.0,207198.0,17066,0.0008507102854671329,"Encuesta Intercensal 2015 (INEGI), microdatos"
2015,alcaldia,002,Azcapotzalco,0211,Náhuatl,yuto-nahua,Mujeres,477.0,205484.0,9967,0.00028588385794161154,"Encuesta Intercensal 2015 (INEGI), microdatos"
2015,alcaldia,014,Benito Juárez,0211,Náhuatl,yuto-nahua,Hombres,956.0,186974.0,9548,0.0006182303727692974,"Encuesta Intercensal 2015 (INEGI), microdatos"
2015,alcaldia,006,Iztacalco,0211,Náhuatl,yuto-nahua,Hombres,530.0,176998.0,9001,0.0005783687365214401,"Encuesta Intercensal 2015 (INEGI), microdatos"
2015,alcaldia,015,Cuauhtémoc,0211,Náhuatl,yuto-nahua,Mujeres,870.0,269988.0,16823,0.0004257550136360075,"Encuesta Intercensal 2015 (INEGI), microdatos"
2015,alcaldia,008,La Magdalena Contreras,0211,Náhuatl,yuto-nahua,Hombres,352.0,110870.0,8222,0.0003922113606623698,"Encuesta Intercensal 2015 (INEGI), microdatos"
2015,alcaldia,009,Milpa Alta,0211,Náhuatl,yuto-nahua,Mujeres,1154.0,67111.0,9267,0.0022250845302854553,"Encuesta Intercensal 2015 (INEGI), microdatos"
2015,alcaldia,011,Tláhuac,0211,Náhuatl,yuto-nahua,Mujeres,691.0,181763.0,10390,0.00045670434575034827,"Encuesta Intercensal 2015 (INEGI), microdatos"
2015,alcaldia,017,Venustiano Carranza,0211,Náhuatl,yuto-nahua,Mujeres,426.0,219680.0,11712,0.00031785969303770706,"Encuesta Intercensal 2015 (INEGI), microdatos"
2015,alcaldia,010,Álvaro Obregón,0211,Náhuatl,yuto-nahua,Mujeres,1650.0,378535.0,22016,0.00048344211298446537,"Encuesta Intercensal 2015 (INEGI), microdatos"
2015,alcaldia,003,Coyoacán,0211,Náhuatl,yuto-nahua,Mujeres,1543.0,310461.0,19170,0.0004372119634267153,"Encuesta Intercensal 2015 (INEGI), microdatos"
2015,alcaldia,015,Cuauhtémoc,0211,Náhuatl,yuto-nahua,Hombres,858.0,244811.0,15065,0.000503800446476291,"Encuesta Intercensal 2015 (INEGI), microdatos"
2015,alcaldia,008,La Magdalena Contreras,0211,Náhuatl,yuto-nahua,Mujeres,558.0,120623.0,8995,0.0006807887367414034,"Encuesta Intercensal 2015 (INEGI), microdatos"
2015,alcaldia,009,Milpa Alta,0211,Náhuatl,yuto-nahua,Hombres,1248.0,63632.0,8851,0.00267400029705897,"Encuesta Intercensal 2015 (INEGI), microdatos"
2015,alcaldia,011,Tláhuac,0211,Náhuatl,yuto-nahua,Hombres,793.0,164738.0,9567,0.0008440968271730317,"Encuesta Intercensal 2015 (INEGI), microdatos"
2015,alcaldia,016,Miguel Hidalgo,0211,Náhuatl,yuto-nahua,Mujeres,467.0,191249.0,10731,0.0003998756821082458,"Encuesta Intercensal 2015 (INEGI), microdatos"
2015,alcaldia,005,Gustavo A. Madero,0211,Náhuatl,yuto-nahua,Hombres,2257.0,531706.0,29250,0.00040479176282575145,"Encuesta Intercensal 2015 (INEGI), microdatos"
2015,alcaldia,007,Iztapalapa,0211,Náhuatl,yuto-nahua,Mujeres,3768.0,911249.0,51766,0.0003104305650983177,"Encuesta Intercensal 2015 (INEGI), microdatos"
2015,alcaldia,016,Miguel Hidalgo,0211,Náhuatl,yuto-nahua,Hombres,226.0,160433.0,8977,0.0003045991723424199,"Encuesta Intercensal 2015 (INEGI), microdatos"
2015,alcaldia,005,Gustavo A. Madero,0211,Náhuatl,yuto-nahua,Mujeres,2272.0,587418.0,32389,0.00046022447859636644,"Encuesta Intercensal 2015 (INEGI), microdatos"
2015,alcaldia,012,Tlalpan,0211,Náhuatl,yuto-nahua,Mujeres,2129.0,342489.0,26957,0.0004214640003077205,"Encuesta Intercensal 2015 (INEGI), microdatos"
2015,alcaldia,004,Cuajimalpa de Morelos,0211,Náhuatl,yuto-nahua,Hombres,301.0,91105.0,8684,0.0005222297026494691,"Encuesta Intercensal 2015 (INEGI), microdatos"
2015,alcaldia,017,Venustiano Carranza,0211,Náhuatl,yuto-nahua,Hombres,633.0,191031.0,10361,0.00046001065401445117,"Encuesta Intercensal 2015 (INEGI), microdatos"
2015,alcaldia,010,Álvaro Obregón,0211,Náhuatl,yuto-nahua,Hombres,1367.0,340293.0,19842,0.0005318581723836205,"Encuesta Intercensal 2015 (INEGI), microdatos"
2015,alcaldia,003,Coyoacán,0211,Náhuatl,yuto-nahua,Hombres,1063.0,269097.0,16728,0.00043500990160274546,"Encuesta Intercensal 2015 (INEGI), microdatos"
2015,alcaldia,014,Benito Juárez,0501,Otomí,oto-mangue,Mujeres,171.0,219013.0,11405,0.00012598786901685485,"Encuesta Intercensal 2015 (INEGI), microdatos"
2015,alcaldia,006,Iztacalco,0501,Otomí,oto-mangue,Mujeres,168.0,199219.0,10107,0.00010285521082305975,"Encuesta Intercensal 2015 (INEGI), microdatos"
2015,alcaldia,012,Tlalpan,0501,Otomí,oto-mangue,Hombres,278.0,307584.0,24514,0.0001230373373845525,"Encuesta Intercensal 2015 (INEGI), microdatos"
2015,alcaldia,004,Cuajimalpa de Morelos,0501,Otomí,oto-mangue,Mujeres,298.0,98827.0,9090,0.001117035494527668,"Encuesta Intercensal 2015 (INEGI), microdatos"
2015,alcaldia,007,Iztapalapa,0501,Otomí,oto-mangue,Hombres,1379.0,836632.0,47722,0.00037400911091281394,"Encuesta Intercensal 2015 (INEGI), microdatos"
2015,alcaldia,013,Xochimilco,0501,Otomí,oto-mangue,Hombres,639.0,189662.0,16137,0.0006099084693779133,"Encuesta Intercensal 2015 (INEGI), microdatos"
2015,alcaldia,002,Azcapotzalco,0501,Otomí,oto-mangue,Hombres,322.0,180287.0,8814,0.0007005652369338394,"Encuesta Intercensal 2015 (INEGI), microdatos"
2015,alcaldia,013,Xochimilco,0501,Otomí,oto-mangue,Mujeres,623.0,207198.0,17066,0.0005146799488028561,"Encuesta Intercensal 2015 (INEGI), microdatos"
2015,alcaldia,002,Azcapotzalco,0501,Otomí,oto-mangue,Mujeres,137.0,205484.0,9967,5.834617738345723e-05,"Encuesta Intercensal 2015 (INEGI), microdatos"
2015,alcaldia,014,Benito Juárez,0501,Otomí,oto-mangue,Hombres,100.0,186974.0,9548,8.137936117367482e-05,"Encuesta Intercensal 2015 (INEGI), microdatos"
2015,alcaldia,006,Iztacalco,0501,Otomí,oto-mangue,Hombres,154.0,176998.0,9001,0.0002323186147002399,"Encuesta Intercensal 2015 (INEGI), microdatos"
2015,alcaldia,015,Cuauhtémoc,0501,Otomí,oto-mangue,Mujeres,462.0,269988.0,16823,0.00043904492573704256,"Encuesta Intercensal 2015 (INEGI), microdatos"
2015,alcaldia,008,La Magdalena Contreras,0501,Otomí,oto-mangue,Hombres,94.0,110870.0,8222,0.0001382392172364328,"Encuesta Intercensal 2015 (INEGI), microdatos"
2015,alcaldia,009,Milpa Alta,0501,Otomí,oto-mangue,Mujeres,366.0,67111.0,9267,0.0011230955888357713,"Encuesta Intercensal 2015 (INEGI), microdatos"
2015,alcaldia,011,Tláhuac,0501,Otomí,oto-mangue,Mujeres,180.0,181763.0,10390,0.0002460035785952445,"Encuesta Intercensal 2015 (INEGI), microdatos"
2015,alcaldia,017,Venustiano Carranza,0501,Otomí,oto-mangue,Mujeres,150.0,219680.0,11712,0.00035916694966665067,"Encuesta Intercensal 2015 (INEGI), microdatos"
2015,alcaldia,010,Álvaro Obregón,0501,Otomí,oto-mangue,Mujeres,294.0,378535.0,22016,0.00012155350083188228,"Encuesta Intercensal 2015 (INEGI), microdatos"
2015,alcaldia,003,Coyoacán,0501,Otomí,oto-mangue,Mujeres,403.0,310461.0,19170,0.00010911891849764991,"Encuesta Intercensal 2015 (INEGI), microdatos"
2015,alcaldia,015,Cuauhtémoc,0501,Otomí,oto-mangue,Hombres,145.0,244811.0,15065,0.0001241845925785188,"Encuesta Intercensal 2015 (INEGI), microdatos"
2015,alcaldia,008,La Magdalena Contreras,0501,Otomí,oto-mangue,Mujeres,180.0,120623.0,8995,0.0001839388682136745,"Encuesta Intercensal 2015 (INEGI), microdatos"
2015,alcaldia,009,Milpa Alta,0501,Otomí,oto-mangue,Hombres,398.0,63632.0,8851,0.0008031796780747354,"Encuesta Intercensal 2015 (INEGI), microdatos"
2015,alcaldia,011,Tláhuac,0501,Otomí,oto-mangue,Hombres,278.0,164738.0,9567,0.00028251464409518256,"Encuesta Intercensal 2015 (INEGI), microdatos"
2015,alcaldia,016,Miguel Hidalgo,0501,Otomí,oto-mangue,Mujeres,314.0,191249.0,10731,0.00021382091642123367,"Encuesta Intercensal 2015 (INEGI), microdatos"
2015,alcaldia,005,Gustavo A. Madero,0501,Otomí,oto-mangue,Hombres,1224.0,531706.0,29250,0.0003230697108373011,"Encuesta Intercensal 2015 (INEGI), microdatos"
2015,alcaldia,007,Iztapalapa,0501,Otomí,oto-mangue,Mujeres,1997.0,911249.0,51766,0.0005815014598352812,"Encuesta Intercensal 2015 (INEGI), microdatos"
2015,alcaldia,016,Miguel Hidalgo,0501,Otomí,oto-mangue,Hombres,274.0,160433.0,8977,0.0002665382981387463,"Encuesta Intercensal 2015 (INEGI), microdatos"
2015,alcaldia,005,Gustavo A. Madero,0501,Otomí,oto-mangue,Mujeres,1494.0,587418.0,32389,0.0003991578645923863,"Encuesta Intercensal 2015 (INEGI), microdatos"
2015,alcaldia,012,Tlalpan,0501,Otomí,oto-mangue,Mujeres,492.0,342489.0,26957,0.00014427593915366832,"Encuesta Intercensal 2015 (INEGI), microdatos"
2015,alcaldia,004,Cuajimalpa de Morelos,0501,Otomí,oto-mangue,Hombres,55.0,91105.0,8684,4.240902017454657e-07,"Encuesta Intercensal 2015 (INEGI), microdatos"
2015,alcaldia,017,Venustiano Carranza,0501,Otomí,oto-mangue,Hombres,156.0,191031.0,10361,0.00020343514090741138,"Encuesta Intercensal 2015 (INEGI), microdatos"
2015,alcaldia,010,Álvaro Obregón,0501,Otomí,oto-mangue,Hombres,329.0,340293.0,19842,0.0002347097822632573,"Encuesta Intercensal 2015 (INEGI), microdatos"
2015,alcaldia,003,Coyoacán,0501,Otomí,oto-mangue,Hombres,210.0,269097.0,16728,4.792205310364207e-05,"Encuesta Intercensal 2015 (INEGI), microdatos"
2015,alcaldia,014,Benito Juárez,0502,Mazahua,oto-mangue,Mujeres,94.0,219013.0,11405,0.00014701395851123543,"Encuesta Intercensal 2015 (INEGI), microdatos"
2015,alcaldia,006,Iztacalco,0502,Mazahua,oto-mangue,Mujeres,248.0,199219.0,10107,0.0008414727128675167,"Encuesta Intercensal 2015 (INEGI), microdatos"
2015,alcaldia,012,Tlalpan,0502,Mazahua,oto-mangue,Hombres,161.0,307584.0,24514,8.781112951612877e-05,"Encuesta Intercensal 2015 (INEGI), microdatos"
2015,alcaldia,004,Cuajimalpa de Morelos,0502,Mazahua,oto-mangue,Mujeres,185.0,98827.0,9090,0.0007265721048610248,"Encuesta Intercensal 2015 (INEGI), microdatos"
2015,alcaldia,007,Iztapalapa,0502,Mazahua,oto-mangue,Hombres,1232.0,836632.0,47722,0.00021419247805422428,"Encuesta Intercensal 2015 (INEGI), microdatos"
2015,alcaldia,013,Xochimilco,0502,Mazahua,oto-mangue,Hombres,191.0,189662.0,16137,0.0001517071626531935,"Encuesta Intercensal 2015 (INEGI), microdatos"
2015,alcaldia,002,Azcapotzalco,0502,Mazahua,oto-mangue,Hombres,57.0,180287.0,8814,6.745231089112177e-05,"Encuesta Intercensal 2015 (INEGI), microdatos"
2015,alcaldia,013,Xochimilco,0502,Mazahua,oto-mangue,Mujeres,285.0,207198.0,17066,0.0001749541840341956,"Encuesta Intercensal 2015 (INEGI), microdatos"
2015,alcaldia,002,Azcapotzalco,0502,Mazahua,oto-mangue,Mujeres,78.0,205484.0,9967,,"Encuesta Intercensal 2015 (INEGI), microdatos"
2015,alcaldia,014,Benito Juárez,0502,Mazahua,oto-mangue,Hombres,28.0,186974.0,9548,6.191066556647138e-05,"Encuesta Intercensal 2015 (INEGI), microdatos"
2015,alcaldia,006,Iztacalco,0502,Mazahua,oto-mangue,Hombres,122.0,176998.0,9001,0.00021740291173343113,"Encuesta Intercensal 2015 (INEGI), microdatos"
2015,alcaldia,015,Cuauhtémoc,0502,Mazahua,oto-mangue,Mujeres,287.0,269988.0,16823,0.0002640101812720667,"Encuesta Intercensal 2015 (INEGI), microdatos"
2015,alcaldia,008,La Magdalena Contreras,0502,Mazahua,oto-mangue,Hombres,51.0,110870.0,8222,4.7095755474801426e-05,"Encuesta Intercensal 2015 (INEGI), microdatos"
2015,alcaldia,009,Milpa Alta,0502,Mazahua,oto-mangue,Mujeres,61.0,67111.0,9267,1.9709497678143377e-05,"Encuesta Intercensal 2015 (INEGI), microdatos"
2015,alcaldia,011,Tláhuac,0502,Mazahua,oto-mangue,Mujeres,226.0,181763.0,10390,0.00018534280269635113,"Encuesta Intercensal 2015 (INEGI), microdatos"
2015,alcaldia,017,Venustiano Carranza,0502,Mazahua,oto-mangue,Mujeres,98.0,219680.0,11712,0.00015176711672547716,"Encuesta Intercensal 2015 (INEGI), microdatos"
2015,alcaldia,010,Álvaro Obregón,0502,Mazahua,oto-mangue,Mujeres,838.0,378535.0,22016,0.0003647895839106169,"Encuesta Intercensal 2015 (INEGI), microdatos"
2015,alcaldia,003,Coyoacán,0502,Mazahua,oto-mangue,Mujeres,239.0,310461.0,19170,0.0001081864249281547,"Encuesta Intercensal 2015 (INEGI), microdatos"
2015,alcaldia,015,Cuauhtémoc,0502,Mazahua,oto-mangue,Hombres,314.0,244811.0,15065,0.0003522239831853442,"Encuesta Intercensal 2015 (INEGI), microdatos"
2015,alcaldia,008,La Magdalena Contreras,0502,Mazahua,oto-mangue,Mujeres,90.0,120623.0,8995,0.00010170441222781368,"Encuesta Intercensal 2015 (INEGI), microdatos"
2015,alcaldia,009,Milpa Alta,0502,Mazahua,oto-mangue,Hombres,142.0,63632.0,8851,0.00014184528438502376,"Encuesta Intercensal 2015 (INEGI), microdatos"
2015,alcaldia,011,Tláhuac,0502,Mazahua,oto-mangue,Hombres,248.0,164738.0,9567,0.0004124189169268417,"Encuesta Intercensal 2015 (INEGI), microdatos"
2015,alcaldia,016,Miguel Hidalgo,0502,Mazahua,oto-mangue,Mujeres,237.0,191249.0,10731,0.0002851274644761076,"Encuesta Intercensal 2015 (INEGI), microdatos"
2015,alcaldia,005,Gustavo A. Madero,0502,Mazahua,oto-mangue,Hombres,139.0,531706.0,29250,5.163172637183522e-05,"Encuesta Intercensal 2015 (INEGI), microdatos"
2015,alcaldia,007,Iztapalapa,0502,Mazahua,oto-mangue,Mujeres,1342.0,911249.0,51766,0.0002681953826531948,"Encuesta Intercensal 2015 (INEGI), microdatos"
2015,alcaldia,016,Miguel Hidalgo,0502,Mazahua,oto-mangue,Hombres,27.0,160433.0,8977,,"Encuesta Intercensal 2015 (INEGI), microdatos"
2015,alcaldia,005,Gustavo A. Madero,0502,Mazahua,oto-mangue,Mujeres,197.0,587418.0,32389,6.955576202367536e-05,"Encuesta Intercensal 2015 (INEGI), microdatos"
2015,alcaldia,012,Tlalpan,0502,Mazahua,oto-mangue,Mujeres,268.0,342489.0,26957,6.619816335127874e-05,"Encuesta Intercensal 2015 (INEGI), microdatos"
2015,alcaldia,004,Cuajimalpa de Morelos,0502,Mazahua,oto-mangue,Hombres,120.0,91105.0,8684,0.000390164135226398,"Encuesta Intercensal 2015 (INEGI), microdatos"
2015,alcaldia,017,Venustiano Carranza,0502,Mazahua,oto-mangue,Hombres,119.0,191031.0,10361,0.00010229423272702418,"Encuesta Intercensal 2015 (INEGI), microdatos"
2015,alcaldia,010,Álvaro Obregón,0502,Mazahua,oto-mangue,Hombres,482.0,340293.0,19842,0.00034926644165923456,"Encuesta Intercensal 2015 (INEGI), microdatos"
2015,alcaldia,003,Coyoacán,0502,Mazahua,oto-mangue,Hombres,115.0,269097.0,16728,2.888464591404236e-05,"Encuesta Intercensal 2015 (INEGI), microdatos"
2015,alcaldia,012,Tlalpan,0503,Matlatzinca,oto-mangue,Hombres,1.0,307584.0,24514,,"Encuesta Intercensal 2015 (INEGI), microdatos"
2015,alcaldia,007,Iztapalapa,0503,Matlatzinca,oto-mangue,Hombres,77.0,836632.0,47722,,"Encuesta Intercensal 2015 (INEGI), microdatos"
2015,alcaldia,013,Xochimilco,0503,Matlatzinca,oto-mangue,Hombres,4.0,189662.0,16137,,"Encuesta Intercensal 2015 (INEGI), microdatos"
2015,alcaldia,013,Xochimilco,0503,Matlatzinca,oto-mangue,Mujeres,4.0,207198.0,17066,,"Encuesta Intercensal 2015 (INEGI), microdatos"
2015,alcaldia,003,Coyoacán,0503,Matlatzinca,oto-mangue,Mujeres,12.0,310461.0,19170,,"Encuesta Intercensal 2015 (INEGI), microdatos"
2015,alcaldia,007,Iztapalapa,0503,Matlatzinca,oto-mangue,Mujeres,77.0,911249.0,51766,,"Encuesta Intercensal 2015 (INEGI), microdatos"
2015,alcaldia,012,Tlalpan,0503,Matlatzinca,oto-mangue,Mujeres,9.0,342489.0,26957,,"Encuesta Intercensal 2015 (INEGI), microdatos"
2015,alcaldia,003,Coyoacán,0503,Matlatzinca,oto-mangue,Hombres,48.0,269097.0,16728,,"Encuesta Intercensal 2015 (INEGI), microdatos"
2015,alcaldia,004,Cuajimalpa de Morelos,0505,Pame,oto-mangue,Mujeres,3.0,98827.0,9090,,"Encuesta Intercensal 2015 (INEGI), microdatos"
2015,alcaldia,004,Cuajimalpa de Morelos,0505,Pame,oto-mangue,Hombres,3.0,91105.0,8684,,"Encuesta Intercensal 2015 (INEGI), microdatos"
2015,alcaldia,013,Xochimilco,0506,Chichimeco jonaz,oto-mangue,Hombres,15.0,189662.0,16137,,"Encuesta Intercensal 2015 (INEGI), microdatos"
2015,alcaldia,014,Benito Juárez,0507,Chinanteco,oto-mangue,Mujeres,7.0,219013.0,11405,,"Encuesta Intercensal 2015 (INEGI), microdatos"
2015,alcaldia,006,Iztacalco,0507,Chinanteco,oto-mangue,Mujeres,51.0,199219.0,10107,,"Encuesta Intercensal 2015 (INEGI), microdatos"
2015,alcaldia,012,Tlalpan,0507,Chinanteco,oto-mangue,Hombres,36.0,307584.0,24514,2.8500956703296423e-05,"Encuesta Intercensal 2015 (INEGI), microdatos"
2015,alcaldia,004,Cuajimalpa de Morelos,0507,Chinanteco,oto-mangue,Mujeres,25.0,98827.0,9090,1.3822370962615404e-06,"Encuesta Intercensal 2015 (INEGI), microdatos"
2015,alcaldia,007,Iztapalapa,0507,Chinanteco,oto-mangue,Hombres,530.0,836632.0,47722,0.00011172021122760975,"Encuesta Intercensal 2015 (INEGI), microdatos"
2015,alcaldia,013,Xochimilco,0507,Chinanteco,oto-mangue,Hombres,24.0,189662.0,16137,2.3553357265099242e-05,"Encuesta Intercensal 2015 (INEGI), microdatos"
2015,alcaldia,013,Xochimilco,0507,Chinanteco,oto-mangue,Mujeres,48.0,207198.0,17066,2.783036668841902e-05,"Encuesta Intercensal 2015 (INEGI), microdatos"
2015,alcaldia,002,Azcapotzalco,0507,Chinanteco,oto-mangue,Mujeres,60.0,205484.0,9967,7.86805994158103e-05,"Encuesta Intercensal 2015 (INEGI), microdatos"
2015,alcaldia,006,Iztacalco,0507,Chinanteco,oto-mangue,Hombres,55.0,176998.0,9001,0.00021043059095460033,"Encuesta Intercensal 2015 (INEGI), microdatos"
2015,alcaldia,015,Cuauhtémoc,0507,Chinanteco,oto-mangue,Mujeres,106.0,269988.0,16823,6.0128746579139796e-05,"Encuesta Intercensal 2015 (INEGI), microdatos"
2015,alcaldia,008,La Magdalena Contreras,0507,Chinanteco,oto-mangue,Hombres,82.0,110870.0,8222,0.00010023049411630112,"Encuesta Intercensal 2015 (INEGI), microdatos"
2015,alcaldia,009,Milpa Alta,0507,Chinanteco,oto-mangue,Mujeres,33.0,67111.0,9267,,"Encuesta Intercensal 2015 (INEGI), microdatos"
2015,alcaldia,011,Tláhuac,0507,Chinanteco,oto-mangue,Mujeres,81.0,181763.0,10390,8.657732224783498e-05,"Encuesta Intercensal 2015 (INEGI), microdatos"
2015,alcaldia,017,Venustiano Carranza,0507,Chinanteco,oto-mangue,Mujeres,121.0,219680.0,11712,,"Encuesta Intercensal 2015 (INEGI), microdatos"
2015,alcaldia,010,Álvaro Obregón,0507,Chinanteco,oto-mangue,Mujeres,197.0,378535.0,22016,7.759966007756169e-05,"Encuesta Intercensal 2015 (INEGI), microdatos"
2015,alcaldia,003,Coyoacán,0507,Chinanteco,oto-mangue,Mujeres,280.0,310461.0,19170,0.0002678191936830923,"Encuesta Intercensal 2015 (INEGI), microdatos"
2015,alcaldia,015,Cuauhtémoc,0507,Chinanteco,oto-mangue,Hombres,13.0,244811.0,15065,,"Encuesta Intercensal 2015 (INEGI), microdatos"
2015,alcaldia,008,La Magdalena Contreras,0507,Chinanteco,oto-mangue,Mujeres,135.0,120623.0,8995,0.00029621443770107167,"Encuesta Intercensal 2015 (INEGI), microdatos"
2015,alcaldia,009,Milpa Alta,0507,Chinanteco,oto-mangue,Hombres,26.0,63632.0,8851,,"Encuesta Intercensal 2015 (INEGI), microdatos"
2015,alcaldia,011,Tláhuac,0507,Chinanteco,oto-mangue,Hombres,117.0,164738.0,9567,9.54394293815096e-05,"Encuesta Intercensal 2015 (INEGI), microdatos"
2015,alcaldia,016,Miguel Hidalgo,0507,Chinanteco,oto-mangue,Mujeres,49.0,191249.0,10731,6.966085577909832e-05,"Encuesta Intercensal 2015 (INEGI), microdatos"
2015,alcaldia,005,Gustavo A. Madero,0507,Chinanteco,oto-mangue,Hombres,127.0,531706.0,29250,4.337429261497619e-05,"Encuesta Intercensal 2015 (INEGI), microdatos"
2015,alcaldia,007,Iztapalapa,0507,Chinanteco,oto-mangue,Mujeres,518.0,911249.0,51766,0.00010684334847402403,"Encuesta Intercensal 2015 (INEGI), microdatos"
2015,alcaldia,016,Miguel Hidalgo,0507,Chinanteco,oto-mangue,Hombres,27.0,160433.0,8977,,"Encuesta Intercensal 2015 (INEGI), microdatos"
2015,alcaldia,005,Gustavo A. Madero,0507,Chinanteco,oto-mangue,Mujeres,209.0,587418.0,32389,2.896865776692322e-05,"Encuesta Intercensal 2015 (INEGI), microdatos"
2015,alcaldia,012,Tlalpan,0507,Chinanteco,oto-mangue,Mujeres,64.0,342489.0,26957,7.602752884066583e-05,"Encuesta Intercensal 2015 (INEGI), microdatos"
2015,alcaldia,004,Cuajimalpa de Morelos,0507,Chinanteco,oto-mangue,Hombres,24.0,91105.0,8684,,"Encuesta Intercensal 2015 (INEGI), microdatos"
2015,alcaldia,017,Venustiano Carranza,0507,Chinanteco,oto-mangue,Hombres,134.0,191031.0,10361,0.0005849920489137424,"Encuesta Intercensal 2015 (INEGI), microdatos"
2015,alcaldia,010,Álvaro Obregón,0507,Chinanteco,oto-mangue,Hombres,48.0,340293.0,19842,6.489307208747357e-05,"Encuesta Intercensal 2015 (INEGI), microdatos"
2015,alcaldia,003,Coyoacán,0507,Chinanteco,oto-mangue,Hombres,224.0,269097.0,16728,0.00039648056333087066,"Encuesta Intercensal 2015 (INEGI), microdatos"
2015,alcaldia,006,Iztacalco,0508,Tlapaneco,oto-mangue,Mujeres,46.0,199219.0,10107,,"Encuesta Intercensal 2015 (INEGI), microdatos"
2015,alcaldia,012,Tlalpan,0508,Tlapaneco,oto-mangue,Hombres,8.0,307584.0,24514,,"Encuesta Intercensal 2015 (INEGI), microdatos"
2015,alcaldia,004,Cuajimalpa de Morelos,0508,Tlapaneco,oto-mangue,Mujeres,3.0,98827.0,9090,,"Encuesta Intercensal 2015 (INEGI), microdatos"
2015,alcaldia,007,Iztapalapa,0508,Tlapaneco,oto-mangue,Hombres,324.0,836632.0,47722,6.442737528381928e-05,"Encuesta Intercensal 2015 (INEGI), microdatos"
2015,alcaldia,013,Xochimilco,0508,Tlapaneco,oto-mangue,Hombres,50.0,189662.0,16137,,"Encuesta Intercensal 2015 (INEGI), microdatos"
2015,alcaldia,013,Xochimilco,0508,Tlapaneco,oto-mangue,Mujeres,56.0,207198.0,17066,6.720049022396665e-05,"Encuesta Intercensal 2015 (INEGI), microdatos"
2015,alcaldia,002,Azcapotzalco,0508,Tlapaneco,oto-mangue,Mujeres,27.0,205484.0,9967,,"Encuesta Intercensal 2015 (INEGI), microdatos"
2015,alcaldia,014,Benito Juárez,0508,Tlapaneco,oto-mangue,Hombres,32.0,186974.0,9548,5.3773538206257124e-05,"Encuesta Intercensal 2015 (INEGI), microdatos"
2015,alcaldia,006,Iztacalco,0508,Tlapaneco,oto-mangue,Hombres,50.0,176998.0,9001,0.0002354330711376882,"Encuesta Intercensal 2015 (INEGI), microdatos"
2015,alcaldia,015,Cuauhtémoc,0508,Tlapaneco,oto-mangue,Mujeres,70.0,269988.0,16823,4.1287593377153815e-05,"Encuesta Intercensal 2015 (INEGI), microdatos"
2015,alcaldia,010,Álvaro Obregón,0508,Tlapaneco,oto-mangue,Mujeres,49.0,378535.0,22016,,"Encuesta Intercensal 2015 (INEGI), microdatos"
2015,alcaldia,003,Coyoacán,0508,Tlapaneco,oto-mangue,Mujeres,105.0,310461.0,19170,7.254136733626413e-05,"Encuesta Intercensal 2015 (INEGI), microdatos"
2015,alcaldia,015,Cuauhtémoc,0508,Tlapaneco,oto-mangue,Hombres,68.0,244811.0,15065,0.00013268616953732932,"Encuesta Intercensal 2015 (INEGI), microdatos"
2015,alcaldia,008,La Magdalena Contreras,0508,Tlapaneco,oto-mangue,Mujeres,24.0,120623.0,8995,,"Encuesta Intercensal 2015 (INEGI), microdatos"
2015,alcaldia,009,Milpa Alta,0508,Tlapaneco,oto-mangue,Hombres,14.0,63632.0,8851,,"Encuesta Intercensal 2015 (INEGI), microdatos"
2015,alcaldia,011,Tláhuac,0508,Tlapaneco,oto-mangue,Hombres,77.0,164738.0,9567,0.0001175093035104825,"Encuesta Intercensal 2015 (INEGI), microdatos"
2015,alcaldia,016,Miguel Hidalgo,0508,Tlapaneco,oto-mangue,Mujeres,16.0,191249.0,10731,,"Encuesta Intercensal 2015 (INEGI), microdatos"
2015,alcaldia,005,Gustavo A. Madero,0508,Tlapaneco,oto-mangue,Hombres,24.0,531706.0,29250,3.6878756138447767e-06,"Encuesta Intercensal 2015 (INEGI), microdatos"
2015,alcaldia,007,Iztapalapa,0508,Tlapaneco,oto-mangue,Mujeres,331.0,911249.0,51766,8.339659318045759e-05,"Encuesta Intercensal 2015 (INEGI), microdatos"
2015,alcaldia,005,Gustavo A. Madero,0508,Tlapaneco,oto-mangue,Mujeres,70.0,587418.0,32389,1.2140895682899011e-05,"Encuesta Intercensal 2015 (INEGI), microdatos"
2015,alcaldia,012,Tlalpan,0508,Tlapaneco,oto-mangue,Mujeres,58.0,342489.0,26957,3.888355465185695e-05,"Encuesta Intercensal 2015 (INEGI), microdatos"
2015,alcaldia,004,Cuajimalpa de Morelos,0508,Tlapaneco,oto-mangue,Hombres,6.0,91105.0,8684,,"Encuesta Intercensal 2015 (INEGI), microdatos"
2015,alcaldia,017,Venustiano Carranza,0508,Tlapaneco,oto-mangue,Hombres,16.0,191031.0,10361,,"Encuesta Intercensal 2015 (INEGI), microdatos"
2015,alcaldia,010,Álvaro Obregón,0508,Tlapaneco,oto-mangue,Hombres,41.0,340293.0,19842,3.269968086807044e-05,"Encuesta Intercensal 2015 (INEGI), microdatos"
2015,alcaldia,003,Coyoacán,0508,Tlapaneco,oto-mangue,Hombres,50.0,269097.0,16728,1.9554717315288805e-05,"Encuesta Intercensal 2015 (INEGI), microdatos"
2015,alcaldia,014,Benito Juárez,0509,Mazateco,oto-mangue,Mujeres,110.0,219013.0,11405,0.00015867276765962703,"Encuesta Intercensal 2015 (INEGI), microdatos"
2015,alcaldia,006,Iztacalco,0509,Mazateco,oto-mangue,Mujeres,100.0,199219.0,10107,7.807190150538065e-05,"Encuesta Intercensal 2015 (INEGI), microdatos"
2015,alcaldia,012,Tlalpan,0509,Mazateco,oto-mangue,Hombres,398.0,307584.0,24514,0.00024254339776351818,"Encuesta Intercensal 2015 (INEGI), microdatos"
2015,alcaldia,004,Cuajimalpa de Morelos,0509,Mazateco,oto-mangue,Mujeres,18.0,98827.0,9090,,"Encuesta Intercensal 2015 (INEGI), microdatos"
2015,alcaldia,007,Iztapalapa,0509,Mazateco,oto-mangue,Hombres,1580.0,836632.0,47722,0.00028071442040363356,"Encuesta Intercensal 2015 (INEGI), microdatos"
2015,alcaldia,013,Xochimilco,0509,Mazateco,oto-mangue,Hombres,929.0,189662.0,16137,0.00089529235251643,"Encuesta Intercensal 2015 (INEGI), microdatos"
2015,alcaldia,002,Azcapotzalco,0509,Mazateco,oto-mangue,Hombres,45.0,180287.0,8814,,"Encuesta Intercensal 2015 (INEGI), microdatos"
2015,alcaldia,013,Xochimilco,0509,Mazateco,oto-mangue,Mujeres,799.0,207198.0,17066,0.0007935706025297865,"Encuesta Intercensal 2015 (INEGI), microdatos"
2015,alcaldia,002,Azcapotzalco,0509,Mazateco,oto-mangue,Mujeres,67.0,205484.0,9967,,"Encuesta Intercensal 2015 (INEGI), microdatos"
2015,alcaldia,014,Benito Juárez,0509,Mazateco,oto-mangue,Hombres,40.0,186974.0,9548,3.0069386439041167e-05,"Encuesta Intercensal 2015 (INEGI), microdatos"
2015,alcaldia,006,Iztacalco,0509,Mazateco,oto-mangue,Hombres,197.0,176998.0,9001,0.0006235584539421696,"Encuesta Intercensal 2015 (INEGI), microdatos"
2015,alcaldia,015,Cuauhtémoc,0509,Mazateco,oto-mangue,Mujeres,389.0,269988.0,16823,0.0007004328327984475,"Encuesta Intercensal 2015 (INEGI), microdatos"
2015,alcaldia,008,La Magdalena Contreras,0509,Mazateco,oto-mangue,Hombres,152.0,110870.0,8222,0.00011818447887341227,"Encuesta Intercensal 2015 (INEGI), microdatos"
2015,alcaldia,009,Milpa Alta,0509,Mazateco,oto-mangue,Mujeres,244.0,67111.0,9267,0.0007212273994824,"Encuesta Intercensal 2015 (INEGI), microdatos"
2015,alcaldia,011,Tláhuac,0509,Mazateco,oto-mangue,Mujeres,190.0,181763.0,10390,0.000232747233582836,"Encuesta Intercensal 2015 (INEGI), microdatos"
2015,alcaldia,017,Venustiano Carranza,0509,Mazateco,oto-mangue,Mujeres,171.0,219680.0,11712,0.0001751380483231332,"Encuesta Intercensal 2015 (INEGI), microdatos"
2015,alcaldia,010,Álvaro Obregón,0509,Mazateco,oto-mangue,Mujeres,192.0,378535.0,22016,0.0001739264573901789,"Encuesta Intercensal 2015 (INEGI), microdatos"
2015,alcaldia,003,Coyoacán,0509,Mazateco,oto-mangue,Mujeres,276.0,310461.0,19170,0.00017374370530230432,"Encuesta Intercensal 2015 (INEGI), microdatos"
2015,alcaldia,015,Cuauhtémoc,0509,Mazateco,oto-mangue,Hombres,176.0,244811.0,15065,6.213636376616315e-05,"Encuesta Intercensal 2015 (INEGI), microdatos"
2015,alcaldia,008,La Magdalena Contreras,0509,Mazateco,oto-mangue,Mujeres,190.0,120623.0,8995,0.00025450293688714017,"Encuesta Intercensal 2015 (INEGI), microdatos"
2015,alcaldia,009,Milpa Alta,0509,Mazateco,oto-mangue,Hombres,245.0,63632.0,8851,0.0012210575214503794,"Encuesta Intercensal 2015 (INEGI), microdatos"
2015,alcaldia,011,Tláhuac,0509,Mazateco,oto-mangue,Hombres,86.0,164738.0,9567,7.610292701889983e-05,"Encuesta Intercensal 2015 (INEGI), microdatos"
2015,alcaldia,016,Miguel Hidalgo,0509,Mazateco,oto-mangue,Mujeres,232.0,191249.0,10731,0.00032670521469574236,"Encuesta Intercensal 2015 (INEGI), microdatos"
2015,alcaldia,005,Gustavo A. Madero,0509,Mazateco,oto-mangue,Hombres,747.0,531706.0,29250,0.00024975758952996583,"Encuesta Intercensal 2015 (INEGI), microdatos"
2015,alcaldia,007,Iztapalapa,0509,Mazateco,oto-mangue,Mujeres,1402.0,911249.0,51766,0.0002010429219260749,"Encuesta Intercensal 2015 (INEGI), microdatos"
2015,alcaldia,016,Miguel Hidalgo,0509,Mazateco,oto-mangue,Hombres,104.0,160433.0,8977,,"Encuesta Intercensal 2015 (INEGI), microdatos"
2015,alcaldia,005,Gustavo A. Madero,0509,Mazateco,oto-mangue,Mujeres,841.0,587418.0,32389,0.00021981432326110387,"Encuesta Intercensal 2015 (INEGI), microdatos"
2015,alcaldia,012,Tlalpan,0509,Mazateco,oto-mangue,Mujeres,525.0,342489.0,26957,0.00024041485348591846,"Encuesta Intercensal 2015 (INEGI), microdatos"
2015,alcaldia,004,Cuajimalpa de Morelos,0509,Mazateco,oto-mangue,Hombres,5.0,91105.0,8684,,"Encuesta Intercensal 2015 (INEGI), microdatos"
2015,alcaldia,017,Venustiano Carranza,0509,Mazateco,oto-mangue,Hombres,220.0,191031.0,10361,0.0002700350303595782,"Encuesta Intercensal 2015 (INEGI), microdatos"
2015,alcaldia,010,Álvaro Obregón,0509,Mazateco,oto-mangue,Hombres,124.0,340293.0,19842,0.00012024410192856244,"Encuesta Intercensal 2015 (INEGI), microdatos"
2015,alcaldia,003,Coyoacán,0509,Mazateco,oto-mangue,Hombres,282.0,269097.0,16728,0.0004564953148835019,"Encuesta Intercensal 2015 (INEGI), microdatos"
2015,alcaldia,009,Milpa Alta,0511,Chocholteco,oto-mangue,Mujeres,1.0,67111.0,9267,,"Encuesta Intercensal 2015 (INEGI), microdatos"
2015,alcaldia,010,Álvaro Obregón,0511,Chocholteco,oto-mangue,Mujeres,30.0,378535.0,22016,,"Encuesta Intercensal 2015 (INEGI), microdatos"
2015,alcaldia,003,Coyoacán,0511,Chocholteco,oto-mangue,Mujeres,6.0,310461.0,19170,,"Encuesta Intercensal 2015 (INEGI), microdatos"
2015,alcaldia,009,Milpa Alta,0511,Chocholteco,oto-mangue,Hombres,1.0,63632.0,8851,,"Encuesta Intercensal 2015 (INEGI), microdatos"
2015,alcaldia,010,Álvaro Obregón,0511,Chocholteco,oto-mangue,Hombres,30.0,340293.0,19842,,"Encuesta Intercensal 2015 (INEGI), microdatos"
2015,alcaldia,004,Cuajimalpa de Morelos,0512,Popoloca,oto-mangue,Mujeres,22.0,98827.0,9090,,"Encuesta Intercensal 2015 (INEGI), microdatos"
2015,alcaldia,013,Xochimilco,0512,Popoloca,oto-mangue,Hombres,3.0,189662.0,16137,,"Encuesta Intercensal 2015 (INEGI), microdatos"
2015,alcaldia,009,Milpa Alta,0512,Popoloca,oto-mangue,Mujeres,34.0,67111.0,9267,,"Encuesta Intercensal 2015 (INEGI), microdatos"
2015,alcaldia,017,Venustiano Carranza,0512,Popoloca,oto-mangue,Mujeres,12.0,219680.0,11712,,"Encuesta Intercensal 2015 (INEGI), microdatos"
2015,alcaldia,010,Álvaro Obregón,0512,Popoloca,oto-mangue,Mujeres,7.0,378535.0,22016,,"Encuesta Intercensal 2015 (INEGI), microdatos"
2015,alcaldia,003,Coyoacán,0512,Popoloca,oto-mangue,Mujeres,7.0,310461.0,19170,,"Encuesta Intercensal 2015 (INEGI), microdatos"
2015,alcaldia,017,Venustiano Carranza,0512,Popoloca,oto-mangue,Hombres,12.0,191031.0,10361,,"Encuesta Intercensal 2015 (INEGI), microdatos"
2015,alcaldia,014,Benito Juárez,0513,Zapoteco,oto-mangue,Mujeres,329.0,219013.0,11405,0.0002862920059629452,"Encuesta Intercensal 2015 (INEGI), microdatos"
2015,alcaldia,006,Iztacalco,0513,Zapoteco,oto-mangue,Mujeres,265.0,199219.0,10107,0.00048158971588751413,"Encuesta Intercensal 2015 (INEGI), microdatos"
2015,alcaldia,012,Tlalpan,0513,Zapoteco,oto-mangue,Hombres,409.0,307584.0,24514,0.00019338760921647563,"Encuesta Intercensal 2015 (INEGI), microdatos"
2015,alcaldia,004,Cuajimalpa de Morelos,0513,Zapoteco,oto-mangue,Mujeres,63.0,98827.0,9090,2.9964647712560876e-05,"Encuesta Intercensal 2015 (INEGI), microdatos"
2015,alcaldia,007,Iztapalapa,0513,Zapoteco,oto-mangue,Hombres,1096.0,836632.0,47722,0.00015314986865049322,"Encuesta Intercensal 2015 (INEGI), microdatos"
2015,alcaldia,013,Xochimilco,0513,Zapoteco,oto-mangue,Hombres,48.0,189662.0,16137,7.541616643507167e-05,"Encuesta Intercensal 2015 (INEGI), microdatos"
2015,alcaldia,002,Azcapotzalco,0513,Zapoteco,oto-mangue,Hombres,417.0,180287.0,8814,0.0005475803377243667,"Encuesta Intercensal 2015 (INEGI), microdatos"
2015,alcaldia,013,Xochimilco,0513,Zapoteco,oto-mangue,Mujeres,178.0,207198.0,17066,0.00028399368852489234,"Encuesta Intercensal 2015 (INEGI), microdatos"
2015,alcaldia,002,Azcapotzalco,0513,Zapoteco,oto-mangue,Mujeres,149.0,205484.0,9967,0.000119962489157844,"Encuesta Intercensal 2015 (INEGI), microdatos"
2015,alcaldia,014,Benito Juárez,0513,Zapoteco,oto-mangue,Hombres,245.0,186974.0,9548,0.0001797377574050804,"Encuesta Intercensal 2015 (INEGI), microdatos"
2015,alcaldia,006,Iztacalco,0513,Zapoteco,oto-mangue,Hombres,59.0,176998.0,9001,1.84766855443665e-05,"Encuesta Intercensal 2015 (INEGI), microdatos"
2015,alcaldia,015,Cuauhtémoc,0513,Zapoteco,oto-mangue,Mujeres,447.0,269988.0,16823,0.0002530434909814962,"Encuesta Intercensal 2015 (INEGI), microdatos"
2015,alcaldia,008,La Magdalena Contreras,0513,Zapoteco,oto-mangue,Hombres,9.0,110870.0,8222,,"Encuesta Intercensal 2015 (INEGI), microdatos"
2015,alcaldia,009,Milpa Alta,0513,Zapoteco,oto-mangue,Mujeres,57.0,67111.0,9267,0.00012755539528636338,"Encuesta Intercensal 2015 (INEGI), microdatos"
2015,alcaldia,011,Tláhuac,0513,Zapoteco,oto-mangue,Mujeres,342.0,181763.0,10390,0.0002238418800631779,"Encuesta Intercensal 2015 (INEGI), microdatos"
2015,alcaldia,017,Venustiano Carranza,0513,Zapoteco,oto-mangue,Mujeres,465.0,219680.0,11712,0.0007112968350547913,"Encuesta Intercensal 2015 (INEGI), microdatos"
2015,alcaldia,010,Álvaro Obregón,0513,Zapoteco,oto-mangue,Mujeres,411.0,378535.0,22016,0.0003376390033165331,"Encuesta Intercensal 2015 (INEGI), microdatos"
2015,alcaldia,003,Coyoacán,0513,Zapoteco,oto-mangue,Mujeres,419.0,310461.0,19170,0.00014110545365991347,"Encuesta Intercensal 2015 (INEGI), microdatos"
2015,alcaldia,015,Cuauhtémoc,0513,Zapoteco,oto-mangue,Hombres,486.0,244811.0,15065,0.0004339899135176959,"Encuesta Intercensal 2015 (INEGI), microdatos"
2015,alcaldia,008,La Magdalena Contreras,0513,Zapoteco,oto-mangue,Mujeres,123.0,120623.0,8995,0.0001956390812495171,"Encuesta Intercensal 2015 (INEGI), microdatos"
2015,alcaldia,009,Milpa Alta,0513,Zapoteco,oto-mangue,Hombres,55.0,63632.0,8851,,"Encuesta Intercensal 2015 (INEGI), microdatos"
2015,alcaldia,011,Tláhuac,0513,Zapoteco,oto-mangue,Hombres,348.0,164738.0,9567,0.00042167400736165645,"Encuesta Intercensal 2015 (INEGI), microdatos"
2015,alcaldia,016,Miguel Hidalgo,0513,Zapoteco,oto-mangue,Mujeres,175.0,191249.0,10731,8.504667300055414e-05,"Encuesta Intercensal 2015 (INEGI), microdatos"
2015,alcaldia,005,Gustavo A. Madero,0513,Zapoteco,oto-mangue,Hombres,728.0,531706.0,29250,0.000227264842475506,"Encuesta Intercensal 2015 (INEGI), microdatos"
2015,alcaldia,007,Iztapalapa,0513,Zapoteco,oto-mangue,Mujeres,1198.0,911249.0,51766,0.0001316724900978423,"Encuesta Intercensal 2015 (INEGI), microdatos"
2015,alcaldia,016,Miguel Hidalgo,0513,Zapoteco,oto-mangue,Hombres,116.0,160433.0,8977,0.00013283637901223392,"Encuesta Intercensal 2015 (INEGI), microdatos"
2015,alcaldia,005,Gustavo A. Madero,0513,Zapoteco,oto-mangue,Mujeres,744.0,587418.0,32389,0.00018502086765002964,"Encuesta Intercensal 2015 (INEGI), microdatos"
2015,alcaldia,012,Tlalpan,0513,Zapoteco,oto-mangue,Mujeres,555.0,342489.0,26957,0.00016288846810080609,"Encuesta Intercensal 2015 (INEGI), microdatos"
2015,alcaldia,004,Cuajimalpa de Morelos,0513,Zapoteco,oto-mangue,Hombres,2.0,91105.0,8684,,"Encuesta Intercensal 2015 (INEGI), microdatos"
2015,alcaldia,017,Venustiano Carranza,0513,Zapoteco,oto-mangue,Hombres,135.0,191031.0,10361,0.0002449616873803495,"Encuesta Intercensal 2015 (INEGI), microdatos"
2015,alcaldia,010,Álvaro Obregón,0513,Zapoteco,oto-mangue,Hombres,139.0,340293.0,19842,6.958931343350178e-05,"Encuesta Intercensal 2015 (INEGI), microdatos"
2015,alcaldia,003,Coyoacán,0513,Zapoteco,oto-mangue,Hombres,381.0,269097.0,16728,0.0001883470783528976,"Encuesta Intercensal 2015 (INEGI), microdatos"
2015,alcaldia,012,Tlalpan,0514,Chatino,oto-mangue,Hombres,3.0,307584.0,24514,,"Encuesta Intercensal 2015 (INEGI), microdatos"
2015,alcaldia,007,Iztapalapa,0514,Chatino,oto-mangue,Hombres,16.0,836632.0,47722,,"Encuesta Intercensal 2015 (INEGI), microdatos"
2015,alcaldia,013,Xochimilco,0514,Chatino,oto-mangue,Mujeres,51.0,207198.0,17066,1.3921754536830316e-05,"Encuesta Intercensal 2015 (INEGI), microdatos"
2015,alcaldia,007,Iztapalapa,0514,Chatino,oto-mangue,Mujeres,28.0,911249.0,51766,4.395514246971915e-06,"Encuesta Intercensal 2015 (INEGI), microdatos"
2015,alcaldia,014,Benito Juárez,0515,Amuzgo,oto-mangue,Mujeres,5.0,219013.0,11405,,"Encuesta Intercensal 2015 (INEGI), microdatos"
2015,alcaldia,007,Iztapalapa,0515,Amuzgo,oto-mangue,Hombres,31.0,836632.0,47722,,"Encuesta Intercensal 2015 (INEGI), microdatos"
2015,alcaldia,013,Xochimilco,0515,Amuzgo,oto-mangue,Hombres,9.0,189662.0,16137,,"Encuesta Intercensal 2015 (INEGI), microdatos"
2015,alcaldia,013,Xochimilco,0515,Amuzgo,oto-mangue,Mujeres,4.0,207198.0,17066,,"Encuesta Intercensal 2015 (INEGI), microdatos"
2015,alcaldia,011,Tláhuac,0515,Amuzgo,oto-mangue,Mujeres,11.0,181763.0,10390,,"Encuesta Intercensal 2015 (INEGI), microdatos"
2015,alcaldia,010,Álvaro Obregón,0515,Amuzgo,oto-mangue,Mujeres,9.0,378535.0,22016,,"Encuesta Intercensal 2015 (INEGI), microdatos"
2015,alcaldia,003,Coyoacán,0515,Amuzgo,oto-mangue,Mujeres,81.0,310461.0,19170,5.545730911618752e-05,"Encuesta Intercensal 2015 (INEGI), microdatos"
2015,alcaldia,005,Gustavo A. Madero,0515,Amuzgo,oto-mangue,Hombres,114.0,531706.0,29250,0.00010979462528016499,"Encuesta Intercensal 2015 (INEGI), microdatos"
2015,alcaldia,007,Iztapalapa,0515,Amuzgo,oto-mangue,Mujeres,16.0,911249.0,51766,,"Encuesta Intercensal 2015 (INEGI), microdatos"
2015,alcaldia,005,Gustavo A. Madero,0515,Amuzgo,oto-mangue,Mujeres,163.0,587418.0,32389,,"Encuesta Intercensal 2015 (INEGI), microdatos"
2015,alcaldia,014,Benito Juárez,0516,Mixteco,oto-mangue,Mujeres,307.0,219013.0,11405,0.00025065510786820267,"Encuesta Intercensal 2015 (INEGI), microdatos"
2015,alcaldia,006,Iztacalco,0516,Mixteco,oto-mangue,Mujeres,365.0,199219.0,10107,0.000490619270659658,"Encuesta Intercensal 2015 (INEGI), microdatos"
2015,alcaldia,012,Tlalpan,0516,Mixteco,oto-mangue,Hombres,1211.0,307584.0,24514,0.0006854420162323516,"Encuesta Intercensal 2015 (INEGI), microdatos"
2015,alcaldia,004,Cuajimalpa de Morelos,0516,Mixteco,oto-mangue,Mujeres,165.0,98827.0,9090,0.0003906206839749418,"Encuesta Intercensal 2015 (INEGI), microdatos"
2015,alcaldia,007,Iztapalapa,0516,Mixteco,oto-mangue,Hombres,2589.0,836632.0,47722,0.00029721535837709355,"Encuesta Intercensal 2015 (INEGI), microdatos"
2015,alcaldia,013,Xochimilco,0516,Mixteco,oto-mangue,Hombres,534.0,189662.0,16137,0.0008975571428589947,"Encuesta Intercensal 2015 (INEGI), microdatos"
2015,alcaldia,002,Azcapotzalco,0516,Mixteco,oto-mangue,Hombres,75.0,180287.0,8814,0.00024041955725754002,"Encuesta Intercensal 2015 (INEGI), microdatos"
2015,alcaldia,013,Xochimilco,0516,Mixteco,oto-mangue,Mujeres,358.0,207198.0,17066,0.0002066079597151641,"Encuesta Intercensal 2015 (INEGI), microdatos"
2015,alcaldia,002,Azcapotzalco,0516,Mixteco,oto-mangue,Mujeres,379.0,205484.0,9967,0.001039569138627059,"Encuesta Intercensal 2015 (INEGI), microdatos"
2015,alcaldia,014,Benito Juárez,0516,Mixteco,oto-mangue,Hombres,121.0,186974.0,9548,5.612845221881633e-05,"Encuesta Intercensal 2015 (INEGI), microdatos"
2015,alcaldia,006,Iztacalco,0516,Mixteco,oto-mangue,Hombres,220.0,176998.0,9001,0.0003004648511954609,"Encuesta Intercensal 2015 (INEGI), microdatos"
2015,alcaldia,015,Cuauhtémoc,0516,Mixteco,oto-mangue,Mujeres,374.0,269988.0,16823,0.00029050094226057405,"Encuesta Intercensal 2015 (INEGI), microdatos"
2015,alcaldia,008,La Magdalena Contreras,0516,Mixteco,oto-mangue,Hombres,211.0,110870.0,8222,0.0004613984594488312,"Encuesta Intercensal 2015 (INEGI), microdatos"
2015,alcaldia,009,Milpa Alta,0516,Mixteco,oto-mangue,Mujeres,284.0,67111.0,9267,0.0007203918908034767,"Encuesta Intercensal 2015 (INEGI), microdatos"
2015,alcaldia,011,Tláhuac,0516,Mixteco,oto-mangue,Mujeres,286.0,181763.0,10390,0.00028998259193125606,"Encuesta Intercensal 2015 (INEGI), microdatos"
2015,alcaldia,017,Venustiano Carranza,0516,Mixteco,oto-mangue,Mujeres,462.0,219680.0,11712,0.000537300011216309,"Encuesta Intercensal 2015 (INEGI), microdatos"
2015,alcaldia,010,Álvaro Obregón,0516,Mixteco,oto-mangue,Mujeres,295.0,378535.0,22016,0.0002053824799842127,"Encuesta Intercensal 2015 (INEGI), microdatos"
2015,alcaldia,003,Coyoacán,0516,Mixteco,oto-mangue,Mujeres,518.0,310461.0,19170,0.0001241960647674657,"Encuesta Intercensal 2015 (INEGI), microdatos"
2015,alcaldia,015,Cuauhtémoc,0516,Mixteco,oto-mangue,Hombres,142.0,244811.0,15065,0.0001380446923779267,"Encuesta Intercensal 2015 (INEGI), microdatos"
2015,alcaldia,008,La Magdalena Contreras,0516,Mixteco,oto-mangue,Mujeres,213.0,120623.0,8995,0.0005939990578243624,"Encuesta Intercensal 2015 (INEGI), microdatos"
2015,alcaldia,009,Milpa Alta,0516,Mixteco,oto-mangue,Hombres,301.0,63632.0,8851,0.0007587808075703518,"Encuesta Intercensal 2015 (INEGI), microdatos"
2015,alcaldia,011,Tláhuac,0516,Mixteco,oto-mangue,Hombres,335.0,164738.0,9567,0.0003607587632198543,"Encuesta Intercensal 2015 (INEGI), microdatos"
2015,alcaldia,016,Miguel Hidalgo,0516,Mixteco,oto-mangue,Mujeres,108.0,191249.0,10731,0.00015661321516896554,"Encuesta Intercensal 2015 (INEGI), microdatos"
2015,alcaldia,005,Gustavo A. Madero,0516,Mixteco,oto-mangue,Hombres,655.0,531706.0,29250,0.0002739991092485576,"Encuesta Intercensal 2015 (INEGI), microdatos"
2015,alcaldia,007,Iztapalapa,0516,Mixteco,oto-mangue,Mujeres,2577.0,911249.0,51766,0.00037701884408742676,"Encuesta Intercensal 2015 (INEGI), microdatos"
2015,alcaldia,016,Miguel Hidalgo,0516,Mixteco,oto-mangue,Hombres,68.0,160433.0,8977,6.422232400494322e-05,"Encuesta Intercensal 2015 (INEGI), microdatos"
2015,alcaldia,005,Gustavo A. Madero,0516,Mixteco,oto-mangue,Mujeres,808.0,587418.0,32389,0.00017549095602867733,"Encuesta Intercensal 2015 (INEGI), microdatos"
2015,alcaldia,012,Tlalpan,0516,Mixteco,oto-mangue,Mujeres,1233.0,342489.0,26957,0.0004124150776925161,"Encuesta Intercensal 2015 (INEGI), microdatos"
2015,alcaldia,004,Cuajimalpa de Morelos,0516,Mixteco,oto-mangue,Hombres,80.0,91105.0,8684,0.0002006967646113238,"Encuesta Intercensal 2015 (INEGI), microdatos"
2015,alcaldia,017,Venustiano Carranza,0516,Mixteco,oto-mangue,Hombres,361.0,191031.0,10361,0.0005046465163601741,"Encuesta Intercensal 2015 (INEGI), microdatos"
2015,alcaldia,010,Álvaro Obregón,0516,Mixteco,oto-mangue,Hombres,98.0,340293.0,19842,1.0820270246079507e-05,"Encuesta Intercensal 2015 (INEGI), microdatos"
2015,alcaldia,003,Coyoacán,0516,Mixteco,oto-mangue,Hombres,187.0,269097.0,16728,0.00012238832161092525,"Encuesta Intercensal 2015 (INEGI), microdatos"
2015,alcaldia,007,Iztapalapa,0517,Cuicateco,oto-mangue,Hombres,8.0,836632.0,47722,,"Encuesta Intercensal 2015 (INEGI), microdatos"
2015,alcaldia,013,Xochimilco,0517,Cuicateco,oto-mangue,Hombres,14.0,189662.0,16137,,"Encuesta Intercensal 2015 (INEGI), microdatos"
2015,alcaldia,013,Xochimilco,0517,Cuicateco,oto-mangue,Mujeres,14.0,207198.0,17066,,"Encuesta Intercensal 2015 (INEGI), microdatos"
2015,alcaldia,009,Milpa Alta,0517,Cuicateco,oto-mangue,Mujeres,7.0,67111.0,9267,,"Encuesta Intercensal 2015 (INEGI), microdatos"
2015,alcaldia,017,Venustiano Carranza,0517,Cuicateco,oto-mangue,Mujeres,1.0,219680.0,11712,,"Encuesta Intercensal 2015 (INEGI), microdatos"
2015,alcaldia,009,Milpa Alta,0517,Cuicateco,oto-mangue,Hombres,21.0,63632.0,8851,0.00013676431274839125,"Encuesta Intercensal 2015 (INEGI), microdatos"
2015,alcaldia,016,Miguel Hidalgo,0517,Cuicateco,oto-mangue,Mujeres,18.0,191249.0,10731,,"Encuesta Intercensal 2015 (INEGI), microdatos"
2015,alcaldia,005,Gustavo A. Madero,0517,Cuicateco,oto-mangue,Hombres,11.0,531706.0,29250,,"Encuesta Intercensal 2015 (INEGI), microdatos"
2015,alcaldia,007,Iztapalapa,0517,Cuicateco,oto-mangue,Mujeres,94.0,911249.0,51766,2.1737342347357852e-05,"Encuesta Intercensal 2015 (INEGI), microdatos"
2015,alcaldia,012,Tlalpan,0517,Cuicateco,oto-mangue,Mujeres,38.0,342489.0,26957,,"Encuesta Intercensal 2015 (INEGI), microdatos"
2015,alcaldia,007,Iztapalapa,0518,Triqui,oto-mangue,Hombres,46.0,836632.0,47722,2.2906448905746692e-06,"Encuesta Intercensal 2015 (INEGI), microdatos"
2015,alcaldia,010,Álvaro Obregón,0518,Triqui,oto-mangue,Mujeres,20.0,378535.0,22016,,"Encuesta Intercensal 2015 (INEGI), microdatos"
2015,alcaldia,016,Miguel Hidalgo,0518,Triqui,oto-mangue,Mujeres,63.0,191249.0,10731,,"Encuesta Intercensal 2015 (INEGI), microdatos"
2015,alcaldia,005,Gustavo A. Madero,0518,Triqui,oto-mangue,Hombres,44.0,531706.0,29250,,"Encuesta Intercensal 2015 (INEGI), microdatos"
2015,alcaldia,007,Iztapalapa,0518,Triqui,oto-mangue,Mujeres,26.0,911249.0,51766,,"Encuesta Intercensal 2015 (INEGI), microdatos"
2015,alcaldia,005,Gustavo A. Madero,0518,Triqui,oto-mangue,Mujeres,65.0,587418.0,32389,,"Encuesta Intercensal 2015 (INEGI), microdatos"
2015,alcaldia,010,Álvaro Obregón,0518,Triqui,oto-mangue,Hombres,23.0,340293.0,19842,,"Encuesta Intercensal 2015 (INEGI), microdatos"
2015,alcaldia,014,Benito Juárez,0601,Huasteco,maya,Mujeres,58.0,219013.0,11405,,"Encuesta Intercensal 2015 (INEGI), microdatos"
2015,alcaldia,012,Tlalpan,0601,Huasteco,maya,Hombres,6.0,307584.0,24514,,"Encuesta Intercensal 2015 (INEGI), microdatos"
2015,alcaldia,004,Cuajimalpa de Morelos,0601,Huasteco,maya,Mujeres,9.0,98827.0,9090,,"Encuesta Intercensal 2015 (INEGI), microdatos"
2015,alcaldia,007,Iztapalapa,0601,Huasteco,maya,Hombres,121.0,836632.0,47722,7.084512195291913e-05,"Encuesta Intercensal 2015 (INEGI), microdatos"
2015,alcaldia,013,Xochimilco,0601,Huasteco,maya,Mujeres,18.0,207198.0,17066,6.75330004742555e-05,"Encuesta Intercensal 2015 (INEGI), microdatos"
2015,alcaldia,014,Benito Juárez,0601,Huasteco,maya,Hombres,47.0,186974.0,9548,,"Encuesta Intercensal 2015 (INEGI), microdatos"
2015,alcaldia,006,Iztacalco,0601,Huasteco,maya,Hombres,5.0,176998.0,9001,,"Encuesta Intercensal 2015 (INEGI), microdatos"
2015,alcaldia,017,Venustiano Carranza,0601,Huasteco,maya,Mujeres,40.0,219680.0,11712,,"Encuesta Intercensal 2015 (INEGI), microdatos"
2015,alcaldia,010,Álvaro Obregón,0601,Huasteco,maya,Mujeres,13.0,378535.0,22016,,"Encuesta Intercensal 2015 (INEGI), microdatos"
2015,alcaldia,008,La Magdalena Contreras,0601,Huasteco,maya,Mujeres,34.0,120623.0,8995,4.654970972978589e-05,"Encuesta Intercensal 2015 (INEGI), microdatos"
2015,alcaldia,009,Milpa Alta,0601,Huasteco,maya,Hombres,7.0,63632.0,8851,,"Encuesta Intercensal 2015 (INEGI), microdatos"
2015,alcaldia,016,Miguel Hidalgo,0601,Huasteco,maya,Mujeres,14.0,191249.0,10731,,"Encuesta Intercensal 2015 (INEGI), microdatos"
2015,alcaldia,005,Gustavo A. Madero,0601,Huasteco,maya,Hombres,73.0,531706.0,29250,2.0488783454111666e-05,"Encuesta Intercensal 2015 (INEGI), microdatos"
2015,alcaldia,007,Iztapalapa,0601,Huasteco,maya,Mujeres,106.0,911249.0,51766,7.138492074063886e-05,"Encuesta Intercensal 2015 (INEGI), microdatos"
2015,alcaldia,016,Miguel Hidalgo,0601,Huasteco,maya,Hombres,19.0,160433.0,8977,,"Encuesta Intercensal 2015 (INEGI), microdatos"
2015,alcaldia,012,Tlalpan,0601,Huasteco,maya,Mujeres,38.0,342489.0,26957,,"Encuesta Intercensal 2015 (INEGI), microdatos"
2015,alcaldia,004,Cuajimalpa de Morelos,0601,Huasteco,maya,Hombres,7.0,91105.0,8684,,"Encuesta Intercensal 2015 (INEGI), microdatos"
2015,alcaldia,017,Venustiano Carranza,0601,Huasteco,maya,Hombres,18.0,191031.0,10361,,"Encuesta Intercensal 2015 (INEGI), microdatos"
2015,alcaldia,003,Coyoacán,0601,Huasteco,maya,Hombres,11.0,269097.0,16728,,"Encuesta Intercensal 2015 (INEGI), microdatos"
2015,alcaldia,014,Benito Juárez,0602,Maya,maya,Mujeres,127.0,219013.0,11405,0.00018428953693749934,"Encuesta Intercensal 2015 (INEGI), microdatos"
2015,alcaldia,012,Tlalpan,0602,Maya,maya,Hombres,40.0,307584.0,24514,2.2757503462694454e-06,"Encuesta Intercensal 2015 (INEGI), microdatos"
2015,alcaldia,004,Cuajimalpa de Morelos,0602,Maya,maya,Mujeres,5.0,98827.0,9090,,"Encuesta Intercensal 2015 (INEGI), microdatos"
2015,alcaldia,007,Iztapalapa,0602,Maya,maya,Hombres,166.0,836632.0,47722,2.165995916757567e-05,"Encuesta Intercensal 2015 (INEGI), microdatos"
2015,alcaldia,002,Azcapotzalco,0602,Maya,maya,Hombres,92.0,180287.0,8814,0.00024537811634543625,"Encuesta Intercensal 2015 (INEGI), microdatos"
2015,alcaldia,013,Xochimilco,0602,Maya,maya,Mujeres,40.0,207198.0,17066,0.00013323107117321013,"Encuesta Intercensal 2015 (INEGI), microdatos"
2015,alcaldia,014,Benito Juárez,0602,Maya,maya,Hombres,138.0,186974.0,9548,0.00011920246809748082,"Encuesta Intercensal 2015 (INEGI), microdatos"
2015,alcaldia,006,Iztacalco,0602,Maya,maya,Hombres,30.0,176998.0,9001,,"Encuesta Intercensal 2015 (INEGI), microdatos"
2015,alcaldia,015,Cuauhtémoc,0602,Maya,maya,Mujeres,203.0,269988.0,16823,0.00028648992063705527,"Encuesta Intercensal 2015 (INEGI), microdatos"
2015,alcaldia,008,La Magdalena Contreras,0602,Maya,maya,Hombres,55.0,110870.0,8222,1.4765512794706025e-07,"Encuesta Intercensal 2015 (INEGI), microdatos"
2015,alcaldia,011,Tláhuac,0602,Maya,maya,Mujeres,87.0,181763.0,10390,2.9873700834672844e-05,"Encuesta Intercensal 2015 (INEGI), microdatos"
2015,alcaldia,017,Venustiano Carranza,0602,Maya,maya,Mujeres,97.0,219680.0,11712,4.219499484545697e-05,"Encuesta Intercensal 2015 (INEGI), microdatos"
2015,alcaldia,010,Álvaro Obregón,0602,Maya,maya,Mujeres,37.0,378535.0,22016,,"Encuesta Intercensal 2015 (INEGI), microdatos"
2015,alcaldia,003,Coyoacán,0602,Maya,maya,Mujeres,93.0,310461.0,19170,4.03121626613902e-05,"Encuesta Intercensal 2015 (INEGI), microdatos"
2015,alcaldia,015,Cuauhtémoc,0602,Maya,maya,Hombres,119.0,244811.0,15065,,"Encuesta Intercensal 2015 (INEGI), microdatos"
2015,alcaldia,008,La Magdalena Contreras,0602,Maya,maya,Mujeres,23.0,120623.0,8995,,"Encuesta Intercensal 2015 (INEGI), microdatos"
2015,alcaldia,009,Milpa Alta,0602,Maya,maya,Hombres,29.0,63632.0,8851,,"Encuesta Intercensal 2015 (INEGI), microdatos"
2015,alcaldia,011,Tláhuac,0602,Maya,maya,Hombres,11.0,164738.0,9567,,"Encuesta Intercensal 2015 (INEGI), microdatos"
2015,alcaldia,016,Miguel Hidalgo,0602,Maya,maya,Mujeres,50.0,191249.0,10731,8.031970533608704e-05,"Encuesta Intercensal 2015 (INEGI), microdatos"
2015,alcaldia,005,Gustavo A. Madero,0602,Maya,maya,Hombres,116.0,531706.0,29250,2.645067706582276e-05,"Encuesta Intercensal 2015 (INEGI), microdatos"
2015,alcaldia,007,Iztapalapa,0602,Maya,maya,Mujeres,74.0,911249.0,51766,1.185470189036356e-05,"Encuesta Intercensal 2015 (INEGI), microdatos"
2015,alcaldia,016,Miguel Hidalgo,0602,Maya,maya,Hombres,20.0,160433.0,8977,,"Encuesta Intercensal 2015 (INEGI), microdatos"
2015,alcaldia,005,Gustavo A. Madero,0602,Maya,maya,Mujeres,49.0,587418.0,32389,,"Encuesta Intercensal 2015 (INEGI), microdatos"
2015,alcaldia,012,Tlalpan,0602,Maya,maya,Mujeres,87.0,342489.0,26957,5.680613093622954e-05,"Encuesta Intercensal 2015 (INEGI), microdatos"
2015,alcaldia,017,Venustiano Carranza,0602,Maya,maya,Hombres,58.0,191031.0,10361,1.607457661292392e-05,"Encuesta Intercensal 2015 (INEGI), microdatos"
2015,alcaldia,010,Álvaro Obregón,0602,Maya,maya,Hombres,100.0,340293.0,19842,,"Encuesta Intercensal 2015 (INEGI), microdatos"
2015,alcaldia,003,Coyoacán,0602,Maya,maya,Hombres,128.0,269097.0,16728,0.00020341887454445733,"Encuesta Intercensal 2015 (INEGI), microdatos"
2015,alcaldia,007,Iztapalapa,0604,Ch'ol,maya,Hombres,51.0,836632.0,47722,,"Encuesta Intercensal 2015 (INEGI), microdatos"
2015,alcaldia,006,Iztacalco,0604,Ch'ol,maya,Hombres,5.0,176998.0,9001,,"Encuesta Intercensal 2015 (INEGI), microdatos"
2015,alcaldia,008,La Magdalena Contreras,0604,Ch'ol,maya,Hombres,13.0,110870.0,8222,,"Encuesta Intercensal 2015 (INEGI), microdatos"
2015,alcaldia,003,Coyoacán,0604,Ch'ol,maya,Mujeres,11.0,310461.0,19170,,"Encuesta Intercensal 2015 (INEGI), microdatos"
2015,alcaldia,015,Cuauhtémoc,0604,Ch'ol,maya,Hombres,10.0,244811.0,15065,,"Encuesta Intercensal 2015 (INEGI), microdatos"
2015,alcaldia,008,La Magdalena Contreras,0604,Ch'ol,maya,Mujeres,31.0,120623.0,8995,,"Encuesta Intercensal 2015 (INEGI), microdatos"
2015,alcaldia,007,Iztapalapa,0604,Ch'ol,maya,Mujeres,17.0,911249.0,51766,,"Encuesta Intercensal 2015 (INEGI), microdatos"
2015,alcaldia,016,Miguel Hidalgo,0604,Ch'ol,maya,Hombres,32.0,160433.0,8977,,"Encuesta Intercensal 2015 (INEGI), microdatos"
2015,alcaldia,012,Tlalpan,0604,Ch'ol,maya,Mujeres,12.0,342489.0,26957,,"Encuesta Intercensal 2015 (INEGI), microdatos"
2015,alcaldia,017,Venustiano Carranza,0604,Ch'ol,maya,Hombres,16.0,191031.0,10361,,"Encuesta Intercensal 2015 (INEGI), microdatos"
2015,alcaldia,014,Benito Juárez,0606,Tseltal,maya,Mujeres,35.0,219013.0,11405,1.3513939437146738e-05,"Encuesta Intercensal 2015 (INEGI), microdatos"
2015,alcaldia,006,Iztacalco,0606,Tseltal,maya,Mujeres,61.0,199219.0,10107,,"Encuesta Intercensal 2015 (INEGI), microdatos"
2015,alcaldia,012,Tlalpan,0606,Tseltal,maya,Hombres,29.0,307584.0,24514,,"Encuesta Intercensal 2015 (INEGI), microdatos"
2015,alcaldia,004,Cuajimalpa de Morelos,0606,Tseltal,maya,Mujeres,3.0,98827.0,9090,,"Encuesta Intercensal 2015 (INEGI), microdatos"
2015,alcaldia,007,Iztapalapa,0606,Tseltal,maya,Hombres,269.0,836632.0,47722,8.046387478523724e-05,"Encuesta Intercensal 2015 (INEGI), microdatos"
2015,alcaldia,006,Iztacalco,0606,Tseltal,maya,Hombres,46.0,176998.0,9001,,"Encuesta Intercensal 2015 (INEGI), microdatos"
2015,alcaldia,015,Cuauhtémoc,0606,Tseltal,maya,Mujeres,247.0,269988.0,16823,0.0001678926462525836,"Encuesta Intercensal 2015 (INEGI), microdatos"
2015,alcaldia,008,La Magdalena Contreras,0606,Tseltal,maya,Hombres,36.0,110870.0,8222,,"Encuesta Intercensal 2015 (INEGI), microdatos"
2015,alcaldia,011,Tláhuac,0606,Tseltal,maya,Mujeres,15.0,181763.0,10390,,"Encuesta Intercensal 2015 (INEGI), microdatos"
2015,alcaldia,017,Venustiano Carranza,0606,Tseltal,maya,Mujeres,107.0,219680.0,11712,0.00044693043470102046,"Encuesta Intercensal 2015 (INEGI), microdatos"
2015,alcaldia,010,Álvaro Obregón,0606,Tseltal,maya,Mujeres,156.0,378535.0,22016,,"Encuesta Intercensal 2015 (INEGI), microdatos"
2015,alcaldia,003,Coyoacán,0606,Tseltal,maya,Mujeres,59.0,310461.0,19170,2.1761027132463553e-05,"Encuesta Intercensal 2015 (INEGI), microdatos"
2015,alcaldia,015,Cuauhtémoc,0606,Tseltal,maya,Hombres,200.0,244811.0,15065,0.00017842040559693174,"Encuesta Intercensal 2015 (INEGI), microdatos"
2015,alcaldia,008,La Magdalena Contreras,0606,Tseltal,maya,Mujeres,47.0,120623.0,8995,,"Encuesta Intercensal 2015 (INEGI), microdatos"
2015,alcaldia,009,Milpa Alta,0606,Tseltal,maya,Hombres,14.0,63632.0,8851,,"Encuesta Intercensal 2015 (INEGI), microdatos"
2015,alcaldia,011,Tláhuac,0606,Tseltal,maya,Hombres,1.0,164738.0,9567,,"Encuesta Intercensal 2015 (INEGI), microdatos"
2015,alcaldia,005,Gustavo A. Madero,0606,Tseltal,maya,Hombres,57.0,531706.0,29250,1.9220906869470383e-05,"Encuesta Intercensal 2015 (INEGI), microdatos"
2015,alcaldia,007,Iztapalapa,0606,Tseltal,maya,Mujeres,293.0,911249.0,51766,9.820150820803105e-05,"Encuesta Intercensal 2015 (INEGI), microdatos"
2015,alcaldia,016,Miguel Hidalgo,0606,Tseltal,maya,Hombres,30.0,160433.0,8977,,"Encuesta Intercensal 2015 (INEGI), microdatos"
2015,alcaldia,012,Tlalpan,0606,Tseltal,maya,Mujeres,37.0,342489.0,26957,,"Encuesta Intercensal 2015 (INEGI), microdatos"
2015,alcaldia,004,Cuajimalpa de Morelos,0606,Tseltal,maya,Hombres,3.0,91105.0,8684,,"Encuesta Intercensal 2015 (INEGI), microdatos"
2015,alcaldia,017,Venustiano Carranza,0606,Tseltal,maya,Hombres,21.0,191031.0,10361,3.135614841581099e-05,"Encuesta Intercensal 2015 (INEGI), microdatos"
2015,alcaldia,010,Álvaro Obregón,0606,Tseltal,maya,Hombres,27.0,340293.0,19842,,"Encuesta Intercensal 2015 (INEGI), microdatos"
2015,alcaldia,003,Coyoacán,0606,Tseltal,maya,Hombres,15.0,269097.0,16728,,"Encuesta Intercensal 2015 (INEGI), microdatos"
2015,alcaldia,014,Benito Juárez,0607,Tsotsil,maya,Mujeres,183.0,219013.0,11405,8.520849874706315e-05,"Encuesta Intercensal 2015 (INEGI), microdatos"
2015,alcaldia,007,Iztapalapa,0607,Tsotsil,maya,Hombres,66.0,836632.0,47722,2.32252627075428e-05,"Encuesta Intercensal 2015 (INEGI), microdatos"
2015,alcaldia,013,Xochimilco,0607,Tsotsil,maya,Hombres,1.0,189662.0,16137,,"Encuesta Intercensal 2015 (INEGI), microdatos"
2015,alcaldia,002,Azcapotzalco,0607,Tsotsil,maya,Hombres,32.0,180287.0,8814,,"Encuesta Intercensal 2015 (INEGI), microdatos"
2015,alcaldia,013,Xochimilco,0607,Tsotsil,maya,Mujeres,3.0,207198.0,17066,4.844819494506128e-06,"Encuesta Intercensal 2015 (INEGI), microdatos"
2015,alcaldia,002,Azcapotzalco,0607,Tsotsil,maya,Mujeres,111.0,205484.0,9967,,"Encuesta Intercensal 2015 (INEGI), microdatos"
2015,alcaldia,014,Benito Juárez,0607,Tsotsil,maya,Hombres,64.0,186974.0,9548,2.7843768308520233e-05,"Encuesta Intercensal 2015 (INEGI), microdatos"
2015,alcaldia,015,Cuauhtémoc,0607,Tsotsil,maya,Mujeres,31.0,269988.0,16823,3.7662012709120506e-05,"Encuesta Intercensal 2015 (INEGI), microdatos"
2015,alcaldia,009,Milpa Alta,0607,Tsotsil,maya,Mujeres,6.0,67111.0,9267,,"Encuesta Intercensal 2015 (INEGI), microdatos"
2015,alcaldia,017,Venustiano Carranza,0607,Tsotsil,maya,Mujeres,28.0,219680.0,11712,,"Encuesta Intercensal 2015 (INEGI), microdatos"
2015,alcaldia,010,Álvaro Obregón,0607,Tsotsil,maya,Mujeres,14.0,378535.0,22016,,"Encuesta Intercensal 2015 (INEGI), microdatos"
2015,alcaldia,003,Coyoacán,0607,Tsotsil,maya,Mujeres,20.0,310461.0,19170,,"Encuesta Intercensal 2015 (INEGI), microdatos"
2015,alcaldia,009,Milpa Alta,0607,Tsotsil,maya,Hombres,7.0,63632.0,8851,,"Encuesta Intercensal 2015 (INEGI), microdatos"
2015,alcaldia,016,Miguel Hidalgo,0607,Tsotsil,maya,Mujeres,11.0,191249.0,10731,,"Encuesta Intercensal 2015 (INEGI), microdatos"
2015,alcaldia,005,Gustavo A. Madero,0607,Tsotsil,maya,Hombres,35.0,531706.0,29250,1.860596145278467e-05,"Encuesta Intercensal 2015 (INEGI), microdatos"
2015,alcaldia,007,Iztapalapa,0607,Tsotsil,maya,Mujeres,2.0,911249.0,51766,,"Encuesta Intercensal 2015 (INEGI), microdatos"
2015,alcaldia,005,Gustavo A. Madero,0607,Tsotsil,maya,Mujeres,78.0,587418.0,32389,,"Encuesta Intercensal 2015 (INEGI), microdatos"
2015,alcaldia,012,Tlalpan,0607,Tsotsil,maya,Mujeres,41.0,342489.0,26957,,"Encuesta Intercensal 2015 (INEGI), microdatos"
2015,alcaldia,004,Cuajimalpa de Morelos,0607,Tsotsil,maya,Hombres,84.0,91105.0,8684,,"Encuesta Intercensal 2015 (INEGI), microdatos"
2015,alcaldia,017,Venustiano Carranza,0607,Tsotsil,maya,Hombres,16.0,191031.0,10361,,"Encuesta Intercensal 2015 (INEGI), microdatos"
2015,alcaldia,010,Álvaro Obregón,0607,Tsotsil,maya,Hombres,20.0,340293.0,19842,,"Encuesta Intercensal 2015 (INEGI), microdatos"
2015,alcaldia,003,Coyoacán,0607,Tsotsil,maya,Hombres,42.0,269097.0,16728,,"Encuesta Intercensal 2015 (INEGI), microdatos"
2015,alcaldia,004,Cuajimalpa de Morelos,0608,Q'anjob'al,maya,Hombres,3.0,91105.0,8684,,"Encuesta Intercensal 2015 (INEGI), microdatos"
2015,alcaldia,004,Cuajimalpa de Morelos,0612,Chuj,maya,Hombres,57.0,91105.0,8684,,"Encuesta Intercensal 2015 (INEGI), microdatos"
2015,alcaldia,014,Benito Juárez,0613,Tojolabal,maya,Mujeres,12.0,219013.0,11405,,"Encuesta Intercensal 2015 (INEGI), microdatos"
2015,alcaldia,007,Iztapalapa,0613,Tojolabal,maya,Hombres,18.0,836632.0,47722,,"Encuesta Intercensal 2015 (INEGI), microdatos"
2015,alcaldia,015,Cuauhtémoc,0613,Tojolabal,maya,Hombres,1.0,244811.0,15065,,"Encuesta Intercensal 2015 (INEGI), microdatos"
2015,alcaldia,016,Miguel Hidalgo,0613,Tojolabal,maya,Mujeres,19.0,191249.0,10731,,"Encuesta Intercensal 2015 (INEGI), microdatos"
2015,alcaldia,007,Iztapalapa,0613,Tojolabal,maya,Mujeres,29.0,911249.0,51766,5.4632960053608315e-06,"Encuesta Intercensal 2015 (INEGI), microdatos"
2015,alcaldia,012,Tlalpan,0613,Tojolabal,maya,Mujeres,5.0,342489.0,26957,,"Encuesta Intercensal 2015 (INEGI), microdatos"
2015,alcaldia,004,Cuajimalpa de Morelos,0613,Tojolabal,maya,Hombres,9.0,91105.0,8684,,"Encuesta Intercensal 2015 (INEGI), microdatos"
2015,alcaldia,007,Iztapalapa,0618,Mam,maya,Hombres,5.0,836632.0,47722,,"Encuesta Intercensal 2015 (INEGI), microdatos"
2015,alcaldia,014,Benito Juárez,0701,Totonaco,totonaco-tepehua,Mujeres,6.0,219013.0,11405,,"Encuesta Intercensal 2015 (INEGI), microdatos"
2015,alcaldia,006,Iztacalco,0701,Totonaco,totonaco-tepehua,Mujeres,26.0,199219.0,10107,,"Encuesta Intercensal 2015 (INEGI), microdatos"
2015,alcaldia,012,Tlalpan,0701,Totonaco,totonaco-tepehua,Hombres,587.0,307584.0,24514,0.00017388731668675571,"Encuesta Intercensal 2015 (INEGI), microdatos"
2015,alcaldia,004,Cuajimalpa de Morelos,0701,Totonaco,totonaco-tepehua,Mujeres,3.0,98827.0,9090,,"Encuesta Intercensal 2015 (INEGI), microdatos"
2015,alcaldia,007,Iztapalapa,0701,Totonaco,totonaco-tepehua,Hombres,679.0,836632.0,47722,0.00012138551382487599,"Encuesta Intercensal 2015 (INEGI), microdatos"
2015,alcaldia,013,Xochimilco,0701,Totonaco,totonaco-tepehua,Hombres,71.0,189662.0,16137,9.356606343761937e-05,"Encuesta Intercensal 2015 (INEGI), microdatos"
2015,alcaldia,002,Azcapotzalco,0701,Totonaco,totonaco-tepehua,Hombres,34.0,180287.0,8814,,"Encuesta Intercensal 2015 (INEGI), microdatos"
2015,alcaldia,013,Xochimilco,0701,Totonaco,totonaco-tepehua,Mujeres,183.0,207198.0,17066,0.0002678642561123219,"Encuesta Intercensal 2015 (INEGI), microdatos"
2015,alcaldia,002,Azcapotzalco,0701,Totonaco,totonaco-tepehua,Mujeres,69.0,205484.0,9967,6.666892910906888e-05,"Encuesta Intercensal 2015 (INEGI), microdatos"
2015,alcaldia,014,Benito Juárez,0701,Totonaco,totonaco-tepehua,Hombres,47.0,186974.0,9548,,"Encuesta Intercensal 2015 (INEGI), microdatos"
2015,alcaldia,006,Iztacalco,0701,Totonaco,totonaco-tepehua,Hombres,124.0,176998.0,9001,0.00033230049630848135,"Encuesta Intercensal 2015 (INEGI), microdatos"
2015,alcaldia,015,Cuauhtémoc,0701,Totonaco,totonaco-tepehua,Mujeres,208.0,269988.0,16823,0.00012469882071881508,"Encuesta Intercensal 2015 (INEGI), microdatos"
2015,alcaldia,008,La Magdalena Contreras,0701,Totonaco,totonaco-tepehua,Hombres,133.0,110870.0,8222,0.00043870970231640774,"Encuesta Intercensal 2015 (INEGI), microdatos"
2015,alcaldia,009,Milpa Alta,0701,Totonaco,totonaco-tepehua,Mujeres,70.0,67111.0,9267,2.5469063331777193e-05,"Encuesta Intercensal 2015 (INEGI), microdatos"
2015,alcaldia,011,Tláhuac,0701,Totonaco,totonaco-tepehua,Mujeres,42.0,181763.0,10390,4.331288743302432e-05,"Encuesta Intercensal 2015 (INEGI), microdatos"
2015,alcaldia,017,Venustiano Carranza,0701,Totonaco,totonaco-tepehua,Mujeres,406.0,219680.0,11712,0.00140623947353205,"Encuesta Intercensal 2015 (INEGI), microdatos"
2015,alcaldia,010,Álvaro Obregón,0701,Totonaco,totonaco-tepehua,Mujeres,154.0,378535.0,22016,8.722449595916553e-05,"Encuesta Intercensal 2015 (INEGI), microdatos"
2015,alcaldia,003,Coyoacán,0701,Totonaco,totonaco-tepehua,Mujeres,102.0,310461.0,19170,2.6320620987250488e-05,"Encuesta Intercensal 2015 (INEGI), microdatos"
2015,alcaldia,015,Cuauhtémoc,0701,Totonaco,totonaco-tepehua,Hombres,42.0,244811.0,15065,,"Encuesta Intercensal 2015 (INEGI), microdatos"
2015,alcaldia,008,La Magdalena Contreras,0701,Totonaco,totonaco-tepehua,Mujeres,86.0,120623.0,8995,0.0003182500507182413,"Encuesta Intercensal 2015 (INEGI), microdatos"
2015,alcaldia,009,Milpa Alta,0701,Totonaco,totonaco-tepehua,Hombres,72.0,63632.0,8851,0.00010854589262015761,"Encuesta Intercensal 2015 (INEGI), microdatos"
2015,alcaldia,011,Tláhuac,0701,Totonaco,totonaco-tepehua,Hombres,46.0,164738.0,9567,1.321512111046602e-05,"Encuesta Intercensal 2015 (INEGI), microdatos"
2015,alcaldia,016,Miguel Hidalgo,0701,Totonaco,totonaco-tepehua,Mujeres,76.0,191249.0,10731,6.61859990934648e-05,"Encuesta Intercensal 2015 (INEGI), microdatos"
2015,alcaldia,005,Gustavo A. Madero,0701,Totonaco,totonaco-tepehua,Hombres,321.0,531706.0,29250,9.363240365453585e-05,"Encuesta Intercensal 2015 (INEGI), microdatos"
2015,alcaldia,007,Iztapalapa,0701,Totonaco,totonaco-tepehua,Mujeres,405.0,911249.0,51766,8.488779546205272e-05,"Encuesta Intercensal 2015 (INEGI), microdatos"
2015,alcaldia,005,Gustavo A. Madero,0701,Totonaco,totonaco-tepehua,Mujeres,318.0,587418.0,32389,0.00012245362844648467,"Encuesta Intercensal 2015 (INEGI), microdatos"
2015,alcaldia,012,Tlalpan,0701,Totonaco,totonaco-tepehua,Mujeres,504.0,342489.0,26957,0.0001637789766034214,"Encuesta Intercensal 2015 (INEGI), microdatos"
2015,alcaldia,004,Cuajimalpa de Morelos,0701,Totonaco,totonaco-tepehua,Hombres,10.0,91105.0,8684,,"Encuesta Intercensal 2015 (INEGI), microdatos"
2015,alcaldia,017,Venustiano Carranza,0701,Totonaco,totonaco-tepehua,Hombres,273.0,191031.0,10361,0.00010704345324396929,"Encuesta Intercensal 2015 (INEGI), microdatos"
2015,alcaldia,010,Álvaro Obregón,0701,Totonaco,totonaco-tepehua,Hombres,215.0,340293.0,19842,6.635385385941798e-05,"Encuesta Intercensal 2015 (INEGI), microdatos"
2015,alcaldia,003,Coyoacán,0701,Totonaco,totonaco-tepehua,Hombres,98.0,269097.0,16728,0.00012477723815374321,"Encuesta Intercensal 2015 (INEGI), microdatos"
2015,alcaldia,012,Tlalpan,0702,Tepehua,totonaco-tepehua,Hombres,15.0,307584.0,24514,,"Encuesta Intercensal 2015 (INEGI), microdatos"
2015,alcaldia,009,Milpa Alta,0702,Tepehua,totonaco-tepehua,Mujeres,7.0,67111.0,9267,,"Encuesta Intercensal 2015 (INEGI), microdatos"
2015,alcaldia,017,Venustiano Carranza,0702,Tepehua,totonaco-tepehua,Mujeres,22.0,219680.0,11712,,"Encuesta Intercensal 2015 (INEGI), microdatos"
2015,alcaldia,009,Milpa Alta,0702,Tepehua,totonaco-tepehua,Hombres,12.0,63632.0,8851,,"Encuesta Intercensal 2015 (INEGI), microdatos"
2015,alcaldia,005,Gustavo A. Madero,0702,Tepehua,totonaco-tepehua,Hombres,32.0,531706.0,29250,,"Encuesta Intercensal 2015 (INEGI), microdatos"
2015,alcaldia,005,Gustavo A. Madero,0702,Tepehua,totonaco-tepehua,Mujeres,32.0,587418.0,32389,,"Encuesta Intercensal 2015 (INEGI), microdatos"
2015,alcaldia,017,Venustiano Carranza,0702,Tepehua,totonaco-tepehua,Hombres,22.0,191031.0,10361,,"Encuesta Intercensal 2015 (INEGI), microdatos"
2015,alcaldia,014,Benito Juárez,0801,Tarasco (purépecha),tarasca,Mujeres,11.0,219013.0,11405,,"Encuesta Intercensal 2015 (INEGI), microdatos"
2015,alcaldia,012,Tlalpan,0801,Tarasco (purépecha),tarasca,Hombres,41.0,307584.0,24514,,"Encuesta Intercensal 2015 (INEGI), microdatos"
2015,alcaldia,007,Iztapalapa,0801,Tarasco (purépecha),tarasca,Hombres,117.0,836632.0,47722,,"Encuesta Intercensal 2015 (INEGI), microdatos"
2015,alcaldia,013,Xochimilco,0801,Tarasco (purépecha),tarasca,Hombres,79.0,189662.0,16137,2.2637183417553857e-05,"Encuesta Intercensal 2015 (INEGI), microdatos"
2015,alcaldia,002,Azcapotzalco,0801,Tarasco (purépecha),tarasca,Hombres,25.0,180287.0,8814,,"Encuesta Intercensal 2015 (INEGI), microdatos"
2015,alcaldia,013,Xochimilco,0801,Tarasco (purépecha),tarasca,Mujeres,136.0,207198.0,17066,0.0004739648678850362,"Encuesta Intercensal 2015 (INEGI), microdatos"
2015,alcaldia,002,Azcapotzalco,0801,Tarasco (purépecha),tarasca,Mujeres,2.0,205484.0,9967,,"Encuesta Intercensal 2015 (INEGI), microdatos"
2015,alcaldia,014,Benito Juárez,0801,Tarasco (purépecha),tarasca,Hombres,73.0,186974.0,9548,0.00015447745483786868,"Encuesta Intercensal 2015 (INEGI), microdatos"
2015,alcaldia,006,Iztacalco,0801,Tarasco (purépecha),tarasca,Hombres,44.0,176998.0,9001,,"Encuesta Intercensal 2015 (INEGI), microdatos"
2015,alcaldia,015,Cuauhtémoc,0801,Tarasco (purépecha),tarasca,Mujeres,15.0,269988.0,16823,,"Encuesta Intercensal 2015 (INEGI), microdatos"
2015,alcaldia,009,Milpa Alta,0801,Tarasco (purépecha),tarasca,Mujeres,37.0,67111.0,9267,0.00017767766390300955,"Encuesta Intercensal 2015 (INEGI), microdatos"
2015,alcaldia,011,Tláhuac,0801,Tarasco (purépecha),tarasca,Mujeres,51.0,181763.0,10390,,"Encuesta Intercensal 2015 (INEGI), microdatos"
2015,alcaldia,017,Venustiano Carranza,0801,Tarasco (purépecha),tarasca,Mujeres,14.0,219680.0,11712,,"Encuesta Intercensal 2015 (INEGI), microdatos"
2015,alcaldia,010,Álvaro Obregón,0801,Tarasco (purépecha),tarasca,Mujeres,8.0,378535.0,22016,,"Encuesta Intercensal 2015 (INEGI), microdatos"
2015,alcaldia,003,Coyoacán,0801,Tarasco (purépecha),tarasca,Mujeres,99.0,310461.0,19170,8.338089855756848e-05,"Encuesta Intercensal 2015 (INEGI), microdatos"
2015,alcaldia,015,Cuauhtémoc,0801,Tarasco (purépecha),tarasca,Hombres,14.0,244811.0,15065,2.4275573406170545e-05,"Encuesta Intercensal 2015 (INEGI), microdatos"
2015,alcaldia,009,Milpa Alta,0801,Tarasco (purépecha),tarasca,Hombres,32.0,63632.0,8851,7.66603089717088e-06,"Encuesta Intercensal 2015 (INEGI), microdatos"
2015,alcaldia,011,Tláhuac,0801,Tarasco (purépecha),tarasca,Hombres,54.0,164738.0,9567,,"Encuesta Intercensal 2015 (INEGI), microdatos"
2015,alcaldia,016,Miguel Hidalgo,0801,Tarasco (purépecha),tarasca,Mujeres,24.0,191249.0,10731,1.553327876187367e-05,"Encuesta Intercensal 2015 (INEGI), microdatos"
2015,alcaldia,005,Gustavo A. Madero,0801,Tarasco (purépecha),tarasca,Hombres,47.0,531706.0,29250,,"Encuesta Intercensal 2015 (INEGI), microdatos"
2015,alcaldia,007,Iztapalapa,0801,Tarasco (purépecha),tarasca,Mujeres,199.0,911249.0,51766,1.3101601568711258e-05,"Encuesta Intercensal 2015 (INEGI), microdatos"
2015,alcaldia,005,Gustavo A. Madero,0801,Tarasco (purépecha),tarasca,Mujeres,77.0,587418.0,32389,6.279806079392545e-05,"Encuesta Intercensal 2015 (INEGI), microdatos"
2015,alcaldia,012,Tlalpan,0801,Tarasco (purépecha),tarasca,Mujeres,20.0,342489.0,26957,,"Encuesta Intercensal 2015 (INEGI), microdatos"
2015,alcaldia,004,Cuajimalpa de Morelos,0801,Tarasco (purépecha),tarasca,Hombres,6.0,91105.0,8684,,"Encuesta Intercensal 2015 (INEGI), microdatos"
2015,alcaldia,010,Álvaro Obregón,0801,Tarasco (purépecha),tarasca,Hombres,63.0,340293.0,19842,,"Encuesta Intercensal 2015 (INEGI), microdatos"
2015,alcaldia,003,Coyoacán,0801,Tarasco (purépecha),tarasca,Hombres,60.0,269097.0,16728,2.880937636044049e-05,"Encuesta Intercensal 2015 (INEGI), microdatos"
2015,alcaldia,014,Benito Juárez,0901,Mixe,mixe-zoque,Mujeres,29.0,219013.0,11405,6.783975957432213e-05,"Encuesta Intercensal 2015 (INEGI), microdatos"
2015,alcaldia,006,Iztacalco,0901,Mixe,mixe-zoque,Mujeres,15.0,199219.0,10107,,"Encuesta Intercensal 2015 (INEGI), microdatos"
2015,alcaldia,012,Tlalpan,0901,Mixe,mixe-zoque,Hombres,198.0,307584.0,24514,0.00011439520256346362,"Encuesta Intercensal 2015 (INEGI), microdatos"
2015,alcaldia,004,Cuajimalpa de Morelos,0901,Mixe,mixe-zoque,Mujeres,36.0,98827.0,9090,,"Encuesta Intercensal 2015 (INEGI), microdatos"
2015,alcaldia,007,Iztapalapa,0901,Mixe,mixe-zoque,Hombres,286.0,836632.0,47722,4.747342917239795e-05,"Encuesta Intercensal 2015 (INEGI), microdatos"
2015,alcaldia,013,Xochimilco,0901,Mixe,mixe-zoque,Hombres,138.0,189662.0,16137,0.0001642945223931537,"Encuesta Intercensal 2015 (INEGI), microdatos"
2015,alcaldia,002,Azcapotzalco,0901,Mixe,mixe-zoque,Hombres,42.0,180287.0,8814,,"Encuesta Intercensal 2015 (INEGI), microdatos"
2015,alcaldia,013,Xochimilco,0901,Mixe,mixe-zoque,Mujeres,104.0,207198.0,17066,0.0001502732768038755,"Encuesta Intercensal 2015 (INEGI), microdatos"
2015,alcaldia,002,Azcapotzalco,0901,Mixe,mixe-zoque,Mujeres,25.0,205484.0,9967,,"Encuesta Intercensal 2015 (INEGI), microdatos"
2015,alcaldia,014,Benito Juárez,0901,Mixe,mixe-zoque,Hombres,35.0,186974.0,9548,5.7453105183348244e-05,"Encuesta Intercensal 2015 (INEGI), microdatos"
2015,alcaldia,006,Iztacalco,0901,Mixe,mixe-zoque,Hombres,24.0,176998.0,9001,2.176179920414918e-05,"Encuesta Intercensal 2015 (INEGI), microdatos"
2015,alcaldia,015,Cuauhtémoc,0901,Mixe,mixe-zoque,Mujeres,190.0,269988.0,16823,0.00018410138780391235,"Encuesta Intercensal 2015 (INEGI), microdatos"
2015,alcaldia,008,La Magdalena Contreras,0901,Mixe,mixe-zoque,Hombres,13.0,110870.0,8222,,"Encuesta Intercensal 2015 (INEGI), microdatos"
2015,alcaldia,009,Milpa Alta,0901,Mixe,mixe-zoque,Mujeres,53.0,67111.0,9267,,"Encuesta Intercensal 2015 (INEGI), microdatos"
2015,alcaldia,011,Tláhuac,0901,Mixe,mixe-zoque,Mujeres,23.0,181763.0,10390,,"Encuesta Intercensal 2015 (INEGI), microdatos"
2015,alcaldia,017,Venustiano Carranza,0901,Mixe,mixe-zoque,Mujeres,214.0,219680.0,11712,0.0003264102715251848,"Encuesta Intercensal 2015 (INEGI), microdatos"
2015,alcaldia,010,Álvaro Obregón,0901,Mixe,mixe-zoque,Mujeres,198.0,378535.0,22016,0.00010079017706167109,"Encuesta Intercensal 2015 (INEGI), microdatos"
2015,alcaldia,003,Coyoacán,0901,Mixe,mixe-zoque,Mujeres,99.0,310461.0,19170,7.986161413279139e-05,"Encuesta Intercensal 2015 (INEGI), microdatos"
2015,alcaldia,015,Cuauhtémoc,0901,Mixe,mixe-zoque,Hombres,109.0,244811.0,15065,5.615542504259307e-05,"Encuesta Intercensal 2015 (INEGI), microdatos"
2015,alcaldia,008,La Magdalena Contreras,0901,Mixe,mixe-zoque,Mujeres,43.0,120623.0,8995,,"Encuesta Intercensal 2015 (INEGI), microdatos"
2015,alcaldia,009,Milpa Alta,0901,Mixe,mixe-zoque,Hombres,84.0,63632.0,8851,0.0001018613976555792,"Encuesta Intercensal 2015 (INEGI), microdatos"
2015,alcaldia,011,Tláhuac,0901,Mixe,mixe-zoque,Hombres,46.0,164738.0,9567,2.429284450976294e-05,"Encuesta Intercensal 2015 (INEGI), microdatos"
2015,alcaldia,016,Miguel Hidalgo,0901,Mixe,mixe-zoque,Mujeres,31.0,191249.0,10731,7.665207246692527e-06,"Encuesta Intercensal 2015 (INEGI), microdatos"
2015,alcaldia,005,Gustavo A. Madero,0901,Mixe,mixe-zoque,Hombres,105.0,531706.0,29250,3.216195367837235e-05,"Encuesta Intercensal 2015 (INEGI), microdatos"
2015,alcaldia,007,Iztapalapa,0901,Mixe,mixe-zoque,Mujeres,270.0,911249.0,51766,4.073542593583297e-05,"Encuesta Intercensal 2015 (INEGI), microdatos"
2015,alcaldia,016,Miguel Hidalgo,0901,Mixe,mixe-zoque,Hombres,43.0,160433.0,8977,,"Encuesta Intercensal 2015 (INEGI), microdatos"
2015,alcaldia,005,Gustavo A. Madero,0901,Mixe,mixe-zoque,Mujeres,266.0,587418.0,32389,0.00013825876957960465,"Encuesta Intercensal 2015 (INEGI), microdatos"
2015,alcaldia,012,Tlalpan,0901,Mixe,mixe-zoque,Mujeres,214.0,342489.0,26957,7.328807728541814e-05,"Encuesta Intercensal 2015 (INEGI), microdatos"
2015,alcaldia,017,Venustiano Carranza,0901,Mixe,mixe-zoque,Hombres,138.0,191031.0,10361,0.00034070382511051586,"Encuesta Intercensal 2015 (INEGI), microdatos"
2015,alcaldia,010,Álvaro Obregón,0901,Mixe,mixe-zoque,Hombres,23.0,340293.0,19842,2.489043864876217e-05,"Encuesta Intercensal 2015 (INEGI), microdatos"
2015,alcaldia,003,Coyoacán,0901,Mixe,mixe-zoque,Hombres,140.0,269097.0,16728,6.504185199897223e-05,"Encuesta Intercensal 2015 (INEGI), microdatos"
2015,alcaldia,004,Cuajimalpa de Morelos,0907,Zoque,mixe-zoque,Mujeres,3.0,98827.0,9090,,"Encuesta Intercensal 2015 (INEGI), microdatos"
2015,alcaldia,002,Azcapotzalco,0907,Zoque,mixe-zoque,Hombres,55.0,180287.0,8814,,"Encuesta Intercensal 2015 (INEGI), microdatos"
2015,alcaldia,002,Azcapotzalco,0907,Zoque,mixe-zoque,Mujeres,11.0,205484.0,9967,,"Encuesta Intercensal 2015 (INEGI), microdatos"
2015,alcaldia,015,Cuauhtémoc,0907,Zoque,mixe-zoque,Mujeres,6.0,269988.0,16823,,"Encuesta Intercensal 2015 (INEGI), microdatos"
2015,alcaldia,011,Tláhuac,0907,Zoque,mixe-zoque,Mujeres,12.0,181763.0,10390,,"Encuesta Intercensal 2015 (INEGI), microdatos"
2015,alcaldia,017,Venustiano Carranza,0907,Zoque,mixe-zoque,Mujeres,24.0,219680.0,11712,,"Encuesta Intercensal 2015 (INEGI), microdatos"
2015,alcaldia,010,Álvaro Obregón,0907,Zoque,mixe-zoque,Mujeres,1.0,378535.0,22016,,"Encuesta Intercensal 2015 (INEGI), microdatos"
2015,alcaldia,011,Tláhuac,0907,Zoque,mixe-zoque,Hombres,12.0,164738.0,9567,,"Encuesta Intercensal 2015 (INEGI), microdatos"
2015,alcaldia,005,Gustavo A. Madero,0907,Zoque,mixe-zoque,Hombres,21.0,531706.0,29250,,"Encuesta Intercensal 2015 (INEGI), microdatos"
2015,alcaldia,012,Tlalpan,0907,Zoque,mixe-zoque,Mujeres,13.0,342489.0,26957,,"Encuesta Intercensal 2015 (INEGI), microdatos"
2015,alcaldia,004,Cuajimalpa de Morelos,0907,Zoque,mixe-zoque,Hombres,3.0,91105.0,8684,,"Encuesta Intercensal 2015 (INEGI), microdatos"
2015,alcaldia,017,Venustiano Carranza,0907,Zoque,mixe-zoque,Hombres,48.0,191031.0,10361,,"Encuesta Intercensal 2015 (INEGI), microdatos"
2015,alcaldia,010,Álvaro Obregón,0907,Zoque,mixe-zoque,Hombres,9.0,340293.0,19842,,"Encuesta Intercensal 2015 (INEGI), microdatos"
2015,alcaldia,003,Coyoacán,0907,Zoque,mixe-zoque,Hombres,27.0,269097.0,16728,,"Encuesta Intercensal 2015 (INEGI), microdatos"
2015,alcaldia,009,Milpa Alta,1001,Chontal de Oaxaca,chontal de Oaxaca,Hombres,21.0,63632.0,8851,,"Encuesta Intercensal 2015 (INEGI), microdatos"
2015,alcaldia,003,Coyoacán,1001,Chontal de Oaxaca,chontal de Oaxaca,Hombres,17.0,269097.0,16728,,"Encuesta Intercensal 2015 (INEGI), microdatos"
2015,alcaldia,010,Álvaro Obregón,1101,Huave,huave,Mujeres,66.0,378535.0,22016,,"Encuesta Intercensal 2015 (INEGI), microdatos"
2015,alcaldia,005,Gustavo A. Madero,1101,Huave,huave,Mujeres,19.0,587418.0,32389,,"Encuesta Intercensal 2015 (INEGI), microdatos"
2015,alcaldia,004,Cuajimalpa de Morelos,1101,Huave,huave,Hombres,9.0,91105.0,8684,,"Encuesta Intercensal 2015 (INEGI), microdatos"
2015,alcaldia,014,Benito Juárez,8000,Otras lenguas indígenas de América,,Mujeres,17.0,219013.0,11405,,"Encuesta Intercensal 2015 (INEGI), microdatos"
2015,alcaldia,012,Tlalpan,8000,Otras lenguas indígenas de América,,Hombres,17.0,307584.0,24514,,"Encuesta Intercensal 2015 (INEGI), microdatos"
2015,alcaldia,014,Benito Juárez,8000,Otras lenguas indígenas de América,,Hombres,17.0,186974.0,9548,,"Encuesta Intercensal 2015 (INEGI), microdatos"
2015,alcaldia,003,Coyoacán,8000,Otras lenguas indígenas de América,,Mujeres,16.0,310461.0,19170,,"Encuesta Intercensal 2015 (INEGI), microdatos"
2015,alcaldia,016,Miguel Hidalgo,8000,Otras lenguas indígenas de América,,Mujeres,22.0,191249.0,10731,7.527768071801709e-05,"Encuesta Intercensal 2015 (INEGI), microdatos"
2015,alcaldia,005,Gustavo A. Madero,8000,Otras lenguas indígenas de América,,Hombres,20.0,531706.0,29250,,"Encuesta Intercensal 2015 (INEGI), microdatos"
2015,alcaldia,016,Miguel Hidalgo,8000,Otras lenguas indígenas de América,,Hombres,1.0,160433.0,8977,,"Encuesta Intercensal 2015 (INEGI), microdatos"
2015,alcaldia,005,Gustavo A. Madero,8000,Otras lenguas indígenas de América,,Mujeres,8.0,587418.0,32389,,"Encuesta Intercensal 2015 (INEGI), microdatos"
2015,alcaldia,014,Benito Juárez,9000,No especificado,,Mujeres,269.0,219013.0,11405,0.00033868318137824586,"Encuesta Intercensal 2015 (INEGI), microdatos"
2015,alcaldia,006,Iztacalco,9000,No especificado,,Mujeres,147.0,199219.0,10107,0.00021459388561951775,"Encuesta Intercensal 2015 (INEGI), microdatos"
2015,alcaldia,012,Tlalpan,9000,No especificado,,Hombres,279.0,307584.0,24514,0.00015335288721535508,"Encuesta Intercensal 2015 (INEGI), microdatos"
2015,alcaldia,004,Cuajimalpa de Morelos,9000,No especificado,,Mujeres,75.0,98827.0,9090,0.00010657315044085381,"Encuesta Intercensal 2015 (INEGI), microdatos"
2015,alcaldia,007,Iztapalapa,9000,No especificado,,Hombres,1032.0,836632.0,47722,0.00016363290519912422,"Encuesta Intercensal 2015 (INEGI), microdatos"
2015,alcaldia,013,Xochimilco,9000,No especificado,,Hombres,226.0,189662.0,16137,0.00019716200968567096,"Encuesta Intercensal 2015 (INEGI), microdatos"
2015,alcaldia,002,Azcapotzalco,9000,No especificado,,Hombres,42.0,180287.0,8814,5.619368116441865e-05,"Encuesta Intercensal 2015 (INEGI), microdatos"
2015,alcaldia,013,Xochimilco,9000,No especificado,,Mujeres,317.0,207198.0,17066,0.00022352112304095833,"Encuesta Intercensal 2015 (INEGI), microdatos"
2015,alcaldia,002,Azcapotzalco,9000,No especificado,,Mujeres,232.0,205484.0,9967,0.00014885212080822878,"Encuesta Intercensal 2015 (INEGI), microdatos"
2015,alcaldia,014,Benito Juárez,9000,No especificado,,Hombres,197.0,186974.0,9548,0.0001843893762569099,"Encuesta Intercensal 2015 (INEGI), microdatos"
2015,alcaldia,006,Iztacalco,9000,No especificado,,Hombres,133.0,176998.0,9001,0.000248614380935319,"Encuesta Intercensal 2015 (INEGI), microdatos"
2015,alcaldia,015,Cuauhtémoc,9000,No especificado,,Mujeres,162.0,269988.0,16823,0.0001229586450540576,"Encuesta Intercensal 2015 (INEGI), microdatos"
2015,alcaldia,008,La Magdalena Contreras,9000,No especificado,,Hombres,97.0,110870.0,8222,4.8268125502160706e-05,"Encuesta Intercensal 2015 (INEGI), microdatos"
2015,alcaldia,009,Milpa Alta,9000,No especificado,,Mujeres,94.0,67111.0,9267,8.816988813095329e-05,"Encuesta Intercensal 2015 (INEGI), microdatos"
2015,alcaldia,011,Tláhuac,9000,No especificado,,Mujeres,23.0,181763.0,10390,,"Encuesta Intercensal 2015 (INEGI), microdatos"
2015,alcaldia,017,Venustiano Carranza,9000,No especificado,,Mujeres,60.0,219680.0,11712,8.04480843665327e-05,"Encuesta Intercensal 2015 (INEGI), microdatos"
2015,alcaldia,010,Álvaro Obregón,9000,No especificado,,Mujeres,320.0,378535.0,22016,0.00012430819913980805,"Encuesta Intercensal 2015 (INEGI), microdatos"
2015,alcaldia,003,Coyoacán,9000,No especificado,,Mujeres,271.0,310461.0,19170,8.614833601027032e-05,"Encuesta Intercensal 2015 (INEGI), microdatos"
2015,alcaldia,015,Cuauhtémoc,9000,No especificado,,Hombres,272.0,244811.0,15065,0.00030963919267301335,"Encuesta Intercensal 2015 (INEGI), microdatos"
2015,alcaldia,008,La Magdalena Contreras,9000,No especificado,,Mujeres,194.0,120623.0,8995,0.0003854321629536742,"Encuesta Intercensal 2015 (INEGI), microdatos"
2015,alcaldia,009,Milpa Alta,9000,No especificado,,Hombres,114.0,63632.0,8851,0.00013135859253557398,"Encuesta Intercensal 2015 (INEGI), microdatos"
2015,alcaldia,011,Tláhuac,9000,No especificado,,Hombres,104.0,164738.0,9567,0.00011682570839879765,"Encuesta Intercensal 2015 (INEGI), microdatos"
2015,alcaldia,016,Miguel Hidalgo,9000,No especificado,,Mujeres,168.0,191249.0,10731,0.00023964793349338123,"Encuesta Intercensal 2015 (INEGI), microdatos"
2015,alcaldia,005,Gustavo A. Madero,9000,No especificado,,Hombres,598.0,531706.0,29250,8.370941812582144e-05,"Encuesta Intercensal 2015 (INEGI), microdatos"
2015,alcaldia,007,Iztapalapa,9000,No especificado,,Mujeres,600.0,911249.0,51766,0.00012287746482156478,"Encuesta Intercensal 2015 (INEGI), microdatos"
2015,alcaldia,016,Miguel Hidalgo,9000,No especificado,,Hombres,80.0,160433.0,8977,0.00018396449578263026,"Encuesta Intercensal 2015 (INEGI), microdatos"
2015,alcaldia,005,Gustavo A. Madero,9000,No especificado,,Mujeres,535.0,587418.0,32389,0.00010728707481131863,"Encuesta Intercensal 2015 (INEGI), microdatos"
2015,alcaldia,012,Tlalpan,9000,No especificado,,Mujeres,221.0,342489.0,26957,8.642924162786753e-05,"Encuesta Intercensal 2015 (INEGI), microdatos"
2015,alcaldia,004,Cuajimalpa de Morelos,9000,No especificado,,Hombres,82.0,91105.0,8684,5.609659230012537e-05,"Encuesta Intercensal 2015 (INEGI), microdatos"
2015,alcaldia,017,Venustiano Carranza,9000,No especificado,,Hombres,205.0,191031.0,10361,0.0002164100983430966,"Encuesta Intercensal 2015 (INEGI), microdatos"
2015,alcaldia,010,Álvaro Obregón,9000,No especificado,,Hombres,129.0,340293.0,19842,3.0957166445919244e-05,"Encuesta Intercensal 2015 (INEGI), microdatos"
2015,alcaldia,003,Coyoacán,9000,No especificado,,Hombres,207.0,269097.0,16728,8.027164199956755e-05,"Encuesta Intercensal 2015 (INEGI), microdatos"
2015,alcaldia,007,Iztapalapa,9010,Chontal insuficientemente especificado,,Hombres,11.0,836632.0,47722,,"Encuesta Intercensal 2015 (INEGI), microdatos"
2015,alcaldia,013,Xochimilco,9010,Chontal insuficientemente especificado,,Hombres,25.0,189662.0,16137,0.00010960296074230178,"Encuesta Intercensal 2015 (INEGI), microdatos"
2015,alcaldia,003,Coyoacán,9010,Chontal insuficientemente especificado,,Mujeres,16.0,310461.0,19170,,"Encuesta Intercensal 2015 (INEGI), microdatos"
2015,alcaldia,009,Milpa Alta,9010,Chontal insuficientemente especificado,,Hombres,7.0,63632.0,8851,,"Encuesta Intercensal 2015 (INEGI), microdatos"
2015,alcaldia,005,Gustavo A. Madero,9010,Chontal insuficientemente especificado,,Hombres,17.0,531706.0,29250,,"Encuesta Intercensal 2015 (INEGI), microdatos"
2015,alcaldia,007,Iztapalapa,9010,Chontal insuficientemente especificado,,Mujeres,27.0,911249.0,51766,,"Encuesta Intercensal 2015 (INEGI), microdatos"
2015,alcaldia,012,Tlalpan,9010,Chontal insuficientemente especificado,,Mujeres,3.0,342489.0,26957,,"Encuesta Intercensal 2015 (INEGI), microdatos"
2015,alcaldia,012,Tlalpan,9020,Tepehuano insuficientemente especificado,,Hombres,20.0,307584.0,24514,,"Encuesta Intercensal 2015 (INEGI), microdatos"
2015,alcaldia,015,Cuauhtémoc,9020,Tepehuano insuficientemente especificado,,Mujeres,8.0,269988.0,16823,,"Encuesta Intercensal 2015 (INEGI), microdatos"
2015,alcaldia,012,Tlalpan,9020,Tepehuano insuficientemente especificado,,Mujeres,3.0,342489.0,26957,,"Encuesta Intercensal 2015 (INEGI), microdatos"
2015,alcaldia,013,Xochimilco,9030,Popoluca insuficientemente especificado,,Mujeres,1.0,207198.0,17066,,"Encuesta Intercensal 2015 (INEGI), microdatos"
2015,alcaldia,005,Gustavo A. Madero,9030,Popoluca insuficientemente especificado,,Mujeres,23.0,587418.0,32389,,"Encuesta Intercensal 2015 (INEGI), microdatos"
2015,alcaldia,012,Tlalpan,0204,Tepehuano del sur,yuto-nahua,Total,3.0,650073.0,51471,,"Encuesta Intercensal 2015 (INEGI), microdatos"
2015,alcaldia,016,Miguel Hidalgo,0205,Tarahumara,yuto-nahua,Total,64.0,351682.0,19708,,"Encuesta Intercensal 2015 (INEGI), microdatos"
2015,alcaldia,012,Tlalpan,0205,Tarahumara,yuto-nahua,Total,9.0,650073.0,51471,,"Encuesta Intercensal 2015 (INEGI), microdatos"
2015,alcaldia,002,Azcapotzalco,0205,Tarahumara,yuto-nahua,Total,11.0,385771.0,18781,,"Encuesta Intercensal 2015 (INEGI), microdatos"
2015,alcaldia,003,Coyoacán,0205,Tarahumara,yuto-nahua,Total,17.0,579558.0,35898,,"Encuesta Intercensal 2015 (INEGI), microdatos"
2015,alcaldia,010,Álvaro Obregón,0205,Tarahumara,yuto-nahua,Total,28.0,718828.0,41858,,"Encuesta Intercensal 2015 (INEGI), microdatos"
2015,alcaldia,007,Iztapalapa,0205,Tarahumara,yuto-nahua,Total,12.0,1747881.0,99488,,"Encuesta Intercensal 2015 (INEGI), microdatos"
2015,alcaldia,015,Cuauhtémoc,0205,Tarahumara,yuto-nahua,Total,70.0,514799.0,31888,,"Encuesta Intercensal 2015 (INEGI), microdatos"
2015,alcaldia,016,Miguel Hidalgo,0207,Yaqui,yuto-nahua,Total,44.0,351682.0,19708,2.4813505131229445e-05,"Encuesta Intercensal 2015 (INEGI), microdatos"
2015,alcaldia,012,Tlalpan,0207,Yaqui,yuto-nahua,Total,9.0,650073.0,51471,,"Encuesta Intercensal 2015 (INEGI), microdatos"
2015,alcaldia,007,Iztapalapa,0207,Yaqui,yuto-nahua,Total,57.0,1747881.0,99488,,"Encuesta Intercensal 2015 (INEGI), microdatos"
2015,alcaldia,005,Gustavo A. Madero,0207,Yaqui,yuto-nahua,Total,42.0,1119124.0,61639,,"Encuesta Intercensal 2015 (INEGI), microdatos"
2015,alcaldia,015,Cuauhtémoc,0207,Yaqui,yuto-nahua,Total,12.0,514799.0,31888,1.5498659860079087e-05,"Encuesta Intercensal 2015 (INEGI), microdatos"
2015,alcaldia,014,Benito Juárez,0208,Mayo,yuto-nahua,Total,18.0,405987.0,20953,,"Encuesta Intercensal 2015 (INEGI), microdatos"
2015,alcaldia,012,Tlalpan,0208,Mayo,yuto-nahua,Total,18.0,650073.0,51471,,"Encuesta Intercensal 2015 (INEGI), microdatos"
2015,alcaldia,015,Cuauhtémoc,0208,Mayo,yuto-nahua,Total,15.0,514799.0,31888,,"Encuesta Intercensal 2015 (INEGI), microdatos"
2015,alcaldia,016,Miguel Hidalgo,0210,Huichol,yuto-nahua,Total,27.0,351682.0,19708,,"Encuesta Intercensal 2015 (INEGI), microdatos"
2015,alcaldia,012,Tlalpan,0210,Huichol,yuto-nahua,Total,25.0,650073.0,51471,,"Encuesta Intercensal 2015 (INEGI), microdatos"
2015,alcaldia,003,Coyoacán,0210,Huichol,yuto-nahua,Total,61.0,579558.0,35898,2.915217957855857e-05,"Encuesta Intercensal 2015 (INEGI), microdatos"
2015,alcaldia,008,La Magdalena Contreras,0211,Náhuatl,yuto-nahua,Total,910.0,231493.0,17217,0.0005403132935139548,"Encuesta Intercensal 2015 (INEGI), microdatos"
2015,alcaldia,016,Miguel Hidalgo,0211,Náhuatl,yuto-nahua,Total,693.0,351682.0,19708,0.0003379311383201636,"Encuesta Intercensal 2015 (INEGI), microdatos"
2015,alcaldia,014,Benito Juárez,0211,Náhuatl,yuto-nahua,Total,1998.0,405987.0,20953,0.00042912915179441156,"Encuesta Intercensal 2015 (INEGI), microdatos"
2015,alcaldia,006,Iztacalco,0211,Náhuatl,yuto-nahua,Total,822.0,376217.0,19108,0.00031249568213455504,"Encuesta Intercensal 2015 (INEGI), microdatos"
2015,alcaldia,012,Tlalpan,0211,Náhuatl,yuto-nahua,Total,4072.0,650073.0,51471,0.0004436319208120635,"Encuesta Intercensal 2015 (INEGI), microdatos"
2015,alcaldia,002,Azcapotzalco,0211,Náhuatl,yuto-nahua,Total,1136.0,385771.0,18781,0.00038137036119066084,"Encuesta Intercensal 2015 (INEGI), microdatos"
2015,alcaldia,013,Xochimilco,0211,Náhuatl,yuto-nahua,Total,3367.0,396860.0,33203,0.001299005230785197,"Encuesta Intercensal 2015 (INEGI), microdatos"
2015,alcaldia,017,Venustiano Carranza,0211,Náhuatl,yuto-nahua,Total,1059.0,410711.0,22073,0.00032863807865620505,"Encuesta Intercensal 2015 (INEGI), microdatos"
2015,alcaldia,003,Coyoacán,0211,Náhuatl,yuto-nahua,Total,2606.0,579558.0,35898,0.00041366227848116334,"Encuesta Intercensal 2015 (INEGI), microdatos"
2015,alcaldia,010,Álvaro Obregón,0211,Náhuatl,yuto-nahua,Total,3017.0,718828.0,41858,0.0004593494125386455,"Encuesta Intercensal 2015 (INEGI), microdatos"
2015,alcaldia,007,Iztapalapa,0211,Náhuatl,yuto-nahua,Total,7909.0,1747881.0,99488,0.0003611035579800978,"Encuesta Intercensal 2015 (INEGI), microdatos"
2015,alcaldia,004,Cuajimalpa de Morelos,0211,Náhuatl,yuto-nahua,Total,817.0,189932.0,17774,0.0007860733400802695,"Encuesta Intercensal 2015 (INEGI), microdatos"
2015,alcaldia,005,Gustavo A. Madero,0211,Náhuatl,yuto-nahua,Total,4529.0,1119124.0,61639,0.000434708660706142,"Encuesta Intercensal 2015 (INEGI), microdatos"
2015,alcaldia,015,Cuauhtémoc,0211,Náhuatl,yuto-nahua,Total,1728.0,514799.0,31888,0.0003273216544363446,"Encuesta Intercensal 2015 (INEGI), microdatos"
2015,alcaldia,011,Tláhuac,0211,Náhuatl,yuto-nahua,Total,1484.0,346501.0,19957,0.0006537785786237808,"Encuesta Intercensal 2015 (INEGI), microdatos"
2015,alcaldia,009,Milpa Alta,0211,Náhuatl,yuto-nahua,Total,2402.0,130743.0,18118,0.0023994504868944198,"Encuesta Intercensal 2015 (INEGI), microdatos"
2015,alcaldia,008,La Magdalena Contreras,0501,Otomí,oto-mangue,Total,274.0,231493.0,17217,0.0001902012386960488,"Encuesta Intercensal 2015 (INEGI), microdatos"
2015,alcaldia,016,Miguel Hidalgo,0501,Otomí,oto-mangue,Total,588.0,351682.0,19708,0.0002329700955982188,"Encuesta Intercensal 2015 (INEGI), microdatos"
2015,alcaldia,014,Benito Juárez,0501,Otomí,oto-mangue,Total,271.0,405987.0,20953,8.690745940078911e-05,"Encuesta Intercensal 2015 (INEGI), microdatos"
2015,alcaldia,006,Iztacalco,0501,Otomí,oto-mangue,Total,322.0,376217.0,19108,0.00016218772113611263,"Encuesta Intercensal 2015 (INEGI), microdatos"
2015,alcaldia,012,Tlalpan,0501,Otomí,oto-mangue,Total,770.0,650073.0,51471,0.00015219621450677042,"Encuesta Intercensal 2015 (INEGI), microdatos"
2015,alcaldia,002,Azcapotzalco,0501,Otomí,oto-mangue,Total,459.0,385771.0,18781,0.00031824410087319383,"Encuesta Intercensal 2015 (INEGI), microdatos"
2015,alcaldia,013,Xochimilco,0501,Otomí,oto-mangue,Total,1262.0,396860.0,33203,0.0004387523296677519,"Encuesta Intercensal 2015 (INEGI), microdatos"
2015,alcaldia,017,Venustiano Carranza,0501,Otomí,oto-mangue,Total,306.0,410711.0,22073,0.00025346117480964844,"Encuesta Intercensal 2015 (INEGI), microdatos"
2015,alcaldia,003,Coyoacán,0501,Otomí,oto-mangue,Total,613.0,579558.0,35898,8.945742480606166e-05,"Encuesta Intercensal 2015 (INEGI), microdatos"
2015,alcaldia,010,Álvaro Obregón,0501,Otomí,oto-mangue,Total,623.0,718828.0,41858,0.00011931055878131964,"Encuesta Intercensal 2015 (INEGI), microdatos"
2015,alcaldia,007,Iztapalapa,0501,Otomí,oto-mangue,Total,3376.0,1747881.0,99488,0.00047887997454283817,"Encuesta Intercensal 2015 (INEGI), microdatos"
2015,alcaldia,004,Cuajimalpa de Morelos,0501,Otomí,oto-mangue,Total,353.0,189932.0,17774,0.000584237505376312,"Encuesta Intercensal 2015 (INEGI), microdatos"
2015,alcaldia,005,Gustavo A. Madero,0501,Otomí,oto-mangue,Total,2718.0,1119124.0,61639,0.00035198248673488236,"Encuesta Intercensal 2015 (INEGI), microdatos"
2015,alcaldia,015,Cuauhtémoc,0501,Otomí,oto-mangue,Total,607.0,514799.0,31888,0.00022985621567472986,"Encuesta Intercensal 2015 (INEGI), microdatos"
2015,alcaldia,011,Tláhuac,0501,Otomí,oto-mangue,Total,458.0,346501.0,19957,0.0002546906734536131,"Encuesta Intercensal 2015 (INEGI), microdatos"
2015,alcaldia,009,Milpa Alta,0501,Otomí,oto-mangue,Total,764.0,130743.0,18118,0.0011673880679668,"Encuesta Intercensal 2015 (INEGI), microdatos"
2015,alcaldia,008,La Magdalena Contreras,0502,Mazahua,oto-mangue,Total,141.0,231493.0,17217,9.84009162992747e-05,"Encuesta Intercensal 2015 (INEGI), microdatos"
2015,alcaldia,016,Miguel Hidalgo,0502,Mazahua,oto-mangue,Total,264.0,351682.0,19708,0.0001564494706044708,"Encuesta Intercensal 2015 (INEGI), microdatos"
2015,alcaldia,014,Benito Juárez,0502,Mazahua,oto-mangue,Total,122.0,405987.0,20953,8.093523347823444e-05,"Encuesta Intercensal 2015 (INEGI), microdatos"
2015,alcaldia,006,Iztacalco,0502,Mazahua,oto-mangue,Total,370.0,376217.0,19108,0.0004354212292706317,"Encuesta Intercensal 2015 (INEGI), microdatos"
2015,alcaldia,012,Tlalpan,0502,Mazahua,oto-mangue,Total,429.0,650073.0,51471,7.758363073170172e-05,"Encuesta Intercensal 2015 (INEGI), microdatos"
2015,alcaldia,002,Azcapotzalco,0502,Mazahua,oto-mangue,Total,135.0,385771.0,18781,7.239062618502429e-05,"Encuesta Intercensal 2015 (INEGI), microdatos"
2015,alcaldia,013,Xochimilco,0502,Mazahua,oto-mangue,Total,476.0,396860.0,33203,0.00017535048007106762,"Encuesta Intercensal 2015 (INEGI), microdatos"
2015,alcaldia,017,Venustiano Carranza,0502,Mazahua,oto-mangue,Total,217.0,410711.0,22073,0.0001430041074875811,"Encuesta Intercensal 2015 (INEGI), microdatos"
2015,alcaldia,003,Coyoacán,0502,Mazahua,oto-mangue,Total,354.0,579558.0,35898,6.555807538003397e-05,"Encuesta Intercensal 2015 (INEGI), microdatos"
2015,alcaldia,010,Álvaro Obregón,0502,Mazahua,oto-mangue,Total,1320.0,718828.0,41858,0.0003042401647887493,"Encuesta Intercensal 2015 (INEGI), microdatos"
2015,alcaldia,007,Iztapalapa,0502,Mazahua,oto-mangue,Total,2574.0,1747881.0,99488,0.0002415353909202492,"Encuesta Intercensal 2015 (INEGI), microdatos"
2015,alcaldia,004,Cuajimalpa de Morelos,0502,Mazahua,oto-mangue,Total,305.0,189932.0,17774,0.00036646179668307064,"Encuesta Intercensal 2015 (INEGI), microdatos"
2015,alcaldia,005,Gustavo A. Madero,0502,Mazahua,oto-mangue,Total,336.0,1119124.0,61639,6.035340566246631e-05,"Encuesta Intercensal 2015 (INEGI), microdatos"
2015,alcaldia,015,Cuauhtémoc,0502,Mazahua,oto-mangue,Total,601.0,514799.0,31888,0.00033492011470769793,"Encuesta Intercensal 2015 (INEGI), microdatos"
2015,alcaldia,011,Tláhuac,0502,Mazahua,oto-mangue,Total,474.0,346501.0,19957,0.00024114518095213049,"Encuesta Intercensal 2015 (INEGI), microdatos"
2015,alcaldia,009,Milpa Alta,0502,Mazahua,oto-mangue,Total,203.0,130743.0,18118,0.0001654107809157688,"Encuesta Intercensal 2015 (INEGI), microdatos"
2015,alcaldia,012,Tlalpan,0503,Matlatzinca,oto-mangue,Total,10.0,650073.0,51471,,"Encuesta Intercensal 2015 (INEGI), microdatos"
2015,alcaldia,013,Xochimilco,0503,Matlatzinca,oto-mangue,Total,8.0,396860.0,33203,,"Encuesta Intercensal 2015 (INEGI), microdatos"
2015,alcaldia,003,Coyoacán,0503,Matlatzinca,oto-mangue,Total,60.0,579558.0,35898,,"Encuesta Intercensal 2015 (INEGI), microdatos"
2015,alcaldia,007,Iztapalapa,0503,Matlatzinca,oto-mangue,Total,154.0,1747881.0,99488,,"Encuesta Intercensal 2015 (INEGI), microdatos"
2015,alcaldia,004,Cuajimalpa de Morelos,0505,Pame,oto-mangue,Total,6.0,189932.0,17774,,"Encuesta Intercensal 2015 (INEGI), microdatos"
2015,alcaldia,013,Xochimilco,0506,Chichimeco jonaz,oto-mangue,Total,15.0,396860.0,33203,,"Encuesta Intercensal 2015 (INEGI), microdatos"
2015,alcaldia,008,La Magdalena Contreras,0507,Chinanteco,oto-mangue,Total,217.0,231493.0,17217,0.00021352104781148732,"Encuesta Intercensal 2015 (INEGI), microdatos"
2015,alcaldia,016,Miguel Hidalgo,0507,Chinanteco,oto-mangue,Total,76.0,351682.0,19708,4.433928001892867e-05,"Encuesta Intercensal 2015 (INEGI), microdatos"
2015,alcaldia,014,Benito Juárez,0507,Chinanteco,oto-mangue,Total,7.0,405987.0,20953,,"Encuesta Intercensal 2015 (INEGI), microdatos"
2015,alcaldia,006,Iztacalco,0507,Chinanteco,oto-mangue,Total,106.0,376217.0,19108,9.951504534557744e-05,"Encuesta Intercensal 2015 (INEGI), microdatos"
2015,alcaldia,012,Tlalpan,0507,Chinanteco,oto-mangue,Total,100.0,650073.0,51471,3.818474555013269e-05,"Encuesta Intercensal 2015 (INEGI), microdatos"
2015,alcaldia,002,Azcapotzalco,0507,Chinanteco,oto-mangue,Total,60.0,385771.0,18781,4.159069071634776e-05,"Encuesta Intercensal 2015 (INEGI), microdatos"
2015,alcaldia,013,Xochimilco,0507,Chinanteco,oto-mangue,Total,72.0,396860.0,33203,1.0657901857248667e-05,"Encuesta Intercensal 2015 (INEGI), microdatos"
2015,alcaldia,017,Venustiano Carranza,0507,Chinanteco,oto-mangue,Total,255.0,410711.0,22073,0.0005612222698921222,"Encuesta Intercensal 2015 (INEGI), microdatos"
2015,alcaldia,003,Coyoacán,0507,Chinanteco,oto-mangue,Total,504.0,579558.0,35898,0.00035498580749501133,"Encuesta Intercensal 2015 (INEGI), microdatos"
2015,alcaldia,010,Álvaro Obregón,0507,Chinanteco,oto-mangue,Total,245.0,718828.0,41858,7.156758851018979e-05,"Encuesta Intercensal 2015 (INEGI), microdatos"
2015,alcaldia,007,Iztapalapa,0507,Chinanteco,oto-mangue,Total,1048.0,1747881.0,99488,0.00011300291454811545,"Encuesta Intercensal 2015 (INEGI), microdatos"
2015,alcaldia,004,Cuajimalpa de Morelos,0507,Chinanteco,oto-mangue,Total,49.0,189932.0,17774,0.00012786059076005173,"Encuesta Intercensal 2015 (INEGI), microdatos"
2015,alcaldia,005,Gustavo A. Madero,0507,Chinanteco,oto-mangue,Total,336.0,1119124.0,61639,4.203322727654869e-05,"Encuesta Intercensal 2015 (INEGI), microdatos"
2015,alcaldia,015,Cuauhtémoc,0507,Chinanteco,oto-mangue,Total,119.0,514799.0,31888,3.112166387810638e-05,"Encuesta Intercensal 2015 (INEGI), microdatos"
2015,alcaldia,011,Tláhuac,0507,Chinanteco,oto-mangue,Total,198.0,346501.0,19957,9.082519425996103e-05,"Encuesta Intercensal 2015 (INEGI), microdatos"
2015,alcaldia,009,Milpa Alta,0507,Chinanteco,oto-mangue,Total,59.0,130743.0,18118,,"Encuesta Intercensal 2015 (INEGI), microdatos"
2015,alcaldia,008,La Magdalena Contreras,0508,Tlapaneco,oto-mangue,Total,24.0,231493.0,17217,,"Encuesta Intercensal 2015 (INEGI), microdatos"
2015,alcaldia,016,Miguel Hidalgo,0508,Tlapaneco,oto-mangue,Total,16.0,351682.0,19708,,"Encuesta Intercensal 2015 (INEGI), microdatos"
2015,alcaldia,014,Benito Juárez,0508,Tlapaneco,oto-mangue,Total,32.0,405987.0,20953,2.4774803554074206e-05,"Encuesta Intercensal 2015 (INEGI), microdatos"
2015,alcaldia,006,Iztacalco,0508,Tlapaneco,oto-mangue,Total,96.0,376217.0,19108,0.0002322702458326056,"Encuesta Intercensal 2015 (INEGI), microdatos"
2015,alcaldia,012,Tlalpan,0508,Tlapaneco,oto-mangue,Total,66.0,650073.0,51471,2.0514234532124363e-05,"Encuesta Intercensal 2015 (INEGI), microdatos"
2015,alcaldia,002,Azcapotzalco,0508,Tlapaneco,oto-mangue,Total,27.0,385771.0,18781,,"Encuesta Intercensal 2015 (INEGI), microdatos"
2015,alcaldia,013,Xochimilco,0508,Tlapaneco,oto-mangue,Total,106.0,396860.0,33203,3.3160161865302284e-05,"Encuesta Intercensal 2015 (INEGI), microdatos"
2015,alcaldia,017,Venustiano Carranza,0508,Tlapaneco,oto-mangue,Total,16.0,410711.0,22073,,"Encuesta Intercensal 2015 (INEGI), microdatos"
2015,alcaldia,003,Coyoacán,0508,Tlapaneco,oto-mangue,Total,155.0,579558.0,35898,8.231178463851241e-05,"Encuesta Intercensal 2015 (INEGI), microdatos"
2015,alcaldia,010,Álvaro Obregón,0508,Tlapaneco,oto-mangue,Total,90.0,718828.0,41858,5.914013965459663e-06,"Encuesta Intercensal 2015 (INEGI), microdatos"
2015,alcaldia,007,Iztapalapa,0508,Tlapaneco,oto-mangue,Total,655.0,1747881.0,99488,6.507887011889625e-05,"Encuesta Intercensal 2015 (INEGI), microdatos"
2015,alcaldia,004,Cuajimalpa de Morelos,0508,Tlapaneco,oto-mangue,Total,9.0,189932.0,17774,,"Encuesta Intercensal 2015 (INEGI), microdatos"
2015,alcaldia,005,Gustavo A. Madero,0508,Tlapaneco,oto-mangue,Total,94.0,1119124.0,61639,5.4262909477244354e-06,"Encuesta Intercensal 2015 (INEGI), microdatos"
2015,alcaldia,015,Cuauhtémoc,0508,Tlapaneco,oto-mangue,Total,138.0,514799.0,31888,0.0001025853115286744,"Encuesta Intercensal 2015 (INEGI), microdatos"
2015,alcaldia,011,Tláhuac,0508,Tlapaneco,oto-mangue,Total,77.0,346501.0,19957,5.59369929816235e-05,"Encuesta Intercensal 2015 (INEGI), microdatos"
2015,alcaldia,009,Milpa Alta,0508,Tlapaneco,oto-mangue,Total,14.0,130743.0,18118,,"Encuesta Intercensal 2015 (INEGI), microdatos"
2015,alcaldia,008,La Magdalena Contreras,0509,Mazateco,oto-mangue,Total,342.0,231493.0,17217,0.00016085241494954587,"Encuesta Intercensal 2015 (INEGI), microdatos"
2015,alcaldia,016,Miguel Hidalgo,0509,Mazateco,oto-mangue,Total,336.0,351682.0,19708,0.00034945048296054104,"Encuesta Intercensal 2015 (INEGI), microdatos"
2015,alcaldia,014,Benito Juárez,0509,Mazateco,oto-mangue,Total,150.0,405987.0,20953,0.00013251677749234644,"Encuesta Intercensal 2015 (INEGI), microdatos"
2015,alcaldia,006,Iztacalco,0509,Mazateco,oto-mangue,Total,297.0,376217.0,19108,0.0002948975183551416,"Encuesta Intercensal 2015 (INEGI), microdatos"
2015,alcaldia,012,Tlalpan,0509,Mazateco,oto-mangue,Total,923.0,650073.0,51471,0.0002569002624922553,"Encuesta Intercensal 2015 (INEGI), microdatos"
2015,alcaldia,002,Azcapotzalco,0509,Mazateco,oto-mangue,Total,112.0,385771.0,18781,5.126172359912748e-05,"Encuesta Intercensal 2015 (INEGI), microdatos"
2015,alcaldia,013,Xochimilco,0509,Mazateco,oto-mangue,Total,1728.0,396860.0,33203,0.0009055145394395128,"Encuesta Intercensal 2015 (INEGI), microdatos"
2015,alcaldia,017,Venustiano Carranza,0509,Mazateco,oto-mangue,Total,391.0,410711.0,22073,0.00018261053257387187,"Encuesta Intercensal 2015 (INEGI), microdatos"
2015,alcaldia,003,Coyoacán,0509,Mazateco,oto-mangue,Total,558.0,579558.0,35898,0.00031387807568096585,"Encuesta Intercensal 2015 (INEGI), microdatos"
2015,alcaldia,010,Álvaro Obregón,0509,Mazateco,oto-mangue,Total,316.0,718828.0,41858,0.00010237451758778153,"Encuesta Intercensal 2015 (INEGI), microdatos"
2015,alcaldia,007,Iztapalapa,0509,Mazateco,oto-mangue,Total,2982.0,1747881.0,99488,0.00024221471807625428,"Encuesta Intercensal 2015 (INEGI), microdatos"
2015,alcaldia,004,Cuajimalpa de Morelos,0509,Mazateco,oto-mangue,Total,23.0,189932.0,17774,,"Encuesta Intercensal 2015 (INEGI), microdatos"
2015,alcaldia,005,Gustavo A. Madero,0509,Mazateco,oto-mangue,Total,1588.0,1119124.0,61639,0.00024034654412259966,"Encuesta Intercensal 2015 (INEGI), microdatos"
2015,alcaldia,015,Cuauhtémoc,0509,Mazateco,oto-mangue,Total,565.0,514799.0,31888,0.0004245337070090589,"Encuesta Intercensal 2015 (INEGI), microdatos"
2015,alcaldia,011,Tláhuac,0509,Mazateco,oto-mangue,Total,276.0,346501.0,19957,0.0002031412257429555,"Encuesta Intercensal 2015 (INEGI), microdatos"
2015,alcaldia,009,Milpa Alta,0509,Mazateco,oto-mangue,Total,489.0,130743.0,18118,0.0009685715305023345,"Encuesta Intercensal 2015 (INEGI), microdatos"
2015,alcaldia,003,Coyoacán,0511,Chocholteco,oto-mangue,Total,6.0,579558.0,35898,,"Encuesta Intercensal 2015 (INEGI), microdatos"
2015,alcaldia,010,Álvaro Obregón,0511,Chocholteco,oto-mangue,Total,60.0,718828.0,41858,,"Encuesta Intercensal 2015 (INEGI), microdatos"
2015,alcaldia,009,Milpa Alta,0511,Chocholteco,oto-mangue,Total,2.0,130743.0,18118,,"Encuesta Intercensal 2015 (INEGI), microdatos"
2015,alcaldia,013,Xochimilco,0512,Popoloca,oto-mangue,Total,3.0,396860.0,33203,,"Encuesta Intercensal 2015 (INEGI), microdatos"
2015,alcaldia,017,Venustiano Carranza,0512,Popoloca,oto-mangue,Total,24.0,410711.0,22073,,"Encuesta Intercensal 2015 (INEGI), microdatos"
2015,alcaldia,003,Coyoacán,0512,Popoloca,oto-mangue,Total,7.0,579558.0,35898,,"Encuesta Intercensal 2015 (INEGI), microdatos"
2015,alcaldia,010,Álvaro Obregón,0512,Popoloca,oto-mangue,Total,7.0,718828.0,41858,,"Encuesta Intercensal 2015 (INEGI), microdatos"
2015,alcaldia,004,Cuajimalpa de Morelos,0512,Popoloca,oto-mangue,Total,22.0,189932.0,17774,,"Encuesta Intercensal 2015 (INEGI), microdatos"
2015,alcaldia,009,Milpa Alta,0512,Popoloca,oto-mangue,Total,34.0,130743.0,18118,,"Encuesta Intercensal 2015 (INEGI), microdatos"
2015,alcaldia,008,La Magdalena Contreras,0513,Zapoteco,oto-mangue,Total,132.0,231493.0,17217,9.880515913738468e-05,"Encuesta Intercensal 2015 (INEGI), microdatos"
2015,alcaldia,016,Miguel Hidalgo,0513,Zapoteco,oto-mangue,Total,291.0,351682.0,19708,0.00018811056404375562,"Encuesta Intercensal 2015 (INEGI), microdatos"
2015,alcaldia,014,Benito Juárez,0513,Zapoteco,oto-mangue,Total,574.0,405987.0,20953,0.0002562831569776866,"Encuesta Intercensal 2015 (INEGI), microdatos"
2015,alcaldia,006,Iztacalco,0513,Zapoteco,oto-mangue,Total,324.0,376217.0,19108,0.000249259207172354,"Encuesta Intercensal 2015 (INEGI), microdatos"
2015,alcaldia,012,Tlalpan,0513,Zapoteco,oto-mangue,Total,964.0,650073.0,51471,0.00018658640557958208,"Encuesta Intercensal 2015 (INEGI), microdatos"
2015,alcaldia,002,Azcapotzalco,0513,Zapoteco,oto-mangue,Total,566.0,385771.0,18781,0.00028803228687890553,"Encuesta Intercensal 2015 (INEGI), microdatos"
2015,alcaldia,013,Xochimilco,0513,Zapoteco,oto-mangue,Total,226.0,396860.0,33203,0.00015995885215720705,"Encuesta Intercensal 2015 (INEGI), microdatos"
2015,alcaldia,017,Venustiano Carranza,0513,Zapoteco,oto-mangue,Total,600.0,410711.0,22073,0.0004983587982223675,"Encuesta Intercensal 2015 (INEGI), microdatos"
2015,alcaldia,003,Coyoacán,0513,Zapoteco,oto-mangue,Total,800.0,579558.0,35898,0.00013927171418163817,"Encuesta Intercensal 2015 (INEGI), microdatos"
2015,alcaldia,010,Álvaro Obregón,0513,Zapoteco,oto-mangue,Total,550.0,718828.0,41858,0.0001944715229615015,"Encuesta Intercensal 2015 (INEGI), microdatos"
2015,alcaldia,007,Iztapalapa,0513,Zapoteco,oto-mangue,Total,2294.0,1747881.0,99488,0.00012551294750511776,"Encuesta Intercensal 2015 (INEGI), microdatos"
2015,alcaldia,004,Cuajimalpa de Morelos,0513,Zapoteco,oto-mangue,Total,65.0,189932.0,17774,1.5953633465904716e-05,"Encuesta Intercensal 2015 (INEGI), microdatos"
2015,alcaldia,005,Gustavo A. Madero,0513,Zapoteco,oto-mangue,Total,1472.0,1119124.0,61639,0.0002126485995783928,"Encuesta Intercensal 2015 (INEGI), microdatos"
2015,alcaldia,015,Cuauhtémoc,0513,Zapoteco,oto-mangue,Total,933.0,514799.0,31888,0.00035289798764721707,"Encuesta Intercensal 2015 (INEGI), microdatos"
2015,alcaldia,011,Tláhuac,0513,Zapoteco,oto-mangue,Total,690.0,346501.0,19957,0.0003704671300707083,"Encuesta Intercensal 2015 (INEGI), microdatos"
2015,alcaldia,009,Milpa Alta,0513,Zapoteco,oto-mangue,Total,112.0,130743.0,18118,0.00011616100971438145,"Encuesta Intercensal 2015 (INEGI), microdatos"
2015,alcaldia,012,Tlalpan,0514,Chatino,oto-mangue,Total,3.0,650073.0,51471,,"Encuesta Intercensal 2015 (INEGI), microdatos"
2015,alcaldia,013,Xochimilco,0514,Chatino,oto-mangue,Total,51.0,396860.0,33203,7.316156568263609e-06,"Encuesta Intercensal 2015 (INEGI), microdatos"
2015,alcaldia,007,Iztapalapa,0514,Chatino,oto-mangue,Total,44.0,1747881.0,99488,1.1449224412733417e-05,"Encuesta Intercensal 2015 (INEGI), microdatos"
2015,alcaldia,014,Benito Juárez,0515,Amuzgo,oto-mangue,Total,5.0,405987.0,20953,,"Encuesta Intercensal 2015 (INEGI), microdatos"
2015,alcaldia,013,Xochimilco,0515,Amuzgo,oto-mangue,Total,13.0,396860.0,33203,,"Encuesta Intercensal 2015 (INEGI), microdatos"
2015,alcaldia,003,Coyoacán,0515,Amuzgo,oto-mangue,Total,81.0,579558.0,35898,2.9611470297370964e-05,"Encuesta Intercensal 2015 (INEGI), microdatos"
2015,alcaldia,010,Álvaro Obregón,0515,Amuzgo,oto-mangue,Total,9.0,718828.0,41858,,"Encuesta Intercensal 2015 (INEGI), microdatos"
2015,alcaldia,007,Iztapalapa,0515,Amuzgo,oto-mangue,Total,47.0,1747881.0,99488,,"Encuesta Intercensal 2015 (INEGI), microdatos"
2015,alcaldia,005,Gustavo A. Madero,0515,Amuzgo,oto-mangue,Total,277.0,1119124.0,61639,0.00014956327029674984,"Encuesta Intercensal 2015 (INEGI), microdatos"
2015,alcaldia,011,Tláhuac,0515,Amuzgo,oto-mangue,Total,11.0,346501.0,19957,,"Encuesta Intercensal 2015 (INEGI), microdatos"
2015,alcaldia,008,La Magdalena Contreras,0516,Mixteco,oto-mangue,Total,424.0,231493.0,17217,0.0005922362275445988,"Encuesta Intercensal 2015 (INEGI), microdatos"
2015,alcaldia,016,Miguel Hidalgo,0516,Mixteco,oto-mangue,Total,176.0,351682.0,19708,8.676380446717989e-05,"Encuesta Intercensal 2015 (INEGI), microdatos"
2015,alcaldia,014,Benito Juárez,0516,Mixteco,oto-mangue,Total,428.0,405987.0,20953,0.00017324930461379965,"Encuesta Intercensal 2015 (INEGI), microdatos"
2015,alcaldia,006,Iztacalco,0516,Mixteco,oto-mangue,Total,585.0,376217.0,19108,0.0004310110492543078,"Encuesta Intercensal 2015 (INEGI), microdatos"
2015,alcaldia,012,Tlalpan,0516,Mixteco,oto-mangue,Total,2444.0,650073.0,51471,0.0005456003186181183,"Encuesta Intercensal 2015 (INEGI), microdatos"
2015,alcaldia,002,Azcapotzalco,0516,Mixteco,oto-mangue,Total,454.0,385771.0,18781,0.0005672040180244212,"Encuesta Intercensal 2015 (INEGI), microdatos"
2015,alcaldia,013,Xochimilco,0516,Mixteco,oto-mangue,Total,892.0,396860.0,33203,0.0005739792287461089,"Encuesta Intercensal 2015 (INEGI), microdatos"
2015,alcaldia,017,Venustiano Carranza,0516,Mixteco,oto-mangue,Total,823.0,410711.0,22073,0.0006006126523488414,"Encuesta Intercensal 2015 (INEGI), microdatos"
2015,alcaldia,003,Coyoacán,0516,Mixteco,oto-mangue,Total,705.0,579558.0,35898,0.0001457178426730942,"Encuesta Intercensal 2015 (INEGI), microdatos"
2015,alcaldia,010,Álvaro Obregón,0516,Mixteco,oto-mangue,Total,393.0,718828.0,41858,0.0001189235006410209,"Encuesta Intercensal 2015 (INEGI), microdatos"
2015,alcaldia,007,Iztapalapa,0516,Mixteco,oto-mangue,Total,5166.0,1747881.0,99488,0.00033546868482451264,"Encuesta Intercensal 2015 (INEGI), microdatos"
2015,alcaldia,004,Cuajimalpa de Morelos,0516,Mixteco,oto-mangue,Total,245.0,189932.0,17774,0.00016395648434789918,"Encuesta Intercensal 2015 (INEGI), microdatos"
2015,alcaldia,005,Gustavo A. Madero,0516,Mixteco,oto-mangue,Total,1463.0,1119124.0,61639,0.00022707389015608225,"Encuesta Intercensal 2015 (INEGI), microdatos"
2015,alcaldia,015,Cuauhtémoc,0516,Mixteco,oto-mangue,Total,516.0,514799.0,31888,0.00016487071681692796,"Encuesta Intercensal 2015 (INEGI), microdatos"
2015,alcaldia,011,Tláhuac,0516,Mixteco,oto-mangue,Total,621.0,346501.0,19957,0.0003550879892079363,"Encuesta Intercensal 2015 (INEGI), microdatos"
2015,alcaldia,009,Milpa Alta,0516,Mixteco,oto-mangue,Total,585.0,130743.0,18118,0.0007965736743053202,"Encuesta Intercensal 2015 (INEGI), microdatos"
2015,alcaldia,016,Miguel Hidalgo,0517,Cuicateco,oto-mangue,Total,18.0,351682.0,19708,,"Encuesta Intercensal 2015 (INEGI), microdatos"
2015,alcaldia,012,Tlalpan,0517,Cuicateco,oto-mangue,Total,38.0,650073.0,51471,,"Encuesta Intercensal 2015 (INEGI), microdatos"
2015,alcaldia,013,Xochimilco,0517,Cuicateco,oto-mangue,Total,28.0,396860.0,33203,,"Encuesta Intercensal 2015 (INEGI), microdatos"
2015,alcaldia,017,Venustiano Carranza,0517,Cuicateco,oto-mangue,Total,1.0,410711.0,22073,,"Encuesta Intercensal 2015 (INEGI), microdatos"
2015,alcaldia,007,Iztapalapa,0517,Cuicateco,oto-mangue,Total,102.0,1747881.0,99488,6.7519403913839255e-06,"Encuesta Intercensal 2015 (INEGI), microdatos"
2015,alcaldia,005,Gustavo A. Madero,0517,Cuicateco,oto-mangue,Total,11.0,1119124.0,61639,,"Encuesta Intercensal 2015 (INEGI), microdatos"
2015,alcaldia,009,Milpa Alta,0517,Cuicateco,oto-mangue,Total,28.0,130743.0,18118,0.00012391267126033562,"Encuesta Intercensal 2015 (INEGI), microdatos"
2015,alcaldia,016,Miguel Hidalgo,0518,Triqui,oto-mangue,Total,63.0,351682.0,19708,,"Encuesta Intercensal 2015 (INEGI), microdatos"
2015,alcaldia,010,Álvaro Obregón,0518,Triqui,oto-mangue,Total,43.0,718828.0,41858,,"Encuesta Intercensal 2015 (INEGI), microdatos"
2015,alcaldia,007,Iztapalapa,0518,Triqui,oto-mangue,Total,72.0,1747881.0,99488,9.213236440537564e-06,"Encuesta Intercensal 2015 (INEGI), microdatos"
2015,alcaldia,005,Gustavo A. Madero,0518,Triqui,oto-mangue,Total,109.0,1119124.0,61639,,"Encuesta Intercensal 2015 (INEGI), microdatos"
2015,alcaldia,008,La Magdalena Contreras,0601,Huasteco,maya,Total,34.0,231493.0,17217,2.4198058949257626e-05,"Encuesta Intercensal 2015 (INEGI), microdatos"
2015,alcaldia,016,Miguel Hidalgo,0601,Huasteco,maya,Total,33.0,351682.0,19708,,"Encuesta Intercensal 2015 (INEGI), microdatos"
2015,alcaldia,014,Benito Juárez,0601,Huasteco,maya,Total,105.0,405987.0,20953,,"Encuesta Intercensal 2015 (INEGI), microdatos"
2015,alcaldia,006,Iztacalco,0601,Huasteco,maya,Total,5.0,376217.0,19108,,"Encuesta Intercensal 2015 (INEGI), microdatos"
2015,alcaldia,012,Tlalpan,0601,Huasteco,maya,Total,44.0,650073.0,51471,,"Encuesta Intercensal 2015 (INEGI), microdatos"
2015,alcaldia,013,Xochimilco,0601,Huasteco,maya,Total,18.0,396860.0,33203,3.527669527770522e-05,"Encuesta Intercensal 2015 (INEGI), microdatos"
2015,alcaldia,017,Venustiano Carranza,0601,Huasteco,maya,Total,58.0,410711.0,22073,9.285531560727333e-05,"Encuesta Intercensal 2015 (INEGI), microdatos"
2015,alcaldia,003,Coyoacán,0601,Huasteco,maya,Total,11.0,579558.0,35898,,"Encuesta Intercensal 2015 (INEGI), microdatos"
2015,alcaldia,010,Álvaro Obregón,0601,Huasteco,maya,Total,13.0,718828.0,41858,,"Encuesta Intercensal 2015 (INEGI), microdatos"
2015,alcaldia,007,Iztapalapa,0601,Huasteco,maya,Total,227.0,1747881.0,99488,7.121189323168678e-05,"Encuesta Intercensal 2015 (INEGI), microdatos"
2015,alcaldia,004,Cuajimalpa de Morelos,0601,Huasteco,maya,Total,16.0,189932.0,17774,,"Encuesta Intercensal 2015 (INEGI), microdatos"
2015,alcaldia,005,Gustavo A. Madero,0601,Huasteco,maya,Total,73.0,1119124.0,61639,9.748214968745269e-06,"Encuesta Intercensal 2015 (INEGI), microdatos"
2015,alcaldia,009,Milpa Alta,0601,Huasteco,maya,Total,7.0,130743.0,18118,,"Encuesta Intercensal 2015 (INEGI), microdatos"
2015,alcaldia,008,La Magdalena Contreras,0602,Maya,maya,Total,78.0,231493.0,17217,0.00010150061402952837,"Encuesta Intercensal 2015 (INEGI), microdatos"
2015,alcaldia,016,Miguel Hidalgo,0602,Maya,maya,Total,70.0,351682.0,19708,4.1743002501628106e-05,"Encuesta Intercensal 2015 (INEGI), microdatos"
2015,alcaldia,014,Benito Juárez,0602,Maya,maya,Total,265.0,405987.0,20953,0.0001301327954133544,"Encuesta Intercensal 2015 (INEGI), microdatos"
2015,alcaldia,006,Iztacalco,0602,Maya,maya,Total,30.0,376217.0,19108,,"Encuesta Intercensal 2015 (INEGI), microdatos"
2015,alcaldia,012,Tlalpan,0602,Maya,maya,Total,127.0,650073.0,51471,2.97875759371673e-05,"Encuesta Intercensal 2015 (INEGI), microdatos"
2015,alcaldia,002,Azcapotzalco,0602,Maya,maya,Total,92.0,385771.0,18781,0.00011473517559958456,"Encuesta Intercensal 2015 (INEGI), microdatos"
2015,alcaldia,013,Xochimilco,0602,Maya,maya,Total,40.0,396860.0,33203,6.962965273890363e-05,"Encuesta Intercensal 2015 (INEGI), microdatos"
2015,alcaldia,017,Venustiano Carranza,0602,Maya,maya,Total,155.0,410711.0,22073,6.14368121191643e-05,"Encuesta Intercensal 2015 (INEGI), microdatos"
2015,alcaldia,003,Coyoacán,0602,Maya,maya,Total,221.0,579558.0,35898,9.857606115330529e-05,"Encuesta Intercensal 2015 (INEGI), microdatos"
2015,alcaldia,010,Álvaro Obregón,0602,Maya,maya,Total,137.0,718828.0,41858,8.5618013511915e-08,"Encuesta Intercensal 2015 (INEGI), microdatos"
2015,alcaldia,007,Iztapalapa,0602,Maya,maya,Total,240.0,1747881.0,99488,3.138337720575828e-05,"Encuesta Intercensal 2015 (INEGI), microdatos"
2015,alcaldia,004,Cuajimalpa de Morelos,0602,Maya,maya,Total,5.0,189932.0,17774,,"Encuesta Intercensal 2015 (INEGI), microdatos"
2015,alcaldia,005,Gustavo A. Madero,0602,Maya,maya,Total,165.0,1119124.0,61639,3.832522197031807e-05,"Encuesta Intercensal 2015 (INEGI), microdatos"
2015,alcaldia,015,Cuauhtémoc,0602,Maya,maya,Total,322.0,514799.0,31888,0.0002599135252527072,"Encuesta Intercensal 2015 (INEGI), microdatos"
2015,alcaldia,011,Tláhuac,0602,Maya,maya,Total,98.0,346501.0,19957,4.736168261303271e-05,"Encuesta Intercensal 2015 (INEGI), microdatos"
2015,alcaldia,009,Milpa Alta,0602,Maya,maya,Total,29.0,130743.0,18118,,"Encuesta Intercensal 2015 (INEGI), microdatos"
2015,alcaldia,008,La Magdalena Contreras,0604,Ch'ol,maya,Total,44.0,231493.0,17217,,"Encuesta Intercensal 2015 (INEGI), microdatos"
2015,alcaldia,016,Miguel Hidalgo,0604,Ch'ol,maya,Total,32.0,351682.0,19708,,"Encuesta Intercensal 2015 (INEGI), microdatos"
2015,alcaldia,006,Iztacalco,0604,Ch'ol,maya,Total,5.0,376217.0,19108,,"Encuesta Intercensal 2015 (INEGI), microdatos"
2015,alcaldia,012,Tlalpan,0604,Ch'ol,maya,Total,12.0,650073.0,51471,,"Encuesta Intercensal 2015 (INEGI), microdatos"
2015,alcaldia,017,Venustiano Carranza,0604,Ch'ol,maya,Total,16.0,410711.0,22073,,"Encuesta Intercensal 2015 (INEGI), microdatos"
2015,alcaldia,003,Coyoacán,0604,Ch'ol,maya,Total,11.0,579558.0,35898,,"Encuesta Intercensal 2015 (INEGI), microdatos"
2015,alcaldia,007,Iztapalapa,0604,Ch'ol,maya,Total,68.0,1747881.0,99488,,"Encuesta Intercensal 2015 (INEGI), microdatos"
2015,alcaldia,015,Cuauhtémoc,0604,Ch'ol,maya,Total,10.0,514799.0,31888,,"Encuesta Intercensal 2015 (INEGI), microdatos"
2015,alcaldia,008,La Magdalena Contreras,0606,Tseltal,maya,Total,83.0,231493.0,17217,,"Encuesta Intercensal 2015 (INEGI), microdatos"
2015,alcaldia,016,Miguel Hidalgo,0606,Tseltal,maya,Total,30.0,351682.0,19708,,"Encuesta Intercensal 2015 (INEGI), microdatos"
2015,alcaldia,014,Benito Juárez,0606,Tseltal,maya,Total,35.0,405987.0,20953,7.183848379537471e-06,"Encuesta Intercensal 2015 (INEGI), microdatos"
2015,alcaldia,006,Iztacalco,0606,Tseltal,maya,Total,107.0,376217.0,19108,,"Encuesta Intercensal 2015 (INEGI), microdatos"
2015,alcaldia,012,Tlalpan,0606,Tseltal,maya,Total,66.0,650073.0,51471,7.905016318102163e-06,"Encuesta Intercensal 2015 (INEGI), microdatos"
2015,alcaldia,017,Venustiano Carranza,0606,Tseltal,maya,Total,128.0,410711.0,22073,0.00022335521108873265,"Encuesta Intercensal 2015 (INEGI), microdatos"
2015,alcaldia,003,Coyoacán,0606,Tseltal,maya,Total,74.0,579558.0,35898,1.1158778683064017e-05,"Encuesta Intercensal 2015 (INEGI), microdatos"
2015,alcaldia,010,Álvaro Obregón,0606,Tseltal,maya,Total,183.0,718828.0,41858,0.00011262604944016144,"Encuesta Intercensal 2015 (INEGI), microdatos"
2015,alcaldia,007,Iztapalapa,0606,Tseltal,maya,Total,562.0,1747881.0,99488,8.51850783618368e-05,"Encuesta Intercensal 2015 (INEGI), microdatos"
2015,alcaldia,004,Cuajimalpa de Morelos,0606,Tseltal,maya,Total,6.0,189932.0,17774,,"Encuesta Intercensal 2015 (INEGI), microdatos"
2015,alcaldia,005,Gustavo A. Madero,0606,Tseltal,maya,Total,57.0,1119124.0,61639,9.102040340362061e-06,"Encuesta Intercensal 2015 (INEGI), microdatos"
2015,alcaldia,015,Cuauhtémoc,0606,Tseltal,maya,Total,447.0,514799.0,31888,0.0003259240522649141,"Encuesta Intercensal 2015 (INEGI), microdatos"
2015,alcaldia,011,Tláhuac,0606,Tseltal,maya,Total,16.0,346501.0,19957,,"Encuesta Intercensal 2015 (INEGI), microdatos"
2015,alcaldia,009,Milpa Alta,0606,Tseltal,maya,Total,14.0,130743.0,18118,,"Encuesta Intercensal 2015 (INEGI), microdatos"
2015,alcaldia,016,Miguel Hidalgo,0607,Tsotsil,maya,Total,11.0,351682.0,19708,,"Encuesta Intercensal 2015 (INEGI), microdatos"
2015,alcaldia,014,Benito Juárez,0607,Tsotsil,maya,Total,247.0,405987.0,20953,5.626900785641736e-05,"Encuesta Intercensal 2015 (INEGI), microdatos"
2015,alcaldia,012,Tlalpan,0607,Tsotsil,maya,Total,41.0,650073.0,51471,,"Encuesta Intercensal 2015 (INEGI), microdatos"
2015,alcaldia,002,Azcapotzalco,0607,Tsotsil,maya,Total,143.0,385771.0,18781,0.000249861240341917,"Encuesta Intercensal 2015 (INEGI), microdatos"
2015,alcaldia,013,Xochimilco,0607,Tsotsil,maya,Total,4.0,396860.0,33203,1.3562089068315427e-08,"Encuesta Intercensal 2015 (INEGI), microdatos"
2015,alcaldia,017,Venustiano Carranza,0607,Tsotsil,maya,Total,44.0,410711.0,22073,,"Encuesta Intercensal 2015 (INEGI), microdatos"
2015,alcaldia,003,Coyoacán,0607,Tsotsil,maya,Total,62.0,579558.0,35898,,"Encuesta Intercensal 2015 (INEGI), microdatos"
2015,alcaldia,010,Álvaro Obregón,0607,Tsotsil,maya,Total,34.0,718828.0,41858,,"Encuesta Intercensal 2015 (INEGI), microdatos"
2015,alcaldia,007,Iztapalapa,0607,Tsotsil,maya,Total,68.0,1747881.0,99488,1.076732695562426e-05,"Encuesta Intercensal 2015 (INEGI), microdatos"
2015,alcaldia,004,Cuajimalpa de Morelos,0607,Tsotsil,maya,Total,84.0,189932.0,17774,,"Encuesta Intercensal 2015 (INEGI), microdatos"
2015,alcaldia,005,Gustavo A. Madero,0607,Tsotsil,maya,Total,113.0,1119124.0,61639,1.2412792851855515e-06,"Encuesta Intercensal 2015 (INEGI), microdatos"
2015,alcaldia,015,Cuauhtémoc,0607,Tsotsil,maya,Total,31.0,514799.0,31888,1.9705507289324546e-05,"Encuesta Intercensal 2015 (INEGI), microdatos"
2015,alcaldia,009,Milpa Alta,0607,Tsotsil,maya,Total,13.0,130743.0,18118,,"Encuesta Intercensal 2015 (INEGI), microdatos"
2015,alcaldia,004,Cuajimalpa de Morelos,0608,Q'anjob'al,maya,Total,3.0,189932.0,17774,,"Encuesta Intercensal 2015 (INEGI), microdatos"
2015,alcaldia,004,Cuajimalpa de Morelos,0612,Chuj,maya,Total,57.0,189932.0,17774,,"Encuesta Intercensal 2015 (INEGI), microdatos"
2015,alcaldia,016,Miguel Hidalgo,0613,Tojolabal,maya,Total,19.0,351682.0,19708,,"Encuesta Intercensal 2015 (INEGI), microdatos"
2015,alcaldia,014,Benito Juárez,0613,Tojolabal,maya,Total,12.0,405987.0,20953,,"Encuesta Intercensal 2015 (INEGI), microdatos"
2015,alcaldia,012,Tlalpan,0613,Tojolabal,maya,Total,5.0,650073.0,51471,,"Encuesta Intercensal 2015 (INEGI), microdatos"
2015,alcaldia,007,Iztapalapa,0613,Tojolabal,maya,Total,47.0,1747881.0,99488,7.457669001146938e-06,"Encuesta Intercensal 2015 (INEGI), microdatos"
2015,alcaldia,004,Cuajimalpa de Morelos,0613,Tojolabal,maya,Total,9.0,189932.0,17774,,"Encuesta Intercensal 2015 (INEGI), microdatos"
2015,alcaldia,015,Cuauhtémoc,0613,Tojolabal,maya,Total,1.0,514799.0,31888,,"Encuesta Intercensal 2015 (INEGI), microdatos"
2015,alcaldia,007,Iztapalapa,0618,Mam,maya,Total,5.0,1747881.0,99488,,"Encuesta Intercensal 2015 (INEGI), microdatos"
2015,alcaldia,008,La Magdalena Contreras,0701,Totonaco,totonaco-tepehua,Total,219.0,231493.0,17217,0.000407349198761833,"Encuesta Intercensal 2015 (INEGI), microdatos"
2015,alcaldia,016,Miguel Hidalgo,0701,Totonaco,totonaco-tepehua,Total,76.0,351682.0,19708,3.6189025539697156e-05,"Encuesta Intercensal 2015 (INEGI), microdatos"
2015,alcaldia,014,Benito Juárez,0701,Totonaco,totonaco-tepehua,Total,53.0,405987.0,20953,,"Encuesta Intercensal 2015 (INEGI), microdatos"
2015,alcaldia,006,Iztacalco,0701,Totonaco,totonaco-tepehua,Total,150.0,376217.0,19108,0.00019313780359282425,"Encuesta Intercensal 2015 (INEGI), microdatos"
2015,alcaldia,012,Tlalpan,0701,Totonaco,totonaco-tepehua,Total,1091.0,650073.0,51471,0.00021464759588550437,"Encuesta Intercensal 2015 (INEGI), microdatos"
2015,alcaldia,002,Azcapotzalco,0701,Totonaco,totonaco-tepehua,Total,103.0,385771.0,18781,0.00010701222246452466,"Encuesta Intercensal 2015 (INEGI), microdatos"
2015,alcaldia,013,Xochimilco,0701,Totonaco,totonaco-tepehua,Total,254.0,396860.0,33203,0.00018061994484973288,"Encuesta Intercensal 2015 (INEGI), microdatos"
2015,alcaldia,017,Venustiano Carranza,0701,Totonaco,totonaco-tepehua,Total,679.0,410711.0,22073,0.0012935520953144123,"Encuesta Intercensal 2015 (INEGI), microdatos"
2015,alcaldia,003,Coyoacán,0701,Totonaco,totonaco-tepehua,Total,200.0,579558.0,35898,6.957006346421344e-05,"Encuesta Intercensal 2015 (INEGI), microdatos"
2015,alcaldia,010,Álvaro Obregón,0701,Totonaco,totonaco-tepehua,Total,369.0,718828.0,41858,9.171624858609527e-05,"Encuesta Intercensal 2015 (INEGI), microdatos"
2015,alcaldia,007,Iztapalapa,0701,Totonaco,totonaco-tepehua,Total,1084.0,1747881.0,99488,9.718540316578674e-05,"Encuesta Intercensal 2015 (INEGI), microdatos"
2015,alcaldia,004,Cuajimalpa de Morelos,0701,Totonaco,totonaco-tepehua,Total,13.0,189932.0,17774,2.643188026495935e-05,"Encuesta Intercensal 2015 (INEGI), microdatos"
2015,alcaldia,005,Gustavo A. Madero,0701,Totonaco,totonaco-tepehua,Total,639.0,1119124.0,61639,0.00012123566250158243,"Encuesta Intercensal 2015 (INEGI), microdatos"
2015,alcaldia,015,Cuauhtémoc,0701,Totonaco,totonaco-tepehua,Total,250.0,514799.0,31888,6.576974136069587e-05,"Encuesta Intercensal 2015 (INEGI), microdatos"
2015,alcaldia,011,Tláhuac,0701,Totonaco,totonaco-tepehua,Total,88.0,346501.0,19957,3.591153395435088e-05,"Encuesta Intercensal 2015 (INEGI), microdatos"
2015,alcaldia,009,Milpa Alta,0701,Totonaco,totonaco-tepehua,Total,142.0,130743.0,18118,0.00012391684359085208,"Encuesta Intercensal 2015 (INEGI), microdatos"
2015,alcaldia,012,Tlalpan,0702,Tepehua,totonaco-tepehua,Total,15.0,650073.0,51471,,"Encuesta Intercensal 2015 (INEGI), microdatos"
2015,alcaldia,017,Venustiano Carranza,0702,Tepehua,totonaco-tepehua,Total,44.0,410711.0,22073,,"Encuesta Intercensal 2015 (INEGI), microdatos"
2015,alcaldia,005,Gustavo A. Madero,0702,Tepehua,totonaco-tepehua,Total,64.0,1119124.0,61639,,"Encuesta Intercensal 2015 (INEGI), microdatos"
2015,alcaldia,009,Milpa Alta,0702,Tepehua,totonaco-tepehua,Total,19.0,130743.0,18118,,"Encuesta Intercensal 2015 (INEGI), microdatos"
2015,alcaldia,016,Miguel Hidalgo,0801,Tarasco (purépecha),tarasca,Total,24.0,351682.0,19708,8.334331261357402e-06,"Encuesta Intercensal 2015 (INEGI), microdatos"
2015,alcaldia,014,Benito Juárez,0801,Tarasco (purépecha),tarasca,Total,84.0,405987.0,20953,7.449814682987965e-05,"Encuesta Intercensal 2015 (INEGI), microdatos"
2015,alcaldia,006,Iztacalco,0801,Tarasco (purépecha),tarasca,Total,44.0,376217.0,19108,,"Encuesta Intercensal 2015 (INEGI), microdatos"
2015,alcaldia,012,Tlalpan,0801,Tarasco (purépecha),tarasca,Total,61.0,650073.0,51471,,"Encuesta Intercensal 2015 (INEGI), microdatos"
2015,alcaldia,002,Azcapotzalco,0801,Tarasco (purépecha),tarasca,Total,27.0,385771.0,18781,,"Encuesta Intercensal 2015 (INEGI), microdatos"
2015,alcaldia,013,Xochimilco,0801,Tarasco (purépecha),tarasca,Total,215.0,396860.0,33203,0.0004180830832149136,"Encuesta Intercensal 2015 (INEGI), microdatos"
2015,alcaldia,017,Venustiano Carranza,0801,Tarasco (purépecha),tarasca,Total,14.0,410711.0,22073,,"Encuesta Intercensal 2015 (INEGI), microdatos"
2015,alcaldia,003,Coyoacán,0801,Tarasco (purépecha),tarasca,Total,159.0,579558.0,35898,9.088800039278924e-05,"Encuesta Intercensal 2015 (INEGI), microdatos"
2015,alcaldia,010,Álvaro Obregón,0801,Tarasco (purépecha),tarasca,Total,71.0,718828.0,41858,,"Encuesta Intercensal 2015 (INEGI), microdatos"
2015,alcaldia,007,Iztapalapa,0801,Tarasco (purépecha),tarasca,Total,316.0,1747881.0,99488,9.266638724891255e-06,"Encuesta Intercensal 2015 (INEGI), microdatos"
2015,alcaldia,004,Cuajimalpa de Morelos,0801,Tarasco (purépecha),tarasca,Total,6.0,189932.0,17774,,"Encuesta Intercensal 2015 (INEGI), microdatos"
2015,alcaldia,005,Gustavo A. Madero,0801,Tarasco (purépecha),tarasca,Total,124.0,1119124.0,61639,5.9706476897249244e-05,"Encuesta Intercensal 2015 (INEGI), microdatos"
2015,alcaldia,015,Cuauhtémoc,0801,Tarasco (purépecha),tarasca,Total,29.0,514799.0,31888,1.5399348153601966e-05,"Encuesta Intercensal 2015 (INEGI), microdatos"
2015,alcaldia,011,Tláhuac,0801,Tarasco (purépecha),tarasca,Total,105.0,346501.0,19957,,"Encuesta Intercensal 2015 (INEGI), microdatos"
2015,alcaldia,009,Milpa Alta,0801,Tarasco (purépecha),tarasca,Total,69.0,130743.0,18118,0.00016618969653319382,"Encuesta Intercensal 2015 (INEGI), microdatos"
2015,alcaldia,008,La Magdalena Contreras,0901,Mixe,mixe-zoque,Total,56.0,231493.0,17217,3.104000296924768e-05,"Encuesta Intercensal 2015 (INEGI), microdatos"
2015,alcaldia,016,Miguel Hidalgo,0901,Mixe,mixe-zoque,Total,74.0,351682.0,19708,7.85856939219119e-05,"Encuesta Intercensal 2015 (INEGI), microdatos"
2015,alcaldia,014,Benito Juárez,0901,Mixe,mixe-zoque,Total,64.0,405987.0,20953,3.720394326592904e-05,"Encuesta Intercensal 2015 (INEGI), microdatos"
2015,alcaldia,006,Iztacalco,0901,Mixe,mixe-zoque,Total,39.0,376217.0,19108,2.981901178582852e-05,"Encuesta Intercensal 2015 (INEGI), microdatos"
2015,alcaldia,012,Tlalpan,0901,Mixe,mixe-zoque,Total,412.0,650073.0,51471,0.00011533263263835735,"Encuesta Intercensal 2015 (INEGI), microdatos"
2015,alcaldia,002,Azcapotzalco,0901,Mixe,mixe-zoque,Total,67.0,385771.0,18781,3.3916200425792694e-05,"Encuesta Intercensal 2015 (INEGI), microdatos"
2015,alcaldia,013,Xochimilco,0901,Mixe,mixe-zoque,Total,242.0,396860.0,33203,0.00017377623494561835,"Encuesta Intercensal 2015 (INEGI), microdatos"
2015,alcaldia,017,Venustiano Carranza,0901,Mixe,mixe-zoque,Total,352.0,410711.0,22073,0.0003643070162153651,"Encuesta Intercensal 2015 (INEGI), microdatos"
2015,alcaldia,003,Coyoacán,0901,Mixe,mixe-zoque,Total,239.0,579558.0,35898,7.619612868104306e-05,"Encuesta Intercensal 2015 (INEGI), microdatos"
2015,alcaldia,010,Álvaro Obregón,0901,Mixe,mixe-zoque,Total,221.0,718828.0,41858,6.643568761883359e-05,"Encuesta Intercensal 2015 (INEGI), microdatos"
2015,alcaldia,007,Iztapalapa,0901,Mixe,mixe-zoque,Total,556.0,1747881.0,99488,4.34519523403126e-05,"Encuesta Intercensal 2015 (INEGI), microdatos"
2015,alcaldia,004,Cuajimalpa de Morelos,0901,Mixe,mixe-zoque,Total,36.0,189932.0,17774,,"Encuesta Intercensal 2015 (INEGI), microdatos"
2015,alcaldia,005,Gustavo A. Madero,0901,Mixe,mixe-zoque,Total,371.0,1119124.0,61639,7.949519249016951e-05,"Encuesta Intercensal 2015 (INEGI), microdatos"
2015,alcaldia,015,Cuauhtémoc,0901,Mixe,mixe-zoque,Total,299.0,514799.0,31888,9.470639437905383e-05,"Encuesta Intercensal 2015 (INEGI), microdatos"
2015,alcaldia,011,Tláhuac,0901,Mixe,mixe-zoque,Total,69.0,346501.0,19957,2.9497860967563e-06,"Encuesta Intercensal 2015 (INEGI), microdatos"
2015,alcaldia,009,Milpa Alta,0901,Mixe,mixe-zoque,Total,137.0,130743.0,18118,0.00015671241320041124,"Encuesta Intercensal 2015 (INEGI), microdatos"
2015,alcaldia,012,Tlalpan,0907,Zoque,mixe-zoque,Total,13.0,650073.0,51471,,"Encuesta Intercensal 2015 (INEGI), microdatos"
2015,alcaldia,002,Azcapotzalco,0907,Zoque,mixe-zoque,Total,66.0,385771.0,18781,,"Encuesta Intercensal 2015 (INEGI), microdatos"
2015,alcaldia,017,Venustiano Carranza,0907,Zoque,mixe-zoque,Total,72.0,410711.0,22073,,"Encuesta Intercensal 2015 (INEGI), microdatos"
2015,alcaldia,003,Coyoacán,0907,Zoque,mixe-zoque,Total,27.0,579558.0,35898,,"Encuesta Intercensal 2015 (INEGI), microdatos"
2015,alcaldia,010,Álvaro Obregón,0907,Zoque,mixe-zoque,Total,10.0,718828.0,41858,,"Encuesta Intercensal 2015 (INEGI), microdatos"
2015,alcaldia,004,Cuajimalpa de Morelos,0907,Zoque,mixe-zoque,Total,6.0,189932.0,17774,,"Encuesta Intercensal 2015 (INEGI), microdatos"
2015,alcaldia,005,Gustavo A. Madero,0907,Zoque,mixe-zoque,Total,21.0,1119124.0,61639,,"Encuesta Intercensal 2015 (INEGI), microdatos"
2015,alcaldia,015,Cuauhtémoc,0907,Zoque,mixe-zoque,Total,6.0,514799.0,31888,,"Encuesta Intercensal 2015 (INEGI), microdatos"
2015,alcaldia,011,Tláhuac,0907,Zoque,mixe-zoque,Total,24.0,346501.0,19957,,"Encuesta Intercensal 2015 (INEGI), microdatos"
2015,alcaldia,003,Coyoacán,1001,Chontal de Oaxaca,chontal de Oaxaca,Total,17.0,579558.0,35898,,"Encuesta Intercensal 2015 (INEGI), microdatos"
2015,alcaldia,009,Milpa Alta,1001,Chontal de Oaxaca,chontal de Oaxaca,Total,21.0,130743.0,18118,,"Encuesta Intercensal 2015 (INEGI), microdatos"
2015,alcaldia,010,Álvaro Obregón,1101,Huave,huave,Total,66.0,718828.0,41858,,"Encuesta Intercensal 2015 (INEGI), microdatos"
2015,alcaldia,004,Cuajimalpa de Morelos,1101,Huave,huave,Total,9.0,189932.0,17774,,"Encuesta Intercensal 2015 (INEGI), microdatos"
2015,alcaldia,005,Gustavo A. Madero,1101,Huave,huave,Total,19.0,1119124.0,61639,,"Encuesta Intercensal 2015 (INEGI), microdatos"
2015,alcaldia,016,Miguel Hidalgo,8000,Otras lenguas indígenas de América,,Total,23.0,351682.0,19708,4.393407900744531e-05,"Encuesta Intercensal 2015 (INEGI), microdatos"
2015,alcaldia,014,Benito Juárez,8000,Otras lenguas indígenas de América,,Total,34.0,405987.0,20953,,"Encuesta Intercensal 2015 (INEGI), microdatos"
2015,alcaldia,012,Tlalpan,8000,Otras lenguas indígenas de América,,Total,17.0,650073.0,51471,,"Encuesta Intercensal 2015 (INEGI), microdatos"
2015,alcaldia,003,Coyoacán,8000,Otras lenguas indígenas de América,,Total,16.0,579558.0,35898,,"Encuesta Intercensal 2015 (INEGI), microdatos"
2015,alcaldia,005,Gustavo A. Madero,8000,Otras lenguas indígenas de América,,Total,28.0,1119124.0,61639,,"Encuesta Intercensal 2015 (INEGI), microdatos"
2015,alcaldia,008,La Magdalena Contreras,9000,No especificado,,Total,291.0,231493.0,17217,0.00030718994396127886,"Encuesta Intercensal 2015 (INEGI), microdatos"
2015,alcaldia,016,Miguel Hidalgo,9000,No especificado,,Total,248.0,351682.0,19708,0.0001529357642803675,"Encuesta Intercensal 2015 (INEGI), microdatos"
2015,alcaldia,014,Benito Juárez,9000,No especificado,,Total,466.0,405987.0,20953,0.0001846455405318403,"Encuesta Intercensal 2015 (INEGI), microdatos"
2015,alcaldia,006,Iztacalco,9000,No especificado,,Total,280.0,376217.0,19108,0.0001470606432796362,"Encuesta Intercensal 2015 (INEGI), microdatos"
2015,alcaldia,012,Tlalpan,9000,No especificado,,Total,500.0,650073.0,51471,0.0001150019809611177,"Encuesta Intercensal 2015 (INEGI), microdatos"
2015,alcaldia,002,Azcapotzalco,9000,No especificado,,Total,274.0,385771.0,18781,0.0001423345726734122,"Encuesta Intercensal 2015 (INEGI), microdatos"
2015,alcaldia,013,Xochimilco,9000,No especificado,,Total,543.0,396860.0,33203,0.00018112034393147445,"Encuesta Intercensal 2015 (INEGI), microdatos"
2015,alcaldia,017,Venustiano Carranza,9000,No especificado,,Total,265.0,410711.0,22073,0.00012500731877907432,"Encuesta Intercensal 2015 (INEGI), microdatos"
2015,alcaldia,003,Coyoacán,9000,No especificado,,Total,478.0,579558.0,35898,9.598996267335147e-05,"Encuesta Intercensal 2015 (INEGI), microdatos"
2015,alcaldia,010,Álvaro Obregón,9000,No especificado,,Total,449.0,718828.0,41858,6.98629494610896e-05,"Encuesta Intercensal 2015 (INEGI), microdatos"
2015,alcaldia,007,Iztapalapa,9000,No especificado,,Total,1632.0,1747881.0,99488,0.00012365037796857207,"Encuesta Intercensal 2015 (INEGI), microdatos"
2015,alcaldia,004,Cuajimalpa de Morelos,9000,No especificado,,Total,157.0,189932.0,17774,0.00014582252756656093,"Encuesta Intercensal 2015 (INEGI), microdatos"
2015,alcaldia,005,Gustavo A. Madero,9000,No especificado,,Total,1133.0,1119124.0,61639,6.751280106431396e-05,"Encuesta Intercensal 2015 (INEGI), microdatos"
2015,alcaldia,015,Cuauhtémoc,9000,No especificado,,Total,434.0,514799.0,31888,0.000170143071377681,"Encuesta Intercensal 2015 (INEGI), microdatos"
2015,alcaldia,011,Tláhuac,9000,No especificado,,Total,127.0,346501.0,19957,6.142508437276063e-05,"Encuesta Intercensal 2015 (INEGI), microdatos"
2015,alcaldia,009,Milpa Alta,9000,No especificado,,Total,208.0,130743.0,18118,0.0001274191457417541,"Encuesta Intercensal 2015 (INEGI), microdatos"
2015,alcaldia,012,Tlalpan,9010,Chontal insuficientemente especificado,,Total,3.0,650073.0,51471,,"Encuesta Intercensal 2015 (INEGI), microdatos"
2015,alcaldia,013,Xochimilco,9010,Chontal insuficientemente especificado,,Total,25.0,396860.0,33203,5.240934715534381e-05,"Encuesta Intercensal 2015 (INEGI), microdatos"
2015,alcaldia,003,Coyoacán,9010,Chontal insuficientemente especificado,,Total,16.0,579558.0,35898,,"Encuesta Intercensal 2015 (INEGI), microdatos"
2015,alcaldia,007,Iztapalapa,9010,Chontal insuficientemente especificado,,Total,38.0,1747881.0,99488,,"Encuesta Intercensal 2015 (INEGI), microdatos"
2015,alcaldia,005,Gustavo A. Madero,9010,Chontal insuficientemente especificado,,Total,17.0,1119124.0,61639,,"Encuesta Intercensal 2015 (INEGI), microdatos"
2015,alcaldia,009,Milpa Alta,9010,Chontal insuficientemente especificado,,Total,7.0,130743.0,18118,,"Encuesta Intercensal 2015 (INEGI), microdatos"
2015,alcaldia,012,Tlalpan,9020,Tepehuano insuficientemente especificado,,Total,23.0,650073.0,51471,,"Encuesta Intercensal 2015 (INEGI), microdatos"
2015,alcaldia,015,Cuauhtémoc,9020,Tepehuano insuficientemente especificado,,Total,8.0,514799.0,31888,,"Encuesta Intercensal 2015 (INEGI), microdatos"
2015,alcaldia,013,Xochimilco,9030,Popoluca insuficientemente especificado,,Total,1.0,396860.0,33203,,"Encuesta Intercensal 2015 (INEGI), microdatos"
2015,alcaldia,005,Gustavo A. Madero,9030,Popoluca insuficientemente especificado,,Total,23.0,1119124.0,61639,,"Encuesta Intercensal 2015 (INEGI), microdatos"
2015,entidad,09,Ciudad de México,0204,Tepehuano del sur,yuto-nahua,Mujeres,3.0,4510307.0,277851,,"Encuesta Intercensal 2015 (INEGI), microdatos"
2015,entidad,09,Ciudad de México,0205,Tarahumara,yuto-nahua,Hombres,162.0,4045853.0,251283,,"Encuesta Intercensal 2015 (INEGI), microdatos"
2015,entidad,09,Ciudad de México,0205,Tarahumara,yuto-nahua,Mujeres,49.0,4510307.0,277851,,"Encuesta Intercensal 2015 (INEGI), microdatos"
2015,entidad,09,Ciudad de México,0207,Yaqui,yuto-nahua,Hombres,123.0,4045853.0,251283,1.5565568703434406e-06,"Encuesta Intercensal 2015 (INEGI), microdatos"
2015,entidad,09,Ciudad de México,0207,Yaqui,yuto-nahua,Mujeres,41.0,4510307.0,277851,,"Encuesta Intercensal 2015 (INEGI), microdatos"
2015,entidad,09,Ciudad de México,0208,Mayo,yuto-nahua,Mujeres,51.0,4510307.0,277851,,"Encuesta Intercensal 2015 (INEGI), microdatos"
2015,entidad,09,Ciudad de México,0210,Huichol,yuto-nahua,Hombres,42.0,4045853.0,251283,7.406122204636184e-07,"Encuesta Intercensal 2015 (INEGI), microdatos"
2015,entidad,09,Ciudad de México,0210,Huichol,yuto-nahua,Mujeres,71.0,4510307.0,277851,,"Encuesta Intercensal 2015 (INEGI), microdatos"
2015,entidad,09,Ciudad de México,0211,Náhuatl,yuto-nahua,Hombres,19219.0,4045853.0,251283,0.0001648444098852896,"Encuesta Intercensal 2015 (INEGI), microdatos"
2015,entidad,09,Ciudad de México,0211,Náhuatl,yuto-nahua,Mujeres,19330.0,4510307.0,277851,0.00013041598958036605,"Encuesta Intercensal 2015 (INEGI), microdatos"
2015,entidad,09,Ciudad de México,0501,Otomí,oto-mangue,Hombres,6035.0,4045853.0,251283,0.00010406896984810064,"Encuesta Intercensal 2015 (INEGI), microdatos"
2015,entidad,09,Ciudad de México,0501,Otomí,oto-mangue,Mujeres,7729.0,4510307.0,277851,0.00014025397095650594,"Encuesta Intercensal 2015 (INEGI), microdatos"
2015,entidad,09,Ciudad de México,0502,Mazahua,oto-mangue,Hombres,3548.0,4045853.0,251283,6.32414676950262e-05,"Encuesta Intercensal 2015 (INEGI), microdatos"
2015,entidad,09,Ciudad de México,0502,Mazahua,oto-mangue,Mujeres,4773.0,4510307.0,277851,8.067758580643311e-05,"Encuesta Intercensal 2015 (INEGI), microdatos"
2015,entidad,09,Ciudad de México,0503,Matlatzinca,oto-mangue,Hombres,130.0,4045853.0,251283,,"Encuesta Intercensal 2015 (INEGI), microdatos"
2015,entidad,09,Ciudad de México,0503,Matlatzinca,oto-mangue,Mujeres,102.0,4510307.0,277851,,"Encuesta Intercensal 2015 (INEGI), microdatos"
2015,entidad,09,Ciudad de México,0505,Pame,oto-mangue,Hombres,3.0,4045853.0,251283,,"Encuesta Intercensal 2015 (INEGI), microdatos"
2015,entidad,09,Ciudad de México,0505,Pame,oto-mangue,Mujeres,3.0,4510307.0,277851,,"Encuesta Intercensal 2015 (INEGI), microdatos"
2015,entidad,09,Ciudad de México,0506,Chichimeco jonaz,oto-mangue,Hombres,15.0,4045853.0,251283,,"Encuesta Intercensal 2015 (INEGI), microdatos"
2015,entidad,09,Ciudad de México,0507,Chinanteco,oto-mangue,Hombres,1467.0,4045853.0,251283,4.6816857097830406e-05,"Encuesta Intercensal 2015 (INEGI), microdatos"
2015,entidad,09,Ciudad de México,0507,Chinanteco,oto-mangue,Mujeres,1984.0,4510307.0,277851,3.197888837002091e-05,"Encuesta Intercensal 2015 (INEGI), microdatos"
2015,entidad,09,Ciudad de México,0508,Tlapaneco,oto-mangue,Hombres,760.0,4045853.0,251283,1.9735642717944428e-05,"Encuesta Intercensal 2015 (INEGI), microdatos"
2015,entidad,09,Ciudad de México,0508,Tlapaneco,oto-mangue,Mujeres,855.0,4510307.0,277851,1.8356119600228628e-05,"Encuesta Intercensal 2015 (INEGI), microdatos"
2015,entidad,09,Ciudad de México,0509,Mazateco,oto-mangue,Hombres,5330.0,4045853.0,251283,9.452889840076811e-05,"Encuesta Intercensal 2015 (INEGI), microdatos"
2015,entidad,09,Ciudad de México,0509,Mazateco,oto-mangue,Mujeres,5746.0,4510307.0,277851,8.330722800666031e-05,"Encuesta Intercensal 2015 (INEGI), microdatos"
2015,entidad,09,Ciudad de México,0511,Chocholteco,oto-mangue,Hombres,31.0,4045853.0,251283,,"Encuesta Intercensal 2015 (INEGI), microdatos"
2015,entidad,09,Ciudad de México,0511,Chocholteco,oto-mangue,Mujeres,37.0,4510307.0,277851,,"Encuesta Intercensal 2015 (INEGI), microdatos"
2015,entidad,09,Ciudad de México,0512,Popoloca,oto-mangue,Hombres,15.0,4045853.0,251283,,"Encuesta Intercensal 2015 (INEGI), microdatos"
2015,entidad,09,Ciudad de México,0512,Popoloca,oto-mangue,Mujeres,82.0,4510307.0,277851,,"Encuesta Intercensal 2015 (INEGI), microdatos"
2015,entidad,09,Ciudad de México,0513,Zapoteco,oto-mangue,Hombres,4673.0,4045853.0,251283,6.44498703955116e-05,"Encuesta Intercensal 2015 (INEGI), microdatos"
2015,entidad,09,Ciudad de México,0513,Zapoteco,oto-mangue,Mujeres,5920.0,4510307.0,277851,6.895331331163831e-05,"Encuesta Intercensal 2015 (INEGI), microdatos"
2015,entidad,09,Ciudad de México,0514,Chatino,oto-mangue,Hombres,19.0,4045853.0,251283,,"Encuesta Intercensal 2015 (INEGI), microdatos"
2015,entidad,09,Ciudad de México,0514,Chatino,oto-mangue,Mujeres,79.0,4510307.0,277851,1.1080275522318084e-06,"Encuesta Intercensal 2015 (INEGI), microdatos"
2015,entidad,09,Ciudad de México,0515,Amuzgo,oto-mangue,Hombres,154.0,4045853.0,251283,1.4758846771979117e-05,"Encuesta Intercensal 2015 (INEGI), microdatos"
2015,entidad,09,Ciudad de México,0515,Amuzgo,oto-mangue,Mujeres,289.0,4510307.0,277851,3.7809787358071037e-06,"Encuesta Intercensal 2015 (INEGI), microdatos"
2015,entidad,09,Ciudad de México,0516,Mixteco,oto-mangue,Hombres,7188.0,4045853.0,251283,0.00010725113935243865,"Encuesta Intercensal 2015 (INEGI), microdatos"
2015,entidad,09,Ciudad de México,0516,Mixteco,oto-mangue,Mujeres,8732.0,4510307.0,277851,0.00011112177712820204,"Encuesta Intercensal 2015 (INEGI), microdatos"
2015,entidad,09,Ciudad de México,0517,Cuicateco,oto-mangue,Hombres,54.0,4045853.0,251283,1.7471858648872003e-06,"Encuesta Intercensal 2015 (INEGI), microdatos"
2015,entidad,09,Ciudad de México,0517,Cuicateco,oto-mangue,Mujeres,172.0,4510307.0,277851,4.418561559087676e-06,"Encuesta Intercensal 2015 (INEGI), microdatos"
2015,entidad,09,Ciudad de México,0518,Triqui,oto-mangue,Hombres,113.0,4045853.0,251283,4.838402812278057e-07,"Encuesta Intercensal 2015 (INEGI), microdatos"
2015,entidad,09,Ciudad de México,0518,Triqui,oto-mangue,Mujeres,174.0,4510307.0,277851,,"Encuesta Intercensal 2015 (INEGI), microdatos"
2015,entidad,09,Ciudad de México,0601,Huasteco,maya,Hombres,314.0,4045853.0,251283,1.4882042101595225e-05,"Encuesta Intercensal 2015 (INEGI), microdatos"
2015,entidad,09,Ciudad de México,0601,Huasteco,maya,Mujeres,330.0,4510307.0,277851,1.480627602901936e-05,"Encuesta Intercensal 2015 (INEGI), microdatos"
2015,entidad,09,Ciudad de México,0602,Maya,maya,Hombres,1102.0,4045853.0,251283,1.911687021357632e-05,"Encuesta Intercensal 2015 (INEGI), microdatos"
2015,entidad,09,Ciudad de México,0602,Maya,maya,Mujeres,972.0,4510307.0,277851,2.145288080120395e-05,"Encuesta Intercensal 2015 (INEGI), microdatos"
2015,entidad,09,Ciudad de México,0604,Ch'ol,maya,Hombres,127.0,4045853.0,251283,,"Encuesta Intercensal 2015 (INEGI), microdatos"
2015,entidad,09,Ciudad de México,0604,Ch'ol,maya,Mujeres,71.0,4510307.0,277851,,"Encuesta Intercensal 2015 (INEGI), microdatos"
2015,entidad,09,Ciudad de México,0606,Tseltal,maya,Hombres,748.0,4045853.0,251283,2.0119481546965553e-05,"Encuesta Intercensal 2015 (INEGI), microdatos"
2015,entidad,09,Ciudad de México,0606,Tseltal,maya,Mujeres,1060.0,4510307.0,277851,3.1434757677121386e-05,"Encuesta Intercensal 2015 (INEGI), microdatos"
2015,entidad,09,Ciudad de México,0607,Tsotsil,maya,Hombres,367.0,4045853.0,251283,5.5291312668112744e-06,"Encuesta Intercensal 2015 (INEGI), microdatos"
2015,entidad,09,Ciudad de México,0607,Tsotsil,maya,Mujeres,528.0,4510307.0,277851,4.606624904952366e-06,"Encuesta Intercensal 2015 (INEGI), microdatos"
2015,entidad,09,Ciudad de México,0608,Q'anjob'al,maya,Hombres,3.0,4045853.0,251283,,"Encuesta Intercensal 2015 (INEGI), microdatos"
2015,entidad,09,Ciudad de México,0612,Chuj,maya,Hombres,57.0,4045853.0,251283,,"Encuesta Intercensal 2015 (INEGI), microdatos"
2015,entidad,09,Ciudad de México,0613,Tojolabal,maya,Hombres,28.0,4045853.0,251283,,"Encuesta Intercensal 2015 (INEGI), microdatos"
2015,entidad,09,Ciudad de México,0613,Tojolabal,maya,Mujeres,65.0,4510307.0,277851,1.1064056274867387e-06,"Encuesta Intercensal 2015 (INEGI), microdatos"
2015,entidad,09,Ciudad de México,0618,Mam,maya,Hombres,5.0,4045853.0,251283,,"Encuesta Intercensal 2015 (INEGI), microdatos"
2015,entidad,09,Ciudad de México,0701,Totonaco,totonaco-tepehua,Hombres,2752.0,4045853.0,251283,3.872345418523061e-05,"Encuesta Intercensal 2015 (INEGI), microdatos"
2015,entidad,09,Ciudad de México,0701,Totonaco,totonaco-tepehua,Mujeres,2658.0,4510307.0,277851,7.602905386621096e-05,"Encuesta Intercensal 2015 (INEGI), microdatos"
2015,entidad,09,Ciudad de México,0702,Tepehua,totonaco-tepehua,Hombres,81.0,4045853.0,251283,,"Encuesta Intercensal 2015 (INEGI), microdatos"
2015,entidad,09,Ciudad de México,0702,Tepehua,totonaco-tepehua,Mujeres,61.0,4510307.0,277851,,"Encuesta Intercensal 2015 (INEGI), microdatos"
2015,entidad,09,Ciudad de México,0801,Tarasco (purépecha),tarasca,Hombres,655.0,4045853.0,251283,7.583561489485374e-06,"Encuesta Intercensal 2015 (INEGI), microdatos"
2015,entidad,09,Ciudad de México,0801,Tarasco (purépecha),tarasca,Mujeres,693.0,4510307.0,277851,2.4286692893771098e-05,"Encuesta Intercensal 2015 (INEGI), microdatos"
2015,entidad,09,Ciudad de México,0901,Mixe,mixe-zoque,Hombres,1424.0,4045853.0,251283,2.352412979724548e-05,"Encuesta Intercensal 2015 (INEGI), microdatos"
2015,entidad,09,Ciudad de México,0901,Mixe,mixe-zoque,Mujeres,1810.0,4510307.0,277851,3.1001070873701524e-05,"Encuesta Intercensal 2015 (INEGI), microdatos"
2015,entidad,09,Ciudad de México,0907,Zoque,mixe-zoque,Hombres,175.0,4045853.0,251283,,"Encuesta Intercensal 2015 (INEGI), microdatos"
2015,entidad,09,Ciudad de México,0907,Zoque,mixe-zoque,Mujeres,70.0,4510307.0,277851,,"Encuesta Intercensal 2015 (INEGI), microdatos"
2015,entidad,09,Ciudad de México,1001,Chontal de Oaxaca,chontal de Oaxaca,Hombres,38.0,4045853.0,251283,,"Encuesta Intercensal 2015 (INEGI), microdatos"
2015,entidad,09,Ciudad de México,1101,Huave,huave,Hombres,9.0,4045853.0,251283,,"Encuesta Intercensal 2015 (INEGI), microdatos"
2015,entidad,09,Ciudad de México,1101,Huave,huave,Mujeres,85.0,4510307.0,277851,,"Encuesta Intercensal 2015 (INEGI), microdatos"
2015,entidad,09,Ciudad de México,8000,Otras lenguas indígenas de América,,Hombres,55.0,4045853.0,251283,,"Encuesta Intercensal 2015 (INEGI), microdatos"
2015,entidad,09,Ciudad de México,8000,Otras lenguas indígenas de América,,Mujeres,63.0,4510307.0,277851,3.504268752806134e-06,"Encuesta Intercensal 2015 (INEGI), microdatos"
2015,entidad,09,Ciudad de México,9000,No especificado,,Hombres,3797.0,4045853.0,251283,4.754696405922462e-05,"Encuesta Intercensal 2015 (INEGI), microdatos"
2015,entidad,09,Ciudad de México,9000,No especificado,,Mujeres,3688.0,4510307.0,277851,4.276237778148361e-05,"Encuesta Intercensal 2015 (INEGI), microdatos"
2015,entidad,09,Ciudad de México,9010,Chontal insuficientemente especificado,,Hombres,60.0,4045853.0,251283,5.1845912444164474e-06,"Encuesta Intercensal 2015 (INEGI), microdatos"
2015,entidad,09,Ciudad de México,9010,Chontal insuficientemente especificado,,Mujeres,46.0,4510307.0,277851,,"Encuesta Intercensal 2015 (INEGI), microdatos"
2015,entidad,09,Ciudad de México,9020,Tepehuano insuficientemente especificado,,Hombres,20.0,4045853.0,251283,,"Encuesta Intercensal 2015 (INEGI), microdatos"
2015,entidad,09,Ciudad de México,9020,Tepehuano insuficientemente especificado,,Mujeres,11.0,4510307.0,277851,,"Encuesta Intercensal 2015 (INEGI), microdatos"
2015,entidad,09,Ciudad de México,9030,Popoluca insuficientemente especificado,,Mujeres,24.0,4510307.0,277851,,"Encuesta Intercensal 2015 (INEGI), microdatos"
2015,entidad,09,Ciudad de México,0204,Tepehuano del sur,yuto-nahua,Total,3.0,8556160.0,529134,,"Encuesta Intercensal 2015 (INEGI), microdatos"
2015,entidad,09,Ciudad de México,0205,Tarahumara,yuto-nahua,Total,211.0,8556160.0,529134,,"Encuesta Intercensal 2015 (INEGI), microdatos"
2015,entidad,09,Ciudad de México,0207,Yaqui,yuto-nahua,Total,164.0,8556160.0,529134,1.1970795610972962e-06,"Encuesta Intercensal 2015 (INEGI), microdatos"
2015,entidad,09,Ciudad de México,0208,Mayo,yuto-nahua,Total,51.0,8556160.0,529134,,"Encuesta Intercensal 2015 (INEGI), microdatos"
2015,entidad,09,Ciudad de México,0210,Huichol,yuto-nahua,Total,113.0,8556160.0,529134,1.9853383272406244e-06,"Encuesta Intercensal 2015 (INEGI), microdatos"
2015,entidad,09,Ciudad de México,0211,Náhuatl,yuto-nahua,Total,38549.0,8556160.0,529134,0.0001396708937860163,"Encuesta Intercensal 2015 (INEGI), microdatos"
2015,entidad,09,Ciudad de México,0501,Otomí,oto-mangue,Total,13764.0,8556160.0,529134,0.00011772254894375038,"Encuesta Intercensal 2015 (INEGI), microdatos"
2015,entidad,09,Ciudad de México,0502,Mazahua,oto-mangue,Total,8321.0,8556160.0,529134,6.679847916669424e-05,"Encuesta Intercensal 2015 (INEGI), microdatos"
2015,entidad,09,Ciudad de México,0503,Matlatzinca,oto-mangue,Total,232.0,8556160.0,529134,,"Encuesta Intercensal 2015 (INEGI), microdatos"
2015,entidad,09,Ciudad de México,0505,Pame,oto-mangue,Total,6.0,8556160.0,529134,,"Encuesta Intercensal 2015 (INEGI), microdatos"
2015,entidad,09,Ciudad de México,0506,Chichimeco jonaz,oto-mangue,Total,15.0,8556160.0,529134,,"Encuesta Intercensal 2015 (INEGI), microdatos"
2015,entidad,09,Ciudad de México,0507,Chinanteco,oto-mangue,Total,3451.0,8556160.0,529134,4.492707992170664e-05,"Encuesta Intercensal 2015 (INEGI), microdatos"
2015,entidad,09,Ciudad de México,0508,Tlapaneco,oto-mangue,Total,1615.0,8556160.0,529134,1.9079626218242495e-05,"Encuesta Intercensal 2015 (INEGI), microdatos"
2015,entidad,09,Ciudad de México,0509,Mazateco,oto-mangue,Total,11076.0,8556160.0,529134,8.703392596276155e-05,"Encuesta Intercensal 2015 (INEGI), microdatos"
2015,entidad,09,Ciudad de México,0511,Chocholteco,oto-mangue,Total,68.0,8556160.0,529134,,"Encuesta Intercensal 2015 (INEGI), microdatos"
2015,entidad,09,Ciudad de México,0512,Popoloca,oto-mangue,Total,97.0,8556160.0,529134,,"Encuesta Intercensal 2015 (INEGI), microdatos"
2015,entidad,09,Ciudad de México,0513,Zapoteco,oto-mangue,Total,10593.0,8556160.0,529134,6.16879923241542e-05,"Encuesta Intercensal 2015 (INEGI), microdatos"
2015,entidad,09,Ciudad de México,0514,Chatino,oto-mangue,Total,98.0,8556160.0,529134,2.36412373322142e-06,"Encuesta Intercensal 2015 (INEGI), microdatos"
2015,entidad,09,Ciudad de México,0515,Amuzgo,oto-mangue,Total,443.0,8556160.0,529134,1.9996747462039054e-05,"Encuesta Intercensal 2015 (INEGI), microdatos"
2015,entidad,09,Ciudad de México,0516,Mixteco,oto-mangue,Total,15920.0,8556160.0,529134,0.00010514195198079114,"Encuesta Intercensal 2015 (INEGI), microdatos"
2015,entidad,09,Ciudad de México,0517,Cuicateco,oto-mangue,Total,226.0,8556160.0,529134,2.1725095079464295e-06,"Encuesta Intercensal 2015 (INEGI), microdatos"
2015,entidad,09,Ciudad de México,0518,Triqui,oto-mangue,Total,287.0,8556160.0,529134,1.8798613398097644e-06,"Encuesta Intercensal 2015 (INEGI), microdatos"
2015,entidad,09,Ciudad de México,0601,Huasteco,maya,Total,644.0,8556160.0,529134,1.5360683540008502e-05,"Encuesta Intercensal 2015 (INEGI), microdatos"
2015,entidad,09,Ciudad de México,0602,Maya,maya,Total,2074.0,8556160.0,529134,2.1442213012586508e-05,"Encuesta Intercensal 2015 (INEGI), microdatos"
2015,entidad,09,Ciudad de México,0604,Ch'ol,maya,Total,198.0,8556160.0,529134,,"Encuesta Intercensal 2015 (INEGI), microdatos"
2015,entidad,09,Ciudad de México,0606,Tseltal,maya,Total,1808.0,8556160.0,529134,3.008992489097152e-05,"Encuesta Intercensal 2015 (INEGI), microdatos"
2015,entidad,09,Ciudad de México,0607,Tsotsil,maya,Total,895.0,8556160.0,529134,1.177478246469123e-05,"Encuesta Intercensal 2015 (INEGI), microdatos"
2015,entidad,09,Ciudad de México,0608,Q'anjob'al,maya,Total,3.0,8556160.0,529134,,"Encuesta Intercensal 2015 (INEGI), microdatos"
2015,entidad,09,Ciudad de México,0612,Chuj,maya,Total,57.0,8556160.0,529134,,"Encuesta Intercensal 2015 (INEGI), microdatos"
2015,entidad,09,Ciudad de México,0613,Tojolabal,maya,Total,93.0,8556160.0,529134,1.5210322605836667e-06,"Encuesta Intercensal 2015 (INEGI), microdatos"
2015,entidad,09,Ciudad de México,0618,Mam,maya,Total,5.0,8556160.0,529134,,"Encuesta Intercensal 2015 (INEGI), microdatos"
2015,entidad,09,Ciudad de México,0701,Totonaco,totonaco-tepehua,Total,5410.0,8556160.0,529134,7.18570640159516e-05,"Encuesta Intercensal 2015 (INEGI), microdatos"
2015,entidad,09,Ciudad de México,0702,Tepehua,totonaco-tepehua,Total,142.0,8556160.0,529134,,"Encuesta Intercensal 2015 (INEGI), microdatos"
2015,entidad,09,Ciudad de México,0801,Tarasco (purépecha),tarasca,Total,1348.0,8556160.0,529134,2.237524532376191e-05,"Encuesta Intercensal 2015 (INEGI), microdatos"
2015,entidad,09,Ciudad de México,0901,Mixe,mixe-zoque,Total,3234.0,8556160.0,529134,2.735601820974018e-05,"Encuesta Intercensal 2015 (INEGI), microdatos"
2015,entidad,09,Ciudad de México,0907,Zoque,mixe-zoque,Total,245.0,8556160.0,529134,,"Encuesta Intercensal 2015 (INEGI), microdatos"
2015,entidad,09,Ciudad de México,1001,Chontal de Oaxaca,chontal de Oaxaca,Total,38.0,8556160.0,529134,,"Encuesta Intercensal 2015 (INEGI), microdatos"
2015,entidad,09,Ciudad de México,1101,Huave,huave,Total,94.0,8556160.0,529134,,"Encuesta Intercensal 2015 (INEGI), microdatos"
2015,entidad,09,Ciudad de México,8000,Otras lenguas indígenas de América,,Total,118.0,8556160.0,529134,1.9567857933901244e-06,"Encuesta Intercensal 2015 (INEGI), microdatos"
2015,entidad,09,Ciudad de México,9000,No especificado,,Total,7485.0,8556160.0,529134,3.700605441185383e-05,"Encuesta Intercensal 2015 (INEGI), microdatos"
2015,entidad,09,Ciudad de México,9010,Chontal insuficientemente especificado,,Total,106.0,8556160.0,529134,2.449756048553831e-06,"Encuesta Intercensal 2015 (INEGI), microdatos"
2015,entidad,09,Ciudad de México,9020,Tepehuano insuficientemente especificado,,Total,31.0,8556160.0,529134,,"Encuesta Intercensal 2015 (INEGI), microdatos"
2015,entidad,09,Ciudad de México,9030,Popoluca insuficientemente especificado,,Total,24.0,8556160.0,529134,,"Encuesta Intercensal 2015 (INEGI), microdatos"
2020,alcaldia,014,Benito Juárez,0205,Tarahumara,yuto-nahua,Hombres,29.0,197227.0,6139,,"Censo de Población y Vivienda 2020 (INEGI), cuestionario ampliado"
2020,alcaldia,008,La Magdalena Contreras,0205,Tarahumara,yuto-nahua,Mujeres,18.0,125762.0,9772,,"Censo de Población y Vivienda 2020 (INEGI), cuestionario ampliado"
2020,alcaldia,011,Tláhuac,0207,Yaqui,yuto-nahua,Hombres,24.0,183277.0,10966,,"Censo de Población y Vivienda 2020 (INEGI), cuestionario ampliado"
2020,alcaldia,011,Tláhuac,0207,Yaqui,yuto-nahua,Mujeres,48.0,195418.0,11523,,"Censo de Población y Vivienda 2020 (INEGI), cuestionario ampliado"
2020,alcaldia,010,Álvaro Obregón,0207,Yaqui,yuto-nahua,Hombres,37.0,348012.0,8712,,"Censo de Población y Vivienda 2020 (INEGI), cuestionario ampliado"
2020,alcaldia,010,Álvaro Obregón,0207,Yaqui,yuto-nahua,Mujeres,40.0,385768.0,9635,,"Censo de Población y Vivienda 2020 (INEGI), cuestionario ampliado"
2020,alcaldia,011,Tláhuac,0208,Mayo,yuto-nahua,Hombres,24.0,183277.0,10966,,"Censo de Población y Vivienda 2020 (INEGI), cuestionario ampliado"
2020,alcaldia,015,Cuauhtémoc,0208,Mayo,yuto-nahua,Hombres,40.0,254819.0,6219,,"Censo de Población y Vivienda 2020 (INEGI), cuestionario ampliado"
2020,alcaldia,017,Venustiano Carranza,0211,Náhuatl,yuto-nahua,Hombres,525.0,201562.0,7749,0.00038234890471438036,"Censo de Población y Vivienda 2020 (INEGI), cuestionario ampliado"
2020,alcaldia,012,Tlalpan,0211,Náhuatl,yuto-nahua,Mujeres,1709.0,351125.0,11902,0.0005664272520137354,"Censo de Población y Vivienda 2020 (INEGI), cuestionario ampliado"
2020,alcaldia,016,Miguel Hidalgo,0211,Náhuatl,yuto-nahua,Mujeres,1011.0,215303.0,7848,0.0008697941454622039,"Censo de Población y Vivienda 2020 (INEGI), cuestionario ampliado"
2020,alcaldia,011,Tláhuac,0211,Náhuatl,yuto-nahua,Hombres,944.0,183277.0,10966,0.0004380108108588844,"Censo de Población y Vivienda 2020 (INEGI), cuestionario ampliado"
2020,alcaldia,006,Iztacalco,0211,Náhuatl,yuto-nahua,Mujeres,583.0,206967.0,9759,0.00039513643715755054,"Censo de Población y Vivienda 2020 (INEGI), cuestionario ampliado"
2020,alcaldia,012,Tlalpan,0211,Náhuatl,yuto-nahua,Hombres,1910.0,321379.0,11018,0.0007128129043837828,"Censo de Población y Vivienda 2020 (INEGI), cuestionario ampliado"
2020,alcaldia,017,Venustiano Carranza,0211,Náhuatl,yuto-nahua,Mujeres,739.0,228626.0,8786,0.0005061044286448764,"Censo de Población y Vivienda 2020 (INEGI), cuestionario ampliado"
2020,alcaldia,009,Milpa Alta,0211,Náhuatl,yuto-nahua,Hombres,1107.0,71264.0,4397,0.002576224516634895,"Censo de Población y Vivienda 2020 (INEGI), cuestionario ampliado"
2020,alcaldia,014,Benito Juárez,0211,Náhuatl,yuto-nahua,Mujeres,988.0,225016.0,7015,0.0005430502721262993,"Censo de Población y Vivienda 2020 (INEGI), cuestionario ampliado"
2020,alcaldia,013,Xochimilco,0211,Náhuatl,yuto-nahua,Hombres,2357.0,203347.0,6984,0.0016149811576583028,"Censo de Población y Vivienda 2020 (INEGI), cuestionario ampliado"
2020,alcaldia,016,Miguel Hidalgo,0211,Náhuatl,yuto-nahua,Hombres,773.0,184623.0,6810,0.0014646546045356738,"Censo de Población y Vivienda 2020 (INEGI), cuestionario ampliado"
2020,alcaldia,011,Tláhuac,0211,Náhuatl,yuto-nahua,Mujeres,1234.0,195418.0,11523,0.0005064709450557769,"Censo de Población y Vivienda 2020 (INEGI), cuestionario ampliado"
2020,alcaldia,006,Iztacalco,0211,Náhuatl,yuto-nahua,Hombres,630.0,183858.0,8669,0.0004725445986438465,"Censo de Población y Vivienda 2020 (INEGI), cuestionario ampliado"
2020,alcaldia,015,Cuauhtémoc,0211,Náhuatl,yuto-nahua,Mujeres,813.0,272135.0,6619,0.000545884055132942,"Censo de Población y Vivienda 2020 (INEGI), cuestionario ampliado"
2020,alcaldia,004,Cuajimalpa de Morelos,0211,Náhuatl,yuto-nahua,Mujeres,187.0,111046.0,5833,0.00017386759861371678,"Censo de Población y Vivienda 2020 (INEGI), cuestionario ampliado"
2020,alcaldia,007,Iztapalapa,0211,Náhuatl,yuto-nahua,Hombres,4065.0,847816.0,10397,0.0002815987893171945,"Censo de Población y Vivienda 2020 (INEGI), cuestionario ampliado"
2020,alcaldia,015,Cuauhtémoc,0211,Náhuatl,yuto-nahua,Hombres,645.0,254819.0,6219,0.00033864558897416327,"Censo de Población y Vivienda 2020 (INEGI), cuestionario ampliado"
2020,alcaldia,004,Cuajimalpa de Morelos,0211,Náhuatl,yuto-nahua,Hombres,271.0,99202.0,5377,0.0008122976749687329,"Censo de Población y Vivienda 2020 (INEGI), cuestionario ampliado"
2020,alcaldia,007,Iztapalapa,0211,Náhuatl,yuto-nahua,Mujeres,3132.0,914565.0,11206,0.000401568937973995,"Censo de Población y Vivienda 2020 (INEGI), cuestionario ampliado"
2020,alcaldia,009,Milpa Alta,0211,Náhuatl,yuto-nahua,Mujeres,895.0,74808.0,4606,0.001294823644094307,"Censo de Población y Vivienda 2020 (INEGI), cuestionario ampliado"
2020,alcaldia,014,Benito Juárez,0211,Náhuatl,yuto-nahua,Hombres,782.0,197227.0,6139,0.0002965786862530016,"Censo de Población y Vivienda 2020 (INEGI), cuestionario ampliado"
2020,alcaldia,013,Xochimilco,0211,Náhuatl,yuto-nahua,Mujeres,2193.0,221158.0,7558,0.001154084103257807,"Censo de Población y Vivienda 2020 (INEGI), cuestionario ampliado"
2020,alcaldia,008,La Magdalena Contreras,0211,Náhuatl,yuto-nahua,Hombres,385.0,113440.0,8900,0.00025341754117466826,"Censo de Población y Vivienda 2020 (INEGI), cuestionario ampliado"
2020,alcaldia,010,Álvaro Obregón,0211,Náhuatl,yuto-nahua,Hombres,1156.0,348012.0,8712,0.000346495516465676,"Censo de Población y Vivienda 2020 (INEGI), cuestionario ampliado"
2020,alcaldia,002,Azcapotzalco,0211,Náhuatl,yuto-nahua,Mujeres,650.0,220992.0,8931,0.00028685138764551727,"Censo de Población y Vivienda 2020 (INEGI), cuestionario ampliado"
2020,alcaldia,003,Coyoacán,0211,Náhuatl,yuto-nahua,Mujeres,896.0,312680.0,8930,0.00038633159102732307,"Censo de Población y Vivienda 2020 (INEGI), cuestionario ampliado"
2020,alcaldia,005,Gustavo A. Madero,0211,Náhuatl,yuto-nahua,Hombres,2178.0,541718.0,9124,0.0005062397426790096,"Censo de Población y Vivienda 2020 (INEGI), cuestionario ampliado"
2020,alcaldia,008,La Magdalena Contreras,0211,Náhuatl,yuto-nahua,Mujeres,535.0,125762.0,9772,0.0004663898821209178,"Censo de Población y Vivienda 2020 (INEGI), cuestionario ampliado"
2020,alcaldia,010,Álvaro Obregón,0211,Náhuatl,yuto-nahua,Mujeres,1701.0,385768.0,9635,0.000538234291221552,"Censo de Población y Vivienda 2020 (INEGI), cuestionario ampliado"
2020,alcaldia,002,Azcapotzalco,0211,Náhuatl,yuto-nahua,Hombres,511.0,198971.0,8040,0.0003496876356984271,"Censo de Población y Vivienda 2020 (INEGI), cuestionario ampliado"
2020,alcaldia,003,Coyoacán,0211,Náhuatl,yuto-nahua,Hombres,577.0,282944.0,8066,0.00041159562252113957,"Censo de Población y Vivienda 2020 (INEGI), cuestionario ampliado"
2020,alcaldia,005,Gustavo A. Madero,0211,Náhuatl,yuto-nahua,Mujeres,2256.0,587756.0,9891,0.0003479161510126818,"Censo de Población y Vivienda 2020 (INEGI), cuestionario ampliado"
2020,alcaldia,017,Venustiano Carranza,0501,Otomí,oto-mangue,Hombres,362.0,201562.0,7749,0.0006183868724727833,"Censo de Población y Vivienda 2020 (INEGI), cuestionario ampliado"
2020,alcaldia,012,Tlalpan,0501,Otomí,oto-mangue,Mujeres,253.0,351125.0,11902,0.00015138583256169296,"Censo de Población y Vivienda 2020 (INEGI), cuestionario ampliado"
2020,alcaldia,016,Miguel Hidalgo,0501,Otomí,oto-mangue,Mujeres,376.0,215303.0,7848,0.0008443794491700346,"Censo de Población y Vivienda 2020 (INEGI), cuestionario ampliado"
2020,alcaldia,011,Tláhuac,0501,Otomí,oto-mangue,Hombres,505.0,183277.0,10966,0.0006725504024998471,"Censo de Población y Vivienda 2020 (INEGI), cuestionario ampliado"
2020,alcaldia,006,Iztacalco,0501,Otomí,oto-mangue,Mujeres,123.0,206967.0,9759,2.076126067483607e-05,"Censo de Población y Vivienda 2020 (INEGI), cuestionario ampliado"
2020,alcaldia,012,Tlalpan,0501,Otomí,oto-mangue,Hombres,497.0,321379.0,11018,0.00014986620944866085,"Censo de Población y Vivienda 2020 (INEGI), cuestionario ampliado"
2020,alcaldia,017,Venustiano Carranza,0501,Otomí,oto-mangue,Mujeres,487.0,228626.0,8786,0.0006991347728985796,"Censo de Población y Vivienda 2020 (INEGI), cuestionario ampliado"
2020,alcaldia,009,Milpa Alta,0501,Otomí,oto-mangue,Hombres,180.0,71264.0,4397,0.00013850898084972178,"Censo de Población y Vivienda 2020 (INEGI), cuestionario ampliado"
2020,alcaldia,014,Benito Juárez,0501,Otomí,oto-mangue,Mujeres,308.0,225016.0,7015,0.00012073909015999457,"Censo de Población y Vivienda 2020 (INEGI), cuestionario ampliado"
2020,alcaldia,013,Xochimilco,0501,Otomí,oto-mangue,Hombres,751.0,203347.0,6984,0.0005050467710746916,"Censo de Población y Vivienda 2020 (INEGI), cuestionario ampliado"
2020,alcaldia,016,Miguel Hidalgo,0501,Otomí,oto-mangue,Hombres,305.0,184623.0,6810,0.0006317880860446712,"Censo de Población y Vivienda 2020 (INEGI), cuestionario ampliado"
2020,alcaldia,011,Tláhuac,0501,Otomí,oto-mangue,Mujeres,627.0,195418.0,11523,0.0008257511500048213,"Censo de Población y Vivienda 2020 (INEGI), cuestionario ampliado"
2020,alcaldia,006,Iztacalco,0501,Otomí,oto-mangue,Hombres,61.0,183858.0,8669,0.00011760725760339611,"Censo de Población y Vivienda 2020 (INEGI), cuestionario ampliado"
2020,alcaldia,015,Cuauhtémoc,0501,Otomí,oto-mangue,Mujeres,2942.0,272135.0,6619,0.007891125303068168,"Censo de Población y Vivienda 2020 (INEGI), cuestionario ampliado"
2020,alcaldia,004,Cuajimalpa de Morelos,0501,Otomí,oto-mangue,Mujeres,285.0,111046.0,5833,0.0008186154751152256,"Censo de Población y Vivienda 2020 (INEGI), cuestionario ampliado"
2020,alcaldia,007,Iztapalapa,0501,Otomí,oto-mangue,Hombres,1074.0,847816.0,10397,9.71845911898708e-05,"Censo de Población y Vivienda 2020 (INEGI), cuestionario ampliado"
2020,alcaldia,015,Cuauhtémoc,0501,Otomí,oto-mangue,Hombres,2531.0,254819.0,6219,0.007767217661747793,"Censo de Población y Vivienda 2020 (INEGI), cuestionario ampliado"
2020,alcaldia,004,Cuajimalpa de Morelos,0501,Otomí,oto-mangue,Hombres,46.0,99202.0,5377,,"Censo de Población y Vivienda 2020 (INEGI), cuestionario ampliado"
2020,alcaldia,007,Iztapalapa,0501,Otomí,oto-mangue,Mujeres,737.0,914565.0,11206,0.00010080311785704512,"Censo de Población y Vivienda 2020 (INEGI), cuestionario ampliado"
2020,alcaldia,009,Milpa Alta,0501,Otomí,oto-mangue,Mujeres,248.0,74808.0,4606,0.0009285724418664473,"Censo de Población y Vivienda 2020 (INEGI), cuestionario ampliado"
2020,alcaldia,014,Benito Juárez,0501,Otomí,oto-mangue,Hombres,95.0,197227.0,6139,2.140741776476486e-05,"Censo de Población y Vivienda 2020 (INEGI), cuestionario ampliado"
2020,alcaldia,013,Xochimilco,0501,Otomí,oto-mangue,Mujeres,917.0,221158.0,7558,0.0007378162788130322,"Censo de Población y Vivienda 2020 (INEGI), cuestionario ampliado"
2020,alcaldia,008,La Magdalena Contreras,0501,Otomí,oto-mangue,Hombres,76.0,113440.0,8900,7.2129203697035435e-06,"Censo de Población y Vivienda 2020 (INEGI), cuestionario ampliado"
2020,alcaldia,010,Álvaro Obregón,0501,Otomí,oto-mangue,Hombres,476.0,348012.0,8712,6.678558279571026e-05,"Censo de Población y Vivienda 2020 (INEGI), cuestionario ampliado"
2020,alcaldia,002,Azcapotzalco,0501,Otomí,oto-mangue,Mujeres,220.0,220992.0,8931,0.00010704108102490397,"Censo de Población y Vivienda 2020 (INEGI), cuestionario ampliado"
2020,alcaldia,003,Coyoacán,0501,Otomí,oto-mangue,Mujeres,221.0,312680.0,8930,3.6641453368954903e-05,"Censo de Población y Vivienda 2020 (INEGI), cuestionario ampliado"
2020,alcaldia,005,Gustavo A. Madero,0501,Otomí,oto-mangue,Hombres,838.0,541718.0,9124,5.185681586255548e-05,"Censo de Población y Vivienda 2020 (INEGI), cuestionario ampliado"
2020,alcaldia,008,La Magdalena Contreras,0501,Otomí,oto-mangue,Mujeres,128.0,125762.0,9772,8.214175579635094e-05,"Censo de Población y Vivienda 2020 (INEGI), cuestionario ampliado"
2020,alcaldia,010,Álvaro Obregón,0501,Otomí,oto-mangue,Mujeres,627.0,385768.0,9635,0.00019300941297954342,"Censo de Población y Vivienda 2020 (INEGI), cuestionario ampliado"
2020,alcaldia,002,Azcapotzalco,0501,Otomí,oto-mangue,Hombres,170.0,198971.0,8040,0.00011797070416060146,"Censo de Población y Vivienda 2020 (INEGI), cuestionario ampliado"
2020,alcaldia,003,Coyoacán,0501,Otomí,oto-mangue,Hombres,46.0,282944.0,8066,,"Censo de Población y Vivienda 2020 (INEGI), cuestionario ampliado"
2020,alcaldia,005,Gustavo A. Madero,0501,Otomí,oto-mangue,Mujeres,865.0,587756.0,9891,0.0001017316636459675,"Censo de Población y Vivienda 2020 (INEGI), cuestionario ampliado"
2020,alcaldia,017,Venustiano Carranza,0502,Mazahua,oto-mangue,Hombres,340.0,201562.0,7749,0.0008836343278237174,"Censo de Población y Vivienda 2020 (INEGI), cuestionario ampliado"
2020,alcaldia,012,Tlalpan,0502,Mazahua,oto-mangue,Mujeres,286.0,351125.0,11902,5.728467007028921e-05,"Censo de Población y Vivienda 2020 (INEGI), cuestionario ampliado"
2020,alcaldia,016,Miguel Hidalgo,0502,Mazahua,oto-mangue,Mujeres,615.0,215303.0,7848,0.0009618001599680976,"Censo de Población y Vivienda 2020 (INEGI), cuestionario ampliado"
2020,alcaldia,011,Tláhuac,0502,Mazahua,oto-mangue,Hombres,172.0,183277.0,10966,0.00019484519903821876,"Censo de Población y Vivienda 2020 (INEGI), cuestionario ampliado"
2020,alcaldia,006,Iztacalco,0502,Mazahua,oto-mangue,Mujeres,221.0,206967.0,9759,0.00010102556194536653,"Censo de Población y Vivienda 2020 (INEGI), cuestionario ampliado"
2020,alcaldia,012,Tlalpan,0502,Mazahua,oto-mangue,Hombres,133.0,321379.0,11018,0.00015210740076863216,"Censo de Población y Vivienda 2020 (INEGI), cuestionario ampliado"
2020,alcaldia,017,Venustiano Carranza,0502,Mazahua,oto-mangue,Mujeres,388.0,228626.0,8786,0.00045170237281746733,"Censo de Población y Vivienda 2020 (INEGI), cuestionario ampliado"
2020,alcaldia,009,Milpa Alta,0502,Mazahua,oto-mangue,Hombres,153.0,71264.0,4397,6.032027562496661e-06,"Censo de Población y Vivienda 2020 (INEGI), cuestionario ampliado"
2020,alcaldia,014,Benito Juárez,0502,Mazahua,oto-mangue,Mujeres,162.0,225016.0,7015,5.0910410665370666e-05,"Censo de Población y Vivienda 2020 (INEGI), cuestionario ampliado"
2020,alcaldia,013,Xochimilco,0502,Mazahua,oto-mangue,Hombres,111.0,203347.0,6984,0.00014216217748661567,"Censo de Población y Vivienda 2020 (INEGI), cuestionario ampliado"
2020,alcaldia,016,Miguel Hidalgo,0502,Mazahua,oto-mangue,Hombres,304.0,184623.0,6810,0.0008714243527642116,"Censo de Población y Vivienda 2020 (INEGI), cuestionario ampliado"
2020,alcaldia,011,Tláhuac,0502,Mazahua,oto-mangue,Mujeres,136.0,195418.0,11523,5.714638997886149e-05,"Censo de Población y Vivienda 2020 (INEGI), cuestionario ampliado"
2020,alcaldia,006,Iztacalco,0502,Mazahua,oto-mangue,Hombres,64.0,183858.0,8669,8.936377574238014e-05,"Censo de Población y Vivienda 2020 (INEGI), cuestionario ampliado"
2020,alcaldia,015,Cuauhtémoc,0502,Mazahua,oto-mangue,Mujeres,904.0,272135.0,6619,0.0008090884405954084,"Censo de Población y Vivienda 2020 (INEGI), cuestionario ampliado"
2020,alcaldia,004,Cuajimalpa de Morelos,0502,Mazahua,oto-mangue,Mujeres,199.0,111046.0,5833,0.0003125981070236307,"Censo de Población y Vivienda 2020 (INEGI), cuestionario ampliado"
2020,alcaldia,007,Iztapalapa,0502,Mazahua,oto-mangue,Hombres,1070.0,847816.0,10397,0.00013631122262337906,"Censo de Población y Vivienda 2020 (INEGI), cuestionario ampliado"
2020,alcaldia,015,Cuauhtémoc,0502,Mazahua,oto-mangue,Hombres,1132.0,254819.0,6219,0.0012555083591658388,"Censo de Población y Vivienda 2020 (INEGI), cuestionario ampliado"
2020,alcaldia,004,Cuajimalpa de Morelos,0502,Mazahua,oto-mangue,Hombres,38.0,99202.0,5377,7.686385236284783e-06,"Censo de Población y Vivienda 2020 (INEGI), cuestionario ampliado"
2020,alcaldia,007,Iztapalapa,0502,Mazahua,oto-mangue,Mujeres,1070.0,914565.0,11206,0.00013391194051303514,"Censo de Población y Vivienda 2020 (INEGI), cuestionario ampliado"
2020,alcaldia,009,Milpa Alta,0502,Mazahua,oto-mangue,Mujeres,107.0,74808.0,4606,0.00016671093547583626,"Censo de Población y Vivienda 2020 (INEGI), cuestionario ampliado"
2020,alcaldia,014,Benito Juárez,0502,Mazahua,oto-mangue,Hombres,194.0,197227.0,6139,0.0003653281606217946,"Censo de Población y Vivienda 2020 (INEGI), cuestionario ampliado"
2020,alcaldia,013,Xochimilco,0502,Mazahua,oto-mangue,Mujeres,62.0,221158.0,7558,1.0334841588089365e-05,"Censo de Población y Vivienda 2020 (INEGI), cuestionario ampliado"
2020,alcaldia,008,La Magdalena Contreras,0502,Mazahua,oto-mangue,Hombres,59.0,113440.0,8900,4.2644083976515575e-05,"Censo de Población y Vivienda 2020 (INEGI), cuestionario ampliado"
2020,alcaldia,010,Álvaro Obregón,0502,Mazahua,oto-mangue,Hombres,343.0,348012.0,8712,0.0001237444280402488,"Censo de Población y Vivienda 2020 (INEGI), cuestionario ampliado"
2020,alcaldia,002,Azcapotzalco,0502,Mazahua,oto-mangue,Mujeres,72.0,220992.0,8931,3.939412124835586e-06,"Censo de Población y Vivienda 2020 (INEGI), cuestionario ampliado"
2020,alcaldia,003,Coyoacán,0502,Mazahua,oto-mangue,Mujeres,333.0,312680.0,8930,0.00020125438800394865,"Censo de Población y Vivienda 2020 (INEGI), cuestionario ampliado"
2020,alcaldia,005,Gustavo A. Madero,0502,Mazahua,oto-mangue,Hombres,540.0,541718.0,9124,0.00016284442403480368,"Censo de Población y Vivienda 2020 (INEGI), cuestionario ampliado"
2020,alcaldia,008,La Magdalena Contreras,0502,Mazahua,oto-mangue,Mujeres,74.0,125762.0,9772,0.0001521736363325405,"Censo de Población y Vivienda 2020 (INEGI), cuestionario ampliado"
2020,alcaldia,010,Álvaro Obregón,0502,Mazahua,oto-mangue,Mujeres,506.0,385768.0,9635,0.0001286119075141401,"Censo de Población y Vivienda 2020 (INEGI), cuestionario ampliado"
2020,alcaldia,002,Azcapotzalco,0502,Mazahua,oto-mangue,Hombres,127.0,198971.0,8040,4.5708799893064305e-05,"Censo de Población y Vivienda 2020 (INEGI), cuestionario ampliado"
2020,alcaldia,003,Coyoacán,0502,Mazahua,oto-mangue,Hombres,97.0,282944.0,8066,3.7589777918162936e-06,"Censo de Población y Vivienda 2020 (INEGI), cuestionario ampliado"
2020,alcaldia,005,Gustavo A. Madero,0502,Mazahua,oto-mangue,Mujeres,669.0,587756.0,9891,0.000291189881286265,"Censo de Población y Vivienda 2020 (INEGI), cuestionario ampliado"
2020,alcaldia,016,Miguel Hidalgo,0503,Matlatzinca,oto-mangue,Mujeres,23.0,215303.0,7848,,"Censo de Población y Vivienda 2020 (INEGI), cuestionario ampliado"
2020,alcaldia,011,Tláhuac,0503,Matlatzinca,oto-mangue,Hombres,22.0,183277.0,10966,,"Censo de Población y Vivienda 2020 (INEGI), cuestionario ampliado"
2020,alcaldia,013,Xochimilco,0503,Matlatzinca,oto-mangue,Hombres,31.0,203347.0,6984,,"Censo de Población y Vivienda 2020 (INEGI), cuestionario ampliado"
2020,alcaldia,011,Tláhuac,0503,Matlatzinca,oto-mangue,Mujeres,27.0,195418.0,11523,,"Censo de Población y Vivienda 2020 (INEGI), cuestionario ampliado"
2020,alcaldia,013,Xochimilco,0503,Matlatzinca,oto-mangue,Mujeres,31.0,221158.0,7558,,"Censo de Población y Vivienda 2020 (INEGI), cuestionario ampliado"
2020,alcaldia,002,Azcapotzalco,0503,Matlatzinca,oto-mangue,Mujeres,26.0,220992.0,8931,,"Censo de Población y Vivienda 2020 (INEGI), cuestionario ampliado"
2020,alcaldia,017,Venustiano Carranza,0507,Chinanteco,oto-mangue,Hombres,108.0,201562.0,7749,0.00013443699631537513,"Censo de Población y Vivienda 2020 (INEGI), cuestionario ampliado"
2020,alcaldia,012,Tlalpan,0507,Chinanteco,oto-mangue,Mujeres,36.0,351125.0,11902,7.591932588152649e-09,"Censo de Población y Vivienda 2020 (INEGI), cuestionario ampliado"
2020,alcaldia,016,Miguel Hidalgo,0507,Chinanteco,oto-mangue,Mujeres,38.0,215303.0,7848,,"Censo de Población y Vivienda 2020 (INEGI), cuestionario ampliado"
2020,alcaldia,011,Tláhuac,0507,Chinanteco,oto-mangue,Hombres,264.0,183277.0,10966,0.0002769671338323715,"Censo de Población y Vivienda 2020 (INEGI), cuestionario ampliado"
2020,alcaldia,006,Iztacalco,0507,Chinanteco,oto-mangue,Mujeres,20.0,206967.0,9759,,"Censo de Población y Vivienda 2020 (INEGI), cuestionario ampliado"
2020,alcaldia,012,Tlalpan,0507,Chinanteco,oto-mangue,Hombres,57.0,321379.0,11018,3.7420498050778595e-05,"Censo de Población y Vivienda 2020 (INEGI), cuestionario ampliado"
2020,alcaldia,017,Venustiano Carranza,0507,Chinanteco,oto-mangue,Mujeres,265.0,228626.0,8786,0.00040604044712493065,"Censo de Población y Vivienda 2020 (INEGI), cuestionario ampliado"
2020,alcaldia,009,Milpa Alta,0507,Chinanteco,oto-mangue,Hombres,11.0,71264.0,4397,,"Censo de Población y Vivienda 2020 (INEGI), cuestionario ampliado"
2020,alcaldia,014,Benito Juárez,0507,Chinanteco,oto-mangue,Mujeres,29.0,225016.0,7015,,"Censo de Población y Vivienda 2020 (INEGI), cuestionario ampliado"
2020,alcaldia,013,Xochimilco,0507,Chinanteco,oto-mangue,Hombres,124.0,203347.0,6984,9.625548526416902e-06,"Censo de Población y Vivienda 2020 (INEGI), cuestionario ampliado"
2020,alcaldia,011,Tláhuac,0507,Chinanteco,oto-mangue,Mujeres,269.0,195418.0,11523,0.00027309853958230125,"Censo de Población y Vivienda 2020 (INEGI), cuestionario ampliado"
2020,alcaldia,006,Iztacalco,0507,Chinanteco,oto-mangue,Hombres,20.0,183858.0,8669,,"Censo de Población y Vivienda 2020 (INEGI), cuestionario ampliado"
2020,alcaldia,015,Cuauhtémoc,0507,Chinanteco,oto-mangue,Mujeres,137.0,272135.0,6619,3.5376908744262404e-05,"Censo de Población y Vivienda 2020 (INEGI), cuestionario ampliado"
2020,alcaldia,004,Cuajimalpa de Morelos,0507,Chinanteco,oto-mangue,Mujeres,75.0,111046.0,5833,,"Censo de Población y Vivienda 2020 (INEGI), cuestionario ampliado"
2020,alcaldia,007,Iztapalapa,0507,Chinanteco,oto-mangue,Hombres,724.0,847816.0,10397,0.00018710092485950587,"Censo de Población y Vivienda 2020 (INEGI), cuestionario ampliado"
2020,alcaldia,004,Cuajimalpa de Morelos,0507,Chinanteco,oto-mangue,Hombres,161.0,99202.0,5377,1.6307224858124817e-06,"Censo de Población y Vivienda 2020 (INEGI), cuestionario ampliado"
2020,alcaldia,007,Iztapalapa,0507,Chinanteco,oto-mangue,Mujeres,329.0,914565.0,11206,9.583168758326496e-06,"Censo de Población y Vivienda 2020 (INEGI), cuestionario ampliado"
2020,alcaldia,009,Milpa Alta,0507,Chinanteco,oto-mangue,Mujeres,78.0,74808.0,4606,4.516849120789892e-05,"Censo de Población y Vivienda 2020 (INEGI), cuestionario ampliado"
2020,alcaldia,014,Benito Juárez,0507,Chinanteco,oto-mangue,Hombres,71.0,197227.0,6139,4.452476229722949e-05,"Censo de Población y Vivienda 2020 (INEGI), cuestionario ampliado"
2020,alcaldia,013,Xochimilco,0507,Chinanteco,oto-mangue,Mujeres,10.0,221158.0,7558,,"Censo de Población y Vivienda 2020 (INEGI), cuestionario ampliado"
2020,alcaldia,008,La Magdalena Contreras,0507,Chinanteco,oto-mangue,Hombres,13.0,113440.0,8900,,"Censo de Población y Vivienda 2020 (INEGI), cuestionario ampliado"
2020,alcaldia,010,Álvaro Obregón,0507,Chinanteco,oto-mangue,Hombres,115.0,348012.0,8712,9.878956017445948e-05,"Censo de Población y Vivienda 2020 (INEGI), cuestionario ampliado"
2020,alcaldia,002,Azcapotzalco,0507,Chinanteco,oto-mangue,Mujeres,25.0,220992.0,8931,,"Censo de Población y Vivienda 2020 (INEGI), cuestionario ampliado"
2020,alcaldia,003,Coyoacán,0507,Chinanteco,oto-mangue,Mujeres,251.0,312680.0,8930,0.0003508544226743861,"Censo de Población y Vivienda 2020 (INEGI), cuestionario ampliado"
2020,alcaldia,005,Gustavo A. Madero,0507,Chinanteco,oto-mangue,Hombres,58.0,541718.0,9124,,"Censo de Población y Vivienda 2020 (INEGI), cuestionario ampliado"
2020,alcaldia,008,La Magdalena Contreras,0507,Chinanteco,oto-mangue,Mujeres,30.0,125762.0,9772,8.55164254189243e-06,"Censo de Población y Vivienda 2020 (INEGI), cuestionario ampliado"
2020,alcaldia,010,Álvaro Obregón,0507,Chinanteco,oto-mangue,Mujeres,382.0,385768.0,9635,0.000236602073233361,"Censo de Población y Vivienda 2020 (INEGI), cuestionario ampliado"
2020,alcaldia,002,Azcapotzalco,0507,Chinanteco,oto-mangue,Hombres,51.0,198971.0,8040,1.7253380571411518e-05,"Censo de Población y Vivienda 2020 (INEGI), cuestionario ampliado"
2020,alcaldia,003,Coyoacán,0507,Chinanteco,oto-mangue,Hombres,415.0,282944.0,8066,0.000997463309717831,"Censo de Población y Vivienda 2020 (INEGI), cuestionario ampliado"
2020,alcaldia,005,Gustavo A. Madero,0507,Chinanteco,oto-mangue,Mujeres,58.0,587756.0,9891,,"Censo de Población y Vivienda 2020 (INEGI), cuestionario ampliado"
2020,alcaldia,012,Tlalpan,0508,Tlapaneco,oto-mangue,Mujeres,94.0,351125.0,11902,1.1650615469449686e-05,"Censo de Población y Vivienda 2020 (INEGI), cuestionario ampliado"
2020,alcaldia,011,Tláhuac,0508,Tlapaneco,oto-mangue,Hombres,55.0,183277.0,10966,7.884441297354022e-06,"Censo de Población y Vivienda 2020 (INEGI), cuestionario ampliado"
2020,alcaldia,012,Tlalpan,0508,Tlapaneco,oto-mangue,Hombres,11.0,321379.0,11018,,"Censo de Población y Vivienda 2020 (INEGI), cuestionario ampliado"
2020,alcaldia,009,Milpa Alta,0508,Tlapaneco,oto-mangue,Hombres,68.0,71264.0,4397,4.219175568961711e-05,"Censo de Población y Vivienda 2020 (INEGI), cuestionario ampliado"
2020,alcaldia,011,Tláhuac,0508,Tlapaneco,oto-mangue,Mujeres,45.0,195418.0,11523,6.4334803406040825e-06,"Censo de Población y Vivienda 2020 (INEGI), cuestionario ampliado"
2020,alcaldia,004,Cuajimalpa de Morelos,0508,Tlapaneco,oto-mangue,Mujeres,5.0,111046.0,5833,,"Censo de Población y Vivienda 2020 (INEGI), cuestionario ampliado"
2020,alcaldia,007,Iztapalapa,0508,Tlapaneco,oto-mangue,Hombres,247.0,847816.0,10397,0.0001043086179927976,"Censo de Población y Vivienda 2020 (INEGI), cuestionario ampliado"
2020,alcaldia,015,Cuauhtémoc,0508,Tlapaneco,oto-mangue,Hombres,88.0,254819.0,6219,,"Censo de Población y Vivienda 2020 (INEGI), cuestionario ampliado"
2020,alcaldia,007,Iztapalapa,0508,Tlapaneco,oto-mangue,Mujeres,332.0,914565.0,11206,0.0001867989775496932,"Censo de Población y Vivienda 2020 (INEGI), cuestionario ampliado"
2020,alcaldia,009,Milpa Alta,0508,Tlapaneco,oto-mangue,Mujeres,50.0,74808.0,4606,2.9208670079592483e-05,"Censo de Población y Vivienda 2020 (INEGI), cuestionario ampliado"
2020,alcaldia,013,Xochimilco,0508,Tlapaneco,oto-mangue,Mujeres,31.0,221158.0,7558,,"Censo de Población y Vivienda 2020 (INEGI), cuestionario ampliado"
2020,alcaldia,008,La Magdalena Contreras,0508,Tlapaneco,oto-mangue,Hombres,29.0,113440.0,8900,3.9853026820190125e-05,"Censo de Población y Vivienda 2020 (INEGI), cuestionario ampliado"
2020,alcaldia,010,Álvaro Obregón,0508,Tlapaneco,oto-mangue,Hombres,88.0,348012.0,8712,,"Censo de Población y Vivienda 2020 (INEGI), cuestionario ampliado"
2020,alcaldia,002,Azcapotzalco,0508,Tlapaneco,oto-mangue,Mujeres,118.0,220992.0,8931,0.0001167273906518212,"Censo de Población y Vivienda 2020 (INEGI), cuestionario ampliado"
2020,alcaldia,003,Coyoacán,0508,Tlapaneco,oto-mangue,Mujeres,205.0,312680.0,8930,0.0003961527805628067,"Censo de Población y Vivienda 2020 (INEGI), cuestionario ampliado"
2020,alcaldia,005,Gustavo A. Madero,0508,Tlapaneco,oto-mangue,Hombres,116.0,541718.0,9124,,"Censo de Población y Vivienda 2020 (INEGI), cuestionario ampliado"
2020,alcaldia,008,La Magdalena Contreras,0508,Tlapaneco,oto-mangue,Mujeres,12.0,125762.0,9772,,"Censo de Población y Vivienda 2020 (INEGI), cuestionario ampliado"
2020,alcaldia,010,Álvaro Obregón,0508,Tlapaneco,oto-mangue,Mujeres,306.0,385768.0,9635,0.0004646798951462729,"Censo de Población y Vivienda 2020 (INEGI), cuestionario ampliado"
2020,alcaldia,002,Azcapotzalco,0508,Tlapaneco,oto-mangue,Hombres,70.0,198971.0,8040,9.823377056036097e-06,"Censo de Población y Vivienda 2020 (INEGI), cuestionario ampliado"
2020,alcaldia,005,Gustavo A. Madero,0508,Tlapaneco,oto-mangue,Mujeres,58.0,587756.0,9891,,"Censo de Población y Vivienda 2020 (INEGI), cuestionario ampliado"
2020,alcaldia,017,Venustiano Carranza,0509,Mazateco,oto-mangue,Hombres,282.0,201562.0,7749,0.00026702184251304885,"Censo de Población y Vivienda 2020 (INEGI), cuestionario ampliado"
2020,alcaldia,012,Tlalpan,0509,Mazateco,oto-mangue,Mujeres,730.0,351125.0,11902,0.00032517888317864797,"Censo de Población y Vivienda 2020 (INEGI), cuestionario ampliado"
2020,alcaldia,016,Miguel Hidalgo,0509,Mazateco,oto-mangue,Mujeres,344.0,215303.0,7848,0.000736366183570312,"Censo de Población y Vivienda 2020 (INEGI), cuestionario ampliado"
2020,alcaldia,011,Tláhuac,0509,Mazateco,oto-mangue,Hombres,427.0,183277.0,10966,0.000615675429926633,"Censo de Población y Vivienda 2020 (INEGI), cuestionario ampliado"
2020,alcaldia,006,Iztacalco,0509,Mazateco,oto-mangue,Mujeres,764.0,206967.0,9759,0.0010607202166506209,"Censo de Población y Vivienda 2020 (INEGI), cuestionario ampliado"
2020,alcaldia,012,Tlalpan,0509,Mazateco,oto-mangue,Hombres,477.0,321379.0,11018,0.00015528349904817058,"Censo de Población y Vivienda 2020 (INEGI), cuestionario ampliado"
2020,alcaldia,017,Venustiano Carranza,0509,Mazateco,oto-mangue,Mujeres,492.0,228626.0,8786,0.00038526984504828215,"Censo de Población y Vivienda 2020 (INEGI), cuestionario ampliado"
2020,alcaldia,009,Milpa Alta,0509,Mazateco,oto-mangue,Hombres,194.0,71264.0,4397,0.00029344581270489495,"Censo de Población y Vivienda 2020 (INEGI), cuestionario ampliado"
2020,alcaldia,014,Benito Juárez,0509,Mazateco,oto-mangue,Mujeres,71.0,225016.0,7015,3.94769137010421e-05,"Censo de Población y Vivienda 2020 (INEGI), cuestionario ampliado"
2020,alcaldia,013,Xochimilco,0509,Mazateco,oto-mangue,Hombres,876.0,203347.0,6984,0.001007054194896006,"Censo de Población y Vivienda 2020 (INEGI), cuestionario ampliado"
2020,alcaldia,016,Miguel Hidalgo,0509,Mazateco,oto-mangue,Hombres,284.0,184623.0,6810,0.00032191347696475155,"Censo de Población y Vivienda 2020 (INEGI), cuestionario ampliado"
2020,alcaldia,011,Tláhuac,0509,Mazateco,oto-mangue,Mujeres,346.0,195418.0,11523,0.00045721477355700996,"Censo de Población y Vivienda 2020 (INEGI), cuestionario ampliado"
2020,alcaldia,006,Iztacalco,0509,Mazateco,oto-mangue,Hombres,647.0,183858.0,8669,0.0010212418991903693,"Censo de Población y Vivienda 2020 (INEGI), cuestionario ampliado"
2020,alcaldia,015,Cuauhtémoc,0509,Mazateco,oto-mangue,Mujeres,567.0,272135.0,6619,0.0004196034697821151,"Censo de Población y Vivienda 2020 (INEGI), cuestionario ampliado"
2020,alcaldia,004,Cuajimalpa de Morelos,0509,Mazateco,oto-mangue,Mujeres,36.0,111046.0,5833,3.311336549336095e-05,"Censo de Población y Vivienda 2020 (INEGI), cuestionario ampliado"
2020,alcaldia,007,Iztapalapa,0509,Mazateco,oto-mangue,Hombres,1934.0,847816.0,10397,0.00023879325957850458,"Censo de Población y Vivienda 2020 (INEGI), cuestionario ampliado"
2020,alcaldia,015,Cuauhtémoc,0509,Mazateco,oto-mangue,Hombres,454.0,254819.0,6219,0.00033190410245316504,"Censo de Población y Vivienda 2020 (INEGI), cuestionario ampliado"
2020,alcaldia,004,Cuajimalpa de Morelos,0509,Mazateco,oto-mangue,Hombres,33.0,99202.0,5377,,"Censo de Población y Vivienda 2020 (INEGI), cuestionario ampliado"
2020,alcaldia,007,Iztapalapa,0509,Mazateco,oto-mangue,Mujeres,2252.0,914565.0,11206,0.0002960938265206619,"Censo de Población y Vivienda 2020 (INEGI), cuestionario ampliado"
2020,alcaldia,009,Milpa Alta,0509,Mazateco,oto-mangue,Mujeres,199.0,74808.0,4606,0.0002847358442571221,"Censo de Población y Vivienda 2020 (INEGI), cuestionario ampliado"
2020,alcaldia,014,Benito Juárez,0509,Mazateco,oto-mangue,Hombres,198.0,197227.0,6139,0.0005438733661854184,"Censo de Población y Vivienda 2020 (INEGI), cuestionario ampliado"
2020,alcaldia,013,Xochimilco,0509,Mazateco,oto-mangue,Mujeres,894.0,221158.0,7558,0.0007231924645659713,"Censo de Población y Vivienda 2020 (INEGI), cuestionario ampliado"
2020,alcaldia,008,La Magdalena Contreras,0509,Mazateco,oto-mangue,Hombres,26.0,113440.0,8900,2.9336447966015484e-06,"Censo de Población y Vivienda 2020 (INEGI), cuestionario ampliado"
2020,alcaldia,010,Álvaro Obregón,0509,Mazateco,oto-mangue,Hombres,568.0,348012.0,8712,0.0008541542820821543,"Censo de Población y Vivienda 2020 (INEGI), cuestionario ampliado"
2020,alcaldia,002,Azcapotzalco,0509,Mazateco,oto-mangue,Mujeres,24.0,220992.0,8931,,"Censo de Población y Vivienda 2020 (INEGI), cuestionario ampliado"
2020,alcaldia,003,Coyoacán,0509,Mazateco,oto-mangue,Mujeres,464.0,312680.0,8930,0.0004282054536549067,"Censo de Población y Vivienda 2020 (INEGI), cuestionario ampliado"
2020,alcaldia,005,Gustavo A. Madero,0509,Mazateco,oto-mangue,Hombres,751.0,541718.0,9124,0.00023310823786525865,"Censo de Población y Vivienda 2020 (INEGI), cuestionario ampliado"
2020,alcaldia,008,La Magdalena Contreras,0509,Mazateco,oto-mangue,Mujeres,166.0,125762.0,9772,0.00019169673189988465,"Censo de Población y Vivienda 2020 (INEGI), cuestionario ampliado"
2020,alcaldia,010,Álvaro Obregón,0509,Mazateco,oto-mangue,Mujeres,845.0,385768.0,9635,0.000709318920821796,"Censo de Población y Vivienda 2020 (INEGI), cuestionario ampliado"
2020,alcaldia,002,Azcapotzalco,0509,Mazateco,oto-mangue,Hombres,48.0,198971.0,8040,1.0766502308355318e-06,"Censo de Población y Vivienda 2020 (INEGI), cuestionario ampliado"
2020,alcaldia,003,Coyoacán,0509,Mazateco,oto-mangue,Hombres,345.0,282944.0,8066,0.00033830901898536354,"Censo de Población y Vivienda 2020 (INEGI), cuestionario ampliado"
2020,alcaldia,005,Gustavo A. Madero,0509,Mazateco,oto-mangue,Mujeres,752.0,587756.0,9891,0.00020276412936222511,"Censo de Población y Vivienda 2020 (INEGI), cuestionario ampliado"
2020,alcaldia,012,Tlalpan,0511,Chocholteco,oto-mangue,Mujeres,41.0,351125.0,11902,,"Censo de Población y Vivienda 2020 (INEGI), cuestionario ampliado"
2020,alcaldia,003,Coyoacán,0511,Chocholteco,oto-mangue,Mujeres,32.0,312680.0,8930,,"Censo de Población y Vivienda 2020 (INEGI), cuestionario ampliado"
2020,alcaldia,011,Tláhuac,0512,Popoloca,oto-mangue,Hombres,44.0,183277.0,10966,,"Censo de Población y Vivienda 2020 (INEGI), cuestionario ampliado"
2020,alcaldia,009,Milpa Alta,0512,Popoloca,oto-mangue,Hombres,69.0,71264.0,4397,,"Censo de Población y Vivienda 2020 (INEGI), cuestionario ampliado"
2020,alcaldia,011,Tláhuac,0512,Popoloca,oto-mangue,Mujeres,51.0,195418.0,11523,3.767517711686434e-05,"Censo de Población y Vivienda 2020 (INEGI), cuestionario ampliado"
2020,alcaldia,015,Cuauhtémoc,0512,Popoloca,oto-mangue,Mujeres,51.0,272135.0,6619,,"Censo de Población y Vivienda 2020 (INEGI), cuestionario ampliado"
2020,alcaldia,004,Cuajimalpa de Morelos,0512,Popoloca,oto-mangue,Mujeres,4.0,111046.0,5833,,"Censo de Población y Vivienda 2020 (INEGI), cuestionario ampliado"
2020,alcaldia,007,Iztapalapa,0512,Popoloca,oto-mangue,Hombres,79.0,847816.0,10397,,"Censo de Población y Vivienda 2020 (INEGI), cuestionario ampliado"
2020,alcaldia,015,Cuauhtémoc,0512,Popoloca,oto-mangue,Hombres,102.0,254819.0,6219,,"Censo de Población y Vivienda 2020 (INEGI), cuestionario ampliado"
2020,alcaldia,009,Milpa Alta,0512,Popoloca,oto-mangue,Mujeres,114.0,74808.0,4606,,"Censo de Población y Vivienda 2020 (INEGI), cuestionario ampliado"
2020,alcaldia,010,Álvaro Obregón,0512,Popoloca,oto-mangue,Hombres,73.0,348012.0,8712,,"Censo de Población y Vivienda 2020 (INEGI), cuestionario ampliado"
2020,alcaldia,005,Gustavo A. Madero,0512,Popoloca,oto-mangue,Mujeres,58.0,587756.0,9891,,"Censo de Población y Vivienda 2020 (INEGI), cuestionario ampliado"
2020,alcaldia,017,Venustiano Carranza,0513,Zapoteco,oto-mangue,Hombres,229.0,201562.0,7749,0.0004850616560532284,"Censo de Población y Vivienda 2020 (INEGI), cuestionario ampliado"
2020,alcaldia,012,Tlalpan,0513,Zapoteco,oto-mangue,Mujeres,426.0,351125.0,11902,0.00012719344224226958,"Censo de Población y Vivienda 2020 (INEGI), cuestionario ampliado"
2020,alcaldia,016,Miguel Hidalgo,0513,Zapoteco,oto-mangue,Mujeres,247.0,215303.0,7848,0.0004899418554919479,"Censo de Población y Vivienda 2020 (INEGI), cuestionario ampliado"
2020,alcaldia,011,Tláhuac,0513,Zapoteco,oto-mangue,Hombres,322.0,183277.0,10966,0.0002743793881928096,"Censo de Población y Vivienda 2020 (INEGI), cuestionario ampliado"
2020,alcaldia,006,Iztacalco,0513,Zapoteco,oto-mangue,Mujeres,656.0,206967.0,9759,0.0010887045081028322,"Censo de Población y Vivienda 2020 (INEGI), cuestionario ampliado"
2020,alcaldia,012,Tlalpan,0513,Zapoteco,oto-mangue,Hombres,384.0,321379.0,11018,3.7947937380201896e-05,"Censo de Población y Vivienda 2020 (INEGI), cuestionario ampliado"
2020,alcaldia,017,Venustiano Carranza,0513,Zapoteco,oto-mangue,Mujeres,306.0,228626.0,8786,0.00044461414417486163,"Censo de Población y Vivienda 2020 (INEGI), cuestionario ampliado"
2020,alcaldia,009,Milpa Alta,0513,Zapoteco,oto-mangue,Hombres,80.0,71264.0,4397,6.237991551215287e-06,"Censo de Población y Vivienda 2020 (INEGI), cuestionario ampliado"
2020,alcaldia,014,Benito Juárez,0513,Zapoteco,oto-mangue,Mujeres,348.0,225016.0,7015,0.00019714447848529152,"Censo de Población y Vivienda 2020 (INEGI), cuestionario ampliado"
2020,alcaldia,013,Xochimilco,0513,Zapoteco,oto-mangue,Hombres,133.0,203347.0,6984,6.7973678566273395e-06,"Censo de Población y Vivienda 2020 (INEGI), cuestionario ampliado"
2020,alcaldia,016,Miguel Hidalgo,0513,Zapoteco,oto-mangue,Hombres,264.0,184623.0,6810,0.000321278441119477,"Censo de Población y Vivienda 2020 (INEGI), cuestionario ampliado"
2020,alcaldia,011,Tláhuac,0513,Zapoteco,oto-mangue,Mujeres,209.0,195418.0,11523,0.00020437320526301274,"Censo de Población y Vivienda 2020 (INEGI), cuestionario ampliado"
2020,alcaldia,006,Iztacalco,0513,Zapoteco,oto-mangue,Hombres,606.0,183858.0,8669,0.0013880157812103285,"Censo de Población y Vivienda 2020 (INEGI), cuestionario ampliado"
2020,alcaldia,015,Cuauhtémoc,0513,Zapoteco,oto-mangue,Mujeres,577.0,272135.0,6619,0.00040103786450782343,"Censo de Población y Vivienda 2020 (INEGI), cuestionario ampliado"
2020,alcaldia,004,Cuajimalpa de Morelos,0513,Zapoteco,oto-mangue,Mujeres,74.0,111046.0,5833,0.00014743171133822861,"Censo de Población y Vivienda 2020 (INEGI), cuestionario ampliado"
2020,alcaldia,007,Iztapalapa,0513,Zapoteco,oto-mangue,Hombres,974.0,847816.0,10397,0.00017736042928726104,"Censo de Población y Vivienda 2020 (INEGI), cuestionario ampliado"
2020,alcaldia,015,Cuauhtémoc,0513,Zapoteco,oto-mangue,Hombres,412.0,254819.0,6219,0.0003133009898280072,"Censo de Población y Vivienda 2020 (INEGI), cuestionario ampliado"
2020,alcaldia,004,Cuajimalpa de Morelos,0513,Zapoteco,oto-mangue,Hombres,43.0,99202.0,5377,1.9663578528773338e-06,"Censo de Población y Vivienda 2020 (INEGI), cuestionario ampliado"
2020,alcaldia,007,Iztapalapa,0513,Zapoteco,oto-mangue,Mujeres,837.0,914565.0,11206,0.00014241016122249682,"Censo de Población y Vivienda 2020 (INEGI), cuestionario ampliado"
2020,alcaldia,009,Milpa Alta,0513,Zapoteco,oto-mangue,Mujeres,29.0,74808.0,4606,,"Censo de Población y Vivienda 2020 (INEGI), cuestionario ampliado"
2020,alcaldia,014,Benito Juárez,0513,Zapoteco,oto-mangue,Hombres,440.0,197227.0,6139,0.0002510017633024081,"Censo de Población y Vivienda 2020 (INEGI), cuestionario ampliado"
2020,alcaldia,013,Xochimilco,0513,Zapoteco,oto-mangue,Mujeres,123.0,221158.0,7558,4.557692131436687e-05,"Censo de Población y Vivienda 2020 (INEGI), cuestionario ampliado"
2020,alcaldia,008,La Magdalena Contreras,0513,Zapoteco,oto-mangue,Hombres,142.0,113440.0,8900,0.00011066376828566071,"Censo de Población y Vivienda 2020 (INEGI), cuestionario ampliado"
2020,alcaldia,010,Álvaro Obregón,0513,Zapoteco,oto-mangue,Hombres,160.0,348012.0,8712,2.8687932667696748e-05,"Censo de Población y Vivienda 2020 (INEGI), cuestionario ampliado"
2020,alcaldia,002,Azcapotzalco,0513,Zapoteco,oto-mangue,Mujeres,241.0,220992.0,8931,0.00010392353816076201,"Censo de Población y Vivienda 2020 (INEGI), cuestionario ampliado"
2020,alcaldia,003,Coyoacán,0513,Zapoteco,oto-mangue,Mujeres,349.0,312680.0,8930,4.988468859999703e-05,"Censo de Población y Vivienda 2020 (INEGI), cuestionario ampliado"
2020,alcaldia,005,Gustavo A. Madero,0513,Zapoteco,oto-mangue,Hombres,1049.0,541718.0,9124,0.0002281379867734635,"Censo de Población y Vivienda 2020 (INEGI), cuestionario ampliado"
2020,alcaldia,008,La Magdalena Contreras,0513,Zapoteco,oto-mangue,Mujeres,176.0,125762.0,9772,0.0001751378230758562,"Censo de Población y Vivienda 2020 (INEGI), cuestionario ampliado"
2020,alcaldia,010,Álvaro Obregón,0513,Zapoteco,oto-mangue,Mujeres,731.0,385768.0,9635,0.0006107917158453548,"Censo de Población y Vivienda 2020 (INEGI), cuestionario ampliado"
2020,alcaldia,002,Azcapotzalco,0513,Zapoteco,oto-mangue,Hombres,334.0,198971.0,8040,0.00016343581800323651,"Censo de Población y Vivienda 2020 (INEGI), cuestionario ampliado"
2020,alcaldia,003,Coyoacán,0513,Zapoteco,oto-mangue,Hombres,400.0,282944.0,8066,0.00011055715388098293,"Censo de Población y Vivienda 2020 (INEGI), cuestionario ampliado"
2020,alcaldia,005,Gustavo A. Madero,0513,Zapoteco,oto-mangue,Mujeres,521.0,587756.0,9891,0.0002934065380610738,"Censo de Población y Vivienda 2020 (INEGI), cuestionario ampliado"
2020,alcaldia,016,Miguel Hidalgo,0515,Amuzgo,oto-mangue,Mujeres,24.0,215303.0,7848,,"Censo de Población y Vivienda 2020 (INEGI), cuestionario ampliado"
2020,alcaldia,011,Tláhuac,0515,Amuzgo,oto-mangue,Hombres,23.0,183277.0,10966,,"Censo de Población y Vivienda 2020 (INEGI), cuestionario ampliado"
2020,alcaldia,016,Miguel Hidalgo,0515,Amuzgo,oto-mangue,Hombres,24.0,184623.0,6810,,"Censo de Población y Vivienda 2020 (INEGI), cuestionario ampliado"
2020,alcaldia,011,Tláhuac,0515,Amuzgo,oto-mangue,Mujeres,51.0,195418.0,11523,,"Censo de Población y Vivienda 2020 (INEGI), cuestionario ampliado"
2020,alcaldia,014,Benito Juárez,0515,Amuzgo,oto-mangue,Hombres,34.0,197227.0,6139,,"Censo de Población y Vivienda 2020 (INEGI), cuestionario ampliado"
2020,alcaldia,010,Álvaro Obregón,0515,Amuzgo,oto-mangue,Mujeres,45.0,385768.0,9635,,"Censo de Población y Vivienda 2020 (INEGI), cuestionario ampliado"
2020,alcaldia,017,Venustiano Carranza,0516,Mixteco,oto-mangue,Hombres,260.0,201562.0,7749,0.000938967005910588,"Censo de Población y Vivienda 2020 (INEGI), cuestionario ampliado"
2020,alcaldia,012,Tlalpan,0516,Mixteco,oto-mangue,Mujeres,947.0,351125.0,11902,0.0003346332613858277,"Censo de Población y Vivienda 2020 (INEGI), cuestionario ampliado"
2020,alcaldia,016,Miguel Hidalgo,0516,Mixteco,oto-mangue,Mujeres,202.0,215303.0,7848,0.0005603311393866579,"Censo de Población y Vivienda 2020 (INEGI), cuestionario ampliado"
2020,alcaldia,011,Tláhuac,0516,Mixteco,oto-mangue,Hombres,457.0,183277.0,10966,0.00048702984179876404,"Censo de Población y Vivienda 2020 (INEGI), cuestionario ampliado"
2020,alcaldia,006,Iztacalco,0516,Mixteco,oto-mangue,Mujeres,490.0,206967.0,9759,0.0003803128129145786,"Censo de Población y Vivienda 2020 (INEGI), cuestionario ampliado"
2020,alcaldia,012,Tlalpan,0516,Mixteco,oto-mangue,Hombres,764.0,321379.0,11018,0.00032086989356354677,"Censo de Población y Vivienda 2020 (INEGI), cuestionario ampliado"
2020,alcaldia,017,Venustiano Carranza,0516,Mixteco,oto-mangue,Mujeres,366.0,228626.0,8786,0.0007088651699205888,"Censo de Población y Vivienda 2020 (INEGI), cuestionario ampliado"
2020,alcaldia,009,Milpa Alta,0516,Mixteco,oto-mangue,Hombres,203.0,71264.0,4397,0.00019061493038406938,"Censo de Población y Vivienda 2020 (INEGI), cuestionario ampliado"
2020,alcaldia,014,Benito Juárez,0516,Mixteco,oto-mangue,Mujeres,188.0,225016.0,7015,0.00014399048135397294,"Censo de Población y Vivienda 2020 (INEGI), cuestionario ampliado"
2020,alcaldia,013,Xochimilco,0516,Mixteco,oto-mangue,Hombres,350.0,203347.0,6984,0.00027194673179246166,"Censo de Población y Vivienda 2020 (INEGI), cuestionario ampliado"
2020,alcaldia,016,Miguel Hidalgo,0516,Mixteco,oto-mangue,Hombres,62.0,184623.0,6810,7.175576370795265e-05,"Censo de Población y Vivienda 2020 (INEGI), cuestionario ampliado"
2020,alcaldia,011,Tláhuac,0516,Mixteco,oto-mangue,Mujeres,375.0,195418.0,11523,0.0004698197526554358,"Censo de Población y Vivienda 2020 (INEGI), cuestionario ampliado"
2020,alcaldia,006,Iztacalco,0516,Mixteco,oto-mangue,Hombres,269.0,183858.0,8669,0.00023509275139561018,"Censo de Población y Vivienda 2020 (INEGI), cuestionario ampliado"
2020,alcaldia,015,Cuauhtémoc,0516,Mixteco,oto-mangue,Mujeres,122.0,272135.0,6619,9.643063827462656e-06,"Censo de Población y Vivienda 2020 (INEGI), cuestionario ampliado"
2020,alcaldia,004,Cuajimalpa de Morelos,0516,Mixteco,oto-mangue,Mujeres,331.0,111046.0,5833,0.0015668120606981439,"Censo de Población y Vivienda 2020 (INEGI), cuestionario ampliado"
2020,alcaldia,007,Iztapalapa,0516,Mixteco,oto-mangue,Hombres,2827.0,847816.0,10397,0.0004571049456427409,"Censo de Población y Vivienda 2020 (INEGI), cuestionario ampliado"
2020,alcaldia,015,Cuauhtémoc,0516,Mixteco,oto-mangue,Hombres,118.0,254819.0,6219,6.829557216608381e-06,"Censo de Población y Vivienda 2020 (INEGI), cuestionario ampliado"
2020,alcaldia,004,Cuajimalpa de Morelos,0516,Mixteco,oto-mangue,Hombres,387.0,99202.0,5377,0.0015807503341393942,"Censo de Población y Vivienda 2020 (INEGI), cuestionario ampliado"
2020,alcaldia,007,Iztapalapa,0516,Mixteco,oto-mangue,Mujeres,3386.0,914565.0,11206,0.0004076012663657737,"Censo de Población y Vivienda 2020 (INEGI), cuestionario ampliado"
2020,alcaldia,009,Milpa Alta,0516,Mixteco,oto-mangue,Mujeres,174.0,74808.0,4606,0.0003877810699404288,"Censo de Población y Vivienda 2020 (INEGI), cuestionario ampliado"
2020,alcaldia,014,Benito Juárez,0516,Mixteco,oto-mangue,Hombres,264.0,197227.0,6139,0.00018899340476689612,"Censo de Población y Vivienda 2020 (INEGI), cuestionario ampliado"
2020,alcaldia,013,Xochimilco,0516,Mixteco,oto-mangue,Mujeres,260.0,221158.0,7558,0.00034147755236324615,"Censo de Población y Vivienda 2020 (INEGI), cuestionario ampliado"
2020,alcaldia,008,La Magdalena Contreras,0516,Mixteco,oto-mangue,Hombres,88.0,113440.0,8900,0.00020556887191572034,"Censo de Población y Vivienda 2020 (INEGI), cuestionario ampliado"
2020,alcaldia,010,Álvaro Obregón,0516,Mixteco,oto-mangue,Hombres,273.0,348012.0,8712,0.00012743383788398454,"Censo de Población y Vivienda 2020 (INEGI), cuestionario ampliado"
2020,alcaldia,002,Azcapotzalco,0516,Mixteco,oto-mangue,Mujeres,184.0,220992.0,8931,7.218668024863938e-05,"Censo de Población y Vivienda 2020 (INEGI), cuestionario ampliado"
2020,alcaldia,003,Coyoacán,0516,Mixteco,oto-mangue,Mujeres,426.0,312680.0,8930,0.0004032572225986851,"Censo de Población y Vivienda 2020 (INEGI), cuestionario ampliado"
2020,alcaldia,005,Gustavo A. Madero,0516,Mixteco,oto-mangue,Hombres,667.0,541718.0,9124,0.00029049361751298244,"Censo de Población y Vivienda 2020 (INEGI), cuestionario ampliado"
2020,alcaldia,008,La Magdalena Contreras,0516,Mixteco,oto-mangue,Mujeres,114.0,125762.0,9772,0.0001431744031565733,"Censo de Población y Vivienda 2020 (INEGI), cuestionario ampliado"
2020,alcaldia,010,Álvaro Obregón,0516,Mixteco,oto-mangue,Mujeres,669.0,385768.0,9635,0.0005941343528791756,"Censo de Población y Vivienda 2020 (INEGI), cuestionario ampliado"
2020,alcaldia,002,Azcapotzalco,0516,Mixteco,oto-mangue,Hombres,73.0,198971.0,8040,1.3887547132683267e-05,"Censo de Población y Vivienda 2020 (INEGI), cuestionario ampliado"
2020,alcaldia,003,Coyoacán,0516,Mixteco,oto-mangue,Hombres,160.0,282944.0,8066,0.00016437332760613007,"Censo de Población y Vivienda 2020 (INEGI), cuestionario ampliado"
2020,alcaldia,005,Gustavo A. Madero,0516,Mixteco,oto-mangue,Mujeres,828.0,587756.0,9891,0.0003234613319928368,"Censo de Población y Vivienda 2020 (INEGI), cuestionario ampliado"
2020,alcaldia,012,Tlalpan,0517,Cuicateco,oto-mangue,Mujeres,13.0,351125.0,11902,,"Censo de Población y Vivienda 2020 (INEGI), cuestionario ampliado"
2020,alcaldia,006,Iztacalco,0517,Cuicateco,oto-mangue,Mujeres,25.0,206967.0,9759,,"Censo de Población y Vivienda 2020 (INEGI), cuestionario ampliado"
2020,alcaldia,006,Iztacalco,0517,Cuicateco,oto-mangue,Hombres,25.0,183858.0,8669,,"Censo de Población y Vivienda 2020 (INEGI), cuestionario ampliado"
2020,alcaldia,008,La Magdalena Contreras,0517,Cuicateco,oto-mangue,Hombres,14.0,113440.0,8900,,"Censo de Población y Vivienda 2020 (INEGI), cuestionario ampliado"
2020,alcaldia,010,Álvaro Obregón,0517,Cuicateco,oto-mangue,Hombres,37.0,348012.0,8712,,"Censo de Población y Vivienda 2020 (INEGI), cuestionario ampliado"
2020,alcaldia,008,La Magdalena Contreras,0517,Cuicateco,oto-mangue,Mujeres,14.0,125762.0,9772,,"Censo de Población y Vivienda 2020 (INEGI), cuestionario ampliado"
2020,alcaldia,010,Álvaro Obregón,0517,Cuicateco,oto-mangue,Mujeres,37.0,385768.0,9635,,"Censo de Población y Vivienda 2020 (INEGI), cuestionario ampliado"
2020,alcaldia,012,Tlalpan,0518,Triqui,oto-mangue,Mujeres,12.0,351125.0,11902,,"Censo de Población y Vivienda 2020 (INEGI), cuestionario ampliado"
2020,alcaldia,016,Miguel Hidalgo,0518,Triqui,oto-mangue,Mujeres,23.0,215303.0,7848,,"Censo de Población y Vivienda 2020 (INEGI), cuestionario ampliado"
2020,alcaldia,006,Iztacalco,0518,Triqui,oto-mangue,Mujeres,880.0,206967.0,9759,,"Censo de Población y Vivienda 2020 (INEGI), cuestionario ampliado"
2020,alcaldia,016,Miguel Hidalgo,0518,Triqui,oto-mangue,Hombres,24.0,184623.0,6810,,"Censo de Población y Vivienda 2020 (INEGI), cuestionario ampliado"
2020,alcaldia,011,Tláhuac,0518,Triqui,oto-mangue,Mujeres,22.0,195418.0,11523,,"Censo de Población y Vivienda 2020 (INEGI), cuestionario ampliado"
2020,alcaldia,006,Iztacalco,0518,Triqui,oto-mangue,Hombres,660.0,183858.0,8669,,"Censo de Población y Vivienda 2020 (INEGI), cuestionario ampliado"
2020,alcaldia,015,Cuauhtémoc,0518,Triqui,oto-mangue,Mujeres,38.0,272135.0,6619,,"Censo de Población y Vivienda 2020 (INEGI), cuestionario ampliado"
2020,alcaldia,010,Álvaro Obregón,0518,Triqui,oto-mangue,Mujeres,38.0,385768.0,9635,,"Censo de Población y Vivienda 2020 (INEGI), cuestionario ampliado"
2020,alcaldia,012,Tlalpan,0601,Huasteco,maya,Mujeres,12.0,351125.0,11902,,"Censo de Población y Vivienda 2020 (INEGI), cuestionario ampliado"
2020,alcaldia,006,Iztacalco,0601,Huasteco,maya,Mujeres,57.0,206967.0,9759,9.119528602034918e-05,"Censo de Población y Vivienda 2020 (INEGI), cuestionario ampliado"
2020,alcaldia,012,Tlalpan,0601,Huasteco,maya,Hombres,11.0,321379.0,11018,,"Censo de Población y Vivienda 2020 (INEGI), cuestionario ampliado"
2020,alcaldia,014,Benito Juárez,0601,Huasteco,maya,Mujeres,35.0,225016.0,7015,,"Censo de Población y Vivienda 2020 (INEGI), cuestionario ampliado"
2020,alcaldia,006,Iztacalco,0601,Huasteco,maya,Hombres,38.0,183858.0,8669,2.990199538279172e-07,"Censo de Población y Vivienda 2020 (INEGI), cuestionario ampliado"
2020,alcaldia,004,Cuajimalpa de Morelos,0601,Huasteco,maya,Mujeres,4.0,111046.0,5833,,"Censo de Población y Vivienda 2020 (INEGI), cuestionario ampliado"
2020,alcaldia,007,Iztapalapa,0601,Huasteco,maya,Hombres,237.0,847816.0,10397,5.488626848534297e-07,"Censo de Población y Vivienda 2020 (INEGI), cuestionario ampliado"
2020,alcaldia,007,Iztapalapa,0601,Huasteco,maya,Mujeres,82.0,914565.0,11206,,"Censo de Población y Vivienda 2020 (INEGI), cuestionario ampliado"
2020,alcaldia,013,Xochimilco,0601,Huasteco,maya,Mujeres,40.0,221158.0,7558,,"Censo de Población y Vivienda 2020 (INEGI), cuestionario ampliado"
2020,alcaldia,008,La Magdalena Contreras,0601,Huasteco,maya,Hombres,26.0,113440.0,8900,3.755954322920772e-06,"Censo de Población y Vivienda 2020 (INEGI), cuestionario ampliado"
2020,alcaldia,002,Azcapotzalco,0601,Huasteco,maya,Mujeres,24.0,220992.0,8931,,"Censo de Población y Vivienda 2020 (INEGI), cuestionario ampliado"
2020,alcaldia,005,Gustavo A. Madero,0601,Huasteco,maya,Hombres,118.0,541718.0,9124,,"Censo de Población y Vivienda 2020 (INEGI), cuestionario ampliado"
2020,alcaldia,003,Coyoacán,0601,Huasteco,maya,Hombres,36.0,282944.0,8066,,"Censo de Población y Vivienda 2020 (INEGI), cuestionario ampliado"
2020,alcaldia,017,Venustiano Carranza,0602,Maya,maya,Hombres,25.0,201562.0,7749,,"Censo de Población y Vivienda 2020 (INEGI), cuestionario ampliado"
2020,alcaldia,012,Tlalpan,0602,Maya,maya,Mujeres,50.0,351125.0,11902,,"Censo de Población y Vivienda 2020 (INEGI), cuestionario ampliado"
2020,alcaldia,016,Miguel Hidalgo,0602,Maya,maya,Mujeres,122.0,215303.0,7848,8.551887685772687e-05,"Censo de Población y Vivienda 2020 (INEGI), cuestionario ampliado"
2020,alcaldia,011,Tláhuac,0602,Maya,maya,Hombres,71.0,183277.0,10966,4.3824878789945164e-05,"Censo de Población y Vivienda 2020 (INEGI), cuestionario ampliado"
2020,alcaldia,006,Iztacalco,0602,Maya,maya,Mujeres,20.0,206967.0,9759,,"Censo de Población y Vivienda 2020 (INEGI), cuestionario ampliado"
2020,alcaldia,012,Tlalpan,0602,Maya,maya,Hombres,81.0,321379.0,11018,2.5100774683908933e-06,"Censo de Población y Vivienda 2020 (INEGI), cuestionario ampliado"
2020,alcaldia,017,Venustiano Carranza,0602,Maya,maya,Mujeres,52.0,228626.0,8786,3.6729397119233063e-06,"Censo de Población y Vivienda 2020 (INEGI), cuestionario ampliado"
2020,alcaldia,014,Benito Juárez,0602,Maya,maya,Mujeres,132.0,225016.0,7015,3.104942835920293e-05,"Censo de Población y Vivienda 2020 (INEGI), cuestionario ampliado"
2020,alcaldia,013,Xochimilco,0602,Maya,maya,Hombres,20.0,203347.0,6984,,"Censo de Población y Vivienda 2020 (INEGI), cuestionario ampliado"
2020,alcaldia,016,Miguel Hidalgo,0602,Maya,maya,Hombres,94.0,184623.0,6810,1.2123517497509347e-05,"Censo de Población y Vivienda 2020 (INEGI), cuestionario ampliado"
2020,alcaldia,006,Iztacalco,0602,Maya,maya,Hombres,22.0,183858.0,8669,,"Censo de Población y Vivienda 2020 (INEGI), cuestionario ampliado"
2020,alcaldia,004,Cuajimalpa de Morelos,0602,Maya,maya,Mujeres,4.0,111046.0,5833,,"Censo de Población y Vivienda 2020 (INEGI), cuestionario ampliado"
2020,alcaldia,007,Iztapalapa,0602,Maya,maya,Hombres,158.0,847816.0,10397,1.6323332051609438e-06,"Censo de Población y Vivienda 2020 (INEGI), cuestionario ampliado"
2020,alcaldia,015,Cuauhtémoc,0602,Maya,maya,Hombres,40.0,254819.0,6219,,"Censo de Población y Vivienda 2020 (INEGI), cuestionario ampliado"
2020,alcaldia,004,Cuajimalpa de Morelos,0602,Maya,maya,Hombres,20.0,99202.0,5377,,"Censo de Población y Vivienda 2020 (INEGI), cuestionario ampliado"
2020,alcaldia,007,Iztapalapa,0602,Maya,maya,Mujeres,79.0,914565.0,11206,,"Censo de Población y Vivienda 2020 (INEGI), cuestionario ampliado"
2020,alcaldia,014,Benito Juárez,0602,Maya,maya,Hombres,221.0,197227.0,6139,0.00012571097372854852,"Censo de Población y Vivienda 2020 (INEGI), cuestionario ampliado"
2020,alcaldia,010,Álvaro Obregón,0602,Maya,maya,Hombres,48.0,348012.0,8712,,"Censo de Población y Vivienda 2020 (INEGI), cuestionario ampliado"
2020,alcaldia,002,Azcapotzalco,0602,Maya,maya,Mujeres,24.0,220992.0,8931,,"Censo de Población y Vivienda 2020 (INEGI), cuestionario ampliado"
2020,alcaldia,003,Coyoacán,0602,Maya,maya,Mujeres,33.0,312680.0,8930,,"Censo de Población y Vivienda 2020 (INEGI), cuestionario ampliado"
2020,alcaldia,005,Gustavo A. Madero,0602,Maya,maya,Hombres,58.0,541718.0,9124,,"Censo de Población y Vivienda 2020 (INEGI), cuestionario ampliado"
2020,alcaldia,002,Azcapotzalco,0602,Maya,maya,Hombres,24.0,198971.0,8040,,"Censo de Población y Vivienda 2020 (INEGI), cuestionario ampliado"
2020,alcaldia,003,Coyoacán,0602,Maya,maya,Hombres,66.0,282944.0,8066,1.0593711309315473e-05,"Censo de Población y Vivienda 2020 (INEGI), cuestionario ampliado"
2020,alcaldia,013,Xochimilco,0604,Ch'ol,maya,Hombres,31.0,203347.0,6984,,"Censo de Población y Vivienda 2020 (INEGI), cuestionario ampliado"
2020,alcaldia,011,Tláhuac,0604,Ch'ol,maya,Mujeres,22.0,195418.0,11523,,"Censo de Población y Vivienda 2020 (INEGI), cuestionario ampliado"
2020,alcaldia,007,Iztapalapa,0604,Ch'ol,maya,Mujeres,402.0,914565.0,11206,0.0002349118804995922,"Censo de Población y Vivienda 2020 (INEGI), cuestionario ampliado"
2020,alcaldia,013,Xochimilco,0604,Ch'ol,maya,Mujeres,31.0,221158.0,7558,,"Censo de Población y Vivienda 2020 (INEGI), cuestionario ampliado"
2020,alcaldia,008,La Magdalena Contreras,0604,Ch'ol,maya,Hombres,25.0,113440.0,8900,6.792873487361366e-06,"Censo de Población y Vivienda 2020 (INEGI), cuestionario ampliado"
2020,alcaldia,012,Tlalpan,0606,Tseltal,maya,Mujeres,22.0,351125.0,11902,4.907178662484229e-08,"Censo de Población y Vivienda 2020 (INEGI), cuestionario ampliado"
2020,alcaldia,016,Miguel Hidalgo,0606,Tseltal,maya,Mujeres,70.0,215303.0,7848,7.725631545342358e-05,"Censo de Población y Vivienda 2020 (INEGI), cuestionario ampliado"
2020,alcaldia,011,Tláhuac,0606,Tseltal,maya,Hombres,10.0,183277.0,10966,,"Censo de Población y Vivienda 2020 (INEGI), cuestionario ampliado"
2020,alcaldia,006,Iztacalco,0606,Tseltal,maya,Mujeres,297.0,206967.0,9759,0.0005010694983218633,"Censo de Población y Vivienda 2020 (INEGI), cuestionario ampliado"
2020,alcaldia,012,Tlalpan,0606,Tseltal,maya,Hombres,53.0,321379.0,11018,,"Censo de Población y Vivienda 2020 (INEGI), cuestionario ampliado"
2020,alcaldia,017,Venustiano Carranza,0606,Tseltal,maya,Mujeres,26.0,228626.0,8786,,"Censo de Población y Vivienda 2020 (INEGI), cuestionario ampliado"
2020,alcaldia,009,Milpa Alta,0606,Tseltal,maya,Hombres,11.0,71264.0,4397,,"Censo de Población y Vivienda 2020 (INEGI), cuestionario ampliado"
2020,alcaldia,014,Benito Juárez,0606,Tseltal,maya,Mujeres,158.0,225016.0,7015,0.00014849725571163528,"Censo de Población y Vivienda 2020 (INEGI), cuestionario ampliado"
2020,alcaldia,016,Miguel Hidalgo,0606,Tseltal,maya,Hombres,23.0,184623.0,6810,,"Censo de Población y Vivienda 2020 (INEGI), cuestionario ampliado"
2020,alcaldia,006,Iztacalco,0606,Tseltal,maya,Hombres,250.0,183858.0,8669,0.00038011262508789225,"Censo de Población y Vivienda 2020 (INEGI), cuestionario ampliado"
2020,alcaldia,015,Cuauhtémoc,0606,Tseltal,maya,Mujeres,425.0,272135.0,6619,0.0012486215732527592,"Censo de Población y Vivienda 2020 (INEGI), cuestionario ampliado"
2020,alcaldia,004,Cuajimalpa de Morelos,0606,Tseltal,maya,Mujeres,46.0,111046.0,5833,,"Censo de Población y Vivienda 2020 (INEGI), cuestionario ampliado"
2020,alcaldia,007,Iztapalapa,0606,Tseltal,maya,Hombres,158.0,847816.0,10397,,"Censo de Población y Vivienda 2020 (INEGI), cuestionario ampliado"
2020,alcaldia,015,Cuauhtémoc,0606,Tseltal,maya,Hombres,597.0,254819.0,6219,0.0022201688435370304,"Censo de Población y Vivienda 2020 (INEGI), cuestionario ampliado"
2020,alcaldia,004,Cuajimalpa de Morelos,0606,Tseltal,maya,Hombres,4.0,99202.0,5377,,"Censo de Población y Vivienda 2020 (INEGI), cuestionario ampliado"
2020,alcaldia,007,Iztapalapa,0606,Tseltal,maya,Mujeres,237.0,914565.0,11206,2.198808647490303e-06,"Censo de Población y Vivienda 2020 (INEGI), cuestionario ampliado"
2020,alcaldia,014,Benito Juárez,0606,Tseltal,maya,Hombres,30.0,197227.0,6139,,"Censo de Población y Vivienda 2020 (INEGI), cuestionario ampliado"
2020,alcaldia,008,La Magdalena Contreras,0606,Tseltal,maya,Hombres,13.0,113440.0,8900,,"Censo de Población y Vivienda 2020 (INEGI), cuestionario ampliado"
2020,alcaldia,008,La Magdalena Contreras,0606,Tseltal,maya,Mujeres,27.0,125762.0,9772,1.1925710562911206e-05,"Censo de Población y Vivienda 2020 (INEGI), cuestionario ampliado"
2020,alcaldia,002,Azcapotzalco,0606,Tseltal,maya,Hombres,25.0,198971.0,8040,,"Censo de Población y Vivienda 2020 (INEGI), cuestionario ampliado"
2020,alcaldia,017,Venustiano Carranza,0607,Tsotsil,maya,Hombres,26.0,201562.0,7749,,"Censo de Población y Vivienda 2020 (INEGI), cuestionario ampliado"
2020,alcaldia,012,Tlalpan,0607,Tsotsil,maya,Mujeres,13.0,351125.0,11902,,"Censo de Población y Vivienda 2020 (INEGI), cuestionario ampliado"
2020,alcaldia,011,Tláhuac,0607,Tsotsil,maya,Hombres,46.0,183277.0,10966,1.6378460456223e-06,"Censo de Población y Vivienda 2020 (INEGI), cuestionario ampliado"
2020,alcaldia,012,Tlalpan,0607,Tsotsil,maya,Hombres,64.0,321379.0,11018,,"Censo de Población y Vivienda 2020 (INEGI), cuestionario ampliado"
2020,alcaldia,017,Venustiano Carranza,0607,Tsotsil,maya,Mujeres,27.0,228626.0,8786,,"Censo de Población y Vivienda 2020 (INEGI), cuestionario ampliado"
2020,alcaldia,014,Benito Juárez,0607,Tsotsil,maya,Mujeres,32.0,225016.0,7015,,"Censo de Población y Vivienda 2020 (INEGI), cuestionario ampliado"
2020,alcaldia,016,Miguel Hidalgo,0607,Tsotsil,maya,Hombres,26.0,184623.0,6810,,"Censo de Población y Vivienda 2020 (INEGI), cuestionario ampliado"
2020,alcaldia,015,Cuauhtémoc,0607,Tsotsil,maya,Hombres,119.0,254819.0,6219,5.372063814724002e-06,"Censo de Población y Vivienda 2020 (INEGI), cuestionario ampliado"
2020,alcaldia,004,Cuajimalpa de Morelos,0607,Tsotsil,maya,Hombres,28.0,99202.0,5377,4.79685229719008e-06,"Censo de Población y Vivienda 2020 (INEGI), cuestionario ampliado"
2020,alcaldia,010,Álvaro Obregón,0607,Tsotsil,maya,Hombres,49.0,348012.0,8712,,"Censo de Población y Vivienda 2020 (INEGI), cuestionario ampliado"
2020,alcaldia,003,Coyoacán,0607,Tsotsil,maya,Mujeres,37.0,312680.0,8930,,"Censo de Población y Vivienda 2020 (INEGI), cuestionario ampliado"
2020,alcaldia,008,La Magdalena Contreras,0607,Tsotsil,maya,Mujeres,14.0,125762.0,9772,,"Censo de Población y Vivienda 2020 (INEGI), cuestionario ampliado"
2020,alcaldia,010,Álvaro Obregón,0607,Tsotsil,maya,Mujeres,147.0,385768.0,9635,,"Censo de Población y Vivienda 2020 (INEGI), cuestionario ampliado"
2020,alcaldia,003,Coyoacán,0607,Tsotsil,maya,Hombres,32.0,282944.0,8066,,"Censo de Población y Vivienda 2020 (INEGI), cuestionario ampliado"
2020,alcaldia,005,Gustavo A. Madero,0608,Q'anjob'al,maya,Hombres,58.0,541718.0,9124,,"Censo de Población y Vivienda 2020 (INEGI), cuestionario ampliado"
2020,alcaldia,002,Azcapotzalco,0610,Jakalteko,maya,Mujeres,24.0,220992.0,8931,,"Censo de Población y Vivienda 2020 (INEGI), cuestionario ampliado"
2020,alcaldia,009,Milpa Alta,0612,Chuj,maya,Hombres,12.0,71264.0,4397,,"Censo de Población y Vivienda 2020 (INEGI), cuestionario ampliado"
2020,alcaldia,010,Álvaro Obregón,0612,Chuj,maya,Hombres,38.0,348012.0,8712,,"Censo de Población y Vivienda 2020 (INEGI), cuestionario ampliado"
2020,alcaldia,012,Tlalpan,0613,Tojolabal,maya,Hombres,40.0,321379.0,11018,,"Censo de Población y Vivienda 2020 (INEGI), cuestionario ampliado"
2020,alcaldia,013,Xochimilco,0613,Tojolabal,maya,Hombres,62.0,203347.0,6984,5.577750581991668e-07,"Censo de Población y Vivienda 2020 (INEGI), cuestionario ampliado"
2020,alcaldia,015,Cuauhtémoc,0615,K'iche',maya,Mujeres,38.0,272135.0,6619,,"Censo de Población y Vivienda 2020 (INEGI), cuestionario ampliado"
2020,alcaldia,015,Cuauhtémoc,0618,Mam,maya,Hombres,39.0,254819.0,6219,,"Censo de Población y Vivienda 2020 (INEGI), cuestionario ampliado"
2020,alcaldia,017,Venustiano Carranza,0701,Totonaco,totonaco-tepehua,Hombres,263.0,201562.0,7749,0.00027789714777095003,"Censo de Población y Vivienda 2020 (INEGI), cuestionario ampliado"
2020,alcaldia,012,Tlalpan,0701,Totonaco,totonaco-tepehua,Mujeres,726.0,351125.0,11902,0.0002999577606216904,"Censo de Población y Vivienda 2020 (INEGI), cuestionario ampliado"
2020,alcaldia,016,Miguel Hidalgo,0701,Totonaco,totonaco-tepehua,Mujeres,73.0,215303.0,7848,0.00015454772931260957,"Censo de Población y Vivienda 2020 (INEGI), cuestionario ampliado"
2020,alcaldia,011,Tláhuac,0701,Totonaco,totonaco-tepehua,Hombres,84.0,183277.0,10966,2.779954758792074e-05,"Censo de Población y Vivienda 2020 (INEGI), cuestionario ampliado"
2020,alcaldia,006,Iztacalco,0701,Totonaco,totonaco-tepehua,Mujeres,66.0,206967.0,9759,2.3247596233437306e-05,"Censo de Población y Vivienda 2020 (INEGI), cuestionario ampliado"
2020,alcaldia,012,Tlalpan,0701,Totonaco,totonaco-tepehua,Hombres,674.0,321379.0,11018,0.0003576964241385606,"Censo de Población y Vivienda 2020 (INEGI), cuestionario ampliado"
2020,alcaldia,017,Venustiano Carranza,0701,Totonaco,totonaco-tepehua,Mujeres,162.0,228626.0,8786,0.00011426873159683064,"Censo de Población y Vivienda 2020 (INEGI), cuestionario ampliado"
2020,alcaldia,009,Milpa Alta,0701,Totonaco,totonaco-tepehua,Hombres,40.0,71264.0,4397,,"Censo de Población y Vivienda 2020 (INEGI), cuestionario ampliado"
2020,alcaldia,014,Benito Juárez,0701,Totonaco,totonaco-tepehua,Mujeres,32.0,225016.0,7015,,"Censo de Población y Vivienda 2020 (INEGI), cuestionario ampliado"
2020,alcaldia,013,Xochimilco,0701,Totonaco,totonaco-tepehua,Hombres,145.0,203347.0,6984,1.6884867875064914e-05,"Censo de Población y Vivienda 2020 (INEGI), cuestionario ampliado"
2020,alcaldia,011,Tláhuac,0701,Totonaco,totonaco-tepehua,Mujeres,180.0,195418.0,11523,0.00013114633232829103,"Censo de Población y Vivienda 2020 (INEGI), cuestionario ampliado"
2020,alcaldia,006,Iztacalco,0701,Totonaco,totonaco-tepehua,Hombres,20.0,183858.0,8669,,"Censo de Población y Vivienda 2020 (INEGI), cuestionario ampliado"
2020,alcaldia,015,Cuauhtémoc,0701,Totonaco,totonaco-tepehua,Mujeres,114.0,272135.0,6619,,"Censo de Población y Vivienda 2020 (INEGI), cuestionario ampliado"
2020,alcaldia,004,Cuajimalpa de Morelos,0701,Totonaco,totonaco-tepehua,Mujeres,39.0,111046.0,5833,5.2616878913661054e-05,"Censo de Población y Vivienda 2020 (INEGI), cuestionario ampliado"
2020,alcaldia,007,Iztapalapa,0701,Totonaco,totonaco-tepehua,Hombres,572.0,847816.0,10397,0.00018117289558298264,"Censo de Población y Vivienda 2020 (INEGI), cuestionario ampliado"
2020,alcaldia,015,Cuauhtémoc,0701,Totonaco,totonaco-tepehua,Hombres,75.0,254819.0,6219,3.2126482785554774e-06,"Censo de Población y Vivienda 2020 (INEGI), cuestionario ampliado"
2020,alcaldia,004,Cuajimalpa de Morelos,0701,Totonaco,totonaco-tepehua,Hombres,107.0,99202.0,5377,0.00041163457475877564,"Censo de Población y Vivienda 2020 (INEGI), cuestionario ampliado"
2020,alcaldia,007,Iztapalapa,0701,Totonaco,totonaco-tepehua,Mujeres,713.0,914565.0,11206,8.596261739710096e-05,"Censo de Población y Vivienda 2020 (INEGI), cuestionario ampliado"
2020,alcaldia,009,Milpa Alta,0701,Totonaco,totonaco-tepehua,Mujeres,66.0,74808.0,4606,0.0006016643115411922,"Censo de Población y Vivienda 2020 (INEGI), cuestionario ampliado"
2020,alcaldia,014,Benito Juárez,0701,Totonaco,totonaco-tepehua,Hombres,65.0,197227.0,6139,3.718447727700259e-06,"Censo de Población y Vivienda 2020 (INEGI), cuestionario ampliado"
2020,alcaldia,013,Xochimilco,0701,Totonaco,totonaco-tepehua,Mujeres,179.0,221158.0,7558,0.00028309041113192923,"Censo de Población y Vivienda 2020 (INEGI), cuestionario ampliado"
2020,alcaldia,008,La Magdalena Contreras,0701,Totonaco,totonaco-tepehua,Hombres,130.0,113440.0,8900,0.00033895989255689965,"Censo de Población y Vivienda 2020 (INEGI), cuestionario ampliado"
2020,alcaldia,010,Álvaro Obregón,0701,Totonaco,totonaco-tepehua,Hombres,80.0,348012.0,8712,8.476492957377126e-06,"Censo de Población y Vivienda 2020 (INEGI), cuestionario ampliado"
2020,alcaldia,002,Azcapotzalco,0701,Totonaco,totonaco-tepehua,Mujeres,71.0,220992.0,8931,6.8149267099096685e-06,"Censo de Población y Vivienda 2020 (INEGI), cuestionario ampliado"
2020,alcaldia,003,Coyoacán,0701,Totonaco,totonaco-tepehua,Mujeres,378.0,312680.0,8930,0.00021898142489394464,"Censo de Población y Vivienda 2020 (INEGI), cuestionario ampliado"
2020,alcaldia,005,Gustavo A. Madero,0701,Totonaco,totonaco-tepehua,Hombres,938.0,541718.0,9124,0.0004932395237808556,"Censo de Población y Vivienda 2020 (INEGI), cuestionario ampliado"
2020,alcaldia,008,La Magdalena Contreras,0701,Totonaco,totonaco-tepehua,Mujeres,119.0,125762.0,9772,0.00016383585924257708,"Censo de Población y Vivienda 2020 (INEGI), cuestionario ampliado"
2020,alcaldia,010,Álvaro Obregón,0701,Totonaco,totonaco-tepehua,Mujeres,119.0,385768.0,9635,9.095724974118522e-06,"Censo de Población y Vivienda 2020 (INEGI), cuestionario ampliado"
2020,alcaldia,002,Azcapotzalco,0701,Totonaco,totonaco-tepehua,Hombres,49.0,198971.0,8040,1.4650566513915428e-05,"Censo de Población y Vivienda 2020 (INEGI), cuestionario ampliado"
2020,alcaldia,003,Coyoacán,0701,Totonaco,totonaco-tepehua,Hombres,315.0,282944.0,8066,0.000323405207412523,"Censo de Población y Vivienda 2020 (INEGI), cuestionario ampliado"
2020,alcaldia,005,Gustavo A. Madero,0701,Totonaco,totonaco-tepehua,Mujeres,647.0,587756.0,9891,0.00032319541678219933,"Censo de Población y Vivienda 2020 (INEGI), cuestionario ampliado"
2020,alcaldia,011,Tláhuac,0702,Tepehua,totonaco-tepehua,Hombres,49.0,183277.0,10966,,"Censo de Población y Vivienda 2020 (INEGI), cuestionario ampliado"
2020,alcaldia,012,Tlalpan,0702,Tepehua,totonaco-tepehua,Hombres,43.0,321379.0,11018,,"Censo de Población y Vivienda 2020 (INEGI), cuestionario ampliado"
2020,alcaldia,011,Tláhuac,0702,Tepehua,totonaco-tepehua,Mujeres,27.0,195418.0,11523,,"Censo de Población y Vivienda 2020 (INEGI), cuestionario ampliado"
2020,alcaldia,012,Tlalpan,0801,Tarasco (purépecha),tarasca,Mujeres,11.0,351125.0,11902,,"Censo de Población y Vivienda 2020 (INEGI), cuestionario ampliado"
2020,alcaldia,016,Miguel Hidalgo,0801,Tarasco (purépecha),tarasca,Mujeres,23.0,215303.0,7848,,"Censo de Población y Vivienda 2020 (INEGI), cuestionario ampliado"
2020,alcaldia,011,Tláhuac,0801,Tarasco (purépecha),tarasca,Hombres,34.0,183277.0,10966,1.2449963942853315e-06,"Censo de Población y Vivienda 2020 (INEGI), cuestionario ampliado"
2020,alcaldia,006,Iztacalco,0801,Tarasco (purépecha),tarasca,Mujeres,24.0,206967.0,9759,,"Censo de Población y Vivienda 2020 (INEGI), cuestionario ampliado"
2020,alcaldia,012,Tlalpan,0801,Tarasco (purépecha),tarasca,Hombres,65.0,321379.0,11018,,"Censo de Población y Vivienda 2020 (INEGI), cuestionario ampliado"
2020,alcaldia,017,Venustiano Carranza,0801,Tarasco (purépecha),tarasca,Mujeres,27.0,228626.0,8786,,"Censo de Población y Vivienda 2020 (INEGI), cuestionario ampliado"
2020,alcaldia,013,Xochimilco,0801,Tarasco (purépecha),tarasca,Hombres,31.0,203347.0,6984,,"Censo de Población y Vivienda 2020 (INEGI), cuestionario ampliado"
2020,alcaldia,011,Tláhuac,0801,Tarasco (purépecha),tarasca,Mujeres,46.0,195418.0,11523,8.588518058213911e-07,"Censo de Población y Vivienda 2020 (INEGI), cuestionario ampliado"
2020,alcaldia,006,Iztacalco,0801,Tarasco (purépecha),tarasca,Hombres,19.0,183858.0,8669,,"Censo de Población y Vivienda 2020 (INEGI), cuestionario ampliado"
2020,alcaldia,004,Cuajimalpa de Morelos,0801,Tarasco (purépecha),tarasca,Mujeres,21.0,111046.0,5833,,"Censo de Población y Vivienda 2020 (INEGI), cuestionario ampliado"
2020,alcaldia,007,Iztapalapa,0801,Tarasco (purépecha),tarasca,Hombres,79.0,847816.0,10397,,"Censo de Población y Vivienda 2020 (INEGI), cuestionario ampliado"
2020,alcaldia,007,Iztapalapa,0801,Tarasco (purépecha),tarasca,Mujeres,162.0,914565.0,11206,3.2365658643923523e-06,"Censo de Población y Vivienda 2020 (INEGI), cuestionario ampliado"
2020,alcaldia,013,Xochimilco,0801,Tarasco (purépecha),tarasca,Mujeres,94.0,221158.0,7558,0.00014236461723961735,"Censo de Población y Vivienda 2020 (INEGI), cuestionario ampliado"
2020,alcaldia,008,La Magdalena Contreras,0801,Tarasco (purépecha),tarasca,Hombres,12.0,113440.0,8900,,"Censo de Población y Vivienda 2020 (INEGI), cuestionario ampliado"
2020,alcaldia,010,Álvaro Obregón,0801,Tarasco (purépecha),tarasca,Hombres,111.0,348012.0,8712,,"Censo de Población y Vivienda 2020 (INEGI), cuestionario ampliado"
2020,alcaldia,002,Azcapotzalco,0801,Tarasco (purépecha),tarasca,Mujeres,48.0,220992.0,8931,7.53061214476717e-06,"Censo de Población y Vivienda 2020 (INEGI), cuestionario ampliado"
2020,alcaldia,005,Gustavo A. Madero,0801,Tarasco (purépecha),tarasca,Hombres,72.0,541718.0,9124,,"Censo de Población y Vivienda 2020 (INEGI), cuestionario ampliado"
2020,alcaldia,008,La Magdalena Contreras,0801,Tarasco (purépecha),tarasca,Mujeres,27.0,125762.0,9772,1.032784314121278e-05,"Censo de Población y Vivienda 2020 (INEGI), cuestionario ampliado"
2020,alcaldia,010,Álvaro Obregón,0801,Tarasco (purépecha),tarasca,Mujeres,152.0,385768.0,9635,0.0001819577140374438,"Censo de Población y Vivienda 2020 (INEGI), cuestionario ampliado"
2020,alcaldia,002,Azcapotzalco,0801,Tarasco (purépecha),tarasca,Hombres,25.0,198971.0,8040,,"Censo de Población y Vivienda 2020 (INEGI), cuestionario ampliado"
2020,alcaldia,003,Coyoacán,0801,Tarasco (purépecha),tarasca,Hombres,36.0,282944.0,8066,,"Censo de Población y Vivienda 2020 (INEGI), cuestionario ampliado"
2020,alcaldia,005,Gustavo A. Madero,0801,Tarasco (purépecha),tarasca,Mujeres,261.0,587756.0,9891,0.0001487510705913505,"Censo de Población y Vivienda 2020 (INEGI), cuestionario ampliado"
2020,alcaldia,017,Venustiano Carranza,0901,Mixe,mixe-zoque,Hombres,52.0,201562.0,7749,4.559108635269478e-06,"Censo de Población y Vivienda 2020 (INEGI), cuestionario ampliado"
2020,alcaldia,012,Tlalpan,0901,Mixe,mixe-zoque,Mujeres,405.0,351125.0,11902,0.00013069413683737836,"Censo de Población y Vivienda 2020 (INEGI), cuestionario ampliado"
2020,alcaldia,016,Miguel Hidalgo,0901,Mixe,mixe-zoque,Mujeres,177.0,215303.0,7848,0.00021695526188174764,"Censo de Población y Vivienda 2020 (INEGI), cuestionario ampliado"
2020,alcaldia,011,Tláhuac,0901,Mixe,mixe-zoque,Hombres,104.0,183277.0,10966,5.413722082728978e-05,"Censo de Población y Vivienda 2020 (INEGI), cuestionario ampliado"
2020,alcaldia,006,Iztacalco,0901,Mixe,mixe-zoque,Mujeres,42.0,206967.0,9759,1.0196767652345796e-05,"Censo de Población y Vivienda 2020 (INEGI), cuestionario ampliado"
2020,alcaldia,012,Tlalpan,0901,Mixe,mixe-zoque,Hombres,216.0,321379.0,11018,6.462814351559134e-05,"Censo de Población y Vivienda 2020 (INEGI), cuestionario ampliado"
2020,alcaldia,017,Venustiano Carranza,0901,Mixe,mixe-zoque,Mujeres,77.0,228626.0,8786,7.763121101499402e-06,"Censo de Población y Vivienda 2020 (INEGI), cuestionario ampliado"
2020,alcaldia,009,Milpa Alta,0901,Mixe,mixe-zoque,Hombres,50.0,71264.0,4397,3.07223735528052e-05,"Censo de Población y Vivienda 2020 (INEGI), cuestionario ampliado"
2020,alcaldia,014,Benito Juárez,0901,Mixe,mixe-zoque,Mujeres,32.0,225016.0,7015,,"Censo de Población y Vivienda 2020 (INEGI), cuestionario ampliado"
2020,alcaldia,013,Xochimilco,0901,Mixe,mixe-zoque,Hombres,31.0,203347.0,6984,,"Censo de Población y Vivienda 2020 (INEGI), cuestionario ampliado"
2020,alcaldia,011,Tláhuac,0901,Mixe,mixe-zoque,Mujeres,102.0,195418.0,11523,6.691096266697688e-05,"Censo de Población y Vivienda 2020 (INEGI), cuestionario ampliado"
2020,alcaldia,006,Iztacalco,0901,Mixe,mixe-zoque,Hombres,61.0,183858.0,8669,8.786905381004377e-06,"Censo de Población y Vivienda 2020 (INEGI), cuestionario ampliado"
2020,alcaldia,015,Cuauhtémoc,0901,Mixe,mixe-zoque,Mujeres,452.0,272135.0,6619,0.0002990072994020449,"Censo de Población y Vivienda 2020 (INEGI), cuestionario ampliado"
2020,alcaldia,004,Cuajimalpa de Morelos,0901,Mixe,mixe-zoque,Mujeres,21.0,111046.0,5833,4.755545703724389e-05,"Censo de Población y Vivienda 2020 (INEGI), cuestionario ampliado"
2020,alcaldia,007,Iztapalapa,0901,Mixe,mixe-zoque,Hombres,322.0,847816.0,10397,1.3118828995252337e-06,"Censo de Población y Vivienda 2020 (INEGI), cuestionario ampliado"
2020,alcaldia,015,Cuauhtémoc,0901,Mixe,mixe-zoque,Hombres,244.0,254819.0,6219,0.00019702764193198243,"Censo de Población y Vivienda 2020 (INEGI), cuestionario ampliado"
2020,alcaldia,004,Cuajimalpa de Morelos,0901,Mixe,mixe-zoque,Hombres,5.0,99202.0,5377,,"Censo de Población y Vivienda 2020 (INEGI), cuestionario ampliado"
2020,alcaldia,007,Iztapalapa,0901,Mixe,mixe-zoque,Mujeres,241.0,914565.0,11206,1.4682769205151518e-06,"Censo de Población y Vivienda 2020 (INEGI), cuestionario ampliado"
2020,alcaldia,009,Milpa Alta,0901,Mixe,mixe-zoque,Mujeres,62.0,74808.0,4606,0.00029969210395451904,"Censo de Población y Vivienda 2020 (INEGI), cuestionario ampliado"
2020,alcaldia,014,Benito Juárez,0901,Mixe,mixe-zoque,Hombres,32.0,197227.0,6139,,"Censo de Población y Vivienda 2020 (INEGI), cuestionario ampliado"
2020,alcaldia,013,Xochimilco,0901,Mixe,mixe-zoque,Mujeres,62.0,221158.0,7558,1.1906680612893633e-05,"Censo de Población y Vivienda 2020 (INEGI), cuestionario ampliado"
2020,alcaldia,008,La Magdalena Contreras,0901,Mixe,mixe-zoque,Hombres,13.0,113440.0,8900,,"Censo de Población y Vivienda 2020 (INEGI), cuestionario ampliado"
2020,alcaldia,010,Álvaro Obregón,0901,Mixe,mixe-zoque,Hombres,576.0,348012.0,8712,0.0005127886774536595,"Censo de Población y Vivienda 2020 (INEGI), cuestionario ampliado"
2020,alcaldia,003,Coyoacán,0901,Mixe,mixe-zoque,Mujeres,66.0,312680.0,8930,5.056890224706248e-06,"Censo de Población y Vivienda 2020 (INEGI), cuestionario ampliado"
2020,alcaldia,008,La Magdalena Contreras,0901,Mixe,mixe-zoque,Mujeres,34.0,125762.0,9772,,"Censo de Población y Vivienda 2020 (INEGI), cuestionario ampliado"
2020,alcaldia,010,Álvaro Obregón,0901,Mixe,mixe-zoque,Mujeres,187.0,385768.0,9635,6.928445671785301e-06,"Censo de Población y Vivienda 2020 (INEGI), cuestionario ampliado"
2020,alcaldia,002,Azcapotzalco,0901,Mixe,mixe-zoque,Hombres,24.0,198971.0,8040,,"Censo de Población y Vivienda 2020 (INEGI), cuestionario ampliado"
2020,alcaldia,005,Gustavo A. Madero,0901,Mixe,mixe-zoque,Mujeres,59.0,587756.0,9891,,"Censo de Población y Vivienda 2020 (INEGI), cuestionario ampliado"
2020,alcaldia,012,Tlalpan,0907,Zoque,mixe-zoque,Mujeres,22.0,351125.0,11902,,"Censo de Población y Vivienda 2020 (INEGI), cuestionario ampliado"
2020,alcaldia,011,Tláhuac,0907,Zoque,mixe-zoque,Mujeres,5.0,195418.0,11523,,"Censo de Población y Vivienda 2020 (INEGI), cuestionario ampliado"
2020,alcaldia,010,Álvaro Obregón,0907,Zoque,mixe-zoque,Mujeres,40.0,385768.0,9635,,"Censo de Población y Vivienda 2020 (INEGI), cuestionario ampliado"
2020,alcaldia,011,Tláhuac,1001,Chontal de Oaxaca,chontal de Oaxaca,Mujeres,10.0,195418.0,11523,,"Censo de Población y Vivienda 2020 (INEGI), cuestionario ampliado"
2020,alcaldia,007,Iztapalapa,1001,Chontal de Oaxaca,chontal de Oaxaca,Mujeres,79.0,914565.0,11206,,"Censo de Población y Vivienda 2020 (INEGI), cuestionario ampliado"
2020,alcaldia,012,Tlalpan,8000,Otras lenguas indígenas de América,,Mujeres,11.0,351125.0,11902,,"Censo de Población y Vivienda 2020 (INEGI), cuestionario ampliado"
2020,alcaldia,006,Iztacalco,8000,Otras lenguas indígenas de América,,Mujeres,43.0,206967.0,9759,1.1810785457979808e-05,"Censo de Población y Vivienda 2020 (INEGI), cuestionario ampliado"
2020,alcaldia,012,Tlalpan,8000,Otras lenguas indígenas de América,,Hombres,40.0,321379.0,11018,,"Censo de Población y Vivienda 2020 (INEGI), cuestionario ampliado"
2020,alcaldia,014,Benito Juárez,8000,Otras lenguas indígenas de América,,Mujeres,66.0,225016.0,7015,,"Censo de Población y Vivienda 2020 (INEGI), cuestionario ampliado"
2020,alcaldia,011,Tláhuac,8000,Otras lenguas indígenas de América,,Mujeres,24.0,195418.0,11523,,"Censo de Población y Vivienda 2020 (INEGI), cuestionario ampliado"
2020,alcaldia,015,Cuauhtémoc,8000,Otras lenguas indígenas de América,,Mujeres,81.0,272135.0,6619,1.3629660323113794e-05,"Censo de Población y Vivienda 2020 (INEGI), cuestionario ampliado"
2020,alcaldia,015,Cuauhtémoc,8000,Otras lenguas indígenas de América,,Hombres,126.0,254819.0,6219,1.5668072738891658e-05,"Censo de Población y Vivienda 2020 (INEGI), cuestionario ampliado"
2020,alcaldia,014,Benito Juárez,8000,Otras lenguas indígenas de América,,Hombres,63.0,197227.0,6139,3.1737479139921643e-06,"Censo de Población y Vivienda 2020 (INEGI), cuestionario ampliado"
2020,alcaldia,003,Coyoacán,8000,Otras lenguas indígenas de América,,Hombres,33.0,282944.0,8066,,"Censo de Población y Vivienda 2020 (INEGI), cuestionario ampliado"
2020,alcaldia,017,Venustiano Carranza,9000,No especificado,,Hombres,51.0,201562.0,7749,2.005747875389248e-06,"Censo de Población y Vivienda 2020 (INEGI), cuestionario ampliado"
2020,alcaldia,012,Tlalpan,9000,No especificado,,Mujeres,106.0,351125.0,11902,,"Censo de Población y Vivienda 2020 (INEGI), cuestionario ampliado"
2020,alcaldia,016,Miguel Hidalgo,9000,No especificado,,Mujeres,114.0,215303.0,7848,9.702999961594467e-05,"Censo de Población y Vivienda 2020 (INEGI), cuestionario ampliado"
2020,alcaldia,011,Tláhuac,9000,No especificado,,Hombres,33.0,183277.0,10966,,"Censo de Población y Vivienda 2020 (INEGI), cuestionario ampliado"
2020,alcaldia,006,Iztacalco,9000,No especificado,,Mujeres,46.0,206967.0,9759,1.1626428332112753e-05,"Censo de Población y Vivienda 2020 (INEGI), cuestionario ampliado"
2020,alcaldia,012,Tlalpan,9000,No especificado,,Hombres,106.0,321379.0,11018,6.8222104323353965e-06,"Censo de Población y Vivienda 2020 (INEGI), cuestionario ampliado"
2020,alcaldia,014,Benito Juárez,9000,No especificado,,Mujeres,64.0,225016.0,7015,8.413302164357621e-06,"Censo de Población y Vivienda 2020 (INEGI), cuestionario ampliado"
2020,alcaldia,013,Xochimilco,9000,No especificado,,Hombres,93.0,203347.0,6984,0.00014512797219798593,"Censo de Población y Vivienda 2020 (INEGI), cuestionario ampliado"
2020,alcaldia,016,Miguel Hidalgo,9000,No especificado,,Hombres,33.0,184623.0,6810,,"Censo de Población y Vivienda 2020 (INEGI), cuestionario ampliado"
2020,alcaldia,011,Tláhuac,9000,No especificado,,Mujeres,22.0,195418.0,11523,,"Censo de Población y Vivienda 2020 (INEGI), cuestionario ampliado"
2020,alcaldia,006,Iztacalco,9000,No especificado,,Hombres,99.0,183858.0,8669,0.00010475083216357049,"Censo de Población y Vivienda 2020 (INEGI), cuestionario ampliado"
2020,alcaldia,015,Cuauhtémoc,9000,No especificado,,Mujeres,42.0,272135.0,6619,,"Censo de Población y Vivienda 2020 (INEGI), cuestionario ampliado"
2020,alcaldia,004,Cuajimalpa de Morelos,9000,No especificado,,Mujeres,129.0,111046.0,5833,,"Censo de Población y Vivienda 2020 (INEGI), cuestionario ampliado"
2020,alcaldia,007,Iztapalapa,9000,No especificado,,Hombres,248.0,847816.0,10397,1.4938479004669747e-05,"Censo de Población y Vivienda 2020 (INEGI), cuestionario ampliado"
2020,alcaldia,015,Cuauhtémoc,9000,No especificado,,Hombres,77.0,254819.0,6219,8.461388597891703e-06,"Censo de Población y Vivienda 2020 (INEGI), cuestionario ampliado"
2020,alcaldia,004,Cuajimalpa de Morelos,9000,No especificado,,Hombres,48.0,99202.0,5377,0.0003559649323307215,"Censo de Población y Vivienda 2020 (INEGI), cuestionario ampliado"
2020,alcaldia,014,Benito Juárez,9000,No especificado,,Hombres,69.0,197227.0,6139,,"Censo de Población y Vivienda 2020 (INEGI), cuestionario ampliado"
2020,alcaldia,013,Xochimilco,9000,No especificado,,Mujeres,103.0,221158.0,7558,0.00013364307785976507,"Censo de Población y Vivienda 2020 (INEGI), cuestionario ampliado"
2020,alcaldia,008,La Magdalena Contreras,9000,No especificado,,Hombres,25.0,113440.0,8900,7.735086963700158e-06,"Censo de Población y Vivienda 2020 (INEGI), cuestionario ampliado"
2020,alcaldia,010,Álvaro Obregón,9000,No especificado,,Hombres,41.0,348012.0,8712,,"Censo de Población y Vivienda 2020 (INEGI), cuestionario ampliado"
2020,alcaldia,002,Azcapotzalco,9000,No especificado,,Mujeres,24.0,220992.0,8931,,"Censo de Población y Vivienda 2020 (INEGI), cuestionario ampliado"
2020,alcaldia,003,Coyoacán,9000,No especificado,,Mujeres,102.0,312680.0,8930,0.00010802793837391591,"Censo de Población y Vivienda 2020 (INEGI), cuestionario ampliado"
2020,alcaldia,005,Gustavo A. Madero,9000,No especificado,,Hombres,57.0,541718.0,9124,,"Censo de Población y Vivienda 2020 (INEGI), cuestionario ampliado"
2020,alcaldia,008,La Magdalena Contreras,9000,No especificado,,Mujeres,16.0,125762.0,9772,,"Censo de Población y Vivienda 2020 (INEGI), cuestionario ampliado"
2020,alcaldia,002,Azcapotzalco,9000,No especificado,,Hombres,74.0,198971.0,8040,0.0001213301252561064,"Censo de Población y Vivienda 2020 (INEGI), cuestionario ampliado"
2020,alcaldia,003,Coyoacán,9000,No especificado,,Hombres,231.0,282944.0,8066,0.00010824071654959737,"Censo de Población y Vivienda 2020 (INEGI), cuestionario ampliado"
2020,alcaldia,005,Gustavo A. Madero,9000,No especificado,,Mujeres,176.0,587756.0,9891,8.367535408924259e-06,"Censo de Población y Vivienda 2020 (INEGI), cuestionario ampliado"
2020,alcaldia,017,Venustiano Carranza,9010,Chontal insuficientemente especificado,,Hombres,24.0,201562.0,7749,,"Censo de Población y Vivienda 2020 (INEGI), cuestionario ampliado"
2020,alcaldia,015,Cuauhtémoc,9010,Chontal insuficientemente especificado,,Mujeres,76.0,272135.0,6619,,"Censo de Población y Vivienda 2020 (INEGI), cuestionario ampliado"
2020,alcaldia,007,Iztapalapa,9010,Chontal insuficientemente especificado,,Hombres,79.0,847816.0,10397,,"Censo de Población y Vivienda 2020 (INEGI), cuestionario ampliado"
2020,alcaldia,008,La Magdalena Contreras,9010,Chontal insuficientemente especificado,,Mujeres,14.0,125762.0,9772,,"Censo de Población y Vivienda 2020 (INEGI), cuestionario ampliado"
2020,alcaldia,012,Tlalpan,9030,Popoluca insuficientemente especificado,,Hombres,12.0,321379.0,11018,,"Censo de Población y Vivienda 2020 (INEGI), cuestionario ampliado"
2020,alcaldia,009,Milpa Alta,9030,Popoluca insuficientemente especificado,,Hombres,42.0,71264.0,4397,,"Censo de Población y Vivienda 2020 (INEGI), cuestionario ampliado"
2020,alcaldia,008,La Magdalena Contreras,0205,Tarahumara,yuto-nahua,Total,18.0,239202.0,18672,,"Censo de Población y Vivienda 2020 (INEGI), cuestionario ampliado"
2020,alcaldia,014,Benito Juárez,0205,Tarahumara,yuto-nahua,Total,29.0,422243.0,13154,,"Censo de Población y Vivienda 2020 (INEGI), cuestionario ampliado"
2020,alcaldia,010,Álvaro Obregón,0207,Yaqui,yuto-nahua,Total,77.0,733780.0,18347,3.4238627597691754e-06,"Censo de Población y Vivienda 2020 (INEGI), cuestionario ampliado"
2020,alcaldia,011,Tláhuac,0207,Yaqui,yuto-nahua,Total,72.0,378695.0,22489,,"Censo de Población y Vivienda 2020 (INEGI), cuestionario ampliado"
2020,alcaldia,011,Tláhuac,0208,Mayo,yuto-nahua,Total,24.0,378695.0,22489,,"Censo de Población y Vivienda 2020 (INEGI), cuestionario ampliado"
2020,alcaldia,015,Cuauhtémoc,0208,Mayo,yuto-nahua,Total,40.0,526954.0,12838,,"Censo de Población y Vivienda 2020 (INEGI), cuestionario ampliado"
2020,alcaldia,017,Venustiano Carranza,0211,Náhuatl,yuto-nahua,Total,1264.0,430188.0,16535,0.0004328126918703255,"Censo de Población y Vivienda 2020 (INEGI), cuestionario ampliado"
2020,alcaldia,008,La Magdalena Contreras,0211,Náhuatl,yuto-nahua,Total,920.0,239202.0,18672,0.000379196203406748,"Censo de Población y Vivienda 2020 (INEGI), cuestionario ampliado"
2020,alcaldia,010,Álvaro Obregón,0211,Náhuatl,yuto-nahua,Total,2857.0,733780.0,18347,0.000406678277268547,"Censo de Población y Vivienda 2020 (INEGI), cuestionario ampliado"
2020,alcaldia,005,Gustavo A. Madero,0211,Náhuatl,yuto-nahua,Total,4434.0,1129474.0,19015,0.000491788139900362,"Censo de Población y Vivienda 2020 (INEGI), cuestionario ampliado"
2020,alcaldia,002,Azcapotzalco,0211,Náhuatl,yuto-nahua,Total,1161.0,419963.0,16971,0.00029649473188143665,"Censo de Población y Vivienda 2020 (INEGI), cuestionario ampliado"
2020,alcaldia,003,Coyoacán,0211,Náhuatl,yuto-nahua,Total,1473.0,595624.0,16996,0.0002680221812907484,"Censo de Población y Vivienda 2020 (INEGI), cuestionario ampliado"
2020,alcaldia,007,Iztapalapa,0211,Náhuatl,yuto-nahua,Total,7197.0,1762381.0,21603,0.00045045749983427415,"Censo de Población y Vivienda 2020 (INEGI), cuestionario ampliado"
2020,alcaldia,012,Tlalpan,0211,Náhuatl,yuto-nahua,Total,3619.0,672504.0,22920,0.0007556592690986764,"Censo de Población y Vivienda 2020 (INEGI), cuestionario ampliado"
2020,alcaldia,009,Milpa Alta,0211,Náhuatl,yuto-nahua,Total,2002.0,146072.0,9003,0.001823764483356273,"Censo de Población y Vivienda 2020 (INEGI), cuestionario ampliado"
2020,alcaldia,011,Tláhuac,0211,Náhuatl,yuto-nahua,Total,2178.0,378695.0,22489,0.0004690768467760641,"Censo de Población y Vivienda 2020 (INEGI), cuestionario ampliado"
2020,alcaldia,014,Benito Juárez,0211,Náhuatl,yuto-nahua,Total,1770.0,422243.0,13154,0.00044090769676449114,"Censo de Población y Vivienda 2020 (INEGI), cuestionario ampliado"
2020,alcaldia,016,Miguel Hidalgo,0211,Náhuatl,yuto-nahua,Total,1784.0,399926.0,14658,0.0010999616801609944,"Censo de Población y Vivienda 2020 (INEGI), cuestionario ampliado"
2020,alcaldia,006,Iztacalco,0211,Náhuatl,yuto-nahua,Total,1213.0,390825.0,18428,0.00045843244210064525,"Censo de Población y Vivienda 2020 (INEGI), cuestionario ampliado"
2020,alcaldia,013,Xochimilco,0211,Náhuatl,yuto-nahua,Total,4550.0,424505.0,14542,0.0012713626011262064,"Censo de Población y Vivienda 2020 (INEGI), cuestionario ampliado"
2020,alcaldia,015,Cuauhtémoc,0211,Náhuatl,yuto-nahua,Total,1458.0,526954.0,12838,0.00032735248574343613,"Censo de Población y Vivienda 2020 (INEGI), cuestionario ampliado"
2020,alcaldia,004,Cuajimalpa de Morelos,0211,Náhuatl,yuto-nahua,Total,458.0,210248.0,11210,0.0006165034871805552,"Censo de Población y Vivienda 2020 (INEGI), cuestionario ampliado"
2020,alcaldia,017,Venustiano Carranza,0501,Otomí,oto-mangue,Total,849.0,430188.0,16535,0.0006786911972564272,"Censo de Población y Vivienda 2020 (INEGI), cuestionario ampliado"
2020,alcaldia,008,La Magdalena Contreras,0501,Otomí,oto-mangue,Total,204.0,239202.0,18672,7.739514100224276e-05,"Censo de Población y Vivienda 2020 (INEGI), cuestionario ampliado"
2020,alcaldia,010,Álvaro Obregón,0501,Otomí,oto-mangue,Total,1103.0,733780.0,18347,0.0002154475092002351,"Censo de Población y Vivienda 2020 (INEGI), cuestionario ampliado"
2020,alcaldia,005,Gustavo A. Madero,0501,Otomí,oto-mangue,Total,1703.0,1129474.0,19015,0.00010479333742551865,"Censo de Población y Vivienda 2020 (INEGI), cuestionario ampliado"
2020,alcaldia,002,Azcapotzalco,0501,Otomí,oto-mangue,Total,390.0,419963.0,16971,0.00011478658004439267,"Censo de Población y Vivienda 2020 (INEGI), cuestionario ampliado"
2020,alcaldia,003,Coyoacán,0501,Otomí,oto-mangue,Total,267.0,595624.0,16996,7.097604098738659e-05,"Censo de Población y Vivienda 2020 (INEGI), cuestionario ampliado"
2020,alcaldia,007,Iztapalapa,0501,Otomí,oto-mangue,Total,1811.0,1762381.0,21603,0.00013353577898164953,"Censo de Población y Vivienda 2020 (INEGI), cuestionario ampliado"
2020,alcaldia,012,Tlalpan,0501,Otomí,oto-mangue,Total,750.0,672504.0,22920,0.0001702789187051604,"Censo de Población y Vivienda 2020 (INEGI), cuestionario ampliado"
2020,alcaldia,009,Milpa Alta,0501,Otomí,oto-mangue,Total,428.0,146072.0,9003,0.0011492572058891604,"Censo de Población y Vivienda 2020 (INEGI), cuestionario ampliado"
2020,alcaldia,011,Tláhuac,0501,Otomí,oto-mangue,Total,1132.0,378695.0,22489,0.0007911596124104698,"Censo de Población y Vivienda 2020 (INEGI), cuestionario ampliado"
2020,alcaldia,014,Benito Juárez,0501,Otomí,oto-mangue,Total,403.0,422243.0,13154,6.81956561112672e-05,"Censo de Población y Vivienda 2020 (INEGI), cuestionario ampliado"
2020,alcaldia,016,Miguel Hidalgo,0501,Otomí,oto-mangue,Total,681.0,399926.0,14658,0.0008364438716631381,"Censo de Población y Vivienda 2020 (INEGI), cuestionario ampliado"
2020,alcaldia,006,Iztacalco,0501,Otomí,oto-mangue,Total,184.0,390825.0,18428,5.977605130361429e-05,"Censo de Población y Vivienda 2020 (INEGI), cuestionario ampliado"
2020,alcaldia,013,Xochimilco,0501,Otomí,oto-mangue,Total,1668.0,424505.0,14542,0.0005955134728680598,"Censo de Población y Vivienda 2020 (INEGI), cuestionario ampliado"
2020,alcaldia,015,Cuauhtémoc,0501,Otomí,oto-mangue,Total,5473.0,526954.0,12838,0.007881355074938024,"Censo de Población y Vivienda 2020 (INEGI), cuestionario ampliado"
2020,alcaldia,004,Cuajimalpa de Morelos,0501,Otomí,oto-mangue,Total,331.0,210248.0,11210,0.00035971666494142375,"Censo de Población y Vivienda 2020 (INEGI), cuestionario ampliado"
2020,alcaldia,017,Venustiano Carranza,0502,Mazahua,oto-mangue,Total,728.0,430188.0,16535,0.0006865475481593797,"Censo de Población y Vivienda 2020 (INEGI), cuestionario ampliado"
2020,alcaldia,008,La Magdalena Contreras,0502,Mazahua,oto-mangue,Total,133.0,239202.0,18672,0.00013115147090773458,"Censo de Población y Vivienda 2020 (INEGI), cuestionario ampliado"
2020,alcaldia,010,Álvaro Obregón,0502,Mazahua,oto-mangue,Total,849.0,733780.0,18347,0.0001347194862069971,"Censo de Población y Vivienda 2020 (INEGI), cuestionario ampliado"
2020,alcaldia,005,Gustavo A. Madero,0502,Mazahua,oto-mangue,Total,1209.0,1129474.0,19015,0.0002704388133810979,"Censo de Población y Vivienda 2020 (INEGI), cuestionario ampliado"
2020,alcaldia,002,Azcapotzalco,0502,Mazahua,oto-mangue,Total,199.0,419963.0,16971,3.191255449605801e-05,"Censo de Población y Vivienda 2020 (INEGI), cuestionario ampliado"
2020,alcaldia,003,Coyoacán,0502,Mazahua,oto-mangue,Total,430.0,595624.0,16996,0.00010945681524047593,"Censo de Población y Vivienda 2020 (INEGI), cuestionario ampliado"
2020,alcaldia,007,Iztapalapa,0502,Mazahua,oto-mangue,Total,2140.0,1762381.0,21603,0.0001519720299926494,"Censo de Población y Vivienda 2020 (INEGI), cuestionario ampliado"
2020,alcaldia,012,Tlalpan,0502,Mazahua,oto-mangue,Total,419.0,672504.0,22920,9.424407467375076e-05,"Censo de Población y Vivienda 2020 (INEGI), cuestionario ampliado"
2020,alcaldia,009,Milpa Alta,0502,Mazahua,oto-mangue,Total,260.0,146072.0,9003,0.0002615383049206536,"Censo de Población y Vivienda 2020 (INEGI), cuestionario ampliado"
2020,alcaldia,011,Tláhuac,0502,Mazahua,oto-mangue,Total,308.0,378695.0,22489,7.567598584315044e-05,"Censo de Población y Vivienda 2020 (INEGI), cuestionario ampliado"
2020,alcaldia,014,Benito Juárez,0502,Mazahua,oto-mangue,Total,356.0,422243.0,13154,0.00016402679333156917,"Censo de Población y Vivienda 2020 (INEGI), cuestionario ampliado"
2020,alcaldia,016,Miguel Hidalgo,0502,Mazahua,oto-mangue,Total,919.0,399926.0,14658,0.0009143017405922102,"Censo de Población y Vivienda 2020 (INEGI), cuestionario ampliado"
2020,alcaldia,006,Iztacalco,0502,Mazahua,oto-mangue,Total,285.0,390825.0,18428,0.00011496694049545305,"Censo de Población y Vivienda 2020 (INEGI), cuestionario ampliado"
2020,alcaldia,013,Xochimilco,0502,Mazahua,oto-mangue,Total,173.0,424505.0,14542,7.484017482224676e-05,"Censo de Población y Vivienda 2020 (INEGI), cuestionario ampliado"
2020,alcaldia,015,Cuauhtémoc,0502,Mazahua,oto-mangue,Total,2036.0,526954.0,12838,0.0009245229308703286,"Censo de Población y Vivienda 2020 (INEGI), cuestionario ampliado"
2020,alcaldia,004,Cuajimalpa de Morelos,0502,Mazahua,oto-mangue,Total,237.0,210248.0,11210,0.00023440197270601737,"Censo de Población y Vivienda 2020 (INEGI), cuestionario ampliado"
2020,alcaldia,002,Azcapotzalco,0503,Matlatzinca,oto-mangue,Total,26.0,419963.0,16971,,"Censo de Población y Vivienda 2020 (INEGI), cuestionario ampliado"
2020,alcaldia,011,Tláhuac,0503,Matlatzinca,oto-mangue,Total,49.0,378695.0,22489,,"Censo de Población y Vivienda 2020 (INEGI), cuestionario ampliado"
2020,alcaldia,016,Miguel Hidalgo,0503,Matlatzinca,oto-mangue,Total,23.0,399926.0,14658,,"Censo de Población y Vivienda 2020 (INEGI), cuestionario ampliado"
2020,alcaldia,013,Xochimilco,0503,Matlatzinca,oto-mangue,Total,62.0,424505.0,14542,,"Censo de Población y Vivienda 2020 (INEGI), cuestionario ampliado"
2020,alcaldia,017,Venustiano Carranza,0507,Chinanteco,oto-mangue,Total,373.0,430188.0,16535,0.0003521078340883595,"Censo de Población y Vivienda 2020 (INEGI), cuestionario ampliado"
2020,alcaldia,008,La Magdalena Contreras,0507,Chinanteco,oto-mangue,Total,43.0,239202.0,18672,6.07315826636352e-06,"Censo de Población y Vivienda 2020 (INEGI), cuestionario ampliado"
2020,alcaldia,010,Álvaro Obregón,0507,Chinanteco,oto-mangue,Total,497.0,733780.0,18347,0.0001426980920619228,"Censo de Población y Vivienda 2020 (INEGI), cuestionario ampliado"
2020,alcaldia,005,Gustavo A. Madero,0507,Chinanteco,oto-mangue,Total,116.0,1129474.0,19015,1.371219101758331e-07,"Censo de Población y Vivienda 2020 (INEGI), cuestionario ampliado"
2020,alcaldia,002,Azcapotzalco,0507,Chinanteco,oto-mangue,Total,76.0,419963.0,16971,9.923763354493846e-06,"Censo de Población y Vivienda 2020 (INEGI), cuestionario ampliado"
2020,alcaldia,003,Coyoacán,0507,Chinanteco,oto-mangue,Total,666.0,595624.0,16996,0.0007222707650049155,"Censo de Población y Vivienda 2020 (INEGI), cuestionario ampliado"
2020,alcaldia,007,Iztapalapa,0507,Chinanteco,oto-mangue,Total,1053.0,1762381.0,21603,0.00012920511566171487,"Censo de Población y Vivienda 2020 (INEGI), cuestionario ampliado"
2020,alcaldia,012,Tlalpan,0507,Chinanteco,oto-mangue,Total,93.0,672504.0,22920,2.704133053370749e-05,"Censo de Población y Vivienda 2020 (INEGI), cuestionario ampliado"
2020,alcaldia,009,Milpa Alta,0507,Chinanteco,oto-mangue,Total,89.0,146072.0,9003,5.376866983953049e-05,"Censo de Población y Vivienda 2020 (INEGI), cuestionario ampliado"
2020,alcaldia,011,Tláhuac,0507,Chinanteco,oto-mangue,Total,533.0,378695.0,22489,0.0003972221995287056,"Censo de Población y Vivienda 2020 (INEGI), cuestionario ampliado"
2020,alcaldia,014,Benito Juárez,0507,Chinanteco,oto-mangue,Total,100.0,422243.0,13154,2.184796610390827e-05,"Censo de Población y Vivienda 2020 (INEGI), cuestionario ampliado"
2020,alcaldia,016,Miguel Hidalgo,0507,Chinanteco,oto-mangue,Total,38.0,399926.0,14658,,"Censo de Población y Vivienda 2020 (INEGI), cuestionario ampliado"
2020,alcaldia,006,Iztacalco,0507,Chinanteco,oto-mangue,Total,40.0,390825.0,18428,,"Censo de Población y Vivienda 2020 (INEGI), cuestionario ampliado"
2020,alcaldia,013,Xochimilco,0507,Chinanteco,oto-mangue,Total,134.0,424505.0,14542,5.327710515674869e-06,"Censo de Población y Vivienda 2020 (INEGI), cuestionario ampliado"
2020,alcaldia,015,Cuauhtémoc,0507,Chinanteco,oto-mangue,Total,137.0,526954.0,12838,1.8421029691917814e-05,"Censo de Población y Vivienda 2020 (INEGI), cuestionario ampliado"
2020,alcaldia,004,Cuajimalpa de Morelos,0507,Chinanteco,oto-mangue,Total,236.0,210248.0,11210,5.276039076469109e-05,"Censo de Población y Vivienda 2020 (INEGI), cuestionario ampliado"
2020,alcaldia,008,La Magdalena Contreras,0508,Tlapaneco,oto-mangue,Total,41.0,239202.0,18672,1.7715873140603468e-05,"Censo de Población y Vivienda 2020 (INEGI), cuestionario ampliado"
2020,alcaldia,010,Álvaro Obregón,0508,Tlapaneco,oto-mangue,Total,394.0,733780.0,18347,0.00036404581759297055,"Censo de Población y Vivienda 2020 (INEGI), cuestionario ampliado"
2020,alcaldia,005,Gustavo A. Madero,0508,Tlapaneco,oto-mangue,Total,174.0,1129474.0,19015,,"Censo de Población y Vivienda 2020 (INEGI), cuestionario ampliado"
2020,alcaldia,002,Azcapotzalco,0508,Tlapaneco,oto-mangue,Total,188.0,419963.0,16971,9.942506142004507e-05,"Censo de Población y Vivienda 2020 (INEGI), cuestionario ampliado"
2020,alcaldia,003,Coyoacán,0508,Tlapaneco,oto-mangue,Total,205.0,595624.0,16996,0.0002075722176412076,"Censo de Población y Vivienda 2020 (INEGI), cuestionario ampliado"
2020,alcaldia,007,Iztapalapa,0508,Tlapaneco,oto-mangue,Total,579.0,1762381.0,21603,0.0001923368052762619,"Censo de Población y Vivienda 2020 (INEGI), cuestionario ampliado"
2020,alcaldia,012,Tlalpan,0508,Tlapaneco,oto-mangue,Total,105.0,672504.0,22920,6.384950233116039e-06,"Censo de Población y Vivienda 2020 (INEGI), cuestionario ampliado"
2020,alcaldia,009,Milpa Alta,0508,Tlapaneco,oto-mangue,Total,118.0,146072.0,9003,0.00019034898227609628,"Censo de Población y Vivienda 2020 (INEGI), cuestionario ampliado"
2020,alcaldia,011,Tláhuac,0508,Tlapaneco,oto-mangue,Total,100.0,378695.0,22489,6.245360908196331e-06,"Censo de Población y Vivienda 2020 (INEGI), cuestionario ampliado"
2020,alcaldia,013,Xochimilco,0508,Tlapaneco,oto-mangue,Total,31.0,424505.0,14542,,"Censo de Población y Vivienda 2020 (INEGI), cuestionario ampliado"
2020,alcaldia,015,Cuauhtémoc,0508,Tlapaneco,oto-mangue,Total,88.0,526954.0,12838,,"Censo de Población y Vivienda 2020 (INEGI), cuestionario ampliado"
2020,alcaldia,004,Cuajimalpa de Morelos,0508,Tlapaneco,oto-mangue,Total,5.0,210248.0,11210,,"Censo de Población y Vivienda 2020 (INEGI), cuestionario ampliado"
2020,alcaldia,017,Venustiano Carranza,0509,Mazateco,oto-mangue,Total,774.0,430188.0,16535,0.00032384518513790356,"Censo de Población y Vivienda 2020 (INEGI), cuestionario ampliado"
2020,alcaldia,008,La Magdalena Contreras,0509,Mazateco,oto-mangue,Total,192.0,239202.0,18672,8.408414511706548e-05,"Censo de Población y Vivienda 2020 (INEGI), cuestionario ampliado"
2020,alcaldia,010,Álvaro Obregón,0509,Mazateco,oto-mangue,Total,1413.0,733780.0,18347,0.0008223358995401111,"Censo de Población y Vivienda 2020 (INEGI), cuestionario ampliado"
2020,alcaldia,005,Gustavo A. Madero,0509,Mazateco,oto-mangue,Total,1503.0,1129474.0,19015,0.0002524178771235922,"Censo de Población y Vivienda 2020 (INEGI), cuestionario ampliado"
2020,alcaldia,002,Azcapotzalco,0509,Mazateco,oto-mangue,Total,72.0,419963.0,16971,2.326460960608963e-06,"Censo de Población y Vivienda 2020 (INEGI), cuestionario ampliado"
2020,alcaldia,003,Coyoacán,0509,Mazateco,oto-mangue,Total,809.0,595624.0,16996,0.00045115981892135886,"Censo de Población y Vivienda 2020 (INEGI), cuestionario ampliado"
2020,alcaldia,007,Iztapalapa,0509,Mazateco,oto-mangue,Total,4186.0,1762381.0,21603,0.00029848824189073516,"Censo de Población y Vivienda 2020 (INEGI), cuestionario ampliado"
2020,alcaldia,012,Tlalpan,0509,Mazateco,oto-mangue,Total,1207.0,672504.0,22920,0.00031498417471766257,"Censo de Población y Vivienda 2020 (INEGI), cuestionario ampliado"
2020,alcaldia,009,Milpa Alta,0509,Mazateco,oto-mangue,Total,393.0,146072.0,9003,0.00031540100697122013,"Censo de Población y Vivienda 2020 (INEGI), cuestionario ampliado"
2020,alcaldia,011,Tláhuac,0509,Mazateco,oto-mangue,Total,773.0,378695.0,22489,0.000559224725039032,"Censo de Población y Vivienda 2020 (INEGI), cuestionario ampliado"
2020,alcaldia,014,Benito Juárez,0509,Mazateco,oto-mangue,Total,269.0,422243.0,13154,0.0002469500361397775,"Censo de Población y Vivienda 2020 (INEGI), cuestionario ampliado"
2020,alcaldia,016,Miguel Hidalgo,0509,Mazateco,oto-mangue,Total,628.0,399926.0,14658,0.000613094829529019,"Censo de Población y Vivienda 2020 (INEGI), cuestionario ampliado"
2020,alcaldia,006,Iztacalco,0509,Mazateco,oto-mangue,Total,1411.0,390825.0,18428,0.0011204597768297267,"Censo de Población y Vivienda 2020 (INEGI), cuestionario ampliado"
2020,alcaldia,013,Xochimilco,0509,Mazateco,oto-mangue,Total,1770.0,424505.0,14542,0.0009397957450013331,"Censo de Población y Vivienda 2020 (INEGI), cuestionario ampliado"
2020,alcaldia,015,Cuauhtémoc,0509,Mazateco,oto-mangue,Total,1021.0,526954.0,12838,0.0004563405070470633,"Censo de Población y Vivienda 2020 (INEGI), cuestionario ampliado"
2020,alcaldia,004,Cuajimalpa de Morelos,0509,Mazateco,oto-mangue,Total,69.0,210248.0,11210,1.4715562732827591e-05,"Censo de Población y Vivienda 2020 (INEGI), cuestionario ampliado"
2020,alcaldia,003,Coyoacán,0511,Chocholteco,oto-mangue,Total,32.0,595624.0,16996,,"Censo de Población y Vivienda 2020 (INEGI), cuestionario ampliado"
2020,alcaldia,012,Tlalpan,0511,Chocholteco,oto-mangue,Total,41.0,672504.0,22920,,"Censo de Población y Vivienda 2020 (INEGI), cuestionario ampliado"
2020,alcaldia,010,Álvaro Obregón,0512,Popoloca,oto-mangue,Total,73.0,733780.0,18347,,"Censo de Población y Vivienda 2020 (INEGI), cuestionario ampliado"
2020,alcaldia,005,Gustavo A. Madero,0512,Popoloca,oto-mangue,Total,58.0,1129474.0,19015,,"Censo de Población y Vivienda 2020 (INEGI), cuestionario ampliado"
2020,alcaldia,007,Iztapalapa,0512,Popoloca,oto-mangue,Total,79.0,1762381.0,21603,,"Censo de Población y Vivienda 2020 (INEGI), cuestionario ampliado"
2020,alcaldia,009,Milpa Alta,0512,Popoloca,oto-mangue,Total,183.0,146072.0,9003,,"Censo de Población y Vivienda 2020 (INEGI), cuestionario ampliado"
2020,alcaldia,011,Tláhuac,0512,Popoloca,oto-mangue,Total,95.0,378695.0,22489,8.293332433204882e-05,"Censo de Población y Vivienda 2020 (INEGI), cuestionario ampliado"
2020,alcaldia,015,Cuauhtémoc,0512,Popoloca,oto-mangue,Total,153.0,526954.0,12838,,"Censo de Población y Vivienda 2020 (INEGI), cuestionario ampliado"
2020,alcaldia,004,Cuajimalpa de Morelos,0512,Popoloca,oto-mangue,Total,4.0,210248.0,11210,,"Censo de Población y Vivienda 2020 (INEGI), cuestionario ampliado"
2020,alcaldia,017,Venustiano Carranza,0513,Zapoteco,oto-mangue,Total,535.0,430188.0,16535,0.0005317038585538249,"Censo de Población y Vivienda 2020 (INEGI), cuestionario ampliado"
2020,alcaldia,008,La Magdalena Contreras,0513,Zapoteco,oto-mangue,Total,318.0,239202.0,18672,0.00018225983834302398,"Censo de Población y Vivienda 2020 (INEGI), cuestionario ampliado"
2020,alcaldia,010,Álvaro Obregón,0513,Zapoteco,oto-mangue,Total,891.0,733780.0,18347,0.0003908200582814032,"Censo de Población y Vivienda 2020 (INEGI), cuestionario ampliado"
2020,alcaldia,005,Gustavo A. Madero,0513,Zapoteco,oto-mangue,Total,1570.0,1129474.0,19015,0.00029676131905654734,"Censo de Población y Vivienda 2020 (INEGI), cuestionario ampliado"
2020,alcaldia,002,Azcapotzalco,0513,Zapoteco,oto-mangue,Total,575.0,419963.0,16971,0.00017853935842706802,"Censo de Población y Vivienda 2020 (INEGI), cuestionario ampliado"
2020,alcaldia,003,Coyoacán,0513,Zapoteco,oto-mangue,Total,749.0,595624.0,16996,9.355155862380098e-05,"Censo de Población y Vivienda 2020 (INEGI), cuestionario ampliado"
2020,alcaldia,007,Iztapalapa,0513,Zapoteco,oto-mangue,Total,1811.0,1762381.0,21603,0.00013269988239419394,"Censo de Población y Vivienda 2020 (INEGI), cuestionario ampliado"
2020,alcaldia,012,Tlalpan,0513,Zapoteco,oto-mangue,Total,810.0,672504.0,22920,0.00015264544440969234,"Censo de Población y Vivienda 2020 (INEGI), cuestionario ampliado"
2020,alcaldia,009,Milpa Alta,0513,Zapoteco,oto-mangue,Total,109.0,146072.0,9003,8.103705464754168e-05,"Censo de Población y Vivienda 2020 (INEGI), cuestionario ampliado"
2020,alcaldia,011,Tláhuac,0513,Zapoteco,oto-mangue,Total,531.0,378695.0,22489,0.00026162074856241296,"Censo de Población y Vivienda 2020 (INEGI), cuestionario ampliado"
2020,alcaldia,014,Benito Juárez,0513,Zapoteco,oto-mangue,Total,788.0,422243.0,13154,0.0002466345086650422,"Censo de Población y Vivienda 2020 (INEGI), cuestionario ampliado"
2020,alcaldia,016,Miguel Hidalgo,0513,Zapoteco,oto-mangue,Total,511.0,399926.0,14658,0.00028421062578909656,"Censo de Población y Vivienda 2020 (INEGI), cuestionario ampliado"
2020,alcaldia,006,Iztacalco,0513,Zapoteco,oto-mangue,Total,1262.0,390825.0,18428,0.0013045161617897135,"Censo de Población y Vivienda 2020 (INEGI), cuestionario ampliado"
2020,alcaldia,013,Xochimilco,0513,Zapoteco,oto-mangue,Total,256.0,424505.0,14542,9.933474311690984e-05,"Censo de Población y Vivienda 2020 (INEGI), cuestionario ampliado"
2020,alcaldia,015,Cuauhtémoc,0513,Zapoteco,oto-mangue,Total,989.0,526954.0,12838,0.00029093836374003844,"Censo de Población y Vivienda 2020 (INEGI), cuestionario ampliado"
2020,alcaldia,004,Cuajimalpa de Morelos,0513,Zapoteco,oto-mangue,Total,117.0,210248.0,11210,5.8570409239426794e-05,"Censo de Población y Vivienda 2020 (INEGI), cuestionario ampliado"
2020,alcaldia,010,Álvaro Obregón,0515,Amuzgo,oto-mangue,Total,45.0,733780.0,18347,,"Censo de Población y Vivienda 2020 (INEGI), cuestionario ampliado"
2020,alcaldia,011,Tláhuac,0515,Amuzgo,oto-mangue,Total,74.0,378695.0,22489,,"Censo de Población y Vivienda 2020 (INEGI), cuestionario ampliado"
2020,alcaldia,014,Benito Juárez,0515,Amuzgo,oto-mangue,Total,34.0,422243.0,13154,,"Censo de Población y Vivienda 2020 (INEGI), cuestionario ampliado"
2020,alcaldia,016,Miguel Hidalgo,0515,Amuzgo,oto-mangue,Total,48.0,399926.0,14658,,"Censo de Población y Vivienda 2020 (INEGI), cuestionario ampliado"
2020,alcaldia,017,Venustiano Carranza,0516,Mixteco,oto-mangue,Total,626.0,430188.0,16535,0.0008688889677760074,"Censo de Población y Vivienda 2020 (INEGI), cuestionario ampliado"
2020,alcaldia,008,La Magdalena Contreras,0516,Mixteco,oto-mangue,Total,202.0,239202.0,18672,0.00014602223235155154,"Censo de Población y Vivienda 2020 (INEGI), cuestionario ampliado"
2020,alcaldia,010,Álvaro Obregón,0516,Mixteco,oto-mangue,Total,942.0,733780.0,18347,0.0003265036141434264,"Censo de Población y Vivienda 2020 (INEGI), cuestionario ampliado"
2020,alcaldia,005,Gustavo A. Madero,0516,Mixteco,oto-mangue,Total,1495.0,1129474.0,19015,0.0003668193559445596,"Censo de Población y Vivienda 2020 (INEGI), cuestionario ampliado"
2020,alcaldia,002,Azcapotzalco,0516,Mixteco,oto-mangue,Total,257.0,419963.0,16971,7.234675700147653e-05,"Censo de Población y Vivienda 2020 (INEGI), cuestionario ampliado"
2020,alcaldia,003,Coyoacán,0516,Mixteco,oto-mangue,Total,586.0,595624.0,16996,0.0003447721276974114,"Censo de Población y Vivienda 2020 (INEGI), cuestionario ampliado"
2020,alcaldia,007,Iztapalapa,0516,Mixteco,oto-mangue,Total,6213.0,1762381.0,21603,0.0004367811682920667,"Censo de Población y Vivienda 2020 (INEGI), cuestionario ampliado"
2020,alcaldia,012,Tlalpan,0516,Mixteco,oto-mangue,Total,1711.0,672504.0,22920,0.0003647937677004056,"Censo de Población y Vivienda 2020 (INEGI), cuestionario ampliado"
2020,alcaldia,009,Milpa Alta,0516,Mixteco,oto-mangue,Total,377.0,146072.0,9003,0.0003783426701985783,"Censo de Población y Vivienda 2020 (INEGI), cuestionario ampliado"
2020,alcaldia,011,Tláhuac,0516,Mixteco,oto-mangue,Total,832.0,378695.0,22489,0.0005597627902218473,"Censo de Población y Vivienda 2020 (INEGI), cuestionario ampliado"
2020,alcaldia,014,Benito Juárez,0516,Mixteco,oto-mangue,Total,452.0,422243.0,13154,0.00016571916065313336,"Censo de Población y Vivienda 2020 (INEGI), cuestionario ampliado"
2020,alcaldia,016,Miguel Hidalgo,0516,Mixteco,oto-mangue,Total,264.0,399926.0,14658,0.0003983247583217246,"Censo de Población y Vivienda 2020 (INEGI), cuestionario ampliado"
2020,alcaldia,006,Iztacalco,0516,Mixteco,oto-mangue,Total,759.0,390825.0,18428,0.0003449552769597625,"Censo de Población y Vivienda 2020 (INEGI), cuestionario ampliado"
2020,alcaldia,013,Xochimilco,0516,Mixteco,oto-mangue,Total,610.0,424505.0,14542,0.0003056684130595959,"Censo de Población y Vivienda 2020 (INEGI), cuestionario ampliado"
2020,alcaldia,015,Cuauhtémoc,0516,Mixteco,oto-mangue,Total,240.0,526954.0,12838,1.262982003188497e-05,"Censo de Población y Vivienda 2020 (INEGI), cuestionario ampliado"
2020,alcaldia,004,Cuajimalpa de Morelos,0516,Mixteco,oto-mangue,Total,718.0,210248.0,11210,0.00168265038734863,"Censo de Población y Vivienda 2020 (INEGI), cuestionario ampliado"
2020,alcaldia,008,La Magdalena Contreras,0517,Cuicateco,oto-mangue,Total,28.0,239202.0,18672,,"Censo de Población y Vivienda 2020 (INEGI), cuestionario ampliado"
2020,alcaldia,010,Álvaro Obregón,0517,Cuicateco,oto-mangue,Total,74.0,733780.0,18347,1.5814741299245941e-06,"Censo de Población y Vivienda 2020 (INEGI), cuestionario ampliado"
2020,alcaldia,012,Tlalpan,0517,Cuicateco,oto-mangue,Total,13.0,672504.0,22920,,"Censo de Población y Vivienda 2020 (INEGI), cuestionario ampliado"
2020,alcaldia,006,Iztacalco,0517,Cuicateco,oto-mangue,Total,50.0,390825.0,18428,,"Censo de Población y Vivienda 2020 (INEGI), cuestionario ampliado"
2020,alcaldia,010,Álvaro Obregón,0518,Triqui,oto-mangue,Total,38.0,733780.0,18347,,"Censo de Población y Vivienda 2020 (INEGI), cuestionario ampliado"
2020,alcaldia,012,Tlalpan,0518,Triqui,oto-mangue,Total,12.0,672504.0,22920,,"Censo de Población y Vivienda 2020 (INEGI), cuestionario ampliado"
2020,alcaldia,011,Tláhuac,0518,Triqui,oto-mangue,Total,22.0,378695.0,22489,,"Censo de Población y Vivienda 2020 (INEGI), cuestionario ampliado"
2020,alcaldia,016,Miguel Hidalgo,0518,Triqui,oto-mangue,Total,47.0,399926.0,14658,9.959184557433215e-06,"Censo de Población y Vivienda 2020 (INEGI), cuestionario ampliado"
2020,alcaldia,006,Iztacalco,0518,Triqui,oto-mangue,Total,1540.0,390825.0,18428,,"Censo de Población y Vivienda 2020 (INEGI), cuestionario ampliado"
2020,alcaldia,015,Cuauhtémoc,0518,Triqui,oto-mangue,Total,38.0,526954.0,12838,,"Censo de Población y Vivienda 2020 (INEGI), cuestionario ampliado"
2020,alcaldia,008,La Magdalena Contreras,0601,Huasteco,maya,Total,26.0,239202.0,18672,1.8135330002666506e-06,"Censo de Población y Vivienda 2020 (INEGI), cuestionario ampliado"
2020,alcaldia,005,Gustavo A. Madero,0601,Huasteco,maya,Total,118.0,1129474.0,19015,,"Censo de Población y Vivienda 2020 (INEGI), cuestionario ampliado"
2020,alcaldia,002,Azcapotzalco,0601,Huasteco,maya,Total,24.0,419963.0,16971,,"Censo de Población y Vivienda 2020 (INEGI), cuestionario ampliado"
2020,alcaldia,003,Coyoacán,0601,Huasteco,maya,Total,36.0,595624.0,16996,,"Censo de Población y Vivienda 2020 (INEGI), cuestionario ampliado"
2020,alcaldia,007,Iztapalapa,0601,Huasteco,maya,Total,319.0,1762381.0,21603,2.8592306910263683e-06,"Censo de Población y Vivienda 2020 (INEGI), cuestionario ampliado"
2020,alcaldia,012,Tlalpan,0601,Huasteco,maya,Total,23.0,672504.0,22920,1.8677352751993108e-06,"Censo de Población y Vivienda 2020 (INEGI), cuestionario ampliado"
2020,alcaldia,014,Benito Juárez,0601,Huasteco,maya,Total,35.0,422243.0,13154,,"Censo de Población y Vivienda 2020 (INEGI), cuestionario ampliado"
2020,alcaldia,006,Iztacalco,0601,Huasteco,maya,Total,95.0,390825.0,18428,4.8166057586588444e-05,"Censo de Población y Vivienda 2020 (INEGI), cuestionario ampliado"
2020,alcaldia,013,Xochimilco,0601,Huasteco,maya,Total,40.0,424505.0,14542,,"Censo de Población y Vivienda 2020 (INEGI), cuestionario ampliado"
2020,alcaldia,004,Cuajimalpa de Morelos,0601,Huasteco,maya,Total,4.0,210248.0,11210,,"Censo de Población y Vivienda 2020 (INEGI), cuestionario ampliado"
2020,alcaldia,017,Venustiano Carranza,0602,Maya,maya,Total,77.0,430188.0,16535,3.7799871981032243e-06,"Censo de Población y Vivienda 2020 (INEGI), cuestionario ampliado"
2020,alcaldia,010,Álvaro Obregón,0602,Maya,maya,Total,48.0,733780.0,18347,,"Censo de Población y Vivienda 2020 (INEGI), cuestionario ampliado"
2020,alcaldia,005,Gustavo A. Madero,0602,Maya,maya,Total,58.0,1129474.0,19015,,"Censo de Población y Vivienda 2020 (INEGI), cuestionario ampliado"
2020,alcaldia,002,Azcapotzalco,0602,Maya,maya,Total,48.0,419963.0,16971,1.6721313353332587e-06,"Censo de Población y Vivienda 2020 (INEGI), cuestionario ampliado"
2020,alcaldia,003,Coyoacán,0602,Maya,maya,Total,99.0,595624.0,16996,5.713596837411564e-06,"Censo de Población y Vivienda 2020 (INEGI), cuestionario ampliado"
2020,alcaldia,007,Iztapalapa,0602,Maya,maya,Total,237.0,1762381.0,21603,1.2359237858086423e-06,"Censo de Población y Vivienda 2020 (INEGI), cuestionario ampliado"
2020,alcaldia,012,Tlalpan,0602,Maya,maya,Total,131.0,672504.0,22920,1.5071844433760525e-05,"Censo de Población y Vivienda 2020 (INEGI), cuestionario ampliado"
2020,alcaldia,011,Tláhuac,0602,Maya,maya,Total,71.0,378695.0,22489,2.1829874332071344e-05,"Censo de Población y Vivienda 2020 (INEGI), cuestionario ampliado"
2020,alcaldia,014,Benito Juárez,0602,Maya,maya,Total,353.0,422243.0,13154,0.00012262550031415966,"Censo de Población y Vivienda 2020 (INEGI), cuestionario ampliado"
2020,alcaldia,016,Miguel Hidalgo,0602,Maya,maya,Total,216.0,399926.0,14658,0.000151306550379488,"Censo de Población y Vivienda 2020 (INEGI), cuestionario ampliado"
2020,alcaldia,006,Iztacalco,0602,Maya,maya,Total,42.0,390825.0,18428,4.179183765876006e-06,"Censo de Población y Vivienda 2020 (INEGI), cuestionario ampliado"
2020,alcaldia,013,Xochimilco,0602,Maya,maya,Total,20.0,424505.0,14542,,"Censo de Población y Vivienda 2020 (INEGI), cuestionario ampliado"
2020,alcaldia,015,Cuauhtémoc,0602,Maya,maya,Total,40.0,526954.0,12838,,"Censo de Población y Vivienda 2020 (INEGI), cuestionario ampliado"
2020,alcaldia,004,Cuajimalpa de Morelos,0602,Maya,maya,Total,24.0,210248.0,11210,,"Censo de Población y Vivienda 2020 (INEGI), cuestionario ampliado"
2020,alcaldia,008,La Magdalena Contreras,0604,Ch'ol,maya,Total,25.0,239202.0,18672,3.0353773961344774e-06,"Censo de Población y Vivienda 2020 (INEGI), cuestionario ampliado"
2020,alcaldia,007,Iztapalapa,0604,Ch'ol,maya,Total,402.0,1762381.0,21603,0.00012194266547486179,"Censo de Población y Vivienda 2020 (INEGI), cuestionario ampliado"
2020,alcaldia,011,Tláhuac,0604,Ch'ol,maya,Total,22.0,378695.0,22489,,"Censo de Población y Vivienda 2020 (INEGI), cuestionario ampliado"
2020,alcaldia,013,Xochimilco,0604,Ch'ol,maya,Total,62.0,424505.0,14542,,"Censo de Población y Vivienda 2020 (INEGI), cuestionario ampliado"
2020,alcaldia,017,Venustiano Carranza,0606,Tseltal,maya,Total,26.0,430188.0,16535,,"Censo de Población y Vivienda 2020 (INEGI), cuestionario ampliado"
2020,alcaldia,008,La Magdalena Contreras,0606,Tseltal,maya,Total,40.0,239202.0,18672,7.441456159169075e-06,"Censo de Población y Vivienda 2020 (INEGI), cuestionario ampliado"
2020,alcaldia,002,Azcapotzalco,0606,Tseltal,maya,Total,25.0,419963.0,16971,,"Censo de Población y Vivienda 2020 (INEGI), cuestionario ampliado"
2020,alcaldia,007,Iztapalapa,0606,Tseltal,maya,Total,395.0,1762381.0,21603,9.140187584013872e-05,"Censo de Población y Vivienda 2020 (INEGI), cuestionario ampliado"
2020,alcaldia,012,Tlalpan,0606,Tseltal,maya,Total,75.0,672504.0,22920,8.938410273372941e-08,"Censo de Población y Vivienda 2020 (INEGI), cuestionario ampliado"
2020,alcaldia,009,Milpa Alta,0606,Tseltal,maya,Total,11.0,146072.0,9003,,"Censo de Población y Vivienda 2020 (INEGI), cuestionario ampliado"
2020,alcaldia,011,Tláhuac,0606,Tseltal,maya,Total,10.0,378695.0,22489,,"Censo de Población y Vivienda 2020 (INEGI), cuestionario ampliado"
2020,alcaldia,014,Benito Juárez,0606,Tseltal,maya,Total,188.0,422243.0,13154,8.982812593589253e-05,"Censo de Población y Vivienda 2020 (INEGI), cuestionario ampliado"
2020,alcaldia,016,Miguel Hidalgo,0606,Tseltal,maya,Total,93.0,399926.0,14658,3.6121819732325024e-05,"Censo de Población y Vivienda 2020 (INEGI), cuestionario ampliado"
2020,alcaldia,006,Iztacalco,0606,Tseltal,maya,Total,547.0,390825.0,18428,0.0005027043326195572,"Censo de Población y Vivienda 2020 (INEGI), cuestionario ampliado"
2020,alcaldia,015,Cuauhtémoc,0606,Tseltal,maya,Total,1022.0,526954.0,12838,0.001782289534649198,"Censo de Población y Vivienda 2020 (INEGI), cuestionario ampliado"
2020,alcaldia,004,Cuajimalpa de Morelos,0606,Tseltal,maya,Total,50.0,210248.0,11210,,"Censo de Población y Vivienda 2020 (INEGI), cuestionario ampliado"
2020,alcaldia,017,Venustiano Carranza,0607,Tsotsil,maya,Total,53.0,430188.0,16535,1.2898345806219568e-06,"Censo de Población y Vivienda 2020 (INEGI), cuestionario ampliado"
2020,alcaldia,008,La Magdalena Contreras,0607,Tsotsil,maya,Total,14.0,239202.0,18672,,"Censo de Población y Vivienda 2020 (INEGI), cuestionario ampliado"
2020,alcaldia,010,Álvaro Obregón,0607,Tsotsil,maya,Total,196.0,733780.0,18347,,"Censo de Población y Vivienda 2020 (INEGI), cuestionario ampliado"
2020,alcaldia,003,Coyoacán,0607,Tsotsil,maya,Total,69.0,595624.0,16996,1.0862678003405764e-05,"Censo de Población y Vivienda 2020 (INEGI), cuestionario ampliado"
2020,alcaldia,012,Tlalpan,0607,Tsotsil,maya,Total,77.0,672504.0,22920,,"Censo de Población y Vivienda 2020 (INEGI), cuestionario ampliado"
2020,alcaldia,011,Tláhuac,0607,Tsotsil,maya,Total,46.0,378695.0,22489,8.262748771231878e-07,"Censo de Población y Vivienda 2020 (INEGI), cuestionario ampliado"
2020,alcaldia,014,Benito Juárez,0607,Tsotsil,maya,Total,32.0,422243.0,13154,,"Censo de Población y Vivienda 2020 (INEGI), cuestionario ampliado"
2020,alcaldia,016,Miguel Hidalgo,0607,Tsotsil,maya,Total,26.0,399926.0,14658,,"Censo de Población y Vivienda 2020 (INEGI), cuestionario ampliado"
2020,alcaldia,015,Cuauhtémoc,0607,Tsotsil,maya,Total,119.0,526954.0,12838,2.931431525995665e-06,"Censo de Población y Vivienda 2020 (INEGI), cuestionario ampliado"
2020,alcaldia,004,Cuajimalpa de Morelos,0607,Tsotsil,maya,Total,28.0,210248.0,11210,2.241595861857475e-06,"Censo de Población y Vivienda 2020 (INEGI), cuestionario ampliado"
2020,alcaldia,005,Gustavo A. Madero,0608,Q'anjob'al,maya,Total,58.0,1129474.0,19015,,"Censo de Población y Vivienda 2020 (INEGI), cuestionario ampliado"
2020,alcaldia,002,Azcapotzalco,0610,Jakalteko,maya,Total,24.0,419963.0,16971,,"Censo de Población y Vivienda 2020 (INEGI), cuestionario ampliado"
2020,alcaldia,010,Álvaro Obregón,0612,Chuj,maya,Total,38.0,733780.0,18347,,"Censo de Población y Vivienda 2020 (INEGI), cuestionario ampliado"
2020,alcaldia,009,Milpa Alta,0612,Chuj,maya,Total,12.0,146072.0,9003,,"Censo de Población y Vivienda 2020 (INEGI), cuestionario ampliado"
2020,alcaldia,012,Tlalpan,0613,Tojolabal,maya,Total,40.0,672504.0,22920,,"Censo de Población y Vivienda 2020 (INEGI), cuestionario ampliado"
2020,alcaldia,013,Xochimilco,0613,Tojolabal,maya,Total,62.0,424505.0,14542,2.666415174236702e-07,"Censo de Población y Vivienda 2020 (INEGI), cuestionario ampliado"
2020,alcaldia,015,Cuauhtémoc,0615,K'iche',maya,Total,38.0,526954.0,12838,,"Censo de Población y Vivienda 2020 (INEGI), cuestionario ampliado"
2020,alcaldia,015,Cuauhtémoc,0618,Mam,maya,Total,39.0,526954.0,12838,,"Censo de Población y Vivienda 2020 (INEGI), cuestionario ampliado"
2020,alcaldia,017,Venustiano Carranza,0701,Totonaco,totonaco-tepehua,Total,425.0,430188.0,16535,0.0002815614068202178,"Censo de Población y Vivienda 2020 (INEGI), cuestionario ampliado"
2020,alcaldia,008,La Magdalena Contreras,0701,Totonaco,totonaco-tepehua,Total,249.0,239202.0,18672,0.00023120784776679563,"Censo de Población y Vivienda 2020 (INEGI), cuestionario ampliado"
2020,alcaldia,010,Álvaro Obregón,0701,Totonaco,totonaco-tepehua,Total,199.0,733780.0,18347,6.026708384574455e-05,"Censo de Población y Vivienda 2020 (INEGI), cuestionario ampliado"
2020,alcaldia,005,Gustavo A. Madero,0701,Totonaco,totonaco-tepehua,Total,1585.0,1129474.0,19015,0.0004511373908008977,"Censo de Población y Vivienda 2020 (INEGI), cuestionario ampliado"
2020,alcaldia,002,Azcapotzalco,0701,Totonaco,totonaco-tepehua,Total,120.0,419963.0,16971,6.9156640619618005e-06,"Censo de Población y Vivienda 2020 (INEGI), cuestionario ampliado"
2020,alcaldia,003,Coyoacán,0701,Totonaco,totonaco-tepehua,Total,693.0,595624.0,16996,0.00032912981773063754,"Censo de Población y Vivienda 2020 (INEGI), cuestionario ampliado"
2020,alcaldia,007,Iztapalapa,0701,Totonaco,totonaco-tepehua,Total,1285.0,1762381.0,21603,0.0001797980765692593,"Censo de Población y Vivienda 2020 (INEGI), cuestionario ampliado"
2020,alcaldia,012,Tlalpan,0701,Totonaco,totonaco-tepehua,Total,1400.0,672504.0,22920,0.00034680923824241376,"Censo de Población y Vivienda 2020 (INEGI), cuestionario ampliado"
2020,alcaldia,009,Milpa Alta,0701,Totonaco,totonaco-tepehua,Total,106.0,146072.0,9003,0.0002921960524543264,"Censo de Población y Vivienda 2020 (INEGI), cuestionario ampliado"
2020,alcaldia,011,Tláhuac,0701,Totonaco,totonaco-tepehua,Total,264.0,378695.0,22489,0.00014297163969644445,"Censo de Población y Vivienda 2020 (INEGI), cuestionario ampliado"
2020,alcaldia,014,Benito Juárez,0701,Totonaco,totonaco-tepehua,Total,97.0,422243.0,13154,7.375638911638511e-05,"Censo de Población y Vivienda 2020 (INEGI), cuestionario ampliado"
2020,alcaldia,016,Miguel Hidalgo,0701,Totonaco,totonaco-tepehua,Total,73.0,399926.0,14658,8.488835578633693e-05,"Censo de Población y Vivienda 2020 (INEGI), cuestionario ampliado"
2020,alcaldia,006,Iztacalco,0701,Totonaco,totonaco-tepehua,Total,86.0,390825.0,18428,1.4977585468313889e-05,"Censo de Población y Vivienda 2020 (INEGI), cuestionario ampliado"
2020,alcaldia,013,Xochimilco,0701,Totonaco,totonaco-tepehua,Total,324.0,424505.0,14542,0.00012816481720782127,"Censo de Población y Vivienda 2020 (INEGI), cuestionario ampliado"
2020,alcaldia,015,Cuauhtémoc,0701,Totonaco,totonaco-tepehua,Total,189.0,526954.0,12838,0.00020956880012623004,"Censo de Población y Vivienda 2020 (INEGI), cuestionario ampliado"
2020,alcaldia,004,Cuajimalpa de Morelos,0701,Totonaco,totonaco-tepehua,Total,146.0,210248.0,11210,0.0001960993914417553,"Censo de Población y Vivienda 2020 (INEGI), cuestionario ampliado"
2020,alcaldia,012,Tlalpan,0702,Tepehua,totonaco-tepehua,Total,43.0,672504.0,22920,,"Censo de Población y Vivienda 2020 (INEGI), cuestionario ampliado"
2020,alcaldia,011,Tláhuac,0702,Tepehua,totonaco-tepehua,Total,76.0,378695.0,22489,,"Censo de Población y Vivienda 2020 (INEGI), cuestionario ampliado"
2020,alcaldia,017,Venustiano Carranza,0801,Tarasco (purépecha),tarasca,Total,27.0,430188.0,16535,,"Censo de Población y Vivienda 2020 (INEGI), cuestionario ampliado"
2020,alcaldia,008,La Magdalena Contreras,0801,Tarasco (purépecha),tarasca,Total,39.0,239202.0,18672,9.420407284111633e-06,"Censo de Población y Vivienda 2020 (INEGI), cuestionario ampliado"
2020,alcaldia,010,Álvaro Obregón,0801,Tarasco (purépecha),tarasca,Total,263.0,733780.0,18347,0.0002467968905753452,"Censo de Población y Vivienda 2020 (INEGI), cuestionario ampliado"
2020,alcaldia,005,Gustavo A. Madero,0801,Tarasco (purépecha),tarasca,Total,333.0,1129474.0,19015,0.00014173786012763778,"Censo de Población y Vivienda 2020 (INEGI), cuestionario ampliado"
2020,alcaldia,002,Azcapotzalco,0801,Tarasco (purépecha),tarasca,Total,73.0,419963.0,16971,6.29565340299896e-05,"Censo de Población y Vivienda 2020 (INEGI), cuestionario ampliado"
2020,alcaldia,003,Coyoacán,0801,Tarasco (purépecha),tarasca,Total,36.0,595624.0,16996,,"Censo de Población y Vivienda 2020 (INEGI), cuestionario ampliado"
2020,alcaldia,007,Iztapalapa,0801,Tarasco (purépecha),tarasca,Total,241.0,1762381.0,21603,4.3400266694763595e-05,"Censo de Población y Vivienda 2020 (INEGI), cuestionario ampliado"
2020,alcaldia,012,Tlalpan,0801,Tarasco (purépecha),tarasca,Total,76.0,672504.0,22920,,"Censo de Población y Vivienda 2020 (INEGI), cuestionario ampliado"
2020,alcaldia,011,Tláhuac,0801,Tarasco (purépecha),tarasca,Total,80.0,378695.0,22489,3.634604545858646e-06,"Censo de Población y Vivienda 2020 (INEGI), cuestionario ampliado"
2020,alcaldia,016,Miguel Hidalgo,0801,Tarasco (purépecha),tarasca,Total,23.0,399926.0,14658,,"Censo de Población y Vivienda 2020 (INEGI), cuestionario ampliado"
2020,alcaldia,006,Iztacalco,0801,Tarasco (purépecha),tarasca,Total,43.0,390825.0,18428,1.1163469488806882e-05,"Censo de Población y Vivienda 2020 (INEGI), cuestionario ampliado"
2020,alcaldia,013,Xochimilco,0801,Tarasco (purépecha),tarasca,Total,125.0,424505.0,14542,0.00014836300280018499,"Censo de Población y Vivienda 2020 (INEGI), cuestionario ampliado"
2020,alcaldia,004,Cuajimalpa de Morelos,0801,Tarasco (purépecha),tarasca,Total,21.0,210248.0,11210,,"Censo de Población y Vivienda 2020 (INEGI), cuestionario ampliado"
2020,alcaldia,017,Venustiano Carranza,0901,Mixe,mixe-zoque,Total,129.0,430188.0,16535,7.607972283394463e-06,"Censo de Población y Vivienda 2020 (INEGI), cuestionario ampliado"
2020,alcaldia,008,La Magdalena Contreras,0901,Mixe,mixe-zoque,Total,47.0,239202.0,18672,8.436081327453718e-05,"Censo de Población y Vivienda 2020 (INEGI), cuestionario ampliado"
2020,alcaldia,010,Álvaro Obregón,0901,Mixe,mixe-zoque,Total,763.0,733780.0,18347,0.00025554297909782976,"Censo de Población y Vivienda 2020 (INEGI), cuestionario ampliado"
2020,alcaldia,005,Gustavo A. Madero,0901,Mixe,mixe-zoque,Total,59.0,1129474.0,19015,,"Censo de Población y Vivienda 2020 (INEGI), cuestionario ampliado"
2020,alcaldia,002,Azcapotzalco,0901,Mixe,mixe-zoque,Total,24.0,419963.0,16971,,"Censo de Población y Vivienda 2020 (INEGI), cuestionario ampliado"
2020,alcaldia,003,Coyoacán,0901,Mixe,mixe-zoque,Total,66.0,595624.0,16996,2.8731569517278576e-06,"Censo de Población y Vivienda 2020 (INEGI), cuestionario ampliado"
2020,alcaldia,007,Iztapalapa,0901,Mixe,mixe-zoque,Total,563.0,1762381.0,21603,5.542893268264861e-05,"Censo de Población y Vivienda 2020 (INEGI), cuestionario ampliado"
2020,alcaldia,012,Tlalpan,0901,Mixe,mixe-zoque,Total,621.0,672504.0,22920,0.00014420297654502186,"Censo de Población y Vivienda 2020 (INEGI), cuestionario ampliado"
2020,alcaldia,009,Milpa Alta,0901,Mixe,mixe-zoque,Total,112.0,146072.0,9003,0.000166677719071601,"Censo de Población y Vivienda 2020 (INEGI), cuestionario ampliado"
2020,alcaldia,011,Tláhuac,0901,Mixe,mixe-zoque,Total,206.0,378695.0,22489,9.61041101840778e-05,"Censo de Población y Vivienda 2020 (INEGI), cuestionario ampliado"
2020,alcaldia,014,Benito Juárez,0901,Mixe,mixe-zoque,Total,64.0,422243.0,13154,3.446087412463125e-08,"Censo de Población y Vivienda 2020 (INEGI), cuestionario ampliado"
2020,alcaldia,016,Miguel Hidalgo,0901,Mixe,mixe-zoque,Total,177.0,399926.0,14658,0.00011965635000426294,"Censo de Población y Vivienda 2020 (INEGI), cuestionario ampliado"
2020,alcaldia,006,Iztacalco,0901,Mixe,mixe-zoque,Total,103.0,390825.0,18428,5.999721666913559e-05,"Censo de Población y Vivienda 2020 (INEGI), cuestionario ampliado"
2020,alcaldia,013,Xochimilco,0901,Mixe,mixe-zoque,Total,93.0,424505.0,14542,9.7597483041648e-06,"Censo de Población y Vivienda 2020 (INEGI), cuestionario ampliado"
2020,alcaldia,015,Cuauhtémoc,0901,Mixe,mixe-zoque,Total,696.0,526954.0,12838,0.00028803503059462657,"Censo de Población y Vivienda 2020 (INEGI), cuestionario ampliado"
2020,alcaldia,004,Cuajimalpa de Morelos,0901,Mixe,mixe-zoque,Total,26.0,210248.0,11210,2.6718941911851515e-05,"Censo de Población y Vivienda 2020 (INEGI), cuestionario ampliado"
2020,alcaldia,010,Álvaro Obregón,0907,Zoque,mixe-zoque,Total,40.0,733780.0,18347,,"Censo de Población y Vivienda 2020 (INEGI), cuestionario ampliado"
2020,alcaldia,012,Tlalpan,0907,Zoque,mixe-zoque,Total,22.0,672504.0,22920,,"Censo de Población y Vivienda 2020 (INEGI), cuestionario ampliado"
2020,alcaldia,011,Tláhuac,0907,Zoque,mixe-zoque,Total,5.0,378695.0,22489,,"Censo de Población y Vivienda 2020 (INEGI), cuestionario ampliado"
2020,alcaldia,007,Iztapalapa,1001,Chontal de Oaxaca,chontal de Oaxaca,Total,79.0,1762381.0,21603,,"Censo de Población y Vivienda 2020 (INEGI), cuestionario ampliado"
2020,alcaldia,011,Tláhuac,1001,Chontal de Oaxaca,chontal de Oaxaca,Total,10.0,378695.0,22489,,"Censo de Población y Vivienda 2020 (INEGI), cuestionario ampliado"
2020,alcaldia,003,Coyoacán,8000,Otras lenguas indígenas de América,,Total,33.0,595624.0,16996,,"Censo de Población y Vivienda 2020 (INEGI), cuestionario ampliado"
2020,alcaldia,012,Tlalpan,8000,Otras lenguas indígenas de América,,Total,51.0,672504.0,22920,,"Censo de Población y Vivienda 2020 (INEGI), cuestionario ampliado"
2020,alcaldia,011,Tláhuac,8000,Otras lenguas indígenas de América,,Total,24.0,378695.0,22489,,"Censo de Población y Vivienda 2020 (INEGI), cuestionario ampliado"
2020,alcaldia,014,Benito Juárez,8000,Otras lenguas indígenas de América,,Total,129.0,422243.0,13154,8.473479054966118e-05,"Censo de Población y Vivienda 2020 (INEGI), cuestionario ampliado"
2020,alcaldia,006,Iztacalco,8000,Otras lenguas indígenas de América,,Total,43.0,390825.0,18428,6.232734995890231e-06,"Censo de Población y Vivienda 2020 (INEGI), cuestionario ampliado"
2020,alcaldia,015,Cuauhtémoc,8000,Otras lenguas indígenas de América,,Total,207.0,526954.0,12838,8.849725347669455e-05,"Censo de Población y Vivienda 2020 (INEGI), cuestionario ampliado"
2020,alcaldia,017,Venustiano Carranza,9000,No especificado,,Total,51.0,430188.0,16535,1.0419659173782371e-06,"Censo de Población y Vivienda 2020 (INEGI), cuestionario ampliado"
2020,alcaldia,008,La Magdalena Contreras,9000,No especificado,,Total,41.0,239202.0,18672,1.4521314994330246e-05,"Censo de Población y Vivienda 2020 (INEGI), cuestionario ampliado"
2020,alcaldia,010,Álvaro Obregón,9000,No especificado,,Total,41.0,733780.0,18347,,"Censo de Población y Vivienda 2020 (INEGI), cuestionario ampliado"
2020,alcaldia,005,Gustavo A. Madero,9000,No especificado,,Total,233.0,1129474.0,19015,5.0660211736378227e-05,"Censo de Población y Vivienda 2020 (INEGI), cuestionario ampliado"
2020,alcaldia,002,Azcapotzalco,9000,No especificado,,Total,98.0,419963.0,16971,5.526547722236222e-05,"Censo de Población y Vivienda 2020 (INEGI), cuestionario ampliado"
2020,alcaldia,003,Coyoacán,9000,No especificado,,Total,333.0,595624.0,16996,0.00011463814259151872,"Censo de Población y Vivienda 2020 (INEGI), cuestionario ampliado"
2020,alcaldia,007,Iztapalapa,9000,No especificado,,Total,248.0,1762381.0,21603,7.024810308915692e-06,"Censo de Población y Vivienda 2020 (INEGI), cuestionario ampliado"
2020,alcaldia,012,Tlalpan,9000,No especificado,,Total,212.0,672504.0,22920,0.00012961416374765813,"Censo de Población y Vivienda 2020 (INEGI), cuestionario ampliado"
2020,alcaldia,011,Tláhuac,9000,No especificado,,Total,55.0,378695.0,22489,1.6781895456553282e-05,"Censo de Población y Vivienda 2020 (INEGI), cuestionario ampliado"
2020,alcaldia,014,Benito Juárez,9000,No especificado,,Total,133.0,422243.0,13154,8.658287210141321e-05,"Censo de Población y Vivienda 2020 (INEGI), cuestionario ampliado"
2020,alcaldia,016,Miguel Hidalgo,9000,No especificado,,Total,147.0,399926.0,14658,5.267232050211613e-05,"Censo de Población y Vivienda 2020 (INEGI), cuestionario ampliado"
2020,alcaldia,006,Iztacalco,9000,No especificado,,Total,145.0,390825.0,18428,4.663396043658931e-05,"Censo de Población y Vivienda 2020 (INEGI), cuestionario ampliado"
2020,alcaldia,013,Xochimilco,9000,No especificado,,Total,196.0,424505.0,14542,0.0001391404248629951,"Censo de Población y Vivienda 2020 (INEGI), cuestionario ampliado"
2020,alcaldia,015,Cuauhtémoc,9000,No especificado,,Total,119.0,526954.0,12838,7.458681814804206e-06,"Censo de Población y Vivienda 2020 (INEGI), cuestionario ampliado"
2020,alcaldia,004,Cuajimalpa de Morelos,9000,No especificado,,Total,177.0,210248.0,11210,0.00027824125347139153,"Censo de Población y Vivienda 2020 (INEGI), cuestionario ampliado"
2020,alcaldia,017,Venustiano Carranza,9010,Chontal insuficientemente especificado,,Total,24.0,430188.0,16535,,"Censo de Población y Vivienda 2020 (INEGI), cuestionario ampliado"
2020,alcaldia,008,La Magdalena Contreras,9010,Chontal insuficientemente especificado,,Total,14.0,239202.0,18672,,"Censo de Población y Vivienda 2020 (INEGI), cuestionario ampliado"
2020,alcaldia,007,Iztapalapa,9010,Chontal insuficientemente especificado,,Total,79.0,1762381.0,21603,,"Censo de Población y Vivienda 2020 (INEGI), cuestionario ampliado"
2020,alcaldia,015,Cuauhtémoc,9010,Chontal insuficientemente especificado,,Total,76.0,526954.0,12838,,"Censo de Población y Vivienda 2020 (INEGI), cuestionario ampliado"
2020,alcaldia,012,Tlalpan,9030,Popoluca insuficientemente especificado,,Total,12.0,672504.0,22920,,"Censo de Población y Vivienda 2020 (INEGI), cuestionario ampliado"
2020,alcaldia,009,Milpa Alta,9030,Popoluca insuficientemente especificado,,Total,42.0,146072.0,9003,,"Censo de Población y Vivienda 2020 (INEGI), cuestionario ampliado"
2020,entidad,09,Ciudad de México,0205,Tarahumara,yuto-nahua,Mujeres,18.0,4649125.0,139814,,"Censo de Población y Vivienda 2020 (INEGI), cuestionario ampliado"
2020,entidad,09,Ciudad de México,0205,Tarahumara,yuto-nahua,Hombres,29.0,4233459.0,127567,,"Censo de Población y Vivienda 2020 (INEGI), cuestionario ampliado"
2020,entidad,09,Ciudad de México,0207,Yaqui,yuto-nahua,Mujeres,88.0,4649125.0,139814,,"Censo de Población y Vivienda 2020 (INEGI), cuestionario ampliado"
2020,entidad,09,Ciudad de México,0207,Yaqui,yuto-nahua,Hombres,61.0,4233459.0,127567,,"Censo de Población y Vivienda 2020 (INEGI), cuestionario ampliado"
2020,entidad,09,Ciudad de México,0208,Mayo,yuto-nahua,Hombres,64.0,4233459.0,127567,,"Censo de Población y Vivienda 2020 (INEGI), cuestionario ampliado"
2020,entidad,09,Ciudad de México,0211,Náhuatl,yuto-nahua,Mujeres,19522.0,4649125.0,139814,0.00014704264997930723,"Censo de Población y Vivienda 2020 (INEGI), cuestionario ampliado"
2020,entidad,09,Ciudad de México,0211,Náhuatl,yuto-nahua,Hombres,18816.0,4233459.0,127567,0.00015837214396935626,"Censo de Población y Vivienda 2020 (INEGI), cuestionario ampliado"
2020,entidad,09,Ciudad de México,0501,Otomí,oto-mangue,Mujeres,9364.0,4649125.0,139814,0.00046385642565258817,"Censo de Población y Vivienda 2020 (INEGI), cuestionario ampliado"
2020,entidad,09,Ciudad de México,0501,Otomí,oto-mangue,Hombres,8013.0,4233459.0,127567,0.00046206449902315726,"Censo de Población y Vivienda 2020 (INEGI), cuestionario ampliado"
2020,entidad,09,Ciudad de México,0502,Mazahua,oto-mangue,Mujeres,5804.0,4649125.0,139814,8.61700371781512e-05,"Censo de Población y Vivienda 2020 (INEGI), cuestionario ampliado"
2020,entidad,09,Ciudad de México,0502,Mazahua,oto-mangue,Hombres,4877.0,4233459.0,127567,0.00010406564783595663,"Censo de Población y Vivienda 2020 (INEGI), cuestionario ampliado"
2020,entidad,09,Ciudad de México,0503,Matlatzinca,oto-mangue,Mujeres,107.0,4649125.0,139814,,"Censo de Población y Vivienda 2020 (INEGI), cuestionario ampliado"
2020,entidad,09,Ciudad de México,0503,Matlatzinca,oto-mangue,Hombres,53.0,4233459.0,127567,,"Censo de Población y Vivienda 2020 (INEGI), cuestionario ampliado"
2020,entidad,09,Ciudad de México,0507,Chinanteco,oto-mangue,Mujeres,2032.0,4649125.0,139814,3.962706478016308e-05,"Censo de Población y Vivienda 2020 (INEGI), cuestionario ampliado"
2020,entidad,09,Ciudad de México,0507,Chinanteco,oto-mangue,Hombres,2192.0,4233459.0,127567,7.880467714341128e-05,"Censo de Población y Vivienda 2020 (INEGI), cuestionario ampliado"
2020,entidad,09,Ciudad de México,0508,Tlapaneco,oto-mangue,Mujeres,1256.0,4649125.0,139814,5.9731231239029547e-05,"Censo de Población y Vivienda 2020 (INEGI), cuestionario ampliado"
2020,entidad,09,Ciudad de México,0508,Tlapaneco,oto-mangue,Hombres,772.0,4233459.0,127567,2.0976581161889328e-05,"Censo de Población y Vivienda 2020 (INEGI), cuestionario ampliado"
2020,entidad,09,Ciudad de México,0509,Mazateco,oto-mangue,Mujeres,8946.0,4649125.0,139814,0.0001224812100110907,"Censo de Población y Vivienda 2020 (INEGI), cuestionario ampliado"
2020,entidad,09,Ciudad de México,0509,Mazateco,oto-mangue,Hombres,7544.0,4233459.0,127567,0.00012343929971247617,"Censo de Población y Vivienda 2020 (INEGI), cuestionario ampliado"
2020,entidad,09,Ciudad de México,0511,Chocholteco,oto-mangue,Mujeres,73.0,4649125.0,139814,,"Censo de Población y Vivienda 2020 (INEGI), cuestionario ampliado"
2020,entidad,09,Ciudad de México,0512,Popoloca,oto-mangue,Mujeres,278.0,4649125.0,139814,5.28652491844276e-07,"Censo de Población y Vivienda 2020 (INEGI), cuestionario ampliado"
2020,entidad,09,Ciudad de México,0512,Popoloca,oto-mangue,Hombres,367.0,4233459.0,127567,,"Censo de Población y Vivienda 2020 (INEGI), cuestionario ampliado"
2020,entidad,09,Ciudad de México,0513,Zapoteco,oto-mangue,Mujeres,5850.0,4649125.0,139814,9.506409281302382e-05,"Censo de Población y Vivienda 2020 (INEGI), cuestionario ampliado"
2020,entidad,09,Ciudad de México,0513,Zapoteco,oto-mangue,Hombres,5972.0,4233459.0,127567,8.529124226138755e-05,"Censo de Población y Vivienda 2020 (INEGI), cuestionario ampliado"
2020,entidad,09,Ciudad de México,0515,Amuzgo,oto-mangue,Mujeres,120.0,4649125.0,139814,,"Censo de Población y Vivienda 2020 (INEGI), cuestionario ampliado"
2020,entidad,09,Ciudad de México,0515,Amuzgo,oto-mangue,Hombres,81.0,4233459.0,127567,,"Censo de Población y Vivienda 2020 (INEGI), cuestionario ampliado"
2020,entidad,09,Ciudad de México,0516,Mixteco,oto-mangue,Mujeres,9062.0,4649125.0,139814,0.00012893415374092145,"Censo de Población y Vivienda 2020 (INEGI), cuestionario ampliado"
2020,entidad,09,Ciudad de México,0516,Mixteco,oto-mangue,Hombres,7222.0,4233459.0,127567,0.00012975643478879012,"Censo de Población y Vivienda 2020 (INEGI), cuestionario ampliado"
2020,entidad,09,Ciudad de México,0517,Cuicateco,oto-mangue,Mujeres,89.0,4649125.0,139814,,"Censo de Población y Vivienda 2020 (INEGI), cuestionario ampliado"
2020,entidad,09,Ciudad de México,0517,Cuicateco,oto-mangue,Hombres,76.0,4233459.0,127567,,"Censo de Población y Vivienda 2020 (INEGI), cuestionario ampliado"
2020,entidad,09,Ciudad de México,0518,Triqui,oto-mangue,Mujeres,1013.0,4649125.0,139814,,"Censo de Población y Vivienda 2020 (INEGI), cuestionario ampliado"
2020,entidad,09,Ciudad de México,0518,Triqui,oto-mangue,Hombres,684.0,4233459.0,127567,,"Censo de Población y Vivienda 2020 (INEGI), cuestionario ampliado"
2020,entidad,09,Ciudad de México,0601,Huasteco,maya,Mujeres,254.0,4649125.0,139814,4.081431866202564e-06,"Censo de Población y Vivienda 2020 (INEGI), cuestionario ampliado"
2020,entidad,09,Ciudad de México,0601,Huasteco,maya,Hombres,466.0,4233459.0,127567,6.525054604896871e-08,"Censo de Población y Vivienda 2020 (INEGI), cuestionario ampliado"
2020,entidad,09,Ciudad de México,0602,Maya,maya,Mujeres,516.0,4649125.0,139814,4.987487979826433e-06,"Censo de Población y Vivienda 2020 (INEGI), cuestionario ampliado"
2020,entidad,09,Ciudad de México,0602,Maya,maya,Hombres,948.0,4233459.0,127567,6.865807486797648e-06,"Censo de Población y Vivienda 2020 (INEGI), cuestionario ampliado"
2020,entidad,09,Ciudad de México,0604,Ch'ol,maya,Mujeres,455.0,4649125.0,139814,4.6070500331771224e-05,"Censo de Población y Vivienda 2020 (INEGI), cuestionario ampliado"
2020,entidad,09,Ciudad de México,0604,Ch'ol,maya,Hombres,56.0,4233459.0,127567,2.3296073024693826e-07,"Censo de Población y Vivienda 2020 (INEGI), cuestionario ampliado"
2020,entidad,09,Ciudad de México,0606,Tseltal,maya,Mujeres,1308.0,4649125.0,139814,7.86165157212072e-05,"Censo de Población y Vivienda 2020 (INEGI), cuestionario ampliado"
2020,entidad,09,Ciudad de México,0606,Tseltal,maya,Hombres,1174.0,4233459.0,127567,0.00012550594490395663,"Censo de Población y Vivienda 2020 (INEGI), cuestionario ampliado"
2020,entidad,09,Ciudad de México,0607,Tsotsil,maya,Mujeres,270.0,4649125.0,139814,,"Censo de Población y Vivienda 2020 (INEGI), cuestionario ampliado"
2020,entidad,09,Ciudad de México,0607,Tsotsil,maya,Hombres,390.0,4233459.0,127567,7.235792116366056e-07,"Censo de Población y Vivienda 2020 (INEGI), cuestionario ampliado"
2020,entidad,09,Ciudad de México,0608,Q'anjob'al,maya,Hombres,58.0,4233459.0,127567,,"Censo de Población y Vivienda 2020 (INEGI), cuestionario ampliado"
2020,entidad,09,Ciudad de México,0610,Jakalteko,maya,Mujeres,24.0,4649125.0,139814,,"Censo de Población y Vivienda 2020 (INEGI), cuestionario ampliado"
2020,entidad,09,Ciudad de México,0612,Chuj,maya,Hombres,50.0,4233459.0,127567,,"Censo de Población y Vivienda 2020 (INEGI), cuestionario ampliado"
2020,entidad,09,Ciudad de México,0613,Tojolabal,maya,Hombres,102.0,4233459.0,127567,2.1171537431295733e-09,"Censo de Población y Vivienda 2020 (INEGI), cuestionario ampliado"
2020,entidad,09,Ciudad de México,0615,K'iche',maya,Mujeres,38.0,4649125.0,139814,,"Censo de Población y Vivienda 2020 (INEGI), cuestionario ampliado"
2020,entidad,09,Ciudad de México,0618,Mam,maya,Hombres,39.0,4233459.0,127567,,"Censo de Población y Vivienda 2020 (INEGI), cuestionario ampliado"
2020,entidad,09,Ciudad de México,0701,Totonaco,totonaco-tepehua,Mujeres,3684.0,4649125.0,139814,5.5319620639486754e-05,"Censo de Población y Vivienda 2020 (INEGI), cuestionario ampliado"
2020,entidad,09,Ciudad de México,0701,Totonaco,totonaco-tepehua,Hombres,3557.0,4233459.0,127567,8.31891142136613e-05,"Censo de Población y Vivienda 2020 (INEGI), cuestionario ampliado"
2020,entidad,09,Ciudad de México,0702,Tepehua,totonaco-tepehua,Mujeres,27.0,4649125.0,139814,,"Censo de Población y Vivienda 2020 (INEGI), cuestionario ampliado"
2020,entidad,09,Ciudad de México,0702,Tepehua,totonaco-tepehua,Hombres,92.0,4233459.0,127567,,"Censo de Población y Vivienda 2020 (INEGI), cuestionario ampliado"
2020,entidad,09,Ciudad de México,0801,Tarasco (purépecha),tarasca,Mujeres,896.0,4649125.0,139814,2.4825814268010973e-05,"Censo de Población y Vivienda 2020 (INEGI), cuestionario ampliado"
2020,entidad,09,Ciudad de México,0801,Tarasco (purépecha),tarasca,Hombres,484.0,4233459.0,127567,3.321695031561996e-08,"Censo de Población y Vivienda 2020 (INEGI), cuestionario ampliado"
2020,entidad,09,Ciudad de México,0901,Mixe,mixe-zoque,Mujeres,2019.0,4649125.0,139814,2.4186571140116736e-05,"Censo de Población y Vivienda 2020 (INEGI), cuestionario ampliado"
2020,entidad,09,Ciudad de México,0901,Mixe,mixe-zoque,Hombres,1730.0,4233459.0,127567,4.391906598530869e-05,"Censo de Población y Vivienda 2020 (INEGI), cuestionario ampliado"
2020,entidad,09,Ciudad de México,0907,Zoque,mixe-zoque,Mujeres,67.0,4649125.0,139814,,"Censo de Población y Vivienda 2020 (INEGI), cuestionario ampliado"
2020,entidad,09,Ciudad de México,1001,Chontal de Oaxaca,chontal de Oaxaca,Mujeres,89.0,4649125.0,139814,,"Censo de Población y Vivienda 2020 (INEGI), cuestionario ampliado"
2020,entidad,09,Ciudad de México,8000,Otras lenguas indígenas de América,,Mujeres,225.0,4649125.0,139814,1.201169712902874e-06,"Censo de Población y Vivienda 2020 (INEGI), cuestionario ampliado"
2020,entidad,09,Ciudad de México,8000,Otras lenguas indígenas de América,,Hombres,262.0,4233459.0,127567,1.0685522904061402e-06,"Censo de Población y Vivienda 2020 (INEGI), cuestionario ampliado"
2020,entidad,09,Ciudad de México,9000,No especificado,,Mujeres,944.0,4649125.0,139814,1.0725814636774541e-05,"Censo de Población y Vivienda 2020 (INEGI), cuestionario ampliado"
2020,entidad,09,Ciudad de México,9000,No especificado,,Hombres,1285.0,4233459.0,127567,1.542717094563421e-05,"Censo de Población y Vivienda 2020 (INEGI), cuestionario ampliado"
2020,entidad,09,Ciudad de México,9010,Chontal insuficientemente especificado,,Mujeres,90.0,4649125.0,139814,,"Censo de Población y Vivienda 2020 (INEGI), cuestionario ampliado"
2020,entidad,09,Ciudad de México,9010,Chontal insuficientemente especificado,,Hombres,103.0,4233459.0,127567,,"Censo de Población y Vivienda 2020 (INEGI), cuestionario ampliado"
2020,entidad,09,Ciudad de México,9030,Popoluca insuficientemente especificado,,Hombres,54.0,4233459.0,127567,,"Censo de Población y Vivienda 2020 (INEGI), cuestionario ampliado"
2020,entidad,09,Ciudad de México,0205,Tarahumara,yuto-nahua,Total,47.0,8882584.0,267381,,"Censo de Población y Vivienda 2020 (INEGI), cuestionario ampliado"
2020,entidad,09,Ciudad de México,0207,Yaqui,yuto-nahua,Total,149.0,8882584.0,267381,3.289638884495205e-07,"Censo de Población y Vivienda 2020 (INEGI), cuestionario ampliado"
2020,entidad,09,Ciudad de México,0208,Mayo,yuto-nahua,Total,64.0,8882584.0,267381,,"Censo de Población y Vivienda 2020 (INEGI), cuestionario ampliado"
2020,entidad,09,Ciudad de México,0211,Náhuatl,yuto-nahua,Total,38338.0,8882584.0,267381,0.00016267957073947073,"Censo de Población y Vivienda 2020 (INEGI), cuestionario ampliado"
2020,entidad,09,Ciudad de México,0501,Otomí,oto-mangue,Total,17377.0,8882584.0,267381,0.0004702635423274752,"Censo de Población y Vivienda 2020 (INEGI), cuestionario ampliado"
2020,entidad,09,Ciudad de México,0502,Mazahua,oto-mangue,Total,10681.0,8882584.0,267381,9.176977987077349e-05,"Censo de Población y Vivienda 2020 (INEGI), cuestionario ampliado"
2020,entidad,09,Ciudad de México,0503,Matlatzinca,oto-mangue,Total,160.0,8882584.0,267381,,"Censo de Población y Vivienda 2020 (INEGI), cuestionario ampliado"
2020,entidad,09,Ciudad de México,0507,Chinanteco,oto-mangue,Total,4224.0,8882584.0,267381,6.170350705637231e-05,"Censo de Población y Vivienda 2020 (INEGI), cuestionario ampliado"
2020,entidad,09,Ciudad de México,0508,Tlapaneco,oto-mangue,Total,2028.0,8882584.0,267381,5.079879925268543e-05,"Censo de Población y Vivienda 2020 (INEGI), cuestionario ampliado"
2020,entidad,09,Ciudad de México,0509,Mazateco,oto-mangue,Total,16490.0,8882584.0,267381,0.0001328917322030113,"Censo de Población y Vivienda 2020 (INEGI), cuestionario ampliado"
2020,entidad,09,Ciudad de México,0511,Chocholteco,oto-mangue,Total,73.0,8882584.0,267381,,"Censo de Población y Vivienda 2020 (INEGI), cuestionario ampliado"
2020,entidad,09,Ciudad de México,0512,Popoloca,oto-mangue,Total,645.0,8882584.0,267381,4.463131871723868e-06,"Censo de Población y Vivienda 2020 (INEGI), cuestionario ampliado"
2020,entidad,09,Ciudad de México,0513,Zapoteco,oto-mangue,Total,11822.0,8882584.0,267381,9.015998056015848e-05,"Censo de Población y Vivienda 2020 (INEGI), cuestionario ampliado"
2020,entidad,09,Ciudad de México,0515,Amuzgo,oto-mangue,Total,201.0,8882584.0,267381,,"Censo de Población y Vivienda 2020 (INEGI), cuestionario ampliado"
2020,entidad,09,Ciudad de México,0516,Mixteco,oto-mangue,Total,16284.0,8882584.0,267381,0.00013341812227188538,"Censo de Población y Vivienda 2020 (INEGI), cuestionario ampliado"
2020,entidad,09,Ciudad de México,0517,Cuicateco,oto-mangue,Total,165.0,8882584.0,267381,2.4063977395847195e-08,"Censo de Población y Vivienda 2020 (INEGI), cuestionario ampliado"
2020,entidad,09,Ciudad de México,0518,Triqui,oto-mangue,Total,1697.0,8882584.0,267381,6.584998913377859e-07,"Censo de Población y Vivienda 2020 (INEGI), cuestionario ampliado"
2020,entidad,09,Ciudad de México,0601,Huasteco,maya,Total,720.0,8882584.0,267381,2.1850860094116292e-06,"Censo de Población y Vivienda 2020 (INEGI), cuestionario ampliado"
2020,entidad,09,Ciudad de México,0602,Maya,maya,Total,1464.0,8882584.0,267381,9.938646851569936e-06,"Censo de Población y Vivienda 2020 (INEGI), cuestionario ampliado"
2020,entidad,09,Ciudad de México,0604,Ch'ol,maya,Total,511.0,8882584.0,267381,2.4118099926936797e-05,"Censo de Población y Vivienda 2020 (INEGI), cuestionario ampliado"
2020,entidad,09,Ciudad de México,0606,Tseltal,maya,Total,2482.0,8882584.0,267381,0.00010689023788348933,"Censo de Población y Vivienda 2020 (INEGI), cuestionario ampliado"
2020,entidad,09,Ciudad de México,0607,Tsotsil,maya,Total,660.0,8882584.0,267381,7.359723747639663e-07,"Censo de Población y Vivienda 2020 (INEGI), cuestionario ampliado"
2020,entidad,09,Ciudad de México,0608,Q'anjob'al,maya,Total,58.0,8882584.0,267381,,"Censo de Población y Vivienda 2020 (INEGI), cuestionario ampliado"
2020,entidad,09,Ciudad de México,0610,Jakalteko,maya,Total,24.0,8882584.0,267381,,"Censo de Población y Vivienda 2020 (INEGI), cuestionario ampliado"
2020,entidad,09,Ciudad de México,0612,Chuj,maya,Total,50.0,8882584.0,267381,,"Censo de Población y Vivienda 2020 (INEGI), cuestionario ampliado"
2020,entidad,09,Ciudad de México,0613,Tojolabal,maya,Total,102.0,8882584.0,267381,1.0018973500318026e-09,"Censo de Población y Vivienda 2020 (INEGI), cuestionario ampliado"
2020,entidad,09,Ciudad de México,0615,K'iche',maya,Total,38.0,8882584.0,267381,,"Censo de Población y Vivienda 2020 (INEGI), cuestionario ampliado"
2020,entidad,09,Ciudad de México,0618,Mam,maya,Total,39.0,8882584.0,267381,,"Censo de Población y Vivienda 2020 (INEGI), cuestionario ampliado"
2020,entidad,09,Ciudad de México,0701,Totonaco,totonaco-tepehua,Total,7241.0,8882584.0,267381,7.896937119563038e-05,"Censo de Población y Vivienda 2020 (INEGI), cuestionario ampliado"
2020,entidad,09,Ciudad de México,0702,Tepehua,totonaco-tepehua,Total,119.0,8882584.0,267381,,"Censo de Población y Vivienda 2020 (INEGI), cuestionario ampliado"
2020,entidad,09,Ciudad de México,0801,Tarasco (purépecha),tarasca,Total,1380.0,8882584.0,267381,2.9458654842196776e-05,"Censo de Población y Vivienda 2020 (INEGI), cuestionario ampliado"
2020,entidad,09,Ciudad de México,0901,Mixe,mixe-zoque,Total,3749.0,8882584.0,267381,3.259341073743606e-05,"Censo de Población y Vivienda 2020 (INEGI), cuestionario ampliado"
2020,entidad,09,Ciudad de México,0907,Zoque,mixe-zoque,Total,67.0,8882584.0,267381,,"Censo de Población y Vivienda 2020 (INEGI), cuestionario ampliado"
2020,entidad,09,Ciudad de México,1001,Chontal de Oaxaca,chontal de Oaxaca,Total,89.0,8882584.0,267381,,"Censo de Población y Vivienda 2020 (INEGI), cuestionario ampliado"
2020,entidad,09,Ciudad de México,8000,Otras lenguas indígenas de América,,Total,487.0,8882584.0,267381,6.4966919157804074e-06,"Censo de Población y Vivienda 2020 (INEGI), cuestionario ampliado"
2020,entidad,09,Ciudad de México,9000,No especificado,,Total,2229.0,8882584.0,267381,1.8158290686327807e-05,"Censo de Población y Vivienda 2020 (INEGI), cuestionario ampliado"
2020,entidad,09,Ciudad de México,9010,Chontal insuficientemente especificado,,Total,193.0,8882584.0,267381,,"Censo de Población y Vivienda 2020 (INEGI), cuestionario ampliado"
2020,entidad,09,Ciudad de México,9030,Popoluca insuficientemente especificado,,Total,54.0,8882584.0,267381,,"Censo de Población y Vivienda 2020 (INEGI), cuestionario ampliado"
