cve,lengua,hablantes
01001,0211,789
01001,0502,354
01001,0205,140
01001,0701,126
01001,9000,123
01001,0601,120
01001,0501,119
01001,0602,72
01001,1101,65
01001,0210,59
01001,8000,59
01001,0516,58
01003,0211,26
01003,0907,16
01005,0211,86
01005,8000,34
01005,0516,24
01005,0502,20
01005,0701,20
01005,0205,12
01006,0211,22
01006,0513,12
01006,0601,12
01007,0211,39
01007,0502,35
01007,0516,34
01007,0210,18
01007,0801,14
01008,0210,22
01009,0209,16
01011,0607,78
01011,0211,61
02001,0516,6714
02001,0513,1704
02001,0211,876
02001,0518,314
02001,0301,245
02001,0607,190
02001,0509,156
02001,0606,136
02001,0205,136
02001,0501,132
02001,0208,132
02001,9000,111
02001,0901,105
02001,0602,93
02001,0207,84
02001,0604,82
02001,0907,79
02001,0508,59
02001,0701,55
02001,0502,32
02001,1101,29
02001,0507,29
02001,0210,28
02001,0305,27
02001,9020,27
02001,0304,24
02001,0209,13
02002,0801,822
02002,0211,798
02002,0513,625
02002,9000,564
02002,0516,563
02002,0207,399
02002,0606,207
02002,0607,175
02002,0701,135
02002,0210,134
02002,0205,134
02002,0209,110
02002,0208,85
02002,0602,81
02002,9030,80
02002,0608,72
02002,0501,72
02002,0509,70
02002,0901,56
02003,0304,181
02003,0516,152
02003,0211,83
02003,0207,78
02003,0508,60
02003,0801,51
02003,0509,49
02003,9000,40
02003,0513,26
02003,8000,16
02003,0701,15
02003,0901,14
02003,0602,13
02003,0209,13
02003,0618,13
02003,0607,12
02004,0516,6367
02004,0513,3541
02004,0211,1817
02004,0801,1640
02004,9000,1137
02004,0907,846
02004,0207,781
02004,0602,718
02004,0606,596
02004,0607,549
02004,0501,523
02004,0901,483
02004,0613,423
02004,0508,404
02004,0507,397
02004,0502,328
02004,0209,318
02004,0601,315
02004,0208,286
02004,0205,266
02004,0210,243
02004,0618,158
02004,8000,104
02004,0608,93
02004,9030,89
02004,0517,82
02004,0509,55
02004,1101,13
02005,0801,511
02005,0516,428
02005,0513,254
02005,0211,237
02005,9000,159
02005,0209,90
02005,0502,62
02005,0304,24
02005,0208,20
02005,0509,16
02005,0701,14
02006,0516,7319
02006,0513,3119
02006,0606,2067
02006,0518,1893
02006,0211,1624
02006,0515,587
02006,0901,215
02006,0607,210
02006,0508,162
02006,0601,77
02006,0608,66
02006,0613,66
02006,0209,26
02006,0509,26
02006,0602,17
02006,9000,13
03001,1101,324
03001,0516,308
03001,0211,160
03001,0901,69
03001,0513,50
03001,0515,36
03001,0209,18
03001,9000,14
03002,0516,400
03002,0513,239
03002,0211,218
03002,0518,127
03002,0701,44
03002,0901,37
03002,0509,30
03002,9000,24
03002,0601,23
03002,0613,22
03002,0606,20
03002,0205,20
03002,0207,12
03002,0515,12
03002,0602,11
03002,0607,10
03003,0516,1059
03003,0211,320
03003,0513,212
03003,0501,89
03003,0208,60
03003,0602,47
03003,0205,41
03003,0801,35
03003,0509,28
03003,9000,27
03003,0209,27
03003,0601,23
03003,0701,21
03003,0515,21
03003,0210,20
03003,0514,20
03003,0502,20
03003,0618,20
03008,0211,2710
03008,0516,1128
03008,0513,608
03008,9000,404
03008,0512,379
03008,0508,297
03008,0602,294
03008,9030,289
03008,0515,260
03008,0606,226
03008,0208,174
03008,0209,132
03008,0607,126
03008,0509,116
03008,0502,87
03008,0501,80
03008,0604,52
03008,0907,49
03008,0507,45
03008,9010,33
03008,0205,28
03008,0801,25
03008,0701,24
03008,0514,22
03008,0901,22
03008,0210,22
03009,9000,74
03009,0512,42
03009,0211,28
04001,0602,24509
04001,9000,27
04001,0513,25
04001,9010,18
04001,0604,14
04001,0607,14
04002,0602,10007
04002,0604,676
04002,0606,605
04002,0618,526
04002,0211,186
04002,0513,186
04002,0608,154
04002,0516,137
04002,0614,72
04002,0607,46
04002,0609,32
04002,0610,22
04002,0620,22
04002,0505,22
04002,0518,21
04002,0601,21
04002,0907,19
04002,0612,17
04002,0701,17
04003,0602,1070
04003,0604,1018
04003,0513,437
04003,0606,340
04003,9010,207
04003,0211,153
04003,0516,147
04003,0607,135
04003,9000,100
04003,0907,95
04003,0608,73
04003,0701,37
04003,0514,37
04003,0507,23
04003,0614,23
04003,0615,11
04004,0602,2971
04004,0608,621
04004,0618,299
04004,0612,224
04004,0614,153
04004,0604,151
04004,0606,76
04004,0211,61
04004,0607,43
04004,0513,27
04004,0517,19
04004,0901,19
04004,0501,14
04004,0615,14
04004,0610,14
04005,0602,10452
04005,0604,15
04005,0211,12
04005,0513,10
04006,0602,12777
04006,0604,43
04006,0207,14
04007,0602,23
04008,0602,1279
04008,0606,32
04009,0604,1045
04009,0602,556
04009,0606,96
04009,0513,55
04009,0211,51
04009,0701,39
04009,0607,31
04009,0516,28
04009,0901,25
04009,0907,15
04009,0601,11
04010,0604,5237
04010,0602,918
04010,0606,352
04010,0607,233
04010,0701,111
04010,0614,38
04010,0907,31
04010,9030,28
04010,0516,12
04010,9000,11
04010,0211,10
04010,0901,10
04011,0604,3841
04011,0701,623
04011,0606,560
04011,0607,308
04011,0602,237
04011,0614,70
04011,0907,51
04011,0211,43
04011,0514,28
04011,0509,21
05002,0211,224
05002,9000,69
05002,0513,46
05002,0501,26
05002,0604,24
05002,0502,23
05002,0701,23
05002,0602,23
05002,0607,23
05002,9010,23
05002,0516,23
05002,0515,23
05002,0606,23
05002,9030,22
05004,0211,10
05009,0211,50
05009,0601,28
05010,0516,22
05010,0513,11
05010,0205,11
05017,0701,55
05018,0601,26
05018,0211,25
05018,0509,24
05018,0205,15
05018,0607,13
05020,0211,71
05020,0205,11
05022,0211,17
05024,0211,29
05025,0211,108
05025,0513,54
05025,9000,54
05025,0602,27
05025,9010,27
05025,0801,27
05027,0211,156
05027,0701,145
05027,0604,102
05027,0513,101
05027,0516,90
05027,0509,68
05027,0607,48
05027,0601,40
05027,0205,32
05027,0605,17
05027,1101,17
05027,0907,17
05027,0502,16
05027,9000,16
05027,9030,15
05027,0602,15
05028,0211,72
05028,0901,13
05030,0211,726
05030,0601,224
05030,0701,118
05030,8000,118
05030,0602,60
05030,0506,58
05030,0501,56
05030,0606,56
05030,0901,56
05030,0507,56
05031,0513,20
05032,0211,15
05033,0211,44
05033,0516,36
05033,0801,16
05035,0607,270
05035,0602,112
05035,0211,107
05035,0502,97
05035,0501,95
05035,9000,62
05035,0516,49
05035,0513,47
06001,0211,61
06001,0801,28
06002,0211,506
06002,0516,374
06002,9000,73
06002,0205,48
06002,0513,30
06002,0501,26
06002,0607,25
06002,9030,25
06002,0508,24
06002,0801,24
06002,0601,24
06002,0701,24
06003,0211,55
06003,9000,15
06004,0516,106
06004,0211,19
06005,0211,275
06005,0801,12
06007,0513,222
06007,0211,178
06007,0501,41
06007,0801,34
06007,0516,33
06007,9000,32
06007,0515,28
06007,0602,28
06008,0211,17
06009,0211,666
06009,0516,578
06009,0801,219
06009,0607,36
06009,0907,18
06009,9000,12
06009,9010,12
06009,8000,12
06009,0205,12
06009,0501,12
06009,0901,12
06009,0208,12
06009,0701,10
06010,0211,292
06010,0502,123
06010,0801,51
06010,0506,24
07001,0618,22
07002,0607,1849
07002,0606,483
07002,0907,25
07003,0607,25
07004,0613,11783
07004,0606,8286
07004,0607,46
07004,0604,29
07004,0211,12
07005,0607,3193
07005,0907,911
07005,0604,667
07006,0618,349
07006,0610,231
07006,0615,75
07006,0616,13
07007,0606,7523
07007,0607,26
07008,0607,1010
07008,0606,113
07008,0618,76
07009,0513,115
07009,0606,47
07009,0607,34
07009,0211,31
07009,0907,15
07009,9000,11
07010,0618,14
07011,0618,152
07012,0607,1005
07012,0606,571
07012,0907,264
07012,0604,180
07012,0513,129
07012,9000,19
07012,0618,17
07012,0516,15
07012,8000,12
07012,0901,10
07012,0507,10
07013,0607,14976
07013,0604,71
07013,0606,46
07013,0907,40
07013,0211,24
07013,0513,22
07014,0607,21025
07015,0618,248
07015,0607,20
07015,0606,14
07016,0606,253
07016,0604,176
07017,0607,7933
07017,0606,143
07017,0907,39
07017,0513,14
07018,0607,1743
07018,0907,71
07019,0613,1793
07019,0606,1469
07019,0607,615
07019,0604,241
07019,0608,182
07019,0602,135
07019,0618,60
07019,0513,46
07019,0516,45
07019,0612,28
07019,9000,15
07019,0211,15
07019,0610,15
07019,8000,14
07020,0607,2172
07020,0606,1392
07020,0609,28
07020,0604,15
07020,0618,13
07020,0907,12
07021,0607,2430
07021,0907,1005
07021,0602,15
07022,0607,19483
07022,0606,20
07023,0607,92043
07023,0606,51
07023,9000,16
07023,0604,12
07024,0606,12012
07024,0607,12
07025,0907,5432
07025,0607,11
07025,0604,11
07026,0607,39996
07026,0606,2196
07026,9000,21
07027,0607,764
07027,0606,435
07027,0604,130
07027,0907,111
07027,0513,74
07027,0211,19
07027,9000,18
07028,0607,75
07029,0607,509
07030,0606,335
07030,0618,143
07030,0907,15
07031,0606,121172
07031,0604,58
07031,0607,15
07031,0602,15
07031,9000,15
07031,0211,13
07032,0618,89
07032,0607,26
07032,0606,17
07032,0907,10
07033,0907,4417
07034,0618,1036
07034,0608,87
07034,0613,57
07034,0606,47
07034,0607,35
07034,0610,35
07034,0616,31
07034,9000,27
07034,0615,17
07034,0513,12
07035,0608,19
07035,0618,14
07036,0618,32
07037,0618,29
07037,0513,18
07037,0606,11
07037,0607,11
07038,0607,13018
07038,0606,6385
07038,0604,24
07038,9000,15
07039,0607,8746
07039,0604,6210
07039,0606,15
07040,0618,82
07040,0513,76
07040,0211,39
07040,0607,32
07040,0615,26
07040,0606,24
07040,0508,14
07041,0612,696
07041,0608,516
07041,0606,403
07041,0607,24
07041,0613,19
07042,0607,1900
07042,0907,1359
07043,0907,1386
07043,0607,194
07044,0607,6386
07044,0604,34
07044,0606,22
07044,0211,12
07045,0607,736
07045,0907,27
07046,0607,1775
07046,0606,373
07046,0513,87
07046,0901,84
07046,0907,56
07046,0211,21
07046,0604,18
07046,0515,14
07046,9010,14
07047,0607,12662
07047,0907,2680
07047,0606,13
07047,0604,10
07048,0907,3421
07048,0607,14
07049,0607,27638
07049,0606,12
07050,0604,158
07050,0606,21
07051,0618,87
07051,0513,70
07051,9000,21
07051,0607,20
07051,0211,12
07052,0613,84457
07052,0612,4360
07052,0606,83
07052,0607,65
07052,0608,19
07052,0604,15
07052,0610,12
07053,0618,309
07053,0617,77
07054,0618,72
07054,0513,16
07055,0618,15
07056,0607,11974
07057,0618,620
07057,0611,105
07057,8000,36
07057,0604,14
07057,0607,14
07057,0606,13
07058,0607,17
07059,0606,178952
07059,0604,4773
07059,0607,2714
07059,9000,140
07059,0613,79
07059,0516,36
07059,0603,22
07060,0907,12316
07061,0607,12683
07061,0606,265
07061,0513,52
07061,0604,47
07061,0907,15
07061,0516,12
07062,0907,449
07062,0607,18
07062,0211,15
07063,0607,376
07063,0901,10
07064,0606,47706
07064,0607,21
07065,0606,25043
07065,0604,23842
07065,0907,1377
07065,0607,774
07065,0602,99
07065,0701,94
07065,0211,25
07065,0513,17
07066,0606,11562
07066,0607,10604
07067,0907,4651
07067,0604,27
07067,0606,11
07067,0607,11
07068,0907,409
07068,0607,104
07068,0606,19
07068,0604,18
07069,0513,83
07069,0607,55
07069,0606,13
07070,0618,386
07071,0606,132
07071,0607,45
07071,0618,24
07071,0513,14
07072,0607,10054
07072,0907,26
07072,9010,12
07073,0907,2737
07073,0607,405
07074,0607,101
07074,0604,96
07074,0907,66
07074,0513,51
07074,0606,10
07075,0606,1981
07075,0607,158
07076,0604,19791
07076,0607,820
07076,0606,176
07076,0907,13
07077,0604,45198
07077,0606,7583
07077,0607,17
07077,0602,12
07078,0607,54603
07078,0606,17662
07078,0604,866
07078,0513,199
07078,0907,55
07078,0618,54
07078,0901,34
07078,0211,32
07078,0602,22
07079,0607,845
07079,0606,120
07079,0907,63
07079,0604,28
07079,0901,12
07079,0513,11
07080,0618,88
07081,0607,33307
07081,0606,2848
07081,0907,266
07081,0604,266
07082,0606,13366
07082,0607,85
07083,0607,228
07083,0606,182
07083,0613,24
07084,0607,1171
07084,0907,266
07084,0604,10
07085,0607,2790
07085,0907,19
07085,0606,11
07086,0607,111
07086,0606,36
07086,0907,14
07087,0618,36
07087,0615,35
07087,0513,21
07087,0608,16
07087,9000,10
07087,0907,10
07089,0618,885
07089,0513,700
07089,9000,123
07089,0516,85
07089,0606,83
07089,0615,67
07089,0607,51
07089,0604,50
07089,0901,34
07089,0602,34
07089,0211,33
07089,0508,32
07089,0507,17
07089,0616,16
07090,0907,3754
07091,0907,584
07091,0607,98
07092,0907,5128
07092,0607,127
07092,0211,11
07092,0604,11
07092,0606,10
07093,0606,43261
07093,0607,36
07093,9000,11
07094,0607,15180
07094,0606,4574
07094,9000,50
07094,0604,32
07094,0907,22
07094,0901,11
07096,0604,59031
07096,0606,15636
07096,0907,28
07096,9030,18
07097,0513,194
07097,0607,151
07097,0606,40
07097,0604,24
07097,0602,16
07097,0507,16
07098,0607,372
07098,0606,10
07099,0608,2640
07099,0607,2326
07099,0609,1631
07099,0612,1233
07099,0602,440
07099,0618,222
07099,0613,198
07099,0606,44
07099,0604,18
07100,0604,32334
07100,0606,1428
07101,0607,4364
07101,0606,4304
07101,0604,1256
07101,0907,1144
07101,0513,1083
07101,0613,213
07101,0618,210
07101,0901,130
07101,0602,90
07101,0516,48
07101,0507,47
07101,9000,41
07102,0618,37
07102,0513,10
07102,0614,10
07103,0607,93
07103,0618,42
07103,0513,14
07103,0606,12
07103,0601,12
07103,0211,11
07104,0607,359
07104,0613,103
07104,0606,72
07104,0608,34
07104,0609,12
07104,0618,12
07105,0618,260
07106,0606,32539
07106,0607,6126
07106,9000,24
07106,0211,20
07106,0604,12
07107,0607,2693
07107,0606,216
07107,0604,10
07107,0907,10
07107,9000,10
07108,0607,727
07108,0606,521
07108,9000,29
07108,0604,12
07108,0907,10
07109,0606,29118
07109,0604,827
07109,0607,18
07109,9000,14
07110,0607,2565
07111,0607,41329
07111,0606,18
07111,9000,11
07112,0606,34080
07112,0607,10
07113,0607,7729
07114,0606,2525
07114,0604,619
07114,0614,320
07114,0607,197
07114,0507,161
07114,0211,54
07114,8000,32
07114,0615,25
07114,0509,15
07114,0701,15
07114,0907,12
07114,0618,10
07115,0607,1692
07115,0604,1188
07115,0606,1167
07115,0608,953
07115,0613,418
07115,0618,116
07115,0612,15
07115,0211,10
07116,0606,3885
07116,0907,1024
07116,0604,478
07116,0607,178
07116,0507,64
07116,0614,54
07116,0608,42
07116,0618,18
07116,0613,12
07117,0618,60
07117,0607,38
07118,0607,5144
07118,0907,40
07119,0607,4435
07121,0607,7218
07122,0607,288
07122,0606,15
07123,0907,1498
07123,0607,331
07123,0606,51
07124,0607,3108
07124,0907,2674
07124,0606,260
08002,0205,230
08002,0516,52
08003,0205,154
08003,0203,13
08004,0205,78
08004,0203,25
08005,0508,118
08005,0516,116
08005,0211,79
08005,0518,44
08005,0205,42
08005,0513,32
08005,0606,14
08005,0515,12
08006,0205,158
08007,0205,7696
08007,0203,17
08008,0205,6115
08008,9000,40
08009,0205,3879
08009,9000,13
08010,0516,1432
08010,0205,98
08010,0211,64
08010,0508,53
08010,0513,21
08010,0901,12
08010,0515,10
08011,0205,863
08011,0203,129
08011,0516,72
08011,9000,16
08012,0205,3774
08013,0516,141
08013,0205,42
08013,0211,36
08013,0513,11
08016,0205,67
08017,0205,3277
08017,9000,66
08017,0901,48
08017,0211,44
08017,0513,22
08017,0209,22
08018,0205,331
08019,0205,11349
08019,0211,895
08019,0516,828
08019,9000,385
08019,0502,357
08019,0203,293
08019,0515,272
08019,8000,213
08019,0206,147
08019,0907,142
08019,0509,142
08019,0513,136
08019,0901,71
08019,0601,70
08019,0607,69
08019,0701,10
08020,0205,383
08020,0206,52
08021,0205,507
08021,0211,127
08021,0513,77
08021,0516,54
08021,8000,39
08021,0203,36
08021,0607,22
08022,0205,131
08023,0516,388
08023,0205,20
08024,0205,71
08025,0205,50
08026,0205,54
08027,0205,26323
08027,0203,91
08027,0211,16
08027,0502,15
08029,0203,9037
08029,0205,5055
08029,0502,40
08029,0702,15
08030,0205,1944
08031,0205,1570
08032,0205,665
08032,0203,71
08032,0513,36
08032,0502,36
08032,0801,18
08033,0205,15
08034,0205,10
08035,0516,547
08035,0205,46
08036,0205,618
08036,0203,317
08036,0210,10
08037,0507,3175
08037,0211,2414
08037,0205,1045
08037,9000,445
08037,0509,363
08037,0602,349
08037,0607,326
08037,9030,324
08037,0502,324
08037,0501,230
08037,0516,228
08037,0513,221
08037,1101,112
08038,0205,36
08039,0205,78
08040,0202,449
08040,0205,137
08041,0205,203
08043,0205,19
08044,0205,25
08045,0516,233
08045,0205,171
08045,0211,27
08046,0205,2121
08046,0203,14
08047,0206,66
08048,0205,254
08048,9000,10
08049,0205,362
08050,0516,318
08050,0205,209
08050,9000,59
08050,0211,25
08050,0509,15
08050,0607,12
08050,0801,12
08050,0202,11
08050,0602,11
08051,0205,40
08052,0205,70
08052,9000,34
08052,0502,23
08052,0211,18
08054,0205,34
08055,0205,120
08056,0205,25
08057,0205,187
08058,0205,21
08059,0205,28
08060,0205,108
08060,0513,10
08061,0205,70
08062,0205,74
08062,0203,16
08063,0202,456
08063,0205,58
08064,0205,31
08065,0205,7756
08066,0205,923
08066,0206,352
08066,9000,17
08067,0205,38
09002,0211,1161
09002,0513,575
09002,0501,390
09002,0516,257
09002,0502,199
09002,0508,188
09002,0701,120
09002,9000,98
09002,0507,76
09002,0801,73
09002,0509,72
09002,0602,48
09002,0503,26
09002,0606,25
09002,0601,24
09002,0901,24
09002,0610,24
09003,0211,1473
09003,0509,809
09003,0513,749
09003,0701,693
09003,0507,666
09003,0516,586
09003,0502,430
09003,9000,333
09003,0501,267
09003,0508,205
09003,0602,99
09003,0607,69
09003,0901,66
09003,0801,36
09003,0601,36
09003,8000,33
09003,0511,32
09004,0516,718
09004,0211,458
09004,0501,331
09004,0502,237
09004,0507,236
09004,9000,177
09004,0701,146
09004,0513,117
09004,0509,69
09004,0606,50
09004,0607,28
09004,0901,26
09004,0602,24
09004,0801,21
09005,0211,4434
09005,0501,1703
09005,0701,1585
09005,0513,1570
09005,0509,1503
09005,0516,1495
09005,0502,1209
09005,0801,333
09005,9000,233
09005,0508,174
09005,0601,118
09005,0507,116
09005,0901,59
09005,0608,58
09005,0602,58
09005,0512,58
09006,0518,1540
09006,0509,1411
09006,0513,1262
09006,0211,1213
09006,0516,759
09006,0606,547
09006,0502,285
09006,0501,184
09006,9000,145
09006,0901,103
09006,0601,95
09006,0701,86
09006,0517,50
09006,0801,43
09006,8000,43
09006,0602,42
09006,0507,40
09007,0211,7197
09007,0516,6213
09007,0509,4186
09007,0502,2140
09007,0501,1811
09007,0513,1811
09007,0701,1285
09007,0507,1053
09007,0508,579
09007,0901,563
09007,0604,402
09007,0606,395
09007,0601,319
09007,9000,248
09007,0801,241
09007,0602,237
09007,9010,79
09007,0512,79
09007,1001,79
09008,0211,920
09008,0513,318
09008,0701,249
09008,0501,204
09008,0516,202
09008,0509,192
09008,0502,133
09008,0901,47
09008,0507,43
09008,9000,41
09008,0508,41
09008,0606,40
09008,0801,39
09008,0517,28
09008,0601,26
09008,0604,25
09008,0205,18
09008,0607,14
09008,9010,14
09009,0211,2002
09009,0501,428
09009,0509,393
09009,0516,377
09009,0502,260
09009,0512,183
09009,0508,118
09009,0901,112
09009,0513,109
09009,0701,106
09009,0507,89
09009,9030,42
09009,0612,12
09009,0606,11
09010,0211,2857
09010,0509,1413
09010,0501,1103
09010,0516,942
09010,0513,891
09010,0502,849
09010,0901,763
09010,0507,497
09010,0508,394
09010,0801,263
09010,0701,199
09010,0607,196
09010,0207,77
09010,0517,74
09010,0512,73
09010,0602,48
09010,0515,45
09010,9000,41
09010,0907,40
09010,0518,38
09010,0612,38
09011,0211,2178
09011,0501,1132
09011,0516,832
09011,0509,773
09011,0507,533
09011,0513,531
09011,0502,308
09011,0701,264
09011,0901,206
09011,0508,100
09011,0512,95
09011,0801,80
09011,0702,76
09011,0515,74
09011,0207,72
09011,0602,71
09011,9000,55
09011,0503,49
09011,0607,46
09011,0208,24
09011,8000,24
09011,0604,22
09011,0518,22
09011,1001,10
09011,0606,10
09012,0211,3619
09012,0516,1711
09012,0701,1400
09012,0509,1207
09012,0513,810
09012,0501,750
09012,0901,621
09012,0502,419
09012,9000,212
09012,0602,131
09012,0508,105
09012,0507,93
09012,0607,77
09012,0801,76
09012,0606,75
09012,8000,51
09012,0702,43
09012,0511,41
09012,0613,40
09012,0601,23
09012,0907,22
09012,0517,13
09012,0518,12
09012,9030,12
09013,0211,4550
09013,0509,1770
09013,0501,1668
09013,0516,610
09013,0701,324
09013,0513,256
09013,9000,196
09013,0502,173
09013,0507,134
09013,0801,125
09013,0901,93
09013,0604,62
09013,0503,62
09013,0613,62
09013,0601,40
09013,0508,31
09013,0602,20
09014,0211,1770
09014,0513,788
09014,0516,452
09014,0501,403
09014,0502,356
09014,0602,353
09014,0509,269
09014,0606,188
09014,9000,133
09014,8000,129
09014,0507,100
09014,0701,97
09014,0901,64
09014,0601,35
09014,0515,34
09014,0607,32
09014,0205,29
09015,0501,5473
09015,0502,2036
09015,0211,1458
09015,0606,1022
09015,0509,1021
09015,0513,989
09015,0901,696
09015,0516,240
09015,8000,207
09015,0701,189
09015,0512,153
09015,0507,137
09015,9000,119
09015,0607,119
09015,0508,88
09015,9010,76
09015,0208,40
09015,0602,40
09015,0618,39
09015,0518,38
09015,0615,38
09016,0211,1784
09016,0502,919
09016,0501,681
09016,0509,628
09016,0513,511
09016,0516,264
09016,0602,216
09016,0901,177
09016,9000,147
09016,0606,93
09016,0701,73
09016,0515,48
09016,0518,47
09016,0507,38
09016,0607,26
09016,0801,23
09016,0503,23
09017,0211,1264
09017,0501,849
09017,0509,774
09017,0502,728
09017,0516,626
09017,0513,535
09017,0701,425
09017,0507,373
09017,0901,129
09017,0602,77
09017,0607,53
09017,9000,51
09017,0801,27
09017,0606,26
09017,9010,24
10001,0211,27
10001,0513,10
10005,0204,3887
10005,9000,207
10005,0211,167
10005,0901,140
10005,0502,120
10005,0516,90
10005,0205,80
10005,0210,50
10005,0606,50
10005,0507,42
10005,0701,42
10005,0602,40
10005,0607,40
10005,0509,40
10007,0513,44
10007,0211,42
10007,0601,26
10007,0502,25
10007,0205,23
10007,0907,22
10007,0607,21
10008,0211,32
10008,0502,16
10009,0205,84
10010,0205,14
10011,0205,48
10012,0211,71
10012,0205,17
10012,0507,16
10012,9000,14
10013,0211,21
10013,0205,12
10014,0204,31582
10014,0210,2801
10014,0211,1064
10014,0209,359
10014,0203,166
10014,9000,53
10014,0702,25
10017,0205,96
10018,0205,40
10023,0204,3798
10023,0211,36
10023,0701,12
10023,0702,12
10023,0502,10
10025,0205,38
10028,0211,25
10028,0204,24
10032,0211,73
10032,0701,31
10032,0513,19
10032,0205,18
10032,0204,18
10032,0502,18
10032,0501,12
10033,0204,846
10035,0502,65
10035,0205,12
10037,0502,23
10038,0204,300
10038,0502,12
10039,0211,10
11001,0801,60
11001,0901,54
11001,0502,36
11001,0211,12
11002,0502,18
11002,0513,16
11002,0501,16
11002,0211,16
11003,0211,162
11003,0513,39
11003,0210,28
11003,0516,12
11004,0211,64
11004,0501,43
11005,0211,117
11005,0501,55
11005,0516,48
11005,0602,19
11007,0501,413
11007,0502,317
11007,0901,204
11007,0211,173
11007,0516,82
11007,0513,61
11007,0801,54
11007,0607,42
11007,9000,31
11007,0601,29
11007,0602,28
11008,0210,18
11008,0801,12
11009,0501,73
11009,0211,27
11009,0901,15
11011,0502,79
11011,0501,60
11011,0211,20
11011,0210,20
11012,0502,25
11012,0901,20
11013,0801,28
11013,0211,15
11014,0502,83
11014,0901,79
11014,0801,70
11014,0501,49
11014,0211,36
11014,0513,18
11015,0211,300
11015,0901,88
11015,0501,60
11015,0502,26
11015,0602,22
11015,0513,19
11015,9000,15
11015,0701,12
11015,0607,12
11015,0509,12
11016,0502,11
11017,9000,188
11017,0501,162
11017,0513,161
11017,0211,156
11017,0602,81
11017,0607,81
11017,9030,54
11017,0502,54
11017,0702,54
11017,0516,53
11017,0901,28
11017,0801,27
11017,0508,27
11017,0518,27
11017,0210,27
11018,0211,36
11020,0211,1192
11020,0509,481
11020,0901,475
11020,0516,365
11020,9000,350
11020,0601,135
11020,0501,133
11020,0513,82
11020,0602,69
11020,0607,67
11020,0502,67
11020,0801,14
11023,0211,19
11023,0801,11
11024,0901,20
11025,0507,56
11025,0501,42
11025,0211,38
11025,0602,36
11025,0601,17
11025,0606,14
11025,9000,13
11026,0211,27
11026,0501,21
11026,0513,21
11026,0801,17
11026,0502,10
11026,0901,10
11027,0513,161
11027,0211,95
11027,0502,48
11027,0602,47
11028,0211,75
11028,9000,16
11028,0502,16
11028,0901,16
11028,0606,11
11028,0516,10
11029,0513,29
11030,0211,37
11030,0901,33
11031,0211,88
11031,9000,23
11031,0508,22
11031,0901,11
11031,0516,10
11032,0502,43
11032,0211,35
11032,0901,35
11032,0507,28
11032,0516,11
11033,0506,2653
11033,9000,85
11035,0901,56
11035,0211,50
11035,0501,29
11037,0211,132
11037,0513,37
11037,9000,26
11037,0516,26
11037,0701,22
11037,0602,14
11037,0502,12
11037,0501,12
11039,0516,26
11040,0501,235
11040,0211,21
11041,0502,103
11041,0516,24
11041,0211,17
11042,0502,73
11042,0701,18
11042,0211,10
11043,0506,40
11043,0211,15
11044,0501,57
11044,0211,25
11044,9000,23
11044,0901,18
11044,0601,13
12001,0211,4955
12001,0516,2921
12001,0508,2827
12001,0515,1722
12001,0513,370
12001,0509,72
12001,0606,64
12001,0701,64
12001,0801,60
12001,0602,53
12001,0607,17
12002,0211,3218
12002,0516,29
12002,0508,21
12003,0211,46
12004,0516,17122
12004,0211,34
12004,0508,18
12005,0516,869
12005,0211,310
12005,0508,80
12006,0211,60
12006,0508,31
12007,0211,97
12007,0502,18
12008,0211,830
12009,0508,2517
12009,0516,2488
12009,0211,20
12010,0508,12538
12010,0211,4392
12010,0516,18
12011,0211,1056
12011,0508,622
12011,9020,30
12011,0204,12
12012,0516,12494
12012,0508,1575
12012,0211,251
12012,0515,16
12013,0508,337
12013,0516,334
12013,0211,161
12013,0515,41
12014,0211,40
12014,0508,15
12015,0211,93
12017,0211,39
12018,0515,98
12018,0516,91
12018,0508,24
12018,0211,17
12019,0211,10546
12020,0516,9479
12020,0211,7469
12020,0508,217
12021,0508,134
12021,0516,134
12021,0515,24
12021,0211,23
12022,0508,16
12023,0515,888
12023,0516,424
12023,0211,47
12023,0508,17
12024,0211,3238
12024,0516,36
12024,0508,14
12025,0516,92
12025,0508,12
12025,0211,10
12026,0211,405
12027,0516,12
12028,0211,20140
12028,0508,1557
12028,0516,386
12028,0513,25
12028,0501,17
12029,0508,3144
12029,0211,2423
12029,0516,1323
12029,0515,287
12029,0502,87
12029,0513,46
12029,0607,29
12029,0514,29
12029,0616,16
12029,0507,14
12030,0516,213
12030,0508,82
12030,0515,40
12030,0211,26
12030,0513,12
12031,0211,11
12032,0508,103
12032,0211,24
12033,0211,3025
12033,0508,217
12033,0516,88
12034,0211,2258
12035,0211,2459
12035,0508,420
12035,0516,204
12035,0513,105
12035,0515,44
12035,9000,31
12035,0701,20
12035,0514,19
12035,0602,19
12036,0516,1436
12036,0515,108
12036,0508,21
12037,0211,19
12038,0508,1247
12038,0211,1243
12038,0516,170
12038,0513,132
12038,0515,129
12038,0701,88
12038,0901,36
12038,9000,34
12038,0602,24
12038,0502,22
12038,0514,11
12039,0508,117
12039,0211,65
12039,0516,58
12040,0508,77
12040,0211,61
12041,0508,20820
12041,0516,3346
12041,0211,60
12041,9000,24
12042,0211,5209
12042,0516,11
12043,0516,14522
12043,0508,1881
12043,0211,18
12044,0211,95
12044,0508,45
12045,0211,7511
12045,0516,26
12045,0508,11
12046,0515,17725
12046,0516,2269
12046,0211,125
12046,0508,78
12048,0516,115
12048,0211,44
12048,0604,26
12048,0507,19
12048,0508,13
12048,0509,12
12048,0515,10
12050,0211,97
12050,0502,32
12051,0211,4005
12051,0508,216
12051,0512,66
12052,0516,14112
12052,0508,5096
12052,0211,117
12053,0515,219
12053,0211,77
12053,0516,75
12053,0508,56
12053,0607,16
12054,0508,39
12055,0211,2139
12055,0508,64
12055,0516,24
12056,0516,1092
12056,0508,136
12056,0211,33
12057,0516,164
12057,0211,162
12057,0508,62
12058,0211,144
12058,0516,32
12058,0508,31
12059,0211,4552
12059,0508,36
12059,0516,12
12060,0211,12
12061,0211,8066
12061,0508,78
12061,0516,46
12061,0515,10
12062,0516,10535
12062,0515,5650
12062,0211,148
12062,9000,10
12063,0508,7810
12063,0211,22
12063,0516,18
12065,0516,1295
12065,0508,677
12065,0211,21
12066,0516,18380
12066,0211,16405
12066,0508,5643
12066,0701,17
12066,0210,17
12068,0516,19
12068,0515,16
12068,9030,10
12068,0211,10
12069,0211,4844
12069,0516,4644
12069,0508,50
12070,0211,73
12070,0516,30
12070,0508,16
12071,0515,23855
12071,0516,1541
12071,0211,104
12071,0508,13
12072,0508,8749
12072,0211,674
12072,0516,24
12074,0211,11534
12074,0508,18
12075,0211,5759
12075,0508,73
12075,0515,21
12075,9000,15
12075,0516,11
12075,0507,10
12076,0508,35371
12076,0211,32
12076,0516,25
12077,0516,202
12077,0515,93
12077,0508,89
12077,0211,37
12077,0513,11
12078,0516,18849
12078,0508,18
12078,0211,13
12079,0211,15431
12079,0508,12
12080,0516,146
12080,0515,136
12080,0508,26
12081,0508,9007
12081,0516,21
13001,0501,38
13001,0211,32
13002,0211,16917
13002,0501,56
13003,0501,1824
13003,0211,91
13003,0502,17
13003,9000,12
13004,0501,41
13004,0211,24
13005,0211,35
13005,0501,26
13006,0501,2731
13006,0211,22
13006,0601,10
13008,0211,94
13009,0501,160
13009,0211,32
13010,0513,41
13010,0501,37
13010,0801,32
13010,0211,28
13010,0502,21
13010,0516,16
13010,0701,14
13011,0211,14317
13011,0501,15
13012,0211,38
13012,0501,19
13012,0516,11
13013,0211,367
13013,0501,71
13013,0901,66
13013,0516,65
13013,0515,44
13013,0513,43
13013,9000,34
13013,0502,32
13013,0508,22
13013,0701,22
13013,0518,11
13013,0606,11
13013,0607,11
13013,0507,11
13013,0509,10
13014,0211,4800
13014,0502,10
13015,0501,8751
13015,0211,51
13015,0508,15
13016,0211,103
13016,0516,39
13016,0702,15
13016,0501,14
13016,0701,12
13017,0501,42
13018,0211,2497
13018,0501,20
13019,0501,5937
13019,0211,35
13021,0211,47
13022,0211,185
13023,0501,432
13023,0211,39
13024,0211,49
13024,0501,20
13025,0211,13028
13025,0601,19
13025,9000,10
13026,0211,9399
13027,0501,9588
13027,0702,795
13027,0211,66
13027,0701,11
13028,0211,71766
13028,0601,63
13028,0501,61
13028,0701,12
13028,0516,11
13028,0513,10
13028,9000,10
13029,0501,262
13029,0211,59
13029,0516,24
13030,0501,29404
13030,0211,343
13030,0516,81
13030,0601,43
13030,0502,37
13030,0801,25
13030,0701,24
13030,0509,24
13031,0501,32
13031,0211,16
13032,0211,8112
13033,0211,28
13034,0211,3160
13035,0501,107
13035,0211,30
13036,0211,41
13037,0501,2769
13037,0211,58
13038,0211,34
13039,0211,28
13039,0501,11
13040,0211,29
13040,0501,15
13041,0501,341
13041,0801,77
13041,0211,28
13042,0211,100
13043,0501,3131
13043,0211,18
13044,0501,53
13045,0211,20
13046,0211,20989
13046,0601,53
13046,0501,13
13047,0501,96
13047,0211,20
13048,0211,10886
13048,0501,2084
13048,0701,271
13048,0513,209
13048,0602,98
13048,0607,53
13048,9030,50
13048,0702,49
13048,9000,30
13048,0907,28
13048,0507,24
13049,0211,108
13049,0501,12
13050,0501,287
13050,0211,87
13051,0211,2005
13051,0501,759
13051,0702,77
13051,0901,43
13051,8000,16
13051,0701,11
13052,0211,155
13052,0501,123
13052,0502,12
13052,0701,11
13053,0501,5863
13053,0211,27
13054,0501,6066
13054,0211,58
13054,0516,14
13055,0501,7098
13055,0211,27
13055,0516,22
13055,0502,10
13056,0211,161
13056,0501,132
13056,0701,39
13057,0211,15
13058,0501,5295
13058,0211,57
13059,0501,2970
13059,0211,29
13059,0502,18
13059,9000,14
13060,0501,2642
13060,0211,37
13061,0211,254
13061,0501,104
13061,0513,19
13061,0502,15
13061,0701,13
13061,0602,10
13062,0211,9704
13063,0501,3108
13063,0211,219
13063,0513,50
13063,0604,38
13063,0507,36
13063,0701,28
13063,0502,21
13063,0607,12
13064,0501,260
13065,0501,18
13066,0211,24
13066,0701,10
13067,0501,123
13067,0801,81
13067,0211,37
13068,0211,6031
13068,9000,12
13069,0211,1905
13069,0501,289
13069,0516,173
13069,0701,171
13069,0509,144
13069,0513,99
13069,0801,72
13069,0502,64
13069,9000,61
13069,0901,42
13069,0601,27
13069,9030,26
13069,0602,14
13069,0606,13
13069,0508,13
13069,0702,12
13070,0501,62
13070,0701,10
13071,0211,26
13071,0501,17
13072,0211,16
13073,0211,21428
13073,0601,18
13073,0501,17
13074,0501,99
13074,0211,32
13075,0211,77
13075,0501,22
13075,0508,16
13075,9000,10
13076,0513,396
13076,0501,225
13076,0211,130
13076,0702,78
13076,0516,52
13076,0901,46
13076,0801,24
13076,0509,21
13077,0501,3161
13077,0211,1275
13077,0509,46
13077,0516,31
13077,0502,18
13077,0513,17
13077,0701,16
13077,0801,15
13077,0702,15
13078,0211,16166
13078,0601,11
13079,0211,63
13080,0211,19159
13081,0211,2084
13081,0501,37
13082,0211,136
13082,0501,28
13082,0516,20
13082,0509,14
13082,0604,12
13082,0901,12
13083,0211,330
13083,0501,105
13083,0513,20
13083,0602,15
13083,9000,11
13083,0702,10
13083,0701,10
13084,0501,3506
13084,0211,228
13084,0702,16
14001,0606,16
14003,0211,22
14005,0210,105
14006,0211,35
14006,0801,21
14006,0516,21
14008,0606,233
14008,0211,10
14009,0211,81
14009,0509,27
14009,0513,27
14009,0210,21
14009,0516,21
14013,0604,58
14013,0606,48
14013,0801,26
14013,0210,18
14015,0211,445
14015,0801,43
14015,0210,36
14016,0604,60
14016,0607,14
14018,0801,43
14018,8000,35
14018,0601,32
14018,0501,18
14018,0604,11
14019,0210,3715
14019,9000,52
14021,0211,23
14021,0516,20
14022,0516,387
14022,0211,164
14022,0502,24
14022,0606,10
14022,0501,10
14022,0604,10
14023,0607,300
14023,0211,118
14023,0509,102
14023,0516,102
14023,0513,96
14023,0801,80
14023,0606,36
14023,0604,32
14023,0602,17
14023,0515,17
14023,9000,16
14024,0210,40
14024,0516,18
14025,0210,474
14025,0211,14
14027,0211,477
14027,0516,66
14030,0518,67
14030,0211,33
14031,0210,73
14033,0211,12
14033,0604,12
14037,0211,516
14039,0211,2807
14039,0607,2074
14039,9000,439
14039,0210,422
14039,0516,281
14039,0514,272
14039,0801,207
14039,0901,143
14039,0602,142
14039,0208,139
14039,0502,138
14039,0507,74
14039,0513,73
14039,0701,71
14039,0205,69
14040,0210,29
14041,0210,14
14042,0210,1095
14042,9020,25
14042,0204,18
14043,0211,29
14043,0516,12
14044,0211,89
14044,0516,29
14044,0601,24
14044,9030,20
14044,0514,20
14044,0603,12
14044,0501,12
14044,0210,11
14044,0607,10
14044,9000,10
14044,0508,10
14047,0801,50
14047,0210,37
14047,0211,14
14048,0211,96
14048,0606,15
14049,0211,10
14050,0607,91
14050,0801,56
14050,0211,52
14050,0606,40
14050,0518,20
14050,9000,16
14052,0210,14
14053,0211,62
14053,0502,45
14053,0516,30
14053,0501,15
14053,0513,15
14053,0210,15
14053,0602,15
14055,0210,11
14058,0516,18
14059,0801,23
14059,0516,10
14061,0210,15128
14063,0211,81
14063,0801,63
14063,0901,52
14063,9030,28
14063,0513,26
14063,0210,14
14063,9000,14
14066,0501,24
14066,0801,16
14066,0211,15
14067,0211,1319
14067,0501,450
14067,0513,383
14067,0210,260
14067,0518,219
14067,0516,147
14067,0607,107
14067,9000,87
14067,0209,63
14067,0701,63
14067,0801,56
14067,0601,38
14067,0508,35
14067,0502,30
14067,8000,20
14067,0901,19
14067,0606,18
14067,0509,18
14067,0602,18
14067,0514,15
14067,0604,11
14068,0211,46
14068,9000,12
14070,0211,444
14070,0801,281
14070,0501,180
14070,0701,129
14070,0513,108
14070,0601,93
14070,9000,58
14070,0502,51
14070,9030,50
14070,0509,26
14070,0516,26
14070,0507,25
14070,0205,21
14070,0209,12
14071,0210,106
14073,8000,36
14073,0907,36
14076,0210,153
14078,0801,22
14078,0211,15
14079,0515,50
14079,0607,43
14079,0516,40
14079,0211,19
14082,0516,40
14082,0616,15
14082,0604,15
14082,0211,13
14083,0211,472
14083,0513,192
14083,0606,138
14083,0516,111
14083,0901,106
14083,0502,59
14083,0601,39
14083,0507,29
14083,0801,23
14083,0701,16
14083,0208,16
14083,9000,15
14083,0501,15
14083,0602,13
14084,0801,20
14084,0502,16
14085,0211,58
14085,0801,39
14085,0210,16
14086,0516,164
14086,0607,36
14086,0211,13
14088,0211,24
14089,0516,13
14090,0211,22
14091,0502,58
14093,0801,75
14093,0513,37
14093,0601,30
14093,0211,15
14094,0701,24
14094,0209,21
14094,0211,16
14096,0210,19
14096,0801,13
14097,0211,2168
14097,0701,583
14097,0901,406
14097,0607,286
14097,0602,241
14097,0801,226
14097,0516,205
14097,0513,170
14097,1101,144
14097,0601,142
14097,0502,129
14097,9030,93
14097,0907,84
14097,0507,76
14097,9000,37
14097,0606,36
14097,0210,23
14098,0211,1586
14098,0513,570
14098,0801,308
14098,0701,227
14098,0502,166
14098,0501,164
14098,0601,130
14098,0516,88
14098,0602,85
14098,0507,42
14098,9030,41
14098,0210,10
14099,0516,188
14099,0211,34
14100,0516,782
14100,0211,69
14101,0211,552
14101,0801,264
14101,0502,200
14101,9000,166
14101,0501,131
14101,0602,70
14101,0601,61
14101,0516,61
14101,0205,36
14101,0509,26
14101,0701,12
14103,0211,92
14104,0210,71
14108,0211,388
14108,0508,30
14108,0516,24
14108,0513,24
14108,0801,16
14110,9000,14
14113,0516,42
14114,0801,12
14115,0210,280
14116,0502,12
14118,0602,23
14119,0801,26
14120,0211,10279
14120,0607,917
14120,0210,829
14120,0601,651
14120,0801,570
14120,0516,508
14120,0513,473
14120,0602,468
14120,9000,407
14120,0507,370
14120,0509,320
14120,0901,248
14120,0604,120
14120,0606,105
14120,8000,101
14120,0515,91
14120,0514,24
14120,0502,22
14120,0701,12
14120,9030,11
14121,0801,54
14121,0607,52
14121,0211,23
14121,0608,12
14121,0516,10
14124,0211,43
14124,0604,26
14124,0501,10
14125,0606,18
15001,0501,10638
15001,0502,170
15001,0211,119
15001,0513,41
15001,9000,35
15001,0801,24
15001,0516,17
15001,0509,15
15002,0211,771
15002,0516,304
15002,0501,255
15002,0502,224
15002,0509,194
15002,0513,186
15002,0701,54
15002,0507,44
15002,0601,38
15002,0901,34
15002,0515,19
15002,0508,19
15002,8000,19
15002,9000,18
15003,0501,1844
15003,0211,44
15003,0502,36
15003,0516,31
15003,0513,15
15005,0501,145
15005,0502,52
15005,0211,19
15006,0211,36
15006,0502,26
15007,0501,1008
15007,0502,90
15007,0211,30
15007,0516,12
15009,0211,64
15009,0509,31
15009,0801,30
15009,0516,29
15009,0513,23
15010,0211,34
15010,0501,29
15010,0602,10
15011,0211,836
15011,0501,246
15011,0701,217
15011,0901,174
15011,0502,118
15011,0509,101
15011,0516,64
15011,0513,41
15011,8000,21
15011,9000,14
15012,0502,136
15012,0501,30
15013,0211,3020
15013,0509,974
15013,0501,840
15013,0701,727
15013,0513,493
15013,0516,456
15013,0502,349
15013,9000,225
15013,0901,160
15013,0518,128
15013,0507,84
15013,0801,82
15013,0511,80
15013,0601,61
15013,0602,57
15013,0702,54
15013,0515,52
15013,0517,51
15013,0604,27
15013,9020,27
15013,0508,26
15013,0503,26
15014,0502,14399
15014,0501,563
15014,0513,71
15014,0211,29
15014,0509,20
15014,0516,16
15014,0604,11
15014,0701,11
15014,9000,10
15015,0211,47
15015,0501,11
15016,0211,43
15016,0501,36
15016,0516,17
15017,0211,12
15018,0501,81
15018,0502,45
15018,0211,35
15018,0513,10
15019,0211,45
15019,0501,38
15019,0502,21
15019,0515,12
15020,0211,601
15020,0501,266
15020,0513,240
15020,0516,171
15020,0701,158
15020,0509,128
15020,9000,52
15020,0507,36
15020,0801,34
15020,0901,32
15020,0602,32
15020,0502,31
15020,0604,18
15020,0606,17
15020,0607,16
15020,0508,16
15020,8000,14
15021,0211,23
15022,0211,58
15022,0501,15
15022,0701,10
15022,0516,10
15023,0211,255
15023,0501,44
15023,0516,38
15023,0502,29
15023,1101,21
15023,0701,15
15024,0211,671
15024,0701,236
15024,0501,217
15024,0513,202
15024,0509,166
15024,0907,76
15024,0502,72
15024,0602,42
15024,9000,37
15024,0516,33
15024,0702,19
15024,0605,19
15024,1101,19
15024,0901,15
15024,0205,15
15025,0211,1945
15025,0516,1921
15025,0509,735
15025,0513,653
15025,0701,480
15025,0501,394
15025,0502,214
15025,0901,207
15025,9000,186
15025,0606,73
15025,0512,63
15025,0517,55
15025,0907,46
15025,0602,35
15025,0514,23
15025,0511,22
15025,0510,22
15025,0508,20
15025,0607,19
15025,0507,17
15025,0801,10
15026,0501,3206
15026,0211,45
15026,0701,16
15026,0502,16
15026,0516,13
15026,0901,12
15026,0702,12
15027,0211,20
15028,0211,248
15028,0701,27
15028,0501,18
15028,0502,15
15028,0507,14
15028,0513,10
15029,0211,733
15029,0801,504
15029,0516,371
15029,0501,357
15029,0509,243
15029,0701,210
15029,0507,117
15029,9000,68
15029,0513,61
15029,0502,56
15030,0211,376
15030,0701,123
15030,0801,42
15030,0901,22
15030,0501,11
15030,0516,10
15031,0516,7638
15031,0211,7173
15031,0509,1585
15031,0513,1220
15031,0501,1068
15031,0701,864
15031,0502,765
15031,0901,579
15031,9000,427
15031,0508,281
15031,0507,232
15031,0517,119
15031,0606,59
15031,0801,57
15031,0518,56
15031,0907,56
15031,0515,56
15031,0512,56
15031,0511,31
15031,9020,30
15031,0702,29
15031,0607,28
15031,0604,27
15032,0502,3464
15032,9000,18
15032,0211,16
15033,0211,12023
15033,0501,3848
15033,0516,2466
15033,0701,2116
15033,0513,2045
15033,0509,1945
15033,0502,907
15033,0702,452
15033,9000,408
15033,0901,408
15033,0801,370
15033,0602,320
15033,0508,225
15033,0517,158
15033,0515,148
15033,9010,76
15033,8000,75
15033,0606,75
15033,0507,74
15034,0211,18
15035,0211,1006
15035,0513,423
15035,0516,361
15035,0701,274
15035,0606,171
15035,0501,144
15035,0509,122
15035,9000,107
15035,0901,88
15035,0602,41
15035,1101,38
15035,9010,29
15035,0607,27
15035,0907,27
15035,0604,26
15035,0507,13
15035,0502,12
15035,9030,12
15036,0501,70
15036,0211,55
15036,0516,12
15037,0211,2016
15037,0501,639
15037,0516,585
15037,0502,410
15037,0513,272
15037,9000,266
15037,0701,240
15037,0518,230
15037,0509,160
15037,0601,40
15037,0517,40
15037,0508,38
15037,0606,27
15037,0507,25
15038,0211,34
15038,0501,28
15038,0513,14
15039,0211,3533
15039,0516,2323
15039,0701,836
15039,0509,761
15039,0513,723
15039,0501,678
15039,0507,460
15039,0901,408
15039,0518,271
15039,0508,201
15039,0502,165
15039,0801,133
15039,9000,127
15039,0517,77
15039,0601,75
15039,0606,75
15039,0602,45
15039,0607,40
15039,0512,29
15039,8000,25
15039,0515,23
15040,0211,70
15041,0502,88
15042,0502,22002
15042,0501,179
15042,0211,99
15042,9000,45
15042,0516,42
15042,0602,15
15042,9010,15
15042,0507,15
15042,0509,11
15043,0211,154
15043,0501,36
15043,0502,13
15044,0211,125
15044,0702,53
15044,0501,38
15044,0509,25
15044,0516,16
15045,0501,104
15045,0211,103
15045,0701,37
15045,0509,29
15045,0801,21
15045,9000,20
15045,0513,17
15046,0211,30
15046,0701,18
15046,0516,15
15046,0513,14
15046,9000,14
15046,0901,10
15047,0501,5134
15047,0502,638
15047,0211,75
15047,0509,70
15047,0516,35
15047,0701,17
15047,0507,17
15048,0502,1798
15048,0501,46
15048,0509,35
15048,0211,22
15048,0513,17
15048,0701,14
15048,0607,13
15048,0601,13
15049,0502,152
15049,0211,19
15050,0509,15
15050,0211,13
15051,0501,1266
15051,0211,185
15051,0606,174
15051,9000,97
15051,0507,82
15051,0513,29
15052,0211,42
15052,0513,12
15053,0211,570
15053,0501,160
15053,0516,101
15053,0701,92
15053,0509,74
15053,0502,25
15053,0518,12
15053,0702,12
15053,0801,11
15054,0501,307
15054,0211,240
15054,0502,160
15054,0901,131
15054,0513,81
15054,0504,60
15054,0516,47
15054,8000,40
15054,9000,32
15054,0503,19
15054,0602,18
15054,9010,13
15054,0701,12
15054,9030,12
15055,0501,17
15056,0501,5819
15056,0502,138
15056,0211,20
15057,0211,7372
15057,0509,2999
15057,0516,2651
15057,0501,2320
15057,0502,1978
15057,0901,1389
15057,0513,1119
15057,0701,1024
15057,0507,487
15057,0508,443
15057,0601,254
15057,0602,245
15057,0515,236
15057,0606,183
15057,0702,116
15057,0801,115
15057,0517,114
15057,8000,87
15057,9000,72
15057,0503,65
15057,0518,61
15057,0604,59
15058,0509,3105
15058,0211,2898
15058,0516,2823
15058,0513,1713
15058,0501,884
15058,0507,803
15058,9000,587
15058,0701,521
15058,0901,468
15058,0508,424
15058,0502,301
15058,0602,236
15058,0511,118
15058,0515,112
15058,0601,60
15058,0606,59
15058,0517,56
15058,0801,56
15059,0211,530
15059,0516,115
15059,0701,110
15059,0502,58
15059,0509,46
15059,0501,29
15059,0513,27
15059,0507,21
15059,0604,12
15059,0601,11
15059,0508,10
15060,0501,3910
15060,0211,3536
15060,0509,1313
15060,0516,813
15060,0801,535
15060,0513,494
15060,0701,408
15060,0507,310
15060,0502,249
15060,0901,228
15060,0518,223
15060,9000,182
15060,0602,49
15060,0606,48
15060,0607,48
15060,0511,36
15060,0601,26
15060,0515,23
15060,9020,23
15060,0702,23
15061,0211,14
15062,0501,2159
15062,0211,156
15062,0513,50
15062,0502,38
15062,0701,30
15062,1101,16
15062,0901,12
15062,0506,10
15062,0607,10
15062,0702,10
15063,0504,159
15063,0211,63
15063,0502,35
15063,0901,18
15063,0516,15
15063,0501,10
15064,0502,4540
15064,0501,61
15064,0211,27
15064,0516,18
15065,0211,60
15065,0501,34
15065,0502,16
15065,0701,15
15065,0517,12
15065,0513,11
15067,0501,2372
15067,0502,68
15067,0211,20
15067,0701,20
15067,0516,20
15067,0515,10
15067,0509,10
15068,0508,145
15068,0516,119
15068,0211,23
15068,0509,11
15069,0211,27
15070,0516,2716
15070,0211,2707
15070,0501,1426
15070,0509,1108
15070,0513,481
15070,0901,437
15070,0502,424
15070,9000,388
15070,0507,305
15070,0508,221
15070,0701,217
15070,0602,70
15070,0606,56
15070,0907,51
15070,0801,50
15070,0518,24
15070,0515,18
15070,0512,16
15070,0607,11
15071,0501,35
15071,9000,10
15072,0501,21
15072,0211,14
15073,0211,53
15073,0501,25
15073,0502,20
15073,0901,14
15074,0502,28584
15074,0501,162
15074,0211,118
15074,0516,64
15074,0509,36
15074,0602,14
15074,0701,14
15074,0606,14
15074,0801,14
15074,0508,13
15075,0211,87
15075,0501,77
15075,0509,13
15076,0501,223
15076,0211,77
15076,0502,66
15076,0516,22
15076,0607,11
15076,9000,11
15076,0507,11
15079,0501,12
15080,0211,27
15081,0211,1920
15081,0501,910
15081,0509,581
15081,0901,451
15081,0701,414
15081,0516,291
15081,0502,267
15081,0513,234
15081,0607,188
15081,0606,158
15081,9000,154
15081,0801,111
15081,1101,63
15081,0508,48
15081,0512,46
15081,0507,39
15081,0601,39
15081,0702,21
15082,0211,36
15082,0801,10
15083,0211,48
15083,0513,31
15083,0509,25
15083,0516,16
15083,0602,14
15083,0901,13
15084,0211,256
15084,0501,69
15084,0509,56
15084,0516,15
15084,0502,15
15084,0513,13
15084,0508,10
15085,0502,9156
15085,0501,602
15085,0211,68
15085,0516,22
15085,0509,20
15085,0513,18
15085,0602,10
15085,0901,10
15085,0701,10
15086,0503,2020
15086,0502,28
15086,0501,19
15086,0211,15
15087,0501,14618
15087,0211,240
15087,0502,79
15087,0701,71
15087,0512,28
15087,0516,26
15087,9000,11
15087,0508,11
15088,0211,92
15088,0502,44
15088,0701,24
15088,0516,24
15088,0501,17
15088,0901,14
15089,0211,24
15090,0211,161
15090,0513,26
15090,0502,24
15090,0501,12
15090,0509,10
15091,0211,192
15091,9000,48
15091,0516,33
15091,0509,22
15091,0901,11
15092,0211,185
15092,0501,154
15092,0516,136
15092,0513,60
15092,0901,36
15092,0509,34
15092,0701,19
15092,0508,11
15092,9000,10
15092,0518,10
15093,0211,188
15093,0516,51
15093,0701,17
15093,0501,16
15093,0607,13
15093,0513,13
15093,0507,11
15094,0516,62
15094,0211,50
15095,0211,452
15095,0516,346
15095,0509,192
15095,0501,139
15095,0513,111
15095,0701,90
15095,0901,46
15095,0518,35
15095,0606,29
15095,0502,23
15095,0601,15
15096,0211,71
15096,0502,33
15096,0501,22
15096,0513,14
15096,0509,13
15096,0606,12
15098,0211,25
15098,0507,17
15099,0211,3673
15099,0701,477
15099,0513,408
15099,0501,386
15099,0516,211
15099,0507,161
15099,0509,133
15099,0502,94
15099,0901,87
15099,0518,51
15099,9000,27
15099,0601,19
15099,0101,12
15099,0607,10
15100,0211,574
15100,0501,86
15100,0701,79
15100,0901,64
15100,0516,57
15100,0513,55
15100,0518,30
15100,0507,22
15100,0601,18
15101,0211,581
15101,0501,284
15101,0513,19
15101,0509,18
15101,0610,11
15101,0607,11
15101,0502,11
15102,0501,590
15102,0502,34
15102,0211,21
15103,0211,79
15103,0509,22
15103,0501,20
15103,0513,12
15104,0211,3566
15104,0509,1226
15104,0501,1153
15104,0701,908
15104,0513,841
15104,0516,428
15104,0508,394
15104,0607,291
15104,9000,245
15104,0502,204
15104,0601,190
15104,0602,145
15104,0606,94
15104,0801,90
15104,0901,87
15104,0507,58
15104,0618,55
15104,0702,28
15105,0516,23
15106,0501,24862
15106,0502,1872
15106,0211,615
15106,0513,268
15106,0701,240
15106,0516,239
15106,0507,176
15106,0601,149
15106,0503,122
15106,0901,113
15106,0508,60
15106,0205,59
15106,0515,53
15106,0801,39
15106,0602,37
15106,0504,27
15106,0509,18
15106,9000,18
15106,1101,16
15107,0211,23
15108,0211,938
15108,0501,378
15108,0701,147
15108,0513,116
15108,0516,115
15108,9000,98
15108,0502,90
15108,0801,55
15108,0601,50
15108,0901,30
15108,0509,28
15108,0602,24
15108,0518,20
15108,0702,12
15108,0210,10
15109,0211,1980
15109,0516,728
15109,0501,471
15109,0513,426
15109,9000,421
15109,0701,247
15109,0509,244
15109,0901,218
15109,0502,205
15109,0601,78
15109,0602,65
15109,0515,50
15109,0801,47
15109,0518,47
15109,0702,46
15109,0507,32
15109,9010,28
15109,0604,18
15109,1001,17
15109,0907,16
15109,9030,15
15109,0613,15
15109,0508,15
15110,0502,196
15110,0601,18
15110,0501,11
15111,0502,2639
15111,0211,54
15111,0501,22
15111,0516,10
15112,0501,856
15112,0211,43
15112,0516,20
15112,0901,18
15112,0602,15
15112,0801,14
15112,0502,12
15113,0211,26
15113,9000,13
15114,0502,2017
15114,0501,69
15114,0211,51
15114,0507,11
15114,9010,11
15114,0601,10
15114,0515,10
15115,0501,573
15115,0211,52
15115,0502,24
15115,0901,18
15118,0501,630
15118,0211,192
15118,0502,93
15118,0513,60
15120,0211,2241
15120,0501,534
15120,0701,206
15120,0516,201
15120,0509,136
15120,0601,125
15120,0901,103
15120,0502,90
15120,0606,85
15120,0507,74
15120,0602,60
15120,0515,57
15120,0801,49
15120,0607,32
15120,9000,27
15121,0211,1308
15121,0502,650
15121,0701,621
15121,0513,445
15121,0516,251
15121,0501,222
15121,0509,154
15121,0901,141
15121,8000,118
15121,0602,85
15121,0511,76
15121,9000,53
15121,0518,49
15121,0601,45
15121,0515,44
15121,0508,37
15121,0604,10
15122,0211,3445
15122,0516,3006
15122,0509,1748
15122,0501,1085
15122,0513,781
15122,0502,640
15122,0701,549
15122,0901,283
15122,0507,230
15122,0518,207
15122,0508,174
15122,9000,128
15122,0511,60
15122,0512,59
15122,0702,58
15122,0606,40
15122,0503,38
15122,0515,19
15122,0801,19
15122,0607,18
15122,0602,18
15123,0211,24
15124,0502,9556
15124,0211,95
15124,0501,51
15124,0509,30
15124,0516,10
15124,0907,10
15124,0513,10
15125,0211,112
15125,0701,28
15125,0513,23
15125,0516,10
16001,0801,17
16002,0516,135
16002,9000,20
16003,0801,13
16006,0516,610
16006,0801,274
16006,0211,44
16006,0601,32
16006,0901,30
16006,0502,30
16006,0701,21
16006,0605,15
16008,0211,5848
16008,0801,20
16008,0501,12
16009,0801,60
16009,0502,17
16012,0516,617
16012,0211,179
16012,0801,58
16012,9000,35
16014,0211,111
16014,0516,30
16015,0211,12
16016,0801,3578
16017,0211,15
16017,0502,13
16019,0801,59
16020,0801,20
16021,0801,6931
16023,0801,33
16024,0801,3814
16024,0211,18
16025,0801,16564
16025,0211,30
16025,0513,11
16026,0211,153
16031,0501,31
16032,0801,2157
16033,0801,29
16034,0502,67
16034,0801,33
16034,0901,18
16034,0211,15
16035,9000,15
16038,0211,15
16038,0501,10
16040,0801,12
16043,0801,727
16043,0211,25
16045,0801,22
16047,0502,11
16049,0502,12
16050,9000,52
16050,0502,32
16050,0801,17
16050,0513,17
16050,0508,10
16052,0516,812
16052,0801,256
16052,0515,247
16052,0211,241
16052,0513,75
16052,0607,56
16052,9000,50
16052,0508,45
16052,0606,14
16052,0501,13
16052,0209,12
16052,0602,12
16052,8000,11
16052,0901,11
16053,0801,2844
16053,0211,538
16053,0606,247
16053,0501,184
16053,0516,136
16053,8000,88
16053,0602,85
16053,0901,85
16053,0615,45
16053,0907,45
16053,0513,42
16053,0209,42
16055,0801,67
16055,0516,30
16055,0211,21
16056,0801,15047
16058,0801,477
16058,0516,18
16061,0501,60
16061,0502,10
16062,0801,30
16064,0516,121
16064,0211,73
16064,0508,44
16065,0801,11748
16065,0518,12
16066,0801,6401
16066,0211,22
16066,0502,16
16067,0801,11
16068,0516,365
16068,0801,36
16069,0801,101
16069,0901,52
16069,9000,42
16069,0502,41
16069,0607,39
16069,0211,32
16069,0701,19
16069,0513,13
16069,0501,13
16070,0801,14
16071,0801,88
16071,0502,79
16071,0211,63
16073,0801,6795
16075,0801,7562
16075,0211,637
16075,0508,468
16075,0516,324
16075,0607,77
16075,0604,61
16075,0513,42
16075,9000,14
16076,0801,170
16076,0211,15
16077,0211,29
16079,0801,18
16080,0501,10
16081,0502,38
16082,0801,39
16082,0502,18
16082,0211,18
16082,0516,18
16082,0507,18
16082,9000,15
16083,0516,243
16083,0801,63
16083,9000,20
16084,0801,5647
16085,0801,543
16085,0701,48
16086,0801,31
16087,0801,19
16088,0801,333
16088,0608,44
16088,9000,41
16088,0211,36
16088,0507,21
16088,0502,20
16088,0505,17
16089,0211,18
16089,0801,13
16090,0801,667
16091,0801,728
16093,0502,14
16094,0801,11
16095,0801,36
16095,0211,14
16097,0211,534
16097,0701,14
16097,0501,14
16098,0211,13
16098,0502,13
16099,0502,12
16100,0801,1553
16102,0801,28655
16102,0516,300
16102,9000,42
16102,0513,41
16102,0211,40
16102,0701,34
16102,0205,23
16102,0602,20
16102,0210,19
16102,0508,15
16103,0801,37
16103,9000,10
16104,0801,22
16105,0801,39
16105,0516,12
16106,0516,462
16106,0508,77
16106,0801,59
16106,0518,52
16106,0701,15
16107,0801,1417
16107,9000,16
16107,0211,13
16108,0801,1075
16108,0516,44
16108,9000,42
16108,0604,21
16108,0907,20
16108,0602,20
16111,0801,116
16112,0502,1368
16112,0501,211
16112,0211,132
16112,0801,53
16112,0901,18
16112,0701,17
16113,0602,16
16113,0211,11
16113,0604,11
17001,0211,21
17002,0516,537
17002,0211,117
17002,0508,53
17002,0509,30
17002,0501,20
17002,0502,15
17002,0513,15
17003,0516,1527
17003,0211,191
17003,0508,13
17004,0508,1340
17004,0211,917
17004,0516,483
17004,0501,151
17004,0509,63
17004,0512,42
17004,0701,21
17006,0211,6270
17006,0516,990
17006,0508,351
17006,0513,127
17006,0502,117
17006,9000,40
17006,0701,39
17006,0606,24
17006,0801,13
17006,0509,13
17006,0907,13
17006,0501,13
17007,0211,2044
17007,0516,488
17007,0507,282
17007,0513,220
17007,0509,197
17007,0602,104
17007,0501,99
17007,0508,99
17007,0801,99
17007,9000,98
17007,0502,76
17007,0607,33
17007,0604,30
17007,0606,28
17007,0515,16
17007,0901,15
17007,9010,15
17008,0211,725
17008,0516,97
17008,0513,36
17008,0515,33
17008,0501,29
17008,0502,28
17008,0601,26
17008,0602,18
17008,9000,13
17008,8000,13
17008,0508,12
17008,0507,11
17009,0211,243
17009,0516,30
17009,0513,29
17009,0607,26
17009,0502,21
17009,0501,20
17009,0508,16
17009,0602,15
17009,0509,12
17010,0211,134
17010,0513,28
17010,0516,14
17010,0508,12
17011,0211,1170
17011,0516,667
17011,0701,156
17011,0501,134
17011,0502,62
17011,0606,62
17011,0507,47
17011,0509,46
17011,0513,29
17011,0901,28
17011,1101,27
17011,0508,25
17011,0601,15
17011,9000,14
17012,0211,249
17012,0516,97
17012,0513,77
17012,9000,27
17012,0901,18
17012,0508,15
17012,0502,14
17012,0501,11
17012,0509,11
17012,9020,10
17012,0204,10
17012,0601,10
17013,0211,302
17013,0516,238
17014,0211,31
17015,0211,32
17016,0211,61
17017,0211,167
17017,0508,14
17018,0211,3900
17018,0516,103
17018,0513,69
17018,0701,54
17018,0502,20
17018,0618,19
17018,0801,18
17018,0901,17
17018,0602,17
17018,9000,17
17018,0209,17
17018,0508,17
17019,0516,48
17019,0211,37
17020,0211,1282
17020,0516,1066
17020,0508,78
17020,0513,33
17020,0501,26
17020,0602,20
17020,0502,12
17020,0616,12
17020,0613,12
17020,0615,12
17022,0211,621
17023,0516,111
17023,0211,60
17024,0508,145
17024,0211,139
17024,0507,18
17024,0516,16
17025,0211,127
17025,0513,13
17025,0512,13
17025,9000,13
17025,0508,12
17026,0211,370
17026,0516,354
17026,0502,104
17026,0501,22
17026,0515,21
17026,0508,20
17027,0508,163
17027,0516,56
17027,0211,48
17028,0211,497
17028,0508,424
17028,0515,150
17028,0516,100
17028,0513,32
17028,0512,30
17028,0701,26
17028,0509,20
17028,0518,19
17028,9020,15
17028,9030,15
17029,0211,335
17029,0516,263
17029,0701,62
17029,9000,33
17029,0501,31
17029,0509,23
17029,0607,22
17029,0508,22
17029,0208,16
17029,0518,15
17029,0901,14
17029,0507,13
17030,0516,357
17030,0211,129
17030,0513,23
17030,0501,16
17030,0602,10
17031,0211,105
17031,0513,48
17032,0211,28
17033,0211,66
17033,0513,10
17033,0516,10
17034,0211,53
17035,0211,2162
17036,0211,2346
18001,0211,914
18001,0209,409
18001,0204,348
18001,0502,14
18001,0210,13
18001,0518,12
18003,0210,13
18004,0211,490
18004,0516,265
18004,0209,75
18004,0210,37
18004,0602,29
18004,0515,27
18004,0508,20
18004,0513,16
18005,0204,1730
18005,0209,19
18005,0211,16
18006,0210,201
18006,0604,12
18006,0211,10
18006,0901,10
18007,0210,108
18008,0210,234
18008,0209,53
18008,0211,19
18008,0208,15
18009,0209,25234
18009,0210,11440
18009,0502,40
18009,0204,27
18009,9000,23
18009,0211,15
18010,0209,5413
18010,0210,341
18010,0204,64
18010,0502,12
18011,0209,1338
18011,0210,576
18011,0204,77
18011,0502,40
18012,0210,247
18012,0209,176
18012,0211,150
18012,0204,31
18012,9000,18
18014,0210,841
18014,0211,51
18014,0204,30
18014,0513,29
18014,0209,15
18015,0209,725
18015,0210,327
18015,0204,266
18015,0513,38
18015,0901,20
18015,0211,16
18016,0209,51
18016,0204,16
18017,0210,5801
18017,0209,1335
18017,0508,917
18017,0502,464
18017,0801,272
18017,9000,248
18017,0211,162
18017,0513,58
18017,0607,55
18017,0516,54
18017,0509,30
18017,0205,27
18017,0901,26
18018,0210,50
18018,0211,20
18018,0209,15
18018,0204,10
18019,0210,5503
18019,9000,11
18020,0211,587
18020,0210,231
18020,0607,174
18020,0513,109
18020,9000,105
18020,0602,71
18020,9030,65
18020,0512,54
18020,0516,46
18020,0508,42
18020,0502,40
18020,0209,36
18020,0604,35
18020,0606,28
18020,0515,25
18020,0901,24
18020,9010,20
18020,0207,10
19004,0601,65
19004,0211,55
19004,0509,12
19005,0211,11
19006,0211,4011
19006,0601,916
19006,0513,307
19006,0606,288
19006,9000,149
19006,0801,74
19006,1101,74
19006,0501,73
19006,9030,65
19006,0507,42
19006,0509,38
19006,8000,37
19006,0701,36
19007,0701,12
19009,0211,1543
19009,0601,692
19009,0513,67
19009,0501,56
19009,0205,17
19009,0506,14
19009,0507,14
19009,0907,12
19010,0211,2203
19010,0601,1061
19010,0513,85
19010,0507,73
19010,0501,71
19010,9000,58
19010,0701,43
19010,0901,38
19010,0502,24
19010,0907,18
19010,0604,17
19010,0607,12
19012,0211,1301
19012,0601,478
19012,0513,60
19012,0501,24
19012,9000,24
19012,0701,24
19012,0606,21
19012,0516,19
19014,0502,18
19018,0211,8066
19018,0601,2788
19018,0606,774
19018,0604,460
19018,0701,296
19018,0513,282
19018,0501,206
19018,0516,171
19018,0901,115
19018,9010,112
19018,9000,103
19018,0509,84
19018,0907,68
19018,8000,64
19018,0205,45
19018,0507,44
19018,9030,44
19018,0502,39
19018,0518,23
19018,0702,22
19018,0801,22
19019,0211,1370
19019,9000,261
19019,0601,170
19019,0602,106
19019,0901,84
19019,0501,75
19019,0516,56
19019,0210,30
19019,0509,26
19020,0211,29
19021,0211,4634
19021,0601,1544
19021,0501,842
19021,9000,398
19021,0502,380
19021,0513,306
19021,0516,231
19021,0509,58
19021,0701,57
19021,0606,52
19021,0207,32
19021,0508,30
19021,0801,29
19021,0604,28
19022,0601,24
19022,0211,18
19022,0513,10
19025,0211,2216
19025,0601,1071
19025,0901,45
19025,9000,38
19025,0507,37
19025,0513,34
19025,0907,15
19025,0701,14
19025,0509,13
19026,0211,2418
19026,0601,657
19026,0607,304
19026,0701,139
19026,0602,133
19026,0501,131
19026,0507,129
19026,0513,88
19026,0604,86
19026,9000,52
19026,0515,44
19026,0502,44
19026,0516,42
19028,0211,11
19031,0211,5801
19031,0601,2615
19031,0901,445
19031,0607,295
19031,9000,177
19031,0513,136
19031,0516,129
19031,0701,111
19031,0501,76
19031,0604,63
19031,0606,55
19031,0507,46
19031,0502,36
19031,9030,31
19031,0602,25
19031,0210,25
19031,0205,24
19031,9010,23
19031,1101,14
19033,0211,11
19033,0507,11
19034,0211,181
19034,0501,27
19038,0907,80
19038,0601,74
19038,0701,56
19038,0211,16
19038,0513,16
19038,0501,12
19039,0211,9247
19039,0601,1614
19039,0513,1159
19039,0502,596
19039,9000,577
19039,0501,541
19039,0509,492
19039,0602,117
19039,0516,116
19039,0801,67
19039,0207,67
19039,9020,64
19039,0702,64
19039,0208,59
19039,0607,57
19041,0211,5275
19041,0601,3403
19041,0604,452
19041,0509,117
19041,0513,102
19041,9030,69
19041,0907,60
19041,0501,50
19041,0901,40
19041,9000,34
19041,0701,23
19041,0502,23
19041,0607,14
19042,0211,18
19045,0211,1884
19045,0601,832
19045,0604,117
19045,0513,69
19045,0501,58
19045,0606,44
19045,0602,42
19045,9000,31
19045,0507,30
19045,0516,29
19045,9010,15
19045,0901,14
19045,0701,13
19046,0211,710
19046,0601,361
19046,9000,91
19046,0513,88
19046,0507,48
19046,0604,46
19046,0501,46
19046,8000,24
19046,0701,23
19046,0514,23
19046,0502,22
19047,0507,24
19047,0211,15
19047,0601,13
19048,0211,2650
19048,0601,851
19048,9000,322
19048,0509,158
19048,0606,117
19048,0513,104
19048,0516,102
19048,0701,85
19048,0205,48
19048,0801,43
19048,0901,28
19048,0607,25
19048,0501,20
19048,1101,16
19048,0602,15
19048,0507,15
19048,0512,15
19048,0604,14
19049,0211,342
19049,0601,185
19049,0701,42
19049,9000,40
19049,0513,32
19049,0501,30
19049,9030,28
19049,0516,28
20001,0513,751
20002,0509,4909
20002,0211,214
20002,0513,76
20002,0516,66
20002,0510,18
20002,0507,14
20003,0901,2235
20005,0513,4844
20005,0907,699
20005,0901,52
20005,0516,24
20006,0516,2628
20006,0513,49
20006,0211,30
20006,0511,24
20006,0507,20
20006,0501,15
20007,0513,1832
20008,0513,45
20008,1001,13
20009,0507,3564
20009,0513,195
20009,0509,12
20010,0513,581
20010,0901,87
20010,0907,47
20011,0516,499
20012,0513,6248
20013,0513,24
20014,0513,4835
20014,0901,329
20014,0907,56
20014,9000,33
20014,0211,30
20014,1001,28
20014,0516,26
20014,0606,23
20014,9030,18
20014,0509,10
20015,0513,2867
20016,0516,8572
20017,0513,14
20019,0517,1018
20019,0507,21
20020,0516,1965
20020,0518,651
20021,0211,430
20021,0509,154
20021,0516,34
20021,0513,31
20022,0516,143
20023,0513,865
20023,0901,438
20023,0516,224
20023,0507,102
20023,0514,73
20023,0517,49
20023,0509,29
20023,0518,23
20023,0211,17
20024,0516,648
20024,0509,21
20025,0513,491
20025,0907,18
20025,0607,12
20026,0516,3414
20026,0513,30
20026,0211,13
20027,0509,1042
20027,0516,55
20028,0513,105
20028,0516,17
20028,0515,15
20028,0901,10
20029,0509,3407
20029,0211,11
20030,0513,2710
20030,0907,22
20030,0901,15
20031,0901,6130
20031,0507,12
20031,0513,10
20033,0516,95
20033,0513,48
20034,0516,12
20035,0513,67
20036,0513,2233
20036,0901,149
20037,0516,1497
20037,0518,10
20038,0513,1035
20038,0901,453
20039,0516,3105
20039,0513,232
20039,0518,207
20039,0211,178
20039,0514,40
20039,0901,38
20039,0604,24
20039,0515,18
20039,0509,16
20040,0509,5582
20041,0509,24115
20041,0211,49
20041,0516,28
20041,0513,15
20042,0513,4274
20042,0507,65
20042,0901,25
20042,0516,12
20043,0513,58626
20043,0907,699
20043,0901,274
20043,1101,209
20043,9000,88
20043,0509,30
20043,0516,26
20043,0211,24
20043,1001,22
20043,0701,19
20043,0607,18
20043,0604,13
20043,0606,12
20043,0601,11
20043,9030,11
20044,0509,393
20044,0513,287
20044,0507,276
20044,0516,250
20044,0518,133
20044,0211,39
20044,0901,38
20044,0602,27
20044,0607,21
20044,0517,13
20044,9000,13
20044,0617,12
20045,0513,148
20045,0516,27
20045,0901,17
20045,0507,16
20046,0516,192
20048,0513,51
20049,0513,107
20050,0516,3230
20051,0513,3783
20052,0901,134
20052,1001,52
20052,0513,51
20053,0513,200
20056,0516,12
20057,0901,4345
20057,0513,963
20057,0516,239
20057,0907,104
20057,0507,58
20057,0607,22
20057,9000,16
20057,0211,14
20058,0509,9384
20058,0211,28
20058,0516,15
20059,0513,5075
20059,0516,68
20059,0507,20
20059,9000,18
20059,1001,18
20059,0211,18
20059,0515,12
20059,0514,12
20059,0509,12
20059,0901,12
20060,0901,2295
20061,0513,72
20062,0513,102
20063,0516,14
20063,0513,14
20064,0513,1424
20064,0901,220
20064,1001,17
20065,0516,700
20066,0513,55
20066,0907,16
20067,0513,10735
20067,0516,4052
20067,0901,3172
20067,0507,1076
20067,0509,1011
20067,0211,539
20067,0514,349
20067,0518,323
20067,0517,269
20067,0607,133
20067,9000,115
20067,1001,47
20067,0515,40
20067,9030,25
20067,0907,19
20067,8000,19
20068,0513,734
20068,0516,29
20068,0901,23
20070,0516,4785
20071,0513,102
20072,0513,406
20073,0518,5394
20073,0516,2236
20073,0513,38
20073,0211,26
20073,0515,24
20073,0514,15
20073,9000,11
20073,0701,10
20074,0513,341
20075,0513,58
20076,0516,44
20076,9000,10
20077,0513,69
20077,0516,29
20077,0901,16
20077,0517,12
20078,0513,11
20079,0513,2933
20079,1001,461
20079,0901,222
20079,9000,136
20079,0516,106
20079,0211,80
20079,0606,13
20079,0509,13
20079,0602,13
20081,0516,892
20082,0516,1972
20083,0513,448
20083,0901,204
20083,0516,136
20083,0514,57
20083,0507,45
20083,1001,26
20083,0509,19
20084,0513,42
20084,0516,15
20085,0513,21271
20086,0516,576
20087,0513,382
20087,0901,122
20087,0516,81
20087,0507,27
20088,0516,70
20089,0516,23
20090,0516,1536
20091,0513,351
20091,0901,54
20091,0516,36
20091,0507,30
20092,0516,265
20092,0513,19
20094,0516,480
20095,0513,2644
20096,0516,17
20097,0513,1484
20098,0517,1584
20098,0507,115
20098,0509,21
20100,0513,338
20101,0513,90
20102,0513,139
20102,0516,74
20102,0901,23
20102,0514,16
20102,0509,10
20103,0513,704
20103,0516,13
20104,0513,917
20105,0516,6659
20106,0511,26
20107,0513,1432
20107,0901,377
20107,0516,259
20107,0507,153
20107,0509,50
20107,0514,20
20107,0607,20
20107,9000,17
20107,0907,15
20107,0211,11
20108,0516,1030
20108,0513,10
20109,0211,76
20110,0516,1433
20111,0516,3578
20112,0513,2099
20113,0513,468
20114,0513,470
20114,0507,23
20114,0901,10
20115,0513,296
20115,0901,63
20115,0516,25
20115,0507,17
20116,0509,3678
20117,0513,1298
20118,0513,2165
20119,0516,449
20120,0513,228
20121,0516,214
20122,0513,155
20123,0513,50
20123,0516,12
20124,0513,15228
20124,0901,12
20125,0513,4346
20125,1001,853
20125,0901,60
20126,0513,4506
20127,0516,917
20128,0513,1015
20128,0901,16
20129,0511,18
20130,1101,2109
20131,0513,9677
20131,0901,12
20132,0513,51
20133,0516,2871
20134,0509,22240
20134,0507,232
20134,0211,22
20134,0513,20
20134,0517,16
20134,0516,12
20135,0513,79
20135,0516,51
20136,0507,10724
20136,0509,15
20137,0516,20
20138,0513,254
20138,0901,28
20138,0507,21
20139,0517,136
20139,0516,17
20139,0507,11
20141,1101,1422
20142,0509,694
20143,0513,627
20144,0516,105
20145,0513,457
20145,0901,205
20145,0516,51
20145,0507,16
20146,0513,2498
20146,9000,10
20148,0513,1702
20149,0514,11
20149,0513,10
20150,0513,67
20150,0516,47
20150,0509,28
20150,0507,13
20152,0516,1533
20153,0514,76
20153,0513,14
20154,0513,726
20156,0513,2088
20156,0901,72
20156,0507,55
20157,0513,469
20157,0516,251
20157,0901,117
20157,0507,83
20157,0509,65
20157,0518,63
20158,0514,45
20159,0513,101
20159,0514,14
20161,0516,15
20162,0513,247
20163,0509,1029
20163,0211,11
20164,0516,1722
20166,0507,3145
20166,0509,75
20166,0513,42
20166,0211,30
20166,0516,11
20167,0513,35
20168,0516,26
20169,0509,3513
20170,0513,3411
20171,0509,15895
20171,0211,16
20172,0516,27
20173,0513,940
20174,0513,113
20174,0901,38
20174,0516,30
20175,0507,415
20176,0511,129
20176,0516,20
20177,0517,829
20177,0516,413
20177,0507,78
20177,0509,38
20177,0513,21
20177,0211,18
20178,0513,273
20178,0516,92
20178,0507,16
20178,1001,14
20178,0509,12
20178,0901,11
20180,0516,34
20182,0507,1606
20182,0517,156
20183,0516,118
20184,0507,17240
20184,0509,3819
20184,0513,1042
20184,0211,320
20184,0901,229
20184,0516,191
20184,0517,154
20184,0508,40
20184,0602,36
20184,9000,36
20184,0702,18
20184,0510,17
20185,0516,306
20185,0515,62
20185,0513,21
20187,0516,1433
20187,0509,39
20188,0516,6066
20189,0507,1535
20189,0513,972
20189,0901,51
20189,9000,12
20190,0901,4237
20190,0509,2373
20190,0507,948
20190,0516,176
20190,0513,135
20190,0211,23
20190,9000,16
20190,9030,16
20191,0513,25
20192,0513,10
20194,0513,1117
20194,0901,12
20195,0516,763
20196,0513,168
20197,0513,1825
20198,0901,19312
20198,0513,101
20198,0907,40
20198,0211,13
20199,0516,30
20200,0901,2889
20200,0513,209
20201,0513,1554
20202,0514,1851
20203,0513,14
20205,0507,12721
20205,0513,82
20205,0516,13
20205,0901,10
20206,0509,620
20206,0211,30
20207,0901,5337
20207,0507,1382
20207,0516,398
20207,0513,144
20207,0509,90
20207,0701,21
20207,0211,21
20207,0517,12
20208,0516,5762
20208,0518,12
20209,0513,553
20210,0516,5166
20211,0513,2237
20212,0507,2844
20212,0513,11
20213,0514,3691
20214,0507,1693
20216,0513,1040
20217,0516,1332
20218,0516,298
20219,0513,269
20220,0517,1676
20220,0507,11
20221,0516,12
20222,0513,1316
20223,0513,396
20225,0516,3479
20226,0513,480
20227,0513,321
20227,0516,159
20227,0901,59
20227,0507,37
20227,0509,30
20227,0517,15
20227,0514,14
20227,0211,12
20227,0518,12
20228,0509,654
20229,0513,8117
20229,0514,10
20230,0516,20
20231,0901,2926
20232,0507,15743
20232,0509,98
20232,0513,17
20232,0211,14
20233,0513,1582
20234,0509,5768
20234,0211,19
20235,0513,16
20236,0513,1207
20237,0516,23
20237,0211,17
20239,0516,20
20240,0518,2061
20240,0516,118
20241,0513,11
20242,0516,11192
20243,0513,13
20243,0901,10
20244,0509,599
20244,0211,482
20244,0512,14
20245,0516,14
20246,0513,318
20246,0901,118
20247,0513,97
20247,0507,12
20248,1101,14017
20249,0509,2335
20249,0211,10
20250,0516,15
20252,0516,1742
20253,0513,151
20254,0513,70
20255,0516,24
20256,0511,10
20257,0513,926
20257,0901,11
20258,0516,11
20259,0516,1123
20260,0513,1979
20261,0516,237
20261,0211,51
20262,0513,119
20263,0513,381
20264,0516,1426
20265,0907,2572
20265,0513,51
20266,0513,332
20266,1001,28
20266,0516,14
20267,0513,161
20268,0513,40
20269,0516,1901
20269,0513,13
20269,0901,10
20270,0516,398
20271,0513,2497
20272,0514,5343
20273,0516,760
20273,0513,30
20274,0516,699
20275,0901,6749
20275,0513,14
20276,0516,362
20277,0513,571
20277,0514,64
20278,0509,23712
20278,0507,88
20278,0517,26
20278,0516,22
20278,0510,20
20278,0211,18
20278,0513,15
20278,0701,14
20279,0513,1530
20280,0513,878
20281,0516,16
20282,1001,18
20284,0513,2612
20285,0516,738
20286,0516,356
20286,0518,15
20287,0511,33
20288,0513,535
20291,0513,50
20292,0513,99
20292,0516,12
20293,0513,385
20293,0516,107
20293,0901,90
20293,0507,68
20293,0509,35
20293,0517,13
20293,1001,12
20294,0516,95
20294,0513,42
20295,0513,128
20295,0901,11
20296,0513,533
20296,0507,49
20297,0516,2489
20298,0513,3913
20298,0901,344
20298,0507,38
20298,0516,23
20299,0513,881
20299,0901,18
20300,0515,4495
20300,0516,25
20300,0513,12
20301,0513,33
20302,0516,3153
20303,0513,816
20304,0516,52
20305,0513,1769
20306,0513,3091
20307,1001,1412
20307,0513,84
20307,0516,11
20307,0901,10
20308,0513,1367
20309,0509,7861
20309,0507,26
20310,0513,902
20310,0516,475
20310,0901,408
20310,0507,120
20310,0509,62
20310,0518,51
20310,0517,21
20310,1001,13
20310,0514,11
20310,9000,10
20311,0516,379
20312,0516,9460
20313,0516,416
20314,0514,21
20315,0513,829
20316,0513,150
20317,0516,13
20318,0513,996
20318,0514,455
20318,0516,161
20318,0211,24
20318,0507,20
20318,0515,18
20318,0901,13
20319,0513,884
20320,0516,432
20322,0509,663
20323,0901,2209
20324,0513,2713
20324,0516,59
20324,0901,24
20324,0602,14
20324,0211,13
20324,0514,12
20324,0507,10
20325,0513,10712
20325,0901,74
20326,0507,4397
20326,0517,15
20326,0509,10
20327,0513,579
20327,0607,122
20327,0901,15
20327,0907,12
20329,0516,10
20330,0509,475
20330,0517,245
20330,0507,45
20330,0516,13
20330,0211,10
20331,0516,311
20333,0513,291
20334,0514,1703
20334,0516,1305
20334,0513,125
20334,0515,32
20334,0211,14
20335,0513,798
20336,0507,1394
20337,0901,4215
20337,0513,17
20338,0513,460
20338,0516,211
20338,0507,54
20338,0901,34
20338,0509,25
20338,0514,25
20338,0517,15
20338,1001,13
20338,0211,10
20339,0516,78
20339,0513,16
20340,0516,282
20342,0513,132
20342,0901,33
20342,0516,33
20342,0507,17
20343,0513,464
20344,0513,24
20345,0516,275
20345,0515,19
20346,0516,721
20347,0513,359
20348,0516,2054
20348,0518,12
20348,0509,10
20349,0513,477
20350,0513,505
20350,0901,146
20350,0516,88
20350,0507,40
20350,0509,29
20351,0513,18
20352,0516,4364
20353,0513,11
20354,0509,408
20355,0516,265
20356,0513,1422
20356,0901,21
20357,0901,10
20358,0513,14
20359,0513,584
20360,0513,930
20361,0513,778
20362,0513,199
20363,0513,96
20364,0514,2609
20364,0516,81
20364,0513,41
20365,0513,410
20366,0513,258
20367,0516,3845
20368,0513,13
20369,0513,22
20370,0516,60
20371,0516,536
20372,0516,1000
20374,0509,1284
20375,0513,1247
20375,0901,300
20375,0507,108
20375,0516,82
20375,0509,53
20375,0518,21
20375,0514,21
20375,1001,12
20377,0516,1030
20378,0513,873
20379,0516,2204
20380,0513,540
20382,0516,374
20384,0513,2647
20385,0513,4840
20385,0901,2135
20385,0516,1518
20385,0507,329
20385,0509,299
20385,0514,159
20385,0518,135
20385,1001,110
20385,9000,68
20385,0211,58
20385,0517,34
20385,0607,33
20385,0606,23
20385,0501,23
20385,0604,12
20385,0907,12
20385,0701,11
20386,0514,12155
20386,0516,14
20386,0513,13
20387,0513,10
20388,0513,11
20389,0513,844
20390,0513,3702
20390,0901,1726
20390,0507,311
20390,0516,307
20390,0514,167
20390,0509,157
20390,0518,129
20390,1001,70
20390,0607,29
20390,0907,24
20390,0211,14
20390,0517,10
20391,0513,3089
20392,0516,3131
20393,0513,3033
20394,0901,2441
20395,0516,1225
20396,0509,2817
20397,0516,12864
20397,0518,377
20397,0513,66
20397,0501,27
20397,0211,26
20397,0901,21
20398,0513,278
20398,0514,21
20398,0516,20
20399,0513,2218
20399,0516,973
20399,0901,617
20399,0509,225
20399,0507,180
20399,0514,70
20399,0518,62
20399,0211,32
20399,0607,24
20399,1001,18
20399,0517,15
20399,0907,11
20401,0513,1196
20401,0514,153
20401,0211,110
20401,0516,74
20401,0607,16
20402,0516,33
20403,0513,132
20403,0901,86
20403,0516,18
20403,0514,15
20403,0507,10
20405,0516,196
20406,0509,17952
20406,0211,39
20407,0907,2215
20407,0607,644
20407,0507,487
20407,0513,162
20407,0516,50
20407,0901,46
20408,0516,57
20409,0513,303
20409,0901,61
20409,0507,29
20409,0516,16
20409,0606,12
20409,0211,10
20409,0514,10
20410,1001,1111
20410,0513,44
20411,0513,116
20412,0513,680
20412,0901,60
20413,0513,1506
20413,0211,80
20413,0516,61
20413,0602,35
20413,0901,32
20413,0607,21
20413,9000,19
20413,1001,18
20413,0507,15
20414,0516,3180
20414,0513,14
20415,0515,663
20415,0516,26
20416,0510,24
20417,0507,4087
20417,0509,1056
20417,0211,84
20417,0513,24
20417,0517,15
20418,0513,465
20418,1001,48
20418,0901,13
20419,0513,251
20420,0513,1421
20421,0513,68
20422,0511,161
20424,0513,752
20425,0517,1709
20426,0516,7357
20427,0513,2629
20427,0901,1573
20427,0907,73
20427,0507,56
20427,9000,20
20427,0516,15
20427,0509,12
20427,0211,10
20428,0513,1567
20428,1001,134
20429,0513,41
20430,0516,38
20431,0509,229
20431,0211,15
20432,0513,824
20433,0514,2340
20434,0211,3444
20434,0509,12
20435,0901,3140
20436,0516,804
20437,0901,8512
20437,0513,18
20438,0517,556
20438,0516,36
20438,0507,10
20439,0513,9274
20439,0516,24
20439,0211,16
20439,0514,15
20439,0901,12
20440,0513,296
20441,0513,8004
20442,0513,147
20443,0513,112
20444,0516,225
20445,0516,1357
20446,0516,5199
20447,0516,2746
20447,0515,178
20447,0211,20
20447,0518,12
20448,0513,441
20449,0513,12
20450,0516,7092
20450,0513,10
20451,0516,826
20452,0513,2708
20453,1001,320
20453,0513,47
20454,0901,3206
20456,0516,446
20457,0513,2722
20458,0507,892
20459,0516,550
20459,0211,18
20459,0509,10
20459,0513,10
20460,0507,2162
20460,0513,316
20460,0901,34
20461,0516,110
20462,0516,23
20464,0511,23
20465,0901,1081
20465,0513,11
20466,0516,10105
20466,0514,530
20467,0516,3253
20467,0514,232
20467,0515,14
20467,0513,13
20468,0507,9082
20468,0513,216
20468,0509,16
20469,0518,13048
20469,0516,5948
20469,0211,46
20469,0513,38
20469,0509,16
20469,0901,12
20470,0513,2130
20470,0901,296
20471,0513,374
20472,0513,287
20472,0901,12
20473,0513,981
20474,0515,53
20474,0516,10
20475,0513,8137
20475,0901,17
20477,0513,93
20478,0507,14
20480,0516,1149
20481,0516,1619
20482,0516,8268
20482,0515,185
20482,0513,76
20482,0211,49
20482,9000,38
20482,0517,21
20482,0514,21
20482,0509,14
20483,0513,65
20483,0516,35
20483,0901,18
20484,0516,223
20485,0515,23
20485,0516,19
20486,0516,15
20489,0516,1070
20489,0514,103
20490,0211,2660
20490,0509,19
20491,0513,1004
20492,0516,1239
20493,0516,11
20494,0516,4765
20495,0513,1282
20496,0513,139
20497,0514,3822
20498,0513,1131
20498,0901,353
20498,0509,270
20498,0507,215
20498,0516,50
20498,9030,10
20499,0516,65
20500,0516,1802
20501,0516,122
20502,0901,4440
20503,0513,246
20504,0513,613
20505,0513,279
20505,0907,34
20506,0513,485
20506,0901,84
20507,0516,39
20508,0513,86
20508,0901,47
20509,0513,8809
20509,0516,10
20510,0516,119
20511,0516,1534
20512,0513,368
20513,0513,2065
20513,0901,180
20513,1001,10
20514,0513,442
20514,0901,403
20515,0901,6942
20515,0513,3641
20515,1001,124
20515,9000,59
20515,0516,25
20515,0602,15
20515,0509,15
20515,0211,14
20516,0513,38
20516,0514,20
20517,0901,5229
20517,0513,11
20519,0513,449
20519,0901,43
20520,0516,1411
20520,0513,16
20521,0516,21
20522,0513,910
20523,0516,26
20525,0513,110
20525,0907,52
20526,0514,7127
20526,0513,25
20526,0516,19
20527,0517,1896
20528,0516,694
20529,0516,1265
20530,0513,424
20531,0513,1089
20531,0516,18
20532,0516,3564
20533,0513,345
20534,0513,2999
20535,0513,2888
20537,0516,1596
20537,0518,13
20539,0513,103
20539,0516,66
20539,0901,20
20539,0507,11
20540,0516,116
20540,0513,40
20541,0513,1228
20543,0514,3439
20543,0513,11
20544,0513,684
20545,0509,755
20545,0211,694
20545,0513,21
20545,0516,19
20545,0517,18
20546,0513,3829
20546,0901,16
20546,0509,10
20547,0511,16
20548,0511,15
20548,0516,11
20549,0516,4689
20550,0513,2098
20550,0901,34
20550,0516,11
20551,0513,4280
20551,0901,1105
20551,0516,163
20551,0507,72
20551,0509,65
20551,0211,39
20551,0514,15
20552,0511,27
20553,0513,714
20553,0901,91
20553,0507,34
20553,0516,24
20553,0509,13
20554,0901,4386
20554,0513,76
20555,0513,36
20556,0511,16
20557,0513,6873
20557,0901,16
20557,0607,12
20558,0516,175
20558,0517,19
20559,0507,11757
20559,0513,93
20559,0509,34
20559,0901,17
20559,0516,15
20560,0513,5191
20560,0901,26
20561,0513,14
20564,0516,921
20565,0513,2595
20565,0901,551
20565,0516,362
20565,0507,138
20565,0211,115
20565,0509,111
20565,0514,88
20565,0518,67
20565,0517,59
20565,0515,13
20565,0907,13
20565,9000,12
20565,0606,11
20566,0516,17
20566,0513,14
20568,0516,201
20569,0516,486
20570,0513,448
20570,0516,64
20570,0509,16
20570,0901,15
20570,0507,14
20570,0514,10
21001,0211,4681
21001,0701,29
21001,0501,20
21001,0606,10
21002,0211,220
21002,0701,47
21003,0516,326
21003,0211,33
21003,0607,15
21003,0901,13
21004,0211,83
21005,0211,745
21006,0701,6073
21006,0211,5330
21007,0211,56
21008,0211,82
21010,0211,32529
21010,0509,183
21010,0701,16
21010,1101,10
21011,0211,19
21012,0211,11
21013,0211,9617
21013,0509,25
21013,0517,14
21014,0701,2971
21014,0211,17
21015,0211,1482
21015,0701,776
21015,0509,330
21015,0516,145
21015,0518,43
21015,0508,34
21015,0507,30
21015,0513,30
21015,0512,28
21015,0901,22
21015,0501,21
21015,0517,17
21015,0502,12
21015,0604,12
21015,0602,12
21016,0211,74
21016,0701,14
21017,0211,7733
21017,0701,14
21018,0211,26
21019,0211,3123
21019,0516,73
21019,0701,43
21019,0901,28
21019,0509,21
21019,0604,20
21019,0513,15
21019,0501,14
21019,9000,14
21019,0607,14
21020,0211,652
21022,0211,79
21025,0211,2128
21025,0701,18
21026,0211,1847
21026,0606,12
21027,0211,96
21027,0516,13
21028,0701,2515
21029,0701,2847
21029,0211,15
21030,0701,576
21032,0211,66
21033,0211,321
21034,0211,417
21034,0701,61
21034,0516,30
21034,9000,28
21034,0509,12
21035,0211,8691
21035,0509,27
21036,0211,12828
21036,0509,116
21037,0512,81
21038,0211,15
21039,0211,6118
21039,0701,28
21040,0211,112
21040,0701,37
21040,0606,31
21040,0509,13
21040,0516,12
21040,0513,10
21041,0211,679
21041,0701,431
21041,0513,118
21041,0516,112
21041,0509,91
21041,0604,56
21041,0901,14
21041,9000,13
21041,0517,12
21041,0502,11
21043,0211,33217
21043,0701,55
21044,0211,65
21044,9000,11
21045,0211,79
21045,0701,24
21046,0211,68
21046,0509,23
21047,0211,40
21047,0701,15
21047,0508,12
21048,0701,183
21048,0211,150
21049,0211,9845
21049,0701,20
21049,0509,10
21050,0211,2422
21050,0509,15
21050,0701,10
21051,0516,70
21051,0513,48
21051,0211,16
21052,0516,769
21053,0211,462
21053,0701,99
21053,0602,20
21054,0211,3076
21054,0701,26
21054,0901,13
21054,0501,13
21055,0516,14
21057,0501,801
21057,0211,34
21058,0211,1503
21059,0516,11
21060,0211,173
21061,0211,11879
21061,0509,19
21062,0211,55
21064,0211,658
21064,0701,231
21064,0501,100
21064,0601,11
21064,9000,11
21065,0211,28
21065,0509,10
21066,0516,10
21067,0211,110
21067,0701,12
21068,0701,4177
21068,0211,73
21069,0211,137
21069,0509,15
21069,0602,10
21070,0211,3267
21071,0211,24595
21071,0701,606
21071,0501,44
21071,0513,16
21071,0604,14
21072,0701,13560
21072,0211,165
21073,0211,22
21074,0211,1293
21074,0701,278
21074,0509,102
21074,0516,44
21074,0513,36
21074,0502,12
21074,0507,10
21075,0211,9821
21076,0211,1558
21076,0701,216
21077,0701,4540
21077,0211,117
21078,0211,10897
21078,0701,42
21079,0211,30
21080,0701,2353
21081,0211,72
21082,0512,37
21082,0211,23
21082,0516,19
21083,0211,2458
21083,0701,21
21083,0501,11
21084,0701,6013
21084,0211,34
21085,0211,582
21085,0502,58
21085,0508,50
21085,0516,44
21085,9000,43
21085,0701,41
21085,0509,35
21085,0501,35
21086,0701,633
21086,0211,162
21086,0501,151
21087,0211,761
21088,0211,1716
21088,0701,665
21089,0701,5428
21089,0211,533
21090,0211,157
21090,0701,46
21090,0516,22
21090,9000,12
21090,0509,10
21091,0211,1651
21091,0701,15
21092,0211,50
21093,0211,54
21094,0211,426
21094,0509,23
21094,0701,11
21094,0513,11
21097,0211,71
21097,0516,13
21098,0211,281
21099,0211,43
21100,0211,7175
21100,0701,21
21101,0211,541
21101,0701,23
21102,0211,1053
21103,0211,43
21104,0211,73
21104,0501,12
21105,0211,192
21106,0211,1160
21106,0509,24
21106,0701,20
21106,0513,15
21107,0701,10234
21107,0211,22
21108,0211,77
21108,0701,13
21108,0501,13
21109,0211,5865
21109,0501,3825
21109,0701,20
21109,9030,18
21109,0509,11
21110,0211,27
21110,0901,19
21110,0512,12
21111,0701,2446
21111,0501,546
21111,0702,215
21111,0211,148
21112,0516,242
21113,0211,17
21113,0516,17
21114,0211,28664
21114,0701,11718
21114,0509,10761
21114,0513,1318
21114,0516,1276
21114,9000,292
21114,0501,291
21114,9010,197
21114,0512,192
21114,0602,191
21114,0901,191
21114,0604,174
21114,0607,170
21114,9030,96
21114,0502,96
21114,0507,81
21115,0211,124
21116,0211,136
21117,0211,22
21118,0211,12
21118,0509,10
21119,0211,4476
21119,0701,945
21119,0509,155
21119,0516,129
21119,9000,66
21119,0513,56
21119,8000,32
21119,0515,30
21119,0507,29
21119,0501,28
21119,0508,28
21119,0602,15
21119,0801,14
21119,0604,11
21120,0211,1521
21120,0509,17
21122,0211,65
21122,0701,26
21123,0701,2197
21123,0211,58
21124,0211,4730
21124,0512,1782
21124,0509,28
21125,0701,22
21125,0211,18
21126,0211,70
21127,0516,1491
21128,0211,24
21129,0211,10573
21132,0211,595
21132,0701,307
21132,0513,59
21132,0501,33
21132,0507,20
21132,9000,15
21132,0508,11
21132,0509,10
21132,8000,10
21133,0211,30
21134,0211,64
21134,0701,10
21134,0513,10
21136,0211,49
21136,0509,12
21137,0211,12
21138,0211,117
21138,0701,11
21139,0516,10
21140,0211,969
21140,0701,503
21140,0509,160
21140,0513,73
21140,0507,38
21140,0516,35
21140,0901,30
21140,9000,22
21140,0607,20
21140,0511,18
21140,0602,18
21140,0502,17
21140,0518,16
21141,0516,10
21142,0211,40
21142,0604,10
21143,0701,53
21143,0211,35
21143,0501,13
21143,0513,11
21144,0211,78
21144,0512,10
21145,0211,7872
21145,0509,2846
21146,0516,417
21147,0512,326
21147,0211,47
21147,0516,10
21148,0211,111
21148,0701,13
21149,0211,1597
21149,0509,759
21149,0516,71
21149,0517,43
21149,0512,40
21149,0507,21
21150,0211,131
21151,0211,65
21152,0211,12
21153,0211,91
21153,0509,24
21153,0507,10
21153,0701,10
21154,0211,157
21154,0604,72
21154,0509,24
21154,0507,21
21154,9000,17
21154,0501,14
21155,0508,279
21155,0516,211
21155,0211,73
21155,0513,42
21155,0701,20
21156,0211,15527
21156,0509,6277
21156,0516,1184
21156,0512,535
21156,0517,456
21156,0513,206
21156,0507,120
21156,0701,81
21156,0601,61
21156,9000,59
21156,0501,21
21156,1001,21
21156,0702,20
21156,0518,20
21156,0607,16
21156,0602,10
21157,0211,24
21157,0516,18
21158,0211,653
21158,0701,348
21159,0211,2499
21161,0512,1649
21161,0211,287
21161,0509,93
21162,0701,3103
21162,0211,30
21163,0211,2267
21163,0701,15
21164,0211,161
21164,0701,125
21164,0516,42
21164,0509,24
21164,0501,22
21164,0907,20
21164,0517,16
21165,0211,22
21166,0211,1404
21167,0211,7469
21167,0701,1259
21168,0211,14
21169,0512,836
21169,0211,110
21169,0516,43
21169,0701,12
21170,0211,27
21171,0211,14
21172,0211,6074
21172,0509,25
21172,0701,12
21173,0211,791
21173,0701,16
21174,0211,6297
21174,0701,175
21174,0602,21
21175,0211,625
21176,0508,16
21176,0211,13
21176,0516,12
21177,0512,5706
21177,0211,1109
21177,0516,23
21177,0509,14
21178,0701,2395
21178,0211,190
21178,0501,78
21179,0211,48
21179,0701,10
21180,0211,101
21180,0701,24
21180,0606,10
21181,0211,17
21181,0701,14
21182,0211,53
21183,0211,12272
21183,0701,20
21184,0211,2082
21184,0701,65
21185,0211,33
21186,0211,6513
21186,0701,59
21186,0509,25
21186,0516,15
21187,0501,174
21187,0211,15
21188,0211,1254
21189,0211,84
21189,0513,16
21189,0701,15
21190,0516,12
21191,0516,73
21191,0211,69
21191,0508,18
21192,0211,1751
21192,0701,1006
21194,0211,988
21194,0701,399
21194,0501,286
21194,0702,16
21195,0211,7745
21195,0509,18
21196,0516,579
21197,0211,2131
21197,0701,1049
21197,0501,177
21197,0907,18
21197,9000,18
21197,0509,18
21197,0601,18
21199,0211,333
21199,0701,34
21200,0211,1048
21201,0211,105
21202,0211,9039
21202,0701,21
21202,0509,12
21203,0211,12
21204,0211,3275
21204,0701,12
21204,0509,10
21205,0211,159
21205,0507,15
21205,0512,10
21206,0211,34
21207,0211,17485
21207,0701,266
21207,0516,18
21208,0211,3151
21208,0701,1355
21208,0516,62
21208,0501,43
21208,0602,29
21208,0513,11
21209,0516,405
21209,0512,386
21209,0211,33
21209,0509,12
21210,0701,3821
21210,0211,189
21211,0211,674
21211,0701,26
21211,0607,12
21212,0211,9684
21212,0701,16
21212,0601,13
21213,0701,3000
21213,0211,740
21213,0501,16
21213,0509,12
21214,0211,7337
21214,0509,36
21215,0701,3602
21215,0211,38
21216,0211,1644
21216,0701,11
21217,0211,17727
21217,0509,14
22001,0501,8316
22001,0502,60
22001,0607,11
22001,0507,10
22002,0601,24
22002,0501,19
22003,0505,11
22004,0501,401
22004,0211,30
22004,0701,19
22005,0501,36
22005,0507,18
22005,0211,18
22006,0501,387
22006,0211,334
22006,0801,39
22006,0607,36
22006,0502,35
22006,0209,27
22006,0516,26
22006,0513,25
22006,0701,20
22006,0507,17
22006,0514,13
22007,0501,253
22007,0801,56
22007,0211,32
22008,0501,23
22008,0211,15
22008,9000,14
22009,0601,90
22009,0211,89
22009,0501,18
22010,0601,14
22010,0211,14
22011,0501,309
22011,0211,269
22011,0516,193
22011,0502,122
22011,0508,84
22011,9000,61
22011,0604,46
22011,0509,39
22011,0607,28
22011,0701,28
22012,0801,119
22012,0211,86
22012,0901,80
22012,0501,39
22012,0502,27
22012,8000,10
22013,0501,22
22014,0211,2163
22014,0518,1218
22014,0501,1017
22014,0502,356
22014,0513,299
22014,0601,258
22014,9000,216
22014,0607,215
22014,0516,210
22014,0901,199
22014,0801,141
22014,1101,114
22014,0701,83
22014,0205,65
22014,0209,60
22014,0907,58
22014,0508,58
22015,0501,58
22016,0501,669
22016,0211,549
22016,0502,218
22016,0516,206
22016,9030,84
22016,0507,82
22016,0601,82
22016,0607,81
22016,0801,65
22016,0509,56
22016,0514,42
22016,0606,41
22016,0513,28
22016,0901,28
22016,0701,20
22017,0211,65
22017,0501,63
22017,0901,17
22017,0507,12
22017,0601,11
22018,0501,5302
22018,0516,14
22018,0211,13
23001,0602,8757
23001,0606,102
23001,0211,58
23001,0607,55
23001,0604,44
23001,0513,33
23001,0515,29
23001,9000,14
23001,0701,14
23001,0801,13
23001,0210,13
23002,0602,44215
23002,0607,348
23002,0606,74
23002,0604,63
23002,0513,36
23002,0701,30
23003,0602,985
23003,0606,298
23003,0607,163
23003,0604,128
23003,0618,24
23003,0513,21
23003,0211,13
23003,9030,12
23004,0602,10320
23004,0604,451
23004,0607,342
23004,0606,339
23004,0211,269
23004,0513,162
23004,9010,159
23004,0516,153
23004,0701,107
23004,0601,74
23004,0901,73
23004,0907,73
23004,0608,54
23004,0502,53
23004,9030,51
23004,0509,51
23004,8000,28
23004,0507,28
23004,0615,27
23004,0618,20
23004,0508,19
23004,9000,18
23005,0602,56905
23005,0606,4098
23005,0607,3208
23005,0604,2328
23005,0211,2074
23005,0907,1423
23005,0618,875
23005,0513,830
23005,9010,261
23005,9030,230
23005,0501,189
23005,8000,170
23005,0507,146
23005,0613,139
23005,0516,109
23005,9000,95
23005,0208,89
23005,0205,87
23005,0608,76
23005,0615,72
23005,0701,67
23005,0605,12
23005,0801,12
23005,0610,11
23006,0602,17407
23006,0604,77
23006,0618,28
23007,0602,10295
23007,0607,30
23007,0604,30
23007,0606,25
23007,9000,11
23008,0602,22198
23008,0606,3603
23008,0604,2173
23008,0607,1176
23008,0608,642
23008,0907,424
23008,0211,372
23008,9000,139
23008,0513,127
23008,0618,117
23008,0613,96
23008,0509,70
23008,0516,61
23008,0701,49
23008,0801,48
23008,9010,15
23008,0901,15
23009,0602,14599
23009,0606,217
23009,0607,162
23009,0604,122
23009,9000,83
23009,0901,50
23009,0211,27
23009,9030,12
23009,0513,12
23009,0613,11
23010,0602,6134
23010,0608,1547
23010,0618,456
23010,0604,189
23010,0701,124
23010,0907,51
23010,0620,46
23010,0211,46
23010,0606,28
23010,0513,21
23010,0607,19
23010,0501,15
23010,0614,15
23010,0516,11
23011,0602,2518
23011,0606,166
23011,0513,95
23011,0604,54
23011,0607,46
23011,9000,35
23011,0211,33
23011,0901,21
23011,0907,18
23011,0613,10
24001,0211,23
24002,0505,31
24003,0601,32116
24003,0211,237
24005,0505,67
24005,0211,65
24005,0601,16
24006,0210,10
24007,0211,15
24008,0211,29
24008,0601,15
24010,0505,75
24010,0211,24
24010,0502,12
24010,0601,10
24010,0501,10
24011,0505,181
24011,0211,96
24011,0516,54
24011,0601,42
24012,0601,7251
24012,0211,5297
24013,0601,11555
24013,0211,1602
24013,9000,66
24013,0501,45
24013,0606,30
24013,0505,23
24014,0211,10621
24014,0601,119
24015,0211,30
24016,0601,1911
24016,0211,1335
24017,0211,36
24018,0601,7894
24018,0211,617
24019,0505,37
24019,9000,18
24020,0211,42
24020,0506,36
24020,0602,24
24020,0513,24
24020,0502,23
24020,0601,13
24020,9000,12
24021,0211,49
24023,0505,678
24023,0601,14
24023,0211,11
24024,0211,224
24024,0505,54
24024,0607,40
24024,0501,16
24025,0211,16
24026,0601,7753
24026,0211,95
24027,0211,21
24028,0211,1848
24028,0601,1069
24028,0501,727
24028,9000,399
24028,0516,134
24028,0513,121
24028,0901,116
24029,0211,7597
24029,0601,27
24031,0505,7094
24031,0601,18
24031,0211,10
24032,0211,11
24032,0601,11
24034,0601,3398
24034,0211,185
24035,0211,808
24035,0601,333
24035,9000,132
24035,0502,132
24035,0501,56
24035,0602,29
24035,8000,22
24035,0801,22
24035,0901,22
24036,0505,5054
24036,0601,101
24036,0211,75
24036,0506,30
24036,9000,18
24037,0211,33684
24037,0601,382
24037,0501,48
24037,0516,12
24038,0211,4891
24038,0601,60
24039,0601,5862
24039,0211,1481
24040,0601,8849
24040,0211,732
24040,0501,42
24040,0505,19
24041,0601,14336
24041,0211,49
24042,0601,2346
24042,0211,398
24044,0211,12
24045,0516,12
24045,0211,12
24047,0601,12
24049,0516,73
24051,0211,11
24053,0211,16300
24053,0601,241
24054,0211,16303
24054,0601,1335
24056,0211,31
24056,0601,13
24057,0211,15610
24057,0601,53
24058,0601,143
24058,0211,77
25001,0208,2503
25001,0205,841
25001,9000,300
25001,0211,280
25001,0207,115
25001,0513,110
25001,0518,96
25001,0507,47
25001,0604,46
25001,0514,22
25001,0606,22
25001,0209,22
25002,0208,194
25002,0516,174
25002,0211,103
25002,0513,18
25004,0516,120
25004,0211,40
25006,0513,999
25006,0516,434
25006,0501,285
25006,9000,191
25006,0211,145
25006,0208,122
25006,0604,116
25006,0210,72
25006,0801,58
25006,0607,57
25006,0515,12
25007,0205,760
25007,0208,316
25007,9000,15
25008,0211,247
25008,0701,120
25008,0513,72
25008,0508,68
25008,0210,43
25008,0516,20
25008,0702,16
25008,0204,16
25008,0207,15
25008,9000,12
25009,0211,2780
25009,0204,500
25009,0516,499
25009,0513,414
25009,0508,296
25009,0209,156
25009,0210,22
25009,0801,10
25009,0205,10
25010,0208,3289
25010,9000,353
25010,0205,192
25010,0516,59
25010,0513,27
25010,0613,14
25010,0515,14
25011,0513,1324
25011,0208,660
25011,0516,281
25011,0205,105
25011,0211,87
25011,0204,80
25011,0518,76
25011,0515,60
25011,0501,40
25011,0606,38
25011,9000,34
25011,0502,24
25011,0210,24
25011,0607,12
25012,0211,613
25012,0516,452
25012,0508,303
25012,0513,147
25012,0701,120
25012,9000,113
25012,0208,70
25012,0205,68
25012,0607,68
25012,0509,44
25012,0801,43
25012,0501,35
25012,0210,34
25012,0209,34
25014,0508,356
25014,0204,44
25014,0211,16
25015,0208,62
25015,0516,33
25015,0211,28
25015,0502,20
25015,9000,16
25015,0515,12
25015,0205,12
25015,9010,11
25015,0801,11
25015,0604,11
25015,0513,10
25016,0211,11
25017,0208,503
25017,0205,36
25017,0211,12
25018,0211,1099
25018,0516,798
25018,0513,740
25018,0508,143
25018,0607,70
25018,0518,60
25018,9000,43
25018,0606,30
25018,1101,20
25018,0515,20
25018,0601,20
25018,0507,20
25018,9030,10
25018,0504,10
26002,0513,103
26002,0205,77
26002,0207,46
26002,0507,45
26002,0701,36
26002,9010,30
26002,9030,16
26002,0208,15
26002,9000,15
26002,0211,14
26003,0206,2360
26003,0208,217
26003,0211,25
26003,9000,15
26003,0207,10
26004,0618,35
26004,0606,14
26004,0208,11
26012,0207,1559
26012,0208,114
26017,0516,165
26017,0518,140
26017,0211,110
26017,0205,85
26017,0201,68
26017,0208,53
26017,0513,18
26017,0606,18
26017,0508,12
26017,0509,12
26017,9000,12
26017,0604,12
26017,0209,12
26017,9020,12
26018,0207,2796
26018,0208,962
26018,0211,103
26018,0205,99
26018,9000,33
26018,0507,29
26018,0509,26
26018,0513,26
26018,0209,25
26018,0604,24
26018,0602,24
26019,0205,44
26019,0513,42
26019,0207,42
26019,0211,12
26025,0207,109
26025,0208,22
26025,0516,22
26026,0208,8295
26026,0205,44
26026,0206,37
26026,0207,30
26026,9000,18
26027,0211,40
26027,0516,30
26027,0601,19
26027,0507,12
26029,0207,8070
26029,0208,262
26029,0516,146
26029,0211,138
26029,0513,60
26029,0205,58
26029,0606,31
26029,0602,20
26029,0501,19
26029,0209,19
26030,0518,2288
26030,0208,1585
26030,0207,996
26030,0516,842
26030,0211,734
26030,0205,553
26030,0606,361
26030,0513,265
26030,0507,132
26030,0607,128
26030,9000,103
26030,0401,101
26030,0508,63
26030,0515,49
26030,9020,38
26030,0907,18
26030,0613,18
26030,0204,17
26030,0604,17
26030,0901,17
26030,0801,12
26030,9030,12
26030,0509,11
26033,0208,3214
26033,0207,27
26035,0208,21
26035,0211,18
26035,0516,10
26036,9030,99
26036,0208,20
26036,0207,19
26036,0701,18
26036,0211,18
26036,0507,18
26036,0513,14
26039,0801,17
26041,0208,21
26041,0205,17
26041,0211,14
26041,0601,12
26041,0901,11
26042,0208,5874
26042,0205,45
26042,0501,19
26043,0208,1024
26043,0207,195
26043,0513,193
26043,9000,127
26043,0211,121
26043,0606,57
26043,0502,57
26043,0516,38
26043,9020,24
26043,0205,23
26043,0501,19
26043,0210,19
26043,0507,19
26043,8000,19
26043,0601,19
26043,9010,18
26047,0401,815
26047,8000,128
26047,9000,18
26047,0208,17
26048,0211,232
26048,0208,55
26048,0201,53
26048,0516,52
26048,0513,27
26048,0207,26
26048,1101,13
26048,0518,13
26049,0206,72
26049,0208,26
26051,0206,10
26055,0208,167
26055,0516,165
26055,9000,75
26055,9030,58
26055,0211,58
26055,0513,48
26055,9010,40
26055,0501,38
26055,0509,33
26055,0801,31
26055,0209,28
26055,0518,24
26056,0513,1234
26056,0518,382
26056,0516,202
26056,0606,148
26056,0607,48
26056,0211,45
26056,0205,42
26056,0901,30
26056,0509,27
26056,0508,17
26056,0208,11
26069,0202,645
26070,0201,15
26070,0801,12
26070,0516,10
26071,0208,858
26071,0207,13
26072,0207,827
26072,0208,33
27001,0606,343
27001,0604,271
27001,0602,73
27001,0605,19
27001,0211,15
27001,0516,11
27002,0211,310
27002,0602,222
27002,0907,128
27002,0606,126
27002,0604,114
27002,0513,102
27002,0605,54
27002,9000,53
27002,0508,41
27002,0516,36
27002,0502,36
27002,0607,12
27002,0701,12
27003,0605,25204
27003,0606,527
27003,0604,175
27003,0211,131
27003,0513,50
27003,9000,46
27003,0602,40
27003,0205,31
27004,0605,17066
27004,0604,5276
27004,0607,1132
27004,0606,885
27004,0513,833
27004,0907,616
27004,0602,316
27004,0211,211
27004,0701,183
27004,9000,143
27004,0516,142
27004,8000,25
27004,0501,25
27005,0602,187
27005,0615,85
27005,0901,84
27005,0211,79
27005,0513,49
27005,0516,40
27005,0604,36
27005,9000,28
27005,0207,22
27005,0701,18
27005,0907,16
27005,0605,16
27006,0602,76
27006,0211,75
27006,0513,68
27006,0604,63
27006,0907,59
27006,0509,59
27006,9000,59
27006,0605,29
27006,0507,13
27007,0606,115
27007,0604,76
27007,0607,45
27007,0602,25
27007,0211,14
27007,0509,10
27008,0211,137
27008,0602,108
27008,0907,96
27008,0607,58
27008,0513,39
27008,9030,36
27008,0605,21
27009,0604,187
27009,0606,18
27009,0513,18
27009,0607,12
27010,0605,113
27010,0606,101
27010,0604,48
27010,0513,24
27010,0602,19
27010,0516,15
27011,0605,452
27011,0604,30
27011,0606,15
27011,0513,12
27011,0607,11
27011,0602,10
27012,0605,4877
27012,0604,986
27012,9000,48
27012,0211,36
27012,0602,22
27012,0607,15
27013,0605,17160
27013,0604,430
27013,0907,259
27013,9000,168
27013,0602,110
27013,0513,103
27013,0211,92
27013,0607,63
27013,9030,21
27013,0606,21
27014,0513,140
27014,0604,118
27014,0605,76
27014,0602,28
27014,0211,19
27014,0606,12
27014,0607,12
27014,0516,10
27015,0604,7044
27015,0907,324
27015,0607,101
27015,0602,78
27015,0606,19
27015,0605,18
27015,9000,15
27015,0513,12
27016,0604,164
27016,0907,48
27016,0602,36
27016,0513,28
27016,0607,27
27016,0211,24
27016,0605,20
27017,0604,498
27017,0606,405
27017,8000,48
27017,0602,45
27017,0513,42
27017,0907,28
27017,0607,27
27017,0516,20
27017,0211,20
27017,0605,14
27017,0507,12
27017,0601,12
28002,0601,58
28002,0211,39
28003,0211,2456
28003,0601,1098
28003,0513,184
28003,0701,142
28003,0607,95
28003,9000,53
28003,9030,18
28004,0601,17
28008,0601,17
28009,0211,867
28009,0601,635
28009,9000,88
28009,0602,69
28009,0509,47
28012,0601,184
28012,0211,112
28015,0601,22
28015,0211,12
28019,0601,47
28019,0211,17
28021,0601,89
28021,0211,78
28021,0501,13
28021,9000,13
28021,0210,12
28022,0211,3393
28022,0601,725
28022,0701,360
28022,0507,217
28022,0501,173
28022,0513,115
28022,9000,106
28022,0602,98
28022,0901,74
28022,0606,73
28022,0607,39
28022,0516,36
28022,0505,36
28022,0604,34
28025,0211,28
28025,0601,11
28027,0211,1223
28027,0601,386
28027,0701,271
28027,0501,248
28027,0513,161
28027,0502,146
28027,0801,120
28027,9030,116
28027,0509,113
28027,0901,58
28027,0516,55
28027,9000,37
28027,0602,36
28027,0507,31
28027,0505,29
28027,0618,28
28027,0205,28
28028,0601,27
28028,0211,21
28032,0211,3335
28032,0701,3094
28032,0601,1361
28032,0607,765
28032,0513,435
28032,9000,429
28032,0907,168
28032,0509,153
28032,0702,111
28032,0604,107
28032,0901,63
28032,0606,56
28032,0501,52
28032,0507,51
28032,0518,51
28033,0211,400
28033,0601,165
28033,0701,147
28033,0502,33
28033,0901,31
28033,0501,20
28033,0513,19
28033,0516,19
28033,0505,12
28035,0211,54
28035,0601,42
28035,0701,19
28037,0211,91
28037,0601,48
28037,0701,10
28038,0211,2118
28038,0601,1022
28038,9000,68
28038,0513,56
28038,0701,48
28038,0602,33
28038,0501,23
28038,0607,22
28038,0210,20
28038,0612,17
28038,0509,16
28038,0907,15
28039,0501,11
28039,0211,10
28039,0502,10
28040,0211,83
28040,0701,17
28040,0513,17
28040,0601,15
28041,0211,407
28041,0702,72
28041,0601,71
28041,9000,48
28041,0602,47
28041,0507,29
28041,0502,23
28043,0601,15
28043,0211,13
29001,0211,82
29001,0701,13
29002,0211,72
29002,0513,14
29002,0701,12
29003,0211,13
29004,0211,18
29005,0211,282
29005,0701,156
29005,0516,20
29005,9000,20
29005,0513,20
29005,0501,19
29005,0606,10
29006,0211,180
29006,0516,15
29006,9000,12
29006,0513,11
29007,0211,12
29008,0211,14
29009,0211,23
29009,0701,21
29010,0211,2025
29010,0701,157
29010,0516,28
29010,0513,24
29012,0211,20
29013,0211,125
29013,0501,42
29013,0701,32
29013,0502,30
29013,0513,26
29013,0602,15
29014,0211,35
29015,0701,88
29015,0211,68
29015,9000,10
29016,0501,356
29016,0211,19
29017,0211,908
29017,0509,67
29017,0606,30
29017,0701,12
29018,0211,4373
29018,0701,22
29019,0211,112
29019,0701,15
29020,0211,18
29021,0211,36
29022,0211,89
29022,9000,18
29023,0211,28
29023,0701,23
29023,0509,12
29024,0701,158
29024,0211,104
29024,0513,15
29024,0901,10
29025,0211,9793
29025,0701,123
29025,0509,58
29025,0607,43
29025,0516,13
29026,0211,407
29026,0701,131
29027,0211,321
29027,0701,12
29027,0509,11
29028,0211,1293
29028,0701,36
29028,0515,18
29028,0509,18
29028,0516,11
29029,0701,153
29029,0211,137
29030,0211,12
29031,0211,77
29031,0701,29
29031,0513,23
29031,0501,12
29031,0606,10
29032,0211,30
29032,0701,14
29033,0211,618
29033,0509,180
29033,0701,134
29033,0513,85
29033,0604,70
29033,9000,36
29033,0501,36
29033,0602,23
29034,0211,148
29034,0701,39
29034,0516,15
29035,0211,10
29036,0211,144
29036,0701,99
29036,0516,10
29037,0211,31
29038,0211,109
29038,0701,27
29038,0901,12
29039,0211,58
29039,0701,14
29040,0211,17
29041,0211,439
29041,0701,234
29041,0509,24
29041,9000,21
29041,0513,17
29042,0211,72
29042,0701,34
29043,0211,177
29043,0701,38
29043,0901,30
29044,0701,114
29044,0211,108
29044,0509,18
29044,0501,12
29049,0211,15
29050,0211,1001
29052,0211,18
29053,0211,74
29053,0701,14
29056,0701,19
29056,0211,11
29058,0211,74
29058,0701,17
29059,0211,87
29059,0701,74
29060,0211,47
30002,0701,10
30003,9030,1304
30003,0513,197
30003,0211,124
30003,0607,70
30003,0509,37
30003,0606,36
30003,0602,28
30003,0901,27
30003,0507,27
30003,9000,20
30003,0701,10
30004,0211,35
30006,0211,3475
30006,0509,21
30008,0211,19
30009,0211,18
30010,0211,183
30010,0701,25
30011,0513,24
30011,0211,18
30011,0701,14
30011,0602,12
30011,9000,11
30011,0603,11
30012,0509,14
30013,0601,1141
30013,0211,86
30013,0701,16
30013,9000,11
30013,0801,10
30014,0211,499
30014,0509,78
30014,0513,14
30014,0507,14
30015,0211,71
30015,9030,29
30015,0513,18
30015,0509,10
30016,0211,62
30016,0701,35
30016,0516,17
30018,0211,39
30019,0211,6014
30020,0211,9957
30021,0211,47
30021,0516,10
30021,0509,10
30022,0211,93
30023,0701,47
30023,0211,43
30023,9000,22
30024,0211,65
30025,0211,100
30026,0211,49
30026,0701,26
30026,0509,12
30027,0211,11754
30027,0702,14
30028,0513,121
30028,0602,107
30028,0509,103
30028,0211,83
30028,0507,71
30028,0901,32
30028,9000,25
30028,0516,25
30028,0606,24
30028,9030,23
30028,0701,22
30028,0501,22
30029,0211,112
30030,0211,9020
30030,0513,12
30031,0509,20
30031,0211,17
30032,9030,73
30032,0211,47
30032,9000,16
30032,0901,15
30033,0701,2692
30033,0211,66
30033,0501,17
30034,0211,305
30034,0601,60
30034,0702,12
30035,0211,1348
30035,0601,27
30036,0701,10
30037,0701,3498
30037,0211,20
30038,0211,258
30038,0513,74
30038,0509,25
30038,0605,18
30038,9000,16
30038,0501,13
30038,0701,11
30038,0604,10
30039,0513,3458
30039,0211,1670
30039,0901,429
30039,9030,403
30039,0516,299
30039,0602,167
30039,0907,161
30039,0607,155
30039,0507,117
30039,9000,114
30039,0701,114
30039,0509,110
30039,0604,73
30039,1101,50
30039,0601,39
30039,0606,32
30039,0605,22
30039,9010,10
30039,0512,10
30039,0514,10
30039,0205,10
30039,0501,10
30040,0701,3723
30040,0211,186
30040,0501,55
30041,0211,763
30043,0211,10
30044,0509,1406
30044,0211,657
30044,0513,182
30044,0516,148
30044,0507,62
30044,9000,27
30044,0607,26
30044,0901,16
30045,0507,1346
30045,0509,627
30045,0516,72
30045,0513,62
30045,0211,59
30045,0607,26
30046,0211,16
30047,0211,59
30047,0509,31
30048,0211,3486
30048,0513,1297
30048,9030,225
30048,0901,203
30048,0607,170
30048,0507,64
30048,0907,57
30048,0602,26
30048,0701,24
30048,0601,14
30048,0618,13
30048,0508,12
30048,9000,12
30049,0211,64
30049,0513,13
30049,0516,10
30049,0607,10
30050,0701,10610
30050,0211,25
30051,0701,12548
30051,0211,56
30051,0501,38
30052,0211,216
30053,0509,179
30053,0211,58
30053,0516,28
30055,0211,4913
30055,0601,12
30056,0211,3405
30056,0601,11
30057,0701,18
30058,0211,31184
30058,0601,77
30058,0501,46
30058,0702,16
30058,0701,15
30059,0211,238
30059,9030,92
30059,0513,45
30059,1101,11
30059,0516,10
30060,0601,789
30060,0211,51
30060,0701,22
30061,0701,423
30061,0513,166
30061,0211,105
30061,0907,81
30061,0607,42
30061,0516,36
30061,0501,31
30061,9000,30
30061,9010,11
30062,0211,29
30062,0509,12
30063,0601,1119
30063,0211,768
30064,0701,3349
30065,0211,178
30065,0513,86
30065,0701,63
30065,9000,50
30065,0606,30
30065,0602,21
30065,0509,20
30065,0507,20
30065,0901,18
30065,8000,12
30065,0516,12
30065,0501,10
30065,9030,10
30066,0701,8035
30066,0211,114
30067,0701,16262
30067,0211,14
30068,0211,439
30068,0509,160
30068,0513,38
30068,0516,37
30068,0507,35
30068,0602,11
30069,0701,511
30069,0211,96
30069,0501,10
30070,0211,217
30070,0507,88
30070,0513,81
30070,0701,45
30071,0211,175
30071,0701,24
30072,0211,217
30072,0501,211
30073,0906,7824
30073,0211,34
30073,0907,14
30073,0513,13
30074,0211,205
30074,0509,10
30075,0509,12
30076,0211,10750
30077,0507,264
30077,0509,188
30077,0211,68
30077,0513,37
30077,0602,11
30078,0211,5949
30078,0601,20
30079,0211,71
30080,0211,43
30081,0211,4693
30081,0509,64
30082,0211,245
30082,0513,123
30082,0701,26
30082,0604,10
30083,0211,20486
30083,0501,7405
30083,0701,2517
30083,0702,2488
30083,0509,14
30083,0518,14
30085,0211,4177
30085,0509,86
30085,0513,39
30085,0602,31
30085,0907,14
30086,0211,73
30086,0516,20
30086,0509,15
30087,0211,1835
30087,0701,867
30087,0513,301
30087,9000,272
30087,0502,222
30087,0901,114
30087,0509,86
30087,0507,72
30087,0606,64
30087,0601,39
30087,0602,38
30087,0702,36
30087,0907,36
30087,8000,35
30087,0501,35
30087,0604,22
30088,0211,26
30089,0211,220
30089,0513,144
30089,9030,64
30089,0507,63
30089,0901,30
30089,1101,17
30089,0516,13
30089,0602,12
30089,0501,11
30091,0507,820
30091,0901,371
30091,0211,294
30091,9030,190
30091,0513,62
30091,0509,61
30091,0516,58
30091,0701,15
30091,0602,15
30091,0501,11
30091,9000,10
30091,0508,10
30092,0211,119
30092,0701,15
30093,0701,10
30094,0507,1269
30094,0509,73
30094,0513,41
30094,0211,39
30094,0516,19
30095,0211,10
30096,0701,16
30097,0211,17
30098,0211,2443
30099,0211,32
30101,0211,160
30102,0211,750
30102,0701,495
30102,0509,14
30102,0501,11
30102,0513,11
30102,0604,11
30102,0601,11
30102,0516,10
30103,0701,10513
30103,0211,15
30104,0211,11461
30104,0906,108
30105,0211,142
30105,0701,135
30105,0513,98
30105,0509,71
30105,0516,54
30105,0507,20
30105,0907,20
30105,0501,20
30105,9030,11
30105,0604,10
30108,0211,2520
30108,0701,2112
30108,0513,1850
30108,9030,116
30108,0602,89
30108,0507,64
30108,0907,64
30108,0501,63
30108,9000,62
30108,0516,39
30108,0601,20
30108,1101,20
30108,9010,20
30108,0606,19
30109,0701,126
30109,0211,67
30110,0211,10800
30111,0211,45
30111,0513,24
30112,0211,15
30113,0211,378
30115,0211,1110
30115,0516,12
30115,0509,10
30116,0903,62
30116,0513,27
30117,0211,959
30117,0516,41
30118,0211,1888
30118,0513,62
30118,0509,41
30118,0516,37
30118,0601,22
30118,0606,20
30118,9010,20
30118,0507,19
30119,0509,79
30119,0513,45
30119,0507,12
30120,0211,471
30120,9030,21
30120,0513,19
30121,0211,135
30121,0601,91
30121,0501,12
30122,0211,9941
30122,9030,25
30122,0513,11
30123,0601,622
30123,0211,451
30123,0701,56
30123,0501,28
30123,0513,28
30124,0701,28860
30124,0211,408
30124,0509,32
30124,0501,24
30124,9030,16
30124,0702,16
30125,0211,70
30126,0211,23
30127,0211,67
30128,0211,158
30128,0604,23
30128,0701,21
30128,0516,14
30129,0211,5193
30129,0601,32
30129,0501,10
30130,0513,3693
30130,0509,3431
30130,0507,753
30130,0516,541
30130,0901,77
30130,0211,34
30130,0602,16
30130,0701,14
30131,0701,3796
30131,0211,498
30131,0601,71
30131,0501,65
30131,0607,31
30131,0507,31
30132,0211,32
30132,0701,10
30133,0211,522
30133,0601,177
30133,0516,36
30133,0701,30
30133,0513,29
30133,9000,22
30133,0502,13
30133,0604,11
30133,0602,10
30133,0606,10
30133,0501,10
30134,0211,16
30135,0211,9671
30135,0509,24
30135,0516,19
30137,0211,5093
30138,0211,703
30138,0507,11
30140,0211,2169
30141,0211,152
30141,0516,128
30141,9030,99
30141,0509,74
30141,0701,63
30141,0602,21
30141,9000,11
30141,0606,11
30141,0513,10
30141,0508,10
30141,0507,10
30142,0211,210
30142,0509,34
30142,0901,34
30142,0513,20
30142,0507,15
30142,0516,11
30143,0602,79
30144,0902,3684
30144,0901,184
30144,0211,60
30144,0507,34
30144,0516,18
30145,9030,72
30145,0211,72
30145,0513,32
30145,0507,19
30147,0211,21856
30148,0211,16
30149,0906,24968
30149,0211,1457
30149,0907,631
30149,0513,22
30149,0606,18
30149,0901,12
30149,0701,11
30149,0515,10
30150,0211,592
30150,0601,21
30151,0211,119
30151,0601,36
30151,0701,26
30152,0601,53
30152,0211,45
30152,0701,15
30153,0601,345
30153,0211,81
30154,0601,380
30154,0211,41
30154,9000,12
30155,0601,48958
30155,0211,2089
30155,9000,52
30155,0701,19
30155,0501,14
30155,0509,13
30157,0211,1086
30157,0501,280
30157,0701,59
30158,0701,999
30158,0211,140
30158,0501,14
30159,0211,26637
30160,0211,2605
30160,0501,266
30160,0601,144
30160,0701,84
30160,0604,29
30160,0702,14
30160,9000,12
30161,0601,1545
30161,0211,309
30162,0211,11
30164,0211,29
30165,0211,14
30167,0211,1552
30167,0601,12
30168,0211,12886
30169,0507,579
30169,0516,22
30169,0513,18
30169,0517,12
30170,0501,7151
30170,0211,89
30170,0702,27
30171,0211,3499
30172,0904,336
30172,0211,49
30173,0211,7644
30173,0509,141
30173,0516,97
30173,0512,77
30173,9030,10
30174,0509,167
30174,0211,144
30174,0513,113
30174,0507,70
30174,0516,52
30174,9000,25
30174,0510,12
30175,0701,1833
30175,0211,833
30175,0501,343
30175,0513,26
30175,0606,13
30175,0907,12
30176,0509,25
30177,0211,13
30178,0211,12
30179,0211,25
30180,0702,2144
30180,0501,1618
30180,0211,914
30181,0509,27
30181,0211,20
30182,0601,10
30183,0211,628
30183,0502,16
30183,0509,12
30184,0211,6825
30185,0211,1644
30186,0211,15
30188,0211,21
30189,0211,1360
30189,0701,302
30189,0501,135
30189,0513,109
30189,0601,86
30189,0602,36
30189,0907,31
30189,0901,26
30191,0606,45
30191,0211,29
30192,0211,32
30192,0701,14
30193,0513,1132
30193,0607,1062
30193,0211,967
30193,0509,767
30193,0516,522
30193,0602,198
30193,0507,173
30193,0701,74
30193,0901,69
30193,0510,67
30193,9030,36
30193,9000,36
30193,0608,36
30193,0208,36
30194,0211,17
30195,0211,1926
30196,0211,44
30196,0509,25
30197,0701,107
30197,0211,11
30198,0501,89
30198,0211,17
30199,0211,2994
30201,0211,28446
30201,0516,53
30201,9000,18
30201,0513,11
30202,0211,8891
30202,0501,1226
30202,0702,597
30203,0701,9791
30203,0211,157
30204,0513,130
30204,0516,55
30204,0211,31
30204,0602,23
30204,0907,17
30204,1101,14
30204,0701,12
30204,0901,11
30204,1001,10
30205,0211,63
30205,0601,47
30206,0513,602
30206,0604,44
30206,0211,29
30206,9030,22
30206,0602,20
30206,0516,15
30206,0901,10
30207,0507,878
30207,0509,441
30207,0211,35
30207,0513,34
30207,0516,20
30208,0509,24
30208,0516,23
30208,0501,10
30209,0211,7890
30209,0906,880
30209,0901,10
30210,0507,6824
30210,0907,1991
30210,0701,363
30210,0211,205
30210,0513,114
30210,0901,77
30210,9030,75
30210,0509,38
30210,0501,26
30210,0602,18
30210,9000,13
30211,0211,146
30211,0701,78
30211,9000,10
30212,0513,3616
30212,0507,1257
30212,0901,416
30212,0509,89
30212,0211,16
30212,0516,15
31001,0602,3713
31002,0602,3453
31002,0604,12
31003,0602,5803
31004,0602,837
31005,0602,696
31006,0602,1832
31007,0602,1243
31008,0602,1806
31009,0602,875
31010,0602,1998
31011,0602,373
31012,0602,1115
31013,0602,1686
31013,0606,11
31013,0604,11
31014,0602,1125
31015,0602,2795
31016,0602,2577
31017,0602,3516
31018,0602,1931
31019,0602,30145
31019,0606,29
31019,0607,19
31019,0604,15
31020,0602,298
31021,0602,7479
31021,0604,10
31022,0602,3794
31023,0602,1146
31024,0602,2475
31025,0602,3458
31026,0602,677
31027,0602,412
31028,0602,96
31029,0602,541
31030,0602,1776
31031,0602,1285
31032,0602,8148
31033,0602,10436
31034,0602,3131
31035,0602,2509
31036,0602,3899
31037,0602,1881
31038,0602,5832
31039,0602,398
31040,0602,8711
31041,0602,16291
31041,0604,314
31041,0606,122
31041,0607,90
31041,9000,39
31041,0513,39
31041,0605,36
31041,0211,19
31042,0602,1978
31043,0602,2270
31044,0602,1909
31045,0602,941
31046,0602,1931
31047,0602,4035
31048,0602,9362
31048,0211,20
31049,0602,3444
31050,0602,75487
31050,0604,1442
31050,0606,772
31050,0607,426
31050,9000,411
31050,0211,297
31050,0501,239
31050,0513,214
31050,0701,172
31050,8000,150
31050,0611,144
31050,9010,137
31050,0615,69
31050,0907,22
31051,0602,337
31052,0602,6410
31052,0604,15
31052,9000,10
31052,0606,10
31053,0602,4781
31054,0602,969
31055,0602,4493
31056,0602,17628
31056,0211,60
31056,0606,13
31056,0607,10
31057,0602,1470
31058,0602,13184
31059,0602,3161
31059,9000,34
31059,0607,31
31059,0604,25
31059,0606,11
31060,0602,290
31061,0602,398
31062,0602,2405
31063,0602,1833
31064,0602,724
31065,0602,131
31066,0602,2896
31067,0602,1901
31068,0602,594
31069,0602,3619
31070,0602,1547
31071,0602,929
31072,0602,527
31073,0602,5160
31074,0602,1790
31075,0602,4465
31076,0602,7271
31077,0602,1056
31078,0602,1042
31079,0602,23723
31079,0604,15
31079,0606,15
31079,0513,15
31079,9000,12
31079,0607,10
31079,0618,10
31080,0602,4426
31081,0602,2512
31082,0602,346
31083,0602,180
31084,0602,1502
31085,0602,11491
31085,0607,12
31086,0602,1158
31087,0602,1616
31088,0602,864
31089,0602,12081
31090,0602,5214
31091,0602,6854
31092,0602,6277
31093,0602,1769
31093,0604,11
31094,0602,4263
31095,0602,1219
31096,0602,26028
31096,0606,42
31096,0604,19
31097,0602,1607
31098,0602,7063
31098,0604,30
31098,9000,15
31099,0602,3157
31100,0602,752
31101,0602,9646
31101,0604,101
31101,0606,37
31101,0513,33
31101,0211,11
31101,0516,10
31102,0602,38046
31102,0901,162
31102,0516,40
31102,0604,37
31102,9000,20
31103,0602,1562
31104,0602,9991
31105,0602,295
31106,0602,361
32004,0210,16
32005,0210,148
32005,0204,26
32005,0516,24
32010,0502,108
32010,0210,96
32010,0208,23
32010,0901,21
32010,0211,20
32011,0210,136
32013,0210,128
32017,0211,200
32017,0601,150
32017,0801,75
32017,0210,52
32017,0513,50
32017,9030,50
32017,0205,27
32017,0701,27
32017,0204,26
32017,0516,26
32017,0506,26
32017,0907,25
32017,0514,15
32019,0210,54
32019,0211,35
32019,0513,15
32019,0204,10
32020,0211,90
32020,0210,56
32020,0801,33
32020,0513,24
32020,0502,16
32020,0205,12
32022,0211,26
32023,0210,28
32024,0502,23
32024,0207,13
32028,0210,14
32031,0210,41
32032,0210,35
32032,0502,24
32034,0211,36
32034,0210,16
32036,0502,77
32036,0513,30
32036,0211,10
32037,0204,52
32037,0211,38
32038,0211,74
32039,0211,79
32042,0211,35
32045,0210,23
32048,0210,433
32048,0211,62
32048,0601,25
32048,0513,16
32048,0701,11
32049,0204,701
32049,0209,60
32049,0210,59
32051,0204,76
32051,0210,61
32056,0501,168
32056,0513,108
32056,0601,66
32056,0602,46
32056,0211,42
32056,0506,24
