anio,criterio,grupo,sexo,edad,dimension,categoria,num,den,casos,ee
2010,autoads,Indígena,Hombres,15-29,actividad,Desocupada,1735.0,54447.0,2410.0,0.000144
2010,autoads,Indígena,Hombres,15-29,actividad,No económicamente activa,13401.0,54447.0,2410.0,0.001379
2010,autoads,Indígena,Hombres,15-29,actividad,Ocupada,39311.0,54447.0,2410.0,0.002512
2010,autoads,Indígena,Hombres,3-14,actividad,Desocupada,,7502.0,371.0,
2010,autoads,Indígena,Hombres,3-14,actividad,No económicamente activa,6747.0,7502.0,371.0,0.002733
2010,autoads,Indígena,Hombres,3-14,actividad,Ocupada,755.0,7502.0,371.0,0.00024
2010,autoads,Indígena,Hombres,30-59,actividad,Desocupada,3488.0,91984.0,3997.0,0.000185
2010,autoads,Indígena,Hombres,30-59,actividad,No económicamente activa,4830.0,91984.0,3997.0,0.000157
2010,autoads,Indígena,Hombres,30-59,actividad,Ocupada,83666.0,91984.0,3997.0,0.001078
2010,autoads,Indígena,Hombres,60+,actividad,Desocupada,250.0,28518.0,1112.0,
2010,autoads,Indígena,Hombres,60+,actividad,No económicamente activa,14297.0,28518.0,1112.0,0.001868
2010,autoads,Indígena,Hombres,60+,actividad,Ocupada,13971.0,28518.0,1112.0,0.001796
2010,autoads,Indígena,Hombres,Todas,actividad,Desocupada,5473.0,182451.0,7890.0,0.000236
2010,autoads,Indígena,Hombres,Todas,actividad,No económicamente activa,39275.0,182451.0,7890.0,0.001077
2010,autoads,Indígena,Hombres,Todas,actividad,Ocupada,137703.0,182451.0,7890.0,0.001316
2010,autoads,Indígena,Mujeres,15-29,actividad,Desocupada,965.0,60328.0,2761.0,8e-06
2010,autoads,Indígena,Mujeres,15-29,actividad,No económicamente activa,32963.0,60328.0,2761.0,0.00232
2010,autoads,Indígena,Mujeres,15-29,actividad,Ocupada,26400.0,60328.0,2761.0,0.00215
2010,autoads,Indígena,Mujeres,3-14,actividad,Desocupada,,5800.0,309.0,
2010,autoads,Indígena,Mujeres,3-14,actividad,No económicamente activa,5561.0,5800.0,309.0,0.00342
2010,autoads,Indígena,Mujeres,3-14,actividad,Ocupada,239.0,5800.0,309.0,0.000298
2010,autoads,Indígena,Mujeres,30-59,actividad,Desocupada,1346.0,104922.0,4714.0,1e-05
2010,autoads,Indígena,Mujeres,30-59,actividad,No económicamente activa,41344.0,104922.0,4714.0,0.001713
2010,autoads,Indígena,Mujeres,30-59,actividad,Ocupada,62232.0,104922.0,4714.0,0.001731
2010,autoads,Indígena,Mujeres,60+,actividad,Desocupada,24.0,37250.0,1479.0,
2010,autoads,Indígena,Mujeres,60+,actividad,No económicamente activa,28679.0,37250.0,1479.0,0.001171
2010,autoads,Indígena,Mujeres,60+,actividad,Ocupada,8547.0,37250.0,1479.0,0.000131
2010,autoads,Indígena,Mujeres,Todas,actividad,Desocupada,2335.0,208300.0,9263.0,1e-05
2010,autoads,Indígena,Mujeres,Todas,actividad,No económicamente activa,108547.0,208300.0,9263.0,0.001395
2010,autoads,Indígena,Mujeres,Todas,actividad,Ocupada,97418.0,208300.0,9263.0,0.001304
2010,autoads,Indígena,Total,15-29,actividad,Desocupada,2700.0,114775.0,5171.0,0.000108
2010,autoads,Indígena,Total,15-29,actividad,No económicamente activa,46364.0,114775.0,5171.0,0.001608
2010,autoads,Indígena,Total,15-29,actividad,Ocupada,65711.0,114775.0,5171.0,0.001911
2010,autoads,Indígena,Total,3-14,actividad,Desocupada,,13302.0,680.0,
2010,autoads,Indígena,Total,3-14,actividad,No económicamente activa,12308.0,13302.0,680.0,0.002916
2010,autoads,Indígena,Total,3-14,actividad,Ocupada,994.0,13302.0,680.0,0.001116
2010,autoads,Indígena,Total,30-59,actividad,Desocupada,4834.0,196906.0,8711.0,0.000111
2010,autoads,Indígena,Total,30-59,actividad,No económicamente activa,46174.0,196906.0,8711.0,0.000886
2010,autoads,Indígena,Total,30-59,actividad,Ocupada,145898.0,196906.0,8711.0,0.000975
2010,autoads,Indígena,Total,60+,actividad,Desocupada,274.0,65768.0,2591.0,
2010,autoads,Indígena,Total,60+,actividad,No económicamente activa,42976.0,65768.0,2591.0,0.001465
2010,autoads,Indígena,Total,60+,actividad,Ocupada,22518.0,65768.0,2591.0,0.001147
2010,autoads,Indígena,Total,Todas,actividad,Desocupada,7808.0,390751.0,17153.0,9.6e-05
2010,autoads,Indígena,Total,Todas,actividad,No económicamente activa,147822.0,390751.0,17153.0,0.000842
2010,autoads,Indígena,Total,Todas,actividad,Ocupada,235121.0,390751.0,17153.0,0.00103
2010,autoads,Resto,Hombres,15-29,actividad,Desocupada,49231.0,1007552.0,40683.0,0.000152
2010,autoads,Resto,Hombres,15-29,actividad,No económicamente activa,416201.0,1007552.0,40683.0,0.000484
2010,autoads,Resto,Hombres,15-29,actividad,Ocupada,542120.0,1007552.0,40683.0,0.000522
2010,autoads,Resto,Hombres,3-14,actividad,Desocupada,311.0,189158.0,7650.0,
2010,autoads,Resto,Hombres,3-14,actividad,No económicamente activa,183132.0,189158.0,7650.0,0.000695
2010,autoads,Resto,Hombres,3-14,actividad,Ocupada,5715.0,189158.0,7650.0,0.000363
2010,autoads,Resto,Hombres,30-59,actividad,Desocupada,63265.0,1540424.0,61099.0,8.4e-05
2010,autoads,Resto,Hombres,30-59,actividad,No económicamente activa,91133.0,1540424.0,61099.0,0.000144
2010,autoads,Resto,Hombres,30-59,actividad,Ocupada,1386026.0,1540424.0,61099.0,0.00028
2010,autoads,Resto,Hombres,60+,actividad,Desocupada,6763.0,422708.0,16071.0,9e-06
2010,autoads,Resto,Hombres,60+,actividad,No económicamente activa,222054.0,422708.0,16071.0,0.000642
2010,autoads,Resto,Hombres,60+,actividad,Ocupada,193891.0,422708.0,16071.0,0.000587
2010,autoads,Resto,Hombres,Todas,actividad,Desocupada,119570.0,3159842.0,125503.0,7.6e-05
2010,autoads,Resto,Hombres,Todas,actividad,No económicamente activa,912520.0,3159842.0,125503.0,0.000318
2010,autoads,Resto,Hombres,Todas,actividad,Ocupada,2127752.0,3159842.0,125503.0,0.000334
2010,autoads,Resto,Mujeres,15-29,actividad,Desocupada,29995.0,1048951.0,42297.0,6.9e-05
2010,autoads,Resto,Mujeres,15-29,actividad,No económicamente activa,637613.0,1048951.0,42297.0,0.000617
2010,autoads,Resto,Mujeres,15-29,actividad,Ocupada,381343.0,1048951.0,42297.0,0.0007
2010,autoads,Resto,Mujeres,3-14,actividad,Desocupada,388.0,177273.0,7485.0,
2010,autoads,Resto,Mujeres,3-14,actividad,No económicamente activa,174301.0,177273.0,7485.0,0.000274
2010,autoads,Resto,Mujeres,3-14,actividad,Ocupada,2584.0,177273.0,7485.0,1.6e-05
2010,autoads,Resto,Mujeres,30-59,actividad,Desocupada,25806.0,1774661.0,70263.0,3.3e-05
2010,autoads,Resto,Mujeres,30-59,actividad,No económicamente activa,729605.0,1774661.0,70263.0,0.000442
2010,autoads,Resto,Mujeres,30-59,actividad,Ocupada,1019250.0,1774661.0,70263.0,0.000565
2010,autoads,Resto,Mujeres,60+,actividad,Desocupada,1595.0,581243.0,22195.0,
2010,autoads,Resto,Mujeres,60+,actividad,No económicamente activa,472650.0,581243.0,22195.0,0.000376
2010,autoads,Resto,Mujeres,60+,actividad,Ocupada,106998.0,581243.0,22195.0,0.000226
2010,autoads,Resto,Mujeres,Todas,actividad,Desocupada,57784.0,3582128.0,142240.0,3.8e-05
2010,autoads,Resto,Mujeres,Todas,actividad,No económicamente activa,2014169.0,3582128.0,142240.0,0.000354
2010,autoads,Resto,Mujeres,Todas,actividad,Ocupada,1510175.0,3582128.0,142240.0,0.0004
2010,autoads,Resto,Total,15-29,actividad,Desocupada,79226.0,2056503.0,82980.0,0.000119
2010,autoads,Resto,Total,15-29,actividad,No económicamente activa,1053814.0,2056503.0,82980.0,0.000403
2010,autoads,Resto,Total,15-29,actividad,Ocupada,923463.0,2056503.0,82980.0,0.000444
2010,autoads,Resto,Total,3-14,actividad,Desocupada,699.0,366431.0,15135.0,
2010,autoads,Resto,Total,3-14,actividad,No económicamente activa,357433.0,366431.0,15135.0,0.00042
2010,autoads,Resto,Total,3-14,actividad,Ocupada,8299.0,366431.0,15135.0,0.000245
2010,autoads,Resto,Total,30-59,actividad,Desocupada,89071.0,3315085.0,131362.0,6.2e-05
2010,autoads,Resto,Total,30-59,actividad,No económicamente activa,820738.0,3315085.0,131362.0,0.00025
2010,autoads,Resto,Total,30-59,actividad,Ocupada,2405276.0,3315085.0,131362.0,0.00035
2010,autoads,Resto,Total,60+,actividad,Desocupada,8358.0,1003951.0,38266.0,3e-06
2010,autoads,Resto,Total,60+,actividad,No económicamente activa,694704.0,1003951.0,38266.0,0.000413
2010,autoads,Resto,Total,60+,actividad,Ocupada,300889.0,1003951.0,38266.0,0.000368
2010,autoads,Resto,Total,Todas,actividad,Desocupada,177354.0,6741970.0,267743.0,5.8e-05
2010,autoads,Resto,Total,Todas,actividad,No económicamente activa,2926689.0,6741970.0,267743.0,0.000235
2010,autoads,Resto,Total,Todas,actividad,Ocupada,3637927.0,6741970.0,267743.0,0.00027
2010,autoads,Indígena,Hombres,15-29,domestico,Trabajo doméstico remunerado,175.0,39311.0,1711.0,
2010,autoads,Indígena,Hombres,3-14,domestico,Trabajo doméstico remunerado,,755.0,47.0,
2010,autoads,Indígena,Hombres,30-59,domestico,Trabajo doméstico remunerado,413.0,83666.0,3637.0,
2010,autoads,Indígena,Hombres,60+,domestico,Trabajo doméstico remunerado,,13971.0,537.0,
2010,autoads,Indígena,Hombres,Todas,domestico,Trabajo doméstico remunerado,588.0,137703.0,5932.0,
2010,autoads,Indígena,Mujeres,15-29,domestico,Trabajo doméstico remunerado,7140.0,26400.0,1283.0,0.000745
2010,autoads,Indígena,Mujeres,3-14,domestico,Trabajo doméstico remunerado,11.0,239.0,16.0,
2010,autoads,Indígena,Mujeres,30-59,domestico,Trabajo doméstico remunerado,12760.0,62232.0,2745.0,0.002118
2010,autoads,Indígena,Mujeres,60+,domestico,Trabajo doméstico remunerado,1394.0,8547.0,350.0,
2010,autoads,Indígena,Mujeres,Todas,domestico,Trabajo doméstico remunerado,21305.0,97418.0,4394.0,0.001518
2010,autoads,Indígena,Total,15-29,domestico,Trabajo doméstico remunerado,7315.0,65711.0,2994.0,0.000225
2010,autoads,Indígena,Total,3-14,domestico,Trabajo doméstico remunerado,11.0,994.0,63.0,
2010,autoads,Indígena,Total,30-59,domestico,Trabajo doméstico remunerado,13173.0,145898.0,6382.0,0.000981
2010,autoads,Indígena,Total,60+,domestico,Trabajo doméstico remunerado,1394.0,22518.0,887.0,
2010,autoads,Indígena,Total,Todas,domestico,Trabajo doméstico remunerado,21893.0,235121.0,10326.0,0.000711
2010,autoads,Resto,Hombres,15-29,domestico,Trabajo doméstico remunerado,926.0,542120.0,22231.0,3e-06
2010,autoads,Resto,Hombres,3-14,domestico,Trabajo doméstico remunerado,1.0,5715.0,245.0,
2010,autoads,Resto,Hombres,30-59,domestico,Trabajo doméstico remunerado,2219.0,1386026.0,54985.0,0.0
2010,autoads,Resto,Hombres,60+,domestico,Trabajo doméstico remunerado,628.0,193891.0,7370.0,
2010,autoads,Resto,Hombres,Todas,domestico,Trabajo doméstico remunerado,3774.0,2127752.0,84831.0,1.2e-05
2010,autoads,Resto,Mujeres,15-29,domestico,Trabajo doméstico remunerado,20399.0,381343.0,15868.0,0.000675
2010,autoads,Resto,Mujeres,3-14,domestico,Trabajo doméstico remunerado,71.0,2584.0,118.0,
2010,autoads,Resto,Mujeres,30-59,domestico,Trabajo doméstico remunerado,65037.0,1019250.0,40885.0,0.000364
2010,autoads,Resto,Mujeres,60+,domestico,Trabajo doméstico remunerado,10978.0,106998.0,4063.0,0.000182
2010,autoads,Resto,Mujeres,Todas,domestico,Trabajo doméstico remunerado,96485.0,1510175.0,60934.0,0.000407
2010,autoads,Resto,Total,15-29,domestico,Trabajo doméstico remunerado,21325.0,923463.0,38099.0,0.000296
2010,autoads,Resto,Total,3-14,domestico,Trabajo doméstico remunerado,72.0,8299.0,363.0,
2010,autoads,Resto,Total,30-59,domestico,Trabajo doméstico remunerado,67256.0,2405276.0,95870.0,0.000154
2010,autoads,Resto,Total,60+,domestico,Trabajo doméstico remunerado,11606.0,300889.0,11433.0,5.9e-05
2010,autoads,Resto,Total,Todas,domestico,Trabajo doméstico remunerado,100259.0,3637927.0,145765.0,0.000175
2010,autoads,Indígena,Hombres,15-29,escolaridad,Media superior,14041.0,54092.0,2405.0,0.00164
2010,autoads,Indígena,Hombres,15-29,escolaridad,Primaria o menos,9524.0,54092.0,2405.0,0.001532
2010,autoads,Indígena,Hombres,15-29,escolaridad,Secundaria,20475.0,54092.0,2405.0,0.002286
2010,autoads,Indígena,Hombres,15-29,escolaridad,Superior,10052.0,54092.0,2405.0,0.000235
2010,autoads,Indígena,Hombres,30-59,escolaridad,Media superior,16623.0,92078.0,3999.0,0.000842
2010,autoads,Indígena,Hombres,30-59,escolaridad,Primaria o menos,31174.0,92078.0,3999.0,0.002055
2010,autoads,Indígena,Hombres,30-59,escolaridad,Secundaria,26284.0,92078.0,3999.0,0.001903
2010,autoads,Indígena,Hombres,30-59,escolaridad,Superior,17997.0,92078.0,3999.0,0.000834
2010,autoads,Indígena,Hombres,60+,escolaridad,Media superior,2754.0,28688.0,1119.0,0.00015
2010,autoads,Indígena,Hombres,60+,escolaridad,Primaria o menos,18071.0,28688.0,1119.0,0.001915
2010,autoads,Indígena,Hombres,60+,escolaridad,Secundaria,3269.0,28688.0,1119.0,0.000265
2010,autoads,Indígena,Hombres,60+,escolaridad,Superior,4594.0,28688.0,1119.0,0.000295
2010,autoads,Indígena,Hombres,Todas,escolaridad,Media superior,33418.0,174858.0,7523.0,0.000907
2010,autoads,Indígena,Hombres,Todas,escolaridad,Primaria o menos,58769.0,174858.0,7523.0,0.001892
2010,autoads,Indígena,Hombres,Todas,escolaridad,Secundaria,50028.0,174858.0,7523.0,0.001391
2010,autoads,Indígena,Hombres,Todas,escolaridad,Superior,32643.0,174858.0,7523.0,0.000723
2010,autoads,Indígena,Mujeres,15-29,escolaridad,Media superior,15114.0,60324.0,2764.0,0.00167
2010,autoads,Indígena,Mujeres,15-29,escolaridad,Primaria o menos,12746.0,60324.0,2764.0,0.000608
2010,autoads,Indígena,Mujeres,15-29,escolaridad,Secundaria,22044.0,60324.0,2764.0,0.001878
2010,autoads,Indígena,Mujeres,15-29,escolaridad,Superior,10420.0,60324.0,2764.0,0.000427
2010,autoads,Indígena,Mujeres,30-59,escolaridad,Media superior,16855.0,104930.0,4715.0,0.00072
2010,autoads,Indígena,Mujeres,30-59,escolaridad,Primaria o menos,44330.0,104930.0,4715.0,0.002487
2010,autoads,Indígena,Mujeres,30-59,escolaridad,Secundaria,26831.0,104930.0,4715.0,0.001285
2010,autoads,Indígena,Mujeres,30-59,escolaridad,Superior,16914.0,104930.0,4715.0,0.000953
2010,autoads,Indígena,Mujeres,60+,escolaridad,Media superior,3630.0,37444.0,1483.0,
2010,autoads,Indígena,Mujeres,60+,escolaridad,Primaria o menos,27254.0,37444.0,1483.0,0.001705
2010,autoads,Indígena,Mujeres,60+,escolaridad,Secundaria,3703.0,37444.0,1483.0,1.1e-05
2010,autoads,Indígena,Mujeres,60+,escolaridad,Superior,2857.0,37444.0,1483.0,9e-05
2010,autoads,Indígena,Mujeres,Todas,escolaridad,Media superior,35599.0,202698.0,8962.0,0.00097
2010,autoads,Indígena,Mujeres,Todas,escolaridad,Primaria o menos,84330.0,202698.0,8962.0,0.001591
2010,autoads,Indígena,Mujeres,Todas,escolaridad,Secundaria,52578.0,202698.0,8962.0,0.001175
2010,autoads,Indígena,Mujeres,Todas,escolaridad,Superior,30191.0,202698.0,8962.0,0.000888
2010,autoads,Indígena,Total,15-29,escolaridad,Media superior,29155.0,114416.0,5169.0,0.001635
2010,autoads,Indígena,Total,15-29,escolaridad,Primaria o menos,22270.0,114416.0,5169.0,0.001158
2010,autoads,Indígena,Total,15-29,escolaridad,Secundaria,42519.0,114416.0,5169.0,0.001967
2010,autoads,Indígena,Total,15-29,escolaridad,Superior,20472.0,114416.0,5169.0,0.00062
2010,autoads,Indígena,Total,30-59,escolaridad,Media superior,33478.0,197008.0,8714.0,0.000949
2010,autoads,Indígena,Total,30-59,escolaridad,Primaria o menos,75504.0,197008.0,8714.0,0.002402
2010,autoads,Indígena,Total,30-59,escolaridad,Secundaria,53115.0,197008.0,8714.0,0.001425
2010,autoads,Indígena,Total,30-59,escolaridad,Superior,34911.0,197008.0,8714.0,0.001143
2010,autoads,Indígena,Total,60+,escolaridad,Media superior,6384.0,66132.0,2602.0,0.000237
2010,autoads,Indígena,Total,60+,escolaridad,Primaria o menos,45325.0,66132.0,2602.0,0.001894
2010,autoads,Indígena,Total,60+,escolaridad,Secundaria,6972.0,66132.0,2602.0,0.000314
2010,autoads,Indígena,Total,60+,escolaridad,Superior,7451.0,66132.0,2602.0,0.000853
2010,autoads,Indígena,Total,Todas,escolaridad,Media superior,69017.0,377556.0,16485.0,0.000879
2010,autoads,Indígena,Total,Todas,escolaridad,Primaria o menos,143099.0,377556.0,16485.0,0.001639
2010,autoads,Indígena,Total,Todas,escolaridad,Secundaria,102606.0,377556.0,16485.0,0.001145
2010,autoads,Indígena,Total,Todas,escolaridad,Superior,62834.0,377556.0,16485.0,0.001015
2010,autoads,Resto,Hombres,15-29,escolaridad,Media superior,358711.0,1005478.0,40647.0,0.000472
2010,autoads,Resto,Hombres,15-29,escolaridad,Primaria o menos,60943.0,1005478.0,40647.0,0.000392
2010,autoads,Resto,Hombres,15-29,escolaridad,Secundaria,312278.0,1005478.0,40647.0,0.000609
2010,autoads,Resto,Hombres,15-29,escolaridad,Superior,273546.0,1005478.0,40647.0,0.00066
2010,autoads,Resto,Hombres,30-59,escolaridad,Media superior,363115.0,1541318.0,61154.0,0.000289
2010,autoads,Resto,Hombres,30-59,escolaridad,Primaria o menos,224542.0,1541318.0,61154.0,0.00055
2010,autoads,Resto,Hombres,30-59,escolaridad,Secundaria,389145.0,1541318.0,61154.0,0.000487
2010,autoads,Resto,Hombres,30-59,escolaridad,Superior,564516.0,1541318.0,61154.0,0.000919
2010,autoads,Resto,Hombres,60+,escolaridad,Media superior,43934.0,425238.0,16200.0,9.7e-05
2010,autoads,Resto,Hombres,60+,escolaridad,Primaria o menos,195655.0,425238.0,16200.0,0.000571
2010,autoads,Resto,Hombres,60+,escolaridad,Secundaria,73415.0,425238.0,16200.0,0.000251
2010,autoads,Resto,Hombres,60+,escolaridad,Superior,112234.0,425238.0,16200.0,0.000397
2010,autoads,Resto,Hombres,Todas,escolaridad,Media superior,765760.0,2972034.0,118001.0,0.000217
2010,autoads,Resto,Hombres,Todas,escolaridad,Primaria o menos,481140.0,2972034.0,118001.0,0.000404
2010,autoads,Resto,Hombres,Todas,escolaridad,Secundaria,774838.0,2972034.0,118001.0,0.000421
2010,autoads,Resto,Hombres,Todas,escolaridad,Superior,950296.0,2972034.0,118001.0,0.000722
2010,autoads,Resto,Mujeres,15-29,escolaridad,Media superior,385538.0,1047225.0,42225.0,0.000504
2010,autoads,Resto,Mujeres,15-29,escolaridad,Primaria o menos,54062.0,1047225.0,42225.0,0.000314
2010,autoads,Resto,Mujeres,15-29,escolaridad,Secundaria,290653.0,1047225.0,42225.0,0.000663
2010,autoads,Resto,Mujeres,15-29,escolaridad,Superior,316972.0,1047225.0,42225.0,0.000709
2010,autoads,Resto,Mujeres,30-59,escolaridad,Media superior,438269.0,1774710.0,70332.0,0.000294
2010,autoads,Resto,Mujeres,30-59,escolaridad,Primaria o menos,355058.0,1774710.0,70332.0,0.000498
2010,autoads,Resto,Mujeres,30-59,escolaridad,Secundaria,436883.0,1774710.0,70332.0,0.000419
2010,autoads,Resto,Mujeres,30-59,escolaridad,Superior,544500.0,1774710.0,70332.0,0.000584
2010,autoads,Resto,Mujeres,60+,escolaridad,Media superior,78298.0,583703.0,22306.0,0.00012
2010,autoads,Resto,Mujeres,60+,escolaridad,Primaria o menos,340741.0,583703.0,22306.0,0.000521
2010,autoads,Resto,Mujeres,60+,escolaridad,Secundaria,90523.0,583703.0,22306.0,0.000161
2010,autoads,Resto,Mujeres,60+,escolaridad,Superior,74141.0,583703.0,22306.0,0.00018
2010,autoads,Resto,Mujeres,Todas,escolaridad,Media superior,902105.0,3405638.0,134863.0,0.000237
2010,autoads,Resto,Mujeres,Todas,escolaridad,Primaria o menos,749861.0,3405638.0,134863.0,0.000259
2010,autoads,Resto,Mujeres,Todas,escolaridad,Secundaria,818059.0,3405638.0,134863.0,0.000387
2010,autoads,Resto,Mujeres,Todas,escolaridad,Superior,935613.0,3405638.0,134863.0,0.000567
2010,autoads,Resto,Total,15-29,escolaridad,Media superior,744249.0,2052703.0,82872.0,0.000417
2010,autoads,Resto,Total,15-29,escolaridad,Primaria o menos,115005.0,2052703.0,82872.0,0.000322
2010,autoads,Resto,Total,15-29,escolaridad,Secundaria,602931.0,2052703.0,82872.0,0.000553
2010,autoads,Resto,Total,15-29,escolaridad,Superior,590518.0,2052703.0,82872.0,0.00066
2010,autoads,Resto,Total,30-59,escolaridad,Media superior,801384.0,3316028.0,131486.0,0.000248
2010,autoads,Resto,Total,30-59,escolaridad,Primaria o menos,579600.0,3316028.0,131486.0,0.000525
2010,autoads,Resto,Total,30-59,escolaridad,Secundaria,826028.0,3316028.0,131486.0,0.000437
2010,autoads,Resto,Total,30-59,escolaridad,Superior,1109016.0,3316028.0,131486.0,0.000781
2010,autoads,Resto,Total,60+,escolaridad,Media superior,122232.0,1008941.0,38506.0,0.000147
2010,autoads,Resto,Total,60+,escolaridad,Primaria o menos,536396.0,1008941.0,38506.0,0.000541
2010,autoads,Resto,Total,60+,escolaridad,Secundaria,163938.0,1008941.0,38506.0,0.00017
2010,autoads,Resto,Total,60+,escolaridad,Superior,186375.0,1008941.0,38506.0,0.000283
2010,autoads,Resto,Total,Todas,escolaridad,Media superior,1667865.0,6377672.0,252864.0,0.000196
2010,autoads,Resto,Total,Todas,escolaridad,Primaria o menos,1231001.0,6377672.0,252864.0,0.00033
2010,autoads,Resto,Total,Todas,escolaridad,Secundaria,1592897.0,6377672.0,252864.0,0.000388
2010,autoads,Resto,Total,Todas,escolaridad,Superior,1885909.0,6377672.0,252864.0,0.000631
2010,autoads,Indígena,Hombres,15-29,monolingue,No habla español,60.0,12651.0,591.0,
2010,autoads,Indígena,Hombres,3-14,monolingue,No habla español,1.0,1463.0,80.0,
2010,autoads,Indígena,Hombres,30-59,monolingue,No habla español,7.0,25891.0,1106.0,
2010,autoads,Indígena,Hombres,60+,monolingue,No habla español,99.0,7303.0,251.0,
2010,autoads,Indígena,Hombres,Todas,monolingue,No habla español,167.0,47308.0,2028.0,
2010,autoads,Indígena,Mujeres,15-29,monolingue,No habla español,63.0,16235.0,754.0,
2010,autoads,Indígena,Mujeres,3-14,monolingue,No habla español,63.0,1544.0,76.0,
2010,autoads,Indígena,Mujeres,30-59,monolingue,No habla español,144.0,24457.0,1219.0,
2010,autoads,Indígena,Mujeres,60+,monolingue,No habla español,251.0,7550.0,283.0,
2010,autoads,Indígena,Mujeres,Todas,monolingue,No habla español,521.0,49786.0,2332.0,
2010,autoads,Indígena,Total,15-29,monolingue,No habla español,123.0,28886.0,1345.0,
2010,autoads,Indígena,Total,3-14,monolingue,No habla español,64.0,3007.0,156.0,
2010,autoads,Indígena,Total,30-59,monolingue,No habla español,151.0,50348.0,2325.0,
2010,autoads,Indígena,Total,60+,monolingue,No habla español,350.0,14853.0,534.0,3e-06
2010,autoads,Indígena,Total,Todas,monolingue,No habla español,688.0,97094.0,4360.0,0.0
2010,autoads,Resto,Hombres,15-29,monolingue,No habla español,62.0,3037.0,131.0,
2010,autoads,Resto,Hombres,3-14,monolingue,No habla español,,278.0,23.0,
2010,autoads,Resto,Hombres,30-59,monolingue,No habla español,71.0,7204.0,310.0,
2010,autoads,Resto,Hombres,60+,monolingue,No habla español,32.0,3357.0,104.0,
2010,autoads,Resto,Hombres,Todas,monolingue,No habla español,165.0,13876.0,568.0,
2010,autoads,Resto,Mujeres,15-29,monolingue,No habla español,,3101.0,121.0,
2010,autoads,Resto,Mujeres,3-14,monolingue,No habla español,,548.0,31.0,
2010,autoads,Resto,Mujeres,30-59,monolingue,No habla español,83.0,6950.0,297.0,
2010,autoads,Resto,Mujeres,60+,monolingue,No habla español,27.0,2633.0,101.0,
2010,autoads,Resto,Mujeres,Todas,monolingue,No habla español,110.0,13232.0,550.0,
2010,autoads,Resto,Total,15-29,monolingue,No habla español,62.0,6138.0,252.0,
2010,autoads,Resto,Total,3-14,monolingue,No habla español,,826.0,54.0,
2010,autoads,Resto,Total,30-59,monolingue,No habla español,154.0,14154.0,607.0,
2010,autoads,Resto,Total,60+,monolingue,No habla español,59.0,5990.0,205.0,
2010,autoads,Resto,Total,Todas,monolingue,No habla español,275.0,27108.0,1118.0,
2010,autoads,Indígena,Hombres,Todas,piramide,10-14,12749.0,438750.0,629.0,
2010,autoads,Indígena,Hombres,Todas,piramide,15-19,14872.0,438750.0,715.0,
2010,autoads,Indígena,Hombres,Todas,piramide,20-24,18871.0,438750.0,843.0,
2010,autoads,Indígena,Hombres,Todas,piramide,25-29,20750.0,438750.0,858.0,
2010,autoads,Indígena,Hombres,Todas,piramide,3-4,4662.0,438750.0,213.0,
2010,autoads,Indígena,Hombres,Todas,piramide,30-34,19567.0,438750.0,835.0,
2010,autoads,Indígena,Hombres,Todas,piramide,35-39,16724.0,438750.0,810.0,
2010,autoads,Indígena,Hombres,Todas,piramide,40-44,16478.0,438750.0,697.0,
2010,autoads,Indígena,Hombres,Todas,piramide,45-49,15507.0,438750.0,645.0,
2010,autoads,Indígena,Hombres,Todas,piramide,5-9,14842.0,438750.0,604.0,
2010,autoads,Indígena,Hombres,Todas,piramide,50-54,13650.0,438750.0,570.0,
2010,autoads,Indígena,Hombres,Todas,piramide,55-59,10324.0,438750.0,452.0,
2010,autoads,Indígena,Hombres,Todas,piramide,60-64,10162.0,438750.0,385.0,
2010,autoads,Indígena,Hombres,Todas,piramide,65-69,6674.0,438750.0,253.0,
2010,autoads,Indígena,Hombres,Todas,piramide,70-74,4933.0,438750.0,204.0,
2010,autoads,Indígena,Hombres,Todas,piramide,75-79,3777.0,438750.0,148.0,
2010,autoads,Indígena,Hombres,Todas,piramide,80-84,2112.0,438750.0,80.0,
2010,autoads,Indígena,Hombres,Todas,piramide,85 y más,1082.0,438750.0,51.0,
2010,autoads,Indígena,Mujeres,Todas,piramide,10-14,11182.0,438750.0,552.0,
2010,autoads,Indígena,Mujeres,Todas,piramide,15-19,17459.0,438750.0,792.0,
2010,autoads,Indígena,Mujeres,Todas,piramide,20-24,21744.0,438750.0,1018.0,
2010,autoads,Indígena,Mujeres,Todas,piramide,25-29,21260.0,438750.0,960.0,
2010,autoads,Indígena,Mujeres,Todas,piramide,3-4,5707.0,438750.0,236.0,
2010,autoads,Indígena,Mujeres,Todas,piramide,30-34,21674.0,438750.0,928.0,
2010,autoads,Indígena,Mujeres,Todas,piramide,35-39,20277.0,438750.0,930.0,
2010,autoads,Indígena,Mujeres,Todas,piramide,40-44,17753.0,438750.0,807.0,
2010,autoads,Indígena,Mujeres,Todas,piramide,45-49,16807.0,438750.0,738.0,
2010,autoads,Indígena,Mujeres,Todas,piramide,5-9,10939.0,438750.0,533.0,
2010,autoads,Indígena,Mujeres,Todas,piramide,50-54,15339.0,438750.0,749.0,
2010,autoads,Indígena,Mujeres,Todas,piramide,55-59,13376.0,438750.0,577.0,
2010,autoads,Indígena,Mujeres,Todas,piramide,60-64,11744.0,438750.0,438.0,
2010,autoads,Indígena,Mujeres,Todas,piramide,65-69,8139.0,438750.0,334.0,
2010,autoads,Indígena,Mujeres,Todas,piramide,70-74,6822.0,438750.0,296.0,
2010,autoads,Indígena,Mujeres,Todas,piramide,75-79,5540.0,438750.0,194.0,
2010,autoads,Indígena,Mujeres,Todas,piramide,80-84,2326.0,438750.0,115.0,
2010,autoads,Indígena,Mujeres,Todas,piramide,85 y más,2926.0,438750.0,109.0,
2010,autoads,Resto,Hombres,Todas,piramide,10-14,317438.0,7875275.0,12885.0,
2010,autoads,Resto,Hombres,Todas,piramide,15-19,340615.0,7875275.0,13897.0,
2010,autoads,Resto,Hombres,Todas,piramide,20-24,348972.0,7875275.0,13931.0,
2010,autoads,Resto,Hombres,Todas,piramide,25-29,321168.0,7875275.0,12977.0,
2010,autoads,Resto,Hombres,Todas,piramide,3-4,120953.0,7875275.0,5011.0,
2010,autoads,Resto,Hombres,Todas,piramide,30-34,310335.0,7875275.0,12380.0,
2010,autoads,Resto,Hombres,Todas,piramide,35-39,315747.0,7875275.0,12699.0,
2010,autoads,Resto,Hombres,Todas,piramide,40-44,272030.0,7875275.0,11023.0,
2010,autoads,Resto,Hombres,Todas,piramide,45-49,244867.0,7875275.0,9522.0,
2010,autoads,Resto,Hombres,Todas,piramide,5-9,308373.0,7875275.0,12796.0,
2010,autoads,Resto,Hombres,Todas,piramide,50-54,226527.0,7875275.0,8793.0,
2010,autoads,Resto,Hombres,Todas,piramide,55-59,176220.0,7875275.0,6887.0,
2010,autoads,Resto,Hombres,Todas,piramide,60-64,141120.0,7875275.0,5408.0,
2010,autoads,Resto,Hombres,Todas,piramide,65-69,101797.0,7875275.0,3793.0,
2010,autoads,Resto,Hombres,Todas,piramide,70-74,78816.0,7875275.0,2862.0,
2010,autoads,Resto,Hombres,Todas,piramide,75-79,49648.0,7875275.0,1993.0,
2010,autoads,Resto,Hombres,Todas,piramide,80-84,30416.0,7875275.0,1222.0,
2010,autoads,Resto,Hombres,Todas,piramide,85 y más,25239.0,7875275.0,972.0,
2010,autoads,Resto,Mujeres,Todas,piramide,10-14,299005.0,7875275.0,12532.0,
2010,autoads,Resto,Mujeres,Todas,piramide,15-19,345561.0,7875275.0,13781.0,
2010,autoads,Resto,Mujeres,Todas,piramide,20-24,356683.0,7875275.0,14439.0,
2010,autoads,Resto,Mujeres,Todas,piramide,25-29,350378.0,7875275.0,14214.0,
2010,autoads,Resto,Mujeres,Todas,piramide,3-4,118261.0,7875275.0,4976.0,
2010,autoads,Resto,Mujeres,Todas,piramide,30-34,342974.0,7875275.0,13773.0,
2010,autoads,Resto,Mujeres,Todas,piramide,35-39,350659.0,7875275.0,14276.0,
2010,autoads,Resto,Mujeres,Todas,piramide,40-44,312220.0,7875275.0,12587.0,
2010,autoads,Resto,Mujeres,Todas,piramide,45-49,286833.0,7875275.0,11301.0,
2010,autoads,Resto,Mujeres,Todas,piramide,5-9,309774.0,7875275.0,12544.0,
2010,autoads,Resto,Mujeres,Todas,piramide,50-54,274824.0,7875275.0,10534.0,
2010,autoads,Resto,Mujeres,Todas,piramide,55-59,212235.0,7875275.0,8029.0,
2010,autoads,Resto,Mujeres,Todas,piramide,60-64,175761.0,7875275.0,6577.0,
2010,autoads,Resto,Mujeres,Todas,piramide,65-69,127335.0,7875275.0,4834.0,
2010,autoads,Resto,Mujeres,Todas,piramide,70-74,105848.0,7875275.0,3992.0,
2010,autoads,Resto,Mujeres,Todas,piramide,75-79,72453.0,7875275.0,2973.0,
2010,autoads,Resto,Mujeres,Todas,piramide,80-84,54104.0,7875275.0,2109.0,
2010,autoads,Resto,Mujeres,Todas,piramide,85 y más,50086.0,7875275.0,1900.0,
2010,autoads,Indígena,Hombres,15-29,posicion,Empleada u obrera,30860.0,38271.0,1671.0,0.001585
2010,autoads,Indígena,Hombres,15-29,posicion,Jornalera o peona,577.0,38271.0,1671.0,5.2e-05
2010,autoads,Indígena,Hombres,15-29,posicion,Patrona,506.0,38271.0,1671.0,2e-06
2010,autoads,Indígena,Hombres,15-29,posicion,Por cuenta propia,5976.0,38271.0,1671.0,0.000714
2010,autoads,Indígena,Hombres,15-29,posicion,Sin pago,352.0,38271.0,1671.0,
2010,autoads,Indígena,Hombres,3-14,posicion,Empleada u obrera,372.0,672.0,44.0,
2010,autoads,Indígena,Hombres,3-14,posicion,Jornalera o peona,,672.0,44.0,
2010,autoads,Indígena,Hombres,3-14,posicion,Patrona,26.0,672.0,44.0,
2010,autoads,Indígena,Hombres,3-14,posicion,Por cuenta propia,59.0,672.0,44.0,
2010,autoads,Indígena,Hombres,3-14,posicion,Sin pago,215.0,672.0,44.0,
2010,autoads,Indígena,Hombres,30-59,posicion,Empleada u obrera,55323.0,82178.0,3570.0,0.001981
2010,autoads,Indígena,Hombres,30-59,posicion,Jornalera o peona,905.0,82178.0,3570.0,6.8e-05
2010,autoads,Indígena,Hombres,30-59,posicion,Patrona,4163.0,82178.0,3570.0,4.7e-05
2010,autoads,Indígena,Hombres,30-59,posicion,Por cuenta propia,21255.0,82178.0,3570.0,0.00158
2010,autoads,Indígena,Hombres,30-59,posicion,Sin pago,532.0,82178.0,3570.0,
2010,autoads,Indígena,Hombres,60+,posicion,Empleada u obrera,6561.0,13642.0,526.0,0.00163
2010,autoads,Indígena,Hombres,60+,posicion,Jornalera o peona,125.0,13642.0,526.0,
2010,autoads,Indígena,Hombres,60+,posicion,Patrona,555.0,13642.0,526.0,
2010,autoads,Indígena,Hombres,60+,posicion,Por cuenta propia,6219.0,13642.0,526.0,0.003101
2010,autoads,Indígena,Hombres,60+,posicion,Sin pago,182.0,13642.0,526.0,
2010,autoads,Indígena,Hombres,Todas,posicion,Empleada u obrera,93116.0,134763.0,5811.0,0.001693
2010,autoads,Indígena,Hombres,Todas,posicion,Jornalera o peona,1607.0,134763.0,5811.0,0.000143
2010,autoads,Indígena,Hombres,Todas,posicion,Patrona,5250.0,134763.0,5811.0,5.7e-05
2010,autoads,Indígena,Hombres,Todas,posicion,Por cuenta propia,33509.0,134763.0,5811.0,0.001678
2010,autoads,Indígena,Hombres,Todas,posicion,Sin pago,1281.0,134763.0,5811.0,
2010,autoads,Indígena,Mujeres,15-29,posicion,Empleada u obrera,20762.0,25813.0,1255.0,0.002367
2010,autoads,Indígena,Mujeres,15-29,posicion,Jornalera o peona,72.0,25813.0,1255.0,
2010,autoads,Indígena,Mujeres,15-29,posicion,Patrona,257.0,25813.0,1255.0,
2010,autoads,Indígena,Mujeres,15-29,posicion,Por cuenta propia,4305.0,25813.0,1255.0,0.001493
2010,autoads,Indígena,Mujeres,15-29,posicion,Sin pago,417.0,25813.0,1255.0,
2010,autoads,Indígena,Mujeres,3-14,posicion,Empleada u obrera,88.0,225.0,15.0,
2010,autoads,Indígena,Mujeres,3-14,posicion,Jornalera o peona,,225.0,15.0,
2010,autoads,Indígena,Mujeres,3-14,posicion,Patrona,,225.0,15.0,
2010,autoads,Indígena,Mujeres,3-14,posicion,Por cuenta propia,52.0,225.0,15.0,
2010,autoads,Indígena,Mujeres,3-14,posicion,Sin pago,85.0,225.0,15.0,
2010,autoads,Indígena,Mujeres,30-59,posicion,Empleada u obrera,43584.0,61310.0,2704.0,0.002467
2010,autoads,Indígena,Mujeres,30-59,posicion,Jornalera o peona,51.0,61310.0,2704.0,
2010,autoads,Indígena,Mujeres,30-59,posicion,Patrona,1154.0,61310.0,2704.0,
2010,autoads,Indígena,Mujeres,30-59,posicion,Por cuenta propia,15662.0,61310.0,2704.0,0.001836
2010,autoads,Indígena,Mujeres,30-59,posicion,Sin pago,859.0,61310.0,2704.0,
2010,autoads,Indígena,Mujeres,60+,posicion,Empleada u obrera,3065.0,8377.0,343.0,
2010,autoads,Indígena,Mujeres,60+,posicion,Jornalera o peona,,8377.0,343.0,
2010,autoads,Indígena,Mujeres,60+,posicion,Patrona,408.0,8377.0,343.0,
2010,autoads,Indígena,Mujeres,60+,posicion,Por cuenta propia,4557.0,8377.0,343.0,
2010,autoads,Indígena,Mujeres,60+,posicion,Sin pago,347.0,8377.0,343.0,
2010,autoads,Indígena,Mujeres,Todas,posicion,Empleada u obrera,67499.0,95725.0,4317.0,0.00178
2010,autoads,Indígena,Mujeres,Todas,posicion,Jornalera o peona,123.0,95725.0,4317.0,
2010,autoads,Indígena,Mujeres,Todas,posicion,Patrona,1819.0,95725.0,4317.0,
2010,autoads,Indígena,Mujeres,Todas,posicion,Por cuenta propia,24576.0,95725.0,4317.0,0.001137
2010,autoads,Indígena,Mujeres,Todas,posicion,Sin pago,1708.0,95725.0,4317.0,
2010,autoads,Indígena,Total,15-29,posicion,Empleada u obrera,51622.0,64084.0,2926.0,0.001392
2010,autoads,Indígena,Total,15-29,posicion,Jornalera o peona,649.0,64084.0,2926.0,3.1e-05
2010,autoads,Indígena,Total,15-29,posicion,Patrona,763.0,64084.0,2926.0,2.8e-05
2010,autoads,Indígena,Total,15-29,posicion,Por cuenta propia,10281.0,64084.0,2926.0,0.000832
2010,autoads,Indígena,Total,15-29,posicion,Sin pago,769.0,64084.0,2926.0,
2010,autoads,Indígena,Total,3-14,posicion,Empleada u obrera,460.0,897.0,59.0,
2010,autoads,Indígena,Total,3-14,posicion,Jornalera o peona,,897.0,59.0,
2010,autoads,Indígena,Total,3-14,posicion,Patrona,26.0,897.0,59.0,
2010,autoads,Indígena,Total,3-14,posicion,Por cuenta propia,111.0,897.0,59.0,
2010,autoads,Indígena,Total,3-14,posicion,Sin pago,300.0,897.0,59.0,
2010,autoads,Indígena,Total,30-59,posicion,Empleada u obrera,98907.0,143488.0,6274.0,0.001514
2010,autoads,Indígena,Total,30-59,posicion,Jornalera o peona,956.0,143488.0,6274.0,3.2e-05
2010,autoads,Indígena,Total,30-59,posicion,Patrona,5317.0,143488.0,6274.0,3.8e-05
2010,autoads,Indígena,Total,30-59,posicion,Por cuenta propia,36917.0,143488.0,6274.0,0.001136
2010,autoads,Indígena,Total,30-59,posicion,Sin pago,1391.0,143488.0,6274.0,
2010,autoads,Indígena,Total,60+,posicion,Empleada u obrera,9626.0,22019.0,869.0,0.001319
2010,autoads,Indígena,Total,60+,posicion,Jornalera o peona,125.0,22019.0,869.0,
2010,autoads,Indígena,Total,60+,posicion,Patrona,963.0,22019.0,869.0,8e-06
2010,autoads,Indígena,Total,60+,posicion,Por cuenta propia,10776.0,22019.0,869.0,0.002891
2010,autoads,Indígena,Total,60+,posicion,Sin pago,529.0,22019.0,869.0,
2010,autoads,Indígena,Total,Todas,posicion,Empleada u obrera,160615.0,230488.0,10128.0,0.001392
2010,autoads,Indígena,Total,Todas,posicion,Jornalera o peona,1730.0,230488.0,10128.0,8.9e-05
2010,autoads,Indígena,Total,Todas,posicion,Patrona,7069.0,230488.0,10128.0,5.1e-05
2010,autoads,Indígena,Total,Todas,posicion,Por cuenta propia,58085.0,230488.0,10128.0,0.001235
2010,autoads,Indígena,Total,Todas,posicion,Sin pago,2989.0,230488.0,10128.0,
2010,autoads,Resto,Hombres,15-29,posicion,Empleada u obrera,431552.0,527126.0,21620.0,0.001044
2010,autoads,Resto,Hombres,15-29,posicion,Jornalera o peona,4076.0,527126.0,21620.0,8.6e-05
2010,autoads,Resto,Hombres,15-29,posicion,Patrona,7337.0,527126.0,21620.0,1.3e-05
2010,autoads,Resto,Hombres,15-29,posicion,Por cuenta propia,78459.0,527126.0,21620.0,0.000743
2010,autoads,Resto,Hombres,15-29,posicion,Sin pago,5702.0,527126.0,21620.0,0.00016
2010,autoads,Resto,Hombres,3-14,posicion,Empleada u obrera,3901.0,5356.0,235.0,0.004356
2010,autoads,Resto,Hombres,3-14,posicion,Jornalera o peona,73.0,5356.0,235.0,0.002877
2010,autoads,Resto,Hombres,3-14,posicion,Patrona,51.0,5356.0,235.0,
2010,autoads,Resto,Hombres,3-14,posicion,Por cuenta propia,687.0,5356.0,235.0,
2010,autoads,Resto,Hombres,3-14,posicion,Sin pago,644.0,5356.0,235.0,0.001314
2010,autoads,Resto,Hombres,30-59,posicion,Empleada u obrera,929112.0,1352841.0,53805.0,0.000698
2010,autoads,Resto,Hombres,30-59,posicion,Jornalera o peona,6215.0,1352841.0,53805.0,0.000195
2010,autoads,Resto,Hombres,30-59,posicion,Patrona,64568.0,1352841.0,53805.0,0.000245
2010,autoads,Resto,Hombres,30-59,posicion,Por cuenta propia,349422.0,1352841.0,53805.0,0.000654
2010,autoads,Resto,Hombres,30-59,posicion,Sin pago,3524.0,1352841.0,53805.0,1e-06
2010,autoads,Resto,Hombres,60+,posicion,Empleada u obrera,87144.0,189236.0,7199.0,0.000603
2010,autoads,Resto,Hombres,60+,posicion,Jornalera o peona,903.0,189236.0,7199.0,7.7e-05
2010,autoads,Resto,Hombres,60+,posicion,Patrona,14383.0,189236.0,7199.0,0.00054
2010,autoads,Resto,Hombres,60+,posicion,Por cuenta propia,84833.0,189236.0,7199.0,0.000633
2010,autoads,Resto,Hombres,60+,posicion,Sin pago,1973.0,189236.0,7199.0,0.0
2010,autoads,Resto,Hombres,Todas,posicion,Empleada u obrera,1451709.0,2074559.0,82859.0,0.000663
2010,autoads,Resto,Hombres,Todas,posicion,Jornalera o peona,11267.0,2074559.0,82859.0,0.000179
2010,autoads,Resto,Hombres,Todas,posicion,Patrona,86339.0,2074559.0,82859.0,0.000154
2010,autoads,Resto,Hombres,Todas,posicion,Por cuenta propia,513401.0,2074559.0,82859.0,0.000616
2010,autoads,Resto,Hombres,Todas,posicion,Sin pago,11843.0,2074559.0,82859.0,6.3e-05
2010,autoads,Resto,Mujeres,15-29,posicion,Empleada u obrera,309039.0,370886.0,15435.0,0.001074
2010,autoads,Resto,Mujeres,15-29,posicion,Jornalera o peona,686.0,370886.0,15435.0,
2010,autoads,Resto,Mujeres,15-29,posicion,Patrona,3423.0,370886.0,15435.0,6e-06
2010,autoads,Resto,Mujeres,15-29,posicion,Por cuenta propia,52336.0,370886.0,15435.0,0.000402
2010,autoads,Resto,Mujeres,15-29,posicion,Sin pago,5402.0,370886.0,15435.0,2.2e-05
2010,autoads,Resto,Mujeres,3-14,posicion,Empleada u obrera,1443.0,2328.0,104.0,
2010,autoads,Resto,Mujeres,3-14,posicion,Jornalera o peona,,2328.0,104.0,
2010,autoads,Resto,Mujeres,3-14,posicion,Patrona,9.0,2328.0,104.0,
2010,autoads,Resto,Mujeres,3-14,posicion,Por cuenta propia,329.0,2328.0,104.0,
2010,autoads,Resto,Mujeres,3-14,posicion,Sin pago,547.0,2328.0,104.0,
2010,autoads,Resto,Mujeres,30-59,posicion,Empleada u obrera,722929.0,990558.0,39846.0,0.000538
2010,autoads,Resto,Mujeres,30-59,posicion,Jornalera o peona,983.0,990558.0,39846.0,
2010,autoads,Resto,Mujeres,30-59,posicion,Patrona,22721.0,990558.0,39846.0,8.2e-05
2010,autoads,Resto,Mujeres,30-59,posicion,Por cuenta propia,235439.0,990558.0,39846.0,0.000491
2010,autoads,Resto,Mujeres,30-59,posicion,Sin pago,8486.0,990558.0,39846.0,6.3e-05
2010,autoads,Resto,Mujeres,60+,posicion,Empleada u obrera,49465.0,102839.0,3955.0,0.000301
2010,autoads,Resto,Mujeres,60+,posicion,Jornalera o peona,154.0,102839.0,3955.0,
2010,autoads,Resto,Mujeres,60+,posicion,Patrona,4686.0,102839.0,3955.0,
2010,autoads,Resto,Mujeres,60+,posicion,Por cuenta propia,45133.0,102839.0,3955.0,0.000743
2010,autoads,Resto,Mujeres,60+,posicion,Sin pago,3401.0,102839.0,3955.0,8e-06
2010,autoads,Resto,Mujeres,Todas,posicion,Empleada u obrera,1082876.0,1466611.0,59340.0,0.000554
2010,autoads,Resto,Mujeres,Todas,posicion,Jornalera o peona,1823.0,1466611.0,59340.0,1e-06
2010,autoads,Resto,Mujeres,Todas,posicion,Patrona,30839.0,1466611.0,59340.0,5.8e-05
2010,autoads,Resto,Mujeres,Todas,posicion,Por cuenta propia,333237.0,1466611.0,59340.0,0.000456
2010,autoads,Resto,Mujeres,Todas,posicion,Sin pago,17836.0,1466611.0,59340.0,6.6e-05
2010,autoads,Resto,Total,15-29,posicion,Empleada u obrera,740591.0,898012.0,37055.0,0.00088
2010,autoads,Resto,Total,15-29,posicion,Jornalera o peona,4762.0,898012.0,37055.0,7.2e-05
2010,autoads,Resto,Total,15-29,posicion,Patrona,10760.0,898012.0,37055.0,2.3e-05
2010,autoads,Resto,Total,15-29,posicion,Por cuenta propia,130795.0,898012.0,37055.0,0.000579
2010,autoads,Resto,Total,15-29,posicion,Sin pago,11104.0,898012.0,37055.0,0.000124
2010,autoads,Resto,Total,3-14,posicion,Empleada u obrera,5344.0,7684.0,339.0,0.004144
2010,autoads,Resto,Total,3-14,posicion,Jornalera o peona,73.0,7684.0,339.0,0.002008
2010,autoads,Resto,Total,3-14,posicion,Patrona,60.0,7684.0,339.0,
2010,autoads,Resto,Total,3-14,posicion,Por cuenta propia,1016.0,7684.0,339.0,0.000138
2010,autoads,Resto,Total,3-14,posicion,Sin pago,1191.0,7684.0,339.0,0.00088
2010,autoads,Resto,Total,30-59,posicion,Empleada u obrera,1652041.0,2343399.0,93651.0,0.000569
2010,autoads,Resto,Total,30-59,posicion,Jornalera o peona,7198.0,2343399.0,93651.0,0.000125
2010,autoads,Resto,Total,30-59,posicion,Patrona,87289.0,2343399.0,93651.0,0.000135
2010,autoads,Resto,Total,30-59,posicion,Por cuenta propia,584861.0,2343399.0,93651.0,0.00054
2010,autoads,Resto,Total,30-59,posicion,Sin pago,12010.0,2343399.0,93651.0,2.6e-05
2010,autoads,Resto,Total,60+,posicion,Empleada u obrera,136609.0,292075.0,11154.0,0.000496
2010,autoads,Resto,Total,60+,posicion,Jornalera o peona,1057.0,292075.0,11154.0,4.9e-05
2010,autoads,Resto,Total,60+,posicion,Patrona,19069.0,292075.0,11154.0,0.000323
2010,autoads,Resto,Total,60+,posicion,Por cuenta propia,129966.0,292075.0,11154.0,0.00059
2010,autoads,Resto,Total,60+,posicion,Sin pago,5374.0,292075.0,11154.0,2.7e-05
2010,autoads,Resto,Total,Todas,posicion,Empleada u obrera,2534585.0,3541170.0,142199.0,0.000553
2010,autoads,Resto,Total,Todas,posicion,Jornalera o peona,13090.0,3541170.0,142199.0,0.000119
2010,autoads,Resto,Total,Todas,posicion,Patrona,117178.0,3541170.0,142199.0,0.000101
2010,autoads,Resto,Total,Todas,posicion,Por cuenta propia,846638.0,3541170.0,142199.0,0.000515
2010,autoads,Resto,Total,Todas,posicion,Sin pago,29679.0,3541170.0,142199.0,6.6e-05
2010,autoads,Todos,Total,Todas,proporcion,15-29,114956.0,2178333.0,88425.0,
2010,autoads,Todos,Total,Todas,proporcion,3-14,60081.0,1533885.0,63511.0,
2010,autoads,Todos,Total,Todas,proporcion,30-59,197476.0,3522947.0,140542.0,
2010,autoads,Todos,Total,Todas,proporcion,60+,66237.0,1078860.0,41242.0,
2010,autoads,Indígena,Hombres,15-29,salud,Afiliada,28787.0,54234.0,2401.0,0.002437
2010,autoads,Indígena,Hombres,3-14,salud,Afiliada,18949.0,32142.0,1444.0,0.001401
2010,autoads,Indígena,Hombres,30-59,salud,Afiliada,53810.0,91988.0,3998.0,0.001714
2010,autoads,Indígena,Hombres,60+,salud,Afiliada,22276.0,28631.0,1115.0,0.002676
2010,autoads,Indígena,Hombres,Todas,salud,Afiliada,123822.0,206995.0,8958.0,0.001822
2010,autoads,Indígena,Mujeres,15-29,salud,Afiliada,30609.0,60305.0,2763.0,0.002089
2010,autoads,Indígena,Mujeres,3-14,salud,Afiliada,17335.0,27741.0,1315.0,0.002904
2010,autoads,Indígena,Mujeres,30-59,salud,Afiliada,66061.0,104919.0,4714.0,0.002181
2010,autoads,Indígena,Mujeres,60+,salud,Afiliada,28285.0,37381.0,1480.0,0.00245
2010,autoads,Indígena,Mujeres,Todas,salud,Afiliada,142290.0,230346.0,10272.0,0.001899
2010,autoads,Indígena,Total,15-29,salud,Afiliada,59396.0,114539.0,5164.0,0.002097
2010,autoads,Indígena,Total,3-14,salud,Afiliada,36284.0,59883.0,2759.0,0.002313
2010,autoads,Indígena,Total,30-59,salud,Afiliada,119871.0,196907.0,8712.0,0.001825
2010,autoads,Indígena,Total,60+,salud,Afiliada,50561.0,66012.0,2595.0,0.002891
2010,autoads,Indígena,Total,Todas,salud,Afiliada,266112.0,437341.0,19230.0,0.001805
2010,autoads,Resto,Hombres,15-29,salud,Afiliada,602812.0,1005889.0,40603.0,0.001297
2010,autoads,Resto,Hombres,3-14,salud,Afiliada,492848.0,741686.0,30516.0,0.001679
2010,autoads,Resto,Hombres,30-59,salud,Afiliada,1004175.0,1539681.0,61066.0,0.001036
2010,autoads,Resto,Hombres,60+,salud,Afiliada,337904.0,424830.0,16202.0,0.000657
2010,autoads,Resto,Hombres,Todas,salud,Afiliada,2437739.0,3712086.0,148387.0,0.001109
2010,autoads,Resto,Mujeres,15-29,salud,Afiliada,657368.0,1047502.0,42222.0,0.001291
2010,autoads,Resto,Mujeres,3-14,salud,Afiliada,476973.0,722538.0,29878.0,0.001621
2010,autoads,Resto,Mujeres,30-59,salud,Afiliada,1236253.0,1772157.0,70221.0,0.000812
2010,autoads,Resto,Mujeres,60+,salud,Afiliada,473351.0,583947.0,22313.0,0.000571
2010,autoads,Resto,Mujeres,Todas,salud,Afiliada,2843945.0,4126144.0,164634.0,0.001002
2010,autoads,Resto,Total,15-29,salud,Afiliada,1260180.0,2053391.0,82825.0,0.001222
2010,autoads,Resto,Total,3-14,salud,Afiliada,969821.0,1464224.0,60394.0,0.001616
2010,autoads,Resto,Total,30-59,salud,Afiliada,2240428.0,3311838.0,131287.0,0.000901
2010,autoads,Resto,Total,60+,salud,Afiliada,811255.0,1008777.0,38515.0,0.000532
2010,autoads,Resto,Total,Todas,salud,Afiliada,5281684.0,7838230.0,313021.0,0.00104
2010,lengua,Indígena,Hombres,15-29,actividad,Desocupada,318.0,17864.0,812.0,
2010,lengua,Indígena,Hombres,15-29,actividad,No económicamente activa,1959.0,17864.0,812.0,0.000171
2010,lengua,Indígena,Hombres,15-29,actividad,Ocupada,15587.0,17864.0,812.0,0.001477
2010,lengua,Indígena,Hombres,3-14,actividad,Desocupada,,600.0,37.0,
2010,lengua,Indígena,Hombres,3-14,actividad,No económicamente activa,461.0,600.0,37.0,
2010,lengua,Indígena,Hombres,3-14,actividad,Ocupada,139.0,600.0,37.0,
2010,lengua,Indígena,Hombres,30-59,actividad,Desocupada,1505.0,37567.0,1615.0,1.3e-05
2010,lengua,Indígena,Hombres,30-59,actividad,No económicamente activa,1640.0,37567.0,1615.0,0.000272
2010,lengua,Indígena,Hombres,30-59,actividad,Ocupada,34422.0,37567.0,1615.0,0.001596
2010,lengua,Indígena,Hombres,60+,actividad,Desocupada,107.0,11873.0,402.0,
2010,lengua,Indígena,Hombres,60+,actividad,No económicamente activa,6635.0,11873.0,402.0,0.002143
2010,lengua,Indígena,Hombres,60+,actividad,Ocupada,5131.0,11873.0,402.0,0.002665
2010,lengua,Indígena,Hombres,Todas,actividad,Desocupada,1930.0,67904.0,2866.0,7e-06
2010,lengua,Indígena,Hombres,Todas,actividad,No económicamente activa,10695.0,67904.0,2866.0,0.001201
2010,lengua,Indígena,Hombres,Todas,actividad,Ocupada,55279.0,67904.0,2866.0,0.001928
2010,lengua,Indígena,Mujeres,15-29,actividad,Desocupada,212.0,22579.0,1007.0,
2010,lengua,Indígena,Mujeres,15-29,actividad,No económicamente activa,10086.0,22579.0,1007.0,0.000472
2010,lengua,Indígena,Mujeres,15-29,actividad,Ocupada,12281.0,22579.0,1007.0,0.000693
2010,lengua,Indígena,Mujeres,3-14,actividad,Desocupada,,783.0,41.0,
2010,lengua,Indígena,Mujeres,3-14,actividad,No económicamente activa,632.0,783.0,41.0,
2010,lengua,Indígena,Mujeres,3-14,actividad,Ocupada,151.0,783.0,41.0,
2010,lengua,Indígena,Mujeres,30-59,actividad,Desocupada,169.0,37227.0,1752.0,
2010,lengua,Indígena,Mujeres,30-59,actividad,No económicamente activa,15075.0,37227.0,1752.0,0.002376
2010,lengua,Indígena,Mujeres,30-59,actividad,Ocupada,21983.0,37227.0,1752.0,0.002587
2010,lengua,Indígena,Mujeres,60+,actividad,Desocupada,24.0,11855.0,463.0,
2010,lengua,Indígena,Mujeres,60+,actividad,No económicamente activa,8655.0,11855.0,463.0,0.001947
2010,lengua,Indígena,Mujeres,60+,actividad,Ocupada,3176.0,11855.0,463.0,
2010,lengua,Indígena,Mujeres,Todas,actividad,Desocupada,405.0,72444.0,3263.0,
2010,lengua,Indígena,Mujeres,Todas,actividad,No económicamente activa,34448.0,72444.0,3263.0,0.001723
2010,lengua,Indígena,Mujeres,Todas,actividad,Ocupada,37591.0,72444.0,3263.0,0.001893
2010,lengua,Indígena,Total,15-29,actividad,Desocupada,530.0,40443.0,1819.0,
2010,lengua,Indígena,Total,15-29,actividad,No económicamente activa,12045.0,40443.0,1819.0,0.000832
2010,lengua,Indígena,Total,15-29,actividad,Ocupada,27868.0,40443.0,1819.0,0.001091
2010,lengua,Indígena,Total,3-14,actividad,Desocupada,,1383.0,78.0,
2010,lengua,Indígena,Total,3-14,actividad,No económicamente activa,1093.0,1383.0,78.0,
2010,lengua,Indígena,Total,3-14,actividad,Ocupada,290.0,1383.0,78.0,
2010,lengua,Indígena,Total,30-59,actividad,Desocupada,1674.0,74794.0,3367.0,6e-06
2010,lengua,Indígena,Total,30-59,actividad,No económicamente activa,16715.0,74794.0,3367.0,0.001135
2010,lengua,Indígena,Total,30-59,actividad,Ocupada,56405.0,74794.0,3367.0,0.001357
2010,lengua,Indígena,Total,60+,actividad,Desocupada,131.0,23728.0,865.0,
2010,lengua,Indígena,Total,60+,actividad,No económicamente activa,15290.0,23728.0,865.0,0.001429
2010,lengua,Indígena,Total,60+,actividad,Ocupada,8307.0,23728.0,865.0,0.002051
2010,lengua,Indígena,Total,Todas,actividad,Desocupada,2335.0,140348.0,6129.0,3e-06
2010,lengua,Indígena,Total,Todas,actividad,No económicamente activa,45143.0,140348.0,6129.0,0.001202
2010,lengua,Indígena,Total,Todas,actividad,Ocupada,92870.0,140348.0,6129.0,0.001193
2010,lengua,Resto,Hombres,15-29,actividad,Desocupada,51218.0,1051425.0,42523.0,0.000157
2010,lengua,Resto,Hombres,15-29,actividad,No económicamente activa,430392.0,1051425.0,42523.0,0.000493
2010,lengua,Resto,Hombres,15-29,actividad,Ocupada,569815.0,1051425.0,42523.0,0.000506
2010,lengua,Resto,Hombres,3-14,actividad,Desocupada,311.0,197727.0,8045.0,
2010,lengua,Resto,Hombres,3-14,actividad,No económicamente activa,190985.0,197727.0,8045.0,0.000703
2010,lengua,Resto,Hombres,3-14,actividad,Ocupada,6431.0,197727.0,8045.0,0.000393
2010,lengua,Resto,Hombres,30-59,actividad,Desocupada,66222.0,1605168.0,63863.0,9e-05
2010,lengua,Resto,Hombres,30-59,actividad,No económicamente activa,94809.0,1605168.0,63863.0,0.000134
2010,lengua,Resto,Hombres,30-59,actividad,Ocupada,1444137.0,1605168.0,63863.0,0.000267
2010,lengua,Resto,Hombres,60+,actividad,Desocupada,7108.0,442424.0,16895.0,9e-06
2010,lengua,Resto,Hombres,60+,actividad,No económicamente activa,231190.0,442424.0,16895.0,0.000651
2010,lengua,Resto,Hombres,60+,actividad,Ocupada,204126.0,442424.0,16895.0,0.000602
2010,lengua,Resto,Hombres,Todas,actividad,Desocupada,124859.0,3296744.0,131326.0,8.2e-05
2010,lengua,Resto,Hombres,Todas,actividad,No económicamente activa,947376.0,3296744.0,131326.0,0.000306
2010,lengua,Resto,Hombres,Todas,actividad,Ocupada,2224509.0,3296744.0,131326.0,0.000325
2010,lengua,Resto,Mujeres,15-29,actividad,Desocupada,31125.0,1095596.0,44350.0,6.9e-05
2010,lengua,Resto,Mujeres,15-29,actividad,No económicamente activa,665357.0,1095596.0,44350.0,0.000628
2010,lengua,Resto,Mujeres,15-29,actividad,Ocupada,399114.0,1095596.0,44350.0,0.000746
2010,lengua,Resto,Mujeres,3-14,actividad,Desocupada,388.0,183991.0,7814.0,
2010,lengua,Resto,Mujeres,3-14,actividad,No económicamente activa,180914.0,183991.0,7814.0,0.000335
2010,lengua,Resto,Mujeres,3-14,actividad,Ocupada,2689.0,183991.0,7814.0,0.000109
2010,lengua,Resto,Mujeres,30-59,actividad,Desocupada,27087.0,1857688.0,73735.0,3.2e-05
2010,lengua,Resto,Mujeres,30-59,actividad,No económicamente activa,762456.0,1857688.0,73735.0,0.000435
2010,lengua,Resto,Mujeres,30-59,actividad,Ocupada,1068145.0,1857688.0,73735.0,0.000606
2010,lengua,Resto,Mujeres,60+,actividad,Desocupada,1616.0,610066.0,23343.0,
2010,lengua,Resto,Mujeres,60+,actividad,No económicamente activa,494992.0,610066.0,23343.0,0.000408
2010,lengua,Resto,Mujeres,60+,actividad,Ocupada,113458.0,610066.0,23343.0,0.000219
2010,lengua,Resto,Mujeres,Todas,actividad,Desocupada,60216.0,3747341.0,149242.0,3.8e-05
2010,lengua,Resto,Mujeres,Todas,actividad,No económicamente activa,2103719.0,3747341.0,149242.0,0.000363
2010,lengua,Resto,Mujeres,Todas,actividad,Ocupada,1583406.0,3747341.0,149242.0,0.000421
2010,lengua,Resto,Total,15-29,actividad,Desocupada,82343.0,2147021.0,86873.0,0.000119
2010,lengua,Resto,Total,15-29,actividad,No económicamente activa,1095749.0,2147021.0,86873.0,0.000401
2010,lengua,Resto,Total,15-29,actividad,Ocupada,968929.0,2147021.0,86873.0,0.000457
2010,lengua,Resto,Total,3-14,actividad,Desocupada,699.0,381718.0,15859.0,
2010,lengua,Resto,Total,3-14,actividad,No económicamente activa,371899.0,381718.0,15859.0,0.000465
2010,lengua,Resto,Total,3-14,actividad,Ocupada,9120.0,381718.0,15859.0,0.000296
2010,lengua,Resto,Total,30-59,actividad,Desocupada,93309.0,3462856.0,137598.0,6.7e-05
2010,lengua,Resto,Total,30-59,actividad,No económicamente activa,857265.0,3462856.0,137598.0,0.000246
2010,lengua,Resto,Total,30-59,actividad,Ocupada,2512282.0,3462856.0,137598.0,0.000382
2010,lengua,Resto,Total,60+,actividad,Desocupada,8724.0,1052490.0,40238.0,3e-06
2010,lengua,Resto,Total,60+,actividad,No económicamente activa,726182.0,1052490.0,40238.0,0.000426
2010,lengua,Resto,Total,60+,actividad,Ocupada,317584.0,1052490.0,40238.0,0.000357
2010,lengua,Resto,Total,Todas,actividad,Desocupada,185075.0,7044085.0,280568.0,5.9e-05
2010,lengua,Resto,Total,Todas,actividad,No económicamente activa,3051095.0,7044085.0,280568.0,0.000234
2010,lengua,Resto,Total,Todas,actividad,Ocupada,3807915.0,7044085.0,280568.0,0.000278
2010,lengua,Indígena,Hombres,15-29,domestico,Trabajo doméstico remunerado,245.0,15587.0,713.0,
2010,lengua,Indígena,Hombres,3-14,domestico,Trabajo doméstico remunerado,,139.0,11.0,
2010,lengua,Indígena,Hombres,30-59,domestico,Trabajo doméstico remunerado,382.0,34422.0,1484.0,
2010,lengua,Indígena,Hombres,60+,domestico,Trabajo doméstico remunerado,21.0,5131.0,211.0,
2010,lengua,Indígena,Hombres,Todas,domestico,Trabajo doméstico remunerado,648.0,55279.0,2419.0,
2010,lengua,Indígena,Mujeres,15-29,domestico,Trabajo doméstico remunerado,6092.0,12281.0,584.0,0.000662
2010,lengua,Indígena,Mujeres,3-14,domestico,Trabajo doméstico remunerado,53.0,151.0,8.0,
2010,lengua,Indígena,Mujeres,30-59,domestico,Trabajo doméstico remunerado,8696.0,21983.0,1046.0,0.002247
2010,lengua,Indígena,Mujeres,60+,domestico,Trabajo doméstico remunerado,971.0,3176.0,119.0,
2010,lengua,Indígena,Mujeres,Todas,domestico,Trabajo doméstico remunerado,15812.0,37591.0,1757.0,0.002007
2010,lengua,Indígena,Total,15-29,domestico,Trabajo doméstico remunerado,6337.0,27868.0,1297.0,0.000445
2010,lengua,Indígena,Total,3-14,domestico,Trabajo doméstico remunerado,53.0,290.0,19.0,
2010,lengua,Indígena,Total,30-59,domestico,Trabajo doméstico remunerado,9078.0,56405.0,2530.0,0.001211
2010,lengua,Indígena,Total,60+,domestico,Trabajo doméstico remunerado,992.0,8307.0,330.0,
2010,lengua,Indígena,Total,Todas,domestico,Trabajo doméstico remunerado,16460.0,92870.0,4176.0,0.001213
2010,lengua,Resto,Hombres,15-29,domestico,Trabajo doméstico remunerado,856.0,569815.0,23358.0,2e-06
2010,lengua,Resto,Hombres,3-14,domestico,Trabajo doméstico remunerado,1.0,6431.0,283.0,
2010,lengua,Resto,Hombres,30-59,domestico,Trabajo doméstico remunerado,2261.0,1444137.0,57478.0,0.0
2010,lengua,Resto,Hombres,60+,domestico,Trabajo doméstico remunerado,607.0,204126.0,7742.0,
2010,lengua,Resto,Hombres,Todas,domestico,Trabajo doméstico remunerado,3725.0,2224509.0,88861.0,1.1e-05
2010,lengua,Resto,Mujeres,15-29,domestico,Trabajo doméstico remunerado,21718.0,399114.0,16702.0,0.000642
2010,lengua,Resto,Mujeres,3-14,domestico,Trabajo doméstico remunerado,29.0,2689.0,128.0,
2010,lengua,Resto,Mujeres,30-59,domestico,Trabajo doméstico remunerado,69677.0,1068145.0,42894.0,0.000435
2010,lengua,Resto,Mujeres,60+,domestico,Trabajo doméstico remunerado,11406.0,113458.0,4326.0,0.000169
2010,lengua,Resto,Mujeres,Todas,domestico,Trabajo doméstico remunerado,102830.0,1583406.0,64050.0,0.000436
2010,lengua,Resto,Total,15-29,domestico,Trabajo doméstico remunerado,22574.0,968929.0,40060.0,0.00028
2010,lengua,Resto,Total,3-14,domestico,Trabajo doméstico remunerado,30.0,9120.0,411.0,
2010,lengua,Resto,Total,30-59,domestico,Trabajo doméstico remunerado,71938.0,2512282.0,100372.0,0.000187
2010,lengua,Resto,Total,60+,domestico,Trabajo doméstico remunerado,12013.0,317584.0,12068.0,5.5e-05
2010,lengua,Resto,Total,Todas,domestico,Trabajo doméstico remunerado,106555.0,3807915.0,152911.0,0.000189
2010,lengua,Indígena,Hombres,15-29,escolaridad,Media superior,2506.0,17876.0,812.0,0.000967
2010,lengua,Indígena,Hombres,15-29,escolaridad,Primaria o menos,6116.0,17876.0,812.0,0.000286
2010,lengua,Indígena,Hombres,15-29,escolaridad,Secundaria,6603.0,17876.0,812.0,0.000794
2010,lengua,Indígena,Hombres,15-29,escolaridad,Superior,2651.0,17876.0,812.0,
2010,lengua,Indígena,Hombres,30-59,escolaridad,Media superior,3657.0,37489.0,1612.0,0.000329
2010,lengua,Indígena,Hombres,30-59,escolaridad,Primaria o menos,18910.0,37489.0,1612.0,0.00305
2010,lengua,Indígena,Hombres,30-59,escolaridad,Secundaria,9838.0,37489.0,1612.0,0.002987
2010,lengua,Indígena,Hombres,30-59,escolaridad,Superior,5084.0,37489.0,1612.0,0.000656
2010,lengua,Indígena,Hombres,60+,escolaridad,Media superior,352.0,11904.0,403.0,5.5e-05
2010,lengua,Indígena,Hombres,60+,escolaridad,Primaria o menos,8512.0,11904.0,403.0,0.003002
2010,lengua,Indígena,Hombres,60+,escolaridad,Secundaria,1342.0,11904.0,403.0,1.9e-05
2010,lengua,Indígena,Hombres,60+,escolaridad,Superior,1698.0,11904.0,403.0,
2010,lengua,Indígena,Hombres,Todas,escolaridad,Media superior,6515.0,67269.0,2827.0,0.000549
2010,lengua,Indígena,Hombres,Todas,escolaridad,Primaria o menos,33538.0,67269.0,2827.0,0.001872
2010,lengua,Indígena,Hombres,Todas,escolaridad,Secundaria,17783.0,67269.0,2827.0,0.002164
2010,lengua,Indígena,Hombres,Todas,escolaridad,Superior,9433.0,67269.0,2827.0,0.000467
2010,lengua,Indígena,Mujeres,15-29,escolaridad,Media superior,3096.0,22648.0,1008.0,1.2e-05
2010,lengua,Indígena,Mujeres,15-29,escolaridad,Primaria o menos,10356.0,22648.0,1008.0,0.000122
2010,lengua,Indígena,Mujeres,15-29,escolaridad,Secundaria,7728.0,22648.0,1008.0,0.000571
2010,lengua,Indígena,Mujeres,15-29,escolaridad,Superior,1468.0,22648.0,1008.0,6e-05
2010,lengua,Indígena,Mujeres,30-59,escolaridad,Media superior,2256.0,37354.0,1757.0,0.000122
2010,lengua,Indígena,Mujeres,30-59,escolaridad,Primaria o menos,26152.0,37354.0,1757.0,0.0025
2010,lengua,Indígena,Mujeres,30-59,escolaridad,Secundaria,6289.0,37354.0,1757.0,0.00169
2010,lengua,Indígena,Mujeres,30-59,escolaridad,Superior,2657.0,37354.0,1757.0,8.4e-05
2010,lengua,Indígena,Mujeres,60+,escolaridad,Media superior,481.0,11901.0,465.0,
2010,lengua,Indígena,Mujeres,60+,escolaridad,Primaria o menos,10608.0,11901.0,465.0,0.001038
2010,lengua,Indígena,Mujeres,60+,escolaridad,Secundaria,474.0,11901.0,465.0,
2010,lengua,Indígena,Mujeres,60+,escolaridad,Superior,338.0,11901.0,465.0,
2010,lengua,Indígena,Mujeres,Todas,escolaridad,Media superior,5833.0,71903.0,3230.0,6.8e-05
2010,lengua,Indígena,Mujeres,Todas,escolaridad,Primaria o menos,47116.0,71903.0,3230.0,0.00168
2010,lengua,Indígena,Mujeres,Todas,escolaridad,Secundaria,14491.0,71903.0,3230.0,0.001181
2010,lengua,Indígena,Mujeres,Todas,escolaridad,Superior,4463.0,71903.0,3230.0,3.8e-05
2010,lengua,Indígena,Total,15-29,escolaridad,Media superior,5602.0,40524.0,1820.0,0.000182
2010,lengua,Indígena,Total,15-29,escolaridad,Primaria o menos,16472.0,40524.0,1820.0,0.001136
2010,lengua,Indígena,Total,15-29,escolaridad,Secundaria,14331.0,40524.0,1820.0,0.001268
2010,lengua,Indígena,Total,15-29,escolaridad,Superior,4119.0,40524.0,1820.0,5.3e-05
2010,lengua,Indígena,Total,30-59,escolaridad,Media superior,5913.0,74843.0,3369.0,0.000611
2010,lengua,Indígena,Total,30-59,escolaridad,Primaria o menos,45062.0,74843.0,3369.0,0.002901
2010,lengua,Indígena,Total,30-59,escolaridad,Secundaria,16127.0,74843.0,3369.0,0.002187
2010,lengua,Indígena,Total,30-59,escolaridad,Superior,7741.0,74843.0,3369.0,0.000522
2010,lengua,Indígena,Total,60+,escolaridad,Media superior,833.0,23805.0,868.0,3.2e-05
2010,lengua,Indígena,Total,60+,escolaridad,Primaria o menos,19120.0,23805.0,868.0,0.002525
2010,lengua,Indígena,Total,60+,escolaridad,Secundaria,1816.0,23805.0,868.0,
2010,lengua,Indígena,Total,60+,escolaridad,Superior,2036.0,23805.0,868.0,7.9e-05
2010,lengua,Indígena,Total,Todas,escolaridad,Media superior,12348.0,139172.0,6057.0,0.000588
2010,lengua,Indígena,Total,Todas,escolaridad,Primaria o menos,80654.0,139172.0,6057.0,0.001918
2010,lengua,Indígena,Total,Todas,escolaridad,Secundaria,32274.0,139172.0,6057.0,0.0016
2010,lengua,Indígena,Total,Todas,escolaridad,Superior,13896.0,139172.0,6057.0,0.000399
2010,lengua,Resto,Hombres,15-29,escolaridad,Media superior,372656.0,1048803.0,42480.0,0.000496
2010,lengua,Resto,Hombres,15-29,escolaridad,Primaria o menos,64726.0,1048803.0,42480.0,0.000386
2010,lengua,Resto,Hombres,15-29,escolaridad,Secundaria,328872.0,1048803.0,42480.0,0.00062
2010,lengua,Resto,Hombres,15-29,escolaridad,Superior,282549.0,1048803.0,42480.0,0.000658
2010,lengua,Resto,Hombres,30-59,escolaridad,Media superior,378302.0,1605743.0,63911.0,0.000292
2010,lengua,Resto,Hombres,30-59,escolaridad,Primaria o menos,238364.0,1605743.0,63911.0,0.000552
2010,lengua,Resto,Hombres,30-59,escolaridad,Secundaria,408371.0,1605743.0,63911.0,0.00051
2010,lengua,Resto,Hombres,30-59,escolaridad,Superior,580706.0,1605743.0,63911.0,0.000908
2010,lengua,Resto,Hombres,60+,escolaridad,Media superior,46628.0,445084.0,17030.0,8.3e-05
2010,lengua,Resto,Hombres,60+,escolaridad,Primaria o menos,206500.0,445084.0,17030.0,0.000553
2010,lengua,Resto,Hombres,60+,escolaridad,Secundaria,75676.0,445084.0,17030.0,0.000235
2010,lengua,Resto,Hombres,60+,escolaridad,Superior,116280.0,445084.0,17030.0,0.000391
2010,lengua,Resto,Hombres,Todas,escolaridad,Media superior,797586.0,3099630.0,123421.0,0.000225
2010,lengua,Resto,Hombres,Todas,escolaridad,Primaria o menos,509590.0,3099630.0,123421.0,0.000395
2010,lengua,Resto,Hombres,Todas,escolaridad,Secundaria,812919.0,3099630.0,123421.0,0.000437
2010,lengua,Resto,Hombres,Todas,escolaridad,Superior,979535.0,3099630.0,123421.0,0.000704
2010,lengua,Resto,Mujeres,15-29,escolaridad,Media superior,400322.0,1093724.0,44280.0,0.000525
2010,lengua,Resto,Mujeres,15-29,escolaridad,Primaria o menos,57255.0,1093724.0,44280.0,0.000339
2010,lengua,Resto,Mujeres,15-29,escolaridad,Secundaria,308214.0,1093724.0,44280.0,0.000649
2010,lengua,Resto,Mujeres,15-29,escolaridad,Superior,327933.0,1093724.0,44280.0,0.000672
2010,lengua,Resto,Mujeres,30-59,escolaridad,Media superior,456045.0,1857516.0,73796.0,0.000284
2010,lengua,Resto,Mujeres,30-59,escolaridad,Primaria o menos,377360.0,1857516.0,73796.0,0.000533
2010,lengua,Resto,Mujeres,30-59,escolaridad,Secundaria,461050.0,1857516.0,73796.0,0.00041
2010,lengua,Resto,Mujeres,30-59,escolaridad,Superior,563061.0,1857516.0,73796.0,0.00061
2010,lengua,Resto,Mujeres,60+,escolaridad,Media superior,82193.0,612838.0,23462.0,0.00012
2010,lengua,Resto,Mujeres,60+,escolaridad,Primaria o menos,359540.0,612838.0,23462.0,0.000537
2010,lengua,Resto,Mujeres,60+,escolaridad,Secundaria,94128.0,612838.0,23462.0,0.000155
2010,lengua,Resto,Mujeres,60+,escolaridad,Superior,76977.0,612838.0,23462.0,0.000182
2010,lengua,Resto,Mujeres,Todas,escolaridad,Media superior,938560.0,3564078.0,141538.0,0.000238
2010,lengua,Resto,Mujeres,Todas,escolaridad,Primaria o menos,794155.0,3564078.0,141538.0,0.000275
2010,lengua,Resto,Mujeres,Todas,escolaridad,Secundaria,863392.0,3564078.0,141538.0,0.00037
2010,lengua,Resto,Mujeres,Todas,escolaridad,Superior,967971.0,3564078.0,141538.0,0.000551
2010,lengua,Resto,Total,15-29,escolaridad,Media superior,772978.0,2142527.0,86760.0,0.000443
2010,lengua,Resto,Total,15-29,escolaridad,Primaria o menos,121981.0,2142527.0,86760.0,0.000333
2010,lengua,Resto,Total,15-29,escolaridad,Secundaria,637086.0,2142527.0,86760.0,0.00057
2010,lengua,Resto,Total,15-29,escolaridad,Superior,610482.0,2142527.0,86760.0,0.000641
2010,lengua,Resto,Total,30-59,escolaridad,Media superior,834347.0,3463259.0,137707.0,0.000247
2010,lengua,Resto,Total,30-59,escolaridad,Primaria o menos,615724.0,3463259.0,137707.0,0.000536
2010,lengua,Resto,Total,30-59,escolaridad,Secundaria,869421.0,3463259.0,137707.0,0.000444
2010,lengua,Resto,Total,30-59,escolaridad,Superior,1143767.0,3463259.0,137707.0,0.000781
2010,lengua,Resto,Total,60+,escolaridad,Media superior,128821.0,1057922.0,40492.0,0.000141
2010,lengua,Resto,Total,60+,escolaridad,Primaria o menos,566040.0,1057922.0,40492.0,0.00055
2010,lengua,Resto,Total,60+,escolaridad,Secundaria,169804.0,1057922.0,40492.0,0.000162
2010,lengua,Resto,Total,60+,escolaridad,Superior,193257.0,1057922.0,40492.0,0.00026
2010,lengua,Resto,Total,Todas,escolaridad,Media superior,1736146.0,6663708.0,264959.0,0.000206
2010,lengua,Resto,Total,Todas,escolaridad,Primaria o menos,1303745.0,6663708.0,264959.0,0.000333
2010,lengua,Resto,Total,Todas,escolaridad,Secundaria,1676311.0,6663708.0,264959.0,0.000394
2010,lengua,Resto,Total,Todas,escolaridad,Superior,1947506.0,6663708.0,264959.0,0.000617
2010,lengua,Indígena,Hombres,15-29,monolingue,No habla español,122.0,15849.0,730.0,
2010,lengua,Indígena,Hombres,3-14,monolingue,No habla español,1.0,1766.0,104.0,
2010,lengua,Indígena,Hombres,30-59,monolingue,No habla español,78.0,33473.0,1431.0,
2010,lengua,Indígena,Hombres,60+,monolingue,No habla español,131.0,10721.0,356.0,
2010,lengua,Indígena,Hombres,Todas,monolingue,No habla español,332.0,61809.0,2621.0,
2010,lengua,Indígena,Mujeres,15-29,monolingue,No habla español,63.0,19793.0,888.0,
2010,lengua,Indígena,Mujeres,3-14,monolingue,No habla español,63.0,2092.0,107.0,
2010,lengua,Indígena,Mujeres,30-59,monolingue,No habla español,227.0,31781.0,1530.0,
2010,lengua,Indígena,Mujeres,60+,monolingue,No habla español,278.0,10223.0,385.0,
2010,lengua,Indígena,Mujeres,Todas,monolingue,No habla español,631.0,63889.0,2910.0,
2010,lengua,Indígena,Total,15-29,monolingue,No habla español,185.0,35642.0,1618.0,
2010,lengua,Indígena,Total,3-14,monolingue,No habla español,64.0,3858.0,211.0,
2010,lengua,Indígena,Total,30-59,monolingue,No habla español,305.0,65254.0,2961.0,
2010,lengua,Indígena,Total,60+,monolingue,No habla español,409.0,20944.0,741.0,
2010,lengua,Indígena,Total,Todas,monolingue,No habla español,963.0,125698.0,5531.0,0.0
2010,lengua,Indígena,Hombres,Todas,piramide,10-14,977.0,144260.0,60.0,
2010,lengua,Indígena,Hombres,Todas,piramide,15-19,3593.0,144260.0,170.0,
2010,lengua,Indígena,Hombres,Todas,piramide,20-24,7001.0,144260.0,302.0,
2010,lengua,Indígena,Hombres,Todas,piramide,25-29,7296.0,144260.0,342.0,
2010,lengua,Indígena,Hombres,Todas,piramide,3-4,163.0,144260.0,9.0,
2010,lengua,Indígena,Hombres,Todas,piramide,30-34,9303.0,144260.0,356.0,
2010,lengua,Indígena,Hombres,Todas,piramide,35-39,7433.0,144260.0,343.0,
2010,lengua,Indígena,Hombres,Todas,piramide,40-44,6570.0,144260.0,291.0,
2010,lengua,Indígena,Hombres,Todas,piramide,45-49,5539.0,144260.0,245.0,
2010,lengua,Indígena,Hombres,Todas,piramide,5-9,1023.0,144260.0,52.0,
2010,lengua,Indígena,Hombres,Todas,piramide,50-54,5152.0,144260.0,228.0,
2010,lengua,Indígena,Hombres,Todas,piramide,55-59,3616.0,144260.0,155.0,
2010,lengua,Indígena,Hombres,Todas,piramide,60-64,3380.0,144260.0,131.0,
2010,lengua,Indígena,Hombres,Todas,piramide,65-69,2672.0,144260.0,102.0,
2010,lengua,Indígena,Hombres,Todas,piramide,70-74,1869.0,144260.0,75.0,
2010,lengua,Indígena,Hombres,Todas,piramide,75-79,1521.0,144260.0,42.0,
2010,lengua,Indígena,Hombres,Todas,piramide,80-84,678.0,144260.0,27.0,
2010,lengua,Indígena,Hombres,Todas,piramide,85 y más,1811.0,144260.0,27.0,
2010,lengua,Indígena,Mujeres,Todas,piramide,10-14,1277.0,144260.0,69.0,
2010,lengua,Indígena,Mujeres,Todas,piramide,15-19,5466.0,144260.0,228.0,
2010,lengua,Indígena,Mujeres,Todas,piramide,20-24,8676.0,144260.0,388.0,
2010,lengua,Indígena,Mujeres,Todas,piramide,25-29,8515.0,144260.0,394.0,
2010,lengua,Indígena,Mujeres,Todas,piramide,3-4,501.0,144260.0,14.0,
2010,lengua,Indígena,Mujeres,Todas,piramide,30-34,7996.0,144260.0,363.0,
2010,lengua,Indígena,Mujeres,Todas,piramide,35-39,6436.0,144260.0,334.0,
2010,lengua,Indígena,Mujeres,Todas,piramide,40-44,6358.0,144260.0,308.0,
2010,lengua,Indígena,Mujeres,Todas,piramide,45-49,6286.0,144260.0,286.0,
2010,lengua,Indígena,Mujeres,Todas,piramide,5-9,922.0,144260.0,50.0,
2010,lengua,Indígena,Mujeres,Todas,piramide,50-54,5610.0,144260.0,267.0,
2010,lengua,Indígena,Mujeres,Todas,piramide,55-59,4677.0,144260.0,200.0,
2010,lengua,Indígena,Mujeres,Todas,piramide,60-64,3151.0,144260.0,132.0,
2010,lengua,Indígena,Mujeres,Todas,piramide,65-69,2564.0,144260.0,99.0,
2010,lengua,Indígena,Mujeres,Todas,piramide,70-74,2037.0,144260.0,85.0,
2010,lengua,Indígena,Mujeres,Todas,piramide,75-79,1997.0,144260.0,57.0,
2010,lengua,Indígena,Mujeres,Todas,piramide,80-84,851.0,144260.0,41.0,
2010,lengua,Indígena,Mujeres,Todas,piramide,85 y más,1343.0,144260.0,53.0,
2010,lengua,Resto,Hombres,Todas,piramide,10-14,331726.0,8229373.0,13551.0,
2010,lengua,Resto,Hombres,Todas,piramide,15-19,354600.0,8229373.0,14524.0,
2010,lengua,Resto,Hombres,Todas,piramide,20-24,363239.0,8229373.0,14558.0,
2010,lengua,Resto,Hombres,Todas,piramide,25-29,336549.0,8229373.0,13566.0,
2010,lengua,Resto,Hombres,Todas,piramide,3-4,126090.0,8229373.0,5246.0,
2010,lengua,Resto,Hombres,Todas,piramide,30-34,322378.0,8229373.0,12923.0,
2010,lengua,Resto,Hombres,Todas,piramide,35-39,327286.0,8229373.0,13236.0,
2010,lengua,Resto,Hombres,Todas,piramide,40-44,283746.0,8229373.0,11508.0,
2010,lengua,Resto,Hombres,Todas,piramide,45-49,256746.0,8229373.0,9993.0,
2010,lengua,Resto,Hombres,Todas,piramide,5-9,324068.0,8229373.0,13420.0,
2010,lengua,Resto,Hombres,Todas,piramide,50-54,236599.0,8229373.0,9190.0,
2010,lengua,Resto,Hombres,Todas,piramide,55-59,183732.0,8229373.0,7227.0,
2010,lengua,Resto,Hombres,Todas,piramide,60-64,148504.0,8229373.0,5684.0,
2010,lengua,Resto,Hombres,Todas,piramide,65-69,106858.0,8229373.0,3976.0,
2010,lengua,Resto,Hombres,Todas,piramide,70-74,82796.0,8229373.0,3022.0,
2010,lengua,Resto,Hombres,Todas,piramide,75-79,52058.0,8229373.0,2111.0,
2010,lengua,Resto,Hombres,Todas,piramide,80-84,31996.0,8229373.0,1283.0,
2010,lengua,Resto,Hombres,Todas,piramide,85 y más,24738.0,8229373.0,1006.0,
2010,lengua,Resto,Mujeres,Todas,piramide,10-14,311802.0,8229373.0,13114.0,
2010,lengua,Resto,Mujeres,Todas,piramide,15-19,360043.0,8229373.0,14432.0,
2010,lengua,Resto,Mujeres,Todas,piramide,20-24,373537.0,8229373.0,15190.0,
2010,lengua,Resto,Mujeres,Todas,piramide,25-29,365764.0,8229373.0,14875.0,
2010,lengua,Resto,Mujeres,Todas,piramide,3-4,124300.0,8229373.0,5224.0,
2010,lengua,Resto,Mujeres,Todas,piramide,30-34,359888.0,8229373.0,14442.0,
2010,lengua,Resto,Mujeres,Todas,piramide,35-39,367625.0,8229373.0,14957.0,
2010,lengua,Resto,Mujeres,Todas,piramide,40-44,326524.0,8229373.0,13186.0,
2010,lengua,Resto,Mujeres,Todas,piramide,45-49,299358.0,8229373.0,11827.0,
2010,lengua,Resto,Mujeres,Todas,piramide,5-9,322474.0,8229373.0,13120.0,
2010,lengua,Resto,Mujeres,Todas,piramide,50-54,286823.0,8229373.0,11099.0,
2010,lengua,Resto,Mujeres,Todas,piramide,55-59,222727.0,8229373.0,8473.0,
2010,lengua,Resto,Mujeres,Todas,piramide,60-64,185434.0,8229373.0,6915.0,
2010,lengua,Resto,Mujeres,Todas,piramide,65-69,134059.0,8229373.0,5105.0,
2010,lengua,Resto,Mujeres,Todas,piramide,70-74,111202.0,8229373.0,4229.0,
2010,lengua,Resto,Mujeres,Todas,piramide,75-79,76385.0,8229373.0,3132.0,
2010,lengua,Resto,Mujeres,Todas,piramide,80-84,55715.0,8229373.0,2193.0,
2010,lengua,Resto,Mujeres,Todas,piramide,85 y más,52004.0,8229373.0,1970.0,
2010,lengua,Indígena,Hombres,15-29,posicion,Empleada u obrera,12562.0,15236.0,703.0,0.000607
2010,lengua,Indígena,Hombres,15-29,posicion,Jornalera o peona,448.0,15236.0,703.0,0.000131
2010,lengua,Indígena,Hombres,15-29,posicion,Patrona,141.0,15236.0,703.0,
2010,lengua,Indígena,Hombres,15-29,posicion,Por cuenta propia,2082.0,15236.0,703.0,
2010,lengua,Indígena,Hombres,15-29,posicion,Sin pago,3.0,15236.0,703.0,
2010,lengua,Indígena,Hombres,3-14,posicion,Empleada u obrera,109.0,120.0,10.0,
2010,lengua,Indígena,Hombres,3-14,posicion,Jornalera o peona,,120.0,10.0,
2010,lengua,Indígena,Hombres,3-14,posicion,Patrona,,120.0,10.0,
2010,lengua,Indígena,Hombres,3-14,posicion,Por cuenta propia,9.0,120.0,10.0,
2010,lengua,Indígena,Hombres,3-14,posicion,Sin pago,2.0,120.0,10.0,
2010,lengua,Indígena,Hombres,30-59,posicion,Empleada u obrera,23185.0,33910.0,1463.0,0.003291
2010,lengua,Indígena,Hombres,30-59,posicion,Jornalera o peona,643.0,33910.0,1463.0,6.2e-05
2010,lengua,Indígena,Hombres,30-59,posicion,Patrona,1411.0,33910.0,1463.0,8.5e-05
2010,lengua,Indígena,Hombres,30-59,posicion,Por cuenta propia,8510.0,33910.0,1463.0,0.002437
2010,lengua,Indígena,Hombres,30-59,posicion,Sin pago,161.0,33910.0,1463.0,
2010,lengua,Indígena,Hombres,60+,posicion,Empleada u obrera,2151.0,4910.0,206.0,0.000354
2010,lengua,Indígena,Hombres,60+,posicion,Jornalera o peona,62.0,4910.0,206.0,
2010,lengua,Indígena,Hombres,60+,posicion,Patrona,189.0,4910.0,206.0,
2010,lengua,Indígena,Hombres,60+,posicion,Por cuenta propia,2485.0,4910.0,206.0,0.002555
2010,lengua,Indígena,Hombres,60+,posicion,Sin pago,23.0,4910.0,206.0,
2010,lengua,Indígena,Hombres,Todas,posicion,Empleada u obrera,38007.0,54176.0,2382.0,0.002366
2010,lengua,Indígena,Hombres,Todas,posicion,Jornalera o peona,1153.0,54176.0,2382.0,0.00014
2010,lengua,Indígena,Hombres,Todas,posicion,Patrona,1741.0,54176.0,2382.0,4.8e-05
2010,lengua,Indígena,Hombres,Todas,posicion,Por cuenta propia,13086.0,54176.0,2382.0,0.002073
2010,lengua,Indígena,Hombres,Todas,posicion,Sin pago,189.0,54176.0,2382.0,
2010,lengua,Indígena,Mujeres,15-29,posicion,Empleada u obrera,9552.0,11831.0,565.0,0.000829
2010,lengua,Indígena,Mujeres,15-29,posicion,Jornalera o peona,,11831.0,565.0,
2010,lengua,Indígena,Mujeres,15-29,posicion,Patrona,,11831.0,565.0,
2010,lengua,Indígena,Mujeres,15-29,posicion,Por cuenta propia,2193.0,11831.0,565.0,
2010,lengua,Indígena,Mujeres,15-29,posicion,Sin pago,86.0,11831.0,565.0,
2010,lengua,Indígena,Mujeres,3-14,posicion,Empleada u obrera,124.0,151.0,8.0,
2010,lengua,Indígena,Mujeres,3-14,posicion,Jornalera o peona,,151.0,8.0,
2010,lengua,Indígena,Mujeres,3-14,posicion,Patrona,,151.0,8.0,
2010,lengua,Indígena,Mujeres,3-14,posicion,Por cuenta propia,26.0,151.0,8.0,
2010,lengua,Indígena,Mujeres,3-14,posicion,Sin pago,1.0,151.0,8.0,
2010,lengua,Indígena,Mujeres,30-59,posicion,Empleada u obrera,14071.0,21157.0,1015.0,0.00431
2010,lengua,Indígena,Mujeres,30-59,posicion,Jornalera o peona,4.0,21157.0,1015.0,
2010,lengua,Indígena,Mujeres,30-59,posicion,Patrona,415.0,21157.0,1015.0,
2010,lengua,Indígena,Mujeres,30-59,posicion,Por cuenta propia,6229.0,21157.0,1015.0,0.003161
2010,lengua,Indígena,Mujeres,30-59,posicion,Sin pago,438.0,21157.0,1015.0,
2010,lengua,Indígena,Mujeres,60+,posicion,Empleada u obrera,1198.0,3157.0,118.0,
2010,lengua,Indígena,Mujeres,60+,posicion,Jornalera o peona,,3157.0,118.0,
2010,lengua,Indígena,Mujeres,60+,posicion,Patrona,21.0,3157.0,118.0,
2010,lengua,Indígena,Mujeres,60+,posicion,Por cuenta propia,1858.0,3157.0,118.0,
2010,lengua,Indígena,Mujeres,60+,posicion,Sin pago,80.0,3157.0,118.0,
2010,lengua,Indígena,Mujeres,Todas,posicion,Empleada u obrera,24945.0,36296.0,1706.0,0.002382
2010,lengua,Indígena,Mujeres,Todas,posicion,Jornalera o peona,4.0,36296.0,1706.0,
2010,lengua,Indígena,Mujeres,Todas,posicion,Patrona,436.0,36296.0,1706.0,
2010,lengua,Indígena,Mujeres,Todas,posicion,Por cuenta propia,10306.0,36296.0,1706.0,0.001365
2010,lengua,Indígena,Mujeres,Todas,posicion,Sin pago,605.0,36296.0,1706.0,
2010,lengua,Indígena,Total,15-29,posicion,Empleada u obrera,22114.0,27067.0,1268.0,0.000509
2010,lengua,Indígena,Total,15-29,posicion,Jornalera o peona,448.0,27067.0,1268.0,7.1e-05
2010,lengua,Indígena,Total,15-29,posicion,Patrona,141.0,27067.0,1268.0,
2010,lengua,Indígena,Total,15-29,posicion,Por cuenta propia,4275.0,27067.0,1268.0,1.2e-05
2010,lengua,Indígena,Total,15-29,posicion,Sin pago,89.0,27067.0,1268.0,
2010,lengua,Indígena,Total,3-14,posicion,Empleada u obrera,233.0,271.0,18.0,
2010,lengua,Indígena,Total,3-14,posicion,Jornalera o peona,,271.0,18.0,
2010,lengua,Indígena,Total,3-14,posicion,Patrona,,271.0,18.0,
2010,lengua,Indígena,Total,3-14,posicion,Por cuenta propia,35.0,271.0,18.0,
2010,lengua,Indígena,Total,3-14,posicion,Sin pago,3.0,271.0,18.0,
2010,lengua,Indígena,Total,30-59,posicion,Empleada u obrera,37256.0,55067.0,2478.0,0.002426
2010,lengua,Indígena,Total,30-59,posicion,Jornalera o peona,647.0,55067.0,2478.0,3.8e-05
2010,lengua,Indígena,Total,30-59,posicion,Patrona,1826.0,55067.0,2478.0,0.0001
2010,lengua,Indígena,Total,30-59,posicion,Por cuenta propia,14739.0,55067.0,2478.0,0.001559
2010,lengua,Indígena,Total,30-59,posicion,Sin pago,599.0,55067.0,2478.0,
2010,lengua,Indígena,Total,60+,posicion,Empleada u obrera,3349.0,8067.0,324.0,0.000216
2010,lengua,Indígena,Total,60+,posicion,Jornalera o peona,62.0,8067.0,324.0,
2010,lengua,Indígena,Total,60+,posicion,Patrona,210.0,8067.0,324.0,
2010,lengua,Indígena,Total,60+,posicion,Por cuenta propia,4343.0,8067.0,324.0,0.002792
2010,lengua,Indígena,Total,60+,posicion,Sin pago,103.0,8067.0,324.0,
2010,lengua,Indígena,Total,Todas,posicion,Empleada u obrera,62952.0,90472.0,4088.0,0.001805
2010,lengua,Indígena,Total,Todas,posicion,Jornalera o peona,1157.0,90472.0,4088.0,8.4e-05
2010,lengua,Indígena,Total,Todas,posicion,Patrona,2177.0,90472.0,4088.0,6.6e-05
2010,lengua,Indígena,Total,Todas,posicion,Por cuenta propia,23392.0,90472.0,4088.0,0.001315
2010,lengua,Indígena,Total,Todas,posicion,Sin pago,794.0,90472.0,4088.0,
2010,lengua,Resto,Hombres,15-29,posicion,Empleada u obrera,452488.0,553355.0,22699.0,0.001015
2010,lengua,Resto,Hombres,15-29,posicion,Jornalera o peona,4225.0,553355.0,22699.0,8.5e-05
2010,lengua,Resto,Hombres,15-29,posicion,Patrona,7821.0,553355.0,22699.0,1.5e-05
2010,lengua,Resto,Hombres,15-29,posicion,Por cuenta propia,82744.0,553355.0,22699.0,0.000735
2010,lengua,Resto,Hombres,15-29,posicion,Sin pago,6077.0,553355.0,22699.0,0.000153
2010,lengua,Resto,Hombres,3-14,posicion,Empleada u obrera,4264.0,6008.0,271.0,0.004205
2010,lengua,Resto,Hombres,3-14,posicion,Jornalera o peona,73.0,6008.0,271.0,0.002557
2010,lengua,Resto,Hombres,3-14,posicion,Patrona,77.0,6008.0,271.0,
2010,lengua,Resto,Hombres,3-14,posicion,Por cuenta propia,737.0,6008.0,271.0,
2010,lengua,Resto,Hombres,3-14,posicion,Sin pago,857.0,6008.0,271.0,0.001142
2010,lengua,Resto,Hombres,30-59,posicion,Empleada u obrera,966450.0,1408517.0,56198.0,0.000677
2010,lengua,Resto,Hombres,30-59,posicion,Jornalera o peona,6455.0,1408517.0,56198.0,0.000197
2010,lengua,Resto,Hombres,30-59,posicion,Patrona,67402.0,1408517.0,56198.0,0.000244
2010,lengua,Resto,Hombres,30-59,posicion,Por cuenta propia,364232.0,1408517.0,56198.0,0.000641
2010,lengua,Resto,Hombres,30-59,posicion,Sin pago,3978.0,1408517.0,56198.0,1e-06
2010,lengua,Resto,Hombres,60+,posicion,Empleada u obrera,91992.0,198805.0,7550.0,0.000561
2010,lengua,Resto,Hombres,60+,posicion,Jornalera o peona,955.0,198805.0,7550.0,2e-06
2010,lengua,Resto,Hombres,60+,posicion,Patrona,14875.0,198805.0,7550.0,0.000516
2010,lengua,Resto,Hombres,60+,posicion,Por cuenta propia,88851.0,198805.0,7550.0,0.000602
2010,lengua,Resto,Hombres,60+,posicion,Sin pago,2132.0,198805.0,7550.0,1e-06
2010,lengua,Resto,Hombres,Todas,posicion,Empleada u obrera,1515194.0,2166685.0,86718.0,0.000645
2010,lengua,Resto,Hombres,Todas,posicion,Jornalera o peona,11708.0,2166685.0,86718.0,0.000182
2010,lengua,Resto,Hombres,Todas,posicion,Patrona,90175.0,2166685.0,86718.0,0.000156
2010,lengua,Resto,Hombres,Todas,posicion,Por cuenta propia,536564.0,2166685.0,86718.0,0.000608
2010,lengua,Resto,Hombres,Todas,posicion,Sin pago,13044.0,2166685.0,86718.0,6e-05
2010,lengua,Resto,Mujeres,15-29,posicion,Empleada u obrera,322805.0,387755.0,16231.0,0.001049
2010,lengua,Resto,Mujeres,15-29,posicion,Jornalera o peona,758.0,387755.0,16231.0,0.0
2010,lengua,Resto,Mujeres,15-29,posicion,Patrona,3687.0,387755.0,16231.0,6e-06
2010,lengua,Resto,Mujeres,15-29,posicion,Por cuenta propia,54743.0,387755.0,16231.0,0.000428
2010,lengua,Resto,Mujeres,15-29,posicion,Sin pago,5762.0,387755.0,16231.0,2.2e-05
2010,lengua,Resto,Mujeres,3-14,posicion,Empleada u obrera,1416.0,2411.0,112.0,
2010,lengua,Resto,Mujeres,3-14,posicion,Jornalera o peona,,2411.0,112.0,
2010,lengua,Resto,Mujeres,3-14,posicion,Patrona,9.0,2411.0,112.0,
2010,lengua,Resto,Mujeres,3-14,posicion,Por cuenta propia,355.0,2411.0,112.0,
2010,lengua,Resto,Mujeres,3-14,posicion,Sin pago,631.0,2411.0,112.0,
2010,lengua,Resto,Mujeres,30-59,posicion,Empleada u obrera,757912.0,1037770.0,41792.0,0.000542
2010,lengua,Resto,Mujeres,30-59,posicion,Jornalera o peona,1030.0,1037770.0,41792.0,2e-06
2010,lengua,Resto,Mujeres,30-59,posicion,Patrona,23248.0,1037770.0,41792.0,8.2e-05
2010,lengua,Resto,Mujeres,30-59,posicion,Por cuenta propia,246639.0,1037770.0,41792.0,0.000498
2010,lengua,Resto,Mujeres,30-59,posicion,Sin pago,8941.0,1037770.0,41792.0,6e-05
2010,lengua,Resto,Mujeres,60+,posicion,Empleada u obrera,51673.0,108969.0,4208.0,0.000276
2010,lengua,Resto,Mujeres,60+,posicion,Jornalera o peona,154.0,108969.0,4208.0,
2010,lengua,Resto,Mujeres,60+,posicion,Patrona,5087.0,108969.0,4208.0,
2010,lengua,Resto,Mujeres,60+,posicion,Por cuenta propia,48337.0,108969.0,4208.0,0.000738
2010,lengua,Resto,Mujeres,60+,posicion,Sin pago,3718.0,108969.0,4208.0,8e-06
2010,lengua,Resto,Mujeres,Todas,posicion,Empleada u obrera,1133806.0,1536905.0,62343.0,0.000556
2010,lengua,Resto,Mujeres,Todas,posicion,Jornalera o peona,1942.0,1536905.0,62343.0,1e-06
2010,lengua,Resto,Mujeres,Todas,posicion,Patrona,32031.0,1536905.0,62343.0,5.8e-05
2010,lengua,Resto,Mujeres,Todas,posicion,Por cuenta propia,350074.0,1536905.0,62343.0,0.000454
2010,lengua,Resto,Mujeres,Todas,posicion,Sin pago,19052.0,1536905.0,62343.0,6.5e-05
2010,lengua,Resto,Total,15-29,posicion,Empleada u obrera,775293.0,941110.0,38930.0,0.000853
2010,lengua,Resto,Total,15-29,posicion,Jornalera o peona,4983.0,941110.0,38930.0,7.1e-05
2010,lengua,Resto,Total,15-29,posicion,Patrona,11508.0,941110.0,38930.0,2.7e-05
2010,lengua,Resto,Total,15-29,posicion,Por cuenta propia,137487.0,941110.0,38930.0,0.00057
2010,lengua,Resto,Total,15-29,posicion,Sin pago,11839.0,941110.0,38930.0,0.00012
2010,lengua,Resto,Total,3-14,posicion,Empleada u obrera,5680.0,8419.0,383.0,0.004477
2010,lengua,Resto,Total,3-14,posicion,Jornalera o peona,73.0,8419.0,383.0,0.001828
2010,lengua,Resto,Total,3-14,posicion,Patrona,86.0,8419.0,383.0,
2010,lengua,Resto,Total,3-14,posicion,Por cuenta propia,1092.0,8419.0,383.0,0.000127
2010,lengua,Resto,Total,3-14,posicion,Sin pago,1488.0,8419.0,383.0,0.000898
2010,lengua,Resto,Total,30-59,posicion,Empleada u obrera,1724362.0,2446287.0,97990.0,0.000558
2010,lengua,Resto,Total,30-59,posicion,Jornalera o peona,7485.0,2446287.0,97990.0,0.000125
2010,lengua,Resto,Total,30-59,posicion,Patrona,90650.0,2446287.0,97990.0,0.000139
2010,lengua,Resto,Total,30-59,posicion,Por cuenta propia,610871.0,2446287.0,97990.0,0.000537
2010,lengua,Resto,Total,30-59,posicion,Sin pago,12919.0,2446287.0,97990.0,2.5e-05
2010,lengua,Resto,Total,60+,posicion,Empleada u obrera,143665.0,307774.0,11758.0,0.000501
2010,lengua,Resto,Total,60+,posicion,Jornalera o peona,1109.0,307774.0,11758.0,1e-06
2010,lengua,Resto,Total,60+,posicion,Patrona,19962.0,307774.0,11758.0,0.000307
2010,lengua,Resto,Total,60+,posicion,Por cuenta propia,137188.0,307774.0,11758.0,0.000581
2010,lengua,Resto,Total,60+,posicion,Sin pago,5850.0,307774.0,11758.0,2.6e-05
2010,lengua,Resto,Total,Todas,posicion,Empleada u obrera,2649000.0,3703590.0,149061.0,0.000543
2010,lengua,Resto,Total,Todas,posicion,Jornalera o peona,13650.0,3703590.0,149061.0,0.00012
2010,lengua,Resto,Total,Todas,posicion,Patrona,122206.0,3703590.0,149061.0,0.000104
2010,lengua,Resto,Total,Todas,posicion,Por cuenta propia,886638.0,3703590.0,149061.0,0.000512
2010,lengua,Resto,Total,Todas,posicion,Sin pago,32096.0,3703590.0,149061.0,6.5e-05
2010,lengua,Todos,Total,Todas,proporcion,15-29,40547.0,2194279.0,88969.0,
2010,lengua,Todos,Total,Todas,proporcion,3-14,4863.0,1545323.0,63929.0,
2010,lengua,Todos,Total,Todas,proporcion,30-59,74976.0,3548408.0,141437.0,
2010,lengua,Todos,Total,Todas,proporcion,60+,23874.0,1085623.0,41497.0,
2010,lengua,Indígena,Hombres,15-29,salud,Afiliada,6843.0,17778.0,812.0,0.002249
2010,lengua,Indígena,Hombres,3-14,salud,Afiliada,1054.0,2162.0,120.0,0.000474
2010,lengua,Indígena,Hombres,30-59,salud,Afiliada,18367.0,37388.0,1614.0,0.003303
2010,lengua,Indígena,Hombres,60+,salud,Afiliada,9120.0,11875.0,401.0,0.003571
2010,lengua,Indígena,Hombres,Todas,salud,Afiliada,35384.0,69203.0,2947.0,0.002352
2010,lengua,Indígena,Mujeres,15-29,salud,Afiliada,8955.0,22535.0,1007.0,0.00177
2010,lengua,Indígena,Mujeres,3-14,salud,Afiliada,1258.0,2700.0,133.0,
2010,lengua,Indígena,Mujeres,30-59,salud,Afiliada,18728.0,37067.0,1750.0,0.001983
2010,lengua,Indígena,Mujeres,60+,salud,Afiliada,8183.0,11830.0,465.0,0.002268
2010,lengua,Indígena,Mujeres,Todas,salud,Afiliada,37124.0,74132.0,3355.0,0.001888
2010,lengua,Indígena,Total,15-29,salud,Afiliada,15798.0,40313.0,1819.0,0.001865
2010,lengua,Indígena,Total,3-14,salud,Afiliada,2312.0,4862.0,253.0,0.000216
2010,lengua,Indígena,Total,30-59,salud,Afiliada,37095.0,74455.0,3364.0,0.002429
2010,lengua,Indígena,Total,60+,salud,Afiliada,17303.0,23705.0,866.0,0.00332
2010,lengua,Indígena,Total,Todas,salud,Afiliada,72508.0,143335.0,6302.0,0.001937
2010,lengua,Resto,Hombres,15-29,salud,Afiliada,630001.0,1049322.0,42423.0,0.001276
2010,lengua,Resto,Hombres,3-14,salud,Afiliada,514835.0,776416.0,32028.0,0.001621
2010,lengua,Resto,Hombres,30-59,salud,Afiliada,1047019.0,1604199.0,63822.0,0.001035
2010,lengua,Resto,Hombres,60+,salud,Afiliada,353777.0,444664.0,17030.0,0.000662
2010,lengua,Resto,Hombres,Todas,salud,Afiliada,2545632.0,3874601.0,155303.0,0.001095
2010,lengua,Resto,Mujeres,15-29,salud,Afiliada,684684.0,1094037.0,44276.0,0.001256
2010,lengua,Resto,Mujeres,3-14,salud,Afiliada,498126.0,753773.0,31267.0,0.00162
2010,lengua,Resto,Mujeres,30-59,salud,Afiliada,1295209.0,1854948.0,73683.0,0.000826
2010,lengua,Resto,Mujeres,60+,salud,Afiliada,496758.0,613211.0,23467.0,0.000542
2010,lengua,Resto,Mujeres,Todas,salud,Afiliada,2974777.0,4315969.0,172693.0,0.000995
2010,lengua,Resto,Total,15-29,salud,Afiliada,1314685.0,2143359.0,86699.0,0.001201
2010,lengua,Resto,Total,3-14,salud,Afiliada,1012961.0,1530189.0,63295.0,0.001585
2010,lengua,Resto,Total,30-59,salud,Afiliada,2342228.0,3459147.0,137505.0,0.000908
2010,lengua,Resto,Total,60+,salud,Afiliada,850535.0,1057875.0,40497.0,0.000514
2010,lengua,Resto,Total,Todas,salud,Afiliada,5520409.0,8190570.0,327996.0,0.00103
2010,todos,Todos,Hombres,15-29,actividad,Desocupada,51786.0,1074499.0,43509.0,0.000155
2010,todos,Todos,Hombres,15-29,actividad,No económicamente activa,434498.0,1074499.0,43509.0,0.000486
2010,todos,Todos,Hombres,15-29,actividad,Ocupada,588215.0,1074499.0,43509.0,0.000506
2010,todos,Todos,Hombres,3-14,actividad,Desocupada,311.0,199044.0,8108.0,
2010,todos,Todos,Hombres,3-14,actividad,No económicamente activa,192163.0,199044.0,8108.0,0.000699
2010,todos,Todos,Hombres,3-14,actividad,Ocupada,6570.0,199044.0,8108.0,0.00039
2010,todos,Todos,Hombres,30-59,actividad,Desocupada,67910.0,1647720.0,65641.0,0.0001
2010,todos,Todos,Hombres,30-59,actividad,No económicamente activa,96927.0,1647720.0,65641.0,0.00014
2010,todos,Todos,Hombres,30-59,actividad,Ocupada,1482883.0,1647720.0,65641.0,0.000277
2010,todos,Todos,Hombres,60+,actividad,Desocupada,7215.0,455902.0,17340.0,8e-06
2010,todos,Todos,Hombres,60+,actividad,No económicamente activa,238954.0,455902.0,17340.0,0.000717
2010,todos,Todos,Hombres,60+,actividad,Ocupada,209733.0,455902.0,17340.0,0.000602
2010,todos,Todos,Hombres,Todas,actividad,Desocupada,127222.0,3377165.0,134598.0,8.4e-05
2010,todos,Todos,Hombres,Todas,actividad,No económicamente activa,962542.0,3377165.0,134598.0,0.000313
2010,todos,Todos,Hombres,Todas,actividad,Ocupada,2287401.0,3377165.0,134598.0,0.000338
2010,todos,Todos,Mujeres,15-29,actividad,Desocupada,31454.0,1123554.0,45538.0,7.9e-05
2010,todos,Todos,Mujeres,15-29,actividad,No económicamente activa,678773.0,1123554.0,45538.0,0.000603
2010,todos,Todos,Mujeres,15-29,actividad,Ocupada,413327.0,1123554.0,45538.0,0.000728
2010,todos,Todos,Mujeres,3-14,actividad,Desocupada,388.0,186237.0,7896.0,
2010,todos,Todos,Mujeres,3-14,actividad,No económicamente activa,182979.0,186237.0,7896.0,0.000333
2010,todos,Todos,Mujeres,3-14,actividad,Ocupada,2870.0,186237.0,7896.0,0.000108
2010,todos,Todos,Mujeres,30-59,actividad,Desocupada,27348.0,1902994.0,75734.0,3.2e-05
2010,todos,Todos,Mujeres,30-59,actividad,No económicamente activa,781202.0,1902994.0,75734.0,0.000419
2010,todos,Todos,Mujeres,30-59,actividad,Ocupada,1094444.0,1902994.0,75734.0,0.00059
2010,todos,Todos,Mujeres,60+,actividad,Desocupada,1640.0,624164.0,23871.0,
2010,todos,Todos,Mujeres,60+,actividad,No económicamente activa,505732.0,624164.0,23871.0,0.000409
2010,todos,Todos,Mujeres,60+,actividad,Ocupada,116792.0,624164.0,23871.0,0.000222
2010,todos,Todos,Mujeres,Todas,actividad,Desocupada,60830.0,3836949.0,153039.0,3.6e-05
2010,todos,Todos,Mujeres,Todas,actividad,No económicamente activa,2148686.0,3836949.0,153039.0,0.000357
2010,todos,Todos,Mujeres,Todas,actividad,Ocupada,1627433.0,3836949.0,153039.0,0.000421
2010,todos,Todos,Total,15-29,actividad,Desocupada,83240.0,2198053.0,89047.0,0.000118
2010,todos,Todos,Total,15-29,actividad,No económicamente activa,1113271.0,2198053.0,89047.0,0.000392
2010,todos,Todos,Total,15-29,actividad,Ocupada,1001542.0,2198053.0,89047.0,0.00045
2010,todos,Todos,Total,3-14,actividad,Desocupada,699.0,385281.0,16004.0,
2010,todos,Todos,Total,3-14,actividad,No económicamente activa,375142.0,385281.0,16004.0,0.000461
2010,todos,Todos,Total,3-14,actividad,Ocupada,9440.0,385281.0,16004.0,0.000293
2010,todos,Todos,Total,30-59,actividad,Desocupada,95258.0,3550714.0,141375.0,7.2e-05
2010,todos,Todos,Total,30-59,actividad,No económicamente activa,878129.0,3550714.0,141375.0,0.000229
2010,todos,Todos,Total,30-59,actividad,Ocupada,2577327.0,3550714.0,141375.0,0.000371
2010,todos,Todos,Total,60+,actividad,Desocupada,8855.0,1080066.0,41211.0,3e-06
2010,todos,Todos,Total,60+,actividad,No económicamente activa,744686.0,1080066.0,41211.0,0.000441
2010,todos,Todos,Total,60+,actividad,Ocupada,326525.0,1080066.0,41211.0,0.000366
2010,todos,Todos,Total,Todas,actividad,Desocupada,188052.0,7214114.0,287637.0,6e-05
2010,todos,Todos,Total,Todas,actividad,No económicamente activa,3111228.0,7214114.0,287637.0,0.000226
2010,todos,Todos,Total,Todas,actividad,Ocupada,3914834.0,7214114.0,287637.0,0.000275
2010,todos,Todos,Hombres,15-29,domestico,Trabajo doméstico remunerado,1111.0,588215.0,24160.0,3e-06
2010,todos,Todos,Hombres,3-14,domestico,Trabajo doméstico remunerado,1.0,6570.0,294.0,
2010,todos,Todos,Hombres,30-59,domestico,Trabajo doméstico remunerado,2643.0,1482883.0,59102.0,0.0
2010,todos,Todos,Hombres,60+,domestico,Trabajo doméstico remunerado,628.0,209733.0,7965.0,
2010,todos,Todos,Hombres,Todas,domestico,Trabajo doméstico remunerado,4383.0,2287401.0,91521.0,1.1e-05
2010,todos,Todos,Mujeres,15-29,domestico,Trabajo doméstico remunerado,27883.0,413327.0,17345.0,0.000528
2010,todos,Todos,Mujeres,3-14,domestico,Trabajo doméstico remunerado,82.0,2870.0,137.0,
2010,todos,Todos,Mujeres,30-59,domestico,Trabajo doméstico remunerado,78614.0,1094444.0,44072.0,0.000441
2010,todos,Todos,Mujeres,60+,domestico,Trabajo doméstico remunerado,12377.0,116792.0,4451.0,0.000166
2010,todos,Todos,Mujeres,Todas,domestico,Trabajo doméstico remunerado,118956.0,1627433.0,66005.0,0.00042
2010,todos,Todos,Total,15-29,domestico,Trabajo doméstico remunerado,28994.0,1001542.0,41505.0,0.000235
2010,todos,Todos,Total,3-14,domestico,Trabajo doméstico remunerado,83.0,9440.0,431.0,
2010,todos,Todos,Total,30-59,domestico,Trabajo doméstico remunerado,81257.0,2577327.0,103174.0,0.00019
2010,todos,Todos,Total,60+,domestico,Trabajo doméstico remunerado,13005.0,326525.0,12416.0,5.8e-05
2010,todos,Todos,Total,Todas,domestico,Trabajo doméstico remunerado,123339.0,3914834.0,157526.0,0.000183
2010,todos,Todos,Hombres,15-29,escolaridad,Media superior,377169.0,1072035.0,43464.0,0.000494
2010,todos,Todos,Hombres,15-29,escolaridad,Primaria o menos,71360.0,1072035.0,43464.0,0.000388
2010,todos,Todos,Hombres,15-29,escolaridad,Secundaria,336969.0,1072035.0,43464.0,0.000625
2010,todos,Todos,Hombres,15-29,escolaridad,Superior,286537.0,1072035.0,43464.0,0.000668
2010,todos,Todos,Hombres,30-59,escolaridad,Media superior,382879.0,1648257.0,65681.0,0.000309
2010,todos,Todos,Hombres,30-59,escolaridad,Primaria o menos,258428.0,1648257.0,65681.0,0.000649
2010,todos,Todos,Hombres,30-59,escolaridad,Secundaria,419426.0,1648257.0,65681.0,0.000511
2010,todos,Todos,Hombres,30-59,escolaridad,Superior,587524.0,1648257.0,65681.0,0.000932
2010,todos,Todos,Hombres,60+,escolaridad,Media superior,47124.0,458686.0,17479.0,0.000111
2010,todos,Todos,Hombres,60+,escolaridad,Primaria o menos,215742.0,458686.0,17479.0,0.00059
2010,todos,Todos,Hombres,60+,escolaridad,Secundaria,77524.0,458686.0,17479.0,0.000242
2010,todos,Todos,Hombres,60+,escolaridad,Superior,118296.0,458686.0,17479.0,0.000352
2010,todos,Todos,Hombres,Todas,escolaridad,Media superior,807172.0,3178978.0,126624.0,0.000233
2010,todos,Todos,Hombres,Todas,escolaridad,Primaria o menos,545530.0,3178978.0,126624.0,0.000445
2010,todos,Todos,Hombres,Todas,escolaridad,Secundaria,833919.0,3178978.0,126624.0,0.000438
2010,todos,Todos,Hombres,Todas,escolaridad,Superior,992357.0,3178978.0,126624.0,0.000715
2010,todos,Todos,Mujeres,15-29,escolaridad,Media superior,405221.0,1121833.0,45468.0,0.000518
2010,todos,Todos,Mujeres,15-29,escolaridad,Primaria o menos,68082.0,1121833.0,45468.0,0.000324
2010,todos,Todos,Mujeres,15-29,escolaridad,Secundaria,317501.0,1121833.0,45468.0,0.00065
2010,todos,Todos,Mujeres,15-29,escolaridad,Superior,331029.0,1121833.0,45468.0,0.000663
2010,todos,Todos,Mujeres,30-59,escolaridad,Media superior,459972.0,1902614.0,75792.0,0.000285
2010,todos,Todos,Mujeres,30-59,escolaridad,Primaria o menos,405332.0,1902614.0,75792.0,0.000589
2010,todos,Todos,Mujeres,30-59,escolaridad,Secundaria,469117.0,1902614.0,75792.0,0.0004
2010,todos,Todos,Mujeres,30-59,escolaridad,Superior,568193.0,1902614.0,75792.0,0.000634
2010,todos,Todos,Mujeres,60+,escolaridad,Media superior,82957.0,627072.0,23994.0,0.000127
2010,todos,Todos,Mujeres,60+,escolaridad,Primaria o menos,371330.0,627072.0,23994.0,0.000557
2010,todos,Todos,Mujeres,60+,escolaridad,Secundaria,95186.0,627072.0,23994.0,0.000175
2010,todos,Todos,Mujeres,60+,escolaridad,Superior,77599.0,627072.0,23994.0,0.000194
2010,todos,Todos,Mujeres,Todas,escolaridad,Media superior,948150.0,3651519.0,145254.0,0.000236
2010,todos,Todos,Mujeres,Todas,escolaridad,Primaria o menos,844744.0,3651519.0,145254.0,0.00031
2010,todos,Todos,Mujeres,Todas,escolaridad,Secundaria,881804.0,3651519.0,145254.0,0.000359
2010,todos,Todos,Mujeres,Todas,escolaridad,Superior,976821.0,3651519.0,145254.0,0.000562
2010,todos,Todos,Total,15-29,escolaridad,Media superior,782390.0,2193868.0,88932.0,0.000443
2010,todos,Todos,Total,15-29,escolaridad,Primaria o menos,139442.0,2193868.0,88932.0,0.000326
2010,todos,Todos,Total,15-29,escolaridad,Secundaria,654470.0,2193868.0,88932.0,0.000578
2010,todos,Todos,Total,15-29,escolaridad,Superior,617566.0,2193868.0,88932.0,0.000645
2010,todos,Todos,Total,30-59,escolaridad,Media superior,842851.0,3550871.0,141473.0,0.000261
2010,todos,Todos,Total,30-59,escolaridad,Primaria o menos,663760.0,3550871.0,141473.0,0.000609
2010,todos,Todos,Total,30-59,escolaridad,Secundaria,888543.0,3550871.0,141473.0,0.000437
2010,todos,Todos,Total,30-59,escolaridad,Superior,1155717.0,3550871.0,141473.0,0.000809
2010,todos,Todos,Total,60+,escolaridad,Media superior,130081.0,1085758.0,41473.0,0.000155
2010,todos,Todos,Total,60+,escolaridad,Primaria o menos,587072.0,1085758.0,41473.0,0.000578
2010,todos,Todos,Total,60+,escolaridad,Secundaria,172710.0,1085758.0,41473.0,0.000169
2010,todos,Todos,Total,60+,escolaridad,Superior,195895.0,1085758.0,41473.0,0.000275
2010,todos,Todos,Total,Todas,escolaridad,Media superior,1755322.0,6830497.0,271878.0,0.000209
2010,todos,Todos,Total,Todas,escolaridad,Primaria o menos,1390274.0,6830497.0,271878.0,0.000368
2010,todos,Todos,Total,Todas,escolaridad,Secundaria,1715723.0,6830497.0,271878.0,0.000387
2010,todos,Todos,Total,Todas,escolaridad,Superior,1969178.0,6830497.0,271878.0,0.000629
2010,todos,Todos,Hombres,15-29,monolingue,No habla español,122.0,15849.0,730.0,
2010,todos,Todos,Hombres,3-14,monolingue,No habla español,1.0,1766.0,104.0,
2010,todos,Todos,Hombres,30-59,monolingue,No habla español,78.0,33473.0,1431.0,
2010,todos,Todos,Hombres,60+,monolingue,No habla español,131.0,10721.0,356.0,
2010,todos,Todos,Hombres,Todas,monolingue,No habla español,332.0,61809.0,2621.0,
2010,todos,Todos,Mujeres,15-29,monolingue,No habla español,63.0,19793.0,888.0,
2010,todos,Todos,Mujeres,3-14,monolingue,No habla español,63.0,2092.0,107.0,
2010,todos,Todos,Mujeres,30-59,monolingue,No habla español,227.0,31781.0,1530.0,
2010,todos,Todos,Mujeres,60+,monolingue,No habla español,278.0,10223.0,385.0,
2010,todos,Todos,Mujeres,Todas,monolingue,No habla español,631.0,63889.0,2910.0,
2010,todos,Todos,Total,15-29,monolingue,No habla español,185.0,35642.0,1618.0,
2010,todos,Todos,Total,3-14,monolingue,No habla español,64.0,3858.0,211.0,
2010,todos,Todos,Total,30-59,monolingue,No habla español,305.0,65254.0,2961.0,
2010,todos,Todos,Total,60+,monolingue,No habla español,409.0,20944.0,741.0,
2010,todos,Todos,Total,Todas,monolingue,No habla español,963.0,125698.0,5531.0,0.0
2010,todos,Todos,Hombres,15-29,posicion,Empleada u obrera,467161.0,571104.0,23483.0,0.000988
2010,todos,Todos,Hombres,15-29,posicion,Jornalera o peona,4761.0,571104.0,23483.0,8.3e-05
2010,todos,Todos,Hombres,15-29,posicion,Patrona,8016.0,571104.0,23483.0,1.4e-05
2010,todos,Todos,Hombres,15-29,posicion,Por cuenta propia,85079.0,571104.0,23483.0,0.000718
2010,todos,Todos,Hombres,15-29,posicion,Sin pago,6087.0,571104.0,23483.0,0.000149
2010,todos,Todos,Hombres,3-14,posicion,Empleada u obrera,4373.0,6128.0,281.0,0.004127
2010,todos,Todos,Hombres,3-14,posicion,Jornalera o peona,73.0,6128.0,281.0,0.002506
2010,todos,Todos,Hombres,3-14,posicion,Patrona,77.0,6128.0,281.0,
2010,todos,Todos,Hombres,3-14,posicion,Por cuenta propia,746.0,6128.0,281.0,
2010,todos,Todos,Hombres,3-14,posicion,Sin pago,859.0,6128.0,281.0,0.001122
2010,todos,Todos,Hombres,30-59,posicion,Empleada u obrera,992479.0,1446622.0,57796.0,0.000692
2010,todos,Todos,Hombres,30-59,posicion,Jornalera o peona,7120.0,1446622.0,57796.0,0.000208
2010,todos,Todos,Hombres,30-59,posicion,Patrona,69198.0,1446622.0,57796.0,0.000239
2010,todos,Todos,Hombres,30-59,posicion,Por cuenta propia,373686.0,1446622.0,57796.0,0.000656
2010,todos,Todos,Hombres,30-59,posicion,Sin pago,4139.0,1446622.0,57796.0,1e-06
2010,todos,Todos,Hombres,60+,posicion,Empleada u obrera,94357.0,204184.0,7767.0,0.000641
2010,todos,Todos,Hombres,60+,posicion,Jornalera o peona,1028.0,204184.0,7767.0,2e-06
2010,todos,Todos,Hombres,60+,posicion,Patrona,15064.0,204184.0,7767.0,0.000504
2010,todos,Todos,Hombres,60+,posicion,Por cuenta propia,91580.0,204184.0,7767.0,0.000703
2010,todos,Todos,Hombres,60+,posicion,Sin pago,2155.0,204184.0,7767.0,1e-06
2010,todos,Todos,Hombres,Todas,posicion,Empleada u obrera,1558370.0,2228038.0,89327.0,0.00066
2010,todos,Todos,Hombres,Todas,posicion,Jornalera o peona,12982.0,2228038.0,89327.0,0.000189
2010,todos,Todos,Hombres,Todas,posicion,Patrona,92355.0,2228038.0,89327.0,0.000153
2010,todos,Todos,Hombres,Todas,posicion,Por cuenta propia,551091.0,2228038.0,89327.0,0.000624
2010,todos,Todos,Hombres,Todas,posicion,Sin pago,13240.0,2228038.0,89327.0,5.9e-05
2010,todos,Todos,Mujeres,15-29,posicion,Empleada u obrera,333720.0,401149.0,16843.0,0.001025
2010,todos,Todos,Mujeres,15-29,posicion,Jornalera o peona,758.0,401149.0,16843.0,0.0
2010,todos,Todos,Mujeres,15-29,posicion,Patrona,3707.0,401149.0,16843.0,6e-06
2010,todos,Todos,Mujeres,15-29,posicion,Por cuenta propia,57116.0,401149.0,16843.0,0.000421
2010,todos,Todos,Mujeres,15-29,posicion,Sin pago,5848.0,401149.0,16843.0,2.1e-05
2010,todos,Todos,Mujeres,3-14,posicion,Empleada u obrera,1540.0,2592.0,121.0,
2010,todos,Todos,Mujeres,3-14,posicion,Jornalera o peona,,2592.0,121.0,
2010,todos,Todos,Mujeres,3-14,posicion,Patrona,9.0,2592.0,121.0,
2010,todos,Todos,Mujeres,3-14,posicion,Por cuenta propia,411.0,2592.0,121.0,
2010,todos,Todos,Mujeres,3-14,posicion,Sin pago,632.0,2592.0,121.0,
2010,todos,Todos,Mujeres,30-59,posicion,Empleada u obrera,774382.0,1062768.0,42927.0,0.000551
2010,todos,Todos,Mujeres,30-59,posicion,Jornalera o peona,1034.0,1062768.0,42927.0,2e-06
2010,todos,Todos,Mujeres,30-59,posicion,Patrona,24100.0,1062768.0,42927.0,8.1e-05
2010,todos,Todos,Mujeres,30-59,posicion,Por cuenta propia,253868.0,1062768.0,42927.0,0.00052
2010,todos,Todos,Mujeres,30-59,posicion,Sin pago,9384.0,1062768.0,42927.0,5.8e-05
2010,todos,Todos,Mujeres,60+,posicion,Empleada u obrera,52942.0,112197.0,4329.0,0.000274
2010,todos,Todos,Mujeres,60+,posicion,Jornalera o peona,154.0,112197.0,4329.0,
2010,todos,Todos,Mujeres,60+,posicion,Patrona,5108.0,112197.0,4329.0,
2010,todos,Todos,Mujeres,60+,posicion,Por cuenta propia,50195.0,112197.0,4329.0,0.000757
2010,todos,Todos,Mujeres,60+,posicion,Sin pago,3798.0,112197.0,4329.0,7e-06
2010,todos,Todos,Mujeres,Todas,posicion,Empleada u obrera,1162584.0,1578706.0,64220.0,0.000556
2010,todos,Todos,Mujeres,Todas,posicion,Jornalera o peona,1946.0,1578706.0,64220.0,1e-06
2010,todos,Todos,Mujeres,Todas,posicion,Patrona,32924.0,1578706.0,64220.0,5.7e-05
2010,todos,Todos,Mujeres,Todas,posicion,Por cuenta propia,361590.0,1578706.0,64220.0,0.000463
2010,todos,Todos,Mujeres,Todas,posicion,Sin pago,19662.0,1578706.0,64220.0,6.2e-05
2010,todos,Todos,Total,15-29,posicion,Empleada u obrera,800881.0,972253.0,40326.0,0.000832
2010,todos,Todos,Total,15-29,posicion,Jornalera o peona,5519.0,972253.0,40326.0,6.9e-05
2010,todos,Todos,Total,15-29,posicion,Patrona,11723.0,972253.0,40326.0,2.6e-05
2010,todos,Todos,Total,15-29,posicion,Por cuenta propia,142195.0,972253.0,40326.0,0.000556
2010,todos,Todos,Total,15-29,posicion,Sin pago,11935.0,972253.0,40326.0,0.000116
2010,todos,Todos,Total,3-14,posicion,Empleada u obrera,5913.0,8720.0,402.0,0.004322
2010,todos,Todos,Total,3-14,posicion,Jornalera o peona,73.0,8720.0,402.0,0.001763
2010,todos,Todos,Total,3-14,posicion,Patrona,86.0,8720.0,402.0,
2010,todos,Todos,Total,3-14,posicion,Por cuenta propia,1157.0,8720.0,402.0,0.000125
2010,todos,Todos,Total,3-14,posicion,Sin pago,1491.0,8720.0,402.0,0.000865
2010,todos,Todos,Total,30-59,posicion,Empleada u obrera,1766861.0,2509390.0,100723.0,0.000565
2010,todos,Todos,Total,30-59,posicion,Jornalera o peona,8154.0,2509390.0,100723.0,0.000131
2010,todos,Todos,Total,30-59,posicion,Patrona,93298.0,2509390.0,100723.0,0.000137
2010,todos,Todos,Total,30-59,posicion,Por cuenta propia,627554.0,2509390.0,100723.0,0.000541
2010,todos,Todos,Total,30-59,posicion,Sin pago,13523.0,2509390.0,100723.0,2.4e-05
2010,todos,Todos,Total,60+,posicion,Empleada u obrera,147299.0,316381.0,12096.0,0.000527
2010,todos,Todos,Total,60+,posicion,Jornalera o peona,1182.0,316381.0,12096.0,1e-06
2010,todos,Todos,Total,60+,posicion,Patrona,20172.0,316381.0,12096.0,0.000301
2010,todos,Todos,Total,60+,posicion,Por cuenta propia,141775.0,316381.0,12096.0,0.000643
2010,todos,Todos,Total,60+,posicion,Sin pago,5953.0,316381.0,12096.0,2.5e-05
2010,todos,Todos,Total,Todas,posicion,Empleada u obrera,2720954.0,3806744.0,153547.0,0.000548
2010,todos,Todos,Total,Todas,posicion,Jornalera o peona,14928.0,3806744.0,153547.0,0.000123
2010,todos,Todos,Total,Todas,posicion,Patrona,125279.0,3806744.0,153547.0,0.000102
2010,todos,Todos,Total,Todas,posicion,Por cuenta propia,912681.0,3806744.0,153547.0,0.000516
2010,todos,Todos,Total,Todas,posicion,Sin pago,32902.0,3806744.0,153547.0,6.3e-05
2010,todos,Todos,Hombres,15-29,salud,Afiliada,639869.0,1072263.0,43401.0,0.001263
2010,todos,Todos,Hombres,3-14,salud,Afiliada,520428.0,785456.0,32415.0,0.001609
2010,todos,Todos,Hombres,30-59,salud,Afiliada,1069261.0,1646821.0,65596.0,0.001052
2010,todos,Todos,Hombres,60+,salud,Afiliada,364303.0,458166.0,17476.0,0.000697
2010,todos,Todos,Hombres,Todas,salud,Afiliada,2713699.0,4139960.0,166387.0,0.001122
2010,todos,Todos,Mujeres,15-29,salud,Afiliada,697041.0,1121699.0,45453.0,0.001241
2010,todos,Todos,Mujeres,3-14,salud,Afiliada,504944.0,764161.0,31669.0,0.001599
2010,todos,Todos,Mujeres,30-59,salud,Afiliada,1319304.0,1899837.0,75667.0,0.000825
2010,todos,Todos,Mujeres,60+,salud,Afiliada,506870.0,627240.0,23995.0,0.000661
2010,todos,Todos,Mujeres,Todas,salud,Afiliada,3139897.0,4582607.0,184047.0,0.001021
2010,todos,Todos,Total,15-29,salud,Afiliada,1336910.0,2193962.0,88854.0,0.001186
2010,todos,Todos,Total,3-14,salud,Afiliada,1025372.0,1549617.0,64084.0,0.001567
2010,todos,Todos,Total,30-59,salud,Afiliada,2388565.0,3546658.0,141263.0,0.000917
2010,todos,Todos,Total,60+,salud,Afiliada,871173.0,1085406.0,41471.0,0.00061
2010,todos,Todos,Total,Todas,salud,Afiliada,5853596.0,8722567.0,350434.0,0.00106
2015,autoads,Indígena,Hombres,15-29,actividad,Desocupada,2967.0,84143.0,6127.0,0.001743
2015,autoads,Indígena,Hombres,15-29,actividad,No económicamente activa,26507.0,84143.0,6127.0,0.006872
2015,autoads,Indígena,Hombres,15-29,actividad,Ocupada,54669.0,84143.0,6127.0,0.007952
2015,autoads,Indígena,Hombres,3-14,actividad,Desocupada,10.0,12593.0,912.0,
2015,autoads,Indígena,Hombres,3-14,actividad,No económicamente activa,12111.0,12593.0,912.0,0.004649
2015,autoads,Indígena,Hombres,3-14,actividad,Ocupada,472.0,12593.0,912.0,0.003914
2015,autoads,Indígena,Hombres,30-59,actividad,Desocupada,5569.0,168761.0,11563.0,0.001622
2015,autoads,Indígena,Hombres,30-59,actividad,No económicamente activa,10885.0,168761.0,11563.0,0.001888
2015,autoads,Indígena,Hombres,30-59,actividad,Ocupada,152307.0,168761.0,11563.0,0.003676
2015,autoads,Indígena,Hombres,60+,actividad,Desocupada,1099.0,60087.0,3781.0,0.00095
2015,autoads,Indígena,Hombres,60+,actividad,No económicamente activa,33191.0,60087.0,3781.0,0.00761
2015,autoads,Indígena,Hombres,60+,actividad,Ocupada,25797.0,60087.0,3781.0,0.007702
2015,autoads,Indígena,Hombres,Todas,actividad,Desocupada,9645.0,325584.0,22383.0,0.001086
2015,autoads,Indígena,Hombres,Todas,actividad,No económicamente activa,82694.0,325584.0,22383.0,0.00347
2015,autoads,Indígena,Hombres,Todas,actividad,Ocupada,233245.0,325584.0,22383.0,0.004292
2015,autoads,Indígena,Mujeres,15-29,actividad,Desocupada,2027.0,86049.0,6240.0,0.001533
2015,autoads,Indígena,Mujeres,15-29,actividad,No económicamente activa,48388.0,86049.0,6240.0,0.007275
2015,autoads,Indígena,Mujeres,15-29,actividad,Ocupada,35634.0,86049.0,6240.0,0.007812
2015,autoads,Indígena,Mujeres,3-14,actividad,Desocupada,69.0,12480.0,937.0,
2015,autoads,Indígena,Mujeres,3-14,actividad,No económicamente activa,12161.0,12480.0,937.0,0.006484
2015,autoads,Indígena,Mujeres,3-14,actividad,Ocupada,250.0,12480.0,937.0,0.00058
2015,autoads,Indígena,Mujeres,30-59,actividad,Desocupada,1924.0,185047.0,12564.0,0.000692
2015,autoads,Indígena,Mujeres,30-59,actividad,No económicamente activa,72963.0,185047.0,12564.0,0.005303
2015,autoads,Indígena,Mujeres,30-59,actividad,Ocupada,110160.0,185047.0,12564.0,0.005611
2015,autoads,Indígena,Mujeres,60+,actividad,Desocupada,122.0,77458.0,4654.0,
2015,autoads,Indígena,Mujeres,60+,actividad,No económicamente activa,59839.0,77458.0,4654.0,0.006825
2015,autoads,Indígena,Mujeres,60+,actividad,Ocupada,17497.0,77458.0,4654.0,0.006045
2015,autoads,Indígena,Mujeres,Todas,actividad,Desocupada,4142.0,361034.0,24395.0,0.000548
2015,autoads,Indígena,Mujeres,Todas,actividad,No económicamente activa,193351.0,361034.0,24395.0,0.004611
2015,autoads,Indígena,Mujeres,Todas,actividad,Ocupada,163541.0,361034.0,24395.0,0.004678
2015,autoads,Indígena,Total,15-29,actividad,Desocupada,4994.0,170192.0,12367.0,0.001211
2015,autoads,Indígena,Total,15-29,actividad,No económicamente activa,74895.0,170192.0,12367.0,0.00574
2015,autoads,Indígena,Total,15-29,actividad,Ocupada,90303.0,170192.0,12367.0,0.006399
2015,autoads,Indígena,Total,3-14,actividad,Desocupada,79.0,25073.0,1849.0,
2015,autoads,Indígena,Total,3-14,actividad,No económicamente activa,24272.0,25073.0,1849.0,0.004388
2015,autoads,Indígena,Total,3-14,actividad,Ocupada,722.0,25073.0,1849.0,0.002367
2015,autoads,Indígena,Total,30-59,actividad,Desocupada,7493.0,353808.0,24127.0,0.000934
2015,autoads,Indígena,Total,30-59,actividad,No económicamente activa,83848.0,353808.0,24127.0,0.003117
2015,autoads,Indígena,Total,30-59,actividad,Ocupada,262467.0,353808.0,24127.0,0.003657
2015,autoads,Indígena,Total,60+,actividad,Desocupada,1221.0,137545.0,8435.0,0.000422
2015,autoads,Indígena,Total,60+,actividad,No económicamente activa,93030.0,137545.0,8435.0,0.006314
2015,autoads,Indígena,Total,60+,actividad,Ocupada,43294.0,137545.0,8435.0,0.005775
2015,autoads,Indígena,Total,Todas,actividad,Desocupada,13787.0,686618.0,46778.0,0.000619
2015,autoads,Indígena,Total,Todas,actividad,No económicamente activa,276045.0,686618.0,46778.0,0.003328
2015,autoads,Indígena,Total,Todas,actividad,Ocupada,396786.0,686618.0,46778.0,0.0035
2015,autoads,Resto,Hombres,15-29,actividad,Desocupada,41756.0,921972.0,57671.0,0.001021
2015,autoads,Resto,Hombres,15-29,actividad,No económicamente activa,405854.0,921972.0,57671.0,0.003367
2015,autoads,Resto,Hombres,15-29,actividad,Ocupada,474362.0,921972.0,57671.0,0.003385
2015,autoads,Resto,Hombres,3-14,actividad,Desocupada,529.0,171122.0,10908.0,0.000225
2015,autoads,Resto,Hombres,3-14,actividad,No económicamente activa,167963.0,171122.0,10908.0,0.001523
2015,autoads,Resto,Hombres,3-14,actividad,Ocupada,2630.0,171122.0,10908.0,0.000843
2015,autoads,Resto,Hombres,30-59,actividad,Desocupada,50842.0,1490808.0,90806.0,0.000757
2015,autoads,Resto,Hombres,30-59,actividad,No económicamente activa,94454.0,1490808.0,90806.0,0.001043
2015,autoads,Resto,Hombres,30-59,actividad,Ocupada,1345512.0,1490808.0,90806.0,0.001537
2015,autoads,Resto,Hombres,60+,actividad,Desocupada,5678.0,453337.0,25874.0,0.000497
2015,autoads,Resto,Hombres,60+,actividad,No económicamente activa,252996.0,453337.0,25874.0,0.0043
2015,autoads,Resto,Hombres,60+,actividad,Ocupada,194663.0,453337.0,25874.0,0.004262
2015,autoads,Resto,Hombres,Todas,actividad,Desocupada,98805.0,3037239.0,185259.0,0.000602
2015,autoads,Resto,Hombres,Todas,actividad,No económicamente activa,921267.0,3037239.0,185259.0,0.001737
2015,autoads,Resto,Hombres,Todas,actividad,Ocupada,2017167.0,3037239.0,185259.0,0.001821
2015,autoads,Resto,Mujeres,15-29,actividad,Desocupada,27402.0,944662.0,59352.0,0.000887
2015,autoads,Resto,Mujeres,15-29,actividad,No económicamente activa,586168.0,944662.0,59352.0,0.003234
2015,autoads,Resto,Mujeres,15-29,actividad,Ocupada,331092.0,944662.0,59352.0,0.003116
2015,autoads,Resto,Mujeres,3-14,actividad,Desocupada,405.0,169527.0,10628.0,0.000132
2015,autoads,Resto,Mujeres,3-14,actividad,No económicamente activa,167247.0,169527.0,10628.0,0.001402
2015,autoads,Resto,Mujeres,3-14,actividad,Ocupada,1875.0,169527.0,10628.0,0.000635
2015,autoads,Resto,Mujeres,30-59,actividad,Desocupada,24541.0,1739100.0,105382.0,0.000371
2015,autoads,Resto,Mujeres,30-59,actividad,No económicamente activa,698709.0,1739100.0,105382.0,0.002783
2015,autoads,Resto,Mujeres,30-59,actividad,Ocupada,1015850.0,1739100.0,105382.0,0.002792
2015,autoads,Resto,Mujeres,60+,actividad,Desocupada,1175.0,621044.0,35178.0,0.000186
2015,autoads,Resto,Mujeres,60+,actividad,No económicamente activa,511865.0,621044.0,35178.0,0.002805
2015,autoads,Resto,Mujeres,60+,actividad,Ocupada,108004.0,621044.0,35178.0,0.002372
2015,autoads,Resto,Mujeres,Todas,actividad,Desocupada,53523.0,3474333.0,210540.0,0.000346
2015,autoads,Resto,Mujeres,Todas,actividad,No económicamente activa,1963989.0,3474333.0,210540.0,0.002209
2015,autoads,Resto,Mujeres,Todas,actividad,Ocupada,1456821.0,3474333.0,210540.0,0.002206
2015,autoads,Resto,Total,15-29,actividad,Desocupada,69158.0,1866634.0,117023.0,0.00078
2015,autoads,Resto,Total,15-29,actividad,No económicamente activa,992022.0,1866634.0,117023.0,0.002516
2015,autoads,Resto,Total,15-29,actividad,Ocupada,805454.0,1866634.0,117023.0,0.002541
2015,autoads,Resto,Total,3-14,actividad,Desocupada,934.0,340649.0,21536.0,0.000155
2015,autoads,Resto,Total,3-14,actividad,No económicamente activa,335210.0,340649.0,21536.0,0.001063
2015,autoads,Resto,Total,3-14,actividad,Ocupada,4505.0,340649.0,21536.0,0.000583
2015,autoads,Resto,Total,30-59,actividad,Desocupada,75383.0,3229908.0,196188.0,0.000471
2015,autoads,Resto,Total,30-59,actividad,No económicamente activa,793163.0,3229908.0,196188.0,0.001665
2015,autoads,Resto,Total,30-59,actividad,Ocupada,2361362.0,3229908.0,196188.0,0.001773
2015,autoads,Resto,Total,60+,actividad,Desocupada,6853.0,1074381.0,61052.0,0.000248
2015,autoads,Resto,Total,60+,actividad,No económicamente activa,764861.0,1074381.0,61052.0,0.002798
2015,autoads,Resto,Total,60+,actividad,Ocupada,302667.0,1074381.0,61052.0,0.002706
2015,autoads,Resto,Total,Todas,actividad,Desocupada,152328.0,6511572.0,395799.0,0.000421
2015,autoads,Resto,Total,Todas,actividad,No económicamente activa,2885256.0,6511572.0,395799.0,0.001617
2015,autoads,Resto,Total,Todas,actividad,Ocupada,3473988.0,6511572.0,395799.0,0.00167
2015,autoads,Indígena,Hombres,15-29,domestico,Trabajo doméstico remunerado,107.0,54669.0,4040.0,0.000474
2015,autoads,Indígena,Hombres,3-14,domestico,Trabajo doméstico remunerado,7.0,472.0,39.0,
2015,autoads,Indígena,Hombres,30-59,domestico,Trabajo doméstico remunerado,482.0,152307.0,10477.0,0.000211
2015,autoads,Indígena,Hombres,60+,domestico,Trabajo doméstico remunerado,39.0,25797.0,1677.0,
2015,autoads,Indígena,Hombres,Todas,domestico,Trabajo doméstico remunerado,635.0,233245.0,16233.0,0.000183
2015,autoads,Indígena,Mujeres,15-29,domestico,Trabajo doméstico remunerado,5323.0,35634.0,2476.0,0.008587
2015,autoads,Indígena,Mujeres,3-14,domestico,Trabajo doméstico remunerado,10.0,250.0,22.0,
2015,autoads,Indígena,Mujeres,30-59,domestico,Trabajo doméstico remunerado,19194.0,110160.0,7426.0,0.005425
2015,autoads,Indígena,Mujeres,60+,domestico,Trabajo doméstico remunerado,3578.0,17497.0,1024.0,0.00959
2015,autoads,Indígena,Mujeres,Todas,domestico,Trabajo doméstico remunerado,28105.0,163541.0,10948.0,0.005136
2015,autoads,Indígena,Total,15-29,domestico,Trabajo doméstico remunerado,5430.0,90303.0,6516.0,0.003797
2015,autoads,Indígena,Total,3-14,domestico,Trabajo doméstico remunerado,17.0,722.0,61.0,
2015,autoads,Indígena,Total,30-59,domestico,Trabajo doméstico remunerado,19676.0,262467.0,17903.0,0.002463
2015,autoads,Indígena,Total,60+,domestico,Trabajo doméstico remunerado,3617.0,43294.0,2701.0,0.004405
2015,autoads,Indígena,Total,Todas,domestico,Trabajo doméstico remunerado,28740.0,396786.0,27181.0,0.002299
2015,autoads,Resto,Hombres,15-29,domestico,Trabajo doméstico remunerado,602.0,474362.0,30242.0,0.000162
2015,autoads,Resto,Hombres,3-14,domestico,Trabajo doméstico remunerado,,2630.0,208.0,
2015,autoads,Resto,Hombres,30-59,domestico,Trabajo doméstico remunerado,1274.0,1345512.0,82234.0,5.4e-05
2015,autoads,Resto,Hombres,60+,domestico,Trabajo doméstico remunerado,383.0,194663.0,11298.0,0.000411
2015,autoads,Resto,Hombres,Todas,domestico,Trabajo doméstico remunerado,2259.0,2017167.0,123982.0,6.8e-05
2015,autoads,Resto,Mujeres,15-29,domestico,Trabajo doméstico remunerado,17934.0,331092.0,20622.0,0.002414
2015,autoads,Resto,Mujeres,3-14,domestico,Trabajo doméstico remunerado,28.0,1875.0,121.0,
2015,autoads,Resto,Mujeres,30-59,domestico,Trabajo doméstico remunerado,72198.0,1015850.0,61210.0,0.001683
2015,autoads,Resto,Mujeres,60+,domestico,Trabajo doméstico remunerado,12115.0,108004.0,6213.0,0.003605
2015,autoads,Resto,Mujeres,Todas,domestico,Trabajo doméstico remunerado,102275.0,1456821.0,88166.0,0.00165
2015,autoads,Resto,Total,15-29,domestico,Trabajo doméstico remunerado,18536.0,805454.0,50864.0,0.001035
2015,autoads,Resto,Total,3-14,domestico,Trabajo doméstico remunerado,28.0,4505.0,329.0,
2015,autoads,Resto,Total,30-59,domestico,Trabajo doméstico remunerado,73472.0,2361362.0,143444.0,0.000729
2015,autoads,Resto,Total,60+,domestico,Trabajo doméstico remunerado,12498.0,302667.0,17511.0,0.001353
2015,autoads,Resto,Total,Todas,domestico,Trabajo doméstico remunerado,104534.0,3473988.0,212148.0,0.000702
2015,autoads,Indígena,Hombres,15-29,escolaridad,Media superior,28811.0,84152.0,6131.0,0.007233
2015,autoads,Indígena,Hombres,15-29,escolaridad,Primaria o menos,8169.0,84152.0,6131.0,0.00345
2015,autoads,Indígena,Hombres,15-29,escolaridad,Secundaria,28953.0,84152.0,6131.0,0.007259
2015,autoads,Indígena,Hombres,15-29,escolaridad,Superior,18219.0,84152.0,6131.0,0.006816
2015,autoads,Indígena,Hombres,30-59,escolaridad,Media superior,38577.0,168775.0,11565.0,0.004563
2015,autoads,Indígena,Hombres,30-59,escolaridad,Primaria o menos,37464.0,168775.0,11565.0,0.005384
2015,autoads,Indígena,Hombres,30-59,escolaridad,Secundaria,50733.0,168775.0,11565.0,0.005118
2015,autoads,Indígena,Hombres,30-59,escolaridad,Superior,42001.0,168775.0,11565.0,0.005363
2015,autoads,Indígena,Hombres,60+,escolaridad,Media superior,6121.0,60026.0,3780.0,0.003572
2015,autoads,Indígena,Hombres,60+,escolaridad,Primaria o menos,30906.0,60026.0,3780.0,0.007454
2015,autoads,Indígena,Hombres,60+,escolaridad,Secundaria,11335.0,60026.0,3780.0,0.006247
2015,autoads,Indígena,Hombres,60+,escolaridad,Superior,11664.0,60026.0,3780.0,0.005255
2015,autoads,Indígena,Hombres,Todas,escolaridad,Media superior,73509.0,312953.0,21476.0,0.003859
2015,autoads,Indígena,Hombres,Todas,escolaridad,Primaria o menos,76539.0,312953.0,21476.0,0.004188
2015,autoads,Indígena,Hombres,Todas,escolaridad,Secundaria,91021.0,312953.0,21476.0,0.004391
2015,autoads,Indígena,Hombres,Todas,escolaridad,Superior,71884.0,312953.0,21476.0,0.004861
2015,autoads,Indígena,Mujeres,15-29,escolaridad,Media superior,29342.0,86163.0,6242.0,0.00623
2015,autoads,Indígena,Mujeres,15-29,escolaridad,Primaria o menos,8418.0,86163.0,6242.0,0.004084
2015,autoads,Indígena,Mujeres,15-29,escolaridad,Secundaria,28226.0,86163.0,6242.0,0.006413
2015,autoads,Indígena,Mujeres,15-29,escolaridad,Superior,20177.0,86163.0,6242.0,0.006633
2015,autoads,Indígena,Mujeres,30-59,escolaridad,Media superior,36608.0,185066.0,12571.0,0.003942
2015,autoads,Indígena,Mujeres,30-59,escolaridad,Primaria o menos,55936.0,185066.0,12571.0,0.005484
2015,autoads,Indígena,Mujeres,30-59,escolaridad,Secundaria,49699.0,185066.0,12571.0,0.004742
2015,autoads,Indígena,Mujeres,30-59,escolaridad,Superior,42823.0,185066.0,12571.0,0.005646
2015,autoads,Indígena,Mujeres,60+,escolaridad,Media superior,8406.0,77545.0,4665.0,0.003973
2015,autoads,Indígena,Mujeres,60+,escolaridad,Primaria o menos,50552.0,77545.0,4665.0,0.007862
2015,autoads,Indígena,Mujeres,60+,escolaridad,Secundaria,10949.0,77545.0,4665.0,0.004271
2015,autoads,Indígena,Mujeres,60+,escolaridad,Superior,7638.0,77545.0,4665.0,0.003717
2015,autoads,Indígena,Mujeres,Todas,escolaridad,Media superior,74356.0,348774.0,23478.0,0.003333
2015,autoads,Indígena,Mujeres,Todas,escolaridad,Primaria o menos,114906.0,348774.0,23478.0,0.004263
2015,autoads,Indígena,Mujeres,Todas,escolaridad,Secundaria,88874.0,348774.0,23478.0,0.003681
2015,autoads,Indígena,Mujeres,Todas,escolaridad,Superior,70638.0,348774.0,23478.0,0.004499
2015,autoads,Indígena,Total,15-29,escolaridad,Media superior,58153.0,170315.0,12373.0,0.005915
2015,autoads,Indígena,Total,15-29,escolaridad,Primaria o menos,16587.0,170315.0,12373.0,0.00334
2015,autoads,Indígena,Total,15-29,escolaridad,Secundaria,57179.0,170315.0,12373.0,0.006182
2015,autoads,Indígena,Total,15-29,escolaridad,Superior,38396.0,170315.0,12373.0,0.006054
2015,autoads,Indígena,Total,30-59,escolaridad,Media superior,75185.0,353841.0,24136.0,0.003466
2015,autoads,Indígena,Total,30-59,escolaridad,Primaria o menos,93400.0,353841.0,24136.0,0.005037
2015,autoads,Indígena,Total,30-59,escolaridad,Secundaria,100432.0,353841.0,24136.0,0.004304
2015,autoads,Indígena,Total,30-59,escolaridad,Superior,84824.0,353841.0,24136.0,0.005239
2015,autoads,Indígena,Total,60+,escolaridad,Media superior,14527.0,137571.0,8445.0,0.002944
2015,autoads,Indígena,Total,60+,escolaridad,Primaria o menos,81458.0,137571.0,8445.0,0.007058
2015,autoads,Indígena,Total,60+,escolaridad,Secundaria,22284.0,137571.0,8445.0,0.004199
2015,autoads,Indígena,Total,60+,escolaridad,Superior,19302.0,137571.0,8445.0,0.003978
2015,autoads,Indígena,Total,Todas,escolaridad,Media superior,147865.0,661727.0,44954.0,0.003051
2015,autoads,Indígena,Total,Todas,escolaridad,Primaria o menos,191445.0,661727.0,44954.0,0.003793
2015,autoads,Indígena,Total,Todas,escolaridad,Secundaria,179895.0,661727.0,44954.0,0.003431
2015,autoads,Indígena,Total,Todas,escolaridad,Superior,142522.0,661727.0,44954.0,0.004451
2015,autoads,Resto,Hombres,15-29,escolaridad,Media superior,345084.0,921839.0,57663.0,0.00304
2015,autoads,Resto,Hombres,15-29,escolaridad,Primaria o menos,39347.0,921839.0,57663.0,0.00107
2015,autoads,Resto,Hombres,15-29,escolaridad,Secundaria,256197.0,921839.0,57663.0,0.003276
2015,autoads,Resto,Hombres,15-29,escolaridad,Superior,281211.0,921839.0,57663.0,0.004152
2015,autoads,Resto,Hombres,30-59,escolaridad,Media superior,378299.0,1490075.0,90780.0,0.002453
2015,autoads,Resto,Hombres,30-59,escolaridad,Primaria o menos,158917.0,1490075.0,90780.0,0.001933
2015,autoads,Resto,Hombres,30-59,escolaridad,Secundaria,366573.0,1490075.0,90780.0,0.002898
2015,autoads,Resto,Hombres,30-59,escolaridad,Superior,586286.0,1490075.0,90780.0,0.005092
2015,autoads,Resto,Hombres,60+,escolaridad,Media superior,59657.0,453750.0,25907.0,0.002196
2015,autoads,Resto,Hombres,60+,escolaridad,Primaria o menos,169151.0,453750.0,25907.0,0.004988
2015,autoads,Resto,Hombres,60+,escolaridad,Secundaria,79864.0,453750.0,25907.0,0.002818
2015,autoads,Resto,Hombres,60+,escolaridad,Superior,145078.0,453750.0,25907.0,0.005436
2015,autoads,Resto,Hombres,Todas,escolaridad,Media superior,783040.0,2865664.0,174350.0,0.001912
2015,autoads,Resto,Hombres,Todas,escolaridad,Primaria o menos,367415.0,2865664.0,174350.0,0.001705
2015,autoads,Resto,Hombres,Todas,escolaridad,Secundaria,702634.0,2865664.0,174350.0,0.002481
2015,autoads,Resto,Hombres,Todas,escolaridad,Superior,1012575.0,2865664.0,174350.0,0.004291
2015,autoads,Resto,Mujeres,15-29,escolaridad,Media superior,354226.0,943550.0,59317.0,0.003048
2015,autoads,Resto,Mujeres,15-29,escolaridad,Primaria o menos,33345.0,943550.0,59317.0,0.000891
2015,autoads,Resto,Mujeres,15-29,escolaridad,Secundaria,242772.0,943550.0,59317.0,0.003064
2015,autoads,Resto,Mujeres,15-29,escolaridad,Superior,313207.0,943550.0,59317.0,0.004117
2015,autoads,Resto,Mujeres,30-59,escolaridad,Media superior,450129.0,1739431.0,105400.0,0.002353
2015,autoads,Resto,Mujeres,30-59,escolaridad,Primaria o menos,244950.0,1739431.0,105400.0,0.002073
2015,autoads,Resto,Mujeres,30-59,escolaridad,Secundaria,422784.0,1739431.0,105400.0,0.002755
2015,autoads,Resto,Mujeres,30-59,escolaridad,Superior,621568.0,1739431.0,105400.0,0.004617
2015,autoads,Resto,Mujeres,60+,escolaridad,Media superior,97488.0,622303.0,35254.0,0.002482
2015,autoads,Resto,Mujeres,60+,escolaridad,Primaria o menos,306449.0,622303.0,35254.0,0.005315
2015,autoads,Resto,Mujeres,60+,escolaridad,Secundaria,108075.0,622303.0,35254.0,0.002508
2015,autoads,Resto,Mujeres,60+,escolaridad,Superior,110291.0,622303.0,35254.0,0.003432
2015,autoads,Resto,Mujeres,Todas,escolaridad,Media superior,901843.0,3305284.0,199971.0,0.001732
2015,autoads,Resto,Mujeres,Todas,escolaridad,Primaria o menos,584744.0,3305284.0,199971.0,0.001856
2015,autoads,Resto,Mujeres,Todas,escolaridad,Secundaria,773631.0,3305284.0,199971.0,0.002086
2015,autoads,Resto,Mujeres,Todas,escolaridad,Superior,1045066.0,3305284.0,199971.0,0.003727
2015,autoads,Resto,Total,15-29,escolaridad,Media superior,699310.0,1865389.0,116980.0,0.002529
2015,autoads,Resto,Total,15-29,escolaridad,Primaria o menos,72692.0,1865389.0,116980.0,0.000861
2015,autoads,Resto,Total,15-29,escolaridad,Secundaria,498969.0,1865389.0,116980.0,0.002898
2015,autoads,Resto,Total,15-29,escolaridad,Superior,594418.0,1865389.0,116980.0,0.003892
2015,autoads,Resto,Total,30-59,escolaridad,Media superior,828428.0,3229506.0,196180.0,0.002078
2015,autoads,Resto,Total,30-59,escolaridad,Primaria o menos,403867.0,3229506.0,196180.0,0.001932
2015,autoads,Resto,Total,30-59,escolaridad,Secundaria,789357.0,3229506.0,196180.0,0.002656
2015,autoads,Resto,Total,30-59,escolaridad,Superior,1207854.0,3229506.0,196180.0,0.004724
2015,autoads,Resto,Total,60+,escolaridad,Media superior,157145.0,1076053.0,61161.0,0.001979
2015,autoads,Resto,Total,60+,escolaridad,Primaria o menos,475600.0,1076053.0,61161.0,0.004926
2015,autoads,Resto,Total,60+,escolaridad,Secundaria,187939.0,1076053.0,61161.0,0.002188
2015,autoads,Resto,Total,60+,escolaridad,Superior,255369.0,1076053.0,61161.0,0.004097
2015,autoads,Resto,Total,Todas,escolaridad,Media superior,1684883.0,6170948.0,374321.0,0.001552
2015,autoads,Resto,Total,Todas,escolaridad,Primaria o menos,952159.0,6170948.0,374321.0,0.001703
2015,autoads,Resto,Total,Todas,escolaridad,Secundaria,1476265.0,6170948.0,374321.0,0.002116
2015,autoads,Resto,Total,Todas,escolaridad,Superior,2057641.0,6170948.0,374321.0,0.003899
2015,autoads,Indígena,Hombres,15-29,monolingue,No habla español,14.0,8550.0,722.0,
2015,autoads,Indígena,Hombres,3-14,monolingue,No habla español,9.0,1353.0,121.0,
2015,autoads,Indígena,Hombres,30-59,monolingue,No habla español,41.0,17905.0,1472.0,
2015,autoads,Indígena,Hombres,60+,monolingue,No habla español,21.0,5001.0,357.0,
2015,autoads,Indígena,Hombres,Todas,monolingue,No habla español,85.0,32809.0,2672.0,
2015,autoads,Indígena,Mujeres,15-29,monolingue,No habla español,40.0,10289.0,742.0,
2015,autoads,Indígena,Mujeres,3-14,monolingue,No habla español,38.0,1370.0,126.0,
2015,autoads,Indígena,Mujeres,30-59,monolingue,No habla español,23.0,19984.0,1515.0,
2015,autoads,Indígena,Mujeres,60+,monolingue,No habla español,234.0,6538.0,454.0,0.003411
2015,autoads,Indígena,Mujeres,Todas,monolingue,No habla español,335.0,38181.0,2837.0,0.000627
2015,autoads,Indígena,Total,15-29,monolingue,No habla español,54.0,18839.0,1464.0,
2015,autoads,Indígena,Total,3-14,monolingue,No habla español,47.0,2723.0,247.0,
2015,autoads,Indígena,Total,30-59,monolingue,No habla español,64.0,37889.0,2987.0,
2015,autoads,Indígena,Total,60+,monolingue,No habla español,255.0,11539.0,811.0,0.001907
2015,autoads,Indígena,Total,Todas,monolingue,No habla español,420.0,70990.0,5509.0,0.000333
2015,autoads,Resto,Hombres,15-29,monolingue,No habla español,,3753.0,285.0,
2015,autoads,Resto,Hombres,3-14,monolingue,No habla español,29.0,548.0,41.0,
2015,autoads,Resto,Hombres,30-59,monolingue,No habla español,,9366.0,646.0,
2015,autoads,Resto,Hombres,60+,monolingue,No habla español,,3617.0,217.0,
2015,autoads,Resto,Hombres,Todas,monolingue,No habla español,29.0,17284.0,1189.0,
2015,autoads,Resto,Mujeres,15-29,monolingue,No habla español,,4005.0,294.0,
2015,autoads,Resto,Mujeres,3-14,monolingue,No habla español,2.0,545.0,33.0,
2015,autoads,Resto,Mujeres,30-59,monolingue,No habla español,,9158.0,648.0,
2015,autoads,Resto,Mujeres,60+,monolingue,No habla español,75.0,4175.0,246.0,
2015,autoads,Resto,Mujeres,Todas,monolingue,No habla español,77.0,17883.0,1221.0,
2015,autoads,Resto,Total,15-29,monolingue,No habla español,,7758.0,579.0,
2015,autoads,Resto,Total,3-14,monolingue,No habla español,31.0,1093.0,74.0,
2015,autoads,Resto,Total,30-59,monolingue,No habla español,,18524.0,1294.0,
2015,autoads,Resto,Total,60+,monolingue,No habla español,75.0,7792.0,463.0,
2015,autoads,Resto,Total,Todas,monolingue,No habla español,106.0,35167.0,2410.0,
2015,autoads,Indígena,Hombres,Todas,piramide,10-14,21006.0,762970.0,1538.0,
2015,autoads,Indígena,Hombres,Todas,piramide,15-19,22818.0,762970.0,1763.0,
2015,autoads,Indígena,Hombres,Todas,piramide,20-24,30727.0,762970.0,2254.0,
2015,autoads,Indígena,Hombres,Todas,piramide,25-29,30776.0,762970.0,2125.0,
2015,autoads,Indígena,Hombres,Todas,piramide,3-4,8670.0,762970.0,601.0,
2015,autoads,Indígena,Hombres,Todas,piramide,30-34,32017.0,762970.0,2212.0,
2015,autoads,Indígena,Hombres,Todas,piramide,35-39,29775.0,762970.0,2096.0,
2015,autoads,Indígena,Hombres,Todas,piramide,40-44,29241.0,762970.0,2059.0,
2015,autoads,Indígena,Hombres,Todas,piramide,45-49,26724.0,762970.0,1794.0,
2015,autoads,Indígena,Hombres,Todas,piramide,5-9,21292.0,762970.0,1570.0,
2015,autoads,Indígena,Hombres,Todas,piramide,50-54,26602.0,762970.0,1825.0,
2015,autoads,Indígena,Hombres,Todas,piramide,55-59,24590.0,762970.0,1587.0,
2015,autoads,Indígena,Hombres,Todas,piramide,60-64,20932.0,762970.0,1289.0,
2015,autoads,Indígena,Hombres,Todas,piramide,65-69,14949.0,762970.0,964.0,
2015,autoads,Indígena,Hombres,Todas,piramide,70-74,10464.0,762970.0,662.0,
2015,autoads,Indígena,Hombres,Todas,piramide,75-79,6667.0,762970.0,408.0,
2015,autoads,Indígena,Hombres,Todas,piramide,80-84,4056.0,762970.0,268.0,
2015,autoads,Indígena,Hombres,Todas,piramide,85 y más,3062.0,762970.0,194.0,
2015,autoads,Indígena,Mujeres,Todas,piramide,10-14,20695.0,762970.0,1549.0,
2015,autoads,Indígena,Mujeres,Todas,piramide,15-19,23408.0,762970.0,1774.0,
2015,autoads,Indígena,Mujeres,Todas,piramide,20-24,32541.0,762970.0,2323.0,
2015,autoads,Indígena,Mujeres,Todas,piramide,25-29,30309.0,762970.0,2154.0,
2015,autoads,Indígena,Mujeres,Todas,piramide,3-4,8457.0,762970.0,623.0,
2015,autoads,Indígena,Mujeres,Todas,piramide,30-34,33586.0,762970.0,2302.0,
2015,autoads,Indígena,Mujeres,Todas,piramide,35-39,32100.0,762970.0,2197.0,
2015,autoads,Indígena,Mujeres,Todas,piramide,40-44,32918.0,762970.0,2322.0,
2015,autoads,Indígena,Mujeres,Todas,piramide,45-49,28469.0,762970.0,1954.0,
2015,autoads,Indígena,Mujeres,Todas,piramide,5-9,20376.0,762970.0,1472.0,
2015,autoads,Indígena,Mujeres,Todas,piramide,50-54,30422.0,762970.0,2056.0,
2015,autoads,Indígena,Mujeres,Todas,piramide,55-59,27741.0,762970.0,1748.0,
2015,autoads,Indígena,Mujeres,Todas,piramide,60-64,24462.0,762970.0,1493.0,
2015,autoads,Indígena,Mujeres,Todas,piramide,65-69,17536.0,762970.0,1080.0,
2015,autoads,Indígena,Mujeres,Todas,piramide,70-74,14399.0,762970.0,841.0,
2015,autoads,Indígena,Mujeres,Todas,piramide,75-79,8877.0,762970.0,529.0,
2015,autoads,Indígena,Mujeres,Todas,piramide,80-84,5971.0,762970.0,375.0,
2015,autoads,Indígena,Mujeres,Todas,piramide,85 y más,6335.0,762970.0,349.0,
2015,autoads,Resto,Hombres,Todas,piramide,10-14,289056.0,7504405.0,18355.0,
2015,autoads,Resto,Hombres,Todas,piramide,15-19,293198.0,7504405.0,18573.0,
2015,autoads,Resto,Hombres,Todas,piramide,20-24,327563.0,7504405.0,20526.0,
2015,autoads,Resto,Hombres,Todas,piramide,25-29,303468.0,7504405.0,18746.0,
2015,autoads,Resto,Hombres,Todas,piramide,3-4,102755.0,7504405.0,6681.0,
2015,autoads,Resto,Hombres,Todas,piramide,30-34,300378.0,7504405.0,18314.0,
2015,autoads,Resto,Hombres,Todas,piramide,35-39,280245.0,7504405.0,17093.0,
2015,autoads,Resto,Hombres,Todas,piramide,40-44,276763.0,7504405.0,17123.0,
2015,autoads,Resto,Hombres,Todas,piramide,45-49,231251.0,7504405.0,14267.0,
2015,autoads,Resto,Hombres,Todas,piramide,5-9,277735.0,7504405.0,17651.0,
2015,autoads,Resto,Hombres,Todas,piramide,50-54,224542.0,7504405.0,13617.0,
2015,autoads,Resto,Hombres,Todas,piramide,55-59,179403.0,7504405.0,10554.0,
2015,autoads,Resto,Hombres,Todas,piramide,60-64,148653.0,7504405.0,8667.0,
2015,autoads,Resto,Hombres,Todas,piramide,65-69,111499.0,7504405.0,6396.0,
2015,autoads,Resto,Hombres,Todas,piramide,70-74,81480.0,7504405.0,4554.0,
2015,autoads,Resto,Hombres,Todas,piramide,75-79,52330.0,7504405.0,2952.0,
2015,autoads,Resto,Hombres,Todas,piramide,80-84,34011.0,7504405.0,1877.0,
2015,autoads,Resto,Hombres,Todas,piramide,85 y más,26324.0,7504405.0,1496.0,
2015,autoads,Resto,Mujeres,Todas,piramide,10-14,281924.0,7504405.0,17709.0,
2015,autoads,Resto,Mujeres,Todas,piramide,15-19,291672.0,7504405.0,18583.0,
2015,autoads,Resto,Mujeres,Todas,piramide,20-24,329782.0,7504405.0,20669.0,
2015,autoads,Resto,Mujeres,Todas,piramide,25-29,325209.0,7504405.0,20251.0,
2015,autoads,Resto,Mujeres,Todas,piramide,3-4,100396.0,7504405.0,6465.0,
2015,autoads,Resto,Mujeres,Todas,piramide,30-34,327841.0,7504405.0,20172.0,
2015,autoads,Resto,Mujeres,Todas,piramide,35-39,319655.0,7504405.0,19631.0,
2015,autoads,Resto,Mujeres,Todas,piramide,40-44,325631.0,7504405.0,19876.0,
2015,autoads,Resto,Mujeres,Todas,piramide,45-49,279881.0,7504405.0,16986.0,
2015,autoads,Resto,Mujeres,Todas,piramide,5-9,269051.0,7504405.0,17069.0,
2015,autoads,Resto,Mujeres,Todas,piramide,50-54,271992.0,7504405.0,16111.0,
2015,autoads,Resto,Mujeres,Todas,piramide,55-59,217728.0,7504405.0,12864.0,
2015,autoads,Resto,Mujeres,Todas,piramide,60-64,191901.0,7504405.0,10972.0,
2015,autoads,Resto,Mujeres,Todas,piramide,65-69,145061.0,7504405.0,8275.0,
2015,autoads,Resto,Mujeres,Todas,piramide,70-74,110174.0,7504405.0,6152.0,
2015,autoads,Resto,Mujeres,Todas,piramide,75-79,70615.0,7504405.0,3998.0,
2015,autoads,Resto,Mujeres,Todas,piramide,80-84,54054.0,7504405.0,3051.0,
2015,autoads,Resto,Mujeres,Todas,piramide,85 y más,51184.0,7504405.0,2852.0,
2015,autoads,Indígena,Hombres,15-29,posicion,Empleada u obrera,44178.0,53847.0,3989.0,0.007436
2015,autoads,Indígena,Hombres,15-29,posicion,Jornalera o peona,595.0,53847.0,3989.0,0.001755
2015,autoads,Indígena,Hombres,15-29,posicion,Patrona,624.0,53847.0,3989.0,0.000714
2015,autoads,Indígena,Hombres,15-29,posicion,Por cuenta propia,7682.0,53847.0,3989.0,0.005637
2015,autoads,Indígena,Hombres,15-29,posicion,Sin pago,768.0,53847.0,3989.0,0.002095
2015,autoads,Indígena,Hombres,3-14,posicion,Empleada u obrera,282.0,428.0,32.0,0.035343
2015,autoads,Indígena,Hombres,3-14,posicion,Jornalera o peona,,428.0,32.0,
2015,autoads,Indígena,Hombres,3-14,posicion,Patrona,,428.0,32.0,
2015,autoads,Indígena,Hombres,3-14,posicion,Por cuenta propia,22.0,428.0,32.0,
2015,autoads,Indígena,Hombres,3-14,posicion,Sin pago,124.0,428.0,32.0,0.004979
2015,autoads,Indígena,Hombres,30-59,posicion,Empleada u obrera,103771.0,151470.0,10404.0,0.006015
2015,autoads,Indígena,Hombres,30-59,posicion,Jornalera o peona,1848.0,151470.0,10404.0,0.00303
2015,autoads,Indígena,Hombres,30-59,posicion,Patrona,4372.0,151470.0,10404.0,0.001419
2015,autoads,Indígena,Hombres,30-59,posicion,Por cuenta propia,40785.0,151470.0,10404.0,0.005388
2015,autoads,Indígena,Hombres,30-59,posicion,Sin pago,694.0,151470.0,10404.0,0.000373
2015,autoads,Indígena,Hombres,60+,posicion,Empleada u obrera,12153.0,25555.0,1658.0,0.011258
2015,autoads,Indígena,Hombres,60+,posicion,Jornalera o peona,284.0,25555.0,1658.0,0.001975
2015,autoads,Indígena,Hombres,60+,posicion,Patrona,1354.0,25555.0,1658.0,0.002756
2015,autoads,Indígena,Hombres,60+,posicion,Por cuenta propia,11388.0,25555.0,1658.0,0.009499
2015,autoads,Indígena,Hombres,60+,posicion,Sin pago,376.0,25555.0,1658.0,0.001609
2015,autoads,Indígena,Hombres,Todas,posicion,Empleada u obrera,160384.0,231300.0,16083.0,0.00536
2015,autoads,Indígena,Hombres,Todas,posicion,Jornalera o peona,2727.0,231300.0,16083.0,0.002135
2015,autoads,Indígena,Hombres,Todas,posicion,Patrona,6350.0,231300.0,16083.0,0.001107
2015,autoads,Indígena,Hombres,Todas,posicion,Por cuenta propia,59877.0,231300.0,16083.0,0.004991
2015,autoads,Indígena,Hombres,Todas,posicion,Sin pago,1962.0,231300.0,16083.0,0.000773
2015,autoads,Indígena,Mujeres,15-29,posicion,Empleada u obrera,29579.0,35141.0,2428.0,0.007603
2015,autoads,Indígena,Mujeres,15-29,posicion,Jornalera o peona,14.0,35141.0,2428.0,
2015,autoads,Indígena,Mujeres,15-29,posicion,Patrona,349.0,35141.0,2428.0,0.000628
2015,autoads,Indígena,Mujeres,15-29,posicion,Por cuenta propia,4795.0,35141.0,2428.0,0.005599
2015,autoads,Indígena,Mujeres,15-29,posicion,Sin pago,404.0,35141.0,2428.0,0.001196
2015,autoads,Indígena,Mujeres,3-14,posicion,Empleada u obrera,71.0,181.0,15.0,0.026861
2015,autoads,Indígena,Mujeres,3-14,posicion,Jornalera o peona,,181.0,15.0,
2015,autoads,Indígena,Mujeres,3-14,posicion,Patrona,10.0,181.0,15.0,
2015,autoads,Indígena,Mujeres,3-14,posicion,Por cuenta propia,90.0,181.0,15.0,
2015,autoads,Indígena,Mujeres,3-14,posicion,Sin pago,10.0,181.0,15.0,
2015,autoads,Indígena,Mujeres,30-59,posicion,Empleada u obrera,78512.0,108764.0,7325.0,0.006649
2015,autoads,Indígena,Mujeres,30-59,posicion,Jornalera o peona,119.0,108764.0,7325.0,0.0
2015,autoads,Indígena,Mujeres,30-59,posicion,Patrona,2634.0,108764.0,7325.0,0.002109
2015,autoads,Indígena,Mujeres,30-59,posicion,Por cuenta propia,26581.0,108764.0,7325.0,0.005566
2015,autoads,Indígena,Mujeres,30-59,posicion,Sin pago,918.0,108764.0,7325.0,0.000398
2015,autoads,Indígena,Mujeres,60+,posicion,Empleada u obrera,8422.0,17090.0,996.0,0.012388
2015,autoads,Indígena,Mujeres,60+,posicion,Jornalera o peona,1.0,17090.0,996.0,
2015,autoads,Indígena,Mujeres,60+,posicion,Patrona,814.0,17090.0,996.0,0.002939
2015,autoads,Indígena,Mujeres,60+,posicion,Por cuenta propia,7427.0,17090.0,996.0,0.011426
2015,autoads,Indígena,Mujeres,60+,posicion,Sin pago,426.0,17090.0,996.0,0.005498
2015,autoads,Indígena,Mujeres,Todas,posicion,Empleada u obrera,116584.0,161176.0,10764.0,0.006144
2015,autoads,Indígena,Mujeres,Todas,posicion,Jornalera o peona,134.0,161176.0,10764.0,3.2e-05
2015,autoads,Indígena,Mujeres,Todas,posicion,Patrona,3807.0,161176.0,10764.0,0.001499
2015,autoads,Indígena,Mujeres,Todas,posicion,Por cuenta propia,38893.0,161176.0,10764.0,0.005099
2015,autoads,Indígena,Mujeres,Todas,posicion,Sin pago,1758.0,161176.0,10764.0,0.000864
2015,autoads,Indígena,Total,15-29,posicion,Empleada u obrera,73757.0,88988.0,6417.0,0.006393
2015,autoads,Indígena,Total,15-29,posicion,Jornalera o peona,609.0,88988.0,6417.0,0.001068
2015,autoads,Indígena,Total,15-29,posicion,Patrona,973.0,88988.0,6417.0,0.000663
2015,autoads,Indígena,Total,15-29,posicion,Por cuenta propia,12477.0,88988.0,6417.0,0.005042
2015,autoads,Indígena,Total,15-29,posicion,Sin pago,1172.0,88988.0,6417.0,0.001454
2015,autoads,Indígena,Total,3-14,posicion,Empleada u obrera,353.0,609.0,47.0,0.038228
2015,autoads,Indígena,Total,3-14,posicion,Jornalera o peona,,609.0,47.0,
2015,autoads,Indígena,Total,3-14,posicion,Patrona,10.0,609.0,47.0,
2015,autoads,Indígena,Total,3-14,posicion,Por cuenta propia,112.0,609.0,47.0,
2015,autoads,Indígena,Total,3-14,posicion,Sin pago,134.0,609.0,47.0,0.003842
2015,autoads,Indígena,Total,30-59,posicion,Empleada u obrera,182283.0,260234.0,17729.0,0.006091
2015,autoads,Indígena,Total,30-59,posicion,Jornalera o peona,1967.0,260234.0,17729.0,0.001774
2015,autoads,Indígena,Total,30-59,posicion,Patrona,7006.0,260234.0,17729.0,0.001212
2015,autoads,Indígena,Total,30-59,posicion,Por cuenta propia,67366.0,260234.0,17729.0,0.004948
2015,autoads,Indígena,Total,30-59,posicion,Sin pago,1612.0,260234.0,17729.0,0.000386
2015,autoads,Indígena,Total,60+,posicion,Empleada u obrera,20575.0,42645.0,2654.0,0.010521
2015,autoads,Indígena,Total,60+,posicion,Jornalera o peona,285.0,42645.0,2654.0,0.001186
2015,autoads,Indígena,Total,60+,posicion,Patrona,2168.0,42645.0,2654.0,0.002412
2015,autoads,Indígena,Total,60+,posicion,Por cuenta propia,18815.0,42645.0,2654.0,0.009166
2015,autoads,Indígena,Total,60+,posicion,Sin pago,802.0,42645.0,2654.0,0.004765
2015,autoads,Indígena,Total,Todas,posicion,Empleada u obrera,276968.0,392476.0,26847.0,0.005256
2015,autoads,Indígena,Total,Todas,posicion,Jornalera o peona,2861.0,392476.0,26847.0,0.001274
2015,autoads,Indígena,Total,Todas,posicion,Patrona,10157.0,392476.0,26847.0,0.001015
2015,autoads,Indígena,Total,Todas,posicion,Por cuenta propia,98770.0,392476.0,26847.0,0.004557
2015,autoads,Indígena,Total,Todas,posicion,Sin pago,3720.0,392476.0,26847.0,0.000727
2015,autoads,Resto,Hombres,15-29,posicion,Empleada u obrera,382679.0,465925.0,29691.0,0.00348
2015,autoads,Resto,Hombres,15-29,posicion,Jornalera o peona,2637.0,465925.0,29691.0,0.000462
2015,autoads,Resto,Hombres,15-29,posicion,Patrona,7044.0,465925.0,29691.0,0.000767
2015,autoads,Resto,Hombres,15-29,posicion,Por cuenta propia,69335.0,465925.0,29691.0,0.002745
2015,autoads,Resto,Hombres,15-29,posicion,Sin pago,4230.0,465925.0,29691.0,0.000514
2015,autoads,Resto,Hombres,3-14,posicion,Empleada u obrera,1155.0,1606.0,133.0,0.017575
2015,autoads,Resto,Hombres,3-14,posicion,Jornalera o peona,16.0,1606.0,133.0,
2015,autoads,Resto,Hombres,3-14,posicion,Patrona,,1606.0,133.0,
2015,autoads,Resto,Hombres,3-14,posicion,Por cuenta propia,219.0,1606.0,133.0,0.01244
2015,autoads,Resto,Hombres,3-14,posicion,Sin pago,216.0,1606.0,133.0,0.018438
2015,autoads,Resto,Hombres,30-59,posicion,Empleada u obrera,914321.0,1330595.0,81317.0,0.002749
2015,autoads,Resto,Hombres,30-59,posicion,Jornalera o peona,5018.0,1330595.0,81317.0,0.00038
2015,autoads,Resto,Hombres,30-59,posicion,Patrona,59791.0,1330595.0,81317.0,0.001391
2015,autoads,Resto,Hombres,30-59,posicion,Por cuenta propia,347841.0,1330595.0,81317.0,0.002588
2015,autoads,Resto,Hombres,30-59,posicion,Sin pago,3624.0,1330595.0,81317.0,0.00016
2015,autoads,Resto,Hombres,60+,posicion,Empleada u obrera,94043.0,191463.0,11105.0,0.005668
2015,autoads,Resto,Hombres,60+,posicion,Jornalera o peona,883.0,191463.0,11105.0,0.00061
2015,autoads,Resto,Hombres,60+,posicion,Patrona,16882.0,191463.0,11105.0,0.003635
2015,autoads,Resto,Hombres,60+,posicion,Por cuenta propia,78425.0,191463.0,11105.0,0.005402
2015,autoads,Resto,Hombres,60+,posicion,Sin pago,1230.0,191463.0,11105.0,0.000375
2015,autoads,Resto,Hombres,Todas,posicion,Empleada u obrera,1392198.0,1989589.0,122246.0,0.002475
2015,autoads,Resto,Hombres,Todas,posicion,Jornalera o peona,8554.0,1989589.0,122246.0,0.000416
2015,autoads,Resto,Hombres,Todas,posicion,Patrona,83717.0,1989589.0,122246.0,0.00133
2015,autoads,Resto,Hombres,Todas,posicion,Por cuenta propia,495820.0,1989589.0,122246.0,0.002371
2015,autoads,Resto,Hombres,Todas,posicion,Sin pago,9300.0,1989589.0,122246.0,0.000231
2015,autoads,Resto,Mujeres,15-29,posicion,Empleada u obrera,272480.0,322804.0,20122.0,0.003616
2015,autoads,Resto,Mujeres,15-29,posicion,Jornalera o peona,249.0,322804.0,20122.0,0.000118
2015,autoads,Resto,Mujeres,15-29,posicion,Patrona,4451.0,322804.0,20122.0,0.001011
2015,autoads,Resto,Mujeres,15-29,posicion,Por cuenta propia,42714.0,322804.0,20122.0,0.002686
2015,autoads,Resto,Mujeres,15-29,posicion,Sin pago,2910.0,322804.0,20122.0,0.00043
2015,autoads,Resto,Mujeres,3-14,posicion,Empleada u obrera,502.0,621.0,44.0,0.016009
2015,autoads,Resto,Mujeres,3-14,posicion,Jornalera o peona,,621.0,44.0,
2015,autoads,Resto,Mujeres,3-14,posicion,Patrona,,621.0,44.0,
2015,autoads,Resto,Mujeres,3-14,posicion,Por cuenta propia,17.0,621.0,44.0,
2015,autoads,Resto,Mujeres,3-14,posicion,Sin pago,102.0,621.0,44.0,
2015,autoads,Resto,Mujeres,30-59,posicion,Empleada u obrera,756137.0,1000675.0,60281.0,0.00282
2015,autoads,Resto,Mujeres,30-59,posicion,Jornalera o peona,809.0,1000675.0,60281.0,0.0001
2015,autoads,Resto,Mujeres,30-59,posicion,Patrona,24135.0,1000675.0,60281.0,0.000843
2015,autoads,Resto,Mujeres,30-59,posicion,Por cuenta propia,213573.0,1000675.0,60281.0,0.002499
2015,autoads,Resto,Mujeres,30-59,posicion,Sin pago,6021.0,1000675.0,60281.0,0.000318
2015,autoads,Resto,Mujeres,60+,posicion,Empleada u obrera,55737.0,104959.0,6037.0,0.006169
2015,autoads,Resto,Mujeres,60+,posicion,Jornalera o peona,105.0,104959.0,6037.0,9.6e-05
2015,autoads,Resto,Mujeres,60+,posicion,Patrona,6269.0,104959.0,6037.0,0.003494
2015,autoads,Resto,Mujeres,60+,posicion,Por cuenta propia,41277.0,104959.0,6037.0,0.006079
2015,autoads,Resto,Mujeres,60+,posicion,Sin pago,1571.0,104959.0,6037.0,0.001121
2015,autoads,Resto,Mujeres,Todas,posicion,Empleada u obrera,1084856.0,1429059.0,86484.0,0.002493
2015,autoads,Resto,Mujeres,Todas,posicion,Jornalera o peona,1163.0,1429059.0,86484.0,0.000115
2015,autoads,Resto,Mujeres,Todas,posicion,Patrona,34855.0,1429059.0,86484.0,0.000895
2015,autoads,Resto,Mujeres,Todas,posicion,Por cuenta propia,297581.0,1429059.0,86484.0,0.002276
2015,autoads,Resto,Mujeres,Todas,posicion,Sin pago,10604.0,1429059.0,86484.0,0.000293
2015,autoads,Resto,Total,15-29,posicion,Empleada u obrera,655159.0,788729.0,49813.0,0.002757
2015,autoads,Resto,Total,15-29,posicion,Jornalera o peona,2886.0,788729.0,49813.0,0.000288
2015,autoads,Resto,Total,15-29,posicion,Patrona,11495.0,788729.0,49813.0,0.000707
2015,autoads,Resto,Total,15-29,posicion,Por cuenta propia,112049.0,788729.0,49813.0,0.002317
2015,autoads,Resto,Total,15-29,posicion,Sin pago,7140.0,788729.0,49813.0,0.000423
2015,autoads,Resto,Total,3-14,posicion,Empleada u obrera,1657.0,2227.0,177.0,0.01557
2015,autoads,Resto,Total,3-14,posicion,Jornalera o peona,16.0,2227.0,177.0,
2015,autoads,Resto,Total,3-14,posicion,Patrona,,2227.0,177.0,
2015,autoads,Resto,Total,3-14,posicion,Por cuenta propia,236.0,2227.0,177.0,0.009176
2015,autoads,Resto,Total,3-14,posicion,Sin pago,318.0,2227.0,177.0,0.013666
2015,autoads,Resto,Total,30-59,posicion,Empleada u obrera,1670458.0,2331270.0,141598.0,0.002301
2015,autoads,Resto,Total,30-59,posicion,Jornalera o peona,5827.0,2331270.0,141598.0,0.000248
2015,autoads,Resto,Total,30-59,posicion,Patrona,83926.0,2331270.0,141598.0,0.001111
2015,autoads,Resto,Total,30-59,posicion,Por cuenta propia,561414.0,2331270.0,141598.0,0.002246
2015,autoads,Resto,Total,30-59,posicion,Sin pago,9645.0,2331270.0,141598.0,0.000204
2015,autoads,Resto,Total,60+,posicion,Empleada u obrera,149780.0,296422.0,17142.0,0.004918
2015,autoads,Resto,Total,60+,posicion,Jornalera o peona,988.0,296422.0,17142.0,0.000395
2015,autoads,Resto,Total,60+,posicion,Patrona,23151.0,296422.0,17142.0,0.003293
2015,autoads,Resto,Total,60+,posicion,Por cuenta propia,119702.0,296422.0,17142.0,0.005016
2015,autoads,Resto,Total,60+,posicion,Sin pago,2801.0,296422.0,17142.0,0.000539
2015,autoads,Resto,Total,Todas,posicion,Empleada u obrera,2477054.0,3418648.0,208730.0,0.002057
2015,autoads,Resto,Total,Todas,posicion,Jornalera o peona,9717.0,3418648.0,208730.0,0.000269
2015,autoads,Resto,Total,Todas,posicion,Patrona,118572.0,3418648.0,208730.0,0.001094
2015,autoads,Resto,Total,Todas,posicion,Por cuenta propia,793401.0,3418648.0,208730.0,0.002063
2015,autoads,Resto,Total,Todas,posicion,Sin pago,19904.0,3418648.0,208730.0,0.000212
2015,autoads,Todos,Total,Todas,proporcion,15-29,170579.0,2041471.0,129741.0,
2015,autoads,Todos,Total,Todas,proporcion,3-14,100496.0,1421413.0,91283.0,
2015,autoads,Todos,Total,Todas,proporcion,30-59,354185.0,3589495.0,220760.0,
2015,autoads,Todos,Total,Todas,proporcion,60+,137710.0,1214996.0,69694.0,
2015,autoads,Indígena,Hombres,15-29,salud,Afiliada,56948.0,83955.0,6117.0,0.008381
2015,autoads,Indígena,Hombres,3-14,salud,Afiliada,40056.0,50788.0,3701.0,0.008986
2015,autoads,Indígena,Hombres,30-59,salud,Afiliada,125935.0,168345.0,11530.0,0.006054
2015,autoads,Indígena,Hombres,60+,salud,Afiliada,52045.0,59932.0,3772.0,0.005326
2015,autoads,Indígena,Hombres,Todas,salud,Afiliada,274984.0,363020.0,25120.0,0.005127
2015,autoads,Indígena,Mujeres,15-29,salud,Afiliada,62667.0,85957.0,6222.0,0.007617
2015,autoads,Indígena,Mujeres,3-14,salud,Afiliada,39638.0,49361.0,3633.0,0.009387
2015,autoads,Indígena,Mujeres,30-59,salud,Afiliada,148393.0,184635.0,12526.0,0.005578
2015,autoads,Indígena,Mujeres,60+,salud,Afiliada,67998.0,77340.0,4652.0,0.00514
2015,autoads,Indígena,Mujeres,Todas,salud,Afiliada,318696.0,397293.0,27033.0,0.004608
2015,autoads,Indígena,Total,15-29,salud,Afiliada,119615.0,169912.0,12339.0,0.007149
2015,autoads,Indígena,Total,3-14,salud,Afiliada,79694.0,100149.0,7334.0,0.008006
2015,autoads,Indígena,Total,30-59,salud,Afiliada,274328.0,352980.0,24056.0,0.004949
2015,autoads,Indígena,Total,60+,salud,Afiliada,120043.0,137272.0,8424.0,0.004692
2015,autoads,Indígena,Total,Todas,salud,Afiliada,593680.0,760313.0,52153.0,0.004397
2015,autoads,Resto,Hombres,15-29,salud,Afiliada,667009.0,921431.0,57653.0,0.003681
2015,autoads,Resto,Hombres,3-14,salud,Afiliada,536592.0,667902.0,42578.0,0.003888
2015,autoads,Resto,Hombres,30-59,salud,Afiliada,1130523.0,1488148.0,90684.0,0.002956
2015,autoads,Resto,Hombres,60+,salud,Afiliada,395500.0,453141.0,25875.0,0.00299
2015,autoads,Resto,Hombres,Todas,salud,Afiliada,2729624.0,3530622.0,216790.0,0.002599
2015,autoads,Resto,Mujeres,15-29,salud,Afiliada,715323.0,943686.0,59308.0,0.003427
2015,autoads,Resto,Mujeres,3-14,salud,Afiliada,521376.0,649586.0,41130.0,0.003856
2015,autoads,Resto,Mujeres,30-59,salud,Afiliada,1408984.0,1737964.0,105351.0,0.002492
2015,autoads,Resto,Mujeres,60+,salud,Afiliada,551300.0,621494.0,35210.0,0.002699
2015,autoads,Resto,Mujeres,Todas,salud,Afiliada,3196983.0,3952730.0,240999.0,0.002347
2015,autoads,Resto,Total,15-29,salud,Afiliada,1382332.0,1865117.0,116961.0,0.003154
2015,autoads,Resto,Total,3-14,salud,Afiliada,1057968.0,1317488.0,83708.0,0.003486
2015,autoads,Resto,Total,30-59,salud,Afiliada,2539507.0,3226112.0,196035.0,0.00247
2015,autoads,Resto,Total,60+,salud,Afiliada,946800.0,1074635.0,61085.0,0.002438
2015,autoads,Resto,Total,Todas,salud,Afiliada,5926607.0,7483352.0,457789.0,0.002345
2015,lengua,Indígena,Hombres,15-29,actividad,Desocupada,276.0,14716.0,1187.0,0.001103
2015,lengua,Indígena,Hombres,15-29,actividad,No económicamente activa,1526.0,14716.0,1187.0,0.005606
2015,lengua,Indígena,Hombres,15-29,actividad,Ocupada,12914.0,14716.0,1187.0,0.007499
2015,lengua,Indígena,Hombres,3-14,actividad,Desocupada,,829.0,57.0,
2015,lengua,Indígena,Hombres,3-14,actividad,No económicamente activa,687.0,829.0,57.0,0.022357
2015,lengua,Indígena,Hombres,3-14,actividad,Ocupada,142.0,829.0,57.0,0.026068
2015,lengua,Indígena,Hombres,30-59,actividad,Desocupada,740.0,32298.0,2519.0,0.001858
2015,lengua,Indígena,Hombres,30-59,actividad,No económicamente activa,1978.0,32298.0,2519.0,0.004427
2015,lengua,Indígena,Hombres,30-59,actividad,Ocupada,29580.0,32298.0,2519.0,0.005313
2015,lengua,Indígena,Hombres,60+,actividad,Desocupada,129.0,11007.0,724.0,
2015,lengua,Indígena,Hombres,60+,actividad,No económicamente activa,5374.0,11007.0,724.0,0.013496
2015,lengua,Indígena,Hombres,60+,actividad,Ocupada,5504.0,11007.0,724.0,0.012441
2015,lengua,Indígena,Hombres,Todas,actividad,Desocupada,1145.0,58850.0,4487.0,0.001312
2015,lengua,Indígena,Hombres,Todas,actividad,No económicamente activa,9565.0,58850.0,4487.0,0.005633
2015,lengua,Indígena,Hombres,Todas,actividad,Ocupada,48140.0,58850.0,4487.0,0.006045
2015,lengua,Indígena,Mujeres,15-29,actividad,Desocupada,190.0,16988.0,1229.0,0.000399
2015,lengua,Indígena,Mujeres,15-29,actividad,No económicamente activa,7812.0,16988.0,1229.0,0.010832
2015,lengua,Indígena,Mujeres,15-29,actividad,Ocupada,8986.0,16988.0,1229.0,0.012718
2015,lengua,Indígena,Mujeres,3-14,actividad,Desocupada,,837.0,56.0,
2015,lengua,Indígena,Mujeres,3-14,actividad,No económicamente activa,703.0,837.0,56.0,0.034414
2015,lengua,Indígena,Mujeres,3-14,actividad,Ocupada,134.0,837.0,56.0,
2015,lengua,Indígena,Mujeres,30-59,actividad,Desocupada,148.0,35514.0,2632.0,0.000627
2015,lengua,Indígena,Mujeres,30-59,actividad,No económicamente activa,12790.0,35514.0,2632.0,0.00844
2015,lengua,Indígena,Mujeres,30-59,actividad,Ocupada,22576.0,35514.0,2632.0,0.009184
2015,lengua,Indígena,Mujeres,60+,actividad,Desocupada,18.0,13157.0,837.0,
2015,lengua,Indígena,Mujeres,60+,actividad,No económicamente activa,9007.0,13157.0,837.0,0.010536
2015,lengua,Indígena,Mujeres,60+,actividad,Ocupada,4132.0,13157.0,837.0,0.013227
2015,lengua,Indígena,Mujeres,Todas,actividad,Desocupada,356.0,66496.0,4754.0,0.000588
2015,lengua,Indígena,Mujeres,Todas,actividad,No económicamente activa,30312.0,66496.0,4754.0,0.007666
2015,lengua,Indígena,Mujeres,Todas,actividad,Ocupada,35828.0,66496.0,4754.0,0.008182
2015,lengua,Indígena,Total,15-29,actividad,Desocupada,466.0,31704.0,2416.0,0.000717
2015,lengua,Indígena,Total,15-29,actividad,No económicamente activa,9338.0,31704.0,2416.0,0.00745
2015,lengua,Indígena,Total,15-29,actividad,Ocupada,21900.0,31704.0,2416.0,0.009876
2015,lengua,Indígena,Total,3-14,actividad,Desocupada,,1666.0,113.0,
2015,lengua,Indígena,Total,3-14,actividad,No económicamente activa,1390.0,1666.0,113.0,0.016757
2015,lengua,Indígena,Total,3-14,actividad,Ocupada,276.0,1666.0,113.0,0.011313
2015,lengua,Indígena,Total,30-59,actividad,Desocupada,888.0,67812.0,5151.0,0.001033
2015,lengua,Indígena,Total,30-59,actividad,No económicamente activa,14768.0,67812.0,5151.0,0.005514
2015,lengua,Indígena,Total,30-59,actividad,Ocupada,52156.0,67812.0,5151.0,0.007619
2015,lengua,Indígena,Total,60+,actividad,Desocupada,147.0,24164.0,1561.0,
2015,lengua,Indígena,Total,60+,actividad,No económicamente activa,14381.0,24164.0,1561.0,0.009971
2015,lengua,Indígena,Total,60+,actividad,Ocupada,9636.0,24164.0,1561.0,0.010862
2015,lengua,Indígena,Total,Todas,actividad,Desocupada,1501.0,125346.0,9241.0,0.000729
2015,lengua,Indígena,Total,Todas,actividad,No económicamente activa,39877.0,125346.0,9241.0,0.005766
2015,lengua,Indígena,Total,Todas,actividad,Ocupada,83968.0,125346.0,9241.0,0.006638
2015,lengua,Resto,Hombres,15-29,actividad,Desocupada,45709.0,1022449.0,64543.0,0.000949
2015,lengua,Resto,Hombres,15-29,actividad,No económicamente activa,442044.0,1022449.0,64543.0,0.003234
2015,lengua,Resto,Hombres,15-29,actividad,Ocupada,534696.0,1022449.0,64543.0,0.003271
2015,lengua,Resto,Hombres,3-14,actividad,Desocupada,539.0,187905.0,12045.0,0.000209
2015,lengua,Resto,Hombres,3-14,actividad,No económicamente activa,184354.0,187905.0,12045.0,0.001508
2015,lengua,Resto,Hombres,3-14,actividad,Ocupada,3012.0,187905.0,12045.0,0.000827
2015,lengua,Resto,Hombres,30-59,actividad,Desocupada,57478.0,1693754.0,103999.0,0.000707
2015,lengua,Resto,Hombres,30-59,actividad,No económicamente activa,107407.0,1693754.0,103999.0,0.000993
2015,lengua,Resto,Hombres,30-59,actividad,Ocupada,1528869.0,1693754.0,103999.0,0.001448
2015,lengua,Resto,Hombres,60+,actividad,Desocupada,7018.0,527524.0,30465.0,0.000477
2015,lengua,Resto,Hombres,60+,actividad,No económicamente activa,294117.0,527524.0,30465.0,0.004028
2015,lengua,Resto,Hombres,60+,actividad,Ocupada,226389.0,527524.0,30465.0,0.003973
2015,lengua,Resto,Hombres,Todas,actividad,Desocupada,110744.0,3431632.0,211052.0,0.000562
2015,lengua,Resto,Hombres,Todas,actividad,No económicamente activa,1027922.0,3431632.0,211052.0,0.001666
2015,lengua,Resto,Hombres,Todas,actividad,Ocupada,2292966.0,3431632.0,211052.0,0.001741
2015,lengua,Resto,Mujeres,15-29,actividad,Desocupada,29968.0,1043769.0,66242.0,0.000826
2015,lengua,Resto,Mujeres,15-29,actividad,No económicamente activa,644379.0,1043769.0,66242.0,0.003183
2015,lengua,Resto,Mujeres,15-29,actividad,Ocupada,369422.0,1043769.0,66242.0,0.003081
2015,lengua,Resto,Mujeres,3-14,actividad,Desocupada,499.0,185492.0,11789.0,0.000153
2015,lengua,Resto,Mujeres,3-14,actividad,No económicamente activa,182957.0,185492.0,11789.0,0.001327
2015,lengua,Resto,Mujeres,3-14,actividad,Ocupada,2036.0,185492.0,11789.0,0.000602
2015,lengua,Resto,Mujeres,30-59,actividad,Desocupada,27071.0,1958423.0,119604.0,0.000352
2015,lengua,Resto,Mujeres,30-59,actividad,No económicamente activa,784997.0,1958423.0,119604.0,0.002674
2015,lengua,Resto,Mujeres,30-59,actividad,Ocupada,1146355.0,1958423.0,119604.0,0.002678
2015,lengua,Resto,Mujeres,60+,actividad,Desocupada,1379.0,716203.0,40812.0,0.00017
2015,lengua,Resto,Mujeres,60+,actividad,No económicamente activa,587638.0,716203.0,40812.0,0.002662
2015,lengua,Resto,Mujeres,60+,actividad,Ocupada,127186.0,716203.0,40812.0,0.002259
2015,lengua,Resto,Mujeres,Todas,actividad,Desocupada,58917.0,3903887.0,238447.0,0.000318
2015,lengua,Resto,Mujeres,Todas,actividad,No económicamente activa,2199971.0,3903887.0,238447.0,0.002157
2015,lengua,Resto,Mujeres,Todas,actividad,Ocupada,1644999.0,3903887.0,238447.0,0.002151
2015,lengua,Resto,Total,15-29,actividad,Desocupada,75677.0,2066218.0,130785.0,0.000726
2015,lengua,Resto,Total,15-29,actividad,No económicamente activa,1086423.0,2066218.0,130785.0,0.002444
2015,lengua,Resto,Total,15-29,actividad,Ocupada,904118.0,2066218.0,130785.0,0.002475
2015,lengua,Resto,Total,3-14,actividad,Desocupada,1038.0,373397.0,23834.0,0.000147
2015,lengua,Resto,Total,3-14,actividad,No económicamente activa,367311.0,373397.0,23834.0,0.00102
2015,lengua,Resto,Total,3-14,actividad,Ocupada,5048.0,373397.0,23834.0,0.000564
2015,lengua,Resto,Total,30-59,actividad,Desocupada,84549.0,3652177.0,223603.0,0.000444
2015,lengua,Resto,Total,30-59,actividad,No económicamente activa,892404.0,3652177.0,223603.0,0.001596
2015,lengua,Resto,Total,30-59,actividad,Ocupada,2675224.0,3652177.0,223603.0,0.001686
2015,lengua,Resto,Total,60+,actividad,Desocupada,8397.0,1243727.0,71277.0,0.000245
2015,lengua,Resto,Total,60+,actividad,No económicamente activa,881755.0,1243727.0,71277.0,0.002653
2015,lengua,Resto,Total,60+,actividad,Ocupada,353575.0,1243727.0,71277.0,0.002563
2015,lengua,Resto,Total,Todas,actividad,Desocupada,169661.0,7335519.0,449499.0,0.00039
2015,lengua,Resto,Total,Todas,actividad,No económicamente activa,3227893.0,7335519.0,449499.0,0.001578
2015,lengua,Resto,Total,Todas,actividad,Ocupada,3937965.0,7335519.0,449499.0,0.001622
2015,lengua,Indígena,Hombres,15-29,domestico,Trabajo doméstico remunerado,22.0,12914.0,1035.0,2e-06
2015,lengua,Indígena,Hombres,3-14,domestico,Trabajo doméstico remunerado,,142.0,10.0,
2015,lengua,Indígena,Hombres,30-59,domestico,Trabajo doméstico remunerado,201.0,29580.0,2324.0,0.000409
2015,lengua,Indígena,Hombres,60+,domestico,Trabajo doméstico remunerado,23.0,5504.0,362.0,
2015,lengua,Indígena,Hombres,Todas,domestico,Trabajo doméstico remunerado,246.0,48140.0,3731.0,0.00035
2015,lengua,Indígena,Mujeres,15-29,domestico,Trabajo doméstico remunerado,3335.0,8986.0,611.0,0.013472
2015,lengua,Indígena,Mujeres,3-14,domestico,Trabajo doméstico remunerado,,134.0,5.0,
2015,lengua,Indígena,Mujeres,30-59,domestico,Trabajo doméstico remunerado,8860.0,22576.0,1608.0,0.010097
2015,lengua,Indígena,Mujeres,60+,domestico,Trabajo doméstico remunerado,1287.0,4132.0,239.0,0.016173
2015,lengua,Indígena,Mujeres,Todas,domestico,Trabajo doméstico remunerado,13482.0,35828.0,2463.0,0.009105
2015,lengua,Indígena,Total,15-29,domestico,Trabajo doméstico remunerado,3357.0,21900.0,1646.0,0.006926
2015,lengua,Indígena,Total,3-14,domestico,Trabajo doméstico remunerado,,276.0,15.0,
2015,lengua,Indígena,Total,30-59,domestico,Trabajo doméstico remunerado,9061.0,52156.0,3932.0,0.005767
2015,lengua,Indígena,Total,60+,domestico,Trabajo doméstico remunerado,1310.0,9636.0,601.0,0.008352
2015,lengua,Indígena,Total,Todas,domestico,Trabajo doméstico remunerado,13728.0,83968.0,6194.0,0.005019
2015,lengua,Resto,Hombres,15-29,domestico,Trabajo doméstico remunerado,746.0,534696.0,34452.0,0.000157
2015,lengua,Resto,Hombres,3-14,domestico,Trabajo doméstico remunerado,7.0,3012.0,241.0,
2015,lengua,Resto,Hombres,30-59,domestico,Trabajo doméstico remunerado,1661.0,1528869.0,94175.0,6.3e-05
2015,lengua,Resto,Hombres,60+,domestico,Trabajo doméstico remunerado,413.0,226389.0,13334.0,0.000355
2015,lengua,Resto,Hombres,Todas,domestico,Trabajo doméstico remunerado,2827.0,2292966.0,142202.0,6.6e-05
2015,lengua,Resto,Mujeres,15-29,domestico,Trabajo doméstico remunerado,21424.0,369422.0,23229.0,0.002805
2015,lengua,Resto,Mujeres,3-14,domestico,Trabajo doméstico remunerado,52.0,2036.0,141.0,
2015,lengua,Resto,Mujeres,30-59,domestico,Trabajo doméstico remunerado,86856.0,1146355.0,69640.0,0.001829
2015,lengua,Resto,Mujeres,60+,domestico,Trabajo doméstico remunerado,15348.0,127186.0,7374.0,0.003471
2015,lengua,Resto,Mujeres,Todas,domestico,Trabajo doméstico remunerado,123680.0,1644999.0,100384.0,0.001806
2015,lengua,Resto,Total,15-29,domestico,Trabajo doméstico remunerado,22170.0,904118.0,57681.0,0.001199
2015,lengua,Resto,Total,3-14,domestico,Trabajo doméstico remunerado,59.0,5048.0,382.0,
2015,lengua,Resto,Total,30-59,domestico,Trabajo doméstico remunerado,88517.0,2675224.0,163815.0,0.00079
2015,lengua,Resto,Total,60+,domestico,Trabajo doméstico remunerado,15761.0,353575.0,20708.0,0.001334
2015,lengua,Resto,Total,Todas,domestico,Trabajo doméstico remunerado,126507.0,3937965.0,242586.0,0.000768
2015,lengua,Indígena,Hombres,15-29,escolaridad,Media superior,2723.0,14743.0,1193.0,0.007716
2015,lengua,Indígena,Hombres,15-29,escolaridad,Primaria o menos,3898.0,14743.0,1193.0,0.010521
2015,lengua,Indígena,Hombres,15-29,escolaridad,Secundaria,6311.0,14743.0,1193.0,0.013525
2015,lengua,Indígena,Hombres,15-29,escolaridad,Superior,1811.0,14743.0,1193.0,0.007931
2015,lengua,Indígena,Hombres,30-59,escolaridad,Media superior,3599.0,32306.0,2517.0,0.005892
2015,lengua,Indígena,Hombres,30-59,escolaridad,Primaria o menos,14796.0,32306.0,2517.0,0.00985
2015,lengua,Indígena,Hombres,30-59,escolaridad,Secundaria,8735.0,32306.0,2517.0,0.007707
2015,lengua,Indígena,Hombres,30-59,escolaridad,Superior,5176.0,32306.0,2517.0,0.005892
2015,lengua,Indígena,Hombres,60+,escolaridad,Media superior,810.0,10955.0,724.0,0.0069
2015,lengua,Indígena,Hombres,60+,escolaridad,Primaria o menos,6393.0,10955.0,724.0,0.011654
2015,lengua,Indígena,Hombres,60+,escolaridad,Secundaria,1407.0,10955.0,724.0,0.008358
2015,lengua,Indígena,Hombres,60+,escolaridad,Superior,2345.0,10955.0,724.0,0.010415
2015,lengua,Indígena,Hombres,Todas,escolaridad,Media superior,7132.0,58004.0,4434.0,0.004296
2015,lengua,Indígena,Hombres,Todas,escolaridad,Primaria o menos,25087.0,58004.0,4434.0,0.007775
2015,lengua,Indígena,Hombres,Todas,escolaridad,Secundaria,16453.0,58004.0,4434.0,0.006718
2015,lengua,Indígena,Hombres,Todas,escolaridad,Superior,9332.0,58004.0,4434.0,0.005206
2015,lengua,Indígena,Mujeres,15-29,escolaridad,Media superior,3767.0,17005.0,1231.0,0.010117
2015,lengua,Indígena,Mujeres,15-29,escolaridad,Primaria o menos,4821.0,17005.0,1231.0,0.01071
2015,lengua,Indígena,Mujeres,15-29,escolaridad,Secundaria,6776.0,17005.0,1231.0,0.011728
2015,lengua,Indígena,Mujeres,15-29,escolaridad,Superior,1641.0,17005.0,1231.0,0.005397
2015,lengua,Indígena,Mujeres,30-59,escolaridad,Media superior,2526.0,35553.0,2637.0,0.003712
2015,lengua,Indígena,Mujeres,30-59,escolaridad,Primaria o menos,22482.0,35553.0,2637.0,0.008988
2015,lengua,Indígena,Mujeres,30-59,escolaridad,Secundaria,6595.0,35553.0,2637.0,0.005208
2015,lengua,Indígena,Mujeres,30-59,escolaridad,Superior,3950.0,35553.0,2637.0,0.004226
2015,lengua,Indígena,Mujeres,60+,escolaridad,Media superior,760.0,13164.0,839.0,0.005868
2015,lengua,Indígena,Mujeres,60+,escolaridad,Primaria o menos,10530.0,13164.0,839.0,0.008241
2015,lengua,Indígena,Mujeres,60+,escolaridad,Secundaria,837.0,13164.0,839.0,0.004569
2015,lengua,Indígena,Mujeres,60+,escolaridad,Superior,1037.0,13164.0,839.0,0.005749
2015,lengua,Indígena,Mujeres,Todas,escolaridad,Media superior,7053.0,65722.0,4707.0,0.004216
2015,lengua,Indígena,Mujeres,Todas,escolaridad,Primaria o menos,37833.0,65722.0,4707.0,0.007369
2015,lengua,Indígena,Mujeres,Todas,escolaridad,Secundaria,14208.0,65722.0,4707.0,0.005191
2015,lengua,Indígena,Mujeres,Todas,escolaridad,Superior,6628.0,65722.0,4707.0,0.003626
2015,lengua,Indígena,Total,15-29,escolaridad,Media superior,6490.0,31748.0,2424.0,0.007287
2015,lengua,Indígena,Total,15-29,escolaridad,Primaria o menos,8719.0,31748.0,2424.0,0.009028
2015,lengua,Indígena,Total,15-29,escolaridad,Secundaria,13087.0,31748.0,2424.0,0.010218
2015,lengua,Indígena,Total,15-29,escolaridad,Superior,3452.0,31748.0,2424.0,0.005553
2015,lengua,Indígena,Total,30-59,escolaridad,Media superior,6125.0,67859.0,5154.0,0.003564
2015,lengua,Indígena,Total,30-59,escolaridad,Primaria o menos,37278.0,67859.0,5154.0,0.008501
2015,lengua,Indígena,Total,30-59,escolaridad,Secundaria,15330.0,67859.0,5154.0,0.005521
2015,lengua,Indígena,Total,30-59,escolaridad,Superior,9126.0,67859.0,5154.0,0.004572
2015,lengua,Indígena,Total,60+,escolaridad,Media superior,1570.0,24119.0,1563.0,0.005728
2015,lengua,Indígena,Total,60+,escolaridad,Primaria o menos,16923.0,24119.0,1563.0,0.010252
2015,lengua,Indígena,Total,60+,escolaridad,Secundaria,2244.0,24119.0,1563.0,0.005088
2015,lengua,Indígena,Total,60+,escolaridad,Superior,3382.0,24119.0,1563.0,0.007768
2015,lengua,Indígena,Total,Todas,escolaridad,Media superior,14185.0,123726.0,9141.0,0.003454
2015,lengua,Indígena,Total,Todas,escolaridad,Primaria o menos,62920.0,123726.0,9141.0,0.00673
2015,lengua,Indígena,Total,Todas,escolaridad,Secundaria,30661.0,123726.0,9141.0,0.005143
2015,lengua,Indígena,Total,Todas,escolaridad,Superior,15960.0,123726.0,9141.0,0.003774
2015,lengua,Resto,Hombres,15-29,escolaridad,Media superior,381512.0,1022283.0,64534.0,0.00289
2015,lengua,Resto,Hombres,15-29,escolaridad,Primaria o menos,45436.0,1022283.0,64534.0,0.001036
2015,lengua,Resto,Hombres,15-29,escolaridad,Secundaria,286968.0,1022283.0,64534.0,0.003198
2015,lengua,Resto,Hombres,15-29,escolaridad,Superior,308367.0,1022283.0,64534.0,0.004031
2015,lengua,Resto,Hombres,30-59,escolaridad,Media superior,427547.0,1693088.0,103986.0,0.002333
2015,lengua,Resto,Hombres,30-59,escolaridad,Primaria o menos,191341.0,1693088.0,103986.0,0.002057
2015,lengua,Resto,Hombres,30-59,escolaridad,Secundaria,425743.0,1693088.0,103986.0,0.002847
2015,lengua,Resto,Hombres,30-59,escolaridad,Superior,648457.0,1693088.0,103986.0,0.004934
2015,lengua,Resto,Hombres,60+,escolaridad,Media superior,68123.0,527985.0,30501.0,0.00209
2015,lengua,Resto,Hombres,60+,escolaridad,Primaria o menos,203042.0,527985.0,30501.0,0.004808
2015,lengua,Resto,Hombres,60+,escolaridad,Secundaria,94414.0,527985.0,30501.0,0.002661
2015,lengua,Resto,Hombres,60+,escolaridad,Superior,162406.0,527985.0,30501.0,0.005114
2015,lengua,Resto,Hombres,Todas,escolaridad,Media superior,877182.0,3243356.0,199021.0,0.001809
2015,lengua,Resto,Hombres,Todas,escolaridad,Primaria o menos,439819.0,3243356.0,199021.0,0.001746
2015,lengua,Resto,Hombres,Todas,escolaridad,Secundaria,807125.0,3243356.0,199021.0,0.002413
2015,lengua,Resto,Hombres,Todas,escolaridad,Superior,1119230.0,3243356.0,199021.0,0.004151
2015,lengua,Resto,Mujeres,15-29,escolaridad,Media superior,391073.0,1042728.0,66210.0,0.003014
2015,lengua,Resto,Mujeres,15-29,escolaridad,Primaria o menos,38476.0,1042728.0,66210.0,0.000892
2015,lengua,Resto,Mujeres,15-29,escolaridad,Secundaria,271519.0,1042728.0,66210.0,0.003084
2015,lengua,Resto,Mujeres,15-29,escolaridad,Superior,341660.0,1042728.0,66210.0,0.004012
2015,lengua,Resto,Mujeres,30-59,escolaridad,Media superior,499386.0,1958708.0,119628.0,0.002217
2015,lengua,Resto,Mujeres,30-59,escolaridad,Primaria o menos,291633.0,1958708.0,119628.0,0.002072
2015,lengua,Resto,Mujeres,30-59,escolaridad,Secundaria,482205.0,1958708.0,119628.0,0.002686
2015,lengua,Resto,Mujeres,30-59,escolaridad,Superior,685484.0,1958708.0,119628.0,0.004485
2015,lengua,Resto,Mujeres,60+,escolaridad,Media superior,110255.0,717672.0,40904.0,0.002363
2015,lengua,Resto,Mujeres,60+,escolaridad,Primaria o menos,362523.0,717672.0,40904.0,0.005102
2015,lengua,Resto,Mujeres,60+,escolaridad,Secundaria,123218.0,717672.0,40904.0,0.002371
2015,lengua,Resto,Mujeres,60+,escolaridad,Superior,121676.0,717672.0,40904.0,0.003209
2015,lengua,Resto,Mujeres,Todas,escolaridad,Media superior,1000714.0,3719108.0,226742.0,0.001632
2015,lengua,Resto,Mujeres,Todas,escolaridad,Primaria o menos,692632.0,3719108.0,226742.0,0.001833
2015,lengua,Resto,Mujeres,Todas,escolaridad,Secundaria,876942.0,3719108.0,226742.0,0.002015
2015,lengua,Resto,Mujeres,Todas,escolaridad,Superior,1148820.0,3719108.0,226742.0,0.003615
2015,lengua,Resto,Total,15-29,escolaridad,Media superior,772585.0,2065011.0,130744.0,0.002422
2015,lengua,Resto,Total,15-29,escolaridad,Primaria o menos,83912.0,2065011.0,130744.0,0.000853
2015,lengua,Resto,Total,15-29,escolaridad,Secundaria,558487.0,2065011.0,130744.0,0.002877
2015,lengua,Resto,Total,15-29,escolaridad,Superior,650027.0,2065011.0,130744.0,0.003769
2015,lengua,Resto,Total,30-59,escolaridad,Media superior,926933.0,3651796.0,223614.0,0.001954
2015,lengua,Resto,Total,30-59,escolaridad,Primaria o menos,482974.0,3651796.0,223614.0,0.001986
2015,lengua,Resto,Total,30-59,escolaridad,Secundaria,907948.0,3651796.0,223614.0,0.002602
2015,lengua,Resto,Total,30-59,escolaridad,Superior,1333941.0,3651796.0,223614.0,0.004591
2015,lengua,Resto,Total,60+,escolaridad,Media superior,178378.0,1245657.0,71405.0,0.001866
2015,lengua,Resto,Total,60+,escolaridad,Primaria o menos,565565.0,1245657.0,71405.0,0.004747
2015,lengua,Resto,Total,60+,escolaridad,Secundaria,217632.0,1245657.0,71405.0,0.002077
2015,lengua,Resto,Total,60+,escolaridad,Superior,284082.0,1245657.0,71405.0,0.003862
2015,lengua,Resto,Total,Todas,escolaridad,Media superior,1877896.0,6962464.0,425763.0,0.001462
2015,lengua,Resto,Total,Todas,escolaridad,Primaria o menos,1132451.0,6962464.0,425763.0,0.001705
2015,lengua,Resto,Total,Todas,escolaridad,Secundaria,1684067.0,6962464.0,425763.0,0.002049
2015,lengua,Resto,Total,Todas,escolaridad,Superior,2268050.0,6962464.0,425763.0,0.003785
2015,lengua,Indígena,Hombres,15-29,monolingue,No habla español,14.0,13048.0,1071.0,
2015,lengua,Indígena,Hombres,3-14,monolingue,No habla español,38.0,1948.0,167.0,
2015,lengua,Indígena,Hombres,30-59,monolingue,No habla español,41.0,28968.0,2262.0,
2015,lengua,Indígena,Hombres,60+,monolingue,No habla español,21.0,9397.0,625.0,
2015,lengua,Indígena,Hombres,Todas,monolingue,No habla español,114.0,53361.0,4125.0,
2015,lengua,Indígena,Mujeres,15-29,monolingue,No habla español,40.0,15021.0,1092.0,
2015,lengua,Indígena,Mujeres,3-14,monolingue,No habla español,40.0,1950.0,163.0,
2015,lengua,Indígena,Mujeres,30-59,monolingue,No habla español,23.0,31350.0,2322.0,
2015,lengua,Indígena,Mujeres,60+,monolingue,No habla español,325.0,11319.0,741.0,0.002364
2015,lengua,Indígena,Mujeres,Todas,monolingue,No habla español,428.0,59640.0,4318.0,0.000466
2015,lengua,Indígena,Total,15-29,monolingue,No habla español,54.0,28069.0,2163.0,
2015,lengua,Indígena,Total,3-14,monolingue,No habla español,78.0,3898.0,330.0,
2015,lengua,Indígena,Total,30-59,monolingue,No habla español,64.0,60318.0,4584.0,
2015,lengua,Indígena,Total,60+,monolingue,No habla español,346.0,20716.0,1366.0,0.0013
2015,lengua,Indígena,Total,Todas,monolingue,No habla español,542.0,113001.0,8443.0,0.000265
2015,lengua,Indígena,Hombres,Todas,piramide,10-14,1244.0,129297.0,91.0,
2015,lengua,Indígena,Hombres,Todas,piramide,15-19,2796.0,129297.0,253.0,
2015,lengua,Indígena,Hombres,Todas,piramide,20-24,5958.0,129297.0,495.0,
2015,lengua,Indígena,Hombres,Todas,piramide,25-29,5989.0,129297.0,445.0,
2015,lengua,Indígena,Hombres,Todas,piramide,3-4,363.0,129297.0,38.0,
2015,lengua,Indígena,Hombres,Todas,piramide,30-34,6984.0,129297.0,507.0,
2015,lengua,Indígena,Hombres,Todas,piramide,35-39,6430.0,129297.0,476.0,
2015,lengua,Indígena,Hombres,Todas,piramide,40-44,5741.0,129297.0,471.0,
2015,lengua,Indígena,Hombres,Todas,piramide,45-49,4918.0,129297.0,431.0,
2015,lengua,Indígena,Hombres,Todas,piramide,5-9,1206.0,129297.0,93.0,
2015,lengua,Indígena,Hombres,Todas,piramide,50-54,4311.0,129297.0,339.0,
2015,lengua,Indígena,Hombres,Todas,piramide,55-59,3945.0,129297.0,297.0,
2015,lengua,Indígena,Hombres,Todas,piramide,60-64,3874.0,129297.0,237.0,
2015,lengua,Indígena,Hombres,Todas,piramide,65-69,2585.0,129297.0,170.0,
2015,lengua,Indígena,Hombres,Todas,piramide,70-74,1950.0,129297.0,132.0,
2015,lengua,Indígena,Hombres,Todas,piramide,75-79,1058.0,129297.0,76.0,
2015,lengua,Indígena,Hombres,Todas,piramide,80-84,849.0,129297.0,62.0,
2015,lengua,Indígena,Hombres,Todas,piramide,85 y más,695.0,129297.0,48.0,
2015,lengua,Indígena,Mujeres,Todas,piramide,10-14,1275.0,129297.0,94.0,
2015,lengua,Indígena,Mujeres,Todas,piramide,15-19,2810.0,129297.0,239.0,
2015,lengua,Indígena,Mujeres,Todas,piramide,20-24,6928.0,129297.0,514.0,
2015,lengua,Indígena,Mujeres,Todas,piramide,25-29,7267.0,129297.0,478.0,
2015,lengua,Indígena,Mujeres,Todas,piramide,3-4,429.0,129297.0,27.0,
2015,lengua,Indígena,Mujeres,Todas,piramide,30-34,6536.0,129297.0,483.0,
2015,lengua,Indígena,Mujeres,Todas,piramide,35-39,6969.0,129297.0,495.0,
2015,lengua,Indígena,Mujeres,Todas,piramide,40-44,6903.0,129297.0,515.0,
2015,lengua,Indígena,Mujeres,Todas,piramide,45-49,5361.0,129297.0,436.0,
2015,lengua,Indígena,Mujeres,Todas,piramide,5-9,912.0,129297.0,83.0,
2015,lengua,Indígena,Mujeres,Todas,piramide,50-54,5664.0,129297.0,410.0,
2015,lengua,Indígena,Mujeres,Todas,piramide,55-59,4173.0,129297.0,300.0,
2015,lengua,Indígena,Mujeres,Todas,piramide,60-64,4699.0,129297.0,281.0,
2015,lengua,Indígena,Mujeres,Todas,piramide,65-69,2966.0,129297.0,183.0,
2015,lengua,Indígena,Mujeres,Todas,piramide,70-74,1880.0,129297.0,131.0,
2015,lengua,Indígena,Mujeres,Todas,piramide,75-79,1366.0,129297.0,98.0,
2015,lengua,Indígena,Mujeres,Todas,piramide,80-84,933.0,129297.0,70.0,
2015,lengua,Indígena,Mujeres,Todas,piramide,85 y más,1330.0,129297.0,77.0,
2015,lengua,Resto,Hombres,Todas,piramide,10-14,316675.0,8421678.0,20270.0,
2015,lengua,Resto,Hombres,Todas,piramide,15-19,320977.0,8421678.0,20581.0,
2015,lengua,Resto,Hombres,Todas,piramide,20-24,364487.0,8421678.0,22977.0,
2015,lengua,Resto,Hombres,Todas,piramide,25-29,339290.0,8421678.0,21146.0,
2015,lengua,Resto,Hombres,Todas,piramide,3-4,112269.0,8421678.0,7310.0,
2015,lengua,Resto,Hombres,Todas,piramide,30-34,337590.0,8421678.0,20772.0,
2015,lengua,Resto,Hombres,Todas,piramide,35-39,314772.0,8421678.0,19415.0,
2015,lengua,Resto,Hombres,Todas,piramide,40-44,312350.0,8421678.0,19458.0,
2015,lengua,Resto,Hombres,Todas,piramide,45-49,263923.0,8421678.0,16292.0,
2015,lengua,Resto,Hombres,Todas,piramide,5-9,305173.0,8421678.0,19572.0,
2015,lengua,Resto,Hombres,Todas,piramide,50-54,257332.0,8421678.0,15772.0,
2015,lengua,Resto,Hombres,Todas,piramide,55-59,209253.0,8421678.0,12392.0,
2015,lengua,Resto,Hombres,Todas,piramide,60-64,174416.0,8421678.0,10266.0,
2015,lengua,Resto,Hombres,Todas,piramide,65-69,130090.0,8421678.0,7557.0,
2015,lengua,Resto,Hombres,Todas,piramide,70-74,94607.0,8421678.0,5351.0,
2015,lengua,Resto,Hombres,Todas,piramide,75-79,60541.0,8421678.0,3448.0,
2015,lengua,Resto,Hombres,Todas,piramide,80-84,38685.0,8421678.0,2176.0,
2015,lengua,Resto,Hombres,Todas,piramide,85 y más,30108.0,8421678.0,1730.0,
2015,lengua,Resto,Mujeres,Todas,piramide,10-14,308220.0,8421678.0,19616.0,
2015,lengua,Resto,Mujeres,Todas,piramide,15-19,320603.0,8421678.0,20633.0,
2015,lengua,Resto,Mujeres,Todas,piramide,20-24,365697.0,8421678.0,23141.0,
2015,lengua,Resto,Mujeres,Todas,piramide,25-29,359600.0,8421678.0,22619.0,
2015,lengua,Resto,Mujeres,Todas,piramide,3-4,110470.0,8421678.0,7181.0,
2015,lengua,Resto,Mujeres,Todas,piramide,30-34,367517.0,8421678.0,22772.0,
2015,lengua,Resto,Mujeres,Todas,piramide,35-39,357164.0,8421678.0,22099.0,
2015,lengua,Resto,Mujeres,Todas,piramide,40-44,363557.0,8421678.0,22411.0,
2015,lengua,Resto,Mujeres,Todas,piramide,45-49,314337.0,8421678.0,19181.0,
2015,lengua,Resto,Mujeres,Todas,piramide,5-9,294718.0,8421678.0,18846.0,
2015,lengua,Resto,Mujeres,Todas,piramide,50-54,308036.0,8421678.0,18434.0,
2015,lengua,Resto,Mujeres,Todas,piramide,55-59,250921.0,8421678.0,14894.0,
2015,lengua,Resto,Mujeres,Todas,piramide,60-64,221752.0,8421678.0,12785.0,
2015,lengua,Resto,Mujeres,Todas,piramide,65-69,168084.0,8421678.0,9639.0,
2015,lengua,Resto,Mujeres,Todas,piramide,70-74,127795.0,8421678.0,7184.0,
2015,lengua,Resto,Mujeres,Todas,piramide,75-79,80993.0,8421678.0,4602.0,
2015,lengua,Resto,Mujeres,Todas,piramide,80-84,61414.0,8421678.0,3491.0,
2015,lengua,Resto,Mujeres,Todas,piramide,85 y más,58262.0,8421678.0,3242.0,
2015,lengua,Indígena,Hombres,15-29,posicion,Empleada u obrera,10554.0,12797.0,1025.0,0.010499
2015,lengua,Indígena,Hombres,15-29,posicion,Jornalera o peona,309.0,12797.0,1025.0,0.003184
2015,lengua,Indígena,Hombres,15-29,posicion,Patrona,73.0,12797.0,1025.0,
2015,lengua,Indígena,Hombres,15-29,posicion,Por cuenta propia,1699.0,12797.0,1025.0,0.009613
2015,lengua,Indígena,Hombres,15-29,posicion,Sin pago,162.0,12797.0,1025.0,
2015,lengua,Indígena,Hombres,3-14,posicion,Empleada u obrera,102.0,126.0,9.0,0.033258
2015,lengua,Indígena,Hombres,3-14,posicion,Jornalera o peona,,126.0,9.0,
2015,lengua,Indígena,Hombres,3-14,posicion,Patrona,,126.0,9.0,
2015,lengua,Indígena,Hombres,3-14,posicion,Por cuenta propia,9.0,126.0,9.0,
2015,lengua,Indígena,Hombres,3-14,posicion,Sin pago,15.0,126.0,9.0,
2015,lengua,Indígena,Hombres,30-59,posicion,Empleada u obrera,19238.0,29416.0,2308.0,0.009855
2015,lengua,Indígena,Hombres,30-59,posicion,Jornalera o peona,777.0,29416.0,2308.0,0.004811
2015,lengua,Indígena,Hombres,30-59,posicion,Patrona,799.0,29416.0,2308.0,0.002607
2015,lengua,Indígena,Hombres,30-59,posicion,Por cuenta propia,8502.0,29416.0,2308.0,0.007884
2015,lengua,Indígena,Hombres,30-59,posicion,Sin pago,100.0,29416.0,2308.0,3.5e-05
2015,lengua,Indígena,Hombres,60+,posicion,Empleada u obrera,2386.0,5432.0,358.0,0.015148
2015,lengua,Indígena,Hombres,60+,posicion,Jornalera o peona,97.0,5432.0,358.0,
2015,lengua,Indígena,Hombres,60+,posicion,Patrona,170.0,5432.0,358.0,0.001962
2015,lengua,Indígena,Hombres,60+,posicion,Por cuenta propia,2629.0,5432.0,358.0,0.016241
2015,lengua,Indígena,Hombres,60+,posicion,Sin pago,150.0,5432.0,358.0,
2015,lengua,Indígena,Hombres,Todas,posicion,Empleada u obrera,32280.0,47771.0,3700.0,0.009205
2015,lengua,Indígena,Hombres,Todas,posicion,Jornalera o peona,1183.0,47771.0,3700.0,0.00368
2015,lengua,Indígena,Hombres,Todas,posicion,Patrona,1042.0,47771.0,3700.0,0.001889
2015,lengua,Indígena,Hombres,Todas,posicion,Por cuenta propia,12839.0,47771.0,3700.0,0.007087
2015,lengua,Indígena,Hombres,Todas,posicion,Sin pago,427.0,47771.0,3700.0,0.000818
2015,lengua,Indígena,Mujeres,15-29,posicion,Empleada u obrera,7144.0,8849.0,600.0,0.009852
2015,lengua,Indígena,Mujeres,15-29,posicion,Jornalera o peona,,8849.0,600.0,
2015,lengua,Indígena,Mujeres,15-29,posicion,Patrona,26.0,8849.0,600.0,
2015,lengua,Indígena,Mujeres,15-29,posicion,Por cuenta propia,1504.0,8849.0,600.0,0.012892
2015,lengua,Indígena,Mujeres,15-29,posicion,Sin pago,175.0,8849.0,600.0,0.004801
2015,lengua,Indígena,Mujeres,3-14,posicion,Empleada u obrera,67.0,134.0,5.0,
2015,lengua,Indígena,Mujeres,3-14,posicion,Jornalera o peona,,134.0,5.0,
2015,lengua,Indígena,Mujeres,3-14,posicion,Patrona,,134.0,5.0,
2015,lengua,Indígena,Mujeres,3-14,posicion,Por cuenta propia,64.0,134.0,5.0,
2015,lengua,Indígena,Mujeres,3-14,posicion,Sin pago,3.0,134.0,5.0,
2015,lengua,Indígena,Mujeres,30-59,posicion,Empleada u obrera,15286.0,22259.0,1584.0,0.009985
2015,lengua,Indígena,Mujeres,30-59,posicion,Jornalera o peona,24.0,22259.0,1584.0,
2015,lengua,Indígena,Mujeres,30-59,posicion,Patrona,416.0,22259.0,1584.0,0.004716
2015,lengua,Indígena,Mujeres,30-59,posicion,Por cuenta propia,6325.0,22259.0,1584.0,0.009159
2015,lengua,Indígena,Mujeres,30-59,posicion,Sin pago,208.0,22259.0,1584.0,1e-05
2015,lengua,Indígena,Mujeres,60+,posicion,Empleada u obrera,2239.0,4011.0,231.0,0.018934
2015,lengua,Indígena,Mujeres,60+,posicion,Jornalera o peona,,4011.0,231.0,
2015,lengua,Indígena,Mujeres,60+,posicion,Patrona,121.0,4011.0,231.0,0.00396
2015,lengua,Indígena,Mujeres,60+,posicion,Por cuenta propia,1504.0,4011.0,231.0,0.026707
2015,lengua,Indígena,Mujeres,60+,posicion,Sin pago,147.0,4011.0,231.0,0.000721
2015,lengua,Indígena,Mujeres,Todas,posicion,Empleada u obrera,24736.0,35253.0,2420.0,0.009194
2015,lengua,Indígena,Mujeres,Todas,posicion,Jornalera o peona,24.0,35253.0,2420.0,
2015,lengua,Indígena,Mujeres,Todas,posicion,Patrona,563.0,35253.0,2420.0,0.003027
2015,lengua,Indígena,Mujeres,Todas,posicion,Por cuenta propia,9397.0,35253.0,2420.0,0.009511
2015,lengua,Indígena,Mujeres,Todas,posicion,Sin pago,533.0,35253.0,2420.0,0.001175
2015,lengua,Indígena,Total,15-29,posicion,Empleada u obrera,17698.0,21646.0,1625.0,0.009554
2015,lengua,Indígena,Total,15-29,posicion,Jornalera o peona,309.0,21646.0,1625.0,0.001921
2015,lengua,Indígena,Total,15-29,posicion,Patrona,99.0,21646.0,1625.0,0.000271
2015,lengua,Indígena,Total,15-29,posicion,Por cuenta propia,3203.0,21646.0,1625.0,0.009541
2015,lengua,Indígena,Total,15-29,posicion,Sin pago,337.0,21646.0,1625.0,0.001908
2015,lengua,Indígena,Total,3-14,posicion,Empleada u obrera,169.0,260.0,14.0,0.048982
2015,lengua,Indígena,Total,3-14,posicion,Jornalera o peona,,260.0,14.0,
2015,lengua,Indígena,Total,3-14,posicion,Patrona,,260.0,14.0,
2015,lengua,Indígena,Total,3-14,posicion,Por cuenta propia,73.0,260.0,14.0,
2015,lengua,Indígena,Total,3-14,posicion,Sin pago,18.0,260.0,14.0,
2015,lengua,Indígena,Total,30-59,posicion,Empleada u obrera,34524.0,51675.0,3892.0,0.00893
2015,lengua,Indígena,Total,30-59,posicion,Jornalera o peona,801.0,51675.0,3892.0,0.003119
2015,lengua,Indígena,Total,30-59,posicion,Patrona,1215.0,51675.0,3892.0,0.003116
2015,lengua,Indígena,Total,30-59,posicion,Por cuenta propia,14827.0,51675.0,3892.0,0.007674
2015,lengua,Indígena,Total,30-59,posicion,Sin pago,308.0,51675.0,3892.0,0.000885
2015,lengua,Indígena,Total,60+,posicion,Empleada u obrera,4625.0,9443.0,589.0,0.015195
2015,lengua,Indígena,Total,60+,posicion,Jornalera o peona,97.0,9443.0,589.0,
2015,lengua,Indígena,Total,60+,posicion,Patrona,291.0,9443.0,589.0,0.002243
2015,lengua,Indígena,Total,60+,posicion,Por cuenta propia,4133.0,9443.0,589.0,0.016429
2015,lengua,Indígena,Total,60+,posicion,Sin pago,297.0,9443.0,589.0,0.000308
2015,lengua,Indígena,Total,Todas,posicion,Empleada u obrera,57016.0,83024.0,6120.0,0.007978
2015,lengua,Indígena,Total,Todas,posicion,Jornalera o peona,1207.0,83024.0,6120.0,0.002343
2015,lengua,Indígena,Total,Todas,posicion,Patrona,1605.0,83024.0,6120.0,0.002069
2015,lengua,Indígena,Total,Todas,posicion,Por cuenta propia,22236.0,83024.0,6120.0,0.007283
2015,lengua,Indígena,Total,Todas,posicion,Sin pago,960.0,83024.0,6120.0,0.000927
2015,lengua,Resto,Hombres,15-29,posicion,Empleada u obrera,431324.0,525125.0,33838.0,0.003273
2015,lengua,Resto,Hombres,15-29,posicion,Jornalera o peona,3095.0,525125.0,33838.0,0.000463
2015,lengua,Resto,Hombres,15-29,posicion,Patrona,7918.0,525125.0,33838.0,0.000704
2015,lengua,Resto,Hombres,15-29,posicion,Por cuenta propia,77691.0,525125.0,33838.0,0.002595
2015,lengua,Resto,Hombres,15-29,posicion,Sin pago,5097.0,525125.0,33838.0,0.000512
2015,lengua,Resto,Hombres,3-14,posicion,Empleada u obrera,1359.0,1949.0,159.0,0.019025
2015,lengua,Resto,Hombres,3-14,posicion,Jornalera o peona,16.0,1949.0,159.0,
2015,lengua,Resto,Hombres,3-14,posicion,Patrona,,1949.0,159.0,
2015,lengua,Resto,Hombres,3-14,posicion,Por cuenta propia,249.0,1949.0,159.0,0.011403
2015,lengua,Resto,Hombres,3-14,posicion,Sin pago,325.0,1949.0,159.0,0.015971
2015,lengua,Resto,Hombres,30-59,posicion,Empleada u obrera,1039998.0,1512512.0,93145.0,0.002694
2015,lengua,Resto,Hombres,30-59,posicion,Jornalera o peona,6609.0,1512512.0,93145.0,0.000488
2015,lengua,Resto,Hombres,30-59,posicion,Patrona,66133.0,1512512.0,93145.0,0.001294
2015,lengua,Resto,Hombres,30-59,posicion,Por cuenta propia,395290.0,1512512.0,93145.0,0.002558
2015,lengua,Resto,Hombres,30-59,posicion,Sin pago,4482.0,1512512.0,93145.0,0.000205
2015,lengua,Resto,Hombres,60+,posicion,Empleada u obrera,109327.0,222679.0,13110.0,0.005426
2015,lengua,Resto,Hombres,60+,posicion,Jornalera o peona,1127.0,222679.0,13110.0,0.000917
2015,lengua,Resto,Hombres,60+,posicion,Patrona,19357.0,222679.0,13110.0,0.003551
2015,lengua,Resto,Hombres,60+,posicion,Por cuenta propia,91343.0,222679.0,13110.0,0.005121
2015,lengua,Resto,Hombres,60+,posicion,Sin pago,1525.0,222679.0,13110.0,0.000399
2015,lengua,Resto,Hombres,Todas,posicion,Empleada u obrera,1582008.0,2262265.0,140252.0,0.002388
2015,lengua,Resto,Hombres,Todas,posicion,Jornalera o peona,10847.0,2262265.0,140252.0,0.000475
2015,lengua,Resto,Hombres,Todas,posicion,Patrona,93408.0,2262265.0,140252.0,0.001261
2015,lengua,Resto,Hombres,Todas,posicion,Por cuenta propia,564573.0,2262265.0,140252.0,0.002313
2015,lengua,Resto,Hombres,Todas,posicion,Sin pago,11429.0,2262265.0,140252.0,0.000216
2015,lengua,Resto,Mujeres,15-29,posicion,Empleada u obrera,304821.0,360370.0,22666.0,0.003499
2015,lengua,Resto,Mujeres,15-29,posicion,Jornalera o peona,263.0,360370.0,22666.0,0.000109
2015,lengua,Resto,Mujeres,15-29,posicion,Patrona,4905.0,360370.0,22666.0,0.000932
2015,lengua,Resto,Mujeres,15-29,posicion,Por cuenta propia,47218.0,360370.0,22666.0,0.002656
2015,lengua,Resto,Mujeres,15-29,posicion,Sin pago,3163.0,360370.0,22666.0,0.000474
2015,lengua,Resto,Mujeres,3-14,posicion,Empleada u obrera,532.0,713.0,57.0,0.012479
2015,lengua,Resto,Mujeres,3-14,posicion,Jornalera o peona,,713.0,57.0,
2015,lengua,Resto,Mujeres,3-14,posicion,Patrona,10.0,713.0,57.0,
2015,lengua,Resto,Mujeres,3-14,posicion,Por cuenta propia,62.0,713.0,57.0,0.016647
2015,lengua,Resto,Mujeres,3-14,posicion,Sin pago,109.0,713.0,57.0,0.002376
2015,lengua,Resto,Mujeres,30-59,posicion,Empleada u obrera,851823.0,1129520.0,68598.0,0.0027
2015,lengua,Resto,Mujeres,30-59,posicion,Jornalera o peona,885.0,1129520.0,68598.0,8.8e-05
2015,lengua,Resto,Mujeres,30-59,posicion,Patrona,27253.0,1129520.0,68598.0,0.000821
2015,lengua,Resto,Mujeres,30-59,posicion,Por cuenta propia,242568.0,1129520.0,68598.0,0.002462
2015,lengua,Resto,Mujeres,30-59,posicion,Sin pago,6991.0,1129520.0,68598.0,0.000282
2015,lengua,Resto,Mujeres,60+,posicion,Empleada u obrera,65095.0,123700.0,7167.0,0.006078
2015,lengua,Resto,Mujeres,60+,posicion,Jornalera o peona,106.0,123700.0,7167.0,8.1e-05
2015,lengua,Resto,Mujeres,60+,posicion,Patrona,7179.0,123700.0,7167.0,0.003138
2015,lengua,Resto,Mujeres,60+,posicion,Por cuenta propia,49433.0,123700.0,7167.0,0.005845
2015,lengua,Resto,Mujeres,60+,posicion,Sin pago,1887.0,123700.0,7167.0,0.001117
2015,lengua,Resto,Mujeres,Todas,posicion,Empleada u obrera,1222271.0,1614303.0,98488.0,0.002417
2015,lengua,Resto,Mujeres,Todas,posicion,Jornalera o peona,1254.0,1614303.0,98488.0,0.0001
2015,lengua,Resto,Mujeres,Todas,posicion,Patrona,39347.0,1614303.0,98488.0,0.000848
2015,lengua,Resto,Mujeres,Todas,posicion,Por cuenta propia,339281.0,1614303.0,98488.0,0.002266
2015,lengua,Resto,Mujeres,Todas,posicion,Sin pago,12150.0,1614303.0,98488.0,0.000269
2015,lengua,Resto,Total,15-29,posicion,Empleada u obrera,736145.0,885495.0,56504.0,0.00261
2015,lengua,Resto,Total,15-29,posicion,Jornalera o peona,3358.0,885495.0,56504.0,0.000287
2015,lengua,Resto,Total,15-29,posicion,Patrona,12823.0,885495.0,56504.0,0.000647
2015,lengua,Resto,Total,15-29,posicion,Por cuenta propia,124909.0,885495.0,56504.0,0.002241
2015,lengua,Resto,Total,15-29,posicion,Sin pago,8260.0,885495.0,56504.0,0.000426
2015,lengua,Resto,Total,3-14,posicion,Empleada u obrera,1891.0,2662.0,216.0,0.017291
2015,lengua,Resto,Total,3-14,posicion,Jornalera o peona,16.0,2662.0,216.0,
2015,lengua,Resto,Total,3-14,posicion,Patrona,10.0,2662.0,216.0,
2015,lengua,Resto,Total,3-14,posicion,Por cuenta propia,311.0,2662.0,216.0,0.009005
2015,lengua,Resto,Total,3-14,posicion,Sin pago,434.0,2662.0,216.0,0.012571
2015,lengua,Resto,Total,30-59,posicion,Empleada u obrera,1891821.0,2642032.0,161743.0,0.002232
2015,lengua,Resto,Total,30-59,posicion,Jornalera o peona,7494.0,2642032.0,161743.0,0.000302
2015,lengua,Resto,Total,30-59,posicion,Patrona,93386.0,2642032.0,161743.0,0.001052
2015,lengua,Resto,Total,30-59,posicion,Por cuenta propia,637858.0,2642032.0,161743.0,0.002205
2015,lengua,Resto,Total,30-59,posicion,Sin pago,11473.0,2642032.0,161743.0,0.000187
2015,lengua,Resto,Total,60+,posicion,Empleada u obrera,174422.0,346379.0,20277.0,0.004778
2015,lengua,Resto,Total,60+,posicion,Jornalera o peona,1233.0,346379.0,20277.0,0.000592
2015,lengua,Resto,Total,60+,posicion,Patrona,26536.0,346379.0,20277.0,0.003092
2015,lengua,Resto,Total,60+,posicion,Por cuenta propia,140776.0,346379.0,20277.0,0.004737
2015,lengua,Resto,Total,60+,posicion,Sin pago,3412.0,346379.0,20277.0,0.000522
2015,lengua,Resto,Total,Todas,posicion,Empleada u obrera,2804279.0,3876568.0,238740.0,0.002
2015,lengua,Resto,Total,Todas,posicion,Jornalera o peona,12101.0,3876568.0,238740.0,0.000298
2015,lengua,Resto,Total,Todas,posicion,Patrona,132755.0,3876568.0,238740.0,0.001046
2015,lengua,Resto,Total,Todas,posicion,Por cuenta propia,903854.0,3876568.0,238740.0,0.002025
2015,lengua,Resto,Total,Todas,posicion,Sin pago,23579.0,3876568.0,238740.0,0.000199
2015,lengua,Todos,Total,Todas,proporcion,15-29,31748.0,2102402.0,133521.0,
2015,lengua,Todos,Total,Todas,proporcion,3-14,5429.0,1452954.0,93221.0,
2015,lengua,Todos,Total,Todas,proporcion,30-59,67935.0,3724687.0,229052.0,
2015,lengua,Todos,Total,Todas,proporcion,60+,24185.0,1270932.0,73036.0,
2015,lengua,Indígena,Hombres,15-29,salud,Afiliada,8228.0,14709.0,1190.0,0.014636
2015,lengua,Indígena,Hombres,3-14,salud,Afiliada,1785.0,2795.0,221.0,0.017335
2015,lengua,Indígena,Hombres,30-59,salud,Afiliada,21774.0,32166.0,2510.0,0.010048
2015,lengua,Indígena,Hombres,60+,salud,Afiliada,9285.0,10946.0,723.0,0.009286
2015,lengua,Indígena,Hombres,Todas,salud,Afiliada,41072.0,60616.0,4644.0,0.009361
2015,lengua,Indígena,Mujeres,15-29,salud,Afiliada,9966.0,16888.0,1222.0,0.012826
2015,lengua,Indígena,Mujeres,3-14,salud,Afiliada,1723.0,2603.0,202.0,0.026938
2015,lengua,Indígena,Mujeres,30-59,salud,Afiliada,25181.0,35354.0,2622.0,0.008635
2015,lengua,Indígena,Mujeres,60+,salud,Afiliada,10992.0,13129.0,837.0,0.009398
2015,lengua,Indígena,Mujeres,Todas,salud,Afiliada,47862.0,67974.0,4883.0,0.008272
2015,lengua,Indígena,Total,15-29,salud,Afiliada,18194.0,31597.0,2412.0,0.012457
2015,lengua,Indígena,Total,3-14,salud,Afiliada,3508.0,5398.0,423.0,0.023167
2015,lengua,Indígena,Total,30-59,salud,Afiliada,46955.0,67520.0,5132.0,0.008646
2015,lengua,Indígena,Total,60+,salud,Afiliada,20277.0,24075.0,1560.0,0.008216
2015,lengua,Indígena,Total,Todas,salud,Afiliada,88934.0,128590.0,9527.0,0.008382
2015,lengua,Resto,Hombres,15-29,salud,Afiliada,737705.0,1020948.0,64447.0,0.00352
2015,lengua,Resto,Hombres,3-14,salud,Afiliada,587862.0,731632.0,46989.0,0.003689
2015,lengua,Resto,Hombres,30-59,salud,Afiliada,1284614.0,1689298.0,103737.0,0.00283
2015,lengua,Resto,Hombres,60+,salud,Afiliada,460124.0,526975.0,30436.0,0.002807
2015,lengua,Resto,Hombres,Todas,salud,Afiliada,3070305.0,3968853.0,245609.0,0.002476
2015,lengua,Resto,Mujeres,15-29,salud,Afiliada,789277.0,1041803.0,66124.0,0.003268
2015,lengua,Resto,Mujeres,3-14,salud,Afiliada,570734.0,710519.0,45478.0,0.003732
2015,lengua,Resto,Mujeres,30-59,salud,Afiliada,1586617.0,1954689.0,119377.0,0.002355
2015,lengua,Resto,Mujeres,60+,salud,Afiliada,634866.0,715990.0,40810.0,0.002543
2015,lengua,Resto,Mujeres,Todas,salud,Afiliada,3581494.0,4423001.0,271789.0,0.002223
2015,lengua,Resto,Total,15-29,salud,Afiliada,1526982.0,2062751.0,130571.0,0.003003
2015,lengua,Resto,Total,3-14,salud,Afiliada,1158596.0,1442151.0,92467.0,0.003332
2015,lengua,Resto,Total,30-59,salud,Afiliada,2871231.0,3643987.0,223114.0,0.002351
2015,lengua,Resto,Total,60+,salud,Afiliada,1094990.0,1242965.0,71246.0,0.002294
2015,lengua,Resto,Total,Todas,salud,Afiliada,6651799.0,8391854.0,517398.0,0.002228
2015,todos,Todos,Hombres,15-29,actividad,Desocupada,46264.0,1040832.0,65948.0,0.00094
2015,todos,Todos,Hombres,15-29,actividad,No económicamente activa,445574.0,1040832.0,65948.0,0.003238
2015,todos,Todos,Hombres,15-29,actividad,Ocupada,548994.0,1040832.0,65948.0,0.003283
2015,todos,Todos,Hombres,3-14,actividad,Desocupada,539.0,189368.0,12143.0,0.000207
2015,todos,Todos,Hombres,3-14,actividad,No económicamente activa,185657.0,189368.0,12143.0,0.001521
2015,todos,Todos,Hombres,3-14,actividad,Ocupada,3172.0,189368.0,12143.0,0.000817
2015,todos,Todos,Hombres,30-59,actividad,Desocupada,58264.0,1730679.0,106797.0,0.000695
2015,todos,Todos,Hombres,30-59,actividad,No económicamente activa,109629.0,1730679.0,106797.0,0.000993
2015,todos,Todos,Hombres,30-59,actividad,Ocupada,1562786.0,1730679.0,106797.0,0.001436
2015,todos,Todos,Hombres,60+,actividad,Desocupada,7177.0,539995.0,31265.0,0.000478
2015,todos,Todos,Hombres,60+,actividad,No económicamente activa,300246.0,539995.0,31265.0,0.004013
2015,todos,Todos,Hombres,60+,actividad,Ocupada,232572.0,539995.0,31265.0,0.003964
2015,todos,Todos,Hombres,Todas,actividad,Desocupada,112244.0,3500874.0,216153.0,0.000555
2015,todos,Todos,Hombres,Todas,actividad,No económicamente activa,1041106.0,3500874.0,216153.0,0.00166
2015,todos,Todos,Hombres,Todas,actividad,Ocupada,2347524.0,3500874.0,216153.0,0.001735
2015,todos,Todos,Mujeres,15-29,actividad,Desocupada,30345.0,1064578.0,67712.0,0.000818
2015,todos,Todos,Mujeres,15-29,actividad,No económicamente activa,654529.0,1064578.0,67712.0,0.003156
2015,todos,Todos,Mujeres,15-29,actividad,Ocupada,379704.0,1064578.0,67712.0,0.003068
2015,todos,Todos,Mujeres,3-14,actividad,Desocupada,499.0,187259.0,11890.0,0.000152
2015,todos,Todos,Mujeres,3-14,actividad,No económicamente activa,184590.0,187259.0,11890.0,0.001369
2015,todos,Todos,Mujeres,3-14,actividad,Ocupada,2170.0,187259.0,11890.0,0.000661
2015,todos,Todos,Mujeres,30-59,actividad,Desocupada,27314.0,1998694.0,122531.0,0.000345
2015,todos,Todos,Mujeres,30-59,actividad,No económicamente activa,799274.0,1998694.0,122531.0,0.00266
2015,todos,Todos,Mujeres,30-59,actividad,Ocupada,1172106.0,1998694.0,122531.0,0.002664
2015,todos,Todos,Mujeres,60+,actividad,Desocupada,1397.0,731525.0,41758.0,0.000169
2015,todos,Todos,Mujeres,60+,actividad,No económicamente activa,598359.0,731525.0,41758.0,0.002707
2015,todos,Todos,Mujeres,60+,actividad,Ocupada,131769.0,731525.0,41758.0,0.002322
2015,todos,Todos,Mujeres,Todas,actividad,Desocupada,59555.0,3982056.0,243891.0,0.000317
2015,todos,Todos,Mujeres,Todas,actividad,No económicamente activa,2236752.0,3982056.0,243891.0,0.002151
2015,todos,Todos,Mujeres,Todas,actividad,Ocupada,1685749.0,3982056.0,243891.0,0.002148
2015,todos,Todos,Total,15-29,actividad,Desocupada,76609.0,2105410.0,133660.0,0.000726
2015,todos,Todos,Total,15-29,actividad,No económicamente activa,1100103.0,2105410.0,133660.0,0.002426
2015,todos,Todos,Total,15-29,actividad,Ocupada,928698.0,2105410.0,133660.0,0.002462
2015,todos,Todos,Total,3-14,actividad,Desocupada,1038.0,376627.0,24033.0,0.000146
2015,todos,Todos,Total,3-14,actividad,No económicamente activa,370247.0,376627.0,24033.0,0.001032
2015,todos,Todos,Total,3-14,actividad,Ocupada,5342.0,376627.0,24033.0,0.000566
2015,todos,Todos,Total,30-59,actividad,Desocupada,85578.0,3729373.0,229328.0,0.000438
2015,todos,Todos,Total,30-59,actividad,No económicamente activa,908903.0,3729373.0,229328.0,0.001588
2015,todos,Todos,Total,30-59,actividad,Ocupada,2734892.0,3729373.0,229328.0,0.001679
2015,todos,Todos,Total,60+,actividad,Desocupada,8574.0,1271520.0,73023.0,0.000244
2015,todos,Todos,Total,60+,actividad,No económicamente activa,898605.0,1271520.0,73023.0,0.002673
2015,todos,Todos,Total,60+,actividad,Ocupada,364341.0,1271520.0,73023.0,0.002585
2015,todos,Todos,Total,Todas,actividad,Desocupada,171799.0,7482930.0,460044.0,0.000386
2015,todos,Todos,Total,Todas,actividad,No económicamente activa,3277858.0,7482930.0,460044.0,0.001573
2015,todos,Todos,Total,Todas,actividad,Ocupada,4033273.0,7482930.0,460044.0,0.00162
2015,todos,Todos,Hombres,15-29,domestico,Trabajo doméstico remunerado,768.0,548994.0,35579.0,0.000154
2015,todos,Todos,Hombres,3-14,domestico,Trabajo doméstico remunerado,7.0,3172.0,253.0,
2015,todos,Todos,Hombres,30-59,domestico,Trabajo doméstico remunerado,1862.0,1562786.0,96757.0,6.3e-05
2015,todos,Todos,Hombres,60+,domestico,Trabajo doméstico remunerado,436.0,232572.0,13731.0,0.000349
2015,todos,Todos,Hombres,Todas,domestico,Trabajo doméstico remunerado,3073.0,2347524.0,146320.0,6.7e-05
2015,todos,Todos,Mujeres,15-29,domestico,Trabajo doméstico remunerado,24821.0,379704.0,23934.0,0.00294
2015,todos,Todos,Mujeres,3-14,domestico,Trabajo doméstico remunerado,52.0,2170.0,146.0,
2015,todos,Todos,Mujeres,30-59,domestico,Trabajo doméstico remunerado,95798.0,1172106.0,71445.0,0.00194
2015,todos,Todos,Mujeres,60+,domestico,Trabajo doméstico remunerado,16638.0,131769.0,7635.0,0.003507
2015,todos,Todos,Mujeres,Todas,domestico,Trabajo doméstico remunerado,137309.0,1685749.0,103160.0,0.001914
2015,todos,Todos,Total,15-29,domestico,Trabajo doméstico remunerado,25589.0,928698.0,59513.0,0.00126
2015,todos,Todos,Total,3-14,domestico,Trabajo doméstico remunerado,59.0,5342.0,399.0,
2015,todos,Todos,Total,30-59,domestico,Trabajo doméstico remunerado,97660.0,2734892.0,168202.0,0.000841
2015,todos,Todos,Total,60+,domestico,Trabajo doméstico remunerado,17074.0,364341.0,21366.0,0.001351
2015,todos,Todos,Total,Todas,domestico,Trabajo doméstico remunerado,140382.0,4033273.0,249480.0,0.000817
2015,todos,Todos,Hombres,15-29,escolaridad,Media superior,385627.0,1040698.0,65945.0,0.002856
2015,todos,Todos,Hombres,15-29,escolaridad,Primaria o menos,49504.0,1040698.0,65945.0,0.001061
2015,todos,Todos,Hombres,15-29,escolaridad,Secundaria,294200.0,1040698.0,65945.0,0.003178
2015,todos,Todos,Hombres,15-29,escolaridad,Superior,311367.0,1040698.0,65945.0,0.004024
2015,todos,Todos,Hombres,30-59,escolaridad,Media superior,432611.0,1729622.0,106753.0,0.002314
2015,todos,Todos,Hombres,30-59,escolaridad,Primaria o menos,206370.0,1729622.0,106753.0,0.002108
2015,todos,Todos,Hombres,30-59,escolaridad,Secundaria,435297.0,1729622.0,106753.0,0.002811
2015,todos,Todos,Hombres,30-59,escolaridad,Superior,655344.0,1729622.0,106753.0,0.004891
2015,todos,Todos,Hombres,60+,escolaridad,Media superior,69155.0,540271.0,31294.0,0.002058
2015,todos,Todos,Hombres,60+,escolaridad,Primaria o menos,210082.0,540271.0,31294.0,0.004769
2015,todos,Todos,Hombres,60+,escolaridad,Secundaria,95902.0,540271.0,31294.0,0.002634
2015,todos,Todos,Hombres,60+,escolaridad,Superior,165132.0,540271.0,31294.0,0.005064
2015,todos,Todos,Hombres,Todas,escolaridad,Media superior,887393.0,3310591.0,203992.0,0.001791
2015,todos,Todos,Hombres,Todas,escolaridad,Primaria o menos,465956.0,3310591.0,203992.0,0.001765
2015,todos,Todos,Hombres,Todas,escolaridad,Secundaria,825399.0,3310591.0,203992.0,0.002392
2015,todos,Todos,Hombres,Todas,escolaridad,Superior,1131843.0,3310591.0,203992.0,0.004127
2015,todos,Todos,Mujeres,15-29,escolaridad,Media superior,396213.0,1063428.0,67670.0,0.002969
2015,todos,Todos,Mujeres,15-29,escolaridad,Primaria o menos,43401.0,1063428.0,67670.0,0.000956
2015,todos,Todos,Mujeres,15-29,escolaridad,Secundaria,279104.0,1063428.0,67670.0,0.003058
2015,todos,Todos,Mujeres,15-29,escolaridad,Superior,344710.0,1063428.0,67670.0,0.00399
2015,todos,Todos,Mujeres,30-59,escolaridad,Media superior,503045.0,1998713.0,122534.0,0.002207
2015,todos,Todos,Mujeres,30-59,escolaridad,Primaria o menos,314686.0,1998713.0,122534.0,0.002185
2015,todos,Todos,Mujeres,30-59,escolaridad,Secundaria,489718.0,1998713.0,122534.0,0.002648
2015,todos,Todos,Mujeres,30-59,escolaridad,Superior,691264.0,1998713.0,122534.0,0.004453
2015,todos,Todos,Mujeres,60+,escolaridad,Media superior,111269.0,732842.0,41846.0,0.002336
2015,todos,Todos,Mujeres,60+,escolaridad,Primaria o menos,373956.0,732842.0,41846.0,0.005112
2015,todos,Todos,Mujeres,60+,escolaridad,Secundaria,124430.0,732842.0,41846.0,0.002333
2015,todos,Todos,Mujeres,60+,escolaridad,Superior,123187.0,732842.0,41846.0,0.003193
2015,todos,Todos,Mujeres,Todas,escolaridad,Media superior,1010527.0,3794983.0,232050.0,0.001617
2015,todos,Todos,Mujeres,Todas,escolaridad,Primaria o menos,732043.0,3794983.0,232050.0,0.001862
2015,todos,Todos,Mujeres,Todas,escolaridad,Secundaria,893252.0,3794983.0,232050.0,0.001992
2015,todos,Todos,Mujeres,Todas,escolaridad,Superior,1159161.0,3794983.0,232050.0,0.003583
2015,todos,Todos,Total,15-29,escolaridad,Media superior,781840.0,2104126.0,133615.0,0.002385
2015,todos,Todos,Total,15-29,escolaridad,Primaria o menos,92905.0,2104126.0,133615.0,0.000906
2015,todos,Todos,Total,15-29,escolaridad,Secundaria,573304.0,2104126.0,133615.0,0.00286
2015,todos,Todos,Total,15-29,escolaridad,Superior,656077.0,2104126.0,133615.0,0.003753
2015,todos,Todos,Total,30-59,escolaridad,Media superior,935656.0,3728335.0,229287.0,0.001946
2015,todos,Todos,Total,30-59,escolaridad,Primaria o menos,521056.0,3728335.0,229287.0,0.002065
2015,todos,Todos,Total,30-59,escolaridad,Secundaria,925015.0,3728335.0,229287.0,0.002566
2015,todos,Todos,Total,30-59,escolaridad,Superior,1346608.0,3728335.0,229287.0,0.004558
2015,todos,Todos,Total,60+,escolaridad,Media superior,180424.0,1273113.0,73140.0,0.001838
2015,todos,Todos,Total,60+,escolaridad,Primaria o menos,584038.0,1273113.0,73140.0,0.004746
2015,todos,Todos,Total,60+,escolaridad,Secundaria,220332.0,1273113.0,73140.0,0.002051
2015,todos,Todos,Total,60+,escolaridad,Superior,288319.0,1273113.0,73140.0,0.00383
2015,todos,Todos,Total,Todas,escolaridad,Media superior,1897920.0,7105574.0,436042.0,0.00145
2015,todos,Todos,Total,Todas,escolaridad,Primaria o menos,1197999.0,7105574.0,436042.0,0.00173
2015,todos,Todos,Total,Todas,escolaridad,Secundaria,1718651.0,7105574.0,436042.0,0.00203
2015,todos,Todos,Total,Todas,escolaridad,Superior,2291004.0,7105574.0,436042.0,0.003758
2015,todos,Todos,Hombres,15-29,monolingue,No habla español,14.0,13048.0,1071.0,
2015,todos,Todos,Hombres,3-14,monolingue,No habla español,38.0,1948.0,167.0,
2015,todos,Todos,Hombres,30-59,monolingue,No habla español,41.0,28968.0,2262.0,
2015,todos,Todos,Hombres,60+,monolingue,No habla español,21.0,9397.0,625.0,
2015,todos,Todos,Hombres,Todas,monolingue,No habla español,114.0,53361.0,4125.0,
2015,todos,Todos,Mujeres,15-29,monolingue,No habla español,40.0,15021.0,1092.0,
2015,todos,Todos,Mujeres,3-14,monolingue,No habla español,40.0,1950.0,163.0,
2015,todos,Todos,Mujeres,30-59,monolingue,No habla español,23.0,31350.0,2322.0,
2015,todos,Todos,Mujeres,60+,monolingue,No habla español,325.0,11319.0,741.0,0.002364
2015,todos,Todos,Mujeres,Todas,monolingue,No habla español,428.0,59640.0,4318.0,0.000466
2015,todos,Todos,Total,15-29,monolingue,No habla español,54.0,28069.0,2163.0,
2015,todos,Todos,Total,3-14,monolingue,No habla español,78.0,3898.0,330.0,
2015,todos,Todos,Total,30-59,monolingue,No habla español,64.0,60318.0,4584.0,
2015,todos,Todos,Total,60+,monolingue,No habla español,346.0,20716.0,1366.0,0.0013
2015,todos,Todos,Total,Todas,monolingue,No habla español,542.0,113001.0,8443.0,0.000265
2015,todos,Todos,Hombres,15-29,posicion,Empleada u obrera,442715.0,539025.0,34932.0,0.003259
2015,todos,Todos,Hombres,15-29,posicion,Jornalera o peona,3404.0,539025.0,34932.0,0.000503
2015,todos,Todos,Hombres,15-29,posicion,Patrona,7991.0,539025.0,34932.0,0.000693
2015,todos,Todos,Hombres,15-29,posicion,Por cuenta propia,79656.0,539025.0,34932.0,0.002583
2015,todos,Todos,Hombres,15-29,posicion,Sin pago,5259.0,539025.0,34932.0,0.000512
2015,todos,Todos,Hombres,3-14,posicion,Empleada u obrera,1461.0,2075.0,168.0,0.016922
2015,todos,Todos,Hombres,3-14,posicion,Jornalera o peona,16.0,2075.0,168.0,
2015,todos,Todos,Hombres,3-14,posicion,Patrona,,2075.0,168.0,
2015,todos,Todos,Hombres,3-14,posicion,Por cuenta propia,258.0,2075.0,168.0,0.01069
2015,todos,Todos,Hombres,3-14,posicion,Sin pago,340.0,2075.0,168.0,0.014858
2015,todos,Todos,Hombres,30-59,posicion,Empleada u obrera,1061474.0,1545266.0,95645.0,0.002653
2015,todos,Todos,Hombres,30-59,posicion,Jornalera o peona,7386.0,1545266.0,95645.0,0.000516
2015,todos,Todos,Hombres,30-59,posicion,Patrona,67067.0,1545266.0,95645.0,0.001275
2015,todos,Todos,Hombres,30-59,posicion,Por cuenta propia,404745.0,1545266.0,95645.0,0.002525
2015,todos,Todos,Hombres,30-59,posicion,Sin pago,4594.0,1545266.0,95645.0,0.000201
2015,todos,Todos,Hombres,60+,posicion,Empleada u obrera,111854.0,228518.0,13488.0,0.0054
2015,todos,Todos,Hombres,60+,posicion,Jornalera o peona,1224.0,228518.0,13488.0,0.000892
2015,todos,Todos,Hombres,60+,posicion,Patrona,19553.0,228518.0,13488.0,0.003466
2015,todos,Todos,Hombres,60+,posicion,Por cuenta propia,94195.0,228518.0,13488.0,0.005095
2015,todos,Todos,Hombres,60+,posicion,Sin pago,1692.0,228518.0,13488.0,0.000549
2015,todos,Todos,Hombres,Todas,posicion,Empleada u obrera,1617504.0,2314884.0,144233.0,0.00237
2015,todos,Todos,Hombres,Todas,posicion,Jornalera o peona,12030.0,2314884.0,144233.0,0.000506
2015,todos,Todos,Hombres,Todas,posicion,Patrona,94611.0,2314884.0,144233.0,0.00124
2015,todos,Todos,Hombres,Todas,posicion,Por cuenta propia,578854.0,2314884.0,144233.0,0.002291
2015,todos,Todos,Hombres,Todas,posicion,Sin pago,11885.0,2314884.0,144233.0,0.000217
2015,todos,Todos,Mujeres,15-29,posicion,Empleada u obrera,312788.0,370161.0,23336.0,0.003434
2015,todos,Todos,Mujeres,15-29,posicion,Jornalera o peona,263.0,370161.0,23336.0,0.000106
2015,todos,Todos,Mujeres,15-29,posicion,Patrona,4940.0,370161.0,23336.0,0.000909
2015,todos,Todos,Mujeres,15-29,posicion,Por cuenta propia,48805.0,370161.0,23336.0,0.002621
2015,todos,Todos,Mujeres,15-29,posicion,Sin pago,3365.0,370161.0,23336.0,0.000473
2015,todos,Todos,Mujeres,3-14,posicion,Empleada u obrera,599.0,847.0,62.0,0.019663
2015,todos,Todos,Mujeres,3-14,posicion,Jornalera o peona,,847.0,62.0,
2015,todos,Todos,Mujeres,3-14,posicion,Patrona,10.0,847.0,62.0,
2015,todos,Todos,Mujeres,3-14,posicion,Por cuenta propia,126.0,847.0,62.0,0.013065
2015,todos,Todos,Mujeres,3-14,posicion,Sin pago,112.0,847.0,62.0,0.002049
2015,todos,Todos,Mujeres,30-59,posicion,Empleada u obrera,868778.0,1154142.0,70322.0,0.002711
2015,todos,Todos,Mujeres,30-59,posicion,Jornalera o peona,928.0,1154142.0,70322.0,9.5e-05
2015,todos,Todos,Mujeres,30-59,posicion,Patrona,27718.0,1154142.0,70322.0,0.000813
2015,todos,Todos,Mujeres,30-59,posicion,Por cuenta propia,249519.0,1154142.0,70322.0,0.002474
2015,todos,Todos,Mujeres,30-59,posicion,Sin pago,7199.0,1154142.0,70322.0,0.00029
2015,todos,Todos,Mujeres,60+,posicion,Empleada u obrera,67493.0,127994.0,7413.0,0.00616
2015,todos,Todos,Mujeres,60+,posicion,Jornalera o peona,106.0,127994.0,7413.0,7.8e-05
2015,todos,Todos,Mujeres,60+,posicion,Patrona,7300.0,127994.0,7413.0,0.00301
2015,todos,Todos,Mujeres,60+,posicion,Por cuenta propia,51019.0,127994.0,7413.0,0.005804
2015,todos,Todos,Mujeres,60+,posicion,Sin pago,2076.0,127994.0,7413.0,0.001231
2015,todos,Todos,Mujeres,Todas,posicion,Empleada u obrera,1249658.0,1653144.0,101133.0,0.002404
2015,todos,Todos,Mujeres,Todas,posicion,Jornalera o peona,1297.0,1653144.0,101133.0,0.000101
2015,todos,Todos,Mujeres,Todas,posicion,Patrona,39968.0,1653144.0,101133.0,0.000846
2015,todos,Todos,Mujeres,Todas,posicion,Por cuenta propia,349469.0,1653144.0,101133.0,0.002272
2015,todos,Todos,Mujeres,Todas,posicion,Sin pago,12752.0,1653144.0,101133.0,0.000276
2015,todos,Todos,Total,15-29,posicion,Empleada u obrera,755503.0,909186.0,58268.0,0.002578
2015,todos,Todos,Total,15-29,posicion,Jornalera o peona,3667.0,909186.0,58268.0,0.000309
2015,todos,Todos,Total,15-29,posicion,Patrona,12931.0,909186.0,58268.0,0.000637
2015,todos,Todos,Total,15-29,posicion,Por cuenta propia,128461.0,909186.0,58268.0,0.002213
2015,todos,Todos,Total,15-29,posicion,Sin pago,8624.0,909186.0,58268.0,0.000426
2015,todos,Todos,Total,3-14,posicion,Empleada u obrera,2060.0,2922.0,230.0,0.01586
2015,todos,Todos,Total,3-14,posicion,Jornalera o peona,16.0,2922.0,230.0,
2015,todos,Todos,Total,3-14,posicion,Patrona,10.0,2922.0,230.0,
2015,todos,Todos,Total,3-14,posicion,Por cuenta propia,384.0,2922.0,230.0,0.008004
2015,todos,Todos,Total,3-14,posicion,Sin pago,452.0,2922.0,230.0,0.011425
2015,todos,Todos,Total,30-59,posicion,Empleada u obrera,1930252.0,2699408.0,165967.0,0.002216
2015,todos,Todos,Total,30-59,posicion,Jornalera o peona,8314.0,2699408.0,165967.0,0.000321
2015,todos,Todos,Total,30-59,posicion,Patrona,94785.0,2699408.0,165967.0,0.001038
2015,todos,Todos,Total,30-59,posicion,Por cuenta propia,654264.0,2699408.0,165967.0,0.002198
2015,todos,Todos,Total,30-59,posicion,Sin pago,11793.0,2699408.0,165967.0,0.000189
2015,todos,Todos,Total,60+,posicion,Empleada u obrera,179347.0,356512.0,20901.0,0.004777
2015,todos,Todos,Total,60+,posicion,Jornalera o peona,1330.0,356512.0,20901.0,0.000574
2015,todos,Todos,Total,60+,posicion,Patrona,26853.0,356512.0,20901.0,0.003005
2015,todos,Todos,Total,60+,posicion,Por cuenta propia,145214.0,356512.0,20901.0,0.004758
2015,todos,Todos,Total,60+,posicion,Sin pago,3768.0,356512.0,20901.0,0.000715
2015,todos,Todos,Total,Todas,posicion,Empleada u obrera,2867162.0,3968028.0,245366.0,0.001989
2015,todos,Todos,Total,Todas,posicion,Jornalera o peona,13327.0,3968028.0,245366.0,0.000317
2015,todos,Todos,Total,Todas,posicion,Patrona,134579.0,3968028.0,245366.0,0.00103
2015,todos,Todos,Total,Todas,posicion,Por cuenta propia,928323.0,3968028.0,245366.0,0.002017
2015,todos,Todos,Total,Todas,posicion,Sin pago,24637.0,3968028.0,245366.0,0.000204
2015,todos,Todos,Hombres,15-29,salud,Afiliada,748000.0,1038502.0,65828.0,0.003529
2015,todos,Todos,Hombres,3-14,salud,Afiliada,592262.0,738060.0,47461.0,0.00369
2015,todos,Todos,Hombres,30-59,salud,Afiliada,1309447.0,1725472.0,106533.0,0.002827
2015,todos,Todos,Hombres,60+,salud,Afiliada,470435.0,539213.0,31232.0,0.002779
2015,todos,Todos,Hombres,Todas,salud,Afiliada,3243206.0,4198248.0,261302.0,0.002487
2015,todos,Todos,Mujeres,15-29,salud,Afiliada,801440.0,1061715.0,67544.0,0.003257
2015,todos,Todos,Mujeres,3-14,salud,Afiliada,575985.0,717375.0,45944.0,0.003731
2015,todos,Todos,Mujeres,30-59,salud,Afiliada,1615341.0,1994329.0,122308.0,0.002351
2015,todos,Todos,Mujeres,60+,salud,Afiliada,647352.0,730805.0,41740.0,0.002531
2015,todos,Todos,Mujeres,Todas,salud,Afiliada,3753048.0,4649752.0,287253.0,0.002232
2015,todos,Todos,Total,15-29,salud,Afiliada,1549440.0,2100217.0,133372.0,0.003012
2015,todos,Todos,Total,3-14,salud,Afiliada,1168247.0,1455435.0,93405.0,0.003333
2015,todos,Todos,Total,30-59,salud,Afiliada,2924788.0,3719801.0,228841.0,0.002352
2015,todos,Todos,Total,60+,salud,Afiliada,1117787.0,1270018.0,72972.0,0.002282
2015,todos,Todos,Total,Todas,salud,Afiliada,6996254.0,8848000.0,548555.0,0.002247
2020,autoads,Indígena,Hombres,15-29,actividad,Desocupada,2369.0,87281.0,2745.0,0.001486
2020,autoads,Indígena,Hombres,15-29,actividad,No económicamente activa,27536.0,87281.0,2745.0,0.009466
2020,autoads,Indígena,Hombres,15-29,actividad,Ocupada,57376.0,87281.0,2745.0,0.011029
2020,autoads,Indígena,Hombres,3-14,actividad,Desocupada,3.0,14363.0,450.0,
2020,autoads,Indígena,Hombres,3-14,actividad,No económicamente activa,13451.0,14363.0,450.0,0.013326
2020,autoads,Indígena,Hombres,3-14,actividad,Ocupada,909.0,14363.0,450.0,0.000582
2020,autoads,Indígena,Hombres,30-59,actividad,Desocupada,6046.0,174627.0,5498.0,0.003107
2020,autoads,Indígena,Hombres,30-59,actividad,No económicamente activa,10032.0,174627.0,5498.0,0.001664
2020,autoads,Indígena,Hombres,30-59,actividad,Ocupada,158549.0,174627.0,5498.0,0.005694
2020,autoads,Indígena,Hombres,60+,actividad,Desocupada,1418.0,80400.0,2373.0,0.000839
2020,autoads,Indígena,Hombres,60+,actividad,No económicamente activa,41862.0,80400.0,2373.0,0.010782
2020,autoads,Indígena,Hombres,60+,actividad,Ocupada,37120.0,80400.0,2373.0,0.011754
2020,autoads,Indígena,Hombres,Todas,actividad,Desocupada,9836.0,356671.0,11066.0,0.002
2020,autoads,Indígena,Hombres,Todas,actividad,No económicamente activa,92881.0,356671.0,11066.0,0.005272
2020,autoads,Indígena,Hombres,Todas,actividad,Ocupada,253954.0,356671.0,11066.0,0.006142
2020,autoads,Indígena,Mujeres,15-29,actividad,Desocupada,1332.0,84408.0,2706.0,0.000477
2020,autoads,Indígena,Mujeres,15-29,actividad,No económicamente activa,43838.0,84408.0,2706.0,0.011109
2020,autoads,Indígena,Mujeres,15-29,actividad,Ocupada,39238.0,84408.0,2706.0,0.011724
2020,autoads,Indígena,Mujeres,3-14,actividad,Desocupada,,13609.0,460.0,
2020,autoads,Indígena,Mujeres,3-14,actividad,No económicamente activa,13093.0,13609.0,460.0,0.00796
2020,autoads,Indígena,Mujeres,3-14,actividad,Ocupada,516.0,13609.0,460.0,0.003174
2020,autoads,Indígena,Mujeres,30-59,actividad,Desocupada,2320.0,195127.0,6163.0,0.001115
2020,autoads,Indígena,Mujeres,30-59,actividad,No económicamente activa,64705.0,195127.0,6163.0,0.007954
2020,autoads,Indígena,Mujeres,30-59,actividad,Ocupada,128102.0,195127.0,6163.0,0.009023
2020,autoads,Indígena,Mujeres,60+,actividad,Desocupada,205.0,103771.0,3051.0,4.8e-05
2020,autoads,Indígena,Mujeres,60+,actividad,No económicamente activa,74954.0,103771.0,3051.0,0.008778
2020,autoads,Indígena,Mujeres,60+,actividad,Ocupada,28612.0,103771.0,3051.0,0.007229
2020,autoads,Indígena,Mujeres,Todas,actividad,Desocupada,3857.0,396915.0,12380.0,0.000568
2020,autoads,Indígena,Mujeres,Todas,actividad,No económicamente activa,196590.0,396915.0,12380.0,0.007186
2020,autoads,Indígena,Mujeres,Todas,actividad,Ocupada,196468.0,396915.0,12380.0,0.007266
2020,autoads,Indígena,Total,15-29,actividad,Desocupada,3701.0,171689.0,5451.0,0.000994
2020,autoads,Indígena,Total,15-29,actividad,No económicamente activa,71374.0,171689.0,5451.0,0.008538
2020,autoads,Indígena,Total,15-29,actividad,Ocupada,96614.0,171689.0,5451.0,0.008905
2020,autoads,Indígena,Total,3-14,actividad,Desocupada,3.0,27972.0,910.0,
2020,autoads,Indígena,Total,3-14,actividad,No económicamente activa,26544.0,27972.0,910.0,0.009868
2020,autoads,Indígena,Total,3-14,actividad,Ocupada,1425.0,27972.0,910.0,0.001375
2020,autoads,Indígena,Total,30-59,actividad,Desocupada,8366.0,369754.0,11661.0,0.002129
2020,autoads,Indígena,Total,30-59,actividad,No económicamente activa,74737.0,369754.0,11661.0,0.004885
2020,autoads,Indígena,Total,30-59,actividad,Ocupada,286651.0,369754.0,11661.0,0.006071
2020,autoads,Indígena,Total,60+,actividad,Desocupada,1623.0,184171.0,5424.0,0.000403
2020,autoads,Indígena,Total,60+,actividad,No económicamente activa,116816.0,184171.0,5424.0,0.008663
2020,autoads,Indígena,Total,60+,actividad,Ocupada,65732.0,184171.0,5424.0,0.008569
2020,autoads,Indígena,Total,Todas,actividad,Desocupada,13693.0,753586.0,23446.0,0.001295
2020,autoads,Indígena,Total,Todas,actividad,No económicamente activa,289471.0,753586.0,23446.0,0.005177
2020,autoads,Indígena,Total,Todas,actividad,Ocupada,450422.0,753586.0,23446.0,0.005508
2020,autoads,Resto,Hombres,15-29,actividad,Desocupada,34596.0,956035.0,28896.0,0.001546
2020,autoads,Resto,Hombres,15-29,actividad,No económicamente activa,423808.0,956035.0,28896.0,0.004998
2020,autoads,Resto,Hombres,15-29,actividad,Ocupada,497631.0,956035.0,28896.0,0.005146
2020,autoads,Resto,Hombres,3-14,actividad,Desocupada,106.0,174383.0,5292.0,
2020,autoads,Resto,Hombres,3-14,actividad,No económicamente activa,169880.0,174383.0,5292.0,0.002767
2020,autoads,Resto,Hombres,3-14,actividad,Ocupada,4397.0,174383.0,5292.0,0.001139
2020,autoads,Resto,Hombres,30-59,actividad,Desocupada,57049.0,1645544.0,49233.0,0.001542
2020,autoads,Resto,Hombres,30-59,actividad,No económicamente activa,120614.0,1645544.0,49233.0,0.002789
2020,autoads,Resto,Hombres,30-59,actividad,Ocupada,1467881.0,1645544.0,49233.0,0.003662
2020,autoads,Resto,Hombres,60+,actividad,Desocupada,8400.0,571331.0,16681.0,0.000524
2020,autoads,Resto,Hombres,60+,actividad,No económicamente activa,307297.0,571331.0,16681.0,0.006052
2020,autoads,Resto,Hombres,60+,actividad,Ocupada,255634.0,571331.0,16681.0,0.006059
2020,autoads,Resto,Hombres,Todas,actividad,Desocupada,100151.0,3347293.0,100102.0,0.001222
2020,autoads,Resto,Hombres,Todas,actividad,No económicamente activa,1021599.0,3347293.0,100102.0,0.002981
2020,autoads,Resto,Hombres,Todas,actividad,Ocupada,2225543.0,3347293.0,100102.0,0.003376
2020,autoads,Resto,Mujeres,15-29,actividad,Desocupada,22942.0,965456.0,29218.0,0.000997
2020,autoads,Resto,Mujeres,15-29,actividad,No económicamente activa,564823.0,965456.0,29218.0,0.004746
2020,autoads,Resto,Mujeres,15-29,actividad,Ocupada,377691.0,965456.0,29218.0,0.004752
2020,autoads,Resto,Mujeres,3-14,actividad,Desocupada,13.0,167757.0,5107.0,
2020,autoads,Resto,Mujeres,3-14,actividad,No económicamente activa,166109.0,167757.0,5107.0,0.001564
2020,autoads,Resto,Mujeres,3-14,actividad,Ocupada,1635.0,167757.0,5107.0,0.000253
2020,autoads,Resto,Mujeres,30-59,actividad,Desocupada,25253.0,1853110.0,55414.0,0.000586
2020,autoads,Resto,Mujeres,30-59,actividad,No económicamente activa,642090.0,1853110.0,55414.0,0.004996
2020,autoads,Resto,Mujeres,30-59,actividad,Ocupada,1185767.0,1853110.0,55414.0,0.005048
2020,autoads,Resto,Mujeres,60+,actividad,Desocupada,1418.0,755592.0,22037.0,4.7e-05
2020,autoads,Resto,Mujeres,60+,actividad,No económicamente activa,587883.0,755592.0,22037.0,0.003706
2020,autoads,Resto,Mujeres,60+,actividad,Ocupada,166291.0,755592.0,22037.0,0.003395
2020,autoads,Resto,Mujeres,Todas,actividad,Desocupada,49626.0,3741915.0,111776.0,0.000564
2020,autoads,Resto,Mujeres,Todas,actividad,No económicamente activa,1960905.0,3741915.0,111776.0,0.003679
2020,autoads,Resto,Mujeres,Todas,actividad,Ocupada,1731384.0,3741915.0,111776.0,0.003693
2020,autoads,Resto,Total,15-29,actividad,Desocupada,57538.0,1921491.0,58114.0,0.001279
2020,autoads,Resto,Total,15-29,actividad,No económicamente activa,988631.0,1921491.0,58114.0,0.00394
2020,autoads,Resto,Total,15-29,actividad,Ocupada,875322.0,1921491.0,58114.0,0.004105
2020,autoads,Resto,Total,3-14,actividad,Desocupada,119.0,342140.0,10399.0,0.0
2020,autoads,Resto,Total,3-14,actividad,No económicamente activa,335989.0,342140.0,10399.0,0.00175
2020,autoads,Resto,Total,3-14,actividad,Ocupada,6032.0,342140.0,10399.0,0.000706
2020,autoads,Resto,Total,30-59,actividad,Desocupada,82302.0,3498654.0,104647.0,0.001014
2020,autoads,Resto,Total,30-59,actividad,No económicamente activa,762704.0,3498654.0,104647.0,0.003692
2020,autoads,Resto,Total,30-59,actividad,Ocupada,2653648.0,3498654.0,104647.0,0.004023
2020,autoads,Resto,Total,60+,actividad,Desocupada,9818.0,1326923.0,38718.0,0.000267
2020,autoads,Resto,Total,60+,actividad,No económicamente activa,895180.0,1326923.0,38718.0,0.003917
2020,autoads,Resto,Total,60+,actividad,Ocupada,421925.0,1326923.0,38718.0,0.003903
2020,autoads,Resto,Total,Todas,actividad,Desocupada,149777.0,7089208.0,211878.0,0.000854
2020,autoads,Resto,Total,Todas,actividad,No económicamente activa,2982504.0,7089208.0,211878.0,0.003067
2020,autoads,Resto,Total,Todas,actividad,Ocupada,3956927.0,7089208.0,211878.0,0.003279
2020,autoads,Indígena,Hombres,15-29,discapacidad,Con discapacidad,2229.0,87301.0,2746.0,0.000802
2020,autoads,Indígena,Hombres,3-14,discapacidad,Con discapacidad,1135.0,49972.0,1660.0,0.000423
2020,autoads,Indígena,Hombres,30-59,discapacidad,Con discapacidad,9083.0,174920.0,5506.0,0.001766
2020,autoads,Indígena,Hombres,60+,discapacidad,Con discapacidad,16677.0,80593.0,2379.0,0.006983
2020,autoads,Indígena,Hombres,Todas,discapacidad,Con discapacidad,29124.0,392786.0,12291.0,0.002356
2020,autoads,Indígena,Mujeres,15-29,discapacidad,Con discapacidad,2802.0,84419.0,2707.0,0.002844
2020,autoads,Indígena,Mujeres,3-14,discapacidad,Con discapacidad,957.0,48706.0,1627.0,0.000326
2020,autoads,Indígena,Mujeres,30-59,discapacidad,Con discapacidad,9304.0,195488.0,6172.0,0.001944
2020,autoads,Indígena,Mujeres,60+,discapacidad,Con discapacidad,24631.0,103926.0,3057.0,0.00724
2020,autoads,Indígena,Mujeres,Todas,discapacidad,Con discapacidad,37694.0,432539.0,13563.0,0.002861
2020,autoads,Indígena,Total,15-29,discapacidad,Con discapacidad,5031.0,171720.0,5453.0,0.001918
2020,autoads,Indígena,Total,3-14,discapacidad,Con discapacidad,2092.0,98678.0,3287.0,0.00065
2020,autoads,Indígena,Total,30-59,discapacidad,Con discapacidad,18387.0,370408.0,11678.0,0.001938
2020,autoads,Indígena,Total,60+,discapacidad,Con discapacidad,41308.0,184519.0,5436.0,0.006916
2020,autoads,Indígena,Total,Todas,discapacidad,Con discapacidad,66818.0,825325.0,25854.0,0.002457
2020,autoads,Resto,Hombres,15-29,discapacidad,Con discapacidad,20057.0,956729.0,28921.0,0.00071
2020,autoads,Resto,Hombres,3-14,discapacidad,Con discapacidad,12585.0,653128.0,20007.0,0.000547
2020,autoads,Resto,Hombres,30-59,discapacidad,Con discapacidad,55592.0,1648685.0,49344.0,0.000906
2020,autoads,Resto,Hombres,60+,discapacidad,Con discapacidad,86803.0,572477.0,16727.0,0.003332
2020,autoads,Resto,Hombres,Todas,discapacidad,Con discapacidad,175037.0,3831019.0,114999.0,0.000937
2020,autoads,Resto,Mujeres,15-29,discapacidad,Con discapacidad,18010.0,966551.0,29251.0,0.000633
2020,autoads,Resto,Mujeres,3-14,discapacidad,Con discapacidad,8158.0,627033.0,19142.0,0.00038
2020,autoads,Resto,Mujeres,30-59,discapacidad,Con discapacidad,66437.0,1855620.0,55484.0,0.000956
2020,autoads,Resto,Mujeres,60+,discapacidad,Con discapacidad,141105.0,757203.0,22098.0,0.003715
2020,autoads,Resto,Mujeres,Todas,discapacidad,Con discapacidad,233710.0,4206407.0,125975.0,0.001149
2020,autoads,Resto,Total,15-29,discapacidad,Con discapacidad,38067.0,1923280.0,58172.0,0.000639
2020,autoads,Resto,Total,3-14,discapacidad,Con discapacidad,20743.0,1280161.0,39149.0,0.000491
2020,autoads,Resto,Total,30-59,discapacidad,Con discapacidad,122029.0,3504305.0,104828.0,0.000867
2020,autoads,Resto,Total,60+,discapacidad,Con discapacidad,227908.0,1329680.0,38825.0,0.003193
2020,autoads,Resto,Total,Todas,discapacidad,Con discapacidad,408747.0,8037426.0,240974.0,0.000962
2020,autoads,Indígena,Hombres,15-29,domestico,Trabajo doméstico remunerado,14.0,57376.0,1822.0,
2020,autoads,Indígena,Hombres,3-14,domestico,Trabajo doméstico remunerado,,909.0,29.0,
2020,autoads,Indígena,Hombres,30-59,domestico,Trabajo doméstico remunerado,564.0,158549.0,5011.0,9.1e-05
2020,autoads,Indígena,Hombres,60+,domestico,Trabajo doméstico remunerado,287.0,37120.0,1139.0,2e-05
2020,autoads,Indígena,Hombres,Todas,domestico,Trabajo doméstico remunerado,865.0,253954.0,8001.0,0.000313
2020,autoads,Indígena,Mujeres,15-29,domestico,Trabajo doméstico remunerado,4152.0,39238.0,1208.0,0.012833
2020,autoads,Indígena,Mujeres,3-14,domestico,Trabajo doméstico remunerado,11.0,516.0,18.0,
2020,autoads,Indígena,Mujeres,30-59,domestico,Trabajo doméstico remunerado,20206.0,128102.0,4017.0,0.008864
2020,autoads,Indígena,Mujeres,60+,domestico,Trabajo doméstico remunerado,3818.0,28612.0,859.0,0.006603
2020,autoads,Indígena,Mujeres,Todas,domestico,Trabajo doméstico remunerado,28187.0,196468.0,6102.0,0.009127
2020,autoads,Indígena,Total,15-29,domestico,Trabajo doméstico remunerado,4166.0,96614.0,3030.0,0.005619
2020,autoads,Indígena,Total,3-14,domestico,Trabajo doméstico remunerado,11.0,1425.0,47.0,
2020,autoads,Indígena,Total,30-59,domestico,Trabajo doméstico remunerado,20770.0,286651.0,9028.0,0.004357
2020,autoads,Indígena,Total,60+,domestico,Trabajo doméstico remunerado,4105.0,65732.0,1998.0,0.003064
2020,autoads,Indígena,Total,Todas,domestico,Trabajo doméstico remunerado,29052.0,450422.0,14103.0,0.004347
2020,autoads,Resto,Hombres,15-29,domestico,Trabajo doméstico remunerado,600.0,497631.0,15290.0,7.8e-05
2020,autoads,Resto,Hombres,3-14,domestico,Trabajo doméstico remunerado,4.0,4397.0,135.0,
2020,autoads,Resto,Hombres,30-59,domestico,Trabajo doméstico remunerado,1974.0,1467881.0,43906.0,5.8e-05
2020,autoads,Resto,Hombres,60+,domestico,Trabajo doméstico remunerado,567.0,255634.0,7521.0,0.00026
2020,autoads,Resto,Hombres,Todas,domestico,Trabajo doméstico remunerado,3145.0,2225543.0,66852.0,7.9e-05
2020,autoads,Resto,Mujeres,15-29,domestico,Trabajo doméstico remunerado,11472.0,377691.0,11385.0,0.002031
2020,autoads,Resto,Mujeres,3-14,domestico,Trabajo doméstico remunerado,,1635.0,60.0,
2020,autoads,Resto,Mujeres,30-59,domestico,Trabajo doméstico remunerado,68546.0,1185767.0,35366.0,0.001984
2020,autoads,Resto,Mujeres,60+,domestico,Trabajo doméstico remunerado,15571.0,166291.0,4879.0,0.002442
2020,autoads,Resto,Mujeres,Todas,domestico,Trabajo doméstico remunerado,95589.0,1731384.0,51690.0,0.001908
2020,autoads,Resto,Total,15-29,domestico,Trabajo doméstico remunerado,12072.0,875322.0,26675.0,0.000908
2020,autoads,Resto,Total,3-14,domestico,Trabajo doméstico remunerado,4.0,6032.0,195.0,
2020,autoads,Resto,Total,30-59,domestico,Trabajo doméstico remunerado,70520.0,2653648.0,79272.0,0.000926
2020,autoads,Resto,Total,60+,domestico,Trabajo doméstico remunerado,16138.0,421925.0,12400.0,0.001058
2020,autoads,Resto,Total,Todas,domestico,Trabajo doméstico remunerado,98734.0,3956927.0,118542.0,0.000864
2020,autoads,Indígena,Hombres,15-29,escolaridad,Media superior,33379.0,86945.0,2740.0,0.011048
2020,autoads,Indígena,Hombres,15-29,escolaridad,Primaria o menos,6482.0,86945.0,2740.0,0.005118
2020,autoads,Indígena,Hombres,15-29,escolaridad,Secundaria,28580.0,86945.0,2740.0,0.009403
2020,autoads,Indígena,Hombres,15-29,escolaridad,Superior,18504.0,86945.0,2740.0,0.008011
2020,autoads,Indígena,Hombres,30-59,escolaridad,Media superior,41353.0,174809.0,5502.0,0.006509
2020,autoads,Indígena,Hombres,30-59,escolaridad,Primaria o menos,34721.0,174809.0,5502.0,0.00718
2020,autoads,Indígena,Hombres,30-59,escolaridad,Secundaria,53142.0,174809.0,5502.0,0.007495
2020,autoads,Indígena,Hombres,30-59,escolaridad,Superior,45593.0,174809.0,5502.0,0.008086
2020,autoads,Indígena,Hombres,60+,escolaridad,Media superior,10294.0,80552.0,2378.0,0.003856
2020,autoads,Indígena,Hombres,60+,escolaridad,Primaria o menos,37012.0,80552.0,2378.0,0.011084
2020,autoads,Indígena,Hombres,60+,escolaridad,Secundaria,16777.0,80552.0,2378.0,0.006304
2020,autoads,Indígena,Hombres,60+,escolaridad,Superior,16469.0,80552.0,2378.0,0.007855
2020,autoads,Indígena,Hombres,Todas,escolaridad,Media superior,85026.0,342306.0,10620.0,0.005093
2020,autoads,Indígena,Hombres,Todas,escolaridad,Primaria o menos,78215.0,342306.0,10620.0,0.005963
2020,autoads,Indígena,Hombres,Todas,escolaridad,Secundaria,98499.0,342306.0,10620.0,0.006204
2020,autoads,Indígena,Hombres,Todas,escolaridad,Superior,80566.0,342306.0,10620.0,0.00755
2020,autoads,Indígena,Mujeres,15-29,escolaridad,Media superior,31577.0,84288.0,2701.0,0.009782
2020,autoads,Indígena,Mujeres,15-29,escolaridad,Primaria o menos,5381.0,84288.0,2701.0,0.002773
2020,autoads,Indígena,Mujeres,15-29,escolaridad,Secundaria,27438.0,84288.0,2701.0,0.010303
2020,autoads,Indígena,Mujeres,15-29,escolaridad,Superior,19892.0,84288.0,2701.0,0.006829
2020,autoads,Indígena,Mujeres,30-59,escolaridad,Media superior,42137.0,195398.0,6169.0,0.005391
2020,autoads,Indígena,Mujeres,30-59,escolaridad,Primaria o menos,50764.0,195398.0,6169.0,0.007937
2020,autoads,Indígena,Mujeres,30-59,escolaridad,Secundaria,54904.0,195398.0,6169.0,0.006821
2020,autoads,Indígena,Mujeres,30-59,escolaridad,Superior,47593.0,195398.0,6169.0,0.008538
2020,autoads,Indígena,Mujeres,60+,escolaridad,Media superior,13859.0,103926.0,3057.0,0.004739
2020,autoads,Indígena,Mujeres,60+,escolaridad,Primaria o menos,59815.0,103926.0,3057.0,0.011182
2020,autoads,Indígena,Mujeres,60+,escolaridad,Secundaria,17661.0,103926.0,3057.0,0.00518
2020,autoads,Indígena,Mujeres,60+,escolaridad,Superior,12591.0,103926.0,3057.0,0.005458
2020,autoads,Indígena,Mujeres,Todas,escolaridad,Media superior,87573.0,383612.0,11927.0,0.00454
2020,autoads,Indígena,Mujeres,Todas,escolaridad,Primaria o menos,115960.0,383612.0,11927.0,0.006406
2020,autoads,Indígena,Mujeres,Todas,escolaridad,Secundaria,100003.0,383612.0,11927.0,0.005289
2020,autoads,Indígena,Mujeres,Todas,escolaridad,Superior,80076.0,383612.0,11927.0,0.006685
2020,autoads,Indígena,Total,15-29,escolaridad,Media superior,64956.0,171233.0,5441.0,0.008699
2020,autoads,Indígena,Total,15-29,escolaridad,Primaria o menos,11863.0,171233.0,5441.0,0.003468
2020,autoads,Indígena,Total,15-29,escolaridad,Secundaria,56018.0,171233.0,5441.0,0.009058
2020,autoads,Indígena,Total,15-29,escolaridad,Superior,38396.0,171233.0,5441.0,0.007367
2020,autoads,Indígena,Total,30-59,escolaridad,Media superior,83490.0,370207.0,11671.0,0.005425
2020,autoads,Indígena,Total,30-59,escolaridad,Primaria o menos,85485.0,370207.0,11671.0,0.007444
2020,autoads,Indígena,Total,30-59,escolaridad,Secundaria,108046.0,370207.0,11671.0,0.00657
2020,autoads,Indígena,Total,30-59,escolaridad,Superior,93186.0,370207.0,11671.0,0.008232
2020,autoads,Indígena,Total,60+,escolaridad,Media superior,24153.0,184478.0,5435.0,0.004296
2020,autoads,Indígena,Total,60+,escolaridad,Primaria o menos,96827.0,184478.0,5435.0,0.010277
2020,autoads,Indígena,Total,60+,escolaridad,Secundaria,34438.0,184478.0,5435.0,0.004705
2020,autoads,Indígena,Total,60+,escolaridad,Superior,29060.0,184478.0,5435.0,0.006419
2020,autoads,Indígena,Total,Todas,escolaridad,Media superior,172599.0,725918.0,22547.0,0.004087
2020,autoads,Indígena,Total,Todas,escolaridad,Primaria o menos,194175.0,725918.0,22547.0,0.005692
2020,autoads,Indígena,Total,Todas,escolaridad,Secundaria,198502.0,725918.0,22547.0,0.004907
2020,autoads,Indígena,Total,Todas,escolaridad,Superior,160642.0,725918.0,22547.0,0.007102
2020,autoads,Resto,Hombres,15-29,escolaridad,Media superior,390556.0,955128.0,28870.0,0.004136
2020,autoads,Resto,Hombres,15-29,escolaridad,Primaria o menos,35766.0,955128.0,28870.0,0.001483
2020,autoads,Resto,Hombres,15-29,escolaridad,Secundaria,244017.0,955128.0,28870.0,0.004348
2020,autoads,Resto,Hombres,15-29,escolaridad,Superior,284789.0,955128.0,28870.0,0.006099
2020,autoads,Resto,Hombres,30-59,escolaridad,Media superior,445904.0,1647817.0,49318.0,0.003691
2020,autoads,Resto,Hombres,30-59,escolaridad,Primaria o menos,154285.0,1647817.0,49318.0,0.002828
2020,autoads,Resto,Hombres,30-59,escolaridad,Secundaria,394514.0,1647817.0,49318.0,0.00471
2020,autoads,Resto,Hombres,30-59,escolaridad,Superior,653114.0,1647817.0,49318.0,0.008729
2020,autoads,Resto,Hombres,60+,escolaridad,Media superior,84868.0,572226.0,16718.0,0.003132
2020,autoads,Resto,Hombres,60+,escolaridad,Primaria o menos,191327.0,572226.0,16718.0,0.007041
2020,autoads,Resto,Hombres,60+,escolaridad,Secundaria,103559.0,572226.0,16718.0,0.003538
2020,autoads,Resto,Hombres,60+,escolaridad,Superior,192472.0,572226.0,16718.0,0.009206
2020,autoads,Resto,Hombres,Todas,escolaridad,Media superior,921328.0,3175171.0,94906.0,0.003059
2020,autoads,Resto,Hombres,Todas,escolaridad,Primaria o menos,381378.0,3175171.0,94906.0,0.002631
2020,autoads,Resto,Hombres,Todas,escolaridad,Secundaria,742090.0,3175171.0,94906.0,0.003934
2020,autoads,Resto,Hombres,Todas,escolaridad,Superior,1130375.0,3175171.0,94906.0,0.007457
2020,autoads,Resto,Mujeres,15-29,escolaridad,Media superior,392421.0,964583.0,29190.0,0.004187
2020,autoads,Resto,Mujeres,15-29,escolaridad,Primaria o menos,29242.0,964583.0,29190.0,0.000967
2020,autoads,Resto,Mujeres,15-29,escolaridad,Secundaria,224040.0,964583.0,29190.0,0.003972
2020,autoads,Resto,Mujeres,15-29,escolaridad,Superior,318880.0,964583.0,29190.0,0.006256
2020,autoads,Resto,Mujeres,30-59,escolaridad,Media superior,498590.0,1854457.0,55450.0,0.003109
2020,autoads,Resto,Mujeres,30-59,escolaridad,Primaria o menos,199730.0,1854457.0,55450.0,0.002625
2020,autoads,Resto,Mujeres,30-59,escolaridad,Secundaria,437368.0,1854457.0,55450.0,0.004709
2020,autoads,Resto,Mujeres,30-59,escolaridad,Superior,718769.0,1854457.0,55450.0,0.008139
2020,autoads,Resto,Mujeres,60+,escolaridad,Media superior,129331.0,757050.0,22093.0,0.003424
2020,autoads,Resto,Mujeres,60+,escolaridad,Primaria o menos,336879.0,757050.0,22093.0,0.008344
2020,autoads,Resto,Mujeres,60+,escolaridad,Secundaria,132002.0,757050.0,22093.0,0.003064
2020,autoads,Resto,Mujeres,60+,escolaridad,Superior,158838.0,757050.0,22093.0,0.006748
2020,autoads,Resto,Mujeres,Todas,escolaridad,Media superior,1020342.0,3576090.0,106733.0,0.002513
2020,autoads,Resto,Mujeres,Todas,escolaridad,Primaria o menos,565851.0,3576090.0,106733.0,0.002646
2020,autoads,Resto,Mujeres,Todas,escolaridad,Secundaria,793410.0,3576090.0,106733.0,0.003389
2020,autoads,Resto,Mujeres,Todas,escolaridad,Superior,1196487.0,3576090.0,106733.0,0.006524
2020,autoads,Resto,Total,15-29,escolaridad,Media superior,782977.0,1919711.0,58060.0,0.003574
2020,autoads,Resto,Total,15-29,escolaridad,Primaria o menos,65008.0,1919711.0,58060.0,0.001145
2020,autoads,Resto,Total,15-29,escolaridad,Secundaria,468057.0,1919711.0,58060.0,0.003853
2020,autoads,Resto,Total,15-29,escolaridad,Superior,603669.0,1919711.0,58060.0,0.005877
2020,autoads,Resto,Total,30-59,escolaridad,Media superior,944494.0,3502274.0,104768.0,0.003161
2020,autoads,Resto,Total,30-59,escolaridad,Primaria o menos,354015.0,3502274.0,104768.0,0.002681
2020,autoads,Resto,Total,30-59,escolaridad,Secundaria,831882.0,3502274.0,104768.0,0.004601
2020,autoads,Resto,Total,30-59,escolaridad,Superior,1371883.0,3502274.0,104768.0,0.008301
2020,autoads,Resto,Total,60+,escolaridad,Media superior,214199.0,1329276.0,38811.0,0.002852
2020,autoads,Resto,Total,60+,escolaridad,Primaria o menos,528206.0,1329276.0,38811.0,0.00782
2020,autoads,Resto,Total,60+,escolaridad,Secundaria,235561.0,1329276.0,38811.0,0.002844
2020,autoads,Resto,Total,60+,escolaridad,Superior,351310.0,1329276.0,38811.0,0.007789
2020,autoads,Resto,Total,Todas,escolaridad,Media superior,1941670.0,6751261.0,201639.0,0.002508
2020,autoads,Resto,Total,Todas,escolaridad,Primaria o menos,947229.0,6751261.0,201639.0,0.002534
2020,autoads,Resto,Total,Todas,escolaridad,Secundaria,1535500.0,6751261.0,201639.0,0.003505
2020,autoads,Resto,Total,Todas,escolaridad,Superior,2326862.0,6751261.0,201639.0,0.006879
2020,autoads,Indígena,Hombres,15-29,monolingue,No habla español,,11691.0,359.0,
2020,autoads,Indígena,Hombres,3-14,monolingue,No habla español,44.0,1982.0,64.0,
2020,autoads,Indígena,Hombres,30-59,monolingue,No habla español,11.0,28880.0,904.0,
2020,autoads,Indígena,Hombres,60+,monolingue,No habla español,23.0,10829.0,326.0,
2020,autoads,Indígena,Hombres,Todas,monolingue,No habla español,78.0,53382.0,1653.0,
2020,autoads,Indígena,Mujeres,15-29,monolingue,No habla español,13.0,12661.0,396.0,
2020,autoads,Indígena,Mujeres,3-14,monolingue,No habla español,,2485.0,80.0,
2020,autoads,Indígena,Mujeres,30-59,monolingue,No habla español,322.0,31819.0,1038.0,0.000127
2020,autoads,Indígena,Mujeres,60+,monolingue,No habla español,218.0,14253.0,410.0,
2020,autoads,Indígena,Mujeres,Todas,monolingue,No habla español,553.0,61218.0,1924.0,0.000239
2020,autoads,Indígena,Total,15-29,monolingue,No habla español,13.0,24352.0,755.0,
2020,autoads,Indígena,Total,3-14,monolingue,No habla español,44.0,4467.0,144.0,
2020,autoads,Indígena,Total,30-59,monolingue,No habla español,333.0,60699.0,1942.0,6e-05
2020,autoads,Indígena,Total,60+,monolingue,No habla español,241.0,25082.0,736.0,
2020,autoads,Indígena,Total,Todas,monolingue,No habla español,631.0,114600.0,3577.0,0.000138
2020,autoads,Resto,Hombres,15-29,monolingue,No habla español,,2148.0,63.0,
2020,autoads,Resto,Hombres,3-14,monolingue,No habla español,,216.0,8.0,
2020,autoads,Resto,Hombres,30-59,monolingue,No habla español,,7155.0,232.0,
2020,autoads,Resto,Hombres,60+,monolingue,No habla español,,4044.0,115.0,
2020,autoads,Resto,Hombres,Todas,monolingue,No habla español,,13563.0,418.0,
2020,autoads,Resto,Mujeres,15-29,monolingue,No habla español,,2032.0,71.0,
2020,autoads,Resto,Mujeres,3-14,monolingue,No habla español,,475.0,14.0,
2020,autoads,Resto,Mujeres,30-59,monolingue,No habla español,50.0,6583.0,221.0,
2020,autoads,Resto,Mujeres,60+,monolingue,No habla español,22.0,3534.0,106.0,
2020,autoads,Resto,Mujeres,Todas,monolingue,No habla español,72.0,12624.0,412.0,
2020,autoads,Resto,Total,15-29,monolingue,No habla español,,4180.0,134.0,
2020,autoads,Resto,Total,3-14,monolingue,No habla español,,691.0,22.0,
2020,autoads,Resto,Total,30-59,monolingue,No habla español,50.0,13738.0,453.0,
2020,autoads,Resto,Total,60+,monolingue,No habla español,22.0,7578.0,221.0,
2020,autoads,Resto,Total,Todas,monolingue,No habla español,72.0,26187.0,830.0,
2020,autoads,Indígena,Hombres,Todas,piramide,10-14,22794.0,825325.0,747.0,
2020,autoads,Indígena,Hombres,Todas,piramide,15-19,25207.0,825325.0,789.0,
2020,autoads,Indígena,Hombres,Todas,piramide,20-24,29491.0,825325.0,945.0,
2020,autoads,Indígena,Hombres,Todas,piramide,25-29,32603.0,825325.0,1012.0,
2020,autoads,Indígena,Hombres,Todas,piramide,3-4,6275.0,825325.0,223.0,
2020,autoads,Indígena,Hombres,Todas,piramide,30-34,30794.0,825325.0,998.0,
2020,autoads,Indígena,Hombres,Todas,piramide,35-39,31447.0,825325.0,982.0,
2020,autoads,Indígena,Hombres,Todas,piramide,40-44,31308.0,825325.0,956.0,
2020,autoads,Indígena,Hombres,Todas,piramide,45-49,27609.0,825325.0,887.0,
2020,autoads,Indígena,Hombres,Todas,piramide,5-9,20903.0,825325.0,690.0,
2020,autoads,Indígena,Hombres,Todas,piramide,50-54,27804.0,825325.0,871.0,
2020,autoads,Indígena,Hombres,Todas,piramide,55-59,25958.0,825325.0,812.0,
2020,autoads,Indígena,Hombres,Todas,piramide,60-64,24869.0,825325.0,748.0,
2020,autoads,Indígena,Hombres,Todas,piramide,65-69,19532.0,825325.0,593.0,
2020,autoads,Indígena,Hombres,Todas,piramide,70-74,15431.0,825325.0,440.0,
2020,autoads,Indígena,Hombres,Todas,piramide,75-79,10395.0,825325.0,297.0,
2020,autoads,Indígena,Hombres,Todas,piramide,80-84,5710.0,825325.0,167.0,
2020,autoads,Indígena,Hombres,Todas,piramide,85 y más,4656.0,825325.0,134.0,
2020,autoads,Indígena,Mujeres,Todas,piramide,10-14,22020.0,825325.0,723.0,
2020,autoads,Indígena,Mujeres,Todas,piramide,15-19,23581.0,825325.0,779.0,
2020,autoads,Indígena,Mujeres,Todas,piramide,20-24,29495.0,825325.0,916.0,
2020,autoads,Indígena,Mujeres,Todas,piramide,25-29,31343.0,825325.0,1012.0,
2020,autoads,Indígena,Mujeres,Todas,piramide,3-4,6223.0,825325.0,223.0,
2020,autoads,Indígena,Mujeres,Todas,piramide,30-34,31800.0,825325.0,1015.0,
2020,autoads,Indígena,Mujeres,Todas,piramide,35-39,33190.0,825325.0,1018.0,
2020,autoads,Indígena,Mujeres,Todas,piramide,40-44,31736.0,825325.0,1021.0,
2020,autoads,Indígena,Mujeres,Todas,piramide,45-49,33022.0,825325.0,1056.0,
2020,autoads,Indígena,Mujeres,Todas,piramide,5-9,20463.0,825325.0,681.0,
2020,autoads,Indígena,Mujeres,Todas,piramide,50-54,33454.0,825325.0,1048.0,
2020,autoads,Indígena,Mujeres,Todas,piramide,55-59,32286.0,825325.0,1014.0,
2020,autoads,Indígena,Mujeres,Todas,piramide,60-64,33443.0,825325.0,995.0,
2020,autoads,Indígena,Mujeres,Todas,piramide,65-69,25317.0,825325.0,757.0,
2020,autoads,Indígena,Mujeres,Todas,piramide,70-74,19387.0,825325.0,561.0,
2020,autoads,Indígena,Mujeres,Todas,piramide,75-79,11195.0,825325.0,324.0,
2020,autoads,Indígena,Mujeres,Todas,piramide,80-84,7572.0,825325.0,227.0,
2020,autoads,Indígena,Mujeres,Todas,piramide,85 y más,7012.0,825325.0,193.0,
2020,autoads,Resto,Hombres,Todas,piramide,10-14,287709.0,8037762.0,8779.0,
2020,autoads,Resto,Hombres,Todas,piramide,15-19,302578.0,8037762.0,9246.0,
2020,autoads,Resto,Hombres,Todas,piramide,20-24,318033.0,8037762.0,9637.0,
2020,autoads,Resto,Hombres,Todas,piramide,25-29,336191.0,8037762.0,10039.0,
2020,autoads,Resto,Hombres,Todas,piramide,3-4,97717.0,8037762.0,2993.0,
2020,autoads,Resto,Hombres,Todas,piramide,30-34,330207.0,8037762.0,9853.0,
2020,autoads,Resto,Hombres,Todas,piramide,35-39,296210.0,8037762.0,8910.0,
2020,autoads,Resto,Hombres,Todas,piramide,40-44,282997.0,8037762.0,8484.0,
2020,autoads,Resto,Hombres,Todas,piramide,45-49,279151.0,8037762.0,8356.0,
2020,autoads,Resto,Hombres,Todas,piramide,5-9,267702.0,8037762.0,8235.0,
2020,autoads,Resto,Hombres,Todas,piramide,50-54,251813.0,8037762.0,7520.0,
2020,autoads,Resto,Hombres,Todas,piramide,55-59,208338.0,8037762.0,6223.0,
2020,autoads,Resto,Hombres,Todas,piramide,60-64,181009.0,8037762.0,5410.0,
2020,autoads,Resto,Hombres,Todas,piramide,65-69,141225.0,8037762.0,4123.0,
2020,autoads,Resto,Hombres,Todas,piramide,70-74,104124.0,8037762.0,2962.0,
2020,autoads,Resto,Hombres,Todas,piramide,75-79,67798.0,8037762.0,1992.0,
2020,autoads,Resto,Hombres,Todas,piramide,80-84,42777.0,8037762.0,1219.0,
2020,autoads,Resto,Hombres,Todas,piramide,85 y más,35544.0,8037762.0,1021.0,
2020,autoads,Resto,Mujeres,Todas,piramide,10-14,275876.0,8037762.0,8425.0,
2020,autoads,Resto,Mujeres,Todas,piramide,15-19,295355.0,8037762.0,8868.0,
2020,autoads,Resto,Mujeres,Todas,piramide,20-24,328338.0,8037762.0,9970.0,
2020,autoads,Resto,Mujeres,Todas,piramide,25-29,342871.0,8037762.0,10414.0,
2020,autoads,Resto,Mujeres,Todas,piramide,3-4,95389.0,8037762.0,2937.0,
2020,autoads,Resto,Mujeres,Todas,piramide,30-34,347770.0,8037762.0,10379.0,
2020,autoads,Resto,Mujeres,Todas,piramide,35-39,326623.0,8037762.0,9773.0,
2020,autoads,Resto,Mujeres,Todas,piramide,40-44,310167.0,8037762.0,9381.0,
2020,autoads,Resto,Mujeres,Todas,piramide,45-49,318104.0,8037762.0,9408.0,
2020,autoads,Resto,Mujeres,Todas,piramide,5-9,255786.0,8037762.0,7781.0,
2020,autoads,Resto,Mujeres,Todas,piramide,50-54,303123.0,8037762.0,9016.0,
2020,autoads,Resto,Mujeres,Todas,piramide,55-59,250034.0,8037762.0,7533.0,
2020,autoads,Resto,Mujeres,Todas,piramide,60-64,234807.0,8037762.0,6898.0,
2020,autoads,Resto,Mujeres,Todas,piramide,65-69,175453.0,8037762.0,5125.0,
2020,autoads,Resto,Mujeres,Todas,piramide,70-74,134484.0,8037762.0,3895.0,
2020,autoads,Resto,Mujeres,Todas,piramide,75-79,85623.0,8037762.0,2482.0,
2020,autoads,Resto,Mujeres,Todas,piramide,80-84,63801.0,8037762.0,1878.0,
2020,autoads,Resto,Mujeres,Todas,piramide,85 y más,63035.0,8037762.0,1820.0,
2020,autoads,Indígena,Hombres,15-29,posicion,Empleada u obrera,46254.0,57376.0,1822.0,0.013514
2020,autoads,Indígena,Hombres,15-29,posicion,Jornalera o peona,812.0,57376.0,1822.0,0.001592
2020,autoads,Indígena,Hombres,15-29,posicion,Patrona,812.0,57376.0,1822.0,0.000286
2020,autoads,Indígena,Hombres,15-29,posicion,Por cuenta propia,7832.0,57376.0,1822.0,0.007527
2020,autoads,Indígena,Hombres,15-29,posicion,Sin pago,1666.0,57376.0,1822.0,0.002595
2020,autoads,Indígena,Hombres,3-14,posicion,Empleada u obrera,470.0,909.0,29.0,0.000531
2020,autoads,Indígena,Hombres,3-14,posicion,Jornalera o peona,,909.0,29.0,
2020,autoads,Indígena,Hombres,3-14,posicion,Patrona,,909.0,29.0,
2020,autoads,Indígena,Hombres,3-14,posicion,Por cuenta propia,126.0,909.0,29.0,
2020,autoads,Indígena,Hombres,3-14,posicion,Sin pago,313.0,909.0,29.0,
2020,autoads,Indígena,Hombres,30-59,posicion,Empleada u obrera,107099.0,158549.0,5011.0,0.008059
2020,autoads,Indígena,Hombres,30-59,posicion,Jornalera o peona,1674.0,158549.0,5011.0,0.000676
2020,autoads,Indígena,Hombres,30-59,posicion,Patrona,5169.0,158549.0,5011.0,0.001366
2020,autoads,Indígena,Hombres,30-59,posicion,Por cuenta propia,43759.0,158549.0,5011.0,0.006936
2020,autoads,Indígena,Hombres,30-59,posicion,Sin pago,848.0,158549.0,5011.0,0.000232
2020,autoads,Indígena,Hombres,60+,posicion,Empleada u obrera,17038.0,37120.0,1139.0,0.011365
2020,autoads,Indígena,Hombres,60+,posicion,Jornalera o peona,521.0,37120.0,1139.0,0.001009
2020,autoads,Indígena,Hombres,60+,posicion,Patrona,2700.0,37120.0,1139.0,0.003756
2020,autoads,Indígena,Hombres,60+,posicion,Por cuenta propia,15678.0,37120.0,1139.0,0.009736
2020,autoads,Indígena,Hombres,60+,posicion,Sin pago,1183.0,37120.0,1139.0,0.001096
2020,autoads,Indígena,Hombres,Todas,posicion,Empleada u obrera,170861.0,253954.0,8001.0,0.007715
2020,autoads,Indígena,Hombres,Todas,posicion,Jornalera o peona,3007.0,253954.0,8001.0,0.000795
2020,autoads,Indígena,Hombres,Todas,posicion,Patrona,8681.0,253954.0,8001.0,0.001529
2020,autoads,Indígena,Hombres,Todas,posicion,Por cuenta propia,67395.0,253954.0,8001.0,0.006278
2020,autoads,Indígena,Hombres,Todas,posicion,Sin pago,4010.0,253954.0,8001.0,0.001039
2020,autoads,Indígena,Mujeres,15-29,posicion,Empleada u obrera,30468.0,39238.0,1208.0,0.015891
2020,autoads,Indígena,Mujeres,15-29,posicion,Jornalera o peona,18.0,39238.0,1208.0,
2020,autoads,Indígena,Mujeres,15-29,posicion,Patrona,670.0,39238.0,1208.0,0.000174
2020,autoads,Indígena,Mujeres,15-29,posicion,Por cuenta propia,6110.0,39238.0,1208.0,0.009124
2020,autoads,Indígena,Mujeres,15-29,posicion,Sin pago,1972.0,39238.0,1208.0,0.002219
2020,autoads,Indígena,Mujeres,3-14,posicion,Empleada u obrera,224.0,516.0,18.0,0.001551
2020,autoads,Indígena,Mujeres,3-14,posicion,Jornalera o peona,,516.0,18.0,
2020,autoads,Indígena,Mujeres,3-14,posicion,Patrona,,516.0,18.0,
2020,autoads,Indígena,Mujeres,3-14,posicion,Por cuenta propia,33.0,516.0,18.0,
2020,autoads,Indígena,Mujeres,3-14,posicion,Sin pago,259.0,516.0,18.0,
2020,autoads,Indígena,Mujeres,30-59,posicion,Empleada u obrera,85212.0,128102.0,4017.0,0.011433
2020,autoads,Indígena,Mujeres,30-59,posicion,Jornalera o peona,232.0,128102.0,4017.0,4e-06
2020,autoads,Indígena,Mujeres,30-59,posicion,Patrona,2775.0,128102.0,4017.0,0.00137
2020,autoads,Indígena,Mujeres,30-59,posicion,Por cuenta propia,37160.0,128102.0,4017.0,0.009707
2020,autoads,Indígena,Mujeres,30-59,posicion,Sin pago,2723.0,128102.0,4017.0,0.002688
2020,autoads,Indígena,Mujeres,60+,posicion,Empleada u obrera,11765.0,28578.0,858.0,0.011865
2020,autoads,Indígena,Mujeres,60+,posicion,Jornalera o peona,50.0,28578.0,858.0,
2020,autoads,Indígena,Mujeres,60+,posicion,Patrona,1641.0,28578.0,858.0,0.003186
2020,autoads,Indígena,Mujeres,60+,posicion,Por cuenta propia,13995.0,28578.0,858.0,0.01141
2020,autoads,Indígena,Mujeres,60+,posicion,Sin pago,1127.0,28578.0,858.0,0.000596
2020,autoads,Indígena,Mujeres,Todas,posicion,Empleada u obrera,127669.0,196434.0,6101.0,0.011213
2020,autoads,Indígena,Mujeres,Todas,posicion,Jornalera o peona,300.0,196434.0,6101.0,8e-06
2020,autoads,Indígena,Mujeres,Todas,posicion,Patrona,5086.0,196434.0,6101.0,0.001834
2020,autoads,Indígena,Mujeres,Todas,posicion,Por cuenta propia,57298.0,196434.0,6101.0,0.009153
2020,autoads,Indígena,Mujeres,Todas,posicion,Sin pago,6081.0,196434.0,6101.0,0.002683
2020,autoads,Indígena,Total,15-29,posicion,Empleada u obrera,76722.0,96614.0,3030.0,0.013315
2020,autoads,Indígena,Total,15-29,posicion,Jornalera o peona,830.0,96614.0,3030.0,0.000953
2020,autoads,Indígena,Total,15-29,posicion,Patrona,1482.0,96614.0,3030.0,0.000671
2020,autoads,Indígena,Total,15-29,posicion,Por cuenta propia,13942.0,96614.0,3030.0,0.00836
2020,autoads,Indígena,Total,15-29,posicion,Sin pago,3638.0,96614.0,3030.0,0.002556
2020,autoads,Indígena,Total,3-14,posicion,Empleada u obrera,694.0,1425.0,47.0,0.00654
2020,autoads,Indígena,Total,3-14,posicion,Jornalera o peona,,1425.0,47.0,
2020,autoads,Indígena,Total,3-14,posicion,Patrona,,1425.0,47.0,
2020,autoads,Indígena,Total,3-14,posicion,Por cuenta propia,159.0,1425.0,47.0,
2020,autoads,Indígena,Total,3-14,posicion,Sin pago,572.0,1425.0,47.0,0.003464
2020,autoads,Indígena,Total,30-59,posicion,Empleada u obrera,192311.0,286651.0,9028.0,0.008051
2020,autoads,Indígena,Total,30-59,posicion,Jornalera o peona,1906.0,286651.0,9028.0,0.000508
2020,autoads,Indígena,Total,30-59,posicion,Patrona,7944.0,286651.0,9028.0,0.001407
2020,autoads,Indígena,Total,30-59,posicion,Por cuenta propia,80919.0,286651.0,9028.0,0.007211
2020,autoads,Indígena,Total,30-59,posicion,Sin pago,3571.0,286651.0,9028.0,0.001225
2020,autoads,Indígena,Total,60+,posicion,Empleada u obrera,28803.0,65698.0,1997.0,0.01023
2020,autoads,Indígena,Total,60+,posicion,Jornalera o peona,571.0,65698.0,1997.0,0.00071
2020,autoads,Indígena,Total,60+,posicion,Patrona,4341.0,65698.0,1997.0,0.003611
2020,autoads,Indígena,Total,60+,posicion,Por cuenta propia,29673.0,65698.0,1997.0,0.010466
2020,autoads,Indígena,Total,60+,posicion,Sin pago,2310.0,65698.0,1997.0,0.000857
2020,autoads,Indígena,Total,Todas,posicion,Empleada u obrera,298530.0,450388.0,14102.0,0.007971
2020,autoads,Indígena,Total,Todas,posicion,Jornalera o peona,3307.0,450388.0,14102.0,0.000511
2020,autoads,Indígena,Total,Todas,posicion,Patrona,13767.0,450388.0,14102.0,0.0018
2020,autoads,Indígena,Total,Todas,posicion,Por cuenta propia,124693.0,450388.0,14102.0,0.006927
2020,autoads,Indígena,Total,Todas,posicion,Sin pago,10091.0,450388.0,14102.0,0.002131
2020,autoads,Resto,Hombres,15-29,posicion,Empleada u obrera,403933.0,497256.0,15282.0,0.004498
2020,autoads,Resto,Hombres,15-29,posicion,Jornalera o peona,2169.0,497256.0,15282.0,0.000425
2020,autoads,Resto,Hombres,15-29,posicion,Patrona,7965.0,497256.0,15282.0,0.000659
2020,autoads,Resto,Hombres,15-29,posicion,Por cuenta propia,73374.0,497256.0,15282.0,0.003598
2020,autoads,Resto,Hombres,15-29,posicion,Sin pago,9815.0,497256.0,15282.0,0.000652
2020,autoads,Resto,Hombres,3-14,posicion,Empleada u obrera,1886.0,4375.0,134.0,0.018106
2020,autoads,Resto,Hombres,3-14,posicion,Jornalera o peona,,4375.0,134.0,
2020,autoads,Resto,Hombres,3-14,posicion,Patrona,55.0,4375.0,134.0,
2020,autoads,Resto,Hombres,3-14,posicion,Por cuenta propia,554.0,4375.0,134.0,0.000346
2020,autoads,Resto,Hombres,3-14,posicion,Sin pago,1880.0,4375.0,134.0,0.016715
2020,autoads,Resto,Hombres,30-59,posicion,Empleada u obrera,1029004.0,1466859.0,43884.0,0.003857
2020,autoads,Resto,Hombres,30-59,posicion,Jornalera o peona,4997.0,1466859.0,43884.0,0.000166
2020,autoads,Resto,Hombres,30-59,posicion,Patrona,65085.0,1466859.0,43884.0,0.001987
2020,autoads,Resto,Hombres,30-59,posicion,Por cuenta propia,363230.0,1466859.0,43884.0,0.003756
2020,autoads,Resto,Hombres,30-59,posicion,Sin pago,4543.0,1466859.0,43884.0,0.000125
2020,autoads,Resto,Hombres,60+,posicion,Empleada u obrera,121749.0,255565.0,7520.0,0.006938
2020,autoads,Resto,Hombres,60+,posicion,Jornalera o peona,1149.0,255565.0,7520.0,0.000278
2020,autoads,Resto,Hombres,60+,posicion,Patrona,19178.0,255565.0,7520.0,0.005173
2020,autoads,Resto,Hombres,60+,posicion,Por cuenta propia,109669.0,255565.0,7520.0,0.006494
2020,autoads,Resto,Hombres,60+,posicion,Sin pago,3820.0,255565.0,7520.0,0.000439
2020,autoads,Resto,Hombres,Todas,posicion,Empleada u obrera,1556572.0,2224055.0,66820.0,0.003566
2020,autoads,Resto,Hombres,Todas,posicion,Jornalera o peona,8315.0,2224055.0,66820.0,0.000234
2020,autoads,Resto,Hombres,Todas,posicion,Patrona,92283.0,2224055.0,66820.0,0.002003
2020,autoads,Resto,Hombres,Todas,posicion,Por cuenta propia,546827.0,2224055.0,66820.0,0.003337
2020,autoads,Resto,Hombres,Todas,posicion,Sin pago,20058.0,2224055.0,66820.0,0.000287
2020,autoads,Resto,Mujeres,15-29,posicion,Empleada u obrera,306864.0,377396.0,11379.0,0.004675
2020,autoads,Resto,Mujeres,15-29,posicion,Jornalera o peona,303.0,377396.0,11379.0,0.0
2020,autoads,Resto,Mujeres,15-29,posicion,Patrona,4938.0,377396.0,11379.0,0.000683
2020,autoads,Resto,Mujeres,15-29,posicion,Por cuenta propia,53518.0,377396.0,11379.0,0.003281
2020,autoads,Resto,Mujeres,15-29,posicion,Sin pago,11773.0,377396.0,11379.0,0.000999
2020,autoads,Resto,Mujeres,3-14,posicion,Empleada u obrera,836.0,1635.0,60.0,0.00998
2020,autoads,Resto,Mujeres,3-14,posicion,Jornalera o peona,,1635.0,60.0,
2020,autoads,Resto,Mujeres,3-14,posicion,Patrona,,1635.0,60.0,
2020,autoads,Resto,Mujeres,3-14,posicion,Por cuenta propia,243.0,1635.0,60.0,0.001915
2020,autoads,Resto,Mujeres,3-14,posicion,Sin pago,556.0,1635.0,60.0,0.001276
2020,autoads,Resto,Mujeres,30-59,posicion,Empleada u obrera,871687.0,1185006.0,35353.0,0.004035
2020,autoads,Resto,Mujeres,30-59,posicion,Jornalera o peona,1650.0,1185006.0,35353.0,0.000243
2020,autoads,Resto,Mujeres,30-59,posicion,Patrona,32101.0,1185006.0,35353.0,0.001149
2020,autoads,Resto,Mujeres,30-59,posicion,Por cuenta propia,268610.0,1185006.0,35353.0,0.003712
2020,autoads,Resto,Mujeres,30-59,posicion,Sin pago,10958.0,1185006.0,35353.0,0.000505
2020,autoads,Resto,Mujeres,60+,posicion,Empleada u obrera,81690.0,166254.0,4878.0,0.007811
2020,autoads,Resto,Mujeres,60+,posicion,Jornalera o peona,92.0,166254.0,4878.0,0.0
2020,autoads,Resto,Mujeres,60+,posicion,Patrona,7529.0,166254.0,4878.0,0.001983
2020,autoads,Resto,Mujeres,60+,posicion,Por cuenta propia,71933.0,166254.0,4878.0,0.007902
2020,autoads,Resto,Mujeres,60+,posicion,Sin pago,5010.0,166254.0,4878.0,0.002109
2020,autoads,Resto,Mujeres,Todas,posicion,Empleada u obrera,1261077.0,1730291.0,51670.0,0.003613
2020,autoads,Resto,Mujeres,Todas,posicion,Jornalera o peona,2045.0,1730291.0,51670.0,0.000177
2020,autoads,Resto,Mujeres,Todas,posicion,Patrona,44568.0,1730291.0,51670.0,0.001135
2020,autoads,Resto,Mujeres,Todas,posicion,Por cuenta propia,394304.0,1730291.0,51670.0,0.003375
2020,autoads,Resto,Mujeres,Todas,posicion,Sin pago,28297.0,1730291.0,51670.0,0.000657
2020,autoads,Resto,Total,15-29,posicion,Empleada u obrera,710797.0,874652.0,26661.0,0.003659
2020,autoads,Resto,Total,15-29,posicion,Jornalera o peona,2472.0,874652.0,26661.0,0.000241
2020,autoads,Resto,Total,15-29,posicion,Patrona,12903.0,874652.0,26661.0,0.000658
2020,autoads,Resto,Total,15-29,posicion,Por cuenta propia,126892.0,874652.0,26661.0,0.003144
2020,autoads,Resto,Total,15-29,posicion,Sin pago,21588.0,874652.0,26661.0,0.000833
2020,autoads,Resto,Total,3-14,posicion,Empleada u obrera,2722.0,6010.0,194.0,0.019284
2020,autoads,Resto,Total,3-14,posicion,Jornalera o peona,,6010.0,194.0,
2020,autoads,Resto,Total,3-14,posicion,Patrona,55.0,6010.0,194.0,
2020,autoads,Resto,Total,3-14,posicion,Por cuenta propia,797.0,6010.0,194.0,0.004516
2020,autoads,Resto,Total,3-14,posicion,Sin pago,2436.0,6010.0,194.0,0.0134
2020,autoads,Resto,Total,30-59,posicion,Empleada u obrera,1900691.0,2651865.0,79237.0,0.003434
2020,autoads,Resto,Total,30-59,posicion,Jornalera o peona,6647.0,2651865.0,79237.0,0.00022
2020,autoads,Resto,Total,30-59,posicion,Patrona,97186.0,2651865.0,79237.0,0.001599
2020,autoads,Resto,Total,30-59,posicion,Por cuenta propia,631840.0,2651865.0,79237.0,0.003363
2020,autoads,Resto,Total,30-59,posicion,Sin pago,15501.0,2651865.0,79237.0,0.000272
2020,autoads,Resto,Total,60+,posicion,Empleada u obrera,203439.0,421819.0,12398.0,0.006436
2020,autoads,Resto,Total,60+,posicion,Jornalera o peona,1241.0,421819.0,12398.0,0.000203
2020,autoads,Resto,Total,60+,posicion,Patrona,26707.0,421819.0,12398.0,0.004006
2020,autoads,Resto,Total,60+,posicion,Por cuenta propia,181602.0,421819.0,12398.0,0.006173
2020,autoads,Resto,Total,60+,posicion,Sin pago,8830.0,421819.0,12398.0,0.001129
2020,autoads,Resto,Total,Todas,posicion,Empleada u obrera,2817649.0,3954346.0,118490.0,0.003178
2020,autoads,Resto,Total,Todas,posicion,Jornalera o peona,10360.0,3954346.0,118490.0,0.000216
2020,autoads,Resto,Total,Todas,posicion,Patrona,136851.0,3954346.0,118490.0,0.001602
2020,autoads,Resto,Total,Todas,posicion,Por cuenta propia,941131.0,3954346.0,118490.0,0.003048
2020,autoads,Resto,Total,Todas,posicion,Sin pago,48355.0,3954346.0,118490.0,0.000448
2020,autoads,Todos,Total,Todas,proporcion,15-29,171720.0,2095086.0,63627.0,
2020,autoads,Todos,Total,Todas,proporcion,3-14,98678.0,1378857.0,42437.0,
2020,autoads,Todos,Total,Todas,proporcion,30-59,370408.0,3874945.0,116514.0,
2020,autoads,Todos,Total,Todas,proporcion,60+,184519.0,1514199.0,44261.0,
2020,autoads,Indígena,Hombres,15-29,salud,Afiliada,56037.0,87301.0,2746.0,0.011929
2020,autoads,Indígena,Hombres,3-14,salud,Afiliada,35982.0,49882.0,1658.0,0.013203
2020,autoads,Indígena,Hombres,30-59,salud,Afiliada,120681.0,174797.0,5502.0,0.009145
2020,autoads,Indígena,Hombres,60+,salud,Afiliada,68602.0,80593.0,2379.0,0.008251
2020,autoads,Indígena,Hombres,Todas,salud,Afiliada,281302.0,392573.0,12285.0,0.007196
2020,autoads,Indígena,Mujeres,15-29,salud,Afiliada,58854.0,84419.0,2707.0,0.010094
2020,autoads,Indígena,Mujeres,3-14,salud,Afiliada,36340.0,48706.0,1627.0,0.012062
2020,autoads,Indígena,Mujeres,30-59,salud,Afiliada,145194.0,195457.0,6171.0,0.008166
2020,autoads,Indígena,Mujeres,60+,salud,Afiliada,90053.0,103883.0,3056.0,0.006888
2020,autoads,Indígena,Mujeres,Todas,salud,Afiliada,330441.0,432465.0,13561.0,0.007068
2020,autoads,Indígena,Total,15-29,salud,Afiliada,114891.0,171720.0,5453.0,0.010043
2020,autoads,Indígena,Total,3-14,salud,Afiliada,72322.0,98588.0,3285.0,0.011328
2020,autoads,Indígena,Total,30-59,salud,Afiliada,265875.0,370254.0,11673.0,0.00754
2020,autoads,Indígena,Total,60+,salud,Afiliada,158655.0,184476.0,5435.0,0.006337
2020,autoads,Indígena,Total,Todas,salud,Afiliada,611743.0,825038.0,25846.0,0.006739
2020,autoads,Resto,Hombres,15-29,salud,Afiliada,682435.0,956469.0,28912.0,0.006155
2020,autoads,Resto,Hombres,3-14,salud,Afiliada,489701.0,653022.0,20004.0,0.007173
2020,autoads,Resto,Hombres,30-59,salud,Afiliada,1224288.0,1648179.0,49329.0,0.004825
2020,autoads,Resto,Hombres,60+,salud,Afiliada,492202.0,572263.0,16721.0,0.004252
2020,autoads,Resto,Hombres,Todas,salud,Afiliada,2888626.0,3829933.0,114966.0,0.004821
2020,autoads,Resto,Mujeres,15-29,salud,Afiliada,709060.0,966287.0,29243.0,0.00544
2020,autoads,Resto,Mujeres,3-14,salud,Afiliada,468148.0,626850.0,19137.0,0.006994
2020,autoads,Resto,Mujeres,30-59,salud,Afiliada,1462530.0,1855129.0,55471.0,0.004522
2020,autoads,Resto,Mujeres,60+,salud,Afiliada,664057.0,756922.0,22089.0,0.003801
2020,autoads,Resto,Mujeres,Todas,salud,Afiliada,3303795.0,4205188.0,125940.0,0.004386
2020,autoads,Resto,Total,15-29,salud,Afiliada,1391495.0,1922756.0,58155.0,0.005368
2020,autoads,Resto,Total,3-14,salud,Afiliada,957849.0,1279872.0,39141.0,0.006583
2020,autoads,Resto,Total,30-59,salud,Afiliada,2686818.0,3503308.0,104800.0,0.004461
2020,autoads,Resto,Total,60+,salud,Afiliada,1156259.0,1329185.0,38810.0,0.00359
2020,autoads,Resto,Total,Todas,salud,Afiliada,6192421.0,8035121.0,240906.0,0.004494
2020,lengua,Indígena,Hombres,15-29,actividad,Desocupada,129.0,13842.0,422.0,
2020,lengua,Indígena,Hombres,15-29,actividad,No económicamente activa,1809.0,13842.0,422.0,0.009092
2020,lengua,Indígena,Hombres,15-29,actividad,Ocupada,11904.0,13842.0,422.0,0.013244
2020,lengua,Indígena,Hombres,3-14,actividad,Desocupada,,931.0,26.0,
2020,lengua,Indígena,Hombres,3-14,actividad,No económicamente activa,794.0,931.0,26.0,0.052954
2020,lengua,Indígena,Hombres,3-14,actividad,Ocupada,137.0,931.0,26.0,
2020,lengua,Indígena,Hombres,30-59,actividad,Desocupada,906.0,36375.0,1148.0,0.001526
2020,lengua,Indígena,Hombres,30-59,actividad,No económicamente activa,1970.0,36375.0,1148.0,0.002395
2020,lengua,Indígena,Hombres,30-59,actividad,Ocupada,33499.0,36375.0,1148.0,0.007934
2020,lengua,Indígena,Hombres,60+,actividad,Desocupada,216.0,14855.0,442.0,8e-05
2020,lengua,Indígena,Hombres,60+,actividad,No económicamente activa,6875.0,14855.0,442.0,0.012411
2020,lengua,Indígena,Hombres,60+,actividad,Ocupada,7764.0,14855.0,442.0,0.01178
2020,lengua,Indígena,Hombres,Todas,actividad,Desocupada,1251.0,66003.0,2038.0,0.000896
2020,lengua,Indígena,Hombres,Todas,actividad,No económicamente activa,11448.0,66003.0,2038.0,0.00627
2020,lengua,Indígena,Hombres,Todas,actividad,Ocupada,53304.0,66003.0,2038.0,0.009257
2020,lengua,Indígena,Mujeres,15-29,actividad,Desocupada,95.0,14814.0,471.0,5.7e-05
2020,lengua,Indígena,Mujeres,15-29,actividad,No económicamente activa,6595.0,14814.0,471.0,0.020999
2020,lengua,Indígena,Mujeres,15-29,actividad,Ocupada,8124.0,14814.0,471.0,0.023321
2020,lengua,Indígena,Mujeres,3-14,actividad,Desocupada,,762.0,28.0,
2020,lengua,Indígena,Mujeres,3-14,actividad,No económicamente activa,708.0,762.0,28.0,0.0246
2020,lengua,Indígena,Mujeres,3-14,actividad,Ocupada,54.0,762.0,28.0,
2020,lengua,Indígena,Mujeres,30-59,actividad,Desocupada,109.0,38725.0,1266.0,
2020,lengua,Indígena,Mujeres,30-59,actividad,No económicamente activa,13287.0,38725.0,1266.0,0.011821
2020,lengua,Indígena,Mujeres,30-59,actividad,Ocupada,25329.0,38725.0,1266.0,0.016235
2020,lengua,Indígena,Mujeres,60+,actividad,Desocupada,,17811.0,517.0,
2020,lengua,Indígena,Mujeres,60+,actividad,No económicamente activa,12525.0,17811.0,517.0,0.013651
2020,lengua,Indígena,Mujeres,60+,actividad,Ocupada,5286.0,17811.0,517.0,0.011058
2020,lengua,Indígena,Mujeres,Todas,actividad,Desocupada,204.0,72112.0,2282.0,1.5e-05
2020,lengua,Indígena,Mujeres,Todas,actividad,No económicamente activa,33115.0,72112.0,2282.0,0.016419
2020,lengua,Indígena,Mujeres,Todas,actividad,Ocupada,38793.0,72112.0,2282.0,0.016857
2020,lengua,Indígena,Total,15-29,actividad,Desocupada,224.0,28656.0,893.0,2.5e-05
2020,lengua,Indígena,Total,15-29,actividad,No económicamente activa,8404.0,28656.0,893.0,0.017321
2020,lengua,Indígena,Total,15-29,actividad,Ocupada,20028.0,28656.0,893.0,0.019265
2020,lengua,Indígena,Total,3-14,actividad,Desocupada,,1693.0,54.0,
2020,lengua,Indígena,Total,3-14,actividad,No económicamente activa,1502.0,1693.0,54.0,0.046183
2020,lengua,Indígena,Total,3-14,actividad,Ocupada,191.0,1693.0,54.0,
2020,lengua,Indígena,Total,30-59,actividad,Desocupada,1015.0,75100.0,2414.0,0.000764
2020,lengua,Indígena,Total,30-59,actividad,No económicamente activa,15257.0,75100.0,2414.0,0.009745
2020,lengua,Indígena,Total,30-59,actividad,Ocupada,58828.0,75100.0,2414.0,0.011593
2020,lengua,Indígena,Total,60+,actividad,Desocupada,216.0,32666.0,959.0,1.7e-05
2020,lengua,Indígena,Total,60+,actividad,No económicamente activa,19400.0,32666.0,959.0,0.012848
2020,lengua,Indígena,Total,60+,actividad,Ocupada,13050.0,32666.0,959.0,0.0119
2020,lengua,Indígena,Total,Todas,actividad,Desocupada,1455.0,138115.0,4320.0,0.000525
2020,lengua,Indígena,Total,Todas,actividad,No económicamente activa,44563.0,138115.0,4320.0,0.011299
2020,lengua,Indígena,Total,Todas,actividad,Ocupada,92097.0,138115.0,4320.0,0.011926
2020,lengua,Resto,Hombres,15-29,actividad,Desocupada,36836.0,1030149.0,31231.0,0.001477
2020,lengua,Resto,Hombres,15-29,actividad,No económicamente activa,449906.0,1030149.0,31231.0,0.004927
2020,lengua,Resto,Hombres,15-29,actividad,Ocupada,543407.0,1030149.0,31231.0,0.005095
2020,lengua,Resto,Hombres,3-14,actividad,Desocupada,109.0,187907.0,5718.0,
2020,lengua,Resto,Hombres,3-14,actividad,No económicamente activa,182629.0,187907.0,5718.0,0.002784
2020,lengua,Resto,Hombres,3-14,actividad,Ocupada,5169.0,187907.0,5718.0,0.001157
2020,lengua,Resto,Hombres,30-59,actividad,Desocupada,62235.0,1784738.0,53604.0,0.001681
2020,lengua,Resto,Hombres,30-59,actividad,No económicamente activa,128601.0,1784738.0,53604.0,0.002624
2020,lengua,Resto,Hombres,30-59,actividad,Ocupada,1593902.0,1784738.0,53604.0,0.003561
2020,lengua,Resto,Hombres,60+,actividad,Desocupada,9579.0,637327.0,18620.0,0.000544
2020,lengua,Resto,Hombres,60+,actividad,No económicamente activa,342495.0,637327.0,18620.0,0.005659
2020,lengua,Resto,Hombres,60+,actividad,Ocupada,285253.0,637327.0,18620.0,0.005696
2020,lengua,Resto,Hombres,Todas,actividad,Desocupada,108759.0,3640121.0,109173.0,0.001276
2020,lengua,Resto,Hombres,Todas,actividad,No económicamente activa,1103631.0,3640121.0,109173.0,0.00284
2020,lengua,Resto,Hombres,Todas,actividad,Ocupada,2427731.0,3640121.0,109173.0,0.003253
2020,lengua,Resto,Mujeres,15-29,actividad,Desocupada,24278.0,1035950.0,31472.0,0.000933
2020,lengua,Resto,Mujeres,15-29,actividad,No económicamente activa,602594.0,1035950.0,31472.0,0.004644
2020,lengua,Resto,Mujeres,15-29,actividad,Ocupada,409078.0,1035950.0,31472.0,0.00465
2020,lengua,Resto,Mujeres,3-14,actividad,Desocupada,13.0,180729.0,5541.0,
2020,lengua,Resto,Mujeres,3-14,actividad,No económicamente activa,178619.0,180729.0,5541.0,0.001643
2020,lengua,Resto,Mujeres,3-14,actividad,Ocupada,2097.0,180729.0,5541.0,0.000405
2020,lengua,Resto,Mujeres,30-59,actividad,Desocupada,27571.0,2010955.0,60340.0,0.000648
2020,lengua,Resto,Mujeres,30-59,actividad,No económicamente activa,693860.0,2010955.0,60340.0,0.004768
2020,lengua,Resto,Mujeres,30-59,actividad,Ocupada,1289524.0,2010955.0,60340.0,0.00483
2020,lengua,Resto,Mujeres,60+,actividad,Desocupada,1623.0,841953.0,24581.0,4.2e-05
2020,lengua,Resto,Mujeres,60+,actividad,No económicamente activa,650649.0,841953.0,24581.0,0.003577
2020,lengua,Resto,Mujeres,60+,actividad,Ocupada,189681.0,841953.0,24581.0,0.003347
2020,lengua,Resto,Mujeres,Todas,actividad,Desocupada,53485.0,4069587.0,121934.0,0.000567
2020,lengua,Resto,Mujeres,Todas,actividad,No económicamente activa,2125722.0,4069587.0,121934.0,0.003537
2020,lengua,Resto,Mujeres,Todas,actividad,Ocupada,1890380.0,4069587.0,121934.0,0.003552
2020,lengua,Resto,Total,15-29,actividad,Desocupada,61114.0,2066099.0,62703.0,0.001201
2020,lengua,Resto,Total,15-29,actividad,No económicamente activa,1052500.0,2066099.0,62703.0,0.00385
2020,lengua,Resto,Total,15-29,actividad,Ocupada,952485.0,2066099.0,62703.0,0.004032
2020,lengua,Resto,Total,3-14,actividad,Desocupada,122.0,368636.0,11259.0,0.0
2020,lengua,Resto,Total,3-14,actividad,No económicamente activa,361248.0,368636.0,11259.0,0.001757
2020,lengua,Resto,Total,3-14,actividad,Ocupada,7266.0,368636.0,11259.0,0.000774
2020,lengua,Resto,Total,30-59,actividad,Desocupada,89806.0,3795693.0,113944.0,0.001114
2020,lengua,Resto,Total,30-59,actividad,No económicamente activa,822461.0,3795693.0,113944.0,0.003475
2020,lengua,Resto,Total,30-59,actividad,Ocupada,2883426.0,3795693.0,113944.0,0.003853
2020,lengua,Resto,Total,60+,actividad,Desocupada,11202.0,1479280.0,43201.0,0.000276
2020,lengua,Resto,Total,60+,actividad,No económicamente activa,993144.0,1479280.0,43201.0,0.003738
2020,lengua,Resto,Total,60+,actividad,Ocupada,474934.0,1479280.0,43201.0,0.003743
2020,lengua,Resto,Total,Todas,actividad,Desocupada,162244.0,7709708.0,231107.0,0.000877
2020,lengua,Resto,Total,Todas,actividad,No económicamente activa,3229353.0,7709708.0,231107.0,0.002929
2020,lengua,Resto,Total,Todas,actividad,Ocupada,4318111.0,7709708.0,231107.0,0.003152
2020,lengua,Indígena,Hombres,15-29,discapacidad,Con discapacidad,97.0,13901.0,424.0,0.001566
2020,lengua,Indígena,Hombres,3-14,discapacidad,Con discapacidad,20.0,2389.0,80.0,
2020,lengua,Indígena,Hombres,30-59,discapacidad,Con discapacidad,1660.0,36439.0,1150.0,0.002211
2020,lengua,Indígena,Hombres,60+,discapacidad,Con discapacidad,3347.0,14944.0,444.0,0.006282
2020,lengua,Indígena,Hombres,Todas,discapacidad,Con discapacidad,5124.0,67673.0,2098.0,0.002933
2020,lengua,Indígena,Mujeres,15-29,discapacidad,Con discapacidad,94.0,14814.0,471.0,
2020,lengua,Indígena,Mujeres,3-14,discapacidad,Con discapacidad,38.0,3108.0,99.0,
2020,lengua,Indígena,Mujeres,30-59,discapacidad,Con discapacidad,1706.0,38795.0,1269.0,0.002327
2020,lengua,Indígena,Mujeres,60+,discapacidad,Con discapacidad,3961.0,17811.0,517.0,0.006676
2020,lengua,Indígena,Mujeres,Todas,discapacidad,Con discapacidad,5799.0,74528.0,2356.0,0.003617
2020,lengua,Indígena,Total,15-29,discapacidad,Con discapacidad,191.0,28715.0,895.0,0.000766
2020,lengua,Indígena,Total,3-14,discapacidad,Con discapacidad,58.0,5497.0,179.0,
2020,lengua,Indígena,Total,30-59,discapacidad,Con discapacidad,3366.0,75234.0,2419.0,0.002239
2020,lengua,Indígena,Total,60+,discapacidad,Con discapacidad,7308.0,32755.0,961.0,0.006804
2020,lengua,Indígena,Total,Todas,discapacidad,Con discapacidad,10923.0,142201.0,4454.0,0.003522
2020,lengua,Resto,Hombres,15-29,discapacidad,Con discapacidad,22194.0,1030804.0,31255.0,0.000693
2020,lengua,Resto,Hombres,3-14,discapacidad,Con discapacidad,13835.0,708079.0,21814.0,0.000537
2020,lengua,Resto,Hombres,30-59,discapacidad,Con discapacidad,62952.0,1788148.0,53723.0,0.000945
2020,lengua,Resto,Hombres,60+,discapacidad,Con discapacidad,100160.0,638577.0,18670.0,0.003366
2020,lengua,Resto,Hombres,Todas,discapacidad,Con discapacidad,199141.0,4165608.0,125462.0,0.00095
2020,lengua,Resto,Mujeres,15-29,discapacidad,Con discapacidad,20874.0,1037124.0,31508.0,0.000722
2020,lengua,Resto,Mujeres,3-14,discapacidad,Con discapacidad,9258.0,679725.0,20876.0,0.000376
2020,lengua,Resto,Mujeres,30-59,discapacidad,Con discapacidad,74021.0,2013756.0,60416.0,0.000966
2020,lengua,Resto,Mujeres,60+,discapacidad,Con discapacidad,161796.0,843719.0,24648.0,0.0037
2020,lengua,Resto,Mujeres,Todas,discapacidad,Con discapacidad,265949.0,4574324.0,137448.0,0.00117
2020,lengua,Resto,Total,15-29,discapacidad,Con discapacidad,43068.0,2067928.0,62763.0,0.00066
2020,lengua,Resto,Total,3-14,discapacidad,Con discapacidad,23093.0,1387804.0,42690.0,0.000496
2020,lengua,Resto,Total,30-59,discapacidad,Con discapacidad,136973.0,3801904.0,114139.0,0.000925
2020,lengua,Resto,Total,60+,discapacidad,Con discapacidad,261956.0,1482296.0,43318.0,0.003217
2020,lengua,Resto,Total,Todas,discapacidad,Con discapacidad,465090.0,8739932.0,262910.0,0.000982
2020,lengua,Indígena,Hombres,15-29,domestico,Trabajo doméstico remunerado,,11904.0,364.0,
2020,lengua,Indígena,Hombres,3-14,domestico,Trabajo doméstico remunerado,,137.0,3.0,
2020,lengua,Indígena,Hombres,30-59,domestico,Trabajo doméstico remunerado,139.0,33499.0,1060.0,
2020,lengua,Indígena,Hombres,60+,domestico,Trabajo doméstico remunerado,32.0,7764.0,238.0,
2020,lengua,Indígena,Hombres,Todas,domestico,Trabajo doméstico remunerado,171.0,53304.0,1665.0,
2020,lengua,Indígena,Mujeres,15-29,domestico,Trabajo doméstico remunerado,2116.0,8124.0,252.0,0.027571
2020,lengua,Indígena,Mujeres,3-14,domestico,Trabajo doméstico remunerado,,54.0,2.0,
2020,lengua,Indígena,Mujeres,30-59,domestico,Trabajo doméstico remunerado,8705.0,25329.0,823.0,0.015644
2020,lengua,Indígena,Mujeres,60+,domestico,Trabajo doméstico remunerado,1156.0,5286.0,154.0,0.008492
2020,lengua,Indígena,Mujeres,Todas,domestico,Trabajo doméstico remunerado,11977.0,38793.0,1231.0,0.021983
2020,lengua,Indígena,Total,15-29,domestico,Trabajo doméstico remunerado,2116.0,20028.0,616.0,0.01196
2020,lengua,Indígena,Total,3-14,domestico,Trabajo doméstico remunerado,,191.0,5.0,
2020,lengua,Indígena,Total,30-59,domestico,Trabajo doméstico remunerado,8844.0,58828.0,1883.0,0.007814
2020,lengua,Indígena,Total,60+,domestico,Trabajo doméstico remunerado,1188.0,13050.0,392.0,0.003794
2020,lengua,Indígena,Total,Todas,domestico,Trabajo doméstico remunerado,12148.0,92097.0,2896.0,0.009674
2020,lengua,Resto,Hombres,15-29,domestico,Trabajo doméstico remunerado,614.0,543407.0,16752.0,7.2e-05
2020,lengua,Resto,Hombres,3-14,domestico,Trabajo doméstico remunerado,4.0,5169.0,161.0,
2020,lengua,Resto,Hombres,30-59,domestico,Trabajo doméstico remunerado,2399.0,1593902.0,47878.0,6.7e-05
2020,lengua,Resto,Hombres,60+,domestico,Trabajo doméstico remunerado,822.0,285253.0,8427.0,0.000234
2020,lengua,Resto,Hombres,Todas,domestico,Trabajo doméstico remunerado,3839.0,2427731.0,73218.0,8.7e-05
2020,lengua,Resto,Mujeres,15-29,domestico,Trabajo doméstico remunerado,13508.0,409078.0,12347.0,0.002745
2020,lengua,Resto,Mujeres,3-14,domestico,Trabajo doméstico remunerado,11.0,2097.0,76.0,
2020,lengua,Resto,Mujeres,30-59,domestico,Trabajo doméstico remunerado,80172.0,1289524.0,38581.0,0.002232
2020,lengua,Resto,Mujeres,60+,domestico,Trabajo doméstico remunerado,18233.0,189681.0,5586.0,0.002661
2020,lengua,Resto,Mujeres,Todas,domestico,Trabajo doméstico remunerado,111924.0,1890380.0,56590.0,0.002207
2020,lengua,Resto,Total,15-29,domestico,Trabajo doméstico remunerado,14122.0,952485.0,29099.0,0.001216
2020,lengua,Resto,Total,3-14,domestico,Trabajo doméstico remunerado,15.0,7266.0,237.0,
2020,lengua,Resto,Total,30-59,domestico,Trabajo doméstico remunerado,82571.0,2883426.0,86459.0,0.00105
2020,lengua,Resto,Total,60+,domestico,Trabajo doméstico remunerado,19055.0,474934.0,14013.0,0.001172
2020,lengua,Resto,Total,Todas,domestico,Trabajo doméstico remunerado,115763.0,4318111.0,129808.0,0.001007
2020,lengua,Indígena,Hombres,15-29,escolaridad,Media superior,3363.0,13801.0,423.0,0.018104
2020,lengua,Indígena,Hombres,15-29,escolaridad,Primaria o menos,2672.0,13801.0,423.0,0.01603
2020,lengua,Indígena,Hombres,15-29,escolaridad,Secundaria,6400.0,13801.0,423.0,0.02266
2020,lengua,Indígena,Hombres,15-29,escolaridad,Superior,1366.0,13801.0,423.0,0.004482
2020,lengua,Indígena,Hombres,30-59,escolaridad,Media superior,3865.0,36414.0,1149.0,0.005275
2020,lengua,Indígena,Hombres,30-59,escolaridad,Primaria o menos,15280.0,36414.0,1149.0,0.016097
2020,lengua,Indígena,Hombres,30-59,escolaridad,Secundaria,11019.0,36414.0,1149.0,0.012348
2020,lengua,Indígena,Hombres,30-59,escolaridad,Superior,6250.0,36414.0,1149.0,0.007579
2020,lengua,Indígena,Hombres,60+,escolaridad,Media superior,1101.0,14944.0,444.0,0.001638
2020,lengua,Indígena,Hombres,60+,escolaridad,Primaria o menos,9545.0,14944.0,444.0,0.012405
2020,lengua,Indígena,Hombres,60+,escolaridad,Secundaria,1576.0,14944.0,444.0,0.002956
2020,lengua,Indígena,Hombres,60+,escolaridad,Superior,2722.0,14944.0,444.0,0.005495
2020,lengua,Indígena,Hombres,Todas,escolaridad,Media superior,8329.0,65159.0,2016.0,0.005504
2020,lengua,Indígena,Hombres,Todas,escolaridad,Primaria o menos,27497.0,65159.0,2016.0,0.012328
2020,lengua,Indígena,Hombres,Todas,escolaridad,Secundaria,18995.0,65159.0,2016.0,0.011391
2020,lengua,Indígena,Hombres,Todas,escolaridad,Superior,10338.0,65159.0,2016.0,0.006915
2020,lengua,Indígena,Mujeres,15-29,escolaridad,Media superior,4057.0,14814.0,471.0,0.016369
2020,lengua,Indígena,Mujeres,15-29,escolaridad,Primaria o menos,2590.0,14814.0,471.0,0.009821
2020,lengua,Indígena,Mujeres,15-29,escolaridad,Secundaria,6384.0,14814.0,471.0,0.022587
2020,lengua,Indígena,Mujeres,15-29,escolaridad,Superior,1783.0,14814.0,471.0,0.005443
2020,lengua,Indígena,Mujeres,30-59,escolaridad,Media superior,3255.0,38795.0,1269.0,0.003014
2020,lengua,Indígena,Mujeres,30-59,escolaridad,Primaria o menos,22874.0,38795.0,1269.0,0.012976
2020,lengua,Indígena,Mujeres,30-59,escolaridad,Secundaria,9323.0,38795.0,1269.0,0.00721
2020,lengua,Indígena,Mujeres,30-59,escolaridad,Superior,3343.0,38795.0,1269.0,0.00395
2020,lengua,Indígena,Mujeres,60+,escolaridad,Media superior,717.0,17811.0,517.0,0.000792
2020,lengua,Indígena,Mujeres,60+,escolaridad,Primaria o menos,13894.0,17811.0,517.0,0.010025
2020,lengua,Indígena,Mujeres,60+,escolaridad,Secundaria,1618.0,17811.0,517.0,0.003159
2020,lengua,Indígena,Mujeres,60+,escolaridad,Superior,1582.0,17811.0,517.0,0.005052
2020,lengua,Indígena,Mujeres,Todas,escolaridad,Media superior,8029.0,71420.0,2257.0,0.004397
2020,lengua,Indígena,Mujeres,Todas,escolaridad,Primaria o menos,39358.0,71420.0,2257.0,0.010649
2020,lengua,Indígena,Mujeres,Todas,escolaridad,Secundaria,17325.0,71420.0,2257.0,0.008318
2020,lengua,Indígena,Mujeres,Todas,escolaridad,Superior,6708.0,71420.0,2257.0,0.003683
2020,lengua,Indígena,Total,15-29,escolaridad,Media superior,7420.0,28615.0,894.0,0.016914
2020,lengua,Indígena,Total,15-29,escolaridad,Primaria o menos,5262.0,28615.0,894.0,0.009581
2020,lengua,Indígena,Total,15-29,escolaridad,Secundaria,12784.0,28615.0,894.0,0.020589
2020,lengua,Indígena,Total,15-29,escolaridad,Superior,3149.0,28615.0,894.0,0.004422
2020,lengua,Indígena,Total,30-59,escolaridad,Media superior,7120.0,75209.0,2418.0,0.004079
2020,lengua,Indígena,Total,30-59,escolaridad,Primaria o menos,38154.0,75209.0,2418.0,0.013979
2020,lengua,Indígena,Total,30-59,escolaridad,Secundaria,20342.0,75209.0,2418.0,0.009492
2020,lengua,Indígena,Total,30-59,escolaridad,Superior,9593.0,75209.0,2418.0,0.006621
2020,lengua,Indígena,Total,60+,escolaridad,Media superior,1818.0,32755.0,961.0,0.00102
2020,lengua,Indígena,Total,60+,escolaridad,Primaria o menos,23439.0,32755.0,961.0,0.010973
2020,lengua,Indígena,Total,60+,escolaridad,Secundaria,3194.0,32755.0,961.0,0.005776
2020,lengua,Indígena,Total,60+,escolaridad,Superior,4304.0,32755.0,961.0,0.00472
2020,lengua,Indígena,Total,Todas,escolaridad,Media superior,16358.0,136579.0,4273.0,0.004718
2020,lengua,Indígena,Total,Todas,escolaridad,Primaria o menos,66855.0,136579.0,4273.0,0.01009
2020,lengua,Indígena,Total,Todas,escolaridad,Secundaria,36320.0,136579.0,4273.0,0.008364
2020,lengua,Indígena,Total,Todas,escolaridad,Superior,17046.0,136579.0,4273.0,0.006066
2020,lengua,Resto,Hombres,15-29,escolaridad,Media superior,420930.0,1028947.0,31199.0,0.00399
2020,lengua,Resto,Hombres,15-29,escolaridad,Primaria o menos,39663.0,1028947.0,31199.0,0.001451
2020,lengua,Resto,Hombres,15-29,escolaridad,Secundaria,266336.0,1028947.0,31199.0,0.004307
2020,lengua,Resto,Hombres,15-29,escolaridad,Superior,302018.0,1028947.0,31199.0,0.006045
2020,lengua,Resto,Hombres,30-59,escolaridad,Media superior,483624.0,1787169.0,53693.0,0.00354
2020,lengua,Resto,Hombres,30-59,escolaridad,Primaria o menos,173715.0,1787169.0,53693.0,0.002807
2020,lengua,Resto,Hombres,30-59,escolaridad,Secundaria,436864.0,1787169.0,53693.0,0.004687
2020,lengua,Resto,Hombres,30-59,escolaridad,Superior,692966.0,1787169.0,53693.0,0.008505
2020,lengua,Resto,Hombres,60+,escolaridad,Media superior,94123.0,638285.0,18660.0,0.003
2020,lengua,Resto,Hombres,60+,escolaridad,Primaria o menos,218980.0,638285.0,18660.0,0.007017
2020,lengua,Resto,Hombres,60+,escolaridad,Secundaria,118760.0,638285.0,18660.0,0.003652
2020,lengua,Resto,Hombres,60+,escolaridad,Superior,206422.0,638285.0,18660.0,0.008832
2020,lengua,Resto,Hombres,Todas,escolaridad,Media superior,998677.0,3454401.0,103552.0,0.002902
2020,lengua,Resto,Hombres,Todas,escolaridad,Primaria o menos,432358.0,3454401.0,103552.0,0.002626
2020,lengua,Resto,Hombres,Todas,escolaridad,Secundaria,821960.0,3454401.0,103552.0,0.003913
2020,lengua,Resto,Hombres,Todas,escolaridad,Superior,1201406.0,3454401.0,103552.0,0.007241
2020,lengua,Resto,Mujeres,15-29,escolaridad,Media superior,420161.0,1035025.0,31441.0,0.004064
2020,lengua,Resto,Mujeres,15-29,escolaridad,Primaria o menos,32105.0,1035025.0,31441.0,0.00101
2020,lengua,Resto,Mujeres,15-29,escolaridad,Secundaria,245354.0,1035025.0,31441.0,0.003934
2020,lengua,Resto,Mujeres,15-29,escolaridad,Superior,337405.0,1035025.0,31441.0,0.006121
2020,lengua,Resto,Mujeres,30-59,escolaridad,Media superior,538080.0,2012503.0,60379.0,0.00303
2020,lengua,Resto,Mujeres,30-59,escolaridad,Primaria o menos,227970.0,2012503.0,60379.0,0.002715
2020,lengua,Resto,Mujeres,30-59,escolaridad,Secundaria,483112.0,2012503.0,60379.0,0.004632
2020,lengua,Resto,Mujeres,30-59,escolaridad,Superior,763341.0,2012503.0,60379.0,0.007967
2020,lengua,Resto,Mujeres,60+,escolaridad,Media superior,142577.0,843531.0,24642.0,0.003332
2020,lengua,Resto,Mujeres,60+,escolaridad,Primaria o menos,382787.0,843531.0,24642.0,0.00822
2020,lengua,Resto,Mujeres,60+,escolaridad,Secundaria,148107.0,843531.0,24642.0,0.003002
2020,lengua,Resto,Mujeres,60+,escolaridad,Superior,170060.0,843531.0,24642.0,0.006374
2020,lengua,Resto,Mujeres,Todas,escolaridad,Media superior,1100818.0,3891059.0,116462.0,0.002424
2020,lengua,Resto,Mujeres,Todas,escolaridad,Primaria o menos,642862.0,3891059.0,116462.0,0.002664
2020,lengua,Resto,Mujeres,Todas,escolaridad,Secundaria,876573.0,3891059.0,116462.0,0.003309
2020,lengua,Resto,Mujeres,Todas,escolaridad,Superior,1270806.0,3891059.0,116462.0,0.006351
2020,lengua,Resto,Total,15-29,escolaridad,Media superior,841091.0,2063972.0,62640.0,0.003473
2020,lengua,Resto,Total,15-29,escolaridad,Primaria o menos,71768.0,2063972.0,62640.0,0.001138
2020,lengua,Resto,Total,15-29,escolaridad,Secundaria,511690.0,2063972.0,62640.0,0.003813
2020,lengua,Resto,Total,15-29,escolaridad,Superior,639423.0,2063972.0,62640.0,0.005763
2020,lengua,Resto,Total,30-59,escolaridad,Media superior,1021704.0,3799672.0,114072.0,0.003058
2020,lengua,Resto,Total,30-59,escolaridad,Primaria o menos,401685.0,3799672.0,114072.0,0.002708
2020,lengua,Resto,Total,30-59,escolaridad,Secundaria,919976.0,3799672.0,114072.0,0.004562
2020,lengua,Resto,Total,30-59,escolaridad,Superior,1456307.0,3799672.0,114072.0,0.008111
2020,lengua,Resto,Total,60+,escolaridad,Media superior,236700.0,1481816.0,43302.0,0.002782
2020,lengua,Resto,Total,60+,escolaridad,Primaria o menos,601767.0,1481816.0,43302.0,0.007635
2020,lengua,Resto,Total,60+,escolaridad,Secundaria,266867.0,1481816.0,43302.0,0.002754
2020,lengua,Resto,Total,60+,escolaridad,Superior,376482.0,1481816.0,43302.0,0.007381
2020,lengua,Resto,Total,Todas,escolaridad,Media superior,2099495.0,7345460.0,220014.0,0.002396
2020,lengua,Resto,Total,Todas,escolaridad,Primaria o menos,1075220.0,7345460.0,220014.0,0.002537
2020,lengua,Resto,Total,Todas,escolaridad,Secundaria,1698533.0,7345460.0,220014.0,0.003451
2020,lengua,Resto,Total,Todas,escolaridad,Superior,2472212.0,7345460.0,220014.0,0.006691
2020,lengua,Indígena,Hombres,15-29,monolingue,No habla español,,13839.0,422.0,
2020,lengua,Indígena,Hombres,3-14,monolingue,No habla español,64.0,2238.0,74.0,
2020,lengua,Indígena,Hombres,30-59,monolingue,No habla español,11.0,36035.0,1136.0,
2020,lengua,Indígena,Hombres,60+,monolingue,No habla español,23.0,14873.0,441.0,
2020,lengua,Indígena,Hombres,Todas,monolingue,No habla español,98.0,66985.0,2073.0,
2020,lengua,Indígena,Mujeres,15-29,monolingue,No habla español,13.0,14693.0,467.0,
2020,lengua,Indígena,Mujeres,3-14,monolingue,No habla español,,2981.0,95.0,
2020,lengua,Indígena,Mujeres,30-59,monolingue,No habla español,372.0,38402.0,1259.0,0.000155
2020,lengua,Indígena,Mujeres,60+,monolingue,No habla español,240.0,17787.0,516.0,
2020,lengua,Indígena,Mujeres,Todas,monolingue,No habla español,625.0,73863.0,2337.0,0.000185
2020,lengua,Indígena,Total,15-29,monolingue,No habla español,13.0,28532.0,889.0,
2020,lengua,Indígena,Total,3-14,monolingue,No habla español,64.0,5219.0,169.0,
2020,lengua,Indígena,Total,30-59,monolingue,No habla español,383.0,74437.0,2395.0,8.1e-05
2020,lengua,Indígena,Total,60+,monolingue,No habla español,263.0,32660.0,957.0,6.3e-05
2020,lengua,Indígena,Total,Todas,monolingue,No habla español,723.0,140848.0,4410.0,0.00022
2020,lengua,Indígena,Hombres,Todas,piramide,10-14,1540.0,142201.0,44.0,
2020,lengua,Indígena,Hombres,Todas,piramide,15-19,3166.0,142201.0,88.0,
2020,lengua,Indígena,Hombres,Todas,piramide,20-24,4486.0,142201.0,148.0,
2020,lengua,Indígena,Hombres,Todas,piramide,25-29,6249.0,142201.0,188.0,
2020,lengua,Indígena,Hombres,Todas,piramide,3-4,214.0,142201.0,10.0,
2020,lengua,Indígena,Hombres,Todas,piramide,30-34,7287.0,142201.0,221.0,
2020,lengua,Indígena,Hombres,Todas,piramide,35-39,7179.0,142201.0,231.0,
2020,lengua,Indígena,Hombres,Todas,piramide,40-44,5796.0,142201.0,178.0,
2020,lengua,Indígena,Hombres,Todas,piramide,45-49,5785.0,142201.0,191.0,
2020,lengua,Indígena,Hombres,Todas,piramide,5-9,635.0,142201.0,26.0,
2020,lengua,Indígena,Hombres,Todas,piramide,50-54,5915.0,142201.0,187.0,
2020,lengua,Indígena,Hombres,Todas,piramide,55-59,4477.0,142201.0,142.0,
2020,lengua,Indígena,Hombres,Todas,piramide,60-64,4106.0,142201.0,132.0,
2020,lengua,Indígena,Hombres,Todas,piramide,65-69,3614.0,142201.0,107.0,
2020,lengua,Indígena,Hombres,Todas,piramide,70-74,3107.0,142201.0,82.0,
2020,lengua,Indígena,Hombres,Todas,piramide,75-79,1908.0,142201.0,59.0,
2020,lengua,Indígena,Hombres,Todas,piramide,80-84,1085.0,142201.0,30.0,
2020,lengua,Indígena,Hombres,Todas,piramide,85 y más,1124.0,142201.0,34.0,
2020,lengua,Indígena,Mujeres,Todas,piramide,10-14,1616.0,142201.0,48.0,
2020,lengua,Indígena,Mujeres,Todas,piramide,15-19,2686.0,142201.0,86.0,
2020,lengua,Indígena,Mujeres,Todas,piramide,20-24,5512.0,142201.0,171.0,
2020,lengua,Indígena,Mujeres,Todas,piramide,25-29,6616.0,142201.0,214.0,
2020,lengua,Indígena,Mujeres,Todas,piramide,3-4,265.0,142201.0,10.0,
2020,lengua,Indígena,Mujeres,Todas,piramide,30-34,6575.0,142201.0,213.0,
2020,lengua,Indígena,Mujeres,Todas,piramide,35-39,8214.0,142201.0,258.0,
2020,lengua,Indígena,Mujeres,Todas,piramide,40-44,5891.0,142201.0,202.0,
2020,lengua,Indígena,Mujeres,Todas,piramide,45-49,6075.0,142201.0,204.0,
2020,lengua,Indígena,Mujeres,Todas,piramide,5-9,1227.0,142201.0,41.0,
2020,lengua,Indígena,Mujeres,Todas,piramide,50-54,6005.0,142201.0,194.0,
2020,lengua,Indígena,Mujeres,Todas,piramide,55-59,6035.0,142201.0,198.0,
2020,lengua,Indígena,Mujeres,Todas,piramide,60-64,5600.0,142201.0,157.0,
2020,lengua,Indígena,Mujeres,Todas,piramide,65-69,4233.0,142201.0,125.0,
2020,lengua,Indígena,Mujeres,Todas,piramide,70-74,2864.0,142201.0,88.0,
2020,lengua,Indígena,Mujeres,Todas,piramide,75-79,2277.0,142201.0,61.0,
2020,lengua,Indígena,Mujeres,Todas,piramide,80-84,1199.0,142201.0,36.0,
2020,lengua,Indígena,Mujeres,Todas,piramide,85 y más,1638.0,142201.0,50.0,
2020,lengua,Resto,Hombres,Todas,piramide,10-14,309292.0,8740268.0,9490.0,
2020,lengua,Resto,Hombres,Todas,piramide,15-19,324804.0,8740268.0,9951.0,
2020,lengua,Resto,Hombres,Todas,piramide,20-24,343292.0,8740268.0,10439.0,
2020,lengua,Resto,Hombres,Todas,piramide,25-29,362781.0,8740268.0,10866.0,
2020,lengua,Resto,Hombres,Todas,piramide,3-4,108129.0,8740268.0,3350.0,
2020,lengua,Resto,Hombres,Todas,piramide,30-34,353820.0,8740268.0,10634.0,
2020,lengua,Resto,Hombres,Todas,piramide,35-39,320382.0,8740268.0,9661.0,
2020,lengua,Resto,Hombres,Todas,piramide,40-44,308658.0,8740268.0,9266.0,
2020,lengua,Resto,Hombres,Todas,piramide,45-49,301610.0,8740268.0,9064.0,
2020,lengua,Resto,Hombres,Todas,piramide,5-9,290658.0,8740268.0,8974.0,
2020,lengua,Resto,Hombres,Todas,piramide,50-54,273825.0,8740268.0,8207.0,
2020,lengua,Resto,Hombres,Todas,piramide,55-59,229884.0,8740268.0,6893.0,
2020,lengua,Resto,Hombres,Todas,piramide,60-64,201892.0,8740268.0,6029.0,
2020,lengua,Resto,Hombres,Todas,piramide,65-69,157352.0,8740268.0,4612.0,
2020,lengua,Resto,Hombres,Todas,piramide,70-74,116516.0,8740268.0,3320.0,
2020,lengua,Resto,Hombres,Todas,piramide,75-79,76312.0,8740268.0,2231.0,
2020,lengua,Resto,Hombres,Todas,piramide,80-84,47402.0,8740268.0,1356.0,
2020,lengua,Resto,Hombres,Todas,piramide,85 y más,39103.0,8740268.0,1122.0,
2020,lengua,Resto,Mujeres,Todas,piramide,10-14,296498.0,8740268.0,9105.0,
2020,lengua,Resto,Mujeres,Todas,piramide,15-19,316367.0,8740268.0,9563.0,
2020,lengua,Resto,Mujeres,Todas,piramide,20-24,352776.0,8740268.0,10724.0,
2020,lengua,Resto,Mujeres,Todas,piramide,25-29,367994.0,8740268.0,11222.0,
2020,lengua,Resto,Mujeres,Todas,piramide,3-4,106473.0,8740268.0,3296.0,
2020,lengua,Resto,Mujeres,Todas,piramide,30-34,373462.0,8740268.0,11191.0,
2020,lengua,Resto,Mujeres,Todas,piramide,35-39,351769.0,8740268.0,10536.0,
2020,lengua,Resto,Mujeres,Todas,piramide,40-44,336215.0,8740268.0,10204.0,
2020,lengua,Resto,Mujeres,Todas,piramide,45-49,345300.0,8740268.0,10267.0,
2020,lengua,Resto,Mujeres,Todas,piramide,5-9,276772.0,8740268.0,8476.0,
2020,lengua,Resto,Mujeres,Todas,piramide,50-54,330823.0,8740268.0,9873.0,
2020,lengua,Resto,Mujeres,Todas,piramide,55-59,276388.0,8740268.0,8351.0,
2020,lengua,Resto,Mujeres,Todas,piramide,60-64,262824.0,8740268.0,7739.0,
2020,lengua,Resto,Mujeres,Todas,piramide,65-69,196657.0,8740268.0,5761.0,
2020,lengua,Resto,Mujeres,Todas,piramide,70-74,151078.0,8740268.0,4370.0,
2020,lengua,Resto,Mujeres,Todas,piramide,75-79,94577.0,8740268.0,2746.0,
2020,lengua,Resto,Mujeres,Todas,piramide,80-84,70174.0,8740268.0,2069.0,
2020,lengua,Resto,Mujeres,Todas,piramide,85 y más,68409.0,8740268.0,1963.0,
2020,lengua,Indígena,Hombres,15-29,posicion,Empleada u obrera,9197.0,11904.0,364.0,0.03936
2020,lengua,Indígena,Hombres,15-29,posicion,Jornalera o peona,226.0,11904.0,364.0,
2020,lengua,Indígena,Hombres,15-29,posicion,Patrona,117.0,11904.0,364.0,
2020,lengua,Indígena,Hombres,15-29,posicion,Por cuenta propia,2100.0,11904.0,364.0,0.026512
2020,lengua,Indígena,Hombres,15-29,posicion,Sin pago,264.0,11904.0,364.0,0.000904
2020,lengua,Indígena,Hombres,3-14,posicion,Empleada u obrera,23.0,137.0,3.0,
2020,lengua,Indígena,Hombres,3-14,posicion,Jornalera o peona,,137.0,3.0,
2020,lengua,Indígena,Hombres,3-14,posicion,Patrona,,137.0,3.0,
2020,lengua,Indígena,Hombres,3-14,posicion,Por cuenta propia,,137.0,3.0,
2020,lengua,Indígena,Hombres,3-14,posicion,Sin pago,114.0,137.0,3.0,
2020,lengua,Indígena,Hombres,30-59,posicion,Empleada u obrera,21953.0,33499.0,1060.0,0.016768
2020,lengua,Indígena,Hombres,30-59,posicion,Jornalera o peona,424.0,33499.0,1060.0,0.001095
2020,lengua,Indígena,Hombres,30-59,posicion,Patrona,1046.0,33499.0,1060.0,0.001263
2020,lengua,Indígena,Hombres,30-59,posicion,Por cuenta propia,9993.0,33499.0,1060.0,0.014451
2020,lengua,Indígena,Hombres,30-59,posicion,Sin pago,83.0,33499.0,1060.0,2.2e-05
2020,lengua,Indígena,Hombres,60+,posicion,Empleada u obrera,3107.0,7764.0,238.0,0.011217
2020,lengua,Indígena,Hombres,60+,posicion,Jornalera o peona,133.0,7764.0,238.0,0.000705
2020,lengua,Indígena,Hombres,60+,posicion,Patrona,414.0,7764.0,238.0,0.000462
2020,lengua,Indígena,Hombres,60+,posicion,Por cuenta propia,3866.0,7764.0,238.0,0.015004
2020,lengua,Indígena,Hombres,60+,posicion,Sin pago,244.0,7764.0,238.0,0.00073
2020,lengua,Indígena,Hombres,Todas,posicion,Empleada u obrera,34280.0,53304.0,1665.0,0.017381
2020,lengua,Indígena,Hombres,Todas,posicion,Jornalera o peona,783.0,53304.0,1665.0,0.000847
2020,lengua,Indígena,Hombres,Todas,posicion,Patrona,1577.0,53304.0,1665.0,0.000845
2020,lengua,Indígena,Hombres,Todas,posicion,Por cuenta propia,15959.0,53304.0,1665.0,0.014787
2020,lengua,Indígena,Hombres,Todas,posicion,Sin pago,705.0,53304.0,1665.0,0.000289
2020,lengua,Indígena,Mujeres,15-29,posicion,Empleada u obrera,6387.0,8124.0,252.0,0.046936
2020,lengua,Indígena,Mujeres,15-29,posicion,Jornalera o peona,,8124.0,252.0,
2020,lengua,Indígena,Mujeres,15-29,posicion,Patrona,66.0,8124.0,252.0,
2020,lengua,Indígena,Mujeres,15-29,posicion,Por cuenta propia,1365.0,8124.0,252.0,0.014202
2020,lengua,Indígena,Mujeres,15-29,posicion,Sin pago,306.0,8124.0,252.0,0.005205
2020,lengua,Indígena,Mujeres,3-14,posicion,Empleada u obrera,,54.0,2.0,
2020,lengua,Indígena,Mujeres,3-14,posicion,Jornalera o peona,,54.0,2.0,
2020,lengua,Indígena,Mujeres,3-14,posicion,Patrona,,54.0,2.0,
2020,lengua,Indígena,Mujeres,3-14,posicion,Por cuenta propia,,54.0,2.0,
2020,lengua,Indígena,Mujeres,3-14,posicion,Sin pago,54.0,54.0,2.0,
2020,lengua,Indígena,Mujeres,30-59,posicion,Empleada u obrera,15802.0,25329.0,823.0,0.029055
2020,lengua,Indígena,Mujeres,30-59,posicion,Jornalera o peona,89.0,25329.0,823.0,8e-06
2020,lengua,Indígena,Mujeres,30-59,posicion,Patrona,415.0,25329.0,823.0,0.001998
2020,lengua,Indígena,Mujeres,30-59,posicion,Por cuenta propia,8612.0,25329.0,823.0,0.025248
2020,lengua,Indígena,Mujeres,30-59,posicion,Sin pago,411.0,25329.0,823.0,0.000771
2020,lengua,Indígena,Mujeres,60+,posicion,Empleada u obrera,1976.0,5286.0,154.0,0.010209
2020,lengua,Indígena,Mujeres,60+,posicion,Jornalera o peona,,5286.0,154.0,
2020,lengua,Indígena,Mujeres,60+,posicion,Patrona,200.0,5286.0,154.0,
2020,lengua,Indígena,Mujeres,60+,posicion,Por cuenta propia,2960.0,5286.0,154.0,0.022604
2020,lengua,Indígena,Mujeres,60+,posicion,Sin pago,150.0,5286.0,154.0,
2020,lengua,Indígena,Mujeres,Todas,posicion,Empleada u obrera,24165.0,38793.0,1231.0,0.0299
2020,lengua,Indígena,Mujeres,Todas,posicion,Jornalera o peona,89.0,38793.0,1231.0,7e-06
2020,lengua,Indígena,Mujeres,Todas,posicion,Patrona,681.0,38793.0,1231.0,0.001327
2020,lengua,Indígena,Mujeres,Todas,posicion,Por cuenta propia,12937.0,38793.0,1231.0,0.02583
2020,lengua,Indígena,Mujeres,Todas,posicion,Sin pago,921.0,38793.0,1231.0,0.002053
2020,lengua,Indígena,Total,15-29,posicion,Empleada u obrera,15584.0,20028.0,616.0,0.040548
2020,lengua,Indígena,Total,15-29,posicion,Jornalera o peona,226.0,20028.0,616.0,3.5e-05
2020,lengua,Indígena,Total,15-29,posicion,Patrona,183.0,20028.0,616.0,0.000225
2020,lengua,Indígena,Total,15-29,posicion,Por cuenta propia,3465.0,20028.0,616.0,0.028739
2020,lengua,Indígena,Total,15-29,posicion,Sin pago,570.0,20028.0,616.0,0.006469
2020,lengua,Indígena,Total,3-14,posicion,Empleada u obrera,23.0,191.0,5.0,
2020,lengua,Indígena,Total,3-14,posicion,Jornalera o peona,,191.0,5.0,
2020,lengua,Indígena,Total,3-14,posicion,Patrona,,191.0,5.0,
2020,lengua,Indígena,Total,3-14,posicion,Por cuenta propia,,191.0,5.0,
2020,lengua,Indígena,Total,3-14,posicion,Sin pago,168.0,191.0,5.0,
2020,lengua,Indígena,Total,30-59,posicion,Empleada u obrera,37755.0,58828.0,1883.0,0.021065
2020,lengua,Indígena,Total,30-59,posicion,Jornalera o peona,513.0,58828.0,1883.0,0.000673
2020,lengua,Indígena,Total,30-59,posicion,Patrona,1461.0,58828.0,1883.0,0.002126
2020,lengua,Indígena,Total,30-59,posicion,Por cuenta propia,18605.0,58828.0,1883.0,0.019227
2020,lengua,Indígena,Total,30-59,posicion,Sin pago,494.0,58828.0,1883.0,0.00038
2020,lengua,Indígena,Total,60+,posicion,Empleada u obrera,5083.0,13050.0,392.0,0.011867
2020,lengua,Indígena,Total,60+,posicion,Jornalera o peona,133.0,13050.0,392.0,0.000422
2020,lengua,Indígena,Total,60+,posicion,Patrona,614.0,13050.0,392.0,0.000508
2020,lengua,Indígena,Total,60+,posicion,Por cuenta propia,6826.0,13050.0,392.0,0.01701
2020,lengua,Indígena,Total,60+,posicion,Sin pago,394.0,13050.0,392.0,0.000479
2020,lengua,Indígena,Total,Todas,posicion,Empleada u obrera,58445.0,92097.0,2896.0,0.021644
2020,lengua,Indígena,Total,Todas,posicion,Jornalera o peona,872.0,92097.0,2896.0,0.000548
2020,lengua,Indígena,Total,Todas,posicion,Patrona,2258.0,92097.0,2896.0,0.001291
2020,lengua,Indígena,Total,Todas,posicion,Por cuenta propia,28896.0,92097.0,2896.0,0.019474
2020,lengua,Indígena,Total,Todas,posicion,Sin pago,1626.0,92097.0,2896.0,0.002449
2020,lengua,Resto,Hombres,15-29,posicion,Empleada u obrera,441206.0,543032.0,16744.0,0.004413
2020,lengua,Resto,Hombres,15-29,posicion,Jornalera o peona,2755.0,543032.0,16744.0,0.000409
2020,lengua,Resto,Hombres,15-29,posicion,Patrona,8660.0,543032.0,16744.0,0.000672
2020,lengua,Resto,Hombres,15-29,posicion,Por cuenta propia,79194.0,543032.0,16744.0,0.003507
2020,lengua,Resto,Hombres,15-29,posicion,Sin pago,11217.0,543032.0,16744.0,0.000668
2020,lengua,Resto,Hombres,3-14,posicion,Empleada u obrera,2333.0,5147.0,160.0,0.01707
2020,lengua,Resto,Hombres,3-14,posicion,Jornalera o peona,,5147.0,160.0,
2020,lengua,Resto,Hombres,3-14,posicion,Patrona,55.0,5147.0,160.0,
2020,lengua,Resto,Hombres,3-14,posicion,Por cuenta propia,680.0,5147.0,160.0,0.001133
2020,lengua,Resto,Hombres,3-14,posicion,Sin pago,2079.0,5147.0,160.0,0.014186
2020,lengua,Resto,Hombres,30-59,posicion,Empleada u obrera,1114583.0,1592824.0,47854.0,0.003803
2020,lengua,Resto,Hombres,30-59,posicion,Jornalera o peona,6247.0,1592824.0,47854.0,0.000212
2020,lengua,Resto,Hombres,30-59,posicion,Patrona,69293.0,1592824.0,47854.0,0.001912
2020,lengua,Resto,Hombres,30-59,posicion,Por cuenta propia,397393.0,1592824.0,47854.0,0.003701
2020,lengua,Resto,Hombres,30-59,posicion,Sin pago,5308.0,1592824.0,47854.0,0.000141
2020,lengua,Resto,Hombres,60+,posicion,Empleada u obrera,135761.0,285184.0,8426.0,0.006647
2020,lengua,Resto,Hombres,60+,posicion,Jornalera o peona,1537.0,285184.0,8426.0,0.000307
2020,lengua,Resto,Hombres,60+,posicion,Patrona,21464.0,285184.0,8426.0,0.004807
2020,lengua,Resto,Hombres,60+,posicion,Por cuenta propia,121663.0,285184.0,8426.0,0.00638
2020,lengua,Resto,Hombres,60+,posicion,Sin pago,4759.0,285184.0,8426.0,0.000542
2020,lengua,Resto,Hombres,Todas,posicion,Empleada u obrera,1693883.0,2426187.0,73184.0,0.003488
2020,lengua,Resto,Hombres,Todas,posicion,Jornalera o peona,10539.0,2426187.0,73184.0,0.000261
2020,lengua,Resto,Hombres,Todas,posicion,Patrona,99472.0,2426187.0,73184.0,0.001927
2020,lengua,Resto,Hombres,Todas,posicion,Por cuenta propia,598930.0,2426187.0,73184.0,0.003273
2020,lengua,Resto,Hombres,Todas,posicion,Sin pago,23363.0,2426187.0,73184.0,0.000304
2020,lengua,Resto,Mujeres,15-29,posicion,Empleada u obrera,331150.0,408749.0,12340.0,0.004644
2020,lengua,Resto,Mujeres,15-29,posicion,Jornalera o peona,321.0,408749.0,12340.0,0.0
2020,lengua,Resto,Mujeres,15-29,posicion,Patrona,5542.0,408749.0,12340.0,0.000759
2020,lengua,Resto,Mujeres,15-29,posicion,Por cuenta propia,58297.0,408749.0,12340.0,0.003349
2020,lengua,Resto,Mujeres,15-29,posicion,Sin pago,13439.0,408749.0,12340.0,0.001071
2020,lengua,Resto,Mujeres,3-14,posicion,Empleada u obrera,1060.0,2097.0,76.0,0.013971
2020,lengua,Resto,Mujeres,3-14,posicion,Jornalera o peona,,2097.0,76.0,
2020,lengua,Resto,Mujeres,3-14,posicion,Patrona,,2097.0,76.0,
2020,lengua,Resto,Mujeres,3-14,posicion,Por cuenta propia,276.0,2097.0,76.0,0.002948
2020,lengua,Resto,Mujeres,3-14,posicion,Sin pago,761.0,2097.0,76.0,0.00707
2020,lengua,Resto,Mujeres,30-59,posicion,Empleada u obrera,941749.0,1288763.0,38568.0,0.004064
2020,lengua,Resto,Mujeres,30-59,posicion,Jornalera o peona,1793.0,1288763.0,38568.0,0.000225
2020,lengua,Resto,Mujeres,30-59,posicion,Patrona,34487.0,1288763.0,38568.0,0.001142
2020,lengua,Resto,Mujeres,30-59,posicion,Por cuenta propia,297464.0,1288763.0,38568.0,0.00373
2020,lengua,Resto,Mujeres,30-59,posicion,Sin pago,13270.0,1288763.0,38568.0,0.000732
2020,lengua,Resto,Mujeres,60+,posicion,Empleada u obrera,91543.0,189610.0,5584.0,0.007423
2020,lengua,Resto,Mujeres,60+,posicion,Jornalera o peona,142.0,189610.0,5584.0,0.000142
2020,lengua,Resto,Mujeres,60+,posicion,Patrona,8970.0,189610.0,5584.0,0.001978
2020,lengua,Resto,Mujeres,60+,posicion,Por cuenta propia,82968.0,189610.0,5584.0,0.007778
2020,lengua,Resto,Mujeres,60+,posicion,Sin pago,5987.0,189610.0,5584.0,0.001888
2020,lengua,Resto,Mujeres,Todas,posicion,Empleada u obrera,1365502.0,1889219.0,56568.0,0.003634
2020,lengua,Resto,Mujeres,Todas,posicion,Jornalera o peona,2256.0,1889219.0,56568.0,0.000172
2020,lengua,Resto,Mujeres,Todas,posicion,Patrona,48999.0,1889219.0,56568.0,0.001157
2020,lengua,Resto,Mujeres,Todas,posicion,Por cuenta propia,439005.0,1889219.0,56568.0,0.00338
2020,lengua,Resto,Mujeres,Todas,posicion,Sin pago,33457.0,1889219.0,56568.0,0.000799
2020,lengua,Resto,Total,15-29,posicion,Empleada u obrera,772356.0,951781.0,29084.0,0.003629
2020,lengua,Resto,Total,15-29,posicion,Jornalera o peona,3076.0,951781.0,29084.0,0.000235
2020,lengua,Resto,Total,15-29,posicion,Patrona,14202.0,951781.0,29084.0,0.000693
2020,lengua,Resto,Total,15-29,posicion,Por cuenta propia,137491.0,951781.0,29084.0,0.003105
2020,lengua,Resto,Total,15-29,posicion,Sin pago,24656.0,951781.0,29084.0,0.000889
2020,lengua,Resto,Total,3-14,posicion,Empleada u obrera,3393.0,7244.0,236.0,0.016913
2020,lengua,Resto,Total,3-14,posicion,Jornalera o peona,,7244.0,236.0,
2020,lengua,Resto,Total,3-14,posicion,Patrona,55.0,7244.0,236.0,
2020,lengua,Resto,Total,3-14,posicion,Por cuenta propia,956.0,7244.0,236.0,0.004223
2020,lengua,Resto,Total,3-14,posicion,Sin pago,2840.0,7244.0,236.0,0.013058
2020,lengua,Resto,Total,30-59,posicion,Empleada u obrera,2056332.0,2881587.0,86422.0,0.003431
2020,lengua,Resto,Total,30-59,posicion,Jornalera o peona,8040.0,2881587.0,86422.0,0.000227
2020,lengua,Resto,Total,30-59,posicion,Patrona,103780.0,2881587.0,86422.0,0.001558
2020,lengua,Resto,Total,30-59,posicion,Por cuenta propia,694857.0,2881587.0,86422.0,0.003331
2020,lengua,Resto,Total,30-59,posicion,Sin pago,18578.0,2881587.0,86422.0,0.000382
2020,lengua,Resto,Total,60+,posicion,Empleada u obrera,227304.0,474794.0,14010.0,0.006106
2020,lengua,Resto,Total,60+,posicion,Jornalera o peona,1679.0,474794.0,14010.0,0.000217
2020,lengua,Resto,Total,60+,posicion,Patrona,30434.0,474794.0,14010.0,0.003776
2020,lengua,Resto,Total,60+,posicion,Por cuenta propia,204631.0,474794.0,14010.0,0.006071
2020,lengua,Resto,Total,60+,posicion,Sin pago,10746.0,474794.0,14010.0,0.001059
2020,lengua,Resto,Total,Todas,posicion,Empleada u obrera,3059385.0,4315406.0,129752.0,0.003152
2020,lengua,Resto,Total,Todas,posicion,Jornalera o peona,12795.0,4315406.0,129752.0,0.000221
2020,lengua,Resto,Total,Todas,posicion,Patrona,148471.0,4315406.0,129752.0,0.001555
2020,lengua,Resto,Total,Todas,posicion,Por cuenta propia,1037935.0,4315406.0,129752.0,0.003026
2020,lengua,Resto,Total,Todas,posicion,Sin pago,56820.0,4315406.0,129752.0,0.000569
2020,lengua,Todos,Total,Todas,proporcion,15-29,28715.0,2096729.0,63660.0,
2020,lengua,Todos,Total,Todas,proporcion,3-14,5497.0,1393319.0,42870.0,
2020,lengua,Todos,Total,Todas,proporcion,30-59,75234.0,3877370.0,116566.0,
2020,lengua,Todos,Total,Todas,proporcion,60+,32755.0,1515051.0,44279.0,
2020,lengua,Indígena,Hombres,15-29,salud,Afiliada,7256.0,13901.0,424.0,0.027699
2020,lengua,Indígena,Hombres,3-14,salud,Afiliada,1077.0,2389.0,80.0,0.03955
2020,lengua,Indígena,Hombres,30-59,salud,Afiliada,22145.0,36439.0,1150.0,0.012063
2020,lengua,Indígena,Hombres,60+,salud,Afiliada,12023.0,14944.0,444.0,0.015017
2020,lengua,Indígena,Hombres,Todas,salud,Afiliada,42501.0,67673.0,2098.0,0.013415
2020,lengua,Indígena,Mujeres,15-29,salud,Afiliada,8834.0,14814.0,471.0,0.015303
2020,lengua,Indígena,Mujeres,3-14,salud,Afiliada,1530.0,3108.0,99.0,0.026875
2020,lengua,Indígena,Mujeres,30-59,salud,Afiliada,25137.0,38795.0,1269.0,0.013584
2020,lengua,Indígena,Mujeres,60+,salud,Afiliada,14412.0,17811.0,517.0,0.012521
2020,lengua,Indígena,Mujeres,Todas,salud,Afiliada,49913.0,74528.0,2356.0,0.011867
2020,lengua,Indígena,Total,15-29,salud,Afiliada,16090.0,28715.0,895.0,0.019286
2020,lengua,Indígena,Total,3-14,salud,Afiliada,2607.0,5497.0,179.0,0.030932
2020,lengua,Indígena,Total,30-59,salud,Afiliada,47282.0,75234.0,2419.0,0.01196
2020,lengua,Indígena,Total,60+,salud,Afiliada,26435.0,32755.0,961.0,0.011893
2020,lengua,Indígena,Total,Todas,salud,Afiliada,92414.0,142201.0,4454.0,0.011939
2020,lengua,Resto,Hombres,15-29,salud,Afiliada,731445.0,1030544.0,31246.0,0.006098
2020,lengua,Resto,Hombres,3-14,salud,Afiliada,529738.0,707883.0,21809.0,0.007041
2020,lengua,Resto,Hombres,30-59,salud,Afiliada,1323057.0,1787519.0,53704.0,0.004743
2020,lengua,Resto,Hombres,60+,salud,Afiliada,549073.0,638363.0,18664.0,0.004088
2020,lengua,Resto,Hombres,Todas,salud,Afiliada,3133313.0,4164309.0,125423.0,0.004735
2020,lengua,Resto,Mujeres,15-29,salud,Afiliada,759649.0,1036782.0,31498.0,0.005324
2020,lengua,Resto,Mujeres,3-14,salud,Afiliada,508172.0,679542.0,20871.0,0.006779
2020,lengua,Resto,Mujeres,30-59,salud,Afiliada,1583699.0,2013234.0,60402.0,0.00443
2020,lengua,Resto,Mujeres,60+,salud,Afiliada,739995.0,843395.0,24638.0,0.003675
2020,lengua,Resto,Mujeres,Todas,salud,Afiliada,3591515.0,4572953.0,137409.0,0.004299
2020,lengua,Resto,Total,15-29,salud,Afiliada,1491094.0,2067326.0,62744.0,0.005291
2020,lengua,Resto,Total,3-14,salud,Afiliada,1037910.0,1387425.0,42680.0,0.006448
2020,lengua,Resto,Total,30-59,salud,Afiliada,2906756.0,3800753.0,114106.0,0.004372
2020,lengua,Resto,Total,60+,salud,Afiliada,1289068.0,1481758.0,43302.0,0.00345
2020,lengua,Resto,Total,Todas,salud,Afiliada,6724828.0,8737262.0,262832.0,0.004405
2020,todos,Todos,Hombres,15-29,actividad,Desocupada,36965.0,1044158.0,31660.0,0.001472
2020,todos,Todos,Hombres,15-29,actividad,No económicamente activa,451764.0,1044158.0,31660.0,0.004939
2020,todos,Todos,Hombres,15-29,actividad,Ocupada,555429.0,1044158.0,31660.0,0.005116
2020,todos,Todos,Hombres,3-14,actividad,Desocupada,109.0,188838.0,5744.0,
2020,todos,Todos,Hombres,3-14,actividad,No económicamente activa,183423.0,188838.0,5744.0,0.00284
2020,todos,Todos,Hombres,3-14,actividad,Ocupada,5306.0,188838.0,5744.0,0.001224
2020,todos,Todos,Hombres,30-59,actividad,Desocupada,63141.0,1821502.0,54761.0,0.001668
2020,todos,Todos,Hombres,30-59,actividad,No económicamente activa,130716.0,1821502.0,54761.0,0.002583
2020,todos,Todos,Hombres,30-59,actividad,Ocupada,1627645.0,1821502.0,54761.0,0.003515
2020,todos,Todos,Hombres,60+,actividad,Desocupada,9818.0,652231.0,19064.0,0.00054
2020,todos,Todos,Hombres,60+,actividad,No económicamente activa,349370.0,652231.0,19064.0,0.00561
2020,todos,Todos,Hombres,60+,actividad,Ocupada,293043.0,652231.0,19064.0,0.005664
2020,todos,Todos,Hombres,Todas,actividad,Desocupada,110033.0,3706729.0,111229.0,0.001272
2020,todos,Todos,Hombres,Todas,actividad,No económicamente activa,1115273.0,3706729.0,111229.0,0.002832
2020,todos,Todos,Hombres,Todas,actividad,Ocupada,2481423.0,3706729.0,111229.0,0.003244
2020,todos,Todos,Mujeres,15-29,actividad,Desocupada,24373.0,1050896.0,31947.0,0.000936
2020,todos,Todos,Mujeres,15-29,actividad,No económicamente activa,609241.0,1050896.0,31947.0,0.004682
2020,todos,Todos,Mujeres,15-29,actividad,Ocupada,417282.0,1050896.0,31947.0,0.004696
2020,todos,Todos,Mujeres,3-14,actividad,Desocupada,13.0,181491.0,5569.0,
2020,todos,Todos,Mujeres,3-14,actividad,No económicamente activa,179327.0,181491.0,5569.0,0.001666
2020,todos,Todos,Mujeres,3-14,actividad,Ocupada,2151.0,181491.0,5569.0,0.000483
2020,todos,Todos,Mujeres,30-59,actividad,Desocupada,27680.0,2049893.0,61614.0,0.000637
2020,todos,Todos,Mujeres,30-59,actividad,No económicamente activa,707273.0,2049893.0,61614.0,0.004748
2020,todos,Todos,Mujeres,30-59,actividad,Ocupada,1314940.0,2049893.0,61614.0,0.004807
2020,todos,Todos,Mujeres,60+,actividad,Desocupada,1623.0,859973.0,25103.0,4.2e-05
2020,todos,Todos,Mujeres,60+,actividad,No económicamente activa,663324.0,859973.0,25103.0,0.003568
2020,todos,Todos,Mujeres,60+,actividad,Ocupada,195026.0,859973.0,25103.0,0.003341
2020,todos,Todos,Mujeres,Todas,actividad,Desocupada,53689.0,4142253.0,124233.0,0.000564
2020,todos,Todos,Mujeres,Todas,actividad,No económicamente activa,2159165.0,4142253.0,124233.0,0.003538
2020,todos,Todos,Mujeres,Todas,actividad,Ocupada,1929399.0,4142253.0,124233.0,0.003558
2020,todos,Todos,Total,15-29,actividad,Desocupada,61338.0,2095054.0,63607.0,0.001202
2020,todos,Todos,Total,15-29,actividad,No económicamente activa,1061005.0,2095054.0,63607.0,0.003866
2020,todos,Todos,Total,15-29,actividad,Ocupada,972711.0,2095054.0,63607.0,0.004054
2020,todos,Todos,Total,3-14,actividad,Desocupada,122.0,370329.0,11313.0,0.0
2020,todos,Todos,Total,3-14,actividad,No económicamente activa,362750.0,370329.0,11313.0,0.001795
2020,todos,Todos,Total,3-14,actividad,Ocupada,7457.0,370329.0,11313.0,0.000829
2020,todos,Todos,Total,30-59,actividad,Desocupada,90821.0,3871395.0,116375.0,0.001101
2020,todos,Todos,Total,30-59,actividad,No económicamente activa,837989.0,3871395.0,116375.0,0.003446
2020,todos,Todos,Total,30-59,actividad,Ocupada,2942585.0,3871395.0,116375.0,0.003823
2020,todos,Todos,Total,60+,actividad,Desocupada,11441.0,1512204.0,44167.0,0.000273
2020,todos,Todos,Total,60+,actividad,No económicamente activa,1012694.0,1512204.0,44167.0,0.003728
2020,todos,Todos,Total,60+,actividad,Ocupada,488069.0,1512204.0,44167.0,0.003737
2020,todos,Todos,Total,Todas,actividad,Desocupada,163722.0,7848982.0,235462.0,0.000873
2020,todos,Todos,Total,Todas,actividad,No económicamente activa,3274438.0,7848982.0,235462.0,0.002927
2020,todos,Todos,Total,Todas,actividad,Ocupada,4410822.0,7848982.0,235462.0,0.003152
2020,todos,Todos,Hombres,15-29,discapacidad,Con discapacidad,22291.0,1044872.0,31686.0,0.000685
2020,todos,Todos,Hombres,3-14,discapacidad,Con discapacidad,13855.0,710688.0,21899.0,0.000537
2020,todos,Todos,Hombres,30-59,discapacidad,Con discapacidad,64718.0,1825150.0,54886.0,0.000964
2020,todos,Todos,Hombres,60+,discapacidad,Con discapacidad,103507.0,653544.0,19115.0,0.003403
2020,todos,Todos,Hombres,Todas,discapacidad,Con discapacidad,208433.0,4367741.0,131770.0,0.000944
2020,todos,Todos,Mujeres,15-29,discapacidad,Con discapacidad,20968.0,1052070.0,31983.0,0.000713
2020,todos,Todos,Mujeres,3-14,discapacidad,Con discapacidad,9296.0,682908.0,20980.0,0.000374
2020,todos,Todos,Mujeres,30-59,discapacidad,Con discapacidad,75741.0,2052751.0,61693.0,0.000969
2020,todos,Todos,Mujeres,60+,discapacidad,Con discapacidad,165757.0,861680.0,25169.0,0.00369
2020,todos,Todos,Mujeres,Todas,discapacidad,Con discapacidad,274909.0,4783230.0,143972.0,0.001159
2020,todos,Todos,Total,15-29,discapacidad,Con discapacidad,43259.0,2096942.0,63669.0,0.000652
2020,todos,Todos,Total,3-14,discapacidad,Con discapacidad,23151.0,1393596.0,42879.0,0.000492
2020,todos,Todos,Total,30-59,discapacidad,Con discapacidad,140459.0,3877901.0,116579.0,0.000941
2020,todos,Todos,Total,60+,discapacidad,Con discapacidad,269264.0,1515224.0,44284.0,0.003244
2020,todos,Todos,Total,Todas,discapacidad,Con discapacidad,483342.0,9150971.0,275742.0,0.000977
2020,todos,Todos,Hombres,15-29,domestico,Trabajo doméstico remunerado,614.0,555429.0,17121.0,7e-05
2020,todos,Todos,Hombres,3-14,domestico,Trabajo doméstico remunerado,4.0,5306.0,164.0,
2020,todos,Todos,Hombres,30-59,domestico,Trabajo doméstico remunerado,2538.0,1627645.0,48944.0,6.6e-05
2020,todos,Todos,Hombres,60+,domestico,Trabajo doméstico remunerado,854.0,293043.0,8666.0,0.000227
2020,todos,Todos,Hombres,Todas,domestico,Trabajo doméstico remunerado,4010.0,2481423.0,74895.0,8.8e-05
2020,todos,Todos,Mujeres,15-29,domestico,Trabajo doméstico remunerado,15624.0,417282.0,12601.0,0.003125
2020,todos,Todos,Mujeres,3-14,domestico,Trabajo doméstico remunerado,11.0,2151.0,78.0,
2020,todos,Todos,Mujeres,30-59,domestico,Trabajo doméstico remunerado,88877.0,1314940.0,39408.0,0.002491
2020,todos,Todos,Mujeres,60+,domestico,Trabajo doméstico remunerado,19389.0,195026.0,5741.0,0.002715
2020,todos,Todos,Mujeres,Todas,domestico,Trabajo doméstico remunerado,123901.0,1929399.0,57828.0,0.002488
2020,todos,Todos,Total,15-29,domestico,Trabajo doméstico remunerado,16238.0,972711.0,29722.0,0.001388
2020,todos,Todos,Total,3-14,domestico,Trabajo doméstico remunerado,15.0,7457.0,242.0,
2020,todos,Todos,Total,30-59,domestico,Trabajo doméstico remunerado,91415.0,2942585.0,88352.0,0.001172
2020,todos,Todos,Total,60+,domestico,Trabajo doméstico remunerado,20243.0,488069.0,14407.0,0.001198
2020,todos,Todos,Total,Todas,domestico,Trabajo doméstico remunerado,127911.0,4410822.0,132723.0,0.001132
2020,todos,Todos,Hombres,15-29,escolaridad,Media superior,424358.0,1042915.0,31629.0,0.003991
2020,todos,Todos,Hombres,15-29,escolaridad,Primaria o menos,42339.0,1042915.0,31629.0,0.001494
2020,todos,Todos,Hombres,15-29,escolaridad,Secundaria,272759.0,1042915.0,31629.0,0.004399
2020,todos,Todos,Hombres,15-29,escolaridad,Superior,303459.0,1042915.0,31629.0,0.006035
2020,todos,Todos,Hombres,30-59,escolaridad,Media superior,487675.0,1823972.0,54851.0,0.003499
2020,todos,Todos,Hombres,30-59,escolaridad,Primaria o menos,189064.0,1823972.0,54851.0,0.002959
2020,todos,Todos,Hombres,30-59,escolaridad,Secundaria,447922.0,1823972.0,54851.0,0.004653
2020,todos,Todos,Hombres,30-59,escolaridad,Superior,699311.0,1823972.0,54851.0,0.008464
2020,todos,Todos,Hombres,60+,escolaridad,Media superior,95224.0,653252.0,19105.0,0.002987
2020,todos,Todos,Hombres,60+,escolaridad,Primaria o menos,228548.0,653252.0,19105.0,0.007146
2020,todos,Todos,Hombres,60+,escolaridad,Secundaria,120336.0,653252.0,19105.0,0.003578
2020,todos,Todos,Hombres,60+,escolaridad,Superior,209144.0,653252.0,19105.0,0.008756
2020,todos,Todos,Hombres,Todas,escolaridad,Media superior,1007257.0,3520139.0,105585.0,0.002864
2020,todos,Todos,Hombres,Todas,escolaridad,Primaria o menos,459951.0,3520139.0,105585.0,0.002711
2020,todos,Todos,Hombres,Todas,escolaridad,Secundaria,841017.0,3520139.0,105585.0,0.003898
2020,todos,Todos,Hombres,Todas,escolaridad,Superior,1211914.0,3520139.0,105585.0,0.007222
2020,todos,Todos,Mujeres,15-29,escolaridad,Media superior,424218.0,1049971.0,31916.0,0.004033
2020,todos,Todos,Mujeres,15-29,escolaridad,Primaria o menos,34695.0,1049971.0,31916.0,0.001067
2020,todos,Todos,Mujeres,15-29,escolaridad,Secundaria,251790.0,1049971.0,31916.0,0.003992
2020,todos,Todos,Mujeres,15-29,escolaridad,Superior,339268.0,1049971.0,31916.0,0.006088
2020,todos,Todos,Mujeres,30-59,escolaridad,Media superior,541392.0,2051473.0,61655.0,0.002999
2020,todos,Todos,Mujeres,30-59,escolaridad,Primaria o menos,250910.0,2051473.0,61655.0,0.002937
2020,todos,Todos,Mujeres,30-59,escolaridad,Secundaria,492453.0,2051473.0,61655.0,0.004542
2020,todos,Todos,Mujeres,30-59,escolaridad,Superior,766718.0,2051473.0,61655.0,0.007923
2020,todos,Todos,Mujeres,60+,escolaridad,Media superior,143294.0,861492.0,25163.0,0.003311
2020,todos,Todos,Mujeres,60+,escolaridad,Primaria o menos,396831.0,861492.0,25163.0,0.008238
2020,todos,Todos,Mujeres,60+,escolaridad,Secundaria,149725.0,861492.0,25163.0,0.002948
2020,todos,Todos,Mujeres,60+,escolaridad,Superior,171642.0,861492.0,25163.0,0.006279
2020,todos,Todos,Mujeres,Todas,escolaridad,Media superior,1108904.0,3962936.0,118734.0,0.002393
2020,todos,Todos,Mujeres,Todas,escolaridad,Primaria o menos,682436.0,3962936.0,118734.0,0.002744
2020,todos,Todos,Mujeres,Todas,escolaridad,Secundaria,893968.0,3962936.0,118734.0,0.003252
2020,todos,Todos,Mujeres,Todas,escolaridad,Superior,1277628.0,3962936.0,118734.0,0.006304
2020,todos,Todos,Total,15-29,escolaridad,Media superior,848576.0,2092886.0,63545.0,0.003465
2020,todos,Todos,Total,15-29,escolaridad,Primaria o menos,77034.0,2092886.0,63545.0,0.00119
2020,todos,Todos,Total,15-29,escolaridad,Secundaria,524549.0,2092886.0,63545.0,0.003895
2020,todos,Todos,Total,15-29,escolaridad,Superior,642727.0,2092886.0,63545.0,0.005747
2020,todos,Todos,Total,30-59,escolaridad,Media superior,1029067.0,3875445.0,116506.0,0.003019
2020,todos,Todos,Total,30-59,escolaridad,Primaria o menos,439974.0,3875445.0,116506.0,0.002892
2020,todos,Todos,Total,30-59,escolaridad,Secundaria,940375.0,3875445.0,116506.0,0.004497
2020,todos,Todos,Total,30-59,escolaridad,Superior,1466029.0,3875445.0,116506.0,0.008072
2020,todos,Todos,Total,60+,escolaridad,Media superior,238518.0,1514744.0,44268.0,0.002768
2020,todos,Todos,Total,60+,escolaridad,Primaria o menos,625379.0,1514744.0,44268.0,0.007673
2020,todos,Todos,Total,60+,escolaridad,Secundaria,270061.0,1514744.0,44268.0,0.002682
2020,todos,Todos,Total,60+,escolaridad,Superior,380786.0,1514744.0,44268.0,0.007301
2020,todos,Todos,Total,Todas,escolaridad,Media superior,2116161.0,7483075.0,224319.0,0.002363
2020,todos,Todos,Total,Todas,escolaridad,Primaria o menos,1142387.0,7483075.0,224319.0,0.002619
2020,todos,Todos,Total,Todas,escolaridad,Secundaria,1734985.0,7483075.0,224319.0,0.003414
2020,todos,Todos,Total,Todas,escolaridad,Superior,2489542.0,7483075.0,224319.0,0.006657
2020,todos,Todos,Hombres,15-29,monolingue,No habla español,,13839.0,422.0,
2020,todos,Todos,Hombres,3-14,monolingue,No habla español,64.0,2238.0,74.0,
2020,todos,Todos,Hombres,30-59,monolingue,No habla español,11.0,36035.0,1136.0,
2020,todos,Todos,Hombres,60+,monolingue,No habla español,23.0,14873.0,441.0,
2020,todos,Todos,Hombres,Todas,monolingue,No habla español,98.0,66985.0,2073.0,
2020,todos,Todos,Mujeres,15-29,monolingue,No habla español,13.0,14693.0,467.0,
2020,todos,Todos,Mujeres,3-14,monolingue,No habla español,,2981.0,95.0,
2020,todos,Todos,Mujeres,30-59,monolingue,No habla español,372.0,38402.0,1259.0,0.000155
2020,todos,Todos,Mujeres,60+,monolingue,No habla español,240.0,17787.0,516.0,
2020,todos,Todos,Mujeres,Todas,monolingue,No habla español,625.0,73863.0,2337.0,0.000185
2020,todos,Todos,Total,15-29,monolingue,No habla español,13.0,28532.0,889.0,
2020,todos,Todos,Total,3-14,monolingue,No habla español,64.0,5219.0,169.0,
2020,todos,Todos,Total,30-59,monolingue,No habla español,383.0,74437.0,2395.0,8.1e-05
2020,todos,Todos,Total,60+,monolingue,No habla español,263.0,32660.0,957.0,6.3e-05
2020,todos,Todos,Total,Todas,monolingue,No habla español,723.0,140848.0,4410.0,0.00022
2020,todos,Todos,Hombres,15-29,posicion,Empleada u obrera,450517.0,555054.0,17113.0,0.004443
2020,todos,Todos,Hombres,15-29,posicion,Jornalera o peona,2981.0,555054.0,17113.0,0.000418
2020,todos,Todos,Hombres,15-29,posicion,Patrona,8777.0,555054.0,17113.0,0.000667
2020,todos,Todos,Hombres,15-29,posicion,Por cuenta propia,81298.0,555054.0,17113.0,0.00354
2020,todos,Todos,Hombres,15-29,posicion,Sin pago,11481.0,555054.0,17113.0,0.000693
2020,todos,Todos,Hombres,3-14,posicion,Empleada u obrera,2356.0,5284.0,163.0,0.0176
2020,todos,Todos,Hombres,3-14,posicion,Jornalera o peona,,5284.0,163.0,
2020,todos,Todos,Hombres,3-14,posicion,Patrona,55.0,5284.0,163.0,
2020,todos,Todos,Hombres,3-14,posicion,Por cuenta propia,680.0,5284.0,163.0,0.001105
2020,todos,Todos,Hombres,3-14,posicion,Sin pago,2193.0,5284.0,163.0,0.015852
2020,todos,Todos,Hombres,30-59,posicion,Empleada u obrera,1136780.0,1626567.0,48920.0,0.003757
2020,todos,Todos,Hombres,30-59,posicion,Jornalera o peona,6671.0,1626567.0,48920.0,0.00022
2020,todos,Todos,Hombres,30-59,posicion,Patrona,70339.0,1626567.0,48920.0,0.001893
2020,todos,Todos,Hombres,30-59,posicion,Por cuenta propia,407386.0,1626567.0,48920.0,0.003659
2020,todos,Todos,Hombres,30-59,posicion,Sin pago,5391.0,1626567.0,48920.0,0.000144
2020,todos,Todos,Hombres,60+,posicion,Empleada u obrera,138868.0,292974.0,8665.0,0.006581
2020,todos,Todos,Hombres,60+,posicion,Jornalera o peona,1670.0,292974.0,8665.0,0.000301
2020,todos,Todos,Hombres,60+,posicion,Patrona,21878.0,292974.0,8665.0,0.004686
2020,todos,Todos,Hombres,60+,posicion,Por cuenta propia,125555.0,292974.0,8665.0,0.006311
2020,todos,Todos,Hombres,60+,posicion,Sin pago,5003.0,292974.0,8665.0,0.000539
2020,todos,Todos,Hombres,Todas,posicion,Empleada u obrera,1728521.0,2479879.0,74861.0,0.003461
2020,todos,Todos,Hombres,Todas,posicion,Jornalera o peona,11322.0,2479879.0,74861.0,0.000255
2020,todos,Todos,Hombres,Todas,posicion,Patrona,101049.0,2479879.0,74861.0,0.001902
2020,todos,Todos,Hombres,Todas,posicion,Por cuenta propia,614919.0,2479879.0,74861.0,0.003264
2020,todos,Todos,Hombres,Todas,posicion,Sin pago,24068.0,2479879.0,74861.0,0.000313
2020,todos,Todos,Mujeres,15-29,posicion,Empleada u obrera,337583.0,416919.0,12593.0,0.004783
2020,todos,Todos,Mujeres,15-29,posicion,Jornalera o peona,321.0,416919.0,12593.0,0.0
2020,todos,Todos,Mujeres,15-29,posicion,Patrona,5608.0,416919.0,12593.0,0.000746
2020,todos,Todos,Mujeres,15-29,posicion,Por cuenta propia,59662.0,416919.0,12593.0,0.003423
2020,todos,Todos,Mujeres,15-29,posicion,Sin pago,13745.0,416919.0,12593.0,0.001135
2020,todos,Todos,Mujeres,3-14,posicion,Empleada u obrera,1060.0,2151.0,78.0,0.01748
2020,todos,Todos,Mujeres,3-14,posicion,Jornalera o peona,,2151.0,78.0,
2020,todos,Todos,Mujeres,3-14,posicion,Patrona,,2151.0,78.0,
2020,todos,Todos,Mujeres,3-14,posicion,Por cuenta propia,276.0,2151.0,78.0,0.00401
2020,todos,Todos,Mujeres,3-14,posicion,Sin pago,815.0,2151.0,78.0,0.001216
2020,todos,Todos,Mujeres,30-59,posicion,Empleada u obrera,957591.0,1314179.0,39395.0,0.004109
2020,todos,Todos,Mujeres,30-59,posicion,Jornalera o peona,1882.0,1314179.0,39395.0,0.000229
2020,todos,Todos,Mujeres,30-59,posicion,Patrona,34902.0,1314179.0,39395.0,0.001153
2020,todos,Todos,Mujeres,30-59,posicion,Por cuenta propia,306123.0,1314179.0,39395.0,0.003798
2020,todos,Todos,Mujeres,30-59,posicion,Sin pago,13681.0,1314179.0,39395.0,0.000719
2020,todos,Todos,Mujeres,60+,posicion,Empleada u obrera,93519.0,194955.0,5739.0,0.007279
2020,todos,Todos,Mujeres,60+,posicion,Jornalera o peona,142.0,194955.0,5739.0,0.000138
2020,todos,Todos,Mujeres,60+,posicion,Patrona,9170.0,194955.0,5739.0,0.001978
2020,todos,Todos,Mujeres,60+,posicion,Por cuenta propia,85987.0,194955.0,5739.0,0.007776
2020,todos,Todos,Mujeres,60+,posicion,Sin pago,6137.0,194955.0,5739.0,0.001828
2020,todos,Todos,Mujeres,Todas,posicion,Empleada u obrera,1389753.0,1928204.0,57805.0,0.003707
2020,todos,Todos,Mujeres,Todas,posicion,Jornalera o peona,2345.0,1928204.0,57805.0,0.000173
2020,todos,Todos,Mujeres,Todas,posicion,Patrona,49680.0,1928204.0,57805.0,0.001163
2020,todos,Todos,Mujeres,Todas,posicion,Por cuenta propia,452048.0,1928204.0,57805.0,0.003452
2020,todos,Todos,Mujeres,Todas,posicion,Sin pago,34378.0,1928204.0,57805.0,0.000799
2020,todos,Todos,Total,15-29,posicion,Empleada u obrera,788100.0,971973.0,29706.0,0.003746
2020,todos,Todos,Total,15-29,posicion,Jornalera o peona,3302.0,971973.0,29706.0,0.000238
2020,todos,Todos,Total,15-29,posicion,Patrona,14385.0,971973.0,29706.0,0.000687
2020,todos,Todos,Total,15-29,posicion,Por cuenta propia,140960.0,971973.0,29706.0,0.003171
2020,todos,Todos,Total,15-29,posicion,Sin pago,25226.0,971973.0,29706.0,0.000938
2020,todos,Todos,Total,3-14,posicion,Empleada u obrera,3416.0,7435.0,241.0,0.017302
2020,todos,Todos,Total,3-14,posicion,Jornalera o peona,,7435.0,241.0,
2020,todos,Todos,Total,3-14,posicion,Patrona,55.0,7435.0,241.0,
2020,todos,Todos,Total,3-14,posicion,Por cuenta propia,956.0,7435.0,241.0,0.004246
2020,todos,Todos,Total,3-14,posicion,Sin pago,3008.0,7435.0,241.0,0.011574
2020,todos,Todos,Total,30-59,posicion,Empleada u obrera,2094371.0,2940746.0,88315.0,0.003427
2020,todos,Todos,Total,30-59,posicion,Jornalera o peona,8553.0,2940746.0,88315.0,0.000228
2020,todos,Todos,Total,30-59,posicion,Patrona,105241.0,2940746.0,88315.0,0.001545
2020,todos,Todos,Total,30-59,posicion,Por cuenta propia,713509.0,2940746.0,88315.0,0.003343
2020,todos,Todos,Total,30-59,posicion,Sin pago,19072.0,2940746.0,88315.0,0.000377
2020,todos,Todos,Total,60+,posicion,Empleada u obrera,232387.0,487929.0,14404.0,0.006003
2020,todos,Todos,Total,60+,posicion,Jornalera o peona,1812.0,487929.0,14404.0,0.000222
2020,todos,Todos,Total,60+,posicion,Patrona,31048.0,487929.0,14404.0,0.003683
2020,todos,Todos,Total,60+,posicion,Por cuenta propia,211542.0,487929.0,14404.0,0.006038
2020,todos,Todos,Total,60+,posicion,Sin pago,11140.0,487929.0,14404.0,0.001035
2020,todos,Todos,Total,Todas,posicion,Empleada u obrera,3118274.0,4408083.0,132666.0,0.003159
2020,todos,Todos,Total,Todas,posicion,Jornalera o peona,13667.0,4408083.0,132666.0,0.000217
2020,todos,Todos,Total,Todas,posicion,Patrona,150729.0,4408083.0,132666.0,0.00154
2020,todos,Todos,Total,Todas,posicion,Por cuenta propia,1066967.0,4408083.0,132666.0,0.003051
2020,todos,Todos,Total,Todas,posicion,Sin pago,58446.0,4408083.0,132666.0,0.000571
2020,todos,Todos,Hombres,15-29,salud,Afiliada,738786.0,1044612.0,31677.0,0.006126
2020,todos,Todos,Hombres,3-14,salud,Afiliada,531035.0,710492.0,21894.0,0.00714
2020,todos,Todos,Hombres,30-59,salud,Afiliada,1345722.0,1824478.0,54866.0,0.004763
2020,todos,Todos,Hombres,60+,salud,Afiliada,561096.0,653330.0,19109.0,0.004029
2020,todos,Todos,Hombres,Todas,salud,Afiliada,3274512.0,4366537.0,131734.0,0.004783
2020,todos,Todos,Mujeres,15-29,salud,Afiliada,768615.0,1051728.0,31973.0,0.005349
2020,todos,Todos,Mujeres,3-14,salud,Afiliada,509743.0,682725.0,20975.0,0.006754
2020,todos,Todos,Mujeres,30-59,salud,Afiliada,1608996.0,2052229.0,61679.0,0.004454
2020,todos,Todos,Mujeres,60+,salud,Afiliada,754557.0,861356.0,25159.0,0.003634
2020,todos,Todos,Mujeres,Todas,salud,Afiliada,3738634.0,4782065.0,143937.0,0.004337
2020,todos,Todos,Total,15-29,salud,Afiliada,1507401.0,2096340.0,63650.0,0.005324
2020,todos,Todos,Total,3-14,salud,Afiliada,1040778.0,1393217.0,42869.0,0.006483
2020,todos,Todos,Total,30-59,salud,Afiliada,2954718.0,3876707.0,116545.0,0.0044
2020,todos,Todos,Total,60+,salud,Afiliada,1315653.0,1514686.0,44268.0,0.003406
2020,todos,Todos,Total,Todas,salud,Afiliada,7013146.0,9148602.0,275671.0,0.004452
2025,autoads,Indígena,Hombres,15-29,actividad,Desocupada,1321.0,50452.0,3069.0,0.001331
2025,autoads,Indígena,Hombres,15-29,actividad,No económicamente activa,16242.0,50452.0,3069.0,0.008878
2025,autoads,Indígena,Hombres,15-29,actividad,Ocupada,32889.0,50452.0,3069.0,0.009388
2025,autoads,Indígena,Hombres,3-14,actividad,Desocupada,,7644.0,493.0,
2025,autoads,Indígena,Hombres,3-14,actividad,No económicamente activa,7143.0,7644.0,493.0,0.008641
2025,autoads,Indígena,Hombres,3-14,actividad,Ocupada,501.0,7644.0,493.0,0.004153
2025,autoads,Indígena,Hombres,30-59,actividad,Desocupada,3552.0,135116.0,8177.0,0.001284
2025,autoads,Indígena,Hombres,30-59,actividad,No económicamente activa,7178.0,135116.0,8177.0,0.001298
2025,autoads,Indígena,Hombres,30-59,actividad,Ocupada,124386.0,135116.0,8177.0,0.003577
2025,autoads,Indígena,Hombres,60+,actividad,Desocupada,1230.0,84552.0,4654.0,0.000123
2025,autoads,Indígena,Hombres,60+,actividad,No económicamente activa,44280.0,84552.0,4654.0,0.008315
2025,autoads,Indígena,Hombres,60+,actividad,Ocupada,39042.0,84552.0,4654.0,0.007907
2025,autoads,Indígena,Hombres,Todas,actividad,Desocupada,6103.0,277764.0,16393.0,0.000975
2025,autoads,Indígena,Hombres,Todas,actividad,No económicamente activa,74843.0,277764.0,16393.0,0.004622
2025,autoads,Indígena,Hombres,Todas,actividad,Ocupada,196818.0,277764.0,16393.0,0.005116
2025,autoads,Indígena,Mujeres,15-29,actividad,Desocupada,995.0,49252.0,2950.0,0.001243
2025,autoads,Indígena,Mujeres,15-29,actividad,No económicamente activa,24033.0,49252.0,2950.0,0.009461
2025,autoads,Indígena,Mujeres,15-29,actividad,Ocupada,24224.0,49252.0,2950.0,0.009734
2025,autoads,Indígena,Mujeres,3-14,actividad,Desocupada,,6592.0,436.0,
2025,autoads,Indígena,Mujeres,3-14,actividad,No económicamente activa,6422.0,6592.0,436.0,0.007419
2025,autoads,Indígena,Mujeres,3-14,actividad,Ocupada,170.0,6592.0,436.0,0.000221
2025,autoads,Indígena,Mujeres,30-59,actividad,Desocupada,1309.0,143930.0,8709.0,0.000368
2025,autoads,Indígena,Mujeres,30-59,actividad,No económicamente activa,43698.0,143930.0,8709.0,0.005525
2025,autoads,Indígena,Mujeres,30-59,actividad,Ocupada,98923.0,143930.0,8709.0,0.006823
2025,autoads,Indígena,Mujeres,60+,actividad,Desocupada,149.0,105418.0,5463.0,8e-06
2025,autoads,Indígena,Mujeres,60+,actividad,No económicamente activa,77644.0,105418.0,5463.0,0.006602
2025,autoads,Indígena,Mujeres,60+,actividad,Ocupada,27625.0,105418.0,5463.0,0.004956
2025,autoads,Indígena,Mujeres,Todas,actividad,Desocupada,2453.0,305192.0,17558.0,0.000329
2025,autoads,Indígena,Mujeres,Todas,actividad,No económicamente activa,151797.0,305192.0,17558.0,0.005128
2025,autoads,Indígena,Mujeres,Todas,actividad,Ocupada,150942.0,305192.0,17558.0,0.005385
2025,autoads,Indígena,Total,15-29,actividad,Desocupada,2316.0,99704.0,6019.0,0.001561
2025,autoads,Indígena,Total,15-29,actividad,No económicamente activa,40275.0,99704.0,6019.0,0.007631
2025,autoads,Indígena,Total,15-29,actividad,Ocupada,57113.0,99704.0,6019.0,0.007839
2025,autoads,Indígena,Total,3-14,actividad,Desocupada,,14236.0,929.0,
2025,autoads,Indígena,Total,3-14,actividad,No económicamente activa,13565.0,14236.0,929.0,0.006163
2025,autoads,Indígena,Total,3-14,actividad,Ocupada,671.0,14236.0,929.0,0.002505
2025,autoads,Indígena,Total,30-59,actividad,Desocupada,4861.0,279046.0,16886.0,0.000816
2025,autoads,Indígena,Total,30-59,actividad,No económicamente activa,50876.0,279046.0,16886.0,0.003316
2025,autoads,Indígena,Total,30-59,actividad,Ocupada,223309.0,279046.0,16886.0,0.004333
2025,autoads,Indígena,Total,60+,actividad,Desocupada,1379.0,189970.0,10117.0,6.8e-05
2025,autoads,Indígena,Total,60+,actividad,No económicamente activa,121924.0,189970.0,10117.0,0.006382
2025,autoads,Indígena,Total,60+,actividad,Ocupada,66667.0,189970.0,10117.0,0.005671
2025,autoads,Indígena,Total,Todas,actividad,Desocupada,8556.0,582956.0,33951.0,0.000623
2025,autoads,Indígena,Total,Todas,actividad,No económicamente activa,226640.0,582956.0,33951.0,0.003861
2025,autoads,Indígena,Total,Todas,actividad,Ocupada,347760.0,582956.0,33951.0,0.004191
2025,autoads,Resto,Hombres,15-29,actividad,Desocupada,38211.0,948392.0,45548.0,0.001102
2025,autoads,Resto,Hombres,15-29,actividad,No económicamente activa,419132.0,948392.0,45548.0,0.004221
2025,autoads,Resto,Hombres,15-29,actividad,Ocupada,491049.0,948392.0,45548.0,0.004184
2025,autoads,Resto,Hombres,3-14,actividad,Desocupada,150.0,167912.0,8194.0,1e-06
2025,autoads,Resto,Hombres,3-14,actividad,No económicamente activa,164467.0,167912.0,8194.0,0.002338
2025,autoads,Resto,Hombres,3-14,actividad,Ocupada,3295.0,167912.0,8194.0,0.000722
2025,autoads,Resto,Hombres,30-59,actividad,Desocupada,53536.0,1757983.0,83636.0,0.00086
2025,autoads,Resto,Hombres,30-59,actividad,No económicamente activa,99693.0,1757983.0,83636.0,0.001021
2025,autoads,Resto,Hombres,30-59,actividad,Ocupada,1604754.0,1757983.0,83636.0,0.001642
2025,autoads,Resto,Hombres,60+,actividad,Desocupada,8819.0,680434.0,31351.0,0.000454
2025,autoads,Resto,Hombres,60+,actividad,No económicamente activa,383166.0,680434.0,31351.0,0.004406
2025,autoads,Resto,Hombres,60+,actividad,Ocupada,288449.0,680434.0,31351.0,0.004443
2025,autoads,Resto,Hombres,Todas,actividad,Desocupada,100716.0,3554721.0,168729.0,0.000749
2025,autoads,Resto,Hombres,Todas,actividad,No económicamente activa,1066458.0,3554721.0,168729.0,0.00187
2025,autoads,Resto,Hombres,Todas,actividad,Ocupada,2387547.0,3554721.0,168729.0,0.002135
2025,autoads,Resto,Mujeres,15-29,actividad,Desocupada,25444.0,939151.0,45277.0,0.000753
2025,autoads,Resto,Mujeres,15-29,actividad,No económicamente activa,536225.0,939151.0,45277.0,0.003721
2025,autoads,Resto,Mujeres,15-29,actividad,Ocupada,377482.0,939151.0,45277.0,0.00398
2025,autoads,Resto,Mujeres,3-14,actividad,Desocupada,73.0,156406.0,7766.0,
2025,autoads,Resto,Mujeres,3-14,actividad,No económicamente activa,154656.0,156406.0,7766.0,0.001544
2025,autoads,Resto,Mujeres,3-14,actividad,Ocupada,1677.0,156406.0,7766.0,0.000135
2025,autoads,Resto,Mujeres,30-59,actividad,Desocupada,29006.0,1991483.0,94198.0,0.00043
2025,autoads,Resto,Mujeres,30-59,actividad,No económicamente activa,587582.0,1991483.0,94198.0,0.003273
2025,autoads,Resto,Mujeres,30-59,actividad,Ocupada,1374895.0,1991483.0,94198.0,0.003417
2025,autoads,Resto,Mujeres,60+,actividad,Desocupada,1642.0,939014.0,42939.0,7.5e-05
2025,autoads,Resto,Mujeres,60+,actividad,No económicamente activa,743998.0,939014.0,42939.0,0.003071
2025,autoads,Resto,Mujeres,60+,actividad,Ocupada,193374.0,939014.0,42939.0,0.002891
2025,autoads,Resto,Mujeres,Todas,actividad,Desocupada,56165.0,4026054.0,190180.0,0.000373
2025,autoads,Resto,Mujeres,Todas,actividad,No económicamente activa,2022461.0,4026054.0,190180.0,0.002645
2025,autoads,Resto,Mujeres,Todas,actividad,Ocupada,1947428.0,4026054.0,190180.0,0.002793
2025,autoads,Resto,Total,15-29,actividad,Desocupada,63655.0,1887543.0,90825.0,0.000859
2025,autoads,Resto,Total,15-29,actividad,No económicamente activa,955357.0,1887543.0,90825.0,0.003482
2025,autoads,Resto,Total,15-29,actividad,Ocupada,868531.0,1887543.0,90825.0,0.003479
2025,autoads,Resto,Total,3-14,actividad,Desocupada,223.0,324318.0,15960.0,3e-06
2025,autoads,Resto,Total,3-14,actividad,No económicamente activa,319123.0,324318.0,15960.0,0.001708
2025,autoads,Resto,Total,3-14,actividad,Ocupada,4972.0,324318.0,15960.0,0.000501
2025,autoads,Resto,Total,30-59,actividad,Desocupada,82542.0,3749466.0,177834.0,0.000644
2025,autoads,Resto,Total,30-59,actividad,No económicamente activa,687275.0,3749466.0,177834.0,0.001894
2025,autoads,Resto,Total,30-59,actividad,Ocupada,2979649.0,3749466.0,177834.0,0.002128
2025,autoads,Resto,Total,60+,actividad,Desocupada,10461.0,1619448.0,74290.0,0.000228
2025,autoads,Resto,Total,60+,actividad,No económicamente activa,1127164.0,1619448.0,74290.0,0.00313
2025,autoads,Resto,Total,60+,actividad,Ocupada,481823.0,1619448.0,74290.0,0.003164
2025,autoads,Resto,Total,Todas,actividad,Desocupada,156881.0,7580775.0,358909.0,0.000529
2025,autoads,Resto,Total,Todas,actividad,No económicamente activa,3088919.0,7580775.0,358909.0,0.002004
2025,autoads,Resto,Total,Todas,actividad,Ocupada,4334975.0,7580775.0,358909.0,0.002172
2025,autoads,Indígena,Hombres,15-29,discapacidad,Con discapacidad,1468.0,50478.0,3071.0,0.000444
2025,autoads,Indígena,Hombres,3-14,discapacidad,Con discapacidad,642.0,22560.0,1550.0,0.000157
2025,autoads,Indígena,Hombres,30-59,discapacidad,Con discapacidad,6780.0,135169.0,8184.0,0.001667
2025,autoads,Indígena,Hombres,60+,discapacidad,Con discapacidad,13764.0,84761.0,4665.0,0.00415
2025,autoads,Indígena,Hombres,Todas,discapacidad,Con discapacidad,22654.0,292968.0,17470.0,0.002045
2025,autoads,Indígena,Mujeres,15-29,discapacidad,Con discapacidad,780.0,49275.0,2952.0,0.000243
2025,autoads,Indígena,Mujeres,3-14,discapacidad,Con discapacidad,323.0,20900.0,1418.0,0.000276
2025,autoads,Indígena,Mujeres,30-59,discapacidad,Con discapacidad,7588.0,144060.0,8718.0,0.001344
2025,autoads,Indígena,Mujeres,60+,discapacidad,Con discapacidad,23149.0,105498.0,5467.0,0.004541
2025,autoads,Indígena,Mujeres,Todas,discapacidad,Con discapacidad,31840.0,319733.0,18555.0,0.002339
2025,autoads,Indígena,Total,15-29,discapacidad,Con discapacidad,2248.0,99753.0,6023.0,0.000943
2025,autoads,Indígena,Total,3-14,discapacidad,Con discapacidad,965.0,43460.0,2968.0,0.000285
2025,autoads,Indígena,Total,30-59,discapacidad,Con discapacidad,14368.0,279229.0,16902.0,0.001375
2025,autoads,Indígena,Total,60+,discapacidad,Con discapacidad,36913.0,190259.0,10132.0,0.004176
2025,autoads,Indígena,Total,Todas,discapacidad,Con discapacidad,54494.0,612701.0,36025.0,0.001919
2025,autoads,Resto,Hombres,15-29,discapacidad,Con discapacidad,19325.0,949446.0,45570.0,0.000582
2025,autoads,Resto,Hombres,3-14,discapacidad,Con discapacidad,10421.0,548047.0,26791.0,0.000549
2025,autoads,Resto,Hombres,30-59,discapacidad,Con discapacidad,53105.0,1760047.0,83731.0,0.000709
2025,autoads,Resto,Hombres,60+,discapacidad,Con discapacidad,95499.0,682789.0,31456.0,0.002321
2025,autoads,Resto,Hombres,Todas,discapacidad,Con discapacidad,178350.0,3940329.0,187548.0,0.000784
2025,autoads,Resto,Mujeres,15-29,discapacidad,Con discapacidad,14916.0,939702.0,45299.0,0.000507
2025,autoads,Resto,Mujeres,3-14,discapacidad,Con discapacidad,7758.0,516059.0,25615.0,0.000384
2025,autoads,Resto,Mujeres,30-59,discapacidad,Con discapacidad,65564.0,1993386.0,94277.0,0.000766
2025,autoads,Resto,Mujeres,60+,discapacidad,Con discapacidad,158205.0,940480.0,43006.0,0.002687
2025,autoads,Resto,Mujeres,Todas,discapacidad,Con discapacidad,246443.0,4389627.0,208197.0,0.000943
2025,autoads,Resto,Total,15-29,discapacidad,Con discapacidad,34241.0,1889148.0,90869.0,0.00051
2025,autoads,Resto,Total,3-14,discapacidad,Con discapacidad,18179.0,1064106.0,52406.0,0.000478
2025,autoads,Resto,Total,30-59,discapacidad,Con discapacidad,118669.0,3753433.0,178008.0,0.000709
2025,autoads,Resto,Total,60+,discapacidad,Con discapacidad,253704.0,1623269.0,74462.0,0.002348
2025,autoads,Resto,Total,Todas,discapacidad,Con discapacidad,424793.0,8329956.0,395745.0,0.000802
2025,autoads,Indígena,Hombres,15-29,domestico,Trabajo doméstico remunerado,,32889.0,2047.0,
2025,autoads,Indígena,Hombres,3-14,domestico,Trabajo doméstico remunerado,,501.0,37.0,
2025,autoads,Indígena,Hombres,30-59,domestico,Trabajo doméstico remunerado,376.0,124386.0,7577.0,7e-06
2025,autoads,Indígena,Hombres,60+,domestico,Trabajo doméstico remunerado,149.0,39042.0,2285.0,3.1e-05
2025,autoads,Indígena,Hombres,Todas,domestico,Trabajo doméstico remunerado,525.0,196818.0,11946.0,3e-05
2025,autoads,Indígena,Mujeres,15-29,domestico,Trabajo doméstico remunerado,1885.0,24224.0,1387.0,0.004131
2025,autoads,Indígena,Mujeres,3-14,domestico,Trabajo doméstico remunerado,,170.0,14.0,
2025,autoads,Indígena,Mujeres,30-59,domestico,Trabajo doméstico remunerado,14570.0,98923.0,6002.0,0.00565
2025,autoads,Indígena,Mujeres,60+,domestico,Trabajo doméstico remunerado,4246.0,27625.0,1477.0,0.005677
2025,autoads,Indígena,Mujeres,Todas,domestico,Trabajo doméstico remunerado,20701.0,150942.0,8880.0,0.00482
2025,autoads,Indígena,Total,15-29,domestico,Trabajo doméstico remunerado,1885.0,57113.0,3434.0,0.001752
2025,autoads,Indígena,Total,3-14,domestico,Trabajo doméstico remunerado,,671.0,51.0,
2025,autoads,Indígena,Total,30-59,domestico,Trabajo doméstico remunerado,14946.0,223309.0,13579.0,0.002637
2025,autoads,Indígena,Total,60+,domestico,Trabajo doméstico remunerado,4395.0,66667.0,3762.0,0.002561
2025,autoads,Indígena,Total,Todas,domestico,Trabajo doméstico remunerado,21226.0,347760.0,20826.0,0.002228
2025,autoads,Resto,Hombres,15-29,domestico,Trabajo doméstico remunerado,702.0,491049.0,24057.0,2.4e-05
2025,autoads,Resto,Hombres,3-14,domestico,Trabajo doméstico remunerado,4.0,3295.0,205.0,
2025,autoads,Resto,Hombres,30-59,domestico,Trabajo doméstico remunerado,2107.0,1604754.0,76528.0,5.7e-05
2025,autoads,Resto,Hombres,60+,domestico,Trabajo doméstico remunerado,751.0,288449.0,13404.0,2.5e-05
2025,autoads,Resto,Hombres,Todas,domestico,Trabajo doméstico remunerado,3564.0,2387547.0,114194.0,5.6e-05
2025,autoads,Resto,Mujeres,15-29,domestico,Trabajo doméstico remunerado,10250.0,377482.0,18020.0,0.002263
2025,autoads,Resto,Mujeres,3-14,domestico,Trabajo doméstico remunerado,55.0,1677.0,90.0,
2025,autoads,Resto,Mujeres,30-59,domestico,Trabajo doméstico remunerado,79739.0,1374895.0,64886.0,0.001739
2025,autoads,Resto,Mujeres,60+,domestico,Trabajo doméstico remunerado,18175.0,193374.0,8963.0,0.002867
2025,autoads,Resto,Mujeres,Todas,domestico,Trabajo doméstico remunerado,108219.0,1947428.0,91959.0,0.001722
2025,autoads,Resto,Total,15-29,domestico,Trabajo doméstico remunerado,10952.0,868531.0,42077.0,0.001033
2025,autoads,Resto,Total,3-14,domestico,Trabajo doméstico remunerado,59.0,4972.0,295.0,
2025,autoads,Resto,Total,30-59,domestico,Trabajo doméstico remunerado,81846.0,2979649.0,141414.0,0.000819
2025,autoads,Resto,Total,60+,domestico,Trabajo doméstico remunerado,18926.0,481823.0,22367.0,0.001239
2025,autoads,Resto,Total,Todas,domestico,Trabajo doméstico remunerado,111783.0,4334975.0,206153.0,0.00079
2025,autoads,Indígena,Hombres,15-29,escolaridad,Media superior,20278.0,50396.0,3065.0,0.011973
2025,autoads,Indígena,Hombres,15-29,escolaridad,Primaria o menos,3919.0,50396.0,3065.0,0.006502
2025,autoads,Indígena,Hombres,15-29,escolaridad,Secundaria,14307.0,50396.0,3065.0,0.009544
2025,autoads,Indígena,Hombres,15-29,escolaridad,Superior,11892.0,50396.0,3065.0,0.007654
2025,autoads,Indígena,Hombres,30-59,escolaridad,Media superior,34989.0,135057.0,8178.0,0.005618
2025,autoads,Indígena,Hombres,30-59,escolaridad,Primaria o menos,23450.0,135057.0,8178.0,0.006004
2025,autoads,Indígena,Hombres,30-59,escolaridad,Secundaria,38931.0,135057.0,8178.0,0.004942
2025,autoads,Indígena,Hombres,30-59,escolaridad,Superior,37687.0,135057.0,8178.0,0.006481
2025,autoads,Indígena,Hombres,60+,escolaridad,Media superior,13446.0,84686.0,4662.0,0.003823
2025,autoads,Indígena,Hombres,60+,escolaridad,Primaria o menos,31925.0,84686.0,4662.0,0.007928
2025,autoads,Indígena,Hombres,60+,escolaridad,Secundaria,20316.0,84686.0,4662.0,0.005977
2025,autoads,Indígena,Hombres,60+,escolaridad,Superior,18999.0,84686.0,4662.0,0.005069
2025,autoads,Indígena,Hombres,Todas,escolaridad,Media superior,68713.0,270139.0,15905.0,0.0048
2025,autoads,Indígena,Hombres,Todas,escolaridad,Primaria o menos,59294.0,270139.0,15905.0,0.005116
2025,autoads,Indígena,Hombres,Todas,escolaridad,Secundaria,73554.0,270139.0,15905.0,0.004351
2025,autoads,Indígena,Hombres,Todas,escolaridad,Superior,68578.0,270139.0,15905.0,0.005898
2025,autoads,Indígena,Mujeres,15-29,escolaridad,Media superior,18630.0,49159.0,2946.0,0.009868
2025,autoads,Indígena,Mujeres,15-29,escolaridad,Primaria o menos,3093.0,49159.0,2946.0,0.003717
2025,autoads,Indígena,Mujeres,15-29,escolaridad,Secundaria,13108.0,49159.0,2946.0,0.007639
2025,autoads,Indígena,Mujeres,15-29,escolaridad,Superior,14328.0,49159.0,2946.0,0.008678
2025,autoads,Indígena,Mujeres,30-59,escolaridad,Media superior,34276.0,143974.0,8713.0,0.005236
2025,autoads,Indígena,Mujeres,30-59,escolaridad,Primaria o menos,31494.0,143974.0,8713.0,0.006314
2025,autoads,Indígena,Mujeres,30-59,escolaridad,Secundaria,40100.0,143974.0,8713.0,0.005226
2025,autoads,Indígena,Mujeres,30-59,escolaridad,Superior,38104.0,143974.0,8713.0,0.006892
2025,autoads,Indígena,Mujeres,60+,escolaridad,Media superior,16116.0,105508.0,5467.0,0.00364
2025,autoads,Indígena,Mujeres,60+,escolaridad,Primaria o menos,52438.0,105508.0,5467.0,0.008071
2025,autoads,Indígena,Mujeres,60+,escolaridad,Secundaria,21183.0,105508.0,5467.0,0.00411
2025,autoads,Indígena,Mujeres,60+,escolaridad,Superior,15771.0,105508.0,5467.0,0.003459
2025,autoads,Indígena,Mujeres,Todas,escolaridad,Media superior,69022.0,298641.0,17126.0,0.004247
2025,autoads,Indígena,Mujeres,Todas,escolaridad,Primaria o menos,87025.0,298641.0,17126.0,0.005151
2025,autoads,Indígena,Mujeres,Todas,escolaridad,Secundaria,74391.0,298641.0,17126.0,0.004001
2025,autoads,Indígena,Mujeres,Todas,escolaridad,Superior,68203.0,298641.0,17126.0,0.005348
2025,autoads,Indígena,Total,15-29,escolaridad,Media superior,38908.0,99555.0,6011.0,0.009242
2025,autoads,Indígena,Total,15-29,escolaridad,Primaria o menos,7012.0,99555.0,6011.0,0.004995
2025,autoads,Indígena,Total,15-29,escolaridad,Secundaria,27415.0,99555.0,6011.0,0.007969
2025,autoads,Indígena,Total,15-29,escolaridad,Superior,26220.0,99555.0,6011.0,0.007617
2025,autoads,Indígena,Total,30-59,escolaridad,Media superior,69265.0,279031.0,16891.0,0.004728
2025,autoads,Indígena,Total,30-59,escolaridad,Primaria o menos,54944.0,279031.0,16891.0,0.006141
2025,autoads,Indígena,Total,30-59,escolaridad,Secundaria,79031.0,279031.0,16891.0,0.004325
2025,autoads,Indígena,Total,30-59,escolaridad,Superior,75791.0,279031.0,16891.0,0.006356
2025,autoads,Indígena,Total,60+,escolaridad,Media superior,29562.0,190194.0,10129.0,0.003238
2025,autoads,Indígena,Total,60+,escolaridad,Primaria o menos,84363.0,190194.0,10129.0,0.007655
2025,autoads,Indígena,Total,60+,escolaridad,Secundaria,41499.0,190194.0,10129.0,0.004355
2025,autoads,Indígena,Total,60+,escolaridad,Superior,34770.0,190194.0,10129.0,0.004452
2025,autoads,Indígena,Total,Todas,escolaridad,Media superior,137735.0,568780.0,33031.0,0.003953
2025,autoads,Indígena,Total,Todas,escolaridad,Primaria o menos,146319.0,568780.0,33031.0,0.004842
2025,autoads,Indígena,Total,Todas,escolaridad,Secundaria,147945.0,568780.0,33031.0,0.00365
2025,autoads,Indígena,Total,Todas,escolaridad,Superior,136781.0,568780.0,33031.0,0.005286
2025,autoads,Resto,Hombres,15-29,escolaridad,Media superior,400258.0,947767.0,45495.0,0.003615
2025,autoads,Resto,Hombres,15-29,escolaridad,Primaria o menos,23657.0,947767.0,45495.0,0.000939
2025,autoads,Resto,Hombres,15-29,escolaridad,Secundaria,203390.0,947767.0,45495.0,0.003968
2025,autoads,Resto,Hombres,15-29,escolaridad,Superior,320462.0,947767.0,45495.0,0.006107
2025,autoads,Resto,Hombres,30-59,escolaridad,Media superior,477893.0,1758613.0,83667.0,0.003062
2025,autoads,Resto,Hombres,30-59,escolaridad,Primaria o menos,112946.0,1758613.0,83667.0,0.00182
2025,autoads,Resto,Hombres,30-59,escolaridad,Secundaria,376103.0,1758613.0,83667.0,0.00436
2025,autoads,Resto,Hombres,30-59,escolaridad,Superior,791671.0,1758613.0,83667.0,0.008239
2025,autoads,Resto,Hombres,60+,escolaridad,Media superior,123944.0,682665.0,31447.0,0.002655
2025,autoads,Resto,Hombres,60+,escolaridad,Primaria o menos,170339.0,682665.0,31447.0,0.004922
2025,autoads,Resto,Hombres,60+,escolaridad,Secundaria,137778.0,682665.0,31447.0,0.003249
2025,autoads,Resto,Hombres,60+,escolaridad,Superior,250604.0,682665.0,31447.0,0.007512
2025,autoads,Resto,Hombres,Todas,escolaridad,Media superior,1002095.0,3389045.0,160609.0,0.002538
2025,autoads,Resto,Hombres,Todas,escolaridad,Primaria o menos,306942.0,3389045.0,160609.0,0.001797
2025,autoads,Resto,Hombres,Todas,escolaridad,Secundaria,717271.0,3389045.0,160609.0,0.003636
2025,autoads,Resto,Hombres,Todas,escolaridad,Superior,1362737.0,3389045.0,160609.0,0.007058
2025,autoads,Resto,Mujeres,15-29,escolaridad,Media superior,377971.0,938043.0,45198.0,0.003513
2025,autoads,Resto,Mujeres,15-29,escolaridad,Primaria o menos,15872.0,938043.0,45198.0,0.000673
2025,autoads,Resto,Mujeres,15-29,escolaridad,Secundaria,173052.0,938043.0,45198.0,0.003387
2025,autoads,Resto,Mujeres,15-29,escolaridad,Superior,371148.0,938043.0,45198.0,0.005499
2025,autoads,Resto,Mujeres,30-59,escolaridad,Media superior,537470.0,1991576.0,94180.0,0.002926
2025,autoads,Resto,Mujeres,30-59,escolaridad,Primaria o menos,138374.0,1991576.0,94180.0,0.001795
2025,autoads,Resto,Mujeres,30-59,escolaridad,Secundaria,423107.0,1991576.0,94180.0,0.004122
2025,autoads,Resto,Mujeres,30-59,escolaridad,Superior,892625.0,1991576.0,94180.0,0.007698
2025,autoads,Resto,Mujeres,60+,escolaridad,Media superior,181391.0,940167.0,42992.0,0.002824
2025,autoads,Resto,Mujeres,60+,escolaridad,Primaria o menos,330530.0,940167.0,42992.0,0.006324
2025,autoads,Resto,Mujeres,60+,escolaridad,Secundaria,185075.0,940167.0,42992.0,0.002416
2025,autoads,Resto,Mujeres,60+,escolaridad,Superior,243171.0,940167.0,42992.0,0.005945
2025,autoads,Resto,Mujeres,Todas,escolaridad,Media superior,1096832.0,3869786.0,182370.0,0.002042
2025,autoads,Resto,Mujeres,Todas,escolaridad,Primaria o menos,484776.0,3869786.0,182370.0,0.00231
2025,autoads,Resto,Mujeres,Todas,escolaridad,Secundaria,781234.0,3869786.0,182370.0,0.002936
2025,autoads,Resto,Mujeres,Todas,escolaridad,Superior,1506944.0,3869786.0,182370.0,0.006035
2025,autoads,Resto,Total,15-29,escolaridad,Media superior,778229.0,1885810.0,90693.0,0.003113
2025,autoads,Resto,Total,15-29,escolaridad,Primaria o menos,39529.0,1885810.0,90693.0,0.000783
2025,autoads,Resto,Total,15-29,escolaridad,Secundaria,376442.0,1885810.0,90693.0,0.003425
2025,autoads,Resto,Total,15-29,escolaridad,Superior,691610.0,1885810.0,90693.0,0.005553
2025,autoads,Resto,Total,30-59,escolaridad,Media superior,1015363.0,3750189.0,177847.0,0.002787
2025,autoads,Resto,Total,30-59,escolaridad,Primaria o menos,251320.0,3750189.0,177847.0,0.0018
2025,autoads,Resto,Total,30-59,escolaridad,Secundaria,799210.0,3750189.0,177847.0,0.004196
2025,autoads,Resto,Total,30-59,escolaridad,Superior,1684296.0,3750189.0,177847.0,0.007857
2025,autoads,Resto,Total,60+,escolaridad,Media superior,305335.0,1622832.0,74439.0,0.002306
2025,autoads,Resto,Total,60+,escolaridad,Primaria o menos,500869.0,1622832.0,74439.0,0.005769
2025,autoads,Resto,Total,60+,escolaridad,Secundaria,322853.0,1622832.0,74439.0,0.002526
2025,autoads,Resto,Total,60+,escolaridad,Superior,493775.0,1622832.0,74439.0,0.006475
2025,autoads,Resto,Total,Todas,escolaridad,Media superior,2098927.0,7258831.0,342979.0,0.002105
2025,autoads,Resto,Total,Todas,escolaridad,Primaria o menos,791718.0,7258831.0,342979.0,0.002234
2025,autoads,Resto,Total,Todas,escolaridad,Secundaria,1498505.0,7258831.0,342979.0,0.003184
2025,autoads,Resto,Total,Todas,escolaridad,Superior,2869681.0,7258831.0,342979.0,0.00644
2025,autoads,Indígena,Hombres,15-29,monolingue,No habla español,14.0,8010.0,428.0,
2025,autoads,Indígena,Hombres,3-14,monolingue,No habla español,74.0,2030.0,115.0,
2025,autoads,Indígena,Hombres,30-59,monolingue,No habla español,32.0,21837.0,1456.0,
2025,autoads,Indígena,Hombres,60+,monolingue,No habla español,219.0,10215.0,596.0,0.0002
2025,autoads,Indígena,Hombres,Todas,monolingue,No habla español,339.0,42092.0,2595.0,0.000167
2025,autoads,Indígena,Mujeres,15-29,monolingue,No habla español,79.0,8791.0,432.0,0.000121
2025,autoads,Indígena,Mujeres,3-14,monolingue,No habla español,4.0,1400.0,82.0,
2025,autoads,Indígena,Mujeres,30-59,monolingue,No habla español,194.0,27057.0,1741.0,0.000101
2025,autoads,Indígena,Mujeres,60+,monolingue,No habla español,352.0,13240.0,722.0,0.000253
2025,autoads,Indígena,Mujeres,Todas,monolingue,No habla español,629.0,50488.0,2977.0,0.000835
2025,autoads,Indígena,Total,15-29,monolingue,No habla español,93.0,16801.0,860.0,6.2e-05
2025,autoads,Indígena,Total,3-14,monolingue,No habla español,78.0,3430.0,197.0,
2025,autoads,Indígena,Total,30-59,monolingue,No habla español,226.0,48894.0,3197.0,0.000343
2025,autoads,Indígena,Total,60+,monolingue,No habla español,571.0,23455.0,1318.0,0.001878
2025,autoads,Indígena,Total,Todas,monolingue,No habla español,968.0,92580.0,5572.0,0.000725
2025,autoads,Resto,Hombres,15-29,monolingue,No habla español,,2387.0,123.0,
2025,autoads,Resto,Hombres,3-14,monolingue,No habla español,,361.0,22.0,
2025,autoads,Resto,Hombres,30-59,monolingue,No habla español,44.0,9139.0,507.0,
2025,autoads,Resto,Hombres,60+,monolingue,No habla español,13.0,4390.0,218.0,
2025,autoads,Resto,Hombres,Todas,monolingue,No habla español,57.0,16277.0,870.0,
2025,autoads,Resto,Mujeres,15-29,monolingue,No habla español,17.0,2420.0,98.0,
2025,autoads,Resto,Mujeres,3-14,monolingue,No habla español,1.0,446.0,31.0,
2025,autoads,Resto,Mujeres,30-59,monolingue,No habla español,30.0,8265.0,485.0,
2025,autoads,Resto,Mujeres,60+,monolingue,No habla español,120.0,5301.0,256.0,0.000922
2025,autoads,Resto,Mujeres,Todas,monolingue,No habla español,168.0,16432.0,870.0,0.000329
2025,autoads,Resto,Total,15-29,monolingue,No habla español,17.0,4807.0,221.0,
2025,autoads,Resto,Total,3-14,monolingue,No habla español,1.0,807.0,53.0,
2025,autoads,Resto,Total,30-59,monolingue,No habla español,74.0,17404.0,992.0,
2025,autoads,Resto,Total,60+,monolingue,No habla español,133.0,9691.0,474.0,0.000509
2025,autoads,Resto,Total,Todas,monolingue,No habla español,225.0,32709.0,1740.0,0.000177
2025,autoads,Indígena,Hombres,Todas,piramide,10-14,12362.0,612720.0,809.0,
2025,autoads,Indígena,Hombres,Todas,piramide,15-19,13904.0,612720.0,873.0,
2025,autoads,Indígena,Hombres,Todas,piramide,20-24,18129.0,612720.0,1062.0,
2025,autoads,Indígena,Hombres,Todas,piramide,25-29,18445.0,612720.0,1136.0,
2025,autoads,Indígena,Hombres,Todas,piramide,3-4,2607.0,612720.0,176.0,
2025,autoads,Indígena,Hombres,Todas,piramide,30-34,21495.0,612720.0,1330.0,
2025,autoads,Indígena,Hombres,Todas,piramide,35-39,21724.0,612720.0,1309.0,
2025,autoads,Indígena,Hombres,Todas,piramide,40-44,21791.0,612720.0,1354.0,
2025,autoads,Indígena,Hombres,Todas,piramide,45-49,22601.0,612720.0,1354.0,
2025,autoads,Indígena,Hombres,Todas,piramide,5-9,7591.0,612720.0,565.0,
2025,autoads,Indígena,Hombres,Todas,piramide,50-54,24099.0,612720.0,1432.0,
2025,autoads,Indígena,Hombres,Todas,piramide,55-59,23459.0,612720.0,1405.0,
2025,autoads,Indígena,Hombres,Todas,piramide,60-64,25636.0,612720.0,1445.0,
2025,autoads,Indígena,Hombres,Todas,piramide,65-69,21317.0,612720.0,1207.0,
2025,autoads,Indígena,Hombres,Todas,piramide,70-74,16495.0,612720.0,901.0,
2025,autoads,Indígena,Hombres,Todas,piramide,75-79,10389.0,612720.0,542.0,
2025,autoads,Indígena,Hombres,Todas,piramide,80-84,6661.0,612720.0,323.0,
2025,autoads,Indígena,Hombres,Todas,piramide,85 y más,4263.0,612720.0,247.0,
2025,autoads,Indígena,Mujeres,Todas,piramide,10-14,10899.0,612720.0,709.0,
2025,autoads,Indígena,Mujeres,Todas,piramide,15-19,12923.0,612720.0,834.0,
2025,autoads,Indígena,Mujeres,Todas,piramide,20-24,18413.0,612720.0,1047.0,
2025,autoads,Indígena,Mujeres,Todas,piramide,25-29,17939.0,612720.0,1071.0,
2025,autoads,Indígena,Mujeres,Todas,piramide,3-4,2292.0,612720.0,174.0,
2025,autoads,Indígena,Mujeres,Todas,piramide,30-34,20714.0,612720.0,1290.0,
2025,autoads,Indígena,Mujeres,Todas,piramide,35-39,21972.0,612720.0,1378.0,
2025,autoads,Indígena,Mujeres,Todas,piramide,40-44,22117.0,612720.0,1367.0,
2025,autoads,Indígena,Mujeres,Todas,piramide,45-49,24708.0,612720.0,1477.0,
2025,autoads,Indígena,Mujeres,Todas,piramide,5-9,7709.0,612720.0,535.0,
2025,autoads,Indígena,Mujeres,Todas,piramide,50-54,27747.0,612720.0,1620.0,
2025,autoads,Indígena,Mujeres,Todas,piramide,55-59,26802.0,612720.0,1586.0,
2025,autoads,Indígena,Mujeres,Todas,piramide,60-64,29279.0,612720.0,1604.0,
2025,autoads,Indígena,Mujeres,Todas,piramide,65-69,25959.0,612720.0,1373.0,
2025,autoads,Indígena,Mujeres,Todas,piramide,70-74,20373.0,612720.0,1020.0,
2025,autoads,Indígena,Mujeres,Todas,piramide,75-79,13468.0,612720.0,659.0,
2025,autoads,Indígena,Mujeres,Todas,piramide,80-84,8691.0,612720.0,437.0,
2025,autoads,Indígena,Mujeres,Todas,piramide,85 y más,7747.0,612720.0,375.0,
2025,autoads,Resto,Hombres,Todas,piramide,10-14,273155.0,8330859.0,13385.0,
2025,autoads,Resto,Hombres,Todas,piramide,15-19,304505.0,8330859.0,14594.0,
2025,autoads,Resto,Hombres,Todas,piramide,20-24,320330.0,8330859.0,15399.0,
2025,autoads,Resto,Hombres,Todas,piramide,25-29,324673.0,8330859.0,15581.0,
2025,autoads,Resto,Hombres,Todas,piramide,3-4,63776.0,8330859.0,3131.0,
2025,autoads,Resto,Hombres,Todas,piramide,30-34,344829.0,8330859.0,16524.0,
2025,autoads,Resto,Hombres,Todas,piramide,35-39,322643.0,8330859.0,15657.0,
2025,autoads,Resto,Hombres,Todas,piramide,40-44,302378.0,8330859.0,14361.0,
2025,autoads,Resto,Hombres,Todas,piramide,45-49,269621.0,8330859.0,12777.0,
2025,autoads,Resto,Hombres,Todas,piramide,5-9,211164.0,8330859.0,10277.0,
2025,autoads,Resto,Hombres,Todas,piramide,50-54,283061.0,8330859.0,13369.0,
2025,autoads,Resto,Hombres,Todas,piramide,55-59,237649.0,8330859.0,11051.0,
2025,autoads,Resto,Hombres,Todas,piramide,60-64,208944.0,8330859.0,9881.0,
2025,autoads,Resto,Hombres,Todas,piramide,65-69,172246.0,8330859.0,7927.0,
2025,autoads,Resto,Hombres,Todas,piramide,70-74,129119.0,8330859.0,5933.0,
2025,autoads,Resto,Hombres,Todas,piramide,75-79,81912.0,8330859.0,3720.0,
2025,autoads,Resto,Hombres,Todas,piramide,80-84,52367.0,8330859.0,2309.0,
2025,autoads,Resto,Hombres,Todas,piramide,85 y más,38236.0,8330859.0,1688.0,
2025,autoads,Resto,Mujeres,Todas,piramide,10-14,254180.0,8330859.0,12590.0,
2025,autoads,Resto,Mujeres,Todas,piramide,15-19,283465.0,8330859.0,13817.0,
2025,autoads,Resto,Mujeres,Todas,piramide,20-24,323580.0,8330859.0,15494.0,
2025,autoads,Resto,Mujeres,Todas,piramide,25-29,332938.0,8330859.0,15990.0,
2025,autoads,Resto,Mujeres,Todas,piramide,3-4,59862.0,8330859.0,3023.0,
2025,autoads,Resto,Mujeres,Todas,piramide,30-34,368899.0,8330859.0,17746.0,
2025,autoads,Resto,Mujeres,Todas,piramide,35-39,356245.0,8330859.0,16954.0,
2025,autoads,Resto,Mujeres,Todas,piramide,40-44,335855.0,8330859.0,15918.0,
2025,autoads,Resto,Mujeres,Todas,piramide,45-49,306642.0,8330859.0,14526.0,
2025,autoads,Resto,Mujeres,Todas,piramide,5-9,202054.0,8330859.0,10004.0,
2025,autoads,Resto,Mujeres,Todas,piramide,50-54,336897.0,8330859.0,15793.0,
2025,autoads,Resto,Mujeres,Todas,piramide,55-59,289070.0,8330859.0,13351.0,
2025,autoads,Resto,Mujeres,Todas,piramide,60-64,268492.0,8330859.0,12692.0,
2025,autoads,Resto,Mujeres,Todas,piramide,65-69,233705.0,8330859.0,10650.0,
2025,autoads,Resto,Mujeres,Todas,piramide,70-74,169717.0,8330859.0,7723.0,
2025,autoads,Resto,Mujeres,Todas,piramide,75-79,116877.0,8330859.0,5232.0,
2025,autoads,Resto,Mujeres,Todas,piramide,80-84,81963.0,8330859.0,3568.0,
2025,autoads,Resto,Mujeres,Todas,piramide,85 y más,69810.0,8330859.0,3146.0,
2025,autoads,Indígena,Hombres,15-29,posicion,Empleada u obrera,26292.0,32889.0,2047.0,0.011878
2025,autoads,Indígena,Hombres,15-29,posicion,Jornalera o peona,148.0,32889.0,2047.0,5.8e-05
2025,autoads,Indígena,Hombres,15-29,posicion,Patrona,279.0,32889.0,2047.0,6.6e-05
2025,autoads,Indígena,Hombres,15-29,posicion,Por cuenta propia,5714.0,32889.0,2047.0,0.014846
2025,autoads,Indígena,Hombres,15-29,posicion,Sin pago,456.0,32889.0,2047.0,0.000486
2025,autoads,Indígena,Hombres,3-14,posicion,Empleada u obrera,394.0,501.0,37.0,0.000853
2025,autoads,Indígena,Hombres,3-14,posicion,Jornalera o peona,,501.0,37.0,
2025,autoads,Indígena,Hombres,3-14,posicion,Patrona,1.0,501.0,37.0,
2025,autoads,Indígena,Hombres,3-14,posicion,Por cuenta propia,69.0,501.0,37.0,
2025,autoads,Indígena,Hombres,3-14,posicion,Sin pago,37.0,501.0,37.0,
2025,autoads,Indígena,Hombres,30-59,posicion,Empleada u obrera,80955.0,124386.0,7577.0,0.006957
2025,autoads,Indígena,Hombres,30-59,posicion,Jornalera o peona,488.0,124386.0,7577.0,0.000116
2025,autoads,Indígena,Hombres,30-59,posicion,Patrona,3119.0,124386.0,7577.0,0.001377
2025,autoads,Indígena,Hombres,30-59,posicion,Por cuenta propia,39341.0,124386.0,7577.0,0.005911
2025,autoads,Indígena,Hombres,30-59,posicion,Sin pago,483.0,124386.0,7577.0,8.4e-05
2025,autoads,Indígena,Hombres,60+,posicion,Empleada u obrera,15259.0,39042.0,2285.0,0.007152
2025,autoads,Indígena,Hombres,60+,posicion,Jornalera o peona,343.0,39042.0,2285.0,0.000292
2025,autoads,Indígena,Hombres,60+,posicion,Patrona,1380.0,39042.0,2285.0,0.001218
2025,autoads,Indígena,Hombres,60+,posicion,Por cuenta propia,21460.0,39042.0,2285.0,0.009212
2025,autoads,Indígena,Hombres,60+,posicion,Sin pago,600.0,39042.0,2285.0,0.000436
2025,autoads,Indígena,Hombres,Todas,posicion,Empleada u obrera,122900.0,196818.0,11946.0,0.007021
2025,autoads,Indígena,Hombres,Todas,posicion,Jornalera o peona,979.0,196818.0,11946.0,0.000259
2025,autoads,Indígena,Hombres,Todas,posicion,Patrona,4779.0,196818.0,11946.0,0.001286
2025,autoads,Indígena,Hombres,Todas,posicion,Por cuenta propia,66584.0,196818.0,11946.0,0.006545
2025,autoads,Indígena,Hombres,Todas,posicion,Sin pago,1576.0,196818.0,11946.0,0.000222
2025,autoads,Indígena,Mujeres,15-29,posicion,Empleada u obrera,18401.0,24224.0,1387.0,0.012688
2025,autoads,Indígena,Mujeres,15-29,posicion,Jornalera o peona,7.0,24224.0,1387.0,
2025,autoads,Indígena,Mujeres,15-29,posicion,Patrona,141.0,24224.0,1387.0,
2025,autoads,Indígena,Mujeres,15-29,posicion,Por cuenta propia,4801.0,24224.0,1387.0,0.009322
2025,autoads,Indígena,Mujeres,15-29,posicion,Sin pago,874.0,24224.0,1387.0,0.000777
2025,autoads,Indígena,Mujeres,3-14,posicion,Empleada u obrera,31.0,170.0,14.0,
2025,autoads,Indígena,Mujeres,3-14,posicion,Jornalera o peona,,170.0,14.0,
2025,autoads,Indígena,Mujeres,3-14,posicion,Patrona,17.0,170.0,14.0,
2025,autoads,Indígena,Mujeres,3-14,posicion,Por cuenta propia,79.0,170.0,14.0,
2025,autoads,Indígena,Mujeres,3-14,posicion,Sin pago,43.0,170.0,14.0,0.004394
2025,autoads,Indígena,Mujeres,30-59,posicion,Empleada u obrera,66406.0,98923.0,6002.0,0.00888
2025,autoads,Indígena,Mujeres,30-59,posicion,Jornalera o peona,67.0,98923.0,6002.0,2.3e-05
2025,autoads,Indígena,Mujeres,30-59,posicion,Patrona,1803.0,98923.0,6002.0,0.005042
2025,autoads,Indígena,Mujeres,30-59,posicion,Por cuenta propia,29288.0,98923.0,6002.0,0.008004
2025,autoads,Indígena,Mujeres,30-59,posicion,Sin pago,1359.0,98923.0,6002.0,0.00062
2025,autoads,Indígena,Mujeres,60+,posicion,Empleada u obrera,11609.0,27601.0,1476.0,0.00958
2025,autoads,Indígena,Mujeres,60+,posicion,Jornalera o peona,43.0,27601.0,1476.0,
2025,autoads,Indígena,Mujeres,60+,posicion,Patrona,788.0,27601.0,1476.0,0.000312
2025,autoads,Indígena,Mujeres,60+,posicion,Por cuenta propia,14096.0,27601.0,1476.0,0.007697
2025,autoads,Indígena,Mujeres,60+,posicion,Sin pago,1065.0,27601.0,1476.0,0.001679
2025,autoads,Indígena,Mujeres,Todas,posicion,Empleada u obrera,96447.0,150918.0,8879.0,0.008058
2025,autoads,Indígena,Mujeres,Todas,posicion,Jornalera o peona,117.0,150918.0,8879.0,1.2e-05
2025,autoads,Indígena,Mujeres,Todas,posicion,Patrona,2749.0,150918.0,8879.0,0.00331
2025,autoads,Indígena,Mujeres,Todas,posicion,Por cuenta propia,48264.0,150918.0,8879.0,0.007414
2025,autoads,Indígena,Mujeres,Todas,posicion,Sin pago,3341.0,150918.0,8879.0,0.00087
2025,autoads,Indígena,Total,15-29,posicion,Empleada u obrera,44693.0,57113.0,3434.0,0.01375
2025,autoads,Indígena,Total,15-29,posicion,Jornalera o peona,155.0,57113.0,3434.0,0.000142
2025,autoads,Indígena,Total,15-29,posicion,Patrona,420.0,57113.0,3434.0,0.000129
2025,autoads,Indígena,Total,15-29,posicion,Por cuenta propia,10515.0,57113.0,3434.0,0.012606
2025,autoads,Indígena,Total,15-29,posicion,Sin pago,1330.0,57113.0,3434.0,0.00113
2025,autoads,Indígena,Total,3-14,posicion,Empleada u obrera,425.0,671.0,51.0,0.006786
2025,autoads,Indígena,Total,3-14,posicion,Jornalera o peona,,671.0,51.0,
2025,autoads,Indígena,Total,3-14,posicion,Patrona,18.0,671.0,51.0,
2025,autoads,Indígena,Total,3-14,posicion,Por cuenta propia,148.0,671.0,51.0,
2025,autoads,Indígena,Total,3-14,posicion,Sin pago,80.0,671.0,51.0,0.010792
2025,autoads,Indígena,Total,30-59,posicion,Empleada u obrera,147361.0,223309.0,13579.0,0.006425
2025,autoads,Indígena,Total,30-59,posicion,Jornalera o peona,555.0,223309.0,13579.0,0.000105
2025,autoads,Indígena,Total,30-59,posicion,Patrona,4922.0,223309.0,13579.0,0.002437
2025,autoads,Indígena,Total,30-59,posicion,Por cuenta propia,68629.0,223309.0,13579.0,0.006089
2025,autoads,Indígena,Total,30-59,posicion,Sin pago,1842.0,223309.0,13579.0,0.000352
2025,autoads,Indígena,Total,60+,posicion,Empleada u obrera,26868.0,66643.0,3761.0,0.007567
2025,autoads,Indígena,Total,60+,posicion,Jornalera o peona,386.0,66643.0,3761.0,0.000171
2025,autoads,Indígena,Total,60+,posicion,Patrona,2168.0,66643.0,3761.0,0.001328
2025,autoads,Indígena,Total,60+,posicion,Por cuenta propia,35556.0,66643.0,3761.0,0.007614
2025,autoads,Indígena,Total,60+,posicion,Sin pago,1665.0,66643.0,3761.0,0.001548
2025,autoads,Indígena,Total,Todas,posicion,Empleada u obrera,219347.0,347736.0,20825.0,0.006494
2025,autoads,Indígena,Total,Todas,posicion,Jornalera o peona,1096.0,347736.0,20825.0,0.000167
2025,autoads,Indígena,Total,Todas,posicion,Patrona,7528.0,347736.0,20825.0,0.001725
2025,autoads,Indígena,Total,Todas,posicion,Por cuenta propia,114848.0,347736.0,20825.0,0.0062
2025,autoads,Indígena,Total,Todas,posicion,Sin pago,4917.0,347736.0,20825.0,0.000576
2025,autoads,Resto,Hombres,15-29,posicion,Empleada u obrera,392113.0,490997.0,24056.0,0.004331
2025,autoads,Resto,Hombres,15-29,posicion,Jornalera o peona,1585.0,490997.0,24056.0,0.000267
2025,autoads,Resto,Hombres,15-29,posicion,Patrona,4928.0,490997.0,24056.0,0.000739
2025,autoads,Resto,Hombres,15-29,posicion,Por cuenta propia,83777.0,490997.0,24056.0,0.003945
2025,autoads,Resto,Hombres,15-29,posicion,Sin pago,8594.0,490997.0,24056.0,0.000534
2025,autoads,Resto,Hombres,3-14,posicion,Empleada u obrera,1987.0,3295.0,205.0,0.012398
2025,autoads,Resto,Hombres,3-14,posicion,Jornalera o peona,6.0,3295.0,205.0,
2025,autoads,Resto,Hombres,3-14,posicion,Patrona,7.0,3295.0,205.0,
2025,autoads,Resto,Hombres,3-14,posicion,Por cuenta propia,555.0,3295.0,205.0,0.005578
2025,autoads,Resto,Hombres,3-14,posicion,Sin pago,740.0,3295.0,205.0,0.003493
2025,autoads,Resto,Hombres,30-59,posicion,Empleada u obrera,1098520.0,1604610.0,76521.0,0.003575
2025,autoads,Resto,Hombres,30-59,posicion,Jornalera o peona,3705.0,1604610.0,76521.0,0.000253
2025,autoads,Resto,Hombres,30-59,posicion,Patrona,52236.0,1604610.0,76521.0,0.001493
2025,autoads,Resto,Hombres,30-59,posicion,Por cuenta propia,446268.0,1604610.0,76521.0,0.003024
2025,autoads,Resto,Hombres,30-59,posicion,Sin pago,3881.0,1604610.0,76521.0,0.000123
2025,autoads,Resto,Hombres,60+,posicion,Empleada u obrera,130174.0,288405.0,13402.0,0.005457
2025,autoads,Resto,Hombres,60+,posicion,Jornalera o peona,854.0,288405.0,13402.0,0.000181
2025,autoads,Resto,Hombres,60+,posicion,Patrona,16055.0,288405.0,13402.0,0.002729
2025,autoads,Resto,Hombres,60+,posicion,Por cuenta propia,137435.0,288405.0,13402.0,0.00533
2025,autoads,Resto,Hombres,60+,posicion,Sin pago,3887.0,288405.0,13402.0,0.000581
2025,autoads,Resto,Hombres,Todas,posicion,Empleada u obrera,1622794.0,2387307.0,114184.0,0.003153
2025,autoads,Resto,Hombres,Todas,posicion,Jornalera o peona,6150.0,2387307.0,114184.0,0.000267
2025,autoads,Resto,Hombres,Todas,posicion,Patrona,73226.0,2387307.0,114184.0,0.001993
2025,autoads,Resto,Hombres,Todas,posicion,Por cuenta propia,668035.0,2387307.0,114184.0,0.002763
2025,autoads,Resto,Hombres,Todas,posicion,Sin pago,17102.0,2387307.0,114184.0,0.000241
2025,autoads,Resto,Mujeres,15-29,posicion,Empleada u obrera,299424.0,377482.0,18020.0,0.004224
2025,autoads,Resto,Mujeres,15-29,posicion,Jornalera o peona,159.0,377482.0,18020.0,3e-06
2025,autoads,Resto,Mujeres,15-29,posicion,Patrona,2842.0,377482.0,18020.0,0.000502
2025,autoads,Resto,Mujeres,15-29,posicion,Por cuenta propia,65442.0,377482.0,18020.0,0.003412
2025,autoads,Resto,Mujeres,15-29,posicion,Sin pago,9615.0,377482.0,18020.0,0.000811
2025,autoads,Resto,Mujeres,3-14,posicion,Empleada u obrera,846.0,1677.0,90.0,0.002635
2025,autoads,Resto,Mujeres,3-14,posicion,Jornalera o peona,,1677.0,90.0,
2025,autoads,Resto,Mujeres,3-14,posicion,Patrona,,1677.0,90.0,
2025,autoads,Resto,Mujeres,3-14,posicion,Por cuenta propia,381.0,1677.0,90.0,0.00103
2025,autoads,Resto,Mujeres,3-14,posicion,Sin pago,450.0,1677.0,90.0,0.001588
2025,autoads,Resto,Mujeres,30-59,posicion,Empleada u obrera,1002822.0,1374548.0,64876.0,0.002943
2025,autoads,Resto,Mujeres,30-59,posicion,Jornalera o peona,685.0,1374548.0,64876.0,7.8e-05
2025,autoads,Resto,Mujeres,30-59,posicion,Patrona,25030.0,1374548.0,64876.0,0.001108
2025,autoads,Resto,Mujeres,30-59,posicion,Por cuenta propia,336753.0,1374548.0,64876.0,0.002923
2025,autoads,Resto,Mujeres,30-59,posicion,Sin pago,9258.0,1374548.0,64876.0,0.000215
2025,autoads,Resto,Mujeres,60+,posicion,Empleada u obrera,95503.0,193374.0,8963.0,0.006323
2025,autoads,Resto,Mujeres,60+,posicion,Jornalera o peona,245.0,193374.0,8963.0,7e-06
2025,autoads,Resto,Mujeres,60+,posicion,Patrona,7004.0,193374.0,8963.0,0.00162
2025,autoads,Resto,Mujeres,60+,posicion,Por cuenta propia,86034.0,193374.0,8963.0,0.005947
2025,autoads,Resto,Mujeres,60+,posicion,Sin pago,4588.0,193374.0,8963.0,0.000669
2025,autoads,Resto,Mujeres,Todas,posicion,Empleada u obrera,1398595.0,1947081.0,91949.0,0.002781
2025,autoads,Resto,Mujeres,Todas,posicion,Jornalera o peona,1089.0,1947081.0,91949.0,9.2e-05
2025,autoads,Resto,Mujeres,Todas,posicion,Patrona,34876.0,1947081.0,91949.0,0.00097
2025,autoads,Resto,Mujeres,Todas,posicion,Por cuenta propia,488610.0,1947081.0,91949.0,0.002679
2025,autoads,Resto,Mujeres,Todas,posicion,Sin pago,23911.0,1947081.0,91949.0,0.000375
2025,autoads,Resto,Total,15-29,posicion,Empleada u obrera,691537.0,868479.0,42076.0,0.003451
2025,autoads,Resto,Total,15-29,posicion,Jornalera o peona,1744.0,868479.0,42076.0,0.000187
2025,autoads,Resto,Total,15-29,posicion,Patrona,7770.0,868479.0,42076.0,0.000655
2025,autoads,Resto,Total,15-29,posicion,Por cuenta propia,149219.0,868479.0,42076.0,0.003223
2025,autoads,Resto,Total,15-29,posicion,Sin pago,18209.0,868479.0,42076.0,0.000687
2025,autoads,Resto,Total,3-14,posicion,Empleada u obrera,2833.0,4972.0,295.0,0.014078
2025,autoads,Resto,Total,3-14,posicion,Jornalera o peona,6.0,4972.0,295.0,
2025,autoads,Resto,Total,3-14,posicion,Patrona,7.0,4972.0,295.0,
2025,autoads,Resto,Total,3-14,posicion,Por cuenta propia,936.0,4972.0,295.0,0.006482
2025,autoads,Resto,Total,3-14,posicion,Sin pago,1190.0,4972.0,295.0,0.003984
2025,autoads,Resto,Total,30-59,posicion,Empleada u obrera,2101342.0,2979158.0,141397.0,0.002746
2025,autoads,Resto,Total,30-59,posicion,Jornalera o peona,4390.0,2979158.0,141397.0,0.000172
2025,autoads,Resto,Total,30-59,posicion,Patrona,77266.0,2979158.0,141397.0,0.001797
2025,autoads,Resto,Total,30-59,posicion,Por cuenta propia,783021.0,2979158.0,141397.0,0.002582
2025,autoads,Resto,Total,30-59,posicion,Sin pago,13139.0,2979158.0,141397.0,0.000188
2025,autoads,Resto,Total,60+,posicion,Empleada u obrera,225677.0,481779.0,22365.0,0.004922
2025,autoads,Resto,Total,60+,posicion,Jornalera o peona,1099.0,481779.0,22365.0,0.000188
2025,autoads,Resto,Total,60+,posicion,Patrona,23059.0,481779.0,22365.0,0.002291
2025,autoads,Resto,Total,60+,posicion,Por cuenta propia,223469.0,481779.0,22365.0,0.00469
2025,autoads,Resto,Total,60+,posicion,Sin pago,8475.0,481779.0,22365.0,0.000516
2025,autoads,Resto,Total,Todas,posicion,Empleada u obrera,3021389.0,4334388.0,206133.0,0.002557
2025,autoads,Resto,Total,Todas,posicion,Jornalera o peona,7239.0,4334388.0,206133.0,0.000188
2025,autoads,Resto,Total,Todas,posicion,Patrona,108102.0,4334388.0,206133.0,0.001511
2025,autoads,Resto,Total,Todas,posicion,Por cuenta propia,1156645.0,4334388.0,206133.0,0.002411
2025,autoads,Resto,Total,Todas,posicion,Sin pago,41013.0,4334388.0,206133.0,0.000303
2025,autoads,Todos,Total,Todas,proporcion,15-29,99753.0,1989244.0,96898.0,
2025,autoads,Todos,Total,Todas,proporcion,3-14,43460.0,1107651.0,55378.0,
2025,autoads,Todos,Total,Todas,proporcion,30-59,279229.0,4033018.0,194929.0,
2025,autoads,Todos,Total,Todas,proporcion,60+,190278.0,1813666.0,84602.0,
2025,autoads,Indígena,Hombres,15-29,salud,Afiliada,34029.0,50424.0,3070.0,0.013729
2025,autoads,Indígena,Hombres,3-14,salud,Afiliada,15724.0,22560.0,1550.0,0.01319
2025,autoads,Indígena,Hombres,30-59,salud,Afiliada,95680.0,135154.0,8183.0,0.008673
2025,autoads,Indígena,Hombres,60+,salud,Afiliada,70965.0,84761.0,4665.0,0.006979
2025,autoads,Indígena,Hombres,Todas,salud,Afiliada,216398.0,292899.0,17468.0,0.007676
2025,autoads,Indígena,Mujeres,15-29,salud,Afiliada,34083.0,49275.0,2952.0,0.012365
2025,autoads,Indígena,Mujeres,3-14,salud,Afiliada,15063.0,20900.0,1418.0,0.014018
2025,autoads,Indígena,Mujeres,30-59,salud,Afiliada,108947.0,144060.0,8718.0,0.008192
2025,autoads,Indígena,Mujeres,60+,salud,Afiliada,91589.0,105517.0,5468.0,0.006348
2025,autoads,Indígena,Mujeres,Todas,salud,Afiliada,249682.0,319752.0,18556.0,0.00711
2025,autoads,Indígena,Total,15-29,salud,Afiliada,68112.0,99699.0,6022.0,0.012791
2025,autoads,Indígena,Total,3-14,salud,Afiliada,30787.0,43460.0,2968.0,0.012394
2025,autoads,Indígena,Total,30-59,salud,Afiliada,204627.0,279214.0,16901.0,0.007801
2025,autoads,Indígena,Total,60+,salud,Afiliada,162554.0,190278.0,10133.0,0.005674
2025,autoads,Indígena,Total,Todas,salud,Afiliada,466080.0,612651.0,36024.0,0.006853
2025,autoads,Resto,Hombres,15-29,salud,Afiliada,715220.0,949483.0,45573.0,0.005585
2025,autoads,Resto,Hombres,3-14,salud,Afiliada,427245.0,548060.0,26792.0,0.006882
2025,autoads,Resto,Hombres,30-59,salud,Afiliada,1362702.0,1759898.0,83728.0,0.004599
2025,autoads,Resto,Hombres,60+,salud,Afiliada,604114.0,682773.0,31456.0,0.003292
2025,autoads,Resto,Hombres,Todas,salud,Afiliada,3109281.0,3940214.0,187549.0,0.004399
2025,autoads,Resto,Mujeres,15-29,salud,Afiliada,726776.0,939928.0,45297.0,0.005307
2025,autoads,Resto,Mujeres,3-14,salud,Afiliada,408221.0,516096.0,25617.0,0.006149
2025,autoads,Resto,Mujeres,30-59,salud,Afiliada,1619335.0,1993447.0,94281.0,0.004162
2025,autoads,Resto,Mujeres,60+,salud,Afiliada,850818.0,940441.0,43005.0,0.002637
2025,autoads,Resto,Mujeres,Todas,salud,Afiliada,3605150.0,4389912.0,208200.0,0.003923
2025,autoads,Resto,Total,15-29,salud,Afiliada,1441996.0,1889411.0,90870.0,0.005195
2025,autoads,Resto,Total,3-14,salud,Afiliada,835466.0,1064156.0,52409.0,0.006061
2025,autoads,Resto,Total,30-59,salud,Afiliada,2982037.0,3753345.0,178009.0,0.004231
2025,autoads,Resto,Total,60+,salud,Afiliada,1454932.0,1623214.0,74461.0,0.002617
2025,autoads,Resto,Total,Todas,salud,Afiliada,6714431.0,8330126.0,395749.0,0.004087
2025,lengua,Indígena,Hombres,15-29,actividad,Desocupada,223.0,10432.0,552.0,
2025,lengua,Indígena,Hombres,15-29,actividad,No económicamente activa,1347.0,10432.0,552.0,0.007821
2025,lengua,Indígena,Hombres,15-29,actividad,Ocupada,8862.0,10432.0,552.0,0.015466
2025,lengua,Indígena,Hombres,3-14,actividad,Desocupada,,774.0,39.0,
2025,lengua,Indígena,Hombres,3-14,actividad,No económicamente activa,604.0,774.0,39.0,0.01277
2025,lengua,Indígena,Hombres,3-14,actividad,Ocupada,170.0,774.0,39.0,0.001008
2025,lengua,Indígena,Hombres,30-59,actividad,Desocupada,577.0,31031.0,1968.0,0.001962
2025,lengua,Indígena,Hombres,30-59,actividad,No económicamente activa,1031.0,31031.0,1968.0,0.000847
2025,lengua,Indígena,Hombres,30-59,actividad,Ocupada,29423.0,31031.0,1968.0,0.005897
2025,lengua,Indígena,Hombres,60+,actividad,Desocupada,182.0,14600.0,813.0,0.000112
2025,lengua,Indígena,Hombres,60+,actividad,No económicamente activa,6438.0,14600.0,813.0,0.009708
2025,lengua,Indígena,Hombres,60+,actividad,Ocupada,7980.0,14600.0,813.0,0.014534
2025,lengua,Indígena,Hombres,Todas,actividad,Desocupada,982.0,56837.0,3372.0,0.001648
2025,lengua,Indígena,Hombres,Todas,actividad,No económicamente activa,9420.0,56837.0,3372.0,0.004913
2025,lengua,Indígena,Hombres,Todas,actividad,Ocupada,46435.0,56837.0,3372.0,0.009094
2025,lengua,Indígena,Mujeres,15-29,actividad,Desocupada,160.0,11414.0,535.0,0.000173
2025,lengua,Indígena,Mujeres,15-29,actividad,No económicamente activa,4703.0,11414.0,535.0,0.016264
2025,lengua,Indígena,Mujeres,15-29,actividad,Ocupada,6551.0,11414.0,535.0,0.017337
2025,lengua,Indígena,Mujeres,3-14,actividad,Desocupada,,578.0,36.0,
2025,lengua,Indígena,Mujeres,3-14,actividad,No económicamente activa,523.0,578.0,36.0,0.005764
2025,lengua,Indígena,Mujeres,3-14,actividad,Ocupada,55.0,578.0,36.0,
2025,lengua,Indígena,Mujeres,30-59,actividad,Desocupada,199.0,35327.0,2229.0,1.6e-05
2025,lengua,Indígena,Mujeres,30-59,actividad,No económicamente activa,10594.0,35327.0,2229.0,0.009892
2025,lengua,Indígena,Mujeres,30-59,actividad,Ocupada,24534.0,35327.0,2229.0,0.01269
2025,lengua,Indígena,Mujeres,60+,actividad,Desocupada,24.0,18534.0,978.0,
2025,lengua,Indígena,Mujeres,60+,actividad,No económicamente activa,12316.0,18534.0,978.0,0.015275
2025,lengua,Indígena,Mujeres,60+,actividad,Ocupada,6194.0,18534.0,978.0,0.010379
2025,lengua,Indígena,Mujeres,Todas,actividad,Desocupada,383.0,65853.0,3778.0,0.000358
2025,lengua,Indígena,Mujeres,Todas,actividad,No económicamente activa,28136.0,65853.0,3778.0,0.009801
2025,lengua,Indígena,Mujeres,Todas,actividad,Ocupada,37334.0,65853.0,3778.0,0.010344
2025,lengua,Indígena,Total,15-29,actividad,Desocupada,383.0,21846.0,1087.0,0.000148
2025,lengua,Indígena,Total,15-29,actividad,No económicamente activa,6050.0,21846.0,1087.0,0.011843
2025,lengua,Indígena,Total,15-29,actividad,Ocupada,15413.0,21846.0,1087.0,0.014774
2025,lengua,Indígena,Total,3-14,actividad,Desocupada,,1352.0,75.0,
2025,lengua,Indígena,Total,3-14,actividad,No económicamente activa,1127.0,1352.0,75.0,0.03337
2025,lengua,Indígena,Total,3-14,actividad,Ocupada,225.0,1352.0,75.0,0.00436
2025,lengua,Indígena,Total,30-59,actividad,Desocupada,776.0,66358.0,4197.0,0.001043
2025,lengua,Indígena,Total,30-59,actividad,No económicamente activa,11625.0,66358.0,4197.0,0.005145
2025,lengua,Indígena,Total,30-59,actividad,Ocupada,53957.0,66358.0,4197.0,0.008016
2025,lengua,Indígena,Total,60+,actividad,Desocupada,206.0,33134.0,1791.0,5.9e-05
2025,lengua,Indígena,Total,60+,actividad,No económicamente activa,18754.0,33134.0,1791.0,0.011732
2025,lengua,Indígena,Total,60+,actividad,Ocupada,14174.0,33134.0,1791.0,0.010791
2025,lengua,Indígena,Total,Todas,actividad,Desocupada,1365.0,122690.0,7150.0,0.000816
2025,lengua,Indígena,Total,Todas,actividad,No económicamente activa,37556.0,122690.0,7150.0,0.007269
2025,lengua,Indígena,Total,Todas,actividad,Ocupada,83769.0,122690.0,7150.0,0.0085
2025,lengua,Resto,Hombres,15-29,actividad,Desocupada,39309.0,988399.0,48065.0,0.001089
2025,lengua,Resto,Hombres,15-29,actividad,No económicamente activa,434033.0,988399.0,48065.0,0.004132
2025,lengua,Resto,Hombres,15-29,actividad,Ocupada,515057.0,988399.0,48065.0,0.004091
2025,lengua,Resto,Hombres,3-14,actividad,Desocupada,150.0,174782.0,8648.0,1e-06
2025,lengua,Resto,Hombres,3-14,actividad,No económicamente activa,171006.0,174782.0,8648.0,0.002244
2025,lengua,Resto,Hombres,3-14,actividad,Ocupada,3626.0,174782.0,8648.0,0.000644
2025,lengua,Resto,Hombres,30-59,actividad,Desocupada,56492.0,1861947.0,89839.0,0.000845
2025,lengua,Resto,Hombres,30-59,actividad,No económicamente activa,105840.0,1861947.0,89839.0,0.000994
2025,lengua,Resto,Hombres,30-59,actividad,Ocupada,1699615.0,1861947.0,89839.0,0.001585
2025,lengua,Resto,Hombres,60+,actividad,Desocupada,9867.0,750527.0,35194.0,0.000434
2025,lengua,Resto,Hombres,60+,actividad,No económicamente activa,421088.0,750527.0,35194.0,0.004325
2025,lengua,Resto,Hombres,60+,actividad,Ocupada,319572.0,750527.0,35194.0,0.004358
2025,lengua,Resto,Hombres,Todas,actividad,Desocupada,105818.0,3775655.0,181746.0,0.000725
2025,lengua,Resto,Hombres,Todas,actividad,No económicamente activa,1131967.0,3775655.0,181746.0,0.001818
2025,lengua,Resto,Hombres,Todas,actividad,Ocupada,2537870.0,3775655.0,181746.0,0.002054
2025,lengua,Resto,Mujeres,15-29,actividad,Desocupada,26279.0,976974.0,47690.0,0.000744
2025,lengua,Resto,Mujeres,15-29,actividad,No económicamente activa,555605.0,976974.0,47690.0,0.003715
2025,lengua,Resto,Mujeres,15-29,actividad,Ocupada,395090.0,976974.0,47690.0,0.003928
2025,lengua,Resto,Mujeres,3-14,actividad,Desocupada,73.0,162420.0,8166.0,
2025,lengua,Resto,Mujeres,3-14,actividad,No económicamente activa,160555.0,162420.0,8166.0,0.001516
2025,lengua,Resto,Mujeres,3-14,actividad,Ocupada,1792.0,162420.0,8166.0,0.00022
2025,lengua,Resto,Mujeres,30-59,actividad,Desocupada,30116.0,2099975.0,100670.0,0.000415
2025,lengua,Resto,Mujeres,30-59,actividad,No económicamente activa,620787.0,2099975.0,100670.0,0.003174
2025,lengua,Resto,Mujeres,30-59,actividad,Ocupada,1449072.0,2099975.0,100670.0,0.003326
2025,lengua,Resto,Mujeres,60+,actividad,Desocupada,1767.0,1025883.0,47423.0,8e-05
2025,lengua,Resto,Mujeres,60+,actividad,No económicamente activa,809311.0,1025883.0,47423.0,0.002973
2025,lengua,Resto,Mujeres,60+,actividad,Ocupada,214805.0,1025883.0,47423.0,0.002826
2025,lengua,Resto,Mujeres,Todas,actividad,Desocupada,58235.0,4265252.0,203949.0,0.000359
2025,lengua,Resto,Mujeres,Todas,actividad,No económicamente activa,2146258.0,4265252.0,203949.0,0.002593
2025,lengua,Resto,Mujeres,Todas,actividad,Ocupada,2060759.0,4265252.0,203949.0,0.002729
2025,lengua,Resto,Total,15-29,actividad,Desocupada,65588.0,1965373.0,95755.0,0.000848
2025,lengua,Resto,Total,15-29,actividad,No económicamente activa,989638.0,1965373.0,95755.0,0.003418
2025,lengua,Resto,Total,15-29,actividad,Ocupada,910147.0,1965373.0,95755.0,0.003388
2025,lengua,Resto,Total,3-14,actividad,Desocupada,223.0,337202.0,16814.0,3e-06
2025,lengua,Resto,Total,3-14,actividad,No económicamente activa,331561.0,337202.0,16814.0,0.001622
2025,lengua,Resto,Total,3-14,actividad,Ocupada,5418.0,337202.0,16814.0,0.000439
2025,lengua,Resto,Total,30-59,actividad,Desocupada,86608.0,3961922.0,190509.0,0.000628
2025,lengua,Resto,Total,30-59,actividad,No económicamente activa,726627.0,3961922.0,190509.0,0.001831
2025,lengua,Resto,Total,30-59,actividad,Ocupada,3148687.0,3961922.0,190509.0,0.00206
2025,lengua,Resto,Total,60+,actividad,Desocupada,11634.0,1776410.0,82617.0,0.000219
2025,lengua,Resto,Total,60+,actividad,No económicamente activa,1230399.0,1776410.0,82617.0,0.003063
2025,lengua,Resto,Total,60+,actividad,Ocupada,534377.0,1776410.0,82617.0,0.003112
2025,lengua,Resto,Total,Todas,actividad,Desocupada,164053.0,8040907.0,385695.0,0.000514
2025,lengua,Resto,Total,Todas,actividad,No económicamente activa,3278225.0,8040907.0,385695.0,0.001954
2025,lengua,Resto,Total,Todas,actividad,Ocupada,4598629.0,8040907.0,385695.0,0.00211
2025,lengua,Indígena,Hombres,15-29,discapacidad,Con discapacidad,90.0,10451.0,553.0,
2025,lengua,Indígena,Hombres,3-14,discapacidad,Con discapacidad,102.0,2400.0,140.0,
2025,lengua,Indígena,Hombres,30-59,discapacidad,Con discapacidad,1280.0,31075.0,1970.0,0.002038
2025,lengua,Indígena,Hombres,60+,discapacidad,Con discapacidad,2401.0,14627.0,815.0,0.004661
2025,lengua,Indígena,Hombres,Todas,discapacidad,Con discapacidad,3873.0,58553.0,3478.0,0.002141
2025,lengua,Indígena,Mujeres,15-29,discapacidad,Con discapacidad,68.0,11414.0,535.0,
2025,lengua,Indígena,Mujeres,3-14,discapacidad,Con discapacidad,35.0,1846.0,113.0,
2025,lengua,Indígena,Mujeres,30-59,discapacidad,Con discapacidad,1737.0,35429.0,2234.0,0.001159
2025,lengua,Indígena,Mujeres,60+,discapacidad,Con discapacidad,3926.0,18548.0,979.0,0.005324
2025,lengua,Indígena,Mujeres,Todas,discapacidad,Con discapacidad,5766.0,67237.0,3861.0,0.002465
2025,lengua,Indígena,Total,15-29,discapacidad,Con discapacidad,158.0,21865.0,1088.0,9e-06
2025,lengua,Indígena,Total,3-14,discapacidad,Con discapacidad,137.0,4246.0,253.0,0.000547
2025,lengua,Indígena,Total,30-59,discapacidad,Con discapacidad,3017.0,66504.0,4204.0,0.001622
2025,lengua,Indígena,Total,60+,discapacidad,Con discapacidad,6327.0,33175.0,1794.0,0.006486
2025,lengua,Indígena,Total,Todas,discapacidad,Con discapacidad,9639.0,125790.0,7339.0,0.002131
2025,lengua,Resto,Hombres,15-29,discapacidad,Con discapacidad,20703.0,988893.0,48085.0,0.000593
2025,lengua,Resto,Hombres,3-14,discapacidad,Con discapacidad,11006.0,570389.0,28321.0,0.000576
2025,lengua,Resto,Hombres,30-59,discapacidad,Con discapacidad,58557.0,1863657.0,89931.0,0.00072
2025,lengua,Resto,Hombres,60+,discapacidad,Con discapacidad,106915.0,753052.0,35307.0,0.002278
2025,lengua,Resto,Hombres,Todas,discapacidad,Con discapacidad,197181.0,4175991.0,201644.0,0.000784
2025,lengua,Resto,Mujeres,15-29,discapacidad,Con discapacidad,15628.0,977548.0,47714.0,0.000498
2025,lengua,Resto,Mujeres,3-14,discapacidad,Con discapacidad,8046.0,537025.0,27058.0,0.000366
2025,lengua,Resto,Mujeres,30-59,discapacidad,Con discapacidad,71390.0,2101556.0,100747.0,0.000784
2025,lengua,Resto,Mujeres,60+,discapacidad,Con discapacidad,177428.0,1027401.0,47492.0,0.002714
2025,lengua,Resto,Mujeres,Todas,discapacidad,Con discapacidad,272492.0,4643530.0,223011.0,0.000979
2025,lengua,Resto,Total,15-29,discapacidad,Con discapacidad,36331.0,1966441.0,95799.0,0.000512
2025,lengua,Resto,Total,3-14,discapacidad,Con discapacidad,19052.0,1107414.0,55379.0,0.000484
2025,lengua,Resto,Total,30-59,discapacidad,Con discapacidad,129947.0,3965213.0,190678.0,0.000717
2025,lengua,Resto,Total,60+,discapacidad,Con discapacidad,284343.0,1780453.0,82799.0,0.002355
2025,lengua,Resto,Total,Todas,discapacidad,Con discapacidad,469673.0,8819521.0,424655.0,0.000826
2025,lengua,Indígena,Hombres,15-29,domestico,Trabajo doméstico remunerado,35.0,8862.0,470.0,
2025,lengua,Indígena,Hombres,3-14,domestico,Trabajo doméstico remunerado,,170.0,6.0,
2025,lengua,Indígena,Hombres,30-59,domestico,Trabajo doméstico remunerado,177.0,29423.0,1864.0,4e-06
2025,lengua,Indígena,Hombres,60+,domestico,Trabajo doméstico remunerado,58.0,7980.0,486.0,
2025,lengua,Indígena,Hombres,Todas,domestico,Trabajo doméstico remunerado,270.0,46435.0,2826.0,2.2e-05
2025,lengua,Indígena,Mujeres,15-29,domestico,Trabajo doméstico remunerado,1089.0,6551.0,290.0,0.013613
2025,lengua,Indígena,Mujeres,3-14,domestico,Trabajo doméstico remunerado,,55.0,3.0,
2025,lengua,Indígena,Mujeres,30-59,domestico,Trabajo doméstico remunerado,8239.0,24534.0,1538.0,0.009188
2025,lengua,Indígena,Mujeres,60+,domestico,Trabajo doméstico remunerado,1502.0,6194.0,304.0,0.008779
2025,lengua,Indígena,Mujeres,Todas,domestico,Trabajo doméstico remunerado,10830.0,37334.0,2135.0,0.009131
2025,lengua,Indígena,Total,15-29,domestico,Trabajo doméstico remunerado,1124.0,15413.0,760.0,0.005726
2025,lengua,Indígena,Total,3-14,domestico,Trabajo doméstico remunerado,,225.0,9.0,
2025,lengua,Indígena,Total,30-59,domestico,Trabajo doméstico remunerado,8416.0,53957.0,3402.0,0.004844
2025,lengua,Indígena,Total,60+,domestico,Trabajo doméstico remunerado,1560.0,14174.0,790.0,0.004477
2025,lengua,Indígena,Total,Todas,domestico,Trabajo doméstico remunerado,11100.0,83769.0,4961.0,0.004417
2025,lengua,Resto,Hombres,15-29,domestico,Trabajo doméstico remunerado,667.0,515057.0,25633.0,2.3e-05
2025,lengua,Resto,Hombres,3-14,domestico,Trabajo doméstico remunerado,4.0,3626.0,236.0,
2025,lengua,Resto,Hombres,30-59,domestico,Trabajo doméstico remunerado,2306.0,1699615.0,82236.0,5.4e-05
2025,lengua,Resto,Hombres,60+,domestico,Trabajo doméstico remunerado,842.0,319572.0,15204.0,2.1e-05
2025,lengua,Resto,Hombres,Todas,domestico,Trabajo doméstico remunerado,3819.0,2537870.0,123309.0,5.4e-05
2025,lengua,Resto,Mujeres,15-29,domestico,Trabajo doméstico remunerado,11046.0,395090.0,19115.0,0.002204
2025,lengua,Resto,Mujeres,3-14,domestico,Trabajo doméstico remunerado,55.0,1792.0,101.0,
2025,lengua,Resto,Mujeres,30-59,domestico,Trabajo doméstico remunerado,86070.0,1449072.0,69341.0,0.00181
2025,lengua,Resto,Mujeres,60+,domestico,Trabajo doméstico remunerado,20919.0,214805.0,10136.0,0.002763
2025,lengua,Resto,Mujeres,Todas,domestico,Trabajo doméstico remunerado,118090.0,2060759.0,98693.0,0.001764
2025,lengua,Resto,Total,15-29,domestico,Trabajo doméstico remunerado,11713.0,910147.0,44748.0,0.001008
2025,lengua,Resto,Total,3-14,domestico,Trabajo doméstico remunerado,59.0,5418.0,337.0,
2025,lengua,Resto,Total,30-59,domestico,Trabajo doméstico remunerado,88376.0,3148687.0,151577.0,0.000846
2025,lengua,Resto,Total,60+,domestico,Trabajo doméstico remunerado,21761.0,534377.0,25340.0,0.001185
2025,lengua,Resto,Total,Todas,domestico,Trabajo doméstico remunerado,121909.0,4598629.0,222002.0,0.000804
2025,lengua,Indígena,Hombres,15-29,escolaridad,Media superior,2943.0,10451.0,553.0,0.013144
2025,lengua,Indígena,Hombres,15-29,escolaridad,Primaria o menos,2137.0,10451.0,553.0,0.017182
2025,lengua,Indígena,Hombres,15-29,escolaridad,Secundaria,3758.0,10451.0,553.0,0.020897
2025,lengua,Indígena,Hombres,15-29,escolaridad,Superior,1613.0,10451.0,553.0,0.011907
2025,lengua,Indígena,Hombres,30-59,escolaridad,Media superior,4935.0,31067.0,1968.0,0.006231
2025,lengua,Indígena,Hombres,30-59,escolaridad,Primaria o menos,12661.0,31067.0,1968.0,0.014363
2025,lengua,Indígena,Hombres,30-59,escolaridad,Secundaria,8181.0,31067.0,1968.0,0.00734
2025,lengua,Indígena,Hombres,30-59,escolaridad,Superior,5290.0,31067.0,1968.0,0.004086
2025,lengua,Indígena,Hombres,60+,escolaridad,Media superior,1144.0,14627.0,815.0,0.002281
2025,lengua,Indígena,Hombres,60+,escolaridad,Primaria o menos,8399.0,14627.0,815.0,0.012453
2025,lengua,Indígena,Hombres,60+,escolaridad,Secundaria,2508.0,14627.0,815.0,0.008091
2025,lengua,Indígena,Hombres,60+,escolaridad,Superior,2576.0,14627.0,815.0,0.004567
2025,lengua,Indígena,Hombres,Todas,escolaridad,Media superior,9022.0,56145.0,3336.0,0.005766
2025,lengua,Indígena,Hombres,Todas,escolaridad,Primaria o menos,23197.0,56145.0,3336.0,0.010943
2025,lengua,Indígena,Hombres,Todas,escolaridad,Secundaria,14447.0,56145.0,3336.0,0.007933
2025,lengua,Indígena,Hombres,Todas,escolaridad,Superior,9479.0,56145.0,3336.0,0.005843
2025,lengua,Indígena,Mujeres,15-29,escolaridad,Media superior,2917.0,11390.0,534.0,0.013804
2025,lengua,Indígena,Mujeres,15-29,escolaridad,Primaria o menos,1787.0,11390.0,534.0,0.007872
2025,lengua,Indígena,Mujeres,15-29,escolaridad,Secundaria,4998.0,11390.0,534.0,0.015994
2025,lengua,Indígena,Mujeres,15-29,escolaridad,Superior,1688.0,11390.0,534.0,0.0114
2025,lengua,Indígena,Mujeres,30-59,escolaridad,Media superior,4101.0,35348.0,2231.0,0.003957
2025,lengua,Indígena,Mujeres,30-59,escolaridad,Primaria o menos,17819.0,35348.0,2231.0,0.011725
2025,lengua,Indígena,Mujeres,30-59,escolaridad,Secundaria,9777.0,35348.0,2231.0,0.007613
2025,lengua,Indígena,Mujeres,30-59,escolaridad,Superior,3651.0,35348.0,2231.0,0.002958
2025,lengua,Indígena,Mujeres,60+,escolaridad,Media superior,592.0,18548.0,979.0,0.000279
2025,lengua,Indígena,Mujeres,60+,escolaridad,Primaria o menos,14689.0,18548.0,979.0,0.010085
2025,lengua,Indígena,Mujeres,60+,escolaridad,Secundaria,1937.0,18548.0,979.0,0.002691
2025,lengua,Indígena,Mujeres,60+,escolaridad,Superior,1330.0,18548.0,979.0,0.001751
2025,lengua,Indígena,Mujeres,Todas,escolaridad,Media superior,7610.0,65286.0,3744.0,0.00391
2025,lengua,Indígena,Mujeres,Todas,escolaridad,Primaria o menos,34295.0,65286.0,3744.0,0.009043
2025,lengua,Indígena,Mujeres,Todas,escolaridad,Secundaria,16712.0,65286.0,3744.0,0.006363
2025,lengua,Indígena,Mujeres,Todas,escolaridad,Superior,6669.0,65286.0,3744.0,0.003211
2025,lengua,Indígena,Total,15-29,escolaridad,Media superior,5860.0,21841.0,1087.0,0.012949
2025,lengua,Indígena,Total,15-29,escolaridad,Primaria o menos,3924.0,21841.0,1087.0,0.009999
2025,lengua,Indígena,Total,15-29,escolaridad,Secundaria,8756.0,21841.0,1087.0,0.01765
2025,lengua,Indígena,Total,15-29,escolaridad,Superior,3301.0,21841.0,1087.0,0.010099
2025,lengua,Indígena,Total,30-59,escolaridad,Media superior,9036.0,66415.0,4199.0,0.005865
2025,lengua,Indígena,Total,30-59,escolaridad,Primaria o menos,30480.0,66415.0,4199.0,0.011657
2025,lengua,Indígena,Total,30-59,escolaridad,Secundaria,17958.0,66415.0,4199.0,0.007228
2025,lengua,Indígena,Total,30-59,escolaridad,Superior,8941.0,66415.0,4199.0,0.004573
2025,lengua,Indígena,Total,60+,escolaridad,Media superior,1736.0,33175.0,1794.0,0.00157
2025,lengua,Indígena,Total,60+,escolaridad,Primaria o menos,23088.0,33175.0,1794.0,0.010897
2025,lengua,Indígena,Total,60+,escolaridad,Secundaria,4445.0,33175.0,1794.0,0.006325
2025,lengua,Indígena,Total,60+,escolaridad,Superior,3906.0,33175.0,1794.0,0.003418
2025,lengua,Indígena,Total,Todas,escolaridad,Media superior,16632.0,121431.0,7080.0,0.004541
2025,lengua,Indígena,Total,Todas,escolaridad,Primaria o menos,57492.0,121431.0,7080.0,0.009083
2025,lengua,Indígena,Total,Todas,escolaridad,Secundaria,31159.0,121431.0,7080.0,0.005989
2025,lengua,Indígena,Total,Todas,escolaridad,Superior,16148.0,121431.0,7080.0,0.005035
2025,lengua,Resto,Hombres,15-29,escolaridad,Media superior,417593.0,987070.0,48000.0,0.003463
2025,lengua,Resto,Hombres,15-29,escolaridad,Primaria o menos,24810.0,987070.0,48000.0,0.000839
2025,lengua,Resto,Hombres,15-29,escolaridad,Secundaria,213945.0,987070.0,48000.0,0.003929
2025,lengua,Resto,Hombres,15-29,escolaridad,Superior,330722.0,987070.0,48000.0,0.006032
2025,lengua,Resto,Hombres,30-59,escolaridad,Media superior,507942.0,1862135.0,89864.0,0.00296
2025,lengua,Resto,Hombres,30-59,escolaridad,Primaria o menos,123388.0,1862135.0,89864.0,0.001834
2025,lengua,Resto,Hombres,30-59,escolaridad,Secundaria,406829.0,1862135.0,89864.0,0.004321
2025,lengua,Resto,Hombres,30-59,escolaridad,Superior,823976.0,1862135.0,89864.0,0.007996
2025,lengua,Resto,Hombres,60+,escolaridad,Media superior,136232.0,752851.0,35295.0,0.002518
2025,lengua,Resto,Hombres,60+,escolaridad,Primaria o menos,193954.0,752851.0,35295.0,0.004885
2025,lengua,Resto,Hombres,60+,escolaridad,Secundaria,155586.0,752851.0,35295.0,0.003237
2025,lengua,Resto,Hombres,60+,escolaridad,Superior,267079.0,752851.0,35295.0,0.007234
2025,lengua,Resto,Hombres,Todas,escolaridad,Media superior,1061767.0,3602056.0,173159.0,0.00243
2025,lengua,Resto,Hombres,Todas,escolaridad,Primaria o menos,342152.0,3602056.0,173159.0,0.001842
2025,lengua,Resto,Hombres,Todas,escolaridad,Secundaria,776360.0,3602056.0,173159.0,0.003566
2025,lengua,Resto,Hombres,Todas,escolaridad,Superior,1421777.0,3602056.0,173159.0,0.006855
2025,lengua,Resto,Mujeres,15-29,escolaridad,Media superior,393616.0,975516.0,47606.0,0.00342
2025,lengua,Resto,Mujeres,15-29,escolaridad,Primaria o menos,16897.0,975516.0,47606.0,0.000659
2025,lengua,Resto,Mujeres,15-29,escolaridad,Secundaria,181162.0,975516.0,47606.0,0.003384
2025,lengua,Resto,Mujeres,15-29,escolaridad,Superior,383841.0,975516.0,47606.0,0.005496
2025,lengua,Resto,Mujeres,30-59,escolaridad,Media superior,567582.0,2099658.0,100644.0,0.002895
2025,lengua,Resto,Mujeres,30-59,escolaridad,Primaria o menos,151532.0,2099658.0,100644.0,0.001833
2025,lengua,Resto,Mujeres,30-59,escolaridad,Secundaria,453483.0,2099658.0,100644.0,0.003983
2025,lengua,Resto,Mujeres,30-59,escolaridad,Superior,927061.0,2099658.0,100644.0,0.007464
2025,lengua,Resto,Mujeres,60+,escolaridad,Media superior,196901.0,1027074.0,47477.0,0.00272
2025,lengua,Resto,Mujeres,60+,escolaridad,Primaria o menos,368255.0,1027074.0,47477.0,0.006078
2025,lengua,Resto,Mujeres,60+,escolaridad,Secundaria,204321.0,1027074.0,47477.0,0.002354
2025,lengua,Resto,Mujeres,60+,escolaridad,Superior,257597.0,1027074.0,47477.0,0.00565
2025,lengua,Resto,Mujeres,Todas,escolaridad,Media superior,1158099.0,4102248.0,195727.0,0.00197
2025,lengua,Resto,Mujeres,Todas,escolaridad,Primaria o menos,536684.0,4102248.0,195727.0,0.002264
2025,lengua,Resto,Mujeres,Todas,escolaridad,Secundaria,838966.0,4102248.0,195727.0,0.002852
2025,lengua,Resto,Mujeres,Todas,escolaridad,Superior,1568499.0,4102248.0,195727.0,0.005863
2025,lengua,Resto,Total,15-29,escolaridad,Media superior,811209.0,1962586.0,95606.0,0.002998
2025,lengua,Resto,Total,15-29,escolaridad,Primaria o menos,41707.0,1962586.0,95606.0,0.000719
2025,lengua,Resto,Total,15-29,escolaridad,Secundaria,395107.0,1962586.0,95606.0,0.003442
2025,lengua,Resto,Total,15-29,escolaridad,Superior,714563.0,1962586.0,95606.0,0.005538
2025,lengua,Resto,Total,30-59,escolaridad,Media superior,1075524.0,3961793.0,190508.0,0.002712
2025,lengua,Resto,Total,30-59,escolaridad,Primaria o menos,274920.0,3961793.0,190508.0,0.001829
2025,lengua,Resto,Total,30-59,escolaridad,Secundaria,860312.0,3961793.0,190508.0,0.004107
2025,lengua,Resto,Total,30-59,escolaridad,Superior,1751037.0,3961793.0,190508.0,0.007624
2025,lengua,Resto,Total,60+,escolaridad,Media superior,333133.0,1779925.0,82772.0,0.002208
2025,lengua,Resto,Total,60+,escolaridad,Primaria o menos,562209.0,1779925.0,82772.0,0.005585
2025,lengua,Resto,Total,60+,escolaridad,Secundaria,359907.0,1779925.0,82772.0,0.00246
2025,lengua,Resto,Total,60+,escolaridad,Superior,524676.0,1779925.0,82772.0,0.006195
2025,lengua,Resto,Total,Todas,escolaridad,Media superior,2219866.0,7704304.0,368886.0,0.002021
2025,lengua,Resto,Total,Todas,escolaridad,Primaria o menos,878836.0,7704304.0,368886.0,0.002195
2025,lengua,Resto,Total,Todas,escolaridad,Secundaria,1615326.0,7704304.0,368886.0,0.003109
2025,lengua,Resto,Total,Todas,escolaridad,Superior,2990276.0,7704304.0,368886.0,0.006257
2025,lengua,Indígena,Hombres,15-29,monolingue,No habla español,14.0,10397.0,551.0,
2025,lengua,Indígena,Hombres,3-14,monolingue,No habla español,74.0,2400.0,140.0,
2025,lengua,Indígena,Hombres,30-59,monolingue,No habla español,76.0,30976.0,1963.0,
2025,lengua,Indígena,Hombres,60+,monolingue,No habla español,232.0,14605.0,814.0,0.000168
2025,lengua,Indígena,Hombres,Todas,monolingue,No habla español,396.0,58378.0,3468.0,0.000118
2025,lengua,Indígena,Mujeres,15-29,monolingue,No habla español,96.0,11211.0,530.0,9.5e-05
2025,lengua,Indígena,Mujeres,3-14,monolingue,No habla español,5.0,1846.0,113.0,
2025,lengua,Indígena,Mujeres,30-59,monolingue,No habla español,224.0,35322.0,2226.0,9.7e-05
2025,lengua,Indígena,Mujeres,60+,monolingue,No habla español,472.0,18541.0,978.0,0.000357
2025,lengua,Indígena,Mujeres,Todas,monolingue,No habla español,797.0,66920.0,3847.0,0.000718
2025,lengua,Indígena,Total,15-29,monolingue,No habla español,110.0,21608.0,1081.0,4.8e-05
2025,lengua,Indígena,Total,3-14,monolingue,No habla español,79.0,4246.0,253.0,
2025,lengua,Indígena,Total,30-59,monolingue,No habla español,300.0,66298.0,4189.0,0.000255
2025,lengua,Indígena,Total,60+,monolingue,No habla español,704.0,33146.0,1792.0,0.00149
2025,lengua,Indígena,Total,Todas,monolingue,No habla español,1193.0,125298.0,7315.0,0.000612
2025,lengua,Indígena,Hombres,Todas,piramide,10-14,1298.0,125790.0,65.0,
2025,lengua,Indígena,Hombres,Todas,piramide,15-19,2164.0,125790.0,117.0,
2025,lengua,Indígena,Hombres,Todas,piramide,20-24,3405.0,125790.0,191.0,
2025,lengua,Indígena,Hombres,Todas,piramide,25-29,4882.0,125790.0,245.0,
2025,lengua,Indígena,Hombres,Todas,piramide,3-4,269.0,125790.0,20.0,
2025,lengua,Indígena,Hombres,Todas,piramide,30-34,5309.0,125790.0,311.0,
2025,lengua,Indígena,Hombres,Todas,piramide,35-39,5472.0,125790.0,307.0,
2025,lengua,Indígena,Hombres,Todas,piramide,40-44,5714.0,125790.0,352.0,
2025,lengua,Indígena,Hombres,Todas,piramide,45-49,4810.0,125790.0,340.0,
2025,lengua,Indígena,Hombres,Todas,piramide,5-9,833.0,125790.0,55.0,
2025,lengua,Indígena,Hombres,Todas,piramide,50-54,4871.0,125790.0,320.0,
2025,lengua,Indígena,Hombres,Todas,piramide,55-59,4899.0,125790.0,340.0,
2025,lengua,Indígena,Hombres,Todas,piramide,60-64,4496.0,125790.0,260.0,
2025,lengua,Indígena,Hombres,Todas,piramide,65-69,3199.0,125790.0,202.0,
2025,lengua,Indígena,Hombres,Todas,piramide,70-74,2886.0,125790.0,151.0,
2025,lengua,Indígena,Hombres,Todas,piramide,75-79,2006.0,125790.0,90.0,
2025,lengua,Indígena,Hombres,Todas,piramide,80-84,1337.0,125790.0,65.0,
2025,lengua,Indígena,Hombres,Todas,piramide,85 y más,703.0,125790.0,47.0,
2025,lengua,Indígena,Mujeres,Todas,piramide,10-14,1038.0,125790.0,62.0,
2025,lengua,Indígena,Mujeres,Todas,piramide,15-19,2551.0,125790.0,108.0,
2025,lengua,Indígena,Mujeres,Todas,piramide,20-24,4646.0,125790.0,218.0,
2025,lengua,Indígena,Mujeres,Todas,piramide,25-29,4217.0,125790.0,209.0,
2025,lengua,Indígena,Mujeres,Todas,piramide,3-4,105.0,125790.0,10.0,
2025,lengua,Indígena,Mujeres,Todas,piramide,30-34,6107.0,125790.0,344.0,
2025,lengua,Indígena,Mujeres,Todas,piramide,35-39,5329.0,125790.0,355.0,
2025,lengua,Indígena,Mujeres,Todas,piramide,40-44,5624.0,125790.0,375.0,
2025,lengua,Indígena,Mujeres,Todas,piramide,45-49,6572.0,125790.0,427.0,
2025,lengua,Indígena,Mujeres,Todas,piramide,5-9,703.0,125790.0,41.0,
2025,lengua,Indígena,Mujeres,Todas,piramide,50-54,6763.0,125790.0,429.0,
2025,lengua,Indígena,Mujeres,Todas,piramide,55-59,5034.0,125790.0,304.0,
2025,lengua,Indígena,Mujeres,Todas,piramide,60-64,4720.0,125790.0,285.0,
2025,lengua,Indígena,Mujeres,Todas,piramide,65-69,4160.0,125790.0,222.0,
2025,lengua,Indígena,Mujeres,Todas,piramide,70-74,3563.0,125790.0,164.0,
2025,lengua,Indígena,Mujeres,Todas,piramide,75-79,2525.0,125790.0,119.0,
2025,lengua,Indígena,Mujeres,Todas,piramide,80-84,1920.0,125790.0,95.0,
2025,lengua,Indígena,Mujeres,Todas,piramide,85 y más,1660.0,125790.0,94.0,
2025,lengua,Resto,Hombres,Todas,piramide,10-14,284154.0,8819894.0,14126.0,
2025,lengua,Resto,Hombres,Todas,piramide,15-19,316228.0,8819894.0,15349.0,
2025,lengua,Resto,Hombres,Todas,piramide,20-24,334485.0,8819894.0,16267.0,
2025,lengua,Resto,Hombres,Todas,piramide,25-29,338180.0,8819894.0,16469.0,
2025,lengua,Resto,Hombres,Todas,piramide,3-4,67087.0,8819894.0,3341.0,
2025,lengua,Resto,Hombres,Todas,piramide,30-34,361020.0,8819894.0,17544.0,
2025,lengua,Resto,Hombres,Todas,piramide,35-39,338864.0,8819894.0,16657.0,
2025,lengua,Resto,Hombres,Todas,piramide,40-44,318416.0,8819894.0,15361.0,
2025,lengua,Resto,Hombres,Todas,piramide,45-49,287126.0,8819894.0,13788.0,
2025,lengua,Resto,Hombres,Todas,piramide,5-9,219148.0,8819894.0,10854.0,
2025,lengua,Resto,Hombres,Todas,piramide,50-54,302194.0,8819894.0,14475.0,
2025,lengua,Resto,Hombres,Todas,piramide,55-59,256171.0,8819894.0,12114.0,
2025,lengua,Resto,Hombres,Todas,piramide,60-64,230136.0,8819894.0,11067.0,
2025,lengua,Resto,Hombres,Todas,piramide,65-69,190327.0,8819894.0,8930.0,
2025,lengua,Resto,Hombres,Todas,piramide,70-74,142789.0,8819894.0,6684.0,
2025,lengua,Resto,Hombres,Todas,piramide,75-79,90281.0,8819894.0,4171.0,
2025,lengua,Resto,Hombres,Todas,piramide,80-84,57691.0,8819894.0,2567.0,
2025,lengua,Resto,Hombres,Todas,piramide,85 y más,41849.0,8819894.0,1889.0,
2025,lengua,Resto,Mujeres,Todas,piramide,10-14,263524.0,8819894.0,13233.0,
2025,lengua,Resto,Mujeres,Todas,piramide,15-19,293834.0,8819894.0,14542.0,
2025,lengua,Resto,Mujeres,Todas,piramide,20-24,337341.0,8819894.0,16322.0,
2025,lengua,Resto,Mujeres,Todas,piramide,25-29,346373.0,8819894.0,16850.0,
2025,lengua,Resto,Mujeres,Todas,piramide,3-4,63135.0,8819894.0,3245.0,
2025,lengua,Resto,Mujeres,Todas,piramide,30-34,383474.0,8819894.0,18690.0,
2025,lengua,Resto,Mujeres,Todas,piramide,35-39,372622.0,8819894.0,17973.0,
2025,lengua,Resto,Mujeres,Todas,piramide,40-44,352259.0,8819894.0,16907.0,
2025,lengua,Resto,Mujeres,Todas,piramide,45-49,324703.0,8819894.0,15571.0,
2025,lengua,Resto,Mujeres,Todas,piramide,5-9,210366.0,8819894.0,10580.0,
2025,lengua,Resto,Mujeres,Todas,piramide,50-54,357799.0,8819894.0,16980.0,
2025,lengua,Resto,Mujeres,Todas,piramide,55-59,310838.0,8819894.0,14633.0,
2025,lengua,Resto,Mujeres,Todas,piramide,60-64,293051.0,8819894.0,14011.0,
2025,lengua,Resto,Mujeres,Todas,piramide,65-69,255504.0,8819894.0,11801.0,
2025,lengua,Resto,Mujeres,Todas,piramide,70-74,186489.0,8819894.0,8577.0,
2025,lengua,Resto,Mujeres,Todas,piramide,75-79,127805.0,8819894.0,5771.0,
2025,lengua,Resto,Mujeres,Todas,piramide,80-84,88734.0,8819894.0,3910.0,
2025,lengua,Resto,Mujeres,Todas,piramide,85 y más,75897.0,8819894.0,3427.0,
2025,lengua,Indígena,Hombres,15-29,posicion,Empleada u obrera,6761.0,8862.0,470.0,0.031114
2025,lengua,Indígena,Hombres,15-29,posicion,Jornalera o peona,28.0,8862.0,470.0,0.000225
2025,lengua,Indígena,Hombres,15-29,posicion,Patrona,31.0,8862.0,470.0,4e-06
2025,lengua,Indígena,Hombres,15-29,posicion,Por cuenta propia,1989.0,8862.0,470.0,0.030571
2025,lengua,Indígena,Hombres,15-29,posicion,Sin pago,53.0,8862.0,470.0,
2025,lengua,Indígena,Hombres,3-14,posicion,Empleada u obrera,133.0,170.0,6.0,0.00128
2025,lengua,Indígena,Hombres,3-14,posicion,Jornalera o peona,,170.0,6.0,
2025,lengua,Indígena,Hombres,3-14,posicion,Patrona,,170.0,6.0,
2025,lengua,Indígena,Hombres,3-14,posicion,Por cuenta propia,37.0,170.0,6.0,
2025,lengua,Indígena,Hombres,3-14,posicion,Sin pago,,170.0,6.0,
2025,lengua,Indígena,Hombres,30-59,posicion,Empleada u obrera,18254.0,29423.0,1864.0,0.016308
2025,lengua,Indígena,Hombres,30-59,posicion,Jornalera o peona,166.0,29423.0,1864.0,0.000127
2025,lengua,Indígena,Hombres,30-59,posicion,Patrona,626.0,29423.0,1864.0,0.000173
2025,lengua,Indígena,Hombres,30-59,posicion,Por cuenta propia,10223.0,29423.0,1864.0,0.013032
2025,lengua,Indígena,Hombres,30-59,posicion,Sin pago,154.0,29423.0,1864.0,0.0
2025,lengua,Indígena,Hombres,60+,posicion,Empleada u obrera,2967.0,7980.0,486.0,0.015229
2025,lengua,Indígena,Hombres,60+,posicion,Jornalera o peona,99.0,7980.0,486.0,0.001
2025,lengua,Indígena,Hombres,60+,posicion,Patrona,158.0,7980.0,486.0,0.000925
2025,lengua,Indígena,Hombres,60+,posicion,Por cuenta propia,4666.0,7980.0,486.0,0.011452
2025,lengua,Indígena,Hombres,60+,posicion,Sin pago,90.0,7980.0,486.0,0.000919
2025,lengua,Indígena,Hombres,Todas,posicion,Empleada u obrera,28115.0,46435.0,2826.0,0.015281
2025,lengua,Indígena,Hombres,Todas,posicion,Jornalera o peona,293.0,46435.0,2826.0,0.000308
2025,lengua,Indígena,Hombres,Todas,posicion,Patrona,815.0,46435.0,2826.0,0.000749
2025,lengua,Indígena,Hombres,Todas,posicion,Por cuenta propia,16915.0,46435.0,2826.0,0.014345
2025,lengua,Indígena,Hombres,Todas,posicion,Sin pago,297.0,46435.0,2826.0,0.000164
2025,lengua,Indígena,Mujeres,15-29,posicion,Empleada u obrera,4830.0,6551.0,290.0,0.034469
2025,lengua,Indígena,Mujeres,15-29,posicion,Jornalera o peona,1.0,6551.0,290.0,
2025,lengua,Indígena,Mujeres,15-29,posicion,Patrona,40.0,6551.0,290.0,
2025,lengua,Indígena,Mujeres,15-29,posicion,Por cuenta propia,1579.0,6551.0,290.0,0.027579
2025,lengua,Indígena,Mujeres,15-29,posicion,Sin pago,101.0,6551.0,290.0,4e-06
2025,lengua,Indígena,Mujeres,3-14,posicion,Empleada u obrera,,55.0,3.0,
2025,lengua,Indígena,Mujeres,3-14,posicion,Jornalera o peona,,55.0,3.0,
2025,lengua,Indígena,Mujeres,3-14,posicion,Patrona,,55.0,3.0,
2025,lengua,Indígena,Mujeres,3-14,posicion,Por cuenta propia,48.0,55.0,3.0,
2025,lengua,Indígena,Mujeres,3-14,posicion,Sin pago,7.0,55.0,3.0,
2025,lengua,Indígena,Mujeres,30-59,posicion,Empleada u obrera,14230.0,24534.0,1538.0,0.019645
2025,lengua,Indígena,Mujeres,30-59,posicion,Jornalera o peona,28.0,24534.0,1538.0,8.1e-05
2025,lengua,Indígena,Mujeres,30-59,posicion,Patrona,291.0,24534.0,1538.0,0.000179
2025,lengua,Indígena,Mujeres,30-59,posicion,Por cuenta propia,9587.0,24534.0,1538.0,0.0193
2025,lengua,Indígena,Mujeres,30-59,posicion,Sin pago,398.0,24534.0,1538.0,0.0001
2025,lengua,Indígena,Mujeres,60+,posicion,Empleada u obrera,2027.0,6194.0,304.0,0.015471
2025,lengua,Indígena,Mujeres,60+,posicion,Jornalera o peona,40.0,6194.0,304.0,
2025,lengua,Indígena,Mujeres,60+,posicion,Patrona,46.0,6194.0,304.0,
2025,lengua,Indígena,Mujeres,60+,posicion,Por cuenta propia,3694.0,6194.0,304.0,0.016089
2025,lengua,Indígena,Mujeres,60+,posicion,Sin pago,387.0,6194.0,304.0,0.002478
2025,lengua,Indígena,Mujeres,Todas,posicion,Empleada u obrera,21087.0,37334.0,2135.0,0.019842
2025,lengua,Indígena,Mujeres,Todas,posicion,Jornalera o peona,69.0,37334.0,2135.0,2.7e-05
2025,lengua,Indígena,Mujeres,Todas,posicion,Patrona,377.0,37334.0,2135.0,0.000117
2025,lengua,Indígena,Mujeres,Todas,posicion,Por cuenta propia,14908.0,37334.0,2135.0,0.018862
2025,lengua,Indígena,Mujeres,Todas,posicion,Sin pago,893.0,37334.0,2135.0,0.000473
2025,lengua,Indígena,Total,15-29,posicion,Empleada u obrera,11591.0,15413.0,760.0,0.030814
2025,lengua,Indígena,Total,15-29,posicion,Jornalera o peona,29.0,15413.0,760.0,0.000194
2025,lengua,Indígena,Total,15-29,posicion,Patrona,71.0,15413.0,760.0,3e-06
2025,lengua,Indígena,Total,15-29,posicion,Por cuenta propia,3568.0,15413.0,760.0,0.031439
2025,lengua,Indígena,Total,15-29,posicion,Sin pago,154.0,15413.0,760.0,2e-06
2025,lengua,Indígena,Total,3-14,posicion,Empleada u obrera,133.0,225.0,9.0,0.001817
2025,lengua,Indígena,Total,3-14,posicion,Jornalera o peona,,225.0,9.0,
2025,lengua,Indígena,Total,3-14,posicion,Patrona,,225.0,9.0,
2025,lengua,Indígena,Total,3-14,posicion,Por cuenta propia,85.0,225.0,9.0,
2025,lengua,Indígena,Total,3-14,posicion,Sin pago,7.0,225.0,9.0,
2025,lengua,Indígena,Total,30-59,posicion,Empleada u obrera,32484.0,53957.0,3402.0,0.015737
2025,lengua,Indígena,Total,30-59,posicion,Jornalera o peona,194.0,53957.0,3402.0,0.00022
2025,lengua,Indígena,Total,30-59,posicion,Patrona,917.0,53957.0,3402.0,0.001198
2025,lengua,Indígena,Total,30-59,posicion,Por cuenta propia,19810.0,53957.0,3402.0,0.014889
2025,lengua,Indígena,Total,30-59,posicion,Sin pago,552.0,53957.0,3402.0,7.2e-05
2025,lengua,Indígena,Total,60+,posicion,Empleada u obrera,4994.0,14174.0,790.0,0.012855
2025,lengua,Indígena,Total,60+,posicion,Jornalera o peona,139.0,14174.0,790.0,0.000566
2025,lengua,Indígena,Total,60+,posicion,Patrona,204.0,14174.0,790.0,0.000527
2025,lengua,Indígena,Total,60+,posicion,Por cuenta propia,8360.0,14174.0,790.0,0.016437
2025,lengua,Indígena,Total,60+,posicion,Sin pago,477.0,14174.0,790.0,0.000897
2025,lengua,Indígena,Total,Todas,posicion,Empleada u obrera,49202.0,83769.0,4961.0,0.016257
2025,lengua,Indígena,Total,Todas,posicion,Jornalera o peona,362.0,83769.0,4961.0,0.000242
2025,lengua,Indígena,Total,Todas,posicion,Patrona,1192.0,83769.0,4961.0,0.000882
2025,lengua,Indígena,Total,Todas,posicion,Por cuenta propia,31823.0,83769.0,4961.0,0.016185
2025,lengua,Indígena,Total,Todas,posicion,Sin pago,1190.0,83769.0,4961.0,0.000395
2025,lengua,Resto,Hombres,15-29,posicion,Empleada u obrera,411625.0,515005.0,25632.0,0.004223
2025,lengua,Resto,Hombres,15-29,posicion,Jornalera o peona,1705.0,515005.0,25632.0,0.000259
2025,lengua,Resto,Hombres,15-29,posicion,Patrona,5176.0,515005.0,25632.0,0.000728
2025,lengua,Resto,Hombres,15-29,posicion,Por cuenta propia,87502.0,515005.0,25632.0,0.003908
2025,lengua,Resto,Hombres,15-29,posicion,Sin pago,8997.0,515005.0,25632.0,0.000524
2025,lengua,Resto,Hombres,3-14,posicion,Empleada u obrera,2248.0,3626.0,236.0,0.014974
2025,lengua,Resto,Hombres,3-14,posicion,Jornalera o peona,6.0,3626.0,236.0,
2025,lengua,Resto,Hombres,3-14,posicion,Patrona,8.0,3626.0,236.0,
2025,lengua,Resto,Hombres,3-14,posicion,Por cuenta propia,587.0,3626.0,236.0,0.002711
2025,lengua,Resto,Hombres,3-14,posicion,Sin pago,777.0,3626.0,236.0,0.003248
2025,lengua,Resto,Hombres,30-59,posicion,Empleada u obrera,1161108.0,1699471.0,82229.0,0.003432
2025,lengua,Resto,Hombres,30-59,posicion,Jornalera o peona,4027.0,1699471.0,82229.0,0.000264
2025,lengua,Resto,Hombres,30-59,posicion,Patrona,54729.0,1699471.0,82229.0,0.001447
2025,lengua,Resto,Hombres,30-59,posicion,Por cuenta propia,475397.0,1699471.0,82229.0,0.002951
2025,lengua,Resto,Hombres,30-59,posicion,Sin pago,4210.0,1699471.0,82229.0,0.000117
2025,lengua,Resto,Hombres,60+,posicion,Empleada u obrera,142527.0,319528.0,15202.0,0.005192
2025,lengua,Resto,Hombres,60+,posicion,Jornalera o peona,1098.0,319528.0,15202.0,0.000176
2025,lengua,Resto,Hombres,60+,posicion,Patrona,17277.0,319528.0,15202.0,0.002547
2025,lengua,Resto,Hombres,60+,posicion,Por cuenta propia,154229.0,319528.0,15202.0,0.005147
2025,lengua,Resto,Hombres,60+,posicion,Sin pago,4397.0,319528.0,15202.0,0.000603
2025,lengua,Resto,Hombres,Todas,posicion,Empleada u obrera,1717508.0,2537630.0,123299.0,0.00305
2025,lengua,Resto,Hombres,Todas,posicion,Jornalera o peona,6836.0,2537630.0,123299.0,0.000264
2025,lengua,Resto,Hombres,Todas,posicion,Patrona,77190.0,2537630.0,123299.0,0.001908
2025,lengua,Resto,Hombres,Todas,posicion,Por cuenta propia,717715.0,2537630.0,123299.0,0.002751
2025,lengua,Resto,Hombres,Todas,posicion,Sin pago,18381.0,2537630.0,123299.0,0.000235
2025,lengua,Resto,Mujeres,15-29,posicion,Empleada u obrera,312960.0,395090.0,19115.0,0.00413
2025,lengua,Resto,Mujeres,15-29,posicion,Jornalera o peona,165.0,395090.0,19115.0,3e-06
2025,lengua,Resto,Mujeres,15-29,posicion,Patrona,2943.0,395090.0,19115.0,0.0005
2025,lengua,Resto,Mujeres,15-29,posicion,Por cuenta propia,68634.0,395090.0,19115.0,0.003341
2025,lengua,Resto,Mujeres,15-29,posicion,Sin pago,10388.0,395090.0,19115.0,0.000789
2025,lengua,Resto,Mujeres,3-14,posicion,Empleada u obrera,877.0,1792.0,101.0,0.005743
2025,lengua,Resto,Mujeres,3-14,posicion,Jornalera o peona,,1792.0,101.0,
2025,lengua,Resto,Mujeres,3-14,posicion,Patrona,17.0,1792.0,101.0,
2025,lengua,Resto,Mujeres,3-14,posicion,Por cuenta propia,412.0,1792.0,101.0,0.001008
2025,lengua,Resto,Mujeres,3-14,posicion,Sin pago,486.0,1792.0,101.0,0.001422
2025,lengua,Resto,Mujeres,30-59,posicion,Empleada u obrera,1054919.0,1448725.0,69331.0,0.002905
2025,lengua,Resto,Mujeres,30-59,posicion,Jornalera o peona,724.0,1448725.0,69331.0,7.4e-05
2025,lengua,Resto,Mujeres,30-59,posicion,Patrona,26542.0,1448725.0,69331.0,0.001113
2025,lengua,Resto,Mujeres,30-59,posicion,Por cuenta propia,356321.0,1448725.0,69331.0,0.002838
2025,lengua,Resto,Mujeres,30-59,posicion,Sin pago,10219.0,1448725.0,69331.0,0.000215
2025,lengua,Resto,Mujeres,60+,posicion,Empleada u obrera,105085.0,214781.0,10135.0,0.006204
2025,lengua,Resto,Mujeres,60+,posicion,Jornalera o peona,248.0,214781.0,10135.0,7e-06
2025,lengua,Resto,Mujeres,60+,posicion,Patrona,7746.0,214781.0,10135.0,0.00156
2025,lengua,Resto,Mujeres,60+,posicion,Por cuenta propia,96436.0,214781.0,10135.0,0.005822
2025,lengua,Resto,Mujeres,60+,posicion,Sin pago,5266.0,214781.0,10135.0,0.000727
2025,lengua,Resto,Mujeres,Todas,posicion,Empleada u obrera,1473841.0,2060388.0,98682.0,0.002735
2025,lengua,Resto,Mujeres,Todas,posicion,Jornalera o peona,1137.0,2060388.0,98682.0,8.7e-05
2025,lengua,Resto,Mujeres,Todas,posicion,Patrona,37248.0,2060388.0,98682.0,0.000972
2025,lengua,Resto,Mujeres,Todas,posicion,Por cuenta propia,521803.0,2060388.0,98682.0,0.002635
2025,lengua,Resto,Mujeres,Todas,posicion,Sin pago,26359.0,2060388.0,98682.0,0.00039
2025,lengua,Resto,Total,15-29,posicion,Empleada u obrera,724585.0,910095.0,44747.0,0.003342
2025,lengua,Resto,Total,15-29,posicion,Jornalera o peona,1870.0,910095.0,44747.0,0.00018
2025,lengua,Resto,Total,15-29,posicion,Patrona,8119.0,910095.0,44747.0,0.000649
2025,lengua,Resto,Total,15-29,posicion,Por cuenta propia,156136.0,910095.0,44747.0,0.003132
2025,lengua,Resto,Total,15-29,posicion,Sin pago,19385.0,910095.0,44747.0,0.000686
2025,lengua,Resto,Total,3-14,posicion,Empleada u obrera,3125.0,5418.0,337.0,0.016219
2025,lengua,Resto,Total,3-14,posicion,Jornalera o peona,6.0,5418.0,337.0,
2025,lengua,Resto,Total,3-14,posicion,Patrona,25.0,5418.0,337.0,
2025,lengua,Resto,Total,3-14,posicion,Por cuenta propia,999.0,5418.0,337.0,0.00837
2025,lengua,Resto,Total,3-14,posicion,Sin pago,1263.0,5418.0,337.0,0.004171
2025,lengua,Resto,Total,30-59,posicion,Empleada u obrera,2216027.0,3148196.0,151560.0,0.002687
2025,lengua,Resto,Total,30-59,posicion,Jornalera o peona,4751.0,3148196.0,151560.0,0.000174
2025,lengua,Resto,Total,30-59,posicion,Patrona,81271.0,3148196.0,151560.0,0.001725
2025,lengua,Resto,Total,30-59,posicion,Por cuenta propia,831718.0,3148196.0,151560.0,0.002527
2025,lengua,Resto,Total,30-59,posicion,Sin pago,14429.0,3148196.0,151560.0,0.000185
2025,lengua,Resto,Total,60+,posicion,Empleada u obrera,247612.0,534309.0,25337.0,0.004747
2025,lengua,Resto,Total,60+,posicion,Jornalera o peona,1346.0,534309.0,25337.0,0.000177
2025,lengua,Resto,Total,60+,posicion,Patrona,25023.0,534309.0,25337.0,0.002175
2025,lengua,Resto,Total,60+,posicion,Por cuenta propia,250665.0,534309.0,25337.0,0.00459
2025,lengua,Resto,Total,60+,posicion,Sin pago,9663.0,534309.0,25337.0,0.000556
2025,lengua,Resto,Total,Todas,posicion,Empleada u obrera,3191349.0,4598018.0,221981.0,0.002503
2025,lengua,Resto,Total,Todas,posicion,Jornalera o peona,7973.0,4598018.0,221981.0,0.000185
2025,lengua,Resto,Total,Todas,posicion,Patrona,114438.0,4598018.0,221981.0,0.001459
2025,lengua,Resto,Total,Todas,posicion,Por cuenta propia,1239518.0,4598018.0,221981.0,0.002398
2025,lengua,Resto,Total,Todas,posicion,Sin pago,44740.0,4598018.0,221981.0,0.000309
2025,lengua,Todos,Total,Todas,proporcion,15-29,21865.0,1988306.0,96887.0,
2025,lengua,Todos,Total,Todas,proporcion,3-14,4246.0,1111660.0,55632.0,
2025,lengua,Todos,Total,Todas,proporcion,30-59,66504.0,4031990.0,194897.0,
2025,lengua,Todos,Total,Todas,proporcion,60+,33175.0,1813728.0,84599.0,
2025,lengua,Indígena,Hombres,15-29,salud,Afiliada,5221.0,10397.0,552.0,0.030671
2025,lengua,Indígena,Hombres,3-14,salud,Afiliada,1364.0,2400.0,140.0,0.025203
2025,lengua,Indígena,Hombres,30-59,salud,Afiliada,18834.0,31075.0,1970.0,0.016281
2025,lengua,Indígena,Hombres,60+,salud,Afiliada,11323.0,14627.0,815.0,0.009406
2025,lengua,Indígena,Hombres,Todas,salud,Afiliada,36742.0,58499.0,3477.0,0.018649
2025,lengua,Indígena,Mujeres,15-29,salud,Afiliada,7203.0,11414.0,535.0,0.027069
2025,lengua,Indígena,Mujeres,3-14,salud,Afiliada,1382.0,1846.0,113.0,0.019273
2025,lengua,Indígena,Mujeres,30-59,salud,Afiliada,23751.0,35429.0,2234.0,0.015683
2025,lengua,Indígena,Mujeres,60+,salud,Afiliada,15020.0,18548.0,979.0,0.011384
2025,lengua,Indígena,Mujeres,Todas,salud,Afiliada,47356.0,67237.0,3861.0,0.015394
2025,lengua,Indígena,Total,15-29,salud,Afiliada,12424.0,21811.0,1087.0,0.030442
2025,lengua,Indígena,Total,3-14,salud,Afiliada,2746.0,4246.0,253.0,0.027877
2025,lengua,Indígena,Total,30-59,salud,Afiliada,42585.0,66504.0,4204.0,0.01608
2025,lengua,Indígena,Total,60+,salud,Afiliada,26343.0,33175.0,1794.0,0.01277
2025,lengua,Indígena,Total,Todas,salud,Afiliada,84098.0,125736.0,7338.0,0.016738
2025,lengua,Resto,Hombres,15-29,salud,Afiliada,743405.0,988868.0,48084.0,0.005485
2025,lengua,Resto,Hombres,3-14,salud,Afiliada,443015.0,570354.0,28320.0,0.006836
2025,lengua,Resto,Hombres,30-59,salud,Afiliada,1439277.0,1863493.0,89927.0,0.004513
2025,lengua,Resto,Hombres,60+,salud,Afiliada,663822.0,753022.0,35306.0,0.003166
2025,lengua,Resto,Hombres,Todas,salud,Afiliada,3289519.0,4175737.0,201637.0,0.004318
2025,lengua,Resto,Mujeres,15-29,salud,Afiliada,753428.0,977493.0,47710.0,0.005289
2025,lengua,Resto,Mujeres,3-14,salud,Afiliada,423674.0,537025.0,27058.0,0.00611
2025,lengua,Resto,Mujeres,30-59,salud,Afiliada,1704300.0,2101534.0,100747.0,0.004055
2025,lengua,Resto,Mujeres,60+,salud,Afiliada,927334.0,1027357.0,47491.0,0.002549
2025,lengua,Resto,Mujeres,Todas,salud,Afiliada,3808736.0,4643409.0,223006.0,0.003856
2025,lengua,Resto,Total,15-29,salud,Afiliada,1496833.0,1966361.0,95794.0,0.005147
2025,lengua,Resto,Total,3-14,salud,Afiliada,866689.0,1107379.0,55378.0,0.00603
2025,lengua,Resto,Total,30-59,salud,Afiliada,3143577.0,3965027.0,190674.0,0.004143
2025,lengua,Resto,Total,60+,salud,Afiliada,1591156.0,1780379.0,82797.0,0.002536
2025,lengua,Resto,Total,Todas,salud,Afiliada,7098255.0,8819146.0,424643.0,0.004019
2025,todos,Todos,Hombres,15-29,actividad,Desocupada,39532.0,998857.0,48619.0,0.001091
2025,todos,Todos,Hombres,15-29,actividad,No económicamente activa,435387.0,998857.0,48619.0,0.004145
2025,todos,Todos,Hombres,15-29,actividad,Ocupada,523938.0,998857.0,48619.0,0.004101
2025,todos,Todos,Hombres,3-14,actividad,Desocupada,150.0,175556.0,8687.0,1e-06
2025,todos,Todos,Hombres,3-14,actividad,No económicamente activa,171610.0,175556.0,8687.0,0.002323
2025,todos,Todos,Hombres,3-14,actividad,Ocupada,3796.0,175556.0,8687.0,0.000743
2025,todos,Todos,Hombres,30-59,actividad,Desocupada,57088.0,1893161.0,91819.0,0.000839
2025,todos,Todos,Hombres,30-59,actividad,No económicamente activa,106871.0,1893161.0,91819.0,0.000982
2025,todos,Todos,Hombres,30-59,actividad,Ocupada,1729202.0,1893161.0,91819.0,0.001564
2025,todos,Todos,Hombres,60+,actividad,Desocupada,10049.0,765152.0,36008.0,0.000449
2025,todos,Todos,Hombres,60+,actividad,No económicamente activa,427551.0,765152.0,36008.0,0.004336
2025,todos,Todos,Hombres,60+,actividad,Ocupada,327552.0,765152.0,36008.0,0.004387
2025,todos,Todos,Hombres,Todas,actividad,Desocupada,106819.0,3832726.0,185133.0,0.000724
2025,todos,Todos,Hombres,Todas,actividad,No económicamente activa,1141419.0,3832726.0,185133.0,0.001813
2025,todos,Todos,Hombres,Todas,actividad,Ocupada,2584488.0,3832726.0,185133.0,0.002044
2025,todos,Todos,Mujeres,15-29,actividad,Desocupada,26439.0,988456.0,48228.0,0.000746
2025,todos,Todos,Mujeres,15-29,actividad,No económicamente activa,560311.0,988456.0,48228.0,0.003669
2025,todos,Todos,Mujeres,15-29,actividad,Ocupada,401706.0,988456.0,48228.0,0.003893
2025,todos,Todos,Mujeres,3-14,actividad,Desocupada,73.0,162998.0,8202.0,
2025,todos,Todos,Mujeres,3-14,actividad,No económicamente activa,161078.0,162998.0,8202.0,0.001532
2025,todos,Todos,Mujeres,3-14,actividad,Ocupada,1847.0,162998.0,8202.0,0.000263
2025,todos,Todos,Mujeres,30-59,actividad,Desocupada,30315.0,2135575.0,102913.0,0.000408
2025,todos,Todos,Mujeres,30-59,actividad,No económicamente activa,631431.0,2135575.0,102913.0,0.003173
2025,todos,Todos,Mujeres,30-59,actividad,Ocupada,1473829.0,2135575.0,102913.0,0.003324
2025,todos,Todos,Mujeres,60+,actividad,Desocupada,1791.0,1044432.0,48402.0,7.8e-05
2025,todos,Todos,Mujeres,60+,actividad,No económicamente activa,821642.0,1044432.0,48402.0,0.003041
2025,todos,Todos,Mujeres,60+,actividad,Ocupada,220999.0,1044432.0,48402.0,0.002902
2025,todos,Todos,Mujeres,Todas,actividad,Desocupada,58618.0,4331461.0,207745.0,0.000357
2025,todos,Todos,Mujeres,Todas,actividad,No económicamente activa,2174462.0,4331461.0,207745.0,0.002579
2025,todos,Todos,Mujeres,Todas,actividad,Ocupada,2098381.0,4331461.0,207745.0,0.002715
2025,todos,Todos,Total,15-29,actividad,Desocupada,65971.0,1987313.0,96847.0,0.000854
2025,todos,Todos,Total,15-29,actividad,No económicamente activa,995698.0,1987313.0,96847.0,0.003406
2025,todos,Todos,Total,15-29,actividad,Ocupada,925644.0,1987313.0,96847.0,0.003388
2025,todos,Todos,Total,3-14,actividad,Desocupada,223.0,338554.0,16889.0,3e-06
2025,todos,Todos,Total,3-14,actividad,No económicamente activa,332688.0,338554.0,16889.0,0.001674
2025,todos,Todos,Total,3-14,actividad,Ocupada,5643.0,338554.0,16889.0,0.000508
2025,todos,Todos,Total,30-59,actividad,Desocupada,87403.0,4028736.0,194732.0,0.000623
2025,todos,Todos,Total,30-59,actividad,No económicamente activa,738302.0,4028736.0,194732.0,0.001822
2025,todos,Todos,Total,30-59,actividad,Ocupada,3203031.0,4028736.0,194732.0,0.002049
2025,todos,Todos,Total,60+,actividad,Desocupada,11840.0,1809584.0,84410.0,0.000225
2025,todos,Todos,Total,60+,actividad,No económicamente activa,1249193.0,1809584.0,84410.0,0.003142
2025,todos,Todos,Total,60+,actividad,Ocupada,548551.0,1809584.0,84410.0,0.003202
2025,todos,Todos,Total,Todas,actividad,Desocupada,165437.0,8164187.0,392878.0,0.000513
2025,todos,Todos,Total,Todas,actividad,No económicamente activa,3315881.0,8164187.0,392878.0,0.001946
2025,todos,Todos,Total,Todas,actividad,Ocupada,4682869.0,8164187.0,392878.0,0.002101
2025,todos,Todos,Hombres,15-29,discapacidad,Con discapacidad,20793.0,999930.0,48642.0,0.000592
2025,todos,Todos,Hombres,3-14,discapacidad,Con discapacidad,11108.0,572806.0,28462.0,0.000566
2025,todos,Todos,Hombres,30-59,discapacidad,Con discapacidad,59885.0,1895264.0,91919.0,0.000733
2025,todos,Todos,Hombres,60+,discapacidad,Con discapacidad,109316.0,767716.0,36124.0,0.002263
2025,todos,Todos,Hombres,Todas,discapacidad,Con discapacidad,201412.0,4324763.0,209608.0,0.000773
2025,todos,Todos,Mujeres,15-29,discapacidad,Con discapacidad,15696.0,989030.0,48252.0,0.000492
2025,todos,Todos,Mujeres,3-14,discapacidad,Con discapacidad,8081.0,539351.0,27173.0,0.000364
2025,todos,Todos,Mujeres,30-59,discapacidad,Con discapacidad,73152.0,2137601.0,103000.0,0.000781
2025,todos,Todos,Mujeres,60+,discapacidad,Con discapacidad,181354.0,1045978.0,48473.0,0.002705
2025,todos,Todos,Mujeres,Todas,discapacidad,Con discapacidad,278621.0,4798254.0,231386.0,0.00096
2025,todos,Todos,Total,15-29,discapacidad,Con discapacidad,36489.0,1988960.0,96894.0,0.000507
2025,todos,Todos,Total,3-14,discapacidad,Con discapacidad,19189.0,1112157.0,55635.0,0.000475
2025,todos,Todos,Total,30-59,discapacidad,Con discapacidad,133037.0,4032865.0,194919.0,0.000721
2025,todos,Todos,Total,60+,discapacidad,Con discapacidad,290670.0,1813694.0,84597.0,0.002349
2025,todos,Todos,Total,Todas,discapacidad,Con discapacidad,480033.0,9123017.0,440994.0,0.00081
2025,todos,Todos,Hombres,15-29,domestico,Trabajo doméstico remunerado,702.0,523938.0,26104.0,2.2e-05
2025,todos,Todos,Hombres,3-14,domestico,Trabajo doméstico remunerado,4.0,3796.0,242.0,
2025,todos,Todos,Hombres,30-59,domestico,Trabajo doméstico remunerado,2483.0,1729202.0,84111.0,5.3e-05
2025,todos,Todos,Hombres,60+,domestico,Trabajo doméstico remunerado,900.0,327552.0,15690.0,2.3e-05
2025,todos,Todos,Hombres,Todas,domestico,Trabajo doméstico remunerado,4089.0,2584488.0,126147.0,5.4e-05
2025,todos,Todos,Mujeres,15-29,domestico,Trabajo doméstico remunerado,12135.0,401706.0,19407.0,0.002284
2025,todos,Todos,Mujeres,3-14,domestico,Trabajo doméstico remunerado,55.0,1847.0,104.0,
2025,todos,Todos,Mujeres,30-59,domestico,Trabajo doméstico remunerado,94309.0,1473829.0,70890.0,0.001905
2025,todos,Todos,Mujeres,60+,domestico,Trabajo doméstico remunerado,22421.0,220999.0,10440.0,0.002952
2025,todos,Todos,Mujeres,Todas,domestico,Trabajo doméstico remunerado,128920.0,2098381.0,100841.0,0.001842
2025,todos,Todos,Total,15-29,domestico,Trabajo doméstico remunerado,12837.0,925644.0,45511.0,0.001043
2025,todos,Todos,Total,3-14,domestico,Trabajo doméstico remunerado,59.0,5643.0,346.0,
2025,todos,Todos,Total,30-59,domestico,Trabajo doméstico remunerado,96792.0,3203031.0,155001.0,0.000889
2025,todos,Todos,Total,60+,domestico,Trabajo doméstico remunerado,23321.0,548551.0,26130.0,0.001262
2025,todos,Todos,Total,Todas,domestico,Trabajo doméstico remunerado,133009.0,4682869.0,226988.0,0.000838
2025,todos,Todos,Hombres,15-29,escolaridad,Media superior,420536.0,998218.0,48565.0,0.003507
2025,todos,Todos,Hombres,15-29,escolaridad,Primaria o menos,27618.0,998218.0,48565.0,0.001028
2025,todos,Todos,Hombres,15-29,escolaridad,Secundaria,217710.0,998218.0,48565.0,0.003969
2025,todos,Todos,Hombres,15-29,escolaridad,Superior,332354.0,998218.0,48565.0,0.005974
2025,todos,Todos,Hombres,30-59,escolaridad,Media superior,512927.0,1894141.0,91864.0,0.002919
2025,todos,Todos,Hombres,30-59,escolaridad,Primaria o menos,136805.0,1894141.0,91864.0,0.002067
2025,todos,Todos,Hombres,30-59,escolaridad,Secundaria,415040.0,1894141.0,91864.0,0.004258
2025,todos,Todos,Hombres,30-59,escolaridad,Superior,829369.0,1894141.0,91864.0,0.007975
2025,todos,Todos,Hombres,60+,escolaridad,Media superior,137390.0,767566.0,36114.0,0.002513
2025,todos,Todos,Hombres,60+,escolaridad,Primaria o menos,202427.0,767566.0,36114.0,0.004996
2025,todos,Todos,Hombres,60+,escolaridad,Secundaria,158094.0,767566.0,36114.0,0.00319
2025,todos,Todos,Hombres,60+,escolaridad,Superior,269655.0,767566.0,36114.0,0.007255
2025,todos,Todos,Hombres,Todas,escolaridad,Media superior,1070853.0,3659925.0,176543.0,0.00239
2025,todos,Todos,Hombres,Todas,escolaridad,Primaria o menos,366850.0,3659925.0,176543.0,0.001966
2025,todos,Todos,Hombres,Todas,escolaridad,Secundaria,790844.0,3659925.0,176543.0,0.003525
2025,todos,Todos,Hombres,Todas,escolaridad,Superior,1431378.0,3659925.0,176543.0,0.00685
2025,todos,Todos,Mujeres,15-29,escolaridad,Media superior,396601.0,987717.0,48152.0,0.003392
2025,todos,Todos,Mujeres,15-29,escolaridad,Primaria o menos,19427.0,987717.0,48152.0,0.000837
2025,todos,Todos,Mujeres,15-29,escolaridad,Secundaria,186160.0,987717.0,48152.0,0.003365
2025,todos,Todos,Mujeres,15-29,escolaridad,Superior,385529.0,987717.0,48152.0,0.005415
2025,todos,Todos,Mujeres,30-59,escolaridad,Media superior,571798.0,2135940.0,102908.0,0.002841
2025,todos,Todos,Mujeres,30-59,escolaridad,Primaria o menos,170096.0,2135940.0,102908.0,0.002051
2025,todos,Todos,Mujeres,30-59,escolaridad,Secundaria,463260.0,2135940.0,102908.0,0.003905
2025,todos,Todos,Mujeres,30-59,escolaridad,Superior,930786.0,2135940.0,102908.0,0.007445
2025,todos,Todos,Mujeres,60+,escolaridad,Media superior,197507.0,1045876.0,48466.0,0.00272
2025,todos,Todos,Mujeres,60+,escolaridad,Primaria o menos,383169.0,1045876.0,48466.0,0.006187
2025,todos,Todos,Mujeres,60+,escolaridad,Secundaria,206258.0,1045876.0,48466.0,0.002313
2025,todos,Todos,Mujeres,60+,escolaridad,Superior,258942.0,1045876.0,48466.0,0.005619
2025,todos,Todos,Mujeres,Todas,escolaridad,Media superior,1165906.0,4169533.0,199526.0,0.001936
2025,todos,Todos,Mujeres,Todas,escolaridad,Primaria o menos,572692.0,4169533.0,199526.0,0.0024
2025,todos,Todos,Mujeres,Todas,escolaridad,Secundaria,855678.0,4169533.0,199526.0,0.002788
2025,todos,Todos,Mujeres,Todas,escolaridad,Superior,1575257.0,4169533.0,199526.0,0.005849
2025,todos,Todos,Total,15-29,escolaridad,Media superior,817137.0,1985935.0,96717.0,0.003055
2025,todos,Todos,Total,15-29,escolaridad,Primaria o menos,47045.0,1985935.0,96717.0,0.000906
2025,todos,Todos,Total,15-29,escolaridad,Secundaria,403870.0,1985935.0,96717.0,0.003437
2025,todos,Todos,Total,15-29,escolaridad,Superior,717883.0,1985935.0,96717.0,0.005467
2025,todos,Todos,Total,30-59,escolaridad,Media superior,1084725.0,4030081.0,194772.0,0.002667
2025,todos,Todos,Total,30-59,escolaridad,Primaria o menos,306901.0,4030081.0,194772.0,0.002053
2025,todos,Todos,Total,30-59,escolaridad,Secundaria,878300.0,4030081.0,194772.0,0.004035
2025,todos,Todos,Total,30-59,escolaridad,Superior,1760155.0,4030081.0,194772.0,0.007608
2025,todos,Todos,Total,60+,escolaridad,Media superior,334897.0,1813442.0,84580.0,0.002222
2025,todos,Todos,Total,60+,escolaridad,Primaria o menos,585596.0,1813442.0,84580.0,0.005741
2025,todos,Todos,Total,60+,escolaridad,Secundaria,364352.0,1813442.0,84580.0,0.002417
2025,todos,Todos,Total,60+,escolaridad,Superior,528597.0,1813442.0,84580.0,0.006186
2025,todos,Todos,Total,Todas,escolaridad,Media superior,2236759.0,7829458.0,376069.0,0.001984
2025,todos,Todos,Total,Todas,escolaridad,Primaria o menos,939542.0,7829458.0,376069.0,0.00234
2025,todos,Todos,Total,Todas,escolaridad,Secundaria,1646522.0,7829458.0,376069.0,0.003054
2025,todos,Todos,Total,Todas,escolaridad,Superior,3006635.0,7829458.0,376069.0,0.006248
2025,todos,Todos,Hombres,15-29,monolingue,No habla español,14.0,10397.0,551.0,
2025,todos,Todos,Hombres,3-14,monolingue,No habla español,74.0,2400.0,140.0,
2025,todos,Todos,Hombres,30-59,monolingue,No habla español,76.0,30976.0,1963.0,
2025,todos,Todos,Hombres,60+,monolingue,No habla español,232.0,14605.0,814.0,0.000168
2025,todos,Todos,Hombres,Todas,monolingue,No habla español,396.0,58378.0,3468.0,0.000118
2025,todos,Todos,Mujeres,15-29,monolingue,No habla español,96.0,11211.0,530.0,9.5e-05
2025,todos,Todos,Mujeres,3-14,monolingue,No habla español,5.0,1846.0,113.0,
2025,todos,Todos,Mujeres,30-59,monolingue,No habla español,224.0,35322.0,2226.0,9.7e-05
2025,todos,Todos,Mujeres,60+,monolingue,No habla español,472.0,18541.0,978.0,0.000357
2025,todos,Todos,Mujeres,Todas,monolingue,No habla español,797.0,66920.0,3847.0,0.000718
2025,todos,Todos,Total,15-29,monolingue,No habla español,110.0,21608.0,1081.0,4.8e-05
2025,todos,Todos,Total,3-14,monolingue,No habla español,79.0,4246.0,253.0,
2025,todos,Todos,Total,30-59,monolingue,No habla español,300.0,66298.0,4189.0,0.000255
2025,todos,Todos,Total,60+,monolingue,No habla español,704.0,33146.0,1792.0,0.00149
2025,todos,Todos,Total,Todas,monolingue,No habla español,1193.0,125298.0,7315.0,0.000612
2025,todos,Todos,Hombres,15-29,posicion,Empleada u obrera,418405.0,523886.0,26103.0,0.004282
2025,todos,Todos,Hombres,15-29,posicion,Jornalera o peona,1733.0,523886.0,26103.0,0.000262
2025,todos,Todos,Hombres,15-29,posicion,Patrona,5207.0,523886.0,26103.0,0.000717
2025,todos,Todos,Hombres,15-29,posicion,Por cuenta propia,89491.0,523886.0,26103.0,0.004
2025,todos,Todos,Hombres,15-29,posicion,Sin pago,9050.0,523886.0,26103.0,0.000516
2025,todos,Todos,Hombres,3-14,posicion,Empleada u obrera,2381.0,3796.0,242.0,0.01104
2025,todos,Todos,Hombres,3-14,posicion,Jornalera o peona,6.0,3796.0,242.0,
2025,todos,Todos,Hombres,3-14,posicion,Patrona,8.0,3796.0,242.0,
2025,todos,Todos,Hombres,3-14,posicion,Por cuenta propia,624.0,3796.0,242.0,0.004727
2025,todos,Todos,Hombres,3-14,posicion,Sin pago,777.0,3796.0,242.0,0.003129
2025,todos,Todos,Hombres,30-59,posicion,Empleada u obrera,1179498.0,1729058.0,84104.0,0.003427
2025,todos,Todos,Hombres,30-59,posicion,Jornalera o peona,4193.0,1729058.0,84104.0,0.00027
2025,todos,Todos,Hombres,30-59,posicion,Patrona,55355.0,1729058.0,84104.0,0.001438
2025,todos,Todos,Hombres,30-59,posicion,Por cuenta propia,485648.0,1729058.0,84104.0,0.002977
2025,todos,Todos,Hombres,30-59,posicion,Sin pago,4364.0,1729058.0,84104.0,0.000116
2025,todos,Todos,Hombres,60+,posicion,Empleada u obrera,145494.0,327508.0,15688.0,0.00509
2025,todos,Todos,Hombres,60+,posicion,Jornalera o peona,1197.0,327508.0,15688.0,0.000175
2025,todos,Todos,Hombres,60+,posicion,Patrona,17435.0,327508.0,15688.0,0.002512
2025,todos,Todos,Hombres,60+,posicion,Por cuenta propia,158895.0,327508.0,15688.0,0.00506
2025,todos,Todos,Hombres,60+,posicion,Sin pago,4487.0,327508.0,15688.0,0.000607
2025,todos,Todos,Hombres,Todas,posicion,Empleada u obrera,1745778.0,2584248.0,126137.0,0.003045
2025,todos,Todos,Hombres,Todas,posicion,Jornalera o peona,7129.0,2584248.0,126137.0,0.000267
2025,todos,Todos,Hombres,Todas,posicion,Patrona,78005.0,2584248.0,126137.0,0.00189
2025,todos,Todos,Hombres,Todas,posicion,Por cuenta propia,734658.0,2584248.0,126137.0,0.00279
2025,todos,Todos,Hombres,Todas,posicion,Sin pago,18678.0,2584248.0,126137.0,0.000241
2025,todos,Todos,Mujeres,15-29,posicion,Empleada u obrera,317825.0,401706.0,19407.0,0.00406
2025,todos,Todos,Mujeres,15-29,posicion,Jornalera o peona,166.0,401706.0,19407.0,2e-06
2025,todos,Todos,Mujeres,15-29,posicion,Patrona,2983.0,401706.0,19407.0,0.000491
2025,todos,Todos,Mujeres,15-29,posicion,Por cuenta propia,70243.0,401706.0,19407.0,0.003281
2025,todos,Todos,Mujeres,15-29,posicion,Sin pago,10489.0,401706.0,19407.0,0.000781
2025,todos,Todos,Mujeres,3-14,posicion,Empleada u obrera,877.0,1847.0,104.0,0.005435
2025,todos,Todos,Mujeres,3-14,posicion,Jornalera o peona,,1847.0,104.0,
2025,todos,Todos,Mujeres,3-14,posicion,Patrona,17.0,1847.0,104.0,
2025,todos,Todos,Mujeres,3-14,posicion,Por cuenta propia,460.0,1847.0,104.0,0.000954
2025,todos,Todos,Mujeres,3-14,posicion,Sin pago,493.0,1847.0,104.0,0.001372
2025,todos,Todos,Mujeres,30-59,posicion,Empleada u obrera,1069235.0,1473482.0,70880.0,0.002933
2025,todos,Todos,Mujeres,30-59,posicion,Jornalera o peona,752.0,1473482.0,70880.0,7.3e-05
2025,todos,Todos,Mujeres,30-59,posicion,Patrona,26833.0,1473482.0,70880.0,0.001101
2025,todos,Todos,Mujeres,30-59,posicion,Por cuenta propia,366045.0,1473482.0,70880.0,0.002897
2025,todos,Todos,Mujeres,30-59,posicion,Sin pago,10617.0,1473482.0,70880.0,0.000226
2025,todos,Todos,Mujeres,60+,posicion,Empleada u obrera,107112.0,220975.0,10439.0,0.006241
2025,todos,Todos,Mujeres,60+,posicion,Jornalera o peona,288.0,220975.0,10439.0,6e-06
2025,todos,Todos,Mujeres,60+,posicion,Patrona,7792.0,220975.0,10439.0,0.001522
2025,todos,Todos,Mujeres,60+,posicion,Por cuenta propia,100130.0,220975.0,10439.0,0.005845
2025,todos,Todos,Mujeres,60+,posicion,Sin pago,5653.0,220975.0,10439.0,0.000679
2025,todos,Todos,Mujeres,Todas,posicion,Empleada u obrera,1495049.0,2098010.0,100830.0,0.002767
2025,todos,Todos,Mujeres,Todas,posicion,Jornalera o peona,1206.0,2098010.0,100830.0,8.6e-05
2025,todos,Todos,Mujeres,Todas,posicion,Patrona,37625.0,2098010.0,100830.0,0.000961
2025,todos,Todos,Mujeres,Todas,posicion,Por cuenta propia,536878.0,2098010.0,100830.0,0.002704
2025,todos,Todos,Mujeres,Todas,posicion,Sin pago,27252.0,2098010.0,100830.0,0.000392
2025,todos,Todos,Total,15-29,posicion,Empleada u obrera,736230.0,925592.0,45510.0,0.00336
2025,todos,Todos,Total,15-29,posicion,Jornalera o peona,1899.0,925592.0,45510.0,0.000181
2025,todos,Todos,Total,15-29,posicion,Patrona,8190.0,925592.0,45510.0,0.000639
2025,todos,Todos,Total,15-29,posicion,Por cuenta propia,159734.0,925592.0,45510.0,0.003191
2025,todos,Todos,Total,15-29,posicion,Sin pago,19539.0,925592.0,45510.0,0.000677
2025,todos,Todos,Total,3-14,posicion,Empleada u obrera,3258.0,5643.0,346.0,0.012761
2025,todos,Todos,Total,3-14,posicion,Jornalera o peona,6.0,5643.0,346.0,
2025,todos,Todos,Total,3-14,posicion,Patrona,25.0,5643.0,346.0,
2025,todos,Todos,Total,3-14,posicion,Por cuenta propia,1084.0,5643.0,346.0,0.007431
2025,todos,Todos,Total,3-14,posicion,Sin pago,1270.0,5643.0,346.0,0.003949
2025,todos,Todos,Total,30-59,posicion,Empleada u obrera,2248733.0,3202540.0,154984.0,0.002678
2025,todos,Todos,Total,30-59,posicion,Jornalera o peona,4945.0,3202540.0,154984.0,0.000177
2025,todos,Todos,Total,30-59,posicion,Patrona,82188.0,3202540.0,154984.0,0.001706
2025,todos,Todos,Total,30-59,posicion,Por cuenta propia,851693.0,3202540.0,154984.0,0.002563
2025,todos,Todos,Total,30-59,posicion,Sin pago,14981.0,3202540.0,154984.0,0.000189
2025,todos,Todos,Total,60+,posicion,Empleada u obrera,252606.0,548483.0,26127.0,0.004693
2025,todos,Todos,Total,60+,posicion,Jornalera o peona,1485.0,548483.0,26127.0,0.000174
2025,todos,Todos,Total,60+,posicion,Patrona,25227.0,548483.0,26127.0,0.002139
2025,todos,Todos,Total,60+,posicion,Por cuenta propia,259025.0,548483.0,26127.0,0.004532
2025,todos,Todos,Total,60+,posicion,Sin pago,10140.0,548483.0,26127.0,0.000556
2025,todos,Todos,Total,Todas,posicion,Empleada u obrera,3240827.0,4682258.0,226967.0,0.00251
2025,todos,Todos,Total,Todas,posicion,Jornalera o peona,8335.0,4682258.0,226967.0,0.000185
2025,todos,Todos,Total,Todas,posicion,Patrona,115630.0,4682258.0,226967.0,0.001444
2025,todos,Todos,Total,Todas,posicion,Por cuenta propia,1271536.0,4682258.0,226967.0,0.002458
2025,todos,Todos,Total,Todas,posicion,Sin pago,45930.0,4682258.0,226967.0,0.000311
2025,todos,Todos,Hombres,15-29,salud,Afiliada,749255.0,999913.0,48644.0,0.005603
2025,todos,Todos,Hombres,3-14,salud,Afiliada,447155.0,576282.0,28614.0,0.006841
2025,todos,Todos,Hombres,30-59,salud,Afiliada,1458392.0,1895161.0,91916.0,0.004546
2025,todos,Todos,Hombres,60+,salud,Afiliada,675184.0,767700.0,36124.0,0.003163
2025,todos,Todos,Hombres,Todas,salud,Afiliada,3405340.0,4335553.0,210093.0,0.004385
2025,todos,Todos,Mujeres,15-29,salud,Afiliada,761190.0,989534.0,48252.0,0.00536
2025,todos,Todos,Mujeres,3-14,salud,Afiliada,428578.0,543862.0,27366.0,0.006043
2025,todos,Todos,Mujeres,30-59,salud,Afiliada,1728384.0,2137676.0,103005.0,0.004093
2025,todos,Todos,Mujeres,60+,salud,Afiliada,942407.0,1045958.0,48473.0,0.002554
2025,todos,Todos,Mujeres,Todas,salud,Afiliada,3933474.0,4809506.0,231896.0,0.003903
2025,todos,Todos,Total,15-29,salud,Afiliada,1510445.0,1989447.0,96896.0,0.005251
2025,todos,Todos,Total,3-14,salud,Afiliada,875733.0,1120144.0,55980.0,0.006025
2025,todos,Todos,Total,30-59,salud,Afiliada,3186776.0,4032837.0,194921.0,0.004183
2025,todos,Todos,Total,60+,salud,Afiliada,1617591.0,1813658.0,84597.0,0.00256
2025,todos,Todos,Total,Todas,salud,Afiliada,7338814.0,9145059.0,441989.0,0.004079
