anio,nivel,cve,nombre,poblacion,sexo,num,den,casos,ee,cota,fuente,universo
2010,alcaldia,002,Azcapotzalco,hablantes3,Hombres,1425.0,183551.0,,,censo,"Censo de Población y Vivienda 2010 (INEGI), ITER",Población de 3 años y más
2010,alcaldia,002,Azcapotzalco,hablantes3,Mujeres,1593.0,206628.0,,,censo,"Censo de Población y Vivienda 2010 (INEGI), ITER",Población de 3 años y más
2010,alcaldia,002,Azcapotzalco,hablantes3,Total,3018.0,390179.0,,,censo,"Censo de Población y Vivienda 2010 (INEGI), ITER",Población de 3 años y más
2010,alcaldia,002,Azcapotzalco,hablantes5,Total,2995.0,379605.0,,,censo,"Censo de Población y Vivienda 2010 (INEGI), ITER",Población de 5 años y más
2010,alcaldia,002,Azcapotzalco,hogares,Total,6671.0,414711.0,,,censo,"Censo de Población y Vivienda 2010 (INEGI), ITER",Población total
2010,alcaldia,002,Azcapotzalco,monolingues,Hombres,2.0,1425.0,,,censo,"Censo de Población y Vivienda 2010 (INEGI), ITER",Hablantes de lengua indígena de 3 años y más
2010,alcaldia,002,Azcapotzalco,monolingues,Mujeres,9.0,1593.0,,,censo,"Censo de Población y Vivienda 2010 (INEGI), ITER",Hablantes de lengua indígena de 3 años y más
2010,alcaldia,002,Azcapotzalco,monolingues,Total,11.0,3018.0,,,censo,"Censo de Población y Vivienda 2010 (INEGI), ITER",Hablantes de lengua indígena de 3 años y más
2010,alcaldia,003,Coyoacán,hablantes3,Hombres,3573.0,271018.0,,,censo,"Censo de Población y Vivienda 2010 (INEGI), ITER",Población de 3 años y más
2010,alcaldia,003,Coyoacán,hablantes3,Mujeres,4704.0,306898.0,,,censo,"Censo de Población y Vivienda 2010 (INEGI), ITER",Población de 3 años y más
2010,alcaldia,003,Coyoacán,hablantes3,Total,8277.0,577916.0,,,censo,"Censo de Población y Vivienda 2010 (INEGI), ITER",Población de 3 años y más
2010,alcaldia,003,Coyoacán,hablantes5,Total,8213.0,562969.0,,,censo,"Censo de Población y Vivienda 2010 (INEGI), ITER",Población de 5 años y más
2010,alcaldia,003,Coyoacán,hogares,Total,15802.0,620416.0,,,censo,"Censo de Población y Vivienda 2010 (INEGI), ITER",Población total
2010,alcaldia,003,Coyoacán,monolingues,Hombres,8.0,3573.0,,,censo,"Censo de Población y Vivienda 2010 (INEGI), ITER",Hablantes de lengua indígena de 3 años y más
2010,alcaldia,003,Coyoacán,monolingues,Mujeres,24.0,4704.0,,,censo,"Censo de Población y Vivienda 2010 (INEGI), ITER",Hablantes de lengua indígena de 3 años y más
2010,alcaldia,003,Coyoacán,monolingues,Total,32.0,8277.0,,,censo,"Censo de Población y Vivienda 2010 (INEGI), ITER",Hablantes de lengua indígena de 3 años y más
2010,alcaldia,004,Cuajimalpa de Morelos,hablantes3,Hombres,810.0,81984.0,,,censo,"Censo de Población y Vivienda 2010 (INEGI), ITER",Población de 3 años y más
2010,alcaldia,004,Cuajimalpa de Morelos,hablantes3,Mujeres,1252.0,91066.0,,,censo,"Censo de Población y Vivienda 2010 (INEGI), ITER",Población de 3 años y más
2010,alcaldia,004,Cuajimalpa de Morelos,hablantes3,Total,2062.0,173050.0,,,censo,"Censo de Población y Vivienda 2010 (INEGI), ITER",Población de 3 años y más
2010,alcaldia,004,Cuajimalpa de Morelos,hablantes5,Total,2049.0,166522.0,,,censo,"Censo de Población y Vivienda 2010 (INEGI), ITER",Población de 5 años y más
2010,alcaldia,004,Cuajimalpa de Morelos,hogares,Total,3584.0,186391.0,,,censo,"Censo de Población y Vivienda 2010 (INEGI), ITER",Población total
2010,alcaldia,004,Cuajimalpa de Morelos,monolingues,Hombres,1.0,810.0,,,censo,"Censo de Población y Vivienda 2010 (INEGI), ITER",Hablantes de lengua indígena de 3 años y más
2010,alcaldia,004,Cuajimalpa de Morelos,monolingues,Mujeres,3.0,1252.0,,,censo,"Censo de Población y Vivienda 2010 (INEGI), ITER",Hablantes de lengua indígena de 3 años y más
2010,alcaldia,004,Cuajimalpa de Morelos,monolingues,Total,4.0,2062.0,,,censo,"Censo de Población y Vivienda 2010 (INEGI), ITER",Hablantes de lengua indígena de 3 años y más
2010,alcaldia,005,Gustavo A. Madero,hablantes3,Hombres,7362.0,539973.0,,,censo,"Censo de Población y Vivienda 2010 (INEGI), ITER",Población de 3 años y más
2010,alcaldia,005,Gustavo A. Madero,hablantes3,Mujeres,7615.0,583948.0,,,censo,"Censo de Población y Vivienda 2010 (INEGI), ITER",Población de 3 años y más
2010,alcaldia,005,Gustavo A. Madero,hablantes3,Total,14977.0,1123921.0,,,censo,"Censo de Población y Vivienda 2010 (INEGI), ITER",Población de 3 años y más
2010,alcaldia,005,Gustavo A. Madero,hablantes5,Total,14849.0,1089359.0,,,censo,"Censo de Población y Vivienda 2010 (INEGI), ITER",Población de 5 años y más
2010,alcaldia,005,Gustavo A. Madero,hogares,Total,33245.0,1185772.0,,,censo,"Censo de Población y Vivienda 2010 (INEGI), ITER",Población total
2010,alcaldia,005,Gustavo A. Madero,monolingues,Hombres,35.0,7362.0,,,censo,"Censo de Población y Vivienda 2010 (INEGI), ITER",Hablantes de lengua indígena de 3 años y más
2010,alcaldia,005,Gustavo A. Madero,monolingues,Mujeres,79.0,7615.0,,,censo,"Censo de Población y Vivienda 2010 (INEGI), ITER",Hablantes de lengua indígena de 3 años y más
2010,alcaldia,005,Gustavo A. Madero,monolingues,Total,114.0,14977.0,,,censo,"Censo de Población y Vivienda 2010 (INEGI), ITER",Hablantes de lengua indígena de 3 años y más
2010,alcaldia,006,Iztacalco,hablantes3,Hombres,1817.0,171243.0,,,censo,"Censo de Población y Vivienda 2010 (INEGI), ITER",Población de 3 años y más
2010,alcaldia,006,Iztacalco,hablantes3,Mujeres,1903.0,190564.0,,,censo,"Censo de Población y Vivienda 2010 (INEGI), ITER",Población de 3 años y más
2010,alcaldia,006,Iztacalco,hablantes3,Total,3720.0,361807.0,,,censo,"Censo de Población y Vivienda 2010 (INEGI), ITER",Población de 3 años y más
2010,alcaldia,006,Iztacalco,hablantes5,Total,3693.0,351364.0,,,censo,"Censo de Población y Vivienda 2010 (INEGI), ITER",Población de 5 años y más
2010,alcaldia,006,Iztacalco,hogares,Total,7945.0,384326.0,,,censo,"Censo de Población y Vivienda 2010 (INEGI), ITER",Población total
2010,alcaldia,006,Iztacalco,monolingues,Hombres,5.0,1817.0,,,censo,"Censo de Población y Vivienda 2010 (INEGI), ITER",Hablantes de lengua indígena de 3 años y más
2010,alcaldia,006,Iztacalco,monolingues,Mujeres,5.0,1903.0,,,censo,"Censo de Población y Vivienda 2010 (INEGI), ITER",Hablantes de lengua indígena de 3 años y más
2010,alcaldia,006,Iztacalco,monolingues,Total,10.0,3720.0,,,censo,"Censo de Población y Vivienda 2010 (INEGI), ITER",Hablantes de lengua indígena de 3 años y más
2010,alcaldia,007,Iztapalapa,hablantes3,Hombres,15161.0,827246.0,,,censo,"Censo de Población y Vivienda 2010 (INEGI), ITER",Población de 3 años y más
2010,alcaldia,007,Iztapalapa,hablantes3,Mujeres,15065.0,882782.0,,,censo,"Censo de Población y Vivienda 2010 (INEGI), ITER",Población de 3 años y más
2010,alcaldia,007,Iztapalapa,hablantes3,Total,30226.0,1710028.0,,,censo,"Censo de Población y Vivienda 2010 (INEGI), ITER",Población de 3 años y más
2010,alcaldia,007,Iztapalapa,hablantes5,Total,30027.0,1648585.0,,,censo,"Censo de Población y Vivienda 2010 (INEGI), ITER",Población de 5 años y más
2010,alcaldia,007,Iztapalapa,hogares,Total,74633.0,1815786.0,,,censo,"Censo de Población y Vivienda 2010 (INEGI), ITER",Población total
2010,alcaldia,007,Iztapalapa,monolingues,Hombres,60.0,15161.0,,,censo,"Censo de Población y Vivienda 2010 (INEGI), ITER",Hablantes de lengua indígena de 3 años y más
2010,alcaldia,007,Iztapalapa,monolingues,Mujeres,130.0,15065.0,,,censo,"Censo de Población y Vivienda 2010 (INEGI), ITER",Hablantes de lengua indígena de 3 años y más
2010,alcaldia,007,Iztapalapa,monolingues,Total,190.0,30226.0,,,censo,"Censo de Población y Vivienda 2010 (INEGI), ITER",Hablantes de lengua indígena de 3 años y más
2010,alcaldia,008,La Magdalena Contreras,hablantes3,Hombres,1173.0,108356.0,,,censo,"Censo de Población y Vivienda 2010 (INEGI), ITER",Población de 3 años y más
2010,alcaldia,008,La Magdalena Contreras,hablantes3,Mujeres,1643.0,118449.0,,,censo,"Censo de Población y Vivienda 2010 (INEGI), ITER",Población de 3 años y más
2010,alcaldia,008,La Magdalena Contreras,hablantes3,Total,2816.0,226805.0,,,censo,"Censo de Población y Vivienda 2010 (INEGI), ITER",Población de 3 años y más
2010,alcaldia,008,La Magdalena Contreras,hablantes5,Total,2802.0,219043.0,,,censo,"Censo de Población y Vivienda 2010 (INEGI), ITER",Población de 5 años y más
2010,alcaldia,008,La Magdalena Contreras,hogares,Total,5974.0,239086.0,,,censo,"Censo de Población y Vivienda 2010 (INEGI), ITER",Población total
2010,alcaldia,008,La Magdalena Contreras,monolingues,Hombres,3.0,1173.0,,,censo,"Censo de Población y Vivienda 2010 (INEGI), ITER",Hablantes de lengua indígena de 3 años y más
2010,alcaldia,008,La Magdalena Contreras,monolingues,Mujeres,12.0,1643.0,,,censo,"Censo de Población y Vivienda 2010 (INEGI), ITER",Hablantes de lengua indígena de 3 años y más
2010,alcaldia,008,La Magdalena Contreras,monolingues,Total,15.0,2816.0,,,censo,"Censo de Población y Vivienda 2010 (INEGI), ITER",Hablantes de lengua indígena de 3 años y más
2010,alcaldia,009,Milpa Alta,hablantes3,Hombres,2112.0,60239.0,,,censo,"Censo de Población y Vivienda 2010 (INEGI), ITER",Población de 3 años y más
2010,alcaldia,009,Milpa Alta,hablantes3,Mujeres,1902.0,62578.0,,,censo,"Censo de Población y Vivienda 2010 (INEGI), ITER",Población de 3 años y más
2010,alcaldia,009,Milpa Alta,hablantes3,Total,4014.0,122817.0,,,censo,"Censo de Población y Vivienda 2010 (INEGI), ITER",Población de 3 años y más
2010,alcaldia,009,Milpa Alta,hablantes5,Total,4007.0,117786.0,,,censo,"Censo de Población y Vivienda 2010 (INEGI), ITER",Población de 5 años y más
2010,alcaldia,009,Milpa Alta,hogares,Total,10417.0,130582.0,,,censo,"Censo de Población y Vivienda 2010 (INEGI), ITER",Población total
2010,alcaldia,009,Milpa Alta,monolingues,Hombres,14.0,2112.0,,,censo,"Censo de Población y Vivienda 2010 (INEGI), ITER",Hablantes de lengua indígena de 3 años y más
2010,alcaldia,009,Milpa Alta,monolingues,Mujeres,17.0,1902.0,,,censo,"Censo de Población y Vivienda 2010 (INEGI), ITER",Hablantes de lengua indígena de 3 años y más
2010,alcaldia,009,Milpa Alta,monolingues,Total,31.0,4014.0,,,censo,"Censo de Población y Vivienda 2010 (INEGI), ITER",Hablantes de lengua indígena de 3 años y más
2010,alcaldia,010,Álvaro Obregón,hablantes3,Hombres,3606.0,326471.0,,,censo,"Censo de Población y Vivienda 2010 (INEGI), ITER",Población de 3 años y más
2010,alcaldia,010,Álvaro Obregón,hablantes3,Mujeres,4969.0,361633.0,,,censo,"Censo de Población y Vivienda 2010 (INEGI), ITER",Población de 3 años y más
2010,alcaldia,010,Álvaro Obregón,hablantes3,Total,8575.0,688104.0,,,censo,"Censo de Población y Vivienda 2010 (INEGI), ITER",Población de 3 años y más
2010,alcaldia,010,Álvaro Obregón,hablantes5,Total,8528.0,665947.0,,,censo,"Censo de Población y Vivienda 2010 (INEGI), ITER",Población de 5 años y más
2010,alcaldia,010,Álvaro Obregón,hogares,Total,17118.0,727034.0,,,censo,"Censo de Población y Vivienda 2010 (INEGI), ITER",Población total
2010,alcaldia,010,Álvaro Obregón,monolingues,Hombres,8.0,3606.0,,,censo,"Censo de Población y Vivienda 2010 (INEGI), ITER",Hablantes de lengua indígena de 3 años y más
2010,alcaldia,010,Álvaro Obregón,monolingues,Mujeres,26.0,4969.0,,,censo,"Censo de Población y Vivienda 2010 (INEGI), ITER",Hablantes de lengua indígena de 3 años y más
2010,alcaldia,010,Álvaro Obregón,monolingues,Total,34.0,8575.0,,,censo,"Censo de Población y Vivienda 2010 (INEGI), ITER",Hablantes de lengua indígena de 3 años y más
2010,alcaldia,011,Tláhuac,hablantes3,Hombres,2351.0,164519.0,,,censo,"Censo de Población y Vivienda 2010 (INEGI), ITER",Población de 3 años y más
2010,alcaldia,011,Tláhuac,hablantes3,Mujeres,2370.0,174905.0,,,censo,"Censo de Población y Vivienda 2010 (INEGI), ITER",Población de 3 años y más
2010,alcaldia,011,Tláhuac,hablantes3,Total,4721.0,339424.0,,,censo,"Censo de Población y Vivienda 2010 (INEGI), ITER",Población de 3 años y más
2010,alcaldia,011,Tláhuac,hablantes5,Total,4686.0,326513.0,,,censo,"Censo de Población y Vivienda 2010 (INEGI), ITER",Población de 5 años y más
2010,alcaldia,011,Tláhuac,hogares,Total,12090.0,360265.0,,,censo,"Censo de Población y Vivienda 2010 (INEGI), ITER",Población total
2010,alcaldia,011,Tláhuac,monolingues,Hombres,10.0,2351.0,,,censo,"Censo de Población y Vivienda 2010 (INEGI), ITER",Hablantes de lengua indígena de 3 años y más
2010,alcaldia,011,Tláhuac,monolingues,Mujeres,22.0,2370.0,,,censo,"Censo de Población y Vivienda 2010 (INEGI), ITER",Hablantes de lengua indígena de 3 años y más
2010,alcaldia,011,Tláhuac,monolingues,Total,32.0,4721.0,,,censo,"Censo de Población y Vivienda 2010 (INEGI), ITER",Hablantes de lengua indígena de 3 años y más
2010,alcaldia,012,Tlalpan,hablantes3,Hombres,4727.0,289948.0,,,censo,"Censo de Población y Vivienda 2010 (INEGI), ITER",Población de 3 años y más
2010,alcaldia,012,Tlalpan,hablantes3,Mujeres,5614.0,316967.0,,,censo,"Censo de Población y Vivienda 2010 (INEGI), ITER",Población de 3 años y más
2010,alcaldia,012,Tlalpan,hablantes3,Total,10341.0,606915.0,,,censo,"Censo de Población y Vivienda 2010 (INEGI), ITER",Población de 3 años y más
2010,alcaldia,012,Tlalpan,hablantes5,Total,10290.0,587182.0,,,censo,"Censo de Población y Vivienda 2010 (INEGI), ITER",Población de 5 años y más
2010,alcaldia,012,Tlalpan,hogares,Total,23382.0,650567.0,,,censo,"Censo de Población y Vivienda 2010 (INEGI), ITER",Población total
2010,alcaldia,012,Tlalpan,monolingues,Hombres,11.0,4727.0,,,censo,"Censo de Población y Vivienda 2010 (INEGI), ITER",Hablantes de lengua indígena de 3 años y más
2010,alcaldia,012,Tlalpan,monolingues,Mujeres,43.0,5614.0,,,censo,"Censo de Población y Vivienda 2010 (INEGI), ITER",Hablantes de lengua indígena de 3 años y más
2010,alcaldia,012,Tlalpan,monolingues,Total,54.0,10341.0,,,censo,"Censo de Población y Vivienda 2010 (INEGI), ITER",Hablantes de lengua indígena de 3 años y más
2010,alcaldia,013,Xochimilco,hablantes3,Hombres,4745.0,193207.0,,,censo,"Censo de Población y Vivienda 2010 (INEGI), ITER",Población de 3 años y más
2010,alcaldia,013,Xochimilco,hablantes3,Mujeres,4640.0,198251.0,,,censo,"Censo de Población y Vivienda 2010 (INEGI), ITER",Población de 3 años y más
2010,alcaldia,013,Xochimilco,hablantes3,Total,9385.0,391458.0,,,censo,"Censo de Población y Vivienda 2010 (INEGI), ITER",Población de 3 años y más
2010,alcaldia,013,Xochimilco,hablantes5,Total,9322.0,377887.0,,,censo,"Censo de Población y Vivienda 2010 (INEGI), ITER",Población de 5 años y más
2010,alcaldia,013,Xochimilco,hogares,Total,22407.0,415007.0,,,censo,"Censo de Población y Vivienda 2010 (INEGI), ITER",Población total
2010,alcaldia,013,Xochimilco,monolingues,Hombres,18.0,4745.0,,,censo,"Censo de Población y Vivienda 2010 (INEGI), ITER",Hablantes de lengua indígena de 3 años y más
2010,alcaldia,013,Xochimilco,monolingues,Mujeres,38.0,4640.0,,,censo,"Censo de Población y Vivienda 2010 (INEGI), ITER",Hablantes de lengua indígena de 3 años y más
2010,alcaldia,013,Xochimilco,monolingues,Total,56.0,9385.0,,,censo,"Censo de Población y Vivienda 2010 (INEGI), ITER",Hablantes de lengua indígena de 3 años y más
2010,alcaldia,014,Benito Juárez,hablantes3,Hombres,1424.0,158081.0,,,censo,"Censo de Población y Vivienda 2010 (INEGI), ITER",Población de 3 años y más
2010,alcaldia,014,Benito Juárez,hablantes3,Mujeres,2543.0,190824.0,,,censo,"Censo de Población y Vivienda 2010 (INEGI), ITER",Población de 3 años y más
2010,alcaldia,014,Benito Juárez,hablantes3,Total,3967.0,348905.0,,,censo,"Censo de Población y Vivienda 2010 (INEGI), ITER",Población de 3 años y más
2010,alcaldia,014,Benito Juárez,hablantes5,Total,3956.0,341639.0,,,censo,"Censo de Población y Vivienda 2010 (INEGI), ITER",Población de 5 años y más
2010,alcaldia,014,Benito Juárez,hogares,Total,5727.0,385439.0,,,censo,"Censo de Población y Vivienda 2010 (INEGI), ITER",Población total
2010,alcaldia,014,Benito Juárez,monolingues,Hombres,5.0,1424.0,,,censo,"Censo de Población y Vivienda 2010 (INEGI), ITER",Hablantes de lengua indígena de 3 años y más
2010,alcaldia,014,Benito Juárez,monolingues,Mujeres,6.0,2543.0,,,censo,"Censo de Población y Vivienda 2010 (INEGI), ITER",Hablantes de lengua indígena de 3 años y más
2010,alcaldia,014,Benito Juárez,monolingues,Total,11.0,3967.0,,,censo,"Censo de Población y Vivienda 2010 (INEGI), ITER",Hablantes de lengua indígena de 3 años y más
2010,alcaldia,015,Cuauhtémoc,hablantes3,Hombres,4037.0,233526.0,,,censo,"Censo de Población y Vivienda 2010 (INEGI), ITER",Población de 3 años y más
2010,alcaldia,015,Cuauhtémoc,hablantes3,Mujeres,4422.0,262399.0,,,censo,"Censo de Población y Vivienda 2010 (INEGI), ITER",Población de 3 años y más
2010,alcaldia,015,Cuauhtémoc,hablantes3,Total,8459.0,495925.0,,,censo,"Censo de Población y Vivienda 2010 (INEGI), ITER",Población de 3 años y más
2010,alcaldia,015,Cuauhtémoc,hablantes5,Total,8402.0,482505.0,,,censo,"Censo de Población y Vivienda 2010 (INEGI), ITER",Población de 5 años y más
2010,alcaldia,015,Cuauhtémoc,hogares,Total,16819.0,531831.0,,,censo,"Censo de Población y Vivienda 2010 (INEGI), ITER",Población total
2010,alcaldia,015,Cuauhtémoc,monolingues,Hombres,9.0,4037.0,,,censo,"Censo de Población y Vivienda 2010 (INEGI), ITER",Hablantes de lengua indígena de 3 años y más
2010,alcaldia,015,Cuauhtémoc,monolingues,Mujeres,45.0,4422.0,,,censo,"Censo de Población y Vivienda 2010 (INEGI), ITER",Hablantes de lengua indígena de 3 años y más
2010,alcaldia,015,Cuauhtémoc,monolingues,Total,54.0,8459.0,,,censo,"Censo de Población y Vivienda 2010 (INEGI), ITER",Hablantes de lengua indígena de 3 años y más
2010,alcaldia,016,Miguel Hidalgo,hablantes3,Hombres,1461.0,154744.0,,,censo,"Censo de Población y Vivienda 2010 (INEGI), ITER",Población de 3 años y más
2010,alcaldia,016,Miguel Hidalgo,hablantes3,Mujeres,2538.0,182345.0,,,censo,"Censo de Población y Vivienda 2010 (INEGI), ITER",Población de 3 años y más
2010,alcaldia,016,Miguel Hidalgo,hablantes3,Total,3999.0,337089.0,,,censo,"Censo de Población y Vivienda 2010 (INEGI), ITER",Población de 3 años y más
2010,alcaldia,016,Miguel Hidalgo,hablantes5,Total,3971.0,328198.0,,,censo,"Censo de Población y Vivienda 2010 (INEGI), ITER",Población de 5 años y más
2010,alcaldia,016,Miguel Hidalgo,hogares,Total,6079.0,372889.0,,,censo,"Censo de Población y Vivienda 2010 (INEGI), ITER",Población total
2010,alcaldia,016,Miguel Hidalgo,monolingues,Hombres,2.0,1461.0,,,censo,"Censo de Población y Vivienda 2010 (INEGI), ITER",Hablantes de lengua indígena de 3 años y más
2010,alcaldia,016,Miguel Hidalgo,monolingues,Mujeres,3.0,2538.0,,,censo,"Censo de Población y Vivienda 2010 (INEGI), ITER",Hablantes de lengua indígena de 3 años y más
2010,alcaldia,016,Miguel Hidalgo,monolingues,Total,5.0,3999.0,,,censo,"Censo de Población y Vivienda 2010 (INEGI), ITER",Hablantes de lengua indígena de 3 años y más
2010,alcaldia,017,Venustiano Carranza,hablantes3,Hombres,2275.0,188664.0,,,censo,"Censo de Población y Vivienda 2010 (INEGI), ITER",Población de 3 años y más
2010,alcaldia,017,Venustiano Carranza,hablantes3,Mujeres,2392.0,212657.0,,,censo,"Censo de Población y Vivienda 2010 (INEGI), ITER",Población de 3 años y más
2010,alcaldia,017,Venustiano Carranza,hablantes3,Total,4667.0,401321.0,,,censo,"Censo de Población y Vivienda 2010 (INEGI), ITER",Población de 3 años y más
2010,alcaldia,017,Venustiano Carranza,hablantes5,Total,4621.0,389705.0,,,censo,"Censo de Población y Vivienda 2010 (INEGI), ITER",Población de 5 años y más
2010,alcaldia,017,Venustiano Carranza,hogares,Total,9570.0,430978.0,,,censo,"Censo de Población y Vivienda 2010 (INEGI), ITER",Población total
2010,alcaldia,017,Venustiano Carranza,monolingues,Hombres,16.0,2275.0,,,censo,"Censo de Población y Vivienda 2010 (INEGI), ITER",Hablantes de lengua indígena de 3 años y más
2010,alcaldia,017,Venustiano Carranza,monolingues,Mujeres,31.0,2392.0,,,censo,"Censo de Población y Vivienda 2010 (INEGI), ITER",Hablantes de lengua indígena de 3 años y más
2010,alcaldia,017,Venustiano Carranza,monolingues,Total,47.0,4667.0,,,censo,"Censo de Población y Vivienda 2010 (INEGI), ITER",Hablantes de lengua indígena de 3 años y más
2010,entidad,09,Ciudad de México,hablantes3,Hombres,58059.0,3952770.0,,,censo,"Censo de Población y Vivienda 2010 (INEGI), ITER",Población de 3 años y más
2010,entidad,09,Ciudad de México,hablantes3,Mujeres,65165.0,4342894.0,,,censo,"Censo de Población y Vivienda 2010 (INEGI), ITER",Población de 3 años y más
2010,entidad,09,Ciudad de México,hablantes3,Total,123224.0,8295664.0,,,censo,"Censo de Población y Vivienda 2010 (INEGI), ITER",Población de 3 años y más
2010,entidad,09,Ciudad de México,hablantes5,Total,122411.0,8034809.0,,,censo,"Censo de Población y Vivienda 2010 (INEGI), ITER",Población de 5 años y más
2010,entidad,09,Ciudad de México,hogares,Total,271463.0,8851080.0,,,censo,"Censo de Población y Vivienda 2010 (INEGI), ITER",Población total
2010,entidad,09,Ciudad de México,monolingues,Hombres,207.0,58059.0,,,censo,"Censo de Población y Vivienda 2010 (INEGI), ITER",Hablantes de lengua indígena de 3 años y más
2010,entidad,09,Ciudad de México,monolingues,Mujeres,493.0,65165.0,,,censo,"Censo de Población y Vivienda 2010 (INEGI), ITER",Hablantes de lengua indígena de 3 años y más
2010,entidad,09,Ciudad de México,monolingues,Total,700.0,123224.0,,,censo,"Censo de Población y Vivienda 2010 (INEGI), ITER",Hablantes de lengua indígena de 3 años y más
2015,alcaldia,002,Azcapotzalco,autoads,Hombres,14422.0,187331.0,9165.0,0.007705,muestra,"Encuesta Intercensal 2015 (INEGI), microdatos",Población total
2015,alcaldia,002,Azcapotzalco,autoads,Mujeres,15721.0,212830.0,10332.0,0.007658,muestra,"Encuesta Intercensal 2015 (INEGI), microdatos",Población total
2015,alcaldia,002,Azcapotzalco,autoads,Total,30143.0,400161.0,19497.0,0.007766,muestra,"Encuesta Intercensal 2015 (INEGI), microdatos",Población total
2015,alcaldia,002,Azcapotzalco,hablantes3,Hombres,1908.0,180287.0,8814.0,0.001093,muestra,"Encuesta Intercensal 2015 (INEGI), microdatos",Población de 3 años y más
2015,alcaldia,002,Azcapotzalco,hablantes3,Mujeres,1824.0,205484.0,9967.0,0.001155,muestra,"Encuesta Intercensal 2015 (INEGI), microdatos",Población de 3 años y más
2015,alcaldia,002,Azcapotzalco,hablantes3,Total,3732.0,385771.0,18781.0,0.001065,muestra,"Encuesta Intercensal 2015 (INEGI), microdatos",Población de 3 años y más
2015,alcaldia,002,Azcapotzalco,monolingues,Hombres,,1703.0,91.0,,muestra,"Encuesta Intercensal 2015 (INEGI), microdatos",Hablantes de lengua indígena de 3 años y más
2015,alcaldia,002,Azcapotzalco,monolingues,Mujeres,,1558.0,66.0,,muestra,"Encuesta Intercensal 2015 (INEGI), microdatos",Hablantes de lengua indígena de 3 años y más
2015,alcaldia,002,Azcapotzalco,monolingues,Total,,3261.0,157.0,,muestra,"Encuesta Intercensal 2015 (INEGI), microdatos",Hablantes de lengua indígena de 3 años y más
2015,alcaldia,002,Azcapotzalco,todas,Hombres,15404.0,187331.0,9165.0,0.007839,muestra,"Encuesta Intercensal 2015 (INEGI), microdatos",Población total
2015,alcaldia,002,Azcapotzalco,todas,Mujeres,16559.0,212830.0,10332.0,0.008068,muestra,"Encuesta Intercensal 2015 (INEGI), microdatos",Población total
2015,alcaldia,002,Azcapotzalco,todas,Total,31963.0,400161.0,19497.0,0.008081,muestra,"Encuesta Intercensal 2015 (INEGI), microdatos",Población total
2015,alcaldia,003,Coyoacán,autoads,Hombres,24451.0,283782.0,17657.0,0.005146,muestra,"Encuesta Intercensal 2015 (INEGI), microdatos",Población total
2015,alcaldia,003,Coyoacán,autoads,Mujeres,29574.0,324697.0,20048.0,0.004874,muestra,"Encuesta Intercensal 2015 (INEGI), microdatos",Población total
2015,alcaldia,003,Coyoacán,autoads,Total,54025.0,608479.0,37705.0,0.005004,muestra,"Encuesta Intercensal 2015 (INEGI), microdatos",Población total
2015,alcaldia,003,Coyoacán,hablantes3,Hombres,3330.0,269097.0,16728.0,0.001157,muestra,"Encuesta Intercensal 2015 (INEGI), microdatos",Población de 3 años y más
2015,alcaldia,003,Coyoacán,hablantes3,Mujeres,4728.0,310461.0,19170.0,0.001071,muestra,"Encuesta Intercensal 2015 (INEGI), microdatos",Población de 3 años y más
2015,alcaldia,003,Coyoacán,hablantes3,Total,8058.0,579558.0,35898.0,0.00107,muestra,"Encuesta Intercensal 2015 (INEGI), microdatos",Población de 3 años y más
2015,alcaldia,003,Coyoacán,monolingues,Hombres,28.0,2881.0,201.0,,muestra,"Encuesta Intercensal 2015 (INEGI), microdatos",Hablantes de lengua indígena de 3 años y más
2015,alcaldia,003,Coyoacán,monolingues,Mujeres,,4110.0,281.0,,muestra,"Encuesta Intercensal 2015 (INEGI), microdatos",Hablantes de lengua indígena de 3 años y más
2015,alcaldia,003,Coyoacán,monolingues,Total,28.0,6991.0,482.0,,muestra,"Encuesta Intercensal 2015 (INEGI), microdatos",Hablantes de lengua indígena de 3 años y más
2015,alcaldia,003,Coyoacán,todas,Hombres,25857.0,283782.0,17657.0,0.00524,muestra,"Encuesta Intercensal 2015 (INEGI), microdatos",Población total
2015,alcaldia,003,Coyoacán,todas,Mujeres,31528.0,324697.0,20048.0,0.004986,muestra,"Encuesta Intercensal 2015 (INEGI), microdatos",Población total
2015,alcaldia,003,Coyoacán,todas,Total,57385.0,608479.0,37705.0,0.005051,muestra,"Encuesta Intercensal 2015 (INEGI), microdatos",Población total
2015,alcaldia,004,Cuajimalpa de Morelos,autoads,Hombres,9640.0,95854.0,9165.0,0.012054,muestra,"Encuesta Intercensal 2015 (INEGI), microdatos",Población total
2015,alcaldia,004,Cuajimalpa de Morelos,autoads,Mujeres,9583.0,103370.0,9547.0,0.010192,muestra,"Encuesta Intercensal 2015 (INEGI), microdatos",Población total
2015,alcaldia,004,Cuajimalpa de Morelos,autoads,Total,19223.0,199224.0,18712.0,0.011354,muestra,"Encuesta Intercensal 2015 (INEGI), microdatos",Población total
2015,alcaldia,004,Cuajimalpa de Morelos,hablantes3,Hombres,869.0,91105.0,8684.0,0.001431,muestra,"Encuesta Intercensal 2015 (INEGI), microdatos",Población de 3 años y más
2015,alcaldia,004,Cuajimalpa de Morelos,hablantes3,Mujeres,1432.0,98827.0,9090.0,0.001991,muestra,"Encuesta Intercensal 2015 (INEGI), microdatos",Población de 3 años y más
2015,alcaldia,004,Cuajimalpa de Morelos,hablantes3,Total,2301.0,189932.0,17774.0,0.001312,muestra,"Encuesta Intercensal 2015 (INEGI), microdatos",Población de 3 años y más
2015,alcaldia,004,Cuajimalpa de Morelos,monolingues,Hombres,,741.0,110.0,,muestra,"Encuesta Intercensal 2015 (INEGI), microdatos",Hablantes de lengua indígena de 3 años y más
2015,alcaldia,004,Cuajimalpa de Morelos,monolingues,Mujeres,,1198.0,100.0,,muestra,"Encuesta Intercensal 2015 (INEGI), microdatos",Hablantes de lengua indígena de 3 años y más
2015,alcaldia,004,Cuajimalpa de Morelos,monolingues,Total,,1939.0,210.0,,muestra,"Encuesta Intercensal 2015 (INEGI), microdatos",Hablantes de lengua indígena de 3 años y más
2015,alcaldia,004,Cuajimalpa de Morelos,todas,Hombres,9955.0,95854.0,9165.0,0.01216,muestra,"Encuesta Intercensal 2015 (INEGI), microdatos",Población total
2015,alcaldia,004,Cuajimalpa de Morelos,todas,Mujeres,10084.0,103370.0,9547.0,0.010504,muestra,"Encuesta Intercensal 2015 (INEGI), microdatos",Población total
2015,alcaldia,004,Cuajimalpa de Morelos,todas,Total,20039.0,199224.0,18712.0,0.011405,muestra,"Encuesta Intercensal 2015 (INEGI), microdatos",Población total
2015,alcaldia,005,Gustavo A. Madero,autoads,Hombres,36971.0,555140.0,30608.0,0.004344,muestra,"Encuesta Intercensal 2015 (INEGI), microdatos",Población total
2015,alcaldia,005,Gustavo A. Madero,autoads,Mujeres,39507.0,609337.0,33671.0,0.004116,muestra,"Encuesta Intercensal 2015 (INEGI), microdatos",Población total
2015,alcaldia,005,Gustavo A. Madero,autoads,Total,76478.0,1164477.0,64279.0,0.004203,muestra,"Encuesta Intercensal 2015 (INEGI), microdatos",Población total
2015,alcaldia,005,Gustavo A. Madero,hablantes3,Hombres,7554.0,531706.0,29250.0,0.000923,muestra,"Encuesta Intercensal 2015 (INEGI), microdatos",Población de 3 años y más
2015,alcaldia,005,Gustavo A. Madero,hablantes3,Mujeres,8268.0,587418.0,32389.0,0.00102,muestra,"Encuesta Intercensal 2015 (INEGI), microdatos",Población de 3 años y más
2015,alcaldia,005,Gustavo A. Madero,hablantes3,Total,15822.0,1119124.0,61639.0,0.000961,muestra,"Encuesta Intercensal 2015 (INEGI), microdatos",Población de 3 años y más
2015,alcaldia,005,Gustavo A. Madero,monolingues,Hombres,13.0,6430.0,404.0,,muestra,"Encuesta Intercensal 2015 (INEGI), microdatos",Hablantes de lengua indígena de 3 años y más
2015,alcaldia,005,Gustavo A. Madero,monolingues,Mujeres,33.0,6910.0,411.0,,muestra,"Encuesta Intercensal 2015 (INEGI), microdatos",Hablantes de lengua indígena de 3 años y más
2015,alcaldia,005,Gustavo A. Madero,monolingues,Total,46.0,13340.0,815.0,,muestra,"Encuesta Intercensal 2015 (INEGI), microdatos",Hablantes de lengua indígena de 3 años y más
2015,alcaldia,005,Gustavo A. Madero,todas,Hombres,40406.0,555140.0,30608.0,0.004425,muestra,"Encuesta Intercensal 2015 (INEGI), microdatos",Población total
2015,alcaldia,005,Gustavo A. Madero,todas,Mujeres,42724.0,609337.0,33671.0,0.00415,muestra,"Encuesta Intercensal 2015 (INEGI), microdatos",Población total
2015,alcaldia,005,Gustavo A. Madero,todas,Total,83130.0,1164477.0,64279.0,0.004242,muestra,"Encuesta Intercensal 2015 (INEGI), microdatos",Población total
2015,alcaldia,006,Iztacalco,autoads,Hombres,12731.0,183949.0,9380.0,0.007362,muestra,"Encuesta Intercensal 2015 (INEGI), microdatos",Población total
2015,alcaldia,006,Iztacalco,autoads,Mujeres,13956.0,206399.0,10468.0,0.006494,muestra,"Encuesta Intercensal 2015 (INEGI), microdatos",Población total
2015,alcaldia,006,Iztacalco,autoads,Total,26687.0,390348.0,19848.0,0.006812,muestra,"Encuesta Intercensal 2015 (INEGI), microdatos",Población total
2015,alcaldia,006,Iztacalco,hablantes3,Hombres,1798.0,176998.0,9001.0,0.00138,muestra,"Encuesta Intercensal 2015 (INEGI), microdatos",Población de 3 años y más
2015,alcaldia,006,Iztacalco,hablantes3,Mujeres,1784.0,199219.0,10107.0,0.00119,muestra,"Encuesta Intercensal 2015 (INEGI), microdatos",Población de 3 años y más
2015,alcaldia,006,Iztacalco,hablantes3,Total,3582.0,376217.0,19108.0,0.001127,muestra,"Encuesta Intercensal 2015 (INEGI), microdatos",Población de 3 años y más
2015,alcaldia,006,Iztacalco,monolingues,Hombres,,1642.0,107.0,,muestra,"Encuesta Intercensal 2015 (INEGI), microdatos",Hablantes de lengua indígena de 3 años y más
2015,alcaldia,006,Iztacalco,monolingues,Mujeres,,1615.0,94.0,,muestra,"Encuesta Intercensal 2015 (INEGI), microdatos",Hablantes de lengua indígena de 3 años y más
2015,alcaldia,006,Iztacalco,monolingues,Total,,3257.0,201.0,,muestra,"Encuesta Intercensal 2015 (INEGI), microdatos",Hablantes de lengua indígena de 3 años y más
2015,alcaldia,006,Iztacalco,todas,Hombres,13459.0,183949.0,9380.0,0.007517,muestra,"Encuesta Intercensal 2015 (INEGI), microdatos",Población total
2015,alcaldia,006,Iztacalco,todas,Mujeres,14564.0,206399.0,10468.0,0.006477,muestra,"Encuesta Intercensal 2015 (INEGI), microdatos",Población total
2015,alcaldia,006,Iztacalco,todas,Total,28023.0,390348.0,19848.0,0.006908,muestra,"Encuesta Intercensal 2015 (INEGI), microdatos",Población total
2015,alcaldia,007,Iztapalapa,autoads,Hombres,70312.0,878365.0,50135.0,0.003881,muestra,"Encuesta Intercensal 2015 (INEGI), microdatos",Población total
2015,alcaldia,007,Iztapalapa,autoads,Mujeres,73518.0,949503.0,54074.0,0.003841,muestra,"Encuesta Intercensal 2015 (INEGI), microdatos",Población total
2015,alcaldia,007,Iztapalapa,autoads,Total,143830.0,1827868.0,104209.0,0.003898,muestra,"Encuesta Intercensal 2015 (INEGI), microdatos",Población total
2015,alcaldia,007,Iztapalapa,hablantes3,Hombres,15917.0,836632.0,47722.0,0.001069,muestra,"Encuesta Intercensal 2015 (INEGI), microdatos",Población de 3 años y más
2015,alcaldia,007,Iztapalapa,hablantes3,Mujeres,15418.0,911249.0,51766.0,0.001122,muestra,"Encuesta Intercensal 2015 (INEGI), microdatos",Población de 3 años y más
2015,alcaldia,007,Iztapalapa,hablantes3,Total,31335.0,1747881.0,99488.0,0.001062,muestra,"Encuesta Intercensal 2015 (INEGI), microdatos",Población de 3 años y más
2015,alcaldia,007,Iztapalapa,monolingues,Hombres,29.0,13882.0,1003.0,,muestra,"Encuesta Intercensal 2015 (INEGI), microdatos",Hablantes de lengua indígena de 3 años y más
2015,alcaldia,007,Iztapalapa,monolingues,Mujeres,194.0,13539.0,919.0,0.001532,muestra,"Encuesta Intercensal 2015 (INEGI), microdatos",Hablantes de lengua indígena de 3 años y más
2015,alcaldia,007,Iztapalapa,monolingues,Total,223.0,27421.0,1922.0,0.000863,muestra,"Encuesta Intercensal 2015 (INEGI), microdatos",Hablantes de lengua indígena de 3 años y más
2015,alcaldia,007,Iztapalapa,todas,Hombres,76725.0,878365.0,50135.0,0.004064,muestra,"Encuesta Intercensal 2015 (INEGI), microdatos",Población total
2015,alcaldia,007,Iztapalapa,todas,Mujeres,79431.0,949503.0,54074.0,0.004017,muestra,"Encuesta Intercensal 2015 (INEGI), microdatos",Población total
2015,alcaldia,007,Iztapalapa,todas,Total,156156.0,1827868.0,104209.0,0.004029,muestra,"Encuesta Intercensal 2015 (INEGI), microdatos",Población total
2015,alcaldia,008,La Magdalena Contreras,autoads,Hombres,11557.0,117099.0,8702.0,0.013667,muestra,"Encuesta Intercensal 2015 (INEGI), microdatos",Población total
2015,alcaldia,008,La Magdalena Contreras,autoads,Mujeres,12224.0,126787.0,9480.0,0.013813,muestra,"Encuesta Intercensal 2015 (INEGI), microdatos",Población total
2015,alcaldia,008,La Magdalena Contreras,autoads,Total,23781.0,243886.0,18182.0,0.013694,muestra,"Encuesta Intercensal 2015 (INEGI), microdatos",Población total
2015,alcaldia,008,La Magdalena Contreras,hablantes3,Hombres,1298.0,110870.0,8222.0,0.001472,muestra,"Encuesta Intercensal 2015 (INEGI), microdatos",Población de 3 años y más
2015,alcaldia,008,La Magdalena Contreras,hablantes3,Mujeres,1971.0,120623.0,8995.0,0.001991,muestra,"Encuesta Intercensal 2015 (INEGI), microdatos",Población de 3 años y más
2015,alcaldia,008,La Magdalena Contreras,hablantes3,Total,3269.0,231493.0,17217.0,0.001741,muestra,"Encuesta Intercensal 2015 (INEGI), microdatos",Población de 3 años y más
2015,alcaldia,008,La Magdalena Contreras,monolingues,Hombres,,1140.0,88.0,,muestra,"Encuesta Intercensal 2015 (INEGI), microdatos",Hablantes de lengua indígena de 3 años y más
2015,alcaldia,008,La Magdalena Contreras,monolingues,Mujeres,,1639.0,122.0,,muestra,"Encuesta Intercensal 2015 (INEGI), microdatos",Hablantes de lengua indígena de 3 años y más
2015,alcaldia,008,La Magdalena Contreras,monolingues,Total,,2779.0,210.0,,muestra,"Encuesta Intercensal 2015 (INEGI), microdatos",Hablantes de lengua indígena de 3 años y más
2015,alcaldia,008,La Magdalena Contreras,todas,Hombres,12035.0,117099.0,8702.0,0.013729,muestra,"Encuesta Intercensal 2015 (INEGI), microdatos",Población total
2015,alcaldia,008,La Magdalena Contreras,todas,Mujeres,13062.0,126787.0,9480.0,0.014037,muestra,"Encuesta Intercensal 2015 (INEGI), microdatos",Población total
2015,alcaldia,008,La Magdalena Contreras,todas,Total,25097.0,243886.0,18182.0,0.013844,muestra,"Encuesta Intercensal 2015 (INEGI), microdatos",Población total
2015,alcaldia,009,Milpa Alta,autoads,Hombres,13629.0,67151.0,9336.0,0.014358,muestra,"Encuesta Intercensal 2015 (INEGI), microdatos",Población total
2015,alcaldia,009,Milpa Alta,autoads,Mujeres,14395.0,70776.0,9789.0,0.014112,muestra,"Encuesta Intercensal 2015 (INEGI), microdatos",Población total
2015,alcaldia,009,Milpa Alta,autoads,Total,28024.0,137927.0,19125.0,0.014091,muestra,"Encuesta Intercensal 2015 (INEGI), microdatos",Población total
2015,alcaldia,009,Milpa Alta,hablantes3,Hombres,2850.0,63632.0,8851.0,0.004746,muestra,"Encuesta Intercensal 2015 (INEGI), microdatos",Población de 3 años y más
2015,alcaldia,009,Milpa Alta,hablantes3,Mujeres,2508.0,67111.0,9267.0,0.003922,muestra,"Encuesta Intercensal 2015 (INEGI), microdatos",Población de 3 años y más
2015,alcaldia,009,Milpa Alta,hablantes3,Total,5358.0,130743.0,18118.0,0.004207,muestra,"Encuesta Intercensal 2015 (INEGI), microdatos",Población de 3 años y más
2015,alcaldia,009,Milpa Alta,monolingues,Hombres,,2623.0,391.0,,muestra,"Encuesta Intercensal 2015 (INEGI), microdatos",Hablantes de lengua indígena de 3 años y más
2015,alcaldia,009,Milpa Alta,monolingues,Mujeres,12.0,2317.0,351.0,,muestra,"Encuesta Intercensal 2015 (INEGI), microdatos",Hablantes de lengua indígena de 3 años y más
2015,alcaldia,009,Milpa Alta,monolingues,Total,12.0,4940.0,742.0,,muestra,"Encuesta Intercensal 2015 (INEGI), microdatos",Hablantes de lengua indígena de 3 años y más
2015,alcaldia,009,Milpa Alta,todas,Hombres,14701.0,67151.0,9336.0,0.015722,muestra,"Encuesta Intercensal 2015 (INEGI), microdatos",Población total
2015,alcaldia,009,Milpa Alta,todas,Mujeres,15314.0,70776.0,9789.0,0.014964,muestra,"Encuesta Intercensal 2015 (INEGI), microdatos",Población total
2015,alcaldia,009,Milpa Alta,todas,Total,30015.0,137927.0,19125.0,0.015111,muestra,"Encuesta Intercensal 2015 (INEGI), microdatos",Población total
2015,alcaldia,010,Álvaro Obregón,autoads,Hombres,33756.0,355754.0,20892.0,0.006186,muestra,"Encuesta Intercensal 2015 (INEGI), microdatos",Población total
2015,alcaldia,010,Álvaro Obregón,autoads,Mujeres,35577.0,394228.0,23061.0,0.00552,muestra,"Encuesta Intercensal 2015 (INEGI), microdatos",Población total
2015,alcaldia,010,Álvaro Obregón,autoads,Total,69333.0,749982.0,43953.0,0.00567,muestra,"Encuesta Intercensal 2015 (INEGI), microdatos",Población total
2015,alcaldia,010,Álvaro Obregón,hablantes3,Hombres,3295.0,340293.0,19842.0,0.000828,muestra,"Encuesta Intercensal 2015 (INEGI), microdatos",Población de 3 años y más
2015,alcaldia,010,Álvaro Obregón,hablantes3,Mujeres,4959.0,378535.0,22016.0,0.001019,muestra,"Encuesta Intercensal 2015 (INEGI), microdatos",Población de 3 años y más
2015,alcaldia,010,Álvaro Obregón,hablantes3,Total,8254.0,718828.0,41858.0,0.000769,muestra,"Encuesta Intercensal 2015 (INEGI), microdatos",Población de 3 años y más
2015,alcaldia,010,Álvaro Obregón,monolingues,Hombres,2.0,3011.0,215.0,,muestra,"Encuesta Intercensal 2015 (INEGI), microdatos",Hablantes de lengua indígena de 3 años y más
2015,alcaldia,010,Álvaro Obregón,monolingues,Mujeres,4.0,4366.0,275.0,,muestra,"Encuesta Intercensal 2015 (INEGI), microdatos",Hablantes de lengua indígena de 3 años y más
2015,alcaldia,010,Álvaro Obregón,monolingues,Total,6.0,7377.0,490.0,,muestra,"Encuesta Intercensal 2015 (INEGI), microdatos",Hablantes de lengua indígena de 3 años y más
2015,alcaldia,010,Álvaro Obregón,todas,Hombres,35126.0,355754.0,20892.0,0.006352,muestra,"Encuesta Intercensal 2015 (INEGI), microdatos",Población total
2015,alcaldia,010,Álvaro Obregón,todas,Mujeres,37485.0,394228.0,23061.0,0.005565,muestra,"Encuesta Intercensal 2015 (INEGI), microdatos",Población total
2015,alcaldia,010,Álvaro Obregón,todas,Total,72611.0,749982.0,43953.0,0.005756,muestra,"Encuesta Intercensal 2015 (INEGI), microdatos",Población total
2015,alcaldia,011,Tláhuac,autoads,Hombres,25531.0,172825.0,10071.0,0.009438,muestra,"Encuesta Intercensal 2015 (INEGI), microdatos",Población total
2015,alcaldia,011,Tláhuac,autoads,Mujeres,27379.0,188768.0,10824.0,0.01023,muestra,"Encuesta Intercensal 2015 (INEGI), microdatos",Población total
2015,alcaldia,011,Tláhuac,autoads,Total,52910.0,361593.0,20895.0,0.010001,muestra,"Encuesta Intercensal 2015 (INEGI), microdatos",Población total
2015,alcaldia,011,Tláhuac,hablantes3,Hombres,2556.0,164738.0,9567.0,0.001698,muestra,"Encuesta Intercensal 2015 (INEGI), microdatos",Población de 3 años y más
2015,alcaldia,011,Tláhuac,hablantes3,Mujeres,2260.0,181763.0,10390.0,0.001034,muestra,"Encuesta Intercensal 2015 (INEGI), microdatos",Población de 3 años y más
2015,alcaldia,011,Tláhuac,hablantes3,Total,4816.0,346501.0,19957.0,0.001359,muestra,"Encuesta Intercensal 2015 (INEGI), microdatos",Población de 3 años y más
2015,alcaldia,011,Tláhuac,monolingues,Hombres,,2378.0,171.0,,muestra,"Encuesta Intercensal 2015 (INEGI), microdatos",Hablantes de lengua indígena de 3 años y más
2015,alcaldia,011,Tláhuac,monolingues,Mujeres,,2189.0,167.0,,muestra,"Encuesta Intercensal 2015 (INEGI), microdatos",Hablantes de lengua indígena de 3 años y más
2015,alcaldia,011,Tláhuac,monolingues,Total,,4567.0,338.0,,muestra,"Encuesta Intercensal 2015 (INEGI), microdatos",Hablantes de lengua indígena de 3 años y más
2015,alcaldia,011,Tláhuac,todas,Hombres,26441.0,172825.0,10071.0,0.009802,muestra,"Encuesta Intercensal 2015 (INEGI), microdatos",Población total
2015,alcaldia,011,Tláhuac,todas,Mujeres,28111.0,188768.0,10824.0,0.010306,muestra,"Encuesta Intercensal 2015 (INEGI), microdatos",Población total
2015,alcaldia,011,Tláhuac,todas,Total,54552.0,361593.0,20895.0,0.010405,muestra,"Encuesta Intercensal 2015 (INEGI), microdatos",Población total
2015,alcaldia,012,Tlalpan,autoads,Hombres,38457.0,321125.0,25606.0,0.007577,muestra,"Encuesta Intercensal 2015 (INEGI), microdatos",Población total
2015,alcaldia,012,Tlalpan,autoads,Mujeres,41756.0,355979.0,28104.0,0.007086,muestra,"Encuesta Intercensal 2015 (INEGI), microdatos",Población total
2015,alcaldia,012,Tlalpan,autoads,Total,80213.0,677104.0,53710.0,0.00732,muestra,"Encuesta Intercensal 2015 (INEGI), microdatos",Población total
2015,alcaldia,012,Tlalpan,hablantes3,Hombres,5706.0,307584.0,24514.0,0.001302,muestra,"Encuesta Intercensal 2015 (INEGI), microdatos",Población de 3 años y más
2015,alcaldia,012,Tlalpan,hablantes3,Mujeres,6607.0,342489.0,26957.0,0.00124,muestra,"Encuesta Intercensal 2015 (INEGI), microdatos",Población de 3 años y más
2015,alcaldia,012,Tlalpan,hablantes3,Total,12313.0,650073.0,51471.0,0.001284,muestra,"Encuesta Intercensal 2015 (INEGI), microdatos",Población de 3 años y más
2015,alcaldia,012,Tlalpan,monolingues,Hombres,8.0,4729.0,415.0,,muestra,"Encuesta Intercensal 2015 (INEGI), microdatos",Hablantes de lengua indígena de 3 años y más
2015,alcaldia,012,Tlalpan,monolingues,Mujeres,21.0,5536.0,473.0,0.002613,muestra,"Encuesta Intercensal 2015 (INEGI), microdatos",Hablantes de lengua indígena de 3 años y más
2015,alcaldia,012,Tlalpan,monolingues,Total,29.0,10265.0,888.0,0.001356,muestra,"Encuesta Intercensal 2015 (INEGI), microdatos",Hablantes de lengua indígena de 3 años y más
2015,alcaldia,012,Tlalpan,todas,Hombres,40485.0,321125.0,25606.0,0.007486,muestra,"Encuesta Intercensal 2015 (INEGI), microdatos",Población total
2015,alcaldia,012,Tlalpan,todas,Mujeres,44132.0,355979.0,28104.0,0.007061,muestra,"Encuesta Intercensal 2015 (INEGI), microdatos",Población total
2015,alcaldia,012,Tlalpan,todas,Total,84617.0,677104.0,53710.0,0.007256,muestra,"Encuesta Intercensal 2015 (INEGI), microdatos",Población total
2015,alcaldia,013,Xochimilco,autoads,Hombres,25052.0,199513.0,17043.0,0.013625,muestra,"Encuesta Intercensal 2015 (INEGI), microdatos",Población total
2015,alcaldia,013,Xochimilco,autoads,Mujeres,26470.0,216420.0,17888.0,0.015629,muestra,"Encuesta Intercensal 2015 (INEGI), microdatos",Población total
2015,alcaldia,013,Xochimilco,autoads,Total,51522.0,415933.0,34931.0,0.014383,muestra,"Encuesta Intercensal 2015 (INEGI), microdatos",Población total
2015,alcaldia,013,Xochimilco,hablantes3,Hombres,4892.0,189662.0,16137.0,0.003165,muestra,"Encuesta Intercensal 2015 (INEGI), microdatos",Población de 3 años y más
2015,alcaldia,013,Xochimilco,hablantes3,Mujeres,4697.0,207198.0,17066.0,0.002601,muestra,"Encuesta Intercensal 2015 (INEGI), microdatos",Población de 3 años y más
2015,alcaldia,013,Xochimilco,hablantes3,Total,9589.0,396860.0,33203.0,0.002887,muestra,"Encuesta Intercensal 2015 (INEGI), microdatos",Población de 3 años y más
2015,alcaldia,013,Xochimilco,monolingues,Hombres,34.0,4476.0,499.0,,muestra,"Encuesta Intercensal 2015 (INEGI), microdatos",Hablantes de lengua indígena de 3 años y más
2015,alcaldia,013,Xochimilco,monolingues,Mujeres,83.0,4352.0,522.0,0.002359,muestra,"Encuesta Intercensal 2015 (INEGI), microdatos",Hablantes de lengua indígena de 3 años y más
2015,alcaldia,013,Xochimilco,monolingues,Total,117.0,8828.0,1021.0,0.001346,muestra,"Encuesta Intercensal 2015 (INEGI), microdatos",Hablantes de lengua indígena de 3 años y más
2015,alcaldia,013,Xochimilco,todas,Hombres,26818.0,199513.0,17043.0,0.013714,muestra,"Encuesta Intercensal 2015 (INEGI), microdatos",Población total
2015,alcaldia,013,Xochimilco,todas,Mujeres,28174.0,216420.0,17888.0,0.015739,muestra,"Encuesta Intercensal 2015 (INEGI), microdatos",Población total
2015,alcaldia,013,Xochimilco,todas,Total,54992.0,415933.0,34931.0,0.014478,muestra,"Encuesta Intercensal 2015 (INEGI), microdatos",Población total
2015,alcaldia,014,Benito Juárez,autoads,Hombres,17756.0,193007.0,9885.0,0.011163,muestra,"Encuesta Intercensal 2015 (INEGI), microdatos",Población total
2015,alcaldia,014,Benito Juárez,autoads,Mujeres,21363.0,224409.0,11693.0,0.010651,muestra,"Encuesta Intercensal 2015 (INEGI), microdatos",Población total
2015,alcaldia,014,Benito Juárez,autoads,Total,39119.0,417416.0,21578.0,0.01085,muestra,"Encuesta Intercensal 2015 (INEGI), microdatos",Población total
2015,alcaldia,014,Benito Juárez,hablantes3,Hombres,2140.0,186974.0,9548.0,0.001254,muestra,"Encuesta Intercensal 2015 (INEGI), microdatos",Población de 3 años y más
2015,alcaldia,014,Benito Juárez,hablantes3,Mujeres,2830.0,219013.0,11405.0,0.001231,muestra,"Encuesta Intercensal 2015 (INEGI), microdatos",Población de 3 años y más
2015,alcaldia,014,Benito Juárez,hablantes3,Total,4970.0,405987.0,20953.0,0.001245,muestra,"Encuesta Intercensal 2015 (INEGI), microdatos",Población de 3 años y más
2015,alcaldia,014,Benito Juárez,monolingues,Hombres,,1954.0,92.0,,muestra,"Encuesta Intercensal 2015 (INEGI), microdatos",Hablantes de lengua indígena de 3 años y más
2015,alcaldia,014,Benito Juárez,monolingues,Mujeres,,2316.0,114.0,,muestra,"Encuesta Intercensal 2015 (INEGI), microdatos",Hablantes de lengua indígena de 3 años y más
2015,alcaldia,014,Benito Juárez,monolingues,Total,,4270.0,206.0,,muestra,"Encuesta Intercensal 2015 (INEGI), microdatos",Hablantes de lengua indígena de 3 años y más
2015,alcaldia,014,Benito Juárez,todas,Hombres,18755.0,193007.0,9885.0,0.011004,muestra,"Encuesta Intercensal 2015 (INEGI), microdatos",Población total
2015,alcaldia,014,Benito Juárez,todas,Mujeres,22545.0,224409.0,11693.0,0.010553,muestra,"Encuesta Intercensal 2015 (INEGI), microdatos",Población total
2015,alcaldia,014,Benito Juárez,todas,Total,41300.0,417416.0,21578.0,0.010712,muestra,"Encuesta Intercensal 2015 (INEGI), microdatos",Población total
2015,alcaldia,015,Cuauhtémoc,autoads,Hombres,22111.0,253238.0,15615.0,0.008607,muestra,"Encuesta Intercensal 2015 (INEGI), microdatos",Población total
2015,alcaldia,015,Cuauhtémoc,autoads,Mujeres,23893.0,279315.0,17400.0,0.008887,muestra,"Encuesta Intercensal 2015 (INEGI), microdatos",Población total
2015,alcaldia,015,Cuauhtémoc,autoads,Total,46004.0,532553.0,33015.0,0.00865,muestra,"Encuesta Intercensal 2015 (INEGI), microdatos",Población total
2015,alcaldia,015,Cuauhtémoc,hablantes3,Hombres,3041.0,244811.0,15065.0,0.00112,muestra,"Encuesta Intercensal 2015 (INEGI), microdatos",Población de 3 años y más
2015,alcaldia,015,Cuauhtémoc,hablantes3,Mujeres,4100.0,269988.0,16823.0,0.001444,muestra,"Encuesta Intercensal 2015 (INEGI), microdatos",Población de 3 años y más
2015,alcaldia,015,Cuauhtémoc,hablantes3,Total,7141.0,514799.0,31888.0,0.001152,muestra,"Encuesta Intercensal 2015 (INEGI), microdatos",Población de 3 años y más
2015,alcaldia,015,Cuauhtémoc,monolingues,Hombres,,2577.0,151.0,,muestra,"Encuesta Intercensal 2015 (INEGI), microdatos",Hablantes de lengua indígena de 3 años y más
2015,alcaldia,015,Cuauhtémoc,monolingues,Mujeres,16.0,3634.0,198.0,,muestra,"Encuesta Intercensal 2015 (INEGI), microdatos",Hablantes de lengua indígena de 3 años y más
2015,alcaldia,015,Cuauhtémoc,monolingues,Total,16.0,6211.0,349.0,,muestra,"Encuesta Intercensal 2015 (INEGI), microdatos",Hablantes de lengua indígena de 3 años y más
2015,alcaldia,015,Cuauhtémoc,todas,Hombres,23379.0,253238.0,15615.0,0.008742,muestra,"Encuesta Intercensal 2015 (INEGI), microdatos",Población total
2015,alcaldia,015,Cuauhtémoc,todas,Mujeres,25441.0,279315.0,17400.0,0.009081,muestra,"Encuesta Intercensal 2015 (INEGI), microdatos",Población total
2015,alcaldia,015,Cuauhtémoc,todas,Total,48820.0,532553.0,33015.0,0.008797,muestra,"Encuesta Intercensal 2015 (INEGI), microdatos",Población total
2015,alcaldia,016,Miguel Hidalgo,autoads,Hombres,7789.0,167085.0,9359.0,0.005597,muestra,"Encuesta Intercensal 2015 (INEGI), microdatos",Población total
2015,alcaldia,016,Miguel Hidalgo,autoads,Mujeres,10485.0,197354.0,11073.0,0.005042,muestra,"Encuesta Intercensal 2015 (INEGI), microdatos",Población total
2015,alcaldia,016,Miguel Hidalgo,autoads,Total,18274.0,364439.0,20432.0,0.005166,muestra,"Encuesta Intercensal 2015 (INEGI), microdatos",Población total
2015,alcaldia,016,Miguel Hidalgo,hablantes3,Hombres,1143.0,160433.0,8977.0,0.000805,muestra,"Encuesta Intercensal 2015 (INEGI), microdatos",Población de 3 años y más
2015,alcaldia,016,Miguel Hidalgo,hablantes3,Mujeres,2153.0,191249.0,10731.0,0.001083,muestra,"Encuesta Intercensal 2015 (INEGI), microdatos",Población de 3 años y más
2015,alcaldia,016,Miguel Hidalgo,hablantes3,Total,3296.0,351682.0,19708.0,0.000863,muestra,"Encuesta Intercensal 2015 (INEGI), microdatos",Población de 3 años y más
2015,alcaldia,016,Miguel Hidalgo,monolingues,Hombres,,997.0,61.0,,muestra,"Encuesta Intercensal 2015 (INEGI), microdatos",Hablantes de lengua indígena de 3 años y más
2015,alcaldia,016,Miguel Hidalgo,monolingues,Mujeres,40.0,1743.0,103.0,,muestra,"Encuesta Intercensal 2015 (INEGI), microdatos",Hablantes de lengua indígena de 3 años y más
2015,alcaldia,016,Miguel Hidalgo,monolingues,Total,40.0,2740.0,164.0,,muestra,"Encuesta Intercensal 2015 (INEGI), microdatos",Hablantes de lengua indígena de 3 años y más
2015,alcaldia,016,Miguel Hidalgo,todas,Hombres,8449.0,167085.0,9359.0,0.005679,muestra,"Encuesta Intercensal 2015 (INEGI), microdatos",Población total
2015,alcaldia,016,Miguel Hidalgo,todas,Mujeres,11377.0,197354.0,11073.0,0.005232,muestra,"Encuesta Intercensal 2015 (INEGI), microdatos",Población total
2015,alcaldia,016,Miguel Hidalgo,todas,Total,19826.0,364439.0,20432.0,0.005268,muestra,"Encuesta Intercensal 2015 (INEGI), microdatos",Población total
2015,alcaldia,017,Venustiano Carranza,autoads,Hombres,11447.0,200432.0,10833.0,0.005343,muestra,"Encuesta Intercensal 2015 (INEGI), microdatos",Población total
2015,alcaldia,017,Venustiano Carranza,autoads,Mujeres,13592.0,226831.0,12128.0,0.006058,muestra,"Encuesta Intercensal 2015 (INEGI), microdatos",Población total
2015,alcaldia,017,Venustiano Carranza,autoads,Total,25039.0,427263.0,22961.0,0.005799,muestra,"Encuesta Intercensal 2015 (INEGI), microdatos",Población total
2015,alcaldia,017,Venustiano Carranza,hablantes3,Hombres,2601.0,191031.0,10361.0,0.001616,muestra,"Encuesta Intercensal 2015 (INEGI), microdatos",Población de 3 años y más
2015,alcaldia,017,Venustiano Carranza,hablantes3,Mujeres,2918.0,219680.0,11712.0,0.001881,muestra,"Encuesta Intercensal 2015 (INEGI), microdatos",Población de 3 años y más
2015,alcaldia,017,Venustiano Carranza,hablantes3,Total,5519.0,410711.0,22073.0,0.001774,muestra,"Encuesta Intercensal 2015 (INEGI), microdatos",Población de 3 años y más
2015,alcaldia,017,Venustiano Carranza,monolingues,Hombres,,2199.0,127.0,,muestra,"Encuesta Intercensal 2015 (INEGI), microdatos",Hablantes de lengua indígena de 3 años y más
2015,alcaldia,017,Venustiano Carranza,monolingues,Mujeres,25.0,2644.0,126.0,,muestra,"Encuesta Intercensal 2015 (INEGI), microdatos",Hablantes de lengua indígena de 3 años y más
2015,alcaldia,017,Venustiano Carranza,monolingues,Total,25.0,4843.0,253.0,,muestra,"Encuesta Intercensal 2015 (INEGI), microdatos",Hablantes de lengua indígena de 3 años y más
2015,alcaldia,017,Venustiano Carranza,todas,Hombres,12538.0,200432.0,10833.0,0.005469,muestra,"Encuesta Intercensal 2015 (INEGI), microdatos",Población total
2015,alcaldia,017,Venustiano Carranza,todas,Mujeres,14373.0,226831.0,12128.0,0.00609,muestra,"Encuesta Intercensal 2015 (INEGI), microdatos",Población total
2015,alcaldia,017,Venustiano Carranza,todas,Total,26911.0,427263.0,22961.0,0.005784,muestra,"Encuesta Intercensal 2015 (INEGI), microdatos",Población total
2015,entidad,09,Ciudad de México,autoads,Hombres,375612.0,4231650.0,263452.0,0.001849,muestra,"Encuesta Intercensal 2015 (INEGI), microdatos",Población total
2015,entidad,09,Ciudad de México,autoads,Mujeres,408993.0,4687003.0,289580.0,0.001831,muestra,"Encuesta Intercensal 2015 (INEGI), microdatos",Población total
2015,entidad,09,Ciudad de México,autoads,Total,784605.0,8918653.0,553032.0,0.001832,muestra,"Encuesta Intercensal 2015 (INEGI), microdatos",Población total
2015,entidad,09,Ciudad de México,hablantes3,Hombres,60898.0,4045853.0,251283.0,0.000371,muestra,"Encuesta Intercensal 2015 (INEGI), microdatos",Población de 3 años y más
2015,entidad,09,Ciudad de México,hablantes3,Mujeres,68457.0,4510307.0,277851.0,0.000374,muestra,"Encuesta Intercensal 2015 (INEGI), microdatos",Población de 3 años y más
2015,entidad,09,Ciudad de México,hablantes3,Total,129355.0,8556160.0,529134.0,0.000361,muestra,"Encuesta Intercensal 2015 (INEGI), microdatos",Población de 3 años y más
2015,entidad,09,Ciudad de México,monolingues,Hombres,114.0,53363.0,4126.0,,muestra,"Encuesta Intercensal 2015 (INEGI), microdatos",Hablantes de lengua indígena de 3 años y más
2015,entidad,09,Ciudad de México,monolingues,Mujeres,428.0,59666.0,4322.0,0.000465,muestra,"Encuesta Intercensal 2015 (INEGI), microdatos",Hablantes de lengua indígena de 3 años y más
2015,entidad,09,Ciudad de México,monolingues,Total,542.0,113029.0,8448.0,0.000265,muestra,"Encuesta Intercensal 2015 (INEGI), microdatos",Hablantes de lengua indígena de 3 años y más
2015,entidad,09,Ciudad de México,todas,Hombres,400533.0,4231650.0,263452.0,0.001882,muestra,"Encuesta Intercensal 2015 (INEGI), microdatos",Población total
2015,entidad,09,Ciudad de México,todas,Mujeres,434904.0,4687003.0,289580.0,0.001863,muestra,"Encuesta Intercensal 2015 (INEGI), microdatos",Población total
2015,entidad,09,Ciudad de México,todas,Total,835437.0,8918653.0,553032.0,0.001858,muestra,"Encuesta Intercensal 2015 (INEGI), microdatos",Población total
2020,alcaldia,002,Azcapotzalco,autoads,Hombres,15417.0,204737.0,8269.0,0.006931,muestra,"Censo de Población y Vivienda 2020 (INEGI), cuestionario ampliado",Población total
2020,alcaldia,002,Azcapotzalco,autoads,Mujeres,17054.0,226610.0,9161.0,0.006485,muestra,"Censo de Población y Vivienda 2020 (INEGI), cuestionario ampliado",Población total
2020,alcaldia,002,Azcapotzalco,autoads,Total,32471.0,431347.0,17430.0,0.006705,muestra,"Censo de Población y Vivienda 2020 (INEGI), cuestionario ampliado",Población total
2020,alcaldia,002,Azcapotzalco,hablantes3,Hombres,1500.0,198686.0,,,censo,"Censo de Población y Vivienda 2020 (INEGI), ITER",Población de 3 años y más
2020,alcaldia,002,Azcapotzalco,hablantes3,Mujeres,1708.0,221370.0,,,censo,"Censo de Población y Vivienda 2020 (INEGI), ITER",Población de 3 años y más
2020,alcaldia,002,Azcapotzalco,hablantes3,Total,3208.0,420056.0,,,censo,"Censo de Población y Vivienda 2020 (INEGI), ITER",Población de 3 años y más
2020,alcaldia,002,Azcapotzalco,hablantes5,Total,3199.0,410780.0,,,censo,"Censo de Población y Vivienda 2020 (INEGI), ITER",Población de 5 años y más
2020,alcaldia,002,Azcapotzalco,hogares,Total,7261.0,432205.0,,,censo,"Censo de Población y Vivienda 2020 (INEGI), ITER",Población total
2020,alcaldia,002,Azcapotzalco,monolingues,Hombres,6.0,1500.0,,,censo,"Censo de Población y Vivienda 2020 (INEGI), ITER",Hablantes de lengua indígena de 3 años y más
2020,alcaldia,002,Azcapotzalco,monolingues,Mujeres,15.0,1708.0,,,censo,"Censo de Población y Vivienda 2020 (INEGI), ITER",Hablantes de lengua indígena de 3 años y más
2020,alcaldia,002,Azcapotzalco,monolingues,Total,21.0,3208.0,,,censo,"Censo de Población y Vivienda 2020 (INEGI), ITER",Hablantes de lengua indígena de 3 años y más
2020,alcaldia,002,Azcapotzalco,todas,Hombres,15857.0,204737.0,8269.0,0.006982,muestra,"Censo de Población y Vivienda 2020 (INEGI), cuestionario ampliado",Población total
2020,alcaldia,002,Azcapotzalco,todas,Mujeres,17520.0,226610.0,9161.0,0.006702,muestra,"Censo de Población y Vivienda 2020 (INEGI), cuestionario ampliado",Población total
2020,alcaldia,002,Azcapotzalco,todas,Total,33377.0,431347.0,17430.0,0.006819,muestra,"Censo de Población y Vivienda 2020 (INEGI), cuestionario ampliado",Población total
2020,alcaldia,003,Coyoacán,autoads,Hombres,19078.0,290855.0,8289.0,0.008326,muestra,"Censo de Población y Vivienda 2020 (INEGI), cuestionario ampliado",Población total
2020,alcaldia,003,Coyoacán,autoads,Mujeres,20011.0,321275.0,9172.0,0.006274,muestra,"Censo de Población y Vivienda 2020 (INEGI), cuestionario ampliado",Población total
2020,alcaldia,003,Coyoacán,autoads,Total,39089.0,612130.0,17461.0,0.00723,muestra,"Censo de Población y Vivienda 2020 (INEGI), cuestionario ampliado",Población total
2020,alcaldia,003,Coyoacán,hablantes3,Hombres,3306.0,281509.0,,,censo,"Censo de Población y Vivienda 2020 (INEGI), ITER",Población de 3 años y más
2020,alcaldia,003,Coyoacán,hablantes3,Mujeres,4422.0,318019.0,,,censo,"Censo de Población y Vivienda 2020 (INEGI), ITER",Población de 3 años y más
2020,alcaldia,003,Coyoacán,hablantes3,Total,7728.0,599528.0,,,censo,"Censo de Población y Vivienda 2020 (INEGI), ITER",Población de 3 años y más
2020,alcaldia,003,Coyoacán,hablantes5,Total,7681.0,587692.0,,,censo,"Censo de Población y Vivienda 2020 (INEGI), ITER",Población de 5 años y más
2020,alcaldia,003,Coyoacán,hogares,Total,15349.0,614447.0,,,censo,"Censo de Población y Vivienda 2020 (INEGI), ITER",Población total
2020,alcaldia,003,Coyoacán,monolingues,Hombres,23.0,3306.0,,,censo,"Censo de Población y Vivienda 2020 (INEGI), ITER",Hablantes de lengua indígena de 3 años y más
2020,alcaldia,003,Coyoacán,monolingues,Mujeres,34.0,4422.0,,,censo,"Censo de Población y Vivienda 2020 (INEGI), ITER",Hablantes de lengua indígena de 3 años y más
2020,alcaldia,003,Coyoacán,monolingues,Total,57.0,7728.0,,,censo,"Censo de Población y Vivienda 2020 (INEGI), ITER",Hablantes de lengua indígena de 3 años y más
2020,alcaldia,003,Coyoacán,todas,Hombres,19932.0,290855.0,8289.0,0.008463,muestra,"Censo de Población y Vivienda 2020 (INEGI), cuestionario ampliado",Población total
2020,alcaldia,003,Coyoacán,todas,Mujeres,20824.0,321275.0,9172.0,0.006393,muestra,"Censo de Población y Vivienda 2020 (INEGI), cuestionario ampliado",Población total
2020,alcaldia,003,Coyoacán,todas,Total,40756.0,612130.0,17461.0,0.007372,muestra,"Censo de Población y Vivienda 2020 (INEGI), cuestionario ampliado",Población total
2020,alcaldia,004,Cuajimalpa de Morelos,autoads,Hombres,6617.0,102645.0,5614.0,0.011681,muestra,"Censo de Población y Vivienda 2020 (INEGI), cuestionario ampliado",Población total
2020,alcaldia,004,Cuajimalpa de Morelos,autoads,Mujeres,6212.0,114964.0,6099.0,0.009692,muestra,"Censo de Población y Vivienda 2020 (INEGI), cuestionario ampliado",Población total
2020,alcaldia,004,Cuajimalpa de Morelos,autoads,Total,12829.0,217609.0,11713.0,0.010627,muestra,"Censo de Población y Vivienda 2020 (INEGI), cuestionario ampliado",Población total
2020,alcaldia,004,Cuajimalpa de Morelos,hablantes3,Hombres,860.0,99995.0,,,censo,"Censo de Población y Vivienda 2020 (INEGI), ITER",Población de 3 años y más
2020,alcaldia,004,Cuajimalpa de Morelos,hablantes3,Mujeres,1186.0,109545.0,,,censo,"Censo de Población y Vivienda 2020 (INEGI), ITER",Población de 3 años y más
2020,alcaldia,004,Cuajimalpa de Morelos,hablantes3,Total,2046.0,209540.0,,,censo,"Censo de Población y Vivienda 2020 (INEGI), ITER",Población de 3 años y más
2020,alcaldia,004,Cuajimalpa de Morelos,hablantes5,Total,2032.0,203315.0,,,censo,"Censo de Población y Vivienda 2020 (INEGI), ITER",Población de 5 años y más
2020,alcaldia,004,Cuajimalpa de Morelos,hogares,Total,4022.0,217686.0,,,censo,"Censo de Población y Vivienda 2020 (INEGI), ITER",Población total
2020,alcaldia,004,Cuajimalpa de Morelos,monolingues,Hombres,3.0,860.0,,,censo,"Censo de Población y Vivienda 2020 (INEGI), ITER",Hablantes de lengua indígena de 3 años y más
2020,alcaldia,004,Cuajimalpa de Morelos,monolingues,Mujeres,3.0,1186.0,,,censo,"Censo de Población y Vivienda 2020 (INEGI), ITER",Hablantes de lengua indígena de 3 años y más
2020,alcaldia,004,Cuajimalpa de Morelos,monolingues,Total,6.0,2046.0,,,censo,"Censo de Población y Vivienda 2020 (INEGI), ITER",Hablantes de lengua indígena de 3 años y más
2020,alcaldia,004,Cuajimalpa de Morelos,todas,Hombres,6869.0,102645.0,5614.0,0.011092,muestra,"Censo de Población y Vivienda 2020 (INEGI), cuestionario ampliado",Población total
2020,alcaldia,004,Cuajimalpa de Morelos,todas,Mujeres,6527.0,114964.0,6099.0,0.009724,muestra,"Censo de Población y Vivienda 2020 (INEGI), cuestionario ampliado",Población total
2020,alcaldia,004,Cuajimalpa de Morelos,todas,Total,13396.0,217609.0,11713.0,0.010463,muestra,"Censo de Población y Vivienda 2020 (INEGI), cuestionario ampliado",Población total
2020,alcaldia,005,Gustavo A. Madero,autoads,Hombres,52634.0,558186.0,9401.0,0.007485,muestra,"Censo de Población y Vivienda 2020 (INEGI), cuestionario ampliado",Población total
2020,alcaldia,005,Gustavo A. Madero,autoads,Mujeres,56025.0,604729.0,10177.0,0.007472,muestra,"Censo de Población y Vivienda 2020 (INEGI), cuestionario ampliado",Población total
2020,alcaldia,005,Gustavo A. Madero,autoads,Total,108659.0,1162915.0,19578.0,0.007552,muestra,"Censo de Población y Vivienda 2020 (INEGI), cuestionario ampliado",Población total
2020,alcaldia,005,Gustavo A. Madero,hablantes3,Hombres,6751.0,545805.0,,,censo,"Censo de Población y Vivienda 2020 (INEGI), ITER",Población de 3 años y más
2020,alcaldia,005,Gustavo A. Madero,hablantes3,Mujeres,7445.0,592051.0,,,censo,"Censo de Población y Vivienda 2020 (INEGI), ITER",Población de 3 años y más
2020,alcaldia,005,Gustavo A. Madero,hablantes3,Total,14196.0,1137856.0,,,censo,"Censo de Población y Vivienda 2020 (INEGI), ITER",Población de 3 años y más
2020,alcaldia,005,Gustavo A. Madero,hablantes5,Total,14124.0,1109855.0,,,censo,"Censo de Población y Vivienda 2020 (INEGI), ITER",Población de 5 años y más
2020,alcaldia,005,Gustavo A. Madero,hogares,Total,33035.0,1173351.0,,,censo,"Censo de Población y Vivienda 2020 (INEGI), ITER",Población total
2020,alcaldia,005,Gustavo A. Madero,monolingues,Hombres,39.0,6751.0,,,censo,"Censo de Población y Vivienda 2020 (INEGI), ITER",Hablantes de lengua indígena de 3 años y más
2020,alcaldia,005,Gustavo A. Madero,monolingues,Mujeres,70.0,7445.0,,,censo,"Censo de Población y Vivienda 2020 (INEGI), ITER",Hablantes de lengua indígena de 3 años y más
2020,alcaldia,005,Gustavo A. Madero,monolingues,Total,109.0,14196.0,,,censo,"Censo de Población y Vivienda 2020 (INEGI), ITER",Hablantes de lengua indígena de 3 años y más
2020,alcaldia,005,Gustavo A. Madero,todas,Hombres,54334.0,558186.0,9401.0,0.007658,muestra,"Censo de Población y Vivienda 2020 (INEGI), cuestionario ampliado",Población total
2020,alcaldia,005,Gustavo A. Madero,todas,Mujeres,57437.0,604729.0,10177.0,0.007478,muestra,"Censo de Población y Vivienda 2020 (INEGI), cuestionario ampliado",Población total
2020,alcaldia,005,Gustavo A. Madero,todas,Total,111771.0,1162915.0,19578.0,0.007609,muestra,"Censo de Población y Vivienda 2020 (INEGI), cuestionario ampliado",Población total
2020,alcaldia,006,Iztacalco,autoads,Hombres,16741.0,190671.0,8984.0,0.010201,muestra,"Censo de Población y Vivienda 2020 (INEGI), cuestionario ampliado",Población total
2020,alcaldia,006,Iztacalco,autoads,Mujeres,18558.0,213128.0,10048.0,0.00968,muestra,"Censo de Población y Vivienda 2020 (INEGI), cuestionario ampliado",Población total
2020,alcaldia,006,Iztacalco,autoads,Total,35299.0,403799.0,19032.0,0.010027,muestra,"Censo de Población y Vivienda 2020 (INEGI), cuestionario ampliado",Población total
2020,alcaldia,006,Iztacalco,hablantes3,Hombres,2125.0,186368.0,,,censo,"Censo de Población y Vivienda 2020 (INEGI), ITER",Población de 3 años y más
2020,alcaldia,006,Iztacalco,hablantes3,Mujeres,2287.0,206622.0,,,censo,"Censo de Población y Vivienda 2020 (INEGI), ITER",Población de 3 años y más
2020,alcaldia,006,Iztacalco,hablantes3,Total,4412.0,392990.0,,,censo,"Censo de Población y Vivienda 2020 (INEGI), ITER",Población de 3 años y más
2020,alcaldia,006,Iztacalco,hablantes5,Total,4383.0,384051.0,,,censo,"Censo de Población y Vivienda 2020 (INEGI), ITER",Población de 5 años y más
2020,alcaldia,006,Iztacalco,hogares,Total,10060.0,404695.0,,,censo,"Censo de Población y Vivienda 2020 (INEGI), ITER",Población total
2020,alcaldia,006,Iztacalco,monolingues,Hombres,12.0,2125.0,,,censo,"Censo de Población y Vivienda 2020 (INEGI), ITER",Hablantes de lengua indígena de 3 años y más
2020,alcaldia,006,Iztacalco,monolingues,Mujeres,25.0,2287.0,,,censo,"Censo de Población y Vivienda 2020 (INEGI), ITER",Hablantes de lengua indígena de 3 años y más
2020,alcaldia,006,Iztacalco,monolingues,Total,37.0,4412.0,,,censo,"Censo de Población y Vivienda 2020 (INEGI), ITER",Hablantes de lengua indígena de 3 años y más
2020,alcaldia,006,Iztacalco,todas,Hombres,17334.0,190671.0,8984.0,0.010344,muestra,"Censo de Población y Vivienda 2020 (INEGI), cuestionario ampliado",Población total
2020,alcaldia,006,Iztacalco,todas,Mujeres,19144.0,213128.0,10048.0,0.009601,muestra,"Censo de Población y Vivienda 2020 (INEGI), cuestionario ampliado",Población total
2020,alcaldia,006,Iztacalco,todas,Total,36478.0,403799.0,19032.0,0.010047,muestra,"Censo de Población y Vivienda 2020 (INEGI), cuestionario ampliado",Población total
2020,alcaldia,007,Iztapalapa,autoads,Hombres,80741.0,876793.0,10752.0,0.0083,muestra,"Censo de Población y Vivienda 2020 (INEGI), cuestionario ampliado",Población total
2020,alcaldia,007,Iztapalapa,autoads,Mujeres,82574.0,944016.0,11567.0,0.007711,muestra,"Censo de Población y Vivienda 2020 (INEGI), cuestionario ampliado",Población total
2020,alcaldia,007,Iztapalapa,autoads,Total,163315.0,1820809.0,22319.0,0.00816,muestra,"Censo de Población y Vivienda 2020 (INEGI), cuestionario ampliado",Población total
2020,alcaldia,007,Iztapalapa,hablantes3,Hombres,13956.0,858118.0,,,censo,"Censo de Población y Vivienda 2020 (INEGI), ITER",Población de 3 años y más
2020,alcaldia,007,Iztapalapa,hablantes3,Mujeres,14760.0,919066.0,,,censo,"Censo de Población y Vivienda 2020 (INEGI), ITER",Población de 3 años y más
2020,alcaldia,007,Iztapalapa,hablantes3,Total,28716.0,1777184.0,,,censo,"Censo de Población y Vivienda 2020 (INEGI), ITER",Población de 3 años y más
2020,alcaldia,007,Iztapalapa,hablantes5,Total,28582.0,1731943.0,,,censo,"Censo de Población y Vivienda 2020 (INEGI), ITER",Población de 5 años y más
2020,alcaldia,007,Iztapalapa,hogares,Total,73036.0,1835486.0,,,censo,"Censo de Población y Vivienda 2020 (INEGI), ITER",Población total
2020,alcaldia,007,Iztapalapa,monolingues,Hombres,122.0,13956.0,,,censo,"Censo de Población y Vivienda 2020 (INEGI), ITER",Hablantes de lengua indígena de 3 años y más
2020,alcaldia,007,Iztapalapa,monolingues,Mujeres,183.0,14760.0,,,censo,"Censo de Población y Vivienda 2020 (INEGI), ITER",Hablantes de lengua indígena de 3 años y más
2020,alcaldia,007,Iztapalapa,monolingues,Total,305.0,28716.0,,,censo,"Censo de Población y Vivienda 2020 (INEGI), ITER",Hablantes de lengua indígena de 3 años y más
2020,alcaldia,007,Iztapalapa,todas,Hombres,83723.0,876793.0,10752.0,0.008855,muestra,"Censo de Población y Vivienda 2020 (INEGI), cuestionario ampliado",Población total
2020,alcaldia,007,Iztapalapa,todas,Mujeres,84741.0,944016.0,11567.0,0.008225,muestra,"Censo de Población y Vivienda 2020 (INEGI), cuestionario ampliado",Población total
2020,alcaldia,007,Iztapalapa,todas,Total,168464.0,1820809.0,22319.0,0.008649,muestra,"Censo de Población y Vivienda 2020 (INEGI), cuestionario ampliado",Población total
2020,alcaldia,008,La Magdalena Contreras,autoads,Hombres,9446.0,117346.0,9210.0,0.008231,muestra,"Censo de Población y Vivienda 2020 (INEGI), cuestionario ampliado",Población total
2020,alcaldia,008,La Magdalena Contreras,autoads,Mujeres,10400.0,129439.0,10070.0,0.008594,muestra,"Censo de Población y Vivienda 2020 (INEGI), cuestionario ampliado",Población total
2020,alcaldia,008,La Magdalena Contreras,autoads,Total,19846.0,246785.0,19280.0,0.008687,muestra,"Censo de Población y Vivienda 2020 (INEGI), cuestionario ampliado",Población total
2020,alcaldia,008,La Magdalena Contreras,hablantes3,Hombres,1226.0,114683.0,,,censo,"Censo de Población y Vivienda 2020 (INEGI), ITER",Población de 3 años y más
2020,alcaldia,008,La Magdalena Contreras,hablantes3,Mujeres,1664.0,125675.0,,,censo,"Censo de Población y Vivienda 2020 (INEGI), ITER",Población de 3 años y más
2020,alcaldia,008,La Magdalena Contreras,hablantes3,Total,2890.0,240358.0,,,censo,"Censo de Población y Vivienda 2020 (INEGI), ITER",Población de 3 años y más
2020,alcaldia,008,La Magdalena Contreras,hablantes5,Total,2881.0,234567.0,,,censo,"Censo de Población y Vivienda 2020 (INEGI), ITER",Población de 5 años y más
2020,alcaldia,008,La Magdalena Contreras,hogares,Total,6796.0,247622.0,,,censo,"Censo de Población y Vivienda 2020 (INEGI), ITER",Población total
2020,alcaldia,008,La Magdalena Contreras,monolingues,Hombres,5.0,1226.0,,,censo,"Censo de Población y Vivienda 2020 (INEGI), ITER",Hablantes de lengua indígena de 3 años y más
2020,alcaldia,008,La Magdalena Contreras,monolingues,Mujeres,25.0,1664.0,,,censo,"Censo de Población y Vivienda 2020 (INEGI), ITER",Hablantes de lengua indígena de 3 años y más
2020,alcaldia,008,La Magdalena Contreras,monolingues,Total,30.0,2890.0,,,censo,"Censo de Población y Vivienda 2020 (INEGI), ITER",Hablantes de lengua indígena de 3 años y más
2020,alcaldia,008,La Magdalena Contreras,todas,Hombres,9690.0,117346.0,9210.0,0.00837,muestra,"Censo de Población y Vivienda 2020 (INEGI), cuestionario ampliado",Población total
2020,alcaldia,008,La Magdalena Contreras,todas,Mujeres,10850.0,129439.0,10070.0,0.008562,muestra,"Censo de Población y Vivienda 2020 (INEGI), cuestionario ampliado",Población total
2020,alcaldia,008,La Magdalena Contreras,todas,Total,20540.0,246785.0,19280.0,0.008622,muestra,"Censo de Población y Vivienda 2020 (INEGI), cuestionario ampliado",Población total
2020,alcaldia,009,Milpa Alta,autoads,Hombres,21132.0,74580.0,4589.0,0.024624,muestra,"Censo de Población y Vivienda 2020 (INEGI), cuestionario ampliado",Población total
2020,alcaldia,009,Milpa Alta,autoads,Mujeres,21422.0,78102.0,4790.0,0.024832,muestra,"Censo de Población y Vivienda 2020 (INEGI), cuestionario ampliado",Población total
2020,alcaldia,009,Milpa Alta,autoads,Total,42554.0,152682.0,9379.0,0.024759,muestra,"Censo de Población y Vivienda 2020 (INEGI), cuestionario ampliado",Población total
2020,alcaldia,009,Milpa Alta,hablantes3,Hombres,2459.0,71503.0,,,censo,"Censo de Población y Vivienda 2020 (INEGI), ITER",Población de 3 años y más
2020,alcaldia,009,Milpa Alta,hablantes3,Mujeres,2432.0,75344.0,,,censo,"Censo de Población y Vivienda 2020 (INEGI), ITER",Población de 3 años y más
2020,alcaldia,009,Milpa Alta,hablantes3,Total,4891.0,146847.0,,,censo,"Censo de Población y Vivienda 2020 (INEGI), ITER",Población de 3 años y más
2020,alcaldia,009,Milpa Alta,hablantes5,Total,4883.0,142323.0,,,censo,"Censo de Población y Vivienda 2020 (INEGI), ITER",Población de 5 años y más
2020,alcaldia,009,Milpa Alta,hogares,Total,13002.0,152685.0,,,censo,"Censo de Población y Vivienda 2020 (INEGI), ITER",Población total
2020,alcaldia,009,Milpa Alta,monolingues,Hombres,13.0,2459.0,,,censo,"Censo de Población y Vivienda 2020 (INEGI), ITER",Hablantes de lengua indígena de 3 años y más
2020,alcaldia,009,Milpa Alta,monolingues,Mujeres,18.0,2432.0,,,censo,"Censo de Población y Vivienda 2020 (INEGI), ITER",Hablantes de lengua indígena de 3 años y más
2020,alcaldia,009,Milpa Alta,monolingues,Total,31.0,4891.0,,,censo,"Censo de Población y Vivienda 2020 (INEGI), ITER",Hablantes de lengua indígena de 3 años y más
2020,alcaldia,009,Milpa Alta,todas,Hombres,21616.0,74580.0,4589.0,0.025762,muestra,"Censo de Población y Vivienda 2020 (INEGI), cuestionario ampliado",Población total
2020,alcaldia,009,Milpa Alta,todas,Mujeres,21662.0,78102.0,4790.0,0.025116,muestra,"Censo de Población y Vivienda 2020 (INEGI), cuestionario ampliado",Población total
2020,alcaldia,009,Milpa Alta,todas,Total,43278.0,152682.0,9379.0,0.025508,muestra,"Censo de Población y Vivienda 2020 (INEGI), cuestionario ampliado",Población total
2020,alcaldia,010,Álvaro Obregón,autoads,Hombres,26373.0,359720.0,9006.0,0.009205,muestra,"Censo de Población y Vivienda 2020 (INEGI), cuestionario ampliado",Población total
2020,alcaldia,010,Álvaro Obregón,autoads,Mujeres,33806.0,397399.0,9927.0,0.009313,muestra,"Censo de Población y Vivienda 2020 (INEGI), cuestionario ampliado",Población total
2020,alcaldia,010,Álvaro Obregón,autoads,Total,60179.0,757119.0,18933.0,0.00927,muestra,"Censo de Población y Vivienda 2020 (INEGI), cuestionario ampliado",Población total
2020,alcaldia,010,Álvaro Obregón,hablantes3,Hombres,3523.0,349957.0,,,censo,"Censo de Población y Vivienda 2020 (INEGI), ITER",Población de 3 años y más
2020,alcaldia,010,Álvaro Obregón,hablantes3,Mujeres,4969.0,387144.0,,,censo,"Censo de Población y Vivienda 2020 (INEGI), ITER",Población de 3 años y más
2020,alcaldia,010,Álvaro Obregón,hablantes3,Total,8492.0,737101.0,,,censo,"Censo de Población y Vivienda 2020 (INEGI), ITER",Población de 3 años y más
2020,alcaldia,010,Álvaro Obregón,hablantes5,Total,8456.0,719830.0,,,censo,"Censo de Población y Vivienda 2020 (INEGI), ITER",Población de 5 años y más
2020,alcaldia,010,Álvaro Obregón,hogares,Total,18441.0,759137.0,,,censo,"Censo de Población y Vivienda 2020 (INEGI), ITER",Población total
2020,alcaldia,010,Álvaro Obregón,monolingues,Hombres,17.0,3523.0,,,censo,"Censo de Población y Vivienda 2020 (INEGI), ITER",Hablantes de lengua indígena de 3 años y más
2020,alcaldia,010,Álvaro Obregón,monolingues,Mujeres,57.0,4969.0,,,censo,"Censo de Población y Vivienda 2020 (INEGI), ITER",Hablantes de lengua indígena de 3 años y más
2020,alcaldia,010,Álvaro Obregón,monolingues,Total,74.0,8492.0,,,censo,"Censo de Población y Vivienda 2020 (INEGI), ITER",Hablantes de lengua indígena de 3 años y más
2020,alcaldia,010,Álvaro Obregón,todas,Hombres,27274.0,359720.0,9006.0,0.009319,muestra,"Censo de Población y Vivienda 2020 (INEGI), cuestionario ampliado",Población total
2020,alcaldia,010,Álvaro Obregón,todas,Mujeres,34827.0,397399.0,9927.0,0.009479,muestra,"Censo de Población y Vivienda 2020 (INEGI), cuestionario ampliado",Población total
2020,alcaldia,010,Álvaro Obregón,todas,Total,62101.0,757119.0,18933.0,0.009345,muestra,"Censo de Población y Vivienda 2020 (INEGI), cuestionario ampliado",Población total
2020,alcaldia,011,Tláhuac,autoads,Hombres,17966.0,189920.0,11372.0,0.007679,muestra,"Censo de Población y Vivienda 2020 (INEGI), cuestionario ampliado",Población total
2020,alcaldia,011,Tláhuac,autoads,Mujeres,18669.0,202048.0,11921.0,0.007678,muestra,"Censo de Población y Vivienda 2020 (INEGI), cuestionario ampliado",Población total
2020,alcaldia,011,Tláhuac,autoads,Total,36635.0,391968.0,23293.0,0.007905,muestra,"Censo de Población y Vivienda 2020 (INEGI), cuestionario ampliado",Población total
2020,alcaldia,011,Tláhuac,hablantes3,Hombres,2321.0,183508.0,,,censo,"Censo de Población y Vivienda 2020 (INEGI), ITER",Población de 3 años y más
2020,alcaldia,011,Tláhuac,hablantes3,Mujeres,2541.0,195452.0,,,censo,"Censo de Población y Vivienda 2020 (INEGI), ITER",Población de 3 años y más
2020,alcaldia,011,Tláhuac,hablantes3,Total,4862.0,378960.0,,,censo,"Censo de Población y Vivienda 2020 (INEGI), ITER",Población de 3 años y más
2020,alcaldia,011,Tláhuac,hablantes5,Total,4838.0,368453.0,,,censo,"Censo de Población y Vivienda 2020 (INEGI), ITER",Población de 5 años y más
2020,alcaldia,011,Tláhuac,hogares,Total,13184.0,392313.0,,,censo,"Censo de Población y Vivienda 2020 (INEGI), ITER",Población total
2020,alcaldia,011,Tláhuac,monolingues,Hombres,20.0,2321.0,,,censo,"Censo de Población y Vivienda 2020 (INEGI), ITER",Hablantes de lengua indígena de 3 años y más
2020,alcaldia,011,Tláhuac,monolingues,Mujeres,24.0,2541.0,,,censo,"Censo de Población y Vivienda 2020 (INEGI), ITER",Hablantes de lengua indígena de 3 años y más
2020,alcaldia,011,Tláhuac,monolingues,Total,44.0,4862.0,,,censo,"Censo de Población y Vivienda 2020 (INEGI), ITER",Hablantes de lengua indígena de 3 años y más
2020,alcaldia,011,Tláhuac,todas,Hombres,18707.0,189920.0,11372.0,0.007861,muestra,"Censo de Población y Vivienda 2020 (INEGI), cuestionario ampliado",Población total
2020,alcaldia,011,Tláhuac,todas,Mujeres,19386.0,202048.0,11921.0,0.007742,muestra,"Censo de Población y Vivienda 2020 (INEGI), cuestionario ampliado",Población total
2020,alcaldia,011,Tláhuac,todas,Total,38093.0,391968.0,23293.0,0.007988,muestra,"Censo de Población y Vivienda 2020 (INEGI), cuestionario ampliado",Población total
2020,alcaldia,012,Tlalpan,autoads,Hombres,30597.0,332974.0,11471.0,0.00927,muestra,"Censo de Población y Vivienda 2020 (INEGI), cuestionario ampliado",Población total
2020,alcaldia,012,Tlalpan,autoads,Mujeres,34157.0,362333.0,12304.0,0.008556,muestra,"Censo de Población y Vivienda 2020 (INEGI), cuestionario ampliado",Población total
2020,alcaldia,012,Tlalpan,autoads,Total,64754.0,695307.0,23775.0,0.008868,muestra,"Censo de Población y Vivienda 2020 (INEGI), cuestionario ampliado",Población total
2020,alcaldia,012,Tlalpan,hablantes3,Hombres,5467.0,325035.0,,,censo,"Censo de Población y Vivienda 2020 (INEGI), ITER",Población de 3 años y más
2020,alcaldia,012,Tlalpan,hablantes3,Mujeres,6417.0,355501.0,,,censo,"Censo de Población y Vivienda 2020 (INEGI), ITER",Población de 3 años y más
2020,alcaldia,012,Tlalpan,hablantes3,Total,11884.0,680536.0,,,censo,"Censo de Población y Vivienda 2020 (INEGI), ITER",Población de 3 años y más
2020,alcaldia,012,Tlalpan,hablantes5,Total,11832.0,664540.0,,,censo,"Censo de Población y Vivienda 2020 (INEGI), ITER",Población de 5 años y más
2020,alcaldia,012,Tlalpan,hogares,Total,28778.0,699928.0,,,censo,"Censo de Población y Vivienda 2020 (INEGI), ITER",Población total
2020,alcaldia,012,Tlalpan,monolingues,Hombres,27.0,5467.0,,,censo,"Censo de Población y Vivienda 2020 (INEGI), ITER",Hablantes de lengua indígena de 3 años y más
2020,alcaldia,012,Tlalpan,monolingues,Mujeres,60.0,6417.0,,,censo,"Censo de Población y Vivienda 2020 (INEGI), ITER",Hablantes de lengua indígena de 3 años y más
2020,alcaldia,012,Tlalpan,monolingues,Total,87.0,11884.0,,,censo,"Censo de Población y Vivienda 2020 (INEGI), ITER",Hablantes de lengua indígena de 3 años y más
2020,alcaldia,012,Tlalpan,todas,Hombres,31789.0,332974.0,11471.0,0.009419,muestra,"Censo de Población y Vivienda 2020 (INEGI), cuestionario ampliado",Población total
2020,alcaldia,012,Tlalpan,todas,Mujeres,35026.0,362333.0,12304.0,0.0087,muestra,"Censo de Población y Vivienda 2020 (INEGI), cuestionario ampliado",Población total
2020,alcaldia,012,Tlalpan,todas,Total,66815.0,695307.0,23775.0,0.008976,muestra,"Censo de Población y Vivienda 2020 (INEGI), cuestionario ampliado",Población total
2020,alcaldia,013,Xochimilco,autoads,Hombres,26567.0,209890.0,7217.0,0.017976,muestra,"Censo de Población y Vivienda 2020 (INEGI), cuestionario ampliado",Población total
2020,alcaldia,013,Xochimilco,autoads,Mujeres,30992.0,228149.0,7807.0,0.019268,muestra,"Censo de Población y Vivienda 2020 (INEGI), cuestionario ampliado",Población total
2020,alcaldia,013,Xochimilco,autoads,Total,57559.0,438039.0,15024.0,0.018743,muestra,"Censo de Población y Vivienda 2020 (INEGI), cuestionario ampliado",Población total
2020,alcaldia,013,Xochimilco,hablantes3,Hombres,5240.0,208396.0,,,censo,"Censo de Población y Vivienda 2020 (INEGI), ITER",Población de 3 años y más
2020,alcaldia,013,Xochimilco,hablantes3,Mujeres,5422.0,219824.0,,,censo,"Censo de Población y Vivienda 2020 (INEGI), ITER",Población de 3 años y más
2020,alcaldia,013,Xochimilco,hablantes3,Total,10662.0,428220.0,,,censo,"Censo de Población y Vivienda 2020 (INEGI), ITER",Población de 3 años y más
2020,alcaldia,013,Xochimilco,hablantes5,Total,10596.0,417099.0,,,censo,"Censo de Población y Vivienda 2020 (INEGI), ITER",Población de 5 años y más
2020,alcaldia,013,Xochimilco,hogares,Total,25846.0,442178.0,,,censo,"Censo de Población y Vivienda 2020 (INEGI), ITER",Población total
2020,alcaldia,013,Xochimilco,monolingues,Hombres,31.0,5240.0,,,censo,"Censo de Población y Vivienda 2020 (INEGI), ITER",Hablantes de lengua indígena de 3 años y más
2020,alcaldia,013,Xochimilco,monolingues,Mujeres,60.0,5422.0,,,censo,"Censo de Población y Vivienda 2020 (INEGI), ITER",Hablantes de lengua indígena de 3 años y más
2020,alcaldia,013,Xochimilco,monolingues,Total,91.0,10662.0,,,censo,"Censo de Población y Vivienda 2020 (INEGI), ITER",Hablantes de lengua indígena de 3 años y más
2020,alcaldia,013,Xochimilco,todas,Hombres,27614.0,209890.0,7217.0,0.018272,muestra,"Censo de Población y Vivienda 2020 (INEGI), cuestionario ampliado",Población total
2020,alcaldia,013,Xochimilco,todas,Mujeres,31756.0,228149.0,7807.0,0.019352,muestra,"Censo de Población y Vivienda 2020 (INEGI), cuestionario ampliado",Población total
2020,alcaldia,013,Xochimilco,todas,Total,59370.0,438039.0,15024.0,0.018898,muestra,"Censo de Población y Vivienda 2020 (INEGI), cuestionario ampliado",Población total
2020,alcaldia,014,Benito Juárez,autoads,Hombres,14176.0,202385.0,6299.0,0.008429,muestra,"Censo de Población y Vivienda 2020 (INEGI), cuestionario ampliado",Población total
2020,alcaldia,014,Benito Juárez,autoads,Mujeres,17319.0,229874.0,7167.0,0.009278,muestra,"Censo de Población y Vivienda 2020 (INEGI), cuestionario ampliado",Población total
2020,alcaldia,014,Benito Juárez,autoads,Total,31495.0,432259.0,13466.0,0.009069,muestra,"Censo de Población y Vivienda 2020 (INEGI), cuestionario ampliado",Población total
2020,alcaldia,014,Benito Juárez,hablantes3,Hombres,1406.0,197361.0,,,censo,"Censo de Población y Vivienda 2020 (INEGI), ITER",Población de 3 años y más
2020,alcaldia,014,Benito Juárez,hablantes3,Mujeres,2134.0,227435.0,,,censo,"Censo de Población y Vivienda 2020 (INEGI), ITER",Población de 3 años y más
2020,alcaldia,014,Benito Juárez,hablantes3,Total,3540.0,424796.0,,,censo,"Censo de Población y Vivienda 2020 (INEGI), ITER",Población de 3 años y más
2020,alcaldia,014,Benito Juárez,hablantes5,Total,3529.0,417473.0,,,censo,"Censo de Población y Vivienda 2020 (INEGI), ITER",Población de 5 años y más
2020,alcaldia,014,Benito Juárez,hogares,Total,5604.0,434153.0,,,censo,"Censo de Población y Vivienda 2020 (INEGI), ITER",Población total
2020,alcaldia,014,Benito Juárez,monolingues,Hombres,1.0,1406.0,,,censo,"Censo de Población y Vivienda 2020 (INEGI), ITER",Hablantes de lengua indígena de 3 años y más
2020,alcaldia,014,Benito Juárez,monolingues,Mujeres,8.0,2134.0,,,censo,"Censo de Población y Vivienda 2020 (INEGI), ITER",Hablantes de lengua indígena de 3 años y más
2020,alcaldia,014,Benito Juárez,monolingues,Total,9.0,3540.0,,,censo,"Censo de Población y Vivienda 2020 (INEGI), ITER",Hablantes de lengua indígena de 3 años y más
2020,alcaldia,014,Benito Juárez,todas,Hombres,15015.0,202385.0,6299.0,0.008435,muestra,"Censo de Población y Vivienda 2020 (INEGI), cuestionario ampliado",Población total
2020,alcaldia,014,Benito Juárez,todas,Mujeres,18211.0,229874.0,7167.0,0.00916,muestra,"Censo de Población y Vivienda 2020 (INEGI), cuestionario ampliado",Población total
2020,alcaldia,014,Benito Juárez,todas,Total,33226.0,432259.0,13466.0,0.008987,muestra,"Censo de Población y Vivienda 2020 (INEGI), cuestionario ampliado",Población total
2020,alcaldia,015,Cuauhtémoc,autoads,Hombres,28175.0,261705.0,6382.0,0.014522,muestra,"Censo de Población y Vivienda 2020 (INEGI), cuestionario ampliado",Población total
2020,alcaldia,015,Cuauhtémoc,autoads,Mujeres,31066.0,279269.0,6796.0,0.015512,muestra,"Censo de Población y Vivienda 2020 (INEGI), cuestionario ampliado",Población total
2020,alcaldia,015,Cuauhtémoc,autoads,Total,59241.0,540974.0,13178.0,0.015094,muestra,"Censo de Población y Vivienda 2020 (INEGI), cuestionario ampliado",Población total
2020,alcaldia,015,Cuauhtémoc,hablantes3,Hombres,4315.0,253688.0,,,censo,"Censo de Población y Vivienda 2020 (INEGI), ITER",Población de 3 años y más
2020,alcaldia,015,Cuauhtémoc,hablantes3,Mujeres,4747.0,277605.0,,,censo,"Censo de Población y Vivienda 2020 (INEGI), ITER",Población de 3 años y más
2020,alcaldia,015,Cuauhtémoc,hablantes3,Total,9062.0,531293.0,,,censo,"Censo de Población y Vivienda 2020 (INEGI), ITER",Población de 3 años y más
2020,alcaldia,015,Cuauhtémoc,hablantes5,Total,9016.0,519786.0,,,censo,"Censo de Población y Vivienda 2020 (INEGI), ITER",Población de 5 años y más
2020,alcaldia,015,Cuauhtémoc,hogares,Total,18461.0,545884.0,,,censo,"Censo de Población y Vivienda 2020 (INEGI), ITER",Población total
2020,alcaldia,015,Cuauhtémoc,monolingues,Hombres,15.0,4315.0,,,censo,"Censo de Población y Vivienda 2020 (INEGI), ITER",Hablantes de lengua indígena de 3 años y más
2020,alcaldia,015,Cuauhtémoc,monolingues,Mujeres,51.0,4747.0,,,censo,"Censo de Población y Vivienda 2020 (INEGI), ITER",Hablantes de lengua indígena de 3 años y más
2020,alcaldia,015,Cuauhtémoc,monolingues,Total,66.0,9062.0,,,censo,"Censo de Población y Vivienda 2020 (INEGI), ITER",Hablantes de lengua indígena de 3 años y más
2020,alcaldia,015,Cuauhtémoc,todas,Hombres,29131.0,261705.0,6382.0,0.014946,muestra,"Censo de Población y Vivienda 2020 (INEGI), cuestionario ampliado",Población total
2020,alcaldia,015,Cuauhtémoc,todas,Mujeres,32088.0,279269.0,6796.0,0.015594,muestra,"Censo de Población y Vivienda 2020 (INEGI), cuestionario ampliado",Población total
2020,alcaldia,015,Cuauhtémoc,todas,Total,61219.0,540974.0,13178.0,0.015392,muestra,"Censo de Población y Vivienda 2020 (INEGI), cuestionario ampliado",Población total
2020,alcaldia,016,Miguel Hidalgo,autoads,Hombres,11400.0,191252.0,7050.0,0.006773,muestra,"Censo de Población y Vivienda 2020 (INEGI), cuestionario ampliado",Población total
2020,alcaldia,016,Miguel Hidalgo,autoads,Mujeres,16535.0,221278.0,8063.0,0.008455,muestra,"Censo de Población y Vivienda 2020 (INEGI), cuestionario ampliado",Población total
2020,alcaldia,016,Miguel Hidalgo,autoads,Total,27935.0,412530.0,15113.0,0.007181,muestra,"Censo de Población y Vivienda 2020 (INEGI), cuestionario ampliado",Población total
2020,alcaldia,016,Miguel Hidalgo,hablantes3,Hombres,1376.0,186702.0,,,censo,"Censo de Población y Vivienda 2020 (INEGI), ITER",Población de 3 años y más
2020,alcaldia,016,Miguel Hidalgo,hablantes3,Mujeres,2217.0,210660.0,,,censo,"Censo de Población y Vivienda 2020 (INEGI), ITER",Población de 3 años y más
2020,alcaldia,016,Miguel Hidalgo,hablantes3,Total,3593.0,397362.0,,,censo,"Censo de Población y Vivienda 2020 (INEGI), ITER",Población de 3 años y más
2020,alcaldia,016,Miguel Hidalgo,hablantes5,Total,3587.0,388565.0,,,censo,"Censo de Población y Vivienda 2020 (INEGI), ITER",Población de 5 años y más
2020,alcaldia,016,Miguel Hidalgo,hogares,Total,6119.0,414470.0,,,censo,"Censo de Población y Vivienda 2020 (INEGI), ITER",Población total
2020,alcaldia,016,Miguel Hidalgo,monolingues,Hombres,9.0,1376.0,,,censo,"Censo de Población y Vivienda 2020 (INEGI), ITER",Hablantes de lengua indígena de 3 años y más
2020,alcaldia,016,Miguel Hidalgo,monolingues,Mujeres,15.0,2217.0,,,censo,"Censo de Población y Vivienda 2020 (INEGI), ITER",Hablantes de lengua indígena de 3 años y más
2020,alcaldia,016,Miguel Hidalgo,monolingues,Total,24.0,3593.0,,,censo,"Censo de Población y Vivienda 2020 (INEGI), ITER",Hablantes de lengua indígena de 3 años y más
2020,alcaldia,016,Miguel Hidalgo,todas,Hombres,11724.0,191252.0,7050.0,0.006968,muestra,"Censo de Población y Vivienda 2020 (INEGI), cuestionario ampliado",Población total
2020,alcaldia,016,Miguel Hidalgo,todas,Mujeres,16981.0,221278.0,8063.0,0.008384,muestra,"Censo de Población y Vivienda 2020 (INEGI), cuestionario ampliado",Población total
2020,alcaldia,016,Miguel Hidalgo,todas,Total,28705.0,412530.0,15113.0,0.007173,muestra,"Censo de Población y Vivienda 2020 (INEGI), cuestionario ampliado",Población total
2020,alcaldia,017,Venustiano Carranza,autoads,Hombres,15749.0,207801.0,7989.0,0.007966,muestra,"Censo de Población y Vivienda 2020 (INEGI), cuestionario ampliado",Población total
2020,alcaldia,017,Venustiano Carranza,autoads,Mujeres,17739.0,235320.0,9044.0,0.007882,muestra,"Censo de Población y Vivienda 2020 (INEGI), cuestionario ampliado",Población total
2020,alcaldia,017,Venustiano Carranza,autoads,Total,33488.0,443121.0,17033.0,0.007915,muestra,"Censo de Población y Vivienda 2020 (INEGI), cuestionario ampliado",Población total
2020,alcaldia,017,Venustiano Carranza,hablantes3,Hombres,2400.0,203399.0,,,censo,"Censo de Población y Vivienda 2020 (INEGI), ITER",Población de 3 años y más
2020,alcaldia,017,Venustiano Carranza,hablantes3,Mujeres,2571.0,227141.0,,,censo,"Censo de Población y Vivienda 2020 (INEGI), ITER",Población de 3 años y más
2020,alcaldia,017,Venustiano Carranza,hablantes3,Total,4971.0,430540.0,,,censo,"Censo de Población y Vivienda 2020 (INEGI), ITER",Población de 3 años y más
2020,alcaldia,017,Venustiano Carranza,hablantes5,Total,4921.0,420142.0,,,censo,"Censo de Población y Vivienda 2020 (INEGI), ITER",Población de 5 años y más
2020,alcaldia,017,Venustiano Carranza,hogares,Total,10145.0,443704.0,,,censo,"Censo de Población y Vivienda 2020 (INEGI), ITER",Población total
2020,alcaldia,017,Venustiano Carranza,monolingues,Hombres,15.0,2400.0,,,censo,"Censo de Población y Vivienda 2020 (INEGI), ITER",Hablantes de lengua indígena de 3 años y más
2020,alcaldia,017,Venustiano Carranza,monolingues,Mujeres,26.0,2571.0,,,censo,"Censo de Población y Vivienda 2020 (INEGI), ITER",Hablantes de lengua indígena de 3 años y más
2020,alcaldia,017,Venustiano Carranza,monolingues,Total,41.0,4971.0,,,censo,"Censo de Población y Vivienda 2020 (INEGI), ITER",Hablantes de lengua indígena de 3 años y más
2020,alcaldia,017,Venustiano Carranza,todas,Hombres,16246.0,207801.0,7989.0,0.0078,muestra,"Censo de Población y Vivienda 2020 (INEGI), cuestionario ampliado",Población total
2020,alcaldia,017,Venustiano Carranza,todas,Mujeres,18451.0,235320.0,9044.0,0.007896,muestra,"Censo de Población y Vivienda 2020 (INEGI), cuestionario ampliado",Población total
2020,alcaldia,017,Venustiano Carranza,todas,Total,34697.0,443121.0,17033.0,0.007871,muestra,"Censo de Población y Vivienda 2020 (INEGI), cuestionario ampliado",Población total
2020,entidad,09,Ciudad de México,autoads,Hombres,392809.0,4371460.0,131894.0,0.002766,muestra,"Censo de Población y Vivienda 2020 (INEGI), cuestionario ampliado",Población total
2020,entidad,09,Ciudad de México,autoads,Mujeres,432539.0,4787933.0,144113.0,0.002702,muestra,"Censo de Población y Vivienda 2020 (INEGI), cuestionario ampliado",Población total
2020,entidad,09,Ciudad de México,autoads,Total,825348.0,9159393.0,276007.0,0.002755,muestra,"Censo de Población y Vivienda 2020 (INEGI), cuestionario ampliado",Población total
2020,entidad,09,Ciudad de México,hablantes3,Hombres,58231.0,4264713.0,,,censo,"Censo de Población y Vivienda 2020 (INEGI), ITER",Población de 3 años y más
2020,entidad,09,Ciudad de México,hablantes3,Mujeres,66922.0,4668454.0,,,censo,"Censo de Población y Vivienda 2020 (INEGI), ITER",Población de 3 años y más
2020,entidad,09,Ciudad de México,hablantes3,Total,125153.0,8933167.0,,,censo,"Censo de Población y Vivienda 2020 (INEGI), ITER",Población de 3 años y más
2020,entidad,09,Ciudad de México,hablantes5,Total,124540.0,8720414.0,,,censo,"Censo de Población y Vivienda 2020 (INEGI), ITER",Población de 5 años y más
2020,entidad,09,Ciudad de México,hogares,Total,289139.0,9209944.0,,,censo,"Censo de Población y Vivienda 2020 (INEGI), ITER",Población total
2020,entidad,09,Ciudad de México,monolingues,Hombres,358.0,58231.0,,,censo,"Censo de Población y Vivienda 2020 (INEGI), ITER",Hablantes de lengua indígena de 3 años y más
2020,entidad,09,Ciudad de México,monolingues,Mujeres,674.0,66922.0,,,censo,"Censo de Población y Vivienda 2020 (INEGI), ITER",Hablantes de lengua indígena de 3 años y más
2020,entidad,09,Ciudad de México,monolingues,Total,1032.0,125153.0,,,censo,"Censo de Población y Vivienda 2020 (INEGI), ITER",Hablantes de lengua indígena de 3 años y más
2020,entidad,09,Ciudad de México,todas,Hombres,406855.0,4371460.0,131894.0,0.002868,muestra,"Censo de Población y Vivienda 2020 (INEGI), cuestionario ampliado",Población total
2020,entidad,09,Ciudad de México,todas,Mujeres,445431.0,4787933.0,144113.0,0.002773,muestra,"Censo de Población y Vivienda 2020 (INEGI), cuestionario ampliado",Población total
2020,entidad,09,Ciudad de México,todas,Total,852286.0,9159393.0,276007.0,0.002832,muestra,"Censo de Población y Vivienda 2020 (INEGI), cuestionario ampliado",Población total
2025,alcaldia,002,Azcapotzalco,autoads,Hombres,11350.27,192704.0,,0.005,muestra,"Encuesta Intercensal 2025 (INEGI), principales resultados por localidad de 50 000 y más habitantes",Población total
2025,alcaldia,002,Azcapotzalco,autoads,Mujeres,12184.85,220740.0,,0.0045,muestra,"Encuesta Intercensal 2025 (INEGI), principales resultados por localidad de 50 000 y más habitantes",Población total
2025,alcaldia,002,Azcapotzalco,autoads,Total,23524.96,413444.0,,0.0046,muestra,"Encuesta Intercensal 2025 (INEGI), principales resultados por localidad de 50 000 y más habitantes",Población total
2025,alcaldia,002,Azcapotzalco,hablantes3,Hombres,1249.6,189334.0,,0.0009,muestra,"Encuesta Intercensal 2025 (INEGI), principales resultados por localidad de 50 000 y más habitantes",Población de 3 años y más
2025,alcaldia,002,Azcapotzalco,hablantes3,Mujeres,1499.69,217346.0,,0.0009,muestra,"Encuesta Intercensal 2025 (INEGI), principales resultados por localidad de 50 000 y más habitantes",Población de 3 años y más
2025,alcaldia,002,Azcapotzalco,hablantes3,Total,2765.42,406680.0,,0.0008,muestra,"Encuesta Intercensal 2025 (INEGI), principales resultados por localidad de 50 000 y más habitantes",Población de 3 años y más
2025,alcaldia,002,Azcapotzalco,hogares,Total,5963.0,413444.0,,0.001333,muestra,"Encuesta Intercensal 2025 (INEGI), principales resultados por localidad de 50 000 y más habitantes",Población total
2025,alcaldia,002,Azcapotzalco,monolingues,Total,0.0,2765.42,,0.0,muestra,"Encuesta Intercensal 2025 (INEGI), principales resultados por localidad de 50 000 y más habitantes",Hablantes de lengua indígena de 3 años y más
2025,alcaldia,003,Coyoacán,autoads,Hombres,18937.58,274856.0,,0.0049,muestra,"Encuesta Intercensal 2025 (INEGI), principales resultados por localidad de 50 000 y más habitantes",Población total
2025,alcaldia,003,Coyoacán,autoads,Mujeres,21057.15,309664.0,,0.0051,muestra,"Encuesta Intercensal 2025 (INEGI), principales resultados por localidad de 50 000 y más habitantes",Población total
2025,alcaldia,003,Coyoacán,autoads,Total,39981.17,584520.0,,0.0048,muestra,"Encuesta Intercensal 2025 (INEGI), principales resultados por localidad de 50 000 y más habitantes",Población total
2025,alcaldia,003,Coyoacán,hablantes3,Hombres,4799.52,269636.0,,0.0026,muestra,"Encuesta Intercensal 2025 (INEGI), principales resultados por localidad de 50 000 y más habitantes",Población de 3 años y más
2025,alcaldia,003,Coyoacán,hablantes3,Mujeres,5911.76,304730.0,,0.0029,muestra,"Encuesta Intercensal 2025 (INEGI), principales resultados por localidad de 50 000 y más habitantes",Población de 3 años y más
2025,alcaldia,003,Coyoacán,hablantes3,Total,10683.21,574366.0,,0.0027,muestra,"Encuesta Intercensal 2025 (INEGI), principales resultados por localidad de 50 000 y más habitantes",Población de 3 años y más
2025,alcaldia,003,Coyoacán,hogares,Total,20040.0,584520.0,,0.0054,muestra,"Encuesta Intercensal 2025 (INEGI), principales resultados por localidad de 50 000 y más habitantes",Población total
2025,alcaldia,003,Coyoacán,monolingues,Total,72.65,10683.21,,0.0049,muestra,"Encuesta Intercensal 2025 (INEGI), principales resultados por localidad de 50 000 y más habitantes",Hablantes de lengua indígena de 3 años y más
2025,alcaldia,004,Cuajimalpa de Morelos,autoads,Hombres,4986.87,109843.0,,0.0096,muestra,"Encuesta Intercensal 2025 (INEGI), principales resultados por localidad de 50 000 y más habitantes",Población total
2025,alcaldia,004,Cuajimalpa de Morelos,autoads,Mujeres,5000.11,114419.0,,0.0081,muestra,"Encuesta Intercensal 2025 (INEGI), principales resultados por localidad de 50 000 y más habitantes",Población total
2025,alcaldia,004,Cuajimalpa de Morelos,autoads,Total,9979.66,224262.0,,0.0086,muestra,"Encuesta Intercensal 2025 (INEGI), principales resultados por localidad de 50 000 y más habitantes",Población total
2025,alcaldia,004,Cuajimalpa de Morelos,hablantes3,Hombres,585.9,106528.0,,0.0017,muestra,"Encuesta Intercensal 2025 (INEGI), principales resultados por localidad de 50 000 y más habitantes",Población de 3 años y más
2025,alcaldia,004,Cuajimalpa de Morelos,hablantes3,Mujeres,723.48,111305.0,,0.0013,muestra,"Encuesta Intercensal 2025 (INEGI), principales resultados por localidad de 50 000 y más habitantes",Población de 3 años y más
2025,alcaldia,004,Cuajimalpa de Morelos,hablantes3,Total,1307.0,217833.0,,0.0014,muestra,"Encuesta Intercensal 2025 (INEGI), principales resultados por localidad de 50 000 y más habitantes",Población de 3 años y más
2025,alcaldia,004,Cuajimalpa de Morelos,hogares,Total,3195.0,224262.0,,0.002119,muestra,"Encuesta Intercensal 2025 (INEGI), principales resultados por localidad de 50 000 y más habitantes",Población total
2025,alcaldia,004,Cuajimalpa de Morelos,monolingues,Total,1.05,1307.0,,0.0008,muestra,"Encuesta Intercensal 2025 (INEGI), principales resultados por localidad de 50 000 y más habitantes",Hablantes de lengua indígena de 3 años y más
2025,alcaldia,005,Gustavo A. Madero,autoads,Hombres,36601.37,563098.0,,0.0056,muestra,"Encuesta Intercensal 2025 (INEGI), principales resultados por localidad de 50 000 y más habitantes",Población total
2025,alcaldia,005,Gustavo A. Madero,autoads,Mujeres,42706.64,632691.0,,0.0058,muestra,"Encuesta Intercensal 2025 (INEGI), principales resultados por localidad de 50 000 y más habitantes",Población total
2025,alcaldia,005,Gustavo A. Madero,autoads,Total,79280.81,1195789.0,,0.0056,muestra,"Encuesta Intercensal 2025 (INEGI), principales resultados por localidad de 50 000 y más habitantes",Población total
2025,alcaldia,005,Gustavo A. Madero,hablantes3,Hombres,7548.82,551009.0,,0.0023,muestra,"Encuesta Intercensal 2025 (INEGI), principales resultados por localidad de 50 000 y más habitantes",Población de 3 años y más
2025,alcaldia,005,Gustavo A. Madero,hablantes3,Mujeres,9244.96,620467.0,,0.0024,muestra,"Encuesta Intercensal 2025 (INEGI), principales resultados por localidad de 50 000 y más habitantes",Población de 3 años y más
2025,alcaldia,005,Gustavo A. Madero,hablantes3,Total,16752.11,1171476.0,,0.0023,muestra,"Encuesta Intercensal 2025 (INEGI), principales resultados por localidad de 50 000 y más habitantes",Población de 3 años y más
2025,alcaldia,005,Gustavo A. Madero,hogares,Total,37456.0,1195789.0,,0.004613,muestra,"Encuesta Intercensal 2025 (INEGI), principales resultados por localidad de 50 000 y más habitantes",Población total
2025,alcaldia,005,Gustavo A. Madero,monolingues,Total,291.49,16752.11,,0.0073,muestra,"Encuesta Intercensal 2025 (INEGI), principales resultados por localidad de 50 000 y más habitantes",Hablantes de lengua indígena de 3 años y más
2025,alcaldia,006,Iztacalco,autoads,Hombres,10405.3,182870.0,,0.0047,muestra,"Encuesta Intercensal 2025 (INEGI), principales resultados por localidad de 50 000 y más habitantes",Población total
2025,alcaldia,006,Iztacalco,autoads,Mujeres,11245.2,206334.0,,0.0039,muestra,"Encuesta Intercensal 2025 (INEGI), principales resultados por localidad de 50 000 y más habitantes",Población total
2025,alcaldia,006,Iztacalco,autoads,Total,21639.74,389204.0,,0.0042,muestra,"Encuesta Intercensal 2025 (INEGI), principales resultados por localidad de 50 000 y más habitantes",Población total
2025,alcaldia,006,Iztacalco,hablantes3,Hombres,1627.74,178872.0,,0.0011,muestra,"Encuesta Intercensal 2025 (INEGI), principales resultados por localidad de 50 000 y más habitantes",Población de 3 años y más
2025,alcaldia,006,Iztacalco,hablantes3,Mujeres,1823.33,202592.0,,0.0016,muestra,"Encuesta Intercensal 2025 (INEGI), principales resultados por localidad de 50 000 y más habitantes",Población de 3 años y más
2025,alcaldia,006,Iztacalco,hablantes3,Total,3471.32,381464.0,,0.0013,muestra,"Encuesta Intercensal 2025 (INEGI), principales resultados por localidad de 50 000 y más habitantes",Población de 3 años y más
2025,alcaldia,006,Iztacalco,hogares,Total,7917.0,389204.0,,0.002371,muestra,"Encuesta Intercensal 2025 (INEGI), principales resultados por localidad de 50 000 y más habitantes",Población total
2025,alcaldia,006,Iztacalco,monolingues,Total,30.89,3471.32,,0.0063,muestra,"Encuesta Intercensal 2025 (INEGI), principales resultados por localidad de 50 000 y más habitantes",Hablantes de lengua indígena de 3 años y más
2025,alcaldia,007,Iztapalapa,autoads,Hombres,60077.14,898014.0,,0.005,muestra,"Encuesta Intercensal 2025 (INEGI), principales resultados por localidad de 50 000 y más habitantes",Población total
2025,alcaldia,007,Iztapalapa,autoads,Mujeres,63367.37,979403.0,,0.0048,muestra,"Encuesta Intercensal 2025 (INEGI), principales resultados por localidad de 50 000 y más habitantes",Población total
2025,alcaldia,007,Iztapalapa,autoads,Total,123346.3,1877417.0,,0.0048,muestra,"Encuesta Intercensal 2025 (INEGI), principales resultados por localidad de 50 000 y más habitantes",Población total
2025,alcaldia,007,Iztapalapa,hablantes3,Hombres,13540.35,873571.0,,0.0016,muestra,"Encuesta Intercensal 2025 (INEGI), principales resultados por localidad de 50 000 y más habitantes",Población de 3 años y más
2025,alcaldia,007,Iztapalapa,hablantes3,Mujeres,14377.0,958467.0,,0.0014,muestra,"Encuesta Intercensal 2025 (INEGI), principales resultados por localidad de 50 000 y más habitantes",Población de 3 años y más
2025,alcaldia,007,Iztapalapa,hablantes3,Total,27846.98,1832038.0,,0.0014,muestra,"Encuesta Intercensal 2025 (INEGI), principales resultados por localidad de 50 000 y más habitantes",Población de 3 años y más
2025,alcaldia,007,Iztapalapa,hogares,Total,64376.0,1877417.0,,0.003455,muestra,"Encuesta Intercensal 2025 (INEGI), principales resultados por localidad de 50 000 y más habitantes",Población total
2025,alcaldia,007,Iztapalapa,monolingues,Total,211.64,27846.98,,0.0037,muestra,"Encuesta Intercensal 2025 (INEGI), principales resultados por localidad de 50 000 y más habitantes",Hablantes de lengua indígena de 3 años y más
2025,alcaldia,008,La Magdalena Contreras,autoads,Hombres,7478.96,114708.0,,0.0085,muestra,"Encuesta Intercensal 2025 (INEGI), principales resultados por localidad de 50 000 y más habitantes",Población total
2025,alcaldia,008,La Magdalena Contreras,autoads,Mujeres,7854.96,128349.0,,0.0071,muestra,"Encuesta Intercensal 2025 (INEGI), principales resultados por localidad de 50 000 y más habitantes",Población total
2025,alcaldia,008,La Magdalena Contreras,autoads,Total,15336.9,243057.0,,0.0076,muestra,"Encuesta Intercensal 2025 (INEGI), principales resultados por localidad de 50 000 y más habitantes",Población total
2025,alcaldia,008,La Magdalena Contreras,hablantes3,Hombres,1281.71,112431.0,,0.0021,muestra,"Encuesta Intercensal 2025 (INEGI), principales resultados por localidad de 50 000 y más habitantes",Población de 3 años y más
2025,alcaldia,008,La Magdalena Contreras,hablantes3,Mujeres,1570.9,125672.0,,0.0016,muestra,"Encuesta Intercensal 2025 (INEGI), principales resultados por localidad de 50 000 y más habitantes",Población de 3 años y más
2025,alcaldia,008,La Magdalena Contreras,hablantes3,Total,2857.24,238103.0,,0.0016,muestra,"Encuesta Intercensal 2025 (INEGI), principales resultados por localidad de 50 000 y más habitantes",Población de 3 años y más
2025,alcaldia,008,La Magdalena Contreras,hogares,Total,6913.0,243057.0,,0.004375,muestra,"Encuesta Intercensal 2025 (INEGI), principales resultados por localidad de 50 000 y más habitantes",Población total
2025,alcaldia,008,La Magdalena Contreras,monolingues,Total,33.14,2857.24,,0.0058,muestra,"Encuesta Intercensal 2025 (INEGI), principales resultados por localidad de 50 000 y más habitantes",Hablantes de lengua indígena de 3 años y más
2025,alcaldia,009,Milpa Alta,autoads,Hombres,16307.31,74633.0,,0.0145,muestra,"Encuesta Intercensal 2025 (INEGI), principales resultados por localidad de 50 000 y más habitantes",Población total
2025,alcaldia,009,Milpa Alta,autoads,Mujeres,16476.56,79751.0,,0.0136,muestra,"Encuesta Intercensal 2025 (INEGI), principales resultados por localidad de 50 000 y más habitantes",Población total
2025,alcaldia,009,Milpa Alta,autoads,Total,32791.16,154384.0,,0.0139,muestra,"Encuesta Intercensal 2025 (INEGI), principales resultados por localidad de 50 000 y más habitantes",Población total
2025,alcaldia,009,Milpa Alta,hablantes3,Hombres,2564.45,72238.0,,0.0029,muestra,"Encuesta Intercensal 2025 (INEGI), principales resultados por localidad de 50 000 y más habitantes",Población de 3 años y más
2025,alcaldia,009,Milpa Alta,hablantes3,Mujeres,2330.65,77174.0,,0.0024,muestra,"Encuesta Intercensal 2025 (INEGI), principales resultados por localidad de 50 000 y más habitantes",Población de 3 años y más
2025,alcaldia,009,Milpa Alta,hablantes3,Total,4885.77,149412.0,,0.0024,muestra,"Encuesta Intercensal 2025 (INEGI), principales resultados por localidad de 50 000 y más habitantes",Población de 3 años y más
2025,alcaldia,009,Milpa Alta,hogares,Total,13237.0,154384.0,,0.006752,muestra,"Encuesta Intercensal 2025 (INEGI), principales resultados por localidad de 50 000 y más habitantes",Población total
2025,alcaldia,009,Milpa Alta,monolingues,Total,42.99,4885.77,,0.0036,muestra,"Encuesta Intercensal 2025 (INEGI), principales resultados por localidad de 50 000 y más habitantes",Hablantes de lengua indígena de 3 años y más
2025,alcaldia,010,Álvaro Obregón,autoads,Hombres,16265.4,334679.0,,0.0051,muestra,"Encuesta Intercensal 2025 (INEGI), principales resultados por localidad de 50 000 y más habitantes",Población total
2025,alcaldia,010,Álvaro Obregón,autoads,Mujeres,18442.3,375607.0,,0.0053,muestra,"Encuesta Intercensal 2025 (INEGI), principales resultados por localidad de 50 000 y más habitantes",Población total
2025,alcaldia,010,Álvaro Obregón,autoads,Total,34661.96,710286.0,,0.005,muestra,"Encuesta Intercensal 2025 (INEGI), principales resultados por localidad de 50 000 y más habitantes",Población total
2025,alcaldia,010,Álvaro Obregón,hablantes3,Hombres,2749.0,327262.0,,0.0014,muestra,"Encuesta Intercensal 2025 (INEGI), principales resultados por localidad de 50 000 y más habitantes",Población de 3 años y más
2025,alcaldia,010,Álvaro Obregón,hablantes3,Mujeres,3938.25,368061.0,,0.0015,muestra,"Encuesta Intercensal 2025 (INEGI), principales resultados por localidad de 50 000 y más habitantes",Población de 3 años y más
2025,alcaldia,010,Álvaro Obregón,hablantes3,Total,6675.1,695323.0,,0.0012,muestra,"Encuesta Intercensal 2025 (INEGI), principales resultados por localidad de 50 000 y más habitantes",Población de 3 años y más
2025,alcaldia,010,Álvaro Obregón,hogares,Total,15222.0,710286.0,,0.001805,muestra,"Encuesta Intercensal 2025 (INEGI), principales resultados por localidad de 50 000 y más habitantes",Población total
2025,alcaldia,010,Álvaro Obregón,monolingues,Total,32.04,6675.1,,0.0046,muestra,"Encuesta Intercensal 2025 (INEGI), principales resultados por localidad de 50 000 y más habitantes",Hablantes de lengua indígena de 3 años y más
2025,alcaldia,011,Tláhuac,autoads,Hombres,18576.19,197619.0,,0.0083,muestra,"Encuesta Intercensal 2025 (INEGI), principales resultados por localidad de 50 000 y más habitantes",Población total
2025,alcaldia,011,Tláhuac,autoads,Mujeres,20003.22,216251.0,,0.0086,muestra,"Encuesta Intercensal 2025 (INEGI), principales resultados por localidad de 50 000 y más habitantes",Población total
2025,alcaldia,011,Tláhuac,autoads,Total,38572.68,413870.0,,0.0082,muestra,"Encuesta Intercensal 2025 (INEGI), principales resultados por localidad de 50 000 y más habitantes",Población total
2025,alcaldia,011,Tláhuac,hablantes3,Hombres,2445.97,192596.0,,0.0015,muestra,"Encuesta Intercensal 2025 (INEGI), principales resultados por localidad de 50 000 y más habitantes",Población de 3 años y más
2025,alcaldia,011,Tláhuac,hablantes3,Mujeres,2754.89,210297.0,,0.0015,muestra,"Encuesta Intercensal 2025 (INEGI), principales resultados por localidad de 50 000 y más habitantes",Población de 3 años y más
2025,alcaldia,011,Tláhuac,hablantes3,Total,5197.32,402893.0,,0.0013,muestra,"Encuesta Intercensal 2025 (INEGI), principales resultados por localidad de 50 000 y más habitantes",Población de 3 años y más
2025,alcaldia,011,Tláhuac,hogares,Total,12880.0,413870.0,,0.002428,muestra,"Encuesta Intercensal 2025 (INEGI), principales resultados por localidad de 50 000 y más habitantes",Población total
2025,alcaldia,011,Tláhuac,monolingues,Total,74.84,5197.32,,0.0075,muestra,"Encuesta Intercensal 2025 (INEGI), principales resultados por localidad de 50 000 y más habitantes",Hablantes de lengua indígena de 3 años y más
2025,alcaldia,012,Tlalpan,autoads,Hombres,21558.62,335804.0,,0.0077,muestra,"Encuesta Intercensal 2025 (INEGI), principales resultados por localidad de 50 000 y más habitantes",Población total
2025,alcaldia,012,Tlalpan,autoads,Mujeres,22630.76,366787.0,,0.0074,muestra,"Encuesta Intercensal 2025 (INEGI), principales resultados por localidad de 50 000 y más habitantes",Población total
2025,alcaldia,012,Tlalpan,autoads,Total,44192.97,702591.0,,0.0074,muestra,"Encuesta Intercensal 2025 (INEGI), principales resultados por localidad de 50 000 y más habitantes",Población total
2025,alcaldia,012,Tlalpan,hablantes3,Hombres,4669.84,326562.0,,0.002,muestra,"Encuesta Intercensal 2025 (INEGI), principales resultados por localidad de 50 000 y más habitantes",Población de 3 años y más
2025,alcaldia,012,Tlalpan,hablantes3,Mujeres,5874.16,360378.0,,0.0019,muestra,"Encuesta Intercensal 2025 (INEGI), principales resultados por localidad de 50 000 y más habitantes",Población de 3 años y más
2025,alcaldia,012,Tlalpan,hablantes3,Total,10510.18,686940.0,,0.0018,muestra,"Encuesta Intercensal 2025 (INEGI), principales resultados por localidad de 50 000 y más habitantes",Población de 3 años y más
2025,alcaldia,012,Tlalpan,hogares,Total,26916.0,702591.0,,0.003455,muestra,"Encuesta Intercensal 2025 (INEGI), principales resultados por localidad de 50 000 y más habitantes",Población total
2025,alcaldia,012,Tlalpan,monolingues,Total,103.0,10510.18,,0.0064,muestra,"Encuesta Intercensal 2025 (INEGI), principales resultados por localidad de 50 000 y más habitantes",Hablantes de lengua indígena de 3 años y más
2025,alcaldia,013,Xochimilco,autoads,Hombres,23345.57,215365.0,,0.009,muestra,"Encuesta Intercensal 2025 (INEGI), principales resultados por localidad de 50 000 y más habitantes",Población total
2025,alcaldia,013,Xochimilco,autoads,Mujeres,24293.59,230271.0,,0.0092,muestra,"Encuesta Intercensal 2025 (INEGI), principales resultados por localidad de 50 000 y más habitantes",Población total
2025,alcaldia,013,Xochimilco,autoads,Total,47638.49,445636.0,,0.009,muestra,"Encuesta Intercensal 2025 (INEGI), principales resultados por localidad de 50 000 y más habitantes",Población total
2025,alcaldia,013,Xochimilco,hablantes3,Hombres,5055.96,209791.0,,0.0027,muestra,"Encuesta Intercensal 2025 (INEGI), principales resultados por localidad de 50 000 y más habitantes",Población de 3 años y más
2025,alcaldia,013,Xochimilco,hablantes3,Mujeres,5610.02,225302.0,,0.0023,muestra,"Encuesta Intercensal 2025 (INEGI), principales resultados por localidad de 50 000 y más habitantes",Población de 3 años y más
2025,alcaldia,013,Xochimilco,hablantes3,Total,10659.78,435093.0,,0.0024,muestra,"Encuesta Intercensal 2025 (INEGI), principales resultados por localidad de 50 000 y más habitantes",Población de 3 años y más
2025,alcaldia,013,Xochimilco,hogares,Total,27284.0,445636.0,,0.006113,muestra,"Encuesta Intercensal 2025 (INEGI), principales resultados por localidad de 50 000 y más habitantes",Población total
2025,alcaldia,013,Xochimilco,monolingues,Total,58.63,10659.78,,0.0032,muestra,"Encuesta Intercensal 2025 (INEGI), principales resultados por localidad de 50 000 y más habitantes",Hablantes de lengua indígena de 3 años y más
2025,alcaldia,014,Benito Juárez,autoads,Hombres,8282.67,190845.0,,0.0033,muestra,"Encuesta Intercensal 2025 (INEGI), principales resultados por localidad de 50 000 y más habitantes",Población total
2025,alcaldia,014,Benito Juárez,autoads,Mujeres,10059.07,220111.0,,0.0037,muestra,"Encuesta Intercensal 2025 (INEGI), principales resultados por localidad de 50 000 y más habitantes",Población total
2025,alcaldia,014,Benito Juárez,autoads,Total,18369.73,410956.0,,0.0033,muestra,"Encuesta Intercensal 2025 (INEGI), principales resultados por localidad de 50 000 y más habitantes",Población total
2025,alcaldia,014,Benito Juárez,hablantes3,Hombres,1522.78,187997.0,,0.0011,muestra,"Encuesta Intercensal 2025 (INEGI), principales resultados por localidad de 50 000 y más habitantes",Población de 3 años y más
2025,alcaldia,014,Benito Juárez,hablantes3,Mujeres,1757.58,216985.0,,0.001,muestra,"Encuesta Intercensal 2025 (INEGI), principales resultados por localidad de 50 000 y más habitantes",Población de 3 años y más
2025,alcaldia,014,Benito Juárez,hablantes3,Total,3280.35,404982.0,,0.0008,muestra,"Encuesta Intercensal 2025 (INEGI), principales resultados por localidad de 50 000 y más habitantes",Población de 3 años y más
2025,alcaldia,014,Benito Juárez,hogares,Total,4917.0,410956.0,,0.001186,muestra,"Encuesta Intercensal 2025 (INEGI), principales resultados por localidad de 50 000 y más habitantes",Población total
2025,alcaldia,014,Benito Juárez,monolingues,Total,19.03,3280.35,,0.0058,muestra,"Encuesta Intercensal 2025 (INEGI), principales resultados por localidad de 50 000 y más habitantes",Hablantes de lengua indígena de 3 años y más
2025,alcaldia,015,Cuauhtémoc,autoads,Hombres,17323.98,241281.0,,0.0099,muestra,"Encuesta Intercensal 2025 (INEGI), principales resultados por localidad de 50 000 y más habitantes",Población total
2025,alcaldia,015,Cuauhtémoc,autoads,Mujeres,19879.57,264356.0,,0.0095,muestra,"Encuesta Intercensal 2025 (INEGI), principales resultados por localidad de 50 000 y más habitantes",Población total
2025,alcaldia,015,Cuauhtémoc,autoads,Total,37164.32,505637.0,,0.0096,muestra,"Encuesta Intercensal 2025 (INEGI), principales resultados por localidad de 50 000 y más habitantes",Población total
2025,alcaldia,015,Cuauhtémoc,hablantes3,Hombres,4309.38,236779.0,,0.0051,muestra,"Encuesta Intercensal 2025 (INEGI), principales resultados por localidad de 50 000 y más habitantes",Población de 3 años y más
2025,alcaldia,015,Cuauhtémoc,hablantes3,Mujeres,5032.34,259399.0,,0.0059,muestra,"Encuesta Intercensal 2025 (INEGI), principales resultados por localidad de 50 000 y más habitantes",Población de 3 años y más
2025,alcaldia,015,Cuauhtémoc,hablantes3,Total,9328.15,496178.0,,0.0055,muestra,"Encuesta Intercensal 2025 (INEGI), principales resultados por localidad de 50 000 y más habitantes",Población de 3 años y más
2025,alcaldia,015,Cuauhtémoc,hogares,Total,16908.0,505637.0,,0.008051,muestra,"Encuesta Intercensal 2025 (INEGI), principales resultados por localidad de 50 000 y más habitantes",Población total
2025,alcaldia,015,Cuauhtémoc,monolingues,Total,138.99,9328.15,,0.0061,muestra,"Encuesta Intercensal 2025 (INEGI), principales resultados por localidad de 50 000 y más habitantes",Hablantes de lengua indígena de 3 años y más
2025,alcaldia,016,Miguel Hidalgo,autoads,Hombres,12099.51,210061.0,,0.0064,muestra,"Encuesta Intercensal 2025 (INEGI), principales resultados por localidad de 50 000 y más habitantes",Población total
2025,alcaldia,016,Miguel Hidalgo,autoads,Mujeres,14958.88,239342.0,,0.006,muestra,"Encuesta Intercensal 2025 (INEGI), principales resultados por localidad de 50 000 y más habitantes",Población total
2025,alcaldia,016,Miguel Hidalgo,autoads,Total,27054.06,449403.0,,0.0059,muestra,"Encuesta Intercensal 2025 (INEGI), principales resultados por localidad de 50 000 y más habitantes",Población total
2025,alcaldia,016,Miguel Hidalgo,hablantes3,Hombres,2094.38,205331.0,,0.0027,muestra,"Encuesta Intercensal 2025 (INEGI), principales resultados por localidad de 50 000 y más habitantes",Población de 3 años y más
2025,alcaldia,016,Miguel Hidalgo,hablantes3,Mujeres,2296.83,234370.0,,0.0028,muestra,"Encuesta Intercensal 2025 (INEGI), principales resultados por localidad de 50 000 y más habitantes",Población de 3 años y más
2025,alcaldia,016,Miguel Hidalgo,hablantes3,Total,4397.01,439701.0,,0.0026,muestra,"Encuesta Intercensal 2025 (INEGI), principales resultados por localidad de 50 000 y más habitantes",Población de 3 años y más
2025,alcaldia,016,Miguel Hidalgo,hogares,Total,9339.0,449403.0,,0.001589,muestra,"Encuesta Intercensal 2025 (INEGI), principales resultados por localidad de 50 000 y más habitantes",Población total
2025,alcaldia,016,Miguel Hidalgo,monolingues,Total,36.06,4397.01,,0.0057,muestra,"Encuesta Intercensal 2025 (INEGI), principales resultados por localidad de 50 000 y más habitantes",Hablantes de lengua indígena de 3 años y más
2025,alcaldia,017,Venustiano Carranza,autoads,Hombres,12256.16,209507.0,,0.0047,muestra,"Encuesta Intercensal 2025 (INEGI), principales resultados por localidad de 50 000 y más habitantes",Población total
2025,alcaldia,017,Venustiano Carranza,autoads,Mujeres,13608.89,235856.0,,0.0049,muestra,"Encuesta Intercensal 2025 (INEGI), principales resultados por localidad de 50 000 y más habitantes",Población total
2025,alcaldia,017,Venustiano Carranza,autoads,Total,25875.59,445363.0,,0.0046,muestra,"Encuesta Intercensal 2025 (INEGI), principales resultados por localidad de 50 000 y más habitantes",Población total
2025,alcaldia,017,Venustiano Carranza,hablantes3,Hombres,2556.74,204539.0,,0.0015,muestra,"Encuesta Intercensal 2025 (INEGI), principales resultados por localidad de 50 000 y más habitantes",Población de 3 años y más
2025,alcaldia,017,Venustiano Carranza,hablantes3,Mujeres,2493.67,230895.0,,0.0014,muestra,"Encuesta Intercensal 2025 (INEGI), principales resultados por localidad de 50 000 y más habitantes",Población de 3 años y más
2025,alcaldia,017,Venustiano Carranza,hablantes3,Total,5051.03,435434.0,,0.0013,muestra,"Encuesta Intercensal 2025 (INEGI), principales resultados por localidad de 50 000 y más habitantes",Población de 3 años y más
2025,alcaldia,017,Venustiano Carranza,hogares,Total,10403.0,445363.0,,0.00219,muestra,"Encuesta Intercensal 2025 (INEGI), principales resultados por localidad de 50 000 y más habitantes",Población total
2025,alcaldia,017,Venustiano Carranza,monolingues,Total,43.94,5051.03,,0.0061,muestra,"Encuesta Intercensal 2025 (INEGI), principales resultados por localidad de 50 000 y más habitantes",Hablantes de lengua indígena de 3 años y más
2025,entidad,09,Ciudad de México,autoads,Hombres,295954.9,4345887.0,,0.0018,muestra,"Encuesta Intercensal 2025 (INEGI), principales resultados por localidad de 50 000 y más habitantes",Población total
2025,entidad,09,Ciudad de México,autoads,Mujeres,323899.43,4819932.0,,0.0018,muestra,"Encuesta Intercensal 2025 (INEGI), principales resultados por localidad de 50 000 y más habitantes",Población total
2025,entidad,09,Ciudad de México,autoads,Total,619609.36,9165819.0,,0.0018,muestra,"Encuesta Intercensal 2025 (INEGI), principales resultados por localidad de 50 000 y más habitantes",Población total
2025,entidad,09,Ciudad de México,hablantes3,Hombres,58573.77,4244476.0,,0.0006,muestra,"Encuesta Intercensal 2025 (INEGI), principales resultados por localidad de 50 000 y más habitantes",Población de 3 años y más
2025,entidad,09,Ciudad de México,hablantes3,Mujeres,67072.85,4723440.0,,0.0006,muestra,"Encuesta Intercensal 2025 (INEGI), principales resultados por localidad de 50 000 y más habitantes",Población de 3 años y más
2025,entidad,09,Ciudad de México,hablantes3,Total,125550.82,8967916.0,,0.0006,muestra,"Encuesta Intercensal 2025 (INEGI), principales resultados por localidad de 50 000 y más habitantes",Población de 3 años y más
2025,entidad,09,Ciudad de México,hogares,Total,282966.0,9165819.0,,0.001197,muestra,"Encuesta Intercensal 2025 (INEGI), principales resultados por localidad de 50 000 y más habitantes",Población total
2025,entidad,09,Ciudad de México,monolingues,Total,1192.73,125550.82,,0.0017,muestra,"Encuesta Intercensal 2025 (INEGI), principales resultados por localidad de 50 000 y más habitantes",Hablantes de lengua indígena de 3 años y más
